DataHora,NivelConsistencia,Vazao01,Vazao02,Vazao03,Vazao04,Vazao05,Vazao06,Vazao07,Vazao08,Vazao09,Vazao10,Vazao11,Vazao12,Vazao13,Vazao14,Vazao15,Vazao16,Vazao17,Vazao18,Vazao19,Vazao20,Vazao21,Vazao22,Vazao23,Vazao24,Vazao25,Vazao26,Vazao27,Vazao28,Vazao29,Vazao30,Vazao31
2023-04-01 00:00:00,2,5.4694,4.955,4.2879,4.955,5.8188,5.8188,9.1675,12.2006,10.3567,8.7787,8.3938,8.2029,9.9566,12.4097,13.2542,10.9635,10.5581,8.9726,7.8241,7.4495,6.7133,6.5321,6.352,6.352,6.352,5.9953,6.352,6.173,5.8188,5.6435,
2023-03-01 00:00:00,2,9.5602,9.5602,10.1562,9.7579,9.1675,12.2006,14.9806,13.2542,14.3275,10.9635,10.1562,9.9566,9.9566,9.5602,9.5602,8.9726,8.2029,7.8241,7.2638,7.2638,8.9726,8.5858,10.9635,10.3567,8.9726,6.5321,6.173,6.173,5.9953,5.8188,5.8188
2023-02-01 00:00:00,2,18.7427,14.5444,16.5301,12.2006,11.1676,10.9635,21.9027,15.8617,36.0967,11.1676,24.1,16.5301,11.1676,11.1676,11.1676,24.1,19.7775,20.831,22.9925,16.5301,15.4197,14.1113,13.4673,12.6196,13.2542,12.8303,10.9635,10.3567,,,
2023-01-01 00:00:00,2,10.1562,12.2006,11.1676,13.2542,16.5301,34.8249,61.4601,61.4601,55.4386,46.8087,10.1562,27.5264,31.1033,32.328,11.1676,9.1675,7.2638,7.2638,7.2638,16.5301,27.9947,14.3275,10.1562,11.1676,11.3725,10.7603,9.1675,15.4197,14.3275,13.8959,19.7775
2022-12-01 00:00:00,2,14.3275,8.9726,6.5321,9.3634,8.5858,11.1676,20.831,9.3634,6.7133,10.9635,6.5321,6.7133,10.1562,14.3275,10.5581,9.9566,12.8303,11.1676,12.2006,10.1562,17.6579,10.9635,10.3567,17.6579,7.8241,20.6188,27.7602,19.7775,12.2006,10.9635,9.1675
2022-11-01 00:00:00,2,10.1562,7.2638,4.6187,4.4526,3.644,2.5797,2.5797,4.1247,5.1251,5.6435,3.4869,3.3314,3.1776,3.1776,7.6363,6.352,5.6435,5.2966,4.2879,2.875,2.875,2.7264,2.5797,2.875,2.875,3.4869,3.1776,3.1776,5.9953,9.3634,
2022-10-01 00:00:00,2,6.173,6.352,4.5626,3.2128,2.9885,2.9885,5.6435,3.1776,2.875,2.5797,2.5797,2.292,2.292,2.292,2.292,2.292,2.292,2.292,2.292,2.4348,2.292,2.292,2.292,2.292,2.292,2.0123,2.0123,2.292,2.292,2.5797,3.3314
2022-09-01 00:00:00,2,2.9885,2.9885,2.9885,2.9885,2.9885,2.9885,2.9885,2.9885,2.9885,2.9885,2.9885,2.9885,2.9885,2.9885,2.9885,2.9885,2.9885,2.9885,2.9885,2.9885,2.9885,3.0998,2.9885,2.9885,2.9885,2.9885,3.2128,4.0493,3.3274,3.0998,
2022-08-01 00:00:00,2,3.2128,3.2128,3.2128,3.2128,3.2128,3.2128,3.2128,3.2128,3.2128,3.4436,3.2128,3.2128,3.2128,3.2128,3.2128,3.2128,3.2128,3.2128,3.2128,3.2128,3.2128,3.2128,3.2128,3.2128,3.2128,3.2128,3.2128,3.0998,3.0998,2.9885,2.9885
2022-07-01 00:00:00,2,3.8022,3.6811,3.6811,3.6811,3.6811,3.6811,3.6811,3.6811,3.6811,3.6811,3.6811,3.6811,3.6811,3.6811,3.6811,3.5615,3.5615,3.4436,3.4436,3.4436,3.4436,3.4436,3.4436,3.3274,3.3274,3.3274,3.3274,3.3274,3.3274,3.2128,3.2128
2022-06-01 00:00:00,2,4.3028,4.1753,4.1753,4.1753,4.1753,4.1753,4.1753,4.1753,4.1753,4.3028,4.1753,4.1753,4.1753,4.1753,4.1753,4.0493,3.925,3.925,3.925,3.925,3.925,3.925,3.925,3.925,3.925,3.8022,3.8022,3.925,3.925,3.925,
2022-05-01 00:00:00,2,4.964,4.964,4.8287,4.6949,4.6949,4.6949,4.6949,4.6949,4.6949,4.6949,4.6949,4.6949,4.432,4.432,6.7133,8.2029,6.352,5.5207,4.6949,4.5626,4.432,4.432,4.432,4.432,4.432,4.432,4.432,4.432,4.432,4.3028,4.3028
2022-04-01 00:00:00,2,6.8957,8.2029,7.2638,6.5321,6.352,6.173,5.9953,5.8188,8.5858,7.0792,6.352,6.173,11.1676,10.3567,8.9726,7.0792,6.352,5.9953,5.8188,5.8188,5.6636,5.5207,5.3792,5.2393,5.2393,5.2393,5.2393,4.964,4.964,4.964,
2022-03-01 00:00:00,2,9.1675,8.7787,8.3938,8.3938,8.2029,8.013,7.8241,7.6363,7.6363,7.2638,7.2638,7.0792,7.2638,8.3938,10.1562,8.5858,8.013,8.013,7.6363,7.2638,6.5321,6.5321,6.352,6.352,6.173,8.3938,8.7787,7.4495,9.5602,7.2638,6.7133
2022-02-01 00:00:00,2,15.1998,16.7543,21.6869,12.8303,10.7603,11.1676,28.7022,30.135,30.3761,17.8856,17.431,20.6188,20.1967,18.538,16.9792,14.5444,13.4673,38.6861,15.1998,14.3275,13.2542,13.0419,13.2542,12.6196,11.5782,10.9635,10.1562,9.7579,,,
2022-01-01 00:00:00,2,29.4157,24.3237,25.9083,45.4189,29.8946,44.867,39.4747,29.8946,46.8087,29.6548,22.5545,19.9867,17.431,16.5301,14.3275,11.9923,11.7848,10.5581,10.3567,10.3567,10.1562,8.9726,8.7787,8.7787,9.1675,9.3634,8.9726,8.2029,7.6363,8.7787,33.0705
2021-12-01 00:00:00,2,11.3725,5.6636,5.3792,4.964,6.8957,20.831,9.3634,5.9953,5.5207,4.964,5.1009,9.3634,10.1562,7.8241,40.0033,11.3725,17.8856,12.4097,8.9726,8.013,7.0792,6.5321,5.9953,5.6636,5.1009,4.964,6.352,5.6636,5.2393,5.9953,26.1374
2021-11-01 00:00:00,2,7.4495,8.7787,5.3792,4.3028,4.0493,3.6811,3.4436,3.4436,3.2128,3.4436,55.4386,12.2006,6.7133,5.9953,5.1009,4.5626,4.3028,4.0493,6.352,8.5858,6.7133,6.352,5.8188,4.6949,4.6949,4.8287,21.9027,7.8241,7.0792,5.1009,
2021-10-01 00:00:00,2,1.7876,1.9701,2.771,2.771,4.0493,2.6648,8.013,3.4436,4.8287,7.4495,7.0792,7.0792,4.0493,3.3274,4.8287,4.1753,4.5626,10.9635,9.5602,8.2029,4.8287,4.0493,3.2128,3.0998,2.9885,28.4657,7.0792,5.6636,5.2393,4.5626,4.964
2021-09-01 00:00:00,2,1.9701,1.9701,1.9701,1.9701,1.9701,1.9701,1.9701,1.9701,1.9701,1.9701,1.9701,1.9701,1.9701,1.9701,1.9701,1.9701,1.8779,1.7876,1.7876,1.7876,1.7876,1.7876,1.7876,1.6992,1.6992,1.9701,1.7876,1.7876,1.7876,1.7876,
2021-08-01 00:00:00,2,2.1597,2.1597,2.1597,2.1597,2.1597,2.1597,2.1597,2.1597,2.1597,2.1597,2.1597,2.1597,2.1597,2.1597,2.1597,2.1597,2.1597,2.1597,2.064,2.064,1.9701,1.9701,1.9701,1.9701,1.9701,1.9701,1.9701,1.9701,1.9701,1.9701,1.9701
2021-07-01 00:00:00,2,2.3565,2.3565,2.3565,2.3565,2.3565,2.3565,2.3565,2.3565,2.3565,2.3565,2.3565,2.3565,2.3565,2.3565,2.3565,2.1597,2.1597,2.1597,2.1597,2.1597,2.1597,2.3565,2.3565,2.3565,2.2572,2.1597,2.1597,2.1597,2.1597,2.1597,2.1597
2021-06-01 00:00:00,2,3.4436,3.0998,2.9885,2.9885,2.9885,2.771,2.771,2.771,2.771,2.771,2.9885,2.8789,2.771,2.771,2.771,2.771,2.771,2.771,2.771,2.771,2.771,2.771,2.5603,2.5603,2.5603,2.5603,2.3565,2.3565,2.3565,2.3565,
2021-05-01 00:00:00,2,2.9885,2.9885,2.9885,2.9885,2.9885,2.9885,2.9885,2.9885,2.9885,2.9885,2.9885,2.9885,2.9885,2.9885,2.9885,2.9885,2.9885,2.9885,2.9885,2.9885,2.771,2.771,2.771,2.771,2.771,2.771,2.771,2.771,2.771,2.771,3.0998
2021-04-01 00:00:00,2,4.5626,4.3028,4.1753,4.1753,4.1753,4.1753,4.1753,4.0493,3.925,3.925,3.925,3.8022,3.6811,3.6811,3.6811,3.6811,3.5615,3.5615,3.925,3.6811,3.5615,3.4436,3.4436,3.4436,3.3274,3.2128,3.2128,3.2128,3.2128,3.0998,
2021-03-01 00:00:00,2,9.3634,8.5858,7.0792,6.352,6.352,6.7133,9.3634,11.1676,10.9635,9.5602,10.7603,7.6363,7.8241,8.2029,7.2638,5.9953,5.6636,5.8188,6.173,5.8188,5.5207,5.5207,5.2393,4.964,4.6949,4.432,4.432,4.432,5.5207,5.2393,5.6636
2021-02-01 00:00:00,2,4.7861,5.8188,5.4694,5.1251,5.4694,6.352,7.2638,5.9953,7.8241,6.5321,5.2966,8.013,6.7133,6.7133,7.4495,5.9953,5.2966,7.6363,8.2029,7.2638,6.173,5.6435,5.1251,5.1251,4.955,10.5581,41.6036,17.8856,,,
2021-01-01 00:00:00,2,8.9726,12.4097,11.1676,11.5782,10.9635,10.7603,8.013,8.3938,8.2029,15.1998,10.7603,7.8241,16.0838,33.5686,12.2006,10.9635,17.8856,10.7603,8.2029,7.4495,6.7133,6.5321,6.5321,6.173,5.9953,5.8188,5.6435,5.1251,4.7861,4.7861,4.7861
2020-12-01 00:00:00,2,5.9953,27.5264,7.4495,7.0792,6.352,4.955,21.9027,26.5977,9.7579,16.5301,10.1562,7.2638,8.2029,7.4495,6.173,5.6435,5.2966,5.1251,7.8241,6.352,5.6435,5.2966,5.1251,5.9953,11.7848,25.9083,10.1562,7.8241,13.2542,7.4495,6.7133
2020-11-01 00:00:00,2,3.644,3.4869,3.4869,4.1247,3.8027,3.644,3.4869,3.4869,3.8027,3.8027,4.4526,4.1247,8.3938,29.8946,6.7133,4.955,5.6435,5.9953,5.8188,5.2966,4.2879,3.644,3.8027,5.9953,4.4526,3.4869,3.4869,3.1776,3.0254,2.875,
2020-10-01 00:00:00,2,3.1776,3.1776,3.0254,2.875,2.875,2.875,2.875,2.875,2.875,2.875,2.875,3.644,3.0254,3.0254,4.4526,3.3314,3.9629,3.3314,3.4869,3.4869,4.6187,3.9629,3.4869,3.644,3.8027,6.8957,4.4526,3.644,3.4869,3.4869,4.4526
2020-09-01 00:00:00,2,3.4869,3.4869,3.4869,3.4869,3.4869,3.4869,3.4869,3.4869,3.4869,3.4869,3.4869,3.1776,3.1776,3.1776,3.1776,3.1776,3.1776,3.1776,3.1776,3.1776,3.1776,3.4869,3.4869,3.4869,3.4869,3.4869,3.3314,3.1776,3.1776,3.1776,
2020-08-01 00:00:00,2,4.1247,4.1247,4.1247,4.1247,4.1247,4.1247,4.1247,4.1247,4.1247,4.1247,4.1247,3.9629,3.8027,3.8027,3.8027,3.8027,3.8027,3.8027,3.8027,3.8027,3.8027,4.1247,4.1247,4.1247,4.1247,3.8027,3.8027,3.8027,3.8027,3.8027,3.8027
2020-07-01 00:00:00,2,4.7861,4.7861,4.7861,4.7861,4.7861,4.6187,4.4526,4.4526,4.4526,4.4526,4.4526,4.4526,4.4526,4.4526,4.4526,4.4526,4.4526,4.4526,4.2879,4.1247,4.1247,4.1247,4.1247,4.1247,4.1247,4.1247,4.1247,4.1247,4.1247,4.1247,4.1247
2020-06-01 00:00:00,2,5.4694,5.4694,5.4694,5.2966,5.1251,5.1251,5.1251,5.1251,5.1251,5.1251,5.1251,5.1251,5.1251,5.1251,5.1251,5.1251,5.1251,5.1251,4.955,4.7861,4.7861,4.7861,4.7861,4.7861,4.7861,4.7861,4.7861,4.7861,4.7861,4.7861,
2020-05-01 00:00:00,2,6.5321,6.5321,6.5321,6.5321,6.173,6.173,6.173,6.173,6.173,5.9953,5.8188,5.8188,5.8188,5.8188,5.8188,5.8188,5.8188,5.8188,5.6435,5.4694,5.4694,5.4694,5.4694,5.4694,7.0792,6.173,5.4694,5.4694,5.4694,5.4694,5.4694
2020-04-01 00:00:00,2,19.5691,10.9635,10.5581,8.3938,7.6363,7.4495,7.4495,10.7603,9.7579,9.3634,8.9726,8.3938,8.3938,8.2029,8.5858,8.2029,8.013,7.6363,7.6363,7.6363,7.6363,7.4495,8.2029,7.8241,7.4495,7.2638,6.8957,6.7133,6.5321,6.5321,
2020-03-01 00:00:00,2,46.8087,62.9979,30.135,27.7602,24.9986,21.6869,19.9867,26.3672,18.1138,16.3066,15.6404,14.7622,13.8959,13.4673,13.0419,12.6196,11.9923,12.6196,15.1998,14.7622,14.9806,13.4673,13.0419,11.5782,10.9635,10.5581,9.9566,10.5581,10.1562,10.1562,10.7603
2020-02-01 00:00:00,2,12.6196,19.9867,15.1998,14.1113,16.5301,27.5264,29.1772,21.0439,18.9482,17.431,20.831,26.1374,26.8288,19.5691,16.0838,19.3613,34.8249,41.0678,20.6188,20.1967,26.1374,16.7543,17.8856,29.4157,25.225,40.8008,29.1772,46.5296,70.877,,
2020-01-01 00:00:00,2,5.1251,5.2966,18.334,51.35,13.4673,11.9923,9.1675,11.1676,9.5602,8.7787,7.6363,9.5602,8.3938,8.5858,8.7787,10.5581,7.6363,8.013,14.7622,13.8959,11.5782,13.2542,12.2006,56.9242,23.6549,14.7622,12.2006,11.3725,32.328,13.2542,13.2542
2019-12-01 00:00:00,2,14.9806,8.7787,10.1562,10.1562,7.8241,6.7133,5.9953,5.4694,5.9953,10.7603,18.1138,14.7622,9.9566,13.0419,8.9726,7.0792,6.5321,5.9953,6.7133,6.173,8.5858,6.5321,7.8241,14.1113,9.3634,5.2966,6.173,5.9953,5.6435,5.2966,5.1251
2019-11-01 00:00:00,2,3.3314,3.9629,3.644,3.0254,2.7264,2.5797,5.1251,12.4097,6.173,6.7133,4.1247,4.2879,3.644,3.1776,3.1776,3.0254,3.0254,5.1251,8.2029,5.4694,5.4694,4.955,5.4694,23.6549,8.5858,5.8188,4.4526,14.7622,16.3066,8.5858,
2019-10-01 00:00:00,2,2.1511,2.0123,2.0123,2.0123,2.0123,2.0123,2.292,3.644,3.0254,3.1776,3.4869,3.0254,2.4348,2.0123,2.0123,2.0123,2.0123,2.0123,2.0123,2.1511,2.0123,5.2966,2.875,3.9629,3.3314,3.1776,3.9629,3.0254,2.875,3.9629,3.3314
2019-09-01 00:00:00,2,2.292,2.292,2.292,2.292,2.292,2.292,2.292,2.292,2.292,2.292,2.1511,2.0123,2.0123,2.0123,2.0123,1.7414,1.7414,1.7414,1.7414,1.7414,1.7414,1.7414,1.7414,1.7414,2.4348,4.4526,5.6435,3.3314,2.4348,2.292,
2019-08-01 00:00:00,2,2.7264,2.5797,2.5797,2.5797,2.875,2.875,2.875,2.7264,2.7264,2.5797,2.5797,2.5797,2.5797,2.5797,2.5797,2.5797,2.5797,2.5797,2.5797,2.5797,2.5797,2.5797,2.5797,2.5797,2.5797,2.5797,2.4348,2.4348,2.292,2.292,2.292
2019-07-01 00:00:00,2,3.1776,3.1776,3.1776,3.1776,3.1776,3.1776,3.1776,3.0254,3.0254,3.0254,3.0254,2.875,2.875,2.875,2.875,2.875,2.875,2.875,2.875,2.875,2.875,2.875,2.875,2.875,2.875,2.7264,2.7264,2.7264,2.7264,2.7264,2.875
2019-06-01 00:00:00,2,4.1247,4.1247,4.1247,4.1247,3.9629,3.8027,3.8027,3.8027,3.8027,3.8027,3.8027,3.8027,3.8027,3.8027,3.644,3.644,3.644,3.644,3.4869,3.4869,3.4869,3.4869,3.4869,3.4869,3.4869,3.4869,3.4869,3.3314,3.3314,3.1776,
2019-05-01 00:00:00,2,5.6435,5.4694,5.4694,7.6363,6.7133,5.9953,5.6435,5.2966,5.1251,5.1251,5.1251,5.1251,5.1251,5.1251,7.0792,5.6435,5.4694,7.0792,6.7133,5.9953,5.4694,4.955,4.7861,4.7861,4.7861,4.6187,4.4526,4.4526,4.2879,4.1247,4.1247
2019-04-01 00:00:00,2,6.7133,6.5321,6.352,6.173,7.0792,6.352,6.173,6.7133,11.3725,7.6363,6.7133,6.5321,6.5321,8.2029,9.3634,13.6812,12.2006,8.7787,7.2638,6.7133,6.5321,6.173,6.352,8.7787,8.3938,7.8241,7.4495,7.2638,7.0792,5.9953,
2019-03-01 00:00:00,2,18.538,24.548,16.0838,17.431,16.9792,14.3275,10.7603,10.1562,9.3634,8.9726,8.5858,8.2029,8.9726,7.8241,8.7787,11.1676,11.1676,11.7848,11.3725,8.7787,10.3567,20.6188,16.0838,13.2542,9.7579,8.5858,8.013,7.4495,7.2638,7.2638,7.0792
2019-02-01 00:00:00,2,3.4869,3.4869,3.4869,5.9953,4.4526,3.9629,6.8957,5.8188,4.4526,4.1247,4.1247,4.1247,4.6187,4.4526,4.6187,9.1675,32.0818,11.7848,15.8617,10.5581,26.5977,12.2006,9.5602,8.3938,8.5858,8.013,14.5444,28.7022,,,
2019-01-01 00:00:00,2,10.5581,16.0838,10.1562,8.9726,8.2029,8.9726,8.3938,6.7133,5.8188,5.2966,5.1251,4.955,5.1251,5.1251,5.1251,4.955,4.955,4.4526,4.7861,4.7861,4.955,4.7861,4.4526,4.1247,3.9629,4.4526,4.4526,3.9629,3.8027,3.8027,3.644
2018-12-01 00:00:00,2,8.9726,12.2006,13.8959,10.1562,7.8241,7.6363,8.5858,10.3567,7.8241,7.0792,6.352,5.9953,5.6435,6.352,5.6435,5.2966,4.955,4.7861,4.7861,4.955,5.1251,5.9953,7.8241,5.9953,5.9953,7.2638,8.2029,11.1676,7.2638,12.4097,10.5581
2018-11-01 00:00:00,2,2.7264,3.3314,3.1776,3.1776,4.7861,6.173,4.6187,44.0433,33.5686,21.6869,11.7848,9.5602,6.352,5.6435,6.7133,7.4495,5.6435,5.4694,14.7622,39.4747,29.8946,28.4657,20.831,44.5918,25.225,22.9925,17.6579,10.7603,8.9726,8.2029,
2018-10-01 00:00:00,2,4.6187,3.4869,3.0254,2.875,2.875,2.875,8.2029,4.955,3.644,3.3314,3.1776,3.1776,3.1776,3.0254,2.875,2.875,3.0254,3.3314,3.644,3.1776,2.875,2.5797,2.5797,2.5797,6.5321,5.2966,4.2879,3.3314,2.875,2.5797,2.5797
2018-09-01 00:00:00,2,2.292,2.292,2.292,2.292,2.292,2.292,2.292,2.292,2.292,2.292,2.292,2.292,2.1511,2.1511,3.0254,2.5797,2.7264,3.1776,3.1776,2.7264,2.5797,2.4348,2.292,2.292,2.292,2.292,2.292,2.292,2.292,2.292,
2018-08-01 00:00:00,2,2.5797,2.875,2.7264,3.9629,3.3314,3.0254,3.3314,3.0254,2.875,2.875,2.875,2.7264,2.7264,2.5797,2.5797,2.5797,2.7264,3.1776,2.875,2.5797,2.5797,2.5797,2.5797,2.5797,2.5797,2.5797,2.5797,2.5797,2.5797,2.5797,2.5797
2018-07-01 00:00:00,2,2.875,2.875,2.875,2.875,2.875,2.875,2.875,2.875,2.875,2.875,2.875,2.5797,2.5797,2.5797,2.5797,2.5797,2.5797,2.5797,2.5797,2.5797,2.5797,2.5797,2.5797,2.5797,2.5797,2.5797,2.5797,2.5797,2.5797,2.5797,2.5797
2018-06-01 00:00:00,2,3.4869,3.4869,3.4869,3.4869,3.644,4.4526,3.9629,3.8027,3.4869,3.4869,3.4869,3.4869,3.4869,3.4869,3.4869,3.4869,3.4869,3.4869,3.4869,3.4869,3.4869,3.3314,3.1776,3.1776,3.1776,3.1776,3.1776,3.1776,3.0254,2.875,
2018-05-01 00:00:00,2,4.1247,4.1247,4.1247,3.9629,3.9629,3.9629,3.8027,3.8027,3.8027,3.8027,3.8027,3.8027,3.8027,3.8027,3.644,3.644,3.644,4.4526,4.7861,5.8188,4.4526,4.1247,3.8027,3.8027,3.8027,3.8027,3.8027,3.8027,3.8027,3.4869,3.4869
2018-04-01 00:00:00,2,6.5321,7.0792,7.8241,7.2638,6.7133,5.9953,5.8188,5.8188,5.8188,5.4694,5.2966,5.1251,5.1251,4.955,4.7861,4.955,5.1251,4.955,4.7861,4.7861,4.6187,4.4526,4.4526,4.4526,4.4526,4.4526,4.4526,4.4526,4.2879,4.1247,
2018-03-01 00:00:00,2,17.2047,10.5581,9.5602,8.5858,8.013,7.8241,15.4197,10.5581,10.1562,9.5602,8.9726,8.013,7.0792,6.7133,6.352,6.5321,6.5321,7.0792,6.7133,6.7133,7.6363,23.2126,10.9635,8.5858,7.2638,6.8957,6.5321,6.352,6.173,5.9953,5.9953
2018-02-01 00:00:00,2,7.0792,11.5782,12.6196,11.5782,10.5581,10.7603,16.7543,10.7603,9.7579,10.9635,10.1562,8.5858,8.2029,7.8241,7.4495,7.0792,6.7133,6.5321,17.6579,11.7848,8.7787,10.1562,8.5858,7.8241,8.5858,9.3634,9.7579,9.7579,,,
2018-01-01 00:00:00,2,9.5602,20.831,8.3938,8.5858,21.0439,13.8959,22.3365,36.6097,18.538,13.0419,10.7603,9.7579,11.5782,22.1193,16.5301,18.334,11.1676,9.5602,8.5858,8.2029,7.4495,7.2638,7.0792,8.5858,10.1562,8.013,7.0792,7.4495,7.4495,11.5782,7.8241
2017-12-01 00:00:00,2,34.8249,27.0607,18.7427,12.6196,10.1562,34.8249,23.6549,23.2126,19.9867,11.7848,9.7579,9.5602,8.013,7.0792,6.8957,6.5321,6.5321,6.5321,6.352,5.6435,5.2966,5.2966,6.7133,6.8957,6.7133,5.9953,5.8188,5.6435,10.1562,10.1562,9.5602
2017-11-01 00:00:00,2,4.4311,3.0801,2.6052,2.6052,2.6052,2.2994,6.4593,3.911,3.0801,2.7614,3.2425,3.0801,2.6052,2.6052,2.4511,2.2994,2.2994,2.6052,6.6523,16.2541,7.4373,68.0045,12.3131,9.697,6.4593,19.7775,9.4859,10.3371,6.2676,11.867,
2017-10-01 00:00:00,2,2.7614,2.9197,4.9661,3.0801,2.6052,2.2994,2.0029,2.0029,2.0029,2.0029,2.0029,2.0029,1.7166,1.7166,1.7166,1.7166,1.7166,1.7166,1.7166,1.7166,1.7166,1.7166,1.7166,2.0029,1.8584,1.8584,2.1499,7.4373,5.1476,4.2561,9.4859
2017-09-01 00:00:00,2,2.0029,2.0029,2.0029,2.0029,2.0029,2.0029,2.0029,2.0029,2.0029,1.8584,1.8584,1.8584,1.8584,1.7166,1.7166,1.7166,1.7166,1.7166,1.7166,1.7166,1.7166,1.7166,1.7166,1.7166,1.7166,1.7166,1.7166,1.7166,1.8584,2.4511,
2017-08-01 00:00:00,2,2.6052,2.6052,2.6052,2.6052,2.6052,2.6052,2.6052,2.4511,2.2994,2.2994,2.2994,2.2994,2.2994,2.2994,2.2994,2.2994,2.2994,2.2994,2.2994,2.2994,2.2994,2.2994,2.2994,2.2994,2.1499,2.1499,2.1499,2.0029,2.0029,2.0029,2.0029
2017-07-01 00:00:00,2,3.2425,2.9197,2.9197,2.9197,2.9197,2.9197,2.9197,2.9197,2.9197,2.9197,2.9197,2.9197,2.9197,2.9197,2.9197,2.9197,2.9197,2.9197,2.9197,2.6052,2.6052,2.6052,2.6052,2.6052,2.6052,2.6052,2.6052,2.6052,2.6052,2.6052,2.6052
2017-06-01 00:00:00,2,3.573,3.573,3.573,3.573,3.573,3.573,3.573,3.2425,3.2425,3.2425,3.2425,3.2425,4.6078,8.0394,5.7011,4.2561,3.573,3.573,3.4068,3.4068,3.2425,3.2425,3.2425,3.2425,3.2425,3.0801,3.2425,3.2425,3.2425,3.2425,
2017-05-01 00:00:00,2,3.911,3.7411,3.7411,3.573,3.573,11.6454,5.7011,4.0827,3.911,3.7411,3.7411,3.573,3.573,3.573,3.573,3.7411,3.573,3.573,3.911,11.867,5.8885,5.5151,6.2676,4.7862,4.6078,4.2561,4.0827,3.911,3.911,3.7411,3.573
2017-04-01 00:00:00,2,4.6078,4.6078,4.6078,4.2561,4.2561,4.2561,4.6078,4.9661,4.7862,4.6078,4.4311,4.4311,4.4311,4.2561,4.2561,3.911,3.911,3.911,4.7862,4.4311,3.911,4.4311,3.911,3.7411,3.911,3.911,3.911,3.911,4.2561,3.911,
2017-03-01 00:00:00,2,7.0422,10.5525,9.9093,7.4373,8.2426,7.2391,6.2676,7.0422,7.8375,6.6523,6.0774,5.7011,5.5151,5.3306,9.4859,6.2676,5.7011,5.5151,11.4248,7.0422,6.2676,5.7011,5.5151,5.3306,5.1476,4.9661,4.9661,4.9661,4.7862,4.6078,4.6078
2017-02-01 00:00:00,2,6.8466,9.4859,16.7302,16.928,12.5376,20.831,13.4451,23.6549,27.5264,12.0895,10.3371,9.4859,9.0669,8.6524,7.8375,7.6368,7.4373,6.8466,6.6523,6.4593,6.4593,6.0774,6.0774,6.0774,7.6368,6.6523,10.1226,7.8375,,,
2017-01-01 00:00:00,2,7.0422,4.4311,4.4311,9.2758,6.2676,4.9661,5.3306,5.8885,15.5401,8.0394,7.6368,6.4593,13.6743,7.8375,15.7772,19.3613,16.7302,34.5724,18.7427,13.9044,16.4937,12.0895,14.1354,10.769,14.3673,10.769,9.697,11.6454,8.4469,7.4373,7.0422
2016-12-01 00:00:00,2,5.5151,4.7862,4.6078,11.867,15.7772,8.6524,5.8885,10.1226,13.6743,21.0439,11.6454,8.6524,12.3131,16.0152,19.9867,22.3365,11.4248,9.0669,7.8375,7.2391,6.2676,5.8885,5.7011,5.5151,5.3306,7.0422,5.5151,6.6523,4.9661,4.7862,4.6078
2016-11-01 00:00:00,2,2.7614,2.9197,4.6078,3.573,4.0827,3.7411,3.573,3.573,4.0827,3.7411,3.7411,3.573,4.4311,42.6821,12.0895,6.8466,5.3306,4.9661,4.6078,3.7411,3.7411,4.0827,7.2391,5.7011,4.4311,4.0827,3.911,3.7411,4.9661,6.8466,
2016-10-01 00:00:00,2,1.8584,1.8584,1.8584,6.6523,2.9197,2.2994,2.1499,2.0029,2.0029,2.0029,2.0029,2.7614,2.6052,5.5151,4.4311,4.2561,2.7614,2.6052,2.6052,2.4511,3.573,8.0394,18.1309,4.6078,3.7411,3.573,3.2425,3.0801,2.9197,2.9197,2.7614
2016-09-01 00:00:00,2,2.2994,2.2994,2.2994,2.2994,2.2994,2.1499,2.1499,2.1499,2.1499,2.1499,2.0029,2.0029,2.0029,2.0029,2.0029,2.0029,2.0029,2.0029,2.0029,2.1499,2.0029,2.0029,2.0029,1.8584,1.8584,1.7166,1.7166,2.0029,2.0029,1.8584,
2016-08-01 00:00:00,2,2.7614,2.7614,2.7614,2.6052,2.6052,2.6052,2.6052,2.6052,2.6052,2.6052,2.6052,2.4511,2.4511,2.4511,2.4511,2.9197,2.6052,2.6052,2.4511,2.4511,2.6052,2.6052,2.6052,2.6052,2.6052,2.6052,2.6052,2.6052,2.6052,2.4511,2.2994
2016-07-01 00:00:00,2,3.2425,3.2425,3.2425,3.2425,3.2425,3.2425,3.2425,3.2425,3.2425,3.2425,3.0801,3.0801,3.0801,3.0801,3.0801,3.0801,3.0801,3.0801,2.9197,2.9197,2.9197,2.9197,2.9197,2.9197,2.9197,2.7614,2.7614,2.7614,2.7614,2.7614,2.7614
2016-06-01 00:00:00,2,3.7411,10.1226,8.0394,8.0394,5.5151,4.9661,4.9661,4.9661,4.9661,4.7862,4.4311,4.2561,3.911,3.911,3.911,3.911,3.911,3.911,3.911,3.911,3.911,3.911,3.573,3.573,3.573,3.573,3.573,3.573,3.573,3.4068,
2016-05-01 00:00:00,2,5.1476,4.6078,4.6078,4.6078,4.6078,4.6078,4.6078,4.2561,4.2561,4.2561,4.2561,4.2561,4.0827,3.911,3.911,4.0827,4.4311,4.0827,4.0827,4.2561,4.2561,4.0827,3.911,3.911,3.911,3.911,3.911,3.573,3.573,3.573,3.573
2016-04-01 00:00:00,2,7.8375,7.4373,7.2391,7.0422,6.8466,6.4593,6.4593,6.2676,6.0774,6.0774,6.0774,5.7011,5.5151,5.3306,5.3306,5.3306,5.3306,4.9661,4.9661,4.9661,4.9661,4.9661,4.9661,4.9661,4.6078,4.6078,4.9661,4.9661,4.9661,5.3306,
2016-03-01 00:00:00,2,8.2426,7.6368,7.2391,7.0422,10.9866,10.3371,9.2758,9.2758,7.6368,7.0422,32.8224,23.6549,16.4937,11.6454,10.769,10.1226,9.4859,9.0669,8.4469,8.2426,7.8375,7.4373,7.2391,7.6368,7.6368,23.4334,10.769,12.0895,9.4859,8.6524,8.2426
2016-02-01 00:00:00,2,9.4859,8.859,8.4469,8.0394,8.4469,8.0394,8.2426,8.4469,7.4373,7.0422,7.0422,8.6524,7.2391,6.8466,6.8466,6.4593,6.4593,7.0422,6.2676,6.0774,6.0774,6.0774,8.2426,6.6523,6.2676,8.2426,8.6524,7.0422,7.0422,,
2016-01-01 00:00:00,2,6.6523,7.2391,19.7775,11.4248,21.9027,10.3371,8.4469,8.4469,10.769,14.6001,12.763,13.2168,23.6549,20.831,31.1033,20.831,22.9925,13.9044,12.5376,46.8087,17.3258,13.6743,11.4248,10.5525,10.5525,10.5525,9.2758,9.697,25.225,14.3673,10.769
2015-12-01 00:00:00,2,10.1226,14.8338,11.867,13.9044,14.6001,7.2391,11.867,24.1,12.763,11.2052,9.4859,9.2758,17.1265,12.0895,9.0669,9.0669,11.4248,10.5525,9.697,7.6368,7.6368,6.2676,5.5151,5.1476,4.9661,4.9661,7.4373,10.5525,13.9044,10.1226,7.4373
2015-11-01 00:00:00,2,2.6052,3.2425,3.2425,3.4068,3.0801,2.9197,2.6052,2.9197,3.2425,3.7411,3.0801,4.7862,3.911,3.2425,3.0801,6.4593,4.7862,4.6078,18.1309,8.0394,5.5151,4.4311,4.2561,12.5376,7.8375,5.1476,4.4311,3.911,14.6001,10.1226,
2015-10-01 00:00:00,2,3.2425,3.2425,3.2425,3.2425,2.9197,2.9197,2.9197,2.7614,2.6052,2.6052,2.6052,2.6052,2.6052,2.6052,2.6052,2.6052,2.6052,2.2994,2.2994,2.2994,2.6052,2.6052,2.6052,2.6052,2.7614,2.2994,2.7614,3.7411,2.9197,2.6052,2.6052
2015-09-01 00:00:00,2,2.9197,2.7614,2.6052,2.6052,2.6052,2.6052,3.2425,3.573,14.3673,5.5151,9.0669,8.859,5.8885,5.5151,4.7862,4.0827,3.911,3.7411,3.573,3.573,3.2425,3.2425,3.2425,3.2425,3.2425,3.2425,3.2425,3.2425,3.2425,3.2425,
2015-08-01 00:00:00,2,3.573,3.573,3.573,3.4068,3.2425,3.2425,3.2425,3.2425,3.2425,3.2425,3.2425,3.2425,3.2425,3.2425,3.2425,3.2425,3.2425,3.2425,2.9197,2.9197,2.9197,2.9197,2.9197,2.9197,2.9197,2.9197,2.9197,2.9197,2.9197,2.9197,2.9197
2015-07-01 00:00:00,2,4.2561,4.2561,4.2561,4.2561,4.2561,4.2561,4.2561,4.2561,4.2561,4.2561,4.2561,4.2561,3.911,3.911,3.911,3.911,3.911,3.911,3.911,3.911,3.7411,3.573,3.573,3.573,3.573,3.573,4.4311,3.7411,3.573,3.573,3.911
2015-06-01 00:00:00,2,5.1476,4.9661,7.0422,6.0774,5.7011,5.3306,5.3306,5.1476,4.9661,4.9661,4.9661,4.9661,4.9661,4.7862,4.9661,4.9661,4.9661,4.9661,4.9661,5.5151,5.1476,4.7862,4.6078,4.6078,4.6078,4.6078,4.6078,4.2561,4.2561,4.2561,
2015-05-01 00:00:00,2,6.4593,6.8466,6.6523,6.4593,9.9093,10.5525,13.9044,8.859,7.4373,7.2391,13.6743,8.6524,7.8375,7.2391,7.0422,6.8466,6.8466,6.8466,6.4593,6.4593,6.4593,6.4593,6.0774,6.0774,6.0774,6.0774,5.7011,5.3306,5.7011,5.7011,5.3306
2015-04-01 00:00:00,2,9.4859,9.2758,10.769,9.2758,13.4451,12.3131,10.3371,9.4859,9.0669,8.4469,8.0394,8.0394,7.6368,7.4373,7.2391,7.2391,7.0422,6.8466,6.8466,7.6368,9.2758,10.5525,9.9093,9.697,8.2426,7.2391,6.8466,6.8466,6.8466,6.8466,
2015-03-01 00:00:00,2,6.8466,6.8466,6.8466,6.8466,7.0422,6.6523,6.2676,21.9027,10.769,16.7302,22.1193,13.4451,11.4248,11.2052,11.867,12.0895,9.9093,10.5525,11.2052,10.5525,15.7772,23.6549,15.7772,12.5376,10.769,9.9093,9.697,9.697,10.9866,10.769,12.5376
2015-02-01 00:00:00,2,4.6078,5.7011,4.6078,6.0774,17.5259,33.0705,24.548,11.6454,22.5545,15.5401,13.9044,13.9044,9.9093,8.6524,7.8375,8.2426,9.697,16.4937,15.0684,10.9866,9.0669,8.2426,7.6368,7.6368,7.2391,10.769,8.0394,7.2391,,,
2015-01-01 00:00:00,2,6.2676,6.0774,5.8885,5.3306,5.3306,5.1476,4.9661,4.6078,4.6078,4.2561,4.2561,4.2561,4.0827,3.911,3.911,3.911,3.7411,3.573,3.573,3.4068,3.2425,3.911,5.7011,4.9661,7.4373,5.7011,7.8375,6.8466,6.8466,7.0422,5.1476
2014-12-01 00:00:00,2,18.1309,10.3371,7.8375,6.8466,7.2391,32.5749,16.928,10.1226,10.1226,13.2168,18.334,15.3038,15.5401,16.0152,9.4859,8.0394,7.2391,6.8466,24.1,9.9093,9.0669,14.6001,22.1193,13.2168,9.9093,8.6524,7.8375,7.2391,6.8466,10.9866,7.4373
2014-11-01 00:00:00,2,2.0029,17.3258,3.573,2.4511,2.4511,2.6052,2.2994,5.3306,3.2425,4.0827,3.0801,2.6052,3.573,3.7411,5.5151,3.4068,2.7614,2.6052,2.2994,2.0029,2.0029,2.0029,2.0029,2.0029,19.5691,24.3237,20.1967,26.3672,19.1544,20.831,
2014-10-01 00:00:00,2,1.8584,1.7166,1.7166,1.7166,1.5774,1.4411,1.4411,1.4411,1.4411,1.4411,1.4411,1.4411,1.4411,1.4411,1.4411,1.4411,1.4411,1.4411,3.0801,1.7166,3.0801,2.2994,1.7166,1.7166,2.0029,2.6052,2.7614,2.2994,2.0029,2.0029,2.0029
2014-09-01 00:00:00,2,1.8584,1.8584,2.2994,2.2994,2.2994,2.1499,2.0029,2.0029,1.8584,1.7166,1.7166,1.7166,1.7166,1.7166,1.7166,1.7166,1.7166,1.7166,1.7166,1.7166,1.7166,1.7166,1.7166,1.7166,1.7166,1.7166,1.7166,1.7166,1.7166,1.7166,
2014-08-01 00:00:00,2,2.2994,2.2994,2.2994,2.2994,2.2994,2.2994,2.2994,2.2994,2.2994,2.2994,2.2994,2.1499,2.0029,2.0029,2.0029,2.0029,2.0029,2.0029,2.0029,2.0029,2.0029,2.0029,2.0029,2.0029,2.0029,2.0029,2.0029,2.0029,1.8584,1.8584,1.8584
2014-07-01 00:00:00,2,2.4511,2.4511,2.4511,2.4511,2.2994,2.2994,2.2994,2.2994,2.2994,2.4511,2.9197,2.6052,2.6052,2.2994,2.2994,2.2994,2.2994,2.2994,2.2994,2.1499,2.1499,2.2994,2.2994,2.2994,2.2994,2.9197,3.2425,3.0801,2.6052,2.6052,2.4511
2014-06-01 00:00:00,2,2.9197,3.0801,2.9197,2.9197,2.9197,2.9197,2.9197,2.9197,2.9197,2.9197,2.9197,2.6052,2.6052,2.6052,2.6052,2.6052,2.6052,2.6052,2.6052,2.6052,2.6052,2.6052,2.6052,2.6052,2.6052,2.6052,2.6052,2.6052,2.6052,2.4511,
2014-05-01 00:00:00,2,3.911,3.911,3.911,3.911,3.573,3.573,3.573,3.573,3.2425,3.2425,3.2425,3.2425,3.2425,3.2425,3.2425,3.2425,3.2425,3.2425,3.2425,3.2425,3.2425,3.2425,3.0801,2.9197,2.9197,3.2425,3.2425,3.2425,2.9197,2.9197,2.9197
2014-04-01 00:00:00,2,4.2561,5.5151,4.9661,4.7862,3.911,3.911,3.911,3.573,3.573,3.2425,3.911,5.1476,3.911,4.4311,5.8885,5.1476,4.9661,4.6078,4.7862,4.2561,3.911,5.7011,5.5151,5.8885,6.6523,4.9661,4.6078,4.2561,4.2561,3.911,
2014-03-01 00:00:00,2,6.8466,4.7862,4.6078,4.6078,4.6078,10.1226,7.4373,6.0774,5.5151,4.9661,6.4593,5.1476,3.911,3.911,3.911,3.911,3.7411,3.573,4.4311,6.6523,5.8885,5.3306,5.3306,4.7862,4.2561,3.911,3.911,3.911,3.911,3.911,3.911
2014-02-01 00:00:00,2,4.6078,4.4311,4.2561,4.2561,3.911,3.911,3.911,3.911,3.911,3.573,3.573,3.573,3.4068,3.4068,4.6078,6.4593,6.6523,7.0422,4.9661,4.2561,4.2561,3.911,3.911,3.911,4.2561,6.6523,4.6078,4.0827,,,
2014-01-01 00:00:00,2,7.8375,7.0422,6.2676,5.7011,5.3306,5.3306,4.9661,4.9661,4.9661,4.9661,5.1476,4.9661,4.6078,4.4311,4.2561,4.6078,6.8466,10.5525,8.859,6.2676,16.7302,7.0422,6.2676,8.4469,7.4373,6.6523,5.8885,5.5151,4.9661,4.9661,4.7862
2013-12-01 00:00:00,2,14.8338,17.1265,13.4451,9.2758,22.5545,22.3365,10.3371,8.859,9.0669,7.4373,7.4373,14.1354,9.2758,8.0394,9.9093,8.4469,8.2426,7.0422,6.4593,7.6368,7.0422,18.9482,15.5401,10.769,9.0669,8.6524,7.4373,7.0422,6.6523,6.8466,6.8466
2013-11-01 00:00:00,2,4.7862,3.7411,3.2425,3.2425,3.2425,7.2391,10.1226,12.5376,7.4373,5.1476,5.1476,6.8466,5.1476,4.2561,3.911,4.0827,5.3306,5.1476,4.4311,3.911,3.911,4.0827,4.7862,21.4719,30.6179,27.0607,13.6743,14.8338,8.859,12.9895,
2013-10-01 00:00:00,2,5.5151,4.6078,4.0827,6.0774,4.2561,3.573,3.2425,3.2425,3.7411,3.911,3.573,3.2425,3.2425,3.2425,3.911,3.4068,7.8375,13.6743,7.2391,5.5151,4.4311,4.2561,3.911,3.911,3.7411,3.573,3.2425,3.2425,3.2425,3.2425,5.8885
2013-09-01 00:00:00,2,2.9197,2.7614,2.7614,3.0801,3.2425,3.0801,2.9197,2.9197,2.9197,2.9197,2.6052,2.6052,2.6052,2.6052,2.6052,2.6052,3.7411,4.9661,3.2425,3.2425,2.9197,2.9197,2.6052,2.6052,2.6052,2.6052,2.6052,2.6052,3.573,4.4311,
2013-08-01 00:00:00,2,3.573,3.2425,3.2425,3.2425,3.2425,3.2425,3.2425,3.2425,3.2425,3.2425,3.2425,3.2425,3.0801,2.9197,2.9197,2.9197,3.0801,2.9197,4.2561,3.4068,3.2425,3.0801,2.9197,2.9197,2.9197,2.9197,2.9197,2.9197,2.9197,2.9197,2.9197
2013-07-01 00:00:00,2,4.2561,4.6078,4.2561,4.2561,4.2561,4.2561,4.2561,4.0827,3.911,3.911,3.911,3.911,3.911,3.911,3.911,3.573,3.573,3.573,3.911,3.911,3.911,3.911,3.7411,3.573,3.573,3.573,3.573,3.573,3.573,3.573,3.573
2013-06-01 00:00:00,2,5.8885,5.7011,5.5151,5.7011,5.7011,5.7011,5.3306,5.1476,4.9661,4.9661,4.9661,4.6078,4.6078,4.6078,4.6078,4.6078,4.9661,4.9661,4.6078,4.6078,4.4311,4.2561,4.2561,4.2561,4.4311,4.2561,4.2561,4.2561,4.2561,4.2561,
2013-05-01 00:00:00,2,5.7011,5.7011,5.5151,5.3306,5.1476,4.9661,4.9661,4.9661,4.9661,4.9661,4.9661,4.9661,4.9661,4.9661,4.7862,4.6078,4.6078,4.6078,4.6078,4.6078,4.6078,4.6078,4.6078,4.6078,4.6078,4.2561,4.2561,6.6523,14.3673,10.3371,7.0422
2013-04-01 00:00:00,2,7.6368,7.6368,10.1226,7.8375,7.6368,7.6368,7.8375,7.6368,9.4859,8.2426,9.2758,12.9895,10.9866,10.5525,8.6524,8.0394,7.8375,7.4373,7.0422,6.8466,6.8466,6.6523,6.4593,6.4593,6.4593,6.2676,6.2676,6.0774,5.7011,5.7011,
2013-03-01 00:00:00,2,9.9093,19.1544,15.7772,11.867,11.4248,10.1226,13.9044,10.5525,8.859,9.2758,8.859,9.0669,10.769,9.0669,9.697,9.2758,8.6524,8.4469,8.2426,7.6368,9.4859,10.5525,11.4248,8.859,8.859,8.4469,15.5401,10.3371,8.6524,8.0394,7.8375
2013-02-01 00:00:00,2,25.9083,17.5259,15.7772,15.0684,14.1354,19.3613,24.3237,16.7302,13.9044,12.0895,10.769,9.9093,9.0669,8.859,8.6524,8.4469,7.8375,7.6368,7.2391,6.8466,6.8466,6.6523,14.1354,9.0669,7.4373,7.0422,7.4373,7.2391,,,
2013-01-01 00:00:00,2,3.3,3.3,3.0344,3.0344,3.0344,3.0344,3.0344,4.3055,5.7544,6.263,32.5956,21.3836,11.6445,18.2778,13.8479,15.4862,8.6948,7.8593,6.5218,5.0151,3.3,3.3,5.7544,5.2583,5.5048,7.5862,20.3303,156.829,36.0967,20.831,18.538
2012-12-01 00:00:00,2,4.5386,3.4347,6.0072,5.0151,3.7077,3.3,3.3,3.3,20.3303,4.7751,3.7077,6.0072,4.3055,4.0759,3.7077,3.7077,3.85,3.7077,3.5706,3.85,8.9786,4.5386,5.2583,3.85,3.7077,3.5706,3.5706,3.5706,3.5706,3.7077,3.5706
2012-11-01 00:00:00,2,2.7741,2.7741,2.9036,6.0072,3.3,3.0344,3.0344,2.9036,6.0072,4.5386,6.5218,3.7077,3.5706,10.1391,9.265,4.3055,3.7077,3.3,3.1666,3.0344,3.0344,3.0344,3.0344,2.9036,4.7751,4.0759,3.85,3.1666,3.5706,3.3,
2012-10-01 00:00:00,2,3.0344,3.0344,3.0344,3.0344,2.9036,2.7741,2.7741,2.7741,2.7741,2.7741,2.7741,2.7741,3.0344,2.9036,2.7741,2.7741,3.0344,3.0344,3.0344,3.0344,2.9036,3.0344,3.3,3.7077,3.3,3.1666,3.0344,2.7741,2.7741,2.7741,2.7741
2012-09-01 00:00:00,2,3.0344,3.0344,3.0344,3.0344,3.0344,3.0344,3.0344,3.0344,3.0344,3.0344,3.0344,3.0344,3.0344,3.0344,3.0344,3.0344,3.0344,3.0344,3.0344,3.0344,3.0344,3.1666,3.0344,3.0344,3.7077,10.1391,3.3,3.0344,3.0344,3.0344,
2012-08-01 00:00:00,2,3.5706,3.5706,3.5706,3.5706,3.4347,3.4347,3.4347,3.3,3.3,3.3,3.3,3.3,3.3,3.3,3.3,3.3,3.3,3.3,3.3,3.3,3.3,3.3,3.3,3.3,3.3,3.1666,3.1666,3.1666,3.1666,3.1666,3.0344
2012-07-01 00:00:00,2,4.3055,4.3055,4.3055,4.3055,4.3055,3.85,3.85,3.85,3.85,3.85,3.85,3.85,3.85,3.85,3.85,3.85,3.85,3.85,3.85,3.85,3.85,3.85,3.85,3.5706,3.5706,3.5706,3.5706,3.5706,3.5706,3.5706,3.5706
2012-06-01 00:00:00,2,4.3055,4.3055,4.3055,4.3055,4.5386,6.7836,10.7341,6.263,6.7836,6.263,5.2583,4.7751,4.7751,4.7751,4.7751,4.7751,4.3055,4.3055,4.3055,4.3055,4.5386,6.0072,4.7751,4.3055,4.7751,4.5386,4.3055,4.3055,4.3055,4.3055,
2012-05-01 00:00:00,2,5.7544,5.2583,5.2583,4.7751,4.7751,4.7751,4.7751,4.7751,4.7751,4.7751,4.7751,4.7751,4.7751,4.7751,4.7751,5.2583,4.7751,4.7751,4.7751,4.5386,4.3055,4.3055,4.3055,4.3055,4.5386,5.5048,5.2583,4.7751,4.7751,4.3055,4.3055
2012-04-01 00:00:00,2,,,,,,,,,,,,,,,,,,,,,,,,5.0151,4.7751,5.2583,5.7544,5.2583,6.5218,5.5048,
2012-03-01 00:00:00,2,7.5862,7.3158,7.3158,7.3158,7.0483,7.0483,7.0483,7.0483,6.7836,6.7836,6.7836,7.3158,7.8593,7.8593,8.6948,10.4354,11.3387,10.7341,8.6948,7.8593,7.3158,7.0483,7.0483,7.5862,9.8452,7.8593,7.8593,7.5862,8.1351,8.1351,8.4137
2012-02-01 00:00:00,2,16.689,16.4938,15.1544,13.2073,13.2073,13.2073,12.8903,11.9525,11.3387,12.8903,14.1714,15.8201,16.689,15.4862,12.8903,11.6445,10.7341,10.1391,9.8452,9.8452,9.5539,9.5539,9.8452,9.5539,9.5539,9.265,8.6948,8.1351,8.1351,,
2012-01-01 00:00:00,2,27.3681,84.0226,18.8859,10.4354,8.4137,7.3158,16.689,49.9962,46.3762,120.436,48.5932,,,,,,,,,,,,,,,,,,,,
2011-12-01 00:00:00,2,14.1714,13.8479,7.8593,7.8593,5.0151,4.5386,17.6763,10.1391,7.8593,10.1391,11.3387,21.5963,8.6948,6.7836,23.1052,13.2073,8.9786,17.0816,16.1559,9.5539,7.0483,6.263,6.263,5.7544,7.8593,15.8201,19.7069,17.0816,10.7341,23.1052,24.4253
2011-11-01 00:00:00,2,3.3,3.3,3.3,3.3,3.1666,3.0344,3.0344,3.3,3.0344,3.0344,3.0344,3.0344,3.4347,3.1666,5.5048,5.7544,5.5048,3.5706,3.3,3.3,3.3,3.5706,3.85,3.7077,3.5706,6.7836,4.7751,4.5386,3.85,6.263,
2011-10-01 00:00:00,2,2.7741,2.7741,3.0344,3.0344,3.0344,3.0344,3.0344,2.9036,2.7741,6.0072,3.3,3.1666,3.3,3.4347,4.7751,10.1391,5.0151,3.85,3.4347,3.3,3.0344,3.1666,3.7077,3.85,3.7077,5.0151,3.85,8.1351,3.85,3.5706,3.3
2011-09-01 00:00:00,2,3.1666,3.0344,3.0344,3.0344,3.0344,3.0344,3.0344,3.0344,3.0344,3.0344,3.0344,3.0344,3.0344,3.0344,3.5706,3.3,3.0344,3.0344,3.0344,2.9036,2.9036,2.9036,2.9036,2.9036,2.9036,2.7741,2.7741,2.7741,2.7741,2.7741,
2011-08-01 00:00:00,2,3.5706,3.4347,3.4347,3.4347,3.4347,3.4347,3.4347,3.4347,3.3,3.3,3.3,3.4347,3.4347,3.4347,3.4347,3.4347,3.4347,3.4347,3.4347,3.4347,3.4347,3.3,3.3,3.3,3.3,3.3,3.3,3.3,3.1666,3.1666,3.1666
2011-07-01 00:00:00,2,4.0759,4.0759,3.85,3.85,3.85,3.85,3.85,3.85,3.85,3.85,3.85,3.85,3.7077,3.5706,3.5706,3.5706,3.5706,3.5706,3.5706,3.5706,3.5706,3.5706,3.5706,3.5706,3.5706,3.5706,3.5706,3.5706,3.5706,3.5706,3.5706
2011-06-01 00:00:00,2,5.2583,5.2583,5.2583,5.2583,5.0151,4.7751,4.7751,4.7751,4.7751,5.5048,5.5048,5.2583,5.2583,5.0151,4.7751,4.7751,4.7751,4.7751,4.7751,4.7751,4.5386,4.5386,4.3055,4.3055,4.3055,4.3055,4.3055,4.0759,4.0759,4.0759,
2011-05-01 00:00:00,2,8.4137,7.5862,8.1351,7.8593,7.3158,7.3158,7.3158,7.3158,6.7836,6.7836,6.7836,6.7836,6.7836,6.5218,6.263,6.263,6.263,6.263,6.263,6.263,6.263,6.0072,6.0072,6.0072,6.0072,6.0072,6.0072,5.7544,5.2583,5.2583,5.2583
2011-04-01 00:00:00,2,13.8479,14.8247,24.6477,18.2778,18.6824,15.1544,14.1714,12.8903,11.9525,20.7495,13.5265,12.2629,11.9525,12.2629,11.6445,10.7341,9.8452,9.5539,9.5539,9.5539,9.5539,8.9786,8.9786,8.9786,8.9786,8.6948,8.6948,8.6948,8.9786,8.6948,
2011-03-01 00:00:00,2,11.9525,16.689,28.7635,40.4606,50.5611,70.0295,38.1192,51.9827,37.0936,29.7065,14.8247,18.8859,29.7065,22.8876,29.2337,22.024,28.7635,22.6707,30.6596,18.2778,16.8849,16.689,15.4862,14.8247,14.8247,13.2073,12.5755,12.2629,11.6445,18.4797,12.2629
2011-02-01 00:00:00,2,6.7836,7.3158,7.3158,6.7836,6.263,6.263,5.7544,5.7544,5.7544,5.7544,5.7544,5.7544,7.8593,6.7836,6.5218,6.263,7.0483,6.7836,6.263,5.7544,5.7544,5.5048,5.2583,6.263,6.263,11.6445,12.2629,29.2337,,,
2011-01-01 00:00:00,2,31.6227,11.9525,24.6477,60.7825,58.0946,19.2949,51.9827,16.1559,14.497,17.8761,16.4938,14.497,12.2629,17.8761,17.4773,22.4544,18.2778,15.4862,11.3387,14.8247,12.2629,9.8452,8.4137,8.9786,9.5539,8.6948,7.8593,7.3158,6.7836,6.7836,8.1351
2010-12-01 00:00:00,2,18.2778,10.7341,12.8903,7.0483,17.0816,9.8452,11.9525,7.8593,6.7836,5.5048,4.7751,4.7751,5.2583,4.3055,17.2791,19.09,8.6948,6.5218,6.263,6.0072,5.2583,12.8903,10.4354,10.7341,7.8593,9.8452,7.0483,8.9786,10.1391,9.8452,10.1391
2010-11-01 00:00:00,2,7.8593,7.0483,4.5386,3.85,4.0759,7.8593,7.0483,5.2583,5.5048,5.5048,5.5048,5.2583,4.5386,4.3055,11.9525,46.6514,15.4862,10.7341,6.263,5.0151,4.7751,7.5862,6.7836,6.0072,7.3158,5.2583,4.7751,4.7751,5.7544,44.4649,
2010-10-01 00:00:00,2,3.4347,6.0072,3.7077,3.3,4.7751,4.3055,3.85,11.0352,4.3055,3.7077,3.3,3.3,3.3,3.1666,3.85,3.7077,3.4347,3.3,3.3,3.1666,3.0344,3.0344,3.0344,3.0344,3.0344,4.7751,4.3055,3.1666,3.0344,3.0344,7.8593
2010-09-01 00:00:00,2,3.0344,2.9036,2.9036,2.9036,2.9036,2.9036,2.9036,3.0344,3.0344,3.0344,2.9036,2.9036,2.9036,2.9036,2.7741,2.7741,2.7741,2.7741,2.7741,2.7741,2.7741,2.7741,2.7741,2.7741,2.7741,2.7741,2.7741,7.3158,4.3055,3.3,
2010-08-01 00:00:00,2,3.3,3.3,3.3,3.3,3.3,3.3,3.3,3.3,3.3,3.3,3.3,3.3,3.3,3.1666,3.1666,3.1666,3.0344,3.0344,3.0344,3.0344,3.0344,3.0344,3.0344,3.0344,3.0344,3.0344,3.0344,3.0344,3.0344,3.0344,3.0344
2010-07-01 00:00:00,2,3.7077,3.7077,3.7077,3.7077,3.7077,3.7077,3.5706,3.5706,3.5706,3.5706,3.5706,3.5706,3.5706,3.5706,3.85,3.85,3.5706,3.5706,3.5706,3.5706,3.5706,3.4347,3.4347,3.4347,3.3,3.3,3.3,3.3,3.3,3.3,3.3
2010-06-01 00:00:00,2,4.3055,4.3055,4.3055,4.3055,4.3055,4.3055,4.3055,4.0759,4.0759,4.0759,4.0759,4.0759,4.0759,3.85,3.85,3.85,3.85,3.85,3.85,3.85,3.85,3.85,3.85,3.85,3.85,3.85,3.85,3.85,3.7077,3.7077,
2010-05-01 00:00:00,2,5.2583,5.2583,5.2583,5.2583,5.2583,5.2583,5.0151,5.0151,5.2583,5.0151,5.0151,5.0151,4.7751,4.7751,4.7751,4.7751,4.7751,4.3055,4.7751,4.7751,4.7751,4.7751,4.3055,4.3055,5.0151,4.7751,4.5386,4.3055,4.3055,4.3055,4.3055
2010-04-01 00:00:00,2,7.8593,8.6948,9.5539,16.1559,8.6948,8.6948,10.1391,8.1351,7.5862,7.3158,7.0483,6.7836,6.7836,6.7836,6.5218,6.5218,6.263,6.263,6.263,6.263,6.263,5.7544,5.7544,5.7544,5.7544,5.7544,5.7544,5.5048,5.2583,5.7544,
2010-03-01 00:00:00,2,17.4773,24.6477,34.0734,19.7069,19.5006,19.7069,20.7495,14.1714,11.9525,11.0352,10.4354,9.8452,9.5539,10.7341,9.5539,9.5539,11.3387,9.5539,9.5539,9.265,9.265,8.9786,11.3387,9.265,8.4137,8.1351,7.8593,7.3158,7.3158,9.5539,8.1351
2010-02-01 00:00:00,2,8.9786,8.6948,7.8593,7.5862,7.5862,6.7836,8.9786,8.4137,7.8593,7.5862,7.8593,7.3158,6.7836,6.7836,6.263,6.263,6.7836,7.0483,7.3158,7.3158,7.3158,6.7836,7.5862,7.3158,8.9786,8.6948,13.8479,19.5006,,,
2010-01-01 00:00:00,2,11.6445,17.2791,11.3387,9.8452,8.9786,9.265,11.6445,11.6445,14.1714,11.0352,8.9786,8.9786,12.2629,10.1391,9.265,8.9786,10.7341,8.6948,12.2629,9.8452,9.5539,10.7341,9.5539,35.8248,13.5265,15.8201,15.1544,13.2073,12.2629,10.4354,8.9786
2009-12-01 00:00:00,2,4.3055,4.5386,5.7544,25.7697,13.5265,11.6445,15.4862,16.689,18.6824,18.4797,12.2629,10.1391,8.4137,12.5755,11.0352,8.9786,7.8593,10.4354,9.265,8.6948,7.8593,10.1391,9.5539,8.1351,9.8452,18.0765,16.8849,13.2073,18.2778,15.8201,11.3387
2009-11-01 00:00:00,2,5.2583,5.2583,5.0151,7.5862,6.5218,6.7836,7.0483,5.5048,6.263,14.497,17.6763,7.0483,6.7836,6.263,5.7544,5.2583,4.7751,4.7751,4.7751,4.7751,4.7751,4.3055,4.3055,4.3055,4.5386,4.7751,5.5048,6.0072,5.2583,4.7751,
2009-10-01 00:00:00,2,3.85,3.85,3.85,3.85,3.85,4.0759,12.5755,14.497,9.265,16.8849,8.6948,5.2583,4.7751,4.3055,5.5048,9.8452,6.0072,5.7544,6.263,16.689,8.6948,10.1391,7.5862,6.7836,11.6445,12.5755,12.2629,8.4137,6.5218,6.263,5.7544
2009-09-01 00:00:00,2,4.3055,4.3055,4.3055,4.3055,4.3055,4.0759,4.7751,4.3055,4.3055,4.5386,4.3055,3.85,3.85,3.85,3.85,3.85,3.85,3.85,3.85,3.85,4.3055,4.3055,5.0151,7.0483,4.7751,4.3055,4.3055,3.85,3.85,4.3055,
2009-08-01 00:00:00,2,4.5386,4.5386,4.5386,4.5386,4.3055,4.3055,4.3055,4.3055,4.3055,4.3055,4.3055,4.3055,4.3055,4.3055,4.3055,4.3055,4.0759,4.0759,4.0759,4.3055,4.3055,4.3055,4.3055,5.2583,4.7751,5.2583,4.7751,4.3055,4.3055,4.3055,4.3055
2009-07-01 00:00:00,2,5.7544,5.7544,5.2583,5.2583,5.2583,5.2583,5.2583,5.2583,5.2583,5.2583,5.2583,5.5048,5.2583,5.2583,5.2583,5.0151,5.0151,5.0151,5.0151,4.7751,4.7751,4.7751,4.7751,4.7751,4.7751,4.7751,4.7751,4.7751,4.7751,4.7751,4.5386
2009-06-01 00:00:00,2,6.7836,6.7836,6.7836,6.263,6.263,6.263,6.263,6.263,6.263,6.263,6.263,6.263,6.263,6.263,6.263,6.263,6.0072,5.7544,5.7544,5.7544,5.7544,5.7544,5.7544,5.7544,5.7544,5.7544,5.7544,6.5218,5.7544,5.7544,
2009-05-01 00:00:00,2,8.9786,9.265,10.1391,9.5539,12.5755,9.8452,8.9786,8.9786,8.4137,8.4137,9.5539,9.265,8.4137,8.1351,7.8593,7.8593,7.8593,7.8593,7.8593,7.5862,7.3158,7.3158,7.3158,7.3158,7.3158,7.0483,7.0483,6.7836,6.7836,6.7836,6.7836
2009-04-01 00:00:00,2,19.7069,20.3303,17.2791,16.4938,16.1559,16.1559,17.6763,16.1559,14.8247,14.497,13.8479,16.8849,15.8201,16.689,18.2778,13.5265,12.8903,11.9525,11.9525,11.3387,11.3387,11.0352,10.7341,10.1391,10.1391,9.8452,9.5539,9.5539,8.9786,8.9786,
2009-03-01 00:00:00,2,12.8903,11.6445,11.3387,10.7341,10.4354,10.1391,10.1391,10.1391,9.5539,10.7341,12.5755,11.3387,28.5293,13.8479,11.9525,11.0352,13.2073,11.9525,89.7849,14.8247,12.2629,16.4938,21.8098,17.0816,13.8479,18.4797,20.9601,21.8098,18.8859,23.9826,26.6791
2009-02-01 00:00:00,2,20.9601,19.09,17.4773,16.4938,15.4862,20.9601,19.09,16.1559,31.381,33.3318,17.6763,17.2791,24.6477,58.0946,32.5956,24.8708,21.3836,17.8761,17.0816,16.1559,15.1544,14.8247,14.497,13.8479,19.7069,15.1544,13.5265,13.8479,,,
2009-01-01 00:00:00,2,19.7069,18.0765,19.7069,18.2778,19.5006,16.1559,13.8479,12.5755,14.8247,11.9525,11.0352,10.1391,10.1391,9.265,14.8247,25.0945,21.5963,18.2778,17.6763,13.8479,30.4204,19.09,20.5395,19.914,27.1378,22.024,28.5293,38.1192,27.8306,40.9872,25.0945
2008-12-01 00:00:00,2,4.4027,3.8392,5.5803,4.691,3.8392,3.8392,3.8392,3.8392,3.8392,3.2941,4.1187,4.4027,15.7066,25.063,19.1481,29.1222,37.3955,16.2201,12.7531,11.5888,8.3441,7.3497,7.1563,9.3831,10.6865,8.7544,102.38,23.9826,20.3303,19.2949,18.2778
2008-11-01 00:00:00,2,3.2941,2.7692,2.7692,3.029,3.5642,3.2941,3.2941,3.2941,3.2941,4.1187,3.2941,5.5803,5.5803,7.9409,5.2799,3.8392,3.2941,10.2453,5.2799,4.691,4.691,4.4027,4.4027,6.1922,10.6865,14.9477,7.9409,57.3499,7.742,5.2799,
2008-10-01 00:00:00,2,3.2941,3.2941,3.2941,3.8392,4.1187,4.4027,4.691,7.9409,6.7751,5.2799,3.8392,3.5642,3.2941,3.2941,3.2941,3.2941,3.2941,7.5449,3.8392,5.2799,3.8392,3.8392,3.5642,3.2941,3.2941,3.2941,3.2941,3.2941,2.7692,2.7692,3.2941
2008-09-01 00:00:00,2,3.2941,3.2941,3.2941,3.2941,3.2941,3.029,2.7692,3.2941,3.2941,3.2941,3.029,3.029,2.7692,2.7692,2.7692,5.5803,4.9835,3.5642,3.2941,3.2941,7.1563,6.9647,3.8392,3.8392,3.2941,7.742,6.1922,4.691,3.8392,3.5642,
2008-08-01 00:00:00,2,3.5642,3.5642,3.5642,3.5642,4.1187,4.4027,3.8392,3.8392,3.5642,3.8392,3.8392,3.8392,3.2941,3.2941,3.2941,3.2941,3.2941,3.2941,3.2941,3.2941,3.2941,3.2941,3.2941,3.2941,3.2941,3.2941,3.2941,3.2941,3.2941,3.8392,3.5642
2008-07-01 00:00:00,2,4.4027,4.4027,4.4027,4.4027,4.4027,4.4027,4.1187,4.1187,4.1187,4.1187,3.8392,3.8392,3.8392,3.8392,3.8392,3.8392,3.8392,3.8392,3.8392,3.8392,3.8392,3.8392,3.8392,3.8392,3.8392,3.8392,3.8392,3.8392,3.8392,3.5642,3.5642
2008-06-01 00:00:00,2,5.2799,5.2799,5.2799,4.9835,4.9835,4.9835,4.9835,4.9835,4.9835,4.9835,4.691,4.691,4.4027,4.4027,4.4027,4.4027,4.4027,4.4027,4.4027,4.4027,4.4027,4.4027,4.4027,4.4027,4.9835,4.691,4.691,4.4027,4.4027,4.4027,
2008-05-01 00:00:00,2,7.1563,7.1563,7.1563,7.1563,7.1563,6.7751,6.7751,6.7751,6.7751,6.1922,6.1922,5.8844,5.5803,5.5803,5.5803,5.5803,5.5803,5.5803,5.5803,5.5803,5.5803,5.5803,5.5803,5.5803,5.5803,5.5803,5.5803,5.5803,5.5803,5.2799,4.9835
2008-04-01 00:00:00,2,7.742,7.5449,7.5449,10.0272,8.9622,8.5484,24.1922,10.9096,14.2023,10.6865,9.8108,8.9622,8.5484,15.7066,13.9569,9.3831,8.9622,8.7544,8.7544,8.9622,10.2453,9.8108,9.5961,9.1718,8.3441,7.9409,7.5449,7.5449,7.1563,7.1563,
2008-03-01 00:00:00,2,12.517,10.2453,9.1718,8.7544,8.3441,8.5484,8.7544,9.1718,10.4651,10.2453,8.5484,8.7544,10.2453,14.4492,41.0233,30.9988,16.7394,17.5294,11.3608,10.6865,10.4651,9.3831,10.0272,18.3323,10.2453,18.0632,9.5961,9.1718,8.9622,9.3831,7.9409
2008-02-01 00:00:00,2,24.4088,16.7394,29.8208,30.5256,24.1922,21.958,27.7438,23.1202,21.6708,16.7394,13.9569,12.2826,11.3608,10.9096,10.6865,9.5961,9.3831,8.9622,9.5961,9.1718,10.9096,9.8108,11.1344,10.9096,10.2453,9.1718,8.5484,8.3441,8.3441,,
2008-01-01 00:00:00,2,3.8392,3.8392,3.8392,3.8392,3.2941,3.2941,3.2941,3.5642,3.8392,4.1187,5.8844,5.8844,29.3544,8.7544,7.3497,5.5803,6.9647,7.5449,6.7751,5.5803,5.5803,11.1344,16.2201,13.4707,27.5165,20.2555,35.8796,72.3563,70.0871,76.3092,26.6144
2007-12-01 00:00:00,2,3.9658,3.2457,3.2457,5.3269,3.2457,3.2457,3.7221,12.7531,3.9658,5.3269,5.1548,4.6508,4.2131,5.5011,8.3441,5.6772,4.6508,4.4637,4.2131,66.5762,18.0632,10.2453,22.5364,9.5961,11.1344,7.5449,5.8844,5.2799,4.4027,4.4027,4.4027
2007-11-01 00:00:00,2,5.3269,7.3497,3.7221,3.0132,5.6772,5.6772,6.5873,5.1548,3.9658,3.2457,3.7221,3.2457,12.9907,5.3269,5.8553,4.8167,3.9658,3.482,3.2457,3.7221,3.2457,3.2457,3.2457,3.2457,3.2457,3.482,6.2174,4.2131,5.5011,5.1548,
2007-10-01 00:00:00,2,3.0132,3.0132,3.0132,3.0132,3.0132,3.0132,3.0132,3.0132,3.0132,3.0132,2.7849,2.7849,2.7849,2.7849,3.2457,3.0132,3.0132,4.6508,3.0132,3.7221,3.0132,2.3411,2.3411,2.3411,3.9658,3.2457,2.7849,2.7849,2.3411,2.3411,4.4637
2007-09-01 00:00:00,2,3.0132,3.0132,3.0132,3.0132,3.0132,3.0132,3.0132,3.0132,3.0132,3.0132,3.0132,3.0132,3.0132,3.0132,3.0132,3.0132,3.0132,3.0132,3.0132,3.0132,3.0132,3.0132,3.0132,3.0132,3.0132,3.0132,3.0132,3.0132,3.0132,3.0132,
2007-08-01 00:00:00,2,3.2457,3.2457,3.2457,3.2457,3.2457,3.2457,3.2457,3.2457,3.2457,3.2457,3.2457,3.2457,3.2457,3.2457,3.2457,3.2457,3.2457,3.2457,3.2457,3.2457,3.2457,3.2457,3.2457,3.2457,3.2457,3.0132,3.0132,3.0132,3.0132,3.0132,3.0132
2007-07-01 00:00:00,2,3.7221,3.7221,3.7221,3.7221,3.7221,3.7221,3.7221,3.7221,3.7221,3.7221,3.7221,3.7221,3.7221,3.482,3.2457,3.2457,3.2457,3.2457,3.2457,3.2457,3.2457,3.2457,3.2457,3.2457,3.7221,3.2457,3.482,3.7221,3.7221,3.2457,3.2457
2007-06-01 00:00:00,2,4.6508,4.6508,4.6508,4.6508,4.6508,4.4637,4.4637,4.4637,4.4637,4.4637,4.2131,4.2131,4.2131,4.2131,4.2131,4.2131,4.2131,3.9658,3.9658,3.9658,3.9658,3.9658,3.9658,3.9658,3.9658,3.9658,3.9658,3.9658,3.9658,3.9658,
2007-05-01 00:00:00,2,4.9847,4.9847,4.9847,4.8167,4.8167,4.8167,4.8167,4.8167,4.8167,4.6508,4.6508,4.6508,4.6508,4.6508,4.6508,4.6508,4.6508,4.6508,4.6508,4.6508,4.6508,4.6508,5.1548,4.9847,4.6508,4.6508,4.6508,4.6508,4.6508,4.6508,4.6508
2007-04-01 00:00:00,2,5.5011,5.3269,5.3269,5.3269,5.3269,5.3269,6.0354,5.8553,6.7751,6.5873,5.8553,5.6772,5.3269,5.3269,5.3269,5.3269,5.3269,5.3269,5.3269,4.9847,4.9847,5.1548,6.4014,5.8553,5.3269,5.3269,5.6772,5.8553,5.3269,5.1548,
2007-03-01 00:00:00,2,7.5449,7.3497,7.1563,7.1563,7.1563,7.1563,6.7751,6.7751,6.5873,6.4014,6.4014,6.0354,6.0354,6.0354,6.0354,6.2174,10.9096,8.5484,6.7751,6.7751,6.4014,7.1563,6.9647,6.4014,6.4014,6.0354,5.8553,5.8553,5.6772,5.6772,5.6772
2007-02-01 00:00:00,2,15.4521,16.479,16.479,14.2023,14.2023,13.713,19.699,15.7066,13.713,10.9096,10.2453,38.1623,26.6144,14.6977,12.9907,11.5888,10.9096,10.9096,10.9096,14.2023,10.6865,9.1718,8.7544,8.7544,8.3441,8.1416,7.9409,7.5449,,,
2007-01-01 00:00:00,2,36.3823,32.1939,32.4349,24.1922,26.6144,20.8175,17.2646,39.4531,19.4228,14.2023,13.713,11.1344,23.1202,15.9626,13.4707,13.4707,14.2023,14.4492,13.9569,13.713,13.2299,12.517,23.9764,25.063,14.9477,86.1834,26.3906,43.6909,56.7533,28.2005,23.5468
2006-12-01 00:00:00,2,7.1563,5.1548,5.1548,6.0354,11.8184,9.5961,8.1416,11.8184,10.2453,8.1416,17.0013,34.8821,45.87,23.3331,17.7956,29.3544,18.0632,10.9096,8.1416,8.1416,9.3831,10.4651,10.4651,8.1416,7.1563,6.9647,6.0354,15.7066,18.0632,16.479,33.6502
2006-11-01 00:00:00,2,4.4869,4.6508,5.1548,4.8167,4.6508,4.9847,4.9847,4.6508,4.3252,4.4869,5.1548,4.9847,4.6508,4.6508,4.6508,4.6508,4.6508,4.3252,4.6508,5.1548,5.1548,4.8167,4.3252,4.3252,4.3252,4.8167,6.0354,5.5011,10.9096,7.742,
2006-10-01 00:00:00,2,3.7,3.853,4.3252,4.6508,5.5011,7.1563,9.1718,5.3269,4.8167,4.0082,4.0082,4.4869,6.5873,6.5873,5.1548,4.3252,20.5358,6.5873,14.9477,7.742,6.0354,5.1548,4.6508,4.6508,4.6508,4.6508,4.3252,4.3252,4.1656,4.1656,4.1656
2006-09-01 00:00:00,2,4.0082,4.1656,4.1656,4.0082,4.0082,4.0082,4.0082,4.0082,3.853,3.853,3.853,3.7,3.7,3.7,3.7,3.7,3.7,3.7,3.7,3.7,4.4869,4.0082,4.0082,4.3252,4.1656,4.0082,4.0082,4.0082,3.7,3.7,
2006-08-01 00:00:00,2,4.6508,4.3252,4.3252,4.3252,4.3252,4.3252,4.3252,4.3252,4.3252,4.3252,4.3252,4.1656,4.3252,4.3252,4.1656,4.1656,4.1656,4.1656,4.1656,4.1656,4.1656,4.1656,4.0082,4.0082,4.0082,4.0082,4.3252,4.3252,4.3252,4.1656,4.0082
2006-07-01 00:00:00,2,4.9847,4.9847,4.9847,4.9847,4.9847,4.9847,4.9847,4.9847,4.8167,4.8167,4.8167,4.8167,4.8167,4.6508,4.6508,4.6508,4.6508,4.6508,4.6508,4.6508,4.6508,4.6508,4.6508,4.6508,4.6508,4.6508,4.6508,4.4869,4.3252,4.4869,4.3252
2006-06-01 00:00:00,2,5.3269,5.3269,5.3269,5.3269,5.3269,5.3269,5.3269,5.3269,5.3269,5.1548,5.1548,5.1548,5.1548,5.1548,5.1548,5.1548,5.1548,5.1548,4.9847,4.9847,4.9847,4.9847,4.9847,4.9847,4.9847,4.9847,4.9847,4.9847,4.9847,4.9847,
2006-05-01 00:00:00,2,6.0354,6.0354,6.0354,6.0354,6.0354,6.0354,5.8553,5.8553,5.8553,5.8553,6.0354,5.6772,5.6772,5.6772,5.6772,5.6772,5.6772,5.6772,5.6772,5.3269,5.3269,5.6772,5.6772,6.4014,5.6772,5.6772,5.6772,5.5011,5.3269,5.3269,5.3269
2006-04-01 00:00:00,2,8.9622,8.7544,8.3441,7.9409,7.9409,7.9409,16.479,8.9622,7.9409,7.9409,7.5449,7.5449,7.5449,7.5449,7.1563,7.1563,7.1563,7.1563,7.1563,7.1563,7.1563,6.7751,6.7751,6.7751,6.7751,6.7751,6.4014,6.2174,6.2174,7.5449,
2006-03-01 00:00:00,2,7.1563,10.4651,9.5961,7.3497,7.1563,8.3441,28.4299,10.6865,9.3831,11.3608,8.7544,12.517,8.3441,8.1416,37.906,23.1202,13.4707,28.66,26.1676,14.2023,12.2826,10.2453,9.3831,9.1718,10.4651,12.9907,12.517,8.9622,8.1416,8.5484,10.9096
2006-02-01 00:00:00,2,7.5449,9.1718,7.5449,6.7751,6.4014,6.0354,6.0354,11.3608,8.7544,19.699,13.713,14.9477,15.7066,13.2299,9.1718,13.2299,10.9096,8.3441,7.9409,7.5449,7.742,8.7544,8.3441,8.3441,7.3497,7.1563,7.1563,7.1563,,,
2006-01-01 00:00:00,2,6.2174,10.2453,10.4651,12.7531,62.5148,41.0233,18.3323,12.517,11.3608,10.6865,10.0272,9.3831,8.5484,8.1416,7.5449,7.5449,7.5449,7.1563,7.1563,7.1563,6.7751,6.4014,6.4014,6.4014,7.1563,8.7544,10.6865,10.0272,8.5484,15.1992,9.5961
2005-12-01 00:00:00,2,14.2023,16.479,11.5888,7.5449,6.0354,8.1416,12.517,20.2555,9.3831,8.1416,52.0652,78.6513,36.3823,23.7612,18.0632,15.1992,12.517,10.4651,10.0272,9.8108,8.9622,8.7544,8.7544,7.9409,8.1416,8.3441,7.742,7.1563,6.7751,6.5873,6.9647
2005-11-01 00:00:00,2,4.1656,4.6508,4.9847,4.6508,3.853,4.0082,3.7,3.7,3.7,3.7,4.4869,3.853,3.7,3.1977,3.853,4.0082,3.46,8.9622,4.9847,4.4869,4.4869,13.713,6.5873,6.2174,8.7544,13.4707,11.3608,6.2174,13.713,40.2353,
2005-10-01 00:00:00,2,3.1977,3.1977,2.9404,2.9404,2.9404,2.9404,3.46,3.46,2.9404,2.9404,2.6882,2.6882,2.6882,2.6882,2.6882,2.6882,2.6882,2.6882,3.46,3.7,3.46,2.9404,2.9404,2.9404,2.9404,3.1977,3.1977,3.46,3.853,4.0082,4.0082
2005-09-01 00:00:00,2,3.1977,3.1977,3.1977,3.1977,3.46,3.46,3.46,3.46,3.46,3.1977,3.1977,3.1977,3.1977,3.1977,3.1977,3.1977,3.1977,3.7,4.1656,3.7,3.46,3.1977,3.1977,3.1977,3.1977,3.1977,3.1977,3.1977,3.1977,3.1977,
2005-08-01 00:00:00,2,3.7,3.7,3.7,3.7,3.7,3.7,3.7,3.7,3.46,3.46,3.46,3.46,3.46,3.46,3.46,3.46,3.46,3.46,3.46,3.46,3.46,3.1977,3.1977,3.1977,3.1977,3.1977,3.1977,3.1977,3.1977,3.1977,3.1977
2005-07-01 00:00:00,2,4.6508,4.6508,4.4869,4.4869,4.4869,4.4869,4.4869,4.3252,4.3252,4.3252,4.3252,4.3252,4.3252,4.1656,4.1656,4.1656,4.1656,4.1656,4.1656,4.3252,4.1656,4.1656,4.0082,4.0082,4.0082,4.0082,3.853,3.853,3.853,3.853,3.7
2005-06-01 00:00:00,2,6.0354,5.8553,5.6772,5.6772,5.5011,5.5011,5.5011,5.3269,5.3269,5.3269,5.1548,5.1548,5.1548,5.1548,4.9847,4.9847,4.9847,4.9847,5.3269,5.8553,6.0354,5.8553,5.5011,5.3269,4.9847,4.9847,4.8167,4.8167,4.8167,4.8167,
2005-05-01 00:00:00,2,6.4014,5.1548,4.9847,4.9847,4.6508,4.6508,4.6508,4.6508,4.4869,4.3252,4.3252,4.3252,4.3252,4.3252,4.3252,4.1656,4.1656,4.0082,4.0082,4.0082,4.0082,3.853,7.5449,8.3441,10.0272,13.4707,10.2453,7.5449,6.5873,6.4014,6.2174
2005-04-01 00:00:00,2,6.7751,6.9647,7.1563,6.5873,6.2174,6.0354,6.0354,6.0354,6.0354,5.8553,5.6772,5.6772,5.5011,5.3269,5.3269,5.3269,5.3269,5.3269,5.3269,5.1548,6.4014,6.4014,6.0354,5.6772,5.6772,6.7751,5.8553,5.5011,5.6772,8.3441,
2005-03-01 00:00:00,2,8.7544,10.0272,8.3441,9.5961,7.5449,7.1563,6.7751,6.4014,6.0354,6.4014,16.2201,8.9622,6.9647,7.1563,6.7751,12.0497,11.8184,14.2023,11.5888,12.517,48.6495,14.9477,12.517,10.2453,12.9907,11.3608,9.5961,9.5961,8.7544,7.1563,7.1563
2005-02-01 00:00:00,2,16.7394,23.5468,17.5294,14.2023,25.2825,18.8747,15.1992,12.7531,11.3608,11.3608,10.9096,9.5961,9.1718,9.1718,9.1718,8.5484,8.1416,7.9409,7.5449,7.5449,7.3497,7.1563,6.7751,6.7751,6.7751,7.9409,7.5449,12.517,,,
2005-01-01 00:00:00,2,10.6865,12.0497,8.7544,23.3331,25.063,21.6708,59.7596,17.0013,25.2825,13.2299,11.1344,10.6865,9.1718,9.1718,8.7544,7.9409,7.5449,7.742,17.7956,12.0497,13.9569,11.8184,9.8108,10.2453,8.1416,7.5449,24.1922,83.7588,60.0635,20.8175,21.1006
2004-12-01 00:00:00,2,5.5011,5.5011,6.5873,17.0013,12.2826,7.1563,24.1922,10.6865,7.742,23.3331,9.1718,7.742,7.3497,7.1563,6.5873,6.2174,6.0354,6.4014,9.1718,30.7619,20.8175,23.1202,101.638,26.3906,18.8747,11.3608,11.1344,9.5961,8.9622,9.5961,8.5484
2004-11-01 00:00:00,2,4.3252,4.3252,4.3252,4.3252,4.9847,5.5011,5.3269,6.4014,5.8553,4.6508,4.3252,4.3252,4.3252,4.3252,4.3252,4.9847,4.8167,5.1548,5.5011,6.2174,4.9847,5.3269,4.6508,4.3252,4.3252,4.3252,4.3252,4.6508,5.6772,6.5873,
2004-10-01 00:00:00,2,4.0082,4.3252,5.1548,5.8553,4.8167,4.6508,4.6508,4.3252,4.3252,4.3252,4.9847,4.6508,4.9847,4.3252,4.3252,11.1344,5.6772,4.6508,4.8167,4.6508,4.6508,4.3252,4.3252,4.6508,4.3252,5.5011,5.8553,5.1548,4.6508,4.3252,4.3252
2004-09-01 00:00:00,2,4.8167,4.6508,4.6508,4.6508,4.6508,4.6508,4.6508,4.6508,4.6508,4.6508,4.4869,4.4869,4.3252,4.3252,4.3252,4.1656,4.1656,4.4869,4.4869,4.3252,4.0082,4.0082,4.0082,4.0082,4.3252,4.3252,4.3252,4.3252,4.1656,4.0082,
2004-08-01 00:00:00,2,5.6772,5.6772,5.6772,5.3269,5.3269,5.3269,5.3269,5.3269,5.3269,5.3269,5.3269,5.3269,5.3269,5.3269,5.3269,5.3269,5.3269,5.3269,5.3269,5.3269,5.1548,5.1548,5.1548,4.9847,4.9847,4.9847,4.9847,4.9847,4.9847,4.8167,4.8167
2004-07-01 00:00:00,2,6.0354,6.0354,6.0354,6.0354,6.0354,6.0354,6.0354,6.0354,6.0354,6.0354,7.1563,6.2174,6.0354,6.0354,6.0354,6.0354,6.0354,6.0354,6.0354,7.1563,6.2174,6.0354,6.0354,6.0354,6.0354,5.8553,5.8553,5.8553,5.6772,5.6772,5.6772
2004-06-01 00:00:00,2,7.1563,7.1563,10.9096,7.1563,7.1563,7.1563,6.7751,6.7751,6.7751,6.7751,6.4014,6.4014,6.2174,6.0354,6.5873,7.1563,6.9647,6.4014,6.4014,6.4014,6.4014,6.4014,6.4014,6.4014,6.4014,6.4014,6.4014,6.2174,6.0354,6.0354,
2004-05-01 00:00:00,2,8.7544,8.5484,8.3441,8.3441,8.3441,8.1416,7.9409,7.9409,7.9409,7.9409,7.9409,7.5449,7.5449,7.5449,7.1563,7.1563,7.1563,7.1563,7.1563,7.1563,7.1563,7.1563,7.1563,7.1563,7.1563,7.1563,7.1563,6.7751,7.5449,7.5449,7.742
2004-04-01 00:00:00,2,9.5961,9.3831,11.1344,11.1344,10.0272,20.5358,12.0497,10.6865,10.9096,10.9096,10.2453,10.2453,11.5888,11.8184,16.2201,16.2201,14.4492,12.2826,10.6865,10.2453,12.7531,10.0272,9.8108,9.1718,9.1718,9.1718,9.1718,9.1718,8.7544,8.7544,
2004-03-01 00:00:00,2,16.479,15.1992,16.479,15.1992,23.1202,24.8442,17.7956,14.2023,13.2299,12.2826,11.8184,11.3608,12.2826,11.3608,22.5364,13.2299,11.3608,10.9096,11.1344,10.4651,10.4651,10.0272,9.5961,9.5961,9.1718,9.3831,13.4707,11.1344,9.5961,9.5961,11.1344
2004-02-01 00:00:00,2,12.2826,13.2299,11.8184,10.6865,10.0272,12.0497,10.9096,22.2465,17.7956,19.4228,13.4707,12.2826,10.6865,14.6977,36.8876,26.1676,13.9569,12.0497,21.385,12.7531,88.9859,75.6449,25.9452,29.5873,37.3955,63.1334,25.9452,22.5364,18.3323,,
2004-01-01 00:00:00,2,11.5888,10.4651,9.8108,9.5961,35.1305,13.4707,25.2825,30.29,18.8747,22.5364,14.6977,13.713,44.7755,11.5888,16.7394,9.3831,8.1416,7.5449,7.1563,6.5873,6.4014,6.4014,6.7751,12.0497,7.9409,60.9784,125.56,37.1412,19.9765,15.7066,13.9569
2003-12-01 00:00:00,2,5.6772,34.3874,18.8747,34.141,35.3796,31.7138,49.7784,23.7612,8.3441,7.5449,8.5484,18.0632,8.3441,6.7751,6.4014,5.8553,5.3269,5.3269,5.3269,4.9847,5.1548,6.2174,6.0354,6.5873,5.3269,4.8167,38.4192,11.3608,8.1416,7.742,7.742
2003-11-01 00:00:00,2,2.4413,4.8167,5.3269,3.46,2.6882,4.3252,4.1656,3.46,2.6882,2.2,2.2,2.2,2.4413,3.1977,2.9404,2.9404,2.6882,3.7,5.5011,4.4869,5.6772,4.1656,3.46,3.1977,3.1977,3.7,4.9847,35.3796,5.5011,6.0354,
2003-10-01 00:00:00,2,2.2,2.2,2.2,2.2,1.9647,1.9647,1.7358,2.6882,2.9404,2.6882,4.8167,3.46,2.9404,2.6882,2.2,2.2,2.2,1.9647,1.9647,1.9647,1.9647,1.9647,2.6882,3.46,2.6882,2.2,2.2,2.2,2.2,2.2,2.2
2003-09-01 00:00:00,2,2.6882,2.6882,2.4413,2.4413,2.4413,2.2,2.2,2.2,2.2,2.2,2.2,2.4413,3.7,4.3252,3.853,3.853,3.7,3.46,2.9404,2.4413,2.2,2.2,2.2,2.2,2.2,2.2,2.2,2.4413,3.46,2.6882,
2003-08-01 00:00:00,2,3.1977,3.1977,2.9404,2.9404,2.9404,2.9404,2.6882,2.6882,2.6882,2.6882,2.6882,2.6882,2.6882,2.6882,2.6882,2.6882,2.6882,2.6882,2.6882,2.4413,2.4413,2.4413,2.4413,2.4413,2.4413,4.1656,2.9404,2.9404,2.6882,2.6882,2.6882
2003-07-01 00:00:00,2,3.7,3.7,3.7,3.7,3.7,3.7,3.7,3.46,3.46,3.7,3.7,3.853,3.7,3.7,3.46,3.46,3.46,3.46,3.1977,3.1977,3.1977,3.1977,3.1977,3.1977,3.1977,3.1977,3.1977,3.1977,3.1977,3.1977,3.1977
2003-06-01 00:00:00,2,4.6508,4.6508,4.6508,4.4869,4.6508,4.4869,4.3252,4.3252,4.3252,4.3252,4.3252,4.3252,4.1656,4.0082,4.0082,4.0082,4.0082,4.0082,4.0082,3.853,4.0082,4.0082,4.0082,4.0082,4.0082,4.0082,4.0082,3.853,3.853,3.853,
2003-05-01 00:00:00,2,5.3269,5.3269,6.0354,5.6772,5.5011,9.3831,6.5873,5.6772,5.6772,5.3269,5.3269,5.3269,5.3269,5.3269,5.3269,5.3269,5.3269,5.3269,5.3269,5.1548,5.1548,4.9847,4.6508,4.6508,4.6508,4.6508,4.6508,4.6508,4.6508,4.6508,4.6508
2003-04-01 00:00:00,2,6.5873,6.4014,6.4014,10.4651,10.4651,7.3497,19.1481,7.9409,7.3497,7.742,13.9569,7.742,7.1563,7.1563,7.1563,6.9647,6.5873,6.4014,6.4014,6.0354,6.0354,6.0354,6.0354,5.8553,5.8553,5.6772,5.6772,5.6772,5.6772,5.5011,
2003-03-01 00:00:00,2,,,,,,7.3497,6.7751,6.7751,9.8108,12.2826,10.0272,9.8108,19.1481,16.2201,13.713,8.3441,12.2826,9.1718,8.1416,8.1416,8.7544,9.1718,8.9622,7.9409,7.5449,7.1563,7.1563,8.3441,7.5449,7.3497,6.9647
2003-02-01 00:00:00,2,,,,,,,,,,,,,,,,,,,,,,,,,,,,,,,
2003-01-01 00:00:00,2,11.4222,8.1024,8.1024,74.3229,15.9626,39.4531,15.1992,9.6019,8.8448,8.1024,7.6159,7.8583,8.5957,7.8583,7.8583,26.3906,22.5364,73.9938,,,,,,,,,,,,,
2002-12-01 00:00:00,2,4.7027,4.7027,4.4047,3.5632,3.5632,3.5632,4.1154,3.8349,4.1154,16.479,20.8175,20.5358,59.1537,16.2201,15.4521,11.9553,13.0381,9.0956,7.3753,7.6159,7.3753,6.8996,9.8575,7.3753,8.5957,19.9765,39.1937,8.1024,6.6645,5.9707,21.958
2002-11-01 00:00:00,2,3.3004,5.0093,3.8349,3.5632,3.8349,6.2,4.1154,3.5632,3.5632,3.5632,3.5632,4.4047,4.1154,11.4222,6.6645,6.4313,9.348,6.8996,8.1024,7.1365,10.1145,13.5874,14.9477,12.494,7.3753,6.8996,7.8583,5.6482,4.1154,4.1154,
2002-10-01 00:00:00,2,2.34,2.34,2.34,2.34,2.34,2.34,2.123,2.123,2.123,2.123,2.123,1.9154,1.9154,1.9154,1.9154,1.9154,1.9154,1.9154,1.9154,1.9154,1.9154,1.9154,1.9154,2.123,2.123,1.9154,1.9154,2.123,2.34,2.8019,3.0466
2002-09-01 00:00:00,2,2.5663,2.5663,2.5663,2.34,2.5663,2.5663,2.8019,2.8019,2.5663,2.5663,2.34,2.34,2.34,2.34,2.34,2.34,2.34,2.34,2.34,2.34,2.34,2.34,2.5663,2.8019,3.0466,2.8019,2.5663,2.34,2.34,2.34,
2002-08-01 00:00:00,2,3.0466,3.0466,3.0466,2.8019,2.8019,2.8019,2.8019,2.8019,2.8019,2.8019,2.8019,2.5663,2.5663,2.5663,2.5663,2.5663,2.5663,2.5663,2.5663,2.5663,2.5663,2.5663,2.5663,2.5663,2.5663,2.5663,2.34,2.34,2.34,2.5663,2.5663
2002-07-01 00:00:00,2,3.3004,3.3004,3.3004,3.3004,3.3004,3.3004,3.3004,3.3004,3.3004,3.0466,3.3004,3.5632,3.5632,3.5632,3.3004,3.3004,3.3004,3.3004,3.0466,3.0466,3.0466,3.0466,3.0466,3.0466,3.0466,3.0466,3.0466,3.0466,3.0466,3.0466,3.0466
2002-06-01 00:00:00,2,4.1154,4.1154,4.1154,4.1154,4.1154,4.1154,3.8349,3.8349,3.8349,3.8349,3.8349,3.8349,3.8349,3.8349,3.5632,3.5632,3.5632,3.5632,3.5632,3.5632,3.5632,3.5632,3.5632,3.5632,3.5632,3.5632,3.5632,3.3004,3.3004,3.3004,
2002-05-01 00:00:00,2,5.0093,5.0093,5.0093,5.0093,5.0093,5.0093,5.3245,4.7027,5.3245,5.3245,5.3245,5.0093,5.0093,4.7027,4.7027,4.7027,4.7027,4.7027,4.7027,5.0093,5.0093,5.3245,5.3245,5.0093,4.7027,4.4047,4.4047,4.4047,4.4047,4.4047,4.1154
2002-04-01 00:00:00,2,7.8583,7.8583,7.6159,7.1365,6.8996,6.8996,6.6645,6.6645,6.4313,6.4313,6.8996,6.8996,6.4313,6.4313,6.2,6.2,5.9707,5.9707,5.9707,5.6482,5.6482,5.3245,5.3245,5.3245,5.3245,5.3245,5.3245,5.3245,5.3245,5.0093,
2002-03-01 00:00:00,2,12.7653,11.9553,11.688,10.6332,9.8575,9.6019,9.348,9.348,9.6019,8.8448,8.3482,8.3482,8.1024,7.8583,8.8448,9.8575,8.3482,8.3482,9.6019,11.9553,19.9765,10.8947,8.3482,8.8448,12.2239,12.494,11.688,10.8947,9.0956,8.3482,7.8583
2002-02-01 00:00:00,2,16.479,9.6019,8.1024,6.6645,6.4313,11.4222,43.9611,15.9626,65.9451,57.6491,26.3906,16.7394,15.9626,14.142,22.2465,16.7394,14.6977,21.958,21.385,23.5468,51.7773,25.9452,23.5468,20.2555,18.3323,14.4212,24.1922,14.142,,,
2002-01-01 00:00:00,2,10.6332,13.0381,8.1024,6.8996,6.8996,7.8583,7.1365,7.6159,6.8996,6.2,5.9707,5.9707,6.2,18.3323,8.8448,7.1365,5.9707,10.3731,21.6708,9.6019,7.3753,6.4313,6.4313,7.3753,16.2201,7.6159,7.3753,13.0381,10.3731,11.1577,9.348
2001-12-01 00:00:00,2,15.9626,6.4313,4.1154,4.1154,3.8349,3.3004,3.0466,9.6019,4.1154,4.1154,3.5632,3.3004,3.3004,5.6482,8.1024,9.348,16.2201,15.7066,8.8448,20.5358,10.6332,11.1577,12.2239,14.142,12.2239,8.5957,24.1922,12.2239,58.8516,23.7612,13.0381
2001-11-01 00:00:00,2,2.5663,7.8583,3.8349,3.0466,3.8349,3.0466,2.5663,3.0466,3.8349,3.3004,3.0466,2.8019,3.3004,4.1154,4.1154,3.8349,3.5632,3.0466,7.3753,5.3245,4.7027,4.1154,7.3753,6.2,3.8349,3.5632,3.3004,3.0466,3.0466,6.4313,
2001-10-01 00:00:00,2,2.8019,3.8349,6.4313,3.0466,3.0466,3.0466,3.0466,4.1154,4.4047,3.8349,3.5632,3.0466,2.8019,2.8019,2.5663,2.5663,2.5663,2.5663,2.5663,3.0466,2.8019,2.5663,2.5663,2.5663,2.5663,2.34,2.123,2.123,2.123,2.123,2.123
2001-09-01 00:00:00,2,2.5663,2.5663,2.5663,2.5663,2.5663,2.5663,2.5663,2.5663,2.5663,2.34,2.34,2.34,2.34,2.8019,3.0466,2.5663,2.5663,2.5663,2.5663,2.34,2.34,2.34,2.123,2.123,2.123,2.8019,3.0466,3.0466,3.0466,2.8019,
2001-08-01 00:00:00,2,2.5663,2.5663,2.5663,2.5663,2.5663,2.5663,2.5663,2.5663,2.5663,2.5663,2.5663,2.5663,2.5663,2.5663,2.5663,2.5663,2.5663,2.5663,2.5663,2.5663,2.5663,2.5663,2.8019,3.3004,3.3004,3.0466,2.8019,2.5663,2.5663,3.0466,2.8019
2001-07-01 00:00:00,2,2.123,2.123,2.123,2.123,2.123,2.123,2.123,2.123,2.123,2.123,2.123,2.123,2.123,2.123,2.123,2.123,2.123,2.123,2.123,2.123,2.123,2.123,2.123,2.123,2.123,2.123,1.9154,2.5663,2.5663,2.34,2.5663
2001-06-01 00:00:00,2,3.0466,3.0466,3.0466,3.0466,3.0466,3.0466,3.0466,3.0466,3.0466,3.0466,2.8019,2.8019,2.8019,2.5663,2.5663,2.5663,2.5663,2.5663,2.5663,2.5663,2.5663,2.5663,2.5663,2.34,2.34,2.34,2.123,2.123,2.123,2.123,
2001-05-01 00:00:00,2,3.5632,3.5632,3.5632,3.5632,3.0466,3.0466,3.0466,3.0466,3.0466,3.0466,3.0466,3.0466,3.0466,3.0466,3.0466,3.0466,3.0466,3.0466,3.0466,3.0466,3.0466,3.0466,3.0466,3.0466,3.3004,3.0466,3.0466,3.0466,3.5632,3.0466,3.0466
2001-04-01 00:00:00,2,6.6645,5.9707,5.9707,5.9707,5.9707,5.9707,5.6482,5.6482,5.3245,5.3245,5.0093,4.7027,4.7027,4.7027,4.7027,4.4047,4.4047,4.4047,4.1154,4.1154,4.1154,4.1154,4.1154,3.8349,3.5632,3.5632,3.5632,3.5632,3.5632,3.5632,
2001-03-01 00:00:00,2,4.7027,4.7027,4.7027,5.3245,5.3245,5.6482,5.3245,5.3245,5.6482,7.6159,21.958,9.6019,7.3753,7.1365,6.4313,5.9707,5.9707,5.9707,5.6482,5.3245,5.0093,4.7027,4.4047,4.4047,4.1154,4.1154,4.1154,11.688,24.8442,8.1024,6.8996
2001-02-01 00:00:00,2,9.0956,15.4521,8.5957,7.3753,6.8996,6.4313,5.9707,5.9707,24.6262,10.6332,6.8996,5.9707,5.9707,8.5957,7.3753,6.2,17.2646,7.8583,6.6645,6.2,5.9707,5.9707,5.9707,5.6482,5.9707,5.6482,5.0093,5.0093,,,
2001-01-01 00:00:00,2,7.1365,103.869,48.6495,28.8908,13.3121,10.3731,8.3482,8.3482,7.3753,8.1024,7.3753,9.8575,8.5957,26.8389,9.6019,7.8583,6.6645,6.4313,6.2,5.9707,5.3245,5.3245,6.4313,6.2,5.6482,15.1992,7.6159,6.4313,10.3731,8.5957,12.494
2000-12-01 00:00:00,2,9.6019,7.3753,13.5874,9.348,7.8583,6.8996,5.6482,5.3245,4.7027,5.0093,17.2646,12.494,7.1365,5.9707,6.4313,17.0013,11.688,27.0641,12.494,8.5957,7.8583,6.6645,9.6019,5.3245,8.1024,20.5358,12.7653,11.688,11.688,8.1024,7.6159
2000-11-01 00:00:00,2,2.123,2.123,2.34,4.1154,3.8349,3.0466,2.8019,3.0466,3.0466,2.8019,2.123,2.34,2.8019,3.3004,6.2,3.3004,3.5632,4.7027,17.0013,12.494,10.8947,20.8175,12.494,7.6159,6.4313,6.2,8.1024,9.6019,7.8583,8.1024,
2000-10-01 00:00:00,2,3.0466,3.5632,3.0466,2.8019,2.8019,2.5663,2.5663,2.34,2.34,2.123,2.123,1.9154,1.9154,1.9154,1.7174,1.7174,1.7174,1.7174,1.7174,1.7174,1.7174,1.7174,2.123,1.9154,2.123,2.123,2.123,1.9154,3.5632,2.8019,3.0466
2000-09-01 00:00:00,2,9.8575,4.1154,7.3753,5.0093,3.5632,5.3245,6.2,4.4047,3.5632,3.5632,3.3004,3.0466,3.8349,4.7027,4.4047,4.1154,3.8349,3.8349,3.5632,3.3004,3.3004,3.0466,3.0466,3.0466,3.0466,3.0466,3.0466,3.0466,3.0466,3.0466,
2000-08-01 00:00:00,2,3.0466,3.0466,2.8019,3.0466,3.0466,3.0466,3.0466,3.0466,2.8019,2.8019,2.8019,2.8019,2.8019,2.8019,2.8019,2.5663,2.5663,2.5663,2.5663,2.34,2.34,2.34,2.34,2.34,2.34,2.34,2.34,2.34,2.34,2.34,2.34
2000-07-01 00:00:00,2,3.5632,3.5632,3.5632,3.5632,3.5632,3.5632,3.5632,3.5632,3.5632,3.5632,3.5632,3.5632,3.5632,3.5632,3.5632,3.5632,3.3004,3.3004,3.3004,3.3004,3.3004,3.0466,3.0466,3.0466,3.0466,3.0466,3.0466,3.0466,3.0466,3.0466,3.0466
2000-06-01 00:00:00,2,4.7027,4.7027,4.7027,4.7027,4.4047,4.4047,4.4047,4.4047,4.4047,4.1154,4.1154,4.1154,4.1154,4.1154,4.1154,4.1154,4.1154,4.1154,4.1154,4.1154,4.1154,4.1154,3.8349,3.8349,3.8349,3.5632,3.5632,3.5632,3.5632,3.5632,
2000-05-01 00:00:00,2,6.8996,6.8996,6.8996,6.8996,6.6645,6.6645,6.6645,6.6645,6.6645,6.6645,6.6645,6.6645,6.6645,6.4313,6.4313,6.4313,6.2,6.2,6.2,5.9707,5.9707,5.9707,5.9707,5.6482,5.3245,5.3245,5.3245,5.3245,5.3245,5.0093,5.0093
2000-04-01 00:00:00,2,12.494,11.9553,11.1577,9.348,8.8448,8.8448,8.8448,8.5957,8.3482,8.3482,8.3482,13.5874,9.0956,8.8448,8.3482,8.1024,7.8583,7.6159,15.1992,12.2239,11.4222,10.3731,8.8448,7.3753,7.3753,7.1365,7.1365,7.1365,6.8996,6.8996,
2000-03-01 00:00:00,2,9.348,9.348,9.0956,8.3482,8.3482,8.3482,8.1024,9.8575,9.6019,43.1523,31.4748,19.1481,15.4521,12.2239,11.1577,11.1577,39.1937,20.5358,38.6767,29.1222,23.7612,18.0632,15.1992,14.4212,13.5874,12.7653,11.9553,18.0632,13.3121,13.3121,12.494
2000-02-01 00:00:00,2,22.5364,34.6344,19.699,14.9477,15.4521,20.2555,35.8796,64.3774,36.1306,36.8876,37.3955,25.2825,21.1006,17.2646,14.142,13.5874,16.7394,16.7394,24.1922,15.9626,12.7653,10.8947,10.6332,10.3731,10.3731,9.8575,9.6019,11.688,15.7066,,
2000-01-01 00:00:00,2,10.8947,18.6028,60.9784,54.9775,25.5027,20.5358,19.4228,17.5294,15.9626,14.9477,14.142,13.3121,12.2239,10.6332,7.3753,7.1365,7.8583,7.3753,8.1024,8.3482,7.8583,8.1024,8.5957,8.3482,9.0956,24.8442,23.9764,37.1412,32.919,21.6708,30.9988
1999-12-01 00:00:00,2,3.511,3.511,3.0356,3.764,11.688,6.5188,6.5188,6.5188,23.9764,14.142,10.1145,10.3731,19.4228,14.142,11.4222,10.3731,9.348,8.1024,7.6159,5.8302,4.5852,4.0272,4.5852,8.8448,6.8801,6.8801,9.0956,10.6332,9.8575,9.6019,10.1145
1999-11-01 00:00:00,2,2.6,2.6,2.6,2.6,2.6,3.511,2.6,5.5025,6.1689,5.8302,5.5025,4.0272,9.6019,4.301,4.301,3.511,3.0356,3.0356,9.0956,9.8575,24.1922,7.6159,4.301,4.0272,4.0272,4.0272,3.764,3.511,3.511,3.764,
1999-10-01 00:00:00,2,2.8129,2.8129,2.8129,2.8129,2.8129,2.8129,2.8129,2.6,2.6,2.6,2.6,2.6,2.6,2.6,2.6,2.6,2.6,2.6,2.6,5.8302,2.8129,2.6,2.6,2.6,2.6,3.511,3.511,2.8129,2.6,2.6,2.6
1999-09-01 00:00:00,2,2.8129,2.6,2.6,2.6,2.3968,2.6,2.6,2.6,2.6,3.764,3.511,3.511,3.764,3.0356,3.511,4.0272,4.0272,3.2683,3.0356,2.8129,2.8129,3.0356,3.0356,2.8129,2.8129,2.8129,2.8129,2.8129,2.8129,2.8129,
1999-08-01 00:00:00,2,3.2683,3.2683,3.2683,3.2683,3.2683,3.2683,3.0356,3.0356,3.0356,3.0356,3.0356,3.0356,3.0356,3.0356,3.0356,3.0356,3.0356,3.0356,3.0356,2.8129,2.8129,2.8129,2.8129,2.8129,2.8129,2.8129,2.8129,2.8129,2.8129,2.8129,2.8129
1999-07-01 00:00:00,2,4.0272,4.0272,4.0272,4.0272,4.0272,4.0272,4.0272,4.0272,4.0272,4.0272,4.0272,4.0272,4.0272,3.764,3.764,3.764,3.764,3.511,3.511,3.511,3.511,3.511,3.511,3.511,3.511,3.511,3.511,3.511,3.511,3.2683,3.2683
1999-06-01 00:00:00,2,4.5852,4.5852,4.301,4.301,4.301,4.301,4.301,4.301,4.301,4.301,4.301,4.301,4.301,4.301,8.1024,5.5025,5.1859,4.5852,4.5852,4.5852,4.5852,4.5852,4.301,4.301,4.301,4.301,4.301,4.0272,4.0272,4.0272,
1999-05-01 00:00:00,2,5.8302,5.8302,5.8302,5.8302,5.8302,5.8302,5.8302,5.8302,5.5025,5.5025,5.5025,5.5025,5.1859,5.1859,5.1859,5.1859,5.1859,5.1859,4.8802,4.8802,4.8802,4.8802,4.8802,4.8802,4.8802,4.5852,4.5852,4.5852,4.5852,4.5852,4.5852
1999-04-01 00:00:00,2,9.8575,9.348,9.0956,8.5957,8.3482,8.3482,8.3482,10.8947,11.688,10.1145,9.348,8.5957,8.3482,8.3482,11.4222,10.3731,9.8575,9.0956,8.5957,7.6159,7.2527,7.2527,7.2527,6.8801,6.8801,6.5188,6.1689,6.1689,6.1689,6.1689,
1999-03-01 00:00:00,2,26.1676,29.8208,27.7438,22.2465,16.479,15.1992,37.6505,18.6028,19.699,16.7394,21.1006,44.7755,16.2201,20.2555,13.8641,14.142,15.9626,14.9477,13.8641,13.3121,12.494,12.2239,12.2239,23.1202,17.0013,13.5874,11.1577,10.8947,11.688,10.3731,9.8575
1999-02-01 00:00:00,2,10.1145,20.2555,13.5874,9.0956,9.348,8.1024,9.6019,8.8448,9.6019,8.5957,8.3482,10.6332,9.6019,8.5957,8.3482,8.1024,7.8583,10.6332,11.9553,10.6332,9.6019,8.5957,7.6159,8.1024,28.66,38.9348,19.4228,29.1222,,,
1999-01-01 00:00:00,2,10.6332,9.8575,10.3731,14.4212,11.9553,14.4212,33.4058,21.958,15.1992,13.8641,14.9477,10.8947,9.348,11.1577,13.5874,11.4222,10.8947,9.6019,8.5957,8.1024,7.6159,7.2527,8.1024,6.5188,7.8583,7.6159,7.2527,12.494,10.1145,8.5957,13.5874
1998-12-01 00:00:00,2,6.5188,6.1689,5.8302,4.8802,8.1024,33.1621,13.3121,8.5957,7.6159,6.1689,6.1689,5.8302,6.1689,15.1992,8.8448,11.688,11.1577,11.9553,8.5957,7.6159,6.5188,6.1689,8.3482,9.348,15.7066,24.1922,11.4222,11.688,10.6332,10.1145,10.3731
1998-11-01 00:00:00,2,16.2201,8.3482,16.2201,23.5468,10.6332,10.1145,9.348,8.5957,17.5294,12.2239,11.1577,10.3731,9.6019,26.6144,11.1577,10.3731,8.5957,7.8583,7.6159,7.2527,6.5188,6.5188,11.9553,16.2201,11.9553,10.3731,26.6144,10.3731,9.8575,9.348,
1998-10-01 00:00:00,2,3.511,3.511,3.511,3.764,3.511,3.764,9.0956,7.2527,5.1859,6.1689,5.5025,5.1859,5.1859,4.5852,4.301,11.688,13.3121,10.3731,8.1024,6.5188,5.5025,5.1859,4.8802,4.8802,4.301,3.764,5.5025,7.6159,7.8583,8.3482,7.8583
1998-09-01 00:00:00,2,3.7104,3.7104,3.5186,3.5186,3.3292,3.1423,3.1423,3.1423,3.1423,3.1423,3.1423,3.1423,3.2683,3.2683,3.2683,3.2683,3.2683,3.0356,3.0356,3.0356,3.511,3.2683,3.0356,3.0356,3.0356,8.1024,5.1859,4.5852,4.0272,3.764,
1998-08-01 00:00:00,2,3.3292,3.3292,3.3292,3.3292,3.3292,3.5186,3.7104,4.5,4.1008,4.9076,4.5,4.2993,4.1008,4.1008,3.7104,3.7104,3.5186,3.3292,3.1423,3.1423,3.1423,2.9579,2.7761,2.7761,2.7761,2.7761,2.597,2.597,2.597,2.597,3.7104
1998-07-01 00:00:00,2,4.2993,4.2993,4.2993,4.2993,4.1008,4.1008,4.1008,4.1008,4.1008,4.1008,4.1008,4.1008,4.1008,4.1008,3.9045,3.9045,3.7104,3.7104,3.7104,3.7104,3.7104,3.7104,3.5186,3.5186,3.5186,3.5186,3.5186,3.5186,3.5186,3.3292,3.3292
1998-06-01 00:00:00,2,6.1767,5.9606,5.5337,5.3231,5.3231,5.1144,5.1144,5.1144,5.1144,4.9076,4.9076,4.9076,4.7028,4.5,4.5,4.5,4.5,4.5,4.5,4.5,4.5,4.5,4.5,4.5,4.5,4.5,4.5,4.5,4.5,4.2993,
1998-05-01 00:00:00,2,7.0585,5.9606,6.1767,6.1767,7.7372,6.6142,6.1767,5.9606,5.7462,5.7462,5.5337,5.3231,5.3231,5.3231,5.1144,5.1144,5.3231,5.1144,5.1144,5.1144,4.9076,4.9076,4.9076,4.9076,4.7028,4.7028,4.7028,4.9076,5.1144,9.0719,7.0585
1998-04-01 00:00:00,2,7.2832,6.8356,8.1975,7.2832,7.0585,6.6142,6.1767,6.1767,11.7098,7.0585,6.6142,6.6142,6.6142,6.3946,6.1767,6.1767,6.1767,5.9606,5.7462,5.5337,5.3231,5.3231,5.3231,5.3231,5.5337,7.2832,6.3946,7.2832,10.6726,11.0842,
1998-03-01 00:00:00,2,11.9206,12.99,10.6726,10.4685,10.0637,9.4651,9.2679,9.0719,8.8771,8.4299,8.4299,8.4299,8.4299,7.9666,7.9666,7.7372,7.5094,7.5094,7.2832,7.2832,7.0585,7.0585,7.7372,7.2832,7.2832,7.7372,7.0585,6.8356,6.3946,6.3946,7.9666
1998-02-01 00:00:00,2,8.4413,8.4413,8.181,9.2334,8.181,9.7704,16.3496,10.3143,19.4323,13.4251,12.99,10.3143,9.501,68.0624,25.7648,34.8536,12.3452,12.774,11.5002,12.99,12.774,12.3452,13.6441,14.7544,14.9794,27.8955,16.1189,12.3452,,,
1998-01-01 00:00:00,2,8.181,7.9225,11.7098,9.7704,10.8778,10.6726,9.7704,10.2655,13.4251,19.4323,12.3452,19.6756,15.2054,11.9206,10.4685,10.2655,12.774,11.5002,20.6575,13.207,11.9206,10.6726,10.0415,9.2334,8.7035,8.9676,8.7035,8.4413,10.4685,9.2334,8.4413
1997-12-01 00:00:00,2,14.5304,17.7535,9.501,7.1589,6.9084,5.688,14.0853,13.207,18.7075,16.1189,11.5002,8.9676,8.181,7.666,7.1589,29.7989,35.7177,24.9784,18.4677,37.7572,15.2054,12.5591,10.4685,9.2334,11.5002,11.7098,9.501,11.2917,12.1323,10.6726,7.1589
1997-11-01 00:00:00,2,4.0781,3.8586,3.8586,3.642,3.642,3.642,13.207,6.1696,5.688,4.7529,4.5253,4.3004,4.0781,11.9206,9.7704,8.7035,6.9084,5.2156,5.4506,5.688,5.4506,4.983,4.7529,6.4137,10.4685,6.66,16.1189,8.181,8.7035,19.9198,
1997-10-01 00:00:00,2,5.4506,4.0781,3.8586,3.642,3.642,3.642,3.4282,3.4282,3.2175,3.2175,3.2175,3.01,3.01,2.8057,2.8057,3.2175,3.2175,3.2175,3.8586,22.1557,11.2917,8.7035,7.666,4.5253,4.5253,4.5253,12.3452,5.688,4.7529,4.3004,4.0781
1997-09-01 00:00:00,2,3.2175,3.4282,3.642,3.642,3.642,3.642,3.642,3.642,3.642,3.642,3.642,3.642,3.642,3.642,3.4282,3.4282,3.642,3.642,3.4282,3.2175,3.8586,3.642,3.642,3.4282,3.642,3.8586,3.642,3.642,3.642,6.1696,
1997-08-01 00:00:00,2,3.8586,3.8586,3.8586,3.8586,3.8586,3.8586,3.8586,3.8586,3.8586,3.8586,3.8586,3.8586,3.8586,3.8586,3.8586,3.8586,3.8586,3.8586,3.8586,3.8586,3.8586,3.8586,3.8586,3.8586,3.8586,3.642,3.642,3.642,3.642,3.4282,3.4282
1997-07-01 00:00:00,2,4.7529,4.7529,4.7529,4.7529,4.7529,4.7529,4.7529,4.7529,4.7529,4.7529,4.7529,4.5253,4.5253,4.5253,4.5253,4.5253,4.5253,4.5253,4.3004,4.3004,4.3004,4.3004,4.3004,4.0781,4.0781,4.0781,4.0781,3.8586,3.8586,3.8586,3.8586
1997-06-01 00:00:00,2,5.2156,5.2156,5.2156,5.2156,5.688,10.6726,7.1589,6.9084,5.9276,5.9276,5.4506,5.4506,5.688,5.4506,5.9276,5.688,5.688,5.4506,5.4506,5.4506,5.688,5.4506,5.4506,5.2156,5.2156,4.983,4.983,4.983,4.7529,4.7529,
1997-05-01 00:00:00,2,,,,,,,,,,,,,,,,,,,,,,,,,,,,,,,
1997-04-01 00:00:00,2,,,,,,,,,,,,,,,,,,,,,,,,,,,,,,,
1997-03-01 00:00:00,2,,,,,,,,,,,,,,,,,,,,,,,,,,,,,,,
1997-02-01 00:00:00,2,,,,,,,,,,,,,,,,,,,,,,,,,,,,,,,
1997-01-01 00:00:00,2,98.0546,120.326,243.301,47.2607,49.7184,46.9337,39.0415,30.5873,25.2185,23.4325,24.9604,26.5242,27.3194,,,,,,,,,,,,,,,,,,
1996-12-01 00:00:00,2,7.7944,8.0663,8.0663,14.2873,9.5209,7.7944,6.768,6.5263,7.0156,8.0663,8.9197,8.6289,7.7944,12.8229,10.6446,9.5209,36.6325,10.9058,9.5209,21.4522,11.9823,11.9823,21.4522,10.9058,10.1317,29.2088,21.4522,18.6065,19.0702,17.4661,17.2413
1996-11-01 00:00:00,2,5.8359,4.6046,4.9936,9.5209,5.4038,4.9936,4.6046,4.418,4.418,4.06,4.06,3.7218,3.7218,4.418,4.6046,7.2692,10.3866,5.8359,12.5396,65.4136,21.4522,30.8658,33.415,16.7949,11.7085,10.1317,9.217,8.0663,7.5287,8.0663,
1996-10-01 00:00:00,2,4.06,3.7218,4.06,4.2364,4.06,4.06,3.8884,3.7218,3.7218,3.7218,4.7965,5.4038,4.7965,4.7965,4.6046,4.418,4.06,3.7218,3.7218,3.7218,4.06,4.06,4.06,4.06,4.06,7.2692,5.4038,4.9936,4.2364,4.418,6.2905
1996-09-01 00:00:00,2,3.7218,3.7218,3.7218,6.2905,4.418,4.9936,5.196,4.418,4.06,5.196,6.5263,11.4378,5.6171,4.7965,4.418,4.418,4.2364,4.2364,4.06,4.06,3.8884,3.8884,3.7218,3.7218,3.7218,3.8884,3.7218,3.7218,3.7218,4.06,
1996-08-01 00:00:00,2,3.7218,3.7218,3.7218,3.7218,3.7218,3.7218,3.7218,3.7218,3.7218,3.7218,3.8884,3.8884,3.8884,3.7218,4.7965,4.418,4.2364,4.06,4.06,3.8884,3.7218,3.7218,3.7218,3.7218,3.7218,3.7218,3.7218,3.7218,3.7218,4.9936,3.7218
1996-07-01 00:00:00,2,4.418,4.418,4.418,4.2364,4.2364,4.06,4.06,4.06,4.06,4.06,4.06,4.06,4.06,4.06,4.06,3.8884,3.8884,3.8884,3.7218,3.7218,3.7218,3.7218,3.7218,3.7218,3.7218,3.7218,3.7218,3.7218,3.7218,3.7218,3.7218
1996-06-01 00:00:00,2,4.6046,4.6046,4.6046,4.6046,4.6046,4.418,4.418,4.418,4.418,4.418,4.418,4.418,4.418,4.418,4.418,4.418,4.418,4.418,4.418,4.418,4.2364,4.06,4.06,4.06,4.06,4.06,4.06,4.06,4.7965,4.418,
1996-05-01 00:00:00,2,5.196,5.196,5.196,5.196,5.196,5.196,5.196,5.196,4.9936,4.9936,5.196,5.196,5.196,5.196,4.9936,4.9936,4.9936,11.7085,6.768,5.8359,5.6171,5.196,5.4038,5.196,4.9936,4.9936,4.7965,4.7965,4.7965,4.7965,4.7965
1996-04-01 00:00:00,2,7.0156,7.0156,7.0156,7.0156,6.5263,6.5263,6.5263,6.0603,6.0603,5.8359,6.0603,6.768,6.768,6.5263,6.768,7.0156,7.0156,6.768,6.0603,6.0603,5.8359,5.6171,5.6171,5.6171,5.6171,5.4038,5.196,5.196,5.196,5.196,
1996-03-01 00:00:00,2,10.3866,12.5396,10.9058,10.3866,12.5396,7.7944,11.9823,11.7085,11.7085,10.9058,8.6289,8.9197,9.217,12.2594,10.3866,22.9313,30.5873,16.149,12.2594,14.8952,11.1702,9.217,12.8229,13.6921,9.5209,8.9197,8.3444,8.0663,8.0663,7.5287,7.5287
1996-02-01 00:00:00,2,6.0603,6.0603,6.2905,6.2905,8.3444,11.7085,11.9823,11.9823,7.7944,7.2692,8.6289,17.4661,13.1095,12.5396,8.6289,7.7944,6.768,6.2905,6.0603,8.6289,10.3866,8.0663,7.5287,8.6289,7.5287,9.217,8.0663,7.7944,7.2692,,
1996-01-01 00:00:00,2,14.5897,45.3119,18.1471,17.692,16.149,14.8952,15.8308,13.6921,45.9581,19.5381,24.4471,54.0797,21.9411,17.0175,14.5897,13.1095,11.1702,10.3866,9.5209,17.4661,12.2594,10.3866,10.1317,8.9197,8.6289,8.0663,7.7944,7.5287,7.0156,6.5263,6.5263
1995-12-01 00:00:00,2,4.418,4.7965,4.2364,3.7218,4.7965,3.403,3.2506,3.2506,3.2506,2.821,37.8298,35.744,20.7266,30.8658,11.4378,9.217,8.9197,8.9197,7.5287,7.7944,6.768,18.6065,11.4378,16.7949,11.7085,19.0702,15.5158,42.447,17.2413,12.5396,13.6921
1995-11-01 00:00:00,2,4.06,7.5287,5.196,4.7965,4.418,3.8884,3.403,3.1029,2.821,2.821,2.821,2.9597,4.9936,4.6046,8.6289,7.0156,4.2364,4.6046,3.56,3.2506,3.1029,3.1029,3.1029,3.2506,3.56,3.1029,3.1029,2.9597,2.821,2.821,
1995-10-01 00:00:00,2,3.403,3.1029,3.1029,2.821,2.821,4.06,3.403,3.1029,2.9597,3.1029,3.1029,2.821,3.403,4.2364,4.6046,3.8884,3.2506,3.1029,3.1029,3.1029,3.1029,3.1029,3.1029,2.821,2.821,2.821,2.821,2.821,2.6867,3.1029,4.6046
1995-09-01 00:00:00,2,2.821,2.821,2.821,2.821,2.821,2.821,2.821,2.821,2.821,2.821,2.821,2.5567,2.5567,2.5567,2.5567,2.5567,2.5567,3.56,3.56,3.1029,3.1029,3.1029,3.1029,3.1029,3.2506,3.1029,7.2692,4.7965,4.9936,3.8884,
1995-08-01 00:00:00,2,3.7218,3.7218,3.403,3.403,3.403,3.403,3.2506,3.2506,3.2506,3.2506,3.2506,3.1029,3.1029,3.1029,3.1029,3.1029,3.1029,2.9597,2.9597,2.9597,2.9597,2.9597,2.9597,2.821,2.821,2.821,2.821,2.821,2.821,2.821,2.821
1995-07-01 00:00:00,2,4.06,4.06,4.06,4.06,3.8884,3.8884,3.8884,3.7218,3.7218,3.7218,3.7218,3.7218,3.7218,3.7218,3.7218,3.7218,3.7218,3.7218,3.7218,3.7218,4.06,4.418,4.06,3.7218,3.7218,3.7218,3.7218,3.7218,3.7218,3.7218,3.7218
1995-06-01 00:00:00,2,5.196,5.196,5.196,5.196,5.196,5.196,5.196,4.9936,4.9936,4.9936,4.7965,4.7965,4.7965,4.7965,4.6046,4.6046,4.6046,4.418,4.418,4.418,4.418,4.7965,4.6046,4.2364,4.06,4.06,4.06,4.06,4.06,4.06,
1995-05-01 00:00:00,2,6.2905,6.0603,6.0603,6.0603,6.0603,31.4257,17.919,11.4378,10.1317,9.5209,8.9197,8.3444,7.0156,6.2905,6.0603,6.0603,6.2905,6.2905,6.5263,6.2905,6.2905,6.2905,6.0603,6.0603,6.2905,6.2905,6.0603,5.8359,5.6171,5.4038,5.196
1995-04-01 00:00:00,2,22.6822,13.3992,10.6446,10.1317,9.5209,8.9197,8.6289,8.0663,7.7944,7.7944,7.5287,8.6289,8.3444,7.2692,7.0156,7.0156,7.0156,7.0156,7.0156,7.0156,7.2692,7.5287,7.7944,7.2692,7.0156,6.768,6.768,6.5263,6.5263,6.5263,
1995-03-01 00:00:00,2,9.5209,8.6289,8.3444,8.0663,8.9197,8.0663,8.3444,11.4378,14.5897,10.3866,9.217,8.0663,8.0663,9.217,11.4378,8.0663,7.7944,7.2692,7.2692,7.5287,7.7944,10.1317,11.9823,11.7085,9.217,8.0663,8.0663,7.7944,7.2692,7.2692,40.2675
1995-02-01 00:00:00,2,8.0663,11.7085,21.6961,44.03,17.2413,12.8229,23.9378,47.2607,40.8858,45.6346,27.5864,28.1233,25.999,20.9674,19.7737,19.3036,29.4826,17.692,14.2873,35.744,19.0702,16.4704,13.9881,12.8229,11.1702,10.6446,10.3866,9.8313,,,
1995-01-01 00:00:00,2,16.4704,10.1317,20.7266,39.6527,15.5158,11.9823,9.217,8.6289,7.7944,6.0603,5.6171,5.196,8.3444,7.5287,5.4038,4.7965,4.6046,4.6046,6.2905,6.0603,5.6171,6.2905,5.6171,5.4038,4.7965,14.2873,14.5897,7.2692,5.6171,5.8359,11.7085
1994-12-01 00:00:00,2,5.8359,5.196,5.196,4.7965,5.4038,15.8308,6.2905,12.5396,7.0156,6.768,5.4038,4.7965,6.0603,5.4038,4.9936,4.9936,7.5287,8.3444,15.8308,7.7944,5.4038,17.2413,83.0164,11.4378,11.9823,9.217,8.3444,8.9197,6.2905,7.0156,6.0603
1994-11-01 00:00:00,2,3.7218,3.7218,3.7218,3.7218,3.7218,3.7218,3.7218,3.56,3.403,3.403,3.403,3.7218,3.7218,3.8884,5.8359,3.7218,3.7218,3.8884,16.149,8.0663,6.0603,5.4038,5.6171,6.5263,6.0603,5.196,4.9936,6.0603,17.4661,8.9197,
1994-10-01 00:00:00,2,3.56,3.403,3.403,3.2506,3.2506,3.56,3.7218,3.403,3.403,3.403,3.403,3.403,3.403,3.403,5.4038,8.0663,4.2364,3.8884,4.06,3.7218,3.56,3.403,4.2364,3.8884,3.7218,4.06,5.6171,5.4038,4.06,4.06,3.7218
1994-09-01 00:00:00,2,4.06,3.8884,3.8884,3.7218,3.7218,3.7218,3.7218,3.7218,3.7218,3.7218,3.7218,3.7218,3.7218,3.56,3.56,3.56,3.56,3.56,3.56,3.56,3.403,3.403,3.403,3.403,3.403,3.2506,5.4038,4.6046,4.06,3.8884,
1994-08-01 00:00:00,2,4.06,4.06,4.06,4.06,4.06,4.06,4.06,4.06,4.06,4.06,4.06,4.06,4.06,4.06,4.06,4.06,4.06,4.06,4.06,4.06,4.06,4.06,4.06,4.06,4.06,4.06,4.06,4.06,4.06,4.06,4.06
1994-07-01 00:00:00,2,4.7965,4.7965,4.7965,4.7965,4.7965,4.7965,4.7965,4.7965,4.6046,4.6046,4.6046,4.6046,4.418,4.418,4.418,4.418,4.418,4.418,4.418,4.418,4.2364,4.2364,4.6046,4.418,4.418,4.2364,4.2364,4.2364,4.06,4.06,4.06
1994-06-01 00:00:00,2,5.6171,5.6171,5.6171,5.6171,5.6171,5.6171,5.4038,5.196,5.196,5.196,5.196,5.196,5.196,5.196,5.196,5.196,5.196,5.196,5.196,5.196,4.9936,4.9936,5.4038,5.196,5.4038,5.196,4.7965,4.7965,4.7965,4.7965,
1994-05-01 00:00:00,2,6.0603,6.0603,6.0603,6.0603,6.0603,6.0603,5.6171,5.6171,5.6171,5.6171,5.6171,5.6171,6.0603,9.217,27.0533,13.1095,8.9197,7.7944,7.2692,6.768,6.0603,6.5263,6.0603,6.0603,6.2905,5.8359,5.6171,6.768,6.0603,6.0603,5.6171
1994-04-01 00:00:00,2,15.2039,9.5209,8.6289,8.3444,8.0663,7.5287,7.7944,7.5287,7.2692,7.0156,7.0156,6.768,6.768,6.768,6.768,7.0156,7.0156,7.2692,7.7944,10.3866,7.5287,6.768,6.5263,6.5263,6.5263,6.5263,6.5263,6.5263,6.5263,6.5263,
1994-03-01 00:00:00,2,7.0156,7.2692,11.9823,7.7944,7.5287,13.3992,17.0175,10.6446,8.6289,8.6289,15.8308,10.1317,8.6289,8.3444,9.8313,8.3444,7.7944,13.3992,42.7618,15.2039,11.7085,15.5158,11.1702,10.9058,12.2594,13.9881,13.9881,12.2594,11.1702,10.1317,9.8313
1994-02-01 00:00:00,2,11.9823,11.1702,10.3866,9.8313,9.5209,9.5209,9.217,9.217,8.6289,14.5897,9.5209,8.0663,8.3444,7.5287,7.2692,7.2692,7.2692,9.217,7.5287,7.0156,6.768,6.5263,6.5263,6.768,7.0156,7.7944,7.0156,7.7944,,,
1994-01-01 00:00:00,2,31.9894,19.7737,15.5158,57.3645,33.415,28.3933,32.2727,18.8378,15.2039,20.248,20.9674,32.5569,19.5381,22.1871,26.2611,25.7378,16.7949,13.3992,13.1095,28.1233,13.1095,33.415,34.8637,50.292,22.6822,18.8378,17.692,14.8952,13.6921,17.0175,13.1095
1993-12-01 00:00:00,2,2.5567,2.5567,2.5567,2.6867,4.418,3.56,4.06,2.821,3.2506,2.9597,6.2905,10.9058,8.3444,4.418,3.1029,2.821,3.1029,3.403,3.2506,5.196,11.1702,5.196,7.5287,16.7949,50.868,12.2594,8.6289,16.4704,24.1919,13.3992,30.8658
1993-11-01 00:00:00,2,3.56,3.403,3.56,4.418,3.8884,13.6921,7.5287,4.418,3.8884,3.7218,3.56,3.2506,3.1029,2.9597,2.821,2.821,2.821,2.6867,3.1029,2.821,2.5567,3.56,3.403,2.9597,2.5567,3.7218,4.7965,3.56,2.9597,2.6867,
1993-10-01 00:00:00,2,2.9597,4.2364,3.7218,3.7218,27.3194,18.1471,4.9936,3.2506,3.1029,2.9597,2.821,2.6867,2.5567,2.5567,2.5567,2.5567,2.821,2.5567,2.5567,3.403,2.9597,5.8359,10.3866,3.8884,11.7085,17.692,5.8359,4.418,4.418,4.06,3.7218
1993-09-01 00:00:00,2,2.5567,2.5567,2.5567,2.5567,2.5567,2.5567,2.5567,2.5567,2.5567,2.431,2.3095,2.5567,2.5567,2.5567,2.431,2.5567,2.5567,2.5567,2.5567,2.5567,2.5567,2.5567,3.56,6.2905,3.8884,3.2506,10.1317,4.2364,2.6867,3.2506,
1993-08-01 00:00:00,2,2.5567,2.5567,2.5567,2.5567,2.5567,2.5567,2.5567,2.5567,2.5567,2.5567,2.5567,2.5567,2.5567,2.431,2.821,4.06,3.2506,2.9597,2.9597,3.1029,2.9597,2.821,2.821,2.6867,2.821,2.5567,2.5567,2.5567,2.5567,2.5567,2.5567
1993-07-01 00:00:00,2,3.7218,3.56,3.56,3.403,3.403,3.2506,3.2506,3.2506,3.1029,3.1029,3.1029,2.9597,2.9597,2.9597,2.9597,2.9597,2.9597,2.9597,2.9597,2.9597,2.821,2.821,2.821,2.821,2.6867,2.6867,2.6867,2.6867,2.5567,2.5567,2.5567
1993-06-01 00:00:00,2,4.6046,4.418,4.2364,4.2364,4.2364,6.2905,5.4038,14.5897,6.768,6.5263,6.2905,4.6046,4.06,4.06,4.06,3.8884,3.7218,3.7218,4.2364,4.06,3.8884,3.7218,3.7218,3.7218,3.7218,3.7218,3.7218,3.7218,3.7218,3.7218,
1993-05-01 00:00:00,2,5.196,4.9936,7.5287,5.8359,5.8359,6.0603,5.4038,5.196,5.196,4.9936,4.7965,4.7965,4.7965,4.418,4.6046,4.418,4.418,4.2364,4.2364,4.2364,4.06,4.06,4.06,4.06,4.06,4.06,4.06,4.06,3.8884,3.7218,4.418
1993-04-01 00:00:00,2,12.2594,27.3194,15.8308,20.7266,17.919,17.2413,13.1095,37.8298,20.4868,14.2873,12.5396,11.7085,10.1317,8.6289,8.6289,8.0663,8.0663,7.7944,7.5287,7.0156,7.0156,6.5263,6.5263,6.2905,6.2905,6.0603,5.6171,5.6171,16.7949,5.196,
1993-03-01 00:00:00,2,26.2611,20.0103,17.919,16.4704,13.3992,12.5396,11.9823,11.4378,10.9058,9.8313,16.7949,10.6446,14.8952,9.8313,8.6289,10.1317,10.6446,9.5209,12.5396,11.9823,15.2039,10.1317,8.3444,7.7944,26.7883,12.2594,37.8298,18.1471,15.8308,16.149,16.149
1993-02-01 00:00:00,2,14.5897,26.2611,17.2413,12.8229,13.6921,82.3239,42.133,39.0415,34.2815,23.9378,24.4471,19.0702,19.7737,23.6846,44.9902,28.1233,21.2093,18.8378,23.4325,17.2413,15.2039,23.1814,30.8658,58.273,24.7032,24.7032,23.9378,20.7266,,,
1993-01-01 00:00:00,2,13.1095,12.5396,11.9823,25.2185,15.2039,13.3992,13.9881,13.6921,16.4704,14.2873,20.248,17.4661,14.2873,13.3992,12.5396,11.9823,12.5396,18.8378,13.1095,13.1095,14.5897,20.0103,16.149,19.0702,13.9881,18.3762,17.692,14.5897,15.5158,12.8229,27.0533
1992-12-01 00:00:00,2,14.5897,25.999,16.7949,15.2039,12.5396,11.7085,11.7085,17.2413,14.8952,12.5396,24.9604,27.8544,22.1871,17.4661,15.8308,14.2873,14.5897,25.7378,18.8378,15.5158,18.6065,14.8952,13.6921,12.8229,12.2594,13.1095,32.842,23.6846,19.5381,18.6065,13.6921
1992-11-01 00:00:00,2,45.3119,19.5381,24.7032,18.1471,20.7266,22.9313,28.6642,17.2413,21.4522,33.7029,21.4522,14.5897,13.1095,12.2594,10.6446,7.7944,9.8313,11.1702,10.1317,10.3866,17.0175,21.2093,18.1471,12.8229,11.4378,15.5158,17.4661,15.5158,16.149,13.9881,
1992-10-01 00:00:00,2,4.2364,12.8229,9.8313,6.5263,4.7965,4.418,4.418,5.4038,20.4868,10.1317,6.0603,5.4038,5.4038,4.7965,4.6046,4.418,6.768,5.196,4.418,10.1317,7.0156,4.6046,18.1471,6.2905,4.9936,4.418,6.2905,6.0603,27.8544,11.1702,16.149
1992-09-01 00:00:00,2,3.56,3.403,3.56,4.06,7.5287,8.3444,5.6171,4.06,3.8884,3.7218,3.56,3.56,3.56,3.403,3.7218,7.0156,4.7965,8.3444,5.196,4.418,4.06,3.7218,3.56,3.56,3.56,4.7965,7.5287,8.0663,4.7965,4.2364,
1992-08-01 00:00:00,2,4.208,4.208,4.0419,4.0419,4.0419,4.0419,4.0419,4.0419,4.0419,4.0419,3.8803,3.8803,3.8884,3.8884,3.8884,3.7218,3.7218,3.8884,3.8884,3.7218,3.7218,3.7218,3.7218,3.56,3.403,3.403,3.403,3.56,3.7218,3.403,3.56
1992-07-01 00:00:00,2,5.107,5.107,5.107,5.107,4.9179,4.9179,4.9179,5.107,5.3009,5.3009,5.107,5.107,4.9179,4.7335,4.7335,4.7335,4.5537,4.5537,4.5537,4.5537,4.3786,4.3786,4.3786,4.3786,4.3786,4.3786,4.3786,4.208,4.208,4.208,4.208
1992-06-01 00:00:00,2,7.0318,7.0318,6.7974,6.7974,6.7974,6.5683,6.5683,6.3444,6.3444,6.3444,6.1257,6.1257,6.1257,5.912,5.912,5.912,5.912,5.912,5.912,5.7033,5.7033,5.7033,5.4997,5.4997,5.4997,5.4997,5.3009,5.3009,5.3009,5.3009,
1992-05-01 00:00:00,2,8.2847,8.0231,7.7671,22.7205,22.4315,18.5221,14.88,12.9259,11.7537,10.5851,10.2768,9.9746,9.388,9.388,9.1035,8.8249,8.8249,8.552,8.552,8.552,8.2847,8.2847,8.2847,8.552,8.552,8.2847,7.7671,7.5166,7.5166,7.2715,7.0318
1992-04-01 00:00:00,2,8.0231,12.6884,15.8923,9.9746,9.1035,8.8249,9.6783,8.552,8.2847,8.2847,8.0231,7.7671,7.2715,9.9746,13.4055,10.2768,10.5851,9.1035,8.8249,8.8249,8.552,9.1035,13.6475,14.6306,19.0646,19.6125,19.0646,14.6306,12.6884,10.5851,
1992-03-01 00:00:00,2,21.5721,30.3504,24.7794,22.7205,15.3833,13.6475,12.6884,11.9851,11.7537,11.5468,12.218,13.8911,13.4055,13.4055,12.218,10.5851,9.388,9.9746,16.6666,15.3833,13.6475,10.5851,8.8249,8.2847,8.0231,8.8249,8.2847,8.0231,7.7671,7.5166,7.7671
1992-02-01 00:00:00,2,98.0546,87.217,99.9069,79.5756,55.5638,90.7766,67.0066,73.521,50.292,44.0599,28.7638,21.2882,19.0646,18.5221,15.1309,15.8923,15.8923,15.8923,15.8923,15.8923,15.1309,14.6306,14.6306,14.3826,13.8911,12.218,11.9851,12.218,15.8923,,
1992-01-01 00:00:00,2,7.0318,9.6783,4.208,4.0419,11.2201,11.2201,7.0318,3.8803,3.8803,3.8803,3.8803,3.8803,22.4315,57.6668,14.6306,15.3833,65.4136,48.8628,39.062,57.6668,44.0599,31.9662,127.174,47.4491,30.3504,19.8885,21.0056,33.6108,9.388,12.4524,45.1578
1991-12-01 00:00:00,2,3.8803,3.8803,3.8803,3.8803,3.8803,3.8803,3.8803,3.8803,3.8803,4.3786,4.7335,13.6475,9.6783,4.7335,3.8803,6.3444,5.912,4.3786,4.3786,3.8803,3.8803,4.0419,3.8803,3.8803,6.3444,15.3833,28.1375,32.2928,11.2201,10.8995,14.88
1991-11-01 00:00:00,2,3.8803,4.208,4.0419,3.8803,3.8803,3.8803,3.8803,3.8803,3.8803,3.8803,3.8803,3.8803,3.8803,3.8803,3.8803,3.8803,3.8803,3.8803,3.8803,3.8803,3.8803,3.8803,3.8803,3.8803,3.8803,3.8803,3.8803,3.8803,3.8803,3.8803,
1991-10-01 00:00:00,2,15.6371,3.8803,5.107,3.8803,3.8803,3.8803,12.4524,4.0419,3.8803,3.8803,3.8803,3.8803,3.8803,3.8803,3.8803,3.8803,3.8803,3.8803,4.7335,3.8803,3.8803,3.8803,3.8803,3.8803,3.8803,3.8803,3.8803,3.8803,3.8803,3.8803,4.0419
1991-09-01 00:00:00,2,3.8803,3.8803,3.8803,3.8803,3.8803,3.8803,3.8803,3.8803,3.8803,3.8803,3.8803,3.8803,3.8803,3.8803,3.8803,3.8803,3.8803,3.8803,3.8803,3.8803,3.8803,3.8803,3.8803,3.8803,3.8803,3.8803,3.8803,3.8803,3.8803,3.8803,
1991-08-01 00:00:00,2,3.8803,3.8803,3.8803,3.8803,3.8803,3.8803,3.8803,3.8803,3.8803,3.8803,3.8803,3.8803,3.8803,3.8803,3.8803,3.8803,3.8803,3.8803,3.8803,3.8803,3.8803,3.8803,3.8803,3.8803,3.8803,3.8803,3.8803,3.8803,3.8803,3.8803,3.8803
1991-07-01 00:00:00,2,3.8803,3.8803,3.8803,3.8803,3.8803,3.8803,3.8803,3.8803,3.8803,3.8803,3.8803,3.8803,3.8803,4.0419,3.8803,3.8803,3.8803,3.8803,3.8803,3.8803,3.8803,3.8803,3.8803,3.8803,3.8803,3.8803,3.8803,3.8803,3.8803,3.8803,3.8803
1991-06-01 00:00:00,2,3.8803,3.8803,3.723,3.57,3.57,3.723,3.723,3.723,3.723,3.8803,3.8803,3.8803,3.8803,3.8803,3.8803,3.8803,3.8803,3.8803,3.8803,3.8803,3.8803,3.8803,3.8803,3.8803,3.8803,3.8803,3.8803,3.8803,3.8803,3.8803,
1991-05-01 00:00:00,2,5.4997,5.3009,5.3009,5.3009,7.0318,7.0318,7.0318,6.7974,6.7974,7.2715,7.0318,7.0318,7.0318,7.0318,7.0318,7.0318,6.7974,6.1257,5.7033,5.4997,5.3009,5.107,4.7335,4.5537,4.3786,4.3786,4.5537,4.208,4.208,4.208,4.0419
1991-04-01 00:00:00,2,71.8712,62.271,45.8948,18.2529,17.1898,16.149,15.6371,15.3833,15.3833,14.1361,13.8911,13.4055,12.6884,11.7537,10.8995,9.9746,8.8249,8.0231,7.5166,7.0318,6.7974,6.3444,5.912,5.7033,5.3009,5.107,5.107,5.107,5.7033,5.4997,
1991-03-01 00:00:00,2,6.1257,5.7033,6.7974,6.7974,30.3504,67.0066,52.6107,17.1898,15.6371,13.4055,12.4524,11.2201,9.1035,20.1658,10.5851,9.9746,9.6783,9.1035,8.8249,8.2847,7.7671,7.0318,6.5683,6.1257,5.7033,5.7033,88.9901,127.174,61.3396,68.2913,78.554
1991-02-01 00:00:00,2,25.6805,20.1658,14.3826,11.7537,9.388,8.2847,8.552,18.5221,25.6805,21.2882,17.1898,15.6371,15.3833,14.1361,13.6475,13.4055,12.6884,12.4524,11.9851,11.524,10.5851,9.388,8.552,8.0231,7.5166,7.0318,6.3444,6.1257,,,
1991-01-01 00:00:00,2,5.4997,4.9179,4.9179,9.388,15.131,31.9662,12.218,8.8249,7.2715,5.7033,5.3009,4.9179,4.3786,56.1616,36.9846,15.3833,12.9259,11.7537,10.5851,8.8249,8.0231,7.2715,6.3444,5.7033,5.3009,24.1848,71.8712,68.6139,78.554,68.6139,27.2071
1990-12-01 00:00:00,2,10.5851,9.6783,9.1035,8.2847,7.7671,7.5166,7.0318,6.5683,5.912,5.7033,5.4997,5.107,4.9179,8.552,7.5166,6.5683,10.5851,9.6783,8.2847,5.912,5.3009,4.9179,6.3444,5.3009,5.107,16.9275,9.9746,8.8249,8.552,7.0318,5.912
1990-11-01 00:00:00,2,4.208,7.5166,7.0318,6.5683,7.2715,10.5851,7.5166,7.2715,6.5683,6.1257,5.7033,5.7033,5.4997,4.9179,4.5537,4.208,4.208,4.0419,5.3009,4.5537,4.9179,4.5537,4.3786,4.208,16.6666,16.9275,16.6666,15.6371,14.3826,12.9259,
1990-10-01 00:00:00,2,3.8803,4.0419,7.5166,6.3444,5.7033,5.3009,5.3009,4.9179,4.5537,4.208,3.8803,3.8803,3.723,3.57,7.0318,5.107,4.9179,6.1257,5.7033,7.5166,6.7974,6.5683,6.1257,5.7033,5.912,5.3009,4.9179,4.9179,4.5537,4.3786,4.208
1990-09-01 00:00:00,2,4.0419,8.8249,5.3009,4.5537,4.208,4.208,3.8803,3.8803,3.8803,3.8803,3.723,3.723,4.208,4.3786,7.0318,4.7335,4.5537,4.3786,4.208,4.208,4.208,4.208,4.208,4.0419,3.8803,3.8803,3.8803,3.8803,3.8803,3.8803,
1990-08-01 00:00:00,2,3.57,3.57,3.57,3.57,3.57,3.57,3.57,3.4213,3.4213,3.4213,3.4213,3.4213,3.2767,3.2767,3.2767,3.2767,3.2767,4.9179,4.9179,5.3009,4.9179,4.3786,4.5537,4.3786,4.208,4.0419,3.8803,4.208,4.208,4.208,3.8803
1990-07-01 00:00:00,2,4.208,4.208,4.208,4.208,4.208,4.7335,4.5537,4.3786,4.208,4.208,4.5537,4.3786,4.3786,4.208,4.208,4.208,4.0419,3.8803,3.8803,3.8803,3.8803,3.8803,3.8803,3.8803,3.8803,3.8803,3.723,3.723,3.57,3.57,3.57
1990-06-01 00:00:00,2,5.107,5.107,5.107,4.9179,4.9179,4.9179,4.7335,4.7335,4.7335,4.7335,4.7335,4.7335,4.5537,4.5537,4.5537,4.5537,4.5537,4.5537,4.3786,4.3786,4.3786,4.3786,4.3786,4.3786,4.3786,4.3786,4.208,4.208,4.208,4.208,
1990-05-01 00:00:00,2,8.0231,7.7671,7.5166,7.2715,7.0318,6.5683,6.5683,6.3444,6.1257,6.1257,6.1257,7.5166,6.7974,7.2715,7.2715,10.5851,9.9746,13.1649,12.6884,12.218,11.7537,9.9746,6.7974,6.1257,5.912,5.7033,5.4997,5.4997,5.3009,5.107,5.107
1990-04-01 00:00:00,2,9.1035,9.1035,9.1035,9.9746,10.2768,10.2768,9.9746,8.8249,7.5166,7.2715,7.0318,7.0318,6.7974,11.5468,13.6475,11.7537,13.6475,22.7205,21.5721,15.3833,12.9259,12.4524,12.218,12.218,11.5468,10.8995,10.2768,9.9746,9.388,8.552,
1990-03-01 00:00:00,2,20.1658,14.6306,9.6783,7.2715,6.7974,6.5683,6.3444,7.0318,6.7974,5.4997,4.9179,4.7335,4.5537,4.3786,4.3786,4.208,4.208,16.4071,12.4524,10.5851,10.5851,8.8249,11.9851,12.4524,11.5468,11.2201,28.7638,14.3826,11.9851,9.9746,9.6783
1990-02-01 00:00:00,2,5.3009,5.107,5.107,5.107,5.107,4.9179,4.9179,4.7335,4.7335,4.9179,4.7335,4.9179,9.1035,17.1898,12.9259,12.4524,6.1257,5.912,5.7033,5.4997,5.4997,6.1257,5.7033,5.3009,5.4997,15.3833,13.6475,11.524,,,
1990-01-01 00:00:00,2,27.8262,30.3504,37.3281,53.1964,42.6107,22.1437,16.149,14.88,12.6884,11.9851,11.5468,10.8995,10.5851,9.6783,8.552,8.0231,7.5166,7.2715,6.7974,6.5683,6.3444,6.3444,6.1257,13.4055,8.552,6.7974,6.5683,6.3444,6.1257,5.912,5.7033
1989-12-01 00:00:00,2,4.3786,4.208,3.8803,3.723,3.723,5.3009,4.7335,3.8803,3.723,3.57,12.6884,19.6125,21.0056,20.1658,26.2875,21.5721,28.4501,19.8885,15.3833,33.2796,16.149,12.4524,10.5851,7.2715,6.3444,6.3444,6.7974,7.2715,7.2715,15.3833,13.8911
1989-11-01 00:00:00,2,2.7393,2.7393,4.0419,4.5537,3.4213,3.2767,3,3,3.57,3,5.912,11.9851,11.7537,5.3009,4.208,3.8803,5.107,8.2847,12.4524,14.88,12.218,14.3826,13.8911,7.5166,5.912,5.107,4.7335,4.7335,4.9179,4.7335,
1989-10-01 00:00:00,2,3.8803,3.57,3.4213,3.57,3.57,3.4213,3.2767,3.2767,3.1363,3,2.8677,3.2767,3,2.7393,2.7393,3,3.8803,3.1363,3,2.8677,2.8677,2.7393,6.7974,4.0419,3.4213,3.1363,3,3,2.7393,2.7393,2.7393
1989-09-01 00:00:00,2,3.8803,3.723,3.2767,3.2767,4.5537,6.3444,4.208,3.8803,3.723,3.57,3.57,3.57,3.57,4.0419,3.8803,3.57,3.2767,3.1363,3.1363,3.1363,3,3.1363,3.4213,3.1363,3,3.1363,3.1363,3.57,3.1363,4.5537,
1989-08-01 00:00:00,2,4.0419,3.57,3.57,3.57,3.4213,3.4213,3.2767,3.2767,3.1363,3.1363,3.1363,3,3,2.7393,2.7393,2.7393,2.7393,2.7393,2.7393,2.7393,2.7393,2.7393,2.7393,2.7393,2.7393,12.4524,5.4997,5.3009,4.7335,4.208,4.0419
1989-07-01 00:00:00,2,3.8803,3.8803,3.8803,3.8803,3.8803,3.8803,3.8803,3.8803,3.8803,3.8803,3.8803,3.8803,3.8803,3.8803,3.8803,3.57,3.57,3.57,3.57,3.57,3.57,3.57,3.57,3.57,3.57,3.57,3.57,3.2767,3.2767,3.4213,5.912
1989-06-01 00:00:00,2,3.8803,3.8803,3.8803,3.8803,3.8803,3.8803,3.8803,3.8803,3.8803,3.8803,3.8803,4.5537,4.3786,4.208,4.208,4.208,3.8803,3.8803,3.8803,3.8803,3.8803,3.8803,3.8803,3.8803,3.8803,3.8803,3.8803,3.8803,3.8803,3.8803,
1989-05-01 00:00:00,2,5.107,5.912,5.3009,4.7335,4.7335,4.7335,4.5537,4.208,4.208,4.0419,4.0419,4.0419,3.8803,3.8803,3.8803,3.8803,3.8803,3.8803,3.8803,3.8803,3.723,3.723,3.8803,3.8803,3.8803,3.8803,3.8803,3.8803,3.8803,3.8803,3.8803
1989-04-01 00:00:00,2,4.9179,4.9179,4.9179,4.9179,4.9179,4.9179,12.218,7.5166,5.912,5.107,4.9179,5.7033,7.5166,6.5683,6.1257,5.7033,5.3009,4.9179,4.9179,4.9179,4.5537,4.5537,4.3786,4.3786,4.208,4.3786,4.3786,4.208,4.3786,4.7335,
1989-03-01 00:00:00,2,8.552,12.4524,17.1898,15.6371,29.0788,12.4524,9.9746,9.6783,8.552,8.2847,8.0231,7.5166,13.4055,13.4055,11.9851,15.131,13.1649,9.6783,7.5166,7.0318,7.0318,6.5683,6.1257,5.7033,5.7033,5.7033,5.7033,5.3009,5.3009,5.3009,5.3009
1989-02-01 00:00:00,2,6.1257,6.1257,7.2715,8.2847,8.0231,8.2847,19.0646,13.1649,16.9275,26.8993,19.3379,12.6884,14.88,16.149,44.0599,18.7927,20.1658,14.88,20.7243,12.218,13.8911,17.9851,14.88,12.4524,37.3281,12.6884,9.6783,8.8249,,,
1989-01-01 00:00:00,2,18.5221,10.8995,9.9746,11.9851,18.5221,46.2649,27.2071,22.1437,21.5721,17.4535,16.6666,14.1361,11.9851,11.9851,16.6666,12.4524,11.9851,10.8995,9.9746,10.5851,9.9746,9.1035,8.2847,8.0231,7.7671,7.2715,7.0318,6.5683,6.5683,6.5683,6.1257
1988-12-01 00:00:00,2,5.3009,5.3009,13.6475,12.218,7.2715,5.7033,4.9179,4.5537,4.5537,9.388,6.1257,6.1257,7.0318,10.2768,10.8995,6.5683,5.7033,5.7033,7.0318,14.88,25.6805,19.0646,16.4071,21.0056,14.6306,18.7927,14.6306,9.9746,8.8249,8.552,11.2201
1988-11-01 00:00:00,2,4.5537,4.5537,4.208,7.5166,6.3444,8.2847,9.9746,8.552,7.7671,6.7974,5.912,5.107,4.9179,4.9179,9.6783,7.7671,7.5166,5.7033,5.3009,5.3009,7.5166,8.0231,8.0231,9.388,6.1257,5.4997,6.3444,5.4997,5.107,4.5537,
1988-10-01 00:00:00,2,4.9179,4.5537,4.5537,5.3009,7.2715,4.9179,7.0318,4.7335,4.5537,4.208,4.208,4.208,7.7671,6.7974,4.7335,4.208,4.208,4.208,4.208,20.4444,6.7974,5.912,5.912,7.2715,5.107,4.5537,7.7671,6.3444,5.4997,4.9179,5.107
1988-09-01 00:00:00,2,4.208,4.208,4.208,4.208,4.208,4.208,4.208,4.0419,4.0419,4.0419,3.8803,3.8803,3.8803,3.8803,3.8803,3.8803,3.8803,3.8803,3.8803,3.8803,3.8803,3.8803,3.8803,3.8803,3.8803,3.723,3.723,3.723,5.107,5.3009,
1988-08-01 00:00:00,2,4.7335,4.9179,4.9179,4.9179,4.9179,4.9179,4.9179,4.9179,4.9179,4.9179,4.9179,4.9179,4.9179,4.9179,4.9179,4.9179,4.9179,4.9179,4.7335,4.7335,4.5537,4.5537,4.5537,4.5537,4.5537,4.5537,4.5537,4.208,4.208,4.208,4.208
1988-07-01 00:00:00,2,4.5537,4.5537,4.5537,4.5537,4.5537,4.5537,4.5537,4.5537,4.5537,4.3786,4.3786,4.3786,4.208,4.208,4.208,4.208,4.208,4.208,4.208,4.208,4.208,4.208,4.208,4.3786,4.3786,4.3786,4.3786,4.3786,4.5537,4.5537,4.5537
1988-06-01 00:00:00,2,4.9179,4.9179,4.9179,6.3444,6.1257,5.7033,5.3009,5.3009,5.107,4.9179,4.9179,4.9179,4.9179,4.9179,4.9179,4.9179,4.9179,4.7335,4.7335,4.5537,4.5537,4.5537,4.5537,4.5537,4.5537,4.5537,4.5537,4.5537,4.5537,4.5537,
1988-05-01 00:00:00,2,5.7033,5.7033,5.7033,5.7033,5.7033,5.7033,5.7033,5.3009,5.3009,5.3009,5.3009,5.107,5.107,4.9179,5.3009,5.3009,5.4997,8.0231,5.912,5.7033,5.3009,5.3009,5.3009,5.3009,5.3009,5.4997,5.3009,5.3009,5.3009,5.3009,5.107
1988-04-01 00:00:00,2,6.3444,6.1257,6.1257,6.1257,6.1257,6.1257,6.3444,6.1257,6.1257,6.1257,5.912,5.7033,5.7033,6.1257,5.912,5.7033,5.7033,9.6783,19.8885,12.6884,8.0231,7.0318,6.5683,6.3444,6.1257,6.3444,6.5683,6.1257,5.7033,5.7033,
1988-03-01 00:00:00,2,11.5468,12.9259,20.4444,11.2201,13.1649,14.1361,11.7537,11.9851,9.388,8.8249,8.552,8.0231,8.0231,7.7671,7.5166,7.5166,7.7671,7.5166,7.5166,7.2715,7.0318,7.0318,7.0318,6.5683,6.5683,6.5683,6.1257,6.1257,6.1257,6.1257,6.1257
1988-02-01 00:00:00,2,5.107,5.3009,5.912,8.8249,6.1257,6.1257,10.8995,25.6805,29.3949,39.4121,45.1578,22.4315,17.4535,14.6306,14.3826,15.8923,14.88,21.0056,15.6371,14.88,13.1649,11.9851,11.2201,10.8995,10.2768,8.2847,12.6884,12.6884,10.8995,,
1988-01-01 00:00:00,2,8.2847,7.7671,7.2715,5.912,5.912,5.7033,8.8249,6.5683,7.0318,6.5683,22.4315,10.8995,8.552,7.0318,6.7974,5.912,12.9259,6.7974,5.7033,5.7033,5.7033,5.3009,5.107,6.3444,5.7033,5.107,4.5537,4.5537,4.9179,6.7974,5.3009
1987-12-01 00:00:00,2,6.1257,5.7033,5.4997,6.5683,10.5851,8.0231,11.2201,21.8572,21.2882,14.1361,8.0231,17.9851,15.8923,23.8894,11.2201,8.0231,7.5166,6.5683,6.7974,15.8923,15.8923,9.1035,7.0318,7.0318,6.7974,6.5683,6.5683,6.5683,6.3444,8.552,8.0231
1987-11-01 00:00:00,2,5.7033,4.9179,4.5537,3.8803,3.57,3.57,3.723,3.57,3.57,9.388,5.4997,4.5537,4.5537,12.9259,10.8995,10.8995,6.1257,5.3009,4.3786,4.208,4.208,8.8249,5.7033,4.7335,22.7205,9.388,6.7974,6.5683,8.552,6.3444,
1987-10-01 00:00:00,2,3.723,3.57,3.57,3.57,3.57,3.57,3.57,3.57,3.57,3.2767,3.2767,3.2767,3.1363,3.1363,3.1363,3,3,3,3,2.8677,3,4.0419,3.57,7.5166,14.1361,10.5851,9.388,5.4997,4.0419,5.107,8.552
1987-09-01 00:00:00,2,3.4213,3.4213,3.2767,3.2767,3.2767,3.4213,3.4213,3.57,3.57,3.57,3.723,3.57,3.57,3.57,3.57,3.57,3.4213,3.4213,3.57,3.4213,3.4213,5.7033,8.8249,5.7033,5.3009,5.3009,4.7335,4.0419,3.8803,3.8803,
1987-08-01 00:00:00,2,3.723,3.57,3.57,3.57,3.57,3.57,3.8803,3.8803,3.8803,3.8803,3.8803,3.8803,3.723,3.723,3.57,3.57,3.57,3.57,3.57,3.57,3.4213,3.4213,3.4213,3.4213,3.4213,3.4213,3.4213,3.4213,3.4213,3.4213,3.4213
1987-07-01 00:00:00,2,4.208,4.208,4.208,4.208,4.208,4.208,4.208,3.8803,4.208,4.208,4.208,4.208,4.0419,4.0419,4.0419,3.8803,3.8803,3.8803,3.8803,3.8803,3.8803,3.8803,3.8803,3.8803,3.8803,3.8803,3.8803,3.8803,3.8803,3.8803,3.723
1987-06-01 00:00:00,2,5.107,5.107,4.9179,4.9179,4.9179,4.9179,4.5537,4.5537,5.107,4.9179,4.9179,4.5537,4.5537,4.5537,4.5537,4.5537,4.5537,4.5537,4.5537,4.208,4.208,4.208,4.208,4.3786,4.208,4.208,4.208,4.208,4.208,4.208,
1987-05-01 00:00:00,2,6.3444,6.1257,6.1257,6.1257,5.912,5.7033,5.7033,5.7033,5.7033,5.7033,5.7033,5.7033,5.4997,5.3009,5.3009,5.7033,5.7033,5.7033,5.7033,5.7033,5.7033,6.1257,5.4997,5.3009,5.3009,5.3009,5.107,5.3009,5.107,5.107,5.107
1987-04-01 00:00:00,2,4.9179,4.9179,9.6783,12.218,40.4687,20.7243,12.6884,11.2201,10.8995,10.8995,12.9259,11.9851,11.5468,9.1035,8.552,8.0231,7.5166,7.0318,6.5683,6.5683,6.5683,7.0318,6.7974,6.5683,6.5683,6.1257,6.1257,6.1257,6.7974,6.5683,
1987-03-01 00:00:00,2,7.2715,6.5683,6.1257,6.1257,6.1257,6.1257,6.1257,6.7974,6.7974,14.1361,6.7974,6.1257,6.1257,5.912,5.7033,12.4524,7.2715,6.3444,6.1257,6.1257,6.3444,6.3444,6.3444,6.3444,6.1257,5.7033,5.3009,5.3009,5.3009,5.3009,5.107
1987-02-01 00:00:00,2,10.8995,9.9746,9.6783,30.9932,14.6306,14.1361,15.6371,16.6666,11.9851,11.9851,12.218,9.9746,9.388,11.5468,9.1035,8.8249,8.552,13.4055,12.218,8.552,7.7671,7.2715,7.0318,7.0318,7.0318,6.7974,6.5683,6.5683,,,
1987-01-01 00:00:00,2,18.7927,18.2529,13.1649,13.8911,10.8995,9.6783,8.552,8.0231,8.0231,14.88,10.5851,9.6783,8.2847,8.0231,8.0231,17.7186,9.6783,17.9851,15.131,12.4524,13.1649,13.6475,20.1658,21.0056,25.6805,14.1361,31.9662,16.149,21.2882,15.8923,12.6884
1986-12-01 00:00:00,2,7.2715,5.7033,8.8249,7.5166,7.0318,4.9179,4.9179,6.5683,6.5683,6.5683,6.1257,6.1257,7.5166,10.5851,17.9851,9.9746,11.524,10.2768,6.5683,6.5683,6.1257,12.6884,10.2768,9.1035,30.9932,64.4647,51.4464,34.2766,33.6108,99.9069,22.4315
1986-11-01 00:00:00,2,3.8803,3.8803,3.8803,3.8803,4.208,4.0419,4.0419,4.0419,4.0419,4.0419,4.208,10.2768,5.4997,4.5537,4.208,4.208,4.208,4.208,4.0419,4.0419,4.0419,4.0419,3.8803,3.8803,3.8803,3.8803,3.8803,4.208,4.208,7.7671,
1986-10-01 00:00:00,2,4.3786,4.208,4.208,4.0419,4.0419,4.0419,4.0419,4.0419,4.0419,4.0419,4.0419,4.0419,4.0419,4.0419,4.0419,4.0419,3.8803,3.8803,3.8803,3.8803,4.208,4.3786,4.208,4.208,3.8803,3.8803,3.8803,3.8803,3.8803,3.8803,3.8803
1986-09-01 00:00:00,2,4.7335,4.7335,4.7335,4.7335,4.7335,4.5537,4.5537,4.5537,4.5537,4.5537,4.5537,4.5537,4.5537,4.3786,4.3786,4.3786,4.3786,4.208,4.208,4.208,4.208,4.208,4.208,4.208,4.208,4.208,4.208,4.208,4.7335,4.5537,
1986-08-01 00:00:00,2,4.9179,4.9179,4.9179,4.9179,4.9179,4.9179,4.7335,4.7335,4.7335,4.7335,4.5537,4.5537,4.5537,4.9179,4.9179,8.552,6.1257,5.4997,4.9179,4.9179,4.9179,5.4997,6.3444,6.1257,5.4997,5.7033,5.3009,4.9179,4.9179,4.9179,4.7335
1986-07-01 00:00:00,2,5.3009,5.3009,5.7033,5.4997,5.4997,5.3009,5.3009,5.3009,5.3009,5.3009,5.3009,5.3009,5.3009,5.107,5.107,5.107,4.9179,4.9179,4.9179,4.9179,4.9179,4.9179,6.1257,6.3444,5.7033,5.3009,5.107,4.9179,4.9179,4.9179,4.9179
1986-06-01 00:00:00,2,5.7033,5.7033,5.7033,5.7033,5.7033,5.3009,5.3009,5.3009,5.3009,5.3009,5.3009,5.3009,5.3009,5.3009,5.3009,5.3009,5.3009,5.3009,5.3009,5.3009,5.3009,5.3009,5.3009,5.3009,5.3009,5.3009,5.3009,5.3009,5.3009,5.3009,
1986-05-01 00:00:00,2,6.5683,6.5683,6.1257,6.1257,6.1257,6.1257,6.1257,6.3444,7.5166,8.0231,7.5166,8.2847,7.0318,6.5683,6.5683,6.5683,6.5683,6.1257,6.1257,6.1257,6.1257,6.1257,6.1257,5.7033,5.7033,5.7033,5.7033,5.7033,5.7033,5.7033,5.7033
1986-04-01 00:00:00,2,9.1035,8.8249,8.552,8.552,8.2847,8.0231,8.0231,8.0231,7.7671,7.5166,10.2768,8.552,8.0231,12.6884,7.7671,7.2715,7.0318,7.0318,7.0318,7.0318,7.0318,7.0318,7.0318,7.0318,6.7974,7.0318,8.552,7.5166,7.0318,6.5683,
1986-03-01 00:00:00,2,9.6783,9.9746,14.3826,11.5468,11.7537,10.5851,15.8923,20.1658,14.3826,12.4524,11.2201,10.5851,9.6783,9.6783,9.6783,9.1035,9.1035,9.1035,9.388,8.8249,8.552,8.552,8.0231,9.9746,9.388,16.4071,12.4524,11.7537,11.2201,14.1361,10.5851
1986-02-01 00:00:00,2,10.8995,9.388,21.2882,12.4524,11.5468,14.3826,17.9851,15.131,15.6371,14.6306,13.4055,13.1649,12.6884,16.4071,35.2837,16.9275,15.6371,14.88,50.292,31.9662,15.8923,13.8911,12.218,11.7537,11.5468,10.8995,9.6783,9.6783,,,
1986-01-01 00:00:00,2,15.8923,14.6306,13.4055,12.218,42.6107,22.7205,22.1437,45.1578,33.2796,59.1868,21.2882,20.4444,40.823,47.1682,115.187,47.4491,22.7205,20.7243,15.8923,15.8923,17.7186,16.149,13.4055,11.9851,11.9851,11.9851,11.7537,11.5468,11.5468,11.5468,10.8995
1985-12-01 00:00:00,2,5.107,4.7335,4.208,7.5166,7.5166,4.9179,4.208,3.8803,3.57,3.4213,3.2767,3.2767,3.2767,3.2767,9.388,6.5683,4.9179,15.3833,6.5683,6.1257,5.107,17.4535,32.6206,30.0307,23.3024,67.9693,148.124,35.2837,24.1848,17.9851,15.8923
1985-11-01 00:00:00,2,3.57,4.208,4.208,5.7033,7.2715,4.208,3.8803,3.57,3.2767,3.1363,3,3,3,3,3,2.8677,2.7393,2.7393,2.7393,4.0419,5.912,3.8803,4.7335,4.208,3.723,4.9179,6.3444,11.7537,9.9746,7.7671,
1985-10-01 00:00:00,2,3.57,3.723,3.57,3.4213,3.4213,3.4213,3.2767,3.2767,3.2767,3.1363,3.1363,3.1363,3,3,2.8677,2.7393,2.7393,2.7393,2.7393,2.7393,2.7393,2.7393,2.7393,2.6148,3.57,6.5683,5.107,3.4213,3.8803,4.3786,3.8803
1985-09-01 00:00:00,2,4.0419,4.0419,3.57,3.57,3.57,3.8803,4.0419,3.8803,3.723,3.57,3.57,3.57,3.57,3.57,3.57,3.57,3.57,3.57,3.57,3.57,3.57,3.57,3.57,4.208,3.57,3.57,3.57,3.57,4.5537,3.8803,
1985-08-01 00:00:00,2,4.208,4.0419,3.8803,3.8803,3.8803,3.8803,3.8803,3.8803,3.8803,3.8803,3.8803,3.8803,3.8803,3.8803,3.8803,3.57,3.57,3.57,3.57,3.57,3.57,3.57,3.57,3.57,3.57,3.57,3.57,3.57,3.57,3.57,3.57
1985-07-01 00:00:00,2,4.9179,4.9179,4.9179,4.9179,4.9179,4.7335,4.7335,4.7335,4.7335,4.5537,4.5537,4.5537,4.5537,4.5537,4.5537,4.5537,4.5537,4.208,4.208,4.208,4.208,4.208,4.208,4.208,4.208,4.208,4.208,4.208,4.208,4.208,4.208
1985-06-01 00:00:00,2,5.7033,5.7033,5.7033,5.7033,5.7033,5.7033,5.3009,5.3009,5.3009,5.3009,5.3009,5.3009,5.3009,5.3009,5.3009,5.107,5.107,5.107,5.107,5.107,5.107,5.107,5.107,5.107,5.107,5.107,5.107,4.9179,4.9179,4.9179,
1985-05-01 00:00:00,2,8.0231,8.0231,7.7671,7.7671,7.5166,7.5166,7.0318,7.0318,7.0318,7.0318,7.0318,6.5683,6.5683,6.5683,6.5683,6.5683,6.5683,6.5683,6.5683,6.1257,6.1257,7.7671,6.5683,6.3444,6.1257,6.1257,6.1257,6.1257,5.7033,5.7033,5.7033
1985-04-01 00:00:00,2,12.4524,11.5468,11.2201,10.8995,10.8995,10.8995,10.2768,9.9746,9.6783,9.1035,9.6783,11.7537,10.2768,8.552,8.2847,8.2847,39.7632,14.88,14.1361,12.6884,10.5851,9.1035,8.552,8.552,8.552,8.552,9.388,8.552,8.552,8.8249,
1985-03-01 00:00:00,2,15.3833,12.218,10.8995,10.8995,10.2768,19.8885,27.516,19.6125,17.7186,16.4071,13.8911,13.8911,13.4055,17.4535,21.2882,22.7205,16.4071,22.7205,16.6666,16.149,15.6371,14.88,13.4055,13.1649,12.6884,11.9851,11.9851,14.3826,14.3826,17.7186,12.6884
1985-02-01 00:00:00,2,21.2882,20.7243,24.1848,20.7243,19.8885,18.5221,18.5221,22.7205,22.1437,35.2837,19.3379,17.1898,16.6666,15.131,13.4055,13.1649,12.4524,12.4524,11.9851,10.8995,10.8995,10.8995,12.218,15.3833,14.3826,16.149,12.9259,18.5221,,,
1985-01-01 00:00:00,2,8.552,8.0231,6.7974,31.3164,9.1035,8.0231,8.2847,12.9259,56.1616,17.1898,15.6371,14.88,14.3826,14.3826,12.9259,14.1361,21.0056,22.7205,36.9846,25.6805,31.9662,14.6306,40.4687,52.0273,27.2071,53.1964,44.0599,42.2511,31.9662,47.4491,25.6805
1984-12-01 00:00:00,2,8.0231,24.4815,12.9259,17.1898,10.8995,11.2201,9.1035,15.6371,10.8995,8.552,6.5683,6.5683,9.1035,19.0646,14.88,14.88,21.2882,10.2768,8.552,7.5166,7.5166,6.7974,5.7033,4.9179,4.9179,4.9179,8.0231,8.2847,11.2201,9.6783,8.552
1984-11-01 00:00:00,2,3.2767,3.2767,3.2767,3.2767,3.2767,3.2767,3.2767,3.2767,3.1363,3.1363,4.0419,3.4213,3.8803,3.57,3.2767,3.2767,3.2767,3.2767,3.2767,12.9259,14.3826,7.2715,5.7033,5.7033,5.7033,7.7671,7.7671,5.7033,23.0108,7.5166,
1984-10-01 00:00:00,2,3.2767,3.2767,3.2767,3.2767,3,3,3,3,3,3,3,3,3,3,3,3.4213,3.2767,3.2767,4.7335,4.9179,3.57,3.2767,3.2767,3.2767,4.208,3.2767,3.2767,3.2767,3.2767,3.2767,3.2767
1984-09-01 00:00:00,2,3.2767,3.2767,3.2767,3.2767,3.2767,4.0419,5.912,4.9179,4.9179,3.8803,3.57,3.2767,3.2767,3.2767,3.2767,3.2767,3.2767,3.2767,3.2767,3.2767,5.912,5.107,3.8803,3.57,3.4213,3.2767,5.7033,3.723,3.2767,3.2767,
1984-08-01 00:00:00,2,3.2767,3.2767,3.2767,3.2767,3.2767,3.2767,3.2767,3.2767,3.2767,3.2767,3.2767,3.2767,3,3,3,3,3,3,3,3,3.4213,3.2767,3.723,3.57,3.57,3.57,3.57,3.4213,3.2767,3.2767,3.2767
1984-07-01 00:00:00,2,3.8803,3.8803,3.8803,3.8803,3.8803,3.8803,3.8803,3.8803,3.8803,3.8803,3.8803,3.8803,3.8803,3.8803,3.8803,3.57,3.57,3.57,3.57,3.4213,3.4213,3.4213,3.4213,3.4213,3.4213,3.4213,3.2767,3.2767,3.2767,3.2767,3.2767
1984-06-01 00:00:00,2,4.5537,4.5537,4.3786,4.3786,4.3786,4.3786,4.3786,4.208,4.208,4.208,4.208,4.0419,4.0419,4.0419,4.0419,4.0419,3.8803,3.8803,3.8803,3.8803,3.8803,3.8803,3.8803,3.8803,3.8803,3.8803,3.8803,3.8803,3.8803,3.8803,
1984-05-01 00:00:00,2,5.7033,16.4071,14.3826,9.6783,7.5166,7.0318,6.5683,6.5683,6.5683,6.3444,6.1257,5.7033,5.7033,5.7033,5.7033,5.7033,5.4997,12.218,7.7671,7.5166,7.0318,6.1257,5.7033,5.4997,5.3009,5.107,4.9179,4.9179,4.5537,4.5537,4.5537
1984-04-01 00:00:00,2,5.7033,5.7033,5.7033,7.5166,6.1257,6.1257,8.8249,6.5683,5.7033,5.7033,4.9179,4.9179,4.9179,4.9179,4.9179,4.9179,6.5683,5.912,5.7033,5.7033,7.0318,5.7033,4.9179,4.9179,4.9179,13.6475,14.3826,13.4055,6.5683,5.7033,
1984-03-01 00:00:00,2,5.7033,12.9259,10.2768,13.8911,9.388,9.6783,8.8249,7.2715,7.0318,6.5683,6.1257,6.1257,7.7671,6.7974,6.5683,6.5683,6.1257,6.1257,6.1257,7.0318,6.5683,7.7671,8.2847,6.3444,5.7033,5.7033,5.3009,5.3009,5.3009,8.2847,7.0318
1984-02-01 00:00:00,2,6.5683,6.1257,6.1257,5.7033,5.7033,5.4997,6.1257,9.388,7.0318,6.5683,6.5683,6.7974,6.3444,6.1257,20.1658,8.0231,7.7671,7.5166,7.2715,7.0318,7.0318,6.5683,6.5683,7.0318,7.0318,6.5683,6.1257,5.7033,5.7033,,
1984-01-01 00:00:00,2,18.5221,18.5221,21.2882,16.6666,13.4055,13.4055,13.1649,12.9259,12.4524,12.4524,12.4524,10.5851,9.6783,9.6783,9.1035,8.8249,8.552,8.552,8.552,8.552,10.5851,8.0231,8.0231,8.2847,9.6783,9.388,9.9746,10.5851,7.5166,7.5166,7.0318
1983-12-01 00:00:00,2,7.5166,8.2847,9.1035,8.552,8.2847,7.5166,14.3826,13.6475,11.2201,44.7908,14.88,12.6884,15.8923,12.9259,77.5375,28.7638,31.9662,30.3504,25.0785,19.3379,24.1848,51.7366,27.2071,24.7794,52.9033,25.6805,38.3652,129.215,30.3504,24.1848,22.1437
1983-11-01 00:00:00,2,14.6306,14.88,20.4444,14.88,10.5851,8.8249,8.0231,7.5166,7.0318,7.7671,15.6371,30.9932,14.3826,25.6805,22.7205,16.9275,12.6884,10.2768,9.1035,44.7908,31.6407,17.1898,13.6475,12.218,11.5468,9.9746,9.1035,8.552,8.0231,8.0231,
1983-10-01 00:00:00,2,3.8803,3.8803,3.8803,3.8803,3.8803,4.208,4.208,4.9179,4.5537,4.208,3.8803,3.8803,21.2882,18.7927,17.1898,8.0231,8.0231,8.0231,8.0231,6.5683,5.7033,15.8923,33.6108,27.2071,11.2201,8.552,7.5166,7.0318,6.5683,6.1257,9.388
1983-09-01 00:00:00,2,3.57,3.57,3.57,3.57,4.208,4.3786,4.9179,5.107,4.5537,4.3786,4.0419,4.208,4.208,4.0419,4.0419,6.7974,5.3009,6.3444,9.1035,6.1257,4.9179,4.9179,4.3786,9.388,6.1257,5.4997,4.5537,4.5537,4.3786,4.208,
1983-08-01 00:00:00,2,4.5537,4.5537,4.5537,4.5537,4.5537,4.5537,4.208,4.208,4.208,4.208,4.0419,4.0419,4.0419,4.0419,4.0419,4.0419,4.0419,4.0419,4.0419,3.8803,3.8803,3.8803,3.8803,3.8803,3.8803,3.8803,3.8803,3.8803,3.8803,3.8803,3.57
1983-07-01 00:00:00,2,5.3009,5.3009,5.3009,5.3009,5.3009,5.3009,5.3009,5.3009,5.3009,5.3009,5.3009,5.3009,5.3009,4.9179,4.9179,4.9179,4.9179,4.9179,5.4997,6.7974,5.912,5.4997,5.3009,4.9179,4.9179,4.9179,4.9179,4.9179,4.5537,4.5537,4.5537
1983-06-01 00:00:00,2,8.0231,8.8249,8.0231,16.9275,13.6475,9.1035,8.552,7.2715,7.0318,7.0318,7.0318,7.0318,6.7974,6.5683,6.5683,6.5683,6.5683,6.5683,6.3444,6.1257,6.1257,6.1257,6.1257,6.1257,6.1257,6.1257,6.1257,6.1257,5.912,5.3009,
1983-05-01 00:00:00,2,9.6783,9.6783,9.6783,9.1035,9.1035,8.8249,8.0231,8.0231,8.0231,8.0231,7.5166,7.5166,7.5166,7.0318,7.0318,7.0318,7.0318,7.0318,7.0318,7.0318,6.5683,6.5683,6.5683,8.0231,6.5683,7.0318,6.5683,6.1257,22.4315,8.0231,33.9431
1983-04-01 00:00:00,2,10.8995,10.8995,10.8995,10.8995,10.8995,10.8995,27.2071,15.3833,13.4055,10.8995,63.835,22.1437,18.5221,10.2768,8.8249,8.0231,8.0231,8.0231,11.7537,11.5468,11.5468,10.8995,10.8995,10.8995,15.8923,12.9259,10.8995,10.8995,10.5851,9.6783,
1983-03-01 00:00:00,2,12.4524,14.6306,40.4687,14.3826,13.4055,30.3504,40.4687,19.8885,13.4055,13.4055,13.4055,12.9259,12.9259,12.9259,12.9259,12.9259,12.9259,12.9259,14.1361,15.8923,154.641,31.9662,21.2882,19.8885,13.4055,13.4055,12.9259,12.218,10.8995,10.8995,10.8995
1983-02-01 00:00:00,2,33.6108,150.285,170.25,67.0066,63.2077,98.0546,24.4815,117.154,25.3789,67.0066,70.2355,45.8948,25.6805,22.7205,18.5221,13.8911,13.8911,13.4055,13.4055,13.4055,12.218,11.7537,10.2768,8.8249,8.8249,13.6475,12.4524,12.4524,,,
1983-01-01 00:00:00,2,18.5221,20.7243,17.1898,21.0056,14.3826,24.1848,18.5221,16.9275,15.6371,14.88,14.3826,14.3826,18.5221,40.4687,20.7243,17.1898,15.8923,17.1898,25.6805,17.9851,14.6306,13.4055,13.4055,13.4055,24.1848,15.8923,15.8923,15.8923,15.8923,15.3833,13.4055
1982-12-01 00:00:00,2,8.0231,15.8923,31.9662,17.1898,15.8923,21.2882,21.2882,19.8885,15.8923,63.2077,16.6666,15.8923,15.1309,14.3826,12.6884,40.4687,17.9851,14.1361,13.4055,21.2882,20.7243,13.4055,13.4055,24.1848,14.88,12.4524,12.4524,16.149,17.1898,24.1848,21.2882
1982-11-01 00:00:00,2,6.1257,5.7033,5.7033,5.3009,5.3009,5.3009,5.3009,5.3009,5.3009,7.7671,12.218,5.7033,4.9179,4.9179,27.2071,12.218,11.5468,8.8249,16.6666,25.6805,13.1649,13.4055,8.0231,8.0231,8.0231,25.6805,15.8923,8.0231,14.1361,8.0231,
1982-10-01 00:00:00,2,4.9179,4.9179,5.7033,5.7033,5.7033,5.7033,5.7033,5.7033,5.7033,5.7033,7.0318,5.7033,5.7033,5.7033,5.3009,4.9179,4.9179,4.9179,4.9179,4.9179,9.388,15.3833,7.5166,6.1257,6.1257,6.1257,10.2768,7.0318,36.9846,10.8995,7.5166
1982-09-01 00:00:00,2,5.3009,5.3009,5.3009,5.3009,5.3009,4.9179,4.9179,4.9179,4.9179,4.9179,4.9179,4.9179,4.9179,4.9179,4.9179,4.9179,4.9179,4.9179,4.9179,4.9179,4.9179,4.9179,4.9179,4.9179,4.9179,4.9179,4.9179,6.1257,5.3009,4.9179,
1982-08-01 00:00:00,2,6.1257,6.1257,6.1257,5.7033,5.7033,6.1257,6.1257,6.1257,6.1257,6.1257,6.1257,6.1257,6.1257,6.1257,5.7033,5.7033,5.7033,5.7033,5.7033,5.7033,5.7033,5.7033,5.7033,5.7033,5.7033,5.7033,5.3009,5.3009,5.3009,5.3009,5.3009
1982-07-01 00:00:00,2,7.0318,7.0318,7.0318,7.0318,7.0318,7.0318,7.0318,7.0318,6.5683,6.5683,6.5683,6.5683,6.5683,6.5683,6.5683,6.5683,6.5683,6.5683,7.0318,7.0318,6.5683,6.5683,6.5683,6.5683,6.5683,6.1257,6.1257,6.1257,6.1257,6.1257,6.1257
1982-06-01 00:00:00,2,8.552,7.7671,7.5166,7.5166,7.5166,7.5166,7.5166,7.5166,7.5166,7.5166,7.5166,7.0318,7.0318,7.0318,7.0318,7.0318,7.5166,7.0318,7.0318,7.0318,7.0318,7.0318,7.0318,7.0318,7.0318,7.0318,7.0318,7.0318,7.0318,7.0318,
1982-05-01 00:00:00,2,9.1035,8.552,8.552,8.552,8.552,8.552,8.552,8.552,8.2847,8.0231,8.0231,8.0231,8.0231,8.0231,8.0231,8.0231,7.7671,8.0231,8.0231,8.0231,8.0231,8.0231,8.0231,8.0231,8.0231,8.552,8.552,8.0231,8.0231,7.5166,7.5166
1982-04-01 00:00:00,2,67.0066,18.5221,15.8923,14.6306,13.4055,13.4055,13.4055,13.4055,12.4524,12.9259,11.9851,11.9851,11.9851,12.4524,13.4055,12.218,11.5468,11.5468,11.5468,11.5468,11.5468,11.5468,11.5468,10.8995,10.8995,10.2768,9.9746,9.6783,9.1035,9.1035,
1982-03-01 00:00:00,2,9.6783,10.8995,25.6805,28.7638,13.4055,15.8923,24.1848,25.6805,46.888,30.3504,36.3009,18.5221,18.5221,24.1848,18.5221,19.3379,21.2882,18.5221,17.9851,15.8923,15.8923,80.2594,19.3379,15.8923,25.6805,18.5221,13.8911,13.8911,14.3826,38.7131,17.4535
1982-02-01 00:00:00,2,18.5221,18.5221,16.9275,17.4535,27.2071,99.9069,24.1848,18.5221,18.5221,15.8923,15.8923,15.3833,14.6306,13.4055,12.6884,11.9851,11.9851,10.8995,10.8995,10.8995,9.6783,9.6783,12.218,10.5851,9.6783,9.6783,9.6783,9.6783,,,
1982-01-01 00:00:00,2,15.8923,22.1437,80.2594,35.2837,22.7205,16.9275,15.8923,15.8923,24.1848,20.7243,23.3024,83.7111,28.7638,18.5221,17.1898,15.8923,14.6306,14.6306,14.6306,14.6306,15.131,15.8923,21.2882,19.3379,24.1848,57.6668,22.7205,28.1375,27.2071,19.3379,18.5221
1981-12-01 00:00:00,2,24.1848,12.218,38.7131,21.2882,21.2882,15.3833,14.1361,22.1437,19.8885,40.4687,30.3504,39.7632,21.2882,18.5221,15.3833,25.9834,73.521,29.7122,21.2882,19.8885,18.5221,17.1898,17.1898,18.5221,17.9851,16.6666,17.9851,18.5221,16.6666,15.8923,15.8923
1981-11-01 00:00:00,2,6.7974,6.7974,10.8995,24.1848,10.8995,8.2847,6.7974,7.2715,9.388,11.5468,22.7205,25.0785,12.4524,15.3833,10.8995,8.0231,13.4055,11.7537,8.0231,8.0231,10.8995,8.0231,7.5166,6.7974,6.7974,7.7671,7.5166,7.2715,22.1437,11.9851,
1981-10-01 00:00:00,2,2.7393,2.7393,3.8803,4.9179,3.8803,3.8803,22.7205,6.5683,4.208,4.208,6.7974,8.0231,11.7537,6.7974,5.7033,9.388,6.7974,5.7033,5.7033,10.8995,7.5166,5.7033,5.4997,4.5537,4.5537,5.107,8.0231,7.0318,7.0318,7.0318,7.7671
1981-09-01 00:00:00,2,3,3,3,3,3,3,3,3,3,3,3,3,3,3,3,3,3,3,3,2.7393,2.7393,2.7393,2.7393,2.7393,2.7393,2.7393,3,3.723,3.1363,3,
1981-08-01 00:00:00,2,3.4213,3.4213,3.4213,3.4213,3.4213,3.4213,3.4213,3.4213,3.4213,3.4213,3.4213,3.4213,3.4213,3.4213,3.4213,3.4213,3.4213,3.57,3.4213,3.4213,3.4213,3.4213,3.4213,3.4213,3.4213,3.1363,3.1363,3.1363,3.1363,3.1363,3.1363
1981-07-01 00:00:00,2,3.8803,3.8803,3.8803,3.8803,3.723,3.723,3.723,3.723,3.723,3.723,3.723,3.723,3.57,3.57,3.57,3.57,3.57,3.57,3.57,3.57,3.57,3.57,3.57,3.57,3.57,3.57,3.57,3.57,3.57,3.4213,3.4213
1981-06-01 00:00:00,2,4.208,3.8803,3.8803,3.8803,3.8803,3.8803,7.5166,4.5537,4.208,3.8803,3.8803,3.8803,3.8803,3.8803,3.8803,3.8803,5.107,4.7335,4.208,3.8803,3.723,3.57,3.8803,3.8803,3.8803,3.8803,3.8803,3.8803,3.8803,3.8803,
1981-05-01 00:00:00,2,5.7033,6.7974,7.2715,6.3444,5.107,4.7335,4.7335,4.7335,3.8803,3.8803,3.8803,3.8803,3.8803,3.8803,3.8803,3.8803,3.8803,3.8803,3.8803,3.8803,3.8803,3.8803,3.8803,3.8803,3.8803,3.8803,3.8803,3.8803,3.8803,4.7335,4.3786
1981-04-01 00:00:00,2,13.4055,13.4055,10.8995,10.2768,8.0231,8.0231,8.0231,8.0231,7.7671,7.0318,6.7974,6.7974,6.7974,6.7974,6.7974,6.7974,6.7974,6.7974,6.7974,5.7033,5.3009,4.7335,4.7335,5.3009,4.7335,4.7335,4.7335,5.3009,5.7033,5.4997,
1981-03-01 00:00:00,2,5.7033,5.7033,5.7033,5.7033,10.8995,10.8995,10.2768,9.388,9.388,8.0231,7.2715,6.7974,5.7033,5.7033,5.7033,7.5166,10.8995,12.9259,11.7537,13.4055,13.4055,12.9259,10.8995,8.8249,7.5166,8.0231,13.4055,14.1361,24.1848,19.8885,14.1361
1981-02-01 00:00:00,2,9.388,8.552,8.0231,8.0231,8.0231,12.9259,14.1361,11.7537,11.7537,14.1361,13.4055,13.4055,12.9259,10.8995,8.0231,7.5166,7.5166,7.2715,7.2715,7.2715,7.2715,7.0318,6.7974,6.1257,6.1257,6.1257,6.1257,6.1257,,,
1981-01-01 00:00:00,2,5.7033,7.5166,11.7537,8.0231,6.3444,5.7033,5.7033,8.0231,10.2768,8.0231,14.1361,29.7122,31.9662,45.8948,40.4687,24.1848,21.2882,15.3833,14.1361,13.4055,13.4055,13.4055,13.4055,13.4055,12.9259,15.3833,13.4055,12.9259,10.8995,9.9746,9.388
1980-12-01 00:00:00,2,9.1035,16.6666,13.8911,10.2768,8.0231,7.5166,7.5166,8.0231,10.5851,10.8995,8.8249,8.0231,8.552,7.5166,6.7974,5.7033,5.7033,5.7033,5.7033,5.7033,5.4997,5.107,4.7335,4.7335,5.107,5.7033,5.7033,6.3444,5.7033,6.5683,6.5683
1980-11-01 00:00:00,2,3.4213,3.4213,3.4213,3.4213,3.4213,3.4213,3.57,4.7335,5.7033,12.218,17.1898,15.8923,14.6306,14.6306,10.8995,5.7033,4.7335,4.7335,4.7335,4.7335,4.7335,4.7335,5.3009,5.912,7.5166,6.7974,5.3009,4.7335,4.9179,10.2768,
1980-10-01 00:00:00,2,4.7335,4.7335,4.7335,4.208,3.723,3.57,3.57,3.57,4.208,4.0419,3.8803,4.5537,4.5537,4.3786,4.3786,4.0419,3.8803,3.8803,3.57,3.4213,3.4213,3.4213,3.4213,3.8803,4.7335,4.3786,3.8803,3.8803,3.8803,4.3786,3.723
