DataHora,NivelConsistencia,Vazao01,Vazao02,Vazao03,Vazao04,Vazao05,Vazao06,Vazao07,Vazao08,Vazao09,Vazao10,Vazao11,Vazao12,Vazao13,Vazao14,Vazao15,Vazao16,Vazao17,Vazao18,Vazao19,Vazao20,Vazao21,Vazao22,Vazao23,Vazao24,Vazao25,Vazao26,Vazao27,Vazao28,Vazao29,Vazao30,Vazao31
2023-04-01 00:00:00,2,15.0559,13.6935,11.8406,13.6935,16.0613,16.0613,25.2853,33.6398,28.5609,24.3107,23.1146,22.6432,27.5355,34.1942,36.4489,30.1277,29.0793,24.796,21.4822,20.5716,18.5825,17.938,17.5136,17.5136,17.5136,16.471,17.5136,17.0934,16.0613,15.6559,
2023-03-01 00:00:00,2,26.7767,26.2757,26.0266,21.7124,21.9436,29.6016,28.8196,26.5257,22.6432,22.409,23.1146,22.6432,21.9436,21.9436,21.7124,21.0248,20.3464,20.7977,20.3464,20.1224,19.4562,19.0173,18.3666,18.1518,17.7253,17.303,16.8849,16.8849,16.6774,16.471,16.471
2023-02-01 00:00:00,2,27.0287,26.2757,25.2853,24.796,26.2757,27.2816,27.5355,28.3031,28.5609,49.2394,35.8797,34.4728,26.7767,29.34,29.6016,31.1914,28.5609,26.5257,27.5355,27.0287,27.2816,26.0266,25.7785,25.5314,25.0402,24.796,25.0402,26.0266,,,
2023-01-01 00:00:00,2,19.4562,21.9436,30.3922,21.7124,26.0266,35.0328,44.4904,62.8557,130.417,101.68,46.9985,53.8493,64.2918,65.3777,69.0512,31.1914,27.5355,27.0287,34.1942,42.0391,31.999,27.2816,28.3031,29.0793,27.2816,25.7785,34.1942,36.4489,55.5366,56.5593,29.6016
2022-12-01 00:00:00,2,17.0934,16.8849,15.2548,15.4548,15.4548,14.858,14.2709,14.4655,14.0773,13.8849,13.8849,14.858,21.7124,15.6559,14.858,14.4655,14.2709,14.858,16.0613,17.938,18.1518,15.2548,15.0559,14.858,13.5033,17.5136,21.253,18.5825,18.5825,22.1758,24.5528
2022-11-01 00:00:00,2,13.5033,12.9391,11.6614,11.4834,12.5685,12.3848,13.6935,14.0773,14.2709,9.8987,10.6102,14.4655,13.6935,12.9391,12.5685,13.3141,15.6559,15.0559,12.5685,11.6614,11.1307,16.0613,17.7253,18.3666,18.3666,17.303,15.6559,12.9391,11.4834,10.269,
2022-10-01 00:00:00,2,12.2023,10.7826,8.3961,8.1556,9.1347,8.6394,9.3865,10.7826,8.3961,8.1556,7.6833,7.2226,7.2226,7.2226,6.9967,6.9967,6.7738,6.5538,6.7738,6.7738,6.7738,7.6833,10.439,10.1001,7.4515,7.2226,7.4515,7.918,8.3961,8.8856,62.4987
2022-09-01 00:00:00,2,7.6833,7.4515,7.4515,7.4515,7.4515,7.2226,7.2226,7.2226,7.2226,7.2226,6.9967,6.9967,6.9967,6.7738,6.5538,6.7738,7.2226,7.2226,6.9967,6.9967,7.2226,8.1556,7.918,7.4515,7.2226,7.4515,7.6833,7.6833,7.6833,9.6412,
2022-08-01 00:00:00,2,8.8856,8.8856,8.8856,8.8856,8.8856,8.6394,8.6394,8.6394,8.6394,9.1347,9.1347,8.8856,8.8856,8.8856,8.6394,8.6394,8.6394,8.3961,8.3961,8.3961,8.1556,8.1556,8.1556,8.1556,8.1556,8.1556,8.1556,7.6833,7.6833,7.6833,7.6833
2022-07-01 00:00:00,2,10.6102,10.439,10.439,10.439,10.269,10.439,10.439,10.269,10.269,10.1001,10.1001,10.1001,10.1001,9.8987,9.8987,9.8987,9.8987,9.6412,9.6412,9.6412,9.6412,9.6412,9.6412,9.3865,9.3865,9.3865,9.3865,9.1347,9.1347,9.1347,8.8856
2022-06-01 00:00:00,2,12.2023,12.2023,12.2023,12.0209,12.0209,12.0209,12.0209,12.0209,12.0209,11.8406,11.6614,11.6614,11.4834,13.126,12.7532,11.4834,10.9561,11.3065,11.4834,11.3065,11.1307,11.1307,11.1307,10.7826,10.7826,10.7826,10.7826,10.7826,10.6102,10.6102,
2022-05-01 00:00:00,2,14.4655,14.2709,14.0773,13.8849,13.6935,13.6935,13.3141,13.3141,13.126,12.9391,12.9391,13.3141,13.5033,15.0559,15.2548,14.858,14.2709,12.9391,12.9391,13.126,12.9391,12.7532,12.5685,12.3848,12.3848,12.7532,12.5685,12.3848,12.3848,12.2023,12.2023
2022-04-01 00:00:00,2,19.8993,20.3464,20.1224,19.8993,19.8993,19.6772,19.8993,19.6772,19.6772,19.4562,19.4562,18.7994,18.5825,18.5825,18.3666,18.3666,18.3666,18.1518,18.1518,17.938,17.5136,17.303,17.303,17.0934,16.0613,16.2656,15.6559,15.2548,14.858,14.4655,
2022-03-01 00:00:00,2,28.3031,28.0463,28.0463,27.5355,28.0463,28.3031,30.1277,31.1914,33.6398,36.735,38.4703,38.1787,39.6454,39.056,38.4703,37.5985,37.0219,36.1639,35.0328,33.364,30.6576,28.8196,27.0287,24.796,20.1224,19.8993,19.6772,19.2362,19.0173,19.0173,18.7994
2022-02-01 00:00:00,2,57.2454,56.9019,57.5897,46.3662,48.5948,88.8797,171.521,157.195,114.299,108.15,86.6037,100.215,98.761,83.0236,80.8244,73.9853,66.8372,43.8722,42.6466,43.2576,42.9516,42.6466,42.6466,41.7368,39.056,37.0219,33.6398,30.6576,,,
2022-01-01 00:00:00,2,15.2548,17.7253,35.3141,35.0328,34.7523,68.6802,70.1694,165.84,226.946,162.726,130.417,136.026,117.438,119.554,122.226,74.4039,47.9537,30.924,27.2816,30.3922,27.0287,25.0402,23.8293,23.1146,22.6432,23.1146,22.1758,21.7124,24.796,66.1058,49.8876
2021-12-01 00:00:00,2,12.3848,12.2023,11.6614,11.6614,12.2023,25.2853,16.2656,13.8849,12.9391,13.5033,14.2709,13.6935,18.3666,24.5528,24.0695,19.8993,19.4562,18.1518,15.8581,15.2548,14.2709,13.8849,13.3141,12.9391,13.5033,14.6612,13.5033,11.4834,11.4834,12.2023,12.7532
2021-11-01 00:00:00,2,11.4834,11.6614,11.4834,11.3065,11.3065,11.1307,11.1307,11.1307,12.2023,59.6733,43.2576,16.2656,13.5033,12.3848,11.1307,11.3065,12.0209,13.126,14.2709,14.6612,12.7532,10.9561,10.439,10.269,12.7532,13.126,21.7124,12.9391,12.7532,12.5685,
2021-10-01 00:00:00,2,5.2977,6.7738,5.7042,5.7042,8.3961,6.5538,5.912,5.912,6.5538,14.6612,20.5716,29.34,14.0773,12.9391,13.8849,14.6612,13.5033,12.9391,13.126,12.7532,13.3141,12.7532,13.3141,13.126,12.9391,14.4655,50.8663,16.2656,24.5528,13.126,11.3065
2021-09-01 00:00:00,2,5.4994,5.4994,5.4994,5.4994,5.4994,5.4994,5.4994,5.4994,5.4994,5.4994,5.0991,5.0991,5.0991,5.0991,5.0991,5.0991,5.0991,5.0991,5.0991,5.0991,5.0991,4.9037,4.9037,4.9037,4.9037,4.9037,5.0991,5.0991,5.4994,5.912,
2021-08-01 00:00:00,2,6.3369,6.3369,6.3369,6.3369,6.3369,5.912,5.912,5.912,5.4994,5.4994,5.4994,5.4994,5.912,5.912,5.912,5.912,5.912,5.912,5.912,5.912,5.912,5.912,5.912,5.912,5.912,5.912,5.912,5.912,5.912,5.4994,5.4994
2021-07-01 00:00:00,2,7.2226,7.2226,7.2226,7.2226,7.2226,6.7738,6.7738,6.7738,6.7738,6.7738,6.7738,6.7738,6.7738,6.7738,6.7738,6.7738,6.7738,6.7738,6.7738,6.7738,6.7738,6.3369,6.3369,6.3369,6.3369,6.3369,6.3369,6.3369,6.3369,6.3369,6.3369
2021-06-01 00:00:00,2,13.126,9.1347,9.1347,8.6394,8.6394,8.3961,8.1556,9.1347,8.8856,8.1556,8.1556,8.1556,8.1556,8.1556,8.1556,8.1556,8.1556,7.6833,7.6833,7.6833,7.6833,7.6833,7.6833,7.6833,7.6833,7.2226,7.2226,7.2226,7.2226,7.2226,
2021-05-01 00:00:00,2,7.6833,7.6833,9.1347,9.1347,8.6394,8.6394,8.6394,8.6394,8.6394,8.6394,8.6394,8.6394,8.6394,8.6394,8.6394,9.1347,8.6394,8.6394,8.1556,8.1556,8.1556,8.1556,8.6394,8.6394,8.1556,8.1556,8.1556,8.6394,8.6394,8.6394,9.6412
2021-04-01 00:00:00,2,11.6614,11.1307,10.9561,10.9561,10.9561,10.9561,10.9561,10.6102,10.439,10.439,10.439,10.1001,9.8987,9.8987,9.8987,9.8987,9.3865,9.3865,10.439,9.8987,9.3865,9.1347,9.1347,9.1347,8.6394,8.3961,8.3961,8.3961,8.3961,7.918,
2021-03-01 00:00:00,2,21.9436,20.3464,17.0934,15.4548,15.4548,16.2656,21.9436,26.0266,25.5314,22.409,25.0402,18.1518,18.5825,19.4562,17.303,14.6612,14.0773,14.2709,15.0559,14.2709,13.6935,13.6935,13.126,12.5685,12.0209,11.4834,11.4834,11.4834,13.6935,13.126,14.0773
2021-02-01 00:00:00,2,12.2023,14.2709,13.5033,12.9391,13.5033,15.4548,17.303,14.6612,18.5825,15.8581,13.3141,19.0173,16.2656,16.2656,17.7253,14.6612,13.3141,18.1518,19.4562,17.303,15.0559,13.8849,12.9391,12.9391,12.5685,24.5528,99.2446,41.4353,,,
2021-01-01 00:00:00,2,21.0248,28.8196,26.0266,26.7767,25.5314,25.0402,19.0173,19.8993,19.4562,35.0328,25.0402,18.5825,37.3097,79.953,28.3031,25.5314,41.4353,25.0402,19.4562,17.7253,16.2656,15.8581,15.8581,15.0559,14.6612,14.2709,13.8849,12.9391,12.2023,12.2023,12.2023
2020-12-01 00:00:00,2,14.2378,65.5981,17.6672,16.9646,15.1315,11.8626,52.3132,63.2119,23.3129,39.3387,24.0814,17.1979,19.58,17.6672,14.6827,13.3598,12.7119,12.2852,18.6166,15.1315,13.3598,12.7119,12.2852,14.2378,28.0283,61.8598,24.0814,18.6166,31.5834,17.6672,16.0405
2020-11-01 00:00:00,2,6.784,6.784,6.784,7.1451,7.1451,7.8831,7.8831,8.6413,8.6413,9.4191,10.2156,10.2156,20.0669,71.1456,16.0405,11.8626,13.3598,14.2378,13.7968,12.7119,10.2156,8.6413,9.0278,14.2378,10.6207,8.2597,8.2597,7.5115,7.1451,6.784,
2020-10-01 00:00:00,2,6.0782,6.0782,6.0782,6.0782,6.0782,5.7338,5.7338,5.7338,5.7338,5.7338,5.7338,6.0782,6.0782,6.0782,6.784,6.784,6.784,6.784,6.784,7.1451,7.1451,7.8831,7.8831,7.8831,8.2597,8.2597,7.8831,7.8831,7.5115,6.784,6.4284
2020-09-01 00:00:00,2,7.5115,7.1451,7.1451,7.1451,7.1451,6.784,6.784,6.784,6.784,6.784,6.784,6.784,6.784,6.4284,6.4284,6.4284,6.4284,6.4284,6.4284,6.4284,6.4284,7.5115,7.5115,6.784,6.784,6.784,6.4284,6.4284,6.4284,6.4284,
2020-08-01 00:00:00,2,8.6413,8.6413,8.6413,8.6413,8.6413,8.6413,8.6413,8.2597,8.2597,8.2597,8.2597,8.2597,8.2597,7.5115,7.5115,7.5115,7.5115,7.1451,7.1451,7.5115,7.5115,7.5115,7.5115,7.8831,7.8831,7.8831,7.8831,7.8831,7.5115,7.5115,7.5115
2020-07-01 00:00:00,2,10.6207,10.6207,10.2156,10.2156,10.2156,9.815,9.815,9.815,9.815,9.815,9.815,9.815,9.815,9.815,9.4191,9.4191,9.4191,9.0278,9.0278,9.0278,9.0278,9.0278,9.0278,9.0278,9.0278,9.0278,9.0278,9.0278,9.0278,9.0278,8.6413
2020-06-01 00:00:00,2,12.7119,12.7119,12.2852,12.2852,12.2852,12.2852,12.2852,11.8626,11.8626,11.8626,11.8626,11.4443,11.4443,11.4443,11.4443,11.4443,11.0303,11.0303,11.0303,11.0303,11.0303,11.0303,11.0303,11.0303,11.0303,10.6207,10.6207,10.6207,10.6207,10.6207,
2020-05-01 00:00:00,2,15.8119,15.8119,15.3573,15.3573,15.3573,14.9066,14.9066,14.9066,14.4597,14.4597,14.4597,14.0168,14.0168,14.0168,14.4597,14.4597,14.4597,13.5778,13.5778,13.5778,13.1428,13.1428,13.1428,14.9066,15.8119,13.5778,13.1428,13.1428,13.1428,12.7119,12.7119
2020-04-01 00:00:00,2,46.624,26.1651,25.1171,20.0669,18.1401,17.6672,17.6672,25.6396,23.3129,22.2994,21.2988,20.0669,20.0669,19.58,20.5571,19.58,19.0965,18.1401,18.1401,18.1401,18.1401,17.6672,17.6672,21.5477,17.1979,16.7322,16.7322,16.2702,16.2702,16.2702,
2020-03-01 00:00:00,2,111.717,149.969,71.848,66.2844,59.5139,51.6719,47.5591,62.8731,43.2411,38.7478,37.2818,35.2567,32.9825,32.1409,31.0286,29.9275,28.5673,29.9275,36.1207,35.2567,35.544,32.1409,31.0286,27.4922,26.1651,25.1171,23.8245,25.1171,24.0814,24.0814,25.6396
2020-02-01 00:00:00,2,25.1171,25.1171,25.1171,32.7013,32.7013,133.207,104.641,101.68,41.4269,41.4269,41.4269,34.9701,34.9701,34.9701,34.9701,33.2644,31.0286,28.8379,28.8379,32.7013,32.7013,39.9322,42.6339,70.0957,60.1815,97.3175,69.3982,110.692,168.984,,
2020-01-01 00:00:00,2,16.7322,14.9066,14.4597,14.4597,14.4597,14.0168,14.0168,14.0168,14.0168,13.5778,13.5778,13.5778,13.5778,16.7322,18.1401,18.1401,18.1401,32.7013,33.8303,41.4269,41.4269,57.1941,62.5348,74.4039,101.68,83.9115,83.9115,41.4269,25.1171,25.1171,25.1171
2019-12-01 00:00:00,2,20.5571,20.5571,20.5571,19.58,19.58,74.4039,122.226,150.564,150.564,160.256,25.6396,25.6396,25.6396,24.5977,24.5977,14.9066,14.0168,13.5778,13.5778,13.5778,14.0168,14.0168,14.0168,42.0292,41.4269,41.4269,40.8272,15.8119,15.3573,14.9066,14.9066
2019-11-01 00:00:00,2,15.3573,14.9066,10.6207,7.8831,7.8831,7.8831,7.8831,10.6207,11.4443,10.2156,9.815,9.815,9.0278,8.6413,8.6413,9.0278,9.0278,9.0278,9.0278,9.0278,9.4191,9.4191,14.9066,15.3573,14.9066,14.9066,15.8119,101.68,104.641,41.4269,
2019-10-01 00:00:00,2,8.6413,8.6413,8.2597,8.2597,7.8831,7.8831,7.5115,7.5115,7.5115,7.5115,7.5115,7.5115,7.5115,7.5115,7.5115,7.5115,7.8831,7.8831,8.2597,8.6413,8.6413,9.0278,9.0278,8.6413,8.2597,7.8831,7.5115,7.5115,10.6207,10.6207,10.6207
2019-09-01 00:00:00,2,8.2597,8.2597,8.2597,7.8831,7.8831,7.8831,7.8831,7.5115,7.5115,7.5115,7.5115,7.5115,7.5115,7.5115,7.8831,7.8831,7.8831,7.8831,7.8831,7.8831,7.8831,7.8831,7.8831,7.8831,7.8831,11.6529,15.8119,15.3573,10.6207,8.6413,
2019-08-01 00:00:00,2,10.2156,9.815,9.815,9.815,10.6207,10.6207,10.6207,10.2156,10.2156,9.815,9.815,9.815,9.815,9.815,9.815,9.815,9.815,9.0278,9.0278,8.6413,8.6413,8.6413,8.6413,8.6413,8.6413,8.6413,8.6413,8.2597,8.2597,8.2597,8.2597
2019-07-01 00:00:00,2,11.4443,11.4443,11.4443,11.4443,11.4443,11.4443,11.4443,11.0303,11.0303,11.0303,11.0303,10.6207,10.6207,10.6207,10.6207,10.6207,10.6207,10.6207,10.6207,10.6207,10.6207,10.6207,10.6207,10.6207,10.6207,10.2156,10.2156,10.2156,10.2156,10.2156,10.6207
2019-06-01 00:00:00,2,13.7968,13.7968,13.7968,13.7968,13.5778,13.1428,13.1428,13.1428,13.1428,13.1428,13.1428,13.1428,13.1428,13.1428,12.7119,12.7119,12.7119,12.7119,12.2852,12.2852,12.2852,12.2852,12.2852,12.2852,12.2852,12.2852,12.2852,11.8626,11.8626,11.4443,
2019-05-01 00:00:00,2,17.9032,17.4321,17.4321,23.0583,20.8035,18.8561,17.9032,16.9646,16.5007,16.5007,16.5007,16.5007,16.5007,16.5007,21.7975,17.9032,17.4321,21.7975,20.8035,18.8561,17.4321,16.0405,15.5841,15.5841,15.5841,15.1315,14.6827,14.6827,14.2378,13.7968,13.7968
2019-04-01 00:00:00,2,49.1294,48.4995,47.872,47.2468,50.3961,47.872,47.2468,49.1294,65.0751,51.9922,49.1294,48.4995,48.4995,53.9263,57.8542,73.5679,68.2491,55.8804,51.0328,49.1294,48.4995,47.2468,47.872,26.1651,25.1171,23.5683,22.5515,22.2994,21.7975,18.8561,
2019-03-01 00:00:00,2,172.796,152.959,98.761,83.0236,68.6511,66.2565,63.9044,59.3277,55.8804,55.5533,54.9009,53.9263,53.9263,53.9263,53.2794,53.2794,52.6347,52.6347,51.9922,50.7142,50.0785,49.4452,46.9351,71.9101,59.3277,55.2268,53.2794,51.3521,51.0328,51.0328,50.3961
2019-02-01 00:00:00,2,14.6283,14.6283,15.0028,15.0028,15.1905,16.7026,41.1267,34.1142,31.0286,26.1651,18.8561,19.0965,19.823,21.5477,24.3392,26.1651,44.1565,50.3961,47.2468,37.8663,32.9825,29.3812,24.3392,24.3392,22.048,25.902,32.4208,40.8272,,,
2019-01-01 00:00:00,2,26.9591,26.1651,31.3056,38.4533,35.2567,33.2644,30.4766,28.8379,25.1171,19.823,19.0965,19.0965,19.0965,18.1401,17.4656,17.0836,16.893,16.5126,16.5126,16.5126,16.5126,16.5126,16.3228,15.3784,15.1905,14.6283,14.6283,14.6283,14.6283,14.6283,14.6283
2018-12-01 00:00:00,2,27.7599,35.544,32.1409,30.4766,28.8379,29.1092,29.654,26.4291,24.0814,21.7975,21.5477,22.048,22.048,20.5571,19.3378,18.6166,18.3779,17.4656,18.3779,18.6166,18.6166,18.6166,18.6166,17.0836,16.5126,17.9032,19.0965,22.5515,25.902,27.2253,28.0283
2018-11-01 00:00:00,2,7.6124,7.441,7.441,14.8154,11.6797,15.7553,17.6672,28.2974,49.1294,23.0583,21.5477,26.4291,23.8245,21.5477,25.6396,28.8379,20.0669,14.6283,22.8045,64.2935,111.717,90.7217,57.5239,80.3881,123.302,63.5165,37.5737,34.9701,30.7522,27.7599,
2018-10-01 00:00:00,2,6.7606,6.9299,7.0997,7.441,8.4768,10.0616,12.2259,13.5125,14.6283,15.9442,17.2744,21.0508,23.0583,24.5977,24.3392,23.0583,20.5571,18.3779,15.3784,14.8154,14.069,13.3277,12.5918,11.8614,11.6797,18.6166,16.893,14.4416,9.0011,8.303,7.7843
2018-09-01 00:00:00,2,7.441,7.441,7.441,7.441,7.441,7.441,7.2701,7.441,7.441,7.441,7.441,7.7843,8.303,8.8259,8.8259,9.5294,9.5294,9.8838,9.8838,9.8838,9.1768,8.303,7.0997,7.0997,7.0997,6.9299,6.9299,6.7606,6.7606,6.7606,
2018-08-01 00:00:00,2,7.441,7.7843,8.1296,8.1296,8.1296,8.1296,8.1296,8.1296,8.1296,8.1296,8.1296,7.9567,7.7843,7.7843,7.6124,7.6124,7.441,7.441,7.441,7.441,7.2701,7.0997,7.2701,7.2701,7.2701,7.2701,7.2701,7.2701,7.2701,7.441,7.441
2018-07-01 00:00:00,2,8.1296,8.1296,8.1296,8.1296,8.1296,8.1296,8.1296,8.1296,8.1296,7.9567,7.9567,7.7843,7.7843,7.7843,7.7843,7.7843,7.6124,7.6124,7.6124,7.6124,7.6124,7.441,7.441,7.441,7.441,7.441,7.441,7.441,7.441,7.2701,7.441
2018-06-01 00:00:00,2,9.5294,9.5294,9.5294,9.5294,9.5294,9.3529,9.1768,9.1768,9.1768,9.1768,9.1768,9.0011,9.0011,8.8259,8.8259,8.8259,8.8259,8.8259,8.4768,8.303,8.1296,8.1296,8.1296,8.1296,8.1296,8.1296,8.1296,8.1296,8.1296,8.1296,
2018-05-01 00:00:00,2,9.8838,9.8838,10.0616,10.2398,9.8838,9.8838,9.7064,10.0616,9.8838,9.8838,10.5974,10.9567,11.4984,11.6797,11.6797,12.5918,14.6283,14.8154,15.3784,15.5667,14.4416,13.3277,11.6797,9.8838,9.8838,9.8838,9.8838,9.7064,9.5294,9.5294,9.5294
2018-04-01 00:00:00,2,11.6797,11.8614,12.2259,12.0435,11.6797,11.6797,11.3174,11.3174,11.3174,11.1369,10.7769,10.4184,10.7769,11.1369,11.3174,12.5918,12.5918,12.2259,12.2259,11.8614,11.6797,11.3174,11.3174,11.3174,11.3174,10.9567,10.7769,10.0616,9.8838,9.8838,
2018-03-01 00:00:00,2,32.7013,20.0669,18.1401,15.0028,15.0028,15.0028,70.6791,46.9351,29.654,26.4291,24.3392,22.048,19.3378,17.6672,16.7026,15.0028,14.8154,14.2551,14.2551,14.2551,13.3277,13.1432,12.4086,11.8614,11.6797,11.6797,12.0435,11.8614,11.6797,11.6797,11.6797
2018-02-01 00:00:00,2,13.5125,22.048,24.0814,22.048,20.0669,20.5571,31.8618,20.5571,18.6166,20.8035,19.3378,16.3228,15.5667,14.8154,14.2551,13.5125,12.7752,12.4086,33.547,22.5515,16.7026,19.3378,16.3228,14.8154,16.3228,17.9032,18.6166,18.6166,,,
2018-01-01 00:00:00,2,15.0028,14.4416,13.5125,28.5673,44.4628,35.544,34.3988,33.8303,32.7013,24.857,20.5571,18.6166,22.048,42.0292,31.5834,34.9701,21.2988,18.1401,16.3228,15.5667,14.2551,13.8832,13.5125,16.3228,19.3378,15.1905,13.5125,14.2551,14.2551,22.048,14.8154
2017-12-01 00:00:00,2,51.3521,62.7443,70.6791,42.0292,52.3132,81.2619,38.4533,18.1401,18.1401,17.0836,16.3228,15.1905,14.069,12.4086,11.6797,11.6797,10.7769,11.4984,11.6797,11.6797,11.6797,11.6797,11.6797,11.6797,11.6797,11.6797,11.6797,11.6797,15.9442,17.2744,15.3784
2017-11-01 00:00:00,2,10.5974,7.2701,6.2561,6.2561,6.2561,5.4271,15.3784,9.3529,7.2701,6.5919,7.7843,7.2701,6.2561,6.2561,5.7568,5.4271,5.4271,6.2561,12.0435,20.3116,11.1369,53.2794,27.2253,25.1171,22.5515,18.8561,13.8832,11.6797,15.1905,21.5477,
2017-10-01 00:00:00,2,7.9567,9.8838,11.6797,10.4184,8.6511,7.6124,6.7606,6.0891,4.7755,4.7755,4.7755,4.7755,4.1353,4.1353,4.1353,4.1353,4.1353,4.1353,4.1353,4.1353,4.1353,4.1353,4.1353,4.7755,4.4539,4.4539,5.0999,17.6672,12.2259,10.0616,22.5515
2017-09-01 00:00:00,2,6.7606,6.7606,6.7606,6.7606,6.5919,6.5919,6.5919,6.4237,6.4237,6.4237,6.4237,6.4237,6.4237,6.4237,6.4237,6.4237,6.4237,6.4237,6.2561,6.2561,6.0891,6.0891,6.0891,6.0891,6.2561,6.2561,6.4237,6.7606,7.0997,7.441,
2017-08-01 00:00:00,2,7.441,7.441,7.441,7.441,7.441,7.441,7.441,7.2701,7.2701,7.2701,7.2701,7.2701,7.2701,7.0997,7.0997,7.0997,7.0997,7.0997,7.0997,7.0997,7.0997,7.0997,7.0997,7.0997,7.0997,7.0997,7.0997,7.0997,7.0997,7.0997,6.9299
2017-07-01 00:00:00,2,8.303,8.303,8.303,8.303,8.303,8.1296,8.1296,8.1296,8.1296,8.1296,8.1296,8.1296,8.4768,9.0011,8.303,8.1296,7.9567,7.9567,7.9567,7.9567,7.9567,7.9567,7.7843,7.7843,7.7843,7.6124,7.6124,7.6124,7.6124,7.441,7.441
2017-06-01 00:00:00,2,9.1768,9.1768,9.1768,9.1768,9.0011,9.0011,9.0011,9.0011,9.0011,8.8259,8.8259,8.8259,8.8259,9.3529,8.8259,8.8259,8.8259,8.8259,8.8259,8.6511,8.6511,8.6511,8.6511,8.6511,8.4768,8.4768,8.4768,8.4768,8.4768,8.303,
2017-05-01 00:00:00,2,10.2398,10.2398,10.0616,10.0616,9.8838,10.9567,13.8832,10.9567,10.2398,10.0616,10.0616,9.8838,9.8838,9.8838,9.8838,9.7064,9.8838,9.7064,9.7064,10.4184,9.8838,9.7064,9.5294,9.5294,9.5294,9.5294,9.3529,9.3529,9.3529,9.3529,9.1768
2017-04-01 00:00:00,2,11.8614,11.4984,11.3174,11.3174,11.1369,11.1369,10.9567,10.9567,10.9567,10.7769,11.1369,10.7769,10.7769,10.5974,10.5974,10.5974,10.4184,10.4184,10.4184,10.5974,10.4184,10.2398,10.2398,10.2398,10.2398,10.0616,11.1369,10.9567,10.5974,10.2398,
2017-03-01 00:00:00,2,14.069,13.5125,13.3277,13.3277,13.3277,13.1432,13.1432,14.2551,14.6283,14.4416,14.2551,14.2551,14.069,13.8832,13.8832,13.6977,13.5125,13.5125,13.3277,13.1432,12.9591,13.5125,12.7752,12.5918,12.2259,12.0435,11.8614,11.8614,13.3277,12.0435,11.8614
2017-02-01 00:00:00,2,14.8154,14.6283,15.1905,56.5362,33.547,29.654,26.1651,23.5683,22.2994,22.048,21.5477,20.8035,19.58,18.1401,16.3228,15.9442,15.5667,15.5667,15.1905,15.0028,14.6283,14.6283,14.069,13.8832,13.6977,13.6977,13.5125,13.5125,,,
2017-01-01 00:00:00,2,11.1369,11.1369,10.9567,12.4086,16.1334,13.3277,11.6797,11.1369,10.9567,12.0435,11.3174,11.3174,12.0435,12.2259,16.1334,19.58,23.0583,30.7522,20.3116,18.8561,17.4656,16.3228,15.9442,15.7553,33.2644,17.4656,17.0836,16.5126,16.1334,15.5667,15.0028
2016-12-01 00:00:00,2,8.6511,8.1296,7.9567,50.3961,29.3812,19.823,16.5126,21.7975,34.6841,63.9044,33.2644,32.4208,23.8245,21.5477,20.3116,20.8035,19.0965,17.4656,16.7026,15.5667,14.4416,13.8832,13.3277,12.5918,12.5918,12.5918,12.2259,12.0435,11.8614,11.4984,11.3174
2016-11-01 00:00:00,2,7.441,7.2701,7.2701,7.2701,7.9567,7.441,7.0997,7.0997,8.303,7.441,7.0997,7.441,8.303,14.069,17.2744,14.069,11.4984,9.7064,9.5294,9.5294,9.3529,10.2398,9.7064,9.1768,9.0011,9.1768,9.7064,11.4984,9.8838,9.5294,
2016-10-01 00:00:00,2,6.9299,7.0997,7.6124,9.8838,8.8259,7.7843,7.2701,7.0997,6.9299,7.2701,7.6124,8.1296,15.7553,10.5974,9.0011,8.1296,7.6124,7.441,7.441,7.2701,9.1768,9.7064,8.4768,8.1296,7.9567,7.7843,7.7843,7.6124,7.6124,7.441,7.441
2016-09-01 00:00:00,2,7.9567,8.4768,8.303,7.9567,7.9567,7.9567,7.9567,7.7843,7.7843,7.6124,7.6124,7.6124,7.441,7.441,7.441,7.2701,7.2701,7.2701,7.2701,7.7843,7.2701,7.2701,7.2701,7.2701,7.0997,7.0997,7.0997,7.0997,7.0997,6.9299,
2016-08-01 00:00:00,2,9.1768,9.0011,9.0011,9.0011,9.0011,8.8259,8.8259,8.8259,8.8259,8.6511,8.6511,8.6511,8.6511,8.4768,8.4768,8.8259,8.6511,8.4768,8.303,8.303,8.303,8.303,8.303,8.303,8.1296,8.1296,8.1296,8.1296,8.1296,7.9567,7.9567
2016-07-01 00:00:00,2,10.5974,10.5974,10.5974,10.5974,10.4184,10.4184,10.4184,10.2398,10.2398,10.2398,10.0616,10.0616,9.8838,9.8838,9.7064,9.7064,9.7064,9.5294,9.5294,9.5294,9.5294,9.5294,9.3529,9.3529,9.3529,9.3529,9.3529,9.1768,9.1768,9.1768,9.1768
2016-06-01 00:00:00,2,11.4984,14.4416,22.5515,16.3228,14.2551,13.5125,12.7752,12.5918,12.2259,11.8614,11.8614,11.6797,11.6797,11.4984,11.4984,11.4984,11.3174,11.3174,11.3174,11.1369,11.1369,11.1369,10.9567,10.9567,10.9567,10.9567,10.7769,10.7769,10.7769,10.7769,
2016-05-01 00:00:00,2,13.5125,13.5125,13.3277,13.3277,13.3277,13.1432,13.1432,13.1432,12.9591,12.9591,12.7752,12.7752,12.7752,12.5918,12.5918,12.5918,12.4086,12.4086,12.4086,12.2259,12.2259,12.2259,12.0435,12.0435,12.0435,11.8614,11.8614,11.8614,11.6797,11.6797,11.6797
2016-04-01 00:00:00,2,17.4656,17.0836,16.893,16.5126,16.5126,16.3228,16.1334,15.9442,15.9442,15.7553,15.5667,15.5667,15.3784,15.1905,15.0028,14.8154,14.8154,14.6283,14.6283,14.4416,14.2551,14.069,13.8832,13.8832,13.6977,13.6977,13.5125,13.5125,13.8832,13.5125,
2016-03-01 00:00:00,2,34.3988,29.1092,24.0814,23.8245,23.5683,23.3129,22.8045,22.5515,22.048,21.2988,20.5571,20.0669,48.1855,24.0814,22.2994,21.0508,20.8035,20.3116,20.0669,19.58,18.8561,18.3779,17.9032,17.6672,21.7975,20.8035,20.3116,19.58,19.3378,18.6166,18.1401
2016-02-01 00:00:00,2,30.4766,28.8379,27.7599,25.6396,24.3392,23.3129,24.0814,23.0583,22.8045,22.2994,22.048,22.048,23.5683,21.7975,21.0508,20.0669,19.3378,18.8561,18.6166,18.3779,17.9032,17.9032,19.3378,20.8035,20.8035,19.0965,19.58,21.2988,22.5515,,
2016-01-01 00:00:00,2,14.4416,16.893,39.6352,16.5126,16.7026,15.5667,15.1905,15.0028,17.0836,15.7553,40.5282,29.654,25.902,28.5673,40.2299,36.9905,73.5679,66.6527,33.8303,49.4452,98.2787,63.9044,46.0035,36.1207,29.654,30.2017,29.3812,52.9567,83.0236,34.3988,34.9701
2015-12-01 00:00:00,2,10.4184,12.0435,38.1595,18.6166,15.0028,13.6977,15.1905,22.2994,16.893,17.6672,22.8045,26.6937,50.3961,24.0814,19.58,20.3116,18.6166,17.9032,21.5477,18.1401,17.0836,15.1905,14.069,14.2551,13.8832,15.0028,14.2551,14.6283,15.5667,15.0028,14.6283
2015-11-01 00:00:00,2,6.7606,10.0616,9.3529,7.7843,7.441,7.2701,7.2701,7.0997,7.0997,11.4984,9.3529,9.3529,9.0011,8.8259,10.4184,14.4416,7.9567,11.6797,32.7013,10.5974,16.893,12.2259,11.8614,11.8614,11.6797,11.4984,11.4984,11.3174,10.9567,10.5974,
2015-10-01 00:00:00,2,8.303,8.1296,7.9567,7.9567,7.7843,7.7843,7.6124,7.441,7.441,7.2701,7.2701,7.0997,7.0997,6.9299,6.9299,6.7606,6.7606,6.7606,6.5919,8.303,7.9567,7.9567,7.9567,7.7843,6.9299,6.7606,7.2701,9.7064,7.6124,7.0997,6.9299
2015-09-01 00:00:00,2,8.303,8.1296,8.1296,8.8259,7.9567,7.9567,7.9567,8.8259,26.1651,10.5974,10.9567,9.8838,9.7064,9.3529,9.0011,8.8259,8.8259,8.6511,8.4768,8.303,8.303,8.303,8.303,8.1296,8.1296,7.9567,7.9567,8.1296,8.1296,8.4768,
2015-08-01 00:00:00,2,10.2398,10.0616,10.0616,10.0616,9.8838,9.8838,9.8838,9.7064,9.7064,9.7064,9.5294,9.5294,9.3529,9.3529,9.3529,9.1768,9.1768,9.1768,9.0011,9.0011,9.0011,9.0011,8.8259,8.8259,8.6511,8.6511,8.4768,8.4768,8.303,8.303,8.303
2015-07-01 00:00:00,2,11.8614,11.6797,11.6797,11.6797,11.6797,11.6797,11.4984,11.4984,11.4984,11.4984,11.4984,11.3174,11.3174,11.3174,11.3174,11.1369,11.1369,11.1369,11.1369,10.9567,10.9567,10.9567,10.7769,10.7769,10.5974,10.5974,10.5974,10.4184,10.4184,10.2398,10.2398
2015-06-01 00:00:00,2,13.5125,13.6977,14.8154,13.6977,13.5125,13.5125,13.3277,13.3277,13.1432,12.9591,12.9591,12.7752,12.5918,12.5918,12.4086,12.4086,12.2259,12.2259,13.5125,12.4086,12.7752,12.2259,12.2259,12.2259,12.0435,12.0435,12.0435,11.8614,11.8614,11.8614,
2015-05-01 00:00:00,2,15.3784,16.3228,15.7553,15.3784,23.5683,25.1171,32.9825,21.0508,17.6672,17.2744,32.7013,20.5571,18.6166,17.2744,16.7026,16.3228,16.3228,16.3228,15.3784,15.3784,15.3784,15.3784,14.4416,14.4416,14.4416,14.4416,13.5125,12.7752,14.4416,14.2551,14.069
2015-04-01 00:00:00,2,29.654,22.048,25.6396,22.048,32.1409,29.3812,24.5977,22.5515,21.5477,20.0669,19.0965,19.0965,18.1401,17.6672,17.2744,17.2744,16.7026,16.3228,16.3228,18.1401,22.048,25.1171,23.5683,23.0583,19.58,17.2744,16.3228,16.3228,16.3228,16.3228,
2015-03-01 00:00:00,2,15.1905,14.6283,14.6283,15.3784,17.9032,21.5477,22.2994,20.3116,21.7975,25.378,19.0965,19.823,22.048,23.0583,21.0508,21.0508,25.1171,23.5683,28.2974,24.0814,21.7975,35.832,42.6339,24.0814,22.5515,21.2988,42.0292,69.8644,56.5362,34.3988,35.544
2015-02-01 00:00:00,2,9.0011,8.6511,8.4768,8.6511,19.0965,16.5126,28.2974,37.5737,22.5515,18.6166,18.1401,28.8379,25.6396,20.8035,23.3129,20.5571,21.0508,23.3129,30.4766,22.5515,19.58,17.9032,16.5126,15.5667,15.1905,14.8154,16.5126,15.0028,,,
2015-01-01 00:00:00,2,12.5918,11.1369,11.4984,18.8561,11.6797,13.3277,11.4984,11.3174,11.1369,10.9567,10.5974,10.4184,10.0616,9.8838,9.7064,9.3529,9.1768,9.0011,8.8259,8.8259,9.1768,10.2398,10.0616,11.4984,28.5673,18.6166,25.378,18.3779,11.8614,7.6124,7.0997
2014-12-01 00:00:00,2,37.2818,32.1409,29.654,27.4922,30.7522,30.4766,27.4922,24.0814,29.654,24.0814,27.7599,25.902,23.3129,19.823,16.7026,15.3784,14.4416,13.6977,13.3277,20.0669,34.1142,21.7975,20.0669,19.0965,25.1171,21.5477,18.6166,16.7026,13.3277,12.0435,12.0435
2014-11-01 00:00:00,2,7.0997,6.4237,7.9567,6.9299,6.5919,22.2994,8.8259,8.303,9.3529,7.9567,7.2701,6.9299,6.7606,6.7606,7.7843,6.9299,6.7606,6.5919,6.5919,6.5919,6.5919,6.4237,6.5919,7.7843,10.5974,21.0508,29.9275,50.7142,27.2253,18.3779,
2014-10-01 00:00:00,2,5.9227,6.9299,6.0891,5.9227,5.9227,5.9227,5.9227,5.9227,5.5916,5.5916,5.5916,5.5916,5.5916,5.4271,5.4271,5.4271,5.4271,5.4271,5.4271,5.4271,7.6124,6.9299,6.0891,5.9227,5.9227,7.0997,9.1768,6.9299,6.2561,6.4237,10.7769
2014-09-01 00:00:00,2,6.7606,7.2701,7.0997,6.9299,6.9299,6.9299,6.7606,6.7606,6.7606,6.5919,6.5919,6.4237,6.4237,6.4237,6.2561,6.2561,6.2561,6.2561,6.0891,6.0891,6.0891,6.0891,6.0891,6.0891,6.0891,6.0891,5.9227,5.9227,5.9227,5.9227,
2014-08-01 00:00:00,2,7.9567,7.9567,7.9567,7.9567,7.7843,7.7843,7.7843,7.7843,7.7843,7.6124,7.6124,7.6124,7.6124,7.6124,7.6124,7.441,7.441,7.441,7.441,7.441,7.2701,7.2701,7.2701,7.2701,7.0997,7.0997,6.9299,6.9299,6.9299,6.9299,6.7606
2014-07-01 00:00:00,2,8.303,8.1296,8.1296,8.1296,8.1296,7.9567,7.9567,7.9567,7.9567,7.7843,7.7843,7.7843,7.7843,7.7843,7.6124,7.6124,7.6124,7.6124,7.6124,7.441,7.441,7.441,7.441,7.441,7.2701,10.2398,13.1432,9.8838,8.4768,8.1296,8.1296
2014-06-01 00:00:00,2,9.7064,9.7064,9.7064,9.5294,9.5294,9.5294,9.3529,9.3529,9.3529,9.3529,9.1768,9.1768,9.1768,9.1768,9.0011,9.0011,9.0011,8.8259,8.8259,8.8259,8.8259,8.6511,8.6511,8.6511,8.4768,8.4768,8.4768,8.303,8.303,8.303,
2014-05-01 00:00:00,2,11.4984,11.3174,11.3174,11.1369,11.1369,11.1369,11.1369,10.9567,10.9567,10.9567,10.5974,10.5974,10.5974,10.5974,10.5974,10.4184,10.4184,10.2398,10.2398,10.2398,10.2398,10.2398,10.0616,10.0616,10.0616,10.0616,9.8838,9.8838,9.8838,9.7064,9.7064
2014-04-01 00:00:00,2,9.7064,15.0028,17.4656,11.8614,11.6797,11.4984,11.3174,11.3174,11.3174,11.3174,12.2259,19.58,13.8832,17.4656,20.0669,22.048,48.8142,22.5515,19.823,15.5667,13.3277,14.6283,16.5126,23.0583,15.1905,12.9591,11.8614,11.4984,11.4984,11.4984,
2014-03-01 00:00:00,2,10.0616,9.8838,9.8838,13.1432,11.1369,12.4086,12.5918,10.5974,10.2398,10.0616,9.8838,9.8838,9.8838,9.7064,9.7064,9.7064,9.7064,9.7064,9.7064,10.9567,10.2398,13.3277,10.5974,13.1432,10.0616,9.8838,9.8838,9.7064,9.7064,9.7064,9.7064
2014-02-01 00:00:00,2,11.1369,11.1369,10.9567,10.9567,10.5974,10.5974,10.5974,10.4184,10.4184,10.2398,10.2398,10.2398,10.0616,10.4184,10.4184,10.0616,14.2551,22.8045,13.5125,10.7769,10.2398,10.2398,10.2398,10.0616,10.0616,10.0616,10.0616,10.0616,,,
2014-01-01 00:00:00,2,14.069,14.069,13.8832,13.8832,13.1432,12.7752,12.0435,11.8614,11.6797,11.4984,11.3174,11.4984,11.3174,11.4984,11.3174,11.3174,11.3174,12.2259,37.8663,12.5918,12.0435,11.8614,36.1207,13.6977,15.0028,14.6283,13.1432,12.7752,12.5918,11.8614,11.3174
2013-12-01 00:00:00,2,68.2491,26.4291,78.6547,56.5362,27.7599,16.893,16.893,16.3228,15.7553,15.3784,15.3784,47.2468,27.2253,16.893,15.7553,15.3784,17.9032,23.5683,20.5571,17.2744,16.5126,16.5126,16.5126,16.5126,16.3228,15.9442,15.3784,15.3784,15.1905,14.8154,14.8154
2013-11-01 00:00:00,2,11.3174,9.8838,9.5294,9.1768,9.1768,12.0435,11.8614,12.7752,11.8614,11.6797,11.3174,10.9567,10.5974,10.2398,10.0616,9.8838,12.0435,9.5294,9.5294,9.5294,9.5294,9.5294,12.9591,20.8035,18.6166,68.6511,29.9275,14.2551,13.5125,15.9442,
2013-10-01 00:00:00,2,17.3764,11.8614,13.3277,11.4984,10.9567,10.5974,10.0616,9.8838,12.9591,10.9567,10.4184,10.4184,10.2398,9.8838,9.8838,9.8838,10.2398,18.3779,15.0028,11.8614,11.3174,10.9567,10.5974,10.2398,9.8838,9.8838,9.5294,9.3529,9.8838,12.5918,11.8614
2013-09-01 00:00:00,2,9.432,9.432,9.432,9.432,10.9682,10.0018,9.811,9.811,9.6211,9.6211,9.432,9.2438,9.0565,9.0565,9.0565,9.0565,9.432,10.5792,9.811,10.1934,9.811,9.2438,9.0565,8.87,8.87,8.87,8.87,8.6845,8.6845,10.3859,
2013-08-01 00:00:00,2,11.3604,11.3604,11.3604,11.1639,11.1639,11.1639,11.1639,11.1639,11.1639,11.1639,11.1639,10.9682,10.9682,10.9682,10.9682,10.7733,10.7733,11.3604,11.7558,10.9682,10.9682,10.7733,10.7733,10.3859,10.3859,10.0018,9.811,9.811,9.6211,9.6211,9.6211
2013-07-01 00:00:00,2,13.5726,13.3678,13.3678,13.3678,13.3678,13.1637,13.1637,13.1637,12.9604,12.9604,12.9604,13.1637,13.1637,12.7577,12.7577,12.5558,12.5558,12.3547,12.3547,12.9604,12.3547,11.9547,11.9547,11.7558,11.7558,11.7558,11.5577,11.5577,11.5577,11.5577,11.5577
2013-06-01 00:00:00,2,17.5939,17.1595,18.0308,17.1595,16.9432,16.7276,16.5126,16.5126,16.0846,15.8715,15.6591,15.4474,15.2364,15.2364,15.026,15.026,14.8163,15.026,14.6073,14.6073,14.3989,14.3989,14.1913,13.9844,13.9844,13.9844,13.7781,13.7781,13.5726,13.5726,
2013-05-01 00:00:00,2,18.2501,18.0308,18.0308,17.812,17.5939,17.3764,17.1595,17.1595,16.9432,16.7276,16.7276,16.5126,16.5126,16.2983,16.2983,16.0846,15.8715,15.6591,15.6591,15.4474,15.4474,15.2364,15.2364,15.026,15.2364,14.8163,15.026,18.6907,53.6026,25.378,19.3561
2013-04-01 00:00:00,2,21.5477,21.0508,29.1092,24.3392,33.8303,23.5683,27.2253,24.3392,26.9591,22.2994,26.6937,32.7013,40.5282,29.3812,26.4291,24.3392,23.3129,22.5515,22.048,21.5477,21.2988,20.8035,20.5571,20.0669,19.823,19.3561,19.1337,18.9119,18.6907,18.6907,
2013-03-01 00:00:00,2,28.5673,40.5282,54.2506,33.547,51.0328,34.3988,32.7013,26.9591,30.2017,25.1171,36.9905,34.1142,32.9825,23.5683,22.5515,22.048,21.5477,21.0508,21.2988,20.5571,24.0814,23.3129,21.2988,25.1171,31.8618,28.8379,26.1651,26.6937,22.2994,21.7975,21.5477
2013-02-01 00:00:00,2,27.7599,25.6396,24.0814,25.902,32.4208,46.3135,32.9825,34.1142,31.3056,29.654,28.2974,24.5977,22.5515,22.048,21.5477,20.8035,20.3116,19.823,19.3561,18.4701,17.812,21.0508,17.3764,17.5939,16.9432,17.5939,16.9432,24.3392,,,
2013-01-01 00:00:00,2,11.9547,11.5577,11.1639,10.9682,10.7733,10.5792,10.3859,13.7781,12.1543,16.9432,52.3132,27.4922,23.0583,24.3392,31.0286,25.6396,23.8245,22.048,19.58,18.0308,16.7276,16.0846,15.6591,15.2364,15.026,14.1913,13.9844,16.7276,67.8482,34.3988,32.1409
2012-12-01 00:00:00,2,10.0018,10.9682,34.9701,19.823,63.5165,28.8379,20.0669,15.026,15.8715,11.7558,10.3859,10.3859,9.432,40.2299,17.5939,11.7558,14.3989,12.3547,10.3859,11.3604,16.5126,21.0508,15.2364,11.3604,10.5792,10.1934,14.6073,14.3989,25.1171,12.5558,12.3547
2012-11-01 00:00:00,2,7.4119,8.6845,10.1934,16.0846,10.0018,8.4999,7.9516,7.7707,9.0565,8.1334,10.1934,8.87,11.1639,49.7616,18.6907,10.7733,8.87,18.4701,10.3859,9.432,8.87,8.3162,8.4999,8.1334,22.8045,20.5571,13.7781,11.1639,10.7733,10.3859,
2012-10-01 00:00:00,2,8.1334,8.1334,8.1334,7.9516,7.9516,7.9516,7.7707,7.7707,7.7707,7.7707,7.5908,7.4119,8.87,8.1334,7.7707,7.5908,7.7707,8.6845,8.4999,8.3162,7.9516,8.6845,11.1639,10.7733,9.6211,8.87,7.7707,7.5908,7.4119,7.4119,7.7707
2012-09-01 00:00:00,2,9.2438,9.2438,9.0565,9.0565,8.87,8.87,8.6845,8.6845,8.6845,8.4999,8.4999,8.4999,8.3162,8.3162,8.3162,8.1334,8.1334,8.1334,8.1334,8.1334,8.6845,8.87,8.87,8.4999,8.6845,13.7781,9.0565,8.6845,8.3162,8.3162,
2012-08-01 00:00:00,2,11.1639,10.9682,10.9682,10.9682,10.7733,10.7733,10.5792,10.5792,10.5792,10.5792,10.5792,10.3859,10.3859,10.3859,10.3859,10.3859,10.1934,10.1934,10.1934,10.0018,10.0018,10.0018,9.811,9.811,9.811,9.6211,9.6211,9.6211,9.432,9.432,9.432
2012-07-01 00:00:00,2,13.5726,13.3678,13.3678,13.1637,13.1637,13.1637,12.9604,12.9604,12.7577,12.7577,12.7577,12.7577,12.5558,12.5558,12.3547,12.3547,12.7577,12.7577,12.3547,12.1543,12.1543,11.9547,11.7558,11.7558,11.5577,11.5577,11.5577,11.3604,11.3604,11.3604,11.1639
2012-06-01 00:00:00,2,14.8163,16.2983,14.3989,14.1913,19.3561,18.9119,30.2017,18.4701,17.3764,17.1595,16.5126,16.0846,15.4474,15.2364,15.026,14.8163,14.6073,14.6073,14.3989,14.1913,19.823,16.5126,15.2364,14.6073,14.3989,14.1913,14.1913,13.9844,13.7781,13.7781,
2012-05-01 00:00:00,2,16.9432,16.5126,16.2983,16.0846,15.8715,15.8715,15.6591,15.4474,15.4474,15.2364,15.026,14.8163,15.026,16.0846,16.7276,15.8715,15.6591,15.2364,15.026,14.8163,14.8163,14.6073,14.3989,14.3989,14.1913,26.4291,18.6907,16.0846,15.026,14.6073,15.4474
2012-04-01 00:00:00,2,24.5977,29.9275,28.0283,22.8045,21.2988,20.3116,29.9275,21.5477,20.5571,20.0669,19.58,19.1337,18.9119,18.6907,18.2501,18.0308,23.3129,18.9119,17.812,17.5939,17.3764,18.4701,19.58,18.6907,17.3764,22.048,17.1595,16.9432,16.7276,17.1595,
2012-03-01 00:00:00,2,19.823,19.58,19.3561,19.1337,18.9119,18.4701,18.2501,18.0308,18.0308,17.5939,18.6907,18.0308,18.2501,20.5571,20.3116,19.3561,23.0583,22.048,19.58,18.9119,18.2501,17.812,19.3561,19.1337,18.6907,18.2501,17.812,23.0583,21.5477,40.8272,29.3812
2012-02-01 00:00:00,2,33.2644,31.8618,30.2017,29.3812,27.7599,25.6396,24.0814,23.0583,22.2994,21.2988,26.4291,24.5977,29.9275,24.857,24.0814,23.5683,23.3129,22.8045,22.048,21.7975,21.2988,21.0508,20.5571,23.3129,21.5477,20.8035,20.5571,20.3116,20.0669,,
2012-01-01 00:00:00,2,109.671,250.208,118.494,92.5826,83.467,79.953,213.96,156.586,104.145,63.5165,38.4533,31.8618,26.6937,54.2506,57.5239,56.208,39.6352,42.3312,39.043,88.8797,46.9351,43.5456,39.6352,37.2818,35.2567,34.9701,34.1142,34.3988,34.6841,35.2567,33.8303
2011-12-01 00:00:00,2,8.1334,12.5558,33.2644,16.2983,13.5726,10.5792,13.5726,13.7781,14.1913,13.7781,16.2983,12.3547,13.7781,14.1913,52.9568,31.3056,27.4922,32.9825,27.7599,25.6396,51.3521,17.1595,14.3989,12.9604,23.5683,34.6841,44.4628,26.6937,22.8045,35.2567,46.9351
2011-11-01 00:00:00,2,8.87,8.6845,8.6845,8.4999,8.3162,8.3162,8.1334,8.1334,7.9516,7.9516,7.9516,7.7707,9.811,8.4999,8.3162,8.1334,8.1334,7.9516,8.1334,8.3162,8.3162,8.3162,10.3859,8.4999,8.3162,8.3162,8.1334,8.87,11.1639,8.6845,
2011-10-01 00:00:00,2,7.9516,7.7707,7.7707,7.7707,7.7707,7.7707,7.5908,7.5908,7.5908,7.9516,8.6845,8.3162,8.1334,8.1334,8.1334,8.1334,8.3162,7.9516,7.7707,13.9844,8.6845,8.3162,8.6845,8.4999,9.432,9.2438,9.2438,9.0565,9.0565,8.87,9.0565
2011-09-01 00:00:00,2,9.432,9.432,9.432,9.2438,9.2438,8.87,8.87,8.87,8.6845,8.6845,8.6845,8.4999,8.4999,8.4999,8.4999,8.4999,8.3162,8.3162,8.3162,8.3162,8.3162,8.3162,8.1334,8.1334,8.1334,8.1334,8.3162,7.9516,7.9516,7.9516,
2011-08-01 00:00:00,2,10.9682,10.9682,10.9682,10.9682,10.7733,10.7733,10.7733,10.5792,10.5792,10.3859,10.1934,10.1934,10.0018,10.0018,10.0018,9.811,9.811,9.6211,9.6211,9.6211,9.6211,9.6211,9.6211,9.6211,9.6211,9.6211,9.6211,9.6211,9.6211,9.6211,9.6211
2011-07-01 00:00:00,2,13.1637,13.1637,13.1637,12.9604,12.7577,12.7577,12.5558,12.5558,12.5558,12.3547,12.3547,12.1543,12.1543,12.1543,12.1543,11.9547,11.9547,11.9547,11.9547,11.9547,11.7558,11.7558,11.5577,11.5577,11.3604,11.5577,11.3604,11.1639,11.1639,11.1639,10.9682
2011-06-01 00:00:00,2,16.0846,15.8715,15.6591,15.6591,15.4474,15.4474,15.2364,15.2364,15.026,17.3764,15.8715,15.4474,15.2364,15.2364,15.026,14.8163,14.6073,14.3989,14.3989,14.3989,14.1913,13.9844,13.7781,13.7781,13.5726,13.5726,13.3678,13.3678,13.1637,13.1637,
2011-05-01 00:00:00,2,20.8035,20.5571,20.5571,20.3116,20.0669,20.0669,19.823,19.823,19.58,19.3561,19.3561,18.9119,18.9119,18.4701,18.4701,18.2501,18.2501,18.0308,17.812,17.812,17.5939,17.3764,17.3764,17.1595,16.9432,16.7276,16.5126,16.5126,16.2983,16.2983,16.0846
2011-04-01 00:00:00,2,33.547,30.4766,46.624,31.0286,40.5282,32.7013,31.3056,29.3812,28.0283,44.7697,31.5834,29.9275,28.5673,33.547,29.654,29.1092,28.2974,26.6937,25.378,24.5977,23.8245,23.5683,23.0583,22.8045,22.8045,30.4766,25.902,24.5977,23.5683,22.5515,
2011-03-01 00:00:00,2,18.2501,20.0669,35.2567,32.1409,32.4208,73.1517,45.3854,69.0544,75.2446,53.9263,47.872,69.0544,57.8542,42.6339,54.9009,48.8142,44.7697,47.5591,48.1855,41.4269,35.832,37.8663,34.1142,32.7013,32.1409,31.8618,30.7522,29.9275,29.1092,28.0283,30.7522
2011-02-01 00:00:00,2,28.5673,29.654,33.8303,25.1171,21.5477,20.3116,19.3561,18.9119,18.4701,18.0308,17.3764,17.1595,18.6907,19.3561,17.5939,21.0508,18.4701,18.0308,17.3764,16.9432,16.5126,16.9432,18.6907,19.3561,18.4701,18.9119,23.5683,18.4701,,,
2011-01-01 00:00:00,2,26.6937,23.3129,24.5977,49.4452,42.6339,65.0751,92.5826,69.0544,40.5282,37.8663,30.7522,28.8379,27.7599,26.4291,30.2017,29.1092,27.7599,26.9591,28.2974,34.3988,30.2017,28.5673,26.9591,24.3392,22.5515,21.7975,21.2988,23.5683,22.048,21.5477,33.2644
2010-12-01 00:00:00,2,55.6598,24.857,20.5571,19.1337,18.0308,29.654,24.0814,22.8045,17.5939,16.7276,16.2983,16.0846,15.8715,16.0846,42.9372,25.378,18.0308,16.0846,16.5126,15.6591,15.026,14.8163,22.8045,19.3561,17.1595,15.8715,25.6396,21.7975,37.5737,35.2567,28.5673
2010-11-01 00:00:00,2,22.7638,13.3223,12.4919,12.4919,12.0833,16.586,17.266,13.7439,12.9049,13.1131,15.4725,13.1131,14.1698,24.0226,34.5599,65.5987,64.8964,37.4553,21.2825,18.1864,15.9149,48.4819,21.5271,17.266,16.586,15.6931,14.8165,14.1698,14.3843,16.8117,
2010-10-01 00:00:00,2,9.9164,22.0191,12.287,13.7439,59.3673,30.0876,13.1131,19.1222,12.287,10.6883,10.3,9.9164,9.7319,9.5324,12.6979,11.4786,11.2793,16.3613,12.287,10.1076,9.1374,8.942,8.5553,9.7319,8.942,25.0453,11.6791,11.0812,10.4936,10.1076,15.0341
2010-09-01 00:00:00,2,6.3557,6.3557,6.3557,6.3557,6.3557,6.1822,6.1822,7.6131,7.2464,7.0652,6.7074,6.7074,6.5308,6.3557,6.3557,6.3557,6.1822,6.1822,6.1822,6.0102,6.0102,6.0102,5.8398,5.8398,5.6711,5.6711,6.0102,13.5326,14.8165,12.4919,
2010-08-01 00:00:00,2,7.7987,7.7987,7.6131,7.6131,7.429,7.429,7.429,7.429,7.2464,7.2464,7.2464,7.2464,7.0652,7.0652,7.0652,7.0652,6.8856,6.8856,6.8856,6.8856,6.8856,6.8856,6.7074,6.7074,6.7074,6.7074,6.5308,6.5308,6.5308,6.5308,6.5308
2010-07-01 00:00:00,2,9.3342,9.3342,9.3342,9.1374,9.1374,9.1374,9.1374,9.1374,8.942,8.942,8.942,8.942,8.7479,8.7479,9.5324,9.5324,9.1374,8.942,8.7479,8.7479,8.5553,8.5553,8.5553,8.364,8.364,8.364,8.364,8.1741,7.9857,7.9857,7.7987
2010-06-01 00:00:00,2,10.8841,10.8841,11.0812,10.8841,10.8841,10.6883,10.8841,10.6883,10.6883,10.4936,10.4936,10.3,10.3,10.3,10.1076,10.1076,10.1076,9.9164,9.9164,9.9164,9.9164,9.7319,9.7319,9.7319,9.5324,9.5324,9.5324,9.5324,9.3342,9.3342,
2010-05-01 00:00:00,2,12.6979,12.4919,12.4919,12.287,12.0833,11.8806,11.8806,11.6791,12.9049,12.6979,12.4919,12.287,12.0833,11.8806,11.6791,11.4786,11.4786,11.2793,11.6791,15.0341,12.287,11.8806,11.6791,11.4786,11.4786,12.0833,11.4786,11.2793,11.2793,11.0812,11.0812
2010-04-01 00:00:00,2,16.8117,16.586,17.7243,18.6524,17.4947,17.266,19.1222,17.4947,17.266,16.586,15.9149,15.4725,15.2528,15.0341,15.0341,14.8165,14.5999,14.3843,14.3843,14.1698,14.1698,13.9564,13.9564,13.7439,13.7439,13.5326,13.5326,13.3223,13.1131,12.9049,
2010-03-01 00:00:00,2,58.3485,29.8148,55.9936,49.4417,34.2745,51.7047,33.9899,28.1951,25.5618,24.5322,23.2646,22.5146,22.0191,24.277,21.7727,20.796,20.5541,20.0731,19.5958,19.1222,18.8868,18.419,23.0138,20.0731,19.834,19.3585,18.8868,18.1864,17.7243,18.1864,17.4947
2010-02-01 00:00:00,2,17.266,16.3613,15.9149,16.8117,26.6051,18.419,42.2421,24.277,18.419,18.6524,17.266,16.586,15.9149,15.4725,15.0341,14.5999,14.5999,14.3843,18.1864,15.9149,15.0341,15.6931,16.1376,15.4725,17.266,19.5958,17.0384,18.419,,,
2010-01-01 00:00:00,2,18.8868,18.419,17.9549,17.4947,18.419,26.868,24.277,41.9375,53.0126,24.0226,21.2825,18.419,23.2646,25.0453,22.2664,19.5958,19.1222,24.0226,17.7243,17.0384,17.4947,19.1222,21.2825,19.1222,20.796,21.2825,18.8868,17.9549,17.4947,24.7883,18.8868
2009-12-01 00:00:00,2,11.0812,13.7439,14.8165,13.7439,29.0013,16.8117,16.3613,15.2528,15.4725,16.586,30.6356,16.586,15.0341,16.1376,15.4725,14.8165,15.0341,15.4725,15.2528,15.0341,15.9149,15.2528,15.0341,15.2528,17.0384,19.834,26.343,15.6931,17.4947,19.1222,26.343
2009-11-01 00:00:00,2,12.9049,12.6979,14.3843,26.868,16.1376,13.9564,13.5326,17.266,14.3843,13.5326,13.3223,36.5788,17.0384,15.0341,14.1698,13.5326,13.3223,13.1131,12.6979,12.6979,12.4919,12.0833,11.8806,11.6791,11.2793,11.2793,11.0812,10.8841,13.3223,11.4786,
2009-10-01 00:00:00,2,10.3,10.1076,10.1076,9.9164,9.9164,10.3,15.4725,13.3223,12.4919,25.8214,12.9049,12.0833,11.6791,11.2793,11.6791,31.4635,18.419,17.266,15.0341,17.7243,15.2528,17.7243,15.6931,14.5999,13.5326,19.1222,14.5999,13.9564,13.7439,13.3223,13.1131
2009-09-01 00:00:00,2,11.6791,11.6791,11.6791,11.4786,11.4786,11.2793,11.2793,11.4786,11.6791,11.4786,11.4786,11.4786,11.4786,11.2793,11.0812,11.0812,10.8841,10.8841,10.6883,10.6883,10.4936,16.3613,12.287,11.2793,11.0812,10.8841,10.6883,10.4936,10.4936,10.3,
2009-08-01 00:00:00,2,12.4919,12.287,12.287,12.287,12.0833,12.0833,12.0833,11.8806,11.8806,11.8806,11.6791,11.6791,11.4786,11.4786,11.4786,11.4786,11.2793,11.2793,11.2793,11.6791,11.6791,11.2793,11.2793,17.266,13.3223,12.4919,12.287,12.0833,11.8806,11.8806,11.8806
2009-07-01 00:00:00,2,15.2528,15.2528,15.0341,15.0341,14.8165,14.5999,14.5999,14.5999,14.3843,14.3843,14.1698,14.1698,13.9564,13.9564,13.9564,13.7439,13.7439,13.5326,13.5326,13.3223,13.3223,13.3223,13.1131,13.1131,13.1131,12.9049,12.9049,12.6979,12.6979,12.4919,12.4919
2009-06-01 00:00:00,2,20.3131,19.1222,18.6524,18.6524,18.419,18.1864,17.9549,17.9549,17.7243,17.7243,17.4947,17.7243,17.266,17.0384,16.8117,16.8117,16.586,16.586,16.3613,16.3613,16.1376,16.1376,15.9149,16.1376,16.586,16.1376,15.9149,15.6931,15.6931,15.4725,
2009-05-01 00:00:00,2,25.0453,29.8148,26.868,26.868,35.9982,29.8148,27.1318,26.0818,25.0453,24.277,25.8214,24.5322,23.5164,22.7638,23.0138,22.2664,21.7727,21.5271,21.0388,20.5541,20.3131,20.0731,19.834,19.5958,19.5958,19.3585,19.3585,19.1222,19.1222,18.8868,18.6524
2009-04-01 00:00:00,2,42.2421,37.749,34.846,33.4231,32.5786,32.0195,101.68,43.7758,38.0434,35.1329,34.2745,33.4231,32.5786,65.2473,54.3309,38.0434,34.846,33.1408,32.0195,31.1868,29.5428,28.7318,28.1951,27.6618,27.1318,26.6051,26.343,25.8214,25.3031,24.7883,
2009-03-01 00:00:00,2,28.463,26.6051,25.5618,24.7883,24.0226,26.0818,24.0226,24.5322,23.5164,29.0013,30.3612,25.5618,30.0876,26.6051,26.343,25.8214,36.8702,28.7318,26.343,25.3031,25.5618,26.0818,38.3386,32.5786,29.0013,41.3304,36.5788,52.0307,32.5786,38.6344,96.8387
2009-02-01 00:00:00,2,88.4221,42.8535,36.5788,40.4252,32.5786,38.0434,36.2881,30.9108,28.7318,29.8148,29.0013,27.1318,29.2717,93.0508,53.0126,42.8535,37.1624,34.5599,33.1408,31.4635,30.0876,28.463,36.8702,29.0013,34.5599,38.3386,34.2745,30.0876,,,
2009-01-01 00:00:00,2,26.6051,24.7883,21.7727,19.834,19.1222,18.419,17.7243,16.8117,22.2664,21.7727,19.834,18.419,17.0384,15.6931,20.3131,20.3131,27.6618,33.1408,20.5541,20.0731,25.3031,30.9108,29.8148,30.0876,109.163,52.6846,68.2491,97.7975,68.2491,68.6511,52.3573
2008-12-01 00:00:00,2,10.9997,10.4157,10.0305,9.4591,8.8955,13.8177,9.6487,9.0825,9.2703,8.8955,10.0305,11.989,13.6116,23.5683,15.4918,15.7041,41.7277,24.3392,35.832,19.4116,17.4262,16.9918,22.8045,21.7975,20.3116,23.5683,185.808,83.9115,52.3573,32.2986,28.463
2008-11-01 00:00:00,2,8.5243,14.0245,8.8955,8.5243,8.34,8.5243,10.2227,8.8955,8.34,10.6095,9.8391,11.5909,15.9171,14.0245,10.6095,10.0305,9.8391,10.2227,10.6095,9.8391,9.2703,9.0825,8.8955,8.8955,8.7094,8.5243,12.9976,12.7944,11.196,11.7896,
2008-10-01 00:00:00,2,9.8391,13.4062,11.393,11.196,10.6095,10.4157,10.4157,10.2227,10.2227,10.9997,10.8042,10.6095,10.4157,10.4157,10.2227,10.0305,10.0305,9.8391,9.6487,9.8391,10.0305,10.2227,10.2227,10.0305,9.8391,9.6487,9.4591,9.0825,8.8955,8.8955,8.7094
2008-09-01 00:00:00,2,11.7896,11.196,10.9997,10.9997,10.8042,10.8042,10.6095,10.6095,10.6095,10.4157,10.4157,10.2227,10.2227,10.2227,10.4157,10.9997,11.196,11.5909,10.8042,10.6095,15.0691,16.7756,11.393,10.8042,10.6095,10.4157,10.2227,10.0305,10.2227,9.8391,
2008-08-01 00:00:00,2,12.7944,12.7944,12.5919,12.5919,12.9976,13.4062,12.9976,12.7944,12.5919,12.3902,12.3902,12.1892,12.1892,12.1892,11.989,11.7896,11.7896,11.5909,11.5909,11.393,11.196,11.196,10.9997,10.9997,10.9997,10.9997,10.8042,10.8042,10.8042,10.6095,18.0825
2008-07-01 00:00:00,2,15.4918,15.2801,15.2801,15.0691,15.0691,14.8588,14.8588,14.6492,14.6492,14.4403,14.4403,14.4403,14.232,14.232,14.232,14.0245,14.0245,13.8177,13.8177,13.8177,13.6116,13.6116,13.6116,13.4062,13.4062,13.4062,13.2015,13.2015,13.2015,12.9976,12.9976
2008-06-01 00:00:00,2,18.7444,19.823,19.1886,18.7444,18.5231,18.3025,18.3025,18.0825,17.8631,17.6444,17.6444,17.4262,17.2087,16.9918,16.9918,16.7756,16.56,16.56,16.345,16.345,16.1307,16.1307,15.9171,16.345,16.7756,16.1307,15.9171,15.7041,15.7041,15.4918,
2008-05-01 00:00:00,2,25.6396,24.857,24.3392,24.3392,24.0814,23.5683,23.3129,23.0583,22.8045,22.5515,22.2994,22.2994,22.048,21.7975,21.7975,21.5477,21.2988,21.2988,21.0508,20.8035,20.8035,20.5571,20.3116,20.0669,19.823,19.58,19.4116,19.1886,18.9662,18.7444,18.7444
2008-04-01 00:00:00,2,29.9275,29.3812,28.5673,36.9905,32.7013,31.3056,59.3277,36.9905,46.0035,35.5441,49.7616,33.2644,32.1409,31.3056,30.7522,29.654,28.2974,27.7599,27.2253,28.2974,51.6719,34.1142,32.4208,31.5834,31.3056,29.9275,28.8379,28.0283,26.9591,26.1651,
2008-03-01 00:00:00,2,28.8379,28.2974,27.4922,26.1651,25.902,26.4291,28.8379,28.8379,28.2974,30.4766,33.2644,29.1092,39.043,35.832,38.4533,154.163,72.3228,67.8482,65.0751,62.3599,58.954,53.6026,47.5591,42.3312,42.6339,39.6352,36.9905,35.2567,34.1142,32.1409,30.7522
2008-02-01 00:00:00,2,152.358,83.9115,102.662,263.446,169.617,113.781,141.753,167.094,120.619,73.9853,66.6527,60.8344,56.8648,56.208,52.9568,48.1855,45.0773,43.2411,41.1267,41.7277,39.3387,37.8663,36.41,34.6841,33.2644,42.9372,33.2644,31.8618,29.9275,,
2008-01-01 00:00:00,2,16.345,15.7041,15.2801,14.6492,14.0245,13.4062,20.3116,14.6492,14.232,13.8177,29.1092,16.345,18.9662,18.0825,18.0825,18.5231,25.902,18.7444,20.0669,21.7975,33.547,26.6937,28.2974,32.4208,40.2299,54.9009,64.6837,176.005,159.641,85.2523,72.3228
2007-12-01 00:00:00,2,12.1892,11.7896,11.393,12.1892,12.1892,11.196,10.8042,10.0305,16.1307,14.0245,16.1307,14.4403,13.4062,16.345,14.8588,58.5814,15.9171,15.0691,17.2087,126.015,102.662,65.4678,32.1409,30.7522,35.5441,22.5515,20.5571,19.823,18.9662,17.6444,16.9918
2007-11-01 00:00:00,2,7.9744,7.793,7.9744,10.8042,12.1892,13.6116,67.4485,15.2801,14.6492,13.2015,12.3902,34.3988,14.232,16.9918,13.6116,12.9976,13.2015,11.7896,12.7944,14.4403,17.4262,13.8177,12.7944,11.989,14.8588,14.8588,13.8177,13.2015,14.4403,12.7944,
2007-10-01 00:00:00,2,16.7756,8.8955,8.5243,8.1567,7.9744,7.793,7.793,7.6126,7.6126,7.6126,7.429,7.429,7.2464,7.2464,7.2464,7.2464,7.0652,9.0824,9.4591,8.8955,8.7094,8.5243,8.34,8.34,21.0508,10.2227,8.8955,8.7094,8.5243,8.34,8.1567
2007-09-01 00:00:00,2,9.0825,9.0825,8.8955,8.8955,8.8955,8.8955,8.7094,8.7094,8.5243,8.5243,8.5243,8.34,8.34,8.1567,8.1567,8.1567,8.34,8.1567,8.1567,7.9744,7.9744,7.9744,7.9744,7.9744,7.793,7.793,7.6126,7.6126,7.9744,7.793,
2007-08-01 00:00:00,2,11.989,11.989,11.989,11.7896,11.7896,11.7896,11.7896,11.5909,11.393,11.393,11.196,11.196,10.9997,10.8042,10.6095,10.6095,10.4157,10.2227,10.2227,10.0305,10.0305,9.8391,9.8391,9.6487,9.6487,9.4591,9.4591,9.2703,9.2703,9.2703,9.0825
2007-07-01 00:00:00,2,12.9976,12.7944,12.5919,12.5919,12.5919,12.5919,12.3902,12.3902,12.1892,12.1892,12.1892,11.989,11.989,11.989,11.7896,11.7896,11.5909,11.5909,11.5909,11.393,11.393,11.393,11.393,11.989,12.5919,12.3902,11.989,12.9976,12.5919,12.3902,12.1892
2007-06-01 00:00:00,2,15.4918,15.4918,15.4918,15.2801,15.0691,15.0691,14.8588,14.8588,14.6492,14.6492,14.4403,14.4403,14.232,14.232,14.0245,14.0245,13.8177,13.8177,13.6116,13.6116,13.6116,13.4062,13.4062,13.4062,13.2015,13.2015,12.9976,12.9976,12.9976,12.9976,
2007-05-01 00:00:00,2,19.4116,19.1886,18.9662,18.7444,18.5231,18.3025,18.3025,18.0825,17.8631,17.6444,17.4262,17.4262,17.2087,16.9918,16.9918,16.7756,16.7756,16.56,16.345,16.345,16.1307,15.9171,16.9918,18.7444,16.7756,16.345,16.345,16.1307,15.9171,15.9171,15.7041
2007-04-01 00:00:00,2,21.0508,20.8035,20.3116,20.0669,19.823,30.7522,25.6396,22.8045,21.7975,22.048,22.5515,22.048,21.7975,21.2988,20.5571,20.0669,19.58,21.7975,20.5571,20.0669,19.823,20.3116,20.5571,23.5683,20.3116,19.823,20.5571,29.9275,20.5571,19.58,
2007-03-01 00:00:00,2,31.8618,31.0286,30.2017,29.1092,28.5673,28.0283,27.7599,27.2253,26.6937,26.4291,25.6396,25.1171,24.5977,24.0814,25.378,24.5977,26.4291,25.902,25.1171,22.2994,30.2017,29.1092,25.6396,24.3392,23.3129,22.8045,22.5515,22.048,22.048,21.5477,21.2988
2007-02-01 00:00:00,2,52.3132,48.4995,48.8142,42.6339,39.9322,60.4559,106.639,93.0508,53.6026,48.8142,45.0773,83.0236,59.3277,52.3132,48.8142,47.2468,47.2468,46.9351,58.954,47.2468,44.1565,40.5282,37.5737,35.832,34.3988,33.547,35.2567,33.547,,,
2007-01-01 00:00:00,2,95.4094,88.4221,54.5755,47.872,100.702,66.2565,61.5948,57.8542,60.4559,50.7142,45.3854,72.3228,50.0785,46.9351,42.3312,44.1565,40.5282,38.1595,36.1207,50.3961,55.8804,50.0785,57.5239,69.0544,66.6527,107.645,71.9101,104.145,67.8482,59.3277,95.8846
2006-12-01 00:00:00,2,17.6444,18.7444,16.1307,27.4922,34.3988,33.8303,56.8648,35.5441,29.654,64.6837,110.181,99.7293,83.467,87.0565,81.7005,69.4588,73.9853,60.0787,53.9263,46.9351,40.5282,35.832,34.1142,32.9825,31.5834,30.7522,29.1092,65.4678,60.4559,67.8482,100.215
2006-11-01 00:00:00,2,13.4062,12.7944,12.5919,13.4062,12.9976,12.9976,13.2015,13.2015,12.7944,13.4062,13.4062,15.9171,13.4062,12.5919,12.3902,12.1892,11.7896,11.393,11.196,14.232,18.5231,13.2015,12.5919,11.7896,11.393,12.5919,12.7944,33.2644,18.5231,15.7041,
2006-10-01 00:00:00,2,10.8042,10.8042,10.6095,10.2227,11.989,36.9905,58.5814,20.0669,14.232,12.7944,11.196,20.8035,23.0583,14.0245,12.1892,13.6116,13.2015,36.1207,35.2567,93.5201,29.1092,22.5515,19.1886,17.6444,16.56,15.7041,15.0691,14.4403,13.6116,12.9976,12.7944
2006-09-01 00:00:00,2,10.8042,12.5919,11.393,10.4157,9.8391,9.6487,9.4591,9.4591,9.2703,9.0825,8.8955,8.8955,8.7094,8.7094,8.7094,8.5243,8.34,8.34,8.1567,7.9744,11.393,11.5909,12.1892,11.196,10.4157,10.0305,9.8391,9.0825,8.8955,9.0825,
2006-08-01 00:00:00,2,14.4403,11.393,11.196,10.9997,10.9997,10.8042,10.8042,10.6095,10.6095,10.4157,10.2227,10.2227,10.0305,10.0305,9.8392,9.8392,9.8392,9.6487,9.6487,10.0305,10.0305,9.4591,9.6487,9.4591,9.4591,9.2703,9.8392,10.4157,11.5909,11.7896,11.393
2006-07-01 00:00:00,2,13.4062,13.2015,13.2015,12.9976,12.9976,12.7944,12.7944,12.7944,12.3902,12.5919,12.3902,12.3902,12.1892,12.1892,12.1892,11.989,11.989,11.989,11.7896,11.7896,11.5909,11.5909,11.393,11.393,11.393,11.196,11.196,10.9997,10.9997,10.8042,11.196
2006-06-01 00:00:00,2,16.1307,16.1307,15.9171,15.4918,15.4918,15.2801,15.0691,15.0691,14.8588,14.8588,14.6492,14.6492,14.4403,14.4403,14.232,14.232,14.232,14.0245,14.0245,13.8177,13.8177,13.8177,13.8177,13.8177,13.8177,13.6116,13.8177,13.6116,13.4062,13.6116,
2006-05-01 00:00:00,2,19.823,19.58,19.1886,18.9662,18.7444,18.5231,18.3025,18.3025,18.5231,18.7444,18.3025,18.0825,17.6444,17.6444,17.4262,17.2087,16.9918,16.9918,16.7756,16.7756,16.56,16.345,22.8045,23.3129,21.2988,20.5571,19.58,18.9662,17.2087,16.7756,16.345
2006-04-01 00:00:00,2,29.654,28.8379,28.0283,27.4922,26.9591,26.4291,32.1409,28.2974,27.7599,27.2253,26.6937,26.1651,25.902,25.1171,24.3392,23.8245,24.0814,24.5977,23.5683,22.5515,22.048,21.5477,21.2988,21.0508,20.8035,20.5571,20.5571,20.3116,20.3116,20.0669,
2006-03-01 00:00:00,2,25.1171,29.654,22.5515,23.0583,24.857,34.6841,119.023,65.4678,38.4533,35.544,34.1142,32.9825,31.8618,29.9275,41.7277,33.8303,63.9044,68.6511,49.7616,47.2468,41.4269,39.3387,36.9905,34.9701,32.4208,47.872,40.5282,34.3988,31.8618,31.5834,30.7522
2006-02-01 00:00:00,2,22.8045,27.4922,40.2299,23.0583,22.2994,21.5477,20.5571,19.823,22.048,22.048,30.7522,27.7599,26.1651,26.1651,24.5977,24.5977,24.857,24.0814,23.5683,22.2994,21.5477,21.2988,23.0583,21.7975,21.2988,20.8035,20.3116,23.0583,,,
2006-01-01 00:00:00,2,23.5683,23.5683,26.9591,33.8303,54.2506,45.0773,36.6999,49.1294,44.7697,32.7013,31.8618,31.3056,29.9275,28.2974,26.4291,24.5977,22.8045,21.7975,21.2988,20.3116,19.823,19.4116,19.1886,20.3116,20.3116,21.0508,19.4116,21.0508,28.5673,31.5834,25.6396
2005-12-01 00:00:00,2,51.3521,122.226,33.2644,29.3812,21.0508,33.2644,30.4766,130.417,35.544,30.7522,140.598,79.0863,95.4094,70.6791,98.2787,64.2935,65.0751,67.05,63.9044,43.2411,31.3056,46.9351,43.8507,29.1092,26.9591,25.6396,24.3392,22.5515,22.8045,22.2994,22.8045
2005-11-01 00:00:00,2,9.0825,14.4403,37.5737,10.6095,10.6095,8.7094,9.8391,14.0245,9.0825,10.4157,12.9976,9.4591,9.6487,10.8042,10.0305,13.4062,13.4062,15.0691,11.7896,31.0286,13.6116,11.989,13.4062,52.9568,42.9372,37.5737,33.8303,22.2994,35.832,101.68,
2005-10-01 00:00:00,2,8.7094,8.34,8.1567,7.9744,7.9744,21.2988,21.0508,9.6487,8.5243,8.5243,8.34,7.9744,7.6126,7.429,7.2464,7.0652,6.7074,6.5308,9.6487,25.378,9.6487,8.1567,7.429,30.7522,9.6487,8.34,7.9744,7.793,7.9744,7.9744,7.793
2005-09-01 00:00:00,2,8.34,8.1567,8.1567,8.5243,9.2703,12.3902,10.2227,9.0825,8.5243,8.34,8.1567,8.1567,7.9744,10.6095,9.2703,8.34,9.0825,9.2703,16.56,9.8391,8.8955,8.7094,8.34,8.1567,8.1567,9.8391,9.2703,9.0825,8.7094,8.5243,
2005-08-01 00:00:00,2,10.0305,10.0305,10.0305,9.8391,9.6487,9.6487,9.6487,9.4591,9.4591,9.6487,9.4591,9.4591,9.2703,9.2703,9.2703,9.0825,9.0825,9.2703,9.2703,9.0825,8.8955,8.8955,8.7094,8.5243,8.5243,8.34,8.8955,8.7094,8.5243,8.5243,8.34
2005-07-01 00:00:00,2,11.989,11.989,11.7896,11.5909,11.5909,11.393,11.5909,11.393,11.393,11.196,11.5909,11.393,11.196,11.196,10.9997,10.9997,10.8042,10.8042,11.393,11.196,10.9997,10.9997,10.8042,10.6095,10.6095,10.4157,10.4157,10.4157,10.4157,10.2227,10.2227
2005-06-01 00:00:00,2,14.232,14.232,14.0245,14.0245,13.8177,13.6116,13.6116,13.6116,13.4062,13.4062,13.2015,13.6116,13.4062,13.2015,12.9976,12.9976,12.7944,12.7944,12.7944,12.5919,17.8631,13.2015,12.7944,12.7944,12.5919,12.3902,12.3902,12.1892,12.1892,12.1892,
2005-05-01 00:00:00,2,16.1307,15.2801,15.0691,14.6492,14.6492,14.6492,14.6492,14.4403,14.4403,14.232,14.0245,14.0245,13.8177,13.6116,13.6116,13.4062,13.4062,13.4062,13.2015,13.2015,12.9976,15.0691,14.4403,18.5231,18.9662,28.8379,16.56,15.2801,14.8588,14.4403,14.4403
2005-04-01 00:00:00,2,22.048,22.048,21.0508,20.5571,20.3116,19.58,18.5231,18.0825,17.8631,17.6444,17.4262,17.2087,16.9918,16.7756,16.56,16.56,16.345,16.1307,15.9171,15.9171,16.56,17.8631,17.4262,19.4116,15.7041,15.7041,18.9662,15.9171,17.4262,28.0283,
2005-03-01 00:00:00,2,20.5571,23.8245,20.3116,19.823,19.4116,17.4262,16.9918,16.56,16.345,16.56,20.8035,17.8631,18.0825,21.5477,17.4262,17.4262,21.0508,24.0814,21.5477,29.654,36.6999,41.4269,50.7142,40.8272,42.3312,56.8648,30.2017,31.3056,25.6396,24.3392,23.0583
2005-02-01 00:00:00,2,26.6937,40.5282,23.3129,25.902,32.1409,28.8379,21.7975,20.5571,19.58,19.1886,18.9662,17.8631,17.4262,16.9918,16.7756,16.56,22.2994,16.7756,16.56,16.345,16.1307,15.9171,15.4918,14.8588,17.2087,19.823,17.2087,37.5737,,,
2005-01-01 00:00:00,2,44.7697,17.8631,15.2801,21.0508,32.4208,43.2411,38.7478,47.2468,60.0787,25.6396,22.5515,21.2988,35.2567,20.5571,23.5683,22.2994,20.0669,19.1886,19.1886,18.9662,19.1886,18.5231,17.4262,17.2087,16.345,15.2801,28.2974,34.1142,23.3129,34.6841,53.2794
2004-12-01 00:00:00,2,9.8391,15.7041,11.7896,13.2015,11.5909,10.6095,10.2227,9.8391,10.4157,13.4062,12.3902,11.196,11.7896,10.2227,12.1892,10.6095,9.8391,9.8391,9.8391,13.6116,17.2087,18.0825,152.358,51.6719,30.2017,24.5977,19.823,18.0825,16.7756,17.6444,15.4918
2004-11-01 00:00:00,2,9.0825,13.6116,11.989,10.4157,9.2703,9.2703,14.8588,12.9976,10.6095,9.6487,9.2703,8.7094,8.5243,8.34,8.34,12.1892,10.0305,11.196,11.7896,10.0305,9.6487,14.232,9.6487,9.0825,8.5243,8.34,8.7094,13.2015,12.3902,10.8042,
2004-10-01 00:00:00,2,8.34,8.1567,10.2227,38.7478,10.2227,9.4591,9.0825,8.7094,8.5243,8.34,9.0825,9.4591,10.4157,21.2988,11.393,56.5361,13.6116,10.8042,10.4157,10.2227,10.0305,9.6487,9.4591,9.8391,9.8391,13.4062,10.9997,10.2227,9.8391,9.6487,9.4591
2004-09-01 00:00:00,2,10.2227,10.2227,10.0305,10.0305,10.0305,9.8391,9.8391,9.6487,9.4591,9.4591,9.4591,9.2703,9.2703,9.2703,9.2703,9.2703,9.2703,10.2227,11.393,12.5919,10.2227,9.6487,9.2703,9.2703,8.8955,8.7094,8.7094,8.5243,8.34,8.34,
2004-08-01 00:00:00,2,12.3902,12.1892,12.1892,11.989,11.989,11.7896,11.7896,11.7896,11.5909,11.5909,11.5909,11.393,11.393,11.196,11.196,11.196,11.196,11.196,10.9997,10.9997,10.9997,10.8042,10.8042,10.8042,10.6095,10.6095,10.4157,10.4157,10.4157,10.4157,10.2227
2004-07-01 00:00:00,2,14.6492,14.6492,14.4403,14.4403,14.4403,14.4403,14.232,14.232,14.0245,14.232,17.2087,14.6492,14.232,14.0245,13.8177,13.6116,13.6116,13.6116,13.4062,14.4403,13.6116,13.2015,13.2015,12.9976,12.9976,12.7944,12.7944,12.5919,12.5919,12.5919,12.3902
2004-06-01 00:00:00,2,18.3025,18.5231,18.7444,18.3025,18.0825,17.6444,17.4262,17.4262,17.2087,17.2087,16.9918,16.7756,16.9918,16.7756,16.56,16.7756,16.56,16.345,16.1307,15.9171,15.9171,15.7041,15.4918,15.4918,15.2801,15.2801,15.0691,15.0691,15.0691,14.8588,
2004-05-01 00:00:00,2,24.5977,24.0814,23.8245,23.3129,33.2644,24.5977,23.5683,23.0583,22.5515,22.2994,22.048,21.5477,21.2988,21.2988,21.5477,21.5477,20.8035,20.5571,20.0669,20.0669,20.3116,21.2988,20.3116,19.58,19.4116,19.4116,18.9662,18.7444,18.5231,18.7444,18.5231
2004-04-01 00:00:00,2,51.6719,29.654,28.8379,31.3056,31.0286,61.214,33.8303,48.8142,39.043,43.5456,46.3135,33.2644,39.6352,32.9825,32.1409,51.6719,33.547,38.1595,39.3387,30.7522,43.8507,30.7522,29.1092,28.2974,27.4922,29.9275,27.2253,26.4291,25.6396,25.1171,
2004-03-01 00:00:00,2,37.8663,65.4678,36.6999,163.347,70.6791,57.1941,53.9263,48.1855,43.8507,40.8272,38.1595,36.1207,52.3132,39.3387,94.9353,50.0785,43.5456,44.1565,37.5737,35.2567,34.1142,32.4208,31.0286,29.654,28.8379,28.0283,48.8142,39.3387,45.0773,39.3387,34.3988
2004-02-01 00:00:00,2,30.4766,30.2017,25.902,24.0814,22.048,22.5515,21.2988,37.8663,32.4208,27.7599,25.6396,27.2253,22.048,40.8272,33.8303,47.5591,31.5834,29.3812,36.41,36.9905,64.6837,51.3521,57.5239,83.467,76.9402,93.0508,55.8804,49.4452,42.9372,,
2004-01-01 00:00:00,2,13.1585,37.5368,30.0216,23.6864,22.1584,15.1656,13.8202,30.8372,19.6656,25.4981,21.9061,19.4201,19.4201,38.1086,31.9325,20.4062,18.688,17.2436,16.5391,15.3926,14.7139,14.4893,41.2882,19.6656,16.7707,18.9313,130.417,56.208,61.9768,36.9905,29.3812
2003-12-01 00:00:00,2,16.7707,14.7139,16.5391,26.0213,16.0782,13.8202,22.1584,28.942,38.1086,37.2517,31.6579,19.6656,16.5391,15.3926,13.8202,12.2881,11.8581,11.6445,11.2199,10.5899,10.1746,10.7989,11.8581,14.0424,12.9396,10.1746,11.0089,14.9394,14.4893,37.5368,54.5605
2003-11-01 00:00:00,2,9.1536,7.574,14.0424,7.7676,6.811,7.9624,9.3558,8.9524,7.574,7,6.6232,6.2513,6.0673,6.6232,6.2513,12.9396,17.7221,17.4825,11.2199,10.7989,9.1536,8.3552,7.574,8.3552,7.9624,8.1582,19.4201,14.0424,32.7597,15.1656,
2003-10-01 00:00:00,2,6.811,6.811,6.6232,6.4367,6.4367,6.4367,6.2513,7,8.9524,7.1902,10.3818,7.574,6.6232,7.3815,7,6.811,6.6232,6.4367,6.4367,6.2513,6.0673,6.0673,7,9.559,7.1902,6.811,6.6232,6.6232,6.4367,6.2513,6.2513
2003-09-01 00:00:00,2,8.5532,8.1582,8.1582,7.9624,7.9624,7.7676,7.574,7.574,7.3815,7.3815,7.3815,7.3815,15.6204,10.7989,7.7676,8.1582,8.3552,8.1582,7.7676,7.574,7.3815,7.1902,7,7,6.811,6.811,6.6232,7.574,8.1582,7,
2003-08-01 00:00:00,2,8.9524,8.9524,8.7523,8.7523,8.7523,8.5532,8.5532,8.5532,8.3552,8.3552,8.3552,8.1582,8.1582,8.3552,8.1582,9.3558,8.7523,8.3552,8.1582,8.1582,8.1582,7.9624,7.9624,7.9624,7.7676,7.7676,8.1582,9.559,12.2881,8.5532,9.7632
2003-07-01 00:00:00,2,10.3818,10.3818,10.1746,10.1746,10.1746,10.1746,9.9684,9.9684,9.9684,9.9684,9.9684,9.7632,12.5044,10.1746,10.3818,9.9684,9.9684,9.7632,9.7632,9.7632,9.559,9.559,9.559,9.3558,9.3558,9.3558,9.1536,9.1536,8.9524,8.9524,8.9524
2003-06-01 00:00:00,2,12.2881,12.2881,12.2881,12.0727,12.0727,12.0727,11.8581,11.8581,11.8581,11.8581,11.6445,11.6445,11.6445,11.6445,11.4317,11.4317,11.2199,11.2199,11.2199,11.0089,11.0089,11.0089,10.7989,10.7989,10.7989,10.5899,10.5899,10.5899,10.3818,10.3818,
2003-05-01 00:00:00,2,14.4893,14.2655,14.9394,14.7139,14.9394,19.4201,16.5391,14.7139,14.2655,14.0424,14.0424,13.8202,13.8202,13.8202,13.5988,13.5988,13.5988,13.3782,13.1585,13.1585,13.1585,12.9396,12.7216,12.9396,12.9396,12.7216,12.5044,12.5044,13.5988,12.9396,12.5044
2003-04-01 00:00:00,2,18.688,18.688,18.4454,18.4454,19.1753,18.4454,18.9313,18.688,17.9625,26.2839,28.6736,18.688,17.9625,17.4825,17.4825,17.7221,17.4825,17.0055,16.5391,16.3083,16.5391,16.0782,15.8489,15.6204,15.6204,15.3926,15.1656,14.9394,14.9394,14.7139,
2003-03-01 00:00:00,2,18.4454,27.8717,19.9117,19.1753,18.2036,17.7221,17.0055,21.9061,22.9195,22.9195,20.1586,18.9313,21.6544,48.1199,21.4034,22.4115,48.7251,27.34,22.9195,39.258,29.4807,24.9773,25.7594,21.9061,20.9034,20.4062,22.4115,25.4981,20.6545,19.4201,18.9313
2003-02-01 00:00:00,2,40.1252,33.8701,29.4807,27.0751,25.2374,31.6579,24.7179,22.9195,21.4034,20.9034,19.4201,18.688,18.2036,22.9195,61.8214,23.9433,23.1744,24.2008,38.1086,43.9326,32.2077,26.0213,23.4301,21.9061,21.4034,20.1586,19.6656,18.9313,,,
2003-01-01 00:00:00,2,41.2882,14.7139,18.4454,18.9313,17.9625,18.688,17.7221,16.0782,14.9394,13.8202,56.7481,18.688,16.5391,20.9034,57.0622,21.9061,69.8644,104.641,134.895,93.5201,58.007,45.12,44.5254,36.3994,37.8225,30.2929,26.0213,25.4981,41.5802,203.43,53.0102
2002-12-01 00:00:00,2,7,7,7.1902,7,33.0365,7.7676,7,7.1902,8.7523,56.7481,14.0424,15.6204,107.645,40.7057,58.6388,25.2374,22.9195,19.1753,15.3926,33.8701,36.9671,37.8225,33.0365,16.0782,16.7707,25.2374,16.7707,14.0424,12.7216,11.8581,19.1753
2002-11-01 00:00:00,2,9.559,9.9684,7.1902,6.6232,6.4367,8.3552,6.6232,6.4367,6.4367,6.0673,6.0673,10.3818,6.6232,29.7509,8.7523,7.3815,8.1582,12.2881,10.1746,8.5532,10.1746,14.7139,14.2655,8.9524,16.5391,10.5899,8.7523,7.9624,7.3815,7.3815,
2002-10-01 00:00:00,2,7,7.574,7.574,7.574,7.1902,7,7,6.811,6.4367,6.0673,5.8845,5.703,5.5228,5.344,5.344,5.5228,5.344,5.344,5.344,5.1666,5.1666,5.344,8.9524,5.8845,5.5228,5.344,5.8845,9.7632,6.0673,9.7632,12.5044
2002-09-01 00:00:00,2,7.7676,7.574,7.574,7.1902,9.7632,8.5532,7.7676,7.574,7.574,7.3815,7.3815,7.1902,7.1902,7,7,7,6.811,6.811,6.811,6.811,7,7.1902,7.3815,7.574,8.3552,7.574,7.574,7.3815,7,7,
2002-08-01 00:00:00,2,8.7523,8.7523,9.1536,8.5532,8.5532,8.3552,8.3552,8.3552,8.3552,8.1582,8.1582,7.9624,7.9624,7.9624,7.7676,7.7676,7.7676,7.574,7.574,7.574,7.574,7.574,7.574,7.3815,7.3815,7.3815,7.3815,7.1902,8.3552,7.574,7.7676
2002-07-01 00:00:00,2,10.3818,10.3818,10.3818,10.3818,10.1746,10.1746,10.1746,10.1746,9.9684,9.7632,9.7632,10.7989,11.0089,10.1746,9.9684,9.7632,9.7632,9.7632,9.559,9.559,9.559,9.7632,9.9684,9.7632,9.559,9.3558,9.1536,9.3558,8.9524,8.9524,8.9524
2002-06-01 00:00:00,2,12.5044,12.2881,12.2881,12.2881,12.0727,12.0727,11.8581,11.8581,11.8581,11.8581,11.8581,11.6445,11.6445,11.4317,11.4317,11.4317,11.2199,11.2199,11.2199,11.0089,11.0089,11.0089,11.0089,10.7989,10.7989,10.7989,10.7989,10.7989,10.5899,10.5899,
2002-05-01 00:00:00,2,14.4893,15.1656,15.8489,16.0782,17.9625,20.1586,20.9034,14.9394,17.7221,15.6204,14.4893,14.0424,14.0424,13.8202,13.5988,13.1585,13.5988,13.5988,13.3782,13.5988,14.0424,14.4893,15.3926,13.8202,13.1585,13.1585,12.9396,12.7216,12.7216,12.7216,12.5044
2002-04-01 00:00:00,2,20.1586,19.6656,19.1753,19.1753,18.2036,18.4454,17.7221,18.9313,21.6544,18.4454,18.4454,17.4825,17.0056,16.5391,16.3083,16.3083,16.0782,16.0782,16.0782,15.8489,15.8489,15.6204,15.3926,15.1656,14.9394,14.9394,14.7139,14.7139,14.4893,14.2655,
2002-03-01 00:00:00,2,30.0216,27.6056,27.6056,42.4588,34.7085,24.9773,24.7179,29.4807,22.9195,21.9061,21.4034,20.4062,19.9117,19.6656,23.6864,24.2008,38.9699,22.6651,21.9061,20.4062,24.459,23.4301,21.6544,22.6651,29.7509,28.1384,30.2929,33.3138,22.4115,21.9061,20.9034
2002-02-01 00:00:00,2,18.9313,27.8717,19.6656,19.4201,17.7221,22.6651,108.15,45.12,38.3952,32.4834,48.7251,33.8701,28.6736,28.1384,28.4057,31.9325,29.7509,36.1163,28.1384,53.0102,50.5514,44.5254,32.2077,35.5517,77.3671,33.5917,69.8644,33.5917,,,
2002-01-01 00:00:00,2,33.8701,37.8225,25.4981,22.1584,19.4201,20.9034,19.4201,36.683,18.9313,21.1531,16.0782,15.8489,16.5391,58.3227,19.9117,17.0056,16.3083,16.5391,43.637,30.0216,25.4981,21.9061,19.6656,19.1753,18.688,24.9773,49.6363,30.2929,27.34,22.1584,19.9117
2001-12-01 00:00:00,2,16.5391,9.7632,8.9524,8.5532,8.5532,8.3552,8.1582,25.7594,14.0424,9.7632,8.7523,8.3552,8.1582,8.9524,17.9625,15.8489,49.9409,18.2036,14.0424,92.1156,52.085,34.7085,25.7594,21.9061,35.2701,19.9117,19.6656,53.0102,139.448,62.7837,49.0284
2001-11-01 00:00:00,2,6.811,17.7221,8.3552,14.7139,15.3926,8.3552,6.4367,40.9967,14.4893,7.9624,7,6.4367,8.7523,11.8581,15.1656,7.9624,6.4367,10.1746,12.0727,22.9195,10.1746,8.1582,12.5044,11.8581,10.5899,8.3552,7.7676,7.574,10.5899,26.8107,
2001-10-01 00:00:00,2,5.703,8.5532,9.559,5.8845,5.5228,5.344,5.344,38.1086,15.8489,11.8581,8.9524,7.7676,7.1902,6.811,6.4367,6.0673,5.8845,5.8845,5.8845,5.8845,5.8845,5.703,5.703,5.5228,5.344,5.344,5.344,5.1666,5.1666,4.9905,4.9905
2001-09-01 00:00:00,2,6.4367,6.0673,5.703,5.703,5.703,5.703,5.5228,5.5228,5.5228,5.344,5.344,5.1666,4.9905,5.8845,17.0055,7.1902,6.2513,5.8845,5.5228,5.5228,5.344,5.344,5.1666,5.703,5.8845,5.344,12.7216,12.5044,6.4367,5.8845,
2001-08-01 00:00:00,2,6.0673,6.0673,5.8845,5.8845,5.8845,5.8845,5.8845,5.703,5.703,5.703,5.703,5.703,5.703,5.703,5.703,5.5228,5.5228,5.5228,5.5228,5.5228,5.5228,5.344,6.2513,6.2513,6.2513,5.703,5.5228,8.9524,6.4367,10.1746,6.6232
2001-07-01 00:00:00,2,7,6.811,6.811,6.811,6.6232,6.6232,6.6232,6.6232,6.6232,6.6232,6.6232,6.4367,6.4367,6.4367,6.4367,6.4367,6.2513,6.4367,6.6232,6.4367,6.2513,6.2513,6.0673,11.0089,7.574,6.6232,6.4367,6.4367,6.2513,6.2513,6.2513
2001-06-01 00:00:00,2,8.5532,8.3552,8.3552,8.3552,8.3552,8.1582,8.1582,8.1582,7.9624,7.9624,7.7676,7.7676,7.7676,7.7676,7.7676,7.7676,7.574,7.574,7.3815,7.3815,7.3815,7.1902,7.1902,7.1902,7.1902,7.1902,7,7,7,7,
2001-05-01 00:00:00,2,9.3558,9.3558,9.3558,9.1536,8.9524,8.9524,8.9524,8.7523,8.7523,8.7523,8.5532,8.7523,9.1536,9.9684,9.1536,12.0727,12.9396,12.0727,9.9684,8.9524,8.9524,8.7523,8.7523,8.7523,9.1536,9.3558,9.1536,9.1536,10.1746,9.1536,8.7523
2001-04-01 00:00:00,2,12.7216,19.6656,12.2881,12.0727,12.5044,11.6445,11.6445,11.4317,11.4317,12.0727,11.8581,11.6445,11.2199,11.0089,11.0089,11.0089,10.7989,10.5899,10.5899,10.3818,10.1746,10.1746,9.9684,9.9684,9.7632,9.7632,9.559,9.559,9.3558,9.3558,
2001-03-01 00:00:00,2,12.5044,11.8581,16.5391,12.2881,17.0055,12.7216,14.9394,14.2655,17.9625,15.3926,20.6545,34.9891,18.9313,14.7139,14.0424,13.3782,12.7216,12.5044,12.5044,13.3782,12.9396,12.0727,12.0727,11.6445,11.6445,11.6445,13.1585,13.8202,20.1586,36.683,14.7139
2001-02-01 00:00:00,2,15.3926,29.2111,17.4825,15.8489,15.6204,14.2655,14.0424,14.0424,30.8372,19.6656,14.4893,14.4893,14.0424,14.2655,16.7707,14.9394,14.0424,13.1585,13.1585,12.5044,18.4454,12.5044,12.0727,12.0727,13.3782,12.2881,12.0727,11.8581,,,
2001-01-01 00:00:00,2,15.1656,46.0153,37.5368,61.1818,27.0751,21.6544,18.9313,17.4825,18.9313,27.6056,19.1753,19.6656,18.688,17.0055,14.9394,14.4893,14.0424,14.0424,13.8202,13.1585,13.3782,16.3083,18.2036,14.9394,14.4893,13.8202,13.8202,16.3083,23.6864,22.6651,21.9061
2000-12-01 00:00:00,2,19.9117,16.0782,21.6544,15.8489,12.5044,12.2881,11.2199,10.7989,10.5899,10.3818,14.9394,11.0089,10.1746,10.5899,19.1753,16.5391,17.2436,59.9072,24.2008,17.9625,15.3926,14.7139,32.7597,30.0216,18.4454,27.34,23.1744,23.4301,18.688,17.2436,18.4454
2000-11-01 00:00:00,2,7.9624,7.7676,9.559,7.7676,11.0089,7.9624,8.3552,8.5532,7.9624,7.7676,7.3815,17.2436,10.1746,12.2881,14.7139,8.9524,8.7523,11.0089,37.2517,21.6544,14.9394,26.547,19.4201,18.9313,14.0424,12.2881,21.9061,19.9117,16.5391,19.4201,
2000-10-01 00:00:00,2,8.7523,10.1746,9.3558,8.7523,8.5532,14.0424,10.3818,8.7523,8.5532,8.3552,8.3552,8.1582,7.7676,7.7676,7.7676,7.7676,7.3815,7.3815,7.3815,7.3815,7.1902,7.574,7.3815,12.7216,13.8202,12.2881,7.574,7.3815,9.559,8.1582,7.9624
2000-09-01 00:00:00,2,10.1746,13.8202,18.688,12.7216,10.1746,9.7632,15.6204,10.5899,11.8581,11.8581,10.1746,9.559,9.7632,10.1746,10.1746,10.7989,12.5044,10.5899,10.3818,10.1746,9.559,9.1536,8.9524,8.7523,8.7523,9.7632,10.1746,9.559,9.1536,8.5532,
2000-08-01 00:00:00,2,10.1746,9.9684,9.9684,10.1746,9.9684,9.9684,9.7632,9.7632,9.7632,9.559,9.559,9.559,9.3558,9.3558,9.3558,9.1536,9.3558,9.1536,9.1536,9.1536,9.1536,8.9524,8.9524,8.9524,8.7523,8.7523,8.7523,8.5532,8.7523,8.5532,8.9524
2000-07-01 00:00:00,2,11.6445,11.6445,11.4317,11.4317,11.4317,11.4317,11.2199,11.4317,11.2199,11.2199,11.4317,11.2199,11.2199,11.2199,11.0089,11.0089,11.0089,10.7989,10.7989,10.5899,10.5899,10.5899,10.5899,10.7989,10.5899,10.7989,10.7989,10.5899,10.5899,10.3818,10.1746
2000-06-01 00:00:00,2,14.4893,14.0424,14.0424,14.0424,14.0424,13.8202,13.8202,13.5988,13.5988,13.5988,13.1585,13.1585,13.1585,13.1585,12.9396,12.9396,12.7216,12.7216,12.7216,12.7216,12.5044,12.5044,12.5044,12.2881,12.2881,12.0727,12.0727,11.8581,11.8581,11.8581,
2000-05-01 00:00:00,2,17.7221,17.4825,17.4825,17.2436,17.2436,17.2436,17.0055,16.7707,16.5391,16.5391,16.3083,16.0782,15.8489,15.8489,15.6204,15.6204,15.6204,15.3926,15.1656,15.1656,14.9394,14.9394,14.9394,14.9394,14.9394,14.7139,14.7139,14.7139,14.7139,14.7139,14.4893
2000-04-01 00:00:00,2,27.8717,27.0751,25.7594,24.9773,23.9433,23.1744,22.9195,22.6651,22.4115,22.1584,21.6544,21.4034,21.1531,20.9034,20.6545,20.1586,20.1586,19.9117,20.9034,26.547,20.6545,19.4201,19.1753,18.9313,18.688,18.4454,18.4454,18.2036,17.9625,17.9625,
2000-03-01 00:00:00,2,24.459,30.5648,22.1584,25.4981,23.1744,21.1531,22.6651,32.4834,22.1584,25.7594,65.0751,46.6143,35.2701,28.6736,26.547,36.1163,58.9553,43.047,86.6037,41.5802,41.2882,35.5517,33.0365,31.6579,30.0216,28.6736,27.8717,48.7251,32.7597,36.3994,30.0216
2000-02-01 00:00:00,2,43.9326,41.5802,35.5517,31.9325,29.7509,30.0216,34.9891,57.6916,111.716,66.2565,57.0622,54.2496,46.3146,41.2882,36.3994,33.3138,33.3138,32.2077,40.7057,30.2929,27.6056,26.2839,25.2374,24.2008,26.8107,24.2008,24.2008,25.2374,32.7597,,
2000-01-01 00:00:00,2,18.4454,17.2436,20.9034,36.9671,26.0213,24.2008,59.9072,22.9195,40.1252,23.1744,18.2036,16.7707,16.0782,14.9394,14.4893,17.7221,15.1656,34.1491,20.4062,36.1163,18.688,16.0782,20.6545,22.1584,29.2111,34.7085,23.4301,111.203,190.474,96.8387,73.5679
1999-12-01 00:00:00,2,7.9624,7.7676,7.574,7.574,30.5648,9.1536,11.0089,30.2929,24.2008,17.9625,16.7707,15.3926,47.2152,16.7707,28.1384,14.4893,12.9396,11.0089,10.5899,10.5899,10.1746,9.9684,10.7989,25.4981,12.5044,11.2199,19.4201,40.1252,17.2436,24.2008,19.9117
1999-11-01 00:00:00,2,7,6.811,6.4367,6.6232,6.811,10.5899,8.3552,14.7139,14.0424,21.6544,9.9684,8.9524,23.9433,11.6445,9.3558,8.3552,8.1582,8.9524,8.7523,9.3558,25.4981,11.6445,9.3558,8.9524,8.3552,9.7632,8.7523,7.9624,7.1902,26.2839,
1999-10-01 00:00:00,2,7.3815,7.574,7.3815,8.5532,7.9624,7.574,7.574,7.3815,7.1902,7,7,6.811,6.811,6.6232,6.6232,6.4367,6.4367,6.6232,6.811,11.0089,7.7676,7,6.811,6.6232,6.4367,9.1536,12.5044,8.9524,7.7676,7.1902,7
1999-09-01 00:00:00,2,7.7676,7.7676,7.7676,7.574,7.574,7.3815,7.574,7.574,7.3815,7.9624,8.1582,7.7676,8.1582,8.1582,8.3552,9.9684,13.3782,10.3818,9.1536,7.9624,10.3818,10.1746,17.2436,8.5532,8.1582,7.9624,7.7676,7.574,7.574,7.3815,
1999-08-01 00:00:00,2,9.1536,9.3558,9.3558,9.1536,8.9524,8.9524,8.9524,8.9524,8.9524,8.9524,8.7523,8.7523,8.7523,8.7523,8.7523,8.7523,8.5532,8.5532,8.5532,8.5532,8.5532,8.5532,8.1582,8.1582,8.1582,8.1582,7.9624,7.9624,7.7676,7.7676,7.7676
1999-07-01 00:00:00,2,11.0089,11.0089,10.7989,10.7989,10.5899,10.7989,10.7989,11.0089,10.7989,10.5899,10.5899,10.5899,10.5899,10.5899,10.5899,10.3818,10.3818,10.1746,10.1746,9.9684,9.9684,9.7632,9.7632,9.9684,9.7632,9.7632,9.559,9.559,9.3558,9.3558,9.3558
1999-06-01 00:00:00,2,12.7216,12.7216,12.7216,12.7216,12.7216,12.5044,12.0727,12.0727,12.0727,12.2881,12.0727,12.0727,11.8581,11.8581,11.8581,15.6204,12.0727,12.0727,12.0727,12.0727,11.8581,11.6445,11.6445,11.4317,11.4317,11.2199,11.2199,11.4317,11.6445,11.4317,
1999-05-01 00:00:00,2,16.7707,16.5391,16.5391,16.5391,16.3083,16.5391,16.5391,16.5391,16.0782,15.8489,15.6204,15.3926,15.1656,14.9394,14.7139,14.4893,14.4893,14.4893,14.2655,14.0424,13.8202,13.8202,13.8202,13.8202,13.5988,13.3782,13.3782,13.1585,13.1585,12.9396,12.9396
1999-04-01 00:00:00,2,29.4807,28.942,27.8717,26.8107,26.2839,25.4981,24.459,23.9433,23.4301,22.6651,21.9061,21.9061,22.9195,23.6864,23.9433,23.4301,22.1584,21.1531,20.4062,19.9117,19.6656,19.4201,19.1753,18.688,18.4454,18.2036,17.7221,17.4825,17.4825,17.2436,
1999-03-01 00:00:00,2,,,,,,,,,,,,,,,,,,,,,,,,,,,,,,,30.2929
1999-02-01 00:00:00,2,,,,,,,,,,,,,,,,,,,,,,,,,,,,,,,
1999-01-01 00:00:00,2,,,,,,,,,,,,,,,,,,,,,,,,,,,,,,,
1998-12-01 00:00:00,2,,,,,,,,,,,,,,,,,,,,,,,,,,,,,,,
1998-11-01 00:00:00,2,,,,,,,,,,,,,,,,,,,,,,,,,,,,,,,
1998-10-01 00:00:00,2,,,,,,,,,,,,,,,,,,,,,,,,,,,,,,,
1998-09-01 00:00:00,2,9.9684,9.559,9.1536,8.9524,8.7523,8.7523,8.5532,8.5532,8.3552,8.3552,8.5532,8.5532,8.3552,8.1582,8.1582,8.1582,7.9624,7.9624,7.9624,8.1582,8.1582,7.9624,7.7676,7.7676,,,,,,,
1998-08-01 00:00:00,2,9.7632,9.7632,9.7632,9.7632,9.7632,10.1746,10.7989,11.2199,11.2199,11.6445,11.4317,10.7989,10.3818,10.1746,9.9684,9.7632,9.559,9.559,9.3558,9.3558,9.1536,9.1536,9.1536,8.9524,8.9524,8.9524,8.7523,8.7523,8.7523,9.559,10.1746
1998-07-01 00:00:00,2,11.8581,11.6445,11.6445,11.6445,11.6445,11.4317,11.4317,11.2199,11.2199,11.0089,11.0089,10.7989,10.7989,10.7989,10.7989,10.7989,10.5899,10.5899,10.5899,10.3818,10.3818,10.3818,10.1746,10.1746,10.1746,10.1746,9.9684,9.9684,9.7632,9.7632,9.7632
1998-06-01 00:00:00,2,18.688,16.5391,15.3926,14.9394,14.9394,14.4893,14.2655,14.2655,14.0424,14.0424,13.8202,13.5988,13.3782,13.3782,13.3782,13.1585,13.1585,12.9396,12.9396,12.7216,12.7216,12.7216,12.7216,12.5044,12.2881,12.2881,12.2881,12.0727,12.0727,12.0727,
1998-05-01 00:00:00,2,,,,,,,,,,16.5391,16.3083,16.0782,15.8489,15.6204,15.6204,15.8489,15.6204,15.1656,14.9394,14.9394,14.9394,14.7139,14.4893,14.2655,14.2655,14.2655,14.7139,17.2436,24.9773,30.2929,25.2374
1998-04-01 00:00:00,2,,,,,,,,,,,,,,,,,,,,,,,,,,,,,,,
1998-03-01 00:00:00,2,,,,,,,,,,,,,,,,,,,,,,,,,,,,,,,
1998-02-01 00:00:00,2,,,,,,,,,,,,,,,,,,,,,,,,,,,,,,,
1998-01-01 00:00:00,2,,,,,,,,,,,,,,,,,,,,,,,,,,,,,,,
1997-12-01 00:00:00,2,,,,,,,,,,,,,,,,,,,,,,,,,,,,,,,
1997-11-01 00:00:00,2,,,,,,,,,,,,,,,,,,,,,,,,,,,,,,,
1997-10-01 00:00:00,2,10.1746,9.7632,9.1536,8.9524,8.7523,8.5532,8.5532,8.5532,8.3552,8.1582,8.1582,7.9624,7.9624,7.9624,8.1582,8.7523,8.9524,8.5532,,,,,,,,,,,,,
1997-09-01 00:00:00,2,9.559,9.3558,9.3558,9.3558,9.3558,9.3558,9.1536,9.1536,8.9524,8.9524,8.9524,8.9524,8.9524,8.9524,9.1536,9.1536,9.1536,8.9524,9.3558,9.9684,10.1746,9.7632,9.559,9.9684,10.3818,10.3818,9.9684,9.559,9.9684,10.3818,
1997-08-01 00:00:00,2,11.6445,11.4317,11.4317,11.2199,11.2199,11.2199,11.0089,11.0089,11.0089,11.0089,10.7989,10.7989,10.7989,10.7989,10.5899,10.5899,10.3818,10.3818,10.3818,10.3818,10.1746,10.1746,10.1746,9.9684,9.9684,9.7632,9.7632,9.7632,9.7632,9.559,9.559
1997-07-01 00:00:00,2,14.0424,13.8202,13.8202,13.5988,13.5988,13.3782,13.3782,13.1585,13.1585,12.9396,12.9396,12.9396,12.9396,12.7216,12.7216,12.5044,12.5044,12.2881,12.2881,12.2881,12.5044,12.5044,12.2881,12.2881,12.0727,12.0727,12.0727,11.8581,11.6445,11.6445,11.6445
1997-06-01 00:00:00,2,16.7707,16.5391,16.3083,17.2436,19.9117,21.9061,21.6544,18.9313,16.5391,16.3083,16.0782,16.3083,16.7707,18.4454,19.4201,18.2036,17.0055,16.3083,15.8489,15.8489,15.6204,15.3926,15.1656,14.9394,14.7139,14.4893,14.4893,14.2655,14.2655,14.0424,
1997-05-01 00:00:00,2,20.4062,20.1586,19.6656,19.4201,19.1753,18.9313,18.9313,18.688,18.688,18.4454,18.2036,17.9625,17.7221,17.7221,17.9625,18.2036,18.2036,17.7221,17.4825,17.2436,17.2436,17.4825,17.4825,18.688,20.6545,20.4062,19.4201,20.6545,20.1586,18.2036,17.2436
1997-04-01 00:00:00,2,,,,,,,,,,25.4981,25.2374,24.7179,23.9433,23.6864,23.1744,22.9195,22.9195,22.9195,23.4301,24.7179,24.9773,23.9433,23.4301,22.9195,22.4115,21.9061,23.1744,24.2008,22.6651,21.1531,
1997-03-01 00:00:00,2,,,,,,,,,,,,,,,,,,,,,,,,,,,,,,,
1997-02-01 00:00:00,2,,,,,,,,,,,,,,,,,,,,,,,,,,,,,,,
1997-01-01 00:00:00,2,,,,,,,,,,,,,,,,,,,,,,,,,,,,,,,
1996-12-01 00:00:00,2,,,,,,,,,,,,,,,,,,,,,,,,,,,,,,,
1996-11-01 00:00:00,2,,,,,,,,,,,,,,,,,,,,,,,,,,,,,,,
1996-10-01 00:00:00,2,,,,,,,,,,,,,,,,,,,,,,,,,,,,,,,
1996-09-01 00:00:00,2,,,,,,,,,,,,,,,,,,,,,,,,,,,,,,,
1996-08-01 00:00:00,2,8.3552,8.3552,8.1582,8.1582,8.1582,7.9624,7.9624,7.9624,7.9624,7.9624,8.1582,8.5532,8.7523,8.7523,9.559,9.3558,8.7523,8.5532,8.1582,7.9624,7.9624,7.7676,7.7676,7.7676,7.574,7.574,7.574,7.574,7.574,,
1996-07-01 00:00:00,2,10.1746,9.9684,9.9684,9.7632,9.7632,9.7632,9.559,9.559,9.559,9.3558,9.1536,9.1536,8.9524,8.9524,8.9524,8.9524,8.9524,8.7523,8.7523,8.7523,8.7523,8.5532,8.5532,8.5532,8.5532,8.5532,8.5532,8.3552,8.3552,8.3552,8.3552
1996-06-01 00:00:00,2,11.8581,11.8581,11.6445,11.6445,11.4317,11.4317,11.4317,11.2199,11.0089,11.0089,11.0089,10.7989,10.7989,10.7989,10.7989,10.7989,10.5899,10.5899,10.3818,10.1746,10.1746,10.1746,9.9684,9.9684,9.9684,9.9684,9.9684,10.1746,10.5899,10.5899,
1996-05-01 00:00:00,2,14.4893,14.2655,14.0424,13.8202,13.5988,13.5988,13.3782,13.3782,13.1585,13.1585,13.3782,13.1585,13.1585,13.3782,13.8202,13.8202,14.7139,17.2436,17.4825,15.1656,14.2655,14.7139,14.9394,14.0424,13.1585,12.7216,12.7216,12.5044,12.2881,12.0727,12.0727
1996-04-01 00:00:00,2,,,,,,,,,,,,,,,,,,,,,,16.7707,16.3083,15.8489,15.6204,15.3926,15.1656,14.9394,14.9394,14.7139,
1996-03-01 00:00:00,2,,,,,,,,,,,,,,,,,,,,,,,,,,,,,,,
1996-02-01 00:00:00,2,,,,,,,,,,,,,,,,,,,,,,,,,,,,,,,
1996-01-01 00:00:00,2,,,,,,,,,,,,,,,,,,,,,,,,,,,,,,,
1995-12-01 00:00:00,2,,,,,,,,,,,,,,,,,,,,,,,,,,,,,,,
1995-11-01 00:00:00,2,,,,,,,,,,,,,,,,,,,,,,,,,,,,,,,
1995-10-01 00:00:00,2,,,,,,,,,,,,,,,,,,,,,,,,,,,,,,,
1995-09-01 00:00:00,2,8.1582,8.1582,7.9624,7.9624,7.9624,7.9624,7.9624,7.9624,7.9624,7.7676,7.7676,7.7676,7.574,7.574,7.574,,,,,,,,,,,,,,,,
1995-08-01 00:00:00,2,10.1746,9.9684,9.9684,9.9684,9.7632,9.7632,9.7632,9.559,9.559,9.3558,9.3558,9.3558,9.1536,9.1536,9.1536,9.1536,8.9524,8.9524,8.7523,8.7523,8.7523,8.7523,8.7523,8.7523,8.5532,8.5532,8.5532,8.3552,8.3552,8.3552,8.1582
1995-07-01 00:00:00,2,12.2881,12.2881,12.0727,12.0727,11.8581,11.8581,11.6445,11.6445,11.6445,11.4317,11.6445,11.4317,11.4317,11.4317,11.4317,11.2199,11.0089,11.0089,10.7989,11.0089,11.2199,11.0089,11.0089,10.7989,10.7989,10.5899,10.3818,10.3818,10.3818,10.3818,10.1746
1995-06-01 00:00:00,2,15.1656,14.9394,14.9394,14.7139,14.4893,14.4893,14.4893,14.2655,14.0424,13.8202,13.8202,13.8202,13.5988,13.5988,13.5988,13.3782,13.3782,13.1585,13.1585,13.1585,13.1585,13.1585,13.1585,12.9396,12.9396,12.9396,12.9396,12.7216,12.7216,12.5044,
1995-05-01 00:00:00,2,17.7221,17.4825,17.4825,17.2436,22.6651,31.6579,33.3138,28.942,24.7179,22.4115,21.6544,20.4062,19.4201,18.688,18.4454,18.688,18.688,18.2036,17.7221,17.2436,16.7707,16.7707,16.5391,17.0055,17.4825,17.0055,16.3083,15.8489,15.8489,15.6204,15.3926
1995-04-01 00:00:00,2,,,,,,,,,,24.2008,23.6864,24.7179,24.7179,23.1744,22.1584,21.6544,21.1531,20.6545,20.6545,20.9034,21.4034,21.9061,22.1584,21.1531,20.1586,19.4201,19.1753,18.688,18.4454,17.9625,
1995-03-01 00:00:00,2,,,,,,,,,,,,,,,,,,,,,,,,,,,,,,,
1995-02-01 00:00:00,2,,,,,,,,,,,,,,,,,,,,,,,,,,,,,,,
1995-01-01 00:00:00,2,,,,,,,,,,,,,,,,,,,,,,,,,,,,,,,
1994-12-01 00:00:00,2,,,,,,,,,,,,,,,,,,,,,,,,,,,,,,,
1994-11-01 00:00:00,2,,,,,,,,,,,,,,,,,,,,,,,,,,,,,,,
1994-10-01 00:00:00,2,8.1582,7.9624,7.9624,7.7676,7.9624,,,,,,,,,,,,,,,,,,,,,,,,,,
1994-09-01 00:00:00,2,9.3558,9.3558,9.3558,9.1536,9.1536,9.1536,8.9524,8.9524,8.9524,8.9524,8.7523,8.7523,8.7523,8.7523,8.5532,8.5532,8.5532,8.5532,8.5532,8.5532,8.3552,8.3552,8.1582,8.1582,8.1582,8.1582,8.1582,8.3552,8.5532,8.3552,
1994-08-01 00:00:00,2,11.2199,11.2199,11.0089,11.0089,10.7989,10.7989,10.7989,10.7989,10.7989,10.5899,10.5899,10.5899,10.5899,10.3818,10.3818,10.3818,10.3818,10.1746,10.1746,10.1746,9.9684,9.7632,9.7632,9.7632,9.7632,9.7632,9.7632,9.559,9.559,9.559,9.559
1994-07-01 00:00:00,2,13.8202,13.5988,13.5988,13.3782,13.3782,13.1585,13.1585,12.9396,12.7216,12.7216,12.5044,12.5044,12.5044,12.5044,12.5044,12.2881,12.2881,12.2881,12.2881,12.0727,12.0727,12.0727,12.0727,12.2881,12.0727,11.8581,11.6445,11.6445,11.4317,11.4317,11.4317
1994-06-01 00:00:00,2,15.8489,15.8489,15.8489,15.8489,15.8489,15.8489,15.3926,14.9394,14.9394,14.7139,14.4893,14.4893,14.0424,14.0424,14.0424,14.0424,14.0424,14.0424,14.0424,14.0424,14.0424,14.2655,14.4893,14.2655,14.0424,14.0424,14.0424,13.8202,13.8202,13.8202,
1994-05-01 00:00:00,2,17.2436,17.2436,17.2436,17.2436,17.2436,16.7707,16.3083,16.3083,16.3083,16.3083,16.0782,15.8489,15.8489,19.1753,23.6864,25.7594,24.9773,18.2036,17.2436,17.2436,17.2436,16.3083,16.3083,16.3083,18.2036,17.7221,17.4825,18.2036,17.2436,16.3083,16.3083
1994-04-01 00:00:00,2,20.1586,18.4454,18.2036,17.7221,17.0055,21.6544,23.6864,22.6651,21.1531,21.1531,21.1531,20.9034,21.1531,20.1586,20.1586,20.1586,20.1586,20.1586,20.1586,20.1586,19.6656,19.6656,19.6656,19.4201,19.1753,19.1753,18.688,17.9625,17.7221,17.4825,
1994-03-01 00:00:00,2,23.6864,19.6656,20.1586,18.4454,16.3083,22.9195,26.547,23.9433,27.6056,23.4301,29.7509,26.2839,23.6864,21.4034,23.9433,23.6864,23.6864,27.0751,28.6736,33.8701,26.8107,28.1384,26.2839,25.2374,21.1531,22.9195,75.6667,28.4057,24.2008,21.1531,20.6545
1994-02-01 00:00:00,2,26.2839,23.6864,23.6864,21.1531,20.6545,20.4062,18.688,20.1586,18.9313,18.688,22.4115,18.688,41.5802,24.9773,23.9433,21.1531,20.6545,20.6545,19.6656,19.6656,19.6656,17.7221,16.5391,20.4062,22.9195,22.6651,24.459,27.6056,,,
1994-01-01 00:00:00,2,97.3175,76.9402,38.6823,223.3,83.467,83.9115,81.2619,37.2517,34.4286,40.1252,36.3994,34.7085,40.1252,39.5466,94.9353,93.9907,39.5466,30.2929,23.4301,21.1531,31.6579,35.8337,93.0508,46.9146,38.6823,34.4286,33.3139,31.1102,28.9421,34.4286,26.2839
1993-12-01 00:00:00,2,9.3558,10.1746,11.2199,11.2199,34.1491,12.9396,17.4825,11.2199,11.0089,16.3083,15.8489,18.4454,17.4825,12.5044,12.7216,11.0089,11.0089,11.0089,11.4317,55.8081,18.9313,14.2655,13.5988,12.7216,15.6204,14.2655,13.5988,12.5044,13.8202,14.7139,33.3138
1993-11-01 00:00:00,2,9.559,9.559,11.8581,14.7139,12.5044,11.0089,13.5988,10.7989,10.7989,10.3818,9.7632,9.559,9.3558,9.3558,8.7523,8.5532,8.5532,8.5532,7.7676,7.7676,8.1582,9.559,9.559,10.7989,14.0424,13.1585,24.9773,11.0089,9.559,9.1536,
1993-10-01 00:00:00,2,14.0424,13.5988,10.5899,21.4034,16.7707,18.2036,16.5391,12.2881,10.1746,9.7632,9.559,9.3558,9.3558,9.1536,8.9524,9.3558,10.3818,10.3818,10.7989,13.1585,13.8202,13.8202,13.5988,14.0424,22.6651,24.459,16.7707,13.1585,11.4317,10.3818,9.9684
1993-09-01 00:00:00,2,10.1746,9.9684,9.9684,9.7632,9.7632,9.7632,9.559,9.559,9.559,9.559,9.7632,13.5988,10.7989,10.1746,9.9684,10.1746,10.1746,9.9684,9.7632,9.559,9.7632,9.7632,9.7632,10.3818,14.7139,11.4317,11.6445,11.8581,10.7989,10.7989,
1993-08-01 00:00:00,2,12.2881,12.2881,12.2881,12.2881,12.2881,12.2881,11.8581,11.8581,11.8581,11.8581,11.8581,11.8581,11.8581,11.8581,13.1585,14.9394,13.5988,12.0727,11.8581,11.6445,11.4317,11.2199,11.2199,11.4317,11.4317,11.2199,11.0089,10.7989,10.5899,10.3818,10.1746
1993-07-01 00:00:00,2,14.4893,14.2655,14.0424,14.0424,14.0424,14.0424,14.0424,14.0424,14.0424,13.8202,13.8202,13.8202,13.5988,13.5988,13.5988,13.5988,13.3782,13.1585,13.1585,12.9396,12.9396,12.9396,12.9396,12.9396,12.7216,12.9396,12.9396,12.9396,12.9396,12.9396,12.7216
1993-06-01 00:00:00,2,20.1586,18.9313,18.4454,19.6656,21.9061,23.1744,22.6651,21.6544,21.1531,19.6656,18.4454,17.7221,17.2436,17.0055,16.7707,16.5391,16.5391,15.6204,16.3083,15.8489,15.1656,15.1656,15.1656,15.3926,14.7139,15.1656,14.9394,14.9394,14.9394,14.9394,
1993-05-01 00:00:00,2,21.1531,20.9034,20.6545,20.1586,20.1586,19.9117,19.6656,19.1753,19.1753,18.688,18.688,18.688,18.688,18.688,18.688,18.688,18.9313,18.9313,18.9313,18.9313,18.688,17.9625,17.9625,17.9625,17.4825,17.4825,17.4825,17.7221,17.4825,17.9625,19.6656
1993-04-01 00:00:00,2,55.1835,87.5106,61.8214,38.9699,37.5368,33.8701,29.7509,31.9325,37.5368,48.4223,75.6667,69.0544,60.2252,51.4702,27.8717,30.5648,28.9421,28.6736,27.6056,26.547,26.2839,26.0213,25.7594,24.2008,24.2008,23.6864,23.6864,22.6651,21.9061,21.1531,
1993-03-01 00:00:00,2,58.3227,56.4343,55.1835,49.3321,38.6823,33.5917,28.942,27.0751,26.2839,25.7594,26.547,27.8717,28.942,28.942,24.7179,42.1655,49.9409,55.4956,50.5514,29.7509,70.2712,32.7597,24.459,27.34,44.2288,28.6736,83.9115,48.7251,39.258,92.1156,52.3929
1993-02-01 00:00:00,2,25.4981,21.4034,30.0216,30.2929,26.8107,21.4034,31.9325,104.641,112.746,117.965,119.554,142.332,136.026,91.6498,50.8572,49.9409,49.0284,51.7774,62.4625,79.519,62.7837,49.3321,50.5514,77.7951,102.662,93.0508,50.8572,57.0622,,,
1993-01-01 00:00:00,2,35.5517,26.0213,20.9034,32.4834,39.258,44.8225,26.8107,24.2008,20.9034,21.6544,22.9195,22.4115,21.4034,22.4115,23.4301,24.9773,24.459,23.1744,21.6544,26.547,28.942,31.9325,24.2008,31.1102,34.7085,25.7594,29.7509,33.5917,22.1584,21.1531,22.4115
1992-12-01 00:00:00,2,15.3926,17.0056,32.4834,36.1163,23.4301,33.3139,41.5802,33.5917,19.4201,29.2111,25.4981,30.0216,22.1584,19.9117,18.688,23.9433,30.0216,40.9967,32.4834,16.3083,17.2436,16.5391,16.3083,19.6656,19.1753,32.7597,41.2882,37.5368,32.7597,32.4834,34.4286
1992-11-01 00:00:00,2,52.085,24.9773,52.7013,35.2701,51.7774,26.2839,18.688,15.6204,22.4115,29.2111,23.1744,21.6544,23.6864,18.4454,17.7221,16.3083,15.3926,14.2655,16.7707,18.688,15.6204,14.0424,15.8489,14.7139,14.2655,14.0424,14.9394,15.1656,14.7139,14.0424,
1992-10-01 00:00:00,2,11.8581,14.0424,14.0424,12.5044,11.8581,14.0424,14.0424,15.6204,21.1531,14.9394,12.9396,16.0782,14.2655,14.2655,13.3782,13.3782,14.2655,17.4825,17.4825,15.3926,14.0424,14.0424,14.0424,14.0424,14.0424,14.0424,30.2929,49.9409,68.6511,46.3146,26.8107
1992-09-01 00:00:00,2,12.0727,12.0727,11.8581,12.0727,31.1102,25.7594,39.5466,21.1531,18.2036,14.4893,12.9396,12.0727,12.0727,11.8581,12.5044,27.34,21.1531,12.9396,12.0727,12.0727,11.8581,11.8581,11.8581,11.8581,11.8581,11.8581,12.9396,45.418,12.9396,11.8581,
1992-08-01 00:00:00,2,12.498,12.498,12.2852,12.2852,12.2852,12.2852,12.0734,12.0734,12.0734,11.8626,11.659,11.659,11.659,11.4696,11.4696,11.4696,11.4696,11.6445,12.0727,13.5988,12.5044,12.0727,12.0727,12.0727,12.0727,11.8581,11.8581,11.6445,12.0727,12.0727,12.0727
1992-07-01 00:00:00,2,15.5841,15.3573,15.3573,15.1315,14.9066,14.9066,14.9066,15.3573,15.8119,15.8119,15.5841,15.1315,14.9066,14.4597,14.4597,14.2378,14.0168,14.0168,13.7968,13.5778,13.5778,13.3598,13.3598,13.3598,13.3598,13.1428,13.1428,12.9269,12.9269,12.9269,12.7119
1992-06-01 00:00:00,2,20.5571,20.3116,20.0669,20.0669,19.823,19.58,19.0965,18.8561,18.6166,18.3779,18.3779,18.1401,17.9032,17.9032,17.6672,17.4321,17.4321,17.4321,17.1979,16.9646,16.9646,16.7322,16.5007,16.5007,16.2702,16.2702,16.0405,16.0405,15.8119,15.5841,
1992-05-01 00:00:00,2,,,,,,,,,,,28.0283,27.2253,26.4291,26.1651,25.6396,25.1171,24.5977,24.3392,24.3392,24.0814,23.8245,23.8245,23.8245,24.0814,24.0814,23.3129,22.2994,21.7975,21.5477,21.0508,20.8035
1992-04-01 00:00:00,2,,,,,,,,,,,,,,,,,,,,,,,,,,,,,,,
1992-03-01 00:00:00,2,,,,,,,,,,,,,,,,,,,,,,,,,,,,,,,
1992-02-01 00:00:00,2,,,,,,,,,,,,,,,,,,,,,,,,,,,,,,,
1992-01-01 00:00:00,2,,,,,,,,,,,,,,,,,,,,,,,,,,,,,,,
1991-12-01 00:00:00,2,,,,,,,,,,,,,,,,,,,,,,,,,,,,,,,
1991-11-01 00:00:00,2,,,,,,,,,,,,,,,,,,,,,,,,,,,,,,,
1991-10-01 00:00:00,2,,,,,,,,,,,,,,,,,,,,,,,,,,,,,,,
1991-09-01 00:00:00,2,9.4468,9.4468,9.2686,9.2686,9.2686,9.2686,9.0913,9.0913,8.9151,8.9151,8.9151,8.9151,8.9151,8.9151,8.9151,8.7398,8.9151,9.0913,9.0913,9.0913,9.2686,9.0913,9.0913,9.4468,9.6261,9.6261,9.6261,,,,
1991-08-01 00:00:00,2,11.8626,11.659,11.4696,11.4696,11.4696,11.2812,11.2812,11.2812,11.0936,10.9069,10.7212,10.7212,10.5363,10.5363,10.3524,10.3524,10.3524,10.1694,10.1694,10.1694,9.9873,9.9873,9.9873,9.9873,9.9873,9.8062,9.8062,9.6261,9.6261,9.6261,9.4468
1991-07-01 00:00:00,2,14.9066,14.6827,14.4597,14.4597,14.2378,14.0168,14.0168,13.7968,13.5778,13.5778,13.5778,13.5778,13.7968,13.5778,13.5778,13.5778,13.3598,13.1428,13.1428,12.9269,12.9269,12.7119,12.7119,12.498,12.2852,12.2852,12.0734,12.0734,11.8626,11.8626,11.8626
1991-06-01 00:00:00,2,19.58,19.58,19.3378,19.0965,18.8561,18.6166,18.6166,18.3779,18.1401,17.9032,17.6672,17.4321,17.4321,17.1979,17.1979,16.9646,16.7322,16.5007,16.2702,16.2702,16.2702,16.0405,15.8119,15.8119,15.5841,15.3573,15.1315,14.9066,14.9066,14.9066,
1991-05-01 00:00:00,2,31.8618,30.4766,29.654,28.8379,28.2974,27.7599,27.4922,27.2253,26.6937,26.1651,25.6396,25.1171,24.857,24.857,26.9591,28.8379,28.0283,25.902,25.1171,25.1171,24.857,23.8245,22.8045,22.2994,22.048,21.5477,21.0508,20.8035,20.5571,20.3116,19.823
1991-04-01 00:00:00,2,,,,,,,,,,,,,,,,,,44.7697,47.872,49.7616,45.3854,40.8272,38.1595,36.41,36.9905,40.8272,42.3312,38.4533,34.9701,33.2644,
1991-03-01 00:00:00,2,,,,,,,,,,,,,,,,,,,,,,,,,,,,,,,
1991-02-01 00:00:00,2,,,,,,,,,,,,,,,,,,,,,,,,,,,,,,,
1991-01-01 00:00:00,2,,,,,,,,,,,,,,,,,,,,,,,,,,,,,,,
1990-12-01 00:00:00,2,6.8795,6.5552,6.5552,6.5552,6.5552,6.5552,6.7168,9.4468,14.2378,14.4597,7.8785,6.8795,8.0487,7.0433,7.2082,7.7093,11.659,9.4468,12.0734,14.9066,12.2852,10.3524,12.0734,11.8626,13.7968,27.2253,12.2852,10.5363,,,
1990-11-01 00:00:00,2,7.3741,7.7093,7.5412,7.7093,10.3524,10.3524,8.9151,8.2199,8.0487,7.8785,7.8785,7.7093,7.7093,7.7093,7.5412,7.3741,7.3741,7.2082,7.2082,8.0487,8.3922,7.2082,6.8795,7.7093,26.6937,18.6166,9.0913,8.9151,7.5412,6.8795,
1990-10-01 00:00:00,2,6.8795,8.0487,7.8785,7.5412,7.5412,7.2082,6.8795,6.5552,6.5552,6.5552,6.5552,6.5552,7.7093,7.0433,7.0433,7.8785,8.0487,10.7212,11.0936,9.6261,8.7398,8.0487,7.7093,7.3741,10.5363,7.3741,6.8795,6.8795,6.8795,6.8795,9.2686
1990-09-01 00:00:00,2,8.2199,9.4468,8.7398,8.2199,7.8785,7.8785,7.7093,7.5412,7.5412,7.5412,7.5412,7.3741,7.8785,8.3922,10.1694,8.7398,7.8785,7.8785,7.5412,7.2082,7.2082,7.2082,7.2082,7.2082,7.2082,7.2082,7.2082,7.0433,7.0433,6.8795,
1990-08-01 00:00:00,2,7.8785,7.8785,7.8785,7.8785,7.8785,7.8785,7.8785,7.8785,7.7093,7.7093,7.5412,7.5412,7.5412,7.5412,7.5412,7.5412,7.5412,10.1694,8.2199,10.5363,9.8062,9.0913,8.0487,7.8785,7.8785,7.8785,7.8785,9.6261,10.9069,8.5655,8.2199
1990-07-01 00:00:00,2,8.5655,8.5655,8.5655,8.5655,8.5655,10.3524,10.7212,9.6261,8.9151,9.0913,8.9151,8.9151,8.9151,8.9151,8.9151,8.9151,8.9151,8.5655,8.5655,8.5655,8.3922,8.2199,8.2199,8.2199,8.2199,8.2199,8.2199,8.0487,8.0487,7.8785,7.8785
1990-06-01 00:00:00,2,9.9873,9.9873,9.9873,9.9873,9.9873,9.8062,9.8062,9.8062,9.6261,9.6261,9.4468,9.2686,9.2686,9.0913,9.0913,8.9151,8.9151,8.9151,8.9151,8.9151,8.9151,8.7398,8.5655,8.5655,8.5655,8.5655,8.5655,8.5655,8.5655,8.5655,
1990-05-01 00:00:00,2,14.0168,14.4597,30.2017,13.5778,11.8626,12.9269,13.5778,11.8626,11.2812,11.0936,11.0936,11.0936,16.2702,11.659,11.0936,11.4696,11.4696,12.0734,11.2812,10.7212,10.7212,10.5363,10.3524,10.3524,10.3524,10.3524,10.3524,10.3524,10.1694,10.1694,9.9873
1990-04-01 00:00:00,2,10.3524,10.3524,10.3524,13.1428,12.2852,12.498,11.2812,10.5363,10.3524,10.3524,14.0168,10.5363,10.3524,11.659,14.2378,14.6827,26.4291,29.1092,30.2017,16.2702,13.7968,11.659,10.5363,10.1694,10.1694,9.9873,11.659,11.0936,11.0936,11.0936,
1990-03-01 00:00:00,2,24.0814,11.0936,10.7212,10.3524,10.5363,10.3524,20.3116,13.3598,10.9069,10.3524,9.9873,9.6261,9.2686,9.0913,8.9151,19.823,13.7968,15.8119,22.2994,22.5515,16.0405,13.7968,12.7119,13.1428,11.2812,20.0669,34.9701,11.0936,11.4696,10.9069,10.5363
1990-02-01 00:00:00,2,9.9873,9.9873,9.9873,9.9873,9.8062,9.8062,9.8062,9.2686,9.2686,9.2686,9.9873,11.0936,10.3524,12.9269,10.5363,9.9873,9.8062,9.4468,9.2686,9.2686,9.4468,14.6827,9.2686,10.1694,9.8062,9.9873,15.8119,20.5571,,,
1990-01-01 00:00:00,2,24.857,17.4321,53.6026,42.0292,41.1267,30.4766,25.1171,23.0583,20.5571,19.0965,20.3116,16.9646,16.2702,15.8119,14.6827,16.7322,13.1428,12.9269,12.2852,11.8626,11.4696,11.4696,11.0936,14.9066,11.0936,11.0936,10.7212,12.0734,10.7212,10.5363,10.3524
1989-12-01 00:00:00,2,11.8626,9.0913,8.5655,8.5655,8.5655,8.5655,8.5655,8.2199,7.8785,8.3922,10.1694,22.8045,19.823,21.2988,31.0286,86.6037,25.378,21.5477,18.8561,51.3521,26.4291,19.823,16.9646,15.8119,14.6827,14.0168,14.4597,14.2378,13.3598,18.3779,14.6827
1989-11-01 00:00:00,2,7.2082,7.2082,7.3741,8.2199,7.7093,7.5412,7.3741,7.2082,9.6261,12.498,19.0965,29.1092,13.7968,11.0936,9.0913,9.0913,36.6999,23.5683,14.2378,12.498,11.0936,10.5363,10.3524,10.3524,9.8062,8.5655,8.5655,10.5363,10.7212,11.4696,
1989-10-01 00:00:00,2,8.9151,8.5655,8.2199,8.7398,18.1401,8.7398,8.2199,7.8785,7.8785,7.5412,7.5412,11.4696,9.0913,8.3922,7.8785,14.9066,18.8561,9.0913,8.5655,7.2082,7.8785,9.9873,9.8062,11.4696,11.659,8.3922,8.3922,7.8785,7.7093,7.5412,7.5412
1989-09-01 00:00:00,2,8.3922,8.2199,8.2199,7.8785,7.8785,8.0487,7.8785,8.9151,8.0487,11.8626,8.2199,8.0487,7.8785,11.2812,9.4468,8.3922,7.8785,7.7093,7.5412,9.0913,7.5412,7.5412,7.5412,7.5412,7.5412,8.2199,10.5363,8.9151,9.2686,10.5363,
1989-08-01 00:00:00,2,11.0936,8.7398,8.3922,8.2199,8.2199,8.2199,16.0405,8.7398,8.5655,8.2199,8.2199,7.8785,7.8785,7.8785,7.8785,7.8785,7.7093,7.7093,7.7093,7.5412,7.5412,7.5412,7.5412,7.5412,9.4468,24.0814,9.2686,17.9032,13.7968,9.0913,8.5655
1989-07-01 00:00:00,2,8.9151,8.9151,8.7398,8.5655,8.5655,8.5655,8.5655,8.5655,8.5655,8.5655,8.5655,8.5655,8.3922,8.3922,8.3922,8.3922,8.2199,8.2199,8.2199,8.2199,8.0487,8.0487,7.8785,7.8785,7.8785,7.8785,7.8785,7.8785,8.0487,15.1315,14.9066
1989-06-01 00:00:00,2,9.6261,9.6261,9.6261,9.6261,9.6261,9.6261,9.6261,9.6261,9.6261,9.6261,10.1694,12.0734,9.9873,9.6261,9.6261,9.6261,9.6261,9.4468,9.2686,9.2686,9.2686,9.2686,9.2686,9.0913,9.0913,9.0913,8.9151,8.9151,8.9151,8.9151,
1989-05-01 00:00:00,2,11.0936,17.4321,25.378,12.9269,12.0734,11.8626,11.659,11.4696,11.4696,11.0936,10.7212,10.7212,10.5363,10.5363,10.3524,10.3524,10.3524,10.3524,10.3524,10.3524,10.3524,10.1694,10.1694,9.9873,9.9873,9.8062,9.8062,9.8062,9.6261,9.6261,9.6261
1989-04-01 00:00:00,2,11.659,11.4696,11.4696,12.0734,11.659,11.4696,13.7968,11.2812,11.4696,11.2812,14.6827,19.823,16.5007,16.7322,25.6396,15.8119,13.5778,12.7119,12.2852,13.1428,11.4696,11.8626,11.8626,11.659,11.2812,11.0936,11.0936,10.9069,10.7212,10.7212,
1989-03-01 00:00:00,2,16.9646,22.5515,21.0508,25.6396,23.5683,21.5477,19.3378,17.4321,17.9032,16.0405,15.1315,14.9066,15.8119,15.5841,16.5007,18.8561,15.5841,14.0168,13.3598,13.1428,12.9269,12.9269,12.7119,12.7119,12.7119,12.498,12.2852,12.0734,12.7119,11.8626,11.8626
1989-02-01 00:00:00,2,11.8626,11.4696,12.7119,12.498,12.2852,18.6166,18.1401,17.4321,19.823,19.0965,17.4321,21.5477,20.0669,36.1207,29.1092,21.5477,17.4321,25.378,25.6396,18.1401,18.1401,31.3056,17.6672,17.1979,29.1092,18.6166,24.5977,17.6672,,,
1989-01-01 00:00:00,2,40.8272,19.823,16.9646,21.5477,17.9032,43.5456,29.1092,24.857,31.3056,31.8618,27.2253,27.4922,25.902,21.5477,20.0669,20.5571,17.1979,16.5007,19.0965,36.9905,15.8119,16.2702,14.9066,17.6672,13.7968,13.1428,12.9269,12.7119,12.2852,11.8626,11.8626
1988-12-01 00:00:00,2,12.0734,11.8626,20.8035,17.1979,11.4696,10.1694,9.4468,9.2686,12.0734,14.4597,21.2988,11.2812,11.0936,26.6937,15.5841,16.7322,11.8626,11.659,11.2812,13.5778,15.8119,22.048,12.7119,16.5007,21.0508,53.6026,19.0965,14.2378,12.498,11.2812,49.7616
1988-11-01 00:00:00,2,9.2686,8.5655,8.0487,11.4696,9.6261,9.2686,10.9069,33.547,16.7322,15.8119,10.7212,9.2686,8.9151,10.7212,14.4597,11.0936,9.4468,9.0913,8.9151,9.6261,11.8626,11.2812,13.3598,29.1092,9.8062,9.6261,9.6261,9.8062,8.9151,8.9151,
1988-10-01 00:00:00,2,9.6261,7.5412,7.3741,7.2082,8.2199,13.3598,8.5655,7.7093,7.3741,7.2082,6.8795,6.8795,15.8119,8.2199,8.0487,6.8795,6.8795,6.8795,6.8795,34.9701,12.9269,16.0405,16.0405,15.3573,11.8626,9.6261,24.857,22.2994,16.2702,10.5363,11.4696
1988-09-01 00:00:00,2,7.5412,7.5412,7.5412,7.3741,7.3741,7.3741,7.3741,7.2082,7.2082,7.2082,7.0433,7.0433,7.0433,7.0433,6.8795,7.2082,7.2082,7.2082,6.8795,6.7168,6.7168,6.7168,6.5552,6.5552,6.5552,6.5552,6.5552,6.5552,6.8795,16.7322,
1988-08-01 00:00:00,2,8.5655,8.5655,8.5655,8.5655,8.3922,8.3922,8.3922,8.3922,8.2199,8.2199,8.2199,8.2199,8.2199,8.2199,8.2199,8.0487,8.0487,8.0487,8.0487,7.8785,7.8785,7.8785,7.8785,7.8785,7.7093,7.7093,7.7093,7.5412,7.5412,7.5412,7.5412
1988-07-01 00:00:00,2,9.6261,9.6261,9.6261,9.6261,9.6261,9.6261,9.6261,9.6261,9.6261,9.4468,9.2686,9.2686,9.2686,9.2686,9.0913,9.0913,8.9151,8.9151,8.9151,8.9151,8.9151,8.9151,8.9151,8.7398,8.7398,8.5655,8.5655,8.5655,8.5655,8.5655,8.5655
1988-06-01 00:00:00,2,11.2812,10.9069,10.9069,11.0936,11.0936,10.9069,11.659,10.7212,10.7212,10.5363,10.3524,10.3524,10.3524,10.3524,10.3524,10.3524,10.1694,9.9873,9.9873,9.9873,9.9873,9.9873,9.8062,9.8062,9.8062,9.6261,9.6261,9.9873,9.8062,9.6261,
1988-05-01 00:00:00,2,12.7119,12.7119,12.7119,12.498,12.2852,12.2852,12.0734,12.0734,11.8626,11.8626,11.659,11.4696,11.4696,11.4696,11.4696,11.4696,11.2812,14.0168,12.0734,11.8626,11.4696,11.2812,11.2812,11.0936,11.0936,11.4696,11.8626,11.4696,11.0936,11.2812,12.9269
1988-04-01 00:00:00,2,16.8117,17.4947,14.8165,15.2528,19.3585,15.4725,14.8165,15.9149,14.3843,14.1698,13.9564,15.2528,13.9564,13.7439,13.7439,14.1698,14.5999,22.8045,23.8245,13.5778,14.4597,14.9066,14.6827,14.0168,13.5778,16.7322,13.3598,13.1428,12.7119,12.7119,
1988-03-01 00:00:00,2,24.7883,22.0191,26.6051,28.1951,25.8214,27.9281,28.463,27.9281,20.5541,18.8868,17.9549,17.7243,17.7243,17.266,17.0384,16.3613,16.3613,16.8117,17.4947,17.0384,15.6931,15.0341,14.1698,14.5999,14.3843,14.1698,14.1698,14.1698,14.5999,14.1698,20.5541
1988-02-01 00:00:00,2,14.3843,26.6051,19.3585,23.769,19.3585,26.868,33.7061,45.9383,77.3671,49.407,50.363,30.9108,27.1318,25.0453,26.343,38.28,28.463,52.2876,37.6816,41.3046,31.1868,25.3031,23.0138,22.0191,22.7638,22.5146,33.4231,20.796,27.1318,,
1988-01-01 00:00:00,2,14.3843,13.9564,13.5326,13.5326,15.2528,14.8165,15.2528,15.2528,19.5958,22.5146,57.8292,54.2287,20.0731,16.8117,16.1376,15.6931,14.1698,13.7439,13.3223,12.9049,12.4919,12.287,12.0833,12.0833,11.8806,11.4786,11.2793,11.2793,19.834,12.287,12.9049
1987-12-01 00:00:00,2,13.7439,12.6979,15.2528,24.7883,17.4947,15.4725,26.343,16.1376,22.5146,24.7883,20.3131,19.1222,21.2825,45.314,45.314,24.277,23.2646,19.5958,27.1318,53.5799,47.1929,33.4231,20.3131,17.0384,15.9149,15.6931,17.9549,17.266,18.6524,15.2528,14.8165
1987-11-01 00:00:00,2,8.6828,8.2994,8.1095,7.921,7.7336,7.5476,8.4905,8.1095,7.921,7.921,8.6828,7.921,7.921,8.8764,20.4092,13.6431,10.6718,8.6828,8.2994,10.2647,8.1095,19.6741,9.8622,10.2647,58.954,17.266,15.2528,14.8165,45.314,16.8117,
1987-10-01 00:00:00,2,7.921,9.6627,8.8764,8.2994,8.1095,8.1095,7.7336,7.7336,7.5476,7.3629,7.1795,6.9974,6.8166,6.8166,6.8166,6.8166,6.8166,6.6373,7.1795,12.773,22.9124,14.5292,9.2671,12.5581,30.1548,35.1495,13.643,12.3442,10.6718,10.6718,20.1633
1987-09-01 00:00:00,2,7.921,7.921,7.921,7.921,7.921,7.921,7.921,8.4905,8.6828,8.2994,8.2994,8.2994,8.1095,8.1095,7.7336,7.5476,7.5476,7.7336,10.4677,10.4677,24.3294,11.4993,11.2908,14.7532,13.6431,9.8622,8.6828,11.4993,8.8764,8.2994,
1987-08-01 00:00:00,2,9.4643,9.4643,9.2671,9.2671,9.2671,9.2671,9.6627,9.4643,9.2671,9.2671,9.0712,9.0712,9.0712,9.0712,9.0712,8.8764,8.6828,8.6828,9.2671,8.6828,8.6828,8.6828,8.4905,8.4905,8.4905,8.4905,8.2994,8.2994,8.2994,8.1095,8.1095
1987-07-01 00:00:00,2,11.2908,11.2908,11.0833,11.0833,11.0833,10.877,10.877,10.877,11.4993,11.2908,11.0833,10.877,10.6718,10.6718,10.4677,10.2647,10.2647,10.0629,10.0629,9.8622,9.8622,9.8622,9.8622,9.8622,9.6627,9.6627,9.6627,9.4643,9.4643,9.4643,9.4643
1987-06-01 00:00:00,2,13.206,12.989,12.989,12.989,12.773,12.773,12.773,12.773,12.989,12.773,12.5581,12.5581,12.3442,12.3442,12.3442,12.1314,12.3442,12.3442,12.1314,11.7089,11.4993,11.4993,11.9196,12.773,12.3442,12.1314,11.4993,11.4993,11.4993,11.4993,
1987-05-01 00:00:00,2,17.0461,16.8126,16.58,16.3483,16.1176,15.8878,15.4311,15.4311,14.9782,14.9782,15.2042,14.9782,14.7532,14.5292,14.5292,14.5292,14.5292,14.7532,14.5292,14.7532,14.5292,14.7532,14.3062,14.3062,14.7532,14.0841,13.643,13.424,13.424,13.206,13.206
1987-04-01 00:00:00,2,17.4825,17.2436,17.9625,35.5517,54.5605,49.9409,28.4057,24.459,27.6056,27.6056,36.9671,33.5917,26.0213,24.459,23.9433,22.9195,22.1584,21.6544,21.4034,21.1531,21.1531,22.6651,21.6544,21.6544,18.706,18.2273,17.7521,17.0461,17.0461,17.5158,
1987-03-01 00:00:00,2,21.6544,20.1586,20.6545,19.4201,20.4062,19.1753,19.4201,21.9061,22.1584,30.0216,19.9117,19.1753,18.688,27.6056,20.6545,27.0751,19.4201,18.9313,19.1753,21.6544,33.5917,24.459,20.1586,18.9313,18.9313,18.688,18.4454,17.7221,17.7221,17.7221,17.7221
1987-02-01 00:00:00,2,23.9433,22.1584,23.9433,67.05,31.1102,30.8372,27.0751,38.9699,30.8372,29.4807,27.8717,25.2374,23.9433,30.0216,25.4981,26.0213,27.34,99.7293,54.2496,37.2517,33.3138,28.942,27.0751,25.2374,23.9433,23.4301,27.0751,22.1584,,,
1987-01-01 00:00:00,2,54.2496,42.1655,33.8701,29.2111,25.4981,23.6864,22.1584,28.4057,19.9117,26.547,22.1584,32.7597,28.942,20.4062,18.688,18.688,20.1586,25.4981,20.6545,24.9773,26.8107,24.459,55.1835,41.2882,28.1384,23.4301,54.2496,32.2077,31.9325,29.2111,25.7594
1986-12-01 00:00:00,2,12.6347,13.0804,11.7541,11.7541,24.9773,11.5363,13.3046,10.8885,11.3194,13.0804,24.2008,27.8717,16.5317,20.1586,22.6651,14.21,12.6347,20.9034,18.4454,12.8571,11.7541,33.8701,36.9671,26.8107,127.109,111.203,60.5437,32.7597,127.657,134.895,84.3573
1986-11-01 00:00:00,2,7.3929,6.81,13.5296,16.7682,12.1926,21.4034,9.6197,8.5908,7.9867,7.9867,11.1035,42.4588,14.6678,10.8885,10.2496,9.6197,8.9991,8.1869,7.5897,7.5897,7.5897,7.5897,7.3929,7.3929,7.7876,7.5897,8.7944,7.9867,9.8286,13.9823,
1986-10-01 00:00:00,2,8.7944,8.5908,8.1869,7.9867,7.9867,7.7876,7.5897,7.5897,7.3929,7.3929,7.1974,7.1974,7.1974,7.1974,8.1869,7.5897,7.5897,7.3929,7.1974,7.0031,8.5908,8.1869,9.2049,7.7876,7.5897,7.3929,7.1974,7.1974,7.1974,7.1974,9.2049
1986-09-01 00:00:00,2,9.6197,9.6197,9.6197,9.2049,9.2049,9.6197,9.2049,9.2049,8.9991,8.9991,8.7944,8.7944,8.7944,8.5908,8.3883,8.3883,8.3883,8.1869,8.1869,7.9867,7.9867,7.9867,7.9867,7.9867,7.9867,7.7876,7.7876,7.5897,8.9991,9.4118,
1986-08-01 00:00:00,2,10.2496,10.2496,10.2496,10.0386,10.0386,9.8286,9.8286,9.8286,9.6197,9.4118,9.4118,9.2049,10.0386,10.0386,10.2496,13.0804,12.1926,10.2496,10.0386,9.8286,10.0386,11.1035,11.1035,10.4616,10.0386,17.0055,10.6746,10.0386,9.6197,9.6197,9.6197
1986-07-01 00:00:00,2,10.6746,10.6746,17.4825,13.3046,12.8571,15.8267,11.7541,11.1035,10.8885,10.8885,10.6746,10.6746,10.4616,10.4616,10.4616,10.4616,10.4616,10.4616,10.2496,10.2496,10.2496,10.2496,13.9823,14.8979,12.1926,11.3194,10.8885,10.6746,10.6746,10.4616,10.4616
1986-06-01 00:00:00,2,12.8571,12.6347,12.4132,12.4132,12.1926,12.1926,12.1926,11.9729,11.9729,11.9729,11.9729,11.9729,11.7541,11.7541,11.7541,11.7541,11.7541,11.5363,11.5363,11.3194,11.3194,11.1035,11.1035,11.1035,10.8885,10.8885,10.8885,10.8885,10.6746,10.6746,
1986-05-01 00:00:00,2,14.4385,14.21,14.21,14.21,13.9823,13.9823,13.9823,15.3607,16.7682,17.2436,16.2959,15.1289,15.5933,15.5933,15.8267,14.6678,13.9823,13.7556,13.5296,13.5296,13.3046,13.3046,13.0804,13.0804,13.0804,13.0804,13.0804,12.8571,12.8571,12.6347,12.8571
1986-04-01 00:00:00,2,23.9433,22.9195,21.4034,20.1586,20.4062,19.4201,18.688,18.688,18.688,18.2036,18.2036,17.7221,18.4454,18.2036,17.4825,17.0055,16.7682,16.5317,16.2959,16.0609,15.8267,15.8267,15.5933,15.3607,15.3607,17.4825,16.5317,16.0609,15.5933,14.8979,
1986-03-01 00:00:00,2,40.4152,32.2077,42.1655,35.8337,28.1384,33.5917,28.4057,50.8572,35.5517,26.8107,23.9433,31.1102,24.7179,21.6544,20.6545,22.4115,21.1531,20.9034,26.0213,21.4034,21.6544,18.9313,18.688,24.459,41.5802,28.4057,23.4301,36.683,29.7509,25.7594,27.0751
1986-02-01 00:00:00,2,17.4825,20.1586,17.4825,24.2008,24.9773,19.6656,39.258,54.2496,64.7185,28.6736,24.9773,31.1102,27.6056,35.8337,40.7057,36.3994,29.4807,47.8179,57.0622,32.2077,24.459,27.34,22.1584,21.9061,21.9061,21.6544,19.4201,18.688,,,
1986-01-01 00:00:00,2,25.4981,19.9117,16.0609,15.3607,27.8717,28.1384,18.9313,25.4981,31.1102,71.4986,40.1252,35.5517,40.7057,48.1199,81.7005,46.9146,33.8701,33.5917,25.4981,22.4115,31.1102,24.7179,25.4981,23.1744,18.688,30.8372,21.6544,25.7594,18.4454,18.4454,16.7682
1985-12-01 00:00:00,2,10.4616,9.4118,36.1163,17.9625,43.9326,12.8571,11.3194,10.4616,9.6197,9.6197,9.2049,8.7944,8.5908,8.5908,26.8107,20.1586,20.4062,12.6347,36.683,16.2959,21.9061,25.4981,38.1086,22.1584,21.6544,28.4057,56.121,43.637,37.8225,23.9433,29.7509
1985-11-01 00:00:00,2,10.2496,45.418,37.2517,34.4286,17.0055,12.6347,10.4616,9.6197,9.4118,9.2049,8.9991,8.7944,8.5908,8.3883,7.9867,7.9867,7.9867,7.7876,7.5897,7.5897,10.4616,11.7541,10.2496,13.5296,14.4385,15.5933,14.21,15.3607,11.5363,11.7541,
1985-10-01 00:00:00,2,8.7944,8.7944,13.7556,9.4118,8.9991,8.7944,8.3883,9.8286,8.3883,8.3883,8.3883,8.3883,7.9867,7.9867,7.9867,7.9867,7.7876,10.0386,7.7876,7.5897,7.5897,7.5897,7.3929,7.3929,13.0804,15.3607,9.4118,9.2049,17.7221,48.1199,25.4981
1985-09-01 00:00:00,2,9.6197,9.6197,9.6197,9.6197,10.4616,10.4616,12.6347,10.2496,9.8286,9.6197,9.6197,9.6197,9.2049,9.2049,9.2049,8.7944,8.7944,8.7944,8.7944,8.7944,8.3883,8.3883,8.7944,15.1289,11.3194,9.6197,9.2049,9.2049,8.9991,8.7944,
1985-08-01 00:00:00,2,11.3194,10.8885,10.8885,10.8885,10.8885,10.8885,10.8885,10.8885,10.6746,10.4616,10.4616,10.4616,10.4616,10.4616,10.4616,10.4616,10.0386,10.0386,10.0386,10.0386,10.0386,10.0386,9.6197,9.6197,9.6197,9.6197,9.6197,9.6197,9.6197,9.6197,9.6197
1985-07-01 00:00:00,2,12.8571,12.8571,12.8571,12.8571,12.8571,12.8571,12.6347,12.6347,12.6347,12.1926,12.1926,12.1926,12.1926,12.1926,11.7541,11.7541,11.7541,11.7541,11.7541,11.7541,11.7541,11.7541,11.7541,11.7541,11.5363,11.3194,11.3194,11.3194,11.3194,11.3194,11.3194
1985-06-01 00:00:00,2,14.6678,14.8979,14.8979,14.8979,14.8979,14.4385,14.4385,14.4385,13.9823,13.9823,13.9823,13.9823,13.9823,13.9823,13.9823,13.9823,13.9823,13.5296,13.5296,13.5296,13.5296,13.5296,13.5296,13.0804,13.0804,13.0804,13.0804,12.8571,12.8571,12.8571,
1985-05-01 00:00:00,2,19.1753,23.4301,19.1753,18.9313,18.688,18.688,18.4454,18.2036,17.7221,17.2436,16.7682,16.7682,16.7682,16.7682,16.7682,16.2959,16.2959,16.2959,16.2959,16.2959,16.2959,16.2959,16.2959,15.8267,15.8267,15.8267,15.5933,15.3607,15.3607,15.3607,15.3607
1985-04-01 00:00:00,2,27.8717,26.547,24.7179,24.459,23.6864,23.6864,23.6864,23.6864,23.1744,23.1744,24.2008,24.9773,22.4115,21.6544,21.1531,21.1531,22.6651,25.7594,23.9433,23.1744,21.4034,20.4062,19.9117,19.4201,18.9313,18.688,18.9313,20.6545,19.1753,19.1753,
1985-03-01 00:00:00,2,31.9325,31.3838,31.6579,31.9325,30.5648,32.2077,63.1052,36.9671,65.8615,46.0153,33.5917,31.1102,40.9967,51.1635,84.8042,66.2565,45.418,61.1818,47.2152,51.7774,40.1252,36.9671,32.4834,30.8372,29.2111,32.4834,43.9326,45.418,39.8356,32.7597,30.2929
1985-02-01 00:00:00,2,49.6363,54.8718,49.3321,41.5802,40.1252,67.8482,40.7057,74.8237,59.9072,55.4956,40.1252,38.1086,37.2517,33.5917,30.0216,26.8107,25.2374,24.2008,22.9195,21.4034,21.6544,22.1584,33.5917,38.9699,33.3138,51.4702,35.5517,43.047,,,
1985-01-01 00:00:00,2,19.9117,18.4454,16.5317,15.8267,15.8267,16.2959,15.3607,15.1289,56.121,39.258,24.7179,22.4115,20.9034,29.4807,18.9313,21.9061,25.2374,80.3881,47.8179,43.637,39.258,40.7057,33.5917,40.1252,58.9553,93.0508,71.0883,53.9391,121.153,91.6498,145.245
1984-12-01 00:00:00,2,17.7221,27.34,25.2374,40.1252,22.1584,34.4286,53.9391,28.4057,36.683,33.8701,24.2008,18.9313,34.7085,27.6056,28.942,47.5163,36.1163,43.9326,28.1384,19.4201,16.0609,15.3607,15.3607,16.2959,38.9699,36.9671,42.4588,26.0213,23.1744,21.9061,39.5466
1984-11-01 00:00:00,2,7.5897,7.5897,7.3929,7.1974,7.1974,7.1974,6.81,6.81,6.81,6.81,13.5296,13.5296,18.4454,8.7944,7.7876,7.5897,7.5897,7.7876,7.5897,8.9991,14.6678,11.9729,10.2496,9.4118,21.1531,20.6545,33.5917,40.9967,29.4807,23.9433,
1984-10-01 00:00:00,2,8.7944,8.7944,8.7944,8.3883,8.3883,8.1869,7.9867,7.9867,7.9867,7.9867,8.3883,15.5933,10.2496,8.1869,10.0386,38.1086,13.5296,10.2496,18.4454,15.8267,10.6746,9.6197,11.3194,10.4616,13.0804,9.4118,8.9991,8.5908,8.1869,7.9867,7.5897
1984-09-01 00:00:00,2,9.6197,9.4118,9.2049,9.2049,9.2049,8.7944,18.2036,18.9313,16.2959,11.1035,10.2496,9.6197,9.4118,9.2049,9.2049,9.2049,9.2049,8.9991,8.7944,8.7944,15.8267,10.0386,10.6746,13.0804,9.6197,12.4132,14.21,10.0386,9.4118,9.2049,
1984-08-01 00:00:00,2,9.6197,11.5363,9.6197,9.6197,9.6197,9.2049,9.2049,9.2049,9.2049,9.2049,9.2049,8.7944,8.7944,8.7944,8.7944,8.7944,8.7944,8.7944,8.7944,8.7944,8.7944,8.7944,8.7944,8.7944,10.0386,11.7541,9.4118,8.7944,9.2049,9.8286,9.8286
1984-07-01 00:00:00,2,11.5363,11.5363,11.3194,11.3194,11.3194,11.3194,11.1035,10.8885,10.8885,10.8885,10.8885,10.8885,10.8885,10.8885,10.4616,10.4616,10.4616,10.4616,10.0386,10.0386,10.0386,10.0386,10.0386,9.6197,9.6197,9.6197,9.6197,9.6197,9.6197,9.6197,9.6197
1984-06-01 00:00:00,2,13.9823,13.9823,13.9823,13.5296,13.5296,13.5296,13.5296,13.0804,13.0804,13.0804,13.0804,13.0804,12.6347,12.6347,12.6347,12.6347,12.1926,12.1926,12.1926,12.1926,11.9729,11.9729,11.9729,11.7541,11.7541,11.7541,11.7541,11.7541,11.7541,11.7541,
1984-05-01 00:00:00,2,18.9313,19.9117,19.1753,26.547,17.0055,16.5317,17.9625,16.2959,15.8267,15.8267,16.5317,15.8267,15.5933,15.3607,15.5933,15.8267,15.5933,35.2701,18.4454,16.5317,15.8267,15.5933,15.3607,15.3607,14.8979,14.8979,14.4385,14.4385,14.4385,14.4385,13.9823
1984-04-01 00:00:00,2,18.9313,17.9625,20.6545,22.1584,19.9117,18.9313,17.9625,17.0055,16.7682,16.7682,16.5317,16.2959,16.2959,16.2959,16.2959,16.7682,17.9625,17.4825,16.7682,17.0055,19.4201,16.5317,15.8267,15.3607,15.1289,23.1744,17.9625,25.7594,28.6736,24.2008,
1984-03-01 00:00:00,2,18.688,18.9313,24.459,23.1744,24.459,23.9433,25.7594,20.9034,26.2839,21.4034,20.4062,18.9313,27.0751,20.9034,19.4201,18.9313,19.1753,18.9313,17.9625,17.4825,18.2036,27.8717,24.459,19.1753,17.9625,17.2436,17.0055,16.5317,16.2959,31.1102,21.1531
1984-02-01 00:00:00,2,24.7179,24.2008,23.6864,23.6864,23.1744,21.9061,24.9773,21.6544,21.4034,21.1531,21.1531,22.4115,21.4034,20.9034,36.683,21.4034,21.4034,21.4034,20.9034,20.6545,19.9117,19.6656,19.4201,18.688,29.4807,25.2374,26.8107,19.9117,19.1753,,
1984-01-01 00:00:00,2,38.1086,35.2701,33.5917,32.4834,31.3838,30.2929,29.2111,39.258,33.8701,28.942,29.2111,27.0751,26.0213,24.9773,24.459,24.2008,23.6864,23.6864,23.1744,23.1744,22.6651,24.7179,31.1102,58.6388,34.7085,31.1102,30.8372,29.2111,27.34,26.547,25.4981
1983-12-01 00:00:00,2,23.6864,25.7594,31.1102,25.4981,23.9433,21.4034,25.2374,29.4807,76.5145,71.9101,49.0284,36.3994,31.9325,35.2701,75.6667,64.072,72.7366,37.5368,41.8726,39.8356,39.8356,46.6143,43.3417,75.2446,61.5014,45.418,64.072,41.5802,54.8718,46.0153,40.4152
1983-11-01 00:00:00,2,31.9325,30.5648,100.702,38.3952,34.4286,30.5648,29.2111,30.5648,34.4286,35.5517,38.9699,59.9072,41.8726,38.9699,103.649,49.9409,38.3952,33.0365,28.6736,51.7774,77.7951,48.7251,36.3994,70.2712,40.9967,26.547,26.2839,25.4981,25.2374,24.459,
1983-10-01 00:00:00,2,13.5296,13.5296,13.3046,13.0804,13.0804,13.0804,13.5296,16.0609,39.258,19.9117,16.5317,15.5933,28.4057,34.9891,26.2839,19.6656,18.4454,17.7221,23.1744,19.1753,29.7509,44.8225,43.637,35.2701,26.2839,23.4301,21.6544,20.9034,19.1753,17.2436,34.1491
1983-09-01 00:00:00,2,12.6347,12.6347,12.6347,12.6347,12.6347,12.6347,17.9625,22.9195,24.459,13.9823,15.3607,14.6678,17.4825,17.9625,17.9625,17.7221,44.8225,27.0751,28.4057,18.688,15.1289,14.4385,13.9823,14.6678,25.7594,15.1289,14.4385,13.9823,13.9823,13.5296,
1983-08-01 00:00:00,2,15.5933,15.3607,15.3607,15.3607,15.3607,15.3607,15.3607,14.8979,14.8979,14.6678,14.4385,14.4385,13.9823,13.9823,13.9823,13.9823,13.9823,13.9823,13.9823,13.5296,13.5296,13.5296,13.5296,13.5296,13.5296,13.3046,13.0804,13.0804,12.8571,12.6347,12.6347
1983-07-01 00:00:00,2,18.688,18.688,18.2036,18.2036,17.7221,17.7221,17.7221,17.7221,17.2436,16.7682,16.7682,16.5317,16.2959,16.2959,16.2959,16.2959,16.2959,19.1753,20.6545,21.9061,25.2374,21.6544,18.9313,17.2436,16.7682,16.2959,16.2959,15.8267,15.8267,15.8267,15.8267
1983-06-01 00:00:00,2,41.5802,28.4057,23.4301,44.8225,36.1163,24.9773,23.6864,23.6864,23.1744,22.9195,22.6651,22.4115,22.1584,21.6544,21.6544,21.1531,21.1531,20.6545,20.6545,20.1586,20.1586,19.6656,19.6656,19.6656,19.4201,19.4201,19.1753,19.1753,19.1753,18.688,
1983-05-01 00:00:00,2,26.8107,26.2839,26.2839,26.0213,25.2374,24.7179,24.7179,26.547,24.7179,24.2008,24.2008,23.6864,23.6864,23.6864,23.1744,22.6651,22.1584,21.9061,21.6544,21.4034,21.1531,20.9034,20.6545,46.9146,25.4981,21.6544,21.4034,21.1531,32.2077,24.2008,47.2152
1983-04-01 00:00:00,2,31.6579,31.3838,30.2929,29.2111,28.942,28.1384,40.9967,31.1102,28.6736,27.8717,113.781,48.4223,42.7527,39.258,36.3994,38.3952,34.1491,32.4834,31.6579,31.6579,31.3838,29.4807,29.4807,28.942,38.3952,30.2929,29.2111,28.1384,27.34,26.8107,
1983-03-01 00:00:00,2,45.12,37.5368,41.5802,37.2517,31.9325,34.4286,53.3194,41.8726,35.8337,33.8701,31.9325,30.8372,34.7085,33.0365,32.2077,37.5368,34.4286,48.1199,35.8337,33.0365,88.8797,48.4223,43.9326,38.3952,35.2701,34.1491,33.0365,60.5437,37.8225,34.9891,32.4834
1983-02-01 00:00:00,2,42.7527,100.215,113.781,128.758,88.8797,73.1517,59.9072,58.3227,90.2594,216.813,204.819,114.82,100.215,61.5014,54.5605,53.9391,49.3321,45.12,42.4588,38.9699,37.2517,38.9699,40.7057,42.4588,44.2288,43.047,51.4702,53.9391,,,
1983-01-01 00:00:00,2,56.121,60.8625,54.5605,56.121,66.6527,97.3175,54.2496,57.6916,41.5802,56.121,82.5814,49.6363,53.629,66.6527,39.258,38.3952,36.3994,33.5917,32.4834,31.3838,30.5648,30.0216,30.8372,53.629,76.9402,45.418,27.6056,30.5648,28.942,27.34,26.2839
1982-12-01 00:00:00,2,21.4034,16.5317,23.4301,20.4062,16.2959,14.21,19.9117,23.9433,16.2959,20.9034,19.1753,16.2959,15.8267,16.2959,16.0609,43.637,26.0213,18.2036,23.6864,33.8701,28.942,21.6544,18.9313,19.9117,20.6545,25.7594,22.1584,20.4062,22.6651,25.7594,122.226
1982-11-01 00:00:00,2,15.3607,12.6347,10.8885,10.2496,9.8286,9.6197,9.6197,9.4118,9.8286,10.8885,11.3194,10.6746,10.0386,14.8979,22.4115,19.1753,22.6651,23.9433,22.4115,18.688,17.9625,20.4062,19.1753,17.9625,18.9313,16.7682,15.1289,13.7556,24.2008,13.5296,
1982-10-01 00:00:00,2,10.0386,10.4616,11.5363,12.4132,11.7541,10.6746,10.4616,10.6746,11.5363,13.0804,13.3046,13.9823,16.0609,14.8979,12.4132,11.1035,10.2496,10.0386,10.0386,11.7541,15.8267,17.2436,14.6678,12.1926,11.3194,11.7541,14.8979,22.1584,23.4301,17.2436,15.5933
1982-09-01 00:00:00,2,11.3194,11.1035,10.8885,10.8885,10.6746,10.4616,10.4616,10.2496,10.2496,10.0386,10.0386,9.8286,9.8286,9.8286,9.6197,9.6197,9.6197,9.6197,9.6197,9.4118,9.4118,9.6197,10.2496,10.0386,9.6197,9.6197,10.0386,10.6746,10.6746,10.2496,
1982-08-01 00:00:00,2,13.0804,12.8571,12.8571,12.8571,12.8571,12.8571,12.6347,12.6347,12.6347,12.6347,12.6347,12.6347,12.6347,12.6347,12.4132,12.1926,12.1926,11.9729,11.7541,11.5363,11.5363,11.3194,11.3194,11.1035,11.1035,10.8885,10.8885,10.6746,11.1035,12.6347,12.1926
1982-07-01 00:00:00,2,15.8267,15.8267,15.5933,15.3607,15.3607,15.1289,14.8979,14.8979,14.8979,14.6678,14.4385,14.4385,14.21,14.21,14.21,14.21,13.9823,13.9823,16.0609,15.1289,14.6678,13.9823,13.9823,13.7556,13.5296,13.5296,13.3046,13.3046,13.0804,13.0804,13.0804
1982-06-01 00:00:00,2,18.688,18.688,18.688,18.688,20.1586,18.9313,18.2036,18.2036,18.2036,17.7221,17.7221,17.4825,17.4825,17.2436,17.2436,17.0055,18.9313,17.2436,16.7682,16.5317,16.5317,16.2959,16.2959,16.2959,16.2959,16.5317,18.688,16.2959,16.2959,16.0609,
1982-05-01 00:00:00,2,25.2374,24.7179,23.6864,23.6864,23.4301,23.1744,22.9195,22.9195,22.6651,22.4115,21.9061,21.6544,21.4034,21.1531,21.1531,21.9061,21.1531,20.6545,20.4062,20.1586,20.4062,21.4034,22.4115,21.6544,20.9034,20.1586,19.6656,19.6656,19.1753,19.1753,19.1753
1982-04-01 00:00:00,2,107.645,93.0508,65.4678,52.085,46.9146,45.7164,43.637,42.1655,41.2882,39.8356,37.8225,35.5517,33.3138,32.7597,35.8337,33.0365,31.9325,30.2929,29.7509,29.2111,28.4057,27.8717,27.34,26.8107,26.8107,26.547,26.2839,26.2839,26.0213,26.0213,
1982-03-01 00:00:00,2,30.5648,43.3417,40.4152,49.0284,37.5368,33.0365,34.1491,57.0622,45.418,52.085,60.8625,58.6388,57.0622,99.2446,71.0883,86.6037,96.3611,47.5163,43.3417,41.2882,40.1252,67.8482,53.3194,49.9409,46.3146,43.3417,43.637,47.8179,50.5514,84.3573,65.8615
1982-02-01 00:00:00,2,44.5254,42.7527,40.9967,38.6823,38.3952,48.1199,46.0153,45.7164,43.9326,34.4286,33.0365,31.9325,31.1102,30.2929,29.2111,28.942,28.1384,26.8107,26.8107,26.2839,26.0213,33.0365,26.2839,30.8372,34.1491,34.9891,29.4807,27.8717,,,
1982-01-01 00:00:00,2,25.2374,31.6579,75.2446,110.692,50.8572,38.6823,34.9891,40.9967,33.5917,53.3194,47.8179,74.8237,161.489,64.072,69.4588,50.2459,71.9101,48.7251,43.3417,45.7164,46.0153,36.3994,46.0153,93.5201,57.6916,81.2619,84.3573,81.7005,63.4271,54.5605,48.4223
1981-12-01 00:00:00,2,27.0751,21.4034,22.6651,49.6363,27.6056,27.0751,49.3321,31.3838,24.2008,69.0544,160.256,129.863,105.638,40.4152,53.0102,50.8572,36.3994,33.8701,31.9325,31.6579,31.1102,28.942,24.7179,22.9195,21.4034,26.0213,26.547,57.0622,30.2929,26.0213,24.2008
1981-11-01 00:00:00,2,16.0609,15.1289,13.9823,13.5296,13.5296,13.3046,32.2077,36.1163,25.2374,50.5514,55.8081,69.0544,88.8797,54.2496,28.1384,32.7597,26.0213,27.8717,24.7179,21.1531,18.4454,17.9625,17.0055,16.7682,21.9061,19.6656,18.4454,33.8701,20.1586,19.4201,
1981-10-01 00:00:00,2,7.0031,7.5897,17.9625,13.5296,12.4132,11.5363,10.4616,9.6197,8.5908,7.7876,28.4057,112.746,43.047,19.9117,21.6544,40.4152,21.9061,18.2036,18.688,37.5368,17.0056,14.6678,13.3046,12.8571,31.1102,17.7221,18.4454,19.4201,18.688,18.4454,17.4825
1981-09-01 00:00:00,2,7.7876,7.7876,7.7876,7.5897,7.5897,7.5897,7.5897,7.5897,7.3929,7.3929,7.1974,7.1974,7.1974,7.0031,7.0031,7.0031,7.0031,12.4132,13.5296,10.4616,9.2049,8.9991,8.9991,8.5908,8.1869,7.3929,7.1974,7.0031,7.0031,7.0031,
1981-08-01 00:00:00,2,8.5908,8.5908,8.5908,8.5908,8.3883,8.3883,8.3883,8.3883,8.3883,8.3883,8.3883,8.3883,8.3883,8.3883,8.3883,8.3883,10.4616,9.6197,9.2049,9.2049,8.9991,8.7944,8.7944,8.5908,8.3883,8.3883,8.1869,8.1869,7.9867,7.9867,7.9867
1981-07-01 00:00:00,2,9.6197,9.6197,9.6197,9.6197,9.6197,9.6197,9.6197,9.4118,9.4118,9.2049,9.2049,8.9991,8.9991,8.7944,8.7944,8.7944,8.7944,8.7944,8.7944,8.7944,8.7944,8.7944,8.7944,8.7944,8.7944,8.7944,8.5908,8.5908,8.5908,8.5908,8.5908
1981-06-01 00:00:00,2,11.9729,12.1926,12.4132,12.6347,12.8571,13.3046,24.459,12.4132,11.9729,11.3194,11.1035,10.8885,10.8885,10.6746,10.6746,10.6746,10.4616,10.4616,10.2496,10.2496,10.0386,10.0386,10.0386,10.0386,9.6197,9.6197,9.6197,9.6197,9.6197,9.6197,
1981-05-01 00:00:00,2,13.9823,13.7556,31.6579,15.1289,13.9823,13.7556,13.5296,13.3046,13.0804,12.8571,12.8571,12.8571,12.6347,12.6347,12.4132,12.4132,12.1926,11.9729,11.9729,11.9729,11.9729,11.7541,11.7541,11.7541,11.7541,13.5296,12.1926,12.4132,13.7556,11.9729,11.7541
1981-04-01 00:00:00,2,24.7179,29.2111,22.9195,22.6651,19.6656,18.2036,17.7221,17.4825,17.2436,17.2436,16.5317,16.2959,16.0609,15.8267,15.5933,15.1289,14.8979,14.8979,14.4385,14.4385,14.21,13.9823,13.9823,20.1586,16.5317,14.4385,14.21,14.8979,14.6678,13.9823,
1981-03-01 00:00:00,2,12.8571,12.6347,12.6347,12.4132,12.4132,13.3046,13.7556,13.3046,12.8571,12.6347,12.4132,12.1926,12.1926,11.9729,11.7541,11.7541,23.9433,32.4834,41.2882,25.7594,42.4588,21.9061,20.9034,20.1586,19.4201,20.9034,21.9061,26.0213,53.0102,43.9326,30.5648
1981-02-01 00:00:00,2,19.1753,25.2374,19.4201,18.688,18.688,28.4057,30.8372,22.9195,21.6544,26.547,31.6579,31.9325,24.2008,20.1586,18.4454,17.4825,16.7682,16.2959,15.8267,15.3607,14.6678,14.21,13.9823,13.7556,13.5296,13.3046,13.3046,13.0804,,,
1981-01-01 00:00:00,2,32.4834,24.7179,22.9195,21.9061,20.4062,29.4807,26.2839,23.9433,22.9195,21.6544,25.2374,54.2496,29.4807,33.0365,65.8615,39.5466,30.2929,27.0751,24.9773,31.1102,30.2929,30.0216,26.8107,30.0216,27.6056,25.2374,23.1744,21.4034,20.4062,19.6656,19.1753
1980-12-01 00:00:00,2,16.7682,18.9313,20.1586,17.2436,14.21,13.5296,14.4385,73.1517,29.2111,47.2152,39.8356,38.1086,33.0365,29.4807,24.7179,22.9195,20.1586,18.2036,16.5317,15.1289,17.4825,18.4454,30.8372,29.2111,50.5514,31.1102,28.6736,25.4981,25.7594,38.9699,30.5648
1980-11-01 00:00:00,2,6.81,6.81,6.81,6.6182,6.6182,6.6182,6.6182,9.6197,8.7944,16.2959,49.9409,33.3138,13.9823,11.5363,10.0386,9.4118,9.2049,8.7944,8.3883,10.8885,9.2049,13.7556,13.0804,25.7594,15.1289,12.4132,12.4132,11.9729,13.0804,14.21,
1980-10-01 00:00:00,2,8.7944,8.3883,8.7944,9.2049,10.2496,9.6197,9.2049,9.2049,8.9991,8.1869,9.4118,10.2496,10.6746,8.5908,8.5908,8.3883,8.1869,8.1869,7.9867,7.7876,7.7876,7.3929,7.1974,7.1974,7.1974,7.1974,7.0031,7.0031,6.81,6.81,6.81
