DataHora,NivelConsistencia,Vazao01,Vazao02,Vazao03,Vazao04,Vazao05,Vazao06,Vazao07,Vazao08,Vazao09,Vazao10,Vazao11,Vazao12,Vazao13,Vazao14,Vazao15,Vazao16,Vazao17,Vazao18,Vazao19,Vazao20,Vazao21,Vazao22,Vazao23,Vazao24,Vazao25,Vazao26,Vazao27,Vazao28,Vazao29,Vazao30,Vazao31
2023-04-01 00:00:00,2,16.1927,14.5148,12.7072,14.5148,17.0776,17.0776,26.9157,35.8476,30.2869,25.7183,24.5567,24.1773,29.4194,36.3392,38.8638,32.072,31.171,26.5126,23.0623,21.9818,19.5916,19.2649,18.6221,18.6221,18.6221,17.6848,18.6221,18.3062,17.0776,16.4842,
2023-03-01 00:00:00,2,22.6983,29.8511,40.4326,36.3392,31.171,28.9919,26.9157,26.5126,24.5567,23.8018,23.4301,23.0623,22.3382,20.9352,20.2561,28.5685,32.072,26.1135,24.1773,22.3382,21.6292,20.2561,19.922,19.2649,18.6221,17.9937,17.3795,17.0776,17.0776,16.7792,16.1927
2023-02-01 00:00:00,2,36.3392,28.9919,40.9647,75.5216,90.0004,64.7997,34.3993,27.734,21.6292,24.1773,29.8511,40.4326,38.3499,44.2542,42.0426,62.1796,82.1312,34.8777,29.4194,32.5289,39.9051,39.3822,36.3392,33.4555,31.171,28.1492,25.3272,21.6292,,,
2023-01-01 00:00:00,2,76.0675,142.28,184.614,181.937,233.567,281.567,149.902,146.715,136.625,91.1379,73.3472,52.9607,48.9048,38.8638,32.5289,30.2869,27.734,39.9051,60.6197,66.9135,77.162,63.7487,72.8059,94.5703,68.5091,53.968,69.5776,57.5275,67.4444,75.5216,43.1391
2022-12-01 00:00:00,2,36.8352,55.9956,77.162,103.864,124.252,82.1312,47.1249,24.94,20.2561,21.6292,29.8511,42.0426,56.5052,56.5052,35.3605,29.4194,24.94,21.6292,19.922,15.62,12.9558,30.7269,62.7016,55.9956,37.8405,99.773,99.773,135.376,87.7351,57.0158,26.5126
2022-11-01 00:00:00,2,19.2649,24.94,21.6292,19.2649,18.3062,14.2469,12.4618,10.1775,12.9558,18.3062,13.4625,15.3387,23.0623,27.3228,43.1391,57.0158,36.3392,36.3392,23.8018,20.9352,15.3387,17.9937,19.5916,14.5148,12.9558,11.9804,10.8309,11.0547,15.3387,18.6221,
2022-10-01 00:00:00,2,8.755,11.7444,9.1471,8.5632,6.6333,12.7072,12.2196,5.8605,4.7517,4.3747,4.2535,4.0179,3.6808,3.4668,3.4668,3.4668,3.3629,3.6808,4.0179,5.8605,6.7955,13.7207,17.3795,15.0607,10.8309,8.188,8.9497,21.9818,15.3387,10.1775,8.9497
2022-09-01 00:00:00,2,5.287,5.287,5.287,5.287,5.287,5.287,5.1496,5.1496,5.1496,5.1496,5.0147,5.0147,5.0147,5.0147,5.0147,5.0147,4.882,4.882,4.882,4.882,4.882,4.882,4.7517,4.7517,4.7517,4.7517,4.7517,4.7517,4.7517,4.7517,
2022-08-01 00:00:00,2,6.0101,6.0101,6.0101,6.0101,5.8605,5.8605,5.8605,5.8605,5.7135,5.7135,5.7135,5.7135,6.7955,7.1277,6.4737,6.1621,6.0101,5.8605,5.7135,5.5689,5.5689,5.5689,5.5689,5.5689,5.5689,5.4267,5.4267,5.4267,5.4267,5.4267,5.4267
2022-07-01 00:00:00,2,8.755,8.755,8.5632,8.5632,8.3742,8.3742,8.188,8.188,8.0045,8.0045,7.8238,7.8238,7.6457,7.4704,7.4704,7.2977,7.2977,7.1277,6.9603,6.7955,6.6333,6.4737,6.4737,6.3166,6.3166,6.3166,6.3166,6.1621,6.1621,6.1621,6.1621
2022-06-01 00:00:00,2,11.5114,11.5114,11.2816,11.2816,11.2816,11.0547,11.0547,11.0547,10.8309,10.8309,10.8309,10.6101,10.6101,10.6101,10.3923,10.3923,10.3923,10.1775,10.1775,9.9656,9.9656,9.9656,9.7566,9.7566,9.5506,9.5506,9.3474,9.3474,9.1471,8.9497,
2022-05-01 00:00:00,2,13.4625,13.4625,13.2076,13.2076,12.7072,12.9558,12.7072,12.7072,12.4618,12.4618,12.4618,12.2196,12.2196,12.2196,13.4625,15.9047,16.7792,15.9047,15.3387,14.7861,14.2469,13.7207,13.2076,12.7072,12.4618,12.2196,12.2196,11.9804,11.9804,11.7444,11.7444
2022-04-01 00:00:00,2,23.0623,21.6292,20.9352,20.5938,26.5126,22.3382,19.2649,18.3062,18.3062,17.0776,16.7792,18.3062,15.9047,15.62,16.7792,18.6221,18.9417,17.3795,16.4842,15.9047,15.62,15.3387,15.0607,14.7861,14.5148,14.2469,13.9822,13.9822,13.7207,13.7207,
2022-03-01 00:00:00,2,20.9352,20.5938,20.2561,19.922,19.5916,19.2649,18.9417,18.6221,18.3062,17.9937,17.6848,17.3795,17.0776,24.5567,26.5126,23.0623,21.2803,20.5938,20.2561,19.5916,19.5916,25.7183,23.0623,21.6292,21.2803,20.9352,20.5938,20.2561,19.922,19.5916,19.2649
2022-02-01 00:00:00,2,152.462,168.033,208.414,162.153,94.5703,63.7487,54.4732,85.4834,87.7351,73.8894,53.968,50.1157,50.7285,45.3883,50.7285,40.4326,34.8777,31.6194,28.1492,27.3228,26.1135,24.5567,24.94,23.8018,23.0623,22.3382,21.6292,21.2803,,,
2022-01-01 00:00:00,2,47.7134,58.5541,58.5541,65.3267,41.5013,64.7997,139.132,179.935,111.559,149.263,177.938,145.445,91.7079,69.5776,45.3883,37.3356,32.5289,31.171,28.5685,26.9157,26.1135,25.3272,24.5567,23.8018,23.0623,22.3382,21.6292,21.6292,32.072,63.7487,53.4638
2021-12-01 00:00:00,2,23.8018,20.9352,19.922,20.2561,30.2869,30.2869,26.5126,21.6292,17.9937,15.0607,13.9822,13.2076,12.7072,11.7444,11.9804,26.1135,34.8777,29.4194,24.1773,20.2561,17.9937,16.4842,16.7792,22.3382,24.1773,17.9937,22.3382,32.9901,35.3605,42.5885,49.5078
2021-11-01 00:00:00,2,18.3062,17.3795,16.4842,15.3387,14.7861,14.5148,15.62,23.8018,20.5938,16.7792,16.1927,23.8018,54.4732,70.6499,40.4326,31.6194,28.9919,24.1773,22.6983,27.3228,56.5052,46.5412,31.6194,30.2869,26.1135,29.8511,37.8405,32.5289,28.5685,27.734,
2021-10-01 00:00:00,2,4.882,6.0101,7.8238,11.5114,17.9937,13.4625,10.1775,7.6457,6.9603,22.3382,26.1135,33.4555,50.1157,66.3836,36.8352,33.4555,36.8352,29.4194,21.2803,13.7207,12.7072,11.9804,11.5114,11.7444,47.1249,65.3267,36.3392,28.5685,23.0623,22.3382,19.922
2021-09-01 00:00:00,2,5.1496,5.1496,5.1496,5.1496,5.1496,5.1496,5.1496,5.1496,5.1496,5.1496,4.7517,4.7517,4.7517,4.7517,4.7517,4.7517,4.7517,4.7517,4.7517,4.7517,4.7517,4.6238,4.6238,4.6238,4.6238,4.6238,4.7517,4.7517,5.1496,5.4267,
2021-08-01 00:00:00,2,5.7135,5.7135,5.7135,5.7135,5.7135,5.4267,5.4267,5.4267,5.1496,5.1496,5.1496,5.1496,5.4267,5.4267,5.4267,5.4267,5.4267,5.4267,5.4267,5.4267,5.4267,5.4267,5.4267,5.4267,5.4267,5.4267,5.4267,5.4267,5.4267,5.1496,5.1496
2021-07-01 00:00:00,2,6.4737,6.4737,6.4737,6.4737,6.4737,6.0101,6.0101,6.0101,6.0101,6.0101,6.0101,6.0101,6.0101,6.0101,6.0101,6.0101,6.0101,6.0101,6.0101,6.0101,6.0101,5.7135,5.7135,5.7135,5.7135,5.7135,5.7135,5.7135,5.7135,5.7135,5.7135
2021-06-01 00:00:00,2,6.9603,7.1277,7.4704,7.2977,7.4704,7.2977,7.1277,7.8238,7.6457,7.1277,7.1277,7.1277,7.1277,7.1277,7.1277,7.1277,7.1277,6.7955,6.7955,6.7955,6.7955,6.7955,6.7955,6.7955,6.7955,6.4737,6.4737,6.4737,6.4737,6.4737,
2021-05-01 00:00:00,2,8.9497,8.9497,8.755,8.755,8.755,8.5632,8.5632,8.3742,8.3742,8.3742,8.188,8.188,8.188,8.0045,8.0045,8.0045,8.0045,7.8238,7.8238,7.8238,7.6457,7.6457,7.6457,7.4704,7.4704,7.2977,7.2977,7.2977,7.1277,7.1277,7.1277
2021-04-01 00:00:00,2,14.5148,13.9822,13.7207,13.4625,13.2076,12.9558,12.7072,12.4618,12.2196,11.9804,11.5114,11.2816,11.0547,10.8309,10.6101,10.3923,10.3923,10.1775,10.1775,9.9656,9.9656,9.7566,9.7566,9.5506,9.5506,9.3474,9.3474,9.1471,9.1471,8.9497,
2021-03-01 00:00:00,2,28.9919,28.5685,28.1492,26.5126,29.4194,52.9607,72.2655,59.5848,48.9048,41.5013,32.5289,30.2869,28.9919,27.734,27.3228,26.1135,24.94,23.8018,23.0623,22.3382,21.6292,20.9352,20.2561,19.5916,18.9417,17.9937,17.0776,16.4842,15.9047,15.3387,14.7861
2021-02-01 00:00:00,2,31.6194,44.2542,47.7134,35.8476,30.7269,41.5013,72.8059,52.4587,43.6943,38.8638,34.3993,32.5289,29.8511,28.1492,26.1135,25.3272,24.5567,23.8018,23.0623,22.6983,22.6983,21.6292,21.2803,22.3382,30.2869,34.3993,37.3356,31.6194,,,
2021-01-01 00:00:00,2,22.3382,21.6292,20.9352,20.2561,19.5916,18.9417,18.3062,17.3795,17.0776,16.4842,15.9047,15.0607,14.5148,17.0776,32.5289,44.8189,57.0158,44.2542,33.4555,29.4194,26.1135,25.3272,23.8018,23.0623,21.6292,20.5938,18.9417,17.9937,17.3795,15.9047,15.62
2020-12-01 00:00:00,2,15.3584,22.9267,23.6489,27.0836,50.3714,57.8962,36.331,30.3976,27.4842,30.8297,39.3073,62.7016,66.9135,59.5848,70.6499,51.5781,36.331,31.7057,29.9696,28.297,32.5979,64.2737,54.048,40.8535,31.2657,27.4842,25.5194,24.76,24.0156,22.9267,22.5711
2020-11-01 00:00:00,2,8.1131,8.4804,9.6472,8.8584,8.1131,7.582,7.2409,6.91,6.7483,7.4102,11.36,15.9148,20.1824,15.9148,13.5119,12.0502,10.6962,10.6962,15.3584,15.0851,12.2862,10.6962,10.6962,11.36,9.8514,8.1131,8.6681,10.2681,9.4459,8.6681,
2020-10-01 00:00:00,2,4.739,4.739,4.739,4.739,4.6128,4.6128,4.6128,4.6128,4.6128,4.4889,4.4889,4.4889,4.4889,4.4889,5.8302,5.9771,5.5434,5.2661,5.1309,6.4325,6.7483,5.8302,5.8302,5.5434,5.6856,5.5434,5.2661,5.1309,6.1265,6.91,8.1131
2020-09-01 00:00:00,2,5.5434,5.5434,5.5434,5.4036,5.4036,5.4036,5.2661,5.2661,5.2661,5.1309,5.1309,5.1309,4.998,4.998,4.998,4.998,4.8673,4.8673,4.8673,4.8673,4.739,4.739,5.2661,5.1309,4.998,4.998,4.998,4.8673,4.8673,4.8673,
2020-08-01 00:00:00,2,8.4804,8.4804,8.2955,8.2955,8.1131,8.1131,7.9335,7.9335,7.7564,7.582,7.582,7.4102,7.4102,7.2409,7.2409,7.0742,7.0742,6.91,6.7483,6.7483,6.5892,6.5892,6.4325,6.4325,6.2783,6.1265,5.9771,5.8302,5.6856,5.6856,5.5434
2020-07-01 00:00:00,2,10.6962,10.6962,10.6962,10.4807,10.4807,10.4807,10.2681,10.2681,10.2681,10.0583,10.0583,10.0583,10.0583,9.8514,9.8514,9.6472,9.6472,9.6472,9.4459,9.4459,9.4459,9.2473,9.2473,9.2473,9.0515,9.0515,9.0515,8.8584,8.8584,8.6681,8.6681
2020-06-01 00:00:00,2,15.9148,15.635,15.3584,15.3584,15.0851,15.0851,14.815,14.5481,14.5481,14.2843,14.0237,13.7662,13.7662,13.5119,13.2606,13.2606,13.0124,12.7673,12.7673,12.5253,12.5253,12.2862,12.0502,12.0502,11.8172,11.5871,11.36,11.1358,10.9145,10.9145,
2020-05-01 00:00:00,2,22.2191,21.8707,21.5259,21.5259,21.1847,21.1847,20.847,20.847,20.5129,20.1824,19.8553,19.8553,19.5317,19.5317,19.2116,19.2116,18.895,18.895,18.5818,18.272,18.272,17.9656,17.6626,17.6626,17.363,17.0667,16.7738,16.4842,16.1978,15.9148,15.9148
2020-04-01 00:00:00,2,17.6626,16.4842,16.1978,15.9148,19.5317,38.2981,49.1834,37.3061,40.3337,73.8894,45.1701,34.4313,32.5979,32.5979,35.3728,30.8297,28.297,25.5194,24.0156,21.8707,20.1824,24.76,40.3337,33.9668,29.5456,27.8887,26.6868,25.9047,24.3859,22.9267,
2020-03-01 00:00:00,2,27.4842,29.9696,40.8535,37.3061,32.5979,30.3976,27.4842,25.5194,29.9696,38.2981,33.0501,29.9696,27.0836,22.5711,21.1847,19.5317,19.2116,18.5818,17.9656,17.0667,31.2657,58.5541,32.5979,29.5456,26.6868,25.5194,24.0156,22.5711,20.847,19.8553,19.2116
2020-02-01 00:00:00,2,58.5541,69.0429,55.3115,40.3337,57.8962,64.2737,40.3337,62.7016,103.277,86.045,59.0689,38.8005,31.7057,29.5456,27.8887,33.5064,52.1885,46.8627,39.3073,34.4313,30.8297,29.5456,33.5064,62.7016,160.853,151.821,211.176,196.091,299.549,,
2020-01-01 00:00:00,2,28.7093,37.3061,45.7297,50.9724,62.1796,30.8297,39.8183,64.2737,63.2246,34.9,31.7057,27.4842,25.5194,23.286,19.8553,17.0667,37.8,67.9763,63.7487,46.2939,57.8962,91.1379,112.156,135.376,81.0208,60.1017,39.3073,36.331,33.0501,30.8297,29.5456
2019-12-01 00:00:00,2,17.363,32.1498,46.8627,34.4313,28.297,25.5194,20.847,23.6489,18.895,16.1978,14.5481,26.6868,27.0836,27.4842,26.2938,23.286,20.1824,18.272,19.2116,28.297,33.0501,50.9724,64.2737,33.9668,25.9047,23.286,24.0156,32.1498,25.9047,20.5129,22.9267
2019-11-01 00:00:00,2,7.0742,6.5892,6.7483,6.5892,6.5892,6.91,13.2606,15.9148,17.6626,12.7673,11.1358,14.2843,27.0836,19.5317,13.5119,10.6962,10.0583,10.6962,8.4804,7.7564,11.36,17.0667,14.2843,28.297,36.331,29.9696,26.6868,19.2116,16.1978,14.815,
2019-10-01 00:00:00,2,10.0583,10.0583,11.5871,9.2473,8.1131,7.0742,6.5892,6.4325,6.4325,6.2783,5.9771,5.8302,7.4102,9.0515,9.2473,8.2955,7.7564,7.2409,7.0742,6.2783,6.7483,6.7483,6.7483,6.7483,6.5892,7.0742,6.7483,6.5892,7.4102,6.91,6.7483
2019-09-01 00:00:00,2,6.1265,6.1265,6.1265,5.9771,5.9771,5.9771,5.9771,5.8302,5.8302,5.8302,5.6856,5.6856,5.6856,5.6856,6.4325,6.4325,5.9771,5.5434,5.5434,5.4036,5.2661,5.1309,5.1309,5.1309,4.998,5.6856,5.9771,6.7483,6.2783,6.7483,
2019-08-01 00:00:00,2,8.8584,8.6681,8.4804,8.2955,8.1131,7.9335,7.7564,7.582,7.4102,7.2409,7.2409,7.2409,7.0742,7.0742,7.0742,6.91,6.91,6.91,6.91,6.7483,6.7483,6.7483,6.7483,6.7483,6.7483,6.5892,6.5892,6.5892,6.4325,6.4325,6.2783
2019-07-01 00:00:00,2,10.9145,10.9145,10.9145,10.6962,10.6962,10.6962,10.6962,10.4807,10.4807,10.4807,10.2681,10.2681,10.2681,10.2681,10.0583,10.0583,10.0583,10.0583,10.0583,9.8514,9.8514,9.6472,9.6472,9.4459,9.4459,9.4459,9.2473,9.2473,9.2473,9.0515,9.0515
2019-06-01 00:00:00,2,13.0124,12.7673,12.7673,12.7673,12.5253,12.5253,12.2862,12.2862,12.2862,12.0502,12.0502,12.0502,12.0502,11.8172,11.8172,11.8172,11.5871,11.5871,11.5871,11.5871,11.36,11.36,11.36,11.1358,11.1358,11.1358,11.1358,10.9145,10.9145,10.9145,
2019-05-01 00:00:00,2,17.6626,18.895,16.7738,16.4842,15.9148,18.272,21.8707,18.895,17.9656,16.7738,16.1978,15.635,15.0851,15.0851,17.9656,17.363,15.0851,14.5481,14.2843,14.0237,14.0237,13.7662,13.7662,13.7662,13.5119,13.5119,13.5119,13.2606,13.2606,13.2606,13.0124
2019-04-01 00:00:00,2,15.0851,14.5481,14.0237,13.5119,13.2606,13.7662,15.3584,18.272,23.286,19.8553,17.6626,15.635,18.272,30.8297,31.7057,24.3859,27.0836,25.5194,21.5259,17.6626,15.635,15.0851,18.272,16.7738,16.4842,16.1978,15.635,14.815,15.3584,15.0851,
2019-03-01 00:00:00,2,90.0004,102.691,88.8661,69.0429,46.8627,36.331,32.5979,29.9696,28.7093,27.4842,26.6868,26.6868,25.9047,25.5194,24.3859,23.6489,21.8707,21.1847,19.8553,18.5818,17.9656,17.0667,16.4842,16.4842,17.6626,17.0667,16.1978,15.635,15.0851,14.815,15.3584
2019-02-01 00:00:00,2,20.847,22.9267,25.1378,33.9668,34.4313,28.7093,34.4313,42.4389,54.6774,39.8183,30.8297,27.0836,31.2657,38.2981,49.7751,86.045,127.32,124.252,185.956,146.715,102.691,45.7297,32.5979,29.5456,31.2657,40.3337,36.331,31.7057,,,
2019-01-01 00:00:00,2,31.2657,55.9504,61.6586,34.9,28.7093,24.76,21.1847,17.9656,15.0851,13.0124,12.0502,11.5871,11.36,15.9148,12.5253,12.0502,11.5871,11.1358,10.9145,10.9145,10.9145,10.6962,10.6962,10.6962,10.4807,10.4807,29.9696,33.5064,23.286,17.9656,15.635
2018-12-01 00:00:00,2,42.9763,44.0642,52.1885,37.3061,34.4313,41.3776,37.3061,55.3115,36.331,30.3976,29.1255,27.0836,28.7093,27.8887,25.9047,21.8707,20.1824,18.5818,17.0667,15.635,14.2843,14.0237,13.5119,13.2606,14.815,24.0156,33.9668,50.9724,38.8005,50.3714,32.1498
2018-11-01 00:00:00,2,10.2681,11.8172,16.1978,19.8553,16.1978,13.0124,11.5871,33.9668,70.6499,107.399,103.864,62.1796,40.8535,30.3976,24.76,17.6626,13.0124,11.8172,44.0642,89.4328,179.935,92.8504,98.0317,185.956,199.497,90.0004,64.7997,60.6197,57.2427,55.9504,
2018-10-01 00:00:00,2,16.4842,12.7673,8.8584,7.2409,7.4102,7.2409,6.1265,7.7564,8.2955,6.91,7.9335,11.5871,9.6472,9.2473,8.6681,8.2955,7.7564,7.4102,7.7564,6.5892,5.8302,6.1265,5.9771,6.2783,9.0515,16.1978,15.9148,10.4807,9.4459,9.8514,11.8172
2018-09-01 00:00:00,2,4.739,4.739,4.739,4.6128,4.6128,4.6128,4.4889,4.4889,4.4889,4.4889,4.3672,4.3672,4.3672,7.7564,10.9145,8.1131,6.7483,5.6856,5.5434,5.5434,5.4036,5.4036,5.2661,5.2661,5.1309,5.1309,5.1309,5.1309,4.998,4.998,
2018-08-01 00:00:00,2,4.998,6.4325,6.7483,5.4036,5.2661,5.1309,5.1309,5.1309,5.1309,4.998,4.998,4.998,4.998,4.8673,4.8673,4.8673,4.8673,4.8673,5.6856,5.2661,5.2661,5.2661,5.1309,5.1309,5.1309,4.998,4.998,4.998,4.8673,4.8673,4.8673
2018-07-01 00:00:00,2,6.2783,6.2783,6.2783,6.1265,6.1265,6.1265,5.9771,5.9771,5.9771,5.9771,5.8302,5.8302,5.8302,5.6856,5.6856,5.6856,5.5434,5.5434,5.5434,5.5434,5.4036,5.4036,5.4036,5.2661,5.2661,5.2661,5.1309,5.1309,4.998,4.998,4.998
2018-06-01 00:00:00,2,7.4102,7.4102,7.4102,7.4102,7.2409,7.2409,7.2409,7.2409,7.2409,7.0742,7.0742,7.0742,7.0742,7.0742,7.0742,7.0742,6.91,6.91,6.91,6.91,6.91,6.7483,6.7483,6.7483,6.7483,6.5892,6.5892,6.5892,6.4325,6.4325,
2018-05-01 00:00:00,2,8.6681,8.6681,8.4804,8.4804,8.4804,8.2955,8.2955,8.2955,8.2955,8.1131,8.1131,8.1131,8.1131,8.1131,8.1131,8.1131,7.9335,7.9335,10.2681,9.2473,8.6681,8.1131,7.9335,7.9335,7.7564,7.7564,7.7564,7.582,7.582,7.582,7.582
2018-04-01 00:00:00,2,11.36,11.36,11.36,11.1358,10.9145,10.9145,10.6962,10.6962,10.6962,10.4807,10.4807,10.2681,10.2681,12.0502,10.9145,10.6962,10.4807,10.2681,10.0583,10.0583,9.8514,9.8514,9.8514,9.6472,9.6472,9.4459,9.4459,9.2473,9.0515,8.8584,
2018-03-01 00:00:00,2,21.8707,21.1847,20.1824,19.2116,15.0851,15.9148,49.7751,113.353,31.2657,25.9047,19.8553,17.0667,15.3584,14.5481,14.0237,13.5119,13.2606,14.815,22.2191,22.2191,18.272,16.1978,15.0851,14.2843,13.5119,13.0124,12.5253,12.0502,11.8172,11.5871,11.36
2018-02-01 00:00:00,2,31.7057,39.8183,41.9061,41.9061,38.2981,34.9,33.5064,31.7057,29.1255,27.8887,27.0836,25.5194,24.0156,22.5711,21.8707,22.2191,29.9696,33.0501,31.7057,30.3976,29.1255,29.5456,34.4313,35.8498,29.5456,28.297,26.6868,23.6489,,,
2018-01-01 00:00:00,2,59.0689,76.0675,87.7351,71.1875,63.7487,51.5781,41.9061,37.3061,34.9,33.5064,31.7057,38.8005,39.3073,33.9668,31.7057,30.3976,28.297,27.4842,26.2938,24.76,23.286,21.8707,21.1847,28.7093,33.5064,36.8164,37.3061,35.8498,31.2657,31.7057,29.5456
2017-12-01 00:00:00,2,171.979,230.74,176.61,95.1452,56.5942,43.518,77.162,112.754,86.6076,73.3472,63.7487,60.1017,50.9724,42.4389,33.0501,30.8297,31.7057,31.2657,33.5064,49.7751,64.2737,39.3073,32.1498,30.3976,29.5456,29.9696,32.1498,33.9668,37.8,38.2981,35.8498
2017-11-01 00:00:00,2,8.6681,7.7564,7.0742,6.4325,6.1265,6.4325,5.8302,5.5434,5.2661,5.1309,4.998,4.8673,5.2661,6.4325,5.8302,5.5434,5.5434,7.9335,20.847,38.2981,44.0642,110.367,92.2788,62.7016,30.8297,65.3267,82.1312,41.3776,32.1498,39.3073,
2017-10-01 00:00:00,2,7.0742,6.1265,6.4325,8.1131,7.2409,6.4325,5.5434,4.6128,4.2477,4.0151,3.791,3.5753,3.5753,3.5753,3.4705,3.4705,3.4705,3.3678,3.3678,3.3678,3.267,3.267,3.1683,3.1683,19.8553,12.2862,6.7483,5.5434,5.4036,5.8302,7.4102
2017-09-01 00:00:00,2,4.3672,4.3672,4.3672,4.2477,4.2477,4.2477,4.2477,4.1303,4.1303,4.1303,4.0151,4.0151,4.0151,3.902,3.902,3.902,3.902,3.791,3.791,3.791,3.791,3.791,3.791,3.791,3.6821,3.6821,3.5753,3.5753,3.4705,5.2661,
2017-08-01 00:00:00,2,5.4036,5.2661,5.2661,5.2661,5.1309,5.1309,5.1309,5.1309,4.998,4.998,4.998,4.998,4.998,4.8673,4.8673,4.8673,4.8673,4.8673,4.739,4.739,4.739,4.739,4.6128,4.6128,4.4889,4.4889,4.4889,4.4889,4.4889,4.4889,4.4889
2017-07-01 00:00:00,2,6.91,6.7483,6.7483,6.7483,6.5892,6.5892,6.4325,6.4325,6.4325,6.2783,6.2783,6.2783,6.1265,6.1265,6.1265,5.9771,5.9771,5.9771,5.9771,5.8302,5.8302,5.8302,5.8302,5.6856,5.6856,5.6856,5.6856,5.5434,5.5434,5.5434,5.4036
2017-06-01 00:00:00,2,8.4804,8.4804,8.2955,8.2955,8.2955,8.2955,8.1131,8.1131,8.1131,8.1131,7.9335,7.9335,7.9335,10.4807,9.0515,8.6681,8.2955,7.9335,7.9335,7.9335,7.7564,7.7564,7.582,7.582,7.4102,7.4102,7.2409,7.2409,7.0742,7.0742,
2017-05-01 00:00:00,2,10.2681,8.6681,8.6681,8.4804,8.2955,8.1131,8.1131,8.1131,7.9335,7.9335,7.9335,7.9335,7.9335,7.7564,7.4102,7.4102,7.4102,7.2409,29.9696,31.2657,22.5711,13.2606,10.9145,9.8514,9.0515,8.8584,8.8584,8.6681,8.4804,8.4804,8.4804
2017-04-01 00:00:00,2,10.6962,10.2681,9.8514,9.6472,9.4459,9.4459,9.2473,9.0515,9.0515,9.0515,9.0515,8.8584,8.8584,8.8584,8.8584,8.6681,8.6681,8.6681,8.6681,8.4804,8.4804,8.4804,8.2955,8.2955,8.2955,8.1131,8.1131,8.1131,7.9335,12.7673,
2017-03-01 00:00:00,2,48.5963,64.2737,50.3714,41.3776,35.3728,32.1498,29.5456,27.8887,25.9047,23.286,22.9267,22.2191,20.5129,19.2116,18.5818,17.363,17.0667,15.635,21.5259,76.0675,39.8183,29.9696,26.2938,21.8707,18.5818,16.7738,15.635,14.5481,13.5119,12.2862,11.36
2017-02-01 00:00:00,2,73.9603,43.5666,45.7496,86.5435,84.3626,78.8104,67.9763,50.3714,39.3073,33.9668,29.5456,22.2191,18.5818,16.1978,15.0851,14.5481,14.0237,13.5119,13.0124,12.5253,12.5253,12.0502,12.0502,11.8172,14.815,36.8164,30.3976,26.2938,,,
2017-01-01 00:00:00,2,12.704,12.2486,11.8025,11.3658,10.9383,10.5201,10.3145,9.91,9.7112,22.8736,42.705,48.4233,61.6583,76.0937,61.1646,39.7419,41.85,31.3153,23.8474,24.5094,28.3348,53.0083,53.0083,43.5666,33.264,30.1778,32.0868,53.4756,34.4599,29.4327,26.9074
2016-12-01 00:00:00,2,14.8707,20.6901,27.6159,45.3098,53.0083,35.2535,38.0858,25.8642,33.6618,66.1703,78.2504,64.6527,39.3253,33.264,44.4349,75.5581,46.1912,32.0868,28.6981,20.9944,20.0889,18.3451,16.96,16.4231,15.896,15.3785,15.3785,14.6204,14.1271,12.9353,13.4049
2016-11-01 00:00:00,2,5.3221,9.7112,22.2371,22.2371,14.1271,11.1509,9.91,8.0236,8.566,13.4049,16.96,13.6432,16.4231,29.804,33.264,37.268,32.0868,27.2603,20.0889,15.1234,12.4751,10.5201,10.1111,9.5147,9.3204,8.9387,9.3204,12.0244,12.9353,10.5201,
2016-10-01 00:00:00,2,4.2632,4.2632,4.2632,13.4049,12.704,7.6731,6.5156,6.2045,5.9018,5.6078,5.3221,5.0449,4.9095,5.0449,6.9986,10.5201,8.7512,8.2022,7.164,6.5156,6.0521,5.9018,7.164,7.5012,7.5012,8.3829,6.6745,6.359,5.9018,5.6078,5.3221
2016-09-01 00:00:00,2,5.0449,5.0449,5.0449,5.0449,4.9095,4.9095,4.9095,4.9095,4.9095,4.9095,4.7761,4.7761,4.7761,4.7761,4.6448,4.6448,4.6448,4.6448,4.6448,4.5155,4.5155,4.5155,4.5155,4.5155,4.7761,4.5155,4.3883,4.3883,4.3883,4.3883,
2016-08-01 00:00:00,2,5.9018,5.9018,5.7537,5.7537,5.7537,5.7537,5.7537,5.6078,5.6078,5.6078,5.6078,5.6078,5.4639,5.4639,5.4639,6.0521,5.6078,5.4639,5.4639,5.3221,5.3221,5.3221,5.3221,5.3221,5.3221,5.1825,5.1825,5.1825,5.1825,5.1825,5.1825
2016-07-01 00:00:00,2,6.9986,6.9986,6.8355,6.8355,6.6745,6.6745,6.6745,6.6745,6.6745,6.5156,6.5156,6.5156,6.5156,6.5156,6.5156,6.359,6.359,6.359,6.359,6.359,6.2045,6.2045,6.2045,6.2045,6.0521,6.0521,6.0521,6.0521,6.0521,6.0521,6.0521
2016-06-01 00:00:00,2,9.91,12.0244,15.636,20.3882,20.9944,17.2321,14.1271,12.4751,10.5201,9.5147,9.5147,9.3204,9.1284,8.9387,8.7512,8.566,8.566,8.566,8.566,8.566,8.3829,8.3829,8.3829,8.3829,8.3829,8.3829,8.3829,8.3829,8.0236,6.9986,
2016-05-01 00:00:00,2,11.583,11.583,11.583,11.583,11.3658,11.3658,11.3658,11.1509,11.1509,11.1509,10.9383,10.9383,10.7281,10.7281,10.7281,10.5201,10.5201,10.5201,10.3145,10.3145,10.3145,10.1111,10.1111,10.1111,9.91,9.91,9.7112,9.7112,9.5147,9.5147,9.3204
2016-04-01 00:00:00,2,15.896,15.636,15.3785,15.1234,14.8707,14.6204,14.3726,14.1271,13.8839,13.6432,13.4049,13.1689,12.9353,12.9353,12.9353,12.9353,12.704,12.704,12.704,12.704,12.4751,12.4751,12.4751,12.2486,12.2486,12.2486,12.0244,12.0244,11.8025,11.8025,
2016-03-01 00:00:00,2,46.1912,45.3098,43.5666,42.2767,15.896,16.96,20.3882,23.5202,31.3153,39.3253,39.7419,70.2833,173.315,69.764,35.2535,27.2603,24.8442,23.1956,21.6107,20.0889,18.9165,17.7837,17.2321,16.1583,16.6904,25.5216,20.6901,18.6296,17.5067,16.6904,16.1583
2016-02-01 00:00:00,2,29.4327,27.6159,26.5571,25.1816,23.1956,21.3013,21.9226,32.4765,25.8642,22.554,19.792,18.6296,16.6904,16.96,16.6904,16.1583,15.896,15.636,15.3785,14.8707,16.4231,23.1956,29.804,36.457,31.6997,27.2603,27.6159,37.676,26.9074,,
2016-01-01 00:00:00,2,56.3122,43.135,38.0858,35.2535,32.8689,30.5543,29.0641,38.4972,64.1498,47.5256,53.4756,75.024,81.529,73.9603,104.684,105.292,75.024,53.9444,43.135,39.7419,87.1078,36.0541,34.0622,31.6997,30.5543,31.3153,47.5256,52.0785,53.4756,41.0017,32.4765
2015-12-01 00:00:00,2,39.3253,38.0858,52.5426,53.9444,78.7932,69.764,71.8503,99.876,67.7015,48.8746,39.7419,36.457,32.4765,30.5543,29.0641,27.6159,26.5571,25.5216,25.1816,29.804,63.1487,62.1536,44.8715,37.676,43.9999,40.1601,41.0017,72.3756,114.561,63.1487,52.5426
2015-11-01 00:00:00,2,21.6107,26.9074,30.1778,23.5202,19.2058,10.5201,9.1284,7.6731,6.8355,5.9018,6.0521,5.9018,5.7537,7.3315,13.8839,22.554,30.1778,39.7419,35.6529,35.2535,45.7496,35.2535,25.8642,22.554,20.0889,17.7837,19.792,29.4327,36.0541,38.4972,
2015-10-01 00:00:00,2,5.4639,5.4639,5.3221,5.3221,5.3221,5.1825,5.1825,5.1825,5.1825,5.0449,5.0449,5.0449,4.9095,4.9095,4.9095,4.7761,4.7761,4.7761,4.6448,4.6448,4.6448,4.5155,4.5155,4.5155,4.3883,4.3883,5.9018,6.0521,5.4639,5.0449,5.0449
2015-09-01 00:00:00,2,5.4639,5.3221,5.1825,5.1825,5.1825,5.1825,27.974,29.804,26.2093,21.6107,18.0632,13.4049,9.7112,8.2022,7.6731,7.164,6.6745,6.359,6.2045,6.359,6.0521,6.0521,5.9018,5.9018,5.7537,5.6078,5.6078,5.6078,5.4639,5.4639,
2015-08-01 00:00:00,2,7.164,6.9986,6.9986,6.9986,6.8355,6.8355,6.8355,6.6745,6.6745,6.6745,6.5156,6.5156,6.5156,6.5156,6.359,6.2045,6.0521,6.0521,6.0521,6.0521,5.9018,5.9018,5.9018,5.9018,5.9018,5.7537,5.6078,5.6078,5.4639,5.4639,5.4639
2015-07-01 00:00:00,2,9.5147,9.3204,9.1284,9.1284,8.9387,8.7512,8.7512,8.7512,8.566,8.566,8.3829,8.3829,8.3829,8.2022,8.2022,8.2022,8.0236,8.0236,8.0236,7.8473,7.8473,7.8473,7.6731,7.6731,7.6731,7.5012,7.5012,7.3315,7.3315,7.164,7.164
2015-06-01 00:00:00,2,11.583,13.8839,12.4751,11.8025,11.583,11.583,11.583,11.3658,11.3658,11.1509,11.1509,11.1509,10.9383,10.9383,10.7281,10.7281,10.7281,10.7281,11.1509,10.7281,12.0244,14.8707,12.4751,11.3658,10.7281,10.5201,10.3145,10.1111,9.91,9.7112,
2015-05-01 00:00:00,2,14.8707,14.6204,14.3726,20.6901,49.3275,28.6981,25.1816,26.9074,30.9335,32.4765,41.425,30.5543,26.9074,23.8474,20.9944,18.0632,16.6904,15.636,14.6204,13.8839,13.8839,13.8839,12.9353,12.704,12.4751,12.2486,12.2486,12.2486,12.0244,11.8025,11.8025
2015-04-01 00:00:00,2,23.1956,22.554,21.6107,21.3013,32.4765,57.7517,33.6618,27.2603,25.5216,23.8474,23.1956,21.9226,21.3013,20.6901,20.0889,18.9165,18.3451,20.3882,29.0641,26.2093,24.5094,22.2371,20.9944,19.792,18.6296,18.3451,16.96,15.636,15.3785,14.8707,
2015-03-01 00:00:00,2,24.8442,23.1956,20.9944,19.792,22.8736,40.5801,53.9444,38.4972,65.157,108.963,71.3265,47.0792,42.2767,33.264,27.974,27.974,49.3275,72.9023,75.024,51.1551,35.6529,36.457,29.0641,28.6981,30.5543,34.8558,42.705,40.5801,30.9335,26.9074,25.5216
2015-02-01 00:00:00,2,8.7512,9.7112,13.6432,22.8736,29.804,43.5666,60.1818,31.3153,26.9074,25.5216,44.4349,32.4765,27.6159,22.8736,27.2603,46.1912,42.2767,72.3756,80.979,46.1912,29.804,26.5571,23.8474,21.6107,22.8736,59.2051,34.4599,29.4327,,,
2015-01-01 00:00:00,2,18.0632,12.4751,13.4049,25.1816,24.1771,20.9944,13.8839,11.583,10.5201,9.5147,9.3204,9.1284,8.9387,8.7512,8.566,8.3829,8.2022,8.0236,7.8473,7.8473,7.6731,9.1284,30.1778,25.1816,17.5067,29.0641,22.8736,18.6296,7.3315,5.9018,6.9986
2014-12-01 00:00:00,2,21.1317,15.0133,14.756,22.122,23.8406,20.1713,17.1808,18.3387,29.5256,35.129,27.5403,24.5522,20.8082,18.0445,19.2404,25.646,21.1317,18.3387,15.8034,14.5016,15.537,30.7614,36.5155,24.5522,23.8406,19.2404,16.3451,15.2737,13.2733,14.0016,13.0363
2014-11-01 00:00:00,2,6.7048,6.4068,6.1178,5.7009,5.3033,5.175,4.9246,5.7009,5.3033,5.0488,4.8025,4.5644,4.4484,4.4484,4.3343,4.2223,4.1121,4.0039,4.0039,3.8976,3.8976,3.7932,3.6907,4.3343,5.175,10.0083,20.8082,30.7614,58.6248,98.6113,
2014-10-01 00:00:00,2,3.2991,3.2991,3.2057,3.2057,3.2057,3.1142,3.1142,3.0243,3.0243,3.0243,3.0243,3.0243,3.0243,2.9363,2.9363,2.9363,2.9363,2.8499,2.8499,2.8499,4.2223,4.1121,3.8976,3.5901,3.3943,4.4484,6.8572,5.8377,5.7009,8.1601,7.3281
2014-09-01 00:00:00,2,4.4484,4.3343,4.3343,4.3343,4.2223,4.2223,4.2223,4.1121,4.1121,4.1121,4.0039,4.0039,3.8976,3.8976,3.7932,3.7932,3.7932,3.6907,3.6907,3.6907,3.5901,3.5901,3.5901,3.4913,3.4913,3.4913,3.3943,3.3943,3.3943,3.2991,
2014-08-01 00:00:00,2,5.3033,5.3033,5.175,5.175,5.175,5.175,5.175,5.0488,5.0488,5.0488,5.0488,4.9246,4.9246,4.9246,4.9246,4.9246,4.9246,4.9246,4.8025,4.8025,4.8025,4.6825,4.8025,4.6825,4.6825,4.6825,4.5644,4.5644,4.5644,4.4484,4.8025
2014-07-01 00:00:00,2,5.9767,5.9767,5.9767,5.8377,5.8377,5.8377,5.8377,5.7009,5.7009,5.7009,5.7009,5.7009,5.7009,5.7009,5.5662,5.5662,5.4337,5.4337,5.4337,5.4337,5.3033,5.3033,5.3033,5.7009,5.7009,5.5662,5.4337,5.4337,5.3033,5.3033,5.3033
2014-06-01 00:00:00,2,7.1688,7.1688,7.1688,7.1688,7.0118,7.0118,7.0118,7.3281,7.3281,7.0118,6.7048,6.7048,6.7048,6.5547,6.5547,6.5547,6.5547,6.5547,6.4068,6.4068,6.4068,6.4068,6.4068,6.2612,6.2612,6.2612,6.1178,6.1178,5.9767,5.9767,
2014-05-01 00:00:00,2,9.2388,8.8693,8.6883,8.6883,8.6883,8.6883,8.5098,8.5098,8.5098,8.3337,8.3337,7.9889,7.9889,7.9889,7.9889,7.8201,7.8201,7.6537,7.6537,7.6537,7.4897,7.4897,7.4897,7.4897,7.4897,7.4897,7.3281,7.3281,7.3281,7.3281,7.3281
2014-04-01 00:00:00,2,9.0528,12.8021,20.4881,15.8034,11.6732,10.4086,9.6184,9.6184,12.3422,10.0083,10.4086,9.8121,9.2388,9.8121,10.0083,10.8194,28.3234,18.6361,13.0363,10.4086,15.2737,27.1542,20.1713,18.3387,12.5707,11.6732,10.8194,10.0083,9.4273,9.2388,
2014-03-01 00:00:00,2,8.6883,10.4086,12.1164,10.0083,9.6184,9.4273,9.4273,9.4273,9.2388,9.2388,9.0528,8.8693,8.6883,8.5098,8.5098,8.3337,8.3337,8.1601,7.9889,7.9889,23.1429,21.7885,12.5707,12.1164,10.2071,9.8121,9.6184,9.4273,9.2388,9.2388,9.2388
2014-02-01 00:00:00,2,9.4273,9.0528,8.6883,8.6883,8.5098,8.5098,8.3337,8.3337,8.1601,8.1601,7.9889,7.8201,7.8201,7.8201,7.6537,7.6537,7.4897,9.4273,11.6732,10.6127,9.8121,9.6184,9.0528,8.8693,8.8693,8.6883,8.5098,8.3337,,,
2014-01-01 00:00:00,2,23.8406,22.7992,22.122,21.4584,20.8082,20.1713,19.5475,18.9367,18.3387,17.7535,17.1808,16.6206,16.0727,15.537,15.0133,14.5016,23.8406,23.1429,20.1713,16.8992,14.756,18.3387,16.0727,14.0016,12.5707,13.0363,12.8021,12.3422,11.2409,10.4086,9.8121
2013-12-01 00:00:00,2,97.4528,70.2277,34.2244,28.3234,25.2779,22.7992,21.4584,20.1713,18.6361,17.7535,22.7992,20.8082,19.5475,18.3387,17.1808,15.537,14.2501,14.0016,13.5132,13.2733,12.8021,12.5707,12.3422,11.8934,11.6732,11.4557,28.3234,32.0312,26.7718,37.938,26.7718
2013-11-01 00:00:00,2,8.6883,6.8572,6.8572,6.8572,6.8572,6.8572,6.8572,7.0118,10.4086,10.0083,8.6883,8.5098,9.4273,8.5098,7.8201,7.4897,7.3281,7.3281,7.3281,7.3281,7.1688,7.3281,15.2737,36.9856,29.9338,87.7351,37.938,24.5522,32.4621,35.129,
2013-10-01 00:00:00,2,6.2612,7.4897,6.8572,6.7048,6.5547,6.4068,6.2612,6.2612,6.1178,6.1178,5.8377,5.7009,5.5662,5.5662,5.5662,29.9338,35.5872,19.8577,16.0727,12.8021,11.0288,9.6184,9.0528,8.6883,8.5098,7.9889,7.0118,6.8572,6.7048,7.0118,7.3281
2013-09-01 00:00:00,2,6.1178,6.1178,6.1178,6.1178,5.9767,5.9767,5.8377,5.8377,5.7009,5.7009,6.4068,6.2612,6.1178,6.1178,5.9767,5.8377,5.7009,5.7009,5.7009,5.5662,5.5662,14.2501,7.3281,5.8377,5.5662,5.4337,5.3033,5.3033,6.5547,6.1178,
2013-08-01 00:00:00,2,7.6537,7.6537,7.4897,7.4897,7.4897,7.3281,7.3281,7.3281,7.1688,7.1688,7.1688,7.0118,7.0118,7.0118,6.8572,6.8572,6.8572,6.7048,6.7048,6.7048,6.5547,6.5547,6.4068,6.4068,6.4068,6.2612,6.2612,6.2612,6.2612,6.1178,6.1178
2013-07-01 00:00:00,2,9.2388,9.2388,9.2388,9.2388,9.0528,9.0528,8.8693,8.8693,8.8693,8.8693,8.6883,8.6883,8.6883,8.5098,8.5098,8.5098,8.5098,8.3337,8.3337,8.3337,8.1601,8.1601,8.1601,7.9889,7.9889,7.9889,7.8201,7.8201,7.8201,7.8201,7.8201
2013-06-01 00:00:00,2,22.7992,19.5475,14.5016,12.8021,11.4557,11.0288,10.8194,10.8194,10.8194,11.2409,11.4557,11.6732,11.4557,11.2409,11.0288,10.8194,10.6127,10.4086,10.2071,10.0083,9.8121,9.8121,9.8121,9.6184,9.6184,9.6184,9.4273,9.4273,9.4273,9.4273,
2013-05-01 00:00:00,2,14.756,14.5016,14.2501,14.0016,13.7559,13.5132,13.2733,13.0363,12.8021,12.5707,12.3422,12.3422,12.1164,12.1164,11.8934,11.8934,11.6732,11.6732,11.4557,11.4557,11.4557,11.2409,11.2409,11.0288,11.0288,10.8194,10.8194,10.8194,10.6127,10.6127,10.6127
2013-04-01 00:00:00,2,21.7885,25.2779,25.646,30.3457,25.2779,23.1429,27.93,27.5403,24.9133,24.9133,26.7718,27.5403,23.49,22.4589,22.122,21.4584,21.1317,20.8082,20.4881,19.8577,19.2404,18.6361,18.0445,17.4656,17.1808,16.6206,16.0727,15.537,15.0133,14.756,
2013-03-01 00:00:00,2,41.3999,26.7718,31.1809,58.6248,32.0312,69.5062,59.9179,32.8969,27.5403,27.1542,21.1317,21.4584,21.1317,20.1713,19.2404,21.4584,30.7614,33.3355,24.9133,23.49,38.4203,27.93,24.1947,21.1317,23.8406,20.8082,21.1317,23.49,23.1429,21.4584,20.1713
2013-02-01 00:00:00,2,79.3617,165.414,53.6382,28.3234,31.1809,64.5935,28.7204,29.9338,27.1542,25.2779,24.5522,23.49,21.7885,21.4584,20.1713,19.2404,18.3387,17.1808,16.0727,16.0727,15.8034,15.2737,15.0133,14.0016,13.5132,13.0363,12.1164,11.8934,,,
2013-01-01 00:00:00,2,13.0363,13.0363,12.5707,13.2733,33.3355,48.9428,32.0312,23.8406,121.81,76.1804,209.104,118.168,68.7897,52.4374,65.2807,53.6382,30.3457,25.2779,22.122,31.6042,26.3929,21.4584,19.5475,16.8992,24.1947,41.3999,76.1804,36.9856,79.3617,172.639,83.8034
2012-12-01 00:00:00,2,18.0445,15.8034,14.2501,12.5707,11.6732,10.8194,10.6127,10.2071,10.8194,12.3422,14.2501,15.2737,17.1808,18.6361,77.7106,48.9428,33.778,28.7204,24.9133,20.4881,17.7535,16.6206,15.8034,15.0133,14.5016,14.0016,13.5132,13.2733,12.5707,12.5707,12.3422
2012-11-01 00:00:00,2,5.0488,4.9246,4.9246,5.4337,5.4337,5.3033,5.3033,11.2409,5.9767,21.1317,18.6361,18.9367,22.4589,17.1808,18.3387,7.3281,6.8572,43.9975,31.6042,21.1317,14.5016,11.8934,24.1947,12.8021,9.2388,7.6537,10.0083,15.0133,14.0016,27.1542,
2012-10-01 00:00:00,2,5.3033,5.3033,5.3033,5.175,5.175,5.175,5.0488,5.0488,4.9246,4.9246,4.9246,4.8025,4.8025,4.8025,4.8025,4.8025,4.8025,5.0488,5.175,5.3033,5.5662,5.7009,5.5662,5.4337,5.3033,5.3033,5.175,5.175,5.175,5.0488,5.0488
2012-09-01 00:00:00,2,6.4068,6.4068,6.4068,6.4068,6.2612,6.2612,6.2612,6.2612,6.1178,6.1178,6.1178,6.1178,6.1178,5.9767,5.9767,5.9767,5.9767,5.8377,5.8377,5.8377,5.7009,5.7009,5.7009,5.5662,5.5662,5.4337,5.4337,5.3033,5.3033,5.3033,
2012-08-01 00:00:00,2,7.6537,7.6537,7.6537,7.6537,7.4897,7.4897,7.4897,7.4897,7.3281,7.3281,7.3281,7.3281,7.1688,7.1688,7.1688,7.1688,7.0118,7.0118,7.0118,7.0118,6.8572,6.8572,6.8572,6.7048,6.7048,6.7048,6.7048,6.7048,6.5547,6.5547,6.5547
2012-07-01 00:00:00,2,10.6127,10.4086,10.2071,10.0083,10.0083,9.8121,9.8121,9.6184,9.6184,9.6184,9.4273,9.4273,9.2388,9.0528,9.0528,8.8693,8.8693,8.6883,8.8693,8.6883,8.5098,8.3337,8.3337,8.3337,7.9889,7.9889,7.9889,7.9889,7.8201,7.8201,7.8201
2012-06-01 00:00:00,2,11.4557,11.8934,13.2733,13.2733,14.0016,15.8034,14.0016,12.5707,12.1164,11.8934,11.6732,11.6732,11.4557,11.2409,11.0288,10.8194,10.6127,10.4086,10.2071,10.2071,10.2071,15.8034,15.537,13.2733,12.1164,11.6732,11.4557,11.2409,11.0288,10.8194,
2012-05-01 00:00:00,2,12.3422,12.3422,12.1164,11.8934,11.8934,11.8934,11.6732,11.4557,11.2409,11.2409,11.0288,11.0288,10.8194,10.8194,10.6127,11.6732,11.2409,11.0288,10.8194,10.8194,10.6127,10.6127,10.4086,10.4086,10.4086,10.4086,17.1808,15.0133,13.0363,12.3422,11.8934
2012-04-01 00:00:00,2,20.8082,18.3387,15.537,17.7535,17.4656,16.6206,16.3451,15.8034,15.2737,15.0133,14.756,14.5016,14.2501,14.0016,13.7559,13.2733,13.0363,12.8021,12.5707,12.3422,12.3422,12.3422,12.3422,12.1164,11.8934,14.5016,13.0363,12.5707,12.5707,12.3422,
2012-03-01 00:00:00,2,18.9367,18.3387,18.0445,17.7535,17.4656,18.3387,21.1317,33.778,24.1947,41.3999,45.607,36.9856,32.0312,24.5522,33.778,31.6042,59.269,32.4621,27.1542,24.9133,23.49,29.5256,31.1809,38.4203,40.3902,28.7204,27.1542,24.1947,22.7992,22.122,21.7885
2012-02-01 00:00:00,2,83.2452,157.614,121.201,73.9103,67.3714,59.9179,56.0946,53.6382,50.67,45.607,43.9975,40.893,39.397,38.4203,36.9856,35.5872,34.2244,31.1809,27.1542,23.8406,23.49,23.1429,22.122,21.4584,21.4584,21.1317,20.4881,19.8577,19.5475,,
2012-01-01 00:00:00,2,76.6143,141.649,107.992,204.287,113.353,63.2337,43.9975,42.4263,212.56,606.858,255.407,198.814,373.703,286.022,156.968,175.284,120.593,85.4834,93.4229,82.6878,76.6143,73.1637,79.3617,100.355,145.445,262.286,57.3504,74.6619,67.3714,53.0356,48.3759
2011-12-01 00:00:00,2,39.8915,41.3999,30.7614,29.5256,32.4621,27.5403,26.3929,25.646,24.9133,23.49,19.5475,17.7535,14.756,14.2501,13.7559,13.5132,13.0363,12.5707,19.5475,25.2779,24.5522,33.778,26.7718,40.893,68.7897,67.3714,44.5297,32.0312,33.778,45.0662,30.3457
2011-11-01 00:00:00,2,6.4068,6.4068,6.4068,6.2612,6.2612,6.2612,6.7048,6.5547,6.4068,6.4068,6.4068,6.2612,11.8934,8.5098,7.3281,6.7048,6.7048,6.7048,6.5547,6.5547,6.5547,6.4068,7.1688,9.6184,11.6732,18.6361,22.122,14.756,14.756,15.2737,
2011-10-01 00:00:00,2,5.5662,5.5662,5.5662,7.9889,6.5547,6.4068,6.2612,6.2612,6.1178,6.1178,10.4086,7.3281,7.0118,9.2388,13.0363,10.6127,9.6184,8.1601,7.6537,7.4897,7.0118,6.8572,6.7048,7.3281,7.4897,7.0118,6.5547,8.6883,6.8572,6.4068,6.4068
2011-09-01 00:00:00,2,6.8572,6.8572,6.7048,5.9767,6.5547,6.5547,6.5547,6.4068,6.4068,6.2612,6.2612,6.2612,6.1178,6.1178,5.9767,9.2388,6.4068,6.1178,6.1178,5.9767,5.9767,5.9767,5.8377,5.8377,5.8377,5.8377,5.8377,5.7009,5.7009,5.7009,
2011-08-01 00:00:00,2,9.4273,9.4273,9.2388,9.2388,9.2388,9.0528,9.0528,9.0528,8.8693,8.8693,8.6883,8.5098,8.3337,8.3337,8.1601,8.1601,7.9889,7.9889,7.8201,7.8201,7.6537,7.6537,7.4897,7.4897,7.3281,7.3281,7.1688,7.1688,7.0118,7.0118,6.8572
2011-07-01 00:00:00,2,11.6732,11.6732,11.4557,11.4557,11.2409,11.2409,11.0288,11.0288,11.0288,10.8194,10.8194,10.8194,10.6127,10.6127,10.6127,10.4086,10.4086,10.4086,10.2071,10.2071,10.2071,10.0083,10.0083,10.0083,9.8121,9.8121,9.8121,9.6184,9.6184,9.6184,9.4273
2011-06-01 00:00:00,2,14.0016,14.0016,14.0016,13.7559,13.7559,13.7559,13.5132,13.5132,13.2733,13.2733,13.0363,13.0363,18.0445,15.0133,14.0016,13.7559,13.5132,13.2733,13.0363,13.0363,12.8021,12.8021,12.5707,12.5707,12.3422,12.3422,12.1164,12.1164,11.8934,11.8934,
2011-05-01 00:00:00,2,23.1429,21.4584,19.5475,18.3387,17.7535,17.4656,17.1808,17.1808,16.8992,16.6206,16.3451,16.0727,16.0727,15.8034,15.8034,15.537,15.537,15.2737,15.2737,15.2737,15.0133,15.0133,15.0133,14.756,14.756,14.756,14.5016,14.5016,14.2501,14.2501,14.2501
2011-04-01 00:00:00,2,28.3234,27.5403,84.3626,82.6878,78.26,40.893,30.7614,27.1542,57.9853,35.5872,29.5256,27.93,26.7718,26.0177,25.2779,24.5522,23.8406,23.1429,22.4589,21.7885,21.1317,20.4881,20.1713,19.8577,19.5475,24.9133,30.7614,28.7204,27.93,26.0177,
2011-03-01 00:00:00,2,42.4263,34.2244,86.045,91.1379,147.351,170.003,249.975,261.422,190.67,90.0004,92.8504,61.8931,107.992,95.7209,65.9727,80.4669,57.3504,84.3626,68.7897,63.2337,53.0356,50.0898,46.1521,36.0493,30.7614,27.93,26.3929,35.129,38.9066,32.4621,29.1212
2011-02-01 00:00:00,2,23.49,24.1947,23.49,23.1429,22.7992,22.4589,22.122,21.7885,22.7992,21.7885,21.4584,21.1317,20.8082,20.4881,20.1713,19.8577,48.9428,29.9338,84.3626,32.0312,27.1542,24.5522,29.5256,30.7614,28.7204,48.9428,61.8931,62.561,,,
2011-01-01 00:00:00,2,114.552,73.1637,61.23,120.593,190.67,249.256,234.983,115.153,61.23,44.5297,52.4374,46.1521,32.8969,38.9066,40.3902,32.4621,28.3234,26.0177,24.9133,24.1947,23.49,23.1429,22.4589,22.122,21.7885,21.4584,21.1317,20.8082,20.4881,20.1713,19.8577
2010-12-01 00:00:00,2,195.411,28.3234,27.1542,27.1542,24.1947,27.93,31.6042,21.4584,19.5475,17.1808,16.3451,15.8034,15.2737,14.5016,14.5016,14.0016,13.5132,13.2733,15.2737,17.7535,15.8034,16.0727,79.9138,63.9112,27.5403,24.9133,33.3355,33.778,48.3759,30.3457,56.7202
2010-11-01 00:00:00,2,59.2051,25.6206,17.4984,16.9473,15.8759,23.9179,64.1498,36.4471,25.2746,20.4097,18.6316,17.4984,20.4097,17.4984,18.0598,81.529,50.2381,26.6752,23.2558,19.8065,21.6479,32.7242,26.3209,34.35,27.7547,23.5855,23.9179,21.0235,27.3921,45.7497,
2010-10-01 00:00:00,2,6.353,8.7265,12.6716,10.6961,16.1399,14.0982,11.55,8.5424,7.8284,8.913,7.6555,6.8249,6.5081,6.353,6.5081,6.8249,7.1505,6.5081,6.9866,6.6654,6.353,6.0493,6.0493,5.9007,5.9007,6.353,7.6555,6.9866,6.5081,6.2001,6.6654
2010-09-01 00:00:00,2,4.7886,4.7886,4.6591,4.6591,4.6591,4.5316,4.5316,4.5316,4.4062,4.4062,4.4062,4.4062,4.2828,4.2828,4.2828,4.1614,4.1614,4.2828,4.1614,4.1614,4.1614,4.1614,4.0421,4.0421,4.1614,4.1614,4.5316,7.4849,7.6555,6.2001,
2010-08-01 00:00:00,2,6.0493,6.0493,5.7543,5.7543,5.7543,5.61,5.61,5.61,5.4678,5.4678,5.4678,5.4678,5.4678,5.3278,5.3278,5.3278,5.3278,5.1898,5.1898,5.1898,5.1898,5.1898,5.1898,5.054,5.054,5.054,5.054,4.9203,4.9203,4.9203,4.9203
2010-07-01 00:00:00,2,7.6555,7.6555,7.6555,7.4849,7.4849,7.4849,7.3166,7.3166,7.3166,7.1505,7.1505,7.1505,6.9866,6.9866,6.9866,6.8249,6.8249,6.8249,6.6654,6.6654,6.6654,6.5081,6.5081,6.5081,6.353,6.353,6.353,6.2001,6.2001,6.2001,6.0493
2010-06-01 00:00:00,2,9.2929,9.2929,9.1018,9.1018,8.913,8.913,8.913,8.7265,8.7265,8.5424,8.5424,8.5424,8.5424,8.3604,8.3604,8.3604,8.3604,8.1808,8.1808,8.1808,8.1808,8.0035,8.0035,8.0035,8.0035,7.8284,7.8284,7.8284,7.8284,7.8284,
2010-05-01 00:00:00,2,11.9914,11.9914,11.7695,11.7695,11.55,11.55,11.333,11.1183,11.1183,11.1183,10.906,11.333,11.1183,10.906,10.6961,10.4886,10.2835,10.2835,10.0807,10.0807,9.8802,9.8802,9.6821,9.6821,9.4864,10.2835,10.0807,9.8802,9.6821,9.4864,9.4864
2010-04-01 00:00:00,2,18.6316,21.6479,23.5855,26.3209,23.9179,20.1068,20.4097,19.5088,17.2216,15.8759,15.6144,15.3554,14.5936,14.3446,14.0982,14.0982,14.0982,13.6128,13.1373,12.9032,12.9032,12.6716,12.6716,12.4424,12.2157,11.9914,11.7695,11.7695,11.7695,11.7695,
2010-03-01 00:00:00,2,154.572,112.683,133.99,122.191,110.198,56.3122,38.6172,33.1263,30.7563,29.6096,28.4883,25.6206,24.9313,25.6206,25.9694,23.5855,23.5855,21.9641,20.7153,19.8065,21.3344,22.283,25.9694,23.2558,21.3344,19.8065,18.0598,16.6756,16.4065,18.6316,19.2138
2010-02-01 00:00:00,2,20.4097,18.0598,16.4065,14.0982,20.7153,21.0235,18.3444,16.1399,15.0989,14.3446,14.3446,13.6128,12.9032,12.4424,12.2157,11.7695,11.55,11.9914,12.4424,11.7695,11.9914,20.1068,14.0982,14.0982,14.845,53.9444,138.015,79.3375,,,
2010-01-01 00:00:00,2,25.6206,34.35,23.5855,20.1068,18.0598,16.4065,14.845,51.616,24.9313,18.0598,15.0989,15.0989,25.9694,20.4097,18.3444,18.0598,16.9473,15.3554,14.3446,20.1068,18.0598,18.9214,22.283,30.7563,65.6629,44.8715,39.5057,28.1201,26.3209,23.2558,21.9641
2009-12-01 00:00:00,2,15.0989,14.0982,14.845,77.1691,57.2703,72.9023,114.561,60.6724,45.3098,33.1263,26.3209,21.9641,20.1068,19.2138,39.06,28.8593,27.3921,23.5855,22.283,19.8065,24.5908,52.0785,27.0323,26.3209,28.1201,72.9023,67.1896,31.9285,25.9694,23.9179,19.8065
2009-11-01 00:00:00,2,11.1183,10.906,10.4886,42.2425,21.3344,15.0989,13.1373,11.9914,11.55,11.55,11.333,11.1183,10.906,10.6961,10.6961,10.2835,10.0807,10.0807,9.8802,9.8802,9.6821,9.4864,9.1018,8.913,8.5424,8.913,12.2157,11.333,23.5855,19.5088,
2009-10-01 00:00:00,2,8.3604,8.0035,7.8284,7.8284,7.6555,7.8284,10.2835,21.3344,25.2746,17.2216,16.4065,15.8759,15.3554,15.0989,14.845,15.3554,26.3209,25.2746,31.1442,36.8753,23.9179,17.2216,16.4065,15.8759,15.6144,15.3554,15.6144,56.7905,32.7242,14.5936,11.55
2009-09-01 00:00:00,2,7.8284,7.8284,9.1018,8.5424,8.7265,8.7265,9.2929,9.6821,9.2929,9.1018,8.913,8.7265,8.5424,8.3604,8.0035,7.8284,7.4849,7.3166,7.1505,7.1505,6.9866,7.1505,18.0598,14.0982,11.333,10.0807,9.8802,9.2929,9.1018,8.7265,
2009-08-01 00:00:00,2,8.3604,8.3604,8.1808,8.1808,8.1808,8.0035,8.0035,8.0035,8.0035,8.0035,7.8284,7.8284,7.8284,7.6555,7.6555,7.6555,7.6555,7.4849,7.4849,7.4849,7.3166,7.3166,7.3166,19.5088,14.3446,12.9032,11.333,8.7265,8.3604,8.0035,7.8284
2009-07-01 00:00:00,2,11.333,11.1183,10.906,10.6961,10.4886,10.2835,10.0807,9.8802,9.6821,9.6821,9.4864,9.4864,9.2929,9.2929,9.1018,9.1018,9.1018,8.913,8.913,8.913,8.913,8.7265,8.7265,8.7265,8.5424,8.5424,8.5424,8.5424,8.5424,8.3604,8.3604
2009-06-01 00:00:00,2,14.0982,13.6128,13.3738,13.1373,12.9032,12.9032,12.6716,12.6716,12.6716,12.4424,12.4424,12.4424,12.2157,12.2157,11.9914,11.9914,11.9914,11.7695,11.7695,11.7695,11.7695,11.55,11.55,11.55,11.55,11.55,11.333,11.333,11.333,11.333,
2009-05-01 00:00:00,2,19.2138,18.6316,19.2138,21.6479,22.283,20.4097,18.9214,18.3444,17.7778,17.2216,16.9473,16.6756,16.4065,16.1399,15.8759,15.6144,15.3554,15.3554,15.0989,15.0989,14.845,14.845,14.845,14.845,14.5936,14.5936,14.3446,14.3446,14.3446,14.0982,14.0982
2009-04-01 00:00:00,2,60.1818,44.4349,32.7242,28.8593,27.0323,31.9285,112.683,38.6172,31.1442,25.6206,24.253,42.2425,28.4883,42.7091,112.06,52.0785,31.1442,28.1201,26.6752,25.2746,24.253,23.2558,21.9641,21.0235,20.4097,19.8065,19.5088,19.2138,18.9214,18.6316,
2009-03-01 00:00:00,2,29.989,29.233,28.4883,28.1201,27.7547,27.3921,26.6752,27.7547,27.7547,29.233,48.4233,36.0219,114.561,53.0083,38.6172,27.3921,30.7563,26.3209,54.8868,29.233,27.3921,61.6583,57.7517,87.1078,41.3184,33.1263,45.3098,61.1646,60.6724,60.1818,118.352
2009-02-01 00:00:00,2,66.6792,53.4756,43.5666,37.3064,38.1773,43.135,54.8868,49.3275,47.0791,39.9545,35.1801,64.6527,70.8042,355.06,115.819,72.3756,57.7517,47.5256,41.3184,37.7404,35.1801,32.7242,31.1442,29.989,28.8593,45.3098,31.5349,34.7636,,,
2009-01-01 00:00:00,2,52.0785,46.6343,41.3184,37.7404,39.06,35.5996,29.233,24.5908,22.283,20.7153,18.3444,16.6756,15.8759,15.3554,28.8593,51.616,28.1201,38.6172,26.6752,25.2746,41.3184,44.4349,42.2425,70.2833,143.454,112.683,89.379,235.193,91.0972,93.4077,89.379
2008-12-01 00:00:00,2,12.6716,12.2157,10.906,9.1018,8.5424,8.0035,7.6555,7.4849,8.913,8.1808,7.8284,16.4065,37.3064,25.2746,39.06,53.0083,270.985,67.1896,36.0219,67.7015,31.9285,25.2746,23.2558,21.0235,18.3444,19.8065,193.642,238.518,109.58,51.1551,47.0791
2008-11-01 00:00:00,2,5.61,7.4849,6.5081,6.353,6.0493,10.0807,7.4849,6.353,6.0493,9.1018,9.1018,8.7265,11.7695,10.0807,9.1018,8.1808,7.4849,12.6716,10.906,10.6961,10.6961,9.6821,8.7265,12.6716,13.8543,18.0598,16.1399,91.6728,38.1773,14.3446,
2008-10-01 00:00:00,2,7.3166,7.1505,7.1505,7.3166,7.4849,12.4424,9.8802,9.4864,8.913,9.4864,8.3604,7.4849,7.3166,7.1505,6.9866,6.8249,6.6654,6.6654,6.6654,7.1505,6.9866,7.1505,6.9866,6.6654,6.353,6.2001,6.0493,6.0493,5.9007,5.7543,5.7543
2008-09-01 00:00:00,2,8.5424,7.3166,6.9866,6.8249,6.8249,6.6654,6.6654,6.6654,6.5081,6.5081,6.5081,6.353,6.353,6.353,6.353,9.1018,9.2929,9.8802,8.5424,7.4849,18.3444,14.845,9.8802,8.1808,7.1505,10.6961,10.4886,8.3604,8.0035,7.4849,
2008-08-01 00:00:00,2,8.3604,8.3604,8.1808,8.1808,10.0807,9.4864,9.1018,8.7265,8.5424,8.3604,8.3604,8.1808,8.1808,8.0035,7.8284,7.6555,7.6555,7.4849,7.4849,7.4849,7.3166,7.3166,7.3166,7.1505,7.1505,7.1505,6.9866,6.9866,6.8249,6.8249,11.1183
2008-07-01 00:00:00,2,10.906,10.6961,10.6961,10.6961,10.4886,10.4886,10.4886,10.2835,10.0807,10.0807,9.8802,9.8802,9.8802,9.6821,9.6821,9.6821,9.4864,9.4864,9.4864,9.2929,9.2929,9.2929,9.1018,9.1018,8.913,8.913,8.7265,8.7265,8.5424,8.5424,8.3604
2008-06-01 00:00:00,2,13.6128,13.3738,13.3738,13.1373,13.1373,12.9032,12.9032,12.6716,12.6716,12.4424,12.4424,12.2157,12.2157,11.9914,11.9914,11.7695,11.7695,11.7695,11.55,11.55,11.55,11.333,11.333,11.333,11.333,11.1183,11.1183,11.1183,10.906,10.906,
2008-05-01 00:00:00,2,20.4097,21.6479,21.0235,21.3344,19.8065,19.5088,18.9214,18.0598,17.4984,17.2216,16.9473,16.6756,16.6756,16.4065,16.1399,16.1399,15.8759,15.6144,15.3554,15.3554,15.0989,15.0989,14.845,14.845,14.5936,14.3446,14.0982,14.0982,13.8543,13.8543,13.6128
2008-04-01 00:00:00,2,25.9694,24.253,22.9289,61.1646,33.5313,28.4883,92.828,53.9444,103.474,36.0219,40.4061,29.6096,28.8593,28.4883,27.0323,26.3209,24.9313,23.5855,22.9289,22.9289,51.1551,30.3713,41.3184,26.6752,24.5908,23.2558,21.9641,21.3344,21.0235,20.7153,
2008-03-01 00:00:00,2,33.9392,31.9285,28.1201,23.9179,20.7153,19.5088,25.9694,26.3209,21.0235,25.6206,36.8753,30.7563,41.779,31.1442,122.836,212.433,80.4304,70.8042,50.2381,42.7091,36.0219,31.1442,43.5666,49.3275,34.7636,41.3184,31.5349,59.6927,33.5313,30.3713,27.7547
2008-02-01 00:00:00,2,133.323,78.7932,185.256,263.151,159.537,102.269,206.883,135.997,102.871,79.3375,57.2703,57.7517,46.1912,57.7517,37.3064,35.5996,31.9285,30.3713,30.3713,38.1773,36.8753,33.1263,28.8593,29.989,28.4883,33.9392,28.8593,24.9313,25.6206,,
2008-01-01 00:00:00,2,13.6128,12.6716,11.9914,11.333,10.4886,10.4886,11.1183,10.4886,10.2835,22.6046,21.0235,14.0982,43.5666,38.1773,22.9289,17.7778,16.6756,32.3249,25.6206,18.3444,20.1068,36.4471,55.8355,32.3249,63.1487,94.5713,202.954,268.364,307.781,280.679,172.579
2007-12-01 00:00:00,2,27.0323,7.8284,7.4849,9.6821,9.6821,8.1808,7.8284,8.1808,57.2703,19.5088,39.9545,19.2138,16.6756,24.9313,56.3122,21.9641,15.0989,11.9914,13.1373,149.669,75.024,52.0785,135.997,48.4233,36.4471,27.3921,21.9641,18.9214,16.4065,14.5936,14.0982
2007-11-01 00:00:00,2,4.6591,8.1808,9.8802,9.8802,22.283,10.0807,69.2461,23.5855,15.0989,10.2835,10.6961,9.8802,43.9999,20.4097,18.6316,18.3444,12.2157,10.0807,9.1018,8.3604,11.9914,8.7265,7.8284,11.7695,19.2138,15.0989,13.1373,10.906,10.0807,14.845,
2007-10-01 00:00:00,2,8.7265,5.054,4.6591,4.4062,4.4062,4.4062,4.2828,4.2828,4.1614,4.1614,4.1614,4.0421,4.0421,4.0421,3.9248,3.9248,3.9248,5.1898,4.7886,5.1898,4.9203,5.054,4.9203,4.6591,7.6555,8.0035,5.7543,5.054,4.9203,4.7886,4.6591
2007-09-01 00:00:00,2,5.4678,5.3278,5.3278,5.3278,5.3278,5.1898,5.1898,5.1898,5.1898,5.054,5.054,5.054,4.9203,4.9203,4.9203,4.7886,4.7886,4.7886,4.7886,4.6591,4.6591,4.6591,4.6591,4.6591,4.5316,4.5316,4.5316,4.5316,4.5316,4.4062,
2007-08-01 00:00:00,2,6.9866,6.8249,6.8249,6.6654,6.6654,6.6654,6.6654,6.5081,6.5081,6.5081,6.353,6.353,6.353,6.2001,6.2001,6.2001,6.0493,6.0493,6.0493,6.0493,5.9007,5.9007,5.9007,5.7543,5.7543,5.7543,5.61,5.61,5.61,5.4678,5.4678
2007-07-01 00:00:00,2,7.8284,7.8284,7.8284,7.6555,7.6555,7.6555,7.4849,7.4849,7.4849,7.4849,7.3166,7.3166,7.3166,7.3166,7.1505,7.1505,7.1505,7.1505,6.9866,6.9866,6.9866,6.9866,6.9866,6.9866,6.9866,6.9866,6.9866,7.8284,7.8284,7.4849,7.3166
2007-06-01 00:00:00,2,9.8802,9.6821,9.6821,9.4864,9.4864,9.2929,9.2929,9.2929,9.1018,9.1018,9.1018,8.913,8.913,8.913,8.7265,8.7265,8.7265,8.5424,8.5424,8.5424,8.3604,8.3604,8.3604,8.1808,8.1808,8.1808,8.0035,8.0035,8.0035,8.0035,
2007-05-01 00:00:00,2,12.2157,12.2157,12.2157,11.9914,11.9914,11.7695,11.7695,11.55,11.333,11.1183,11.1183,10.906,10.906,10.6961,10.4886,10.4886,10.2835,10.2835,10.0807,10.0807,9.8802,9.8802,10.2835,11.55,11.1183,10.6961,10.2835,11.1183,10.4886,10.0807,9.8802
2007-04-01 00:00:00,2,15.0989,14.845,14.5936,14.5936,14.3446,27.0323,18.6316,15.8759,17.7778,16.6756,15.6144,14.845,14.3446,14.0982,13.8543,13.3738,13.1373,13.8543,13.6128,13.1373,12.9032,13.8543,15.3554,14.0982,13.3738,13.6128,13.1373,19.2138,14.845,12.6716,
2007-03-01 00:00:00,2,25.9694,24.5908,23.5855,22.9289,22.283,21.6479,21.0235,20.4097,20.1068,19.8065,19.2138,18.6316,18.3444,18.0598,17.7778,17.4984,23.9179,24.253,21.3344,19.5088,18.6316,28.1201,22.9289,20.4097,18.3444,16.9473,16.4065,15.8759,15.6144,15.6144,15.3554
2007-02-01 00:00:00,2,71.8503,57.2703,79.8832,49.3275,45.7497,52.0785,182.994,104.079,58.7191,47.0791,45.7497,76.0937,117.083,49.3275,43.9999,40.4061,36.8753,35.1801,47.5256,39.5057,36.4471,33.1263,29.6096,28.4883,27.3921,25.9694,24.253,49.3275,,,
2007-01-01 00:00:00,2,235.693,114.561,94.5713,98.0954,143.454,86.5435,78.2504,154.572,84.8592,53.9444,48.8746,60.6724,51.1551,56.7905,52.5426,55.3604,62.1536,48.4233,36.4471,39.5057,65.157,79.8832,55.8355,103.474,80.4304,197.502,128.694,92.2497,161.683,126.078,162.401
2006-12-01 00:00:00,2,98.0316,95.7209,42.9458,25.2779,20.8082,53.6382,36.0493,103.277,39.8915,26.0177,238.533,270.985,287.812,171.979,150.541,83.8034,57.9853,39.397,47.2553,35.5872,28.7204,29.1212,32.0312,25.646,24.5522,24.1947,22.7992,21.4584,19.8577,18.9367,19.2404
2006-11-01 00:00:00,2,8.6883,10.2071,10.4086,11.6732,11.0288,10.4086,10.0083,9.4273,8.8693,9.4273,11.4557,10.4086,9.4273,9.2388,9.0528,8.8693,8.3337,7.9889,9.6184,18.6361,22.4589,12.3422,9.8121,9.0528,8.6883,15.2737,25.646,24.5522,26.3929,53.6382,
2006-10-01 00:00:00,2,6.5547,7.1688,8.3337,9.4273,13.0363,88.3002,83.2452,16.6206,11.8934,10.0083,9.4273,16.0727,12.5707,13.7559,35.129,16.8992,13.2733,33.778,35.129,79.3617,24.1947,16.6206,12.8021,11.8934,11.4557,10.8194,10.2071,9.8121,9.4273,9.2388,9.0528
2006-09-01 00:00:00,2,6.7048,7.9889,7.4897,7.0118,6.7048,6.7048,6.5547,6.5547,6.4068,6.4068,6.4068,6.2612,6.2612,6.1178,6.1178,5.9767,5.8377,5.8377,5.7009,5.8377,6.7048,8.5098,7.3281,10.0083,7.9889,7.1688,6.8572,6.5547,6.2612,6.1178,
2006-08-01 00:00:00,2,8.6883,8.1601,7.8201,7.6537,7.4897,7.4897,7.3281,7.3281,7.3281,7.1688,7.1688,7.1688,7.1688,7.0118,7.0118,7.0118,6.8572,6.8572,6.8572,7.0118,7.0118,6.8572,6.7048,6.7048,6.5547,6.5547,6.8572,7.3281,7.4897,7.0118,6.7048
2006-07-01 00:00:00,2,9.4273,9.4273,9.2388,9.2388,9.0528,9.0528,8.8693,8.8693,8.6883,8.6883,8.6883,8.5098,8.5098,8.5098,8.3337,8.3337,8.1601,8.1601,8.1601,7.9889,7.9889,7.9889,7.9889,7.8201,7.8201,7.8201,7.8201,7.6537,7.6537,7.6537,7.6537
2006-06-01 00:00:00,2,11.6732,11.4557,11.4557,11.2409,11.2409,11.0288,11.0288,10.8194,10.8194,10.6127,10.6127,10.6127,10.4086,10.4086,10.4086,10.2071,10.2071,10.2071,10.0083,10.0083,9.8121,9.8121,9.8121,9.6184,9.6184,9.8121,9.8121,9.6184,9.6184,9.6184,
2006-05-01 00:00:00,2,16.3451,16.0727,15.537,14.756,14.2501,14.0016,13.7559,13.5132,13.5132,15.0133,14.5016,14.0016,13.5132,13.2733,13.0363,12.8021,12.8021,12.5707,12.5707,12.3422,12.3422,12.1164,12.5707,15.537,13.2733,12.3422,12.3422,12.1164,12.1164,11.8934,11.8934
2006-04-01 00:00:00,2,28.7204,24.5522,24.1947,23.8406,22.7992,22.122,59.9179,34.6747,25.646,24.9133,23.49,22.122,21.4584,20.8082,19.5475,18.9367,26.7718,22.4589,20.1713,18.9367,18.3387,17.7535,16.8992,16.6206,16.3451,16.0727,16.0727,16.3451,16.3451,16.3451,
2006-03-01 00:00:00,2,23.49,33.778,28.3234,24.5522,24.5522,50.0898,216.725,53.0356,39.8915,39.8915,32.4621,48.9428,29.1212,25.2779,40.3902,119.986,125.477,68.7897,110.963,82.6878,48.3759,37.4598,33.778,31.1809,57.3504,73.9103,53.0356,33.778,29.1212,27.1542,69.5062
2006-02-01 00:00:00,2,24.1947,47.8134,25.2779,20.8082,18.6361,17.4656,16.8992,16.3451,21.4584,19.8577,42.9458,100.938,70.9542,41.3999,29.1212,53.0356,35.5872,27.5403,23.1429,21.4584,36.0493,50.0898,32.4621,78.26,26.7718,22.122,20.8082,20.8082,,,
2006-01-01 00:00:00,2,21.4584,21.1317,35.5872,32.0312,128.551,127.935,102.106,50.67,32.8969,29.5256,26.3929,23.8406,22.4589,21.4584,20.1713,19.5475,19.2404,18.9367,18.0445,17.4656,17.1808,16.8992,16.6206,16.3451,16.6206,22.122,22.4589,24.5522,39.397,84.3626,34.6747
2005-12-01 00:00:00,2,98.0316,95.1452,42.9458,24.9133,20.8082,53.6382,36.0493,103.277,39.8915,26.0177,238.533,270.985,287.812,171.979,150.541,82.6878,57.9853,39.397,47.2553,35.5872,28.7204,29.1212,32.0312,25.646,24.5522,24.1947,22.7992,21.4584,19.8577,18.9367,19.2404
2005-11-01 00:00:00,2,7.0118,18.3387,9.4273,17.1808,9.4273,8.3337,7.9889,7.4897,7.1688,7.3281,12.1164,11.0288,8.6883,8.6883,8.8693,10.0083,9.0528,19.8577,13.2733,38.9066,38.4203,18.3387,25.646,18.9367,57.3504,32.8969,63.9112,21.4584,37.4598,177.939,
2005-10-01 00:00:00,2,6.2612,6.2612,6.2612,6.2612,6.2612,6.2612,7.3281,6.2612,5.8377,5.5662,5.4337,5.3033,5.175,5.175,5.0488,4.9246,4.8025,6.8572,6.2612,6.2612,5.7009,5.3033,5.175,6.4068,8.6883,7.1688,6.8572,6.7048,6.5547,6.4068,6.2612
2005-09-01 00:00:00,2,6.1178,6.1178,6.1178,6.1178,6.1178,6.5547,7.3281,6.5547,6.1178,6.1178,5.9767,5.9767,5.8377,7.0118,7.3281,6.5547,6.2612,8.1601,8.6883,7.6537,6.8572,6.4068,6.2612,6.1178,5.9767,6.7048,6.5547,6.4068,6.4068,6.2612,
2005-08-01 00:00:00,2,7.4897,7.3281,7.3281,7.3281,7.1688,7.1688,7.1688,7.1688,7.0118,7.0118,6.8572,6.8572,6.7048,6.7048,6.7048,6.7048,6.7048,6.7048,9.8121,7.8201,6.7048,6.7048,6.5547,6.5547,6.4068,6.4068,7.3281,6.8572,6.5547,6.4068,6.2612
2005-07-01 00:00:00,2,9.2388,9.0528,9.0528,8.8693,8.6883,8.6883,8.6883,8.5098,8.5098,8.5098,8.3337,8.3337,8.3337,8.1601,8.1601,8.1601,7.9889,7.9889,8.5098,8.3337,8.1601,7.9889,7.9889,7.8201,7.8201,7.6537,7.6537,7.6537,7.6537,7.4897,7.4897
2005-06-01 00:00:00,2,11.8934,11.6732,11.4557,11.2409,11.0288,11.0288,10.8194,10.8194,10.6127,10.6127,10.4086,10.4086,10.2071,10.2071,10.0083,10.0083,9.8121,9.8121,9.8121,9.6184,10.8194,10.4086,10.2071,10.0083,10.0083,9.8121,9.6184,9.6184,9.4273,9.4273,
2005-05-01 00:00:00,2,14.5016,13.5132,12.8021,12.3422,11.8934,11.4557,11.2409,11.0288,11.0288,10.8194,10.8194,10.8194,10.6127,10.4086,10.4086,10.2071,10.2071,10.0083,10.0083,9.8121,9.8121,9.8121,14.0016,22.122,27.93,66.6696,20.8082,15.0133,13.0363,12.5707,12.3422
2005-04-01 00:00:00,2,18.0445,17.4656,17.1808,16.8992,16.3451,15.8034,15.2737,15.0133,14.5016,14.2501,14.2501,14.0016,13.7559,13.5132,13.5132,13.2733,13.0363,12.8021,12.5707,12.3422,12.3422,15.537,15.2737,14.0016,13.2733,13.2733,16.0727,13.7559,12.8021,15.8034,
2005-03-01 00:00:00,2,26.3929,23.8406,22.4589,22.122,18.3387,16.6206,15.537,15.0133,14.5016,17.1808,23.1429,26.0177,18.9367,17.7535,16.6206,21.1317,40.3902,45.0662,26.0177,39.397,83.2452,90.0004,53.6382,46.1521,92.8504,52.4374,26.0177,23.1429,21.4584,20.1713,18.9367
2005-02-01 00:00:00,2,32.0312,45.607,39.397,27.93,64.5935,59.269,29.1212,24.9133,22.7992,21.4584,20.1713,19.5475,18.9367,18.3387,17.7535,24.1947,22.7992,20.8082,18.3387,16.6206,15.8034,15.2737,14.756,14.5016,14.2501,16.0727,18.6361,46.7015,,,
2005-01-01 00:00:00,2,23.49,32.8969,23.8406,77.162,154.389,108.584,83.2452,77.7106,84.9225,38.9066,29.5256,25.646,27.1542,23.1429,21.1317,20.1713,19.5475,27.93,32.0312,24.5522,52.4374,34.2244,33.778,24.1947,19.5475,19.5475,62.561,91.1379,99.1918,45.0662,80.4669
2004-12-01 00:00:00,2,10.6127,9.6184,9.2388,17.7535,43.9975,20.1713,34.2244,19.2404,14.756,23.1429,18.0445,13.7559,12.1164,10.8194,11.2409,9.8121,9.2388,8.8693,12.8021,87.7351,76.6143,125.477,237.112,151.181,67.3714,36.0493,26.3929,22.7992,19.5475,25.2779,17.7535
2004-11-01 00:00:00,2,6.8572,6.7048,7.1688,6.8572,6.7048,13.2733,12.3422,11.4557,9.0528,7.9889,7.3281,7.0118,6.7048,6.5547,6.4068,7.3281,9.2388,8.5098,13.0363,12.8021,11.0288,9.2388,8.3337,7.8201,7.3281,7.0118,10.4086,12.3422,14.2501,11.0288,
2004-10-01 00:00:00,2,5.9767,6.4068,8.5098,18.3387,9.0528,7.6537,7.0118,6.7048,6.5547,6.4068,8.3337,7.6537,10.0083,11.6732,7.9889,75.4186,14.756,10.0083,8.5098,8.1601,7.8201,7.6537,7.4897,8.1601,8.5098,8.1601,10.0083,8.3337,7.6537,7.3281,7.0118
2004-09-01 00:00:00,2,7.1688,7.1688,7.1688,7.0118,7.0118,7.0118,6.8572,6.8572,6.8572,6.7048,6.7048,6.5547,6.5547,6.5547,6.5547,6.4068,6.4068,7.0118,9.0528,10.0083,8.5098,7.3281,6.8572,6.7048,6.5547,6.4068,6.2612,6.1178,6.1178,5.9767,
2004-08-01 00:00:00,2,8.8693,8.8693,8.6883,8.6883,8.6883,8.5098,8.5098,8.5098,8.3337,8.3337,8.1601,8.1601,8.1601,8.1601,7.9889,7.9889,7.9889,7.9889,7.9889,7.8201,7.8201,7.6537,7.6537,7.6537,7.4897,7.4897,7.3281,7.3281,7.3281,7.1688,7.1688
2004-07-01 00:00:00,2,10.6127,10.6127,10.6127,10.4086,10.4086,10.2071,10.2071,10.2071,10.2071,10.2071,11.6732,12.1164,10.8194,10.4086,10.2071,10.0083,9.8121,9.8121,9.8121,11.4557,11.4557,10.4086,10.0083,9.6184,9.4273,9.4273,9.2388,9.2388,9.0528,9.0528,9.0528
2004-06-01 00:00:00,2,14.5016,14.0016,16.8992,15.2737,14.0016,13.2733,13.0363,12.8021,12.5707,12.5707,12.5707,12.3422,12.3422,12.3422,12.3422,12.3422,12.1164,12.1164,11.8934,11.8934,11.6732,11.4557,11.4557,11.2409,11.2409,11.2409,11.0288,11.0288,10.8194,10.8194,
2004-05-01 00:00:00,2,18.6361,18.3387,18.0445,17.7535,18.6361,18.0445,16.8992,16.3451,16.0727,15.8034,15.537,15.537,15.2737,15.2737,15.0133,15.537,15.2737,14.756,14.5016,14.5016,14.2501,14.2501,14.2501,14.2501,14.2501,14.2501,14.0016,14.0016,15.537,16.8992,15.537
2004-04-01 00:00:00,2,25.646,23.49,22.7992,36.9856,28.7204,77.162,32.0312,43.4695,26.0177,31.6042,32.0312,32.8969,34.6747,27.93,34.6747,57.9853,42.9458,36.9856,27.1542,24.1947,40.3902,24.1947,22.7992,21.4584,20.8082,25.2779,25.2779,21.1317,20.1713,19.2404,
2004-03-01 00:00:00,2,50.0898,40.893,45.607,85.4834,72.4222,70.9542,76.6143,49.5141,38.9066,35.129,31.1809,29.5256,42.9458,31.6042,82.6878,48.3759,33.3355,29.1212,28.3234,26.3929,26.3929,24.5522,22.7992,22.122,21.7885,21.1317,41.911,41.911,35.129,29.5256,36.0493
2004-02-01 00:00:00,2,25.2779,22.7992,23.49,20.1713,18.6361,23.1429,25.2779,84.9225,37.938,30.7614,25.646,22.7992,20.4881,57.9853,70.9542,118.773,41.3999,28.3234,87.1709,43.9975,247.82,173.96,92.2788,177.939,265.753,273.616,95.7209,72.4222,55.4736,,
2004-01-01 00:00:00,2,21.4584,34.2244,25.646,16.0727,26.3929,30.7614,22.4589,68.078,55.4736,59.269,34.2244,24.1947,28.3234,44.5297,34.2244,17.7535,14.0016,14.0016,13.0363,11.8934,11.0288,10.8194,12.5707,15.8034,18.9367,61.23,304.112,153.747,58.6248,36.9856,27.93
2003-12-01 00:00:00,2,11.2409,9.6184,10.4086,22.7992,24.1947,19.5475,16.8992,16.3451,15.0133,14.2501,19.5475,19.2404,11.6732,10.0083,9.2388,8.1601,7.6537,7.3281,7.0118,6.8572,7.4897,11.8934,17.4656,15.537,9.8121,8.5098,8.8693,21.7885,16.3451,15.537,15.2737
2003-11-01 00:00:00,2,5.0488,6.2612,6.7048,6.8572,6.5547,6.7048,7.6537,6.2612,7.4897,5.9767,5.3033,5.0488,5.0488,4.9246,4.9246,5.5662,7.1688,13.0363,9.0528,10.2071,11.2409,8.3337,7.1688,6.7048,6.5547,6.5547,12.5707,16.0727,12.5707,9.8121,
2003-10-01 00:00:00,2,5.4337,5.175,4.9246,4.8025,4.8025,4.6825,4.5644,4.8025,5.8377,7.8201,11.2409,9.0528,6.4068,5.7009,5.4337,5.175,5.0488,4.9246,4.8025,4.6825,4.5644,4.6825,5.3033,7.8201,6.8572,5.8377,5.3033,5.3033,5.3033,5.4337,5.3033
2003-09-01 00:00:00,2,5.7009,5.7009,5.5662,5.4337,5.3033,5.3033,5.3033,5.175,5.175,5.175,5.0488,5.0488,6.2612,6.1178,5.8377,6.1178,6.2612,5.8377,5.5662,5.4337,5.3033,5.175,5.0488,4.9246,4.8025,4.6825,4.5644,8.8693,7.9889,5.8377,
2003-08-01 00:00:00,2,6.4068,6.4068,6.4068,6.2612,6.2612,6.2612,6.1178,6.1178,6.1178,6.1178,5.9767,5.9767,5.9767,5.9767,5.9767,5.9767,5.9767,5.8377,5.8377,5.7009,5.7009,5.5662,5.5662,5.5662,5.5662,5.5662,5.5662,5.7009,5.7009,5.8377,5.9767
2003-07-01 00:00:00,2,7.4897,7.4897,7.4897,7.3281,7.3281,7.3281,7.3281,7.1688,7.1688,7.1688,7.0118,7.0118,7.0118,7.0118,7.0118,7.0118,7.0118,6.8572,6.8572,6.8572,6.7048,6.7048,6.7048,6.7048,6.7048,6.7048,6.5547,6.5547,6.5547,6.5547,6.4068
2003-06-01 00:00:00,2,9.2388,9.2388,9.0528,9.0528,8.8693,8.8693,8.8693,8.8693,8.6883,8.6883,8.6883,8.5098,8.5098,8.5098,8.3337,8.3337,8.1601,8.1601,8.1601,7.9889,7.9889,7.9889,7.8201,7.8201,7.8201,7.8201,7.6537,7.6537,7.6537,7.4897,
2003-05-01 00:00:00,2,11.2409,11.2409,11.4557,11.2409,11.6732,17.1808,14.2501,12.5707,11.6732,11.2409,11.0288,11.0288,11.0288,10.8194,10.8194,10.8194,10.6127,10.6127,10.4086,10.4086,10.4086,10.2071,10.2071,10.0083,10.0083,9.8121,9.6184,9.4273,9.4273,9.4273,9.4273
2003-04-01 00:00:00,2,15.0133,14.756,16.0727,17.7535,17.1808,16.3451,16.3451,15.8034,14.756,17.1808,41.911,18.0445,15.8034,15.0133,14.756,14.756,14.2501,13.7559,13.2733,13.0363,13.0363,12.8021,12.5707,12.3422,12.3422,12.1164,11.8934,11.6732,11.4557,11.4557,
2003-03-01 00:00:00,2,17.7535,18.9367,18.9367,17.1808,16.6206,16.0727,15.8034,19.5475,24.9133,25.2779,20.4881,26.0177,40.893,71.6857,24.5522,22.122,24.1947,25.2779,20.1713,19.8577,30.3457,20.4881,19.8577,17.7535,17.1808,16.6206,17.4656,17.4656,16.6206,16.0727,15.537
2003-02-01 00:00:00,2,58.6248,37.4598,32.4621,29.5256,27.1542,61.23,30.3457,24.9133,22.7992,21.1317,19.8577,18.9367,18.9367,17.7535,23.1429,166.068,35.5872,42.9458,118.773,61.8931,31.6042,35.129,29.9338,23.1429,20.8082,20.1713,19.5475,18.6361,,,
2003-01-01 00:00:00,2,24.9133,15.0133,21.4584,68.7897,68.078,34.6747,33.778,22.122,21.4584,17.7535,18.9367,16.0727,20.4881,20.4881,23.8406,24.5522,207.725,565.604,169.346,286.022,120.593,92.2788,119.986,57.3504,42.9458,40.3902,34.2244,33.778,36.0493,249.975,99.773
2002-12-01 00:00:00,2,7.3281,6.5547,6.4068,6.4068,16.8992,7.6537,6.2612,5.8377,6.2612,82.1312,59.269,56.7202,98.0316,54.8572,84.9225,40.893,30.7614,21.1317,15.537,26.3929,15.0133,17.1808,21.7885,32.0312,20.4881,26.0177,27.93,21.1317,15.537,13.0363,59.269
2002-11-01 00:00:00,2,10.2071,19.5475,7.4897,5.8377,7.4897,7.1688,6.4068,5.5662,5.3033,5.0488,5.0488,10.4086,5.7009,18.9367,16.0727,10.0083,11.8934,10.2071,11.0288,7.6537,7.1688,15.2737,13.7559,10.6127,17.1808,9.2388,9.0528,7.4897,6.8572,6.5547,
2002-10-01 00:00:00,2,4.6825,4.6825,4.6825,4.5644,4.5644,4.5644,4.4484,4.3343,4.3343,4.2223,4.2223,4.1121,4.0039,4.0039,3.8976,3.8976,3.8976,3.8976,3.7932,3.7932,3.7932,3.6907,9.0528,4.6825,4.3343,4.1121,5.4337,7.0118,7.3281,6.8572,7.4897
2002-09-01 00:00:00,2,5.3033,5.3033,5.3033,5.3033,5.0488,7.3281,5.5662,5.4337,5.3033,5.175,5.175,5.0488,5.0488,4.9246,4.9246,4.8025,4.8025,4.6825,4.6825,4.6825,4.9246,4.9246,5.4337,6.8572,7.1688,5.9767,5.7009,5.4337,5.175,4.9246,
2002-08-01 00:00:00,2,6.5547,6.5547,6.4068,6.4068,6.4068,6.2612,6.2612,6.1178,6.1178,5.9767,5.8377,5.8377,5.8377,5.7009,5.7009,5.5662,5.5662,5.5662,5.5662,5.4337,5.4337,5.4337,5.4337,5.4337,5.3033,5.3033,5.3033,5.3033,5.3033,5.3033,5.3033
2002-07-01 00:00:00,2,7.1688,7.1688,7.1688,7.1688,7.1688,7.0118,7.0118,7.0118,7.0118,6.8572,6.8572,8.1601,9.6184,8.3337,7.4897,7.1688,7.1688,7.0118,7.0118,6.8572,6.8572,6.8572,6.8572,6.8572,6.7048,6.7048,6.7048,7.1688,6.8572,6.7048,6.5547
2002-06-01 00:00:00,2,9.0528,8.8693,8.8693,8.8693,8.6883,8.6883,8.5098,8.5098,8.3337,8.3337,8.1601,8.1601,8.1601,7.9889,7.9889,7.9889,7.9889,7.8201,7.8201,7.8201,7.6537,7.6537,7.6537,7.6537,7.4897,7.4897,7.4897,7.3281,7.3281,7.3281,
2002-05-01 00:00:00,2,10.8194,11.0288,10.8194,11.6732,11.2409,10.8194,12.3422,11.6732,11.0288,13.5132,11.6732,11.0288,10.6127,10.4086,10.2071,10.2071,10.0083,9.8121,9.8121,9.8121,10.2071,10.2071,12.1164,10.6127,10.0083,9.8121,9.6184,9.4273,9.4273,9.2388,9.2388
2002-04-01 00:00:00,2,17.7535,16.8992,16.3451,15.8034,15.537,16.3451,15.2737,15.0133,14.756,14.5016,16.8992,15.0133,14.2501,13.7559,13.2733,13.0363,13.0363,12.8021,12.8021,12.5707,12.3422,12.1164,11.8934,11.6732,11.4557,11.4557,11.2409,11.2409,11.0288,11.0288,
2002-03-01 00:00:00,2,33.3355,28.3234,23.49,26.0177,24.1947,22.7992,26.7718,21.7885,20.1713,19.5475,18.9367,18.3387,17.7535,17.1808,24.9133,22.122,21.4584,18.3387,17.1808,33.3355,36.0493,31.1809,19.2404,29.1212,41.911,30.3457,46.7015,57.3504,26.0177,21.1317,19.5475
2002-02-01 00:00:00,2,41.911,24.9133,18.0445,15.8034,14.2501,17.7535,189.32,93.9962,216.725,166.068,137.877,47.8134,35.129,52.4374,42.9458,35.5872,38.9066,45.607,54.2455,117.564,227.217,83.8034,60.5716,60.5716,106.218,40.3902,112.754,40.3902,,,
2002-01-01 00:00:00,2,37.938,39.397,21.7885,16.3451,15.0133,15.0133,14.2501,32.4621,18.6361,14.756,13.2733,12.5707,14.0016,43.9975,19.2404,17.4656,19.8577,19.8577,51.2547,25.646,18.0445,15.537,22.7992,16.8992,15.2737,14.0016,26.7718,42.4263,26.0177,16.8992,16.8992
2001-12-01 00:00:00,2,30.3457,13.5132,8.5098,7.3281,6.5547,6.2612,6.2612,33.3355,11.0288,7.9889,7.1688,6.4068,6.1178,9.0528,19.2404,39.8915,38.4203,38.4203,21.4584,86.045,40.3902,45.0662,32.0312,41.3999,35.129,18.0445,48.3759,42.4263,193.376,138.504,64.5935
2001-11-01 00:00:00,2,4.9246,6.5547,5.9767,5.4337,6.2612,6.1178,5.5662,6.1178,6.8572,6.2612,5.175,4.9246,4.9246,5.9767,6.8572,7.4897,5.9767,5.4337,14.0016,16.3451,7.8201,6.4068,7.1688,14.5016,7.9889,6.4068,5.5662,5.175,9.8121,8.5098,
2001-10-01 00:00:00,2,5.0488,5.4337,11.6732,6.4068,5.175,4.9246,4.8025,41.911,11.6732,11.0288,7.0118,5.9767,5.5662,5.3033,5.175,4.9246,4.9246,4.8025,4.8025,11.4557,6.7048,5.4337,5.0488,4.8025,4.6825,4.6825,4.5644,4.4484,4.3343,4.3343,4.4484
2001-09-01 00:00:00,2,5.3033,5.0488,4.9246,4.8025,4.6825,4.5644,4.5644,4.5644,4.4484,4.4484,4.4484,4.3343,4.3343,4.3343,10.2071,7.3281,5.4337,4.8025,4.6825,4.5644,4.5644,4.4484,4.4484,4.4484,4.5644,4.9246,5.175,11.8934,6.2612,5.3033,
2001-08-01 00:00:00,2,5.3033,5.175,5.175,5.0488,5.0488,5.0488,4.9246,4.9246,4.9246,4.9246,4.8025,4.8025,4.8025,4.8025,4.8025,4.8025,4.8025,4.6825,4.6825,4.6825,4.6825,4.6825,4.5644,5.8377,5.5662,5.3033,5.175,5.175,5.8377,7.1688,5.8377
2001-07-01 00:00:00,2,5.8377,5.8377,5.7009,5.7009,5.7009,5.7009,5.5662,5.5662,5.5662,5.5662,5.4337,5.4337,5.4337,5.4337,5.4337,5.3033,5.3033,5.3033,5.3033,5.3033,5.3033,5.3033,5.3033,6.1178,5.5662,5.4337,5.3033,5.3033,5.3033,5.3033,5.3033
2001-06-01 00:00:00,2,7.3281,7.1688,7.0118,7.0118,6.8572,6.8572,6.8572,6.7048,6.7048,6.5547,6.5547,6.5547,6.5547,6.5547,6.5547,6.4068,6.4068,6.4068,6.4068,6.2612,6.2612,6.1178,6.1178,6.1178,6.1178,5.9767,5.9767,5.9767,5.9767,5.8377,
2001-05-01 00:00:00,2,8.1601,8.1601,7.9889,7.9889,7.8201,7.8201,7.6537,7.6537,7.4897,7.4897,7.3281,7.3281,7.6537,7.9889,7.9889,8.3337,10.4086,9.0528,8.1601,7.8201,7.6537,7.4897,7.4897,7.4897,7.3281,7.6537,7.6537,7.6537,7.9889,7.9889,7.4897
2001-04-01 00:00:00,2,16.6206,13.7559,13.2733,12.8021,12.8021,12.1164,11.2409,11.0288,10.8194,10.6127,10.6127,10.4086,10.2071,10.0083,10.0083,10.2071,10.2071,10.0083,9.6184,9.2388,9.0528,9.0528,9.2388,9.2388,9.0528,8.6883,8.5098,8.5098,8.3337,8.3337,
2001-03-01 00:00:00,2,11.0288,10.8194,13.2733,12.5707,14.756,12.5707,20.4881,13.7559,13.0363,30.3457,35.129,26.0177,21.1317,16.6206,14.5016,13.0363,12.3422,11.8934,11.4557,11.2409,11.2409,11.0288,10.6127,10.2071,10.2071,10.0083,11.4557,14.2501,70.2277,45.607,20.8082
2001-02-01 00:00:00,2,20.1713,26.7718,24.1947,17.1808,16.0727,14.756,14.0016,13.7559,76.0675,37.4598,19.2404,16.6206,15.2737,21.7885,19.8577,16.6206,19.5475,16.3451,14.5016,14.0016,13.5132,13.0363,12.5707,12.3422,12.1164,12.1164,11.6732,11.2409,,,
2001-01-01 00:00:00,2,14.2501,176.61,167.377,121.201,51.8438,30.3457,22.122,19.8577,21.7885,29.9338,20.4881,23.8406,23.8406,21.7885,34.6747,22.122,17.1808,15.2737,14.5016,14.0016,13.5132,17.1808,16.0727,21.4584,19.2404,16.8992,22.7992,15.2737,43.4695,22.7992,31.6042
2000-12-01 00:00:00,2,15.8034,15.8034,13.5132,12.3422,11.2409,10.0083,9.0528,8.5098,8.3337,7.9889,56.0946,13.0363,10.2071,10.8194,14.0016,37.938,31.6042,145.445,56.0946,23.1429,18.0445,17.4656,25.646,30.7614,30.7614,40.893,30.7614,26.7718,20.8082,18.3387,15.8034
2000-11-01 00:00:00,2,5.4337,5.3033,5.3033,7.8201,6.5547,6.1178,5.8377,5.7009,5.5662,5.3033,5.3033,5.7009,7.0118,9.0528,8.5098,7.1688,6.4068,35.129,73.9103,38.9066,22.7992,30.3457,24.5522,24.5522,19.2404,20.4881,16.8992,26.7718,16.3451,27.93,
2000-10-01 00:00:00,2,5.9767,7.4897,7.0118,6.4068,6.1178,12.3422,9.2388,6.5547,5.9767,5.8377,5.7009,5.4337,5.3033,5.3033,5.175,5.175,5.0488,4.9246,4.9246,4.9246,4.8025,5.0488,5.3033,5.3033,5.3033,9.0528,6.4068,5.4337,7.3281,6.2612,5.7009
2000-09-01 00:00:00,2,7.6537,7.4897,15.8034,10.8194,7.8201,8.1601,9.2388,8.1601,7.4897,7.1688,6.8572,6.5547,7.6537,8.5098,7.3281,6.8572,6.8572,9.0528,7.3281,6.8572,6.5547,6.2612,6.1178,5.9767,5.8377,5.8377,5.8377,5.8377,5.8377,5.8377,
2000-08-01 00:00:00,2,6.5547,6.5547,6.4068,6.4068,6.4068,6.4068,6.2612,6.2612,6.2612,6.2612,6.1178,6.1178,6.1178,6.1178,5.9767,5.9767,5.9767,5.9767,5.8377,5.8377,5.8377,5.8377,5.7009,5.7009,5.7009,5.5662,5.4337,5.4337,5.4337,5.5662,5.7009
2000-07-01 00:00:00,2,7.8201,7.8201,7.6537,7.6537,7.6537,7.6537,7.4897,7.4897,7.4897,7.4897,7.3281,7.3281,7.3281,7.3281,7.3281,7.1688,7.1688,7.1688,7.1688,7.1688,7.0118,7.0118,7.0118,7.0118,7.0118,6.8572,6.8572,6.8572,6.7048,6.7048,6.7048
2000-06-01 00:00:00,2,9.6184,9.4273,9.4273,9.4273,9.4273,9.2388,9.2388,9.2388,9.0528,9.0528,9.0528,8.8693,8.8693,8.8693,8.6883,8.6883,8.6883,8.5098,8.5098,8.5098,8.3337,8.3337,8.3337,8.1601,8.1601,8.1601,7.9889,7.9889,7.9889,7.8201,
2000-05-01 00:00:00,2,12.8021,12.8021,12.5707,12.3422,12.3422,12.1164,12.1164,11.8934,11.8934,11.6732,11.4557,11.4557,11.2409,11.2409,11.0288,11.0288,10.8194,10.8194,10.6127,10.6127,10.4086,10.4086,10.4086,10.2071,10.2071,10.2071,10.0083,10.0083,9.8121,9.8121,9.6184
2000-04-01 00:00:00,2,21.4584,20.4881,20.1713,18.6361,18.0445,17.4656,16.8992,16.6206,16.3451,16.0727,15.8034,15.8034,15.8034,20.1713,17.4656,15.537,15.2737,14.756,22.7992,20.4881,16.6206,15.2737,14.5016,14.2501,13.7559,13.5132,13.2733,13.2733,13.0363,13.0363,
2000-03-01 00:00:00,2,23.1429,20.1713,18.0445,16.6206,16.0727,15.8034,15.537,27.1542,22.7992,41.3999,142.912,88.8661,39.8915,29.1212,26.3929,22.4589,53.6382,56.0946,141.649,54.2455,59.269,34.6747,28.3234,26.0177,24.5522,23.1429,21.7885,22.122,31.1809,28.3234,23.49
2000-02-01 00:00:00,2,48.3759,70.9542,54.8572,45.607,32.0312,31.1809,103.277,121.81,162.804,156.968,127.935,86.6076,85.4834,70.9542,48.9428,35.5872,53.6382,33.3355,29.9338,27.5403,26.3929,23.1429,21.1317,20.4881,19.8577,19.2404,19.8577,23.1429,31.6042,,
2000-01-01 00:00:00,2,16.0727,41.911,69.5062,181.269,65.9727,50.67,46.1521,26.0177,17.7535,16.3451,14.0016,12.3422,11.4557,11.2409,10.8194,12.3422,11.6732,22.122,14.756,22.7992,16.3451,19.2404,26.0177,22.4589,18.9367,52.4374,90.0004,162.153,226.514,166.722,117.564
1999-12-01 00:00:00,2,6.7048,5.8377,5.4337,10.0083,26.0177,11.6732,10.2071,13.7559,21.7885,20.4881,16.6206,20.1713,57.3504,31.6042,18.3387,13.2733,10.6127,9.2388,8.3337,8.1601,8.3337,7.8201,11.4557,23.8406,16.3451,10.4086,14.2501,51.2547,21.4584,15.8034,18.9367
1999-11-01 00:00:00,2,4.6825,4.6825,4.5644,4.4484,4.4484,11.0288,7.1688,7.4897,9.6184,12.5707,9.8121,7.9889,11.8934,9.0528,7.4897,6.4068,5.9767,6.4068,7.3281,13.2733,51.8438,16.8992,9.4273,7.3281,11.2409,12.8021,9.8121,7.0118,6.2612,8.1601,
1999-10-01 00:00:00,2,5.175,5.175,5.175,5.5662,5.3033,5.175,5.175,5.0488,5.0488,4.9246,4.8025,4.6825,4.6825,4.5644,4.5644,4.4484,4.4484,4.5644,4.6825,4.8025,5.8377,6.4068,5.0488,4.6825,4.5644,4.9246,7.3281,6.1178,5.4337,5.0488,4.9246
1999-09-01 00:00:00,2,5.175,5.175,5.175,5.175,5.175,5.175,5.0488,5.0488,5.0488,7.0118,7.3281,7.4897,7.4897,6.8572,6.7048,6.4068,9.6184,6.8572,6.1178,5.8377,5.7009,5.8377,7.1688,5.8377,5.5662,5.4337,5.3033,5.3033,5.175,5.175,
1999-08-01 00:00:00,2,6.4068,6.4068,6.2612,6.2612,6.2612,6.1178,6.1178,6.1178,5.9767,5.9767,5.9767,5.8377,5.8377,5.8377,5.8377,5.7009,5.7009,5.7009,5.7009,5.5662,5.5662,5.5662,5.5662,5.4337,5.4337,5.4337,5.3033,5.3033,5.3033,5.175,5.175
1999-07-01 00:00:00,2,7.8201,7.8201,7.8201,7.6537,7.6537,7.6537,7.6537,7.4897,7.4897,7.4897,7.4897,7.4897,7.3281,7.3281,7.3281,7.1688,7.1688,7.0118,7.0118,7.0118,6.8572,6.8572,6.8572,6.8572,6.7048,6.7048,6.7048,6.5547,6.5547,6.5547,6.4068
1999-06-01 00:00:00,2,9.4273,9.4273,9.2388,9.2388,9.0528,9.0528,9.0528,9.0528,9.0528,9.0528,8.8693,8.8693,8.8693,8.6883,12.5707,10.2071,9.4273,8.8693,8.6883,8.5098,8.3337,8.3337,8.1601,8.1601,8.1601,7.9889,7.9889,7.9889,7.9889,7.8201,
1999-05-01 00:00:00,2,12.3422,12.3422,12.3422,12.3422,12.3422,12.3422,12.3422,12.3422,12.1164,11.8934,11.8934,11.6732,11.4557,11.2409,11.0288,10.8194,10.6127,10.6127,10.4086,10.4086,10.4086,10.2071,10.2071,10.0083,10.0083,9.8121,9.8121,9.6184,9.6184,9.6184,9.4273
1999-04-01 00:00:00,2,21.1317,19.2404,18.3387,18.0445,17.7535,17.1808,16.8992,16.3451,24.9133,21.7885,18.0445,15.537,15.2737,15.0133,18.3387,16.3451,15.2737,14.756,14.5016,14.0016,14.0016,13.7559,13.7559,13.5132,13.5132,13.2733,13.0363,12.8021,12.5707,12.3422,
1999-03-01 00:00:00,2,70.9542,139.132,112.156,67.3714,34.6747,31.1809,37.938,51.2547,60.5716,47.8134,38.9066,64.5935,31.6042,27.1542,24.5522,22.4589,32.8969,31.6042,26.0177,23.8406,21.7885,20.8082,21.1317,82.6878,55.4736,33.3355,29.1212,29.5256,50.0898,47.2553,27.93
1999-02-01 00:00:00,2,23.8406,36.0493,22.7992,19.2404,15.8034,14.756,21.7885,22.7992,19.5475,15.8034,14.0016,20.1713,16.3451,20.4881,15.2737,13.0363,14.756,13.7559,16.6206,20.4881,16.6206,13.2733,14.2501,41.911,70.9542,145.445,93.4229,90.0004,,,
1999-01-01 00:00:00,2,42.9458,33.778,27.5403,85.4834,26.7718,34.2244,91.1379,36.5155,34.6747,32.0312,50.67,25.2779,18.9367,17.1808,105.628,29.5256,25.2779,26.0177,17.4656,15.537,14.756,14.5016,14.0016,16.6206,13.7559,13.5132,14.5016,95.7209,22.7992,18.3387,99.1918
1998-12-01 00:00:00,2,17.7535,14.0016,12.1164,11.8934,14.5016,26.0177,23.49,23.1429,24.1947,14.0016,12.5707,12.1164,11.6732,21.7885,19.2404,22.122,20.1713,16.8992,15.0133,12.3422,26.3929,12.5707,28.3234,28.7204,37.938,34.2244,27.93,29.5256,48.3759,19.8577,19.5475
1998-11-01 00:00:00,2,72.4222,18.3387,26.3929,117.564,23.8406,16.3451,13.0363,11.6732,35.129,31.6042,69.5062,24.5522,15.0133,34.6747,25.2779,14.5016,13.5132,12.3422,13.2733,11.4557,10.2071,16.0727,12.8021,10.0083,11.8934,43.9975,35.129,47.8134,27.1542,18.9367,
1998-10-01 00:00:00,2,6.1178,6.5547,7.1688,9.4273,7.0118,6.2612,5.9767,13.2733,14.0016,9.0528,9.6184,7.8201,6.7048,6.1178,5.7009,7.6537,41.911,15.2737,10.0083,8.3337,7.6537,7.3281,6.8572,6.5547,6.4068,6.2612,6.1178,18.0445,15.537,13.2733,17.7535
1998-09-01 00:00:00,2,6.7048,6.8572,6.2612,6.1178,5.8377,5.7009,5.5662,5.5662,5.5662,5.4337,7.0118,7.1688,5.9767,5.7009,5.5662,5.3033,5.3033,5.3033,5.175,5.175,5.175,5.0488,5.0488,5.0488,4.9246,15.537,14.2501,8.1601,6.7048,6.2612,
1998-08-01 00:00:00,2,6.4068,6.4068,6.4068,6.2612,6.2612,6.2612,7.3281,7.3281,7.8201,8.3337,8.5098,7.8201,7.3281,6.8572,6.7048,6.7048,6.5547,6.4068,6.4068,6.2612,6.2612,6.1178,6.1178,6.1178,5.9767,5.9767,5.8377,5.8377,5.8377,5.7009,6.1178
1998-07-01 00:00:00,2,8.3337,8.1601,8.1601,7.9889,7.9889,7.9889,7.8201,7.8201,7.6537,7.6537,7.6537,7.4897,7.4897,7.4897,7.3281,7.3281,7.3281,7.1688,7.1688,7.0118,7.0118,7.0118,6.8572,6.8572,6.8572,6.7048,6.7048,6.7048,6.5547,6.5547,6.5547
1998-06-01 00:00:00,2,15.537,12.3422,11.0288,10.8194,10.6127,10.4086,10.2071,10.0083,10.0083,9.8121,9.8121,9.6184,9.4273,9.4273,9.2388,9.2388,9.2388,9.2388,9.0528,9.0528,9.0528,8.8693,8.8693,8.6883,8.6883,8.6883,8.5098,8.5098,8.5098,8.3337,
1998-05-01 00:00:00,2,16.0727,14.5016,13.7559,26.3929,39.8915,26.3929,15.0133,13.0363,11.8934,11.4557,11.0288,10.8194,10.6127,10.6127,10.4086,10.2071,10.8194,10.2071,10.0083,9.8121,9.8121,9.8121,9.6184,9.4273,9.4273,9.2388,9.2388,11.8934,10.6127,31.6042,22.4589
1998-04-01 00:00:00,2,19.5475,18.3387,21.4584,14.5016,14.0016,13.7559,13.7559,13.7559,15.0133,33.3355,20.1713,15.8034,12.8021,12.3422,12.3422,12.1164,12.3422,12.3422,12.1164,11.6732,11.4557,11.2409,11.2409,11.0288,11.0288,10.8194,10.8194,10.6127,20.1713,18.6361,
1998-03-01 00:00:00,2,35.129,28.7204,26.7718,25.2779,24.1947,22.7992,21.1317,20.1713,19.2404,18.9367,18.3387,27.5403,25.2779,23.8406,21.7885,20.4881,20.1713,19.5475,18.6361,17.7535,17.7535,27.1542,20.1713,27.5403,16.3451,15.0133,14.756,16.0727,15.0133,14.5016,14.2501
1998-02-01 00:00:00,2,17.4656,16.6206,15.8034,15.2737,20.4881,16.6206,17.4656,24.9133,71.6857,26.3929,29.1212,20.8082,17.1808,25.2779,95.7209,136,80.4669,129.168,49.5141,39.8915,41.3999,59.269,39.8915,62.561,100.938,87.1709,67.3714,54.8572,,,
1998-01-01 00:00:00,2,14.5016,14.2501,32.8969,14.756,31.6042,25.2779,18.3387,16.6206,24.5522,40.3902,20.1713,78.26,41.3999,26.0177,20.1713,16.6206,23.8406,23.1429,92.2788,29.1212,47.2553,21.7885,17.7535,18.6361,21.4584,41.911,23.8406,21.1317,21.7885,21.7885,18.9367
1997-12-01 00:00:00,2,32.0312,53.6382,23.49,17.4656,14.2501,13.2733,65.2807,68.7897,22.4589,23.49,35.5872,18.0445,55.4736,22.7992,26.7718,76.6143,134.129,63.9112,69.5062,106.808,44.5297,31.6042,26.3929,20.1713,18.6361,26.0177,22.4589,18.9367,25.2779,19.5475,16.0727
1997-11-01 00:00:00,2,6.7048,6.4068,6.2612,6.2612,6.1178,6.1178,15.2737,14.2501,7.9889,6.8572,6.5547,6.4068,6.2612,26.0177,16.3451,34.6747,18.0445,18.6361,13.2733,24.5522,16.0727,13.2733,11.6732,10.4086,16.3451,15.537,24.9133,17.1808,26.0177,70.2277,
1997-10-01 00:00:00,2,5.9767,5.8377,5.7009,5.7009,5.5662,5.5662,5.4337,5.4337,5.4337,5.3033,5.3033,5.175,5.0488,5.0488,4.9246,5.9767,5.7009,5.175,5.175,5.0488,63.2337,24.5522,11.8934,10.2071,9.4273,16.6206,27.5403,15.2737,7.9889,7.1688,6.8572
1997-09-01 00:00:00,2,6.1178,6.1178,6.1178,6.2612,5.9767,5.8377,5.8377,5.8377,5.7009,5.7009,5.5662,5.5662,5.5662,5.4337,5.4337,5.8377,6.1178,5.7009,5.5662,5.5662,5.9767,5.7009,5.5662,10.0083,7.0118,6.8572,6.8572,6.4068,6.1178,6.1178,
1997-08-01 00:00:00,2,7.6537,7.6537,7.6537,7.4897,7.4897,7.4897,7.3281,7.3281,7.3281,7.1688,7.1688,7.1688,7.1688,7.0118,7.0118,7.0118,7.0118,6.8572,6.8572,6.8572,6.8572,6.7048,6.7048,6.5547,6.5547,6.4068,6.4068,6.2612,6.2612,6.2612,6.1178
1997-07-01 00:00:00,2,9.2388,9.2388,9.0528,9.0528,9.0528,8.8693,8.8693,8.8693,8.6883,8.6883,8.6883,8.6883,8.5098,8.5098,8.5098,8.3337,8.3337,8.3337,8.1601,8.1601,8.1601,8.1601,7.9889,7.9889,7.9889,7.9889,7.8201,7.8201,7.8201,7.6537,7.6537
1997-06-01 00:00:00,2,10.8194,10.6127,10.6127,18.3387,19.2404,14.2501,11.8934,11.0288,10.8194,10.6127,10.6127,11.2409,11.2409,10.8194,10.6127,10.4086,10.4086,10.2071,10.2071,10.0083,10.0083,9.8121,9.8121,9.6184,9.6184,9.4273,9.4273,9.2388,9.2388,9.2388,
1997-05-01 00:00:00,2,13.5132,13.0363,12.8021,12.5707,12.5707,12.3422,12.3422,12.1164,12.1164,12.1164,11.8934,11.8934,11.8934,11.8934,11.8934,11.6732,11.4557,11.4557,11.4557,11.2409,11.2409,11.0288,11.0288,10.8194,12.5707,12.1164,11.2409,15.0133,15.0133,11.8934,11.4557
1997-04-01 00:00:00,2,28.3234,34.6747,21.1317,18.9367,18.0445,17.4656,77.162,36.0493,20.1713,17.1808,15.8034,15.2737,15.2737,14.756,14.5016,14.2501,14.2501,14.2501,14.5016,14.5016,15.2737,15.2737,14.756,14.5016,14.2501,13.7559,13.7559,15.8034,14.756,14.2501,
1997-03-01 00:00:00,2,40.8535,23.286,26.2938,21.8707,114.552,156.322,78.26,29.1212,21.4584,20.4881,20.1713,19.8577,19.8577,48.9428,29.1212,26.3929,24.9133,20.1713,19.2404,18.3387,17.4656,17.1808,16.6206,16.0727,15.8034,15.537,15.2737,15.2737,15.8034,15.8034,15.8034
1997-02-01 00:00:00,2,60.1017,49.1834,57.8961,54.6774,57.2427,37.3061,32.5979,33.0501,31.7057,29.1255,27.4842,25.5194,31.7057,25.5194,25.1378,30.8297,25.9047,87.1709,83.2452,41.3776,29.5456,25.5194,23.286,21.5259,23.286,39.3073,24.3859,33.9668,,,
1997-01-01 00:00:00,2,127.935,203.601,312.391,448.698,201.546,164.108,119.986,92.2788,78.26,82.1312,108.584,88.3002,67.4444,78.8104,95.1452,110.367,65.8546,95.7209,73.8894,62.7016,54.6774,48.5963,40.8535,45.7297,60.1017,109.178,155.033,175.947,233.567,72.2655,69.5776
1996-12-01 00:00:00,2,16.7738,17.363,20.5129,78.26,22.219,21.8707,21.8707,15.635,17.6626,13.2606,11.8172,29.1255,30.3976,44.6149,77.7106,39.3073,137.251,40.8535,23.286,26.6868,52.1885,41.3776,79.3617,49.1834,34.9,124.864,78.26,82.6878,55.9504,55.9504,54.6774
1996-11-01 00:00:00,2,7.7564,7.582,7.7564,22.5711,18.5818,12.5253,9.2473,8.1132,7.4102,7.4102,7.2409,7.2409,7.0742,7.0742,13.7662,70.1133,26.2938,31.7057,22.9267,33.9668,72.2655,136,109.178,42.9763,22.219,16.1978,15.635,16.1978,17.0667,17.0667,
1996-10-01 00:00:00,2,6.5892,6.4325,6.2783,6.2783,6.1265,7.9335,7.9335,7.7564,7.582,7.4102,7.2409,7.0742,6.7483,6.4325,6.2783,6.2783,5.8302,5.5434,5.5434,5.5434,5.5434,5.5434,5.5434,9.6472,9.4459,8.2955,8.4804,7.4102,7.0742,7.2409,7.4102
1996-09-01 00:00:00,2,6.5892,6.2783,6.1265,13.5119,11.8172,16.1978,14.2843,11.1358,10.6962,11.1358,11.8172,11.8172,9.8514,9.0515,7.7564,6.5892,8.2955,7.0742,6.5892,6.4325,6.4325,6.1265,5.8302,5.4036,12.5253,14.2843,7.582,6.1265,5.8302,5.8302,
1996-08-01 00:00:00,2,5.9771,5.8302,5.6856,5.6856,5.5434,5.5434,5.4036,5.4036,5.4036,5.4036,5.8302,5.8302,5.8302,5.8302,7.2409,6.5892,6.2783,5.9771,5.8302,5.6856,5.5434,5.5434,5.4036,5.4036,5.4036,5.2661,5.2661,5.1309,5.1309,6.4325,7.0742
1996-07-01 00:00:00,2,7.582,7.4102,7.2409,7.2409,7.2409,7.0742,7.0742,7.0742,6.91,6.91,6.7483,6.7483,6.7483,6.5892,6.5892,6.4325,6.4325,6.4325,6.2783,6.2783,6.2783,6.2783,6.1265,6.1265,6.1265,6.1265,5.9771,5.9771,5.9771,5.9771,5.9771
1996-06-01 00:00:00,2,9.2473,9.0515,9.0515,8.8584,8.8584,8.6681,8.6681,8.4804,8.4804,8.4804,8.4804,8.2955,8.2955,8.2955,8.2955,8.2955,8.1132,8.1132,8.1132,8.1132,8.1132,7.9335,7.9335,7.9335,7.9335,7.7564,7.7564,7.7564,7.7564,7.582,
1996-05-01 00:00:00,2,10.2681,10.0583,10.0583,9.8514,9.8514,9.6472,9.6472,9.4459,9.4459,9.4459,9.4459,9.4459,9.2473,9.2473,9.6472,9.8514,9.8514,9.8514,13.7662,12.7673,15.635,13.0124,14.0237,12.5253,10.6962,10.0583,9.8514,9.6472,9.4459,9.2473,9.2473
1996-04-01 00:00:00,2,14.0237,13.5119,13.2606,13.0124,12.7673,12.5253,12.2862,11.8172,11.36,11.8172,11.36,16.4842,13.7662,11.36,15.3584,27.4842,52.8036,38.8006,25.5194,17.363,12.5253,12.0502,11.5871,11.36,11.1358,10.9145,10.6962,10.6962,10.4807,10.4807,
1996-03-01 00:00:00,2,15.635,15.9148,24.76,26.6868,17.0667,19.8553,34.9,51.5781,33.5064,30.3976,40.8535,25.5194,21.1847,18.272,25.5194,62.7016,31.2657,25.5194,32.1498,26.2938,28.7093,22.5711,29.9696,35.3728,27.0836,21.5259,17.6626,16.4842,15.635,15.0851,14.5481
1996-02-01 00:00:00,2,11.36,11.5871,11.36,11.1358,10.9145,10.9145,58.5541,23.6489,20.5129,35.3728,31.7057,30.8297,20.1824,126.704,25.5194,15.9148,14.0237,12.7673,11.1358,10.9145,11.1358,13.7662,20.847,19.2116,14.2843,15.635,27.4842,23.286,16.4842,,
1996-01-01 00:00:00,2,24.3859,98.6113,44.6149,26.2938,30.3976,32.5979,71.1875,42.4389,47.436,34.4313,46.2939,100.355,98.6113,31.2657,23.6489,21.8707,18.895,16.4842,15.0851,14.2843,21.1847,20.5129,17.6626,21.5259,15.3584,14.0237,13.0124,12.0502,11.36,11.36,11.36
1995-12-01 00:00:00,2,9.2473,31.7057,11.1358,9.0515,7.7564,7.0742,6.5892,6.2783,5.9771,5.6856,7.0742,11.5871,63.2246,75.5216,24.0156,16.1978,10.9145,17.363,12.0502,12.7673,20.1824,57.8961,33.9668,56.5942,41.906,20.1824,61.1386,70.6499,51.5781,21.5259,17.0667
1995-11-01 00:00:00,2,8.6681,20.847,12.0502,9.6472,8.1132,7.0742,6.7483,6.4325,6.4325,6.2783,6.1265,5.8302,13.0124,12.2862,16.4842,22.5711,14.2843,9.2473,8.8584,8.4804,8.2955,8.1132,7.9335,6.5892,6.2783,5.9771,5.9771,5.8302,5.6856,5.6856,
1995-10-01 00:00:00,2,6.5892,6.1265,5.8302,5.6856,5.5434,5.4036,5.4036,5.9771,10.6962,11.5871,6.91,6.2783,10.2681,10.0583,9.8514,8.6681,7.582,6.4325,6.2783,6.1265,5.9771,5.8302,5.6856,5.5434,5.4036,5.2661,4.998,4.8673,4.8673,5.2661,11.36
1995-09-01 00:00:00,2,5.4036,5.4036,5.2661,5.2661,5.2661,5.2661,5.1309,5.1309,5.1309,5.1309,4.998,4.998,4.998,4.8673,4.8673,4.8673,4.8673,8.6681,6.7483,6.91,6.91,6.1265,5.6856,5.5434,5.4036,5.4036,8.4804,7.9335,6.7483,7.0742,
1995-08-01 00:00:00,2,7.0742,6.91,6.91,6.7483,6.7483,6.7483,6.5892,6.5892,6.4325,6.4325,6.2783,6.2783,6.1265,6.1265,5.9771,5.9771,5.8302,5.8302,5.8302,5.8302,5.8302,5.6856,5.6856,5.6856,5.6856,5.5434,5.5434,5.5434,5.5434,5.5434,5.4036
1995-07-01 00:00:00,2,8.4804,8.4804,8.4804,8.4804,8.2955,8.2955,8.2955,8.1132,8.1132,8.1132,8.1132,7.9335,7.9335,7.9335,7.7564,7.7564,7.582,7.582,7.4102,7.4102,7.9335,7.7564,7.7564,7.582,7.582,7.4102,7.4102,7.2409,7.2409,7.2409,7.0742
1995-06-01 00:00:00,2,10.6962,10.4807,10.4807,10.2681,10.2681,10.0583,10.0583,9.8514,9.6472,9.6472,9.6472,9.6472,9.4459,9.4459,9.2473,9.2473,9.2473,9.2473,9.2473,9.2473,9.0515,9.0515,9.0515,9.0515,8.8584,8.8584,8.6681,8.6681,8.6681,8.4804,
1995-05-01 00:00:00,2,12.2862,12.0502,12.0502,11.8172,11.8172,23.6489,29.1255,18.5818,15.635,14.0237,14.0237,13.5119,13.0124,12.7673,12.5253,12.2862,12.0502,13.7662,14.0237,12.0502,11.5871,11.36,11.36,11.36,15.3584,13.0124,11.36,11.36,11.1358,10.9145,10.6962
1995-04-01 00:00:00,2,59.0689,25.9047,21.5259,19.2116,18.5818,17.9656,17.363,16.7738,16.1978,16.4842,15.9148,15.9148,16.1978,15.3584,14.815,14.5481,14.2843,14.0237,14.0237,13.7662,14.5481,15.3584,18.272,14.2843,13.7662,13.2606,13.0124,12.7673,12.7673,12.5253,
1995-03-01 00:00:00,2,22.219,21.5259,20.847,20.1824,19.5317,39.8183,29.5456,27.0836,68.5091,34.4313,22.9267,17.6626,18.272,25.9047,56.5942,22.5711,20.847,18.5818,17.363,15.635,15.3584,48.5963,25.5194,24.76,20.1824,19.5317,19.8553,17.6626,16.1978,16.7738,83.2452
1995-02-01 00:00:00,2,27.8887,62.1796,38.2981,197.452,54.6774,29.1255,69.0429,213.946,249.975,103.864,118.168,101.521,76.6143,80.4669,64.7997,124.864,90.5687,100.938,40.8535,141.649,125.477,60.6197,38.2981,32.5979,29.5456,26.6868,24.76,23.286,,,
1995-01-01 00:00:00,2,21.8707,38.2981,95.7209,248.538,83.2452,53.4234,27.8887,24.3859,18.895,16.4842,15.0851,14.815,14.0237,12.7673,12.5253,12.2862,12.0502,13.0124,11.8172,13.7662,40.3337,18.5818,18.895,12.7673,11.36,29.1255,29.9696,18.272,15.635,11.5871,25.9047
1994-12-01 00:00:00,2,13.5119,10.6962,9.4459,8.8584,9.8514,29.9696,16.1978,15.0851,12.5253,19.8553,13.0124,12.7673,12.5253,12.0502,10.4807,9.0515,20.1824,21.5259,15.0851,13.5119,10.9145,27.0836,118.168,37.8,34.9,23.6489,31.7057,19.2116,15.3584,13.7662,11.8172
1994-11-01 00:00:00,2,6.7483,6.5892,6.2783,5.9771,5.8302,5.6856,5.5434,6.7483,7.9335,5.9771,5.9771,5.9771,5.4036,9.4459,13.5119,11.5871,7.2409,6.1265,54.048,26.2938,14.5481,10.2681,12.0502,14.815,13.0124,9.8514,9.0515,15.635,30.8297,25.1378,
1994-10-01 00:00:00,2,5.5434,5.4036,5.2661,5.1309,4.998,5.9771,12.5253,7.4102,6.2783,5.6856,5.5434,5.4036,5.2661,5.2661,8.1132,55.3115,12.5253,8.1132,7.9335,6.5892,6.2783,6.1265,6.5892,6.1265,5.9771,6.2783,6.91,55.3115,13.5119,8.2955,7.2409
1994-09-01 00:00:00,2,6.5892,6.5892,6.5892,6.4325,6.4325,6.4325,6.4325,6.4325,6.2783,6.2783,6.1265,6.1265,6.1265,5.9771,5.9771,5.8302,5.8302,5.8302,5.8302,5.8302,5.6856,5.6856,5.5434,5.5434,5.4036,5.4036,5.4036,5.5434,5.8302,5.8302,
1994-08-01 00:00:00,2,8.1132,8.1132,8.1132,7.9335,7.9335,7.7564,7.7564,7.582,7.582,7.582,7.582,7.582,7.582,7.4102,7.4102,7.4102,7.4102,7.2409,7.2409,7.2409,7.0742,7.0742,7.0742,7.0742,6.91,6.91,6.91,6.7483,6.7483,6.7483,6.7483
1994-07-01 00:00:00,2,10.0583,9.8514,9.8514,9.8514,9.8514,9.6472,9.6472,9.6472,9.4459,9.4459,9.2473,9.2473,9.0515,9.0515,9.0515,8.8584,8.8584,8.8584,8.8584,8.6681,8.6681,8.6681,9.0515,9.0515,8.8584,8.6681,8.4804,8.4804,8.2955,8.2955,8.2955
1994-06-01 00:00:00,2,12.7673,12.5253,12.2862,12.2862,12.0502,11.8172,11.8172,11.5871,11.36,11.36,11.1358,11.1358,11.1358,10.9145,10.9145,10.9145,10.9145,10.9145,10.6962,10.9145,11.36,10.6962,10.6962,10.6962,10.4807,10.4807,10.2681,10.2681,10.2681,10.0583,
1994-05-01 00:00:00,2,14.2843,14.0237,13.5119,13.2606,13.0124,13.0124,12.7673,12.5253,12.5253,12.2862,12.2862,12.0502,12.5253,48.0138,78.8104,55.3115,19.5317,14.815,14.2843,14.0237,13.7662,14.815,13.7662,13.5119,13.2606,13.5119,13.7662,15.635,14.2843,13.2606,12.7673
1994-04-01 00:00:00,2,38.8006,26.6868,24.0156,19.8553,19.8553,18.5818,20.5129,19.8553,19.2116,18.5818,17.9656,17.363,16.7738,16.1978,15.635,24.76,18.895,16.7738,16.4842,15.9148,15.635,15.3584,15.3584,15.0851,16.4842,15.9148,15.635,15.3584,15.0851,14.5481,
1994-03-01 00:00:00,2,24.76,19.2116,34.9,23.286,17.9656,28.7093,39.3073,28.7093,23.286,20.5129,83.8034,31.7057,25.5194,22.9267,22.5711,33.0501,24.76,25.1378,41.3776,65.8546,51.5781,37.3061,27.0836,35.8498,33.9668,33.0501,40.8535,33.0501,25.5194,22.9267,29.1255
1994-02-01 00:00:00,2,27.4842,26.2938,24.76,21.8707,21.8707,20.5129,29.5456,22.219,19.5317,24.0156,22.219,18.895,40.8535,21.1847,20.1824,22.219,22.5711,21.8707,21.1847,19.5317,16.7738,16.1978,15.9148,17.0667,19.8553,20.5129,29.1255,42.9763,,,
1994-01-01 00:00:00,2,234.275,77.7106,116.357,410.026,149.263,90.0004,113.353,84.9225,45.1701,64.2737,60.1017,124.864,84.3626,84.9225,167.377,142.28,61.1386,55.3115,40.8535,77.162,50.3714,48.5963,96.8747,132.264,52.1885,50.3714,48.5963,39.8183,31.7057,55.3115,31.7057
1993-12-01 00:00:00,2,7.4102,7.4102,7.0742,8.1132,17.363,10.4807,8.6681,9.8514,13.7662,15.635,16.1978,19.5317,24.76,22.219,13.2606,11.1358,9.8514,9.6472,11.36,16.4842,33.9668,14.815,12.0502,24.0156,52.1885,25.9047,18.5818,42.4389,59.5848,39.8183,83.2452
1993-11-01 00:00:00,2,8.8584,8.8584,10.9145,13.7662,10.0583,9.4459,12.2862,12.5253,12.0502,9.6472,8.8584,8.1132,7.9335,7.582,7.4102,7.2409,6.91,6.91,9.6472,8.6681,11.8172,9.0515,8.2955,12.0502,10.6962,8.2955,17.363,11.1358,8.6681,7.7564,
1993-10-01 00:00:00,2,8.2955,10.6962,13.7662,10.6962,33.9668,21.8707,13.5119,10.2681,9.0515,8.4804,8.2955,7.9335,7.582,7.2409,7.0742,7.0742,11.1358,9.0515,9.0515,13.5119,11.8172,13.5119,14.2843,12.2862,26.2938,41.906,21.5259,17.6626,11.1358,10.0583,9.4459
1993-09-01 00:00:00,2,7.4102,7.4102,7.2409,7.2409,7.0742,7.0742,7.0742,6.91,6.91,6.91,6.91,8.6681,7.9335,7.582,7.4102,7.582,7.9335,7.4102,7.0742,7.2409,7.0742,6.91,6.91,8.8584,11.5871,10.2681,12.7673,12.7673,9.4459,8.6681,
1993-08-01 00:00:00,2,8.8584,8.8584,8.8584,8.6681,8.6681,8.4804,8.4804,8.4804,8.2955,8.2955,8.2955,8.1132,8.1132,8.1132,8.8584,10.9145,10.0583,9.0515,9.0515,8.4804,8.4804,8.4804,8.4804,8.4804,8.4804,8.4804,8.1132,7.9335,7.7564,7.7564,7.582
1993-07-01 00:00:00,2,10.9145,10.9145,10.6962,10.6962,10.4807,10.4807,10.4807,10.2681,10.2681,10.2681,10.0583,10.0583,10.0583,9.8514,9.8514,9.8514,9.8514,9.6472,9.6472,9.4459,9.4459,9.2473,9.2473,9.2473,9.0515,9.0515,9.0515,9.0515,9.0515,8.8584,8.8584
1993-06-01 00:00:00,2,15.3584,14.0237,13.2606,13.0124,13.7662,19.5317,18.895,15.3584,18.895,14.815,13.5119,13.2606,13.0124,12.7673,12.7673,12.5253,12.2862,12.2862,12.2862,12.2862,12.0502,11.8172,11.8172,11.8172,11.5871,11.36,11.36,11.1358,11.1358,10.9145,
1993-05-01 00:00:00,2,17.363,17.0667,21.1847,17.6626,17.363,17.9656,17.0667,16.7738,16.4842,15.9148,15.635,15.3584,15.0851,15.0851,14.815,14.815,14.5481,14.5481,14.2843,14.0237,14.0237,13.7662,13.7662,13.5119,13.5119,13.5119,13.2606,13.2606,13.0124,13.0124,13.2606
1993-04-01 00:00:00,2,32.5979,28.297,96.8747,49.1834,52.1885,35.3728,31.7057,42.9763,37.8,31.7057,67.4444,32.1498,27.4842,24.76,27.8887,24.3859,22.5711,21.8707,21.1847,20.847,20.1824,19.8553,19.2116,20.1824,20.1824,19.2116,18.5818,17.9656,17.6626,17.363,
1993-03-01 00:00:00,2,63.7487,65.8546,40.8535,35.8498,32.1498,30.8297,29.1255,27.4842,26.6868,25.9047,104.451,30.3976,33.9668,27.4842,26.6868,28.7093,39.3073,25.5194,25.1378,24.76,62.1796,29.9696,24.76,23.6489,136.625,46.8627,105.039,48.0138,37.8,72.8059,49.7751
1993-02-01 00:00:00,2,23.286,19.2116,38.8006,25.9047,32.5979,309.622,124.864,87.7351,114.552,70.1133,99.773,96.2974,69.5776,68.5091,158.908,146.715,81.5756,55.3115,78.26,44.0642,41.3776,65.3267,82.1312,227.217,71.726,80.4669,88.8661,60.1017,,,
1993-01-01 00:00:00,2,16.4842,15.3584,14.5481,86.045,22.9267,29.5456,42.9763,24.0156,24.3859,21.5259,53.4234,38.2981,21.1847,18.5818,17.0667,16.1978,37.3061,22.5711,25.5194,19.5317,21.1847,30.8297,38.8006,30.3976,27.8887,57.2427,35.8498,23.6489,21.8707,34.4313,38.8006
1992-12-01 00:00:00,2,14.5481,71.1875,19.5317,17.9656,16.7738,16.7738,17.363,25.9047,33.0501,16.4842,34.9,69.0429,37.3061,22.219,17.6626,16.1978,15.635,55.3115,31.2657,21.5259,65.8546,20.1824,17.363,16.1978,15.3584,16.4842,25.9047,52.1885,18.5818,23.6489,17.9656
1992-11-01 00:00:00,2,76.6143,42.9763,57.8961,22.5711,54.6774,40.8535,42.4389,28.297,36.8164,32.5979,66.9135,33.9668,28.7093,26.6868,19.8553,19.5317,16.1978,17.6626,14.5481,13.7662,15.0851,20.1824,16.1978,15.9148,13.7662,33.5064,22.9267,18.895,17.6626,15.635,
1992-10-01 00:00:00,2,10.6962,11.8172,17.6626,10.4807,9.6472,11.1358,9.0515,20.5129,65.3267,21.1847,13.5119,11.1358,11.1358,10.9145,10.2681,10.0583,13.5119,10.2681,10.0583,9.8514,19.8553,11.36,63.7487,17.363,14.2843,11.36,11.1358,11.8172,39.8183,22.5711,59.5848
1992-09-01 00:00:00,2,7.7564,7.582,7.582,7.582,8.6681,20.5129,15.635,10.4807,8.8584,8.2955,8.1132,8.2955,8.2955,8.1132,8.1132,8.6681,8.4804,11.36,11.36,9.6472,9.2473,8.6681,8.2955,8.1132,7.9335,13.7662,13.7662,17.6626,11.8172,11.1358,
1992-08-01 00:00:00,2,9.0515,9.0515,8.8584,8.8584,8.8584,8.8584,8.6681,8.6681,8.6681,8.6681,8.4804,8.4804,8.4804,8.2955,8.2955,8.2955,8.2955,8.2955,8.2955,9.2473,8.8584,8.6681,8.4804,8.4804,8.2955,8.1132,7.9335,7.9335,8.1132,8.2955,7.9335
1992-07-01 00:00:00,2,11.1358,11.1358,11.1358,10.9145,10.9145,10.6962,10.6962,10.6962,11.1358,11.1358,10.9145,10.6962,10.4807,10.4807,10.2681,10.2681,10.0583,10.0583,9.8514,9.8514,9.6472,9.6472,9.6472,9.6472,9.6472,9.4459,9.4459,9.4459,9.4459,9.2473,9.2473
1992-06-01 00:00:00,2,14.815,14.5481,14.2843,14.2843,14.0237,14.0237,13.7662,13.7662,13.5119,13.5119,13.2606,13.2606,13.0124,13.0124,12.7673,12.7673,12.5253,12.5253,12.2862,12.2862,12.0502,12.0502,11.8172,11.8172,11.5871,11.5871,11.5871,11.36,11.36,11.36,
1992-05-01 00:00:00,2,33.0501,22.5711,27.4842,60.6197,81.5756,40.3337,27.0836,25.1378,21.8707,20.847,20.5129,19.5317,19.2116,19.8553,19.2116,18.272,17.6626,17.363,17.0667,16.7738,16.7738,16.4842,16.7738,16.7738,16.4842,15.9148,15.9148,15.635,15.3584,15.0851,14.815
1992-04-01 00:00:00,2,21.1847,36.8164,49.1834,29.5456,22.219,21.1847,23.6489,20.847,19.8553,22.219,19.8553,18.895,18.5818,18.5818,19.5317,20.1824,22.219,19.5317,17.9656,17.9656,21.1847,17.6626,17.363,35.3728,53.4234,124.252,51.5781,26.2938,22.219,25.9047,
1992-03-01 00:00:00,2,44.0642,111.559,102.106,49.7751,41.906,33.5064,38.8006,32.1498,30.8297,30.3976,28.297,61.1386,48.5963,34.9,32.1498,27.4842,25.5194,28.7093,63.2246,54.048,28.7093,27.4842,24.3859,23.6489,22.9267,31.2657,31.7057,24.0156,22.5711,21.1847,21.5259
1992-02-01 00:00:00,2,160.853,156.322,413.111,513.106,270.985,394.733,272.738,187.973,177.274,134.129,93.9962,77.162,73.3472,61.6586,54.048,48.5963,44.0642,40.3337,37.3061,34.9,33.0501,31.7057,31.2657,30.3976,33.0501,31.2657,29.5456,31.7057,36.331,,
1992-01-01 00:00:00,2,44.6149,34.4313,29.9696,25.9047,70.6499,41.906,16.7738,13.5119,11.8172,11.1358,10.9145,10.9145,76.0675,111.559,41.906,88.8661,326.38,147.988,168.689,244.239,114.552,93.9962,344.436,221.607,86.6076,65.8546,50.9724,59.5848,44.0642,35.8498,76.6143
1991-12-01 00:00:00,2,10.0583,7.9335,7.2409,6.4325,6.1265,5.9771,14.0237,13.5119,12.0502,17.363,12.2862,52.1885,27.8887,22.5711,44.6149,23.286,22.5711,13.7662,11.36,10.9145,11.5871,10.9145,11.8172,9.2473,32.1498,48.0138,56.5942,66.3836,24.76,16.4842,19.2116
1991-11-01 00:00:00,2,6.4325,14.2843,10.4807,7.4102,6.7483,6.2783,5.9771,7.0742,12.5253,10.6962,7.7564,10.6962,12.2862,11.5871,9.8514,8.1132,7.2409,6.7483,6.4325,7.4102,7.4102,6.7483,6.4325,6.1265,7.2409,8.2955,6.1265,6.91,6.1265,8.4804,
1991-10-01 00:00:00,2,18.272,12.5253,8.6681,7.7564,6.91,6.7483,20.847,14.0237,10.0583,9.0515,8.6681,8.4804,8.2955,8.1132,7.9335,7.582,7.7564,7.4102,7.0742,6.7483,6.5892,6.5892,6.4325,6.1265,6.1265,5.9771,5.9771,5.8302,5.8302,5.6856,6.7483
1991-09-01 00:00:00,2,7.0742,7.0742,6.91,6.91,6.91,6.91,6.7483,6.7483,6.5892,6.5892,6.5892,6.4325,6.4325,6.4325,6.4325,6.4325,6.5892,6.5892,6.4325,6.7483,6.91,6.5892,6.4325,6.4325,6.4325,7.0742,6.7483,6.4325,8.1132,8.4804,
1991-08-01 00:00:00,2,8.6681,8.6681,8.6681,8.6681,8.4804,8.4804,8.4804,8.2955,8.2955,8.1132,8.1132,7.9335,7.9335,7.7564,7.7564,7.582,7.582,7.4102,7.4102,7.4102,7.582,7.582,7.4102,7.4102,7.4102,7.2409,7.2409,7.2409,7.2409,7.0742,7.0742
1991-07-01 00:00:00,2,10.6962,10.6962,10.4807,10.4807,10.4807,10.2681,10.2681,10.0583,10.0583,10.0583,9.8514,9.8514,10.2681,10.4807,10.0583,10.0583,10.0583,9.6472,9.6472,9.4459,9.4459,9.4459,9.2473,9.2473,9.2473,9.0515,9.0515,9.0515,8.8584,8.8584,8.8584
1991-06-01 00:00:00,2,14.0237,14.0237,13.7662,13.5119,13.5119,13.2606,13.2606,13.2606,13.0124,12.7673,12.7673,12.5253,12.2862,12.2862,12.2862,12.2862,12.0502,11.8172,11.8172,11.5871,11.5871,11.36,11.36,11.1358,11.1358,10.9145,10.9145,10.9145,10.9145,10.9145,
1991-05-01 00:00:00,2,20.847,20.1824,19.8553,19.5317,18.895,18.5818,18.272,17.9656,17.6626,17.6626,17.0667,17.0667,16.7738,16.4842,16.1978,31.2657,19.8553,17.363,16.7738,16.1978,16.7738,17.363,16.1978,15.635,15.3584,15.0851,14.815,14.5481,14.5481,14.2843,14.2843
1991-04-01 00:00:00,2,254.552,187.3,105.039,83.8034,57.8961,66.3836,54.6774,49.1834,63.7487,45.7297,39.8183,36.8164,34.4313,33.0501,36.331,50.9724,29.9696,36.331,33.5064,70.6499,33.0501,27.0836,25.5194,24.3859,23.6489,22.9267,39.8183,24.0156,22.219,21.5259,
1991-03-01 00:00:00,2,24.0156,43.518,46.2939,54.048,162.804,118.773,153.104,95.7209,42.4389,36.8164,32.5979,33.5064,38.2981,50.3714,30.3976,27.0836,24.3859,23.286,31.2657,36.8164,32.5979,38.8006,25.1378,21.1847,46.8627,40.3337,215.334,293.207,142.912,257.978,404.903
1991-02-01 00:00:00,2,132.885,108.584,50.3714,33.0501,33.0501,44.0642,65.3267,65.8546,41.3776,71.726,41.3776,41.3776,32.5979,29.5456,54.048,116.357,74.4325,131.023,37.8,29.1255,27.0836,24.76,29.5456,24.0156,25.5194,19.8553,80.4669,26.2938,,,
1991-01-01 00:00:00,2,5.4639,5.1825,5.3222,9.7112,35.9867,223.707,27.0836,22.5711,33.9668,28.7093,37.3061,36.8164,116.96,240.669,116.96,52.8036,33.5064,26.6868,20.5129,69.0429,38.8006,26.2938,49.1834,41.906,21.5259,24.0156,61.1386,104.451,314.243,175.284,83.2452
1990-12-01 00:00:00,2,5.7537,5.6078,5.4639,5.3222,5.1825,4.9095,4.6448,4.7761,4.9095,7.5012,7.3315,7.5012,6.8355,9.3204,10.1111,7.8473,7.164,10.7281,10.1111,14.3726,8.7512,6.6745,6.8355,6.6745,6.359,16.8562,10.3145,7.6731,8.9387,6.9986,5.9018
1990-11-01 00:00:00,2,5.1825,6.359,5.6078,6.359,16.8562,16.2566,10.5201,7.8473,7.164,6.8355,6.6745,6.5156,6.2045,6.2045,5.9018,5.4639,5.1825,5.0449,4.9095,7.3315,8.3829,6.0521,5.4639,5.1825,20.04,10.5201,9.5147,8.0236,6.5156,6.5156,
1990-10-01 00:00:00,2,5.1825,6.0521,20.7143,9.1284,6.9986,6.0521,5.6078,5.3222,5.1825,5.0449,5.0449,4.9095,8.5659,7.5012,8.0236,5.6078,8.0236,17.4681,15.3785,17.4681,9.5147,7.6731,6.9986,6.9986,12.704,7.3315,6.5156,6.2045,5.9018,5.6078,5.4639
1990-09-01 00:00:00,2,6.2045,16.5548,10.1111,8.0236,6.8355,6.5156,6.2045,6.0521,5.9018,5.6078,5.6078,5.4639,5.6078,6.8355,9.3204,8.5659,7.164,6.359,6.0521,5.7537,5.6078,5.4639,5.3222,5.4639,5.4639,5.3222,5.1825,5.0449,5.0449,4.9095,
1990-08-01 00:00:00,2,5.4639,5.4639,5.4639,5.4639,5.4639,5.4639,5.4639,5.4639,5.4639,5.4639,5.4639,5.3222,5.1825,5.1825,5.1825,5.0449,5.0449,5.7537,5.6078,9.91,10.1111,8.3829,6.2045,6.359,6.0521,5.9018,5.7537,6.359,6.8355,6.9986,6.5156
1990-07-01 00:00:00,2,6.8355,6.8355,6.8355,6.8355,6.8355,7.3315,8.0236,8.5659,7.6731,7.6731,7.5012,7.3315,7.3315,7.164,6.9986,6.9986,6.8355,6.6745,6.5156,6.5156,6.359,6.359,6.2045,6.2045,6.2045,6.0521,5.9018,5.9018,5.7537,5.7537,5.6078
1990-06-01 00:00:00,2,8.7512,8.7512,8.5659,8.5659,8.3829,8.3829,8.3829,8.2022,8.2022,8.0236,8.0236,7.8473,7.8473,7.8473,7.6731,7.6731,7.6731,7.5012,7.5012,7.5012,7.3315,7.3315,7.3315,7.164,6.9986,6.9986,6.9986,6.9986,6.8355,6.8355,
1990-05-01 00:00:00,2,10.7281,11.3658,18.7291,13.1689,11.8025,11.583,12.704,11.1509,10.9383,10.7281,10.9383,11.3658,11.1509,10.7281,10.5201,10.3145,14.3726,13.8839,12.2486,10.7281,10.3145,9.91,9.7112,9.7112,9.5147,9.5147,9.3204,9.1284,9.1284,8.9387,8.7512
1990-04-01 00:00:00,2,11.8025,11.1509,10.7281,13.1689,17.7787,11.8025,11.1509,10.9383,10.5201,11.3658,14.3726,10.9383,10.5201,13.1689,15.9613,21.4013,50.3583,62.3197,90.0004,22.8133,18.0924,15.1234,14.1271,13.6432,13.1689,12.2486,12.0244,11.583,11.3658,11.1509,
1990-03-01 00:00:00,2,97.4528,23.9059,14.3726,12.4751,15.3785,12.0244,16.5548,12.4751,12.4751,10.7281,10.3145,9.91,9.5147,9.7112,10.5201,10.3145,9.91,13.6432,21.0562,14.6204,16.5548,20.7143,19.3783,29.3905,15.9613,13.6432,66.1909,28.1613,15.3785,12.9353,12.0244
1990-02-01 00:00:00,2,10.3145,10.1111,10.1111,9.91,9.7112,9.3204,9.1284,8.9387,8.7512,8.5659,9.91,10.3145,31.9386,17.1606,14.3726,10.7281,10.5201,10.3145,9.7112,9.3204,9.1284,10.7281,12.2486,12.0244,11.8025,11.583,19.0521,23.1743,,,
1990-01-01 00:00:00,2,117.564,110.367,118.773,163.456,153.747,68.8452,41.3084,32.3749,28.9775,22.4555,21.4013,20.7143,23.1743,18.0924,15.9613,15.1234,14.3726,13.8839,13.1689,12.704,12.4751,12.0244,11.8025,15.3785,13.8839,12.2486,11.583,11.1509,11.3658,10.9383,10.5201
1989-12-01 00:00:00,2,8.5659,8.5659,7.6731,7.164,6.8355,8.9387,11.583,7.8473,6.9986,6.6745,11.8025,50.9223,51.4899,86.045,74.4325,65.5366,35.9867,37.8739,30.6496,159.555,41.3084,25.0274,18.7291,15.9613,14.3726,13.6432,14.8707,15.6692,15.1234,37.8739,28.5677
1989-11-01 00:00:00,2,4.5155,10.1111,8.2022,6.6745,6.0521,5.3222,4.9095,4.6448,11.3658,7.164,15.3785,25.7913,23.1743,12.704,8.7512,10.9383,16.8562,19.3783,23.5385,18.0924,32.3749,16.8562,20.04,12.9353,10.3145,9.3204,8.2022,8.5659,10.9383,10.7281,
1989-10-01 00:00:00,2,6.8355,6.8355,5.9018,7.8473,8.0236,6.2045,6.8355,7.8473,6.359,5.6078,5.6078,5.7537,5.6078,5.3222,5.0449,5.7537,9.3204,6.9986,5.6078,5.4639,7.3315,5.6078,7.8473,5.9018,7.3315,5.4639,5.0449,4.9095,4.7761,4.7761,4.6448
1989-09-01 00:00:00,2,6.2045,5.9018,5.7537,5.7537,5.9018,6.5156,6.2045,5.7537,6.0521,6.0521,6.0521,6.0521,5.6078,6.359,6.359,5.6078,5.3222,5.1825,5.0449,6.0521,5.3222,5.0449,5.4639,5.1825,5.0449,5.6078,5.4639,5.4639,6.5156,7.5012,
1989-08-01 00:00:00,2,7.5012,6.5156,6.0521,5.9018,5.7537,5.7537,6.9986,6.0521,5.7537,5.7537,5.6078,5.4639,5.4639,5.4639,5.3222,5.3222,5.3222,5.3222,5.3222,5.1825,5.1825,5.1825,5.1825,5.1825,5.1825,15.3785,9.1284,10.1111,8.2022,6.8355,6.359
1989-07-01 00:00:00,2,6.9986,6.9986,6.9986,6.8355,6.8355,6.8355,6.6745,6.6745,6.6745,6.6745,6.5156,6.5156,6.5156,6.359,6.359,6.359,6.2045,6.2045,6.2045,6.2045,6.0521,6.0521,6.0521,5.9018,5.9018,5.9018,5.7537,5.7537,5.7537,6.2045,7.5012
1989-06-01 00:00:00,2,8.2022,8.2022,8.0236,8.0236,8.0236,7.8473,7.8473,7.8473,8.2022,8.0236,11.583,13.4049,9.1284,8.3829,8.0236,7.8473,7.8473,7.8473,7.8473,7.6731,7.6731,7.6731,7.5012,7.5012,7.3315,7.3315,7.164,7.164,7.164,6.9986,
1989-05-01 00:00:00,2,9.91,12.704,20.3756,13.1689,11.3658,14.3726,11.583,10.7281,10.3145,10.1111,9.91,9.91,9.7112,9.7112,9.5147,9.5147,9.3204,9.3204,9.1284,8.9387,8.9387,8.9387,8.7512,8.7512,8.7512,8.5659,8.5659,8.3829,8.3829,8.2022,8.2022
1989-04-01 00:00:00,2,12.0244,11.8025,11.583,11.8025,11.8025,11.3658,17.4681,19.3783,12.704,11.583,15.1234,33.2577,43.8652,18.7291,14.6204,13.8839,13.4049,12.4751,12.0244,12.2486,11.583,11.1509,11.1509,10.9383,10.9383,10.7281,10.5201,10.3145,10.1111,10.1111,
1989-03-01 00:00:00,2,18.0924,34.607,77.162,83.2452,54.9703,30.2266,22.4555,16.2566,33.2577,21.4013,17.4681,18.0924,42.8321,29.3905,30.6496,28.5677,31.9386,19.3783,16.8562,15.9613,15.3785,15.1234,14.6204,13.8839,13.8839,13.6432,13.1689,12.9353,12.4751,12.4751,12.2486
1989-02-01 00:00:00,2,10.3145,10.1111,10.9383,10.9383,11.583,14.1271,18.0924,21.4013,29.3905,96.8747,26.5682,29.3905,35.9867,39.3252,80.4669,53.214,85.4834,33.7041,48.6875,24.6504,23.9059,82.6878,33.2577,23.5385,69.518,34.1538,32.8146,20.7143,,,
1989-01-01 00:00:00,2,17.1606,23.1743,14.8707,17.1606,46.5091,137.251,70.6499,56.1591,69.518,36.4534,31.5056,27.7581,25.0274,20.3756,28.9775,25.7913,17.1606,15.6692,19.7076,37.8739,36.9235,16.5548,14.6204,21.4013,14.1271,13.1689,12.2486,12.4751,11.1509,10.5201,10.1111
1988-12-01 00:00:00,2,6.9986,8.9387,21.0562,15.1234,10.7281,8.5659,7.3315,6.6745,6.5156,15.3785,16.8562,13.8839,11.1509,23.9059,14.6204,18.4092,10.3145,10.3145,13.1689,40.8074,20.04,33.2577,19.3783,21.4013,30.2266,87.1709,22.8133,15.6692,12.9353,11.583,54.3813
1988-11-01 00:00:00,2,6.2045,6.0521,5.6078,6.5156,7.6731,8.3829,6.9986,29.3905,7.6731,11.583,7.8473,6.6745,5.9018,7.5012,19.3783,8.9387,6.9986,6.2045,5.7537,5.4639,7.164,13.8839,16.8562,22.8133,10.3145,8.0236,7.164,6.8355,6.359,9.1284,
1988-10-01 00:00:00,2,5.4639,4.6448,4.3883,4.2632,4.5155,5.6078,5.1825,4.6448,4.3883,4.2632,4.1401,4.1401,5.3222,4.9095,4.2632,4.019,3.9,3.9,5.1825,18.0632,7.8473,5.7537,6.8355,12.704,6.8355,5.4639,33.7041,9.7112,6.8355,5.9018,5.4639
1988-09-01 00:00:00,2,4.6448,4.6448,4.6448,4.5155,4.5155,4.5155,4.5155,4.3883,4.3883,4.3883,4.3883,4.2632,4.2632,4.2632,4.1401,4.2632,4.5155,4.3883,4.3883,4.3883,4.1401,4.019,3.9,3.9,3.9,3.783,3.668,3.668,3.9,6.6745,
1988-08-01 00:00:00,2,5.7537,5.6078,5.6078,5.6078,5.6078,5.6078,5.4639,5.4639,5.4639,5.4639,5.3222,5.3222,5.3222,5.3222,5.3222,5.1825,5.1825,5.1825,5.0449,5.0449,5.0449,5.0449,5.0449,4.9095,4.9095,4.9095,4.7761,4.7761,4.7761,4.6448,4.6448
1988-07-01 00:00:00,2,6.8355,6.8355,6.8355,6.8355,6.8355,6.8355,6.6745,6.6745,6.6745,6.6745,6.5156,6.5156,6.5156,6.359,6.359,6.2045,6.2045,6.2045,6.2045,6.2045,6.0521,6.0521,6.0521,6.0521,5.9018,5.7537,5.7537,5.7537,5.7537,5.7537,5.7537
1988-06-01 00:00:00,2,8.5659,8.3829,8.3829,8.9387,9.7112,9.1284,8.7512,8.5659,8.3829,8.3829,8.0236,8.0236,8.0236,7.8473,7.8473,7.6731,7.6731,7.6731,7.5012,7.5012,7.5012,7.3315,7.3315,7.164,7.164,7.164,7.164,7.164,6.9986,6.9986,
1988-05-01 00:00:00,2,10.5201,10.5201,10.1111,10.1111,9.91,9.7112,9.5147,9.5147,9.3204,9.3204,9.1284,9.3204,9.1284,8.9387,8.7512,8.7512,8.7512,19.4977,12.704,10.1111,9.5147,9.1284,8.9387,8.7512,8.7512,9.7112,9.3204,9.1284,8.9387,8.7512,8.7512
1988-04-01 00:00:00,2,12.9353,16.1583,12.704,12.0244,12.2486,13.6432,13.4049,12.704,12.0244,11.3658,10.9383,11.3658,11.1509,10.7281,10.7281,10.7281,10.7281,13.1689,36.8616,42.2767,15.3785,14.3726,13.1689,12.4751,11.8025,16.96,12.704,11.3658,10.9383,10.7281,
1988-03-01 00:00:00,2,20.3882,26.2093,25.8642,20.6901,34.0622,23.1956,30.9335,24.8442,20.3882,17.2321,16.1583,15.896,15.3785,15.1234,14.6204,14.1271,14.3726,14.8707,14.3726,14.3726,13.4049,12.9353,12.704,12.4751,12.2486,12.0244,12.0244,11.8025,11.583,12.0244,12.2486
1988-02-01 00:00:00,2,20.3882,11.8025,11.583,11.583,21.6107,23.1956,54.4148,140.045,123.482,176.271,98.6875,130.01,58.7191,36.457,44.8715,110.817,53.9444,41.0017,42.705,40.1601,29.804,24.5094,22.8736,20.9944,20.3882,36.0541,39.3253,20.9944,19.4977,,
1988-01-01 00:00:00,2,17.2321,13.1689,11.1509,10.5201,12.704,12.0244,37.2679,17.2321,15.1234,16.96,71.3265,45.7497,24.8442,17.5067,14.8707,13.6432,13.1689,13.1689,11.8025,11.3658,10.9383,11.583,10.5201,10.5201,10.3145,9.7112,9.5147,9.3204,14.1271,10.9383,10.5201
1987-12-01 00:00:00,2,11.3658,10.3145,17.2321,18.9165,16.96,18.0632,17.2321,47.5256,27.974,52.0785,43.135,25.5216,54.8868,110.198,67.1896,32.8689,24.8442,20.6901,19.4977,104.079,41.425,20.0889,16.1583,13.8839,12.9353,12.2486,12.2486,12.2486,11.3658,12.0244,19.792
1987-11-01 00:00:00,2,17.2321,10.1111,7.6731,6.9986,6.6745,6.359,6.8355,7.3315,7.3315,18.3451,9.91,8.0236,7.5012,18.3451,23.5202,36.8616,16.4231,11.1509,9.1284,8.0236,7.6731,14.8707,9.7112,8.0236,68.2149,22.8736,14.6204,12.2486,58.2346,14.3726,
1987-10-01 00:00:00,2,5.9018,6.359,6.6745,6.359,5.9018,5.7537,5.6078,5.3222,5.1825,5.1825,5.0449,4.9095,4.9095,4.9095,4.7761,4.6448,4.6448,4.6448,4.5155,6.359,12.4751,10.1111,6.6745,5.7537,71.8503,16.1583,15.3785,12.0244,14.1271,13.4049,40.1601
1987-09-01 00:00:00,2,5.3222,5.3222,5.3222,5.1825,5.1825,5.3222,5.3222,5.4639,5.9018,5.7537,5.6078,5.6078,5.4639,5.4639,5.3222,5.1825,5.0449,4.9095,5.6078,6.5156,22.2371,9.91,8.9387,11.1509,8.5659,6.8355,6.0521,7.6731,7.3315,6.359,
1987-08-01 00:00:00,2,6.6745,6.6745,6.6745,6.6745,6.5156,6.5156,6.6745,6.5156,6.359,6.359,6.359,6.359,6.2045,6.2045,6.0521,6.0521,5.9018,5.7537,5.9018,6.0521,5.9018,5.7537,5.6078,5.6078,5.6078,5.6078,5.4639,5.4639,5.4639,5.4639,5.9018
1987-07-01 00:00:00,2,8.2022,8.2022,8.2022,8.0236,8.0236,8.0236,7.8473,7.8473,7.8473,8.0236,8.0236,7.8473,7.6731,7.6731,7.6731,7.5012,7.3315,7.3315,7.164,7.164,7.164,6.9986,6.9986,6.9986,6.9986,6.8355,6.8355,6.8355,6.8355,6.6745,6.6745
1987-06-01 00:00:00,2,9.7112,9.7112,9.5147,9.5147,9.5147,9.5147,9.3204,9.3204,13.1689,10.1111,9.91,9.91,9.5147,9.3204,9.1284,9.1284,8.9387,8.9387,8.7512,8.7512,8.5659,8.5659,8.5659,8.7512,8.7512,8.5659,8.5659,8.3829,8.3829,8.3829,
1987-05-01 00:00:00,2,13.4049,13.1689,12.9353,12.4751,12.2486,12.0244,11.8025,11.583,11.3658,11.3658,16.6904,12.0244,11.583,11.3658,10.9383,11.1509,11.1509,12.4751,12.0244,11.3658,10.9383,11.1509,11.3658,10.7281,11.3658,10.5201,10.3145,10.3145,10.1111,9.91,9.91
1987-04-01 00:00:00,2,11.8025,14.3726,24.1771,24.5094,59.2051,55.8355,28.3348,20.3882,26.9074,21.9226,69.2461,38.0858,20.3882,17.7837,16.6904,15.636,15.1234,14.8707,14.6204,14.1271,13.8839,17.2321,15.636,14.3726,14.1271,13.6432,12.9353,12.704,12.704,13.4049,
1987-03-01 00:00:00,2,15.896,15.636,15.1234,14.6204,14.3726,15.896,14.3726,14.6204,15.896,23.8474,17.5067,14.6204,14.1271,27.6159,14.8707,25.1816,17.5067,14.3726,13.8839,14.3726,26.9074,20.0889,14.8707,31.6997,15.3785,13.6432,13.1689,12.704,12.2486,12.0244,12.0244
1987-02-01 00:00:00,2,32.4765,24.8442,22.2371,115.819,40.5801,36.457,26.5571,36.0541,25.8642,23.1956,23.8474,20.9944,19.792,24.1771,34.0622,23.1956,22.554,107.121,52.5426,25.5216,22.2371,20.3882,18.6296,18.0632,17.7837,16.96,17.5067,16.96,,,
1987-01-01 00:00:00,2,86.5435,65.157,35.2535,33.264,25.1816,23.1956,19.792,19.4977,17.2321,30.9335,23.1956,34.4599,19.792,18.3451,18.3451,18.0632,23.8474,21.3013,30.5543,45.3098,53.9444,25.5216,57.2703,80.979,41.425,34.4599,98.0954,36.457,47.5256,48.4233,30.5543
1986-12-01 00:00:00,2,11.3658,9.5147,26.2093,11.3658,26.2093,14.1271,21.6107,17.5067,12.704,14.8707,14.8707,38.4972,31.3153,29.804,68.7297,23.5202,16.1583,30.5543,14.3726,11.583,10.3145,23.8474,24.1771,34.8558,122.836,148.973,138.691,75.024,120.266,210.047,146.204
1986-11-01 00:00:00,2,4.9095,4.7761,5.4639,6.2045,5.9018,12.9353,6.8355,6.9986,6.6745,5.7537,6.0521,29.0641,11.583,8.7512,8.2022,7.5012,6.9986,7.164,6.359,5.9018,5.6078,5.6078,5.3222,5.1825,5.3222,5.3222,5.3222,11.1509,10.1111,13.4049,
1986-10-01 00:00:00,2,7.164,6.5156,6.359,6.0521,5.9018,5.7537,5.4639,5.4639,5.3222,5.3222,5.3222,5.3222,5.1825,5.1825,12.704,6.8355,5.7537,5.3222,5.1825,5.4639,6.2045,8.0236,6.8355,5.7537,5.3222,5.1825,5.0449,5.0449,5.1825,5.1825,5.0449
1986-09-01 00:00:00,2,7.5012,7.5012,7.5012,7.3315,7.3315,7.3315,7.3315,7.164,7.164,6.9986,6.8355,6.6745,6.6745,6.6745,6.6745,6.5156,6.359,6.359,6.2045,6.0521,6.0521,6.0521,6.0521,5.9018,5.9018,5.9018,5.9018,5.9018,6.359,7.8473,
1986-08-01 00:00:00,2,7.6731,7.6731,7.5012,7.5012,7.3315,7.164,7.164,7.164,6.9986,6.9986,6.9986,6.9986,8.5659,8.0236,8.0236,26.5571,13.1689,10.3145,8.7512,8.2022,8.5659,14.8707,13.1689,11.3658,10.1111,11.8025,9.5147,8.7512,8.2022,8.0236,7.6731
1986-07-01 00:00:00,2,7.8473,7.8473,14.1271,10.5201,9.1284,9.91,9.1284,8.3829,8.0236,8.0236,7.8473,7.8473,7.8473,7.6731,7.6731,7.6731,7.5012,7.5012,7.5012,7.3315,7.3315,7.3315,9.3204,15.896,11.1509,8.9387,8.3829,8.0236,7.8473,7.6731,7.6731
1986-06-01 00:00:00,2,9.91,9.7112,9.7112,9.5147,9.5147,9.3204,9.3204,9.3204,9.3204,9.1284,9.1284,9.1284,9.1284,8.9387,8.9387,8.7512,8.7512,8.5659,8.5659,8.5659,8.3829,8.3829,8.2022,8.2022,8.2022,8.2022,8.2022,8.2022,8.0236,8.0236,
1986-05-01 00:00:00,2,12.0244,11.8025,11.3658,11.1509,11.1509,11.1509,10.9383,11.583,13.1689,17.2321,14.3726,13.4049,13.1689,13.4049,12.4751,11.8025,11.583,11.3658,11.1509,11.1509,11.1509,11.583,11.3658,10.9383,10.7281,10.5201,10.5201,10.3145,10.3145,10.1111,9.91
1986-04-01 00:00:00,2,18.6296,17.5067,17.7837,16.1583,15.3785,14.8707,14.6204,14.1271,13.8839,13.8839,14.1271,14.8707,14.1271,16.4231,13.8839,13.1689,13.1689,12.704,12.4751,12.2486,12.0244,12.0244,11.8025,11.583,11.8025,18.0632,24.5094,14.3726,12.9353,12.2486,
1986-03-01 00:00:00,2,18.9165,20.0889,53.0083,30.5543,30.9335,51.1551,32.0868,84.3006,38.9104,27.2603,23.1956,21.6107,20.0889,19.2058,18.6296,18.0632,18.9165,17.2321,18.9165,20.6901,17.7837,16.6904,16.6904,19.2058,28.3348,20.9944,22.8736,61.6583,22.8736,19.792,33.264
1986-02-01 00:00:00,2,17.7837,17.5067,20.3882,20.9944,22.554,20.0889,50.2381,56.7905,58.2346,25.8642,21.3013,25.5216,33.6618,48.8746,54.4148,44.4349,36.457,32.4765,85.4192,83.1877,37.2679,30.9335,26.5571,22.8736,21.9226,20.9944,19.4977,19.2058,,,
1986-01-01 00:00:00,2,24.1771,25.1816,17.7837,16.96,55.8355,71.3265,30.9335,76.0937,65.6629,118.989,64.6527,62.1536,58.2346,88.8091,231.064,100.472,68.2149,61.1646,35.6529,32.0868,45.3098,27.6159,25.8642,22.2371,20.0889,18.9165,25.8642,29.804,34.0622,21.9226,24.5094
1985-12-01 00:00:00,2,10.7281,8.7512,28.6981,17.5067,18.9165,11.8025,9.3204,8.2022,7.5012,7.164,6.8355,6.6745,6.5156,9.7112,14.8707,25.5216,30.1778,34.0622,17.5067,17.2321,24.8442,69.764,51.1551,44.8715,55.3604,95.1552,274.495,135.997,59.6927,32.0868,26.9074
1985-11-01 00:00:00,2,7.5012,14.3726,16.4231,16.1583,10.9383,8.9387,7.164,6.359,6.0521,5.7537,5.6078,5.9018,5.3222,5.1825,5.0449,4.9095,4.7761,4.6448,4.5155,7.3315,8.5659,6.8355,12.2486,10.3145,31.3153,21.3013,20.9944,18.6296,13.8839,12.4751,
1985-10-01 00:00:00,2,,,,,,,,,,,,,,,,,,,4.6448,4.5155,4.5155,4.5155,4.5155,4.3883,6.5156,11.8025,6.6745,6.9986,6.5156,7.5012,14.1271
1985-09-01 00:00:00,2,5.9018,5.9018,5.9018,5.9018,6.2045,6.359,6.9986,6.8355,6.359,6.0521,6.0521,5.9018,5.9018,5.7537,5.7537,5.6078,5.6078,5.6078,5.4639,5.4639,5.3222,5.3222,,,,,,,,,
1985-08-01 00:00:00,2,7.164,7.164,6.9986,6.9986,6.9986,6.8355,6.8355,6.8355,6.8355,6.6745,6.6745,6.6745,6.5156,6.5156,6.5156,6.5156,6.359,6.359,6.359,6.359,6.359,6.359,6.2045,6.2045,6.2045,6.2045,6.2045,6.0521,6.0521,5.9018,6.0521
1985-07-01 00:00:00,2,8.5659,8.5659,8.5659,8.5659,8.3829,8.3829,8.3829,8.2022,8.2022,8.0236,8.0236,8.0236,7.8473,7.8473,7.8473,7.8473,7.8473,7.6731,7.6731,7.6731,7.5012,7.5012,7.5012,7.5012,7.3315,7.3315,7.3315,7.3315,7.3315,7.164,7.164
1985-06-01 00:00:00,2,10.7281,10.9383,10.9383,10.9383,10.7281,10.7281,10.5201,10.5201,10.3145,10.1111,10.1111,9.91,9.91,9.7112,9.7112,9.7112,9.5147,9.5147,9.3204,9.3204,9.3204,9.3204,9.1284,9.1284,8.9387,8.9387,8.9387,8.9387,8.7512,8.7512,
1985-05-01 00:00:00,2,15.3785,15.1234,15.1234,14.6204,14.3726,13.8839,13.6432,13.4049,13.4049,13.4049,13.1689,13.1689,12.9353,12.704,12.4751,12.2486,12.0244,11.8025,11.8025,11.8025,11.8025,12.4751,12.2486,11.583,11.583,11.3658,11.1509,11.1509,10.9383,10.9383,10.7281
1985-04-01 00:00:00,2,,,,,,,,,,,,,,,,,,,,,,17.7837,17.2321,16.6904,16.4231,15.896,15.896,15.896,15.636,15.3785,
1985-03-01 00:00:00,2,,,,,,,,,,,,,,,,,,,,,,,,,,,,,,,
1985-02-01 00:00:00,2,,,,,,,,,,,,,,,,,,,,,,,,,,,,,,,
1985-01-01 00:00:00,2,,,,,,,,,,,,,,,,,,,,,,,,,,,,,,,
1984-12-01 00:00:00,2,,,,,,,,,,,,,,,,,,,,,,,,,,,,,,,
1984-11-01 00:00:00,2,,,,,,,,,,,,,,,,,,,,,,,,,,,,,,,
1984-10-01 00:00:00,2,,,,,,,,,,,,,,,,,,,,,,,,,,,,,,,
1984-09-01 00:00:00,2,5.9018,5.7537,5.6078,5.4639,5.3222,5.4639,,,,,,,,,,,,,,,,,,,,,,,,,
1984-08-01 00:00:00,2,5.7537,5.7537,5.7537,5.7537,5.7537,5.6078,5.6078,5.6078,5.4639,5.4639,5.4639,5.3222,5.3222,5.3222,5.3222,5.3222,5.3222,5.3222,5.3222,5.3222,5.4639,5.7537,5.9018,6.0521,5.9018,5.6078,5.6078,5.7537,5.7537,5.9018,6.0521
1984-07-01 00:00:00,2,6.8355,6.8355,6.8355,6.6745,6.6745,6.5156,6.5156,6.5156,6.5156,6.359,6.359,6.359,6.359,6.359,6.2045,6.2045,6.2045,6.2045,6.0521,6.0521,6.0521,6.0521,6.0521,6.0521,5.9018,5.9018,5.7537,5.9018,5.9018,5.7537,5.7537
1984-06-01 00:00:00,2,8.2022,8.0236,8.0236,8.0236,7.8473,7.8473,7.8473,7.6731,7.6731,7.6731,7.5012,7.5012,7.5012,7.5012,7.3315,7.3315,7.164,7.164,7.164,7.164,6.9986,6.9986,6.9986,6.8355,6.8355,6.8355,6.8355,6.8355,6.8355,6.8355,
1984-05-01 00:00:00,2,,,,,,,,,,,,,,,,,,,,,,9.3204,8.9387,8.9387,8.7512,8.5659,8.5659,8.3829,8.3829,8.2022,8.2022
1984-04-01 00:00:00,2,,,,,,,,,,,,,,,,,,,,,,,,,,,,,,,
1984-03-01 00:00:00,2,15.3785,16.96,17.5067,20.9944,22.554,20.3882,21.9226,20.3882,19.792,19.4977,18.6296,17.5067,17.2321,16.6904,15.896,15.3785,15.1234,16.6904,16.4231,15.3785,15.3785,17.7837,16.6904,16.4231,16.4231,15.896,15.636,15.3785,15.3785,15.1234,15.3785
1984-02-01 00:00:00,2,22.2371,21.9226,21.6107,21.6107,21.6107,21.6107,21.6107,21.6107,21.6107,20.9944,20.9944,20.9944,24.8442,40.1601,26.2093,23.1956,22.2371,20.6901,19.4977,18.0632,17.5067,17.5067,17.5067,17.5067,17.2321,16.6904,16.96,15.896,15.3785,,
1984-01-01 00:00:00,2,59.6927,53.0083,52.0785,50.2381,43.5666,38.9104,36.8616,51.616,34.4599,33.6618,32.0868,29.804,28.6981,27.2603,26.5571,25.8642,25.1816,24.5094,23.8474,23.8474,24.8442,26.2093,31.6997,36.457,46.1912,42.2767,41.0017,34.8558,34.4599,28.6981,24.1771
1983-12-01 00:00:00,2,33.264,30.5543,29.804,28.3348,27.6159,30.1778,35.6529,34.8558,36.457,49.3275,43.135,43.135,55.8355,135.997,73.4306,63.6485,73.4306,61.6583,53.4756,53.9444,53.0083,82.6333,67.7015,74.4914,77.1691,78.2504,126.73,226.145,100.472,79.3375,67.1896
1983-11-01 00:00:00,2,,,,,,,,,,,,,,,,,,,,,,,,,,,,,,,
1983-10-01 00:00:00,2,,,,,,,,,,,,,,,,,,,,,,,,,,,,,,,
1983-09-01 00:00:00,2,9.91,9.7112,9.5147,9.5147,9.5147,9.5147,9.5147,12.9353,12.4751,12.0244,11.583,11.3658,10.9383,10.3145,11.1509,16.1583,12.4751,10.1111,9.3204,9.1284,8.7512,8.3829,8.3829,8.3829,10.1111,12.704,11.583,10.1111,9.7112,9.3204,
1983-08-01 00:00:00,2,12.4751,12.4751,12.2486,12.0244,11.8025,11.8025,11.8025,11.583,11.583,11.583,11.3658,11.3658,11.3658,11.1509,11.1509,10.9383,10.7281,10.7281,10.7281,10.5201,10.3145,10.3145,10.3145,10.3145,10.1111,10.1111,10.1111,10.1111,9.91,9.91,9.91
1983-07-01 00:00:00,2,15.896,14.6204,15.636,15.3785,15.1234,15.1234,14.8707,14.8707,14.6204,14.3726,14.1271,14.1271,13.8839,13.6432,13.6432,13.4049,13.4049,13.6432,14.6204,18.6296,19.4977,16.4231,14.6204,13.8839,13.4049,13.1689,12.9353,12.9353,12.704,12.4751,12.4751
1983-06-01 00:00:00,2,65.6629,27.2603,47.9736,29.4327,23.8474,26.9074,25.1816,23.1956,21.6107,20.9944,20.0889,19.792,19.4977,19.2058,19.2058,19.2058,18.9165,18.6296,18.6296,18.3451,17.7837,17.5067,16.96,16.96,16.4231,16.4231,16.4231,16.4231,16.4231,15.896,
1983-05-01 00:00:00,2,28.6981,27.974,27.2603,26.2093,25.5216,24.8442,24.5094,25.5216,24.8442,23.8474,23.5202,22.8736,22.2371,21.9226,21.3013,20.9944,20.3882,19.792,19.792,19.792,19.4977,19.2058,19.4977,61.1646,34.4599,26.9074,20.3882,19.4977,19.2058,40.5801,148.279
1983-04-01 00:00:00,2,32.8689,33.264,32.0868,34.0622,37.676,33.6618,99.2811,32.4765,32.0868,223.702,62.6504,73.9602,70.8042,59.6927,51.616,43.135,39.7419,36.8616,35.2535,34.8558,32.8689,31.3153,32.0868,35.2535,37.676,36.8616,34.8558,32.4765,30.5543,30.5543,
1983-03-01 00:00:00,2,33.6618,36.0541,60.1818,39.7419,47.5256,51.616,42.705,42.705,42.705,43.5666,43.5666,42.2767,43.135,41.85,43.135,43.135,46.6343,45.3098,48.4233,71.3265,69.2461,53.9444,222.889,122.836,65.157,69.764,50.6958,71.3265,75.024,44.8715,36.8616
1983-02-01 00:00:00,2,,,,,,,,,,,,,,,,,,,,,,,,31.4671,34.546,35.6529,38.4972,35.6529,,,
1983-01-01 00:00:00,2,,,,,,,,,,,,,,,,,,,,,,,,,,,,,,,
1982-12-01 00:00:00,2,,,,,,,,,,,,,,,,,,,,,,,,,,,,,,,
1982-11-01 00:00:00,2,10.215,8.8115,6.994,6.4915,6.1674,6.0085,6.0085,6.0085,6.0085,6.4915,6.6568,11.5047,7.5162,7.34,18.311,21.5599,25.7592,27.8296,27.1302,25.7592,27.8296,29.984,32.9877,29.984,28.1828,37.7757,48.8479,44.2403,41.157,35.7394,
1982-10-01 00:00:00,2,6.994,6.994,6.8243,6.8243,6.8243,6.6568,6.6568,6.6568,7.1659,7.1659,7.1659,7.8753,18.0294,14.5759,7.6947,7.1659,7.1659,6.8243,6.4915,6.1674,21.5599,11.2842,10.215,8.0581,6.994,7.1659,7.8753,11.2842,16.3877,12.641,9.2014
1982-09-01 00:00:00,2,6.6568,6.6568,6.4915,6.4915,6.4915,8.0581,8.2432,6.994,6.8243,6.4915,6.4915,6.4915,6.3283,6.3283,6.1674,6.1674,6.1674,6.1674,6.3283,6.3283,6.3283,7.1659,7.1659,6.994,6.994,6.994,6.8243,6.8243,7.1659,7.1659,
1982-08-01 00:00:00,2,8.6199,8.6199,8.4304,8.2432,8.2432,8.2432,8.2432,8.0581,7.8753,7.8753,7.8753,7.8753,7.8753,7.5162,7.5162,7.5162,7.5162,7.5162,7.5162,7.1659,7.1659,7.1659,7.1659,7.1659,7.1659,6.994,6.8243,6.8243,6.8243,6.8243,6.8243
1982-07-01 00:00:00,2,10.215,10.0078,9.8029,9.6002,9.6002,9.3997,9.3997,9.3997,9.3997,9.3997,9.6002,9.8029,10.215,10.636,10.4244,10.215,10.215,10.215,10.215,10.215,10.0078,9.8029,9.8029,9.6002,9.3997,9.3997,9.3997,9.0054,9.0054,9.0054,8.6199
1982-06-01 00:00:00,2,13.5904,13.3497,12.875,12.4092,12.4092,12.4092,12.1797,12.1797,11.9525,11.7275,11.5047,11.5047,11.5047,11.0659,11.0659,11.0659,11.5047,12.4092,12.1797,11.9525,11.7275,11.5047,11.5047,11.0659,11.0659,11.0659,10.636,10.636,10.4244,10.215,
1982-05-01 00:00:00,2,18.311,18.0294,17.4731,16.9258,16.3877,16.3877,16.3877,16.1221,15.8587,15.8587,15.8587,15.5976,15.5976,15.3388,15.0822,15.0822,14.5759,14.5759,14.5759,14.3262,14.3262,14.3262,14.0786,14.0786,14.3262,15.0822,15.3388,14.5759,14.5759,14.0786,14.0786
1982-04-01 00:00:00,2,52.2157,50.2768,42.9046,37.3637,34.1529,32.2227,30.3513,29.2565,27.8296,27.1302,26.44,25.4223,24.4254,24.7554,24.7554,24.7554,24.0978,23.7724,23.4494,23.1287,22.8103,22.4943,22.1805,22.1805,21.869,21.2531,20.6463,19.7533,19.1695,18.5949,
1982-03-01 00:00:00,2,28.1828,41.157,44.6903,44.2403,46.5142,75.5012,87.6735,196.727,40.726,28.1828,35.7394,34.9414,32.9877,37.7757,72.5626,120.907,137.341,151.064,75.5012,49.7981,40.726,87.1078,66.8685,41.5903,39.8712,39.8712,37.7757,41.157,45.5975,49.3218,49.7981
1982-02-01 00:00:00,2,,,,,,,,,,38.1901,32.6041,29.984,28.8963,28.8963,28.1828,27.4787,27.4787,27.1302,26.7839,26.44,26.0984,26.0984,25.7592,25.4223,24.7554,23.7724,23.4494,23.1287,,,
1982-01-01 00:00:00,2,,,,,,,,,,,,,,,,,,,,,,,,,,,,,,,
1981-12-01 00:00:00,2,146.894,92.2497,82.6333,72.9023,65.6629,68.7297,68.2149,71.3265,137.341,240.186,309.622,346.358,105.292,76.6307,62.6504,167.46,191.341,232.712,183.747,71.3265,51.1551,37.7404,35.1801,33.1263,30.3713,29.989,47.9736,40.4061,29.6096,26.3209,22.9289
1981-11-01 00:00:00,2,26.3209,29.6096,27.0323,34.35,29.989,29.989,63.6485,77.1691,67.7015,76.6307,73.4306,154.572,117.083,51.616,38.6172,96.9152,101.07,53.9444,61.1646,216.432,87.6735,45.3098,26.3209,18.9214,22.283,24.5908,23.9179,18.6316,76.6307,23.5855,
1981-10-01 00:00:00,2,7.1505,7.6555,8.0035,8.0035,14.5936,10.6961,9.8802,6.9866,6.2001,6.8249,14.3446,162.401,64.1498,31.5349,19.8065,82.6333,53.4756,47.0791,42.705,63.6485,104.684,108.348,67.7015,44.8715,35.5996,31.9285,29.989,29.989,29.6096,28.1201,27.0323
1981-09-01 00:00:00,2,5.3278,5.1898,5.1898,5.1898,5.054,4.9203,4.9203,4.9203,4.9203,4.9203,4.9203,4.9203,4.9203,4.7886,4.7886,4.7886,4.7886,4.9203,5.9007,5.7543,5.7543,5.7543,6.0493,6.0493,6.0493,6.353,6.353,6.8249,7.1505,7.1505,
1981-08-01 00:00:00,2,6.353,6.353,6.353,6.353,6.353,6.353,6.353,6.353,6.2001,6.2001,6.0493,6.0493,6.0493,6.0493,6.0493,6.0493,9.6821,10.906,8.0035,6.6654,6.6654,6.353,6.353,6.0493,6.0493,6.0493,5.7543,5.61,5.61,5.61,5.4678
1981-07-01 00:00:00,2,8.0035,7.8284,7.8284,7.6555,7.6555,7.4849,7.4849,7.4849,7.4849,7.3166,7.3166,7.3166,7.3166,7.3166,7.1505,7.1505,7.1505,6.9866,6.9866,6.8249,6.6654,6.6654,6.6654,6.5081,6.6654,6.5081,6.353,6.353,6.353,6.353,6.353
1981-06-01 00:00:00,2,8.913,8.7265,8.7265,8.913,8.7265,8.7265,23.9179,14.845,11.1183,9.8802,9.4864,9.2929,9.1018,8.913,9.1018,9.2929,9.6821,9.6821,9.2929,8.913,8.7265,8.5424,8.5424,8.5424,8.3604,8.3604,8.1808,8.1808,8.1808,8.0035,
1981-05-01 00:00:00,2,13.3738,16.1399,18.9214,15.8759,13.1373,12.2157,11.7695,11.55,11.333,11.1183,11.1183,10.906,10.6961,10.4886,10.4886,10.2835,10.0807,10.0807,10.0807,10.0807,9.8802,9.8802,9.6821,9.6821,9.4864,9.4864,9.4864,9.2929,9.1018,9.1018,8.913
1981-04-01 00:00:00,2,33.1263,25.6206,22.283,20.1068,19.2138,18.0598,17.2216,16.4065,15.8759,15.6144,15.0989,14.845,14.5936,14.0982,13.8543,14.0982,14.845,14.3446,13.6128,13.1373,12.9032,12.6716,12.6716,13.3738,14.3446,13.1373,12.6716,12.9032,15.6144,14.845,
1981-03-01 00:00:00,2,12.4424,11.9914,15.6144,16.6756,14.0982,13.8543,13.1373,12.6716,12.4424,12.2157,11.9914,11.55,11.333,10.906,11.7695,16.6756,29.989,31.1442,28.4883,31.1442,31.1442,28.1201,21.0235,16.9473,15.6144,15.0989,17.2216,31.9285,48.4233,57.2703,44.8715
1981-02-01 00:00:00,2,31.5349,22.9289,21.0235,15.6144,34.35,36.0219,29.6096,26.3209,32.3249,29.989,31.9285,31.5349,29.233,28.8593,27.7547,25.2746,23.9179,21.6479,17.4984,12.9032,11.9914,11.55,10.906,10.4886,9.8802,13.1373,11.9914,12.2157,,,
1981-01-01 00:00:00,2,29.989,44.8715,55.8355,39.5057,35.1801,31.9285,79.3375,141.405,147.586,120.907,140.725,111.438,63.6485,107.734,161.683,56.7905,39.06,31.5349,25.6206,47.0791,28.1201,41.779,53.9444,47.0791,41.779,38.1773,47.0791,41.3184,42.2425,79.8832,42.705
1980-12-01 00:00:00,2,40.4061,49.3275,40.4061,51.616,111.438,51.616,33.9392,120.266,40.4061,31.1442,49.3275,63.6485,40.4061,22.9289,27.7547,29.989,38.1773,29.6096,28.1201,51.616,56.3122,62.1536,53.0083,50.2381,47.0791,70.8042,64.6527,49.3275,39.5057,29.989,29.989
1980-11-01 00:00:00,2,5.4678,5.3278,5.1898,4.9203,4.9203,4.7886,4.6591,4.9203,5.61,6.353,22.9289,61.1646,44.8715,21.0235,14.3446,9.8802,8.0035,8.913,9.8802,10.906,11.9914,13.1373,14.3446,15.6144,21.0235,24.253,26.3209,29.989,41.779,29.989,
1980-10-01 00:00:00,2,6.353,6.353,6.353,6.2001,6.0493,6.0493,6.0493,6.0493,5.7543,5.7543,6.353,7.8284,7.1505,6.5081,6.353,6.353,6.2001,6.0493,6.0493,6.0493,5.9007,5.7543,5.7543,5.61,5.61,5.4678,5.4678,5.4678,5.4678,5.4678,5.4678
