DataHora,NivelConsistencia,Vazao01,Vazao02,Vazao03,Vazao04,Vazao05,Vazao06,Vazao07,Vazao08,Vazao09,Vazao10,Vazao11,Vazao12,Vazao13,Vazao14,Vazao15,Vazao16,Vazao17,Vazao18,Vazao19,Vazao20,Vazao21,Vazao22,Vazao23,Vazao24,Vazao25,Vazao26,Vazao27,Vazao28,Vazao29,Vazao30,Vazao31
2023-04-01 00:00:00,2,5.067,5.067,4.9277,5.067,5.2079,5.3503,5.4943,5.9358,6.0861,5.9358,5.8613,5.7871,5.7133,5.4943,5.2789,5.2789,5.3503,5.4221,5.4221,5.4221,5.3503,5.3503,4.3868,3.7475,3.6246,3.5034,3.5034,3.384,3.384,3.2662,
2023-03-01 00:00:00,2,5.2079,5.3503,5.4943,5.6399,5.7871,5.7133,5.5669,5.4221,5.067,5.067,5.067,4.9277,4.8587,4.7901,4.654,4.5196,4.3868,4.2556,4.1261,4.2556,4.3868,4.3868,4.3868,4.5196,4.5196,4.654,4.8587,5.067,5.2079,5.2789,5.067
2023-02-01 00:00:00,2,17.3509,16.8823,16.5113,15.7795,15.4187,15.1504,14.6195,13.2756,12.8723,12.072,11.2019,10.576,10.576,10.2653,9.9562,9.7254,9.4074,8.696,8.696,8.6087,8.4352,8.0926,7.5897,7.2619,6.7813,6.2379,5.6399,5.1372,,,
2023-01-01 00:00:00,2,6.5461,6.3913,6.5461,6.94,7.1808,7.3433,7.3433,7.3433,7.6726,8.1777,8.1777,8.4352,8.8717,9.1379,9.4074,9.8792,10.1879,10.6539,11.517,12.1517,12.9528,13.681,14.357,14.884,15.4187,16.0523,16.6964,18.0157,17.7295,17.6346,17.4452
2022-12-01 00:00:00,2,5.6399,5.3503,6.0108,6.3913,6.5461,7.1002,7.2619,7.5072,8.0926,8.1777,8.349,8.696,8.6087,8.1777,7.9235,7.5072,7.1808,7.0199,6.8605,6.5461,6.8605,7.0199,7.1808,7.3433,7.5897,7.5897,7.6726,8.0926,7.5072,7.1808,6.8605
2022-11-01 00:00:00,2,1.9435,2.0388,2.1853,2.2853,2.4387,2.5433,2.5962,2.7035,2.7578,2.8125,3.1502,3.8095,4.3868,4.5866,4.8587,5.067,4.9277,4.7219,4.453,4.5196,4.5866,4.654,4.8587,4.9972,5.067,5.067,5.3503,5.3503,5.4221,5.7133,
2022-10-01 00:00:00,2,3.1502,3.0928,3.0359,2.9794,2.9233,2.8125,2.7035,2.7035,2.7035,2.5962,2.5433,2.4908,2.4387,2.3871,2.336,2.2853,2.2351,2.1853,2.0388,1.9909,1.8965,1.85,1.7585,1.4117,1.2111,1.2502,1.3706,1.5812,1.6248,1.7134,1.804
2022-09-01 00:00:00,2,1.2111,1.2111,1.2111,1.1725,1.1344,1.1725,1.1725,1.2111,1.2111,1.2898,1.3706,1.3299,1.2898,1.2898,1.2502,1.2111,1.2111,1.2502,1.2898,1.2898,1.2502,1.3299,1.4117,1.5812,1.85,2.1853,2.336,2.5433,2.7578,3.1502,
2022-08-01 00:00:00,2,1.5381,1.4533,1.4533,1.4117,1.4117,1.3706,1.3706,1.3299,1.3299,1.3299,1.3706,1.3299,1.3706,1.3706,1.3706,1.3299,1.3299,1.3299,1.3299,1.2898,1.2898,1.3299,1.3299,1.2898,1.2898,1.3299,1.3299,1.3299,1.2898,1.2898,1.2111
2022-07-01 00:00:00,2,1.9909,1.9909,1.9435,1.9435,1.9435,1.8965,1.8965,1.85,1.85,1.85,1.804,1.804,1.7585,1.7585,1.7134,1.7134,1.7134,1.6689,1.6689,1.6248,1.6248,1.6248,1.6248,1.5381,1.4954,1.4533,1.3706,1.3706,1.4533,1.4533,1.5381
2022-06-01 00:00:00,2,2.6496,2.5962,2.5962,2.5433,2.5433,2.5433,2.4908,2.4908,2.4387,2.4387,2.3871,2.3871,2.3871,2.336,2.336,2.2853,2.2853,2.2853,2.2351,2.2351,2.1853,2.1853,2.1853,2.136,2.136,2.0872,2.0872,2.0388,2.0388,2.0388,
2022-05-01 00:00:00,2,3.872,3.8095,3.7475,3.7475,3.6858,3.6246,3.6246,3.5638,3.5638,3.5034,3.5034,3.5034,3.4435,3.384,3.3249,3.2662,3.208,3.208,3.1502,3.0928,3.0928,3.0359,2.9794,2.9233,2.8125,2.7578,2.7035,2.7035,2.6496,2.6496,2.6496
2022-04-01 00:00:00,2,5.2079,5.7133,6.0108,6.5461,6.7813,6.7813,6.94,7.1002,7.2619,7.5897,7.7559,5.7871,5.067,4.0619,4.2556,4.1906,4.1261,4.1261,4.1906,4.1906,4.2556,4.2556,4.2556,4.1261,4.1261,3.9982,3.9982,3.9982,3.9349,3.872,
2022-03-01 00:00:00,2,5.067,5.2079,5.2789,5.4221,5.4943,5.6399,5.8613,6.1618,6.3913,6.5461,6.7025,7.1808,7.3433,7.5897,7.3433,7.1808,6.8605,6.6241,6.2379,6.0108,5.7871,5.6399,5.4221,5.2789,5.2079,5.2079,5.3503,5.1372,5.067,5.067,5.067
2022-02-01 00:00:00,2,12.4711,12.3911,12.1517,11.6752,11.1233,10.8882,10.6539,10.4982,10.1105,9.9562,9.572,9.1379,8.9601,8.4352,8.349,8.1777,7.9235,7.5072,7.5897,7.3433,7.1808,6.7025,6.5461,6.2379,5.8613,5.6399,5.4221,5.067,,,
2022-01-01 00:00:00,2,17.3509,17.7295,18.0157,19.0811,20.1716,20.8785,22.0095,22.1136,22.1136,22.2178,22.2178,21.0823,20.6755,20.272,19.6729,18.8855,18.1115,17.3509,16.6037,16.0523,15.2396,14.4443,13.8437,13.114,12.7919,12.4711,12.1517,12.3112,12.7116,12.7919,12.8723
2021-12-01 00:00:00,2,12.4711,11.2019,10.4204,9.8022,8.7837,7.6726,5.2079,3.9982,4.1906,4.321,4.5196,4.8587,5.4943,6.0108,6.3144,6.4685,6.7813,6.94,7.1808,7.5897,8.0079,8.349,8.696,9.4074,10.1105,11.0448,11.913,13.0334,14.6195,14.7956,12.5512
2021-11-01 00:00:00,2,2.2853,2.5433,2.7578,2.9794,3.5638,3.8095,4.1261,4.5866,5.2789,6.0108,6.6241,8.5218,9.4074,9.9562,9.9562,9.1379,8.2632,7.425,7.2619,7.0199,6.6241,6.3144,6.0108,6.1618,6.5461,7.0199,7.7559,9.1379,10.81,13.1948,
2021-10-01 00:00:00,2,0.8826,0.9519,0.9519,0.9874,0.9874,1.0969,1.1725,1.2898,1.3706,1.804,2.136,2.4387,2.6496,3.208,3.9349,5.1372,6.1618,6.3144,5.2079,4.9277,4.2556,3.8095,3.6246,3.208,3.0928,2.9794,2.8677,2.5962,2.4387,2.336,2.1853
2021-09-01 00:00:00,2,0.9519,0.9874,0.9519,0.9519,0.917,0.917,0.917,0.917,0.8826,0.8488,0.8826,0.917,0.9519,0.9519,0.9874,0.9519,0.917,0.917,0.8826,0.8488,0.8155,0.7828,0.7828,0.8155,0.8155,0.8488,0.8826,0.8488,0.8488,0.8488,
2021-08-01 00:00:00,2,1.4117,1.3706,1.3706,1.3299,1.2898,1.2898,1.3299,1.2898,1.2502,1.2502,1.2111,1.2111,1.1725,1.1725,1.1725,1.1344,1.1344,1.1344,1.0969,1.0969,1.0599,1.0233,1.0599,1.0233,1.0233,0.9874,0.9874,0.9519,0.917,0.9519,0.917
2021-07-01 00:00:00,2,2.1853,2.136,2.136,2.0872,2.0388,1.9909,1.9435,1.9909,1.9435,1.9435,1.8965,1.8965,1.85,1.85,1.804,1.804,1.804,1.7585,1.7134,1.7134,1.7585,1.7585,1.7134,1.6689,1.6248,1.6248,1.5381,1.5381,1.5381,1.4954,1.4533
2021-06-01 00:00:00,2,3.5638,3.4435,3.3249,3.3249,3.208,3.1502,3.0928,3.0928,2.8677,2.8125,2.7578,2.7035,2.7035,2.7035,2.6496,2.6496,2.5962,2.5433,2.4908,2.4908,2.3871,2.4387,2.3871,2.3871,2.336,2.2853,2.2853,2.2351,2.2351,2.1853,
2021-05-01 00:00:00,2,1.5381,1.6248,1.7134,1.804,1.8965,1.804,1.7134,1.6248,1.6248,1.7134,1.7585,1.804,1.7585,1.7134,1.804,1.9909,2.0388,2.136,2.136,2.0872,2.1853,2.2853,2.4387,2.336,2.2351,2.2351,2.3871,3.0928,3.4435,3.6246,3.6858
2021-04-01 00:00:00,2,6.7813,6.0108,5.7133,5.1372,4.7901,4.5196,4.321,3.9349,3.8095,3.4435,3.208,2.9233,2.7035,2.6496,2.5962,2.4908,2.3871,2.2853,2.1853,2.2351,2.1853,2.1853,2.0872,1.9909,1.85,1.85,1.7134,1.6248,1.5812,1.5812,
2021-03-01 00:00:00,2,19.6729,18.7881,18.0157,17.5398,16.6964,16.1437,15.5986,15.1504,14.6195,14.1831,13.5186,13.2756,12.9528,12.6313,12.072,11.2019,10.576,9.9562,8.9601,8.4352,8.1777,7.7559,7.5072,7.3433,7.2619,6.94,7.1002,7.3433,7.7559,7.425,7.3433
2021-02-01 00:00:00,2,6.3144,6.4685,7.1002,7.8395,9.2274,9.6487,9.6487,9.8022,10.1105,10.3428,11.1233,11.9925,12.4711,12.7919,13.4375,13.7623,14.0965,15.2396,16.0523,18.1115,18.2075,19.6729,20.9803,21.4924,21.2869,20.9803,20.4734,19.7722,,,
2021-01-01 00:00:00,2,11.2019,11.2019,11.0448,11.2019,11.3593,11.517,11.8336,11.913,11.913,12.072,11.8336,11.596,11.1233,11.0448,10.9664,10.7319,10.3428,10.0333,9.8022,9.4074,9.1379,8.6087,8.1777,7.9235,7.7559,7.6726,7.5072,7.3433,7.3433,7.1808,7.2619
2020-12-01 00:00:00,2,6.8796,6.9433,6.8159,7.0072,7.0713,7.3292,7.5242,7.7864,8.3296,8.8328,9.3427,9.7726,9.8591,10.2069,10.6455,11.7152,11.9863,12.2588,12.3499,11.8054,12.1678,12.5327,12.9,13.2698,13.0846,12.716,12.077,10.9995,10.3818,9.9458,9.5141
2020-11-01 00:00:00,2,6.5003,6.3129,6.0654,5.7598,5.5184,5.3987,5.5784,5.5184,5.5184,5.2798,5.1027,4.8692,4.6387,4.5815,4.4678,4.5815,4.696,4.9273,5.1027,5.1027,5.3391,5.5184,5.7598,5.9426,6.0039,6.1888,6.2508,6.2508,6.127,6.0654,
2020-10-01 00:00:00,2,1.1068,1.225,1.1853,1.3057,1.4291,1.6414,1.6848,1.9515,2.0887,2.1816,2.3229,2.4665,2.6125,2.711,2.9111,3.1149,3.3748,3.6939,3.9657,4.1869,4.2427,4.4112,4.5246,4.6387,4.7536,4.6387,4.4678,4.5246,4.5246,4.9856,6.0039
2020-09-01 00:00:00,2,1.2652,1.3057,1.3465,1.3465,1.3057,1.3057,1.2652,1.2652,1.2652,1.3057,1.2652,1.3057,1.2652,1.225,1.225,1.1853,1.1853,1.225,1.225,1.1458,1.1458,1.1068,1.1068,1.0681,1.1068,1.0681,1.1068,1.1068,1.1068,1.0681,
2020-08-01 00:00:00,2,1.7285,1.7726,1.7726,1.7285,1.6848,1.6848,1.6414,1.5984,1.5984,1.5984,1.5556,1.5556,1.5131,1.471,1.5131,1.471,1.471,1.4291,1.3876,1.3876,1.3876,1.3465,1.3876,1.4291,1.5131,1.5131,1.4291,1.3876,1.3465,1.3057,1.225
2020-07-01 00:00:00,2,2.9111,2.6616,2.5149,2.4184,2.2755,2.0887,1.997,1.8614,1.7726,1.7285,1.7285,1.7726,1.7726,1.8614,1.8169,1.8169,1.8169,1.7726,1.6848,1.6848,1.6848,1.7726,1.8169,1.8169,1.6848,1.6848,1.7726,1.8614,1.7726,1.7726,1.6848
2020-06-01 00:00:00,2,2.8106,2.8106,2.9111,2.9111,2.9617,3.0125,2.9617,2.9111,2.9111,2.8106,2.711,2.711,2.6125,2.6125,2.6616,2.711,2.711,2.8106,2.711,2.711,2.711,2.6125,2.6125,2.6616,2.711,2.7607,2.8106,2.9111,2.9617,3.0125,
2020-05-01 00:00:00,2,6.3129,6.4377,6.7525,6.8159,6.6892,6.5631,6.5003,6.3752,6.2508,6.127,6.0654,5.9426,5.8205,5.6991,5.5184,5.3391,5.2798,5.2206,4.9856,4.8692,4.7536,4.1869,3.5334,3.5867,3.5334,3.0636,2.9111,2.8106,2.9111,2.9111,2.8106
2020-04-01 00:00:00,2,8.051,7.8523,7.7206,7.8523,7.655,7.3941,7.0713,6.8796,6.6261,6.5003,6.3129,6.127,6.2508,6.3752,6.5003,6.7525,6.6892,6.5631,6.3129,6.1888,6.0654,5.7598,5.4584,5.1615,4.9856,4.8692,5.1615,5.2798,5.6387,6.127,
2020-03-01 00:00:00,2,20.6125,19.2879,17.1922,12.4412,12.1678,11.5353,10.5575,9.2573,9.172,9.2573,8.9173,8.8328,8.6643,8.5803,8.251,7.9184,7.7206,7.5242,7.4591,7.5895,7.655,7.7864,7.7864,8.1175,8.251,8.1175,7.655,7.5895,7.5242,7.7206,7.9184
2020-02-01 00:00:00,2,12.9,13.4556,13.642,13.9227,14.2047,14.3934,14.7725,15.6338,16.4087,16.6038,16.0202,15.1539,14.2989,13.4556,12.716,11.7152,10.6455,9.8591,9.2573,8.7485,9.5141,10.2943,10.9107,12.808,14.6775,17.2907,19.795,20.8181,20.7152,,
2020-01-01 00:00:00,2,11.5353,11.356,11.6252,11.9863,12.5327,12.9,12.5327,12.2588,11.9863,12.5327,13.0846,13.642,14.0165,14.3934,14.7725,15.6338,16.7994,18.5832,18.483,17.4882,16.5062,15.5376,14.1105,13.3626,11.8958,12.4412,12.808,13.2698,13.829,14.3934,14.3934
2019-12-01 00:00:00,2,11.0884,10.5575,9.8591,8.1842,6.6261,4.7536,3.0636,2.9617,3.5867,3.8564,4.1313,4.3548,4.5246,4.9856,5.4584,5.9426,7.0072,7.1355,7.3941,7.1355,7.1355,6.9433,6.8159,6.6261,6.9433,7.1355,7.5242,8.051,8.9173,10.2069,10.9107
2019-11-01 00:00:00,2,1.6848,1.6414,1.5556,1.5131,1.5131,1.5131,1.7285,2.3229,2.6616,3.0125,3.2181,3.3223,3.4274,3.6939,4.0759,4.7536,5.3987,5.8815,5.9426,6.8159,7.3941,7.9846,8.4966,9.2573,9.6001,9.8591,10.2069,10.4696,10.5575,11.0884,
2019-10-01 00:00:00,2,1.9515,1.8614,1.8169,1.7726,1.6848,1.5984,1.5984,1.5131,1.5131,1.5984,1.6848,1.5984,1.5131,1.4291,1.3465,1.225,1.3465,1.3876,1.5556,1.8169,2.0427,2.3705,2.711,3.0125,3.6402,4.3548,3.8564,3.4803,2.711,1.997,1.7285
2019-09-01 00:00:00,2,2.3705,2.2755,2.135,2.0887,1.9515,1.9063,1.8614,1.8169,1.8614,1.9063,1.9515,2.0427,1.9515,1.8614,1.7726,1.7285,1.6848,1.7726,1.8614,1.8614,1.8614,1.9515,1.9515,1.8614,1.8614,1.7726,1.7726,1.8614,1.9515,1.997,
2019-08-01 00:00:00,2,1.8169,1.8614,1.9063,2.0887,1.9515,1.8614,1.7726,1.7285,1.8614,1.7285,1.8169,1.9515,2.0887,2.0427,1.9063,1.8614,1.7726,1.8614,1.8614,1.9063,1.9515,1.9063,1.8614,1.9063,1.9515,1.9515,2.0427,2.1816,2.3229,2.3705,2.3705
2019-07-01 00:00:00,2,4.6387,4.4678,4.2986,4.2986,4.1869,4.0759,4.0207,3.9109,3.7479,3.5867,3.4274,3.2701,3.0636,2.711,2.4665,2.3229,2.2755,2.1816,1.997,2.0427,2.0887,2.0887,2.0887,1.997,1.8169,1.7726,1.6848,1.6848,1.7285,1.6414,1.6414
2019-06-01 00:00:00,2,5.5784,5.1615,4.696,4.5815,4.0207,3.4803,3.6939,3.9657,4.0759,4.1313,4.1869,4.2986,4.4112,4.5815,4.7536,4.8113,4.9273,5.0441,4.9856,4.8692,4.7536,4.6387,4.5246,4.4678,4.2427,4.0207,4.0207,4.1869,4.3548,4.5815,
2019-05-01 00:00:00,2,4.5815,4.4678,4.2986,4.4112,4.2986,4.1869,4.0759,3.9657,3.8564,3.6939,3.5867,3.4274,3.4803,3.6402,4.2427,8.413,9.5141,10.1197,10.4696,9.7726,9.0869,8.6643,8.6643,8.4966,8.3296,8.1175,7.7206,7.3292,7.0072,6.6892,5.9426
2019-04-01 00:00:00,2,12.4412,11.9863,11.5353,10.9995,10.4696,9.8591,9.2573,9.002,9.2573,8.9173,8.4966,8.051,7.7206,7.1999,6.9433,6.9433,6.8159,6.6892,6.4377,6.3129,6.0654,5.3987,5.0441,4.696,4.5246,4.2986,4.3548,4.5815,4.696,4.4678,
2019-03-01 00:00:00,2,17.6861,21.1273,20.7152,20.1006,18.3829,16.4087,14.8677,14.4879,13.4556,12.716,10.8222,9.6863,9.172,9.5141,9.6863,9.2573,9.4283,9.3427,9.4283,9.5141,9.6863,9.9458,10.3818,10.4696,10.7338,11.0884,11.4456,11.8958,12.4412,12.9922,13.0846
2019-02-01 00:00:00,2,9.8591,9.4283,9.0869,8.8328,8.6643,8.413,8.3296,8.251,7.8523,8.1842,9.5141,11.8054,13.3626,14.2047,15.2496,15.6338,16.5062,17.4882,18.1832,19.0859,18.8845,19.0859,18.6835,18.483,18.0835,17.7853,17.5871,17.7853,,,
2019-01-01 00:00:00,2,9.0869,8.6643,9.2573,9.6863,10.1197,11.0884,11.9863,12.716,13.2698,12.9922,12.3499,11.9863,11.6252,11.1774,11.0884,11.4456,11.6252,11.8054,11.8958,11.7152,11.356,11.4456,11.2666,11.0884,10.9107,10.5575,10.3818,10.0327,9.6863,9.8591,9.6863
2018-12-01 00:00:00,2,16.0202,16.5062,17.2907,17.6861,18.283,18.6835,19.4904,19.2879,18.8845,19.2879,18.9851,18.483,17.8846,17.4882,17.1922,16.6038,16.0202,15.5376,15.0584,14.5827,14.1105,14.8677,15.9234,16.7015,16.8974,15.1539,14.5827,13.7354,12.6243,11.7152,10.2943
2018-11-01 00:00:00,2,2.9617,2.8106,2.711,3.0125,3.2701,3.4803,3.6939,5.6991,22.3746,22.7941,22.2701,21.334,19.9986,19.0859,18.0835,17.4882,18.283,19.6933,21.5412,23.3208,24.4894,26.1039,28.7354,28.6246,28.7354,26.5384,24.5963,23.4265,18.8845,14.4879,
2018-10-01 00:00:00,2,1.7726,1.5556,1.3057,1.5131,1.7285,1.9063,2.0887,2.4184,2.4184,2.3229,2.1816,1.9515,1.9063,1.8614,1.7726,1.6414,1.5556,1.3465,1.1458,1.0298,1.0681,1.1068,1.2652,1.5984,1.7285,2.1816,2.4665,2.5636,2.711,2.7607,2.8607
2018-09-01 00:00:00,2,0.9543,1.0298,0.9543,0.8804,0.8804,0.9543,1.0298,1.0298,1.0298,1.0298,1.1068,1.1458,1.3057,1.471,1.5556,1.6414,1.6848,1.7285,1.8169,1.9063,1.997,1.9515,1.8614,1.7726,1.6848,1.5984,1.7285,1.8169,1.9063,1.997,
2018-08-01 00:00:00,2,0.8804,0.9543,0.9543,1.0298,1.0298,1.0298,1.1068,1.2652,1.3465,1.4291,1.5131,1.4291,1.3465,1.2652,1.1853,1.1068,1.0298,0.9543,0.8804,0.8804,0.9543,0.844,0.8804,0.8804,0.9543,0.9543,0.9543,1.0298,0.9543,1.0298,1.0298
2018-07-01 00:00:00,2,1.225,1.3057,1.3057,1.3876,1.3465,1.3465,1.2652,1.2652,1.1853,1.225,1.2652,1.1853,1.1068,1.1853,1.2652,1.1853,1.1068,1.1068,1.1068,1.0298,1.1068,1.1068,1.0298,1.0298,1.0298,1.0298,0.9918,0.9543,0.9543,0.9171,0.8804
2018-06-01 00:00:00,2,1.5131,1.4291,1.4291,1.3465,1.3465,1.2652,1.2652,1.3057,1.3876,1.471,1.5556,1.6414,1.6414,1.5556,1.5131,1.471,1.4291,1.3465,1.2652,1.225,1.225,1.3465,1.3876,1.3465,1.2652,1.3465,1.4291,1.4291,1.3465,1.2652,
2018-05-01 00:00:00,2,2.4665,2.5636,2.4184,2.3705,2.3229,2.2284,2.2755,2.3705,2.4665,2.5636,2.6616,2.5636,2.4184,2.3229,2.4184,2.5149,2.4665,2.3705,2.2755,2.2755,2.3229,2.135,1.7726,1.6848,1.6848,1.5984,1.5556,1.4291,1.5131,1.5131,1.5131
2018-04-01 00:00:00,2,4.9856,4.8692,4.4678,4.5246,4.4112,4.1313,3.802,3.5867,3.3748,3.0636,2.8607,2.6616,2.4665,2.3705,2.2284,2.0427,1.997,2.1816,2.2755,2.3705,2.4665,2.711,2.8607,2.7607,2.5636,2.4665,2.3705,2.3705,2.3705,2.3705,
2018-03-01 00:00:00,2,3.3223,3.5334,3.6939,3.802,3.9109,4.1313,4.3548,4.5815,4.7536,4.9273,5.2798,5.5784,5.8815,6.3129,6.4377,5.6387,5.1027,5.5184,6.0654,4.8692,4.696,4.9273,4.696,4.4678,4.2427,4.0207,3.802,3.5867,3.4274,3.5867,4.1869
2018-02-01 00:00:00,2,4.4112,4.8113,5.2206,6.127,6.2508,6.3752,7.5895,6.6892,6.127,5.5784,5.1027,4.6387,4.2986,4.0207,3.5334,3.5334,3.6939,3.802,3.9109,4.1313,4.5246,4.696,4.6387,4.4678,4.3548,4.3548,4.5815,4.5815,,,
2018-01-01 00:00:00,2,3.5867,4.2986,4.696,5.4584,6.3129,9.0869,10.6455,9.7726,8.6643,8.051,7.4591,6.8796,6.2508,6.0039,5.6387,5.3987,5.2798,5.2798,5.1615,4.9273,4.7536,4.6387,4.5815,4.7536,5.0441,4.8692,4.5815,4.2986,3.5867,3.9109,4.0207
2017-12-01 00:00:00,2,4.9856,5.4584,5.8205,6.2508,6.5003,9.2573,16.0202,22.1656,30.6339,29.737,27.9618,23.8504,18.9851,15.1539,13.4556,11.8054,11.0884,10.0327,8.8328,8.3296,6.0039,5.4584,5.1615,4.9273,4.6387,3.8564,3.5867,3.802,4.0207,3.9109,3.4803
2017-11-01 00:00:00,2,1.5131,1.4291,1.4291,1.3465,1.3465,1.3057,1.1853,1.0681,1.1068,1.3057,1.3876,1.3465,1.4291,1.5131,1.4291,1.3465,1.5131,1.6414,1.9515,3.2701,6.8796,13.2698,14.1105,8.5803,4.9856,4.6387,4.1869,3.5867,3.0125,3.7479,
2017-10-01 00:00:00,2,1.5131,1.471,1.6414,1.6848,1.8169,1.9063,2.0427,2.135,2.0427,2.135,2.2755,2.0887,1.997,1.8614,1.9515,2.0887,2.3229,2.4665,2.6616,2.9617,3.0636,2.9617,2.7607,2.4184,2.3229,2.0427,1.9063,1.7726,1.6848,1.6414,1.5131
2017-09-01 00:00:00,2,0.844,0.844,0.8804,0.8081,0.7375,0.6688,0.7375,0.8081,0.8804,0.9543,0.9543,0.9918,1.0298,0.9543,0.9543,0.9171,0.8804,0.9543,0.8804,0.8804,0.8081,0.8804,0.8081,0.8081,0.8081,0.8081,0.844,0.8804,0.9918,1.1068,
2017-08-01 00:00:00,2,1.0681,1.1068,1.1853,1.2652,1.3465,1.471,1.5556,1.6414,1.5556,1.471,1.4291,1.3465,1.2652,1.1853,1.1853,1.1068,1.1068,1.1068,1.1068,1.1068,1.1068,1.1068,1.1068,1.1068,1.0681,1.0298,1.0298,0.9543,0.9543,0.9543,0.9171
2017-07-01 00:00:00,2,0.7029,0.6351,0.6351,0.7029,0.7375,0.7726,1.0298,1.0681,1.1458,1.3057,1.3876,1.471,1.5131,1.5556,1.6848,1.5984,1.5131,1.471,1.4291,1.3465,1.2652,1.1853,1.225,1.3057,1.2652,1.225,1.225,1.2652,1.3465,1.225,1.1068
2017-06-01 00:00:00,2,2.6616,2.5636,2.3705,2.1816,2.0887,1.8614,1.8169,1.8169,1.7285,1.6414,1.5556,1.5556,1.471,1.4291,1.3876,1.3057,1.225,1.1853,1.1068,1.1068,1.0298,0.9543,0.8804,0.8081,0.8804,0.9918,0.9543,0.8804,0.8081,0.7375,
2017-05-01 00:00:00,2,8.5803,5.7598,5.0441,4.5815,4.0207,3.2701,2.7607,2.4665,2.2755,2.0887,1.997,2.135,2.2755,2.4184,2.5636,2.8607,2.9111,3.1149,3.2701,3.3748,3.5867,3.7479,3.9109,3.802,3.5867,3.3748,3.1664,2.9617,2.6125,2.6125,2.7607
2017-04-01 00:00:00,2,4.5815,4.696,4.8113,4.9273,4.8113,4.5815,4.4112,4.696,5.0441,5.4584,6.127,7.2645,7.7864,8.251,8.4966,8.4966,8.3296,7.9846,7.655,7.0713,6.6892,6.8159,7.3941,7.7864,8.1842,8.6643,9.002,9.3427,9.4283,9.6863,
2017-03-01 00:00:00,2,3.2701,2.9617,3.0636,2.9111,2.7607,2.6125,2.2755,2.0887,2.1816,2.3705,2.5636,2.5636,2.3705,2.1816,2.0427,1.997,2.0887,2.2755,2.3705,2.5149,2.5636,2.7607,2.9111,2.8106,2.9617,3.1664,3.4274,3.7479,4.0207,4.2986,4.5246
2017-02-01 00:00:00,2,4.1313,4.4678,4.8692,5.1615,4.8692,4.9273,4.696,4.5815,4.7536,4.8113,4.8113,4.696,4.4678,4.1313,3.9657,3.8564,3.7479,3.6402,3.5334,3.4274,3.3223,3.1149,3.2181,3.1664,3.3223,3.2701,3.2701,3.1664,,,
2017-01-01 00:00:00,2,4.0207,3.7479,3.4803,3.1664,3.0636,2.9111,3.0636,3.1664,3.3748,3.7479,4.2427,4.3548,4.1869,4.0207,3.9109,3.5867,3.3748,3.1664,2.9617,2.8607,2.6616,2.5636,2.6125,2.711,2.8106,2.9617,3.0636,3.2701,3.5867,3.802,4.1313
2016-12-01 00:00:00,2,4.1313,3.9657,4.0207,3.9109,3.802,3.6939,3.4803,3.3748,3.2701,3.2701,3.3748,3.3223,3.1664,3.0636,3.0636,3.1149,3.0125,2.9111,2.8106,2.6616,2.7607,2.8607,3.0636,3.1664,3.3223,3.4274,3.5867,3.7479,3.8564,3.9657,4.0207
2016-11-01 00:00:00,2,2.0887,2.0887,1.997,1.8169,1.8169,1.997,2.0887,2.2755,2.4665,2.6616,2.9111,3.1664,3.3748,3.5334,3.7479,3.8564,4.0207,4.2986,4.2427,4.1313,3.9109,3.802,3.5867,3.4274,3.4803,3.7479,3.9109,3.9657,4.0759,4.1313,
2016-10-01 00:00:00,2,0.9543,0.844,0.844,0.8804,0.9543,1.0298,1.1068,1.1853,1.2652,1.3465,1.3876,1.3057,1.225,1.1458,1.1458,1.0681,1.0681,0.9918,1.0298,1.1458,1.225,1.3057,1.3876,1.471,1.5556,1.7285,1.9063,1.997,1.997,2.0427,1.997
2016-09-01 00:00:00,2,1.1458,1.0681,0.9918,0.8804,1.0681,0.9918,0.9918,1.0298,1.0298,0.9543,1.0298,1.1068,1.0681,1.1068,1.1068,1.225,1.3057,1.3876,1.471,1.5556,1.471,1.3876,1.3057,1.225,1.1458,1.1068,1.1068,1.1068,1.0298,0.9918,
2016-08-01 00:00:00,2,0.7029,0.7375,0.6688,0.5369,0.6018,0.6018,0.6688,0.6688,0.6351,0.7375,0.8081,0.8804,0.8804,1.1068,1.0298,1.1068,1.1853,1.471,1.6414,1.7726,1.997,2.0887,1.997,1.8614,1.8169,1.7285,1.5984,1.471,1.3876,1.2652,1.2652
2016-07-01 00:00:00,2,3.5334,3.2701,2.8106,2.2755,1.7285,1.471,1.471,1.4291,1.3465,1.3465,1.2652,1.2652,1.2652,1.1853,1.1853,1.225,1.225,1.1853,1.225,1.1853,1.1458,1.1068,1.0681,0.9543,0.9543,0.8804,0.8804,0.8081,0.7375,0.6688,0.7375
2016-06-01 00:00:00,2,3.6402,3.6939,3.802,3.9657,3.9657,4.0759,4.1869,4.2986,4.4112,4.5246,4.5815,4.4678,4.2986,4.1869,4.0207,4.0207,4.1869,4.0759,4.1869,4.2986,4.3548,4.2427,4.1313,3.9109,3.802,3.6402,3.8564,3.9657,4.0207,4.0759,
2016-05-01 00:00:00,2,5.6387,5.3987,5.4584,5.5784,5.5784,5.3987,5.2798,5.1027,5.0441,4.9273,4.696,4.7536,4.6387,4.5246,4.5815,4.8113,5.0441,5.2798,5.2798,5.5184,5.3391,5.0441,4.8113,4.696,4.4678,4.1869,4.0207,3.8564,3.7479,3.6402,3.6402
2016-04-01 00:00:00,2,6.3129,5.8815,5.5184,5.2798,4.8113,4.8113,4.3548,3.802,4.0207,4.1869,4.2986,4.1869,4.2427,4.2427,4.3548,4.5815,4.696,4.7536,4.8692,4.8113,4.9856,5.0441,5.2798,5.5184,5.8815,6.127,6.2508,6.0039,5.8205,5.6387,
2016-03-01 00:00:00,2,15.7302,14.8677,13.4556,12.716,12.3499,12.1678,11.5353,10.5575,9.6001,8.7485,8.051,7.3292,6.6892,6.1888,6.0654,5.9426,5.6387,5.1027,4.8692,4.8113,4.6387,4.7536,4.9273,5.2206,5.7598,6.3752,6.5631,6.7525,6.8796,6.7525,6.5631
2016-02-01 00:00:00,2,19.0859,14.1105,12.4412,10.8222,9.6863,8.1842,7.0713,5.8205,6.6261,7.0072,7.0713,7.5242,8.051,8.6643,8.1842,8.413,8.413,8.1842,7.8523,7.655,7.3941,7.0072,6.9433,6.3752,6.3752,7.3941,8.9173,11.5353,14.6775,,
2016-01-01 00:00:00,2,7.4591,6.6261,5.8205,5.5184,5.1027,4.6387,4.4112,4.2427,4.0207,5.1027,6.127,7.0713,8.1175,8.4966,9.6863,12.3499,15.1539,17.0938,17.5871,20.1006,22.1656,23.5323,25.5631,27.522,28.7354,28.6246,24.8104,23.0044,22.7941,22.5841,21.8529
2015-12-01 00:00:00,2,5.3391,5.3391,5.6387,6.0039,6.5631,6.6892,7.1999,7.7206,8.1842,8.6643,6.0654,10.3818,10.9107,11.2666,11.2666,10.9107,10.3818,9.3427,8.4966,7.3941,5.7598,5.3987,4.8692,4.4678,4.8113,5.2206,5.8205,5.9426,6.4377,7.2645,7.7864
2015-11-01 00:00:00,2,4.9273,5.2798,5.4584,5.4584,5.0441,4.9273,4.696,4.5815,4.8692,5.1615,5.3391,5.3987,5.3391,5.6387,5.8815,6.0654,6.2508,6.1888,6.0654,6.3752,6.8796,7.1355,7.5242,7.7864,7.9184,7.4591,6.8159,6.0654,5.5184,5.2798,
2015-10-01 00:00:00,2,1.471,1.4291,1.3465,1.225,1.225,1.225,1.3876,1.5556,1.6848,1.9063,2.0887,2.4184,2.4665,2.5636,2.7607,2.8607,3.0636,3.4274,3.6402,3.9109,3.8564,3.6939,3.7479,3.8564,3.9657,4.1313,4.3548,4.4678,4.696,4.696,4.5815
2015-09-01 00:00:00,2,2.3705,2.4665,2.6125,2.711,2.8106,2.9111,3.0125,3.1664,3.1664,3.0636,3.2701,3.2701,3.1149,3.0125,2.9111,2.8106,2.6616,2.5636,2.5636,2.5636,2.4665,2.0427,1.471,1.1853,1.2652,1.3465,1.1853,1.3057,1.4291,1.6414,
2015-08-01 00:00:00,2,3.2701,3.1664,3.1149,3.1149,3.0125,2.8106,2.6125,2.711,2.4184,2.4665,2.5636,2.5636,2.3705,2.2755,2.135,1.997,1.9063,1.8169,1.8169,1.7285,1.6414,1.5556,1.471,1.3465,1.0298,0.9543,1.0298,1.2652,1.6414,1.9063,2.2284
2015-07-01 00:00:00,2,3.9657,3.802,3.802,3.6402,3.5334,3.3748,3.2701,3.2701,3.1664,3.1149,3.0125,3.0125,2.9111,2.8106,2.8106,2.6616,2.5636,2.5636,2.6616,2.6125,2.5149,2.6125,2.711,2.8106,2.9111,2.8607,2.9617,3.1149,3.1664,3.2181,3.3223
2015-06-01 00:00:00,2,2.7607,2.9111,2.9617,3.0636,3.0636,3.0125,2.8607,2.8607,3.0636,3.2701,3.0636,3.0636,3.0636,3.1149,3.1664,3.2181,3.3223,3.4803,3.4274,3.2701,3.1664,3.0636,3.2181,3.3223,3.4274,3.5334,3.6402,3.8564,3.9657,4.1313,
2015-05-01 00:00:00,2,3.8564,4.0207,4.1313,4.0207,4.2427,4.4678,4.6387,4.696,5.0441,4.9273,5.0441,4.9273,4.696,4.5815,4.4678,4.3548,3.9657,3.5334,3.2701,3.2701,3.3748,3.3223,3.1664,3.0125,3.1664,3.4274,3.4274,3.6402,3.802,3.7479,3.4274
2015-04-01 00:00:00,2,4.5815,4.7536,5.1027,5.2206,6.0654,6.1888,6.3752,6.5003,7.0713,7.1999,7.0072,6.3752,6.0039,5.4584,5.2798,4.696,4.5246,4.2986,4.0207,4.1313,4.4112,4.5246,4.9273,5.1615,5.2798,4.8113,4.3548,4.0207,3.9109,3.6939,
2015-03-01 00:00:00,2,4.4112,3.5334,3.7479,4.0207,4.5815,5.1027,4.9273,5.0441,5.2798,5.3987,5.5184,5.6387,5.8205,5.9426,6.2508,6.8796,7.2645,7.5895,7.9184,7.2645,7.1355,6.9433,6.3752,5.7598,5.3987,5.2798,5.1027,4.9856,4.8692,4.5815,4.4678
2015-02-01 00:00:00,2,1.9515,2.0427,2.135,2.4184,2.5636,2.9111,3.2701,3.802,4.1869,4.9856,5.8205,6.2508,5.8815,6.0654,5.4584,4.7536,3.9657,3.5334,2.711,2.3705,2.3229,2.6616,3.0125,3.5334,4.3548,6.3129,6.0654,5.5184,,,
2015-01-01 00:00:00,2,4.8113,4.5815,4.5815,4.4678,4.4678,4.6387,4.9856,4.5246,4.4112,4.3548,4.1869,4.2427,4.4112,4.5246,4.5815,5.0441,5.4584,5.6387,5.6387,5.7598,6.0039,6.127,5.8205,5.4584,5.5784,4.696,4.5246,4.4112,4.3548,4.2427,4.1313
2014-10-01 00:00:00,2,0.8597,0.8597,0.8597,0.8597,0.8597,0.8315,0.8038,0.7764,0.7764,0.7764,0.7495,0.7495,0.7495,0.7229,0.7229,0.7229,0.7229,,,,,,,,,,,,,,
2014-09-01 00:00:00,2,1.068,1.068,1.0993,1.1311,1.1311,1.0993,1.068,1.068,1.0371,1.0371,1.0065,1.0065,0.9764,0.9466,0.9172,0.9172,0.9172,0.9172,0.9172,0.9172,0.8883,0.8883,0.8883,0.8883,0.8883,0.8883,0.8597,0.8597,0.8597,0.8597,
2014-08-01 00:00:00,2,1.4336,1.4336,1.3985,1.3985,1.3985,1.3638,1.3638,1.3638,1.3638,1.3294,1.3294,1.3294,1.3294,1.3294,1.2617,1.2285,1.2285,1.2285,1.2285,1.2285,1.2285,1.2285,1.1956,1.1632,1.1311,1.1311,1.1311,1.1311,1.1311,1.0993,1.068
2014-07-01 00:00:00,2,1.505,1.4691,1.4691,1.4691,1.4336,1.4336,1.4336,1.4336,1.4336,1.4336,1.4336,1.4691,1.4691,1.4336,1.4336,1.4336,1.4336,1.3985,1.3985,1.3985,1.3985,1.3985,1.3985,1.4691,1.6149,1.8052,1.8839,1.8444,1.7664,1.6149,1.4691
2014-06-01 00:00:00,2,1.7664,1.728,1.728,1.728,1.6899,1.6899,1.6522,1.6522,1.6522,1.6149,1.6149,1.6149,1.5779,1.5779,1.5779,1.5779,1.5779,1.5413,1.5413,1.5413,1.5413,1.5413,1.5413,1.5413,1.5413,1.5413,1.505,1.505,1.505,1.505,
2014-05-01 00:00:00,2,2.1705,2.1285,2.0868,2.0455,2.0046,2.0046,1.964,1.964,1.964,1.9238,1.9238,1.8839,1.8839,1.8444,1.8444,1.8052,1.8052,1.8052,1.8052,1.8052,1.8052,1.8052,1.8052,1.8052,1.8052,1.8444,1.8444,1.8052,1.8052,1.8052,1.8052
2014-04-01 00:00:00,2,,,,,,,,,,,,,,,,,,,,,,,,3.4344,3.2818,2.9375,2.6097,2.4299,2.342,2.2556,
2014-03-01 00:00:00,2,,,,,,,,,,,,,,,,,,,,,,,,,,,,,,,
2014-02-01 00:00:00,2,,,,,,,,,,,,,,,,,,,,,,,,,,,,,,,
2014-01-01 00:00:00,2,,,,,,,,,,,,,,,,,,,,,,,,,,,,,,,
2013-12-01 00:00:00,2,,,,,,,,,,,,,,,,,,,,,,,,,,,,,,,
2013-11-01 00:00:00,2,,,,,,,,,,,,,,,,,,,,,,,,,,,,,,,
2013-10-01 00:00:00,2,2.7017,2.795,2.6555,2.3858,2.2556,2.1285,2.0868,2.0046,2.0868,2.1705,2.1285,2.0455,1.964,1.8839,1.8839,,,,,,,,,,,,,,,,
2013-09-01 00:00:00,2,1.8839,1.8839,1.8839,1.8839,1.9238,1.9238,1.9238,1.9238,1.9238,1.8839,1.8839,1.8444,1.8444,1.8444,1.8052,1.8052,2.0455,2.342,2.2556,2.1705,2.1285,2.0455,2.0046,2.0455,2.0046,1.9238,1.9238,1.9238,2.0046,2.342,
2013-08-01 00:00:00,2,2.2986,2.2986,2.2556,2.2556,2.2556,2.2556,2.2129,2.1705,2.1705,2.1705,2.1705,2.1285,2.1285,2.0868,2.0868,2.0868,2.0455,2.0455,2.0868,2.1705,2.1705,2.0868,2.0455,2.0455,2.0046,1.964,1.964,1.964,1.9238,1.9238,1.9238
2013-07-01 00:00:00,2,2.9375,2.9375,2.9375,2.8897,2.8422,2.8422,2.795,2.7482,2.7017,2.6555,2.6555,2.6555,2.6097,2.6097,2.5642,2.5642,2.5191,2.5191,2.5191,2.5191,2.5191,2.5191,2.5191,2.4743,2.4743,2.4299,2.3858,2.3858,2.3858,2.342,2.342
2013-06-01 00:00:00,2,5.5404,5.239,4.7945,4.5033,4.185,3.9097,3.7483,3.5899,3.4859,3.5899,3.5377,3.4344,3.3324,3.3324,3.3324,3.3324,3.3324,3.2818,3.2818,3.2317,3.0831,2.9857,3.0342,3.0342,3.0342,2.9857,2.9857,2.9857,2.9857,2.9375,
2013-05-01 00:00:00,2,4.1293,4.0739,4.0188,3.9097,3.8555,3.7483,3.6952,3.6424,3.5899,3.5377,3.4859,3.4859,3.4859,3.4344,3.4344,3.3832,3.3832,3.3324,3.3324,3.2818,3.2317,3.2317,3.1818,3.1818,3.1818,3.2317,3.5377,4.5757,6.3102,7.1024,5.9224
2013-04-01 00:00:00,2,,,,,,,,,,,,,,,,,,,,4.9417,4.8679,4.7213,4.5757,4.5757,4.4311,4.3593,4.3593,4.2974,4.2411,4.185,
2013-03-01 00:00:00,2,,,,,,,,,,,,,,,,,,,,,,,,,,,,,,,
2013-02-01 00:00:00,2,,,,,,,,,,,,,,,,,,,,,,,,,,,,,,,
2013-01-01 00:00:00,2,,,,,,,,,,,,,,,,,,,,,,,,,,,,,,,
2012-12-01 00:00:00,2,,,,,,,,,,,,,,,,,,,,,,,,,,,,,,,
2012-11-01 00:00:00,2,1.4336,1.4691,1.6522,2.6555,2.7017,2.0868,2.1705,2.1705,2.2129,3.4859,3.1818,2.0868,2.4299,5.0156,3.1323,3.1818,3.2818,2.795,,,,,,,,,,,,,
2012-10-01 00:00:00,2,1.8052,1.8052,1.7664,1.728,1.728,1.6899,1.6899,1.6522,1.6522,1.6522,1.6522,1.5413,1.5413,1.5413,1.4691,1.4691,1.505,1.4691,1.4691,1.5413,1.5413,1.505,1.5779,1.6899,1.728,1.6522,1.5779,1.505,1.4691,1.4336,1.4336
2012-09-01 00:00:00,2,1.9238,1.9238,1.8839,1.8839,1.8839,1.8444,1.8444,1.8444,1.8052,1.8052,1.8052,1.8052,1.8052,1.8052,1.7664,1.7664,1.7664,1.7664,1.7664,1.7664,1.8444,1.8444,1.8444,1.9238,2.4299,2.795,2.342,2.0046,1.8839,1.8444,
2012-08-01 00:00:00,2,2.2986,2.2986,2.2986,2.2556,2.2556,2.2556,2.2556,2.2129,2.2129,2.2129,2.1705,2.1705,2.1285,2.1285,2.1285,2.1285,2.0868,2.0868,2.0868,2.0455,2.0455,2.0455,2.0455,2.0046,2.0046,2.0046,1.964,1.964,1.964,1.9238,1.9238
2012-07-01 00:00:00,2,2.9375,2.8897,2.8897,2.8897,2.8422,2.8422,2.795,2.7482,2.7482,2.7017,2.7017,2.6555,2.6555,2.6097,2.6097,2.6097,2.7017,2.7482,2.6555,2.5642,2.5642,2.5642,2.5191,2.5191,2.4743,2.4299,2.4299,2.3858,2.342,2.342,2.2986
2012-06-01 00:00:00,2,3.2317,3.2317,3.2317,3.8555,5.0898,5.6925,5.6925,5.314,4.7945,4.1293,3.6952,3.5377,3.3832,3.3324,3.2317,3.1818,3.1818,3.1818,3.2317,3.4344,3.8555,4.185,4.0739,3.8018,3.4859,3.1818,3.1323,3.0831,3.0342,2.9857,
2012-05-01 00:00:00,2,4.0739,3.9097,3.7483,3.6424,3.6424,3.5899,3.5899,3.5377,3.5377,3.4859,3.4859,3.4344,3.3832,3.4859,3.5899,3.5377,3.3324,3.3324,3.3324,3.3324,3.2818,3.1818,3.1323,3.1818,3.3832,3.9097,4.3593,4.0739,3.8018,3.6424,3.4344
2012-04-01 00:00:00,2,,,,,,,,,,,,4.5033,4.4311,4.2974,4.185,4.185,4.2974,4.2974,4.185,4.1293,4.1293,4.1293,4.0739,4.0188,3.9097,3.8555,4.0188,4.2974,4.2411,4.185,
2012-03-01 00:00:00,2,,,,,,,,,,,,,,,,,,,,,,,,,,,,,,,
2012-02-01 00:00:00,2,,,,,,,,,,,,,,,,,,,,,,,,,,,,,,,
2012-01-01 00:00:00,2,,,,,,,,,,,,,,,,,,,,,,,,,,,,,,,
2011-12-01 00:00:00,2,,,,,,,,,,,,,,,,,,,,,,,,,,,,,,,
2011-11-01 00:00:00,2,2.0868,2.0046,1.8444,1.8444,1.8052,1.7664,1.728,1.728,,,,,,,,,,,,,,,,,,,,,,,
2011-10-01 00:00:00,2,1.6899,1.6899,1.6899,1.7664,1.7664,1.8444,1.9238,1.9238,2.0046,2.0046,2.1285,2.2129,2.1705,2.1285,2.2986,2.5191,2.8897,3.0342,2.7482,2.1705,2.1285,2.1705,2.0868,2.0046,2.5191,2.6097,2.5642,2.9857,2.9857,2.0868,2.0046
2011-09-01 00:00:00,2,2.0046,2.0046,2.0046,1.9238,1.9238,1.9238,1.8839,1.8444,1.8444,1.8444,1.8444,1.8444,1.8444,1.8052,1.8052,2.9857,2.8897,1.8444,1.8444,1.8444,1.8444,1.8444,1.7664,1.7664,1.8052,1.8052,1.7664,1.7664,1.6899,1.6899,
2011-08-01 00:00:00,2,2.5191,2.5642,2.4743,2.4299,2.4299,2.4299,2.4299,2.4299,2.5191,2.3858,2.2986,2.2986,2.2986,2.2556,2.2556,2.2556,2.2556,2.2556,2.2556,2.2556,2.1705,2.1705,2.1705,2.0868,2.0868,2.0868,2.0868,2.0868,2.0046,2.0046,2.0046
2011-07-01 00:00:00,2,2.6555,2.7482,2.795,2.8422,2.8897,2.795,2.7482,2.6555,2.5642,2.5642,2.7017,2.6555,2.5642,2.5191,2.6555,2.6097,2.6097,2.5191,2.4743,2.4299,2.5191,2.6097,2.5642,2.5642,2.4743,2.3858,2.4743,2.5642,2.5642,2.5191,2.5191
2011-06-01 00:00:00,2,3.9097,3.9097,3.8555,3.8555,3.8018,3.8018,3.8555,3.9097,3.6952,3.8018,3.3832,3.3832,3.2818,3.2818,3.2317,3.2317,3.1818,3.1818,3.1818,2.9857,2.8897,2.8422,2.795,2.7017,2.6555,2.6097,2.5642,2.5191,2.6097,2.6097,
2011-05-01 00:00:00,2,6.1544,5.8455,5.9224,5.8455,5.6925,5.6163,5.5404,5.3892,5.6163,5.7689,5.8455,5.0898,5.0898,5.0156,4.9417,4.9417,4.7945,4.6484,4.6484,4.5033,4.4311,4.4311,4.3593,4.2974,4.2411,4.185,4.1293,4.1293,4.0739,4.0739,3.9641
2011-04-01 00:00:00,2,8.7485,8.6643,8.5803,17.0938,16.2142,12.716,9.3427,9.002,8.7485,8.7485,8.8328,12.1678,11.2666,10.3818,9.002,8.8328,8.2464,7.5064,7.3442,7.0222,6.8625,6.2322,6.2322,6.6245,6.7036,7.2634,7.0222,6.9422,6.7829,6.3884,
2011-03-01 00:00:00,2,5.0156,5.1643,8.8328,10.9995,14.4879,32.638,34.9085,38.7715,41.4785,38.0706,30.7464,24.5963,18.7839,22.1656,17.8846,18.9851,16.0202,13.9227,14.0165,13.1771,11.5353,11.356,10.4696,9.8591,9.6863,9.3427,9.5141,9.6863,8.6643,8.413,8.6643
2011-02-01 00:00:00,2,6.2322,5.5404,4.9417,4.9417,4.7945,4.7945,5.0156,5.0898,4.8679,4.7213,4.6484,4.6484,4.5757,4.5033,4.5033,4.0188,6.3102,8.7485,4.5033,4.185,3.9641,4.185,4.7213,5.5404,4.8679,4.5033,4.9417,4.7945,,,
2011-01-01 00:00:00,2,11.8054,4.4311,10.3818,26.4296,23.9566,28.2928,33.4328,33.9666,29.9606,18.483,14.3934,11.7152,10.6455,9.6863,10.2069,9.9458,10.0327,12.3499,10.4696,11.356,9.8591,8.9173,8.4966,7.6695,7.7513,7.8333,6.9422,6.7829,6.5456,6.3102,6.3884
2010-12-01 00:00:00,2,4.1293,4.2411,4.0188,4.1293,4.5033,7.5878,8.6643,13.3626,8.2464,3.8018,3.3832,3.6952,3.6424,4.2411,4.8679,4.7945,4.7945,2.9375,3.3832,3.3324,3.2818,3.6952,14.1105,5.0156,4.2411,5.6163,4.5757,4.9417,3.6424,5.0156,7.8333
2010-11-01 00:00:00,2,5.4855,3.8049,2.7292,2.445,2.2215,2.3095,2.3993,2.4912,2.3542,2.8278,2.6806,4.7379,3.7463,4.3913,4.5377,4.4885,7.4169,7.4169,4.1053,3.6307,2.9795,3.9235,4.6873,6.3092,4.1293,3.6424,3.6424,3.5899,3.5899,3.5899,
2010-10-01 00:00:00,2,1.7334,1.7715,3.083,1.8886,5.7708,5.829,3.4056,3.9235,2.9284,2.8779,2.2215,2.3095,2.3095,2.2652,2.8278,2.7783,2.7292,1.8886,1.81,1.81,1.5856,1.5498,1.5498,1.7334,1.7334,3.5172,3.4611,1.9285,1.8886,1.8886,1.8491
2010-09-01 00:00:00,2,1.3777,1.3777,1.3777,1.3777,1.4112,1.4112,1.4796,1.5145,1.5145,1.5145,1.4796,1.4796,1.4796,1.312,1.312,1.312,1.312,1.312,1.312,1.312,1.312,1.2481,1.2481,1.2481,1.2481,1.2798,1.3777,1.5856,1.6586,2.3993,
2010-08-01 00:00:00,2,1.7334,1.7334,1.7334,1.7334,1.6957,1.6219,1.6219,1.6219,1.6219,1.5856,1.5498,1.5498,1.5498,1.5145,1.5498,1.5498,1.5498,1.4796,1.4796,1.4796,1.5498,1.5498,1.5498,1.5498,1.5145,1.4796,1.5145,1.5145,1.4796,1.4796,1.4796
2010-07-01 00:00:00,2,2.1354,2.1354,2.0931,2.0931,2.1354,2.1354,2.0931,2.0931,2.0931,2.0931,2.0931,2.0512,2.0931,2.0931,2.0099,2.0099,1.969,1.969,1.969,1.969,1.969,1.969,1.9285,1.9285,1.8886,1.8491,1.8491,1.81,1.81,1.81,1.7334
2010-06-01 00:00:00,2,2.7292,2.7783,2.7783,2.8278,2.8779,2.7292,2.6806,2.6806,2.6806,2.6806,2.6325,2.6325,2.6325,2.5849,2.5849,2.7783,2.7783,2.7783,2.7292,2.5849,2.5378,2.3095,2.3095,2.3095,2.3095,2.2652,2.2652,2.2652,2.2215,2.2215,
2010-05-01 00:00:00,2,3.7463,3.7463,3.7463,3.6883,3.6307,3.6307,3.6307,3.6883,3.7463,3.7463,3.6307,3.6883,3.5172,3.3506,3.2421,3.2961,3.2961,3.2961,3.2961,3.2961,3.2421,3.2421,3.2961,3.2961,3.2421,3.2421,2.9795,2.8779,2.9284,2.8278,2.9284
2010-04-01 00:00:00,2,6.4959,6.2477,5.7708,5.5418,5.4855,5.4855,5.4855,5.4297,5.3191,5.0492,4.9964,4.944,4.8402,4.8402,4.8402,4.7888,4.6873,4.5377,4.5872,4.4397,4.4397,4.3913,4.3913,4.3433,4.2955,4.2482,4.2012,4.2012,4.2012,4.2012,
2010-03-01 00:00:00,2,5.713,8.7257,22.9771,23.6746,21.7186,18.6371,13.676,10.0974,6.9461,7.6251,8.1996,8.1263,8.6492,8.8027,7.4169,7.9089,7.2803,6.559,6.0659,6.1867,6.4333,7.5553,7.9089,7.4859,6.8154,6.0659,5.713,5.713,5.9466,6.1867,6.2477
2010-02-01 00:00:00,2,3.4056,3.2961,3.2421,3.1886,3.1355,3.031,2.9795,2.8779,2.9795,3.1355,3.3506,3.2961,3.1886,3.083,3.083,3.083,2.9795,2.9795,2.8779,2.8779,2.8278,2.6806,3.2961,4.3433,5.3742,5.4297,3.9235,3.7463,,,
2010-01-01 00:00:00,2,4.7379,4.4397,4.3913,4.5377,4.6873,4.7888,4.9964,4.4397,4.0442,3.5737,3.2421,3.5172,3.2961,3.1355,3.3506,3.2421,3.4611,3.6307,3.5737,3.1355,3.2421,3.3506,3.2421,3.7463,4.2012,4.5872,5.2643,5.9466,4.8919,3.9235,3.5172
2009-12-01 00:00:00,2,2.7783,2.8779,3.083,2.9795,2.8278,3.1355,3.5172,3.7463,3.9235,3.8049,3.6883,3.5172,3.6883,3.8639,3.5172,3.6883,3.8049,3.8049,3.9235,3.8049,3.5172,3.2421,3.1355,3.083,3.4056,3.8049,4.2482,4.9964,5.0492,4.944,4.7379
2009-11-01 00:00:00,2,3.031,2.9795,2.9284,3.083,2.8278,2.9284,2.9795,2.9795,3.2421,3.2961,3.083,3.2961,3.8639,3.2421,2.7783,2.5849,2.4912,2.3993,2.3993,2.3993,2.4912,2.5849,2.5849,2.6325,2.6806,2.8779,2.9795,3.031,2.7783,2.6806,
2009-10-01 00:00:00,2,2.1354,2.2652,2.3993,2.5849,2.7292,2.7783,2.9795,3.8049,4.3433,4.3433,3.6307,2.9795,2.4912,2.1782,2.2652,2.3542,2.3993,2.5378,3.2421,3.3506,3.6307,4.2012,3.8639,3.6307,3.6307,3.3506,3.4611,3.2961,3.2421,3.1355,3.1355
2009-09-01 00:00:00,2,2.4912,2.3993,2.3542,2.4912,2.9284,3.3506,3.6883,4.1053,3.4056,2.6806,2.5378,2.4912,2.3993,2.3542,2.3095,2.2215,2.2652,2.3542,2.445,2.3542,2.2652,2.2652,2.1782,2.1354,2.0512,1.969,1.9285,1.969,2.0512,2.0512,
2009-08-01 00:00:00,2,2.6806,2.6806,2.6806,2.6806,2.6806,2.5849,2.5849,2.5849,2.5849,2.5849,2.5378,2.4912,2.4912,2.4912,2.4912,2.4912,2.445,2.445,2.445,2.4912,2.5378,2.5378,2.7292,3.1886,3.4611,9.4351,6.1867,3.5737,2.6325,2.5849,2.4912
2009-07-01 00:00:00,2,3.6307,3.9836,3.8639,3.8639,3.7463,3.7463,3.8049,3.8639,3.6307,3.9235,3.6883,3.3506,3.2961,3.1886,3.1886,3.083,3.083,3.031,3.031,2.9795,2.9795,2.9795,2.9795,2.9284,2.9284,2.8779,2.8779,2.8278,2.7783,2.6806,2.6806
2009-06-01 00:00:00,2,4.5377,4.4885,4.2955,4.3913,4.4885,4.3913,4.3913,4.3433,4.2955,4.2955,4.2955,4.2012,4.2012,4.2012,3.9235,3.9836,4.0442,3.9836,3.9836,3.9235,3.9235,3.8639,3.8639,3.8049,3.7463,3.7463,3.7463,3.7463,3.6307,3.6307,
2009-05-01 00:00:00,2,6.371,6.371,6.4333,6.4333,6.4333,6.1867,5.8876,5.7708,5.6555,5.6555,5.5418,5.5418,5.4855,5.4297,5.3742,5.3191,5.3191,5.2643,5.1025,5.1025,5.1025,4.9964,4.944,4.8919,4.8919,4.8402,4.7888,4.7379,4.6873,4.4885,4.3913
2009-04-01 00:00:00,2,9.5162,8.8801,8.3477,8.1263,7.8373,8.5732,37.6523,15.1848,10.2678,9.0364,9.1944,8.958,8.7257,9.1152,10.013,10.4401,9.3544,9.0364,8.8027,8.5732,7.7661,7.5553,7.4859,7.4169,7.2126,7.0121,6.8805,6.7507,6.6225,6.371,
2009-03-01 00:00:00,2,10.013,8.1263,7.6251,7.4859,7.4859,7.5553,7.4859,7.3484,7.2126,7.2126,7.3484,7.2803,7.9089,7.7661,8.6492,20.1558,15.6357,8.7257,8.2734,8.1996,10.7022,11.608,11.9843,10.9687,10.8794,8.7257,8.958,8.8027,8.3477,8.8027,8.5732
2009-02-01 00:00:00,2,26.0558,17.1635,11.1489,9.7624,10.527,10.9687,10.1824,12.3688,13.885,10.7905,9.7624,9.7624,16.8023,30.9406,36.6831,38.0706,18.6371,15.1848,13.885,11.608,10.2678,9.2742,9.6799,10.1824,11.331,15.4091,11.2397,9.1152,,,
2009-01-01 00:00:00,2,10.8794,7.9089,6.7507,6.3092,6.0659,5.829,5.0492,4.944,4.5377,4.5872,4.5377,4.4885,4.3913,5.6555,6.8154,6.1261,6.4333,9.1944,6.8154,11.4228,14.9627,17.285,19.1743,21.6055,23.4412,25.3325,27.2782,29.2775,30.9406,30.9406,30.4252
2008-12-01 00:00:00,2,2.0099,1.969,1.9285,1.9285,1.9285,1.969,1.969,1.8886,1.81,1.7715,1.7334,2.445,5.156,4.8402,4.3913,4.2012,17.285,14.9627,6.8154,4.5872,4.1053,3.6307,3.3506,3.4611,3.9235,9.4351,23.2087,27.7731,21.2676,23.2087,10.7905
2008-11-01 00:00:00,2,1.81,1.81,1.7334,2.0099,2.0931,2.1354,2.2215,2.6325,2.4912,2.4912,2.7292,2.8278,2.5849,2.4912,2.6325,2.6325,2.5378,2.4912,2.5849,2.4912,2.3993,2.3542,2.2652,2.2652,2.2215,1.969,2.0512,2.1354,2.1782,2.2215,
2008-10-01 00:00:00,2,2.7292,2.5849,2.4912,2.3993,2.3542,2.8278,2.7292,2.6806,2.6806,2.6325,2.7292,2.5849,2.445,2.3095,2.2215,2.1782,2.2652,2.2215,2.2215,2.1354,2.1354,2.1354,2.0512,1.969,1.969,1.9285,1.9285,1.8886,1.8886,1.8491,1.8491
2008-09-01 00:00:00,2,2.5378,2.4912,2.4912,2.4912,2.4912,2.4912,2.445,2.445,2.445,2.3993,2.3993,2.3993,2.3542,2.3542,2.3993,2.445,2.5378,2.5849,2.8779,2.9284,3.1886,3.6883,2.7292,2.4912,2.3993,2.3542,2.4912,2.3993,2.5849,2.3993,
2008-08-01 00:00:00,2,3.2421,3.2961,3.2961,3.3506,3.4056,3.5172,3.5172,3.4611,3.3506,3.1886,3.1886,3.1355,3.031,2.8779,2.7783,2.8779,2.8779,2.8278,2.8278,2.8779,2.8779,2.8278,2.7783,2.7292,2.6806,2.6806,2.6806,2.6325,2.6325,2.5849,2.5378
2008-07-01 00:00:00,2,4.1053,4.1053,4.0442,4.0442,3.9836,3.9836,3.9235,3.8639,3.8049,3.8049,3.8049,3.7463,3.6883,3.6883,3.6307,3.5172,3.5172,3.5737,3.5737,3.5172,3.5737,3.5737,3.5172,3.4611,3.4611,3.4056,3.4056,3.4056,3.3506,3.3506,3.2961
2008-06-01 00:00:00,2,5.4297,5.4297,5.3742,5.3742,5.2643,5.2643,5.1025,5.0492,4.9964,4.8919,4.8402,4.7888,4.6873,5.0492,5.0492,4.9964,4.944,4.8919,4.8919,4.2012,4.3913,4.3913,4.3433,4.3433,4.2955,4.2955,4.2955,4.2482,4.2012,4.2012,
2008-05-01 00:00:00,2,7.6954,7.5553,7.4859,7.4169,7.2803,7.1453,6.9461,6.8805,6.8805,6.8154,6.8154,6.6864,6.6225,6.4959,6.4959,6.371,6.2477,6.1867,6.1261,6.0061,5.8876,5.829,5.829,5.7708,5.713,5.6555,5.5985,5.5418,5.5418,5.4855,5.4297
2008-04-01 00:00:00,2,8.958,9.1152,9.2742,9.8455,11.5151,15.0735,17.285,17.7769,16.8023,15.5221,14.6337,13.5723,13.885,14.7428,13.7802,12.6626,12.3688,11.608,11.1489,11.0585,11.1489,11.0585,10.7905,10.013,9.1944,8.8801,8.3477,8.0534,7.9089,7.7661,
2008-03-01 00:00:00,2,21.2676,21.7186,21.8319,18.7441,13.1627,11.1489,13.7802,12.8611,11.0585,10.9687,11.1489,11.7013,16.8023,24.8545,28.3963,27.155,25.9347,24.7356,16.8023,11.4228,32.7699,20.9317,18.2114,11.8895,11.7951,11.5151,11.1489,10.7022,10.3537,9.7624,9.1944
2008-02-01 00:00:00,2,49.8569,46.1908,44.9949,44.6978,44.6978,43.9582,43.0769,41.9122,40.0452,36.5454,33.2998,31.07,24.9737,17.7769,9.0364,6.4333,5.7708,6.8805,11.1489,13.4691,13.5723,16.3289,12.1755,11.0585,10.9687,28.2712,23.4412,21.9455,20.9317,,
2008-01-01 00:00:00,2,2.6325,2.9284,2.6325,2.3993,2.1782,2.9795,3.4611,3.8639,4.1053,3.2421,10.7022,19.7173,21.38,6.2477,5.2643,5.7708,11.608,17.1635,20.3763,15.2967,6.3092,13.1627,34.1006,17.6531,29.7855,18.9587,22.2873,27.5252,36.9591,48.2918,51.9726
2007-12-01 00:00:00,2,3.1355,2.9795,2.9795,2.7292,2.5849,2.7292,2.1354,2.5378,2.4912,2.445,2.3993,2.3542,2.3993,3.6883,4.2482,3.5737,3.031,3.6883,4.7888,7.7661,5.21,3.1355,5.21,6.8805,4.8919,4.1053,3.083,2.7292,3.6883,3.8639,4.0442
2007-11-01 00:00:00,2,3.2421,4.5872,5.8876,6.8154,8.3477,17.9999,7.4859,5.829,4.5872,3.6883,5.3742,9.8455,12.2719,13.676,12.1755,10.0974,6.559,4.1053,3.7463,3.6307,3.2421,3.083,3.031,2.9795,2.9284,3.083,3.1355,3.1355,3.1355,3.1355,
2007-10-01 00:00:00,2,1.4452,1.4452,1.6219,1.6586,1.6219,1.5498,1.5145,1.4796,1.4452,1.4452,1.4112,1.4112,1.4112,1.3777,1.4112,1.4112,1.4112,1.5498,1.81,2.3993,1.7334,1.6219,1.5498,1.4796,1.6219,2.445,2.0931,2.0512,2.0099,1.9285,1.6586
2007-09-01 00:00:00,2,1.8491,1.8491,1.8491,1.81,1.81,1.81,1.81,1.7715,1.7334,1.7334,1.7334,1.7334,1.7334,1.7334,1.6957,1.6957,1.6586,1.6586,1.6586,1.6219,1.6219,1.6219,1.6219,1.5498,1.5498,1.5145,1.5145,1.5145,1.4796,1.4796,
2007-08-01 00:00:00,2,2.3542,2.3542,2.3542,2.3095,2.3095,2.2652,2.2652,2.2215,2.2215,2.1782,2.1782,2.1782,2.1354,2.1354,2.0931,2.0931,2.0931,2.0512,2.0512,2.0512,2.0512,2.0512,2.0512,2.0099,2.0099,1.969,1.969,1.9285,1.9285,1.8886,1.8886
2007-07-01 00:00:00,2,2.7783,2.8278,2.7292,2.7783,2.8779,2.8779,2.8278,2.7292,2.6325,2.5849,2.5378,2.4912,2.3993,2.3993,2.3993,2.3542,2.3542,2.3542,2.3542,2.3542,2.3095,2.3095,2.3095,2.3095,2.3095,2.3542,2.3993,2.3993,2.3993,2.3993,2.3993
2007-06-01 00:00:00,2,4.1053,4.1053,4.0442,3.9836,3.4611,3.4056,3.3506,3.3506,3.2961,3.2961,3.3506,3.2961,3.1886,3.2961,3.2961,3.2421,3.1886,3.2421,3.083,3.031,2.9795,2.9795,2.9795,2.8278,2.7783,2.8278,2.7783,2.8278,2.8278,2.7783,
2007-05-01 00:00:00,2,4.7379,4.637,4.4885,4.4885,4.4397,4.3913,4.3433,4.3433,4.2955,4.2012,4.1053,4.0442,4.0442,3.9836,3.9836,3.9235,3.8639,3.8639,3.8049,3.7463,3.7463,5.1025,5.0492,5.1025,4.637,4.2012,3.9235,3.9836,3.9235,3.8639,3.6307
2007-04-01 00:00:00,2,5.6555,5.7708,5.8876,5.829,5.9466,5.9466,6.1867,8.3477,6.559,6.3092,6.1261,6.1261,6.1261,6.1867,6.1867,6.2477,6.7507,5.2643,5.0492,4.9964,4.8919,4.8402,4.8919,5.0492,4.8919,4.7888,4.6873,4.6873,5.1025,5.1025,
2007-03-01 00:00:00,2,9.5978,9.1152,9.0364,8.8801,8.7257,8.1996,7.9089,7.6954,7.5553,7.4859,7.2803,7.0121,6.8805,6.8154,6.6864,6.559,6.4333,12.5642,7.6954,7.4169,6.8805,6.8154,6.6864,6.6225,6.559,6.3092,6.0659,6.0061,5.8876,5.829,5.7708
2007-02-01 00:00:00,2,14.7428,21.1554,25.5727,19.7173,17.6531,15.1848,33.1671,26.1771,19.8266,16.2119,14.417,24.38,26.7867,29.2775,23.9089,14.7428,14.0962,13.3664,14.3096,14.9627,14.6337,11.608,11.331,9.7624,9.5978,9.1944,9.4351,9.8455,,,
2007-01-01 00:00:00,2,18.3175,29.6582,24.38,35.3151,34.2348,27.8973,31.7198,32.1121,28.5216,24.0263,19.4994,20.3763,21.1554,19.3908,16.8023,24.9737,31.7198,20.1558,17.9014,17.6531,31.07,23.5578,16.5644,32.5062,27.649,24.0263,30.4252,33.0345,35.86,38.9123,22.0592
2006-12-01 00:00:00,2,3.4611,3.2961,3.2421,3.6307,4.5872,7.7661,14.7428,17.9014,19.7173,12.7616,20.8202,29.5311,30.8115,32.2433,33.6993,34.7733,23.5578,11.8895,8.6492,11.7951,12.0797,10.1824,10.4401,8.8801,8.7257,13.885,9.2742,9.5162,13.3664,18.7441,23.2087
2006-11-01 00:00:00,2,2.1354,2.3095,2.445,2.445,2.4912,2.2652,2.2215,2.1354,2.1782,2.2652,2.2652,2.5849,2.3542,2.2215,2.3095,2.3095,2.3993,2.3542,4.2955,3.1886,4.2012,3.083,2.6325,2.3542,2.2652,2.5849,4.7888,3.7463,4.3913,4.1053,
2006-10-01 00:00:00,2,1.8839,1.8444,1.8444,1.8052,2.6555,3.9641,13.7781,16.9221,6.4333,2.3993,2.4912,6.0061,3.2961,3.2421,2.8278,4.8402,2.9795,5.0492,3.6883,3.9836,3.3506,2.9795,3.2961,5.0492,2.9795,2.7292,2.5849,2.4912,2.445,2.2215,2.2215
2006-09-01 00:00:00,2,1.8839,2.0868,2.2129,2.5191,2.0046,2.0046,2.0046,1.964,1.9238,1.8839,1.8839,1.8839,1.8444,1.8052,1.728,1.6899,1.6899,1.6522,1.6522,1.7664,2.1285,3.2818,3.6424,2.3858,2.2556,1.964,1.9238,1.8839,1.8444,1.8052,
2006-08-01 00:00:00,2,3.3832,2.6555,2.3858,2.2986,2.2556,2.2129,2.2129,2.2129,2.2129,2.2129,2.1705,2.1705,2.1285,2.1285,2.0868,2.0868,2.0455,2.0046,2.0868,2.1705,2.0455,2.0046,1.9238,1.9238,1.8839,2.2556,2.2129,2.1705,2.0868,2.0046,1.964
2006-07-01 00:00:00,2,2.795,2.795,2.7482,2.7482,2.7017,2.6555,2.6555,2.6097,2.6097,2.5642,2.5191,2.4743,2.4299,2.4299,2.4299,2.3858,2.3858,2.3858,2.342,2.342,2.342,2.342,2.2986,2.2986,2.2556,2.2556,2.2556,2.2556,2.5191,2.6555,2.6555
2006-06-01 00:00:00,2,3.4859,3.4344,3.3832,3.3832,3.3832,3.3832,4.7008,3.8018,3.8018,4.2974,4.0739,3.7483,3.5377,3.4859,3.4859,3.3832,3.3832,3.0342,2.795,2.8897,2.8897,2.8897,2.8897,2.8897,2.8897,2.8422,2.8422,2.795,2.795,2.795,
2006-05-01 00:00:00,2,5.6802,5.0588,4.8784,4.7596,4.6422,4.185,4.2411,4.2974,4.185,4.5839,4.3541,4.2411,4.185,4.0739,4.0739,4.0188,3.9097,3.8555,3.8018,3.6952,3.6952,3.7483,3.9097,3.9641,3.8018,3.6952,3.6424,3.5899,3.5377,3.5377,3.4859
2006-04-01 00:00:00,2,8.569,8.1631,8.0932,7.1544,7.0144,6.8756,8.2299,7.6537,6.8756,6.6696,6.5338,6.2657,6.0678,6.0678,6.1994,6.3323,6.0025,5.8727,5.7441,5.5535,5.4906,5.3036,5.3036,5.3656,5.4279,5.4279,5.3656,5.4906,5.5535,5.8727,
2006-03-01 00:00:00,2,4.5839,4.0739,3.9641,4.3541,7.2956,13.1162,9.9424,21.6055,7.799,7.1544,6.5338,6.1994,6.0025,6.1335,10.4832,9.7914,8.6379,8.4322,22.2873,29.6582,26.6644,18.6371,9.7165,9.3475,11.5602,8.988,9.7165,10.6412,15.5357,15.9369,9.8667
2006-02-01 00:00:00,2,5.1806,5.1195,4.9382,4.7008,4.526,4.3541,4.2974,4.526,4.6422,4.8784,6.0678,6.1335,6.3323,6.4663,5.6167,5.1806,4.7008,4.4111,4.0739,4.0188,4.0739,4.185,6.3323,5.1806,5.242,4.7008,4.7596,4.6422,,,
2006-01-01 00:00:00,2,15.1383,19.3908,7.7262,11.1249,13.1162,17.0599,11.4709,9.6419,9.0592,8.0192,7.5096,7.1544,6.8756,6.6696,6.3991,6.0678,5.8082,5.8082,5.6167,5.5535,5.3656,5.0588,4.9983,4.9382,4.8784,4.8784,4.8188,5.1195,6.9449,6.9449,6.0678
2005-12-01 00:00:00,2,27.5252,17.7894,9.6419,7.1544,6.0678,6.8066,28.0217,24.0263,15.6356,9.4205,11.5602,17.5798,24.4983,32.2433,22.5164,16.1389,11.5602,10.562,12.2832,20.5978,10.562,8.9173,8.5004,8.0192,7.438,7.0144,6.9449,6.738,6.3991,6.2657,10.1718
2005-11-01 00:00:00,2,2.0868,4.9983,2.2986,2.9375,5.7441,2.2129,2.0046,2.0046,2.0046,2.1285,2.1705,2.1705,2.1705,2.1705,2.2556,2.342,2.5191,5.0588,3.3324,2.7017,2.5642,2.795,2.795,2.795,25.0931,13.4929,9.2749,5.3036,5.5535,11.7394,
2005-10-01 00:00:00,2,1.6522,1.6522,1.6149,1.5779,1.505,1.4691,1.4336,1.3985,1.3294,1.3294,1.2954,1.2954,1.2954,1.2617,1.2617,1.2617,1.3294,2.0046,2.1705,2.342,1.964,1.5413,1.505,1.505,1.505,1.4691,1.4691,1.4691,1.4691,1.4336,1.4336
2005-09-01 00:00:00,2,1.8052,1.8839,1.964,2.2129,2.7017,2.2986,2.342,2.9857,2.0046,1.8444,1.8052,1.8052,1.9238,2.0046,1.964,1.964,1.9238,1.9238,1.8052,1.7664,1.728,1.6899,1.6899,1.6522,1.6149,1.6149,1.6899,1.728,1.6899,1.6899,
2005-08-01 00:00:00,2,2.0868,2.0868,2.0868,2.0868,2.0868,2.0868,2.0868,2.0455,2.0455,2.0455,2.0455,2.0455,2.0455,2.0455,2.0046,2.0046,2.0046,1.964,1.9238,1.9238,1.9238,1.8052,1.8052,1.8052,1.8052,1.8052,1.8052,1.8052,1.8052,1.8052,1.8052
2005-07-01 00:00:00,2,2.7482,2.6097,2.5642,2.5642,2.5642,2.5642,2.5191,2.5191,2.5191,2.4743,2.4743,2.4743,2.4299,2.4299,2.4299,2.4299,2.3858,2.3858,2.3858,2.342,2.342,2.2986,2.2986,2.2986,2.2556,2.2556,2.2556,2.2556,2.2556,2.2556,2.2556
2005-06-01 00:00:00,2,3.5899,3.4859,3.4344,3.4344,3.1818,3.1323,3.2818,3.2317,3.1818,3.1818,3.1323,3.1323,3.0831,3.0342,3.0342,2.9857,2.9857,2.9857,2.9857,2.9857,2.9857,2.9375,2.9375,2.9375,2.8897,2.8897,2.8422,2.8422,2.795,2.7482,
2005-05-01 00:00:00,2,4.6422,4.185,4.1293,4.1293,4.1293,4.1293,4.0188,3.9641,3.9641,3.9097,3.9097,3.9641,3.8018,3.7483,3.7483,3.6424,3.5899,3.5377,3.4859,3.4344,3.3832,3.3832,3.5377,4.4111,6.8756,8.7768,4.4684,3.9097,3.8018,3.7483,3.6424
2005-04-01 00:00:00,2,8.4322,8.0932,7.438,7.2249,7.2249,7.0144,6.8756,6.738,6.6015,6.4663,6.1994,6.0025,5.8727,5.8082,5.8082,5.6167,5.4906,5.3036,5.3036,5.1806,5.0588,4.9382,4.9382,4.9382,4.8784,4.8188,4.7008,4.5839,4.5839,4.7008,
2005-03-01 00:00:00,2,11.9196,9.2749,7.8721,7.0144,6.4663,6.1335,5.8082,6.3323,6.6015,7.438,19.4994,9.7914,7.5096,6.738,7.0843,11.7394,10.1718,32.2433,16.342,30.4252,21.2676,22.8616,22.0592,16.5459,22.1732,16.9567,11.7394,10.4832,9.6419,9.1307,8.7072
2005-02-01 00:00:00,2,11.4709,9.3475,10.9621,9.8667,10.4048,9.7165,8.6379,8.2299,7.8721,7.5096,7.2249,6.9449,6.5338,6.4663,6.3323,6.2657,6.1994,6.0025,5.9374,5.8082,5.6802,5.4906,5.3036,5.1806,5.242,9.7165,10.3267,10.2491,,,
2005-01-01 00:00:00,2,6.5338,8.5004,8.1631,6.6696,23.3249,34.5037,22.1732,13.9695,14.7448,9.6419,8.4322,9.1307,9.4205,8.0192,7.3667,6.9449,7.0144,21.8319,8.7768,11.0433,9.7165,9.4939,10.9621,8.7072,7.799,7.799,13.6828,35.5871,40.6163,24.144,15.2373
2004-12-01 00:00:00,2,1.964,1.7664,1.6899,2.1285,6.0678,5.3656,3.8555,2.3858,2.4743,3.5899,3.2818,2.4299,2.2129,2.1285,2.0046,1.9238,1.8444,2.0046,3.6952,4.2411,7.2956,20.9317,28.3963,35.451,38.9123,13.9695,10.4048,8.6379,7.6537,7.0144,6.6015
2004-11-01 00:00:00,2,1.7664,1.7664,1.7664,1.7664,1.728,1.6899,1.7664,1.964,2.6555,2.1705,1.8839,1.7664,1.6899,1.6149,1.5413,2.0046,2.2556,2.0046,2.1705,2.1705,2.0868,2.2986,1.8444,1.8052,1.6899,1.6899,1.6149,1.5413,2.2129,2.342,
2004-10-01 00:00:00,2,1.9238,2.1705,2.4299,3.5377,3.4859,3.2818,3.1323,2.5191,2.2129,1.8052,1.6899,2.4299,1.8839,1.8444,4.3541,6.6696,4.7596,2.8422,2.3858,2.0455,1.9238,1.9238,1.8839,1.8444,1.8444,1.8444,1.8052,1.7664,1.728,1.728,1.728
2004-09-01 00:00:00,2,1.9238,1.9238,1.9238,1.9238,1.8839,1.8839,1.8839,1.8444,1.8052,1.8052,1.7664,1.7664,1.7664,1.7664,1.728,1.728,1.6899,1.6899,1.6522,1.6522,1.728,1.8444,1.7664,1.7664,1.7664,1.728,1.6522,1.6522,1.6149,1.6149,
2004-08-01 00:00:00,2,2.795,2.7482,2.7017,2.5191,2.4299,2.4299,2.342,2.2986,2.2556,2.2129,2.2129,2.2129,2.1705,2.1705,2.1705,2.1705,2.1705,2.1285,2.1285,2.1285,2.1285,2.0868,2.0868,2.0868,2.0455,2.0455,2.0046,2.0046,1.964,1.964,1.9238
2004-07-01 00:00:00,2,3.1818,3.1818,3.1818,3.1323,3.0831,3.0831,3.0342,3.0342,2.9857,2.9857,2.9375,3.1818,3.5377,3.6952,3.4859,3.2317,3.1323,3.1323,2.9857,2.9857,3.0831,3.3832,3.5899,3.4344,3.1323,2.9857,2.9375,2.8897,2.8422,2.795,2.795
2004-06-01 00:00:00,2,4.185,4.4111,4.2411,4.185,4.1293,3.9641,3.9097,3.8555,3.8018,3.8018,3.7483,3.7483,3.6952,3.6424,3.5899,3.6952,3.5899,3.5377,3.4859,3.4859,3.4344,3.4344,3.3832,3.3832,3.3324,3.3324,3.3324,3.2818,3.2818,3.2317,
2004-05-01 00:00:00,2,5.8082,5.6167,5.6167,5.5535,5.5535,5.4906,5.4279,5.3656,5.242,5.1806,5.0588,5.0588,4.9983,4.9983,4.9382,4.8188,4.7596,4.7008,4.7008,4.6422,4.6422,4.5839,4.5839,4.526,4.4684,4.4111,4.3541,4.2411,4.185,4.1293,4.1293
2004-04-01 00:00:00,2,8.8469,8.5004,10.2491,18.3175,35.1794,21.38,12.6509,18.8513,10.1718,9.1307,9.9424,8.8469,8.1631,8.0932,9.0592,9.4939,7.438,7.1544,7.1544,7.0144,6.8066,6.6015,6.3323,6.1994,6.0678,6.4663,6.3323,6.3323,6.1335,6.0678,
2004-03-01 00:00:00,2,12.4666,12.6509,21.4927,17.0599,27.649,24.9737,17.9999,13.8737,12.1919,11.0433,10.4832,10.0185,9.7165,9.9424,31.1995,20.1558,12.2832,10.6412,10.0185,9.7914,9.5677,10.1718,9.2026,9.2749,12.9293,15.436,22.8616,18.1056,16.6482,10.1718,8.4322
2004-02-01 00:00:00,2,6.5338,6.2657,6.0025,5.6802,6.0025,21.2676,7.0144,13.4929,9.4939,7.7262,7.2249,6.8756,6.3991,8.7768,17.8946,18.7441,15.9369,10.8009,10.6412,14.2584,15.6356,33.2998,22.7463,38.4906,30.8115,34.6384,24.4983,16.5459,14.647,,
2004-01-01 00:00:00,2,11.5602,16.0378,11.8294,6.2657,7.6537,5.4279,5.3036,8.5004,6.0025,5.8727,8.988,5.5535,8.9173,17.9999,11.0433,7.438,6.0025,5.242,4.9382,4.8188,4.8784,4.9382,5.1195,4.9382,4.8784,5.9374,21.8319,31.1995,9.8667,8.0192,7.0843
2003-12-01 00:00:00,2,8.8469,9.3475,8.5004,4.6422,5.7441,3.2818,4.4684,4.9983,4.2411,7.6537,9.4939,4.2974,3.4344,2.8897,2.5191,2.4743,2.4299,2.342,2.2556,2.1705,2.1285,2.4299,5.5535,6.0678,3.4859,2.342,2.4299,2.4743,2.6555,4.7008,5.4906
2003-11-01 00:00:00,2,1.3985,1.3985,2.1705,1.8839,1.7664,1.6522,1.7664,1.9238,1.7664,1.6149,1.5779,1.505,1.4691,1.4336,1.3985,1.505,1.4691,1.4336,1.3985,1.3985,1.6149,1.728,1.8052,2.0455,1.7664,1.5779,2.0046,2.342,3.2818,4.4684,
2003-10-01 00:00:00,2,1.6899,1.6522,1.6149,1.505,1.4691,1.3985,1.4336,1.4691,1.4691,1.5413,1.6899,2.0455,1.8052,1.6149,1.5779,1.5413,1.4691,1.4691,1.4336,1.3985,1.3985,1.4336,1.6149,1.6149,1.5779,1.5779,1.5413,1.5413,1.505,1.4691,1.5413
2003-09-01 00:00:00,2,2.0046,1.9238,1.8444,1.8444,1.8052,1.728,1.6899,1.6899,1.6899,1.6522,1.6149,2.6097,2.9857,2.2986,1.8839,1.8444,1.8052,1.728,1.6899,1.6899,1.6522,1.6522,1.5413,1.4691,1.4336,1.4336,1.4691,1.4691,1.8052,1.7664,
2003-08-01 00:00:00,2,2.0868,2.0868,2.0455,2.0455,2.0046,1.964,1.964,1.9238,1.9238,1.8839,1.8444,1.8444,1.8052,1.8052,1.7664,1.7664,1.728,1.728,1.6899,1.6899,1.6522,1.6522,1.6899,1.728,1.7664,1.8052,1.8052,1.964,2.4299,2.2129,2.0455
2003-07-01 00:00:00,2,2.5191,2.4743,2.4743,2.4743,2.4743,2.4743,2.4299,2.4299,2.4299,2.4299,2.3858,2.3858,2.4299,2.4299,2.4299,2.4299,2.3858,2.3858,2.342,2.2986,2.2556,2.2129,2.2129,2.1705,2.1705,2.1285,2.1285,2.1285,2.0868,2.0868,2.0868
2003-06-01 00:00:00,2,3.1818,3.1818,3.1818,3.1323,3.0831,3.0342,2.9857,2.9857,2.9857,2.8897,2.795,2.795,2.795,2.795,2.7482,2.7482,2.6555,2.6555,2.6097,2.6097,2.5642,2.5642,2.5191,2.5191,2.5642,2.6097,2.6097,2.5642,2.5642,2.5191,
2003-05-01 00:00:00,2,4.1293,4.1293,4.2411,4.1293,4.3541,4.9382,4.185,4.185,4.0188,3.9641,3.9097,3.8555,3.8018,3.6952,3.6424,3.5899,3.5377,3.4859,3.4859,3.4344,3.4344,3.3832,3.3832,3.3832,3.3324,3.2818,3.2818,3.2317,3.2317,3.1818,3.1818
2003-04-01 00:00:00,2,6.1335,6.0025,5.8082,6.0025,8.2299,6.5338,5.9374,6.1335,9.1307,5.5535,5.8727,5.8082,5.4906,5.242,5.0588,4.9983,4.9382,4.8784,4.8188,4.7008,4.7008,4.5839,4.5839,4.3541,4.3541,4.2411,4.2974,4.2974,4.2411,4.185,
2003-03-01 00:00:00,2,6.3991,6.2657,6.3991,6.6696,6.8756,6.6696,6.8066,7.0843,6.9449,6.8066,6.8756,9.1307,12.7435,15.6356,9.4205,8.6379,9.4205,8.5004,7.1544,6.9449,12.9293,18.3175,11.8294,7.438,7.0843,7.0144,6.8756,6.8066,6.6696,6.4663,6.3991
2003-02-01 00:00:00,2,20.7089,15.436,13.5878,12.5586,11.7394,10.8009,10.1718,9.7165,9.3475,8.9173,8.4322,8.1631,7.9455,7.6537,8.3644,13.7781,9.9424,10.7208,8.6379,8.9173,8.4322,7.9455,8.1631,7.3667,7.0144,6.9449,6.738,6.6015,,,
2003-01-01 00:00:00,2,8.0932,6.0025,6.0025,6.9449,6.5338,6.6696,8.1631,7.438,9.9424,15.1383,34.2348,9.8667,10.095,11.9196,9.6419,11.2933,17.9999,24.144,30.4252,35.1794,32.638,21.1554,23.2087,15.3365,13.0226,15.9369,18.8513,16.2403,15.8362,39.3357,29.5311
2002-12-01 00:00:00,2,1.8052,1.8839,1.8444,1.7664,2.342,2.2986,1.9238,1.8839,2.5191,15.6356,7.3667,9.7914,21.6055,19.9361,30.1687,42.3476,21.0435,14.4522,15.1383,15.5357,12.8363,20.1558,19.2825,9.4939,8.7768,8.8469,6.6696,6.2657,6.0025,6.2657,6.9449
2002-11-01 00:00:00,2,3.3832,5.3656,2.4743,1.8444,1.6899,1.6149,1.5779,1.4691,1.3985,1.3638,1.3294,9.6419,3.5377,2.7017,2.1705,2.0868,2.0455,3.8555,3.0831,3.9641,2.8422,1.964,3.5377,2.5191,2.795,3.9641,2.3858,2.1285,2.0455,1.8839,
2002-10-01 00:00:00,2,1.2617,1.2617,1.2285,1.1956,1.2285,1.2285,1.1956,1.1632,1.1311,1.0993,1.068,1.0371,1.0065,1.0065,1.0065,0.9764,0.9764,0.9764,0.9466,0.9172,0.9172,0.8883,0.9172,0.9172,0.9172,0.9172,1.2285,1.4336,1.505,1.6149,3.4859
2002-09-01 00:00:00,2,1.4691,1.4691,1.505,1.4691,1.4336,1.505,1.4691,1.3985,1.3985,1.4691,1.505,1.505,1.505,1.4691,1.3985,1.3985,1.3985,1.3638,1.3638,1.3294,1.3638,1.3638,1.3638,1.4691,1.6522,1.5413,1.4691,1.3985,1.3985,1.3294,
2002-08-01 00:00:00,2,1.7664,1.7664,1.7664,1.7664,1.7664,1.7664,1.728,1.728,1.728,1.6899,1.6899,1.6899,1.6899,1.6522,1.6149,1.6149,1.5413,1.5413,1.5413,1.505,1.505,1.505,1.505,1.505,1.4691,1.4691,1.4691,1.4336,1.4336,1.4336,1.4336
2002-07-01 00:00:00,2,2.1705,2.1705,2.1705,2.1285,2.1285,2.0868,2.0455,2.0455,2.0455,2.0868,2.1705,2.2556,2.342,2.1285,2.0455,1.964,1.9238,1.8839,1.8839,1.8839,1.8839,1.8839,1.8839,1.8839,1.8444,1.8444,1.8444,1.8052,1.8052,1.8052,1.7664
2002-06-01 00:00:00,2,2.795,2.7017,2.7017,2.6555,2.6097,2.6097,2.6097,2.5642,2.5642,2.5191,2.5191,2.5191,2.5191,2.4743,2.4299,2.4299,2.4299,2.3858,2.3858,2.342,2.342,2.342,2.2986,2.2986,2.2556,2.2556,2.2556,2.2556,2.2129,2.2129,
2002-05-01 00:00:00,2,3.3832,3.4344,3.4859,3.5899,3.8018,3.5899,5.4906,3.7483,3.4344,3.3832,3.3832,3.3832,3.2818,3.1818,3.0831,3.0831,3.0831,2.9857,2.9857,2.9375,3.1323,3.2818,3.3324,4.185,3.2317,3.0831,2.9857,2.8897,2.8897,2.8422,2.795
2002-04-01 00:00:00,2,5.6167,5.3656,5.1195,4.9983,4.9382,4.8784,4.8188,4.8188,5.8727,5.242,4.7008,4.6422,4.4684,4.3541,4.2411,4.1293,4.1293,4.0739,4.0188,3.9641,3.9097,3.8555,3.8018,3.8018,3.8018,3.7483,3.6952,3.6952,3.5899,3.5377,
2002-03-01 00:00:00,2,9.4939,9.1307,9.3475,8.8469,8.6379,8.569,8.0932,7.6537,7.5096,7.3667,7.1544,6.9449,6.8066,6.6015,6.8066,6.9449,6.6696,6.3991,6.5338,7.0843,6.738,6.3323,6.0025,6.1335,7.438,7.0144,7.3667,10.8009,6.2657,5.8082,5.8082
2002-02-01 00:00:00,2,6.4663,8.0192,10.0185,7.0843,6.0678,6.1994,19.9361,14.3552,19.4994,18.7441,26.4203,17.2672,15.1383,13.3984,13.3984,11.2069,10.9621,19.4994,18.1056,24.9737,26.9093,29.7855,15.1383,17.9999,19.2825,15.9369,16.4438,9.6419,,,
2002-01-01 00:00:00,2,16.8536,13.0226,9.7914,7.799,6.9449,6.5338,7.5096,6.9449,6.0025,5.3036,4.9983,4.8784,4.9382,6.2657,5.4279,4.7008,5.3656,5.5535,22.1732,15.5357,8.0192,6.8066,6.738,5.8727,5.8082,6.0678,10.7208,15.6356,7.2956,6.738,6.0678
2001-12-01 00:00:00,2,4.8784,2.6097,2.0455,1.8444,1.728,1.6149,1.6522,1.7664,1.728,1.6149,1.5413,1.4691,1.4691,1.8444,5.6802,3.1323,4.3541,9.3475,3.7483,3.3832,8.2299,12.3748,14.2584,15.0395,8.569,6.0025,5.3656,6.5338,18.9587,37.2358,37.6523
2001-11-01 00:00:00,2,0.8315,4.185,2.7017,1.5413,2.4299,2.2556,1.5413,1.6149,3.0342,1.4691,1.2617,1.2285,2.0455,4.0188,2.2129,1.5413,1.3294,1.3294,2.8422,9.0592,11.2933,3.1818,2.3858,4.0188,2.4743,2.0455,1.8839,2.1705,1.7664,2.0455,
2001-10-01 00:00:00,2,1.2285,1.2285,1.3294,1.3294,1.1632,1.0993,1.1632,1.5779,2.3858,1.6522,1.5413,1.2954,1.2285,1.1956,1.1311,1.068,1.068,1.0371,1.0371,1.0065,1.0065,1.0065,1.0065,0.9764,0.9466,0.9172,0.8883,0.8597,0.8597,0.8315,0.8315
2001-09-01 00:00:00,2,1.068,1.068,1.068,1.0371,1.0371,1.0065,0.9466,0.9466,0.9466,0.9466,0.9466,0.9466,0.9466,0.9466,1.8052,5.7441,1.505,1.2285,1.1311,1.068,1.068,1.0371,1.0371,1.0065,1.0993,1.068,1.0371,4.6422,1.5413,1.3638,
2001-08-01 00:00:00,2,1.0371,1.0371,1.0065,1.0065,1.0065,1.0065,0.9764,0.9764,0.9764,0.9466,0.9466,0.9466,0.9466,0.9466,0.9172,0.9172,0.9172,0.9172,0.9172,0.8883,0.8883,0.8883,0.8883,1.3985,1.2617,1.2285,1.1956,1.1311,1.068,1.1311,1.0993
2001-07-01 00:00:00,2,1.1956,1.1956,1.1956,1.1956,1.1956,1.1956,1.1956,1.1956,1.1956,1.1956,1.1956,1.1632,1.1632,1.1632,1.1632,1.1632,1.1311,1.1311,1.1311,1.1311,1.1311,1.1311,1.1311,1.1632,1.1632,1.1632,1.1311,1.068,1.068,1.068,1.0993
2001-06-01 00:00:00,2,1.4691,1.4691,1.3985,1.3985,1.3985,1.3985,1.3985,1.3638,1.3294,1.3294,1.3294,1.2954,1.2954,1.2954,1.2954,1.2617,1.2617,1.2617,1.2617,1.2617,1.2617,1.2285,1.2285,1.2285,1.2285,1.2285,1.1956,1.1956,1.1956,1.1956,
2001-05-01 00:00:00,2,1.6149,1.6149,1.6149,1.5779,1.505,1.505,1.4691,1.4691,1.4691,1.4336,1.4336,1.4691,1.5779,1.728,1.8839,1.9238,2.0455,1.9238,1.8444,1.6522,1.5413,1.5413,1.505,1.505,1.5779,1.6522,1.5413,1.5779,1.6149,1.6522,1.5779
2001-04-01 00:00:00,2,2.4743,2.2986,2.2556,2.2986,2.2129,2.1705,2.1705,2.0868,2.0455,2.0455,2.0455,2.0046,2.0046,1.964,1.9238,1.8839,1.8444,1.8444,1.8444,1.8444,1.8052,1.7664,1.7664,1.7664,1.7664,1.728,1.728,1.6899,1.6522,1.6149,
2001-03-01 00:00:00,2,2.0046,2.0046,2.3858,3.1818,2.6097,4.526,2.795,2.5191,2.5191,2.8897,5.0588,10.9621,3.6952,2.8897,2.6097,2.4299,2.342,2.342,4.1293,4.0739,3.3324,2.4299,2.342,2.2556,2.1705,2.2129,2.2556,2.2986,4.0739,2.2129,2.4743
2001-02-01 00:00:00,2,3.0831,8.5004,4.4111,2.9375,2.7482,2.6555,2.5191,2.4743,5.6167,3.6952,2.8897,2.6555,2.5191,2.5191,2.5642,2.5642,2.6555,2.7017,2.3858,2.1285,2.2556,2.2556,2.1705,2.0868,2.0868,2.0455,2.0455,2.0046,,,
2001-01-01 00:00:00,2,3.9097,3.4344,9.8667,5.8727,4.526,3.8555,3.4859,3.3324,3.4344,4.3541,7.3667,3.6952,3.2818,3.1818,3.0342,2.8422,2.7482,2.6097,2.6555,2.5642,2.5191,2.5642,3.1818,5.1195,3.0342,2.6097,2.6097,2.6097,3.1818,5.1806,3.9641
2000-12-01 00:00:00,2,2.795,6.5338,3.4859,2.9857,9.3475,3.1818,3.0831,2.8897,2.5642,2.2986,10.3267,3.2818,2.6555,2.8897,3.5377,3.3324,3.9641,24.38,11.8294,6.0025,4.7008,4.2411,4.2974,4.7596,4.4684,4.0188,4.4684,3.8555,7.3667,3.8018,4.8188
2000-11-01 00:00:00,2,1.5413,1.4691,3.6952,2.1285,1.728,1.5413,1.4691,1.6149,1.6149,1.505,1.4336,1.3985,1.4691,1.505,1.4336,1.5779,1.4691,1.5779,3.3324,8.5004,2.8897,5.6167,3.2317,2.795,2.2556,2.0868,2.2556,9.0592,4.526,9.7914,
2000-10-01 00:00:00,2,2.1705,4.9983,2.0455,1.7664,1.964,3.1323,7.9455,2.4743,2.342,1.8052,1.6899,1.6149,1.5779,1.5413,1.505,1.4691,1.4336,1.3985,1.3985,1.3985,1.3985,1.3985,1.3638,1.3294,1.3638,1.3638,1.2954,1.2954,1.3638,2.9375,2.0455
2000-09-01 00:00:00,2,1.6149,1.8052,2.1705,2.2986,1.9238,2.0046,3.0831,2.0455,1.8839,1.8444,1.8052,1.9238,2.0046,2.0868,1.964,1.8444,1.9238,1.8839,1.7664,1.6899,1.6149,1.5779,1.5413,1.5413,1.5413,1.6149,1.5779,1.5413,1.5413,1.5413,
2000-08-01 00:00:00,2,2.0046,2.0046,2.0046,2.0046,1.8839,1.8839,1.8839,1.8444,1.7664,1.728,1.7664,1.7664,1.728,1.728,1.6899,1.6899,1.6522,1.6149,1.6149,1.6149,1.6149,1.6149,1.6149,1.5779,1.5779,1.5413,1.5413,1.505,1.5413,1.6149,1.6522
2000-07-01 00:00:00,2,2.3858,2.3858,2.3858,2.3858,2.342,2.342,2.342,2.2986,2.2986,2.2986,2.2556,2.2556,2.2556,2.2129,2.2129,2.1705,2.1705,2.1285,2.1285,2.0868,2.0868,2.0868,2.0868,2.0455,2.0455,2.0455,2.0455,2.0046,2.0046,2.0046,2.0046
2000-06-01 00:00:00,2,2.9857,2.9375,2.8897,2.8897,2.8897,2.8422,2.8422,2.8422,2.795,2.795,2.795,2.795,2.7482,2.7482,2.7017,2.7017,2.6555,2.6555,2.6097,2.6097,2.5642,2.5642,2.5191,2.5191,2.5191,2.4743,2.4743,2.3858,2.3858,2.342,
2000-05-01 00:00:00,2,4.2974,4.2411,4.1293,4.0739,4.0188,3.9641,3.6952,3.8018,3.8018,3.8018,3.7483,3.6952,3.6952,3.6424,3.6424,3.5899,3.5899,3.5377,3.4859,3.3832,3.3832,3.3324,3.2818,3.2818,3.2317,3.2317,3.1818,3.1818,3.1323,3.0831,2.9857
2000-04-01 00:00:00,2,7.0144,6.8066,6.6696,6.5338,6.3323,6.1335,6.0678,5.9374,5.8082,5.6802,5.6167,6.3991,6.0025,5.6802,5.4906,5.242,5.1806,5.4906,6.0678,6.3991,6.0025,5.1806,4.8188,4.7596,4.7008,4.5839,4.526,4.4684,4.4111,4.3541,
2000-03-01 00:00:00,2,8.9173,6.9449,6.738,6.5338,6.3323,6.8756,7.1544,7.9455,7.5096,6.9449,20.2659,8.8469,10.9621,8.7072,8.1631,8.4322,10.8813,8.7768,16.0378,8.6379,12.5586,10.2491,9.2749,9.0592,8.1631,7.8721,7.6537,7.5815,8.4322,7.8721,7.2956
2000-02-01 00:00:00,2,18.5303,12.1009,18.2114,9.0592,18.4238,10.4832,10.1718,19.3908,40.1877,33.566,37.5133,22.9771,27.155,16.342,14.1618,12.3748,11.6496,10.2491,9.5677,9.2749,9.2026,8.7072,8.3644,8.1631,7.799,7.5815,7.8721,8.5004,9.4939,,
2000-01-01 00:00:00,2,8.8469,6.1994,10.4048,14.941,10.4048,7.799,10.7208,13.3984,8.4322,5.9374,5.4279,5.242,4.526,4.526,4.0188,4.7008,4.7008,6.0025,6.5338,8.0192,8.6379,7.7262,5.8727,4.8188,4.9983,5.3656,5.3036,16.1389,28.8986,22.7463,28.647
1999-12-01 00:00:00,2,1.5856,1.5498,1.5145,1.4452,23.4412,3.6883,3.1323,4.9983,9.2026,5.3036,5.3656,13.9695,13.9695,17.0599,9.2749,4.8784,4.1293,3.8018,3.4344,3.2818,3.2317,3.4859,4.4684,5.7441,4.7008,4.1293,5.1806,4.7596,4.7008,5.7441,4.4111
1999-11-01 00:00:00,2,1.2481,1.1859,1.1859,1.1256,1.2798,1.5498,2.5849,2.9795,4.7888,3.4611,1.8886,1.7715,2.2652,3.4056,2.0099,1.6586,1.5498,1.4452,1.5498,2.5849,6.559,4.944,2.3542,2.2652,2.3542,2.0931,1.81,1.7334,1.6957,1.6219,
1999-10-01 00:00:00,2,1.2481,1.3777,1.6586,1.6957,1.5145,1.3777,1.312,1.2481,1.1859,1.1859,1.1256,1.1256,1.0961,1.0961,1.067,1.067,1.067,1.067,1.0961,1.1256,1.2168,1.2168,1.2798,1.2481,1.312,1.5856,2.8779,1.6586,1.5145,1.3777,1.2481
1999-09-01 00:00:00,2,1.3446,1.312,1.2798,1.2798,1.2798,1.2481,1.2481,1.2168,1.2168,1.3777,1.6219,1.3777,1.8886,1.969,2.0512,2.0512,1.81,1.6957,1.5856,1.4796,1.4112,1.4452,1.6219,1.5498,1.4796,1.3777,1.3446,1.312,1.2481,1.2481,
1999-08-01 00:00:00,2,1.7334,1.6957,1.6586,1.6586,1.5856,1.5856,1.5856,1.6219,1.6219,1.6219,1.5856,1.5498,1.5498,1.5145,1.5145,1.5145,1.4796,1.4796,1.4452,1.4452,1.4452,1.4112,1.4112,1.4112,1.3777,1.3777,1.3777,1.3777,1.3777,1.3777,1.3777
1999-07-01 00:00:00,2,2.2215,2.2215,2.1782,2.1354,2.1354,2.1354,2.1354,2.1782,2.1782,2.2215,2.1354,2.0512,2.0099,1.969,1.969,1.969,1.969,1.9285,1.9285,1.8886,1.8491,1.81,1.81,1.81,1.81,1.81,1.7715,1.7715,1.7334,1.7334,1.7334
1999-06-01 00:00:00,2,2.6806,2.6806,2.6806,2.6806,2.6325,2.5849,2.5849,2.5849,2.5378,2.5378,2.5378,2.4912,2.3993,2.3993,3.7463,3.031,2.6806,2.5849,2.5378,2.4912,2.4912,2.445,2.3993,2.3095,2.2215,2.2652,2.3095,2.2215,2.2215,2.2215,
1999-05-01 00:00:00,2,3.9836,3.9235,3.8639,3.8639,3.7463,3.6883,3.6307,3.8639,3.7463,3.6307,3.6307,3.5737,3.5172,3.4611,3.2961,3.2961,3.2421,3.1886,3.1886,3.1355,3.031,2.9795,2.9795,2.9795,2.9284,2.8779,2.8779,2.8278,2.8278,2.7783,2.7292
1999-04-01 00:00:00,2,7.0785,6.8154,6.559,6.371,6.2477,6.1261,6.0061,5.8876,5.7708,5.6555,5.5418,5.4297,5.3191,5.21,5.3742,5.5985,5.6555,5.21,4.9964,4.7888,4.6873,4.6873,4.5872,4.5377,4.4885,4.3913,4.2955,4.2012,4.1053,4.1053,
1999-03-01 00:00:00,2,39.619,23.2087,18.1056,13.3664,9.929,10.0974,9.2742,8.2734,7.6954,10.527,7.5553,13.9903,7.2126,7.5553,7.0785,7.2803,7.4169,9.929,6.8805,6.4333,6.3092,6.1261,6.0061,13.7802,38.2104,16.2119,9.5162,7.4169,7.6954,8.5732,6.8805
1999-02-01 00:00:00,2,7.0121,5.21,4.8919,4.7888,4.4397,4.2955,4.3433,5.21,4.5872,4.3433,4.2482,6.559,5.7708,4.5872,4.3433,4.2482,4.1053,4.1053,5.21,6.6225,4.3433,4.1546,4.1546,4.2955,7.9089,23.0928,14.417,18.9587,,,
1999-01-01 00:00:00,2,7.1453,7.9089,18.6371,16.9221,17.5298,9.1152,8.4224,7.7661,6.7507,6.0659,5.5418,5.3191,5.0492,4.9964,4.944,4.8919,5.2643,4.8919,4.3433,4.2012,4.2012,4.1546,4.0442,4.944,4.2482,4.4885,4.2955,5.713,10.2678,5.156,12.7616
1998-12-01 00:00:00,2,4.2482,3.7463,3.083,3.031,2.8779,3.031,3.2421,2.9284,2.7783,2.7783,2.7783,2.6806,2.6325,3.9235,2.8278,3.5737,4.3913,3.083,2.9795,2.8278,2.6806,3.031,3.1886,2.9795,2.9284,3.9235,4.3433,4.5872,7.1453,4.9964,3.3506
1998-11-01 00:00:00,2,4.2012,3.2961,2.5378,16.2119,4.2482,2.9284,2.445,2.3542,3.4056,2.3993,8.8027,4.8402,3.2961,14.2026,5.3191,4.1053,3.4611,3.4611,2.9284,2.6806,2.5849,2.5849,2.5378,2.4912,2.4912,4.1053,10.0974,10.1824,4.5377,3.8639,
1998-10-01 00:00:00,2,1.6957,1.8491,3.6883,2.1354,1.6957,1.5856,1.4796,1.6957,2.1354,2.0512,1.8886,1.6586,1.7715,1.969,2.2215,2.3542,2.1782,2.0099,1.7715,1.6219,1.5145,1.5145,1.4452,1.4452,1.4112,1.4112,1.3777,2.1354,1.7715,2.0099,10.6143
1998-09-01 00:00:00,2,1.969,1.9285,1.8491,1.81,1.7715,1.7334,1.7334,1.7334,2.0099,2.0099,2.0099,2.0099,1.8886,1.8886,1.6219,1.5856,1.5498,1.5145,1.5145,1.4796,1.4796,1.4452,1.3777,1.3777,1.3777,1.4112,1.5498,1.4796,1.4452,1.4452,
1998-08-01 00:00:00,2,2.0931,2.0512,2.0512,2.0512,2.0512,2.0931,2.1354,2.3542,2.2215,2.1354,2.0512,2.1354,2.1782,2.1354,2.0512,2.0512,2.0099,1.969,1.969,1.9285,1.9285,1.9285,1.8886,1.8886,1.8491,1.81,1.81,1.7715,1.7334,1.7334,1.81
1998-07-01 00:00:00,2,2.6806,2.6806,2.6806,2.6806,2.6325,2.6325,2.5849,2.5849,2.4912,2.445,2.3993,2.3993,2.445,2.3993,2.3993,2.3542,2.3542,2.3095,2.3095,2.3095,2.3095,2.2652,2.2652,2.2215,2.2215,2.2215,2.2215,2.1782,2.1354,2.1354,2.1354
1998-06-01 00:00:00,2,4.2012,3.8049,3.6307,3.5737,3.5172,3.4056,3.2961,3.2961,3.2421,3.1886,3.1886,3.1355,3.083,3.1886,3.083,2.9795,2.9795,2.9795,2.9795,3.031,3.083,3.083,2.9795,2.9795,2.8779,2.8278,2.8278,2.7783,2.7783,2.7783,
1998-05-01 00:00:00,2,3.9836,3.8639,3.7463,3.6307,6.1867,4.5872,4.2955,3.9235,3.7463,3.6307,3.6307,3.5172,3.5172,3.4611,3.4056,3.5172,3.4056,3.4056,3.3506,3.3506,3.2961,3.2961,3.2421,3.1886,3.1886,3.1355,3.083,3.4056,7.4169,9.3544,5.7708
1998-04-01 00:00:00,2,4.944,7.9089,5.21,4.8402,4.7379,4.6873,5.156,5.21,4.637,4.5872,4.4397,4.3913,4.2955,4.2955,4.2955,4.2012,4.3433,4.3913,4.3913,4.2012,4.1546,4.0442,3.9836,3.8639,3.8639,3.8049,3.7463,3.6883,6.9461,4.637,
1998-03-01 00:00:00,2,9.1152,8.4224,8.2734,7.3484,7.4169,6.7507,6.559,6.371,6.1261,5.829,5.7708,5.6555,5.6555,5.6555,10.7905,6.371,5.7708,5.6555,5.713,5.5418,6.2477,5.4855,6.4959,6.0061,5.713,5.4855,5.4297,5.3191,5.21,5.1025,5.1025
1998-02-01 00:00:00,2,6.8154,6.4333,6.1867,6.0061,6.1261,6.1261,6.0659,5.8876,5.7708,6.0061,5.6555,5.3742,5.4297,5.3191,5.5418,6.7507,8.8027,7.2803,7.8373,5.8876,5.829,7.4169,7.6954,22.9771,19.8266,26.0558,15.6357,12.3688,,,
1998-01-01 00:00:00,2,5.5418,5.2643,5.0492,4.944,4.8402,4.7888,12.7616,6.0659,28.3963,16.3289,8.958,14.6337,14.9627,8.3477,7.0785,6.8154,7.6251,8.6492,8.3477,6.9461,6.371,5.8876,5.829,5.4855,5.713,19.7173,7.9809,6.2477,30.0408,21.2676,7.6251
1997-12-01 00:00:00,2,3.9836,3.8639,4.2955,3.1886,2.8278,2.7783,4.637,6.559,2.9795,2.5378,2.9795,2.8278,4.7888,15.6357,8.5732,8.8027,20.1558,21.8319,11.2397,11.9843,25.4525,8.5732,7.2803,6.2477,6.7507,26.5423,11.4228,7.7661,6.9461,6.3092,5.829
1997-11-01 00:00:00,2,1.7334,1.6586,1.6586,1.6219,1.5856,1.5856,1.7715,2.3993,1.7715,1.6586,1.5856,1.5498,1.5856,1.5498,1.8886,1.81,1.8491,1.8491,1.969,4.1546,2.7292,2.3095,1.8491,1.81,2.0931,2.3993,2.445,3.031,9.2742,8.1996,
1997-10-01 00:00:00,2,2.0512,1.81,1.7334,1.6586,1.6219,1.5856,1.5856,1.5498,1.5145,1.4452,1.4452,1.4452,1.4452,1.4112,1.3777,1.4112,1.6219,1.6586,1.5498,1.4796,7.3484,5.8876,2.7783,2.1782,2.0099,3.1355,2.6325,2.1782,1.9285,1.8886,1.7715
1997-09-01 00:00:00,2,1.7715,1.7715,1.7334,1.6957,1.6586,1.6586,1.6219,1.6219,1.5856,1.5856,1.5856,1.5856,1.5856,1.6586,1.6586,2.1354,1.969,1.81,1.7334,1.81,1.81,1.7715,1.7334,1.6957,1.81,2.1354,2.4912,2.0099,1.969,1.8886,
1997-08-01 00:00:00,2,2.3542,2.3542,2.3095,2.3095,2.3095,2.2652,2.2652,2.2215,2.2215,2.2215,2.1782,2.1782,2.1782,2.1354,2.1354,2.1354,2.0931,2.0931,2.0512,2.0512,2.0099,2.0099,1.969,1.969,1.9285,1.8886,1.8886,1.8491,1.81,1.8491,1.81
1997-07-01 00:00:00,2,3.031,3.031,2.9795,2.9284,2.8779,2.8779,2.8278,2.7783,2.7783,2.7783,2.7292,2.7292,2.6806,2.6806,2.6325,2.6325,2.6325,2.5849,2.5849,2.6325,2.6325,2.5849,2.5378,2.5378,2.4912,2.4912,2.445,2.445,2.3993,2.3993,2.3993
1997-06-01 00:00:00,2,3.7463,3.6883,3.6307,3.6307,3.6307,4.5872,4.5377,4.0442,3.6307,3.5172,3.5172,3.5172,3.5737,3.6883,3.7463,3.5737,3.4611,3.4056,3.3506,3.3506,3.4056,3.4056,3.3506,3.2961,3.1886,3.1355,3.083,3.083,3.031,3.031,
1997-05-01 00:00:00,2,4.6873,4.6873,4.944,4.7379,4.5377,4.4397,4.3913,4.3433,4.3433,4.2955,4.2482,4.2012,4.2012,4.1546,4.1053,4.2955,4.2955,4.1546,4.1053,3.9836,3.9235,3.8639,3.8639,3.8639,3.9836,3.9836,3.8639,4.5872,3.9235,3.9235,3.8049
1997-04-01 00:00:00,2,9.0364,7.6954,6.559,6.3092,6.0659,6.0061,6.0061,5.8876,5.7708,5.6555,5.5418,5.4855,5.4297,5.4297,5.3191,5.2643,5.21,5.3191,5.4297,5.6555,5.6555,5.156,5.1025,5.0492,4.8919,4.7888,5.4297,4.9964,4.8919,4.7888,
1997-03-01 00:00:00,2,7.0121,9.1152,6.9461,6.8805,8.3477,10.0974,12.0797,14.3096,13.3664,10.7022,9.5978,8.958,8.5732,8.4224,8.4224,12.2719,10.013,8.1996,7.9809,7.6251,7.3484,7.0785,7.0121,6.8805,6.7507,6.6225,6.4959,6.371,6.4333,6.6225,7.3484
1997-02-01 00:00:00,2,15.9797,15.0735,14.2026,12.6626,10.527,9.8455,9.4351,9.5978,8.958,8.5732,8.3477,8.0534,7.8373,7.6954,7.5553,7.5553,7.6251,7.9089,10.527,8.8801,8.5732,7.2126,6.6864,7.0785,13.4691,10.3537,9.929,9.4351,,,
1997-01-01 00:00:00,2,24.8545,29.2775,32.1121,34.7733,37.2358,38.0706,36.1336,33.9666,32.638,31.1995,29.6582,28.1464,26.7867,25.8138,24.8545,23.5578,21.9455,20.3763,18.8513,17.5298,15.9797,14.5251,12.7616,11.0585,12.6626,17.7769,20.8202,22.6312,22.9771,21.2676,18.3175
1996-12-01 00:00:00,2,2.3095,2.3095,5.156,4.0442,3.1886,2.7292,2.445,2.445,2.9795,4.7888,3.8639,7.1453,7.5553,4.1546,3.6307,3.1355,13.885,9.6799,6.0061,5.9466,7.2803,5.4297,16.4464,9.4351,11.608,14.5251,14.8525,13.2643,14.0962,15.8645,19.0664
1996-11-01 00:00:00,2,1.7715,1.5145,2.3095,2.0512,1.7334,1.4452,1.3777,1.312,1.2798,1.2481,1.2481,1.1859,1.1859,1.4452,2.3993,3.4611,5.2643,4.5872,2.3542,4.637,15.2967,17.9014,11.2397,4.8402,3.6883,3.031,2.5849,2.3993,2.3542,2.3095,
1996-10-01 00:00:00,2,1.6219,1.4452,1.4112,2.5378,2.0512,1.5498,1.4796,1.4452,2.6325,1.5856,1.5498,1.969,1.5498,1.7334,1.8491,1.6219,1.4796,1.3777,1.3446,1.312,1.3446,1.6586,1.7715,1.6219,1.5498,1.4452,1.3777,1.312,1.2798,1.2481,1.2481
1996-09-01 00:00:00,2,1.3777,1.3777,1.3777,2.0931,2.9795,2.2652,1.8491,1.7334,1.81,1.7715,1.7715,2.0099,2.9284,3.3506,1.9285,1.7334,1.6957,1.81,1.7334,1.7715,1.5145,1.5856,1.4112,1.5498,1.4452,1.4796,1.4452,1.4112,1.4796,3.9235,
1996-08-01 00:00:00,2,1.7334,1.7334,1.6957,1.6957,1.6586,1.6586,1.5856,1.5498,1.5145,1.5145,1.5145,1.4796,1.8886,1.9285,1.9285,1.81,1.7334,1.6586,1.5856,1.5498,1.5498,1.5145,1.5145,1.5145,1.5145,1.4796,1.4796,1.3777,1.4112,1.3777,1.3777
1996-07-01 00:00:00,2,2.2215,2.2215,2.2215,2.2215,2.2215,2.2215,2.1354,2.1354,2.0931,2.0512,2.0099,1.969,1.969,1.969,1.9285,1.9285,1.9285,1.9285,1.8886,1.8886,1.8491,1.81,1.81,1.81,1.81,1.7715,1.7715,1.7715,1.7334,1.7334,1.7334
1996-06-01 00:00:00,2,2.7292,2.6806,2.6806,2.6325,2.5849,2.5849,2.5849,2.5849,2.5378,2.4912,2.4912,2.4912,2.4912,2.4912,2.445,2.3993,2.3993,2.3993,2.3542,2.3542,2.3095,2.3095,2.2652,2.2652,2.2652,2.2652,2.2215,2.2215,2.2215,2.2215,
1996-05-01 00:00:00,2,3.5172,3.4611,3.4056,3.4056,3.3506,3.2961,3.1886,3.1886,3.1355,3.1355,3.083,3.1886,3.083,3.083,3.083,3.083,3.083,3.031,3.5737,3.1355,3.031,2.9795,5.4855,3.2421,3.083,2.9795,2.8779,2.8278,2.7783,2.7783,2.7783
1996-04-01 00:00:00,2,4.7379,4.6873,4.5872,4.4885,4.2955,4.2955,4.2955,4.2482,4.2012,4.2012,4.2012,4.2955,4.8919,4.4397,4.5377,6.0061,7.9089,6.1867,4.5872,4.2482,4.1053,4.0442,3.9235,3.8639,3.8639,3.7463,3.6883,3.6307,3.6307,3.5737,
1996-03-01 00:00:00,2,4.3433,4.5377,5.0492,4.637,5.6555,5.6555,9.4351,13.7802,11.2397,8.4975,13.2643,11.608,6.4333,5.829,6.1867,8.4975,13.3664,15.6357,12.0797,7.5553,6.0659,6.7507,6.1261,5.9466,5.713,5.4855,5.21,5.1025,5.0492,4.8919,4.7888
1996-02-01 00:00:00,2,4.4885,4.4885,4.637,4.6873,4.8919,6.2477,5.9466,5.829,4.6873,4.6873,4.3433,4.3913,4.2955,7.0785,4.944,4.1546,4.0442,4.0442,4.0442,4.2482,4.4885,4.1546,4.2012,14.7428,5.3742,4.7379,3.9235,3.7463,3.7463,,
1996-01-01 00:00:00,2,5.4297,38.2104,21.8319,5.2643,6.2477,9.1944,20.8202,13.5723,11.608,13.1627,23.3249,13.1627,10.527,8.4975,7.6251,7.1453,6.7507,6.371,6.371,6.3092,7.2803,6.3092,5.713,5.5985,5.3742,5.21,5.1025,4.8919,4.7888,4.6873,4.6873
1995-12-01 00:00:00,2,1.6586,1.6586,1.969,2.1782,2.445,2.9795,1.7715,1.8886,1.6586,1.6586,2.4912,4.2955,7.6954,9.1152,5.5418,2.7783,2.5378,3.083,17.6531,5.6555,17.6531,9.5162,6.371,6.7507,20.3763,6.6864,12.0797,8.1263,10.0974,5.4297,5.713
1995-11-01 00:00:00,2,1.9285,2.3095,2.5849,2.0099,1.8491,1.6957,1.6219,1.5856,1.5145,1.4796,1.4452,1.4452,2.0512,3.2421,5.0492,4.4397,3.9836,3.1886,2.5849,1.8886,1.7715,1.6586,1.6586,1.7334,2.1354,1.8491,1.6219,1.5145,1.5145,1.5145,
1995-10-01 00:00:00,2,1.7334,1.6586,1.6586,1.5856,1.6586,1.8886,2.445,2.8278,3.5737,5.21,3.1355,2.6325,2.3542,2.1782,2.0512,1.969,1.969,1.7334,1.5856,1.5856,1.5498,1.5145,1.5145,1.5145,1.5145,1.4796,1.4452,1.3777,1.3777,2.0931,2.5849
1995-09-01 00:00:00,2,1.5856,1.5856,1.5498,1.5498,1.5145,1.5145,1.5145,1.5145,1.4796,1.4796,1.4796,1.4452,1.4452,1.4452,1.4452,1.4452,1.4452,5.21,3.031,2.5849,2.2215,1.8886,1.8886,1.81,1.7334,1.6586,2.0512,2.2215,1.81,1.7334,
1995-08-01 00:00:00,2,2.0931,2.0512,2.0512,2.0512,2.0512,2.0099,2.0099,1.969,1.969,1.969,1.969,1.9285,1.8886,1.8491,1.81,1.81,1.7715,1.7715,1.7334,1.7334,1.7334,1.7334,1.7334,1.6957,1.6957,1.6957,1.6957,1.6586,1.6586,1.6586,1.6586
1995-07-01 00:00:00,2,2.6806,2.5849,2.5849,2.5849,2.5849,2.5849,2.5849,2.5849,2.5849,2.5849,2.5378,2.4912,2.4912,2.4912,2.3993,2.3095,2.3095,2.3095,2.3095,2.3095,2.3095,2.3095,2.3095,2.3095,2.2215,2.2215,2.2215,2.1354,2.1354,2.1354,2.0931
1995-06-01 00:00:00,2,3.2961,3.2961,3.2961,3.2961,3.2421,3.1355,3.083,3.083,3.083,3.083,3.083,3.031,2.9795,2.9795,2.9795,2.9795,2.9284,2.8779,2.7783,2.7783,2.7783,2.7783,2.7783,2.7783,2.7783,2.7783,2.7783,2.6806,2.6806,2.6806,
1995-05-01 00:00:00,2,4.7888,4.2012,4.2012,4.1053,4.1546,4.4397,5.6555,4.7888,4.5872,4.2482,4.1546,3.8049,3.6307,3.6307,4.1053,4.5377,5.9466,4.2955,3.9235,3.7463,3.6883,3.6307,3.6307,3.6307,3.5737,3.5172,3.4611,3.4056,3.4056,3.3506,3.2961
1995-04-01 00:00:00,2,13.4691,7.6251,6.8805,6.371,6.3092,5.9466,5.7708,5.713,5.713,5.6555,5.4855,5.2643,5.4297,5.3191,5.156,5.0492,4.8402,4.7888,4.7379,4.7888,4.7888,4.7888,4.8919,5.0492,4.7379,4.7888,4.8402,4.5377,4.3913,4.2482,
1995-03-01 00:00:00,2,8.3477,8.0534,9.7624,15.1848,7.9809,7.6251,7.3484,11.5151,12.4662,7.2126,6.1261,5.829,6.3092,18.1056,14.7428,7.6251,6.371,6.2477,6.1867,6.1867,6.4333,6.8154,12.8611,7.2126,6.371,6.371,6.1867,6.1261,6.371,7.4169,7.7661
1995-02-01 00:00:00,2,5.4297,25.9347,21.4927,18.3175,17.6531,15.1848,29.4042,44.4014,39.0532,26.1771,20.8202,23.9089,17.0425,18.9587,24.38,31.1995,20.8202,16.2119,13.9903,26.1771,20.1558,14.417,11.8895,10.9687,9.929,9.1152,8.7257,8.7257,,,
1995-01-01 00:00:00,2,3.1355,3.6883,15.2967,32.5062,31.07,27.7731,20.9317,17.5298,8.0534,6.0061,5.3742,5.3191,5.4855,5.0492,4.7379,4.3913,4.3433,4.2012,4.1053,3.9836,3.9235,4.2012,4.2012,3.8049,4.5377,4.4397,24.4983,10.8794,24.7356,6.4959,6.1261
1994-12-01 00:00:00,2,2.6325,2.445,2.3095,2.2652,2.3993,2.5378,3.8049,3.2421,4.637,5.156,3.2421,3.1886,2.9795,2.8779,2.8278,4.2955,3.1886,2.8278,3.5172,2.5849,2.4912,3.5737,5.9466,4.5872,5.156,6.4959,7.6954,6.2477,4.2482,3.4056,3.1355
1994-11-01 00:00:00,2,2.0099,1.969,1.8886,1.8886,1.8886,1.81,1.81,1.81,2.4912,2.0099,1.8886,1.7334,1.7334,2.5378,3.4056,3.3506,3.6307,4.1546,4.944,4.5872,4.8402,4.8402,4.4885,4.3913,4.2955,4.2482,4.1546,4.1053,3.8639,3.083,
1994-10-01 00:00:00,2,1.6957,1.6586,1.6219,1.7334,2.7292,4.2012,4.7379,2.3993,1.8886,1.81,1.7715,1.7334,1.6957,1.6586,6.1867,6.4333,5.2643,3.5172,2.7783,2.5378,2.1782,2.0931,2.0099,1.969,1.969,2.0099,2.0931,4.7888,3.3506,2.8779,2.2652
1994-09-01 00:00:00,2,2.1354,2.1354,2.1354,2.1354,2.0931,2.0931,2.0931,2.0931,2.0931,2.0512,2.0099,2.0099,1.969,1.9285,1.9285,1.8886,1.8886,1.969,1.9285,1.8886,1.8886,1.8491,1.81,1.7715,1.7334,1.6957,1.6957,1.7334,1.7715,1.7334,
1994-08-01 00:00:00,2,2.7292,2.7783,2.7292,2.7292,2.6806,2.6806,2.6806,2.6325,2.5849,2.5849,2.5849,2.5849,2.5849,2.5378,2.5378,2.4912,2.4912,2.445,2.3993,2.3993,2.3993,2.3993,2.3542,2.3095,2.2652,2.1782,2.1354,2.1354,2.2215,2.1782,2.1354
1994-07-01 00:00:00,2,3.6883,3.6307,3.6307,3.6307,3.6307,3.5737,3.5172,3.5172,3.4611,3.4056,3.2961,3.2961,3.2961,3.2421,3.1886,3.1886,3.1886,3.1886,3.1886,3.1355,3.1355,3.083,3.083,3.083,3.031,2.9795,2.9284,2.8779,2.8779,2.7783,2.7783
1994-06-01 00:00:00,2,4.6873,5.1025,4.9964,4.8919,4.8919,4.7888,4.3913,4.3433,4.2482,4.2482,4.2012,4.1546,4.1053,4.1053,4.1053,4.1053,4.0442,3.9836,3.9235,3.9235,3.8639,3.8049,3.8639,3.9235,3.9836,4.1053,3.8049,3.7463,3.7463,3.6883,
1994-05-01 00:00:00,2,5.4855,5.3742,5.3191,5.2643,5.21,5.156,5.1025,5.0492,4.944,4.8402,4.8919,4.6873,4.7888,7.4859,9.7624,17.0425,6.371,5.5985,5.3191,5.0492,4.8919,4.944,4.8919,4.944,5.1025,4.8919,4.9964,5.1025,4.944,4.7888,4.6873
1994-04-01 00:00:00,2,15.0735,9.3544,8.7257,8.7257,8.3477,8.0534,7.9809,7.9809,7.4859,7.2803,7.2126,7.0121,6.9461,6.7507,6.6225,6.6864,6.4959,6.371,8.8027,7.6251,6.371,6.2477,6.3092,5.9466,5.8876,5.8876,5.829,5.6555,5.5418,5.5418,
1994-03-01 00:00:00,2,6.6225,8.3477,7.3484,7.0785,9.6799,8.4224,9.3544,9.1944,8.958,7.7661,7.6954,8.5732,7.1453,7.0121,8.958,6.7507,6.8154,7.4169,8.1996,8.8801,8.5732,8.4224,8.1996,7.4859,6.4333,6.1867,6.3092,6.559,6.8154,10.1824,12.2719
1994-02-01 00:00:00,2,9.7624,9.3544,8.958,8.6492,8.3477,8.8027,8.4224,7.8373,7.4169,7.2803,10.7022,12.4662,10.9687,18.3175,9.929,7.8373,7.0785,6.9461,6.7507,6.4333,6.3092,6.1867,6.1261,6.0061,6.1867,6.0659,6.371,6.9461,,,
1994-01-01 00:00:00,2,11.4228,10.4401,10.2678,57.9591,57.9591,35.451,20.5978,10.9687,9.1152,13.0616,19.7173,41.9122,36.2707,33.1671,29.7855,20.2659,20.7089,16.5644,23.9089,13.885,10.0974,10.2678,40.7595,74.2729,17.7769,81.7199,22.6312,14.9627,14.5251,11.8895,10.0974
1993-12-01 00:00:00,2,2.1782,2.0099,1.9285,1.8491,1.6957,1.6586,1.6586,1.6586,1.6957,1.969,3.8639,3.4056,2.4912,2.1354,2.0512,2.0099,1.969,1.8886,1.81,3.5737,3.4056,2.8278,3.3506,4.944,3.9836,3.6307,3.7463,4.0442,3.8049,3.6883,13.9903
1993-11-01 00:00:00,2,1.969,1.969,2.0512,5.3742,7.4859,7.9809,9.1944,15.4091,7.6251,2.5849,2.0512,1.9285,1.8886,1.8886,1.8491,1.81,1.7715,1.7334,1.7334,1.6586,1.6586,1.6219,1.7334,1.7334,1.7334,1.6957,1.6957,1.6586,1.6586,1.6586,
1993-10-01 00:00:00,2,2.0099,2.2652,2.0931,2.0512,2.8278,2.6806,2.2652,2.0931,1.9285,1.8886,1.8491,1.81,1.7715,1.7334,1.7334,1.7334,1.9285,1.8886,1.8491,1.8491,2.1354,12.8611,7.8373,5.1025,3.8049,2.4912,2.2652,2.1354,2.0512,2.0099,1.969
1993-09-01 00:00:00,2,2.0931,2.0931,2.0512,2.0512,2.0512,1.969,1.969,1.969,1.969,1.969,2.0931,2.1782,2.2652,2.0931,2.0512,2.0512,2.0512,2.0099,1.8886,1.81,1.8886,3.9235,2.3095,2.3095,2.9795,2.1782,2.0931,2.2652,2.0931,2.0099,
1993-08-01 00:00:00,2,2.5849,2.5849,2.5378,2.5378,2.4912,2.4912,2.3993,2.3993,2.3993,2.3993,2.3993,2.3542,2.3542,2.3542,2.3542,2.3542,2.3542,2.3542,2.3993,2.3993,2.3993,2.3993,2.3542,2.3542,2.3542,2.3095,2.3095,2.3095,2.2652,2.2215,2.1354
1993-07-01 00:00:00,2,3.4056,3.4056,3.3506,3.2961,3.2961,3.2421,3.2421,3.1886,3.1886,3.1355,3.1355,3.083,3.083,3.031,3.031,2.9795,2.9795,2.9284,2.8779,2.8779,2.8278,2.8278,2.7783,2.7783,2.7292,2.7292,2.6806,2.6806,2.6325,2.6325,2.6325
1993-06-01 00:00:00,2,4.2012,4.2012,4.3913,4.2955,4.2482,4.5377,4.7888,4.944,4.9964,4.8919,4.5872,4.2012,4.2012,4.1546,4.1053,4.0442,4.0442,3.9836,3.9235,3.8639,3.8639,3.7463,3.7463,3.7463,3.6883,3.6307,3.6307,3.5737,3.5172,3.5172,
1993-05-01 00:00:00,2,5.7708,5.713,5.713,5.713,5.6555,5.9466,5.9466,5.829,5.6555,5.3742,5.156,5.1025,5.1025,5.1025,5.1025,4.9964,4.944,4.8919,4.8402,4.7888,4.6873,4.5872,4.5872,4.5377,4.4885,4.4397,4.3913,4.3913,4.3433,4.2955,4.2955
1993-04-01 00:00:00,2,21.38,20.3763,24.2619,20.2659,10.4401,9.1152,10.4401,12.8611,17.285,28.647,21.1554,9.6799,7.7661,7.6251,7.4859,7.4169,7.3484,7.2803,7.1453,6.6864,6.6225,6.559,6.4333,6.371,7.6251,6.6864,6.3092,6.1261,5.8876,5.829,
1993-03-01 00:00:00,2,19.7173,16.2119,14.2026,13.1627,12.6626,11.7013,11.4228,11.1489,10.527,9.7624,9.6799,9.6799,9.2742,8.958,8.8801,9.1152,10.1824,9.0364,9.2742,9.8455,11.0585,9.6799,8.3477,8.8801,10.013,9.3544,8.3477,8.0534,8.8801,10.6143,20.9317
1993-02-01 00:00:00,2,6.8154,6.3092,9.6799,20.9317,16.6831,21.0435,13.2643,9.8455,13.676,12.0797,9.1152,8.8801,8.958,9.1152,9.929,34.9085,21.7186,14.417,17.6531,18.2114,18.4238,19.2825,24.38,38.6309,45.7409,28.7727,22.1732,31.4593,,,
1993-01-01 00:00:00,2,6.371,6.3092,7.1453,23.3249,10.013,7.4859,7.4169,6.9461,6.1261,5.6555,5.4855,21.6055,20.5978,12.4662,12.3688,6.8805,6.8154,6.7507,7.2803,7.1453,7.2803,7.7661,8.3477,10.013,8.1996,6.7507,6.6225,6.559,6.4333,6.6225,7.8373
1992-12-01 00:00:00,2,7.2803,10.9687,9.1152,7.6251,7.0785,6.8805,7.6251,12.3688,6.2477,6.1261,7.6954,12.1755,10.7022,8.3477,7.0785,6.559,7.5553,9.1944,8.7257,8.3477,27.4016,15.4091,9.1152,8.1996,7.3484,7.0785,6.7507,6.4959,6.4333,6.371,6.3092
1992-11-01 00:00:00,2,22.4017,23.6746,15.2967,15.8645,23.9089,16.9221,14.417,12.5642,11.9843,20.2659,19.6083,12.1755,9.3544,8.2734,7.5553,6.9461,6.6225,6.4333,6.7507,8.1996,10.7905,7.7661,7.6954,6.6225,5.9466,5.9466,6.1867,6.0659,5.9466,5.829,
1992-10-01 00:00:00,2,2.5378,2.8779,4.3433,3.1355,2.8278,2.7292,2.4912,2.8779,4.1546,3.4611,2.5378,2.3542,2.4912,2.3993,2.3095,2.2215,2.2215,2.8278,2.4912,2.1782,2.5378,4.5872,2.7292,3.2421,3.031,2.445,9.7624,13.885,26.4203,31.07,38.9123
1992-09-01 00:00:00,2,2.0931,2.0099,2.0931,2.2652,2.7292,3.6307,7.4859,3.083,2.445,2.3542,2.3095,2.2652,2.2215,2.1354,2.1354,2.4912,3.5172,2.9795,2.5378,2.3542,2.2652,2.2215,2.1782,2.1354,2.0512,5.7708,8.6492,7.9089,4.2482,2.6806,
1992-08-01 00:00:00,2,2.6806,2.6806,2.6325,2.6325,2.5849,2.5378,2.5378,2.4912,2.445,2.445,2.3993,2.3993,2.3542,2.3542,2.3095,2.3095,2.3095,2.3095,2.2652,2.2652,2.2652,2.2215,2.2215,2.1782,2.1782,2.1354,2.1354,2.1354,2.1354,2.0931,2.0931
1992-07-01 00:00:00,2,3.5737,3.5172,3.5172,3.4611,3.4056,3.4056,3.4056,3.4056,3.4056,3.4056,3.3506,3.2421,3.1886,3.1886,3.1886,3.1355,3.083,3.031,2.9795,2.9284,2.9284,2.8779,2.8779,2.7783,2.7783,2.7783,2.7783,2.7292,2.7292,2.7292,2.6806
1992-06-01 00:00:00,2,4.8402,4.6873,4.6873,4.637,4.637,4.5872,4.5377,4.4397,4.3433,4.2955,4.2012,4.2012,4.2012,4.1546,4.1053,4.1053,4.0442,4.0442,3.9836,3.9836,3.9235,3.9235,3.8639,3.8049,3.7463,3.6307,3.6307,3.6307,3.5737,3.5737,
1992-05-01 00:00:00,2,6.371,6.0061,7.6251,22.8616,12.7616,13.1627,10.4401,7.4169,6.6864,6.4333,6.371,6.2477,6.0659,6.0061,5.8876,5.7708,5.6555,5.4855,5.3742,5.21,5.156,5.1025,5.0492,5.3742,5.21,5.21,5.1025,5.0492,4.944,4.8919,4.8402
1992-04-01 00:00:00,2,7.9809,10.527,12.4662,8.5732,7.5553,7.2803,7.1453,7.0121,7.3484,7.0785,6.9461,6.8154,6.7507,6.6864,6.6225,6.6225,6.559,7.6954,8.6492,7.0121,6.3092,6.0659,6.0061,20.7089,19.6083,8.0534,7.8373,7.6251,7.3484,7.1453,
1992-03-01 00:00:00,2,19.8266,22.7463,24.2619,17.4071,14.2026,13.0616,12.2719,11.608,11.1489,11.0585,11.5151,10.7022,17.1635,11.7013,9.5162,11.8895,10.527,9.6799,13.885,18.3175,12.3688,9.1944,9.929,9.4351,9.5978,8.7257,8.2734,7.9809,8.4224,8.3477,8.0534
1992-02-01 00:00:00,2,22.4017,19.9361,42.3476,72.4531,71.2494,68.2731,73.0578,59.6339,40.1877,33.6993,27.4016,23.3249,21.6055,19.8266,18.4238,16.9221,15.0735,13.885,13.4691,12.8611,12.3688,11.7951,11.5151,11.2397,10.7022,15.1848,11.7951,11.7951,13.0616,,
1992-01-01 00:00:00,2,5.4855,7.5553,5.829,5.3742,13.885,11.331,5.7708,5.0492,4.4885,4.1053,3.9235,8.6492,21.8319,44.6978,65.3448,25.8138,36.821,25.4525,25.6932,45.7409,77.3434,36.2707,54.6634,59.6339,36.5454,25.5727,18.7441,26.9093,18.7441,14.5251,16.4464
1991-12-01 00:00:00,2,1.8491,1.6586,1.5856,1.4452,1.3777,1.312,1.8491,3.4056,2.7783,6.4333,6.8154,4.944,5.2643,9.2742,11.2397,12.4662,4.7379,3.4056,2.8278,9.6799,7.0121,3.9235,3.031,2.7783,2.6806,6.4333,3.1886,4.8402,5.4297,16.3289,8.1263
1991-11-01 00:00:00,2,1.5498,1.5145,3.9235,2.1354,1.5498,1.4112,1.3777,6.1867,6.4959,3.5172,2.8779,2.1354,1.9285,3.2961,2.2215,1.7334,1.81,2.1782,2.3095,1.81,1.5498,1.5145,1.5145,1.4452,1.4112,1.3777,1.3777,1.3777,2.1782,1.969,
1991-10-01 00:00:00,2,2.0512,2.2652,1.7334,1.6219,1.5856,1.5145,2.5378,6.0659,2.1354,1.8886,5.3742,2.8779,1.8491,1.6586,1.5856,1.5145,1.5498,1.6586,1.6219,1.5145,1.4452,1.3777,1.3777,1.3777,1.312,1.312,1.3446,1.3446,1.312,1.312,2.2215
1991-09-01 00:00:00,2,1.5856,1.5856,1.5498,1.5498,1.5498,1.5145,1.5145,1.4796,1.4796,1.4452,1.4452,1.4452,1.4112,1.4112,1.4112,1.4112,1.3777,1.3777,1.3777,1.5498,1.5498,1.5498,1.5498,1.5498,1.5498,1.6219,1.5856,1.6957,1.8491,1.8886,
1991-08-01 00:00:00,2,2.2652,2.2215,2.2215,2.2215,2.1354,2.0931,2.0512,2.0099,1.969,1.969,1.969,1.9285,1.8886,1.8886,1.8886,1.8491,1.8491,1.8491,1.81,1.81,1.81,1.81,1.7715,1.7715,1.7334,1.7334,1.6957,1.6957,1.6586,1.6219,1.6219
1991-07-01 00:00:00,2,3.083,3.083,3.031,2.9795,2.9284,2.9284,2.8779,2.8779,2.8779,2.8278,2.8278,2.7783,2.7783,2.7292,2.7292,2.6806,2.6325,2.6325,2.6325,2.5849,2.5849,2.5378,2.4912,2.3993,2.3993,2.3993,2.3993,2.3542,2.3542,2.3095,2.2652
1991-06-01 00:00:00,2,4.5872,4.5377,4.4885,4.4397,4.3913,4.3433,4.2482,4.2012,4.1546,4.1053,3.9836,3.9836,3.9836,3.9836,3.8639,3.8049,3.7463,3.6883,3.6883,3.5737,3.5737,3.5172,3.4611,3.4056,3.4056,3.3506,3.2961,3.2421,3.1886,3.083,
1991-05-01 00:00:00,2,7.4859,7.2803,7.1453,7.0121,6.8805,6.7507,6.6225,6.559,6.4959,6.371,6.2477,5.9466,5.8876,5.8876,5.713,8.1996,6.6225,7.0121,6.0659,5.5985,5.5418,5.4297,5.2643,5.1025,5.0492,4.9964,4.944,4.8402,4.7379,4.637,4.5872
1991-04-01 00:00:00,2,68.2731,91.3987,56.8525,27.5252,20.9317,18.9587,16.8023,16.0955,29.5311,14.5251,12.9611,12.7616,11.5151,11.1489,10.3537,10.7022,10.7022,9.7624,9.4351,15.9797,12.9611,10.527,9.4351,9.0364,8.7257,8.5732,8.8027,8.1996,7.9089,7.6251,
1991-03-01 00:00:00,2,6.3092,6.0061,6.4333,17.9999,27.8973,34.2348,27.2782,13.1627,10.1824,9.7624,9.2742,8.7257,8.6492,11.1489,7.9809,6.9461,6.1867,5.9466,5.829,9.2742,11.331,10.8794,9.2742,9.3544,13.885,31.4593,42.3476,63.611,50.3827,63.037,65.9266
1991-02-01 00:00:00,2,13.5723,16.9221,12.9611,7.0121,6.4333,8.8027,11.331,6.8805,10.527,8.4224,9.929,12.6626,8.1996,7.7661,28.2712,24.8545,21.9455,35.0438,25.6932,11.1489,9.2742,8.1996,10.1824,8.0534,7.0121,6.559,11.7013,7.8373,,,
1991-01-01 00:00:00,2,0.8,0.8,0.8,1.2798,2.6325,12.5642,2.5849,1.7334,1.9285,4.6873,3.031,1.969,31.1995,36.1336,42.6387,14.7428,13.676,7.5553,6.6864,5.5985,6.0061,5.1025,4.7888,5.5985,4.2482,7.1453,5.5418,7.9089,29.4042,13.5723,9.8455
1990-12-01 00:00:00,2,1.067,1.0101,0.9281,0.9016,0.85,0.85,0.8,0.9281,1.0383,0.9016,0.955,1.0101,0.9016,0.85,0.85,0.8248,1.4452,1.969,0.9824,1.6586,1.1256,1.0383,1.5498,1.1859,1.0961,1.6586,1.1859,1.1256,1.4796,0.8756,0.8248
1990-11-01 00:00:00,2,0.7282,0.7282,0.7051,1.4112,0.8,0.85,1.1555,1.3446,0.8248,0.9281,0.9824,2.6806,2.8779,1.2168,1.0101,0.9281,0.9016,0.8756,0.955,1.0101,0.955,0.955,0.8,0.9016,1.81,9.6799,5.4855,7.3484,1.3777,1.1555,
1990-10-01 00:00:00,2,0.85,0.9016,0.9824,0.955,0.9281,0.8756,0.8,0.7756,0.7517,0.7517,0.7517,0.7756,0.85,0.8248,0.8,0.8248,0.955,1.0961,1.1256,1.0961,0.9824,0.9281,0.8756,0.8248,0.8248,0.9281,0.8248,0.8,0.7517,0.7517,0.7282
1990-09-01 00:00:00,2,1.067,1.312,1.2168,1.0961,1.0383,1.0101,1.0101,1.0101,0.9824,0.955,0.9281,0.9016,0.9016,1.0101,1.2798,1.1555,1.0383,0.9824,0.955,0.9016,0.8756,0.85,0.85,0.85,0.8248,0.8248,0.8248,0.8248,0.8248,0.8248,
1990-08-01 00:00:00,2,1.0383,1.0101,1.0101,1.0101,1.0101,1.0101,1.0101,1.0101,1.0101,0.9824,0.9824,0.9824,0.9824,0.955,0.955,0.955,0.955,1.0383,1.1555,1.4452,1.8491,1.2798,1.067,1.0101,1.0101,1.0101,1.0101,1.0961,1.7715,1.3777,1.0961
1990-07-01 00:00:00,2,1.2798,1.2481,1.2481,1.2481,1.2168,1.2168,1.81,1.6219,1.4796,1.3446,1.312,1.312,1.2798,1.2481,1.2481,1.2481,1.2168,1.2168,1.2168,1.2168,1.1859,1.1256,1.1256,1.1256,1.0961,1.0961,1.0961,1.067,1.067,1.0383,1.0383
1990-06-01 00:00:00,2,1.6586,1.6586,1.6219,1.5856,1.5498,1.5498,1.5498,1.5145,1.5145,1.5145,1.4796,1.4452,1.4452,1.4452,1.4112,1.4112,1.3777,1.3777,1.3777,1.3777,1.3446,1.3446,1.3446,1.312,1.312,1.312,1.2798,1.2481,1.2481,1.2798,
1990-05-01 00:00:00,2,1.81,2.4912,14.417,3.4056,2.5378,2.3993,2.3095,2.3095,2.2215,2.1354,2.0931,2.2215,2.1354,2.1354,2.0512,2.0931,2.0512,2.0931,2.0099,1.969,1.8886,1.8886,1.8886,1.8491,1.81,1.81,1.7715,1.7715,1.7334,1.6957,1.6957
1990-04-01 00:00:00,2,2.0512,2.0099,1.969,2.1782,2.1354,1.969,1.9285,1.81,1.81,1.8491,3.031,2.6325,2.2652,1.8491,2.445,2.1354,2.0931,3.2421,5.829,2.7292,2.3095,2.1782,2.0931,1.969,1.969,1.9285,1.8886,1.81,1.7715,1.7334,
1990-03-01 00:00:00,2,4.5377,3.031,2.445,2.2652,2.2215,2.1782,2.2215,3.4611,2.3993,2.1354,2.1354,2.0099,1.9285,1.9285,1.8886,1.8886,3.4056,8.0534,5.7708,4.3433,3.1886,2.8278,3.9235,2.7292,2.3095,2.1782,2.1782,2.7783,3.3506,2.2652,2.1354
1990-02-01 00:00:00,2,2.5378,2.4912,2.445,2.3993,2.4912,2.3993,2.3095,2.2215,2.1354,2.0512,2.0931,2.7292,2.1782,6.7507,4.2482,2.8278,2.445,2.2652,2.1782,2.1782,2.0931,2.3542,2.445,3.031,2.3095,2.6806,8.4224,3.4056,,,
1990-01-01 00:00:00,2,6.0061,5.6555,23.4412,20.8202,18.9587,9.8455,7.6251,6.559,5.8876,5.3191,5.1025,4.944,5.7708,4.3913,4.2012,4.0442,3.8639,3.6883,3.4611,3.3506,3.1886,3.083,3.083,3.031,3.1355,2.9795,2.9795,3.083,2.8278,2.6325,2.5849
1989-12-01 00:00:00,2,1.5145,1.312,1.1555,1.1256,1.067,7.2126,1.4112,1.1859,1.0961,1.067,1.067,7.1453,2.9284,4.1546,7.8373,8.958,5.1025,3.4611,2.9795,27.5252,8.6492,5.3191,4.8402,4.1053,3.2421,2.9795,2.9284,3.031,2.8779,4.4885,3.6307
1989-11-01 00:00:00,2,0.955,0.9281,0.9281,1.1256,1.0961,0.9824,0.9281,0.9016,0.8756,0.9281,1.067,14.0962,4.7379,1.81,1.4452,1.2798,1.2798,1.5145,1.7715,1.7334,1.4452,3.3506,3.1886,1.8491,1.4112,1.312,1.2481,2.3095,1.2481,1.81,
1989-10-01 00:00:00,2,1.2798,1.1256,1.067,1.4452,2.445,1.1859,1.0961,1.067,1.0101,1.0101,0.9824,1.7715,1.4796,1.0383,0.9824,1.0383,4.1053,1.5856,1.4452,1.0961,1.067,1.067,1.3446,3.6883,1.3446,1.1555,1.0961,1.0383,1.0383,1.0383,0.9824
1989-09-01 00:00:00,2,1.067,1.067,1.0383,1.0383,1.1859,1.312,1.1256,1.067,1.1555,1.2798,1.1859,1.1859,1.1555,1.6586,1.312,1.1859,1.0961,1.067,1.0383,1.0383,1.0101,1.0101,1.0101,0.9824,0.955,0.955,1.0383,1.3777,1.5856,2.8278,
1989-08-01 00:00:00,2,1.6219,1.2798,1.2168,1.1859,1.1859,1.1859,1.1859,1.1555,1.1555,1.1555,1.1256,1.1256,1.1256,1.0961,1.0961,1.0961,1.067,1.067,1.067,1.067,1.067,1.0383,1.0383,1.0383,1.067,1.2481,1.2168,1.2168,1.1859,1.1555,1.1256
1989-07-01 00:00:00,2,1.312,1.312,1.312,1.312,1.2798,1.2798,1.2798,1.2798,1.2798,1.2798,1.2798,1.2481,1.2481,1.2481,1.2168,1.2168,1.1859,1.1859,1.1859,1.1859,1.1859,1.1859,1.1555,1.1555,1.1555,1.1555,1.1256,1.1256,1.1256,1.6957,2.0099
1989-06-01 00:00:00,2,1.5856,1.5498,1.5498,1.5498,1.5498,1.5498,1.5145,1.4796,1.4796,1.4796,1.5856,2.2215,1.6957,1.5856,1.5145,1.5145,1.4796,1.4796,1.4796,1.4452,1.4452,1.4452,1.4112,1.3777,1.3777,1.3777,1.3777,1.3446,1.3446,1.312,
1989-05-01 00:00:00,2,2.0512,2.3542,2.6806,2.0931,2.0512,2.0099,2.0099,1.969,1.9285,1.9285,1.8886,1.8886,1.8886,1.8491,1.81,1.81,1.7715,1.7715,1.7715,1.7715,1.7715,1.7334,1.7334,1.6957,1.6957,1.6586,1.6219,1.5856,1.5856,1.5856,1.5856
1989-04-01 00:00:00,2,2.7783,2.7783,2.7292,2.6806,2.5849,2.4912,2.4912,3.083,2.5849,2.7292,4.7888,4.4397,3.5737,2.8779,2.7292,2.5849,2.4912,2.3993,2.3993,2.4912,2.3993,2.3095,2.3095,2.2652,2.2215,2.1782,2.1354,2.0931,2.0931,2.0512,
1989-03-01 00:00:00,2,4.2012,4.0442,6.3092,5.713,5.5418,4.1546,3.9235,3.7463,3.7463,4.2955,3.7463,3.9836,4.0442,3.9836,5.2643,4.4885,7.7661,3.9235,3.6883,3.5172,3.4056,3.2961,3.2961,3.2421,3.1886,3.083,3.031,2.9795,2.9795,2.8779,2.8779
1989-02-01 00:00:00,2,3.031,2.9795,5.0492,3.9836,3.4056,3.2961,5.3742,6.8805,9.929,8.8801,4.9964,4.944,4.944,6.559,9.929,6.4959,6.6864,11.608,10.6143,5.8876,5.1025,4.8402,4.6873,4.5377,4.7379,5.5418,4.8919,4.3433,,,
1989-01-01 00:00:00,2,2.6806,3.3506,5.829,3.6307,6.0659,24.2619,10.527,7.2126,6.8154,6.3092,5.3191,6.9461,12.5642,9.1944,7.2803,5.6555,4.6873,4.4885,5.5985,6.3092,13.1627,4.7888,4.2955,4.0442,3.8049,3.6307,3.5172,3.4611,3.2961,3.1886,3.083
1988-12-01 00:00:00,2,1.4796,1.7334,2.6806,2.6325,1.6586,1.4452,1.3777,1.3446,1.312,1.2798,1.3446,1.81,2.3095,21.7186,10.7905,6.6864,3.5172,2.6806,2.5378,2.2652,2.5849,5.9466,2.8779,2.7783,6.2477,12.4662,5.4855,4.0442,3.4056,2.9795,2.7292
1988-11-01 00:00:00,2,2.9795,2.6806,3.031,2.1782,1.8491,1.6957,1.5856,10.1824,6.1867,2.7783,2.2652,1.7715,1.6219,1.6957,2.4912,1.7334,1.5145,1.4796,1.4112,1.4112,1.5856,1.6957,1.7715,4.7888,1.8886,1.5856,1.5145,1.4452,1.3777,1.3777,
1988-10-01 00:00:00,2,1.6219,1.4112,1.312,1.2481,1.5145,1.81,1.4796,1.2168,1.1859,1.1256,1.1256,1.1256,1.7334,1.6957,1.2481,1.1256,1.1256,1.1256,1.1256,2.3542,2.7783,1.4796,2.6806,3.031,1.6957,1.3446,2.0099,2.5378,1.5145,1.4796,1.3446
1988-09-01 00:00:00,2,1.2481,1.2168,1.2168,1.2168,1.1859,1.1859,1.1555,1.1555,1.1256,1.1256,1.1256,1.0961,1.0961,1.067,1.067,1.067,1.067,1.067,1.067,1.0383,1.0383,1.0101,1.0101,1.0101,0.9824,0.9824,0.955,0.955,1.4112,2.1354,
1988-08-01 00:00:00,2,1.5145,1.5145,1.5145,1.5145,1.5145,1.5145,1.5145,1.5145,1.4796,1.4796,1.4452,1.4452,1.4112,1.4112,1.3777,1.3777,1.3777,1.3446,1.3446,1.312,1.312,1.312,1.2798,1.2798,1.2798,1.2481,1.2481,1.2481,1.2481,1.2481,1.2481
1988-07-01 00:00:00,2,1.8886,1.81,1.81,1.81,1.81,1.81,1.7715,1.7715,1.7715,1.7334,1.7334,1.7334,1.7334,1.6957,1.6586,1.6586,1.6586,1.6586,1.6586,1.6586,1.6219,1.6219,1.5856,1.5856,1.5856,1.5498,1.5498,1.5145,1.5145,1.5145,1.5145
1988-06-01 00:00:00,2,2.5378,2.3993,2.3993,2.445,2.5378,2.3993,2.3095,2.3095,2.2652,2.2652,2.2215,2.2215,2.2215,2.1354,2.1354,2.1354,2.0931,2.0931,2.0512,2.0512,2.0512,2.0099,2.0099,1.969,1.969,1.969,1.9285,1.9285,1.8886,1.8886,
1988-05-01 00:00:00,2,3.1886,3.1886,3.1355,3.083,3.031,2.9795,2.8779,2.8779,2.8779,2.8779,2.7783,2.7783,2.7783,2.7783,2.6806,2.9284,2.9284,3.3506,3.083,3.031,2.9795,2.9284,2.6806,2.5849,3.2961,5.4297,4.2482,2.6806,2.4912,3.3506,4.2482
1988-04-01 00:00:00,2,4.2012,4.2012,4.1053,4.1053,4.1053,4.2012,5.21,4.2955,3.9836,3.8639,3.7463,3.6307,3.9836,3.8639,3.7463,4.2012,5.4855,4.3433,6.1261,5.4297,4.1546,4.0442,3.6883,3.5737,3.5172,3.4611,3.4056,3.2961,3.2421,3.1886,
1988-03-01 00:00:00,2,7.1453,8.4975,10.9687,11.331,13.3664,20.8202,11.7013,11.0585,9.8455,8.3477,6.9461,6.4333,6.0061,5.8876,5.7708,5.6555,5.6555,5.5418,5.4855,5.2643,5.0492,4.944,4.7888,4.5872,4.5377,4.4885,4.4397,4.3913,4.3433,4.2955,4.2482
1988-02-01 00:00:00,2,3.1886,4.1053,4.7888,3.6307,3.9235,5.21,7.6954,21.0435,27.8973,34.2348,27.7731,38.3504,15.4091,11.4228,10.6143,16.9221,25.0931,16.9221,12.3688,11.9843,8.6492,7.9089,7.4859,7.2803,6.9461,8.958,8.7257,7.7661,7.2803,,
1988-01-01 00:00:00,2,9.0364,9.5978,4.6873,12.7616,4.2482,4.1546,4.1053,4.9964,15.2967,6.0061,8.8801,16.9221,7.3484,11.1489,5.4297,4.8919,4.5377,4.3433,3.9836,4.0442,3.9235,3.8639,3.8049,3.6307,3.5172,3.4611,3.3506,3.2961,3.2961,3.2961,3.2421
1987-12-01 00:00:00,2,2.0512,1.81,1.7334,4.7888,7.5553,7.3484,3.4056,7.2803,9.0364,4.3913,8.2734,4.3433,9.0364,23.4412,24.4983,12.5642,8.1996,6.4959,4.8402,10.3537,15.4091,7.2126,5.2643,4.637,4.2482,4.0442,4.0442,3.9235,4.8402,4.1546,3.5737
1987-11-01 00:00:00,2,10.527,3.4611,2.0931,1.6219,1.5145,1.5145,1.6586,1.6219,1.5145,1.5145,1.5856,1.5145,1.4452,4.8919,4.3913,2.9795,2.1354,1.7334,1.5856,1.5856,1.5145,1.5145,1.4796,1.4452,3.4611,3.9235,2.8278,2.6325,2.445,2.2652,
1987-10-01 00:00:00,2,1.5145,1.6219,1.7715,1.6586,1.6219,1.5145,1.4452,1.3777,1.3777,1.3777,1.312,1.312,1.2481,1.2481,1.2168,1.2168,1.1859,1.1859,1.1859,1.4112,1.81,1.6586,1.8886,1.5145,2.3095,2.5378,2.7783,7.2803,2.3993,3.5737,16.2119
1987-09-01 00:00:00,2,1.5498,1.5145,1.5145,1.5145,1.5145,1.5145,1.5145,1.5145,1.5856,1.5856,1.5856,1.5856,1.5498,1.5498,1.5145,1.5145,1.4452,1.4452,1.5145,1.5145,1.7334,2.445,2.0512,4.2482,1.8886,1.6219,1.5498,2.3095,1.5145,1.5145,
1987-08-01 00:00:00,2,1.969,1.9285,1.9285,1.8886,1.8886,1.8886,1.8886,1.8491,1.8491,1.8491,1.81,1.81,1.7715,1.7715,1.7334,1.7334,1.7334,1.6957,2.0099,1.8491,1.7715,1.7334,1.7334,1.6957,1.6957,1.6586,1.6219,1.6219,1.5856,1.5856,1.5856
1987-07-01 00:00:00,2,2.5378,2.5378,2.5378,2.4912,2.4912,2.445,2.3993,2.3993,2.3542,2.3993,2.3542,2.3095,2.2652,2.2215,2.2215,2.2215,2.1782,2.1782,2.1354,2.0931,2.0931,2.0931,2.0512,2.0099,2.0099,1.969,1.969,1.969,1.969,1.969,1.969
1987-06-01 00:00:00,2,3.3506,3.2961,3.1886,3.1355,3.083,3.083,3.083,3.031,3.031,3.031,2.9795,2.9795,2.9284,2.8779,2.8278,2.8278,2.7783,2.7783,2.7783,2.7292,2.6806,2.6325,2.6806,2.8779,2.7783,2.6806,2.6325,2.6325,2.6325,2.5849,
1987-05-01 00:00:00,2,4.7888,4.7379,4.6873,4.5872,4.4885,4.3913,4.3913,4.2955,4.2955,4.2012,4.2012,4.1546,4.1053,4.1053,3.9836,4.1053,4.3913,4.1053,4.0442,3.9836,3.8639,3.7463,3.6307,3.8049,3.9235,3.6307,3.5172,3.4611,3.5172,3.4611,3.4056
1987-04-01 00:00:00,2,3.7534,3.8057,3.9115,6.0473,13.8646,26.2849,8.8388,6.9111,14.7785,9.2602,7.6866,6.412,6.0473,5.8087,5.5739,5.4002,5.2834,5.2225,5.0417,5.9873,5.0417,6.6598,4.9228,5.3742,5.4855,5.0492,4.9964,4.8919,4.8402,4.944,
1987-03-01 00:00:00,2,5.5739,5.4579,5.3428,5.2834,5.4579,6.4736,5.3428,4.9228,5.2225,5.9275,5.4002,4.6888,4.5168,4.4038,4.8051,7.9521,7.0381,5.5739,4.8051,4.8638,6.9745,5.9873,4.8051,4.4601,4.3478,4.1817,4.0726,4.0186,3.9115,3.9115,3.8057
1987-02-01 00:00:00,2,6.9111,7.102,8.4935,16.2491,25.8917,14.5733,11.7363,9.4738,9.4024,8.2888,8.8388,7.6866,7.2303,6.9111,6.785,6.7223,17.5566,16.6801,9.2602,8.0861,7.4897,7.0381,6.785,6.412,6.1679,6.0473,5.868,5.7496,,,
1987-01-01 00:00:00,2,35.714,23.21,13.6649,10.6441,9.1895,8.019,7.5551,6.8479,6.412,13.7646,7.5551,6.2286,6.7223,5.6908,5.4002,6.0473,5.9873,5.6908,6.412,6.7223,7.102,7.2949,11.8297,31.1988,10.1256,8.4935,13.3677,10.1991,8.3569,8.5621,7.5551
1986-12-01 00:00:00,2,19.0213,4.4601,9.0486,7.1661,2.0141,1.86,1.7482,2.961,3.4965,2.2972,2.2146,2.3391,1.9364,2.2146,5.0417,6.1075,6.8479,7.4897,2.9144,2.3813,2.2146,4.6888,3.3464,5.2225,33.4968,46.6802,20.4174,12.0176,31.7668,57.4048,34.0822
1986-11-01 00:00:00,2,0.8607,0.8607,0.8084,0.9146,1.1752,1.2687,1.2687,1.0267,0.9699,0.8875,0.9421,7.1661,3.008,1.4319,1.206,1.206,1.206,1.1448,1.0557,0.9981,0.9699,0.9699,0.9699,0.9421,0.9146,0.9699,0.9146,0.9146,0.9146,1.6395,
1986-10-01 00:00:00,2,1.3329,1.2687,1.206,1.1448,1.1448,1.1147,1.085,1.0267,1.0267,1.0267,0.9699,0.9699,0.9699,0.9699,0.9699,0.9699,0.9421,0.9421,0.9146,0.9146,0.9146,1.085,1.206,1.0557,0.9699,0.9146,0.8875,0.8875,0.8875,0.9146,0.9146
1986-09-01 00:00:00,2,1.4656,1.4656,1.4656,1.4319,1.3985,1.3985,1.3985,1.3985,1.3985,1.3655,1.3655,1.3655,1.3329,1.3329,1.3006,1.2687,1.2687,1.2687,1.2687,1.2372,1.206,1.206,1.206,1.1448,1.1448,1.1448,1.1448,1.1448,1.2372,1.6754,
1986-08-01 00:00:00,2,1.7482,1.7482,1.6754,1.6754,1.6754,1.6395,1.604,1.604,1.604,1.604,1.604,1.6395,1.604,1.604,1.6754,1.7116,1.9364,1.7851,1.6754,1.6395,1.604,1.86,1.898,1.898,1.6395,2.2557,1.86,1.604,1.5341,1.5341,1.5341
1986-07-01 00:00:00,2,1.9364,1.898,2.5974,2.5974,2.0933,2.0141,2.0141,1.9751,1.9364,1.9364,1.898,1.86,1.86,1.86,1.8224,1.8224,1.8224,1.8224,1.8224,1.7482,1.7116,1.6754,1.9751,3.3961,2.1738,1.9364,1.8224,1.7851,1.7482,1.7482,1.7116
1986-06-01 00:00:00,2,2.4667,2.4667,2.4667,2.4667,2.4667,2.4667,2.4238,2.3813,2.3813,2.3391,2.3391,2.3391,2.3391,2.2972,2.2972,2.2972,2.2557,2.2146,2.2146,2.1334,2.1334,2.1334,2.0933,2.0535,2.0535,2.0535,2.0141,2.0141,1.9751,1.9751,
1986-05-01 00:00:00,2,3.6496,3.248,3.1993,3.1993,3.103,3.103,3.103,3.103,3.8057,3.8057,3.297,3.1993,3.9115,3.6496,3.151,3.103,3.008,2.9144,3.103,3.0553,2.9144,2.868,2.8221,2.8221,2.7312,2.7312,2.7312,2.6416,2.5974,2.5535,2.4667
1986-04-01 00:00:00,2,6.6598,5.5739,5.2225,5.1016,4.9821,4.7468,4.6888,4.5168,4.5168,4.4038,4.3478,4.2921,4.1817,5.7496,4.3478,4.1817,4.0726,3.9649,3.9115,3.9115,3.7534,3.5982,3.7534,3.5982,3.5982,3.7013,4.127,4.0186,3.9115,3.8057,
1986-03-01 00:00:00,2,6.2286,6.412,7.8189,7.0381,7.6207,13.8646,13.6649,12.3018,9.2602,8.2211,7.4245,7.1661,6.7223,6.412,6.3507,6.0473,5.868,5.868,5.7496,6.4736,5.6908,5.4579,5.2834,5.4002,5.2834,5.2834,5.2225,5.7496,14.1665,9.4024,8.4251
1986-02-01 00:00:00,2,6.0473,5.8087,5.5739,6.1075,5.7496,5.8087,7.3596,7.8189,8.4935,6.785,6.0473,5.9275,5.5157,13.7646,18.7927,16.6801,10.2727,11.6431,10.4949,14.2677,10.4207,8.631,7.9521,7.4245,7.0381,6.785,6.412,6.2895,,,
1986-01-01 00:00:00,2,3.6496,5.4579,3.3464,2.7765,2.7312,10.1991,4.6888,20.773,29.1078,17.8902,13.965,8.9785,22.0992,23.4601,41.7591,33.3512,19.136,12.0176,9.7614,8.8388,10.3466,10.1256,7.4245,6.8479,6.412,6.1679,7.3596,22.4669,18.452,7.4245,6.3507
1985-12-01 00:00:00,2,2.2146,1.6754,1.4997,1.8224,2.4667,1.7482,1.604,1.3985,1.3985,1.3329,1.3329,1.3329,1.3006,1.2372,1.3006,2.2146,3.008,5.7496,1.4656,1.4656,1.9751,7.1661,4.6888,4.3478,4.8051,4.9821,4.9821,26.6807,21.9772,4.7468,5.5157
1985-11-01 00:00:00,2,2.0933,3.8057,5.7496,7.102,5.1016,6.5354,1.7851,1.4997,1.4656,1.3985,1.3655,1.3329,1.3006,1.2687,1.2687,1.206,1.206,1.206,1.1752,1.085,1.085,1.7482,1.5689,2.0933,1.4997,2.961,2.7312,2.868,2.7312,2.961,
1985-10-01 00:00:00,2,1.3985,1.3985,1.9751,1.5341,1.4656,1.3985,1.3985,1.3329,1.3329,1.3329,1.2687,1.2687,1.2687,1.206,1.206,1.1448,1.085,1.085,1.085,1.0267,1.0267,1.0267,1.0267,1.0267,1.2372,1.5689,1.2372,1.1448,1.0557,1.1147,1.9751
1985-09-01 00:00:00,2,1.5341,1.5341,1.4997,1.4997,1.4656,1.4656,1.6754,1.6395,1.5689,1.5341,1.5341,1.4656,1.4656,1.4656,1.3985,1.3985,1.3985,1.3655,1.3655,1.3329,1.3006,1.2687,1.2687,1.4997,1.6395,1.6754,1.4656,1.3985,1.4319,1.4319,
1985-08-01 00:00:00,2,1.898,1.9364,1.898,1.86,1.86,1.8224,1.8224,1.8224,1.8224,1.7851,1.7482,1.7482,1.7116,1.6754,1.6754,1.6754,1.6754,1.6395,1.6395,1.604,1.604,1.604,1.5689,1.5689,1.5689,1.5689,1.5341,1.5341,1.5341,1.5341,1.5341
1985-07-01 00:00:00,2,2.3813,2.3391,2.2972,2.2972,2.2557,2.2146,2.2146,2.2146,2.1738,2.1738,2.1334,2.1334,2.1334,2.0933,2.0933,2.0535,2.0535,2.0535,2.0535,2.0535,2.0535,2.0535,2.0141,1.9751,1.9751,1.9751,1.9751,1.9751,1.9364,1.9364,1.9364
1985-06-01 00:00:00,2,3.008,2.961,3.008,3.008,2.9144,2.9144,2.8221,2.8221,2.8221,2.7765,2.7765,2.7312,2.7312,2.7312,2.6416,2.6416,2.6416,2.5974,2.5535,2.5535,2.5535,2.5099,2.4667,2.4667,2.4667,2.4667,2.4238,2.4238,2.4238,2.3813,
1985-05-01 00:00:00,2,4.4601,4.4038,4.4601,4.3478,4.4038,4.2921,4.127,4.0186,4.0186,3.9115,3.9115,3.8584,3.8057,3.7534,3.5982,3.4965,3.4965,3.4965,3.3961,3.3961,3.3464,3.3464,3.3961,3.297,3.1993,3.1993,3.151,3.151,3.103,3.0553,3.008
1985-04-01 00:00:00,2,7.4245,6.9111,6.9745,6.785,6.5354,6.3507,6.3507,6.2286,6.1679,6.3507,5.9275,5.7496,5.6322,5.5157,5.5157,5.4579,5.4002,5.5739,5.5157,5.5739,5.1619,5.0417,4.9228,4.8051,4.8051,4.7468,4.6888,4.6312,4.5738,4.4601,
1985-03-01 00:00:00,2,6.7223,6.1679,5.8087,5.6322,5.5157,6.9745,37.3783,38.9191,12.9757,10.1256,9.4738,8.4251,8.0861,25.8917,30.7757,41.9194,18.9069,16.6801,14.0656,11.8297,10.9449,10.1256,9.8338,8.9785,8.7693,8.4251,7.8854,12.3018,8.4251,8.019,7.6207
1985-02-01 00:00:00,2,38.2996,16.3564,20.8922,13.1711,11.3656,10.4207,9.8338,9.1895,8.8388,16.464,10.2727,10.4207,7.9521,7.5551,7.2949,6.9745,6.7223,6.2895,6.2286,6.1075,5.9873,5.868,8.4935,8.3569,6.5354,9.6892,9.2602,7.4897,,,
1985-01-01 00:00:00,2,5.4002,5.5739,3.9649,3.7013,3.6496,3.7534,3.7534,3.8057,15.8229,10.5694,6.3507,5.2834,4.9228,4.6312,4.4038,5.1619,5.9275,14.0656,8.9785,17.0066,16.6801,17.3357,12.5887,12.3018,17.0066,40.3285,39.2305,36.4665,31.6244,33.3512,31.7668
1984-12-01 00:00:00,2,17.6675,22.4669,3.1993,4.8638,2.6416,10.719,3.4965,2.6862,5.8087,6.3507,3.4965,3.151,3.4461,6.0473,9.9065,18.452,10.719,8.2211,10.719,4.7468,4.1817,3.5982,3.1993,3.0553,3.0553,2.9144,5.3428,4.2367,4.9821,25.1128,11.1726
1984-11-01 00:00:00,2,1.3985,1.3985,1.3655,1.3329,1.2687,1.2687,1.2687,1.2687,1.206,1.206,1.4319,1.4319,1.3985,1.604,1.3329,1.2687,1.206,1.2372,1.6395,1.6395,1.6754,3.9649,3.8057,1.6754,1.86,1.6395,16.0354,25.8917,3.9115,3.5472,
1984-10-01 00:00:00,2,1.604,1.6754,1.6754,1.6395,1.604,1.5689,1.5341,1.4997,1.4656,1.4656,1.4656,1.604,1.604,1.6754,1.7851,2.0535,1.9751,1.9364,2.8221,3.248,2.0933,1.6754,1.6395,1.5341,2.0141,1.8224,1.5341,1.5341,1.4656,1.3985,1.3985
1984-09-01 00:00:00,2,1.8224,1.8224,1.7482,1.7482,1.6754,1.6754,2.1738,2.7312,4.1817,2.2972,1.9364,1.86,1.7851,1.7482,1.6754,1.6754,1.6754,1.7116,1.6754,1.7482,1.7851,1.9751,1.7851,1.7482,1.6754,1.9364,2.1738,2.1334,1.7851,1.6754,
1984-08-01 00:00:00,2,1.898,1.898,1.898,1.898,1.898,1.898,1.8224,1.8224,1.8224,1.7851,1.7851,1.7482,1.7482,1.7482,1.7482,1.7482,1.7482,1.6754,1.6754,1.7482,1.8224,1.9751,1.8224,1.9751,1.8224,1.9364,1.86,1.8224,1.8224,1.8224,1.8224
1984-07-01 00:00:00,2,2.2972,2.3813,2.2972,2.2972,2.2972,2.2557,2.2557,2.2146,2.2146,2.2146,2.2146,2.2146,2.1334,2.0933,2.0535,2.0535,2.0535,2.0141,2.0141,2.0535,1.9751,1.9751,1.9751,1.9751,1.9751,1.9751,1.9751,1.9751,2.0535,2.0141,1.9751
1984-06-01 00:00:00,2,2.9144,2.9144,2.868,2.8221,2.8221,2.8221,2.8221,2.7312,2.7312,2.7312,2.6416,2.6416,2.6416,2.6416,2.6416,2.5535,2.5535,2.5535,2.5535,2.5535,2.5535,2.5535,2.5535,2.4667,2.3813,2.3813,2.3813,2.2972,2.3813,2.3813,
1984-05-01 00:00:00,2,4.0726,4.127,4.127,3.9649,3.8057,3.6496,3.5982,3.5982,3.5982,3.5982,3.5472,3.4965,3.3961,3.3961,3.3961,3.3961,3.4965,3.5472,4.5168,3.297,3.297,3.297,3.297,3.248,3.1993,3.103,3.103,3.0553,3.008,3.008,2.9144
1984-04-01 00:00:00,2,5.0417,4.9228,4.8051,9.3312,5.3428,5.0417,6.2286,5.1619,4.8638,4.7468,4.6312,4.4601,4.4601,4.4038,4.3478,4.2367,4.2367,4.2921,4.2367,4.127,4.127,4.0726,4.0186,3.9115,3.8057,4.1817,4.0186,3.9115,3.8057,3.9649,
1984-03-01 00:00:00,2,4.4601,4.4038,4.4601,5.9275,4.8638,5.1619,5.1016,4.7468,4.6888,7.2949,4.9228,4.5738,6.2895,16.464,10.2727,6.1075,5.6908,5.5157,5.2834,5.1619,5.4579,6.9745,8.7001,5.4579,5.1619,5.1016,5.0417,4.9228,4.9228,7.7526,5.9275
1984-02-01 00:00:00,2,6.5975,6.5354,6.412,6.2286,6.1679,6.1075,6.2895,6.3507,5.9873,5.8087,5.8087,5.7496,5.6322,5.5739,5.4002,5.4002,5.4002,5.4002,5.2834,5.5739,5.2834,5.0417,4.9228,4.8051,4.8051,5.7496,4.8638,4.6888,4.5168,,
1984-01-01 00:00:00,2,12.7816,11.6431,11.4578,15.7171,11.6431,10.7941,10.1256,13.4665,9.9793,9.9065,9.2602,8.9085,8.7693,8.3569,8.2211,8.1535,7.8189,7.6866,7.4897,7.6866,7.6207,7.6207,8.0861,7.5551,7.6866,10.5694,8.5621,8.8388,8.0861,7.2303,6.9111
1983-12-01 00:00:00,2,6.5354,6.6598,19.7141,9.6892,7.7526,7.2949,19.7141,8.631,20.1818,40.6446,40.1708,20.4174,22.4669,14.4711,19.2511,37.2256,40.0135,35.864,24.8554,24.7271,16.3564,29.1078,24.4715,20.0645,20.5357,18.0019,14.985,24.984,22.7135,14.7785,14.7785
1983-11-01 00:00:00,2,4.9228,5.5157,17.116,7.7526,9.1895,10.9449,6.5354,5.8087,5.6908,5.4579,5.7496,11.2488,16.8975,14.985,10.9449,15.8229,9.6172,8.2211,7.6207,8.019,8.1535,11.0965,9.4738,13.965,16.2491,8.4935,7.6207,7.1661,6.9111,6.6598,
1983-10-01 00:00:00,2,2.868,2.8221,2.8221,2.7765,2.7312,2.7312,2.6416,2.868,2.868,3.151,3.151,3.0553,3.9649,12.7816,9.9793,4.5168,3.9649,3.5472,3.3961,7.8854,3.7013,29.1078,16.2491,11.5503,7.5551,6.6598,5.9275,5.5157,5.4002,5.2225,4.7468
1983-09-01 00:00:00,2,3.008,3.008,2.961,2.961,3.008,3.008,4.3478,4.9228,3.6496,3.1993,3.151,3.103,3.1993,3.3961,3.103,3.3961,5.868,3.3464,4.1817,5.5157,3.4965,3.248,3.151,3.103,3.151,3.151,3.297,2.961,2.868,2.868,
1983-08-01 00:00:00,2,3.9649,3.9115,3.8584,3.8057,3.7534,3.7534,3.7534,3.7534,3.5982,3.5982,3.5472,3.5472,3.5472,3.4965,3.4461,3.3961,3.3961,3.3961,3.3464,3.297,3.297,3.297,3.1993,3.1993,3.1993,3.1993,3.151,3.103,3.103,3.008,3.008
1983-07-01 00:00:00,2,5.2225,5.1619,5.1016,4.9821,4.9228,4.9228,4.8638,4.8051,4.6888,4.6888,4.6888,4.6888,4.5738,4.5168,4.4601,4.3478,4.3478,4.3478,4.4601,5.4579,8.2888,4.8638,4.5738,4.4038,4.2921,4.2367,4.1817,4.127,4.0186,4.0186,4.0186
1983-06-01 00:00:00,2,10.1991,7.2949,8.7693,8.4251,11.1726,7.8189,7.4245,7.0381,6.8479,6.5354,6.4736,6.2895,6.2286,6.2286,6.1679,6.0473,5.9275,5.868,5.868,5.8087,5.6908,5.5739,5.5157,5.5157,5.4579,5.3428,5.2834,5.2834,5.2834,5.2834,
1983-05-01 00:00:00,2,8.0861,8.019,7.8854,7.7526,7.6207,7.4897,7.3596,7.2303,7.2303,7.2303,7.1661,7.102,6.9111,6.8479,6.785,6.7223,6.6598,6.5975,6.4736,6.3507,6.3507,6.2286,6.1679,10.1991,7.2949,6.5354,6.3507,6.2286,8.2211,8.4251,12.5887
1983-04-01 00:00:00,2,9.8338,9.4738,9.3312,9.2602,9.1189,10.1256,10.719,9.1189,9.3312,18.2264,19.482,21.8555,18.114,12.2067,11.6431,13.1711,10.2727,9.8338,9.7614,9.6892,9.6172,9.0486,8.9785,8.9085,11.0965,7.4897,9.6172,8.9785,8.7693,8.3569,
1983-03-01 00:00:00,2,10.8694,14.6757,10.4207,10.2727,12.7816,18.6789,17.7787,23.8372,14.5733,12.0176,11.1726,10.5694,10.1991,9.9065,9.9793,10.9449,12.3018,10.8694,14.4711,12.112,13.3677,18.5653,12.8785,11.6431,10.4207,7.4245,11.3656,19.2511,12.2067,10.719,9.4024
1983-02-01 00:00:00,2,16.1421,19.8306,26.8132,34.6718,43.3735,26.5485,22.2214,22.7135,42.7247,70.0532,56.8525,53.581,46.3449,26.5485,20.5357,17.7787,16.1421,15.1926,14.3693,13.2692,12.8785,12.112,11.4578,11.1726,11.8297,11.0965,10.6441,10.4207,,,
1983-01-01 00:00:00,2,6.5975,6.3507,6.6598,5.5739,5.6908,8.2888,13.5656,15.4015,16.6801,28.4246,27.6139,16.5719,11.3656,12.2067,13.0733,12.112,9.8338,10.1991,10.9449,10.1256,9.9793,8.7001,14.1665,9.1895,10.3466,10.1256,8.1535,7.7526,7.7526,7.4897,8.631
1982-12-01 00:00:00,2,2.0933,2.0535,2.6416,15.7171,3.008,3.1993,7.1661,6.5975,4.2921,4.0726,3.3961,2.6862,2.6416,2.6416,2.5535,17.8902,6.4736,5.8087,4.1817,5.4002,11.9235,8.8388,7.0381,5.9275,5.5157,5.2834,4.8051,4.6888,4.1817,6.5354,22.8372
1982-11-01 00:00:00,2,4.4601,3.297,2.0535,1.9751,1.898,1.86,1.86,2.0535,1.9364,1.7851,1.7482,1.8224,2.0141,1.7851,3.7534,3.297,3.103,2.6416,2.5099,2.6416,2.3813,2.0535,2.0141,2.1738,7.6207,2.6862,4.6312,2.7312,2.9144,2.6416,
1982-10-01 00:00:00,2,1.898,1.898,2.2972,2.4667,2.3391,2.2557,2.5974,2.0535,2.0141,2.2146,2.4667,4.5738,3.297,2.4238,2.2972,2.5974,2.6862,2.9144,2.8221,4.1817,2.2557,2.1334,2.5099,2.1738,2.0535,1.898,1.9364,2.7765,2.5099,2.1334,1.898
1982-09-01 00:00:00,2,2.2557,2.2146,2.2146,2.2146,2.1738,2.1738,2.1334,2.1334,2.1334,2.0933,2.0933,2.0933,2.0535,2.0535,2.0535,2.0141,2.0141,1.9751,1.9751,1.9364,1.9364,1.898,1.898,1.9364,1.9364,1.898,1.898,1.9751,2.0535,2.0141,
1982-08-01 00:00:00,2,3.0553,3.008,3.008,2.9144,2.9144,2.9144,2.8221,2.8221,2.8221,2.8221,2.7312,2.7312,2.7312,2.7312,2.6862,2.6862,2.6416,2.6416,2.5974,2.4667,2.4667,2.4667,2.4667,2.4238,2.4238,2.4238,2.3813,2.3391,2.2972,2.2972,2.2972
1982-07-01 00:00:00,2,3.7534,3.7013,3.7013,3.6496,3.5982,3.5982,3.5472,3.5472,3.4965,3.4965,3.3961,3.3961,3.3961,3.3961,3.3961,3.3961,3.297,3.297,3.4461,3.6496,3.4461,3.248,3.1993,3.1993,3.103,3.103,3.103,3.103,3.103,3.0553,3.0553
1982-06-01 00:00:00,2,5.1619,5.1619,5.0417,5.0417,5.0417,4.9821,4.9228,4.8051,4.8051,4.8051,4.6888,4.6888,4.6312,4.5738,4.4601,4.3478,4.4601,4.3478,4.3478,4.2367,4.2367,4.127,4.127,4.0186,4.0186,4.0186,4.0726,3.9115,3.8057,3.8057,
1982-05-01 00:00:00,2,7.6866,7.6207,7.4897,7.3596,7.2303,7.1661,6.9745,6.8479,6.785,6.7223,6.7223,6.5354,6.4736,6.3507,6.2286,6.2286,6.1679,6.0473,5.9873,5.9275,5.868,5.868,5.868,5.7496,5.8087,5.868,5.6908,5.4579,5.4002,5.4002,5.2834
1982-04-01 00:00:00,2,24.5992,35.1169,15.8229,14.7785,13.8646,12.5887,12.112,11.6431,11.2488,13.6649,10.9449,10.6441,10.3466,10.4949,12.3971,11.7363,10.0524,9.6892,9.5454,9.2602,9.1189,8.8388,8.7001,8.631,8.3569,8.2888,8.1535,8.019,7.8854,7.7526,
1982-03-01 00:00:00,2,8.0861,8.7001,24.5992,32.6269,12.5887,10.3466,9.9065,29.9368,22.8372,33.3512,61.8948,55.7539,26.5485,22.8372,31.3404,25.1128,39.3865,24.4715,17.7787,16.3564,15.1926,19.2511,19.3664,15.8229,17.0066,14.5733,14.5733,16.1421,26.9459,31.3404,19.136
1982-02-01 00:00:00,2,16.464,15.0886,14.0656,13.6649,12.8785,25.501,27.883,14.2677,12.8785,12.112,11.4578,10.9449,10.6441,10.3466,9.9793,9.7614,9.5454,9.2602,9.0486,8.7693,8.5621,8.4251,8.3569,8.3569,9.5454,9.6172,9.2602,8.019,,,
1982-01-01 00:00:00,2,9.7614,19.5979,34.9682,45.8439,57.9591,21.2512,18.452,18.0019,16.3564,17.7787,19.3664,19.5979,41.9194,27.6139,17.5566,28.9706,44.3547,23.7112,16.3564,14.8816,16.1421,13.3677,24.09,41.1207,23.8372,31.7668,32.6269,26.1536,25.7612,19.7141,17.8902
1981-12-01 00:00:00,2,12.5887,19.7141,7.102,7.7526,7.2949,6.2286,6.0473,6.7223,8.0861,24.5992,38.1454,20.8922,14.8816,21.734,17.0066,15.2969,44.8488,48.8114,30.9164,17.7787,13.8646,12.112,10.9449,10.1991,10.1256,9.9793,8.9785,27.7483,29.5211,11.7363,10.2727
1981-11-01 00:00:00,2,2.9144,2.6416,2.5974,3.3961,4.0186,2.868,2.5974,2.4667,2.4238,9.1189,12.3018,9.4024,6.785,27.2123,8.2888,16.2491,14.985,7.102,9.4024,41.1207,26.8132,9.4024,7.5551,6.6598,6.0473,7.1661,5.4579,5.2225,6.1679,11.0206,
1981-10-01 00:00:00,2,1.1147,1.1147,1.7851,1.7851,1.4656,1.3329,4.4038,2.4238,2.1334,1.2687,1.3006,14.2677,20.2995,3.3961,8.4935,11.0965,5.6908,2.868,2.5099,4.1817,3.0553,2.2557,2.1334,2.0535,1.9751,1.9751,6.0473,10.2727,5.1016,3.5982,3.1993
1981-09-01 00:00:00,2,1.4656,1.4319,1.4319,1.4319,1.3985,1.3655,1.3655,1.3329,1.3329,1.3006,1.3006,1.2687,1.2687,1.2372,1.2372,1.206,1.206,1.206,1.1752,1.1448,1.1448,1.1448,1.1448,1.1448,1.1448,1.1448,1.1448,1.1448,1.1448,1.1147,
1981-08-01 00:00:00,2,1.7851,1.7851,1.7482,1.7482,1.7482,1.7116,1.7116,1.7116,1.6754,1.6754,1.6754,1.6395,1.6395,1.6395,1.604,1.604,1.604,2.3813,2.2146,1.7482,1.7116,1.6395,1.604,1.5341,1.5341,1.5341,1.4997,1.4997,1.4997,1.4656,1.4656
1981-07-01 00:00:00,2,2.1738,2.1334,2.1334,2.0535,2.0535,2.0535,2.0141,2.0141,2.0141,1.9751,1.9751,1.9751,1.9751,1.9364,1.9364,1.9364,1.9364,1.898,1.898,1.898,1.898,1.86,1.86,1.86,1.86,1.8224,1.8224,1.8224,1.8224,1.7851,1.7851
1981-06-01 00:00:00,2,2.7312,2.7312,2.6862,2.6862,2.6416,2.6416,4.3478,2.961,2.6416,2.5535,2.5535,2.4667,2.4667,2.4667,2.868,2.6416,2.5974,2.4667,2.4238,2.4238,2.3813,2.3813,2.3813,2.3391,2.3391,2.2972,2.2972,2.2146,2.2146,2.2146,
1981-05-01 00:00:00,2,3.8057,4.3478,5.6908,4.0186,3.7013,3.5982,3.4965,3.3961,3.3464,3.297,3.248,3.1993,3.151,3.151,3.103,3.0553,3.008,3.008,2.961,2.961,2.9144,2.868,2.8221,2.8221,2.7765,2.7765,2.7312,2.7765,3.0553,2.961,2.7312
1981-04-01 00:00:00,2,6.5975,6.412,5.9873,5.6908,5.4579,5.2834,5.1619,4.9821,4.8638,4.8051,4.6888,4.6312,4.5168,4.4038,4.2367,4.5168,5.2834,4.4601,4.3478,4.127,4.0186,3.9115,3.8584,3.9115,3.9649,3.7534,3.6496,3.7534,4.5738,3.8584,
1981-03-01 00:00:00,2,2.868,2.7765,2.7312,2.6862,3.1993,3.5472,3.5982,12.3018,5.4579,3.8584,3.297,3.103,3.008,2.9144,2.8221,5.9275,8.4935,4.2921,5.9873,4.6312,20.1818,10.5694,5.6322,4.8638,4.6312,4.7468,4.5168,17.2257,13.3677,11.6431,8.019
1981-02-01 00:00:00,2,5.1016,4.5168,4.2921,4.1817,4.9821,6.412,4.9228,4.6888,4.0726,4.0186,3.8057,6.412,5.2225,4.3478,3.8584,3.7013,3.5982,3.4965,3.3464,3.297,3.248,3.1993,3.151,3.151,3.103,3.0553,3.008,2.9144,,,
1981-01-01 00:00:00,2,4.0186,3.4461,3.7534,3.3464,4.5738,3.1993,2.868,3.3961,4.9228,6.2286,3.5982,7.102,4.5168,16.1421,13.6649,15.6116,9.1189,8.1535,6.6598,5.868,7.1661,6.9111,13.0733,6.412,6.6598,5.8087,5.3428,5.1016,4.7468,4.5168,4.4038
1980-12-01 00:00:00,2,4.8051,5.2225,3.9649,3.7013,3.103,2.7765,4.2367,4.5738,8.4935,7.4245,3.248,9.4024,11.6431,5.4002,4.1817,3.8057,3.1993,3.008,2.868,2.6862,2.7765,2.6416,2.9144,2.7312,2.7765,3.151,2.6862,4.127,9.6172,8.7693,6.6598
1980-11-01 00:00:00,2,1.3329,1.3329,1.3006,1.3006,1.2687,1.2687,1.3329,1.3985,1.4656,2.1334,5.4002,9.5454,5.868,4.0726,2.3813,2.2972,2.2146,1.9751,1.898,1.9751,5.0417,2.4667,8.019,4.6888,6.4736,4.2367,3.008,2.4667,2.2972,2.4238,
1980-10-01 00:00:00,2,1.9751,1.898,1.898,1.8224,1.8224,1.8224,1.7851,1.7482,1.7482,2.7765,1.9364,1.9364,1.9364,1.898,1.7851,1.7482,1.6754,1.6395,1.604,1.5341,1.5341,1.4997,1.4656,1.4319,1.4997,1.7116,1.5341,1.4319,1.3985,1.3985,1.3655
