DataHora,NivelConsistencia,Vazao01,Vazao02,Vazao03,Vazao04,Vazao05,Vazao06,Vazao07,Vazao08,Vazao09,Vazao10,Vazao11,Vazao12,Vazao13,Vazao14,Vazao15,Vazao16,Vazao17,Vazao18,Vazao19,Vazao20,Vazao21,Vazao22,Vazao23,Vazao24,Vazao25,Vazao26,Vazao27,Vazao28,Vazao29,Vazao30,Vazao31
2023-04-01 00:00:00,2,102.641,100.155,100.155,102.225,102.641,106.84,113.689,111.97,109.821,106.84,105.573,116.205,118.319,115.785,115.364,126.931,123.025,118.319,110.249,109.393,108.113,107.688,110.249,113.268,112.402,110.678,108.539,107.264,106.84,99.3317,
2023-03-01 00:00:00,2,232.917,211.469,195.555,190.882,186.766,184.723,189.334,191.916,196.078,187.279,173.648,168.217,163.341,157.091,147.209,143.055,140.312,134.446,129.563,126.495,124.755,122.164,120.022,117.049,114.107,111.539,108.539,107.264,106.84,105.573,104.732
2023-02-01 00:00:00,2,359.935,316.147,278.94,255.21,245.963,189.849,197.648,205.574,226.781,249.991,269.344,296.065,319.973,327.036,304.158,287.45,286.839,278.94,276.528,272.927,268.749,264.007,260.474,256.96,254.628,254.628,251.726,247.686,,,
2023-01-01 00:00:00,2,253.466,209.855,187.792,264.007,313.607,330.915,425.974,477.505,610.391,634.056,677.073,694.146,695.219,687.725,684.523,663.319,602.239,498.167,430.297,403.219,421.668,434.639,428.854,396.912,387.874,378.237,374.82,373.456,373.456,373.456,372.775
2022-12-01 00:00:00,2,79.6744,104.312,92.8478,88.8874,91.6522,117.049,149.538,183.704,165.772,116.627,99.3317,89.2802,106.84,115.785,110.678,105.995,102.225,97.2861,110.249,140.312,165.284,153.295,146.745,132.217,128.683,129.123,175.141,357.924,427.413,335.464,297.304
2022-11-01 00:00:00,2,47.4084,55.553,78.5521,88.8874,84.6133,72.3168,59.8228,42.6633,34.3301,38.9609,42.0847,39.5215,36.7517,37.299,40.3685,43.8303,50.478,53.6264,47.4084,42.3736,38.9609,36.7517,34.5958,31.2079,28.2093,33.2758,40.3685,40.0854,40.0854,44.124,
2022-10-01 00:00:00,2,42.6633,43.5373,46.2029,53.9456,48.6267,39.5215,38.9609,38.6818,38.4036,38.1262,37.8496,37.5739,37.5739,37.5739,36.2077,32.7537,29.4435,27.7217,28.9472,29.9433,30.9533,33.2758,35.9369,33.2758,29.9433,29.693,29.693,29.693,33.5381,35.9369,38.6818
2022-09-01 00:00:00,2,30.6995,30.4466,30.1945,30.1945,30.1945,30.1945,29.9433,29.693,29.693,29.4435,29.4435,29.195,29.195,28.9472,28.7004,28.2093,27.965,27.7217,27.7217,27.7217,27.7217,27.4792,27.2376,27.965,28.9472,29.4435,29.693,30.6995,35.667,39.803,
2022-08-01 00:00:00,2,37.5739,37.5739,37.299,37.299,37.0249,36.7517,36.7517,36.4793,36.4793,36.2077,35.9369,35.398,34.8624,34.8624,34.5958,34.0653,33.5381,33.2758,33.2758,33.0143,32.7537,32.7537,32.7537,31.9769,31.7197,31.7197,31.4634,31.4634,31.2079,30.9533,30.6995
2022-07-01 00:00:00,2,46.5031,46.2029,45.9035,45.3071,45.0101,44.4186,44.4186,44.124,43.2452,42.9538,42.6633,42.3736,42.0847,41.5094,41.223,40.9373,40.6525,40.3685,39.803,39.5215,39.2408,38.9609,38.6818,38.4036,38.4036,38.1262,38.1262,38.1262,37.8496,37.5739,37.5739
2022-06-01 00:00:00,2,53.6264,54.2655,53.9456,53.9456,53.9456,53.6264,53.6264,54.9077,54.5862,54.2655,53.9456,53.6264,53.6264,53.3081,52.9905,52.6737,52.3577,52.0424,51.728,51.1014,50.478,49.8578,49.5488,49.2407,48.6267,48.016,47.1058,46.804,46.804,46.804,
2022-05-01 00:00:00,2,74.4932,71.5972,68.044,63.8789,58.8259,55.553,53.3081,51.728,51.4143,51.4143,50.7893,50.478,50.478,52.3577,61.4995,68.7487,77.8076,87.3231,83.4627,79.6744,75.5914,70.8806,66.2954,63.1953,59.8228,54.9077,54.2655,53.9456,53.9456,53.6264,53.6264
2022-04-01 00:00:00,2,118.319,117.472,115.785,115.364,114.107,112.835,112.835,112.402,111.108,109.821,108.113,105.995,103.058,97.2861,93.6485,92.4486,91.6522,91.6522,90.8587,90.463,89.6738,89.6738,89.2802,88.8874,88.4952,87.3231,85.7703,83.8455,80.8033,77.4364,
2022-03-01 00:00:00,2,235.165,231.796,207.71,190.882,178.144,172.16,170.677,165.284,141.224,133.999,130.445,130.887,162.857,226.227,223.463,203.448,179.15,169.691,164.312,159.004,153.295,146.745,154.241,159.483,161.408,149.071,141.681,134.446,126.931,122.594,119.595
2022-02-01 00:00:00,2,336.116,381.667,385.11,348.604,344.64,347.28,374.82,399.71,439.727,517.234,573.034,591.097,603.256,600.207,579.032,536.568,516.274,510.53,475.643,441.185,420.237,401.112,362.623,331.563,294.828,264.007,243.673,236.856,,,
2022-01-01 00:00:00,2,273.525,330.267,360.606,392.73,460.322,483.107,543.398,607.329,647.581,694.146,736.426,785.242,770.697,756.254,669.654,602.239,566.066,483.107,441.185,410.983,378.237,360.606,342.008,301.658,279.545,240.823,213.629,188.819,221.262,245.39,297.924
2021-12-01 00:00:00,2,95.2582,104.312,115.785,126.931,137.592,150.005,156.139,163.341,172.655,174.643,166.748,148.604,159.483,169.199,157.091,188.819,193.992,196.6,205.042,204.51,183.704,163.826,130.445,103.893,95.2582,88.1038,85.3839,105.573,150.474,184.213,221.811
2021-11-01 00:00:00,2,84.9982,102.641,98.9212,81.5595,79.6744,97.6939,125.189,150.005,180.158,221.811,243.102,276.528,264.598,151.412,112.835,94.0498,85.3839,81.9387,80.8033,81.9387,94.0498,86.1574,80.8033,78.9255,74.8586,69.8113,74.1287,81.181,86.5453,90.068,
2021-10-01 00:00:00,2,21.4869,21.4869,21.7061,24.6383,43.8303,52.6737,60.8265,70.5234,78.9255,85.3839,89.2802,97.2861,101.809,78.9255,92.0501,89.6738,83.0806,80.8033,84.6133,83.8455,85.3839,93.6485,102.225,108.539,123.025,138.949,130.445,117.472,83.4627,77.8076,74.1287
2021-09-01 00:00:00,2,23.4924,23.4924,23.4924,23.4924,23.4924,23.4924,23.4924,23.4924,23.4924,23.4924,23.4924,23.4924,23.4924,23.4924,23.4924,23.4924,23.4924,23.4924,22.3692,21.4869,21.4869,21.4869,21.4869,21.4869,21.2687,20.4048,20.8349,23.266,21.4869,21.4869,
2021-08-01 00:00:00,2,28.7004,28.7004,28.4544,28.4544,28.2093,27.965,27.7217,27.4792,27.4792,27.2376,27.2376,26.9969,26.9969,26.9969,26.9969,26.757,26.757,26.757,26.5181,26.5181,24.6383,24.4073,23.4924,23.4924,23.4924,23.4924,23.4924,23.4924,23.4924,23.4924,23.4924
2021-07-01 00:00:00,2,34.5958,34.5958,34.3301,34.3301,33.8013,33.8013,33.2758,32.7537,32.235,31.2079,30.6995,30.1945,30.1945,30.1945,29.9433,29.9433,29.9433,29.693,29.693,29.693,29.693,29.4435,29.4435,29.4435,29.4435,29.4435,29.195,29.195,29.195,28.9472,28.9472
2021-06-01 00:00:00,2,38.6818,39.2408,40.0854,40.6525,40.9373,40.9373,40.3685,40.0854,40.0854,39.803,39.5215,39.5215,39.2408,38.9609,38.1262,37.8496,37.5739,37.299,37.0249,36.2077,35.398,35.1297,35.1297,34.8624,34.8624,34.8624,34.5958,34.5958,34.5958,34.5958,
2021-05-01 00:00:00,2,49.8578,49.8578,49.2407,47.7118,46.2029,45.3071,45.3071,45.3071,45.0101,45.0101,44.714,44.4186,44.4186,44.124,44.124,43.8303,43.8303,43.5373,43.2452,43.2452,42.9538,42.6633,42.0847,41.223,40.9373,40.9373,39.803,38.1262,37.5739,37.5739,37.299
2021-04-01 00:00:00,2,71.2386,70.8806,70.5234,70.5234,70.167,69.8113,68.396,67.6928,65.6012,64.2219,63.5367,62.1755,60.8265,58.8259,58.1652,57.8359,57.5075,57.5075,57.1798,55.23,54.2655,53.9456,53.6264,53.3081,52.9905,52.6737,52.3577,52.0424,50.7893,50.1675,
2021-03-01 00:00:00,2,157.027,170.424,146.918,111.036,86.2874,130.267,183.005,241.961,225.12,210.392,192.953,180.663,159.963,143.055,132.662,126.059,111.539,101.809,93.2478,91.2551,90.463,88.4952,81.5595,80.4263,79.6744,78.9255,77.8076,78.1795,79.6744,77.8076,72.6777
2021-02-01 00:00:00,2,49.8922,68.5987,82.5986,87.5337,95.1864,103.137,131.777,127.645,111.736,99.4563,90.0514,96.8183,127.645,140.224,144.539,122.842,112.086,102.464,93.2452,87.2214,90.686,100.121,110.338,114.555,94.2135,85.3582,122.111,131.777,,,
2021-01-01 00:00:00,2,101.792,94.5373,90.686,87.8466,82.2946,79.8814,78.0935,76.912,75.4471,76.912,77.2066,76.618,80.4815,102.127,128.392,150.521,150.924,122.842,114.555,105.854,89.1033,73.7065,65.0164,58.6392,55.566,53.809,50.8584,47.2796,45.4208,43.823,42.4746
2020-12-01 00:00:00,2,44.2768,48.6965,56.0728,59.9424,70.0004,86.5982,101.122,122.111,144.934,154.572,136.354,123.575,109.99,100.121,93.5674,78.0935,66.1091,61.7894,59.1589,56.5818,51.3448,52.0784,58.3801,62.3219,79.2833,103.475,128.018,139.834,131.021,122.111,111.385
2020-11-01 00:00:00,2,29.326,26.9338,26.1697,25.6049,24.9018,24.0624,23.6445,23.923,24.6215,25.6049,24.6215,23.6445,22.5363,33.3903,70.0004,69.1578,63.3933,53.5602,47.5144,44.5045,42.698,40.9265,39.4052,38.335,37.069,34.3941,30.6534,27.2957,24.0624,23.3666,
2020-10-01 00:00:00,2,22.2606,21.711,21.3002,21.3002,21.1636,21.1636,21.0272,20.8908,20.7547,20.6187,20.6187,20.4828,20.4828,20.0761,20.2115,21.1636,21.437,22.3984,23.0893,23.0893,23.0893,23.0893,26.0283,30.0812,27.2957,25.464,25.7459,25.887,26.1697,26.9338,28.7656
2020-09-01 00:00:00,2,25.1826,24.9018,24.6215,24.202,24.0624,23.923,23.7837,23.7837,23.7837,23.7837,23.7837,23.6445,23.6445,23.5055,23.5055,23.5055,23.5055,23.5055,23.5055,23.6445,23.7837,23.7837,23.7837,23.923,24.0624,24.0624,23.7837,23.6445,23.3666,22.8125,
2020-08-01 00:00:00,2,28.9518,28.7656,28.7656,28.5799,28.3947,28.2101,28.0261,27.6598,27.4774,27.4774,27.2957,27.2957,27.1145,27.1145,27.1145,26.7537,26.5946,26.4528,26.0283,26.0283,26.0283,26.0283,26.3112,26.5946,26.5946,26.3112,25.7459,25.464,25.3232,25.1826,25.1826
2020-07-01 00:00:00,2,35.8228,35.8228,35.6171,35.0031,34.7996,34.5966,34.3941,34.1922,33.9909,33.7901,33.5899,33.3903,32.9926,32.5972,32.204,32.204,32.0082,32.0082,31.813,31.6183,31.4242,31.2307,30.8453,30.6534,30.4621,30.2714,30.0812,29.8916,29.7025,29.326,29.1387
2020-06-01 00:00:00,2,47.5144,47.0454,46.5785,46.1138,45.6513,45.1909,44.5045,44.2768,44.0496,44.0496,43.3713,42.9219,42.0296,41.146,40.7075,40.2712,40.0539,39.8371,39.8371,39.6209,38.7614,38.335,38.1226,37.9108,37.9108,37.6995,37.4888,37.2786,36.0291,35.8228,
2020-05-01 00:00:00,2,62.8565,62.3219,62.3219,61.5239,59.6807,59.4195,59.1589,58.8987,57.6062,56.5818,56.327,55.8191,55.566,55.3134,55.0613,54.8098,54.5588,54.3083,52.5702,51.3448,50.8584,49.8922,49.1731,50.1329,55.3134,60.7308,61.5239,54.3083,51.8333,50.3742,48.459
2020-04-01 00:00:00,2,115.265,121.381,118.484,105.172,97.8037,93.2452,91.6418,94.5373,99.7884,102.8,97.4747,93.8902,85.6674,83.8198,87.5337,92.9235,89.1033,88.4739,84.7413,78.3902,76.3245,74.8648,77.2066,78.0935,75.1557,73.7065,71.9849,67.4869,66.3836,64.4733,
2020-03-01 00:00:00,2,612.435,678.136,736.426,684.885,648.35,565.668,482.816,387.365,330.461,291.36,256.763,229.577,206.609,181.684,168.297,153.758,143.75,138.282,137.51,141.395,143.356,140.224,135.586,131.777,118.484,113.141,109.99,104.831,104.492,106.538,109.99
2020-02-01 00:00:00,2,210.654,204.356,243.319,240.523,262.103,299.545,369.105,450.298,421.794,329.44,265,259.796,303.218,351.32,351.32,310.619,309.38,365.122,373.775,344.825,290.444,298.935,280.27,273.178,288.638,353.278,407.138,447.413,518.195,,
2020-01-01 00:00:00,2,70.6155,70.9995,75.6736,102.966,183.932,233.868,189.966,175.032,160.605,146.692,124.672,115.455,113.81,117.109,112.176,110.55,108.533,104.148,101.397,110.55,144.424,164.879,256.923,339.664,421.091,495.233,440.235,357.865,317.467,271.417,249.517
2019-12-01 00:00:00,2,141.273,212.242,136.822,122.552,154.977,154.512,124.247,99.4506,85.8019,101.788,144.877,253.494,324.377,223.488,184.432,150.351,106.531,84.9724,79.662,78.0565,78.8576,84.9724,92.9856,130.255,159.19,161.077,138.151,108.533,92.9856,77.2589,72.1565
2019-11-01 00:00:00,2,44.6428,42.1323,47.8645,42.7543,35.5405,35.83,44.3257,48.5199,52.1899,57.0191,50.1744,44.6428,39.3799,38.1813,37.884,37.884,38.1813,39.3799,45.5996,65.3304,59.1423,54.9279,53.2099,60.2159,105.337,98.1989,77.6573,98.1989,115.868,150.351,
2019-10-01 00:00:00,2,37.884,36.4121,34.3919,33.5407,32.9781,32.4194,32.1416,32.1416,36.998,47.8645,46.2421,46.8883,48.5199,39.6819,35.5405,34.1072,32.4194,31.5888,31.04,30.4952,30.4952,31.5888,34.1072,36.998,35.2519,34.3919,33.8234,33.2589,34.3919,35.2519,39.3799
2019-09-01 00:00:00,2,37.2924,37.2924,36.998,36.7046,36.4121,35.83,35.5405,35.2519,34.6776,34.1072,33.5407,33.2589,33.2589,32.6983,32.4194,31.8647,31.8647,31.5888,31.5888,31.3139,31.04,30.7671,30.7671,32.1416,33.2589,37.2924,48.1917,54.9279,53.5517,41.8227,
2019-08-01 00:00:00,2,46.5647,46.2421,46.2421,45.9204,45.9204,45.9204,46.2421,46.2421,45.9204,45.5996,44.9608,44.3257,43.6943,43.0667,42.4428,41.8227,41.514,41.514,41.2063,40.8996,40.8996,40.5937,40.2889,39.9849,39.3799,39.0788,38.7787,38.4795,38.1813,37.884,37.5877
2019-07-01 00:00:00,2,59.8571,59.4993,58.7862,58.0767,57.7232,57.3707,57.0191,56.3184,55.6214,55.2742,54.9279,54.9279,54.238,53.8944,53.5517,53.5517,52.869,52.1899,51.8518,51.1781,51.1781,50.8426,50.5081,50.5081,50.1744,49.8417,49.179,48.849,47.5382,47.2128,46.8883
2019-06-01 00:00:00,2,80.0655,80.0655,79.662,79.2594,81.6878,77.2589,76.8613,76.4646,74.8861,74.1019,73.3212,72.9321,72.5439,72.5439,72.1565,70.9995,70.9995,70.9995,70.6155,69.4688,67.9518,67.5747,67.1985,66.8232,66.0751,65.3304,62.0228,60.5755,60.2159,60.2159,
2019-05-01 00:00:00,2,120.447,117.109,114.631,115.868,116.281,115.868,114.221,112.583,106.93,103.359,104.94,102.18,100.617,98.6386,96.0125,105.337,120.027,115.868,103.754,106.531,112.176,113.81,102.573,98.6386,95.1436,92.1282,89.9988,87.0523,84.9724,82.5039,80.4698
2019-04-01 00:00:00,2,155.91,154.977,151.733,146.692,143.07,137.708,152.657,186.939,172.592,186.436,184.932,160.132,156.376,155.443,162.499,202.273,237.741,236.632,191.995,162.024,143.521,142.62,142.171,140.378,134.179,128.958,125.525,122.552,122.13,121.708,
2019-03-01 00:00:00,2,306.909,396.8,435.238,485.51,496.736,496.736,461.914,405.753,346.768,309.999,287.436,279.083,265.58,258.645,254.635,262.682,255.778,252.355,250.083,237.741,245.003,286.237,314.347,282.651,244.441,218.639,200.718,187.442,175.032,162.499,157.312
2019-02-01 00:00:00,2,70.2324,69.0882,69.8501,70.2324,73.7112,72.5439,84.9724,137.264,147.148,119.19,91.274,86.2178,87.89,98.1989,100.617,101.007,172.105,352.625,398.172,367.775,370.437,438.09,408.525,300.768,259.796,215.964,217.567,254.635,,,
2019-01-01 00:00:00,2,208.546,173.079,177.978,165.835,143.521,147.604,144.877,136.38,121.708,113.81,106.531,100.227,97.3219,95.5776,93.8464,91.274,87.4707,85.8019,84.5589,82.9133,79.662,78.4567,78.0565,77.2589,75.2794,76.4646,81.2809,79.662,80.4698,74.1019,70.9995
2018-12-01 00:00:00,2,236.632,246.128,283.844,316.217,248.951,213.302,208.02,208.02,210.127,205.4,164.402,149.433,135.498,130.689,126.808,122.552,116.695,109.338,106.132,111.768,107.33,101.788,97.3219,92.5565,100.617,112.583,113.401,129.39,160.605,190.472,214.365
2018-11-01 00:00:00,2,33.5407,32.1416,32.9781,33.5407,32.9781,47.5382,79.2594,136.822,187.946,326.905,342.886,278.49,194.033,135.498,108.533,102.573,101.007,91.274,94.278,232.216,369.105,440.95,448.855,430.974,451.021,562.099,525.902,444.536,339.022,263.84,
2018-10-01 00:00:00,2,25.2678,32.9781,39.3799,35.83,31.8647,32.6983,39.6819,43.0667,40.5937,35.2519,29.9543,24.2713,24.5189,32.1416,34.3919,33.8234,39.6819,46.5647,45.9204,43.38,41.8227,41.2063,36.7046,32.1416,31.04,37.5877,54.9279,60.936,46.8883,37.884,34.9642
2018-09-01 00:00:00,2,25.0171,24.0247,23.2913,23.0489,22.8075,22.5672,22.5672,22.328,21.8526,21.6166,21.3815,21.3815,21.3815,23.0489,25.7723,28.0929,29.1505,29.4175,29.6854,31.3139,29.6854,27.3102,25.5195,25.0171,24.7675,24.5189,24.2713,24.2713,24.0247,24.0247,
2018-08-01 00:00:00,2,25.7723,25.7723,27.5701,30.2243,34.6776,36.7046,34.1072,31.5888,31.3139,31.04,30.4952,30.4952,29.9543,28.8846,27.831,27.0513,26.2808,25.7723,25.5195,27.0513,27.831,27.5701,27.5701,27.3102,27.3102,27.3102,27.0513,27.0513,26.7935,26.2808,26.2808
2018-07-01 00:00:00,2,30.4952,30.4952,30.2243,30.2243,29.9543,29.6854,28.8846,28.8846,28.8846,28.6197,28.6197,28.3558,28.3558,28.3558,28.0929,28.0929,27.831,27.5701,27.5701,27.3102,27.0513,27.0513,26.7935,26.5367,26.5367,26.2808,26.2808,26.0261,25.7723,25.7723,25.7723
2018-06-01 00:00:00,2,38.1813,37.884,37.2924,37.2924,37.5877,38.7787,39.0788,39.0788,39.0788,39.0788,38.7787,38.4795,38.4795,38.1813,37.2924,35.83,34.6776,33.8234,33.5407,33.2589,33.2589,32.9781,32.9781,32.9781,32.9781,32.6983,31.5888,31.04,30.7671,30.4952,
2018-05-01 00:00:00,2,43.6943,43.38,43.38,43.0667,42.4428,42.1323,41.8227,41.514,41.514,41.2063,40.8996,40.8996,39.9849,39.6819,39.6819,39.3799,39.0788,39.0788,39.9849,44.9608,50.5081,53.2099,44.6428,42.1323,40.2889,39.9849,39.6819,39.0788,38.7787,38.4795,38.4795
2018-04-01 00:00:00,2,63.1175,69.8501,73.3212,74.1019,71.3843,68.3298,65.3304,62.7517,61.2974,59.4993,57.7232,56.3184,54.5825,51.5145,48.5199,52.1899,57.3707,52.869,46.5647,44.0095,44.6428,47.8645,49.179,49.5099,47.2128,45.9204,44.6428,44.0095,43.6943,43.6943,
2018-03-01 00:00:00,2,127.237,118.773,112.992,99.0631,90.8481,86.2178,81.2809,152.195,180.449,166.794,155.443,141.273,119.19,93.4156,82.9133,78.0565,74.1019,81.2809,84.1462,80.0655,82.5039,94.278,123.822,118.773,84.5589,82.5039,76.0687,70.6155,66.4487,64.5893,62.3868
2018-02-01 00:00:00,2,84.1462,86.6346,91.274,96.0125,107.73,110.55,102.18,103.359,117.109,108.935,100.617,91.7007,85.8019,81.2809,77.6573,73.3212,71.7699,81.6878,96.4482,117.524,144.877,139.04,110.55,85.3867,82.0954,104.148,100.617,120.447,,,
2018-01-01 00:00:00,2,129.822,135.939,139.04,166.794,262.682,303.218,303.218,309.38,361.156,342.241,252.924,182.934,160.132,141.722,140.378,156.376,152.657,142.171,129.822,110.146,94.7104,89.5754,84.1462,80.4698,87.89,92.5565,97.3219,92.1282,90.423,87.4707,84.5589
2017-12-01 00:00:00,2,76.8613,186.939,371.104,423.905,326.272,219.175,258.645,223.488,193.523,155.91,138.151,124.247,109.742,99.4506,85.8019,81.2809,78.4567,77.6573,75.2794,72.5439,70.9995,70.6155,70.6155,69.8501,68.7086,68.3298,71.3843,74.4936,76.4646,94.278,121.287
2017-11-01 00:00:00,2,50.5081,74.8861,74.4936,55.6214,37.2924,27.5701,26.7935,28.0929,28.8846,29.4175,30.4952,32.1416,31.8647,29.4175,27.5701,25.5195,23.5347,22.328,25.2678,37.884,101.397,185.934,224.029,259.22,203.834,85.3867,86.2178,115.868,98.6386,79.2594,
2017-10-01 00:00:00,2,23.5347,28.3558,34.1072,45.5996,44.3257,33.2589,27.0513,24.5189,24.2713,23.7792,23.2913,21.6166,21.3815,21.1475,20.6828,20.2223,19.9936,19.5395,19.3141,19.3141,19.0897,19.0897,19.0897,19.0897,19.3141,19.5395,19.766,23.5347,30.2243,40.5937,47.2128
2017-09-01 00:00:00,2,23.2913,23.2913,23.2913,23.2913,23.0489,22.8075,22.5672,22.328,21.8526,21.3815,21.3815,21.3815,21.1475,20.9146,20.9146,20.6828,20.452,20.452,20.452,20.2223,20.2223,19.9936,19.766,19.5395,19.5395,19.5395,19.5395,19.5395,19.3141,19.9936,
2017-08-01 00:00:00,2,27.0513,26.7935,26.7935,26.5367,26.2808,26.0261,26.0261,25.7723,25.7723,25.7723,25.7723,25.5195,25.2678,25.0171,25.0171,24.7675,24.7675,24.7675,24.5189,24.5189,24.5189,24.2713,24.2713,24.2713,24.0247,24.0247,23.7792,23.7792,23.5347,23.5347,23.2913
2017-07-01 00:00:00,2,32.6983,32.6983,32.4194,32.1416,31.8647,31.5888,31.3139,31.3139,31.3139,31.04,30.7671,30.4952,30.4952,30.4952,29.6854,29.4175,29.1505,29.1505,29.1505,28.8846,28.6197,28.3558,28.0929,28.0929,27.831,27.5701,27.3102,27.3102,27.3102,27.0513,27.0513
2017-06-01 00:00:00,2,38.4795,37.2924,36.4121,36.1206,35.83,35.5405,35.5405,35.2519,34.6776,34.3919,33.8234,34.1072,36.1206,38.4795,38.7787,37.2924,47.2128,40.5937,37.5877,36.4121,35.83,35.2519,34.9642,34.1072,33.8234,33.8234,33.5407,33.5407,33.5407,33.2589,
2017-05-01 00:00:00,2,39.6819,39.6819,39.3799,38.7787,37.884,37.884,37.2924,36.7046,38.1813,39.3799,39.6819,38.7787,37.884,37.5877,36.998,36.998,37.2924,37.884,38.4795,40.5937,44.0095,51.1781,65.3304,58.0767,48.849,44.9608,43.38,41.2063,40.2889,36.998,36.7046
2017-04-01 00:00:00,2,47.5382,47.2128,46.8883,46.2421,45.5996,44.9608,44.9608,46.2421,48.5199,48.849,46.2421,45.2797,44.3257,43.6943,41.8227,41.2063,40.8996,40.5937,40.5937,39.9849,39.6819,39.6819,39.3799,39.0788,38.7787,38.4795,38.7787,39.6819,38.7787,38.1813,
2017-03-01 00:00:00,2,78.4567,80.0655,83.3234,82.9133,81.2809,78.8576,75.6736,72.1565,69.0882,67.1985,65.3304,61.6596,59.4993,58.431,57.7232,60.5755,65.3304,64.5893,73.3212,91.7007,79.2594,72.9321,66.4487,61.2974,56.6683,53.5517,51.8518,51.1781,53.2099,53.2099,49.8417
2017-02-01 00:00:00,2,64.8107,66.7738,119.638,208.455,199.683,146.692,174.542,159.661,157.781,146.692,134.618,108.533,96.8846,92.5565,85.3867,82.9133,80.4698,74.1019,70.9995,69.8501,69.0882,67.1985,64.5893,62.0228,66.4487,70.6155,73.7112,76.0687,,,
2017-01-01 00:00:00,2,48.7028,44.7746,43.8792,42.6918,43.8792,54.5781,51.7757,46.8802,49.3138,53.6402,60.9258,67.1024,68.7505,70.0757,73.0787,81.231,103.68,101.955,173.943,161.74,131.163,115.129,106.287,96.8382,95.1523,101.525,98.9596,89.7423,78.1478,71.7404,66.4457
2016-12-01 00:00:00,2,53.6402,46.5781,43.5816,44.7746,67.4313,104.547,136.346,89.7423,85.2485,108.475,124.205,114.234,111.12,116.026,176.523,186.969,177.559,153.279,124.205,103.68,92.6422,83.6336,73.4142,71.0735,67.7605,61.2474,56.4653,55.5199,54.2651,53.017,51.7757
2016-11-01 00:00:00,2,24.8225,24.8225,24.8225,26.3989,32.0866,35.4485,37.7321,36.5861,37.7321,38.0199,37.4448,37.4448,38.3081,51.4664,144.971,186.969,156.248,141.596,72.7436,63.5095,57.0977,52.706,51.7757,57.7317,66.118,50.2338,45.9751,43.5816,41.8063,48.0935,
2016-10-01 00:00:00,2,22.7721,23.439,25.3454,29.6175,37.7321,41.8063,39.7571,37.1581,34.3192,31.534,29.6175,26.9293,26.3989,29.8896,36.5861,40.3401,38.3081,37.1581,36.8719,44.1772,50.8492,54.8916,51.1576,50.5413,46.5781,37.7321,35.7321,31.81,42.6918,55.5199,25.0837
2016-09-01 00:00:00,2,27.7295,27.4622,27.4622,27.1954,26.6638,26.3989,26.3989,26.1346,26.1346,25.8709,25.6079,25.3454,25.0837,24.5627,24.5627,24.5627,24.5627,24.3368,24.1114,24.1114,23.8867,23.6626,23.6626,23.439,23.439,23.439,23.439,23.2161,22.9938,22.7721,
2016-08-01 00:00:00,2,31.81,31.81,31.534,31.534,31.2585,30.9836,30.7092,30.7092,30.7092,30.7092,30.4354,30.4354,30.1622,30.1622,29.8896,29.8896,29.6175,29.6175,29.6175,29.8896,30.1622,30.4354,30.7092,30.1622,30.1622,29.6175,29.346,29.346,29.0751,27.9974,27.9974
2016-07-01 00:00:00,2,39.4663,39.176,38.8862,38.5969,38.5969,38.3081,38.0199,37.7321,37.4448,37.1581,37.1581,36.8719,36.8719,36.5861,36.0163,36.0163,35.1654,34.3192,33.4779,33.1986,33.4779,33.4779,33.4779,33.4779,33.1986,33.1986,33.1986,33.1986,32.0866,32.0866,31.81
2016-06-01 00:00:00,2,42.3962,42.3962,61.5694,72.0745,82.8301,81.6298,70.0757,61.8918,55.2055,51.4664,49.0081,48.3979,47.1829,45.9751,45.6743,45.3739,44.4757,43.5816,43.2846,43.2846,43.2846,42.988,42.6918,42.6918,42.3962,42.101,41.2184,40.9251,40.3401,39.7571,
2016-05-01 00:00:00,2,61.8918,61.8918,59.3237,56.7813,54.8916,53.6402,52.706,51.1576,50.8492,50.5413,50.2338,49.62,49.3138,49.3138,49.0081,49.0081,49.0081,49.0081,48.7028,48.7028,48.0935,47.7895,47.1829,46.5781,46.5781,46.2764,45.9751,45.0741,43.8792,42.988,42.988
2016-04-01 00:00:00,2,89.3306,87.2815,84.0364,81.6298,79.2468,77.4674,76.1107,74.0862,72.7436,71.0735,70.0757,67.1024,64.8107,63.8342,61.8918,61.8918,61.2474,61.2474,61.2474,61.2474,60.6046,60.6046,60.6046,59.6434,59.6434,59.6434,59.0045,59.0045,61.8918,60.9258,
2016-03-01 00:00:00,2,123.746,119.638,111.563,103.248,108.914,122.829,134.926,115.129,107.598,104.113,186.441,314.977,298.168,214.5,183.814,142.557,127.437,117.827,111.563,101.955,95.1523,92.226,89.3306,87.2815,84.4398,98.5341,153.279,133.04,115.577,108.914,104.981
2016-02-01 00:00:00,2,237.538,209.55,180.156,164.763,160.236,146.426,136.82,130.228,124.205,116.026,113.341,109.354,104.981,103.248,100.668,95.994,91.3956,88.9195,98.5341,104.981,101.525,97.2613,119.638,115.577,108.914,103.68,95.994,92.6422,91.8105,,
2016-01-01 00:00:00,2,122.829,120.092,125.126,134.926,125.126,106.723,122.829,104.547,134.926,130.695,150.329,164.763,145.94,178.596,260.172,333.374,413.813,470.836,440.96,398.757,450.137,465.811,401.48,351.466,272.045,241.549,231.846,235.825,240.975,238.681,238.109
2015-12-01 00:00:00,2,84.4398,73.0787,91.3956,112.896,108.036,115.129,119.638,131.163,270.253,180.156,107.16,123.287,196.54,306.845,246.161,166.789,121.458,108.914,99.3857,95.1523,93.8944,92.6422,83.6336,73.75,70.4079,64.8107,59.6434,73.0787,104.981,128.83,125.587
2015-11-01 00:00:00,2,28.8048,31.2585,34.0382,34.3192,33.7578,30.1622,28.8048,30.4354,30.1622,38.8862,42.6918,36.5861,31.81,32.0866,33.4779,41.8063,59.3237,81.6298,85.2485,72.7436,65.1369,60.9258,54.8916,61.2474,66.7738,68.0901,55.2055,63.1852,71.0735,81.6298,
2015-10-01 00:00:00,2,32.0866,32.6415,31.534,30.4354,30.1622,29.8896,29.6175,29.346,29.0751,28.8048,27.7295,26.9293,26.6638,26.3989,26.1346,25.3454,24.8225,24.5627,24.3368,24.3368,24.1114,24.1114,24.5627,25.0837,25.6079,25.6079,24.8225,24.5627,26.6638,30.7092,29.346
2015-09-01 00:00:00,2,30.7092,30.4354,30.1622,30.1622,30.1622,29.8896,29.8896,29.8896,163.249,107.16,75.7724,67.7605,73.0787,59.6434,51.7757,45.9751,39.176,36.5861,35.7321,35.7321,35.4485,34.6007,33.7578,33.1986,32.9198,32.6415,32.0866,32.0866,31.81,31.81,
2015-08-01 00:00:00,2,39.7571,38.8862,38.3081,37.7321,36.8719,36.5861,36.5861,36.3009,36.0163,35.4485,35.1654,35.1654,34.6007,34.6007,34.3192,34.0382,33.4779,33.1986,33.1986,32.9198,32.6415,32.3638,32.3638,31.81,31.81,31.2585,31.2585,30.9836,30.9836,30.9836,30.9836
2015-07-01 00:00:00,2,49.9267,49.62,49.3138,49.0081,48.7028,48.3979,48.0935,47.486,47.1829,46.8802,45.9751,45.3739,45.3739,45.0741,45.0741,44.1772,43.8792,43.5816,42.988,42.6918,42.3962,42.101,41.8063,41.5121,41.2184,40.9251,40.6324,40.6324,40.3401,40.0483,39.7571
2015-06-01 00:00:00,2,64.8107,66.7738,69.4124,71.4068,70.0757,67.7605,65.1369,63.1852,61.8918,61.2474,59.9634,58.3673,57.0977,56.1498,55.8346,55.5199,55.5199,55.2055,54.8916,54.5781,53.9524,53.6402,53.3284,52.706,52.0854,51.4664,50.8492,50.2338,50.2338,49.9267,
2015-05-01 00:00:00,2,94.3131,92.6422,87.69,84.4398,85.6538,100.668,130.695,128.83,123.746,120.092,117.376,113.341,106.723,97.2613,93.8944,88.9195,84.4398,77.8074,76.1107,74.7596,74.0862,73.0787,72.0745,71.4068,71.0735,70.4079,69.0813,67.1024,66.118,65.4636,64.8107
2015-04-01 00:00:00,2,191.734,182.243,177.041,172.915,153.772,154.761,174.974,156.248,135.399,117.827,110.236,105.415,100.668,96.8382,93.8944,94.3131,92.6422,91.3956,90.5677,90.5677,101.096,126.51,174.974,151.801,145.455,114.234,87.2815,85.2485,84.8438,84.4398,
2015-03-01 00:00:00,2,80.4242,75.8928,71.4818,67.5173,66.8666,72.1525,72.1525,78.6672,113.802,210.593,277.893,312.407,297.481,196.564,182.977,185.555,170.831,168.844,174.334,178.378,171.829,287.295,328.336,330.815,275.642,236.395,213.397,196.004,191.203,190.141,199.766
2015-02-01 00:00:00,2,47.1017,42.5354,40.4333,56.9072,75.2064,98.9626,192.862,213.342,177.363,219.446,241.719,192.862,158.104,111.742,89.4742,102.88,109.291,117.975,130.902,223.371,189.715,138.952,102.88,87.629,80.0714,82.1989,93.9741,90.2171,,,
2015-01-01 00:00:00,2,65.5738,64.6118,62.7073,58.061,64.6118,59.8994,56.9072,54.6196,51.2391,51.2391,47.1017,43.5979,42.8003,41.218,39.6529,38.1052,36.0693,36.5753,35.5653,34.5635,34.3143,33.8176,34.8132,39.3937,59.2834,68.8273,65.8959,56.9072,59.8994,52.0785,50.6818
2014-12-01 00:00:00,2,206.468,261.678,183.129,107.862,81.0756,74.9268,127.211,139.427,89.2531,69.6478,83.1742,120.461,117.561,96.6544,71.9357,64.5695,59.6358,56.2215,63.1068,70.6242,78.6581,103.545,121.295,150.764,155.412,97.7878,80.0354,70.298,62.2338,58.4913,60.7866
2014-11-01 00:00:00,2,28.3303,24.69,24.0236,32.8331,30.9141,25.5866,24.4673,36.2693,31.3907,29.9671,32.5914,28.0986,26.4923,25.8122,26.7201,25.8122,24.4673,23.8026,23.5822,22.7065,21.8404,20.984,20.7714,20.1374,56.7866,106.283,171.206,235.02,242.995,276.712,
2014-10-01 00:00:00,2,16.0592,16.0592,16.0592,16.0592,16.0592,16.0592,16.0592,15.0818,14.8885,14.8885,14.8885,14.5039,14.3127,14.3127,13.9325,13.7435,13.7435,13.1809,14.1222,18.0654,19.0934,19.7179,18.2697,20.1374,21.1971,20.5594,26.4923,27.8675,25.1372,24.0236,23.3624
2014-09-01 00:00:00,2,20.5594,20.5594,20.5594,20.5594,21.1971,21.1971,21.1971,20.5594,20.5594,19.9273,19.9273,19.3009,19.3009,18.6802,18.0654,17.4565,17.2548,17.2548,17.2548,17.2548,17.2548,17.2548,16.8536,16.6539,16.6539,16.6539,16.6539,16.6539,16.2567,16.0592,
2014-08-01 00:00:00,2,28.5625,27.6369,27.1774,26.7201,26.4923,26.265,26.265,26.0383,25.8122,25.5866,25.5866,25.3616,25.3616,25.1372,25.3616,24.69,23.3624,23.1432,23.1432,23.1432,23.1432,23.1432,23.1432,23.1432,22.7065,21.8404,21.1971,21.1971,21.1971,21.1971,21.1971
2014-07-01 00:00:00,2,28.3303,28.3303,28.0986,28.0986,27.8675,27.4069,27.4069,27.1774,27.1774,27.1774,27.1774,27.1774,27.4069,27.8675,27.4069,27.1774,27.1774,27.1774,26.9485,26.7201,26.4923,26.4923,26.4923,26.7201,26.9485,29.7317,32.8331,35.7724,36.2693,33.8049,32.3503
2014-06-01 00:00:00,2,34.2938,33.5612,33.0753,33.0753,32.8331,32.5914,32.1096,31.6298,31.3907,31.3907,30.9141,30.6766,30.4395,30.2031,30.2031,30.2031,29.9671,29.7317,29.4968,29.4968,29.4968,29.4968,29.2624,29.2624,29.2624,29.0286,29.0286,28.7953,28.3303,28.3303,
2014-05-01 00:00:00,2,43.425,41.8609,40.5701,39.5458,39.0365,38.529,38.276,37.7715,37.5199,37.2688,37.0182,36.5184,36.2693,35.7724,35.2776,35.0309,34.539,34.539,34.539,34.539,34.539,34.539,34.539,34.539,34.539,34.539,34.7847,35.5248,34.7847,34.2938,33.8049
2014-04-01 00:00:00,2,39.8012,45.2703,53.1429,57.6371,56.5038,53.699,47.9442,43.6873,41.8609,40.8273,40.057,39.2909,47.1374,45.8016,43.95,62.2338,60.7866,57.0697,55.9396,49.5693,46.6018,45.8016,44.4768,46.3346,65.1573,64.2762,58.7768,51.7601,46.8694,44.7409,
2014-03-01 00:00:00,2,37.2688,36.2693,39.0365,41.085,43.1632,47.4059,46.8694,46.0679,59.9229,49.5693,47.9442,45.0054,42.9018,41.085,40.3133,39.2909,38.7825,38.276,38.0235,38.529,39.5458,43.95,46.3346,46.8694,45.5357,43.95,42.6409,40.3133,39.2909,39.5458,39.5458
2014-02-01 00:00:00,2,51.7601,50.3877,49.2974,47.9442,46.6018,44.4768,43.425,42.3804,42.1204,42.1204,42.1204,41.3432,41.085,41.085,40.8273,40.5701,46.0679,43.425,61.3643,52.312,46.0679,44.2132,43.1632,41.8609,41.085,40.5701,39.8012,38.529,,,
2014-01-01 00:00:00,2,99.3084,107.862,94.7789,81.7724,72.2653,68.417,65.7466,65.4517,62.5244,60.4983,59.6358,59.6358,59.3491,57.0697,55.9396,55.377,54.816,59.0628,67.8209,71.6068,71.6068,74.9268,76.2741,73.2582,68.417,66.0418,64.5695,61.9436,59.9229,57.0697,53.4207
2013-12-01 00:00:00,2,208.605,189.74,218.342,259.9,191.796,145.726,149.382,136.325,123.815,111.857,124.237,142.111,194.898,162.982,134.129,107.467,125.084,143.462,117.973,95.5271,89.6168,89.9811,124.237,124.237,121.295,122.552,117.973,111.454,100.84,87.0853,85.6536
2013-11-01 00:00:00,2,38.276,46.0679,36.0206,36.2693,36.0206,36.0206,36.0206,35.7724,35.5248,55.0963,52.5885,46.0679,44.4768,49.2974,44.7409,40.8273,39.2909,38.276,38.0235,38.276,38.7825,37.2688,36.0206,76.6126,131.949,200.645,336.649,313.706,249.927,223.839,
2013-10-01 00:00:00,2,41.6018,49.5693,53.1429,52.8655,46.8694,43.425,41.085,40.3133,37.7715,38.7825,41.8609,41.085,39.5458,37.5199,36.0206,35.5248,36.0206,66.0418,104.715,86.0105,67.8209,58.7768,50.6613,47.6748,45.8016,44.4768,41.8609,36.7681,36.0206,35.5248,36.2693
2013-09-01 00:00:00,2,36.2693,36.0206,36.0206,35.7724,35.5248,36.2693,36.5184,36.7681,36.7681,36.7681,36.0206,35.5248,35.2776,35.0309,35.0309,34.539,34.0491,34.0491,45.5357,43.6873,41.6018,40.8273,39.0365,38.0235,38.529,38.7825,36.7681,36.5184,36.2693,36.2693,
2013-08-01 00:00:00,2,44.7409,44.2132,43.6873,43.1632,42.9018,42.9018,42.6409,42.1204,41.6018,41.085,41.085,40.8273,40.8273,40.3133,40.057,39.8012,39.5458,39.2909,39.0365,38.529,41.6018,41.6018,39.8012,39.2909,38.7825,38.276,37.5199,37.0182,37.0182,36.7681,36.5184
2013-07-01 00:00:00,2,55.9396,55.6581,55.6581,56.2215,55.9396,54.2567,53.9776,53.4207,52.8655,52.0358,50.6613,50.3877,50.1145,49.8417,49.2974,49.0259,48.4842,47.9442,47.4059,47.4059,47.4059,47.4059,47.4059,47.4059,47.4059,47.1374,47.1374,45.5357,45.2703,45.2703,44.7409
2013-06-01 00:00:00,2,115.918,107.862,102.382,94.7789,86.7263,82.4719,75.9362,72.5956,69.9725,65.1573,67.8209,67.8209,65.4517,63.9833,63.1068,63.1068,62.8154,63.1068,62.8154,61.9436,61.9436,59.6358,56.5038,57.0697,57.6371,57.6371,57.0697,56.7866,56.5038,56.5038,
2013-05-01 00:00:00,2,79.6901,79.0014,77.9735,76.6126,75.2626,73.9236,72.2653,70.298,69.6478,68.7155,67.5235,66.6333,66.6333,66.0418,65.7466,65.4517,64.8632,64.2762,63.6908,63.1068,62.5244,61.9436,61.3643,60.7866,60.7866,60.7866,60.7866,61.0752,76.6126,101.224,147.092
2013-04-01 00:00:00,2,103.545,103.157,102.769,115.918,128.925,133.692,137.208,139.427,143.011,142.56,123.393,115.1,117.561,141.662,150.764,132.819,117.149,108.656,103.157,99.3084,95.1526,93.2905,90.3461,87.8052,87.0853,85.2973,83.1742,82.4719,81.7724,80.7282,
2013-03-01 00:00:00,2,103.934,110.652,177.619,258.717,215.617,189.228,118.386,165.382,132.819,122.552,120.045,122.133,140.319,174.646,138.982,117.149,109.054,103.545,100.073,98.5468,98.167,114.693,129.355,140.766,141.662,129.786,131.515,163.94,160.124,109.452,102.769
2013-02-01 00:00:00,2,441.761,431.262,372.095,318.235,309.847,291.505,285.916,290.881,290.881,241.276,207.535,194.38,163.94,143.011,131.082,121.295,115.1,110.251,108.259,105.497,100.84,96.278,97.4094,98.5468,99.3084,91.0782,90.7118,94.4058,,,
2013-01-01 00:00:00,2,50.9354,47.4059,44.7409,42.3804,41.3432,48.4842,40.8273,42.6409,50.6613,57.9215,65.1573,191.281,205.936,161.55,153.08,162.505,190.253,187.185,164.901,140.319,118.8,116.738,116.327,106.283,66.0418,59.3491,104.324,98.167,66.6333,60.2104,210.751
2012-12-01 00:00:00,2,51.7601,47.1374,43.6873,74.9268,91.8129,63.9833,50.6613,49.2974,47.1374,49.8417,56.7866,66.0418,70.298,80.0354,86.0105,85.6536,83.1742,83.1742,77.9735,71.2786,67.5235,72.5956,80.0354,74.9268,62.5244,53.699,48.7548,46.6018,47.1374,49.0259,51.2098
2012-11-01 00:00:00,2,29.801,29.801,29.801,31.0903,39.5722,46.3288,39.0906,36.2561,35.3324,36.0242,68.7654,65.1058,62.7155,72.198,122.236,101.609,80.3814,65.7466,56.2215,47.4059,47.1374,52.5885,45.8016,48.2139,53.4207,59.3491,103.545,81.0756,66.6333,60.2104,
2012-10-01 00:00:00,2,34.8746,34.6466,34.1928,33.7415,33.0697,32.6252,32.4039,31.9634,31.7441,31.5255,31.5255,31.0903,32.1833,33.0697,33.7415,33.293,31.7441,31.3076,31.0903,32.8471,32.4039,31.9634,31.5255,31.3076,33.9668,36.2561,35.5624,33.0697,31.3076,30.4426,30.0142
2012-09-01 00:00:00,2,36.7219,36.4887,36.4887,36.2561,35.793,35.5624,35.3324,35.1032,34.8746,34.6466,34.6466,34.4194,34.4194,34.4194,34.4194,33.9668,33.7415,33.7415,33.5169,33.293,33.293,34.4194,35.1032,35.1032,34.6466,39.331,57.4833,47.1086,39.8139,36.2561,
2012-08-01 00:00:00,2,44.024,44.024,43.7712,43.519,43.2674,43.0165,42.7663,42.7663,42.2677,42.0194,42.0194,41.7717,41.2784,40.7876,40.7876,40.5432,40.2995,40.0564,39.5722,39.5722,39.0906,38.8507,38.8507,38.6116,38.3731,38.1352,37.898,37.6615,37.4256,37.1904,36.9558
2012-07-01 00:00:00,2,57.4833,56.3482,55.2231,54.6644,54.6644,54.386,53.831,53.2786,52.7287,51.9086,51.6365,51.0943,50.8241,50.2856,49.7497,49.4827,48.6856,50.5545,52.4547,50.8241,49.2164,48.9507,48.6856,47.8942,47.6317,47.1086,46.5881,46.3288,45.5547,45.0419,44.2775
2012-06-01 00:00:00,2,67.5356,61.2418,61.2418,61.2418,61.2418,90.814,107.509,110.159,104.888,96.4788,82.6037,71.8829,68.7654,64.5045,63.3094,62.1242,60.949,59.7837,60.3651,60.0741,63.0121,69.6942,78.3013,80.2743,73.7828,69.384,60.949,60.0741,58.6285,57.4833,
2012-05-01 00:00:00,2,79.6142,78.3013,75.0616,72.198,70.005,69.0744,68.457,67.8422,67.5356,67.2297,66.6198,66.6198,66.6198,64.2048,64.8048,67.5356,68.457,63.9057,63.3094,63.0121,62.7155,63.0121,60.949,60.3651,59.2049,62.1242,67.8422,85.302,79.2851,73.147,69.6942
2012-04-01 00:00:00,2,112.069,116.713,112.069,109.019,96.4788,94.3366,93.9817,104.888,108.263,98.2802,93.2736,88.3836,85.302,85.642,82.2691,79.6142,79.2851,80.9368,81.9351,80.6053,78.6287,77.9746,77.9746,77.9746,76.6739,75.3828,73.7828,72.5137,82.6037,80.6053,
2012-03-01 00:00:00,2,109.019,103.403,99.732,99.0049,97.1976,95.405,94.3366,93.6273,93.2736,91.8645,90.814,89.7688,94.6922,104.888,105.634,112.452,134.869,153.742,150.666,120.647,107.509,97.5579,94.6922,93.2736,91.8645,139.062,104.516,105.634,102.664,107.885,106.382
2012-02-01 00:00:00,2,242.391,224.852,222.101,209.592,175.604,175.604,176.755,174.84,162.229,149.792,167.235,186.568,210.029,227.165,218.922,175.987,158.631,144.168,137.798,134.038,131.557,127.873,126.251,131.145,129.505,127.061,124.638,118.279,109.398,,
2012-01-01 00:00:00,2,311.076,400.486,588.441,643.982,655.314,596.957,484.234,458.557,495.561,579.971,811.989,970.664,898.517,791.552,680.761,548.917,577.56,508.133,455.247,435.574,443.186,382.329,358.871,313.434,294.376,269.278,256.331,248.79,262.486,280.528,260.937
2011-12-01 00:00:00,2,91.5137,156.845,125.847,140.755,129.914,100.462,86.6656,106.757,118.279,124.237,155.512,138.64,145.458,140.331,134.038,151.981,236.594,217.122,222.558,212.227,186.168,172.562,161.777,113.607,101.927,106.382,104.888,163.134,176.371,172.562,236.594
2011-11-01 00:00:00,2,44.5317,42.2677,41.0327,39.5722,38.3731,37.4256,37.1904,35.1032,34.6466,36.0242,34.8746,33.9668,29.801,27.9127,41.2784,56.9145,53.5545,51.6365,43.0165,39.5722,38.8507,38.1352,36.4887,41.7717,43.0165,43.0165,42.7663,44.7865,44.5317,42.0194,
2011-10-01 00:00:00,2,33.9668,33.7415,33.5169,33.5169,34.1928,33.7415,34.8746,34.4194,34.4194,33.9668,36.2561,41.0327,45.5547,46.3288,43.2674,46.3288,49.7497,55.5035,53.0033,44.7865,40.7876,39.5722,38.6116,37.6615,43.519,45.5547,46.3288,46.848,47.8942,49.2164,47.1086
2011-09-01 00:00:00,2,40.2995,40.0564,39.8139,39.0906,38.6116,38.1352,38.1352,37.898,37.4256,37.1904,36.9558,36.7219,36.4887,36.2561,44.7865,44.5317,42.7663,41.5247,39.8139,38.6116,37.1904,36.2561,35.793,35.5624,35.3324,35.1032,34.8746,34.6466,34.4194,34.1928,
2011-08-01 00:00:00,2,49.4827,48.9507,48.9507,48.6856,48.1574,47.8942,47.6317,47.3698,47.1086,46.848,46.3288,45.8121,44.7865,44.5317,44.2775,44.2775,43.7712,43.519,43.2674,42.7663,42.7663,42.5167,42.0194,41.7717,41.5247,41.2784,41.2784,41.0327,40.5432,40.2995,40.2995
2011-07-01 00:00:00,2,62.4195,61.8294,61.5353,61.2418,60.6567,60.0741,60.0741,60.0741,60.0741,60.0741,60.0741,59.7837,59.2049,58.3413,57.4833,55.7844,55.2231,54.6644,54.386,54.1082,53.831,53.2786,52.7287,52.4547,52.1813,51.6365,51.0943,50.5545,50.0174,49.7497,49.4827
2011-06-01 00:00:00,2,82.9389,81.9351,80.9368,80.2743,79.6142,78.9566,78.3013,78.6287,80.6053,80.6053,84.2856,83.948,79.944,75.7047,74.421,73.147,71.8829,73.147,71.8829,70.9412,70.3165,69.6942,69.0744,68.457,67.5356,66.6198,66.0123,65.4073,65.1058,64.8048,
2011-05-01 00:00:00,2,129.505,125.444,125.041,124.237,119.46,117.887,115.544,113.607,110.539,108.263,107.132,105.634,102.295,101.193,99.732,99.0049,98.6423,97.5579,96.4788,95.0483,93.6273,92.2159,91.5137,90.814,89.7688,88.3836,87.008,85.642,85.302,84.6238,84.9626
2011-04-01 00:00:00,2,232.316,225.775,276.74,291.566,293.25,289.333,265.083,229.964,217.122,237.073,233.735,225.314,200.563,226.701,229.028,175.604,166.32,157.737,151.981,144.598,141.18,139.062,134.453,131.557,130.734,130.734,133.623,139.484,138.64,135.286,
2011-03-01 00:00:00,2,183.385,162.229,147.618,213.997,253.799,352.372,500.119,587.228,655.314,698.789,715.688,683.326,654.051,635.219,650.268,599.399,560.785,569.149,543.018,510.432,480.855,416.349,372.139,345.325,316.996,292.688,257.859,257.859,249.786,238.034,240.447
2011-02-01 00:00:00,2,144.598,129.096,125.847,123.835,120.647,116.713,111.686,99.0049,96.8379,96.8379,91.1635,89.7688,93.9817,98.6423,103.403,103.773,109.398,104.516,97.9187,92.5678,89.075,84.9626,84.9626,89.075,110.159,121.44,133.623,143.74,,,
2011-01-01 00:00:00,2,176.371,195.122,196.368,234.685,365.46,533.631,534.801,587.228,631.477,579.971,520.823,437.744,380.958,349.797,362.154,364.135,334.643,312.843,304.66,293.25,277.818,247.303,211.786,187.371,151.104,161.326,156.4,148.052,132.381,128.28,125.847
2010-12-01 00:00:00,2,85.642,220.734,182.595,172.562,164.496,161.326,123.435,104.144,132.381,90.814,78.6287,68.1493,63.9057,66.9245,79.6142,157.737,148.052,120.251,103.773,80.9368,74.421,66.6198,62.4195,128.688,113.607,107.885,108.263,105.634,122.635,133.623,126.251
2010-11-01 00:00:00,2,35.5624,72.5137,69.6942,56.3482,50.0174,46.3288,64.8048,82.6037,69.384,56.066,57.7687,59.7837,60.949,68.457,69.0744,112.837,182.595,223.473,149.356,96.1203,77.6485,104.144,99.0049,107.885,98.6423,86.3238,71.5684,61.2418,57.4833,57.4833,
2010-10-01 00:00:00,2,47.6317,42.5167,50.5545,55.7844,46.0701,55.2231,80.6053,66.0123,48.9507,44.024,50.2856,43.2674,39.0906,36.9558,35.5624,36.9558,38.6116,40.2995,36.7219,39.331,37.4256,35.793,34.4194,33.9668,33.293,33.0697,35.5624,43.519,39.8139,36.4887,34.6466
2010-09-01 00:00:00,2,30.4426,30.2281,30.0142,29.801,29.801,29.801,29.5885,29.801,30.4426,31.0903,30.8738,30.4426,30.2281,29.5885,29.1655,28.955,28.7452,28.536,28.3276,28.1198,27.7063,27.5005,27.5005,27.2955,27.2955,27.5005,27.5005,29.801,32.6252,45.8121,
2010-08-01 00:00:00,2,35.5624,35.5624,35.3324,34.8746,34.4194,34.1928,33.9668,33.7415,33.293,33.0697,32.8471,32.8471,32.8471,32.6252,32.6252,32.6252,32.4039,32.4039,32.4039,31.9634,31.9634,31.9634,31.9634,31.9634,31.7441,31.7441,31.3076,31.0903,30.8738,30.6579,30.4426
2010-07-01 00:00:00,2,41.0327,40.7876,40.5432,40.2995,40.2995,40.0564,39.8139,39.5722,39.5722,39.5722,39.331,39.0906,39.0906,39.0906,39.0906,39.8139,39.8139,39.331,38.6116,38.1352,37.898,37.898,37.6615,37.1904,36.9558,36.4887,36.4887,36.2561,36.0242,35.793,35.793
2010-06-01 00:00:00,2,50.0174,49.7497,49.2164,48.9507,49.2164,49.2164,49.2164,48.6856,48.1574,47.6317,47.3698,47.1086,46.5881,46.0701,45.5547,45.0419,45.0419,45.0419,45.298,45.0419,44.024,43.2674,42.5167,42.2677,42.2677,42.0194,41.5247,41.2784,41.2784,41.0327,
2010-05-01 00:00:00,2,61.5353,61.2418,61.2418,60.0741,59.494,59.2049,58.3413,57.4833,57.4833,58.0547,58.0547,58.3413,57.4833,56.3482,55.5035,54.6644,54.1082,53.2786,50.5545,57.1986,62.4195,62.1242,56.631,54.1082,53.2786,53.0033,52.7287,54.1082,52.1813,51.0943,50.5545
2010-04-01 00:00:00,2,101.56,96.4788,113.222,122.635,128.28,125.847,106.007,107.885,103.403,91.5137,83.948,81.6018,80.2743,76.9981,75.0616,74.1016,74.421,73.4646,71.5684,69.384,68.1493,67.5356,66.9245,66.3158,65.1058,63.9057,62.7155,62.1242,61.8294,61.2418,
2010-03-01 00:00:00,2,116.713,164.042,305.819,416.349,471.888,443.186,373.486,324.211,254.304,198.877,166.32,150.229,134.038,130.734,134.869,137.798,123.035,123.435,115.544,109.398,103.773,112.452,115.155,136.959,121.838,112.837,103.773,95.405,87.008,84.9626,97.1976
2010-02-01 00:00:00,2,95.7623,83.948,78.6287,75.3828,72.198,74.421,60.3651,85.302,80.6053,75.3828,71.5684,74.741,71.5684,66.3158,63.3094,60.949,60.0741,59.494,60.949,62.1242,61.2418,60.949,60.6567,61.2418,63.9057,67.5356,93.6273,94.3366,,,
2010-01-01 00:00:00,2,140.755,122.635,135.703,110.539,91.1635,82.2691,86.6656,102.664,136.121,119.855,108.263,87.008,77.6485,81.269,59.494,68.7654,84.9626,97.9187,76.6739,71.5684,73.147,73.4646,73.4646,82.9389,140.755,192.649,206.982,175.222,143.312,121.043,108.263
2009-12-01 00:00:00,2,70.6285,60.949,61.2418,63.0121,78.3013,95.0483,113.607,133.208,154.183,169.533,184.177,149.356,106.382,103.033,124.237,125.041,113.993,89.7688,85.9826,81.269,78.9566,90.814,93.9817,87.6946,87.6946,102.295,117.887,134.453,139.484,163.588,158.184
2009-11-01 00:00:00,2,53.2786,50.8241,49.4827,50.5545,73.147,82.6037,68.7654,67.5356,67.2297,58.0547,63.0121,72.8301,108.641,76.3502,63.3094,56.3482,52.7287,50.8241,50.8241,51.3651,48.9507,47.8942,47.1086,44.5317,44.2775,43.2674,43.2674,47.1086,55.2231,63.9057,
2009-10-01 00:00:00,2,45.8121,46.0701,46.0701,45.5547,44.7865,44.024,43.0165,58.6285,77.323,97.1976,59.494,59.494,53.5545,52.7287,49.2164,48.6856,70.005,64.8048,64.8048,62.7155,91.1635,81.9351,87.351,70.005,63.0121,58.3413,71.5684,115.155,85.9826,56.3482,56.3482
2009-09-01 00:00:00,2,48.9507,48.6856,48.6856,48.9507,51.0943,52.1813,51.6365,51.6365,51.6365,51.6365,51.6365,50.5545,49.4827,47.6317,46.3288,47.1086,48.4212,45.8121,45.0419,44.5317,43.7712,43.519,45.8121,55.2231,54.1082,58.6285,53.2786,47.8942,46.0701,45.0419,
2009-08-01 00:00:00,2,55.2231,54.386,53.831,53.5545,53.2786,52.7287,52.4547,52.1813,51.3651,50.5545,50.5545,50.2856,49.7497,49.4827,49.4827,49.4827,49.2164,48.6856,48.4212,48.1574,48.6856,50.0174,50.2856,51.3651,59.494,69.6942,65.7095,58.0547,53.5545,51.9086,49.7497
2009-07-01 00:00:00,2,74.1016,72.5137,70.9412,69.384,68.457,67.8422,67.5356,66.9245,66.3158,65.7095,65.4073,65.4073,65.1058,65.1058,64.2048,63.3094,63.0121,62.4195,61.8294,61.2418,60.6567,60.0741,59.494,59.2049,58.9164,58.3413,57.7687,57.4833,57.1986,56.631,56.066
2009-06-01 00:00:00,2,95.405,97.5579,96.8379,90.814,89.075,88.0388,87.6946,86.3238,84.9626,84.2856,83.948,84.2856,84.9626,82.9389,81.9351,81.269,79.944,79.2851,78.6287,77.9746,76.3502,75.3828,74.741,74.421,73.7828,76.9981,76.6739,75.7047,71.5684,70.9412,
2009-05-01 00:00:00,2,134.038,132.794,135.286,138.219,137.378,145.027,148.052,133.623,126.251,123.835,122.236,126.251,123.035,116.323,112.837,110.921,109.019,109.019,106.757,104.888,103.403,101.927,100.462,99.3682,98.6423,98.6423,96.8379,95.405,93.9817,92.5678,92.5678
2009-04-01 00:00:00,2,431.247,407.639,323,260.937,229.495,211.786,239.963,323.605,314.025,257.349,224.852,210.468,210.468,208.719,230.902,295.506,251.285,211.346,193.06,182.595,172.94,165.863,160.425,159.527,155.512,149.792,146.752,142.457,139.062,136.121,
2009-03-01 00:00:00,2,288.777,261.969,237.553,221.645,207.415,198.457,196.368,205.686,182.595,174.459,177.912,185.768,197.202,247.798,218.922,218.021,217.571,253.799,241.904,259.908,261.452,213.997,198.877,238.034,229.964,227.63,226.701,217.122,232.316,249.786,327.865
2009-02-01 00:00:00,2,561.977,520.823,454.145,401.197,369.456,347.236,334.023,320.588,311.076,301.203,308.147,298.344,316.4,400.486,532.462,626.501,675.642,645.237,567.951,477.485,411.251,365.46,346.598,338.384,324.211,329.703,346.598,317.593,,,
2009-01-01 00:00:00,2,389.934,327.865,287.666,267.699,248.294,229.028,210.468,193.471,177.14,159.976,141.605,124.237,117.887,111.686,112.452,156.845,212.668,220.734,261.969,250.785,221.189,259.395,321.19,341.526,399.067,433.408,480.855,511.582,535.972,566.755,578.765
2008-12-01 00:00:00,2,62.4195,50.8241,47.1086,44.7865,46.3288,43.0165,41.7717,41.5247,44.7865,42.0194,40.7876,40.2995,46.5881,107.885,187.371,195.952,293.25,451.945,444.277,325.426,226.238,185.37,169.533,151.104,142.031,165.407,196.368,413.43,517.351,543.018,475.243
2008-11-01 00:00:00,2,36.7219,36.9558,37.6615,40.7876,39.8139,37.6615,41.0327,40.2995,39.8139,40.2995,44.024,50.2856,55.5035,56.631,57.4833,53.831,50.0174,43.519,47.6317,53.5545,47.1086,44.024,43.519,42.5167,41.5247,44.024,45.8121,58.9164,76.9981,97.1976,
2008-10-01 00:00:00,2,46.0701,44.5317,45.298,46.5881,47.1086,46.848,51.6365,56.3482,51.6365,57.1986,53.0033,49.7497,46.3288,44.024,42.5167,41.7717,41.0327,40.5432,43.2674,46.3288,45.5547,44.5317,43.0165,41.7717,41.0327,39.8139,38.6116,37.898,37.4256,37.1904,36.7219
2008-09-01 00:00:00,2,50.8241,52.1813,48.6856,45.5547,44.5317,44.024,43.519,42.7663,44.2775,45.0419,42.2677,42.0194,41.5247,41.0327,40.5432,40.0564,43.2674,50.2856,49.2164,46.3288,49.7497,59.494,78.6287,63.0121,50.2856,46.5881,62.4195,50.2856,56.3482,48.4212,
2008-08-01 00:00:00,2,54.1082,53.5545,53.5545,53.0033,53.2786,56.9145,60.6567,58.3413,54.9435,54.1082,53.5545,53.0033,52.4547,51.3651,50.2856,49.7497,49.2164,48.6856,48.1574,47.8942,47.3698,46.848,46.3288,46.0701,45.8121,45.8121,45.5547,45.298,44.7865,46.848,47.8942
2008-07-01 00:00:00,2,70.6285,70.005,69.0744,68.457,68.1493,67.2297,66.6198,66.3158,65.1058,64.5045,64.2048,63.6072,63.3094,62.7155,61.8294,61.5353,60.949,60.0741,59.494,59.494,59.2049,58.9164,58.3413,57.4833,56.9145,56.3482,55.7844,55.5035,55.5035,55.2231,54.6644
2008-06-01 00:00:00,2,94.3366,93.6273,93.2736,92.9204,92.5678,91.1635,89.7688,88.3836,87.008,85.642,84.6238,83.948,83.948,87.008,84.9626,80.6053,79.2851,78.3013,77.9746,77.9746,77.323,75.7047,74.741,74.741,76.3502,76.9981,77.6485,76.9981,73.147,71.5684,
2008-05-01 00:00:00,2,148.052,146.32,145.027,142.031,141.605,138.219,134.869,130.734,127.467,125.847,124.237,121.838,120.251,119.46,117.495,114.768,111.686,109.778,109.019,107.885,106.007,104.144,103.033,101.56,100.096,99.0049,98.2802,97.1976,95.7623,95.405,94.3366
2008-04-01 00:00:00,2,191.421,181.024,174.078,171.381,184.574,190.199,263.522,319.388,339.638,332.784,297.775,288.221,261.969,250.785,283.258,276.74,239.48,239.963,226.238,213.553,208.719,211.346,211.786,208.719,199.298,177.14,172.185,161.326,155.068,151.104,
2008-03-01 00:00:00,2,180.242,270.335,335.887,290.448,246.808,210.906,195.122,190.199,184.574,181.024,182.99,190.606,195.122,222.101,282.71,354.312,446.463,501.261,502.404,432.327,354.312,302.927,265.604,266.65,277.818,276.74,268.751,253.294,251.786,216.673,203.54
2008-02-01 00:00:00,2,827.101,822.969,767.286,749.937,740.657,747.281,736.693,728.789,716.994,700.084,665.449,610.432,534.801,455.247,399.067,365.46,332.166,308.731,286.007,272.457,263.522,258.882,257.349,251.786,242.879,244.837,266.65,232.788,203.968,,
2008-01-01 00:00:00,2,85.9826,78.9566,73.147,68.7654,66.0123,66.3158,73.4646,72.198,70.6285,63.9057,66.6198,76.6739,86.6656,122.236,169.072,122.635,91.5137,101.193,110.921,144.598,136.959,172.185,241.904,321.19,314.025,358.871,362.154,390.631,487.621,578.765,751.266
2007-12-01 00:00:00,2,52.7287,50.2856,45.5547,42.7663,41.5247,45.0419,43.7712,41.2784,51.6365,63.0121,43.0165,53.5545,73.4646,69.0744,79.944,138.219,120.647,79.6142,64.2048,77.323,241.904,290.448,296.638,302.927,256.331,216.225,177.912,148.486,120.251,104.888,93.2736
2007-11-01 00:00:00,2,32.6252,34.4194,38.6116,60.0741,69.6942,79.944,106.382,158.184,113.607,74.1016,60.0741,58.9164,59.7837,101.927,102.664,71.2545,66.0123,58.6285,50.2856,48.9507,51.6365,51.6365,50.0174,44.7865,47.1086,54.6644,59.7837,63.6072,54.9435,46.5881,
2007-10-01 00:00:00,2,31.0903,31.7441,36.2561,33.7415,31.0903,30.6579,30.4426,29.801,29.801,29.3766,28.955,28.7452,28.536,28.536,28.536,28.536,28.3276,28.3276,31.0903,39.8139,40.2995,36.7219,32.8471,31.9634,33.5169,38.1352,48.9507,44.2775,37.1904,36.2561,33.293
2007-09-01 00:00:00,2,35.793,35.5624,35.5624,35.3324,35.1032,34.8746,34.4194,34.4194,34.1928,33.9668,33.7415,33.5169,33.5169,33.293,33.293,32.8471,32.4039,32.1833,31.9634,31.7441,31.5255,31.5255,31.3076,31.0903,30.8738,30.6579,30.4426,30.4426,30.2281,30.2281,
2007-08-01 00:00:00,2,45.8121,44.7865,44.2775,44.024,43.7712,43.2674,43.0165,42.5167,42.0194,41.7717,41.2784,41.0327,40.5432,40.2995,40.0564,39.8139,39.331,39.0906,39.0906,38.8507,38.8507,38.3731,37.898,37.6615,37.4256,37.1904,36.9558,36.4887,36.0242,36.0242,36.0242
2007-07-01 00:00:00,2,50.5545,50.2856,50.0174,49.4827,48.9507,48.9507,48.6856,48.4212,48.1574,47.8942,47.3698,47.3698,46.848,46.5881,46.3288,46.0701,45.8121,45.5547,44.5317,44.7865,44.5317,44.2775,44.2775,44.024,44.024,48.9507,48.6856,46.848,48.1574,48.1574,47.6317
2007-06-01 00:00:00,2,64.5045,63.6072,63.0121,62.7155,61.5353,60.949,60.3651,59.494,58.9164,58.3413,58.0547,57.4833,56.9145,56.631,56.066,55.7844,55.2231,54.6644,54.1082,53.831,53.2786,53.0033,52.7287,52.4547,52.1813,51.9086,51.6365,51.3651,51.3651,51.0943,
2007-05-01 00:00:00,2,86.3238,83.2747,81.269,79.6142,78.6287,77.6485,76.3502,75.0616,74.741,74.741,74.1016,72.198,70.9412,70.9412,70.3165,69.6942,68.7654,68.1493,67.5356,66.9245,66.3158,65.7095,65.1058,67.5356,73.147,73.4646,67.8422,67.2297,69.384,66.3158,66.3158
2007-04-01 00:00:00,2,104.144,102.295,100.462,98.2802,97.1976,101.927,114.38,122.635,117.887,133.623,131.145,116.713,103.403,99.732,97.1976,96.1203,94.3366,95.0483,99.0049,95.0483,90.814,91.1635,99.732,99.732,95.7623,90.814,88.729,87.6946,94.3366,92.2159,
2007-03-01 00:00:00,2,188.579,181.024,172.94,164.951,160.425,155.956,152.42,148.921,145.458,142.031,138.64,135.286,131.969,129.914,127.467,126.251,126.656,142.884,155.512,145.027,142.884,135.703,144.598,146.32,130.324,121.44,116.713,113.607,110.921,107.885,105.634
2007-02-01 00:00:00,2,696.203,683.326,632.724,566.755,493.287,441.006,401.909,453.045,491.018,445.37,379.591,367.454,394.129,444.277,408.36,351.727,311.664,287.112,273.523,274.592,269.278,256.84,231.844,217.122,204.826,200.141,200.141,192.649,,,
2007-01-01 00:00:00,2,412.703,491.018,521.983,520.823,508.133,516.195,533.631,528.96,531.294,528.96,479.731,411.251,382.329,383.016,396.945,442.095,464.094,471.888,456.349,431.247,395.535,387.155,393.428,386.463,391.329,420.019,489.885,550.099,584.806,621.54,657.842
2006-12-01 00:00:00,2,129.096,143.312,106.382,79.944,84.6238,133.208,188.176,239.963,246.314,237.073,287.112,306.981,344.055,376.19,397.651,392.727,407.639,394.129,321.793,266.127,247.798,240.447,235.161,219.827,198.038,177.912,178.686,177.912,197.62,221.189,289.333
2006-11-01 00:00:00,2,43.519,44.7865,51.0943,61.8294,61.8294,60.0741,53.831,50.8241,47.6317,45.0419,45.0419,51.0943,52.1813,48.1574,46.5881,45.298,43.7712,43.519,42.5167,46.5881,57.7687,76.3502,61.5353,47.6317,43.0165,43.519,69.0744,99.732,107.509,100.096,
2006-10-01 00:00:00,2,34.6466,34.8746,36.0242,38.6116,39.331,50.0174,106.007,179.463,134.869,73.7828,58.3413,48.4212,53.831,58.6285,58.9164,71.2545,68.7654,58.0547,95.0483,121.44,159.079,112.837,79.6142,63.0121,57.1986,54.386,51.0943,49.2164,47.8942,47.3698,45.5547
2006-09-01 00:00:00,2,38.1352,38.1352,39.5722,42.5167,41.5247,38.6116,37.1904,36.4887,36.2561,36.2561,36.0242,35.793,34.8746,34.4194,33.9668,33.5169,33.293,32.8471,32.8471,32.8471,34.1928,39.0906,44.2775,45.298,44.024,44.7865,40.7876,37.898,36.0242,35.3324,
2006-08-01 00:00:00,2,41.5247,42.7663,42.2677,42.0194,41.7717,41.0327,40.2995,40.0564,39.5722,39.5722,39.331,39.0906,38.6116,38.1352,37.898,37.6615,37.1904,37.1904,37.1904,36.9558,36.9558,37.1904,37.4256,36.9558,36.2561,36.2561,36.0242,36.2561,36.4887,40.0564,39.5722
2006-07-01 00:00:00,2,50.2856,50.2856,50.2856,49.7497,48.9507,48.6856,48.4212,48.4212,48.1574,47.6317,47.3698,47.1086,46.5881,46.0701,45.298,45.0419,44.7865,44.7865,44.5317,44.2775,44.2775,43.519,43.2674,43.2674,42.7663,42.5167,42.2677,41.7717,41.5247,41.5247,41.5247
2006-06-01 00:00:00,2,62.4195,61.5353,60.949,60.0741,59.7837,59.2049,58.0547,57.4833,57.1986,56.9145,56.631,56.3482,56.066,55.7844,54.9435,54.6644,54.386,53.5545,53.2786,53.0033,52.7287,52.4547,52.1813,51.9086,51.9086,51.6365,51.6365,52.4547,52.1813,50.5545,
2006-05-01 00:00:00,2,83.611,87.351,83.2747,79.944,78.9566,76.3502,75.0616,74.741,77.323,76.6739,82.2691,87.351,80.2743,73.4646,72.198,70.9412,70.005,69.6942,68.7654,67.5356,68.457,67.8422,67.8422,68.1493,74.1016,72.198,68.457,66.6198,65.1058,63.9057,63.0121
2006-04-01 00:00:00,2,183.78,159.976,135.286,127.467,120.251,117.495,114.768,131.557,149.356,127.873,120.647,115.544,111.686,110.159,106.007,103.033,102.295,103.773,101.927,99.0049,97.1976,94.6922,91.8645,91.1635,89.075,87.6946,86.3238,84.6238,82.6037,81.269,
2006-03-01 00:00:00,2,119.066,115.155,125.444,135.286,109.019,92.9204,167.694,345.961,354.312,268.751,208.719,183.385,173.319,153.742,138.64,157.737,236.594,248.79,227.63,280.528,294.94,248.294,202.26,178.686,163.588,170.919,182.595,173.698,162.681,157.737,169.533
2006-02-01 00:00:00,2,158.631,127.061,135.703,130.324,115.155,100.827,92.9204,88.729,93.2736,97.9187,102.664,136.54,200.563,199.298,179.463,158.631,137.378,151.104,119.855,106.382,99.3682,117.495,131.969,164.042,172.185,154.626,128.28,119.46,,,
2006-01-01 00:00:00,2,117.495,122.635,136.959,172.185,185.768,277.818,310.488,298.344,247.798,219.374,185.37,158.631,142.884,131.557,122.635,116.323,110.159,106.757,103.773,100.827,97.1976,94.3366,90.814,87.6946,87.351,89.4216,91.5137,96.4788,104.888,129.096,169.072
2005-12-01 00:00:00,2,167.235,193.883,200.563,188.579,172.562,188.983,197.202,217.122,240.932,238.997,250.285,271.925,294.94,301.777,305.239,305.819,309.902,309.316,307.564,301.777,296.072,286.559,272.457,258.37,234.21,207.415,206.117,166.32,148.921,139.062,134.453
2005-11-01 00:00:00,2,48.4212,50.8241,57.1986,61.2418,60.949,47.8942,49.7497,46.3288,46.5881,47.6317,46.0701,54.386,53.831,49.4827,51.3651,49.4827,45.5547,49.4827,83.611,85.302,77.323,98.6423,73.7828,68.457,94.3366,117.104,157.291,176.755,127.061,92.9204,
2005-10-01 00:00:00,2,39.331,38.6116,38.3731,37.6615,37.1904,36.7219,36.4887,41.5247,44.024,38.1352,36.0242,34.8746,33.9668,33.7415,33.293,32.8471,32.4039,31.9634,31.7441,40.7876,47.8942,46.0701,37.6615,34.8746,35.793,37.4256,39.0906,38.6116,42.0194,48.4212,50.0174
2005-09-01 00:00:00,2,39.5722,38.3731,38.1352,39.0906,40.0564,42.5167,42.0194,42.2677,43.519,42.2677,41.2784,39.5722,38.6116,38.6116,39.0906,41.0327,40.7876,40.2995,44.7865,53.831,48.6856,44.024,40.5432,39.0906,38.6116,38.3731,38.8507,39.5722,39.8139,40.0564,
2005-08-01 00:00:00,2,47.3698,46.848,46.5881,46.3288,45.5547,45.298,45.0419,44.7865,44.7865,44.5317,44.2775,44.024,43.2674,43.0165,42.7663,42.7663,42.7663,42.2677,42.0194,42.2677,44.2775,42.2677,41.5247,40.7876,40.2995,40.2995,40.0564,39.8139,40.0564,40.7876,39.5722
2005-07-01 00:00:00,2,60.0741,58.6285,57.7687,56.9145,56.3482,55.2231,54.9435,54.9435,54.6644,54.1082,53.5545,53.2786,53.2786,53.2786,52.4547,51.9086,51.3651,51.3651,51.0943,51.9086,53.831,52.7287,51.3651,50.8241,50.5545,49.4827,49.2164,48.9507,48.4212,48.4212,48.4212
2005-06-01 00:00:00,2,76.9981,74.421,73.147,71.5684,70.3165,68.7654,67.8422,67.5356,66.9245,66.3158,66.0123,65.1058,64.5045,64.5045,63.9057,63.0121,62.4195,62.1242,61.8294,64.8048,72.8301,76.3502,74.421,68.1493,66.3158,61.8294,61.2418,60.6567,60.0741,59.494,
2005-05-01 00:00:00,2,100.096,96.8379,85.642,81.9351,80.6053,79.2851,77.6485,76.9981,76.0271,75.3828,74.1016,73.4646,72.8301,71.8829,71.2545,70.6285,69.6942,68.7654,67.8422,66.9245,66.6198,66.3158,67.2297,79.944,102.664,111.686,175.604,134.453,95.405,83.2747,78.9566
2005-04-01 00:00:00,2,134.038,127.467,123.435,121.838,118.672,113.993,110.539,108.641,106.382,104.516,101.56,99.3682,97.5579,95.0483,93.6273,91.8645,90.814,90.1166,89.7688,87.351,85.302,85.9826,96.4788,93.6273,95.0483,89.7688,88.3836,91.1635,89.075,90.465,
2005-03-01 00:00:00,2,182.99,177.14,162.681,159.527,156.845,144.168,134.038,124.638,119.46,124.638,152.86,166.777,159.527,152.86,136.959,129.505,150.229,181.024,223.015,192.649,189.388,208.284,229.964,244.837,219.827,242.879,221.189,201.41,174.84,157.737,142.884
2005-02-01 00:00:00,2,456.349,391.329,377.548,369.456,321.19,326.644,331.549,309.316,256.331,229.964,210.906,195.537,184.574,176.371,167.235,160.425,156.845,158.184,151.104,144.168,141.18,132.381,130.324,125.444,121.838,123.435,136.54,155.068,,,
2005-01-01 00:00:00,2,325.426,333.403,342.157,351.082,360.181,369.456,464.094,403.336,354.312,345.325,292.688,259.908,253.799,244.837,216.225,196.368,184.574,195.952,222.101,248.79,263.522,270.335,256.84,242.879,215.332,195.122,194.709,313.434,433.408,506.985,480.855
2004-12-01 00:00:00,2,84.9626,84.9626,59.494,52.1813,64.5045,95.405,80.9368,132.794,121.838,97.5579,144.168,119.855,88.3836,72.8301,63.0121,57.4833,55.2231,51.0943,50.5545,80.9368,221.189,261.969,385.772,531.294,631.477,730.105,692.33,581.178,442.095,360.838,316.996
2004-11-01 00:00:00,2,39.0906,36.9558,39.5722,40.5432,39.0906,38.1352,45.298,60.3651,71.2545,58.9164,47.8942,42.7663,39.331,37.6615,36.4887,36.7219,44.2775,56.066,66.9245,66.3158,66.3158,55.7844,48.9507,46.0701,42.0194,39.8139,38.3731,37.898,44.5317,77.323,
2004-10-01 00:00:00,2,33.5169,33.293,34.4194,39.5722,56.066,56.9145,43.0165,38.8507,36.7219,35.793,36.4887,37.898,42.2677,42.0194,52.7287,54.1082,98.2802,93.9817,55.2231,45.8121,43.2674,41.5247,40.2995,39.331,43.2674,45.8121,51.3651,53.831,48.1574,42.5167,40.0564
2004-09-01 00:00:00,2,40.5432,40.2995,39.8139,39.5722,38.8507,38.6116,38.3731,38.1352,37.898,37.6615,37.1904,36.9558,36.7219,36.4887,36.2561,36.2561,36.4887,37.898,38.6116,41.2784,42.0194,42.5167,39.331,37.4256,36.4887,35.5624,35.3324,34.8746,33.9668,33.9668,
2004-08-01 00:00:00,2,50.2856,50.0174,49.4827,49.2164,48.6856,47.8942,47.3698,47.3698,47.1086,46.5881,46.3288,46.0701,46.0701,45.298,44.7865,44.7865,44.5317,44.5317,44.2775,43.7712,43.519,43.2674,42.7663,42.2677,42.2677,41.7717,41.7717,41.2784,41.0327,40.7876,40.5432
2004-07-01 00:00:00,2,59.494,58.9164,58.6285,58.0547,57.1986,56.9145,56.631,55.7844,55.5035,55.5035,60.0741,69.384,65.4073,60.3651,57.4833,56.066,55.5035,54.6644,53.831,59.2049,64.5045,65.4073,58.6285,55.2231,53.5545,52.7287,52.1813,51.6365,51.0943,50.5545,50.2856
2004-06-01 00:00:00,2,85.9826,83.948,89.075,93.9817,88.3836,80.6053,76.9981,75.3828,74.1016,73.147,70.9412,70.3165,69.0744,68.457,68.1493,68.7654,68.7654,68.1493,66.3158,65.7095,65.1058,64.2048,63.6072,63.0121,62.7155,62.4195,61.2418,60.6567,60.3651,60.0741,
2004-05-01 00:00:00,2,108.641,105.634,103.403,101.56,99.0049,96.8379,101.193,96.8379,95.405,93.9817,92.5678,91.1635,89.7688,89.7688,90.1166,89.7688,91.8645,90.1166,89.4216,84.2856,83.2747,83.2747,83.2747,86.3238,83.611,81.9351,78.9566,78.3013,80.6053,85.642,92.9204
2004-04-01 00:00:00,2,180.633,172.94,153.301,170.456,208.719,191.421,204.826,199.298,193.06,169.994,164.496,165.863,159.079,169.072,157.737,158.184,191.013,179.074,177.14,153.742,164.042,174.078,145.458,127.873,121.838,119.066,117.887,121.838,117.495,110.539,
2004-03-01 00:00:00,2,583.596,483.107,410.527,382.329,388.543,414.159,416.349,388.543,363.474,313.434,278.358,262.486,246.314,241.418,265.604,324.211,326.644,276.74,242.879,225.775,212.227,206.549,199.298,186.168,181.416,173.319,169.994,191.83,203.113,185.768,188.579
2004-02-01 00:00:00,2,201.835,183.78,176.371,167.694,152.86,131.145,182.201,194.709,220.28,207.415,162.229,158.631,143.312,131.557,169.072,277.818,382.329,340.896,260.937,262.486,278.9,366.124,461.876,519.665,546.555,594.519,665.449,711.775,666.72,,
2004-01-01 00:00:00,2,92.5678,103.033,142.884,151.542,131.557,112.452,114.768,106.757,165.863,213.997,226.701,231.373,203.968,183.78,200.986,210.906,155.068,120.251,102.295,95.7623,92.2159,75.0616,76.3502,107.885,101.927,106.757,186.168,358.217,428.012,389.934,275.128
2003-12-01 00:00:00,2,73.147,103.403,101.56,93.2736,109.778,126.251,117.887,117.104,130.324,143.312,129.505,112.837,103.403,83.948,66.9245,58.9164,52.4547,50.0174,49.4827,47.3698,45.5547,44.5317,60.6567,74.1016,76.0271,60.3651,48.6856,67.2297,84.9626,82.9389,84.6238
2003-11-01 00:00:00,2,30.6579,30.0142,34.1928,37.898,39.8139,35.3324,33.5169,47.8942,47.1086,41.7717,36.9558,33.0697,30.8738,30.0142,30.2281,43.519,44.024,54.9435,53.2786,53.2786,50.8241,54.6644,52.4547,42.7663,38.3731,37.6615,38.8507,52.7287,82.2691,64.5045,
2003-10-01 00:00:00,2,37.4256,33.0697,31.7441,30.6579,30.0142,29.5885,29.1655,28.7452,30.0142,31.3076,47.1086,39.8139,43.2674,39.0906,33.9668,31.9634,30.8738,30.0142,29.5885,29.1655,28.7452,28.536,28.1198,29.1655,32.4039,35.3324,32.8471,30.8738,29.801,29.3766,29.5885
2003-09-01 00:00:00,2,35.3324,36.2561,34.8746,33.7415,33.293,32.8471,32.6252,32.4039,32.1833,31.9634,31.5255,31.3076,31.5255,37.6615,43.2674,37.6615,34.8746,34.6466,34.4194,33.5169,32.8471,32.1833,31.3076,30.8738,30.4426,30.0142,29.5885,29.5885,30.2281,41.5247,
2003-08-01 00:00:00,2,38.1352,37.898,37.6615,37.4256,37.1904,36.9558,36.7219,36.4887,36.2561,36.0242,36.0242,36.0242,36.0242,35.793,35.5624,36.0242,36.2561,36.0242,35.5624,34.6466,34.4194,34.4194,34.1928,33.9668,33.293,33.5169,34.1928,34.4194,34.8746,35.5624,36.9558
2003-07-01 00:00:00,2,45.0419,44.7865,44.7865,44.5317,44.2775,44.024,43.7712,43.519,43.2674,43.0165,42.7663,42.5167,42.5167,43.2674,43.7712,43.0165,42.2677,41.7717,41.5247,40.7876,40.2995,40.2995,40.0564,39.8139,39.331,39.0906,39.0906,38.8507,38.8507,38.6116,38.3731
2003-06-01 00:00:00,2,56.3482,55.2231,54.9435,54.6644,54.386,54.386,54.1082,53.5545,53.0033,52.4547,51.9086,51.3651,51.0943,50.5545,50.2856,49.7497,49.4827,49.2164,48.6856,48.4212,48.1574,47.8942,47.6317,47.1086,46.848,46.3288,46.0701,46.0701,45.8121,45.5547,
2003-05-01 00:00:00,2,71.5684,70.6285,70.3165,72.5137,72.8301,75.7047,96.8379,92.2159,79.944,73.4646,70.9412,69.384,68.7654,67.8422,67.2297,66.6198,65.7095,65.1058,64.5045,63.9057,63.3094,62.7155,62.1242,61.5353,61.5353,61.2418,60.6567,59.494,58.9164,58.6285,58.9164
2003-04-01 00:00:00,2,103.403,99.3682,95.7623,100.096,121.44,130.324,116.323,144.168,129.096,102.664,109.778,139.484,121.838,99.0049,92.5678,89.4216,88.3836,86.6656,83.948,81.9351,80.9368,79.6142,78.3013,76.3502,75.3828,74.741,73.7828,72.5137,71.5684,70.3165,
2003-03-01 00:00:00,2,126.656,119.46,123.035,126.656,117.495,109.398,104.516,104.888,117.104,153.742,178.686,160.876,165.863,241.904,356.912,256.84,162.681,167.694,172.94,148.052,134.453,171.845,161.777,139.484,127.061,117.104,111.686,112.837,118.672,115.155,109.019
2003-02-01 00:00:00,2,565.559,540.666,434.491,362.154,312.253,277.278,270.335,239.48,212.227,191.421,177.526,164.951,129.096,126.656,120.251,143.74,252.791,230.902,190.199,211.786,248.294,277.278,228.561,216.225,177.526,148.486,138.219,133.208,,,
2003-01-01 00:00:00,2,262.486,246.314,134.869,132.794,493.287,486.491,390.631,288.777,186.168,152.86,134.453,128.688,120.251,132.794,141.605,152.42,172.94,323,459.662,564.364,656.578,683.326,654.051,625.26,571.547,458.557,374.836,348.515,366.788,401.909,504.693
2002-12-01 00:00:00,2,36.0242,36.7219,36.0242,37.1904,33.9668,38.1352,45.5547,34.1928,32.4039,37.6615,127.873,188.176,219.827,302.927,293.25,277.278,272.99,236.116,189.388,123.835,148.486,129.914,112.837,141.605,182.201,164.496,191.83,299.485,216.225,120.251,94.3366
2002-11-01 00:00:00,2,40.0564,35.793,54.386,47.8942,34.4194,45.298,47.8942,41.0327,34.1928,31.0903,29.5885,35.3324,44.024,55.5035,71.2545,71.8829,50.8241,43.0165,45.0419,47.6317,47.3698,51.0943,71.8829,91.1635,76.0271,68.1493,74.741,59.7837,45.5547,40.5432,
2002-10-01 00:00:00,2,28.955,28.536,28.1198,28.1198,27.7063,28.3276,28.1198,27.5005,26.6844,26.0795,25.8792,25.4807,25.085,24.692,24.4966,24.1077,24.1077,23.9144,23.7217,23.7217,23.7217,23.7217,23.5297,23.3384,27.7063,25.8792,24.692,24.3018,26.8874,28.955,31.9634
2002-09-01 00:00:00,2,30.6579,30.8738,31.0903,31.0903,30.4426,30.4426,32.1833,35.3324,34.6466,31.0903,30.6579,30.2281,29.5885,29.1655,29.1655,28.955,28.7452,28.536,28.3276,28.1198,27.9127,28.3276,29.801,31.3076,35.5624,39.0906,36.0242,32.6252,30.6579,29.5885,
2002-08-01 00:00:00,2,36.7219,36.7219,36.4887,36.4887,36.2561,36.0242,35.5624,34.8746,34.4194,34.1928,33.7415,33.5169,33.293,33.0697,32.6252,32.4039,32.1833,32.1833,31.7441,31.7441,31.5255,31.3076,31.0903,31.0903,31.0903,30.8738,30.6579,30.4426,30.4426,30.2281,30.4426
2002-07-01 00:00:00,2,41.7717,41.7717,41.5247,41.0327,40.7876,40.7876,40.7876,40.5432,40.0564,39.5722,39.0906,39.5722,43.7712,46.0701,45.298,43.0165,40.7876,40.0564,39.5722,39.0906,39.0906,38.6116,38.8507,39.0906,39.0906,38.3731,37.4256,37.4256,37.898,38.3731,37.4256
2002-06-01 00:00:00,2,52.7287,52.1813,51.6365,51.0943,50.8241,50.5545,50.0174,49.4827,48.9507,48.4212,48.1574,47.6317,47.1086,46.5881,46.3288,45.8121,45.5547,45.298,44.7865,44.7865,44.5317,43.7712,43.7712,43.519,43.519,43.0165,43.0165,42.7663,42.5167,42.0194,
2002-05-01 00:00:00,2,63.6072,63.0121,63.0121,63.6072,66.0123,65.7095,68.7654,77.323,72.198,65.7095,69.0744,66.0123,62.1242,60.0741,59.494,58.6285,58.0547,57.1986,56.631,58.6285,59.7837,63.6072,66.3158,66.0123,62.1242,57.7687,56.066,54.9435,54.386,53.831,53.5545
2002-04-01 00:00:00,2,109.398,103.773,99.0049,95.7623,93.2736,91.8645,89.4216,88.0388,97.1976,96.4788,95.405,88.729,87.351,83.948,80.9368,78.6287,77.323,76.6739,75.7047,74.421,72.8301,71.2545,71.5684,70.3165,68.457,67.5356,65.7095,65.1058,64.5045,63.9057,
2002-03-01 00:00:00,2,314.618,266.127,233.261,214.886,208.284,193.471,177.912,168.612,163.134,151.981,142.031,134.453,128.688,124.638,120.647,124.638,134.453,129.096,124.237,120.251,131.145,147.185,144.168,123.035,119.066,151.104,164.042,156.845,186.568,144.598,118.672
2002-02-01 00:00:00,2,107.509,153.742,173.698,152.42,132.794,110.539,130.734,267.174,366.788,421.494,479.731,505.839,478.607,340.896,278.9,270.864,253.294,246.314,281.617,293.813,358.217,432.327,465.205,432.327,406.92,404.767,354.961,347.236,,,
2002-01-01 00:00:00,2,394.129,300.057,243.857,195.537,169.072,168.612,147.618,123.435,126.656,108.641,90.465,80.6053,77.6485,75.7047,104.144,128.688,93.6273,83.611,107.885,165.863,174.84,129.096,105.26,96.8379,100.096,98.6423,96.1203,127.467,151.104,141.605,115.155
2001-12-01 00:00:00,2,39.331,69.6942,72.5137,47.3698,37.1904,33.5169,31.9634,32.6252,56.3482,57.1986,39.5722,33.0697,31.3076,31.0903,42.2677,69.384,133.208,178.299,179.463,123.435,158.631,229.495,202.26,183.78,212.668,210.906,153.301,181.808,214.441,335.264,411.251
2001-11-01 00:00:00,2,24.1077,28.1198,35.3324,45.5547,42.2677,39.8139,42.2677,34.1928,29.1655,46.5881,39.331,30.6579,28.955,33.5169,44.5317,45.8121,41.7717,36.7219,35.3324,41.0327,58.0547,68.7654,45.5547,38.3731,51.0943,50.2856,39.5722,32.8471,30.6579,34.1928,
2001-10-01 00:00:00,2,28.7452,26.8874,30.2281,43.2674,41.2784,31.3076,27.5005,26.8874,62.4195,77.323,59.7837,43.2674,34.1928,31.0903,29.3766,28.3276,27.5005,26.8874,26.4821,26.2804,26.4821,31.9634,28.7452,26.6844,26.0795,25.4807,24.692,24.3018,23.9144,23.5297,23.1478
2001-09-01 00:00:00,2,32.1833,28.955,26.8874,26.0795,25.6796,25.6796,25.4807,24.8882,24.4966,24.3018,24.1077,23.9144,23.5297,23.3384,24.1077,28.7452,41.5247,36.0242,28.3276,26.0795,25.2825,24.8882,24.4966,24.692,24.692,25.085,25.2825,27.9127,31.3076,35.5624,
2001-08-01 00:00:00,2,28.3276,28.1198,27.5005,27.2955,27.2955,27.0911,27.0911,26.8874,26.8874,26.6844,26.4821,26.2804,26.2804,26.2804,26.2804,26.0795,26.0795,25.8792,25.8792,25.8792,25.6796,25.6796,25.4807,25.6796,28.7452,31.0903,28.955,27.9127,26.8874,29.5885,33.0697
2001-07-01 00:00:00,2,30.4426,30.4426,30.4426,30.4426,30.2281,30.0142,29.801,29.5885,29.5885,29.5885,29.5885,29.5885,29.3766,29.1655,28.955,28.955,28.955,28.7452,28.7452,28.7452,28.7452,28.7452,28.536,28.7452,30.2281,33.0697,31.9634,29.801,28.955,28.536,28.3276
2001-06-01 00:00:00,2,38.1352,36.7219,36.0242,35.5624,35.3324,35.1032,34.8746,34.6466,34.4194,34.1928,33.9668,33.5169,33.293,33.293,33.0697,33.0697,32.8471,32.6252,32.4039,32.4039,32.1833,31.7441,31.7441,31.7441,31.5255,31.5255,31.5255,31.0903,30.8738,30.6579,
2001-05-01 00:00:00,2,42.0194,38.8507,38.3731,38.3731,38.3731,37.898,37.4256,36.9558,36.7219,36.7219,36.7219,36.9558,37.4256,37.898,38.1352,38.8507,39.5722,42.7663,45.5547,40.0564,38.1352,37.6615,36.9558,36.7219,36.9558,37.4256,38.1352,38.1352,38.1352,39.0906,39.8139
2001-04-01 00:00:00,2,93.2736,70.005,60.949,60.6567,55.7844,54.386,53.0033,50.8241,50.0174,49.2164,49.4827,50.2856,49.2164,47.8942,46.3288,45.298,45.0419,45.5547,44.5317,43.7712,43.2674,42.7663,42.7663,43.0165,42.0194,41.2784,40.7876,40.2995,40.0564,39.8139,
2001-03-01 00:00:00,2,49.4827,48.6856,49.4827,65.4073,63.9057,59.494,62.1242,78.3013,73.147,69.384,86.3238,117.887,146.32,117.887,93.2736,77.6485,65.1058,60.0741,59.2049,59.494,58.9164,58.0547,55.2231,52.4547,50.8241,49.7497,48.6856,48.1574,60.6567,115.155,110.539
2001-02-01 00:00:00,2,105.26,90.814,96.4788,104.888,81.9351,70.005,66.3158,61.8294,62.1242,92.9204,126.656,83.948,67.8422,63.0121,66.0123,72.8301,68.457,80.2743,81.9351,66.3158,59.494,56.9145,56.066,53.831,54.1082,52.4547,52.7287,50.8241,,,
2001-01-01 00:00:00,2,111.303,101.56,194.295,308.731,291.007,195.537,128.688,97.9187,88.0388,83.948,93.2736,93.2736,86.6656,85.9826,97.5579,95.405,88.729,69.384,65.4073,62.7155,63.3094,66.0123,72.5137,76.6739,74.1016,72.198,68.457,83.611,72.8301,98.2802,91.1635
2000-12-01 00:00:00,2,79.6142,81.269,82.9389,89.075,80.6053,76.0271,68.457,60.3651,53.5545,49.4827,53.831,118.672,85.642,63.6072,59.494,59.7837,76.0271,110.539,229.028,199.298,136.121,99.3682,85.9826,96.4788,112.452,104.516,104.888,157.737,143.74,127.061,112.452
2000-11-01 00:00:00,2,41.7717,37.4256,34.4194,33.9668,34.6466,36.9558,36.2561,35.3324,35.1032,35.1032,33.9668,33.9668,36.4887,40.7876,42.7663,44.7865,47.1086,39.5722,46.848,140.755,174.84,114.38,118.672,118.279,97.1976,79.944,71.8829,63.6072,81.9351,74.741,
2000-10-01 00:00:00,2,37.898,36.9558,37.6615,42.2677,39.0906,37.1904,39.8139,48.9507,45.298,38.1352,36.2561,35.5624,34.6466,34.1928,33.5169,33.0697,32.4039,31.9634,31.9634,31.5255,31.3076,31.0903,31.0903,32.4039,32.8471,34.1928,34.8746,34.8746,33.0697,35.3324,42.0194
2000-09-01 00:00:00,2,39.0906,43.519,51.3651,69.6942,68.457,53.5545,48.1574,56.3482,54.6644,47.1086,45.298,44.024,42.7663,42.7663,44.2775,44.024,44.024,46.0701,51.0943,47.6317,43.519,40.7876,39.8139,39.0906,38.3731,37.898,37.898,38.1352,38.6116,37.898,
2000-08-01 00:00:00,2,43.519,43.0165,42.7663,42.5167,43.2674,43.519,42.7663,42.2677,42.0194,41.2784,41.0327,40.7876,40.5432,40.0564,39.8139,39.5722,39.5722,39.331,39.331,39.0906,38.8507,38.8507,38.3731,38.1352,37.6615,37.4256,37.4256,37.1904,37.1904,36.9558,37.1904
2000-07-01 00:00:00,2,50.5545,50.5545,50.5545,50.2856,50.0174,49.7497,49.4827,49.4827,48.9507,48.9507,48.4212,48.1574,47.8942,47.3698,47.1086,47.1086,46.848,46.848,46.3288,46.3288,45.8121,45.8121,45.5547,45.298,45.5547,45.5547,45.0419,44.7865,44.7865,44.2775,43.7712
2000-06-01 00:00:00,2,63.6072,63.0121,62.4195,61.8294,61.2418,60.949,60.6567,60.0741,59.494,59.494,58.9164,58.3413,57.7687,57.7687,57.1986,56.631,56.066,55.7844,55.5035,54.9435,54.6644,54.386,54.1082,53.2786,53.2786,53.0033,52.7287,52.1813,51.3651,51.0943,
2000-05-01 00:00:00,2,89.4216,88.3836,87.008,85.9826,84.9626,83.948,82.6037,81.269,80.6053,80.2743,78.6287,76.9981,76.0271,75.0616,74.421,74.1016,73.4646,72.5137,71.2545,70.3165,69.6942,69.384,69.0744,68.457,67.8422,67.2297,66.6198,66.0123,66.0123,65.4073,64.8048
2000-04-01 00:00:00,2,169.994,162.229,152.86,145.027,138.219,133.623,129.914,125.444,122.635,119.855,117.104,115.155,113.222,111.686,110.159,109.019,107.885,104.516,109.019,135.703,157.291,138.219,113.993,106.382,101.193,97.9187,97.1976,93.9817,92.2159,90.465,
2000-03-01 00:00:00,2,181.808,167.694,150.666,136.54,127.467,121.838,116.323,112.452,138.219,168.612,251.786,362.813,360.181,301.203,232.788,209.155,216.673,270.335,289.89,346.598,351.082,329.09,277.818,235.161,219.827,206.549,195.952,186.969,183.78,194.295,187.773
2000-02-01 00:00:00,2,374.16,342.789,327.254,283.258,237.073,224.852,228.095,265.083,361.496,429.089,467.428,485.362,478.607,434.491,370.796,310.488,270.864,263.522,266.127,269.806,259.908,234.21,179.463,166.32,153.742,150.229,145.458,139.484,152.42,,
2000-01-01 00:00:00,2,88.0388,115.544,157.737,251.786,375.513,363.474,274.592,225.775,187.773,133.208,101.193,99.0049,95.7623,83.948,77.323,73.7828,73.7828,79.944,93.9817,94.6922,110.159,112.837,97.5579,89.4216,90.814,95.7623,124.638,187.371,291.007,375.513,392.027
1999-12-01 00:00:00,2,40.2995,43.519,37.4256,36.2561,45.298,115.544,81.9351,56.631,60.6567,101.927,95.0483,81.6018,88.729,142.031,144.598,114.38,85.302,64.2048,56.631,50.5545,49.7497,49.7497,48.4212,52.7287,79.944,73.147,63.6072,71.2545,119.855,107.132,92.2159
1999-11-01 00:00:00,2,32.1833,31.3076,30.4426,30.0142,31.3076,32.1833,33.0697,47.1086,51.3651,62.1242,63.3094,57.4833,47.6317,49.7497,59.7837,46.5881,39.8139,36.2561,35.5624,38.6116,50.0174,127.061,103.403,56.066,46.848,46.0701,64.5045,63.0121,46.0701,42.7663,
1999-10-01 00:00:00,2,32.8471,32.6252,32.8471,34.8746,36.0242,38.6116,36.7219,35.793,35.1032,34.1928,33.0697,31.3076,30.8738,30.4426,30.0142,29.3766,29.3766,29.3766,29.3766,29.801,31.9634,36.9558,36.0242,34.4194,33.0697,31.9634,33.9668,36.9558,41.0327,36.9558,34.4194
1999-09-01 00:00:00,2,33.293,33.0697,32.8471,32.8471,32.8471,32.6252,32.6252,32.4039,32.4039,34.1928,35.3324,39.331,39.0906,42.0194,41.5247,39.0906,39.5722,40.2995,41.2784,38.3731,36.0242,37.6615,37.6615,39.5722,35.793,34.4194,33.9668,33.7415,33.293,33.0697,
1999-08-01 00:00:00,2,40.0564,39.8139,39.0906,38.8507,38.3731,38.3731,38.3731,37.898,37.898,37.6615,37.4256,37.1904,36.7219,36.4887,36.2561,35.793,35.5624,35.5624,35.5624,35.5624,35.5624,35.3324,35.3324,35.3324,35.1032,34.6466,34.6466,34.6466,34.1928,33.9668,33.7415
1999-07-01 00:00:00,2,47.8942,47.6317,47.3698,47.3698,47.1086,46.848,46.3288,46.3288,46.0701,46.3288,47.1086,46.3288,46.0701,44.7865,44.024,44.024,43.7712,43.519,43.2674,43.0165,42.7663,42.7663,42.2677,41.7717,41.2784,41.0327,40.7876,40.5432,40.2995,40.0564,39.8139
1999-06-01 00:00:00,2,56.3482,55.7844,55.5035,55.2231,54.9435,54.9435,54.9435,54.1082,53.831,53.2786,53.0033,53.0033,52.7287,52.7287,54.386,63.3094,63.6072,58.0547,54.9435,53.0033,52.7287,52.7287,52.4547,51.3651,49.7497,49.2164,49.2164,48.9507,48.6856,48.4212,
1999-05-01 00:00:00,2,75.7047,73.7828,72.5137,71.8829,71.5684,70.9412,70.9412,71.8829,72.5137,70.6285,68.7654,67.8422,67.8422,66.6198,65.1058,64.5045,63.6072,63.0121,63.0121,62.4195,61.5353,60.6567,60.0741,59.7837,59.494,59.494,58.6285,58.3413,57.7687,57.1986,56.631
1999-04-01 00:00:00,2,133.623,129.914,126.656,124.237,118.279,115.155,112.069,108.263,104.516,102.664,100.827,96.1203,93.9817,96.1203,102.295,103.033,104.144,99.3682,93.9817,90.465,87.008,85.9826,84.9626,83.611,82.2691,80.2743,78.9566,77.9746,76.3502,75.0616,
1999-03-01 00:00:00,2,389.934,402.622,383.703,374.16,321.793,258.37,228.095,242.391,231.373,222.558,232.316,245.329,254.304,214.886,193.883,175.604,170.456,198.877,206.117,190.606,179.852,155.512,138.64,139.484,209.155,214.886,171.845,155.512,140.331,136.959,131.557
1999-02-01 00:00:00,2,212.668,169.072,153.301,150.666,134.038,134.869,108.641,112.837,109.398,104.516,97.9187,95.405,105.634,113.993,110.159,103.773,95.0483,86.3238,89.075,101.927,104.516,100.096,83.948,86.6656,114.768,194.709,303.504,371.467,,,
1999-01-01 00:00:00,2,136.959,189.388,220.28,231.373,277.818,272.457,274.057,300.057,279.441,238.515,204.826,193.06,172.562,145.027,149.792,161.326,152.42,145.458,131.969,117.104,104.516,100.827,98.6423,96.8379,95.0483,94.6922,94.3366,95.7623,114.38,128.28,146.752
1998-12-01 00:00:00,2,73.7828,63.6072,65.4073,57.4833,54.1082,58.0547,106.382,112.069,93.9817,82.2691,69.384,61.8294,64.5045,83.948,111.686,96.8379,121.043,159.976,142.457,88.3836,97.9187,98.6423,109.019,107.132,100.462,135.703,139.062,128.688,143.312,169.072,151.104
1998-11-01 00:00:00,2,82.6037,115.155,106.382,86.6656,179.852,130.324,75.0616,60.3651,62.7155,103.403,104.516,131.969,121.44,92.9204,97.1976,104.888,75.0616,63.3094,61.5353,60.3651,55.7844,53.0033,64.8048,53.5545,52.4547,52.4547,56.631,77.323,157.291,88.0388,
1998-10-01 00:00:00,2,36.0242,35.5624,36.7219,36.7219,40.5432,42.5167,37.1904,35.5624,40.2995,43.2674,46.0701,46.848,44.7865,42.7663,41.0327,40.2995,45.0419,73.7828,70.005,51.9086,43.2674,39.5722,38.1352,37.6615,36.7219,35.793,35.1032,36.2561,50.2856,60.3651,65.7095
1998-09-01 00:00:00,2,43.2674,44.5317,42.5167,40.2995,38.8507,38.1352,37.6615,37.4256,36.9558,36.4887,36.0242,36.2561,37.898,36.9558,35.5624,35.3324,35.1032,35.1032,34.6466,34.6466,34.4194,35.793,35.1032,34.4194,33.7415,33.7415,38.8507,54.1082,43.2674,37.4256,
1998-08-01 00:00:00,2,42.2677,42.0194,42.0194,42.2677,42.2677,42.0194,42.5167,45.298,48.1574,48.4212,49.7497,50.8241,48.1574,45.8121,44.5317,43.519,42.5167,42.0194,41.2784,41.0327,40.5432,40.0564,39.8139,39.5722,39.331,39.0906,38.8507,38.3731,38.1352,37.6615,39.0906
1998-07-01 00:00:00,2,52.7287,51.9086,51.0943,50.8241,50.5545,50.2856,50.0174,49.4827,49.2164,48.6856,48.4212,47.8942,47.3698,47.1086,46.848,46.848,46.5881,46.5881,46.0701,45.8121,45.5547,45.298,45.0419,44.5317,44.2775,44.024,43.7712,43.7712,43.2674,43.0165,42.5167
1998-06-01 00:00:00,2,131.557,87.6946,73.7828,69.0744,64.5045,66.0123,63.9057,62.7155,61.8294,61.2418,60.949,60.3651,59.2049,58.3413,58.3413,58.3413,57.7687,56.9145,56.3482,56.066,55.7844,55.5035,55.2231,54.9435,54.6644,54.1082,53.2786,53.0033,52.7287,52.7287,
1998-05-01 00:00:00,2,123.435,96.4788,79.6142,78.3013,85.9826,111.303,103.033,84.2856,76.9981,73.7828,71.8829,70.9412,70.005,68.7654,67.8422,67.2297,68.457,69.384,66.9245,65.4073,64.8048,64.8048,64.2048,63.0121,62.1242,61.8294,61.5353,61.8294,65.4073,82.9389,132.381
1998-04-01 00:00:00,2,108.641,109.398,117.887,112.837,101.56,94.6922,91.5137,90.1166,91.1635,90.465,108.263,98.6423,88.729,85.302,83.611,82.2691,82.6037,86.3238,84.9626,85.302,81.6018,77.9746,76.3502,75.0616,74.1016,73.147,72.198,71.5684,75.3828,110.539,
1998-03-01 00:00:00,2,255.823,214.886,194.709,180.633,171.845,157.737,147.618,140.331,134.453,130.324,126.656,122.635,123.435,133.208,139.484,135.286,127.061,117.495,113.993,115.155,124.237,125.847,123.835,134.869,136.959,126.251,124.237,118.279,113.993,103.403,101.193
1998-02-01 00:00:00,2,191.83,147.618,127.467,117.495,117.104,126.251,121.043,115.544,146.752,212.668,198.457,191.421,142.031,117.887,182.201,294.94,342.157,369.456,367.454,312.253,274.592,231.844,229.964,245.821,315.211,317.593,332.784,303.504,,,
1998-01-01 00:00:00,2,130.734,117.104,110.159,111.303,111.686,118.279,123.435,144.168,183.78,202.26,224.392,204.826,220.28,211.346,184.574,156.845,159.527,152.86,159.079,202.686,190.199,163.134,145.889,129.505,121.838,125.041,183.385,137.798,152.86,233.735,217.571
1997-12-01 00:00:00,2,200.141,192.649,204.396,175.987,133.208,109.778,110.921,182.99,182.595,176.755,166.32,169.072,171.381,173.319,185.768,203.113,258.882,338.384,378.228,339.638,334.643,293.813,231.373,196.368,177.912,188.579,212.227,186.568,159.079,163.588,148.921
1997-11-01 00:00:00,2,47.1086,44.7865,43.0165,41.7717,40.7876,40.0564,40.5432,47.6317,64.5045,50.8241,44.024,41.0327,39.8139,40.0564,56.3482,55.5035,66.3158,67.2297,54.9435,53.2786,88.0388,75.0616,65.7095,60.0741,57.7687,69.6942,71.5684,82.6037,101.193,123.835,
1997-10-01 00:00:00,2,44.024,45.5547,43.519,40.5432,39.0906,37.898,37.6615,37.1904,36.9558,36.4887,35.793,35.5624,35.1032,34.6466,34.4194,34.8746,35.5624,39.5722,37.6615,37.1904,54.1082,157.737,192.239,107.132,67.5356,54.9435,60.949,115.544,83.948,57.7687,51.3651
1997-09-01 00:00:00,2,41.5247,41.2784,41.0327,40.7876,40.5432,40.5432,40.2995,40.0564,40.0564,39.5722,38.8507,38.6116,38.8507,38.3731,38.8507,39.0906,39.5722,39.8139,39.331,39.0906,41.2784,44.2775,43.7712,41.0327,41.2784,44.7865,45.8121,43.7712,42.0194,41.7717,
1997-08-01 00:00:00,2,50.5545,50.2856,50.0174,49.4827,48.9507,48.6856,48.4212,48.1574,47.8942,47.8942,47.3698,47.3698,47.1086,46.848,46.5881,46.3288,45.8121,45.298,45.0419,45.0419,45.0419,44.7865,44.2775,44.024,43.7712,43.2674,42.5167,42.2677,42.2677,42.2677,42.2677
1997-07-01 00:00:00,2,61.2418,60.6567,60.3651,60.0741,59.494,58.9164,58.3413,58.0547,57.7687,57.1986,56.9145,56.066,55.7844,55.7844,55.7844,55.2231,54.9435,54.386,53.831,53.5545,53.2786,53.831,54.1082,53.5545,53.2786,53.0033,52.4547,52.1813,51.6365,51.0943,50.5545
1997-06-01 00:00:00,2,75.7047,73.147,71.5684,70.9412,70.6285,79.2851,93.6273,96.8379,91.1635,73.4646,70.9412,70.3165,69.6942,70.9412,74.741,85.9826,82.2691,75.7047,71.2545,69.384,69.0744,68.7654,67.5356,66.0123,65.1058,64.2048,63.6072,63.0121,62.4195,61.8294,
1997-05-01 00:00:00,2,93.9817,89.7688,87.6946,86.3238,85.302,83.948,82.9389,82.2691,81.9351,80.9368,80.2743,79.2851,78.3013,77.323,76.9981,76.6739,78.3013,79.2851,78.3013,76.3502,75.3828,74.741,74.741,76.3502,76.3502,84.6238,94.3366,82.6037,86.6656,93.2736,81.6018
1997-04-01 00:00:00,2,133.623,199.719,208.284,170.456,150.666,135.703,127.467,143.74,138.64,119.46,112.837,109.398,109.019,104.888,103.403,101.193,99.732,99.0049,99.0049,100.096,103.033,110.159,105.634,102.295,101.193,98.2802,96.4788,93.9817,107.509,102.664,
1997-03-01 00:00:00,2,172.562,179.074,174.459,175.604,177.526,259.908,323,316.996,270.335,227.165,198.457,181.416,169.994,160.876,158.184,155.956,171.381,182.595,164.496,151.542,143.74,137.798,131.969,129.505,125.444,122.236,119.855,117.495,115.155,114.768,117.887
1997-02-01 00:00:00,2,407.639,345.325,324.211,308.147,287.112,258.882,239.48,224.852,217.122,205.686,195.952,184.971,181.024,181.808,179.074,175.987,172.94,166.777,184.574,216.673,186.969,169.072,156.4,150.666,151.104,156.4,160.876,167.235,,,
1997-01-01 00:00:00,2,347.236,438.83,577.56,654.051,735.374,818.845,907.064,861.831,760.596,727.475,680.761,641.473,599.399,558.404,531.294,510.432,486.491,446.463,425.86,404.051,383.016,345.961,319.987,286.559,248.294,220.734,332.166,409.081,438.83,461.876,448.653
1996-12-01 00:00:00,2,69.0744,68.7654,79.6142,103.773,167.235,140.755,113.993,99.732,93.9817,91.1635,100.096,97.1976,109.398,127.873,142.031,206.982,234.21,248.79,232.788,169.533,151.542,153.301,156.4,222.558,226.701,220.734,280.528,337.134,281.617,277.818,323
1996-11-01 00:00:00,2,35.1032,36.7219,48.9507,64.5045,85.302,72.5137,56.631,45.298,39.5722,36.9558,35.1032,33.7415,33.0697,32.4039,37.898,55.2231,115.155,145.458,142.457,119.066,211.786,335.264,367.454,335.264,238.515,170.456,131.557,106.757,87.351,72.5137,
1996-10-01 00:00:00,2,36.7219,38.8507,35.793,36.0242,43.7712,44.5317,39.0906,35.793,35.3324,36.2561,34.8746,34.6466,42.7663,45.0419,42.5167,41.5247,39.331,36.4887,34.8746,33.5169,32.6252,32.1833,33.0697,40.0564,34.6466,37.898,37.4256,42.5167,38.3731,36.0242,36.2561
1996-09-01 00:00:00,2,36.0242,35.1032,33.293,33.293,41.5247,59.7837,48.1574,49.7497,46.848,40.2995,39.0906,47.8942,62.4195,61.2418,53.831,44.5317,40.7876,39.0906,39.331,38.8507,37.4256,36.4887,35.5624,35.1032,34.6466,36.0242,46.5881,40.7876,35.3324,34.1928,
1996-08-01 00:00:00,2,36.0242,35.793,36.0242,36.0242,35.5624,35.3324,35.1032,34.6466,34.4194,34.1928,34.1928,34.8746,36.0242,38.3731,36.9558,39.5722,42.5167,39.331,36.9558,36.4887,35.1032,34.6466,34.1928,33.9668,33.7415,33.293,33.0697,32.8471,32.6252,32.4039,33.7415
1996-07-01 00:00:00,2,46.0701,45.0419,43.7712,43.2674,42.7663,42.7663,42.2677,41.7717,41.7717,41.2784,40.7876,40.2995,39.8139,39.331,39.0906,38.8507,38.8507,38.6116,38.3731,38.3731,37.898,37.6615,37.4256,37.1904,36.9558,36.9558,36.7219,36.7219,36.7219,36.4887,36.4887
1996-06-01 00:00:00,2,52.1813,51.6365,51.3651,50.8241,50.5545,50.0174,49.7497,49.4827,48.9507,48.4212,47.8942,47.8942,47.3698,47.1086,46.848,46.848,46.5881,46.3288,46.0701,45.298,44.7865,44.2775,44.024,43.7712,43.2674,43.0165,43.0165,42.7663,43.2674,45.0419,
1996-05-01 00:00:00,2,63.9057,63.0121,62.1242,61.5353,60.6567,59.7837,58.9164,58.6285,58.0547,57.4833,57.1986,57.4833,57.7687,56.631,56.631,58.9164,60.3651,59.7837,68.457,80.6053,70.3165,61.8294,61.8294,66.0123,64.2048,58.6285,56.066,55.2231,54.386,53.5545,52.7287
1996-04-01 00:00:00,2,90.1166,88.0388,83.611,81.269,79.6142,77.9746,76.3502,75.3828,74.741,73.4646,72.198,71.8829,78.6287,82.9389,78.6287,75.7047,91.5137,117.495,143.74,102.295,83.2747,76.6739,73.4646,71.5684,70.005,68.457,67.5356,66.0123,65.1058,64.8048,
1996-03-01 00:00:00,2,96.8379,87.351,98.6423,92.5678,101.193,139.484,122.236,133.208,161.326,156.845,155.512,137.798,139.062,223.015,192.239,171.381,203.54,217.571,229.964,190.606,173.698,173.698,163.134,141.605,155.512,126.251,113.222,105.26,96.8379,92.9204,89.7688
1996-02-01 00:00:00,2,87.008,90.1166,88.0388,93.2736,91.8645,98.6423,113.993,135.286,135.703,122.236,126.656,124.237,119.46,121.44,192.649,147.618,101.927,89.4216,84.2856,80.6053,85.302,99.0049,103.033,111.303,109.398,101.56,95.0483,106.757,125.444,,
1996-01-01 00:00:00,2,170.456,242.391,367.454,362.154,307.564,252.288,235.161,303.504,294.376,308.147,314.025,327.865,347.875,351.727,256.331,226.701,202.686,166.32,158.184,142.457,139.907,146.752,139.484,127.873,124.237,117.104,107.885,101.193,97.1976,91.5137,88.0388
1995-12-01 00:00:00,2,36.9558,43.0165,57.1986,60.6567,45.8121,43.7712,41.0327,41.2784,39.5722,39.5722,37.4256,45.0419,81.9351,151.104,267.174,193.06,120.251,86.3238,94.6922,104.516,95.0483,54.386,140.755,174.078,176.755,179.074,204.396,258.37,342.789,312.253,218.021
1995-11-01 00:00:00,2,45.0419,52.7287,83.2747,76.3502,62.7155,53.2786,48.9507,43.519,39.8139,38.1352,36.7219,35.793,35.793,40.5432,56.631,86.3238,85.302,61.5353,55.7844,48.9507,44.7865,40.0564,37.898,38.1352,41.0327,41.5247,41.7717,39.331,37.1904,36.4887,
1995-10-01 00:00:00,2,43.7712,41.7717,40.0564,36.4887,35.3324,34.6466,35.3324,36.7219,36.4887,36.4887,46.0701,47.8942,38.1352,40.5432,53.5545,58.3413,53.5545,43.7712,40.7876,39.0906,42.2677,46.0701,40.7876,37.898,36.4887,34.8746,34.1928,33.5169,33.0697,32.6252,34.1928
1995-09-01 00:00:00,2,35.793,35.5624,35.1032,35.1032,34.6466,34.4194,34.4194,34.4194,34.1928,34.1928,34.1928,33.9668,33.7415,33.293,33.0697,32.8471,32.8471,34.8746,51.3651,47.1086,44.7865,49.4827,42.5167,38.1352,36.7219,36.2561,36.2561,46.0701,58.9164,48.4212,
1995-08-01 00:00:00,2,44.5317,44.024,43.519,43.519,43.2674,42.7663,42.2677,42.2677,41.7717,41.2784,41.0327,40.7876,40.5432,40.0564,40.0564,40.0564,39.8139,39.331,38.8507,38.3731,38.3731,38.3731,38.3731,37.898,37.898,37.1904,36.9558,36.9558,36.7219,36.4887,36.0242
1995-07-01 00:00:00,2,54.386,53.831,53.2786,52.7287,52.1813,51.9086,51.3651,50.8241,50.5545,50.2856,50.0174,50.0174,50.2856,49.7497,49.4827,49.4827,48.9507,48.1574,47.6317,47.3698,47.1086,48.4212,48.1574,47.6317,47.3698,46.5881,46.3288,45.5547,45.298,44.7865,44.7865
1995-06-01 00:00:00,2,66.9245,66.3158,65.4073,64.8048,63.9057,63.0121,63.0121,62.7155,62.1242,61.5353,60.3651,60.3651,60.3651,59.494,59.2049,58.9164,58.6285,58.0547,57.4833,57.1986,56.9145,56.631,57.4833,57.1986,56.631,56.3482,56.3482,56.066,56.066,55.2231,
1995-05-01 00:00:00,2,78.9566,77.6485,76.6739,75.7047,75.0616,75.3828,120.647,154.183,136.121,115.155,99.0049,95.7623,91.8645,85.9826,82.9389,80.2743,80.2743,80.9368,80.2743,77.6485,75.3828,73.4646,72.5137,72.198,71.5684,75.0616,76.6739,71.8829,69.384,68.7654,67.8422
1995-04-01 00:00:00,2,223.932,260.422,210.029,157.737,141.18,126.251,118.279,113.607,109.778,107.132,106.382,103.773,102.295,111.303,103.403,97.9187,94.6922,92.9204,91.1635,89.075,89.4216,90.814,93.9817,96.8379,95.405,88.729,85.9826,83.611,82.2691,80.6053,
1995-03-01 00:00:00,2,188.983,178.686,166.32,160.876,160.425,160.876,165.407,168.612,165.863,167.235,155.512,136.54,130.324,128.688,142.031,173.698,155.512,133.208,121.44,117.887,114.38,112.069,147.618,151.104,142.031,132.794,124.638,120.647,116.713,110.159,125.041
1995-02-01 00:00:00,2,151.981,175.604,214.441,304.082,390.631,381.643,302.927,340.267,500.119,524.305,558.404,601.844,603.068,571.547,511.582,497.838,498.978,481.98,443.186,409.081,433.408,421.494,370.796,309.902,265.083,242.391,184.971,175.604,,,
1995-01-01 00:00:00,2,66.3158,71.2545,112.837,200.986,345.961,322.396,233.261,166.777,124.237,99.732,85.9826,79.2851,76.9981,77.9746,72.8301,66.6198,63.9057,62.1242,60.949,61.8294,67.5356,85.302,76.9981,66.9245,62.1242,69.6942,105.26,142.884,127.061,101.927,110.539
1994-12-01 00:00:00,2,93.2736,74.741,58.0547,50.5545,48.4212,50.0174,65.7095,88.3836,84.9626,73.4646,66.9245,63.3094,53.5545,49.7497,50.2856,53.5545,54.9435,62.1242,73.147,82.6037,71.8829,59.7837,82.6037,248.294,226.238,177.912,136.959,117.495,109.398,84.6238,71.2545
1994-11-01 00:00:00,2,44.2775,40.7876,39.0906,38.6116,37.4256,36.9558,36.7219,36.7219,36.7219,38.3731,36.2561,48.9507,64.2048,66.3158,63.9057,62.1242,57.1986,48.1574,44.5317,112.837,127.873,90.814,60.0741,59.494,62.7155,66.3158,59.494,52.7287,66.0123,81.269,
1994-10-01 00:00:00,2,36.9558,36.0242,35.3324,34.4194,33.9668,33.7415,35.5624,49.2164,55.7844,41.2784,37.6615,36.0242,35.3324,34.6466,34.1928,37.6615,91.5137,94.3366,56.066,43.519,41.2784,39.8139,38.3731,37.898,37.6615,36.9558,37.6615,47.6317,101.927,80.6053,53.831
1994-09-01 00:00:00,2,41.2784,41.0327,40.5432,40.2995,40.0564,40.0564,39.5722,39.331,39.0906,38.8507,38.6116,38.3731,38.3731,38.1352,37.6615,37.4256,37.1904,37.1904,37.1904,37.1904,36.9558,36.4887,36.2561,36.0242,35.5624,35.3324,35.1032,34.8746,35.1032,37.1904,
1994-08-01 00:00:00,2,49.4827,49.2164,48.9507,48.4212,47.8942,47.3698,46.848,46.848,46.848,46.5881,46.3288,46.0701,45.8121,45.5547,45.5547,45.298,45.0419,44.7865,44.5317,44.2775,44.024,43.7712,42.7663,42.5167,42.5167,42.2677,42.2677,42.2677,42.0194,41.7717,41.2784
1994-07-01 00:00:00,2,59.494,59.494,59.494,58.9164,58.6285,57.7687,57.4833,57.1986,56.631,56.066,55.2231,54.9435,54.386,54.386,54.386,54.1082,53.831,53.5545,53.2786,53.2786,52.7287,52.1813,51.9086,51.9086,53.5545,52.4547,51.9086,51.3651,50.5545,50.0174,49.7497
1994-06-01 00:00:00,2,76.3502,75.0616,73.7828,73.147,72.198,71.2545,70.005,69.0744,68.1493,67.2297,66.9245,66.3158,65.7095,65.1058,64.8048,63.3094,64.2048,63.6072,63.0121,62.4195,61.5353,61.2418,62.4195,65.7095,66.0123,63.0121,61.8294,61.5353,60.6567,59.7837,
1994-05-01 00:00:00,2,82.6037,81.269,80.2743,79.6142,78.6287,77.6485,76.3502,75.7047,75.0616,73.7828,73.147,72.5137,71.8829,77.9746,109.398,201.41,220.734,168.153,121.043,99.3682,91.5137,87.008,87.008,84.9626,83.948,84.6238,81.6018,81.6018,87.351,83.948,79.2851
1994-04-01 00:00:00,2,170.919,191.83,150.229,131.145,123.435,115.933,132.794,131.969,113.993,109.019,104.144,101.927,99.732,98.2802,96.4788,98.2802,106.382,104.144,104.516,114.768,114.38,106.007,98.2802,94.6922,92.2159,90.465,89.4216,87.351,85.302,83.2747,
1994-03-01 00:00:00,2,134.038,140.331,142.457,159.976,147.618,126.251,136.121,170.919,157.737,144.168,136.54,184.177,218.922,190.199,148.486,139.484,131.969,125.041,131.557,154.183,187.773,178.299,182.201,181.808,149.356,206.982,193.471,225.314,215.778,164.496,140.331
1994-02-01 00:00:00,2,247.303,212.668,193.883,180.633,171.381,163.134,160.425,167.235,157.737,144.168,141.605,152.42,143.312,158.631,172.562,148.921,143.312,136.121,126.251,126.251,118.672,112.069,109.778,106.757,106.007,113.607,110.539,130.734,,,
1994-01-01 00:00:00,2,206.549,375.513,362.813,437.744,531.294,598.177,610.432,538.317,426.935,355.61,314.025,298.344,344.055,392.027,411.977,465.205,471.888,404.051,334.643,294.376,349.797,350.439,392.027,478.607,513.887,488.753,422.972,387.849,331.549,288.777,281.072
1993-12-01 00:00:00,2,40.2995,40.0564,40.2995,44.7865,40.7876,53.0033,58.9164,48.6856,45.298,43.2674,46.5881,53.0033,62.7155,68.7654,73.147,54.386,47.1086,46.3288,48.4212,46.3288,96.8379,122.635,85.642,62.4195,77.9746,125.847,115.155,89.7688,117.104,143.74,158.184
1993-11-01 00:00:00,2,43.7712,42.0194,41.0327,42.0194,58.3413,56.9145,47.3698,67.2297,83.611,60.3651,53.5545,45.8121,43.0165,40.5432,41.2784,39.0906,37.4256,36.9558,36.7219,37.898,41.0327,40.7876,60.949,44.024,42.2677,45.5547,48.9507,62.4195,61.2418,45.298,
1993-10-01 00:00:00,2,47.8942,46.3288,48.1574,50.5545,50.2856,60.0741,83.948,61.8294,49.7497,45.298,43.519,42.0194,41.2784,40.5432,39.8139,39.0906,39.0906,42.7663,47.6317,42.2677,50.5545,63.0121,57.4833,61.5353,56.9145,64.2048,129.914,83.948,62.1242,52.7287,46.0701
1993-09-01 00:00:00,2,44.7865,44.2775,43.7712,43.2674,42.7663,42.5167,42.5167,42.0194,41.7717,41.2784,41.7717,42.0194,43.519,47.8942,45.0419,43.2674,44.024,44.024,43.7712,42.2677,41.7717,41.2784,44.2775,43.7712,54.6644,68.457,56.631,58.3413,56.3482,54.1082,
1993-08-01 00:00:00,2,51.3651,51.3651,50.8241,50.5545,50.0174,49.4827,49.2164,48.6856,48.4212,48.1574,47.8942,47.3698,47.1086,46.848,47.3698,50.0174,57.7687,59.2049,53.2786,51.9086,50.5545,49.7497,49.2164,48.9507,48.9507,49.4827,49.4827,48.4212,46.848,46.0701,45.5547
1993-07-01 00:00:00,2,63.6072,63.3094,63.0121,62.1242,61.2418,60.6567,60.3651,60.0741,59.494,59.2049,58.9164,58.6285,58.0547,57.7687,57.4833,56.9145,56.631,56.3482,55.7844,55.2231,54.9435,54.386,53.831,53.5545,53.0033,53.0033,52.4547,52.4547,52.1813,52.1813,51.6365
1993-06-01 00:00:00,2,80.6053,89.075,85.642,79.6142,79.944,90.465,99.3682,100.827,95.0483,93.2736,90.465,81.269,77.9746,76.0271,74.421,73.4646,72.8301,71.5684,71.2545,71.2545,70.9412,69.6942,69.0744,68.1493,67.8422,67.2297,66.0123,65.4073,64.8048,64.2048,
1993-05-01 00:00:00,2,108.263,106.757,105.634,107.132,112.069,114.38,110.539,107.132,102.295,99.3682,97.1976,95.7623,94.3366,92.9204,92.2159,91.8645,91.1635,90.1166,88.3836,86.3238,84.6238,83.2747,81.9351,81.269,80.6053,79.944,78.9566,78.3013,77.323,76.6739,76.0271
1993-04-01 00:00:00,2,219.374,204.396,203.113,265.604,249.786,224.852,210.468,197.62,205.686,220.28,191.83,189.388,182.201,160.425,149.792,145.027,143.74,142.457,136.54,131.969,127.873,125.041,122.236,119.46,121.838,129.505,123.835,115.933,112.452,110.159,
1993-03-01 00:00:00,2,394.129,357.564,337.759,309.902,296.072,271.925,253.799,239.48,216.673,204.826,193.883,229.028,212.668,214.886,189.793,172.562,173.698,178.686,171.381,166.777,173.319,192.649,182.201,160.425,148.052,259.395,267.174,261.969,249.786,199.298,208.719
1993-02-01 00:00:00,2,166.777,159.079,128.28,145.889,175.987,306.4,328.477,392.027,339.638,313.434,304.082,297.206,301.203,290.448,314.618,363.474,424.786,375.513,316.4,305.239,294.376,265.083,291.566,363.474,485.362,533.631,505.839,447.557,,,
1993-01-01 00:00:00,2,132.381,120.647,112.837,127.873,219.374,213.997,173.319,182.201,173.319,163.588,159.976,200.141,248.79,202.686,160.425,136.121,136.54,176.755,176.371,165.863,152.86,151.981,154.626,155.068,175.987,171.381,163.134,195.952,166.777,145.889,142.884
1992-12-01 00:00:00,2,89.075,103.403,202.686,182.99,125.041,113.607,103.773,126.251,157.737,135.703,121.838,248.294,338.384,308.147,274.592,188.176,156.4,158.184,233.261,240.932,234.21,286.007,234.21,186.969,164.042,145.889,137.798,158.631,197.62,168.153,145.027
1992-11-01 00:00:00,2,218.471,250.285,257.349,211.346,189.793,187.371,199.298,189.388,173.698,186.168,197.202,195.952,162.681,138.64,125.041,110.539,99.732,91.5137,87.6946,90.814,103.403,117.495,101.193,109.019,127.873,116.323,107.509,111.686,105.634,95.7623,
1992-10-01 00:00:00,2,65.1058,55.5035,68.457,74.421,66.3158,60.0741,60.0741,61.5353,83.2747,168.612,145.458,94.3366,71.8829,65.1058,62.7155,59.7837,56.066,62.1242,62.1242,56.3482,54.386,63.6072,65.7095,88.0388,94.6922,80.6053,63.0121,66.0123,84.6238,131.145,177.526
1992-09-01 00:00:00,2,47.1086,46.3288,45.5547,45.298,50.5545,52.1813,77.9746,88.729,72.8301,56.631,51.3651,48.9507,48.4212,48.4212,48.4212,49.2164,52.7287,63.9057,82.6037,84.9626,75.7047,58.9164,54.386,51.3651,49.7497,49.4827,60.3651,75.0616,94.6922,88.3836,
1992-08-01 00:00:00,2,55.5035,54.6644,54.1082,53.831,53.5545,53.2786,53.0033,53.0033,52.4547,52.1813,51.9086,51.0943,50.5545,50.5545,50.0174,50.0174,49.7497,49.4827,49.7497,50.8241,51.6365,52.7287,51.3651,50.2856,49.4827,48.6856,47.8942,47.6317,47.3698,48.6856,47.6317
1992-07-01 00:00:00,2,68.1493,67.5356,67.2297,66.6198,66.0123,65.1058,64.5045,63.9057,65.4073,68.457,68.457,68.1493,66.9245,65.1058,63.3094,63.0121,62.1242,61.2418,60.6567,60.0741,59.2049,58.9164,58.3413,58.0547,58.0547,57.7687,57.4833,57.1986,56.631,56.3482,55.7844
1992-06-01 00:00:00,2,90.465,89.7688,88.3836,87.351,86.6656,86.6656,85.302,83.611,82.6037,81.269,80.6053,79.6142,78.9566,78.3013,77.323,76.9981,76.0271,75.7047,75.3828,75.0616,74.1016,73.7828,73.147,72.5137,71.5684,70.9412,70.6285,69.6942,69.6942,69.0744,
1992-05-01 00:00:00,2,133.208,131.969,128.688,127.873,234.21,261.452,246.808,189.388,163.588,142.884,129.096,123.835,120.251,115.933,113.607,112.452,110.159,107.885,105.26,105.26,104.888,103.773,103.403,103.033,103.403,105.26,103.773,99.3682,95.0483,93.9817,92.2159
1992-04-01 00:00:00,2,147.185,152.42,162.229,178.686,165.863,143.312,136.54,148.052,146.32,136.54,134.038,129.914,125.444,122.635,142.457,179.074,165.863,154.183,142.031,132.794,126.656,124.638,120.647,117.104,148.052,182.201,225.314,199.298,150.666,133.623,
1992-03-01 00:00:00,2,261.969,293.25,345.325,364.797,326.034,286.559,262.486,253.799,239.48,229.964,231.373,220.734,221.645,220.28,217.571,206.117,193.883,187.773,188.983,203.968,200.563,188.579,177.14,167.694,161.326,158.184,168.153,170.919,163.134,153.301,147.618
1992-02-01 00:00:00,2,497.838,551.283,603.068,709.171,899.939,945.9,918.507,915.641,864.633,813.359,768.626,711.775,646.493,586.016,521.983,465.205,418.548,388.543,364.135,339.638,315.211,292.688,277.818,264.042,251.285,245.821,251.285,248.294,241.418,,
1992-01-01 00:00:00,2,117.104,133.623,183.78,155.512,152.86,179.852,210.029,145.889,106.007,88.3836,77.9746,71.5684,71.5684,140.331,269.806,269.806,262.486,400.486,460.769,497.838,532.462,564.364,605.519,694.911,820.219,820.219,769.968,693.62,614.126,539.491,492.152
1991-12-01 00:00:00,2,44.7865,48.4212,50.0174,44.7865,40.7876,38.1352,37.4256,39.5722,64.8048,72.5137,84.2856,101.193,115.155,127.873,123.035,119.46,112.452,92.9204,94.6922,92.9204,97.1976,92.5678,75.3828,64.8048,60.3651,62.1242,70.3165,76.9981,90.1166,124.638,123.035
1991-11-01 00:00:00,2,37.1904,42.0194,51.3651,73.4646,57.4833,44.5317,41.5247,43.2674,48.1574,58.9164,65.7095,53.5545,48.1574,47.6317,58.9164,72.8301,62.7155,53.831,51.6365,49.2164,46.5881,43.7712,41.0327,39.331,37.898,37.6615,37.4256,37.1904,37.1904,41.0327,
1991-10-01 00:00:00,2,60.6567,108.641,102.295,67.5356,56.631,47.8942,50.5545,103.033,129.096,97.1976,92.2159,69.6942,57.7687,49.4827,47.1086,45.0419,49.4827,64.5045,61.8294,56.631,51.3651,46.0701,42.7663,40.7876,40.2995,39.331,39.0906,38.6116,37.898,37.4256,36.9558
1991-09-01 00:00:00,2,41.2784,41.0327,41.0327,40.5432,40.5432,40.2995,40.0564,39.8139,39.5722,39.0906,38.8507,38.8507,38.6116,38.3731,38.6116,38.6116,38.3731,38.1352,39.8139,39.0906,39.0906,39.5722,40.0564,39.0906,39.8139,41.5247,42.2677,41.5247,41.2784,47.6317,
1991-08-01 00:00:00,2,51.3651,51.0943,51.0943,50.2856,50.0174,50.0174,49.4827,48.9507,48.9507,48.1574,47.6317,47.1086,46.5881,46.0701,45.5547,45.298,45.0419,44.7865,44.2775,43.7712,43.7712,43.7712,43.519,43.2674,43.2674,43.2674,42.7663,42.5167,42.2677,42.0194,41.5247
1991-07-01 00:00:00,2,64.8048,64.8048,64.5045,63.6072,62.7155,62.1242,61.2418,60.6567,60.0741,59.494,58.9164,58.9164,59.2049,59.494,59.494,59.2049,58.9164,58.3413,58.0547,56.9145,56.3482,56.066,55.5035,54.9435,54.6644,53.831,53.2786,52.7287,52.7287,51.9086,51.6365
1991-06-01 00:00:00,2,87.6946,85.302,84.9626,83.948,83.2747,82.9389,81.6018,80.6053,79.944,79.2851,78.3013,76.9981,76.0271,75.3828,75.0616,74.1016,74.1016,73.4646,72.5137,71.2545,70.6285,70.3165,70.005,68.7654,68.457,67.8422,66.9245,66.0123,65.4073,64.8048,
1991-05-01 00:00:00,2,147.618,141.18,134.453,131.145,127.061,124.237,121.043,119.46,118.279,117.104,114.38,112.069,109.398,107.885,107.132,109.019,125.444,125.041,118.672,106.757,110.159,108.641,106.382,100.462,97.5579,96.1203,94.3366,92.5678,90.814,89.7688,88.3836
1991-04-01 00:00:00,2,609.202,723.538,763.269,734.055,664.179,578.765,487.621,413.43,372.812,352.372,324.211,299.485,265.083,247.798,228.561,224.392,220.28,201.835,193.471,193.883,221.645,209.592,183.78,169.533,160.876,155.512,164.951,188.579,178.686,155.956,
1991-03-01 00:00:00,2,175.222,133.208,142.457,143.312,167.235,305.819,389.934,429.089,392.727,295.506,233.261,180.242,152.86,167.694,187.371,168.612,154.183,138.64,131.969,142.031,182.595,167.694,159.527,150.666,139.484,187.371,224.392,319.987,393.428,480.855,537.144
1991-02-01 00:00:00,2,421.494,395.535,376.869,313.434,254.304,226.238,233.735,253.799,283.258,267.174,257.859,250.285,239.48,227.63,206.549,231.373,289.333,257.349,284.905,268.225,214.441,187.371,171.845,143.312,121.838,130.324,140.331,164.496,,,
1991-01-01 00:00:00,2,38.8507,35.793,33.0697,33.7415,64.2048,119.855,277.818,206.549,116.323,112.837,127.467,128.28,181.024,285.456,389.934,438.83,396.24,312.843,244.837,213.111,205.255,201.835,182.99,175.222,169.072,160.425,170.919,245.329,385.772,446.463,474.124
1990-12-01 00:00:00,2,35.5624,32.6252,31.0903,29.3766,28.3276,27.7063,27.2955,27.0911,26.8874,28.7452,30.4426,35.793,34.1928,33.0697,40.2995,48.1574,45.0419,56.066,49.4827,57.4833,74.1016,57.7687,42.5167,44.5317,45.298,40.7876,78.9566,74.741,55.5035,54.6644,48.4212
1990-11-01 00:00:00,2,30.0142,31.0903,32.8471,36.7219,36.9558,39.0906,55.7844,55.2231,45.8121,39.5722,34.1928,35.3324,63.3094,63.3094,42.2677,35.3324,34.4194,32.1833,30.2281,29.801,32.1833,35.1032,35.5624,31.0903,31.5255,36.9558,55.2231,60.0741,43.2674,43.7712,
1990-10-01 00:00:00,2,30.6579,31.0903,33.0697,43.0165,45.8121,37.4256,33.5169,32.1833,31.0903,30.4426,30.2281,29.801,29.3766,32.8471,37.6615,33.293,38.3731,35.1032,41.5247,55.7844,53.5545,48.1574,41.2784,36.9558,34.6466,36.0242,40.2995,35.5624,32.6252,31.5255,30.6579
1990-09-01 00:00:00,2,40.0564,39.331,46.3288,52.7287,44.5317,38.6116,37.1904,36.2561,35.5624,35.1032,34.6466,33.7415,33.293,33.5169,36.2561,44.7865,47.1086,41.5247,38.1352,35.3324,34.4194,33.5169,33.0697,32.6252,32.6252,33.0697,32.6252,31.9634,31.5255,31.0903,
1990-08-01 00:00:00,2,35.5624,35.3324,35.3324,35.3324,35.3324,35.1032,34.6466,34.6466,35.3324,35.793,35.793,35.5624,35.1032,34.4194,33.7415,33.5169,33.293,34.6466,38.1352,43.0165,42.5167,47.3698,46.5881,40.5432,37.6615,36.7219,36.2561,36.2561,37.1904,40.5432,42.2677
1990-07-01 00:00:00,2,40.5432,40.5432,40.2995,40.2995,40.2995,42.0194,45.298,48.6856,49.2164,45.298,43.0165,42.2677,42.5167,41.7717,41.0327,40.5432,40.5432,40.2995,40.0564,39.5722,39.331,38.6116,37.898,37.6615,39.8139,39.8139,39.331,37.1904,36.4887,36.2561,35.793
1990-06-01 00:00:00,2,50.0174,49.4827,48.9507,48.4212,48.1574,47.8942,47.3698,46.848,46.5881,46.3288,46.0701,45.5547,45.0419,44.5317,44.2775,44.2775,44.024,43.7712,43.2674,43.2674,43.2674,42.7663,42.5167,42.2677,42.0194,41.5247,41.2784,41.2784,41.0327,40.7876,
1990-05-01 00:00:00,2,60.0741,59.7837,66.6198,99.0049,94.3366,70.9412,65.1058,71.8829,66.0123,61.2418,59.7837,61.5353,66.9245,65.1058,63.3094,59.494,58.6285,63.9057,66.9245,66.0123,59.7837,56.631,55.2231,54.1082,53.5545,53.0033,52.7287,52.1813,51.9086,51.0943,50.5545
1990-04-01 00:00:00,2,75.7047,70.6285,67.2297,65.4073,65.7095,73.147,69.0744,64.8048,63.3094,62.4195,63.6072,69.384,67.8422,60.949,59.7837,79.2851,80.6053,151.981,202.26,197.62,137.378,96.8379,81.6018,74.1016,70.3165,67.2297,65.4073,63.6072,62.1242,60.949,
1990-03-01 00:00:00,2,146.32,203.113,159.079,109.019,88.0388,80.2743,78.9566,81.269,81.6018,76.6739,70.9412,66.9245,64.8048,63.0121,62.1242,62.1242,66.3158,67.5356,84.6238,91.5137,87.008,95.405,101.927,115.544,136.54,112.069,126.251,142.457,134.869,101.56,86.6656
1990-02-01 00:00:00,2,83.948,81.269,79.2851,77.323,76.3502,75.3828,74.421,72.8301,70.6285,69.384,68.1493,68.457,76.3502,85.9826,149.792,132.794,99.0049,81.9351,73.4646,69.384,66.9245,65.1058,70.005,85.302,82.2691,78.6287,110.539,149.356,,,
1990-01-01 00:00:00,2,182.201,308.731,380.958,518.507,544.196,571.547,559.594,461.876,370.796,376.869,278.358,248.79,225.314,206.117,187.773,171.381,153.742,140.331,130.734,122.635,117.104,111.303,107.132,103.033,110.159,110.539,100.827,97.1976,94.3366,90.814,87.008
1989-12-01 00:00:00,2,52.4547,50.8241,47.6317,43.7712,41.5247,49.2164,56.3482,53.0033,48.1574,41.5247,39.331,87.6946,174.84,202.26,242.391,255.316,249.786,212.227,182.201,210.906,318.19,325.426,257.349,198.038,171.845,154.183,144.168,136.54,133.623,130.324,159.976
1989-11-01 00:00:00,2,30.8738,29.801,29.1655,31.9634,54.1082,45.298,36.4887,32.4039,33.293,33.293,43.0165,116.323,175.987,139.062,95.405,63.3094,51.3651,54.386,82.6037,81.9351,78.9566,110.539,160.876,116.323,89.7688,67.5356,56.9145,50.8241,53.831,55.5035,
1989-10-01 00:00:00,2,65.1058,49.2164,40.2995,36.7219,34.6466,45.0419,44.7865,35.5624,35.1032,33.7415,30.0142,32.6252,36.4887,39.331,37.898,31.9634,31.5255,49.2164,48.4212,37.1904,33.0697,33.293,56.631,75.0616,54.386,43.2674,39.5722,34.8746,33.0697,32.1833,31.3076
1989-09-01 00:00:00,2,31.3076,30.6579,30.2281,30.2281,30.2281,35.5624,40.0564,39.331,31.7441,34.1928,35.1032,34.6466,35.1032,35.3324,34.1928,40.5432,35.793,32.8471,31.0903,30.0142,31.5255,31.9634,31.7441,30.2281,30.8738,31.0903,33.293,35.3324,36.9558,50.0174,
1989-08-01 00:00:00,2,48.4212,46.3288,43.519,37.1904,35.793,35.1032,35.1032,35.1032,39.5722,35.793,34.8746,33.7415,33.293,32.8471,32.6252,32.6252,32.4039,31.9634,31.9634,31.5255,31.5255,31.7441,31.5255,31.3076,34.4194,34.6466,48.1574,56.066,42.5167,39.5722,31.9634
1989-07-01 00:00:00,2,38.8507,38.8507,38.6116,38.1352,37.6615,37.4256,37.4256,39.5722,39.331,38.3731,37.6615,37.1904,36.9558,35.1032,35.1032,35.1032,34.6466,35.1032,35.1032,34.8746,34.8746,34.6466,34.6466,34.1928,34.1928,34.1928,33.7415,33.7415,34.6466,35.1032,41.2784
1989-06-01 00:00:00,2,43.0165,43.7712,43.519,43.2674,43.0165,42.5167,41.7717,41.7717,41.7717,42.7663,44.024,49.2164,53.0033,49.4827,46.5881,43.519,42.5167,42.2677,42.0194,41.7717,41.5247,41.0327,40.7876,40.5432,40.5432,40.2995,40.0564,38.8507,38.8507,38.8507,
1989-05-01 00:00:00,2,60.949,60.949,77.323,71.5684,59.7837,60.6567,59.7837,59.7837,54.9435,53.0033,51.6365,51.3651,51.0943,50.2856,50.0174,49.4827,48.9507,48.4212,48.1574,47.8942,47.8942,47.3698,46.848,46.3288,46.3288,45.8121,45.5547,43.7712,44.2775,44.024,43.519
1989-04-01 00:00:00,2,68.1493,65.4073,66.0123,66.6198,66.9245,66.9245,64.2048,71.5684,86.6656,70.9412,64.8048,66.3158,74.1016,111.303,86.3238,79.944,74.421,66.9245,63.9057,63.3094,62.7155,61.8294,59.494,58.0547,57.1986,56.9145,56.066,54.9435,54.6644,54.386,
1989-03-01 00:00:00,2,154.183,136.121,175.604,176.371,165.407,168.612,160.876,111.686,102.295,103.033,99.3682,90.1166,100.096,138.64,144.598,147.618,144.598,147.185,123.435,100.827,91.1635,86.3238,82.2691,80.2743,77.9746,76.3502,74.741,72.8301,71.5684,71.8829,70.3165
1989-02-01 00:00:00,2,66.6198,65.4073,65.4073,72.5137,73.147,76.3502,92.2159,119.46,139.062,193.06,253.294,181.024,181.808,169.072,194.709,235.161,205.255,176.755,170.919,174.84,143.312,119.46,138.64,147.185,117.495,129.505,148.052,145.889,,,
1989-01-01 00:00:00,2,104.888,102.295,120.647,114.38,121.043,190.606,283.258,315.211,318.788,282.71,243.367,222.101,190.199,169.994,154.626,174.459,173.698,141.18,155.512,130.324,138.219,127.061,106.757,93.6273,93.2736,85.9826,80.9368,76.6739,73.4646,71.8829,69.0744
1988-12-01 00:00:00,2,39.5722,47.1086,46.848,60.6567,75.3828,54.6644,47.1086,41.0327,39.0906,39.5722,51.3651,57.1986,71.5684,67.5356,96.4788,126.251,119.46,85.9826,58.9164,56.631,71.5684,107.885,142.884,130.324,176.755,214.441,238.515,181.808,164.496,132.794,114.768
1988-11-01 00:00:00,2,54.9435,43.519,53.5545,53.5545,47.8942,45.5547,50.5545,47.3698,46.3288,88.729,85.9826,64.2048,51.6365,43.0165,38.8507,40.0564,67.5356,44.5317,39.0906,37.1904,38.1352,39.0906,45.5547,53.831,94.6922,74.1016,52.4547,44.2775,41.5247,41.5247,
1988-10-01 00:00:00,2,32.6252,37.898,34.8746,31.5255,33.5169,37.4256,38.1352,40.7876,38.3731,32.8471,31.3076,30.6579,31.7441,41.2784,45.0419,35.5624,31.9634,30.4426,29.801,30.8738,70.005,82.6037,54.6644,49.2164,60.0741,58.0547,45.298,84.9626,75.7047,59.494,60.3651
1988-09-01 00:00:00,2,31.3076,31.3076,31.3076,31.0903,30.8738,30.6579,30.6579,30.6579,30.6579,30.4426,30.2281,29.801,29.801,29.3766,29.3766,29.1655,29.3766,29.3766,29.801,29.801,29.801,29.1655,28.536,28.1198,28.1198,27.7063,27.5005,27.2955,27.2955,28.3276,
1988-08-01 00:00:00,2,37.4256,36.9558,36.9558,36.9558,36.7219,36.4887,36.4887,36.2561,36.2561,36.0242,35.793,35.3324,34.8746,34.6466,34.6466,34.4194,34.1928,34.1928,33.9668,33.7415,33.5169,33.293,33.293,33.0697,32.8471,32.4039,32.1833,31.9634,31.7441,31.5255,31.5255
1988-07-01 00:00:00,2,44.2775,44.2775,43.519,43.7712,43.0165,42.7663,42.5167,42.2677,42.2677,41.7717,41.2784,41.2784,41.2784,40.7876,40.2995,38.8507,39.331,38.8507,39.331,39.331,39.331,39.331,39.0906,38.3731,38.3731,38.3731,37.898,37.4256,37.4256,37.4256,37.4256
1988-06-01 00:00:00,2,54.6644,55.2231,53.831,52.7287,54.1082,60.0741,58.6285,54.386,53.2786,52.4547,51.6365,50.8241,50.5545,50.0174,50.0174,49.4827,48.9507,48.6856,47.8942,46.848,46.3288,46.0701,45.5547,45.298,45.298,45.0419,44.5317,43.7712,44.2775,44.024,
1988-05-01 00:00:00,2,64.8048,63.3094,63.9057,63.0121,62.1242,60.949,60.6567,60.0741,59.494,59.2049,57.4833,57.1986,57.1986,56.066,59.7837,58.0547,59.2049,61.5353,76.0271,72.198,63.3094,59.2049,58.6285,56.631,54.9435,54.9435,56.9145,58.3413,56.631,54.9435,54.386
1988-04-01 00:00:00,2,81.9351,82.6037,92.2159,86.6656,79.944,80.6053,81.9351,88.729,86.3238,79.944,75.0616,72.8301,71.8829,76.3502,80.2743,75.3828,73.147,88.0388,116.713,134.869,117.887,83.948,78.9566,75.3828,71.5684,72.8301,71.5684,73.147,68.7654,66.6198,
1988-03-01 00:00:00,2,137.798,122.635,151.542,188.983,210.468,218.021,206.549,190.606,181.416,147.185,127.873,119.46,113.222,108.263,104.516,102.295,100.096,102.664,111.303,109.398,107.509,99.0049,93.2736,90.814,88.3836,86.3238,84.6238,83.611,82.9389,80.6053,78.3013
1988-02-01 00:00:00,2,65.4073,72.5137,73.4646,85.302,78.6287,100.462,104.144,171.845,351.082,411.977,425.86,415.618,408.36,313.434,266.127,289.89,291.566,282.163,265.604,258.882,260.937,227.63,194.295,175.604,158.184,145.027,146.32,169.533,145.458,,
1988-01-01 00:00:00,2,84.9626,118.672,109.778,88.3836,78.3013,84.9626,97.5579,123.835,121.44,106.757,120.251,220.734,200.141,147.185,121.043,95.0483,84.6238,89.7688,80.9368,72.5137,68.1493,66.0123,64.8048,63.0121,61.2418,61.5353,58.6285,56.3482,55.5035,58.6285,64.5045
1987-12-01 00:00:00,2,89.4216,63.0121,52.4547,49.7497,68.457,80.6053,78.3013,96.8379,125.444,145.458,180.242,199.298,157.737,172.562,223.932,208.284,186.969,128.28,130.734,154.183,256.84,257.859,188.579,155.956,104.888,88.0388,80.6053,81.6018,75.7047,74.421,78.6287
1987-11-01 00:00:00,2,90.814,76.9981,52.1813,44.5317,41.0327,41.7717,38.3731,38.3731,39.8139,39.331,39.8139,50.8241,45.8121,41.0327,42.2677,74.741,111.686,96.4788,68.1493,52.1813,45.298,43.0165,52.7287,60.0741,46.5881,81.6018,123.435,81.9351,65.7095,95.0483,
1987-10-01 00:00:00,2,41.0327,39.8139,40.0564,41.7717,40.5432,38.6116,37.898,38.1352,37.1904,36.0242,35.5624,34.8746,34.4194,34.1928,33.5169,33.0697,33.0697,33.0697,32.4039,33.5169,38.8507,44.024,54.6644,56.3482,56.066,140.755,112.837,80.9368,66.9245,67.5356,61.8294
1987-09-01 00:00:00,2,38.6116,38.1352,37.6615,37.6615,37.6615,39.0906,40.2995,38.8507,38.8507,39.5722,40.0564,40.0564,39.331,39.0906,38.6116,37.6615,37.1904,36.4887,37.4256,38.1352,40.0564,53.831,68.1493,62.7155,64.2048,56.631,46.0701,41.7717,42.0194,45.298,
1987-08-01 00:00:00,2,45.8121,45.5547,45.298,44.7865,44.7865,44.5317,44.5317,44.7865,44.7865,44.5317,43.7712,43.519,43.0165,42.7663,42.2677,41.7717,41.2784,41.0327,41.0327,41.0327,41.5247,41.5247,41.0327,40.0564,39.8139,40.0564,39.8139,39.5722,39.331,38.8507,38.8507
1987-07-01 00:00:00,2,56.3482,56.066,55.7844,55.5035,54.9435,54.386,54.1082,53.2786,53.0033,53.0033,53.5545,53.831,52.4547,52.4547,51.6365,50.8241,49.7497,49.4827,49.2164,48.9507,48.6856,48.4212,48.4212,47.3698,46.5881,46.5881,46.848,46.5881,46.3288,46.3288,45.8121
1987-06-01 00:00:00,2,70.005,69.0744,68.457,67.5356,66.9245,66.6198,65.7095,65.4073,65.1058,66.3158,68.7654,66.0123,65.7095,63.3094,62.7155,62.1242,61.5353,61.2418,60.949,60.3651,58.3413,59.2049,58.3413,58.9164,60.6567,60.949,59.494,58.0547,57.1986,56.9145,
1987-05-01 00:00:00,2,95.405,97.1976,94.6922,93.9817,90.1166,89.075,85.302,85.302,84.2856,82.2691,83.2747,85.642,85.302,81.269,79.6142,80.6053,78.6287,79.944,80.9368,82.2691,82.2691,78.9566,77.9746,78.3013,78.9566,76.6739,75.3828,73.147,72.8301,71.8829,70.005
1987-04-01 00:00:00,2,87.008,85.642,85.302,92.9204,145.027,272.457,301.203,260.422,214.886,209.592,204.826,212.668,198.457,181.416,164.496,149.356,136.54,126.656,120.251,115.155,111.686,110.921,118.672,115.933,108.641,104.888,100.827,97.1976,94.6922,93.2736,
1987-03-01 00:00:00,2,118.279,114.768,112.452,108.641,106.382,105.634,106.382,103.773,105.634,114.38,142.031,134.869,112.069,106.007,132.794,117.887,119.855,148.052,120.251,108.641,110.921,157.291,135.286,113.993,110.539,105.634,96.8379,92.9204,90.465,88.729,87.008
1987-02-01 00:00:00,2,232.788,210.468,198.877,188.579,265.604,273.523,235.161,211.346,210.468,189.793,183.78,181.024,168.153,155.956,155.512,165.407,158.631,192.649,262.486,250.785,223.015,172.562,152.86,140.331,129.914,127.061,122.635,122.635,,,
1987-01-01 00:00:00,2,671.813,654.051,586.016,474.124,390.631,334.023,296.072,277.278,223.015,199.719,203.968,191.421,198.038,179.852,160.425,144.598,148.052,147.618,151.104,181.808,178.299,178.686,177.912,255.316,330.933,287.112,251.786,303.504,310.488,279.441,264.562
1986-12-01 00:00:00,2,68.7654,101.56,87.6946,92.5678,78.9566,88.729,86.6656,58.0547,62.7155,66.0123,63.3094,73.7828,95.0483,107.885,174.459,275.128,187.773,133.208,128.28,91.1635,68.7654,62.1242,84.6238,116.713,223.473,370.126,443.186,485.362,538.317,589.655,630.232
1986-11-01 00:00:00,2,33.0697,33.293,31.9634,31.5255,34.8746,38.8507,37.1904,44.7865,36.7219,35.793,34.1928,40.0564,78.9566,85.642,55.2231,44.024,41.0327,38.3731,37.4256,35.793,34.6466,33.7415,33.5169,33.0697,32.1833,31.5255,32.1833,33.0697,37.4256,41.5247,
1986-10-01 00:00:00,2,39.331,41.5247,41.0327,39.331,38.3731,37.6615,37.1904,36.7219,36.4887,36.2561,35.793,35.5624,35.3324,35.1032,34.8746,34.8746,35.5624,36.7219,35.5624,34.6466,34.1928,33.5169,48.9507,54.9435,45.0419,37.898,34.8746,33.9668,33.293,33.0697,33.0697
1986-09-01 00:00:00,2,45.0419,44.2775,43.7712,43.2674,43.0165,42.7663,42.5167,42.5167,42.2677,41.7717,41.2784,40.7876,40.2995,39.8139,39.8139,39.5722,39.331,39.0906,39.0906,38.6116,38.3731,38.3731,38.3731,38.1352,37.898,37.898,37.898,37.898,38.1352,38.3731,
1986-08-01 00:00:00,2,47.3698,47.3698,47.1086,46.5881,46.3288,45.8121,45.5547,45.298,44.5317,44.5317,43.7712,43.0165,43.2674,43.7712,44.7865,47.3698,72.8301,71.8829,58.0547,51.0943,48.4212,49.4827,56.631,60.0741,58.9164,54.386,57.1986,56.066,51.0943,47.8942,46.0701
1986-07-01 00:00:00,2,50.0174,49.7497,50.0174,51.9086,63.0121,55.7844,53.5545,54.1082,50.8241,49.4827,48.6856,48.6856,48.4212,48.1574,47.6317,47.3698,47.1086,46.848,46.5881,46.5881,46.3288,46.3288,46.848,53.831,75.3828,68.7654,56.9145,51.9086,49.4827,48.1574,47.6317
1986-06-01 00:00:00,2,62.1242,62.1242,61.2418,60.0741,59.2049,58.9164,58.6285,58.3413,57.7687,57.1986,56.9145,56.631,56.631,56.3482,56.066,55.2231,54.6644,54.386,54.1082,53.5545,53.2786,53.0033,52.1813,51.9086,51.6365,51.6365,51.3651,51.0943,50.8241,50.2856,
1986-05-01 00:00:00,2,77.6485,75.0616,73.147,72.198,71.2545,70.6285,69.6942,69.384,70.3165,78.9566,91.8645,87.351,84.2856,79.6142,81.269,76.6739,73.147,70.6285,69.384,70.6285,72.198,72.5137,73.7828,69.0744,67.8422,66.3158,65.1058,64.5045,63.6072,62.4195,62.1242
1986-04-01 00:00:00,2,147.618,129.096,116.323,108.263,104.516,100.827,98.6423,95.7623,94.3366,92.9204,91.8645,90.814,91.1635,91.1635,98.6423,97.1976,89.7688,87.008,84.9626,82.9389,81.269,80.6053,79.944,79.2851,77.9746,77.6485,81.269,99.3682,93.6273,81.269,
1986-03-01 00:00:00,2,146.752,149.356,155.512,179.463,186.969,213.553,207.849,233.735,268.225,246.808,207.849,181.808,166.32,152.42,142.031,132.381,124.237,124.237,122.635,123.435,125.847,121.44,115.155,110.921,116.323,142.884,141.18,143.74,164.951,156.845,136.121
1986-02-01 00:00:00,2,132.794,118.672,115.933,135.703,134.038,136.959,127.467,151.542,188.983,191.013,170.919,136.54,126.656,158.184,206.982,249.786,272.99,271.925,286.007,340.896,364.135,309.902,266.127,225.314,199.298,181.808,169.994,154.626,,,
1986-01-01 00:00:00,2,213.997,178.686,152.86,133.623,112.452,164.042,223.932,192.239,231.373,327.254,362.813,351.082,316.996,336.51,394.129,451.945,481.98,441.006,373.486,302.352,260.937,250.785,224.392,194.295,180.633,158.631,147.185,155.956,169.533,159.079,152.86
1985-12-01 00:00:00,2,68.457,64.5045,53.831,50.5545,109.778,108.263,87.6946,60.6567,51.6365,47.1086,44.7865,42.7663,41.2784,40.5432,40.0564,45.5547,78.3013,97.5579,89.075,77.6485,73.147,70.3165,117.104,143.312,155.068,161.777,210.029,403.336,476.364,434.491,303.504
1985-11-01 00:00:00,2,69.0744,66.9245,70.005,120.647,131.557,123.035,106.007,71.2545,54.9435,48.1574,45.0419,44.024,45.0419,42.5167,40.2995,39.331,38.1352,37.6615,36.9558,36.2561,37.4256,42.0194,46.0701,47.6317,54.386,74.1016,82.2691,78.3013,91.1635,79.6142,
1985-10-01 00:00:00,2,63.3094,49.7497,48.1574,55.7844,51.3651,45.5547,43.0165,44.7865,46.0701,44.2775,41.5247,40.5432,40.0564,39.331,38.8507,38.1352,37.6615,36.9558,36.4887,36.4887,36.2561,35.5624,35.3324,35.3324,35.793,39.8139,52.1813,53.831,48.4212,42.7663,46.3288
1985-09-01 00:00:00,2,44.024,43.519,43.2674,43.519,43.2674,45.0419,46.3288,51.0943,50.8241,46.848,45.0419,44.024,43.519,43.0165,42.5167,42.0194,41.5247,41.0327,40.7876,40.2995,40.0564,39.5722,39.0906,44.5317,57.7687,58.0547,50.5545,45.8121,47.6317,62.4195,
1985-08-01 00:00:00,2,53.0033,52.4547,52.1813,51.6365,51.0943,50.8241,50.5545,50.2856,50.0174,49.7497,49.2164,48.9507,48.6856,48.1574,47.8942,47.6317,47.3698,47.1086,46.5881,46.5881,46.848,46.5881,46.3288,45.8121,45.8121,45.5547,45.298,45.0419,44.7865,44.2775,43.7712
1985-07-01 00:00:00,2,64.2048,63.6072,63.0121,62.7155,62.4195,61.8294,61.2418,60.949,60.6567,59.7837,59.2049,58.9164,58.3413,58.0547,57.7687,57.4833,57.4833,57.1986,56.631,56.3482,55.7844,55.5035,55.5035,55.2231,54.9435,54.386,53.831,53.5545,53.5545,53.2786,53.0033
1985-06-01 00:00:00,2,78.9566,79.2851,79.6142,79.944,80.2743,79.2851,78.3013,77.323,76.6739,75.7047,75.0616,74.1016,73.147,72.5137,71.5684,71.5684,70.9412,70.005,69.384,68.7654,68.457,68.1493,67.8422,66.9245,66.6198,66.0123,65.7095,65.4073,65.1058,64.5045,
1985-05-01 00:00:00,2,112.452,112.837,112.069,110.539,108.263,106.382,102.295,101.193,99.3682,98.6423,98.2802,97.5579,97.1976,94.3366,93.2736,92.2159,90.814,89.075,87.351,86.6656,86.3238,87.008,91.5137,90.1166,85.302,84.9626,83.611,82.2691,81.9351,80.6053,79.944
1985-04-01 00:00:00,2,205.255,187.773,179.852,173.319,167.235,164.042,157.291,153.301,151.981,151.104,146.32,144.168,156.845,147.618,138.219,132.794,134.869,199.298,196.785,174.84,158.184,139.907,131.145,125.847,121.838,119.855,117.495,116.323,116.713,115.155,
1985-03-01 00:00:00,2,252.288,242.391,213.997,202.26,193.883,194.295,219.374,340.896,319.388,291.007,268.225,240.932,218.021,212.227,291.566,380.958,386.463,386.463,401.197,388.543,342.789,296.638,267.699,246.808,233.735,221.645,213.553,213.111,218.021,227.165,219.827
1985-02-01 00:00:00,2,714.383,675.642,636.468,587.228,460.769,426.935,384.392,358.871,340.896,339.638,376.19,339.011,287.112,258.882,242.391,222.558,206.982,197.62,187.371,179.463,172.562,165.863,169.072,198.038,208.284,205.686,240.447,232.788,,,
1985-01-01 00:00:00,2,179.074,145.889,118.279,104.516,107.509,101.56,96.8379,119.46,247.303,407.639,387.849,293.25,222.101,191.013,180.242,177.14,206.549,308.731,342.789,354.312,377.548,391.329,376.19,339.011,356.912,497.838,579.971,586.016,788.842,771.31,741.98
1984-12-01 00:00:00,2,104.888,81.269,83.948,120.251,142.031,128.688,115.933,131.557,194.295,231.373,190.606,169.994,119.46,138.64,188.579,212.668,258.37,275.128,243.857,192.239,153.301,129.096,110.921,93.9817,83.948,81.9351,91.8645,107.132,127.061,143.74,181.416
1984-11-01 00:00:00,2,36.2561,35.5624,34.8746,33.9668,33.7415,33.293,32.8471,33.0697,32.1833,31.3076,33.0697,43.0165,47.8942,49.4827,54.6644,40.5432,35.793,35.1032,34.8746,36.4887,67.8422,124.638,87.008,66.0123,56.9145,57.4833,113.607,143.74,148.921,110.159,
1984-10-01 00:00:00,2,43.0165,40.7876,40.0564,39.5722,39.0906,39.0906,38.1352,37.4256,36.9558,36.4887,36.2561,36.7219,40.5432,44.024,38.3731,39.331,53.0033,66.9245,54.6644,58.3413,67.8422,59.494,48.4212,43.519,42.2677,55.5035,48.9507,43.0165,39.5722,37.898,36.9558
1984-09-01 00:00:00,2,45.0419,43.7712,42.5167,41.0327,39.8139,39.5722,39.8139,45.5547,61.5353,70.9412,62.7155,52.7287,44.5317,42.5167,41.5247,40.7876,40.2995,39.8139,39.5722,39.8139,41.2784,52.4547,69.6942,55.2231,45.298,45.298,42.5167,52.4547,56.3482,48.4212,
1984-08-01 00:00:00,2,42.5167,42.2677,42.0194,42.0194,41.7717,41.7717,41.5247,41.0327,40.7876,40.2995,40.0564,39.8139,39.331,39.331,39.0906,39.0906,38.8507,39.0906,38.8507,38.6116,39.331,40.2995,42.2677,43.0165,44.5317,43.2674,41.5247,41.2784,42.2677,42.2677,42.7663
1984-07-01 00:00:00,2,50.2856,50.0174,49.7497,49.7497,49.4827,49.2164,48.4212,48.1574,48.1574,47.6317,47.1086,46.848,46.5881,46.3288,46.3288,46.0701,45.8121,45.298,45.0419,44.7865,44.7865,44.5317,44.2775,44.2775,44.024,43.519,43.2674,42.7663,43.0165,43.0165,42.7663
1984-06-01 00:00:00,2,60.0741,59.7837,59.2049,58.9164,58.3413,58.0547,57.4833,57.1986,56.631,56.3482,55.7844,55.2231,54.9435,55.2231,54.6644,54.1082,53.5545,53.0033,52.7287,52.4547,52.1813,51.9086,51.3651,50.8241,50.5545,50.5545,50.2856,50.2856,50.0174,50.2856,
1984-05-01 00:00:00,2,100.462,97.5579,130.734,106.382,95.0483,85.642,77.9746,76.9981,75.3828,75.7047,73.147,70.9412,69.0744,68.457,68.457,67.5356,67.8422,69.6942,85.642,98.2802,77.323,70.6285,67.8422,66.3158,65.1058,64.2048,63.3094,63.0121,61.8294,61.5353,60.6567
1984-04-01 00:00:00,2,112.837,95.405,88.0388,89.7688,112.452,103.033,92.9204,94.3366,94.3366,88.729,85.9826,91.8645,80.2743,78.6287,77.6485,76.6739,76.3502,78.6287,86.3238,81.269,77.323,80.6053,79.6142,75.0616,72.5137,75.3828,91.8645,100.462,90.1166,86.6656,
1984-03-01 00:00:00,2,103.033,99.732,98.6423,103.403,112.837,112.452,112.452,119.855,112.452,111.303,112.069,106.007,111.686,193.06,157.737,122.236,111.303,108.263,100.096,96.1203,96.1203,102.295,106.757,114.768,106.382,94.6922,91.5137,88.729,87.351,87.008,97.5579
1984-02-01 00:00:00,2,162.681,154.626,148.921,142.457,138.219,134.869,134.038,168.153,174.459,153.301,139.907,136.121,142.457,136.959,130.734,158.184,156.845,130.734,129.096,123.835,118.672,115.544,113.222,111.686,110.921,116.323,114.38,112.452,106.757,,
1984-01-01 00:00:00,2,464.094,402.622,353.017,347.875,337.134,293.813,260.937,246.314,235.638,229.495,225.775,215.332,200.141,191.421,183.385,178.299,172.94,169.072,164.042,159.527,158.631,168.612,173.319,181.416,179.852,198.877,219.374,213.997,206.117,188.579,174.459
1983-12-01 00:00:00,2,132.381,129.096,136.959,169.994,164.951,147.185,139.907,164.496,186.969,223.932,315.211,365.46,358.217,347.875,327.254,370.796,432.327,485.362,512.734,484.234,424.786,385.772,382.329,396.24,419.283,431.247,419.283,461.876,526.63,556.026,532.462
1983-11-01 00:00:00,2,113.993,138.64,194.295,315.805,286.559,253.294,207.415,174.078,150.666,136.121,132.381,137.798,233.261,240.932,228.095,292.688,288.777,230.902,192.649,188.176,267.699,249.786,244.347,213.553,195.952,190.199,168.612,152.42,143.312,137.798,
1983-10-01 00:00:00,2,72.8301,70.9412,69.6942,68.7654,68.1493,66.9245,66.3158,66.6198,68.1493,75.0616,78.6287,70.6285,72.198,104.144,199.298,224.852,181.024,155.956,150.229,192.239,168.612,133.623,194.709,252.791,251.786,192.649,155.512,133.208,119.855,110.921,104.516
1983-09-01 00:00:00,2,69.384,68.457,68.1493,68.1493,68.7654,74.741,75.3828,82.2691,95.0483,89.7688,79.2851,74.741,75.0616,75.0616,76.6739,73.7828,75.7047,101.927,105.26,122.635,127.467,98.2802,84.9626,78.3013,89.075,110.159,100.096,94.3366,81.269,75.7047,
1983-08-01 00:00:00,2,91.1635,90.814,89.4216,87.6946,88.729,86.6656,85.302,84.6238,84.2856,83.948,82.6037,81.9351,81.269,80.6053,79.944,79.2851,78.6287,77.6485,77.323,76.3502,76.0271,75.7047,75.0616,74.741,74.421,73.147,72.5137,71.5684,70.9412,70.3165,70.005
1983-07-01 00:00:00,2,120.647,118.279,117.104,114.768,112.837,111.686,110.921,109.778,108.641,106.757,105.634,104.516,103.403,101.56,100.827,100.096,99.0049,98.6423,99.0049,106.007,135.286,144.598,122.236,107.885,101.927,99.0049,97.1976,95.7623,94.6922,93.6273,92.2159
1983-06-01 00:00:00,2,370.126,352.372,279.441,230.433,254.304,271.925,234.685,212.227,198.038,187.773,180.242,173.698,165.863,161.326,158.184,151.981,148.486,145.889,142.884,139.484,138.64,134.869,132.794,131.145,129.914,130.324,127.467,125.847,125.444,121.838,
1983-05-01 00:00:00,2,223.932,210.468,205.686,199.298,193.06,187.371,182.595,179.074,187.773,183.385,175.987,171.845,167.235,164.042,160.876,157.291,153.742,150.666,145.889,146.32,145.458,143.74,141.18,139.907,208.284,184.971,155.512,145.458,156.845,212.227,271.394
1983-04-01 00:00:00,2,270.864,256.331,257.859,241.418,226.238,216.225,222.101,302.352,295.506,246.808,301.777,467.428,538.317,525.467,447.557,381.643,317.593,291.566,270.864,259.908,256.331,243.367,230.433,233.261,258.882,277.818,272.457,256.84,238.034,223.932,
1983-03-01 00:00:00,2,241.418,238.515,248.294,262.486,243.367,246.808,291.566,368.788,385.772,336.51,281.072,249.786,240.447,237.073,223.015,214.886,214.886,223.932,259.908,295.506,327.865,420.756,495.561,481.98,401.909,335.887,301.203,321.19,380.275,351.727,300.057
1983-02-01 00:00:00,2,211.786,306.4,571.547,665.449,764.607,870.246,784.783,724.85,684.609,767.286,821.593,813.359,771.31,707.87,651.528,587.228,506.985,429.089,385.772,360.181,331.549,309.316,289.333,273.523,259.395,253.799,254.809,249.288,,,
1983-01-01 00:00:00,2,279.441,283.258,237.553,231.373,248.79,261.452,307.564,324.818,338.384,319.987,307.564,312.843,294.376,246.808,291.007,318.19,291.007,260.422,240.932,300.057,298.914,266.65,236.594,226.701,255.823,278.9,255.823,230.433,209.592,198.038,194.709
1982-12-01 00:00:00,2,102.295,75.0616,65.7095,123.035,136.54,116.713,119.46,123.835,161.777,150.229,200.986,146.32,109.019,95.405,81.269,97.1976,195.952,198.038,151.981,129.914,184.177,212.668,204.396,194.295,224.392,210.906,169.533,140.755,135.703,142.457,181.416
1982-11-01 00:00:00,2,66.6198,76.0271,65.1058,51.9086,47.8942,45.8121,44.2775,44.024,43.7712,43.519,47.3698,53.0033,51.6365,47.3698,45.8121,90.1166,115.933,94.3366,96.4788,77.9746,111.686,127.873,115.155,106.007,70.9412,68.1493,79.6142,109.398,79.2851,98.2802,
1982-10-01 00:00:00,2,48.1574,45.5547,46.0701,50.8241,56.3482,57.7687,50.5545,47.6317,48.6856,48.9507,56.3482,63.6072,58.3413,70.9412,76.3502,60.3651,54.1082,47.8942,46.3288,46.3288,46.3288,61.2418,83.2747,76.3502,60.0741,51.6365,51.9086,56.9145,79.6142,122.635,93.9817
1982-09-01 00:00:00,2,57.7687,53.831,51.6365,50.5545,49.7497,49.2164,48.6856,48.4212,47.8942,47.3698,47.1086,46.848,46.5881,46.0701,45.8121,46.5881,46.848,45.8121,44.7865,44.5317,44.5317,44.7865,43.519,44.2775,44.024,45.0419,44.5317,44.7865,48.1574,50.8241,
1982-08-01 00:00:00,2,63.3094,62.7155,62.4195,61.8294,61.2418,60.6567,60.6567,63.9057,60.0741,59.2049,58.3413,58.0547,58.9164,58.6285,57.7687,57.1986,56.631,56.3482,56.066,54.6644,54.9435,54.386,54.1082,53.5545,53.2786,52.7287,52.4547,52.1813,51.9086,51.6365,54.1082
1982-07-01 00:00:00,2,78.6287,78.3013,77.9746,76.9981,76.0271,75.0616,74.741,74.421,73.147,72.8301,72.198,71.5684,70.9412,70.9412,71.2545,70.6285,69.6942,69.0744,69.0744,71.5684,75.0616,73.4646,69.6942,67.8422,66.9245,66.3158,65.4073,64.8048,64.2048,63.9057,63.6072
1982-06-01 00:00:00,2,103.403,102.295,101.927,99.732,98.6423,98.2802,98.2802,97.5579,95.405,94.6922,93.2736,91.8645,90.814,90.1166,89.4216,88.729,87.6946,88.3836,89.7688,86.3238,84.6238,83.948,82.9389,82.6037,81.6018,81.6018,83.2747,84.2856,82.9389,80.2743,
1982-05-01 00:00:00,2,146.752,145.889,143.312,139.907,137.378,135.286,132.794,130.734,129.096,127.873,126.656,125.444,123.435,121.44,119.855,118.672,118.279,116.713,113.607,112.452,112.069,111.303,112.069,117.104,113.993,113.222,117.887,114.768,108.263,106.382,104.516
1982-04-01 00:00:00,2,404.051,430.167,412.703,352.372,305.819,281.072,263.522,248.79,238.034,228.561,222.101,215.332,208.284,199.298,201.835,222.558,218.922,203.54,198.457,194.295,190.199,185.768,181.808,177.912,174.078,169.533,164.951,160.425,155.512,151.104,
1982-03-01 00:00:00,2,180.633,183.385,191.013,210.468,269.278,221.189,195.537,216.673,286.007,331.549,411.977,518.507,558.404,540.666,518.507,543.018,545.375,503.548,428.012,378.228,340.896,319.987,340.896,376.19,344.055,335.887,326.644,306.4,334.023,372.139,402.622
1982-02-01 00:00:00,2,413.43,380.275,313.434,292.127,286.007,346.598,353.664,329.703,307.564,286.559,266.127,253.294,244.837,235.161,222.101,211.346,202.26,198.457,193.471,184.971,180.242,177.14,178.299,176.371,181.416,188.983,185.37,188.176,,,
1982-01-01 00:00:00,2,218.021,208.284,421.494,620.302,713.078,705.271,627.744,582.387,492.152,423.713,385.772,401.909,420.756,496.699,527.795,493.287,448.653,404.051,360.838,318.19,284.905,286.559,283.258,335.264,394.129,422.972,474.124,519.665,523.143,509.282,460.769
1981-12-01 00:00:00,2,185.37,205.255,209.155,202.26,240.447,223.932,189.793,186.568,192.239,231.373,370.796,464.094,539.491,590.87,589.655,526.63,523.143,560.785,616.594,661.641,632.724,538.317,416.349,341.526,297.206,264.042,259.395,264.042,305.239,310.488,253.294
1981-11-01 00:00:00,2,71.8829,67.2297,63.0121,82.6037,170.919,175.222,112.452,82.2691,115.155,92.2159,138.219,248.79,294.94,257.349,266.127,209.592,169.994,148.052,169.994,172.94,163.134,177.526,150.229,115.155,97.9187,91.5137,110.921,99.0049,87.008,135.286,
1981-10-01 00:00:00,2,30.2281,29.1655,30.0142,36.7219,54.386,45.5547,37.4256,62.7155,71.8829,45.8121,36.7219,64.8048,144.168,240.932,149.356,120.647,197.202,158.184,92.2159,87.351,182.595,136.121,87.6946,65.7095,56.9145,54.6644,67.2297,76.6739,101.56,104.888,93.9817
1981-09-01 00:00:00,2,32.4039,32.1833,32.1833,31.9634,31.9634,31.7441,31.5255,31.3076,31.0903,30.8738,30.4426,30.2281,30.0142,29.801,29.3766,29.1655,29.1655,29.1655,29.3766,32.1833,31.3076,29.5885,28.955,28.7452,28.3276,28.1198,28.1198,28.7452,34.8746,33.5169,
1981-08-01 00:00:00,2,37.1904,36.9558,36.7219,36.7219,36.4887,36.2561,36.0242,35.793,35.5624,35.5624,35.3324,35.3324,35.3324,35.3324,34.8746,34.6466,34.4194,35.793,38.6116,43.2674,38.1352,35.5624,34.8746,34.1928,33.9668,33.7415,33.5169,33.293,33.0697,32.8471,32.6252
1981-07-01 00:00:00,2,45.5547,45.0419,44.5317,44.024,43.519,43.0165,42.5167,42.2677,42.2677,42.0194,41.7717,41.5247,41.5247,41.2784,41.0327,40.7876,40.2995,40.0564,40.0564,39.5722,39.0906,39.0906,38.6116,38.6116,38.3731,38.3731,38.3731,38.1352,37.898,37.6615,37.4256
1981-06-01 00:00:00,2,54.6644,53.0033,52.1813,51.9086,52.4547,53.2786,58.6285,88.729,85.642,62.7155,55.5035,53.2786,52.1813,51.0943,50.5545,51.3651,51.9086,54.9435,54.6644,52.1813,50.2856,49.2164,48.4212,48.1574,48.1574,47.6317,46.848,46.3288,46.3288,45.8121,
1981-05-01 00:00:00,2,84.9626,75.0616,90.814,107.885,91.1635,74.421,69.384,66.9245,65.4073,63.9057,63.3094,62.4195,61.5353,60.3651,59.494,58.9164,58.0547,57.4833,56.9145,56.631,56.631,56.066,55.5035,54.9435,54.6644,53.831,53.5545,54.386,54.386,58.0547,58.0547
1981-04-01 00:00:00,2,258.37,188.579,145.458,125.847,114.38,109.778,101.927,96.8379,93.2736,90.465,87.6946,85.9826,83.611,81.9351,80.2743,78.6287,79.944,83.948,80.9368,76.6739,74.1016,72.8301,71.5684,70.9412,74.741,81.9351,73.7828,71.8829,71.5684,88.0388,
1981-03-01 00:00:00,2,69.6942,68.1493,66.9245,65.7095,65.4073,74.741,88.0388,111.686,141.605,124.237,103.403,86.3238,78.3013,70.9412,66.9245,65.4073,89.7688,169.072,177.526,160.425,175.987,177.14,161.326,119.855,96.8379,88.729,84.6238,93.2736,175.604,271.394,328.477
1981-02-01 00:00:00,2,137.798,146.752,128.688,123.035,109.019,106.382,114.38,146.752,134.038,116.713,141.605,154.626,159.976,138.64,116.713,101.56,93.2736,88.729,85.642,83.948,82.6037,79.944,78.3013,76.3502,75.0616,73.7828,72.5137,70.9412,,,
1981-01-01 00:00:00,2,122.635,130.734,95.0483,86.3238,86.6656,80.9368,71.5684,63.6072,65.7095,69.384,77.323,126.251,229.964,305.239,368.121,420.756,431.247,395.535,309.316,235.638,198.038,188.579,208.284,207.849,206.549,235.161,229.028,205.686,174.459,151.981,136.959
1980-12-01 00:00:00,2,51.9086,93.6273,152.86,179.463,164.951,132.381,113.607,123.035,159.976,144.598,135.286,113.222,119.066,136.54,117.495,102.295,91.8645,75.3828,67.5356,63.3094,60.6567,57.7687,55.5035,56.631,55.5035,55.5035,68.7654,66.9245,68.1493,71.5684,83.611
1980-11-01 00:00:00,2,36.7219,33.7415,33.0697,34.4194,31.9634,31.7441,31.9634,33.293,38.6116,47.6317,134.453,211.346,169.533,123.035,83.2747,61.2418,51.3651,48.6856,44.5317,43.0165,42.2677,47.3698,47.6317,55.7844,69.0744,117.495,85.642,61.5353,50.0174,46.5881,
1980-10-01 00:00:00,2,47.3698,43.2674,41.2784,40.5432,39.5722,39.0906,38.3731,38.1352,38.3731,39.0906,41.2784,41.7717,41.7717,43.2674,43.2674,40.0564,38.8507,38.3731,37.6615,36.7219,36.0242,35.5624,35.1032,34.6466,34.4194,36.0242,38.8507,36.0242,34.1928,33.5169,36.0242
