DataHora,NivelConsistencia,Vazao01,Vazao02,Vazao03,Vazao04,Vazao05,Vazao06,Vazao07,Vazao08,Vazao09,Vazao10,Vazao11,Vazao12,Vazao13,Vazao14,Vazao15,Vazao16,Vazao17,Vazao18,Vazao19,Vazao20,Vazao21,Vazao22,Vazao23,Vazao24,Vazao25,Vazao26,Vazao27,Vazao28,Vazao29,Vazao30,Vazao31
2023-04-01 00:00:00,2,7.4108,7.312,12.1528,9.154,8.6292,8.5254,8.422,24.124,15.2852,10.7866,9.581,9.3667,9.2602,9.2602,11.4632,11.0107,10.564,10.3429,9.2602,8.7334,8.6292,8.422,8.1144,8.0126,7.9113,7.8104,7.8104,7.7099,9.2602,10.6751,
2023-03-01 00:00:00,2,9.4737,10.6751,11.3495,10.6751,10.4533,11.0107,10.6751,10.4533,10.7866,10.4533,10.3429,10.2329,14.2971,13.0921,10.3429,9.154,9.0483,8.9429,8.8379,8.7334,8.7334,8.6292,8.3191,8.1144,8.0126,7.9113,7.7099,7.6098,7.6098,7.5101,7.5101
2023-02-01 00:00:00,2,15.0362,12.6196,11.6916,11.4632,11.9215,11.4632,11.6916,20.5297,17.1938,16.6778,28.6415,47.8925,32.3781,25.1939,19.1727,13.932,13.6903,13.45,13.211,12.8551,12.3855,12.269,12.037,11.5772,11.3495,11.2362,11.1233,10.6751,,,
2023-01-01 00:00:00,2,24.5809,24.276,23.9722,23.8208,23.368,23.2177,24.124,24.8868,24.5809,24.5809,24.276,23.9722,23.6696,22.9178,21.497,20.9425,19.8475,18.7714,18.5054,18.2406,18.1087,17.8458,17.7147,17.4536,17.3236,17.0643,16.6778,16.2942,16.1669,16.1669,16.5496
2022-12-01 00:00:00,2,6.921,6.8243,6.7281,6.7281,6.6323,6.6323,6.5369,6.5369,8.9429,10.564,10.4533,10.2329,10.2329,10.2329,10.1233,10.0141,10.0141,11.4632,20.5297,23.6696,23.368,23.2177,23.0676,22.9178,22.7683,22.619,26.1215,25.502,24.5809,23.8208,24.7337
2022-11-01 00:00:00,2,5.4278,5.3384,5.3384,5.2495,5.161,5.161,5.161,5.073,5.073,5.6989,5.6989,5.608,5.608,6.0668,6.0668,6.0668,6.6323,6.6323,6.442,6.442,6.442,6.3475,6.3475,6.2535,6.2535,6.1599,6.1599,6.0668,6.0668,6.921,
2022-10-01 00:00:00,2,7.4108,7.4108,8.6292,8.422,8.1144,7.8104,7.5101,8.1144,6.5369,6.1599,5.4278,5.3384,5.3384,5.2495,5.2495,5.161,5.161,4.9855,4.8985,4.812,4.9855,4.8985,4.812,4.812,4.726,4.726,4.6405,4.6405,4.5555,4.5555,4.5555
2022-09-01 00:00:00,2,4.5555,4.5555,4.4709,4.4709,4.4709,4.4709,4.3869,4.3869,4.3869,4.3869,4.812,4.726,4.726,4.726,5.161,5.161,5.073,4.9855,5.5177,5.4278,5.4278,5.3384,5.3384,5.3384,7.2136,7.1157,7.0181,7.312,7.5101,7.312,
2022-08-01 00:00:00,2,5.161,5.161,5.161,5.161,5.073,5.073,5.073,5.073,5.073,5.073,5.073,4.9855,4.9855,4.9855,4.9855,4.9855,4.8985,4.8985,4.8985,4.8985,4.812,4.812,4.812,4.726,4.726,4.726,4.6405,4.6405,4.6405,4.6405,4.5555
2022-07-01 00:00:00,2,6.7281,6.6323,6.6323,6.5369,6.5369,6.5369,6.442,6.3475,6.3475,6.2535,6.1599,6.1599,6.0668,5.9741,5.9741,5.8819,5.7902,5.7902,5.6989,5.6989,5.608,5.5177,5.4278,5.4278,5.4278,5.3384,5.3384,5.2495,5.2495,5.161,5.161
2022-06-01 00:00:00,2,7.6098,7.5101,7.5101,7.4108,7.4108,7.312,7.2136,7.2136,7.1157,7.1157,7.0181,7.0181,7.8104,7.8104,7.7099,7.7099,7.7099,7.6098,7.6098,7.5101,7.4108,7.4108,7.312,7.2136,7.2136,7.1157,7.0181,7.0181,6.921,6.8243,
2022-05-01 00:00:00,2,9.581,9.4737,9.3667,9.3667,9.2602,9.154,9.0483,9.0483,8.9429,8.8379,8.8379,8.7334,8.7334,8.7334,8.6292,8.5254,8.5254,8.422,8.422,8.3191,8.2165,8.1144,8.1144,8.0126,8.0126,7.9113,7.9113,7.8104,7.8104,7.7099,7.7099
2022-04-01 00:00:00,2,12.7372,12.3855,12.269,12.037,11.8064,11.4632,11.4632,11.3495,11.1233,11.0107,11.0107,10.8984,10.8984,11.4632,11.5772,11.8064,11.2362,10.6751,10.564,10.4533,10.3429,10.3429,10.2329,10.1233,10.0141,9.9052,9.7968,9.7968,9.6887,9.6887,
2022-03-01 00:00:00,2,22.9178,21.776,21.0807,20.2559,19.8475,19.0386,18.5054,18.2406,17.8458,16.9352,16.6778,16.1669,25.3478,23.0676,21.0807,20.1195,18.9049,18.2406,17.3236,16.5496,16.1669,15.5355,15.0362,14.5421,14.0534,13.811,13.6903,13.57,13.57,13.45,13.45
2022-02-01 00:00:00,2,26.277,26.4328,27.6886,26.277,24.7337,23.0676,22.3375,21.916,56.0965,125.013,144.955,102.056,110.503,86.5293,71.441,59.4103,48.869,41.4343,38.8625,36.4041,34.5474,33.8757,33.3743,32.048,29.6035,26.9018,24.5809,23.6696,,,
2022-01-01 00:00:00,2,17.4536,21.0807,110.503,41.4343,33.3743,34.5474,67.6687,204.337,155.712,105.378,98.8066,79.4211,65.2325,51.8816,39.707,34.716,33.3743,32.213,30.9003,30.0879,28.482,26.9018,25.0402,23.8208,22.7683,22.0562,21.497,22.619,22.4785,23.0676,24.4283
2021-12-01 00:00:00,2,7.4108,7.6098,7.8104,8.0126,8.0126,8.2165,8.2165,10.4533,11.4632,10.3429,10.4533,10.4533,10.0141,7.2136,7.0181,9.4737,8.0126,7.8104,7.7099,7.6098,7.5101,7.6098,8.422,9.4737,8.8379,8.6292,7.8104,6.921,6.3475,12.037,10.6751
2021-11-01 00:00:00,2,15.4102,15.6612,15.7871,16.04,16.8064,18.7714,20.9425,21.6364,24.5809,29.2818,29.1213,28.1639,26.4328,22.1967,18.3729,14.7885,12.7372,10.4533,8.8379,8.6292,9.581,10.4533,11.0107,11.4632,12.269,12.7372,13.811,15.6612,14.7885,11.0107,
2021-10-01 00:00:00,2,3.1903,3.1903,3.115,3.115,3.115,3.115,3.115,3.4198,3.2663,4.138,4.8985,5.8819,7.0181,7.9113,9.2602,10.2329,11.1233,12.9734,12.6196,11.5772,11.2362,10.7866,10.4533,10.0141,10.0141,10.6751,12.5024,13.811,14.9122,14.9122,15.1605
2021-09-01 00:00:00,2,3.1903,3.115,3.115,3.115,3.115,3.115,3.115,3.0402,3.0402,3.0402,3.0402,2.966,2.966,2.966,2.8924,2.8924,2.8924,2.8924,2.8924,2.8924,2.8924,2.8194,2.8194,2.8194,2.8194,2.747,2.747,2.747,3.1903,3.1903,
2021-08-01 00:00:00,2,3.4198,3.4198,3.4198,3.4198,3.4198,3.3428,3.3428,3.3428,3.3428,3.3428,3.3428,3.2663,3.2663,3.2663,3.2663,3.2663,3.2663,3.2663,3.2663,3.2663,3.2663,3.1903,3.1903,3.1903,3.1903,3.1903,3.1903,3.1903,3.1903,3.1903,3.1903
2021-07-01 00:00:00,2,4.0561,4.0561,4.0561,3.9747,3.9747,3.9747,3.8938,3.8938,3.8938,3.8134,3.8134,3.8134,3.8134,3.7336,3.7336,3.6543,3.6543,3.6543,3.5756,3.5756,3.5756,3.5756,3.4974,3.4974,3.4974,3.4974,3.4974,3.4974,3.4198,3.4198,3.4198
2021-06-01 00:00:00,2,4.9855,4.8985,4.8985,4.8985,4.8985,4.812,4.812,4.812,4.726,4.726,4.6405,4.6405,4.6405,4.5555,4.5555,4.5555,4.4709,4.4709,4.4709,4.3869,4.3869,4.3869,4.3034,4.3034,4.3034,4.2205,4.2205,4.2205,4.138,4.138,
2021-05-01 00:00:00,2,6.6323,6.5369,6.442,6.3475,6.2535,6.1599,6.1599,6.0668,6.0668,5.9741,5.8819,5.7902,5.6989,5.6989,5.608,5.5177,5.4278,5.4278,5.4278,5.3384,5.3384,5.2495,5.2495,5.161,5.161,5.073,5.073,5.073,4.9855,4.9855,4.9855
2021-04-01 00:00:00,2,11.2362,11.1233,11.1233,11.0107,10.8984,10.7866,10.564,10.4533,10.3429,10.1233,10.0141,9.7968,9.581,9.4737,9.3667,9.2602,9.0483,8.9429,8.7334,8.5254,8.0126,7.5101,7.312,7.4108,7.312,7.2136,7.0181,6.921,6.8243,6.7281,
2021-03-01 00:00:00,2,18.1087,18.3729,18.3729,18.3729,18.5054,18.6383,18.6383,18.7714,19.0386,19.1727,19.307,19.4417,19.0386,18.7714,18.5054,18.2406,17.9771,17.7147,17.584,16.6778,15.0362,14.6652,14.1751,13.811,13.3303,12.3855,12.1528,11.6916,11.3495,11.3495,11.2362
2021-02-01 00:00:00,2,7.0181,7.0181,6.8243,6.8243,6.8243,6.7281,6.6323,10.0141,19.0386,17.584,16.2942,13.932,10.564,10.1233,9.9052,8.9429,9.4737,11.0107,13.45,14.5421,15.7871,16.9352,17.1938,17.0643,17.0643,17.0643,16.9352,17.3236,,,
2021-01-01 00:00:00,2,10.0141,12.5024,10.7866,13.211,15.6612,17.7147,18.9049,18.6383,16.6778,15.9134,15.5355,15.4102,15.1605,14.9122,14.7885,13.932,12.8551,11.6916,11.1233,10.564,9.4737,9.0483,8.5254,8.3191,8.2165,8.0126,7.9113,7.8104,7.6098,7.5101,7.4108
2020-12-01 00:00:00,2,4.4709,7.4108,13.45,11.9215,9.581,6.3475,8.6292,7.1157,6.7281,6.442,9.2602,8.6292,16.4218,12.5024,9.0483,7.8104,7.5101,7.2136,6.921,13.6903,13.811,11.4632,9.154,8.8379,11.5772,32.7092,29.6035,20.3926,9.154,8.8379,10.3429
2020-11-01 00:00:00,2,5.8819,5.2495,4.9855,5.3384,5.161,4.812,4.726,4.726,4.6405,5.3384,5.5177,5.8819,6.2535,13.0921,8.7334,5.608,5.3384,8.9429,6.7281,5.608,5.2495,4.9855,5.5177,5.8819,5.161,4.8985,4.726,4.6405,4.4709,4.3034,
2020-10-01 00:00:00,2,4.3034,4.3034,4.2205,4.2205,4.2205,4.138,4.138,4.138,4.0561,3.9747,3.9747,3.8938,3.8134,3.8134,10.1233,8.7334,7.0181,5.6989,4.8985,4.6405,6.7281,7.312,6.7281,5.8819,11.4632,11.2362,6.5369,6.0668,5.608,5.3384,5.161
2020-09-01 00:00:00,2,4.6405,4.5555,4.5555,4.5555,4.4709,4.3869,4.3869,4.3034,4.2205,4.2205,4.138,4.138,4.138,4.0561,4.0561,4.0561,3.9747,3.9747,3.9747,4.6405,4.6405,4.6405,4.6405,4.5555,4.5555,4.5555,4.4709,4.4709,4.4709,4.3869,
2020-08-01 00:00:00,2,5.7902,5.6989,5.608,5.5177,5.5177,5.4278,5.4278,5.3384,5.3384,5.2495,5.2495,5.161,5.161,5.161,5.073,5.073,5.073,4.9855,4.9855,4.9855,4.9855,4.9855,4.8985,4.8985,4.812,4.812,4.726,4.726,4.726,4.6405,4.6405
2020-07-01 00:00:00,2,7.0181,7.0181,6.921,6.921,6.8243,6.8243,6.7281,6.7281,6.7281,6.6323,6.6323,6.5369,6.5369,6.5369,6.5369,6.442,6.442,6.442,6.442,6.442,6.3475,6.3475,6.2535,6.2535,6.2535,6.1599,6.0668,6.0668,5.9741,5.9741,5.8819
2020-06-01 00:00:00,2,9.2602,9.154,8.8379,8.422,8.422,8.422,8.422,8.422,8.3191,8.3191,8.2165,8.1144,8.1144,8.0126,8.0126,7.9113,7.8104,7.8104,7.7099,7.7099,7.6098,7.6098,7.5101,7.5101,7.4108,7.312,7.312,7.2136,7.2136,7.1157,
2020-05-01 00:00:00,2,10.3429,10.2329,10.2329,10.0141,9.9052,9.9052,9.6887,9.581,9.4737,9.4737,9.4737,9.4737,9.4737,9.4737,9.4737,9.4737,9.4737,9.4737,9.4737,9.4737,9.2602,9.2602,9.2602,9.4737,9.4737,9.4737,9.4737,9.3667,9.2602,9.2602,9.2602
2020-04-01 00:00:00,2,16.8064,16.8064,16.5496,16.4218,16.2942,16.1669,15.9134,15.5355,15.2852,15.0362,14.9122,14.4194,13.811,13.57,13.3303,13.3303,13.211,13.0921,12.9734,12.8551,12.7372,12.6196,12.269,11.9215,11.4632,11.2362,11.0107,10.7866,10.564,10.4533,
2020-03-01 00:00:00,2,66.4428,70.1677,64.0376,48.869,34.5474,34.2111,32.213,30.9003,29.1213,26.5888,24.124,25.502,23.2177,21.497,20.2559,19.9833,19.4417,19.4417,19.307,19.1727,19.1727,19.0386,18.9049,18.7714,18.7714,18.5054,18.2406,17.8458,17.584,17.3236,16.8064
2020-02-01 00:00:00,2,18.1087,17.9771,17.7147,29.4425,27.0586,27.6886,16.1669,34.0433,21.358,19.307,20.2559,16.6778,31.8833,49.8593,35.0538,32.048,29.7647,33.5412,28.3228,25.502,20.8046,19.1727,21.916,21.6364,33.2077,59.4103,45.9806,35.0538,60.5444,,
2020-01-01 00:00:00,2,6.8243,6.8243,7.4108,7.4108,8.2165,8.2165,9.0483,9.0483,10.3429,10.564,9.4737,9.2602,8.9429,8.422,8.422,8.1144,8.1144,7.9113,17.8458,33.5412,27.3731,27.6886,28.3228,38.8625,67.6687,30.9003,19.4417,22.7683,29.2818,18.6383,18.3729
2019-12-01 00:00:00,2,9.9052,9.2602,9.154,9.0483,8.9429,8.7334,8.7334,11.4632,15.0362,19.9833,19.4417,37.2111,23.6696,20.8046,14.2971,11.1233,8.8379,8.2165,8.2165,8.422,12.3855,8.422,11.4632,11.1233,10.564,9.4737,8.422,7.4108,6.8243,6.8243,6.8243
2019-11-01 00:00:00,2,9.2602,7.9113,6.921,6.8243,5.5177,5.5177,5.3384,5.2495,9.7968,8.6292,7.312,6.2535,5.2495,5.161,5.161,5.7902,6.0668,8.0126,6.921,5.4278,5.3384,5.3384,7.5101,7.4108,7.2136,6.921,6.8243,6.7281,9.4737,10.0141,
2019-10-01 00:00:00,2,6.2535,5.8819,5.7902,5.608,5.2495,4.8985,4.5555,4.4709,4.4709,4.3869,4.3869,4.3034,4.3034,4.2205,4.2205,4.2205,4.138,4.138,4.138,4.138,4.138,4.4709,4.4709,4.3869,4.3034,4.3034,6.442,4.812,5.5177,11.6916,11.2362
2019-09-01 00:00:00,2,5.6989,5.6989,5.6989,5.608,5.5177,5.5177,5.3384,5.3384,5.2495,5.2495,5.2495,5.161,5.161,5.073,5.073,4.9855,4.9855,4.9855,4.812,4.812,4.812,4.812,7.2136,4.9855,4.4709,9.4737,7.2136,6.7281,6.442,6.442,
2019-08-01 00:00:00,2,5.608,5.608,5.5177,5.5177,5.8819,5.8819,5.6989,5.6989,5.6989,5.5177,5.5177,5.8819,5.9741,6.0668,6.0668,6.0668,6.0668,6.0668,6.0668,6.0668,6.0668,6.0668,6.0668,6.0668,5.9741,5.9741,5.9741,5.8819,5.8819,5.8819,5.8819
2019-07-01 00:00:00,2,6.8243,6.8243,6.7281,6.7281,6.7281,6.7281,6.6323,6.6323,6.6323,6.442,6.442,6.442,6.442,6.442,6.442,6.442,6.442,6.2535,6.2535,6.2535,6.0668,6.0668,5.9741,5.9741,5.7902,5.7902,5.6989,5.6989,5.6989,5.6989,5.6989
2019-06-01 00:00:00,2,8.422,8.2165,8.2165,8.0126,8.0126,7.9113,7.9113,7.8104,7.8104,7.8104,7.6098,7.6098,7.6098,7.6098,7.6098,7.6098,7.6098,7.5101,7.4108,7.312,7.2136,7.1157,7.1157,7.0181,7.0181,7.0181,6.8243,6.8243,6.8243,6.8243,
2019-05-01 00:00:00,2,9.4737,9.2602,9.0483,10.4533,9.7968,9.2602,9.6887,9.6887,9.2602,9.9052,9.4737,9.4737,9.4737,9.4737,9.4737,11.0107,11.6916,10.564,10.4533,10.564,10.3429,9.581,9.3667,9.2602,9.154,9.0483,8.9429,8.8379,8.7334,8.5254,8.5254
2019-04-01 00:00:00,2,11.9215,12.8551,13.57,11.9215,12.8551,11.9215,12.8551,12.5024,12.269,15.5355,12.8551,13.45,13.211,13.0921,15.7871,20.2559,29.9262,12.8551,11.9215,11.8064,11.6916,11.6916,13.932,13.6903,12.037,11.2362,10.4533,10.1233,10.3429,10.0141,
2019-03-01 00:00:00,2,30.2499,46.9298,50.8634,57.1864,38.8625,33.7083,28.8012,22.1967,19.8475,18.2406,16.4218,15.7871,16.6778,14.7885,15.5355,15.0362,14.5421,25.8112,27.0586,19.4417,24.5809,26.277,18.6383,16.2942,15.7871,14.6652,14.0534,13.811,12.8551,12.5024,12.269
2019-02-01 00:00:00,2,6.2535,6.2535,6.0668,6.0668,6.0668,6.0668,15.2852,14.5421,14.0534,13.45,12.8551,11.4632,10.2329,13.932,9.9052,8.8379,38.0305,33.7083,18.2406,16.4218,33.2077,45.9806,25.9662,20.2559,17.0643,16.1669,21.6364,19.1727,,,
2019-01-01 00:00:00,2,23.8208,26.4328,24.7337,22.619,20.5297,17.4536,14.9122,12.3855,8.8379,7.8104,8.5254,8.5254,8.3191,8.0126,7.9113,7.7099,7.6098,7.5101,7.4108,7.4108,7.4108,7.2136,7.2136,7.0181,7.1157,7.4108,7.2136,7.2136,6.921,6.5369,6.3475
2018-12-01 00:00:00,2,12.269,14.9122,13.932,13.211,12.6196,12.037,27.8468,26.7452,23.8208,20.8046,18.2406,15.1605,12.7372,11.4632,10.4533,9.2602,8.6292,8.3191,8.2165,8.0126,7.6098,7.312,7.0181,6.8243,6.8243,6.6323,7.6098,12.1528,16.6778,28.1639,25.8112
2018-11-01 00:00:00,2,3.1903,3.1903,3.1903,3.1903,5.5177,5.8819,6.442,11.2362,37.2111,29.9262,18.9049,14.1751,9.2602,8.8379,10.0141,8.6292,8.0126,7.6098,6.921,31.0635,18.9049,16.1669,22.9178,51.8816,50.8634,35.6093,19.5767,17.9771,16.2942,12.5024,
2018-10-01 00:00:00,2,2.604,2.604,2.604,2.604,2.604,4.4709,4.2205,3.8134,3.4198,3.1903,3.0402,3.3428,3.2663,3.1903,3.1903,3.1903,3.1903,3.1903,3.1903,3.3428,3.3428,3.1903,3.1903,3.1903,7.8104,6.2535,5.2495,3.7336,3.2663,3.1903,3.1903
2018-09-01 00:00:00,2,2.604,2.5334,2.5334,2.5334,2.5334,2.5334,2.6752,2.604,2.5334,2.5334,2.5334,2.5334,2.5334,2.6752,3.0402,3.2663,3.4198,3.4198,3.4974,3.6543,3.4974,3.1903,3.3428,3.3428,3.0402,3.0402,2.747,2.747,2.604,2.604,
2018-08-01 00:00:00,2,2.8194,2.747,3.9747,4.6405,4.6405,4.138,3.1903,3.0402,3.1903,3.2663,3.1903,3.0402,2.966,2.8194,2.8194,2.8194,2.8194,3.0402,3.2663,2.8924,2.8194,2.8194,2.8194,2.747,2.747,2.747,2.6752,2.6752,2.6752,2.6752,2.604
2018-07-01 00:00:00,2,3.8134,3.4974,3.1903,3.1903,3.115,3.0402,3.0402,3.0402,3.0402,3.0402,3.0402,3.0402,3.0402,3.0402,3.0402,3.0402,3.0402,3.0402,3.0402,3.0402,3.0402,3.0402,3.0402,2.8924,2.8924,2.8924,2.8924,2.8924,2.8924,2.8924,2.8924
2018-06-01 00:00:00,2,3.8134,3.8134,3.8134,3.8134,3.8134,3.7336,3.6543,3.6543,3.5756,3.5756,3.4974,3.4974,3.4974,3.4974,3.4974,3.4974,3.4974,3.4974,3.4974,3.4974,3.4974,3.4974,3.4198,3.8134,3.8134,3.8134,3.8134,3.8134,3.8134,3.8134,
2018-05-01 00:00:00,2,4.3034,4.3034,4.3034,4.2205,4.2205,4.0561,4.0561,3.9747,3.9747,3.8134,3.8134,3.8134,3.8134,3.8938,3.9747,3.9747,3.9747,3.9747,3.9747,3.9747,3.9747,3.9747,3.9747,3.8938,3.8938,3.8134,3.8134,3.8134,3.8134,3.8134,3.8134
2018-04-01 00:00:00,2,4.8985,4.8985,4.726,4.6405,4.6405,4.4709,4.4709,4.4709,4.3869,4.3034,4.2205,4.2205,4.138,4.0561,3.9747,3.9747,3.9747,3.8134,3.8134,3.8134,3.7336,3.7336,3.7336,3.4974,3.4974,3.4974,3.4974,3.4974,4.5555,4.4709,
2018-03-01 00:00:00,2,7.2136,6.921,6.442,5.8819,5.8819,5.5177,5.5177,5.4278,5.4278,5.4278,5.161,5.161,7.2136,7.2136,7.0181,6.7281,6.442,6.3475,6.3475,6.1599,6.0668,5.9741,5.7902,5.6989,5.5177,5.4278,5.161,5.161,5.161,5.161,4.9855
2018-02-01 00:00:00,2,6.8243,6.442,7.4108,6.0668,6.8243,8.2165,10.8984,7.0181,6.442,6.2535,5.6989,5.608,5.4278,5.2495,5.161,5.161,5.161,5.161,5.3384,6.1599,5.3384,6.6323,6.2535,6.0668,9.2602,6.2535,5.608,5.3384,,,
2018-01-01 00:00:00,2,8.6292,10.7866,9.4737,7.312,7.312,7.2136,7.6098,7.0181,6.8243,6.7281,6.7281,6.442,6.3475,6.2535,6.1599,6.0668,5.8819,5.6989,5.6989,5.608,5.608,5.608,5.5177,5.4278,5.3384,5.3384,4.9855,4.9855,4.8985,4.8985,7.4108
2017-12-01 00:00:00,2,12.5024,24.5809,18.9049,17.0643,10.564,8.8379,7.7099,6.921,6.3475,6.1599,5.7902,5.608,5.073,5.073,5.073,4.9855,7.312,6.8243,6.6323,6.442,6.442,6.2535,7.7099,7.1157,6.8243,6.6323,6.2535,5.8819,6.442,6.3475,7.4108
2017-11-01 00:00:00,2,3.1903,2.966,2.747,2.6752,2.604,2.604,2.604,2.604,2.604,2.604,2.604,3.0402,2.8194,2.6752,2.604,2.604,2.604,2.8194,4.3869,5.608,4.812,20.1195,9.9052,9.4737,6.7281,5.8819,10.1233,15.0362,8.5254,7.0181,
2017-10-01 00:00:00,2,4.6405,4.138,4.4709,4.4709,4.138,3.6543,3.115,2.966,2.8924,2.8194,2.747,2.6752,2.604,2.604,2.5334,2.4635,2.3254,2.3254,2.3254,2.3254,2.3254,2.3254,2.3254,2.3254,2.3254,2.3254,2.3254,2.747,3.5756,4.726,2.747
2017-09-01 00:00:00,2,2.8194,2.8194,2.8194,2.8194,2.8194,2.747,2.747,2.747,2.747,2.747,2.747,2.747,2.747,2.747,2.747,2.747,2.6752,2.6752,2.604,2.604,2.604,2.604,2.604,2.5334,2.5334,2.5334,2.5334,2.5334,2.5334,3.8938,
2017-08-01 00:00:00,2,3.5756,3.5756,3.5756,3.5756,3.5756,3.5756,3.5756,3.4198,3.3428,3.3428,3.1903,3.1903,3.1903,3.1903,3.1903,3.1903,3.1903,3.115,3.0402,3.0402,3.0402,3.0402,3.0402,3.0402,3.0402,3.0402,3.0402,2.966,2.8924,2.8924,2.8924
2017-07-01 00:00:00,2,3.9747,3.9747,3.9747,3.9747,3.9747,3.9747,3.9747,3.9747,3.9747,3.9747,3.9747,3.8938,3.8938,3.8938,3.8134,3.8134,3.8134,3.8134,3.8134,3.8134,3.8134,3.6543,3.6543,3.6543,3.6543,3.6543,3.6543,3.6543,3.5756,3.5756,3.5756
2017-06-01 00:00:00,2,4.812,4.812,4.6405,4.6405,4.6405,4.6405,4.5555,4.4709,4.4709,4.4709,4.4709,4.4709,4.9855,4.9855,4.812,4.726,4.6405,4.6405,4.6405,4.5555,4.4709,4.3034,4.2205,4.2205,4.2205,4.138,4.0561,3.9747,3.9747,3.9747,
2017-05-01 00:00:00,2,4.6405,4.6405,4.5555,4.4709,4.4709,5.9741,5.7902,5.3384,4.9855,4.812,4.726,4.6405,4.4709,4.4709,4.4709,4.4709,4.726,4.6405,4.6405,11.4632,7.6098,6.0668,9.3667,6.0668,5.7902,5.5177,5.5177,5.3384,4.9855,4.812,4.812
2017-04-01 00:00:00,2,5.3384,4.9855,4.9855,4.9855,4.812,4.812,5.161,4.9855,4.8985,4.812,4.812,4.6405,4.6405,4.6405,4.6405,4.6405,4.5555,4.4709,4.4709,4.4709,4.4709,4.4709,4.4709,4.4709,4.3869,4.3034,4.4709,6.0668,6.0668,6.0668,
2017-03-01 00:00:00,2,5.8819,7.2136,9.6887,7.0181,13.6903,8.7334,7.1157,8.0126,11.1233,6.7281,6.442,5.8819,5.6989,5.3384,5.5177,5.5177,5.5177,5.5177,5.5177,5.5177,7.0181,6.5369,5.6989,5.3384,5.161,5.161,5.6989,6.3475,5.8819,5.608,5.4278
2017-02-01 00:00:00,2,5.8819,14.2971,18.9049,18.7714,17.7147,15.6612,10.1233,10.1233,9.154,8.1144,7.9113,7.8104,7.4108,6.8243,6.8243,6.6323,6.6323,6.5369,6.442,6.1599,5.8819,5.7902,5.6989,5.6989,7.312,6.8243,6.6323,6.3475,,,
2017-01-01 00:00:00,2,5.608,5.4278,5.2495,5.161,5.161,5.073,4.9855,7.2136,7.0181,6.0668,7.8104,7.1157,6.3475,6.0668,15.7871,21.776,13.0921,21.776,25.1939,17.1938,13.45,9.2602,8.6292,8.8379,8.6292,8.422,8.3191,8.2165,7.8104,6.442,6.442
2016-12-01 00:00:00,2,6.5369,5.4278,4.4709,12.9734,18.9049,19.1727,13.211,12.037,12.8551,11.2362,11.6916,14.5421,12.5024,17.0643,29.9262,32.3781,18.6383,13.6903,12.269,10.564,9.9052,7.7099,7.312,5.9741,5.073,12.5024,8.7334,6.6323,6.921,6.5369,6.1599
2016-11-01 00:00:00,2,3.1903,3.0402,3.0402,3.0402,3.5756,4.8985,3.8134,9.2602,4.9855,4.6405,4.4709,10.564,11.6916,14.0534,22.9178,11.3495,5.3384,5.161,8.2165,5.3384,5.3384,5.161,7.2136,8.7334,6.0668,5.073,4.6405,4.6405,4.5555,7.312,
2016-10-01 00:00:00,2,3.3428,3.3428,3.3428,6.0668,5.5177,4.5555,3.9747,3.4198,3.1903,3.1903,3.1903,6.8243,5.3384,7.6098,6.3475,5.9741,4.138,4.2205,4.3034,3.9747,3.8134,3.6543,3.5756,3.5756,3.4974,3.4974,3.4974,3.4198,3.3428,3.2663,3.1903
2016-09-01 00:00:00,2,3.6543,3.6543,3.6543,3.6543,3.6543,3.4974,3.4974,3.4974,3.4974,3.4974,3.4974,3.4974,3.4974,3.4198,3.4198,3.4198,3.4198,3.4198,3.4198,3.4198,3.3428,3.3428,3.3428,3.3428,3.3428,3.3428,3.3428,3.3428,3.3428,3.3428,
2016-08-01 00:00:00,2,4.3034,4.2205,4.2205,4.2205,4.2205,4.138,4.138,4.138,4.0561,4.0561,4.0561,3.8134,3.8134,3.8134,3.8134,3.8134,3.6543,3.6543,3.6543,3.6543,3.8134,3.8134,3.8134,3.8134,3.8134,3.8134,3.6543,3.6543,3.6543,3.6543,3.6543
2016-07-01 00:00:00,2,5.073,4.9855,4.9855,4.9855,4.9855,4.9855,4.9855,4.9855,4.812,4.812,4.6405,4.6405,4.6405,4.6405,4.5555,4.4709,4.4709,4.4709,4.4709,4.4709,4.4709,4.4709,4.4709,4.4709,4.4709,4.3869,4.3869,4.3869,4.3034,4.3034,4.3034
2016-06-01 00:00:00,2,5.5177,5.9741,14.0534,11.4632,7.8104,6.1599,5.8819,5.7902,5.6989,5.6989,5.5177,5.5177,5.5177,5.5177,5.5177,5.5177,5.4278,5.4278,5.4278,5.3384,5.3384,5.3384,5.3384,5.7902,5.161,5.161,5.161,5.161,5.161,5.161,
2016-05-01 00:00:00,2,7.1157,6.2535,6.2535,6.1599,6.0668,5.9741,5.9741,5.8819,5.8819,5.8819,5.8819,5.7902,5.6989,7.5101,6.442,5.8819,6.0668,5.9741,5.8819,6.2535,5.8819,5.7902,5.6989,5.6989,5.6989,5.6989,5.608,5.608,5.608,5.5177,5.5177
2016-04-01 00:00:00,2,8.0126,7.8104,7.6098,7.5101,7.4108,7.4108,7.2136,7.2136,7.1157,7.0181,7.0181,7.0181,6.921,6.8243,6.7281,6.6323,6.6323,6.5369,6.442,6.442,6.3475,6.2535,6.2535,6.2535,6.0668,6.0668,6.0668,6.2535,6.3475,10.8984,
2016-03-01 00:00:00,2,10.8649,9.1685,8.6605,9.8975,20.7019,11.1233,13.0921,17.4536,10.3429,9.9052,10.0141,12.037,12.7372,10.0141,9.581,10.1233,9.6887,8.6292,8.6292,8.2165,8.1144,7.9113,7.7099,7.312,7.1157,14.4194,12.7372,10.4533,8.9429,8.5254,8.1144
2016-02-01 00:00:00,2,17.2095,13.6042,12.4351,11.7525,12.092,11.3055,10.2162,10.8649,10.1096,9.4784,9.1685,8.8624,8.7613,8.5602,8.7613,8.4604,11.3055,11.5282,9.5825,9.4784,11.9785,10.7557,10.0033,8.964,8.8624,16.6937,14.6893,13.1319,10.8649,,
2016-01-01 00:00:00,2,5.8463,6.5565,6.9228,7.2964,9.3747,7.2964,6.1091,9.3747,8.5602,9.2714,7.4859,7.4859,8.7613,9.8975,18.2585,27.9114,35.6093,21.2602,85.0735,60.5444,32.7086,19.6019,15.8051,13.7232,23.84,25.4699,19.6019,45.9806,34.8267,32.8733,21.4006
2015-12-01 00:00:00,2,5.084,5.9334,9.7921,17.7311,10.9744,8.361,6.3761,7.1087,6.6473,6.1976,6.9228,6.6473,12.6658,18.2585,9.2714,9.6871,8.6605,15.5545,11.3055,8.1634,6.7387,6.5565,6.021,5.8463,5.3337,5.1668,6.8305,6.3761,9.8975,8.262,8.8624
2015-11-01 00:00:00,2,5.0018,6.6473,5.6735,4.6779,4.2072,3.6819,3.609,8.262,5.5878,4.7581,4.2072,3.9789,3.609,3.4648,8.361,9.8975,8.361,5.9334,5.5026,6.7387,6.5565,6.7387,6.6473,9.066,6.021,5.1668,5.0018,4.6779,5.1668,4.9201,
2015-10-01 00:00:00,2,4.5189,4.2072,4.2072,4.2072,4.362,4.2072,4.1306,4.0545,3.9789,3.9039,3.8293,3.7554,3.7554,3.6819,3.6819,3.609,3.5366,3.4648,3.4648,3.4648,3.9039,4.362,4.362,5.084,4.6779,4.5189,4.362,5.25,5.1668,5.0018,5.0018
2015-09-01 00:00:00,2,4.6779,4.6779,4.6779,4.6779,4.5981,4.5981,5.084,5.5026,9.2714,7.0155,5.7596,6.021,5.4179,5.1668,5.084,4.9201,4.9201,4.8388,4.7581,4.6779,4.6779,4.5189,4.5189,4.4402,4.362,4.2844,4.2072,4.2072,4.1306,4.1306,
2015-08-01 00:00:00,2,5.6735,5.6735,5.6735,5.5026,5.5026,5.5026,5.5026,5.4179,5.4179,5.3337,5.3337,5.3337,5.3337,5.3337,5.25,5.25,5.1668,5.1668,5.1668,5.1668,5.1668,5.084,5.084,5.0018,4.9201,4.8388,4.8388,4.8388,4.8388,4.8388,4.7581
2015-07-01 00:00:00,2,7.2964,7.0155,6.6473,6.6473,6.6473,6.5565,6.5565,6.5565,6.5565,6.5565,6.5565,6.5565,6.466,6.3761,6.2866,6.1976,6.1976,6.1976,6.1976,6.1091,6.021,6.021,5.9334,5.8463,5.8463,5.8463,5.8463,5.8463,5.8463,5.8463,5.7596
2015-06-01 00:00:00,2,7.6773,9.066,10.647,8.8624,7.7736,7.6773,7.6773,7.6773,7.5814,7.5814,7.4859,7.4859,7.4859,7.4859,7.2964,7.1087,7.1087,7.1087,7.4859,7.7736,7.7736,7.7736,7.6773,7.6773,7.6773,7.5814,7.5814,7.5814,7.5814,7.5814,
2015-05-01 00:00:00,2,9.066,8.8624,9.066,8.7613,8.964,21.6825,10.9744,9.6871,9.066,9.066,10.3233,10.7557,9.6871,9.066,9.066,8.964,8.8624,8.7613,8.7613,8.4604,8.4604,8.4604,8.262,8.1634,8.0653,7.9676,7.8704,7.8704,7.8704,7.8704,7.6773
2015-04-01 00:00:00,2,15.9309,29.9555,20.1491,15.1815,14.3242,18.1261,14.0827,13.2494,12.3204,11.8653,10.9744,10.8649,10.8649,10.7557,10.5387,11.1947,11.4166,10.647,10.1096,11.3055,10.4308,9.066,9.3747,9.066,9.066,9.066,9.066,9.066,9.8975,9.066,
2015-03-01 00:00:00,2,8.5602,8.262,7.7736,7.5814,7.7736,8.5602,8.6605,25.3201,31.2399,68.9104,35.6093,43.2133,29.6375,20.5631,17.3394,15.5545,14.3242,18.1261,16.0571,17.4696,31.7267,31.4018,21.2602,19.6019,16.1837,14.5672,13.6042,12.7817,12.8981,15.3055,23.9865
2015-02-01 00:00:00,2,5.1668,4.8388,7.5814,5.6735,6.1091,8.4604,16.0571,18.6578,12.3204,11.9785,10.0033,8.964,7.3909,7.2964,7.8704,8.6605,23.84,16.8221,13.0148,10.647,12.5503,10.7557,9.2714,8.5602,8.0653,11.8653,11.5282,10.7557,,,
2015-01-01 00:00:00,2,5.9334,5.3337,11.3055,9.8975,7.0155,6.1976,5.5878,5.3337,5.25,5.1668,5.084,5.0018,4.8388,4.6779,4.5981,4.4402,4.362,4.362,4.362,4.2072,4.0545,4.5981,5.084,5.0018,5.25,6.3761,9.2714,7.9676,7.1087,5.5026,5.25
2014-12-01 00:00:00,2,14.4455,13.9625,10.3233,8.6605,8.4604,14.2032,9.066,8.4604,7.6773,8.8624,11.3055,12.6658,23.7968,16.5656,10.9744,9.2714,8.0653,7.6773,6.9228,8.0653,10.647,8.0653,8.0653,9.4784,9.1685,7.1087,6.466,6.109,5.7596,5.4179,6.7387
2014-11-01 00:00:00,2,4.0545,3.8293,3.6819,3.5366,3.3228,10.647,6.9228,5.3337,4.0545,3.9789,3.6819,3.609,3.5366,3.4648,3.4648,3.3228,3.3228,3.3228,3.2527,3.114,2.9102,2.8435,4.1306,10.7557,8.0653,13.8427,32.0045,47.3108,40.5631,15.6796,
2014-10-01 00:00:00,2,2.9102,3.2527,3.183,3.0455,2.7773,2.7773,2.7773,2.7773,2.7773,2.7773,2.6466,2.6466,2.6466,2.6466,2.5822,2.5183,2.5183,2.5183,2.5183,2.5822,3.3228,3.8293,3.2527,2.9102,2.8435,3.9039,5.5878,3.609,3.3935,3.4648,6.8305
2014-09-01 00:00:00,2,3.3935,3.3935,3.4648,3.4648,3.3935,3.3935,3.3935,3.3228,3.3228,3.3228,3.2527,3.183,3.183,3.183,3.183,3.183,3.183,3.183,3.114,3.114,3.114,3.114,3.114,3.0455,2.9776,2.9776,2.9102,2.9102,2.9102,2.9102,
2014-08-01 00:00:00,2,4.2072,4.2072,4.1306,4.0545,4.0545,3.9789,3.9039,3.9039,3.8293,3.8293,3.8293,3.8293,3.8293,3.7554,3.7554,3.7554,3.6819,3.6819,3.6819,3.6819,3.6819,3.6819,3.5366,3.4648,3.4648,3.3935,3.3935,3.3935,3.3935,3.3935,3.3935
2014-07-01 00:00:00,2,3.9789,3.9789,3.9789,3.9039,3.8293,3.8293,3.8293,3.8293,3.8293,3.8293,4.2072,4.1306,4.0545,4.0545,3.9789,3.9039,3.9039,3.9039,3.9039,3.9039,3.9039,3.9039,3.8293,3.8293,4.7581,5.6735,6.466,6.6473,5.1668,4.5981,4.5189
2014-06-01 00:00:00,2,4.8388,4.8388,4.8388,4.7581,4.6779,4.6779,4.5981,4.5981,4.5189,4.5189,4.4402,4.4402,4.4402,4.4402,4.362,4.362,4.362,4.2844,4.2844,4.2844,4.2072,4.2072,4.2072,4.1306,4.1306,4.1306,4.1306,4.0545,4.0545,4.0545,
2014-05-01 00:00:00,2,5.7596,5.6735,5.5026,5.3337,5.3337,5.25,5.25,5.1668,6.5565,5.7596,5.1668,4.9201,4.9201,4.9201,4.8388,4.8388,4.7581,4.7581,5.1668,4.9201,4.8388,4.7581,4.7581,4.8388,4.7581,5.4179,6.9228,5.25,4.8388,4.8388,4.8388
2014-04-01 00:00:00,2,5.0018,8.5602,7.1087,5.9334,5.5026,5.0018,5.0018,5.0018,4.8388,4.8388,5.4179,7.5814,5.5878,10.4308,10.9744,7.9676,9.7921,8.6605,8.5602,10.2162,9.1685,7.0155,11.1947,10.5387,11.7525,8.0653,6.8305,6.3761,6.2866,6.021,
2014-03-01 00:00:00,2,7.6773,5.7596,7.7736,5.9334,5.4179,5.6735,7.1087,6.3761,5.9334,6.9228,5.7596,5.8463,5.7596,5.5026,5.3337,5.1668,5.0018,4.5981,4.6779,4.362,4.362,6.1976,6.6473,6.7387,6.2866,5.9334,5.4179,5.1668,5.0018,4.8388,5.6735
2014-02-01 00:00:00,2,5.9334,5.8463,5.8463,5.8463,5.5026,5.1668,5.1668,5.084,5.0018,5.0018,4.9201,4.9201,4.8388,4.8388,6.2866,7.3909,8.5602,7.3909,7.0155,6.6473,6.1976,5.9334,5.25,5.0018,5.0018,4.9201,4.8388,4.8388,,,
2014-01-01 00:00:00,2,8.4604,7.7736,6.9228,6.7387,6.466,6.3761,6.2866,6.1976,6.109,5.9334,6.021,5.9334,5.8463,5.8463,5.6735,5.5026,5.5878,13.1319,19.466,8.0653,8.0653,11.7525,16.8221,7.9676,8.0653,6.9228,6.9228,6.6473,6.3761,6.021,6.021
2013-12-01 00:00:00,2,14.8118,15.4298,16.1837,10.9744,10.5387,8.8624,8.7613,8.964,8.8624,7.5814,6.7387,22.3308,10.5387,9.1685,8.4604,10.3233,8.964,8.4604,7.7736,8.7613,9.2714,8.5602,7.7736,10.647,8.361,7.9676,7.6773,7.4859,7.7736,8.361,8.0653
2013-11-01 00:00:00,2,5.8463,5.5878,5.25,5.1668,5.084,5.4179,8.5602,7.0155,6.5565,5.8463,5.3337,5.5878,5.9334,6.2866,5.6735,5.3337,5.25,5.1668,5.1668,5.084,5.0018,5.0018,7.2964,19.0603,13.0148,14.3242,14.9347,15.3055,14.9347,15.8051,
2013-10-01 00:00:00,2,11.0843,7.8704,6.9228,6.3761,10.5387,6.466,5.8463,6.021,6.6473,6.2866,5.9334,5.6735,5.5026,5.3337,5.25,5.25,6.021,11.9785,7.8704,7.7736,6.2866,5.9334,8.361,5.9334,5.6735,5.4179,5.25,5.1668,7.2023,5.5878,5.3337
2013-09-01 00:00:00,2,5.4179,5.4179,5.3337,5.5878,6.109,5.8463,5.7596,5.6735,5.5026,5.4179,5.3337,5.1668,5.1668,5.084,5.084,5.0018,5.3337,6.021,5.8463,5.6735,5.5026,5.25,5.1668,6.1976,6.3761,5.25,5.084,5.0018,5.3337,6.021,
2013-08-01 00:00:00,2,6.1976,6.1976,6.1976,6.1976,6.1976,6.1976,6.021,6.021,6.021,6.021,5.9334,5.8463,5.8463,5.8463,5.8463,5.7596,5.8463,6.1976,6.1976,6.021,6.021,5.8463,5.8463,5.6735,5.6735,5.6735,5.6735,5.5878,5.5878,5.5026,5.5026
2013-07-01 00:00:00,2,7.4859,7.4859,7.4859,7.3909,7.2964,7.2964,7.2964,7.2023,7.1087,6.9228,6.9228,6.9228,6.9228,6.8305,6.7387,6.7387,6.7387,6.7387,6.7387,6.7387,6.7387,6.5565,6.5565,6.5565,6.7387,6.7387,6.6473,6.5565,6.466,6.3761,6.2866
2013-06-01 00:00:00,2,9.6871,9.1685,10.2162,11.7525,9.6871,9.066,8.964,8.8624,8.7613,8.6605,8.4604,8.361,8.262,8.262,8.1634,8.1634,8.0653,8.0653,7.8704,7.7736,7.6773,7.5814,7.4859,7.5814,7.6773,7.5814,7.5814,7.5814,7.9676,7.5814,
2013-05-01 00:00:00,2,9.1685,9.066,9.066,8.8624,8.8624,8.7613,8.7613,8.6605,8.6605,8.5602,8.5602,8.4604,8.4604,8.4604,8.4604,8.361,8.361,8.262,8.1634,8.0653,8.1634,8.1634,8.1634,8.262,8.0653,7.9676,7.9676,10.4308,18.1261,14.2032,11.1947
2013-04-01 00:00:00,2,11.5282,10.9744,11.4166,11.1947,12.8981,18.3913,13.4855,11.9785,12.6658,11.0843,11.8653,15.6796,26.146,15.6796,13.1319,12.3204,11.4166,11.1947,10.9744,10.7557,10.5387,10.3233,10.1096,9.8975,9.6871,9.6871,9.5825,9.4784,9.3747,9.2714,
2013-03-01 00:00:00,2,14.5672,39.7678,26.3169,18.7916,18.6578,12.6658,11.9785,12.7817,10.8649,11.3055,12.7817,18.9258,13.7232,11.4166,11.0843,10.647,10.5387,11.3055,12.4351,10.3233,11.1947,11.9785,12.3204,19.466,15.8051,12.7817,15.5545,13.0148,11.9785,11.1947,11.3055
2013-02-01 00:00:00,2,26.6601,19.6019,20.1491,25.2975,21.8499,27.6996,25.6356,17.8624,15.1815,13.7232,12.3204,11.9785,11.5282,11.0843,10.7557,10.5387,10.2162,9.8975,9.6871,9.4784,9.4784,10.3233,9.1685,8.8624,9.3747,11.0843,10.4308,9.7921,,,
2013-01-01 00:00:00,2,6.9228,6.7387,6.9228,6.6473,6.1976,6.109,6.466,7.8704,9.6871,19.466,17.9941,12.4351,8.964,9.6871,14.5672,14.3242,13.0148,10.9744,9.5825,10.4308,9.8975,9.066,8.5602,8.361,10.1096,10.1096,22.17,31.8205,83.0372,59.8052,38.9829
2012-12-01 00:00:00,2,7.7736,7.9676,8.6605,10.647,8.5602,7.6773,7.2023,6.9228,7.7736,8.5602,8.8624,10.2162,15.4298,11.3055,9.5825,8.4604,8.1634,7.7736,7.3909,7.7736,17.8624,11.4166,8.5602,7.5814,7.2023,7.2023,9.7921,13.3673,11.0843,8.1634,7.5814
2012-11-01 00:00:00,2,5.5026,5.084,6.7387,12.092,7.5814,4.6779,5.5026,5.5026,8.5602,25.129,9.3747,9.7921,7.2964,18.7916,12.8981,19.466,21.8499,8.5602,7.5814,7.0155,8.262,6.5565,6.466,6.3761,9.066,21.6905,14.9347,13.7232,8.964,8.262,
2012-10-01 00:00:00,2,5.0018,4.9201,4.8388,4.7581,4.6779,4.5981,4.5981,4.5189,4.5189,4.4402,4.4402,4.5981,4.9201,5.25,4.9201,4.7581,4.6779,4.6779,4.7581,4.8388,4.8388,5.0018,5.6735,7.8704,6.466,5.25,4.9201,4.7581,4.6779,4.5981,4.5189
2012-09-01 00:00:00,2,5.4179,5.4179,5.4179,5.3337,5.3337,5.3337,5.25,5.1668,5.1668,5.084,5.084,5.084,5.0018,5.0018,5.0018,5.0018,4.9201,4.9201,4.9201,4.9201,5.25,5.5026,5.4179,5.5026,5.5026,5.6735,5.3337,5.1668,5.084,5.0018,
2012-08-01 00:00:00,2,6.466,6.466,6.3761,6.3761,6.3761,6.2866,6.2866,6.1976,6.1976,6.109,6.109,6.021,6.021,5.9334,5.9334,5.9334,5.8463,5.8463,5.7596,5.7596,5.7596,5.7596,5.6735,5.6735,5.6735,5.5878,5.5878,5.5878,5.5026,5.5026,5.5026
2012-07-01 00:00:00,2,7.8704,7.8704,7.6773,7.5814,7.5814,7.4859,7.4859,7.3909,7.3909,7.2964,7.2964,7.2023,7.2023,7.1087,7.1087,7.2023,7.2023,7.2023,7.1087,7.1087,7.0155,7.0155,6.9228,6.9228,6.8305,6.8305,6.7387,6.7387,6.6473,6.5565,6.5565
2012-06-01 00:00:00,2,9.2714,9.4784,8.7613,8.361,8.6605,12.7817,19.7382,11.5282,10.7557,9.8975,9.1685,8.8624,8.7613,8.7613,8.6605,8.5602,8.4604,8.262,8.1634,8.262,9.1685,9.6871,8.964,8.5602,8.262,8.1634,8.0653,8.0653,7.9676,7.9676,
2012-05-01 00:00:00,2,10.3233,9.6871,9.4784,9.2714,9.2714,9.2714,9.2714,9.1685,9.1685,9.066,9.066,9.1685,9.2714,9.2714,9.4784,9.4784,9.3747,9.1685,8.8624,8.8624,8.7613,8.7613,8.6605,8.6605,8.5602,8.8624,9.066,8.7613,8.5602,8.5602,8.4604
2012-04-01 00:00:00,2,13.6042,13.2494,12.206,11.3055,11.9785,13.8427,19.8748,16.1837,15.5545,13.9625,11.4166,11.1947,10.9744,10.7557,10.5387,10.4308,11.1947,11.5282,10.7557,10.4308,10.2162,10.5387,10.647,11.7525,10.4308,10.5387,10.3233,10.1096,10.1096,9.8975,
2012-03-01 00:00:00,2,11.6402,11.4166,11.1947,11.0843,10.9744,10.9744,10.8649,10.7557,10.647,10.5387,10.8649,18.1261,16.5656,13.1319,14.5672,15.3055,18.9258,14.2032,12.3204,11.7525,11.5282,11.4166,11.6402,13.7232,11.9785,12.4351,12.8981,13.1319,23.7968,14.6893,13.3673
2012-02-01 00:00:00,2,21.4006,16.5656,15.9309,15.1815,14.5672,14.0827,13.8427,13.6042,13.3673,13.7232,20.9803,14.2032,26.146,18.5244,14.9347,14.0827,13.6042,13.1319,12.8981,13.0148,13.1319,13.2494,15.9309,16.8221,18.5244,14.3242,12.4351,12.092,11.8653,,
2012-01-01 00:00:00,2,22.6535,52.8354,68.4915,39.7678,28.7539,25.129,40.5631,57.7549,47.3108,45.5588,64.0502,47.3108,34.4896,28.0494,26.4883,40.5631,32.1889,30.3629,31.0885,28.7539,23.1409,20.2868,20.0118,20.2868,18.1261,17.9941,19.7382,19.1952,18.6578,17.3394,18.1261
2011-12-01 00:00:00,2,8.964,25.2975,16.438,14.5672,10.1096,8.1634,11.0843,14.3242,17.4696,21.4006,20.1491,12.7817,10.3233,10.4308,27.8743,17.6002,23.6322,24.4595,23.9618,20.2868,16.3107,14.9347,13.7232,15.3055,16.8221,19.3304,24.7934,27.178,22.4919,76.7493,31.2709
2011-11-01 00:00:00,2,6.466,6.1976,6.021,5.8463,5.7596,5.6735,5.7596,6.1976,6.021,5.8463,5.7596,5.5878,5.5878,7.0155,8.0653,7.0155,6.466,5.9334,5.6735,5.6735,5.6735,5.5878,5.5026,5.4179,5.3337,5.3337,5.7596,6.3761,7.7736,9.066,
2011-10-01 00:00:00,2,5.8463,5.7596,5.8463,6.6473,6.1976,6.1976,6.109,6.109,6.1976,6.3761,7.2964,10.5387,7.3909,6.8305,6.6473,6.7387,6.9228,6.9228,6.7387,6.2866,6.021,6.2866,7.4859,9.2714,7.1087,6.5565,6.8305,8.262,6.9228,6.3761,6.466
2011-09-01 00:00:00,2,6.7387,6.6473,6.6473,6.5565,6.5565,6.466,6.466,6.3761,6.3761,6.2866,6.2866,6.1976,6.1976,6.1976,9.066,6.6473,6.5565,6.5565,6.5565,6.466,6.3761,6.3761,6.2866,6.2866,6.1976,6.1976,6.109,6.021,5.9334,5.8463,
2011-08-01 00:00:00,2,8.1634,8.0653,8.0653,7.9676,7.9676,7.8704,7.8704,7.7736,7.6773,7.6773,7.5814,7.5814,7.4859,7.4859,7.3909,7.3909,7.2964,7.2964,7.2023,7.2023,7.1087,7.1087,7.0155,7.0155,7.0155,7.0155,6.9228,6.9228,6.8305,6.8305,6.7387
2011-07-01 00:00:00,2,9.7921,9.7921,9.6871,9.5825,9.4784,9.4784,9.3747,9.3747,9.2714,9.1685,9.066,9.066,8.964,8.8624,8.8624,8.8624,8.7613,8.7613,8.6605,8.6605,8.5602,8.5602,8.4604,8.4604,8.5602,8.4604,8.361,8.361,8.262,8.262,8.262
2011-06-01 00:00:00,2,11.7525,11.6402,11.5282,11.4166,11.3055,11.1947,11.3055,11.3055,11.4166,13.9625,11.6402,11.5282,11.3055,10.9744,10.8649,10.7557,10.7557,10.647,10.647,10.5387,10.4308,10.3233,10.2162,10.2162,10.1096,10.1096,10.0033,10.0033,9.8975,9.8975,
2011-05-01 00:00:00,2,16.1837,15.9309,15.9309,15.4298,15.4298,17.8624,18.5244,15.8051,14.6893,14.4455,14.2032,14.2032,13.9625,13.7232,13.6042,13.7232,14.3242,13.4855,13.2494,13.1319,13.0148,12.7817,12.6658,12.5503,12.5503,12.4351,12.3204,12.206,12.092,11.9785,11.8653
2011-04-01 00:00:00,2,19.3304,17.4696,22.6535,18.7916,92.404,49.1073,28.931,23.6322,21.6905,29.4649,25.4663,22.3308,21.6905,27.5253,20.7019,19.7382,18.9258,18.5244,18.1261,17.7311,17.4696,17.2095,16.9509,16.6937,16.5656,20.1491,19.466,17.9941,18.5244,16.6937,
2011-03-01 00:00:00,2,12.8981,29.8229,19.8748,24.7934,30.3629,35.9467,64.0502,53.796,55.7521,46.4293,31.4537,28.0494,43.0126,30.9065,26.4883,39.7678,43.0126,32.0045,36.6904,30.7249,32.3737,28.2249,23.468,22.6535,21.8499,20.8409,19.8748,18.6578,18.1261,17.9941,19.0603
2011-02-01 00:00:00,2,17.3394,16.438,14.0827,12.6658,12.206,11.8653,11.6402,11.4166,11.1947,10.9744,10.8649,11.5282,12.6658,14.2032,11.9785,13.0148,13.2494,11.5282,10.9744,10.7557,10.5387,10.5387,22.0098,12.8981,12.6658,15.8051,13.8427,16.3107,,,
2011-01-01 00:00:00,2,31.4537,38.2085,21.4006,33.7761,54.7682,66.246,169.863,65.142,46.4293,38.9829,29.1086,22.978,21.4006,23.1409,21.1201,24.4595,22.4919,36.6904,28.7539,21.5414,18.2585,16.9509,16.0571,15.0579,14.8118,14.3242,13.9625,13.6042,13.6042,13.9625,14.2032
2010-12-01 00:00:00,2,13.9625,9.4784,8.7613,8.361,10.1096,22.4919,31.0885,35.9467,23.468,13.4855,11.4166,10.2162,9.4784,9.6871,24.961,20.5631,11.5282,10.647,11.6402,9.8975,8.262,7.2964,13.4855,15.3055,26.6601,29.8229,28.931,25.8053,19.466,29.4649,19.6019
2010-11-01 00:00:00,2,16.8221,11.7525,8.5602,7.2023,7.5814,8.8624,8.5602,7.2964,7.8704,19.0603,16.0571,13.3673,13.1319,18.6578,19.3304,17.08,14.5672,11.0843,8.7613,8.8624,10.4308,20.0118,9.5825,8.8624,8.7613,9.4784,9.3747,8.7613,8.361,8.1634,
2010-10-01 00:00:00,2,5.6735,5.9334,7.2023,6.3761,20.1491,9.5825,8.4604,8.964,7.8704,6.5565,5.7596,5.5878,5.4179,5.3337,7.4859,8.5602,8.1634,8.6605,10.647,6.8305,5.7596,5.5026,5.3337,5.3337,5.4179,5.5878,5.5878,5.25,5.0018,4.9201,9.7921
2010-09-01 00:00:00,2,4.4402,4.4402,4.362,4.362,4.362,4.362,4.362,4.362,4.8388,4.5189,4.362,4.362,4.2844,4.2844,4.2072,4.2072,4.1306,4.1306,4.0545,4.0545,3.9789,3.9789,3.9789,3.9039,3.9039,3.9039,3.9789,7.1087,10.647,6.109,
2010-08-01 00:00:00,2,5.1668,5.1668,5.084,5.084,5.084,5.0018,5.0018,4.9201,4.9201,4.9201,4.8388,4.8388,4.8388,4.8388,4.7581,4.7581,4.7581,4.7581,4.7581,4.6779,4.6779,4.6779,4.6779,4.6779,4.5981,4.5981,4.5981,4.5981,4.5189,4.5189,4.4402
2010-07-01 00:00:00,2,5.9334,5.9334,5.8463,5.8463,5.7596,5.7596,5.6735,5.6735,5.6735,5.6735,5.6735,5.6735,6.3761,5.6735,5.6735,5.8463,5.7596,5.6735,5.5878,5.5878,5.5878,5.5026,5.5026,5.5026,5.4179,5.4179,5.3337,5.3337,5.3337,5.25,5.25
2010-06-01 00:00:00,2,6.9228,6.9228,6.9228,6.9228,6.9228,6.9228,6.8305,6.7387,6.7387,6.6473,6.6473,6.5565,6.5565,6.5565,6.466,6.466,6.3761,6.3761,6.2866,6.2866,6.1976,6.1976,6.109,6.109,6.109,6.021,6.021,5.9334,5.9334,5.9334,
2010-05-01 00:00:00,2,9.4784,8.0653,7.8704,8.262,7.6773,7.5814,7.5814,7.4859,7.4859,8.0653,7.8704,7.6773,7.4859,7.3909,7.2964,7.2023,7.1087,7.1087,7.7736,13.4855,8.1634,7.4859,7.2964,7.3909,7.7736,8.1634,7.2964,7.2023,7.1087,7.1087,7.0155
2010-04-01 00:00:00,2,9.8975,9.6871,9.6871,12.8981,10.4308,21.2602,17.2095,11.0843,10.0033,9.4784,9.2714,9.066,8.964,8.8624,8.7613,8.7613,8.6605,8.5602,8.4604,8.4604,8.361,8.361,8.262,8.1634,8.1634,8.0653,7.9676,7.8704,8.0653,8.1634,
2010-03-01 00:00:00,2,16.3107,24.1273,31.6369,25.8053,22.3308,32.1889,31.0885,18.7916,14.5672,13.4855,12.5503,11.7525,11.3055,10.9744,10.8649,19.0603,16.9509,14.5672,12.3204,11.3055,10.4308,10.0033,14.4455,12.206,10.4308,10.2162,9.8975,9.5825,9.3747,9.4784,9.2714
2010-02-01 00:00:00,2,12.1968,11.0081,10.5897,10.1788,24.1325,12.5503,11.7525,10.9744,9.7921,9.7921,10.7557,9.4784,9.1685,8.8624,8.6605,8.4604,8.361,8.5602,10.7557,9.1685,8.8624,8.7613,9.066,9.5825,9.5825,9.6871,9.2714,9.5825,,,
2010-01-01 00:00:00,2,16.3481,13.3259,12.6429,11.4339,11.0081,11.9765,16.3481,15.4733,12.3077,11.7581,10.798,10.4863,11.5415,13.4413,11.7581,12.3077,10.5897,9.8756,9.6758,10.2809,12.1968,10.1788,10.798,10.798,35.9467,38.9829,26.1366,15.8455,14.1435,13.9076,13.3259
2009-12-01 00:00:00,2,11.0081,11.4339,14.0253,14.2621,17.2449,13.2109,13.4413,11.8671,12.5307,17.3748,14.6207,11.8671,11.22,15.8455,16.7297,13.2109,12.9823,12.9823,11.0081,10.3834,10.5897,12.0864,13.3259,10.5897,11.3267,11.0081,13.3259,16.8579,31.0403,24.1325,18.2967
2009-11-01 00:00:00,2,8.5163,8.3297,8.2371,8.5163,8.7998,8.8953,8.7048,8.4228,8.9912,16.4749,18.8333,13.5572,11.1138,9.9762,9.5765,9.3795,14.6207,10.9028,10.9028,9.8756,9.2817,8.7998,8.5163,8.3297,8.145,8.4228,9.8756,10.1788,10.3834,12.0864,
2009-10-01 00:00:00,2,7.5135,7.6023,7.9622,7.7813,7.6023,7.5135,8.7048,8.9912,11.3267,9.5765,8.5163,7.8715,7.8715,8.4228,9.3795,18.5641,10.6936,11.4339,12.9823,23.2323,12.3077,12.7556,11.4339,10.1788,9.2817,9.4778,13.2109,9.7754,9.1844,8.9912,8.7998
2009-09-01 00:00:00,2,8.3297,8.3297,8.3297,8.4228,8.7048,8.8953,8.9912,8.6104,8.7048,8.7048,8.3297,8.2371,8.145,8.0534,7.9622,8.0534,7.8715,7.7813,7.6916,7.7813,7.7813,7.7813,8.3297,9.5765,8.7998,8.4228,7.7813,7.6916,7.6916,7.6023,
2009-08-01 00:00:00,2,9.0875,8.9912,8.9912,8.8953,8.8953,8.7998,8.7998,8.7048,8.7048,8.6104,8.6104,8.5163,8.5163,8.4228,8.4228,8.3297,8.3297,8.2371,8.4228,8.4228,8.3297,8.3297,9.3795,11.22,9.6758,9.0875,8.8953,8.6104,8.5163,8.5163,8.4228
2009-07-01 00:00:00,2,10.9028,10.6936,10.5897,10.5897,10.4863,10.4863,10.3834,10.3834,10.2809,10.2809,10.1788,10.1788,10.0773,9.9762,9.9762,9.8756,9.8756,9.7754,9.7754,9.6758,9.6758,9.5765,9.5765,9.4778,9.4778,9.3795,9.3795,9.2817,9.2817,9.1844,9.0875
2009-06-01 00:00:00,2,14.862,12.6429,12.419,12.1968,12.0864,11.9765,11.9765,11.8671,11.7581,11.7581,11.6495,11.6495,11.8671,11.7581,11.6495,11.5415,11.5415,11.5415,11.4339,11.3267,11.22,11.1138,11.0081,10.9028,11.0081,11.1138,11.22,11.3267,11.1138,11.0081,
2009-05-01 00:00:00,2,14.862,15.5969,16.7297,18.5641,16.2218,15.5969,14.862,14.5007,14.5007,14.7411,14.862,14.3812,14.0253,13.7903,13.6735,13.5572,13.4413,13.3259,13.2109,13.0964,12.9823,12.8688,12.7556,12.6429,12.5307,12.419,12.419,12.3077,12.3077,12.1968,12.1968
2009-04-01 00:00:00,2,19.9279,17.8989,17.1154,16.7297,16.9864,18.6985,44.6992,40.5631,26.1366,21.0508,19.3771,18.8333,18.8333,20.9089,32.935,21.0508,19.3771,18.2967,17.5052,17.1154,16.8579,16.4749,16.2218,15.9705,15.721,15.4733,15.2275,15.1052,14.862,14.7411,
2009-03-01 00:00:00,2,20.0667,18.9686,18.4302,20.9089,18.0311,18.0311,18.9686,18.1637,17.1154,20.7674,19.5141,18.6985,19.3771,17.5052,16.4749,30.8707,24.436,22.0565,18.5641,17.8989,17.1154,18.6985,24.436,17.636,17.7672,18.9686,17.8989,21.9115,19.1043,21.336,27.0864
2009-02-01 00:00:00,2,52.8354,31.7233,31.7233,25.9799,23.0838,21.767,25.6676,20.9089,31.8952,28.0516,23.8306,22.9357,38.2085,51.8863,55.7521,47.3108,36.6904,29.1974,25.8235,23.8306,22.9357,22.4942,25.6676,23.5306,27.0864,27.0864,23.2323,21.4792,,,
2009-01-01 00:00:00,2,16.3481,14.862,14.2621,13.7903,13.2109,12.5307,10.3834,10.4863,10.5897,10.2809,10.0773,9.9762,9.6758,9.3795,10.0773,10.5897,11.7581,14.1435,13.5572,14.3812,20.4858,28.3768,28.7038,48.2035,56.7476,38.9829,36.6904,65.142,44.6992,33.7761,31.0403
2008-12-01 00:00:00,2,7.3374,6.8206,8.6104,7.6916,7.3374,6.8206,6.3212,5.998,5.8393,5.6826,5.5278,7.4253,6.9056,8.145,10.5897,13.9076,21.0508,29.1974,22.3478,16.4749,12.1968,11.22,15.9705,25.3571,25.9799,22.4942,30.5326,55.7521,38.2085,24.436,19.1043
2008-11-01 00:00:00,2,6.3212,6.4858,6.4033,6.5688,6.9056,6.991,12.6429,9.2817,8.2371,9.4778,8.5163,8.145,10.6936,10.0773,7.9622,7.3374,7.9622,11.0081,8.2371,7.4253,7.0769,6.991,7.4253,7.1632,6.991,6.8206,6.7362,6.5688,6.9056,7.1632,
2008-10-01 00:00:00,2,7.4253,7.6023,8.3297,7.9622,7.6916,7.5135,7.9622,10.1788,9.2817,8.6104,7.7813,7.6023,7.4253,7.2501,7.0769,6.9056,6.9056,7.1632,6.991,7.1632,7.0769,6.991,7.1632,6.9056,6.7362,6.6522,6.5688,6.4858,6.4858,6.4033,6.3212
2008-09-01 00:00:00,2,8.6104,8.2371,7.7813,7.9622,7.8715,7.7813,7.6916,7.6023,7.6023,7.5135,7.5135,7.4253,7.3374,7.3374,7.4253,7.9622,7.8715,7.6023,7.5135,7.4253,11.22,10.3834,8.3297,7.7813,7.6023,7.8715,10.6936,8.3297,7.7813,7.6023,
2008-08-01 00:00:00,2,8.6958,8.6042,8.6042,8.5131,9.1612,9.6389,8.8805,8.6958,8.5131,8.5131,8.4225,8.3324,8.2427,8.2427,8.1536,8.0649,8.0649,7.9768,7.8891,7.8891,7.8891,7.8891,7.8019,7.8019,7.8019,7.7152,7.7152,7.629,7.5433,7.629,11.6729
2008-07-01 00:00:00,2,10.5298,10.4289,10.3284,10.2284,10.1289,10.03,9.9315,9.9315,9.9315,9.8335,9.8335,9.7359,9.7359,9.7359,9.6389,9.5424,9.4464,9.4464,9.3508,9.3508,9.2558,9.1612,9.1612,9.0672,8.9736,8.8805,8.8805,8.8805,8.7879,8.7879,8.6958
2008-06-01 00:00:00,2,13.328,13.9044,13.1009,12.8758,12.764,12.5418,12.3216,12.2123,12.1034,11.9951,11.8872,11.7798,11.6729,11.5665,11.4607,11.3553,11.3553,11.3553,11.2503,11.1459,11.042,10.9386,11.4607,11.6729,11.4607,11.3553,11.042,10.8357,10.7332,10.6313,
2008-05-01 00:00:00,2,17.6231,17.2311,16.8436,16.5878,16.4606,16.2078,15.8322,15.4611,15.3384,15.2161,15.0944,14.9732,14.8525,14.7322,14.6125,14.4932,14.3745,14.2562,14.1385,14.0212,13.7882,13.6724,13.5571,13.4423,13.328,13.1009,12.9881,12.8758,13.1009,13.6724,13.6724
2008-04-01 00:00:00,2,20.3504,19.9286,19.5113,27.5436,21.2074,21.6426,45.5588,35.2131,29.7279,31.6422,25.7613,24.6586,23.5803,21.3519,21.0633,21.497,21.0633,19.2356,18.6901,18.4204,34.4896,30.9391,23.4283,18.555,18.2863,18.2863,18.1526,17.7547,17.2311,17.3613,
2008-03-01 00:00:00,2,25.9209,22.6755,19.5113,18.6901,18.0195,19.9286,28.7093,27.5436,28.3737,30.417,32.7119,32.5323,31.9968,29.3864,27.8742,39.7678,38.2085,31.2896,28.0402,25.6023,23.8859,24.0394,46.4293,36.6904,33.0724,28.8778,26.8885,23.2767,21.7886,21.3519,20.9197
2008-02-01 00:00:00,2,43.8505,40.5631,39.7678,55.7521,73.1334,51.8863,59.8052,118.027,73.1334,55.7521,46.4293,47.3108,40.5631,33.0724,32.3533,31.6422,27.8742,26.8885,35.2131,31.9968,29.2164,26.4024,24.9712,24.1935,26.2414,28.5413,22.0823,20.7766,19.789,,
2008-01-01 00:00:00,2,8.1536,7.8019,7.5433,7.3734,7.2891,7.8891,28.8778,18.6901,12.6526,22.9751,20.3504,15.8322,27.3791,27.5436,15.9569,15.708,19.5113,13.9044,15.0944,18.2863,15.9569,21.6426,18.9619,22.3779,32.3533,30.7646,35.2131,73.1334,59.8052,50.9486,57.7549
2007-12-01 00:00:00,2,7.8891,6.8753,6.3949,6.3949,6.794,6.1613,5.9321,6.9571,9.2558,7.2891,6.794,6.4737,6.8753,9.0672,9.2558,9.1612,7.3734,6.6329,6.6329,27.7086,29.0468,24.348,25.7613,19.2356,29.2164,17.8869,12.764,10.9386,9.5424,9.0672,8.5131
2007-11-01 00:00:00,2,6.794,11.5665,6.1613,8.6042,10.3284,10.7332,17.2311,9.4464,7.9768,6.794,6.794,7.2054,9.6389,10.7332,8.6042,7.5433,6.3949,6.2387,6.2387,7.2891,7.2054,6.6329,6.1613,7.629,8.3324,11.9951,8.3324,7.8019,8.9736,16.2078,
2007-10-01 00:00:00,2,6.2387,6.008,5.4869,5.3425,5.271,5.1999,5.1999,5.1294,5.0594,5.0594,4.9898,4.9898,4.9898,4.9898,4.9207,4.9207,4.8522,5.1294,6.008,5.6334,5.4145,5.271,5.0594,5.0594,7.9768,7.1221,5.4145,5.3425,5.3425,5.1999,5.4869
2007-09-01 00:00:00,2,5.8567,5.8567,5.8567,5.7818,5.7818,5.7818,5.7818,5.7073,5.7073,5.6334,5.6334,5.6334,5.5599,5.5599,5.4869,5.4869,5.4869,5.4145,5.4145,5.4145,5.3425,5.3425,5.271,5.271,5.1999,5.1999,5.1999,5.1999,5.271,5.4869,
2007-08-01 00:00:00,2,7.0394,7.0394,6.9571,6.9571,6.8753,6.8753,6.794,6.794,6.7132,6.7132,6.6329,6.6329,6.5531,6.5531,6.4737,6.4737,6.3949,6.3949,6.3165,6.3165,6.2387,6.2387,6.1613,6.1613,6.0844,6.0844,6.008,6.008,5.9321,5.9321,5.8567
2007-07-01 00:00:00,2,7.7152,7.7152,7.629,7.629,7.5433,7.5433,7.4581,7.4581,7.3734,7.3734,7.3734,7.2891,7.2891,7.2891,7.2054,7.2054,7.1221,7.1221,7.1221,7.0394,7.0394,7.0394,6.9571,6.9571,7.0394,7.0394,7.8891,8.3324,8.1536,7.3734,7.2054
2007-06-01 00:00:00,2,9.0672,8.9736,8.8805,8.7879,8.6958,8.6958,8.6042,8.6042,8.6042,8.5131,8.5131,8.5131,8.4225,8.4225,8.3324,8.2427,8.2427,8.1536,8.1536,8.0649,8.0649,7.9768,7.9768,7.9768,7.8891,7.8891,7.8891,7.8019,7.8019,7.7152,
2007-05-01 00:00:00,2,11.1459,10.9386,10.7332,10.6313,10.5298,10.5298,10.4289,10.3284,10.2284,10.1289,9.9315,9.9315,9.8335,9.8335,9.7359,9.7359,9.6389,9.5424,9.5424,9.4464,9.3508,9.3508,10.3284,10.5298,9.6389,9.4464,9.5424,10.1289,9.5424,9.3508,9.1612
2007-04-01 00:00:00,2,12.9881,12.764,12.5418,12.3216,12.4315,12.9881,15.708,14.9732,14.1385,13.4423,13.2142,12.3216,12.1034,11.9951,11.8872,11.7798,11.8872,13.2142,11.7798,11.5665,11.5665,12.764,14.9732,11.9951,11.6729,11.4607,11.2503,12.3216,11.8872,11.3553,
2007-03-01 00:00:00,2,19.5113,18.8258,18.2863,18.0195,17.6231,17.2311,16.9723,16.7155,16.4606,16.2078,15.9569,15.708,15.4611,15.2161,15.3384,15.708,16.0821,16.9723,15.5843,15.0944,14.9732,21.497,16.3339,14.8525,14.4932,14.2562,14.0212,13.6724,13.328,13.2142,13.2142
2007-02-01 00:00:00,2,39.7678,32.3533,38.9829,31.8192,29.0468,29.5569,55.7521,48.2035,42.1855,31.4657,29.5569,30.244,36.6904,31.9968,28.0402,26.726,24.9712,24.1935,25.6023,28.8778,27.2151,22.9751,21.9352,21.6426,21.3519,21.3519,20.492,20.2093,,,
2007-01-01 00:00:00,2,55.7521,48.2035,49.1073,51.8863,56.7476,52.8354,43.8505,41.369,38.2085,32.3533,29.3864,29.5569,31.8192,33.7761,43.0126,35.2131,39.7678,33.0724,28.7093,26.0809,50.0223,48.2035,40.5631,75.5311,50.0223,46.4293,91.0249,45.5588,49.1073,47.3108,43.8505
2006-12-01 00:00:00,2,19.9286,13.7882,13.5571,13.6724,20.3504,31.6422,28.5413,38.9829,31.9968,38.2085,41.369,128.09,83.0372,47.3108,56.7476,50.0223,40.5631,32.3533,28.3737,32.5323,30.244,31.1141,28.3737,43.0126,37.4443,29.8994,32.5323,32.3533,37.4443,39.7678,46.4293
2006-11-01 00:00:00,2,7.1221,7.2891,8.6958,11.4607,9.4464,8.1536,8.4225,7.8019,7.9768,9.4464,12.2123,9.0672,8.5131,8.2427,11.5665,11.8872,8.0649,8.2427,8.5131,8.4225,10.8357,8.3324,7.629,8.0649,7.5433,19.6499,39.7678,24.6586,16.7155,27.8742,
2006-10-01 00:00:00,2,6.6329,6.7132,6.794,6.8753,6.9571,9.4464,15.5843,13.6724,9.0672,8.2427,7.8019,8.0649,8.5131,9.0672,12.1034,10.4289,12.9881,24.348,24.6586,17.8869,13.5571,10.4289,10.1289,9.0672,8.5131,8.1536,7.8891,8.1536,7.9768,7.3734,7.2054
2006-09-01 00:00:00,2,6.9571,8.8805,8.7879,7.1221,6.9571,6.8753,6.794,6.7132,6.7132,6.6329,6.5531,6.4737,6.4737,6.3949,6.2387,6.2387,6.1613,6.0844,6.0844,6.1613,8.6958,10.5298,9.7359,7.5433,7.9768,8.0649,7.4581,6.7132,6.5531,6.4737,
2006-08-01 00:00:00,2,7.5433,7.8891,7.8019,7.629,7.5433,7.4581,7.3734,7.2054,7.2054,7.2054,7.1221,7.1221,7.1221,7.0394,7.0394,6.9571,6.9571,6.8753,6.8753,7.3734,7.2054,6.8753,6.794,6.794,6.7132,6.7132,6.9571,7.2054,7.2054,6.9571,6.8753
2006-07-01 00:00:00,2,9.2558,9.0672,8.7879,8.6958,8.6042,8.6042,8.6042,8.5131,8.5131,8.4225,8.4225,8.3324,8.3324,8.2427,8.2427,8.1536,8.1536,8.0649,8.0649,7.9768,7.8891,7.8891,7.8019,7.7152,7.629,7.629,7.629,7.5433,7.5433,7.5433,7.629
2006-06-01 00:00:00,2,10.2284,10.1289,10.03,10.03,9.9315,9.9315,9.8335,9.8335,9.7359,9.7359,9.6389,9.5424,9.4464,9.3508,9.2558,9.2558,9.2558,9.1612,9.1612,9.0672,9.0672,8.9736,8.9736,8.7879,8.7879,8.8805,9.0672,8.8805,9.0672,9.8335,
2006-05-01 00:00:00,2,12.8758,12.6526,12.4315,12.2123,11.9951,11.8872,11.7798,11.7798,11.8872,11.9951,16.4606,12.2123,11.9951,11.7798,11.4607,11.3553,11.2503,11.1459,11.042,10.9386,10.8357,10.8357,11.2503,13.1009,11.3553,11.1459,10.9386,10.7332,10.5298,10.3284,10.2284
2006-04-01 00:00:00,2,20.3504,18.6901,18.1526,17.4919,16.9723,16.5878,21.497,18.555,17.3613,16.7155,16.3339,17.6231,19.2356,15.5843,15.2161,15.3384,18.6901,16.2078,15.0944,14.8525,14.3745,14.0212,13.7882,13.5571,13.4423,13.328,13.2142,13.1009,12.8758,12.8758,
2006-03-01 00:00:00,2,12.5418,17.7547,19.9286,16.7155,21.7886,36.6904,43.0126,31.9968,25.7613,21.9352,26.2414,22.0823,19.0985,28.0402,31.1141,42.1855,30.0715,26.564,50.9486,43.8505,38.2085,29.5569,25.2857,23.4283,28.2067,24.348,30.417,29.5569,23.8859,21.497,21.7886
2006-02-01 00:00:00,2,13.328,15.2161,15.3384,12.2123,11.5665,11.2503,11.042,12.1034,12.3216,12.6526,17.1015,17.4919,29.3864,25.2857,15.2161,14.0212,12.764,12.1034,11.7798,11.4607,11.1459,11.5665,11.3553,11.5665,12.3216,14.8525,21.3519,16.8436,,,
2006-01-01 00:00:00,2,16.3339,25.7613,17.4919,20.9197,28.7093,30.417,29.0468,24.1935,23.1257,17.1015,15.5843,14.7322,14.0212,13.5571,13.1009,12.6526,12.4315,12.2123,11.9951,11.7798,11.5665,11.2503,11.042,10.7332,10.7332,10.8357,11.5665,12.8758,18.0195,24.8146,15.8322
2005-12-01 00:00:00,2,30.9391,24.5031,17.3613,13.2142,12.2123,11.3553,15.708,44.6992,26.8885,18.8258,25.2857,35.9467,66.246,66.246,42.1855,37.4443,26.2414,18.8258,18.555,29.8994,28.7093,24.8146,17.2311,15.3384,14.9732,15.9569,14.6125,14.3745,15.708,14.3745,15.2161
2005-11-01 00:00:00,2,6.008,5.7073,13.9044,12.8758,8.9736,6.0844,11.7798,9.7359,7.0394,6.0844,16.2078,9.4464,7.8891,6.794,6.5531,6.4737,6.2387,16.9723,23.2767,15.8322,12.3216,9.1612,10.2284,21.7886,28.7093,23.5803,27.3791,15.4611,13.7882,24.5031,
2005-10-01 00:00:00,2,5.7818,5.7073,5.6334,5.4869,5.4145,5.3425,5.6334,5.4869,5.4145,5.3425,5.1999,5.1294,5.0594,4.9898,4.9207,4.8522,4.7841,4.7841,5.7818,10.03,6.0844,5.5599,5.7818,6.1613,6.5531,6.2387,6.008,5.6334,5.4869,5.3425,5.4869
2005-09-01 00:00:00,2,5.8567,5.8567,6.008,9.1612,7.1221,6.794,6.5531,6.3165,6.0844,6.008,5.8567,5.7818,5.7818,5.7818,5.7818,5.7818,5.8567,7.2891,6.8753,6.2387,5.8567,5.8567,5.7818,5.7073,5.6334,6.0844,6.3949,6.0844,5.9321,5.7818,
2005-08-01 00:00:00,2,6.7132,6.7132,6.6329,6.6329,6.6329,6.5531,6.4737,6.3949,6.3949,6.3949,6.3165,6.3165,6.3165,6.2387,6.2387,6.2387,6.2387,6.2387,6.1613,6.1613,6.1613,6.0844,6.008,5.9321,5.9321,5.8567,8.0649,6.2387,6.1613,6.008,5.9321
2005-07-01 00:00:00,2,7.629,7.5433,7.5433,7.4581,7.4581,7.3734,7.3734,7.3734,7.2891,7.2891,7.3734,7.3734,7.3734,7.2891,7.2891,7.2054,7.2054,7.1221,7.2891,7.5433,7.5433,7.3734,7.1221,6.8753,6.794,6.7132,6.794,7.0394,6.8753,6.7132,6.6329
2005-06-01 00:00:00,2,9.2558,9.1612,9.0672,8.8805,8.7879,8.6958,8.6042,8.6042,8.5131,8.4225,8.3324,8.3324,8.3324,8.2427,8.1536,8.1536,8.0649,8.0649,7.9768,7.9768,8.0649,8.2427,8.1536,8.0649,7.8891,7.8019,7.7152,7.7152,7.7152,7.629,
2005-05-01 00:00:00,2,11.9951,10.6313,10.1289,9.9315,9.8335,9.7359,9.6389,9.5424,9.3508,9.3508,9.2558,9.2558,9.1612,9.1612,9.0672,8.9736,8.8805,8.7879,8.6958,8.6958,8.6042,8.6042,9.1612,11.042,14.9732,26.0809,11.1459,9.8335,9.1612,9.4464,9.3508
2005-04-01 00:00:00,2,12.5418,12.4315,12.8758,11.9951,11.6729,11.4607,11.2503,11.1459,10.9386,10.7332,10.6313,10.5298,10.3284,10.1289,10.1289,9.9315,9.8335,9.7359,9.7359,9.7359,10.5298,14.2562,13.6724,13.5571,10.9386,10.4289,11.3553,12.3216,19.2356,19.0985,
2005-03-01 00:00:00,2,13.2142,16.4606,15.708,15.4611,12.1034,11.2503,10.6313,10.3284,10.1289,11.3553,13.5571,13.2142,19.0985,16.5878,12.2123,17.1015,13.6724,16.2078,13.2142,14.9732,29.5569,29.3864,26.8885,20.3504,18.555,22.9751,15.8322,14.9732,13.9044,13.4423,12.764
2005-02-01 00:00:00,2,17.4919,15.708,15.4611,17.8869,22.6755,18.8258,14.4932,13.5571,12.8758,12.3216,11.9951,11.7798,11.5665,11.3553,11.042,11.3553,13.6724,12.5418,11.5665,10.9386,10.6313,10.3284,9.9315,9.7359,10.7332,14.3745,10.6313,10.5298,,,
2005-01-01 00:00:00,2,11.042,10.5298,9.9315,13.1009,29.7279,31.6422,32.3533,30.7646,30.417,20.3504,15.708,16.0821,21.0633,13.6724,12.764,12.8758,14.7322,18.4204,20.3504,22.0823,15.0944,13.7882,15.2161,16.3339,12.3216,11.8872,20.2093,41.369,45.5588,32.7119,24.9712
2004-12-01 00:00:00,2,7.8891,9.8335,6.9571,8.8805,23.5803,10.1289,7.9768,7.4581,9.2558,22.5264,25.7613,11.8872,9.5424,8.6042,8.5131,8.1536,7.1221,7.8019,13.2142,14.9732,12.2123,29.0468,32.1748,49.1073,28.3737,16.8436,15.8322,13.7882,13.4423,14.8525,12.4315
2004-11-01 00:00:00,2,5.1294,5.5599,5.7073,5.1999,5.1999,5.6334,7.629,12.1034,5.7073,5.4869,5.271,5.0594,5.0594,5.0594,5.271,18.8258,12.3216,11.3553,7.4581,7.0394,6.4737,5.9321,6.0844,5.8567,5.6334,5.6334,6.008,6.3165,7.0394,8.4225,
2004-10-01 00:00:00,2,5.0594,5.271,6.794,11.5665,6.1613,5.6334,5.4869,5.4145,5.271,4.9207,5.4145,5.7073,6.0844,5.6334,6.3165,7.2054,6.4737,6.2387,5.6334,5.6334,5.5599,5.4869,5.4145,5.5599,5.4145,5.4145,5.5599,5.7818,5.271,5.1294,5.0594
2004-09-01 00:00:00,2,5.9321,5.8567,5.8567,5.7818,5.7818,5.7073,5.7073,5.6334,5.5599,5.5599,5.5599,5.4869,5.5599,5.4145,5.4869,5.7073,5.7073,5.6334,5.4869,5.4869,5.5599,5.4145,5.4145,5.4145,5.4145,5.3425,5.271,5.1294,5.0594,5.0594,
2004-08-01 00:00:00,2,6.8753,6.794,6.794,6.7132,6.7132,6.6329,6.6329,6.5531,6.5531,6.5531,6.5531,6.5531,6.4737,6.3949,6.3949,6.3949,6.3165,6.3165,6.2387,6.2387,6.2387,6.1613,6.1613,6.1613,6.0844,6.0844,6.0844,6.008,6.008,6.008,5.9321
2004-07-01 00:00:00,2,8.1536,8.0649,7.9768,7.8891,7.8019,7.7152,7.7152,7.8019,7.7152,7.9768,8.3324,7.9768,7.8019,7.7152,7.629,7.5433,7.4581,7.3734,7.5433,8.3324,8.6042,7.7152,7.629,7.4581,7.2891,7.2054,7.1221,7.1221,7.0394,6.9571,6.9571
2004-06-01 00:00:00,2,10.3284,13.4423,10.2284,10.4289,9.7359,9.7359,9.7359,9.7359,9.6389,9.5424,9.2558,8.9736,8.9736,8.8805,8.9736,9.0672,8.8805,8.7879,8.6958,8.6958,8.6042,8.5131,8.4225,8.4225,8.4225,8.3324,8.2427,8.2427,8.2427,8.1536,
2004-05-01 00:00:00,2,12.4315,12.2123,11.9951,11.7798,12.2123,14.6125,11.8872,11.6729,11.5665,11.4607,11.3553,11.2503,11.1459,10.9386,10.8357,11.3553,10.9386,10.7332,10.8357,11.4607,10.8357,10.5298,10.4289,10.3284,10.2284,10.1289,10.03,9.9315,10.03,10.03,9.9315
2004-04-01 00:00:00,2,18.555,17.1015,17.4919,18.8258,20.9197,23.1257,29.5569,27.2151,20.492,25.2857,22.6755,21.7886,20.9197,18.2863,18.0195,18.0195,17.2311,18.555,16.2078,15.0944,14.6125,14.2562,13.9044,13.6724,13.4423,13.6724,13.6724,13.2142,12.8758,12.6526,
2004-03-01 00:00:00,2,22.5264,19.6499,21.3519,32.8919,55.7521,53.796,33.7761,29.5569,25.2857,22.0823,20.0687,19.2356,21.7886,24.9712,46.4293,42.1855,28.5413,23.5803,22.8251,20.2093,19.0985,20.0687,17.2311,16.4606,16.3339,18.1526,32.7119,37.4443,27.2151,23.8859,23.1257
2004-02-01 00:00:00,2,10.7332,10.1289,16.7155,12.3216,9.4464,8.8805,8.6958,22.2298,19.9286,13.1009,14.1385,17.8869,12.764,12.9881,15.2161,24.9712,21.7886,15.5843,15.9569,16.2078,42.1855,54.7682,54.7682,50.0223,56.7476,45.5588,41.369,34.4896,31.4657,,
2004-01-01 00:00:00,2,9.0002,23.2767,18.9619,14.4932,14.1385,13.1009,8.2427,9.9315,9.8335,19.6499,27.7086,21.0633,22.5264,26.8885,28.0402,18.4204,17.3613,10.1289,8.9736,8.3324,7.8019,7.8019,10.6313,9.2558,9.7359,16.5878,41.369,30.244,19.789,13.6724,11.5665
2003-12-01 00:00:00,2,8.2706,8.3734,12.0252,8.1682,17.762,17.762,23.535,14.2193,12.6208,13.2271,13.3497,8.8946,8.8946,7.5643,7.965,6.5969,6.224,5.8593,5.7694,5.4151,5.2411,5.5912,7.4653,11.4404,5.9497,6.0406,6.132,6.8819,10.5278,14.3452,7.5643
2003-11-01 00:00:00,2,3.6978,8.8946,15.4969,5.3279,4.323,4.4037,5.155,7.8641,6.6914,4.5668,4.2429,4.0843,3.928,3.8507,4.0843,5.5029,6.5029,6.132,5.8593,5.155,4.8996,4.8156,4.5668,4.4037,4.485,4.7321,7.8641,12.6208,10.8667,13.8441,
2003-10-01 00:00:00,2,4.323,4.0843,3.928,3.8507,3.7739,3.6222,3.7739,3.6978,4.0843,4.4037,5.155,5.9497,4.4037,4.2429,4.1633,4.0058,3.8507,3.7739,3.6978,3.6978,3.6222,3.6222,3.7739,4.1633,4.2429,3.8507,3.6222,3.6222,3.6222,3.6222,3.6222
2003-09-01 00:00:00,2,6.0406,5.2411,4.8996,4.8156,4.7321,4.5668,4.485,4.4037,4.4037,4.323,4.2429,4.2429,8.2706,5.9497,4.9842,4.7321,4.6492,4.5668,4.485,4.485,4.4037,4.323,4.1633,4.0843,4.0058,3.928,3.8507,3.7739,4.485,4.5668,
2003-08-01 00:00:00,2,4.9842,4.9842,4.9842,4.8996,4.8996,4.8996,4.8156,4.8156,4.7321,4.7321,4.7321,4.8156,4.8156,5.4151,5.0693,4.7321,4.7321,4.5668,4.5668,4.5668,4.485,4.485,4.4037,4.4037,4.4037,4.7321,4.7321,4.9842,5.155,4.8996,7.6637
2003-07-01 00:00:00,2,5.7694,5.7694,5.68,5.68,5.5912,5.5912,5.5029,5.5029,5.4151,5.4151,5.3279,5.3279,6.6914,6.4094,5.9497,5.68,5.5912,5.4151,5.4151,5.3279,5.3279,5.2411,5.2411,5.2411,5.2411,5.2411,5.155,5.155,5.155,5.0693,5.0693
2003-06-01 00:00:00,2,6.5969,6.5969,6.5029,6.5029,6.4094,6.4094,6.4094,6.3165,6.3165,6.3165,6.3165,6.224,6.224,6.132,6.132,6.132,6.0406,6.0406,6.0406,5.9497,5.9497,5.9497,5.8593,5.8593,5.8593,5.8593,5.8593,5.8593,5.8593,5.8593,
2003-05-01 00:00:00,2,7.4653,7.3668,7.2689,7.4653,7.8641,10.8667,10.8667,8.1682,7.8641,7.6637,7.5643,7.4653,7.3668,7.3668,7.3668,7.2689,7.2689,7.1714,7.0744,7.0744,6.9779,6.9779,6.8819,6.7864,6.8819,6.7864,6.6914,6.6914,6.6914,6.5969,6.5969
2003-04-01 00:00:00,2,10.0822,9.7528,9.6439,9.6439,9.8622,10.3041,9.5355,9.32,9.5355,10.3041,10.9806,9.4275,9.2129,9.0002,9.0002,9.0002,8.6847,8.4767,8.2706,8.2706,8.2706,8.1682,8.0664,7.965,7.8641,7.8641,7.7637,7.6637,7.5643,7.4653,
2003-03-01 00:00:00,2,8.8946,8.8946,11.5565,10.4157,9.32,9.4275,9.1064,9.7528,10.3041,10.9806,11.2096,10.6403,15.4969,21.5924,12.7412,15.2381,12.862,12.5008,11.9074,17.2187,25.8536,23.687,22.3321,13.596,12.1434,11.5565,12.2621,13.105,11.2096,10.6403,10.1929
2003-02-01 00:00:00,2,28.0905,18.4501,16.2831,15.1093,14.2193,13.8441,13.105,12.2621,11.79,11.4404,11.0949,10.9806,10.4157,10.7533,10.1929,19.5713,13.2271,14.2193,13.8441,13.7198,11.79,10.8667,10.4157,9.972,9.6439,9.4275,9.2129,9.1064,,,
2003-01-01 00:00:00,2,12.3813,9.972,14.9809,17.2187,14.4715,12.862,12.862,10.6403,9.7528,9.0002,12.1434,12.6208,12.9833,19.7132,14.7254,11.0949,12.862,36.2748,37.1718,36.812,37.1718,32.5979,28.9061,19.4298,16.1511,18.4501,21.153,22.1834,28.9061,31.2362,38.9829
2002-12-01 00:00:00,2,4.485,4.323,4.485,4.2429,4.2429,4.485,4.323,5.3279,6.9779,13.9687,18.8676,22.3321,26.4856,19.9981,16.9494,18.1737,26.4856,13.7198,9.2129,8.8946,10.9806,31.9143,21.153,14.4715,11.9074,10.7533,8.8946,8.5804,8.0664,7.0744,16.8153
2002-11-01 00:00:00,2,6.3165,5.4151,4.323,4.1633,4.2429,5.2411,4.8156,4.4037,4.323,4.2429,3.928,4.6492,4.8996,4.6492,4.8996,4.4037,4.8156,5.2411,14.3452,5.5912,5.3279,4.9842,9.972,5.4151,8.7894,9.7528,7.3668,5.68,5.155,4.6492,
2002-10-01 00:00:00,2,4.2429,4.2429,4.4037,4.485,4.4037,4.323,4.1633,4.0058,3.928,3.8507,3.7739,3.7739,3.7739,3.7739,3.7739,3.6978,3.6222,3.5473,3.4729,3.3991,3.3259,3.4729,3.5473,3.4729,3.3259,3.6222,4.5668,4.2429,3.928,6.224,7.965
2002-09-01 00:00:00,2,4.8996,5.0693,4.9842,4.8156,4.8156,8.0664,5.2411,5.0693,4.7321,4.6492,4.5668,4.5668,4.5668,4.485,4.485,4.4037,4.4037,4.323,4.323,4.2429,4.2429,4.4037,4.5668,5.2411,6.224,5.0693,4.7321,4.485,4.4037,4.323,
2002-08-01 00:00:00,2,5.5029,5.5029,5.5029,5.4151,5.4151,5.4151,5.3279,5.3279,5.2411,5.2411,5.155,5.155,5.0693,5.0693,4.9842,4.9842,4.9842,4.8996,4.8996,4.8156,4.8156,4.7321,4.7321,4.7321,4.7321,4.7321,4.7321,4.7321,4.6492,4.6492,4.6492
2002-07-01 00:00:00,2,6.4094,6.4094,6.3165,6.3165,6.3165,6.224,6.224,6.132,6.132,6.132,6.132,6.7864,6.8819,6.5029,6.4094,6.132,6.132,6.0406,5.9497,5.9497,5.9497,5.9497,5.8593,5.8593,5.7694,5.7694,5.68,5.9497,5.7694,5.68,5.5912
2002-06-01 00:00:00,2,7.8641,7.6637,7.6637,7.6637,7.5643,7.5643,7.4653,7.4653,7.3668,7.3668,7.2689,7.2689,7.1714,7.1714,7.0744,7.0744,6.9779,6.9779,6.8819,6.8819,6.7864,6.6914,6.6914,6.6914,6.6914,6.6914,6.5969,6.5969,6.5029,6.5029,
2002-05-01 00:00:00,2,8.8946,9.0002,9.8622,9.5355,9.7528,10.0822,14.8529,9.4275,9.1064,10.0822,9.2129,9.0002,8.8946,8.6847,8.5804,8.4767,8.3734,8.3734,8.2706,8.2706,8.7894,9.1064,9.972,8.8946,8.4767,8.2706,8.0664,8.0664,8.0664,7.965,7.965
2002-04-01 00:00:00,2,12.5008,12.3813,12.1434,11.9074,11.5565,11.4404,11.3248,11.3248,12.0252,11.5565,11.673,11.3248,11.0949,10.8667,10.4157,10.1929,10.0822,10.0822,9.8622,9.7528,9.7528,9.5355,9.5355,9.4275,9.32,9.2129,9.1064,9.1064,9.0002,9.0002,
2002-03-01 00:00:00,2,17.2187,16.1511,15.4969,15.3673,15.3673,15.2381,17.0838,13.8441,13.8441,13.4726,13.2271,12.9833,12.7412,12.7412,14.0938,16.6817,15.3673,15.7574,19.2887,16.4156,16.1511,14.9809,14.7254,13.4726,15.7574,17.6256,23.2321,20.2845,14.5982,13.4726,13.105
2002-02-01 00:00:00,2,18.4501,36.2748,30.8992,17.4896,15.7574,16.0194,22.3321,43.0126,33.4599,28.7423,31.7443,22.3321,19.8554,20.2845,28.4157,18.8676,23.0811,37.1718,31.5746,21.7396,23.687,30.2293,19.5713,22.6306,25.0717,22.0351,20.862,18.3117,,,
2002-01-01 00:00:00,2,39.7678,35.0328,27.1233,16.2831,13.8441,12.5008,12.5008,12.5008,11.673,10.0822,9.5355,9.5355,10.0822,14.9809,12.6208,13.4726,10.4157,11.79,52.8354,45.5588,19.8554,17.6256,24.1453,16.8153,13.8441,15.4969,22.4812,29.7305,17.8989,15.8882,15.1093
2001-12-01 00:00:00,2,8.3734,9.972,6.3165,5.5912,4.8156,4.5668,4.6492,6.132,5.3279,4.6492,4.4037,4.2429,4.0843,5.0693,9.8622,7.2689,9.8622,10.7533,6.4094,7.5643,17.6256,28.0905,14.3452,24.2988,49.1073,21.2991,18.3117,25.3834,74.3258,57.7549,50.0223
2001-11-01 00:00:00,2,7.7637,4.4037,4.0843,4.5668,4.6492,4.5668,4.0058,3.6978,6.9779,4.7321,4.0843,3.928,4.9842,8.7894,4.8156,4.323,3.928,3.7739,4.2429,7.4653,7.3668,5.4151,5.5029,6.5029,5.7694,4.7321,4.4037,4.2429,5.155,5.9497,
2001-10-01 00:00:00,2,4.4543,4.1877,22.9034,5.5029,4.323,3.8507,3.7739,19.0076,13.2271,10.8667,6.3165,5.5912,4.8156,4.5668,4.4037,4.323,4.2429,4.0843,3.928,4.0843,3.928,3.8507,3.8507,3.6978,3.6222,3.6222,3.4729,3.4729,3.3991,3.3259,3.6222
2001-09-01 00:00:00,2,4.1,4.0129,3.9263,3.8403,3.6702,3.586,3.586,3.5025,3.5025,3.5025,3.5025,3.4195,3.4195,3.3372,6.658,5.2838,4.3649,4.0129,3.8403,3.6702,3.6702,3.6702,3.586,3.755,4.1,4.4543,4.3649,5.2838,5.0957,4.6348,
2001-08-01 00:00:00,2,4.0129,3.9263,3.9263,3.8403,3.8403,3.8403,3.755,3.755,3.755,3.755,3.6702,3.6702,3.6702,3.6702,3.6702,3.586,3.586,3.586,3.586,3.586,3.5025,3.5025,3.5025,3.6702,3.8403,3.8403,4.0129,5.7633,4.1,5.4741,4.9097
2001-07-01 00:00:00,2,4.3649,4.3649,4.276,4.276,4.276,4.276,4.1877,4.1877,4.1877,4.1877,4.1877,4.1,4.1,4.0129,4.0129,4.0129,4.0129,4.0129,4.276,4.1877,4.1,4.0129,4.0129,5.1895,5.4741,4.4543,4.1877,4.1877,4.1,4.0129,4.0129
2001-06-01 00:00:00,2,5.1895,5.0957,5.0957,5.0957,5.0957,5.0025,5.0025,4.9097,4.9097,4.8175,4.8175,4.7259,4.7259,4.7259,4.6348,4.6348,4.6348,4.6348,4.5443,4.5443,4.5443,4.5443,4.5443,4.5443,4.4543,4.4543,4.3649,4.3649,4.3649,4.3649,
2001-05-01 00:00:00,2,5.0025,5.0025,5.0025,4.9097,4.9097,4.9097,4.8175,4.8175,4.7259,4.7259,4.7259,4.8175,5.0957,5.2838,5.57,5.4741,13.2877,9.569,6.658,5.2838,5.1895,5.1895,5.1895,6.4557,6.156,6.2554,5.6664,5.4741,5.3787,5.2838,5.2838
2001-04-01 00:00:00,2,7.2763,6.8622,13.6671,6.965,6.658,6.4557,6.2554,6.2554,6.156,6.0571,6.658,6.3553,6.156,6.0571,5.9586,5.9586,5.8607,5.8607,5.7633,5.6664,5.6664,5.4741,5.4741,5.3787,5.2838,5.2838,5.1895,5.0957,5.0957,5.0025,
2001-03-01 00:00:00,2,6.156,6.0571,6.3553,6.8622,6.658,10.4921,7.5918,7.381,9.0057,9.4555,10.3753,30.8057,15.7457,11.2015,9.3424,8.3438,7.8044,7.5918,7.5918,8.0188,7.381,7.0683,6.8622,6.7599,6.658,6.5566,7.1721,6.7599,6.7599,7.9114,8.5627
2001-02-01 00:00:00,2,12.9116,14.3068,11.6824,10.4921,8.453,8.3438,7.6979,8.5627,16.8187,13.2877,9.4555,8.3438,8.0188,8.0188,8.235,7.5918,7.9114,7.4862,7.1721,6.965,6.8622,6.7599,6.658,6.5566,6.4557,6.4557,6.3553,6.2554,,,
2001-01-01 00:00:00,2,11.2015,9.569,13.4138,17.7753,11.4412,9.9121,9.4555,8.8943,8.5627,10.0273,8.5627,8.3438,8.0188,7.8044,7.5918,7.381,7.2763,7.0683,6.965,6.8622,7.2763,9.9121,10.0273,9.569,11.9252,8.6728,7.5918,7.5918,10.845,11.8036,12.1695
2000-12-01 00:00:00,2,12.7869,11.5616,9.7973,7.9114,8.3438,9.1175,7.2763,6.965,6.658,6.5566,22.3507,9.1175,7.5918,7.1721,8.1267,9.0057,8.6728,42.1855,28.2991,14.0499,11.2015,22.2028,25.9913,13.1619,19.5948,12.6627,11.3212,10.2589,10.3753,13.9219,11.5616
2000-11-01 00:00:00,2,5.2838,5.1895,4.9097,5.2838,5.3787,5.6664,6.7599,7.2763,5.9586,5.4741,5.1895,5.9586,7.9114,11.0823,7.2763,6.5566,6.156,6.3553,17.5003,21.9081,16.9543,26.277,12.4153,13.9219,8.8943,8.7833,14.9556,8.8943,10.9635,9.2297,
2000-10-01 00:00:00,2,5.9586,6.658,6.2554,6.156,5.9586,6.156,5.8607,6.156,5.8607,5.6664,5.4741,5.3787,5.2838,5.1895,5.0957,5.0957,5.0957,5.0025,5.0025,4.9097,4.9097,5.1895,5.0957,5.0025,5.4741,5.0957,4.9097,4.8175,5.3787,5.57,5.3787
2000-09-01 00:00:00,2,7.0683,7.381,10.727,8.235,6.965,7.8044,10.6094,7.2763,6.8622,6.7599,6.5566,6.2554,6.4557,7.0683,6.658,6.4557,6.3553,6.8622,6.3553,6.156,6.0571,5.9586,5.8607,5.7633,5.6664,6.0571,6.7599,6.2554,6.0571,5.8607,
2000-08-01 00:00:00,2,6.965,6.8622,6.8622,6.965,7.1721,7.0683,6.965,6.8622,6.7599,6.658,6.5566,6.5566,6.5566,6.4557,6.4557,6.3553,6.3553,6.2554,6.2554,6.2554,6.156,6.156,6.0571,6.0571,5.9586,5.8607,5.7633,5.7633,6.156,6.4557,6.156
2000-07-01 00:00:00,2,8.1267,8.1267,8.0188,8.0188,8.0188,7.9114,7.9114,7.9114,7.9114,7.8044,7.8044,7.6979,7.6979,7.5918,7.5918,7.4862,7.4862,7.381,7.381,7.2763,7.2763,7.2763,7.2763,7.5918,7.381,7.381,7.381,7.2763,7.1721,7.0683,6.965
2000-06-01 00:00:00,2,9.7973,9.7973,9.683,9.683,9.569,9.569,9.4555,9.4555,9.3424,9.2297,9.1175,9.1175,9.0057,9.0057,8.8943,8.8943,8.7833,8.7833,8.6728,8.6728,8.5627,8.5627,8.453,8.453,8.3438,8.3438,8.235,8.235,8.1267,8.1267,
2000-05-01 00:00:00,2,12.7869,12.7869,12.5388,12.4153,12.2922,12.1695,12.0471,11.9252,11.8036,11.6824,11.5616,11.4412,11.3212,11.2015,11.0823,11.0823,10.9635,10.845,10.727,10.6094,10.4921,10.4921,10.4921,10.3753,10.2589,10.2589,10.1429,10.1429,11.0823,10.3753,9.9121
2000-04-01 00:00:00,2,19.0291,18.4686,18.0516,17.6376,17.2266,16.6833,16.4137,16.2794,16.1455,15.8786,15.6132,15.7457,16.4137,16.1455,15.2176,14.9556,14.8251,14.695,17.6376,21.3223,15.8786,15.2176,14.4359,14.0499,13.7943,13.6671,13.2877,13.0366,12.9116,12.7869,
2000-03-01 00:00:00,2,22.6278,18.6004,18.6004,15.9078,15.4075,14.9114,14.5421,17.4331,15.9078,24.0145,37.0696,38.9829,35.0512,21.534,19.3894,43.0126,36.9133,31.5533,46.4293,37.4443,34.1295,27.4277,24.9979,23.3185,22.0553,21.3223,20.4528,19.8795,24.2944,28.7374,20.309
2000-02-01 00:00:00,2,48.2035,34.8971,27.7174,22.7655,22.7655,19.1254,21.1274,35.2054,60.8483,44.6992,37.6965,34.8971,32.4566,28.0078,24.1544,22.0791,20.8575,26.9947,21.1274,20.1867,19.3894,18.2091,17.4331,16.6659,16.2857,17.9495,22.353,23.3185,24.9979,,
2000-01-01 00:00:00,2,18.9938,16.2857,15.6571,14.1752,11.1015,23.7355,30.6568,19.1254,13.932,11.9097,10.8733,9.973,9.4207,8.7689,8.5544,8.4476,8.2351,23.8749,11.4461,21.9425,12.1433,15.5322,13.6899,12.0264,11.5616,11.3309,12.496,32.3056,60.8483,38.9829,73.1334
1999-12-01 00:00:00,2,5.3231,4.8558,4.6721,4.7637,13.4488,7.0923,5.9954,28.445,31.1042,20.7229,17.0484,27.4277,19.6542,14.4196,10.7597,9.5305,7.5028,7.2968,6.7885,6.4881,6.2898,5.9954,5.8981,12.0264,10.6463,7.5028,13.3287,15.035,16.7932,13.8108,21.3982
1999-11-01 00:00:00,2,4.2209,4.2209,4.0438,4.0438,3.8687,4.9484,4.7637,8.0241,7.9191,11.9097,6.3888,5.6087,13.2089,8.9848,6.4881,6.2898,4.9484,4.7637,4.7637,10.4206,7.9191,7.7102,6.9907,5.5131,5.2288,5.0414,6.1913,5.2288,5.2288,8.4476,
1999-10-01 00:00:00,2,4.2209,4.2209,5.3231,6.0932,5.1349,4.7637,4.7637,4.5809,4.4,4.4,4.2209,4.2209,4.2209,4.2209,4.0438,4.0438,4.0438,3.8687,4.2209,4.2209,4.7637,4.2209,4.2209,4.2209,4.0438,5.0414,11.1015,6.1913,5.0414,4.6721,4.5809
1999-09-01 00:00:00,2,4.5809,4.4,4.4,4.4,4.4,4.4,4.4,4.2209,4.2209,4.4902,4.9484,4.6721,6.0932,4.8558,5.3231,7.2968,8.0241,5.8012,4.7637,4.7637,4.5809,5.3231,5.7048,5.3231,4.7637,4.5809,4.5809,4.4,4.4,4.2209,
1999-08-01 00:00:00,2,5.3231,5.3231,5.3231,5.1349,5.1349,5.1349,5.1349,5.1349,5.1349,5.1349,5.1349,5.1349,4.9484,4.9484,4.9484,4.9484,4.7637,4.7637,4.7637,4.7637,4.7637,4.7637,4.7637,4.7637,4.7637,4.7637,4.7637,4.7637,4.7637,4.7637,4.5809
1999-07-01 00:00:00,2,6.2898,6.2898,6.2898,6.2898,6.2898,6.2898,6.2898,6.0932,6.0932,6.0932,6.0932,6.0932,6.0932,6.0932,6.0932,5.8981,5.8981,5.8981,5.8012,5.7048,5.7048,5.7048,5.5131,5.5131,5.5131,5.5131,5.3231,5.3231,5.3231,5.3231,5.3231
1999-06-01 00:00:00,2,6.8894,6.8894,6.8894,6.8894,6.8894,6.8894,6.8894,6.8894,6.8894,6.8894,6.688,6.688,6.688,6.688,9.3112,8.2351,7.2968,6.8894,6.688,6.688,6.688,6.688,6.4881,6.4881,6.4881,6.4881,6.4881,6.4881,6.4881,6.4881,
1999-05-01 00:00:00,2,8.5544,8.5544,8.5544,8.3412,8.3412,8.3412,8.4476,8.7689,8.3412,8.1294,8.1294,8.1294,7.9191,7.9191,7.7102,7.7102,7.7102,7.7102,7.7102,7.5028,7.2968,7.2968,7.0923,7.0923,7.2968,7.2968,7.2968,7.0923,7.0923,7.0923,6.8894
1999-04-01 00:00:00,2,12.0264,11.5616,11.1015,10.9873,10.7597,10.5333,10.5333,10.3082,10.3082,10.0844,10.0844,9.8619,9.6407,9.4207,11.3309,11.3309,10.4206,9.8619,9.6407,9.6407,9.6407,9.6407,9.4207,9.2021,9.2021,8.9848,8.9848,8.7689,8.7689,8.7689,
1999-03-01 00:00:00,2,30.8057,36.7572,36.1344,32.4566,20.1867,16.7932,17.9495,24.4347,25.1392,23.8749,25.1392,22.353,21.1274,15.2831,14.1752,13.5692,14.1752,15.035,13.8108,12.0264,12.496,15.4075,21.1274,31.2537,32.9107,26.277,24.4347,19.2573,14.4196,13.932,12.7325
1999-02-01 00:00:00,2,8.4476,8.2351,9.0933,8.6615,7.8145,7.3996,6.5878,9.6407,7.3996,6.8894,7.0923,10.9873,8.7689,8.5544,8.2351,6.8894,6.688,7.7102,12.496,10.1962,8.4476,6.9907,6.8894,7.9191,10.8733,13.0894,17.1764,25.4224,,,
1999-01-01 00:00:00,2,24.0145,13.0894,29.4718,28.0078,14.5421,15.2831,18.6004,13.3287,11.6773,11.7934,10.3082,8.9848,8.7689,8.5544,9.7511,8.5544,8.7689,9.973,7.7102,6.9907,7.9191,8.3412,8.0241,8.6615,7.9191,7.3996,17.9495,16.2857,9.4207,9.0933,8.7689
1998-12-01 00:00:00,2,15.6571,15.1589,10.7597,9.0933,8.7689,9.0933,8.9848,8.9848,8.7689,8.5544,8.3412,8.1294,8.7689,10.6463,11.4461,19.1254,20.4544,23.4573,24.9979,19.5217,15.7824,12.2606,8.9848,8.7689,11.9097,15.6571,9.2021,8.9848,10.1962,8.3412,7.9191
1998-11-01 00:00:00,2,25.5643,11.5616,13.0894,27.7174,16.1595,14.6649,7.6063,8.2351,8.1294,8.4476,13.0894,12.2606,9.7511,9.973,8.0241,9.3112,8.2351,9.4207,19.787,12.496,10.5333,9.7511,9.2021,9.2021,9.5305,13.8108,29.9147,29.1775,21.6699,16.9207,
1998-10-01 00:00:00,2,4.9484,6.3888,6.2898,5.5131,5.2288,4.9484,4.7637,6.1913,6.5878,6.7885,6.1913,6.7885,8.7689,5.6087,5.2288,5.8981,6.2898,6.5878,6.1913,5.5131,4.9484,4.7637,4.7637,4.7637,4.5809,4.5809,4.5809,5.4179,5.8012,13.2089,18.4697
1998-09-01 00:00:00,2,5.9954,5.8981,5.7048,5.7048,5.5131,5.5131,5.3231,5.3231,5.3231,5.3231,5.3231,5.1349,4.9484,4.9484,4.7637,4.7637,4.7637,4.7637,4.7637,4.7637,4.7637,4.7637,4.5809,4.5809,4.5809,5.1349,4.9484,4.9484,4.9484,4.9484,
1998-08-01 00:00:00,2,6.2898,6.2898,6.2898,6.2898,6.0932,6.0932,5.8981,5.8981,6.8894,6.9907,8.3412,7.0923,6.8894,6.7885,6.688,6.688,6.4881,6.2898,6.0932,5.8981,5.8981,5.8981,5.7048,5.7048,5.7048,5.7048,5.7048,5.7048,5.5131,5.5131,5.5131
1998-07-01 00:00:00,2,7.7102,7.7102,7.5028,7.5028,7.5028,7.2968,7.2968,7.2968,7.2968,7.2968,7.1944,7.0923,7.0923,7.0923,7.0923,6.8894,6.8894,6.8894,6.8894,6.8894,6.8894,6.688,6.688,6.688,6.688,6.4881,6.4881,6.4881,6.4881,6.2898,6.2898
1998-06-01 00:00:00,2,9.4207,9.0933,8.7689,8.5544,8.3412,8.3412,8.1294,8.1294,8.1294,8.1294,7.9191,7.9191,8.7689,8.5544,8.3412,8.3412,8.1294,8.1294,8.1294,8.1294,8.1294,7.9191,7.9191,7.9191,7.9191,7.9191,7.9191,7.9191,7.7102,7.7102,
1998-05-01 00:00:00,2,9.7511,9.3112,9.2021,8.9848,16.5389,14.9114,11.2161,10.4206,9.6407,9.2021,8.9848,8.8767,8.7689,8.7689,8.5544,8.5544,9.0933,8.9848,8.7689,8.7689,8.6615,8.5544,8.5544,8.5544,8.5544,8.5544,8.3412,8.8767,11.1015,14.5421,11.4461
1998-04-01 00:00:00,2,15.4075,31.2537,16.5389,12.7325,11.7934,11.5616,11.1015,19.5217,12.2606,17.6908,12.1433,11.7934,11.1015,10.6463,10.1962,10.6463,10.3082,10.3082,10.7597,10.4206,9.8619,9.7511,9.5305,9.4207,9.4207,9.4207,9.4207,9.2021,15.9078,10.7597,
1998-03-01 00:00:00,2,16.6659,15.1589,13.932,13.5692,12.9701,12.3781,12.3781,12.2606,11.7934,11.2161,10.9873,11.3309,13.8108,15.2831,14.5421,11.6773,11.4461,11.7934,11.3309,10.9873,19.787,12.6141,19.2573,19.787,15.2831,15.2831,13.6899,11.7934,11.3309,10.9873,15.4075
1998-02-01 00:00:00,2,11.9097,10.8733,10.4206,10.1962,10.4206,17.82,11.9097,16.2857,16.2857,11.6773,11.7934,10.1962,10.1962,9.8619,10.0844,13.5692,20.1867,28.5911,20.1867,27.1388,18.3393,13.6899,27.1388,26.4201,31.8537,30.508,19.6542,18.8624,,,
1998-01-01 00:00:00,2,10.8733,10.1962,9.7511,8.9848,9.973,9.7511,10.8733,11.6773,19.3894,23.0416,15.1589,13.8108,13.2089,12.7325,12.2606,12.3781,12.8512,16.6659,25.8488,24.8568,21.6699,10.8733,10.5333,10.0844,9.3112,25.5643,18.9938,16.4122,15.6571,13.2089,12.7325
1997-12-01 00:00:00,2,20.5885,29.6193,14.5421,13.0894,9.6407,8.7689,8.0241,25.7064,24.0145,10.4206,12.0264,10.5333,26.4201,24.2944,17.1764,27.2832,24.7159,29.7669,27.1388,31.4034,25.9913,16.5389,22.216,21.3982,14.1752,32.4566,16.7932,17.1764,13.3287,12.9701,14.4196
1997-11-01 00:00:00,2,5.3231,5.3231,5.3231,5.3231,5.7048,5.5131,5.3231,5.9954,5.4179,5.3231,5.3231,5.3231,5.8012,10.3082,6.1913,6.5878,5.9954,5.3231,5.8981,7.8145,6.3888,6.4881,6.8894,6.1913,6.0932,10.8733,11.6773,13.932,12.0264,28.1534,
1997-10-01 00:00:00,2,5.6087,5.5131,5.5131,5.5131,5.5131,5.5131,5.3231,5.3231,5.1349,5.1349,5.1349,4.9484,4.9484,4.9484,4.9484,5.4179,5.3231,5.1349,5.1349,5.1349,20.3205,10.3082,7.8145,5.7048,5.5131,7.0923,7.2968,5.8981,5.7048,5.5131,5.3231
1997-09-01 00:00:00,2,5.8981,5.8981,5.7048,5.7048,5.7048,5.7048,5.7048,5.7048,5.5131,5.5131,5.5131,5.5131,5.3231,5.3231,5.3231,5.7048,5.7048,5.5131,5.5131,5.5131,5.8981,5.8981,5.8981,6.4881,10.1962,6.688,5.9954,5.7048,5.6087,6.3888,
1997-08-01 00:00:00,2,7.2968,7.2968,7.2968,7.0923,6.8894,6.8894,6.8894,6.688,6.688,6.688,6.688,6.688,6.4881,6.4881,6.4881,6.4881,6.4881,6.4881,6.3888,6.2898,6.2898,6.2898,6.1913,6.0932,6.0932,6.0932,6.0932,6.0932,5.8981,5.8981,5.8981
1997-07-01 00:00:00,2,8.4476,8.3412,8.3412,8.1294,8.1294,8.1294,8.1294,8.1294,8.1294,8.1294,7.9191,7.9191,7.9191,7.9191,7.9191,7.8145,7.7102,7.7102,7.7102,7.6063,7.5028,7.9191,7.7102,7.5028,7.5028,7.5028,7.2968,7.2968,7.2968,7.2968,7.2968
1997-06-01 00:00:00,2,9.6407,9.4207,9.2021,9.6407,9.8619,11.6773,11.3309,10.0844,9.8619,9.6407,9.5305,9.8619,11.2161,9.973,10.8733,10.1962,9.6407,9.4207,9.2021,9.2021,9.2021,9.2021,8.9848,8.9848,8.9848,8.7689,8.7689,8.7689,8.5544,8.5544,
1997-05-01 00:00:00,2,12.3781,12.0264,11.6773,11.5616,11.2161,10.9873,10.9873,10.9873,10.9873,10.8733,10.7597,10.7597,10.6463,10.5333,10.5333,11.4461,10.7597,10.5333,10.4206,10.3082,10.3082,10.0844,10.6463,10.0844,11.3309,11.7934,10.1962,9.8619,10.7597,10.0844,9.8619
1997-04-01 00:00:00,2,17.9495,18.3393,17.3046,16.0335,15.4075,14.9114,16.1595,16.4122,15.035,14.0535,13.2089,12.6141,12.2606,12.9701,12.496,12.1433,12.496,12.3781,12.6141,12.3781,12.7325,12.496,12.496,12.8512,12.6141,12.496,12.8512,16.0335,14.7881,12.3781,
1997-03-01 00:00:00,2,15.9078,23.0416,18.0792,18.9938,33.0624,28.8839,20.3205,28.8839,27.1388,22.353,18.7313,16.5389,15.9078,16.4122,16.5389,28.0078,23.3185,19.3894,17.9495,16.9207,16.1595,15.6571,15.035,14.4196,14.6649,14.2973,14.0535,14.2973,14.0535,15.9078,16.7932
1997-02-01 00:00:00,2,29.9147,23.4573,31.2537,28.1534,22.216,18.6004,17.5618,16.7932,16.4122,15.6571,15.1589,14.2973,13.4488,13.2089,12.7325,13.6899,14.2973,15.2831,15.5322,14.6649,13.8108,13.4488,13.2089,13.4488,13.6899,14.9114,16.4122,20.5885,,,
1997-01-01 00:00:00,2,25.1392,29.0306,207.733,55.7521,52.8354,44.6992,40.5631,45.5588,58.7741,43.0126,41.369,39.7678,37.6965,27.8625,27.1388,22.9034,22.216,21.3982,20.3205,23.3185,22.216,18.8624,17.1764,16.6659,16.0335,17.6908,29.7669,30.211,30.8057,27.4277,29.7669
1996-12-01 00:00:00,2,6.4788,6.979,12.6856,17.9713,11.7228,9.4223,8.9812,11.3679,9.5335,9.7573,10.2097,9.9827,13.4229,9.8698,13.4229,12.2012,30.5766,34.3257,18.3393,14.0535,12.0264,10.4206,11.6773,27.1388,21.6699,14.4196,12.9701,13.2089,21.534,24.2944,24.7159
1996-11-01 00:00:00,2,7.2846,6.6775,7.0804,6.2819,5.7982,5.1416,4.51,4.51,4.51,4.3344,4.3344,4.3344,4.3344,5.1416,9.3114,9.0909,14.426,7.8029,12.0811,10.2097,13.1757,30.257,37.5223,26.5045,12.5639,9.3114,8.0133,7.4906,6.7775,6.3801,
1996-10-01 00:00:00,2,4.4219,4.3344,4.8678,4.6878,4.4219,4.3344,4.3344,4.3344,4.3344,4.3344,4.7775,4.9585,4.5987,5.1416,4.8678,4.4219,4.3344,4.3344,4.3344,4.6878,5.0498,8.3321,4.6878,4.3344,4.6878,6.4788,5.5138,4.9585,5.2339,5.6081,4.5987
1996-09-01 00:00:00,2,4.3344,4.3344,4.3344,5.9902,6.1842,5.6081,6.2819,5.0498,4.7775,4.7775,5.2339,5.9902,5.7029,5.1416,4.8678,4.7775,4.9585,7.0804,5.0498,4.7775,4.5987,4.3344,4.3344,4.3344,4.3344,5.6081,4.8678,4.5987,4.3344,4.9585,
1996-08-01 00:00:00,2,4.8678,4.8678,4.6878,4.6878,4.6878,4.6878,4.6878,4.51,4.51,4.5987,4.6878,4.7775,4.6878,4.6878,4.8678,4.7775,4.7775,4.6878,4.6878,4.5987,4.5987,4.51,4.51,4.51,4.3344,4.3344,4.3344,4.3344,4.3344,4.3344,4.3344
1996-07-01 00:00:00,2,5.3267,5.3267,5.3267,5.3267,5.2339,5.3267,5.42,5.3267,5.3267,5.2339,5.2339,5.0498,5.0498,5.0498,5.0498,5.0498,5.0498,5.0498,4.9585,4.9585,4.9585,4.8678,4.8678,4.8678,4.8678,4.8678,4.8678,4.8678,4.8678,4.8678,4.8678
1996-06-01 00:00:00,2,6.087,6.087,6.087,6.087,6.087,5.9902,5.9902,5.894,5.894,5.7982,5.7982,5.7982,5.7982,5.7982,5.7982,5.7029,5.7029,5.6081,5.6081,5.5138,5.5138,5.5138,5.42,5.42,5.42,5.42,5.42,5.42,5.42,5.3267,
1996-05-01 00:00:00,2,6.979,6.979,6.878,6.7775,6.7775,6.7775,6.6775,6.5779,6.4788,6.4788,6.4788,6.1842,6.087,6.2819,6.5779,6.979,9.4223,8.9812,8.0133,7.4906,6.878,6.6775,7.3874,6.878,6.5779,6.2819,6.1842,6.1842,6.1842,6.1842,6.1842
1996-04-01 00:00:00,2,8.0133,7.4906,7.1823,6.878,6.5779,6.979,6.878,6.7775,6.5779,6.6775,6.7775,7.4906,9.2009,8.1192,8.2254,25.1377,20.0424,15.5808,10.4382,9.2009,8.5468,8.2254,7.9079,7.6984,7.5943,7.3874,7.2846,7.0804,6.878,6.6775,
1996-03-01 00:00:00,2,7.0804,12.5639,7.4906,8.1192,9.7573,8.6548,9.0909,10.3237,8.5468,21.7489,13.0526,12.8076,11.9613,9.9827,9.6452,11.6041,15.1928,11.7228,11.6041,9.8698,9.4223,11.7228,9.3114,10.5531,9.6452,9.8698,8.872,8.4393,8.0133,7.6984,8.1192
1996-02-01 00:00:00,2,7.8029,7.4906,10.3237,9.6452,9.0909,8.6548,7.9079,8.5468,7.9079,7.4906,13.0526,8.4393,8.9812,9.2009,8.3321,7.8029,7.1823,6.878,6.4788,6.087,6.2819,8.1192,10.5531,9.8698,9.8698,9.7573,8.872,8.7632,8.2254,,
1996-01-01 00:00:00,2,34.1599,32.6791,18.5167,8.872,13.7964,13.1757,38.0351,51.8863,35.9971,35.8289,28.2053,28.9891,19.7622,16.1028,14.2994,12.5639,11.8418,11.0164,10.5531,10.9,10.6683,11.8418,13.5471,12.0811,9.2009,8.5468,8.7632,8.2254,7.6984,7.2846,7.4906
1995-12-01 00:00:00,2,7.3874,6.878,6.2819,6.1842,5.6081,9.6452,6.878,6.6775,5.3267,5.0498,4.9585,5.3267,14.6802,36.842,13.5471,8.5468,8.5468,17.1628,23.6456,22.7641,23.0568,25.4395,12.0811,9.7573,12.9299,10.7839,13.2991,12.2012,14.1731,9.3114,9.3114
1995-11-01 00:00:00,2,8.3321,8.2254,8.1192,7.4906,7.6984,6.2819,5.9902,5.6081,5.2339,4.7775,4.6878,5.894,10.096,7.4906,8.4393,7.1823,7.4906,7.1823,10.7839,9.3114,5.7029,5.1416,5.0498,5.7029,6.087,5.42,5.0498,4.9585,4.8678,4.9585,
1995-10-01 00:00:00,2,5.9902,5.2339,5.1416,5.0498,5.0498,5.2339,5.1416,5.5138,5.9902,18.9291,6.3801,5.894,5.5138,7.1823,6.979,6.7775,5.9902,5.9902,5.2339,5.0498,5.2339,5.2339,5.0498,4.8678,4.5987,4.3344,4.3344,4.3344,4.2473,4.7775,7.2846
1995-09-01 00:00:00,2,5.2339,5.2339,5.1416,5.1416,5.1416,5.0498,5.0498,5.0498,5.0498,4.9585,4.9585,4.9585,4.8678,4.8678,4.8678,4.8678,4.8678,7.9079,7.9079,7.8029,7.2846,6.5779,5.42,5.3267,5.3267,5.2339,6.087,5.7982,6.4788,6.2819,
1995-08-01 00:00:00,2,6.1842,6.1842,6.087,6.087,6.087,5.9902,5.9902,5.9902,5.894,5.894,5.7982,5.7982,5.7029,5.7029,5.7029,5.6081,5.6081,5.6081,5.5138,5.5138,5.42,5.42,5.42,5.42,5.42,5.42,5.3267,5.3267,5.3267,5.2339,5.2339
1995-07-01 00:00:00,2,7.5943,7.5943,7.3874,7.2846,7.1823,7.1823,7.1823,6.979,6.979,6.979,6.979,6.878,6.7775,6.7775,6.878,6.878,6.7775,6.6775,6.6775,6.5779,6.5779,6.5779,6.5779,6.5779,6.5779,6.4788,6.3801,6.2819,6.2819,6.1842,6.1842
1995-06-01 00:00:00,2,8.6548,8.5468,8.4393,8.2254,8.2254,8.2254,8.2254,8.2254,8.2254,8.2254,8.2254,8.1192,8.1192,8.2254,8.1192,8.0133,8.0133,8.0133,7.9079,7.8029,7.8029,7.9079,8.2254,7.8029,7.8029,7.8029,7.6984,7.5943,7.5943,7.5943,
1995-05-01 00:00:00,2,10.4649,10.4649,10.092,9.9684,9.7223,10.216,10.4649,11.0932,11.2199,12.3745,18.6494,10.5531,10.096,9.8698,9.7573,9.6452,10.4382,10.2097,9.8698,9.4223,9.0909,9.3114,9.0909,9.3114,12.4427,11.2503,10.3237,9.8698,8.872,8.7632,8.6548
1995-04-01 00:00:00,2,24.3933,16.678,15.5748,14.4893,14.4893,14.2208,13.6873,13.5546,13.2903,13.0271,12.7651,12.5044,12.245,12.245,11.7298,11.7298,11.4742,11.4742,11.2199,11.7298,11.4742,11.4742,11.6019,13.0271,12.3745,11.3469,10.9669,10.7152,10.5899,10.4649,
1995-03-01 00:00:00,2,13.9534,13.8202,13.5546,13.9534,19.7983,16.4005,16.4005,32.7245,25.002,15.1656,14.087,13.1585,12.6346,15.5748,30.4697,12.3745,14.4893,13.1585,12.896,12.7651,12.245,14.087,23.3366,33.702,24.3933,22.5885,19.5096,16.8171,15.3017,15.7117,33.2124
1995-02-01 00:00:00,2,11.0932,23.4869,19.7983,12.896,16.2622,11.3469,34.1933,41.58,42.4401,41.4085,35.0157,34.5217,34.0294,27.3147,24.2417,38.013,27.159,24.3933,20.3786,33.702,40.3828,23.3366,19.5096,18.2227,16.8171,15.8489,14.759,14.3549,,,
1995-01-01 00:00:00,2,10.7152,14.8942,16.5391,26.3839,41.58,25.4607,15.5748,12.7651,10.9669,10.092,9.3558,13.0271,8.7523,9.1133,8.3947,7.9233,7.574,7.574,7.3432,9.9684,13.5546,10.8409,8.3947,10.7152,11.4742,13.1585,16.8171,11.8581,9.1133,10.3403,11.2199
1994-12-01 00:00:00,2,15.8489,14.759,14.2208,13.2903,12.5044,13.9534,12.7651,9.4776,8.5135,8.0406,7.574,7.0075,6.9174,9.4776,8.8722,10.7152,9.5998,10.7152,7.9233,6.7381,7.2283,12.6346,26.6934,19.2218,14.759,16.1242,15.5748,10.7152,9.2344,8.2763,7.69
1994-11-01 00:00:00,2,5.008,4.9247,4.8417,4.8417,4.7591,4.6767,4.6767,4.5948,4.5948,4.5948,4.5131,4.8417,5.6,5.3444,5.1756,5.008,6.8276,6.2946,5.6858,6.2946,5.8583,5.5145,5.2599,6.5599,6.032,5.4293,5.2599,7.2283,28.0959,17.3762,
1994-10-01 00:00:00,2,5.008,4.9247,4.9247,5.3444,5.6,5.2599,5.0916,5.6,5.6858,5.6,5.3444,5.3444,5.2599,5.1756,5.008,5.008,5.008,5.008,5.4293,5.4293,5.6858,5.4293,5.3444,5.3444,5.2599,5.2599,5.1756,5.1756,5.008,5.008,5.008
1994-09-01 00:00:00,2,5.6858,5.6858,5.6,5.6,5.5145,5.5145,5.5145,5.5145,5.4293,5.4293,5.4293,5.4293,5.3444,5.3444,5.3444,5.3444,5.2599,5.2599,5.2599,5.2599,5.2599,5.1756,5.1756,5.0916,5.0916,5.0916,5.0916,5.008,5.008,5.008,
1994-08-01 00:00:00,2,6.5599,6.5599,6.4712,6.4712,6.3828,6.3828,6.3828,6.3828,6.3828,6.2946,6.2946,6.2068,6.2068,6.2068,6.2068,6.1192,6.1192,6.1192,6.032,6.032,5.945,5.945,5.945,5.945,5.8583,5.8583,5.8583,5.8583,5.7719,5.7719,5.6858
1994-07-01 00:00:00,2,7.4584,7.3432,7.2283,7.114,7.114,7.114,8.7523,8.0406,7.3432,7.3432,7.2283,7.2283,7.2283,7.114,7.114,7.0075,7.0075,6.9174,6.9174,6.9174,6.8276,6.8276,6.7381,6.7381,6.7381,6.7381,6.7381,6.6488,6.6488,6.6488,6.6488
1994-06-01 00:00:00,2,9.9684,9.9684,9.7223,9.7223,9.4776,9.2344,9.1133,9.1133,8.9926,8.8722,8.8722,8.7523,8.6327,8.6327,8.6327,8.5135,8.5135,8.5135,8.3947,8.2763,8.1582,8.1582,8.0406,7.9233,7.9233,7.8065,7.8065,7.69,7.69,7.69,
1994-05-01 00:00:00,2,9.8452,9.7223,9.5998,9.4776,9.3558,9.2344,9.2344,10.092,10.7152,10.5899,12.3745,14.4893,15.1656,23.3366,23.7882,21.4033,19.5096,14.624,13.0271,12.3745,11.3469,10.9669,10.7152,10.4649,10.3403,10.216,10.3403,10.216,10.092,9.9684,9.9684
1994-04-01 00:00:00,2,14.087,13.6873,13.4223,12.896,12.6346,12.3745,12.1157,11.6019,11.3469,11.2199,10.9669,10.9669,10.9669,10.9669,10.8409,10.7152,24.5452,19.0784,16.2622,11.2199,10.5899,10.5899,11.0932,10.7152,10.4649,10.3403,10.216,10.216,10.092,9.9684,
1994-03-01 00:00:00,2,11.8581,11.0932,10.8409,13.1585,13.6873,13.5546,12.5044,18.5069,20.2331,20.6702,16.8171,15.1656,18.7921,19.3656,18.6494,16.8171,15.1656,16.1242,14.624,14.4893,14.8942,17.7983,19.2218,18.5069,19.3656,15.9864,14.8942,14.8942,14.759,14.624,14.3549
1994-02-01 00:00:00,2,19.2218,18.6494,18.081,17.5166,16.5391,15.3017,14.4893,13.6873,13.2903,13.0271,12.896,12.3745,11.7298,11.0932,10.3403,9.8452,8.9926,8.8722,8.7523,8.6327,8.5135,8.3947,8.9926,8.8722,10.3403,7.69,9.8452,11.9868,,,
1994-01-01 00:00:00,2,9.8452,11.2199,12.7651,12.5044,14.759,17.5166,17.9395,24.6972,31.5924,30.6295,29.0401,31.5924,36.8407,29.1982,37.6772,29.6735,42.0955,39.0246,38.013,27.9393,31.4315,29.3564,30.7895,31.9149,30.3101,28.8822,22.2908,21.9941,21.4033,21.1094,20.2331
1993-12-01 00:00:00,2,7.69,7.574,7.3432,7.114,6.8276,6.7381,6.7381,6.4712,6.3828,6.1192,7.114,7.8065,7.69,7.2283,7.0075,6.8276,6.6488,6.3828,6.1192,6.2068,6.9174,8.1582,8.6327,9.4776,10.092,9.2344,8.3947,7.9233,7.8065,8.8722,8.5135
1993-11-01 00:00:00,2,6.2068,6.2068,5.8583,5.7719,5.7719,5.6858,5.6,6.032,5.945,5.7719,7.2283,7.2283,6.9174,6.4712,5.8583,6.3828,6.9174,6.2946,5.945,5.7719,7.4584,7.3432,6.8276,6.3828,6.1192,5.8583,5.7719,5.6858,6.1192,7.69,
1993-10-01 00:00:00,2,7.114,7.0075,6.9174,6.9174,6.9174,6.8276,6.8276,6.7381,7.8065,7.69,7.2283,6.9174,6.7381,6.5599,6.5599,6.4712,6.3828,6.1192,7.0075,6.8276,6.4712,6.3828,6.1192,5.8583,6.032,6.4712,6.3828,6.032,6.1192,5.7719,5.945
1993-09-01 00:00:00,2,6.8276,6.8276,6.7381,6.7381,6.7381,6.6488,6.5599,6.5599,6.5599,6.3828,6.3828,6.2946,6.2946,6.2068,6.1192,6.1192,6.032,6.032,6.4712,6.1192,6.1192,6.4712,7.2283,7.69,7.4584,7.2283,6.8276,7.4584,7.2283,7.4584,
1993-08-01 00:00:00,2,8.5135,8.3947,8.3947,8.2763,8.1582,8.0406,8.0406,8.0406,7.9233,7.9233,7.9233,7.9233,7.9233,7.9233,7.8065,7.8065,7.8065,7.69,7.69,7.69,7.69,7.574,7.574,7.574,7.574,7.574,7.4584,7.2283,7.114,7.0075,6.9174
1993-07-01 00:00:00,2,9.8452,9.7223,9.7223,9.7223,9.5998,9.5998,9.5998,9.4776,9.3558,9.2344,9.2344,9.1133,9.1133,8.9926,8.9926,8.9926,8.9926,8.9926,8.9926,8.9926,8.8722,8.8722,8.8722,8.8722,8.7523,8.7523,8.7523,8.6327,8.5135,8.5135,8.5135
1993-06-01 00:00:00,2,12.1157,11.7298,11.7298,11.6019,11.6019,11.4742,11.4742,11.4742,11.3469,11.3469,11.3469,11.2199,11.2199,11.2199,11.0932,10.9669,10.9669,10.9669,10.8409,10.7152,10.5899,10.4649,10.216,10.216,10.216,10.216,10.092,10.092,10.092,9.9684,
1993-05-01 00:00:00,2,16.2622,16.1242,16.1242,15.8489,15.8489,15.8489,15.7117,15.7117,15.5748,15.5748,15.5748,15.4381,15.3017,14.8942,14.759,14.624,14.4893,14.2208,13.8202,13.8202,13.5546,13.2903,13.1585,13.0271,12.7651,12.7651,12.5044,12.5044,12.245,12.3745,12.1157
1993-04-01 00:00:00,2,21.2562,20.3786,19.6538,19.0784,18.6494,20.0879,21.1094,20.3786,19.6538,18.9351,18.2227,17.5166,17.3762,19.6538,20.6702,20.5243,20.0879,19.6538,18.9351,18.6494,18.2227,17.7983,17.7983,19.2218,18.7921,18.3647,17.7983,17.236,16.678,16.4005,
1993-03-01 00:00:00,2,29.5149,26.8484,26.6934,30.7895,30.3101,29.3564,28.4099,29.0401,27.0036,26.2296,25.3076,23.7882,25.1547,26.5386,23.7882,26.3839,25.6141,24.8495,23.7882,22.5885,21.846,20.9627,20.3786,23.0367,22.8871,21.846,20.9627,19.943,19.2218,21.2562,21.1094
1993-02-01 00:00:00,2,8.7523,10.8409,10.092,9.3558,9.8452,9.7223,9.5998,10.4649,11.0932,10.7152,9.9684,9.3558,8.8722,8.9926,10.9669,11.4742,10.8409,10.4649,11.3469,12.5044,13.6873,14.759,17.3762,20.5243,23.7882,23.4869,25.1547,29.9914,,,
1993-01-01 00:00:00,2,11.3469,10.9669,11.4742,12.3745,11.7298,11.0932,10.3403,9.8452,9.1133,8.7523,8.5135,8.3947,8.0406,7.69,7.3432,9.4776,10.9669,10.3403,9.7223,9.1133,8.6327,8.3947,7.8065,8.8722,9.3558,8.9926,8.6327,9.3558,8.8722,8.6327,8.5135
1992-12-01 00:00:00,2,12.6346,12.1157,12.6346,12.7651,11.6019,10.8409,10.7152,16.2622,14.4893,13.6873,13.1585,12.6346,12.5044,13.2903,13.9534,13.1585,12.3745,11.8581,11.0932,11.9868,12.7651,13.4223,14.759,14.759,14.087,13.2903,12.5044,11.8581,11.4742,12.6346,11.9868
1992-11-01 00:00:00,2,13.5546,11.8581,11.6019,11.9868,14.4893,15.9864,14.4893,13.2903,12.5044,11.8581,11.4742,11.0932,10.8409,12.1157,14.4893,16.4005,15.5748,14.624,13.6873,13.4223,14.624,20.3786,19.3656,16.8171,15.7117,15.0298,14.3549,13.9534,13.4223,12.896,
1992-10-01 00:00:00,2,8.6327,7.9233,8.2763,8.9926,8.8722,8.5135,9.5998,9.5998,9.1133,8.8722,8.5135,8.5135,8.2763,8.2763,8.8722,9.3558,10.216,11.3469,10.9669,10.3403,9.5998,9.3558,9.3558,10.3403,9.8452,12.5044,13.6873,15.0298,14.2208,13.9534,15.8489
1992-09-01 00:00:00,2,7.8065,12.5044,10.9669,9.9684,9.8452,11.3469,10.9669,9.3558,8.9926,8.3947,8.2763,8.0406,7.8065,8.3947,8.9926,10.5899,9.9684,8.9926,7.9233,7.114,8.2763,8.9926,10.092,12.1157,12.1157,10.5899,9.8452,9.1133,8.3947,8.6327,
1992-08-01 00:00:00,2,9.2344,9.8452,8.9926,8.9926,8.9926,8.8722,8.8722,8.8722,8.8722,8.7523,8.7523,8.7523,8.7523,8.6327,8.6327,8.6327,8.6327,8.5135,8.5135,8.3947,8.2763,8.2763,8.1582,8.1582,8.0406,8.0406,7.9233,7.9233,7.9233,7.9233,7.8065
1992-07-01 00:00:00,2,11.3469,11.3469,11.2199,11.0932,10.9669,10.9669,10.9669,10.9669,10.8409,10.7152,10.5899,10.5899,10.5899,10.5899,10.092,10.4649,10.3403,10.216,10.092,10.092,9.9684,9.9684,9.9684,9.8452,9.7223,9.5998,9.4776,9.3558,9.3558,9.2344,9.2344
1992-06-01 00:00:00,2,15.3017,15.1656,15.1656,15.0298,14.759,14.4893,14.087,13.9534,13.6873,13.2903,13.1585,13.1585,13.1585,13.0271,12.7651,12.7651,12.5044,12.5044,12.245,12.245,12.245,12.1157,11.9868,11.8581,11.7298,11.7298,11.7298,11.6019,11.6019,11.4742,
1992-05-01 00:00:00,2,21.846,21.5507,21.4033,22.1423,22.5885,23.4869,22.8871,23.9391,24.8495,24.2417,23.4869,23.0367,22.4395,21.9941,21.6982,20.9627,20.5243,20.5243,19.7983,18.7921,17.7983,16.8171,16.4005,16.2622,16.1242,15.7117,15.7117,15.4381,15.4381,15.3017,15.3017
1992-04-01 00:00:00,2,21.846,21.4033,21.4033,21.1094,20.9627,20.8163,20.5243,20.5243,21.6982,22.4395,21.5507,20.9627,20.5243,20.5243,21.1094,22.8871,23.9391,23.1865,23.0367,22.7377,22.1423,21.5507,20.9627,20.6702,22.2908,21.5507,21.4033,21.2562,21.1094,21.1094,
1992-03-01 00:00:00,2,31.7536,29.5149,28.8822,27.7828,27.3147,26.5386,25.9214,25.1547,24.2417,23.3366,27.159,29.1982,35.3459,36.3408,20.0879,19.7983,21.846,23.6374,23.3366,23.7882,23.0367,22.4395,21.9941,21.846,23.1865,23.4869,22.8871,22.5885,22.4395,22.5885,22.2908
1992-02-01 00:00:00,2,26.3839,29.5149,35.0157,32.5622,36.3408,33.5386,32.0765,36.1746,34.0294,38.1812,39.8722,38.8556,36.3408,35.6768,34.0294,32.7245,31.9149,30.6295,29.5149,28.7246,27.7828,26.3839,25.1547,27.159,26.3839,33.8656,30.9497,29.5149,33.0496,,
1992-01-01 00:00:00,2,11.8581,10.7152,10.3403,10.216,10.216,10.092,9.9684,9.9684,9.7223,10.3403,11.0932,11.6019,10.8409,17.236,41.2371,38.1812,37.3421,36.3408,38.1812,36.3408,35.8426,34.3574,37.845,40.3828,41.9235,39.7024,36.3408,35.3459,31.5924,28.4099,27.159
1991-12-01 00:00:00,2,6.7381,7.0075,6.7381,7.8065,7.69,6.9174,6.7381,6.7381,7.0075,6.7381,7.0075,28.5671,23.9391,10.092,9.8452,9.7223,9.7223,11.9868,12.6346,11.3469,10.092,10.092,12.7651,13.8202,11.6019,10.5899,13.6873,12.896,11.9868,11.2199,10.5899
1991-11-01 00:00:00,2,7.69,8.1582,7.9233,7.4584,7.2283,7.0075,6.8276,8.5135,8.9926,8.2763,7.69,7.3432,7.0075,6.9174,7.114,7.2283,7.0075,6.7381,6.7381,7.3432,6.8276,6.7381,6.6488,6.6488,6.5599,6.5599,7.8065,7.69,7.2283,6.8276,
1991-10-01 00:00:00,2,7.2283,7.8065,7.2283,7.4584,7.0075,8.9926,9.9684,9.2344,9.8452,10.5899,10.216,10.092,10.4649,10.4649,10.3403,10.216,9.9684,9.9684,9.7223,9.7223,10.3403,10.092,9.7223,9.4776,9.1133,8.8722,8.6327,8.5135,8.3947,8.2763,7.9233
1991-09-01 00:00:00,2,7.3432,7.3432,7.2283,7.2283,7.2283,7.114,7.114,7.114,7.114,7.114,7.0075,7.0075,7.0075,7.0075,7.0075,6.9174,6.8276,6.7381,6.7381,7.0075,6.9174,6.7381,6.7381,7.4584,7.0075,6.8276,6.7381,6.7381,6.7381,6.7381,
1991-08-01 00:00:00,2,9.2344,9.2344,9.2344,9.1133,8.9926,8.8722,8.7523,8.5135,8.3947,8.2763,8.1582,8.0406,7.9233,7.9233,7.9233,7.8065,7.9233,7.8065,7.69,7.69,7.69,7.69,7.574,7.574,7.574,7.4584,7.4584,7.4584,7.3432,7.3432,7.3432
1991-07-01 00:00:00,2,10.7152,10.5899,10.5899,10.5899,10.5899,10.4649,10.4649,10.3403,10.3403,10.3403,10.3403,10.3403,10.216,10.216,10.216,10.216,10.092,10.092,10.092,9.9684,9.9684,9.8452,9.7223,9.7223,9.7223,9.5998,9.5998,9.4776,9.4776,9.4776,9.3558
1991-06-01 00:00:00,2,14.3549,14.2208,14.2208,14.087,13.9534,13.8202,13.6873,14.087,13.4223,13.1585,12.896,12.7651,12.6346,12.3745,12.245,12.1157,11.9868,11.8581,11.7298,11.7298,11.6019,11.4742,11.4742,11.3469,11.3469,11.2199,11.0932,10.9669,10.8409,10.7152,
1991-05-01 00:00:00,2,18.081,17.6573,17.5166,16.9565,16.678,24.8495,22.2908,19.943,17.5166,16.9565,16.678,16.4005,16.2622,16.1242,16.1242,15.9864,15.9864,15.8489,16.2622,16.4005,16.2622,17.5166,17.5166,16.5391,15.5748,15.0298,14.759,14.624,14.4893,14.4893,14.3549
1991-04-01 00:00:00,2,35.6768,34.6862,34.1933,34.0294,33.5386,32.7245,32.0765,31.5924,31.1101,30.9497,31.4315,30.9497,30.1506,29.3564,28.5671,27.9393,27.3147,26.6934,26.0754,25.4607,25.002,24.3933,23.7882,23.3366,22.4395,21.9941,21.2562,20.3786,19.2218,18.7921,
1991-03-01 00:00:00,2,35.6768,35.6768,35.5113,31.4315,30.3101,28.8822,27.6266,21.9941,16.678,24.5452,32.8869,31.1101,27.9393,27.159,26.5386,25.9214,27.9393,31.9149,35.0157,39.7024,39.0246,36.8407,38.5181,38.1812,40.5534,38.6867,37.5095,36.5073,36.1746,35.6768,36.3408
1991-02-01 00:00:00,2,27.9393,27.159,26.0754,25.4607,31.5924,27.4705,30.9497,34.8509,30.9497,28.7246,34.0294,33.3754,31.1101,29.0401,31.4315,29.3564,30.4697,28.8822,27.7828,26.8484,25.9214,28.4099,29.0401,26.6934,25.6141,24.5452,22.2908,33.2124,,,
1991-01-01 00:00:00,2,5.8583,5.945,5.8583,5.6858,37.0076,35.1807,29.5149,28.4099,42.6125,37.845,36.1746,32.2382,32.2382,31.2707,34.3574,35.8426,33.702,31.5924,29.3564,28.0959,23.7882,21.5507,17.7983,14.759,27.7828,30.1506,39.5327,36.0085,33.2124,31.2707,29.3564
1990-12-01 00:00:00,2,8.3947,5.7719,5.5145,5.3444,4.9247,4.5948,4.5131,4.3508,4.3508,4.5131,4.5131,5.008,7.4584,6.8276,5.4293,5.0916,5.0916,6.8276,6.4712,5.8583,5.4293,5.2599,5.6,6.6488,7.574,8.8722,10.9669,7.0075,6.7381,6.4712,6.2068
1990-11-01 00:00:00,2,4.11,4.11,4.0304,4.0304,4.5948,14.3549,11.7298,8.2763,7.0075,5.945,5.2599,7.114,8.6327,7.574,6.6488,5.008,4.5131,4.5131,4.5131,4.5948,5.8583,6.9174,6.7381,6.032,7.2283,9.8452,17.236,15.3017,12.5044,10.7152,
1990-10-01 00:00:00,2,4.5131,4.5131,4.4318,4.4318,4.4318,4.4318,4.4318,4.4318,4.3508,4.3508,4.3508,4.3508,4.2702,4.2702,4.2702,4.2702,4.2702,4.2702,4.1899,4.1899,4.1899,4.1899,4.1899,4.11,4.11,4.11,4.11,4.11,4.11,4.11,4.11
1990-09-01 00:00:00,2,5.0916,5.0916,5.0916,5.008,5.008,4.9247,4.9247,4.9247,4.9247,4.9247,4.8417,4.8417,4.8417,4.8417,4.8417,4.7591,4.7591,4.6767,4.6767,4.6767,4.6767,4.5948,4.5948,4.5948,4.5948,4.5948,4.5131,4.5131,4.5131,4.5131,
1990-08-01 00:00:00,2,4.8417,4.8417,4.8417,4.8417,4.8417,4.8417,4.7591,4.7591,4.7591,4.7591,4.6767,4.6767,4.6767,4.6767,4.7591,4.5948,4.5948,4.5948,4.5948,4.5948,4.5948,4.5948,4.5131,4.5131,4.5131,4.5131,4.5131,4.5131,4.5131,5.6,5.1756
1990-07-01 00:00:00,2,5.3444,5.3444,5.3444,5.3444,5.3444,5.3444,5.2599,5.2599,5.2599,5.2599,5.2599,5.1756,5.1756,5.1756,5.1756,5.1756,5.1756,5.1756,5.0916,5.0916,5.0916,5.0916,5.008,5.008,5.008,5.008,5.008,4.9247,4.9247,4.8417,4.8417
1990-06-01 00:00:00,2,5.945,5.945,5.945,5.945,5.8583,5.8583,5.8583,5.8583,5.8583,5.8583,5.8583,5.8583,5.8583,5.7719,5.7719,5.7719,5.7719,5.6858,5.6858,5.6858,5.6,5.6,5.6,5.6,5.5145,5.5145,5.5145,5.4293,5.4293,5.4293,
1990-05-01 00:00:00,2,7.69,7.574,20.6702,7.3432,7.3432,7.2283,7.114,7.114,7.0075,6.9174,6.8276,6.8276,6.7381,6.7381,6.7381,8.3947,7.2283,7.0075,6.7381,6.7381,6.6488,6.6488,6.5599,6.4712,6.3828,6.3828,6.2946,6.2068,6.1192,6.032,5.945
1990-04-01 00:00:00,2,6.032,5.945,5.8583,5.7719,5.7719,5.6858,5.6,5.5145,5.5145,5.5145,5.5145,5.4293,6.1192,6.4712,6.8276,6.4712,6.2068,7.0075,13.1585,6.5599,6.9174,7.574,8.2763,8.1582,8.1582,8.0406,8.0406,7.9233,7.9233,7.9233,
1990-03-01 00:00:00,2,6.8276,6.8276,6.7381,6.7381,6.6488,6.5599,6.5599,6.3828,6.3828,6.3828,6.3828,6.2946,6.2068,6.2068,6.1192,6.032,5.945,15.0298,7.9233,7.114,6.8276,6.5599,6.5599,6.4712,6.3828,6.3828,6.2946,6.2068,6.2068,6.1192,6.1192
1990-02-01 00:00:00,2,7.2283,7.2283,7.114,7.114,7.114,7.0075,6.9174,6.8276,6.8276,6.7381,6.7381,6.6488,6.8276,21.1094,16.5391,12.6346,10.092,9.1133,8.2763,7.3432,7.4584,7.9233,7.574,7.3432,7.2283,7.2283,13.1585,6.9174,,,
1990-01-01 00:00:00,2,13.8202,37.845,53.796,50.0223,47.3108,38.6867,32.4001,27.159,23.1865,17.5166,15.4381,14.8942,14.2208,13.4223,12.5044,11.0932,10.7152,10.3403,9.2344,8.2763,8.9926,8.7523,8.6327,8.5135,8.3947,9.5998,8.9926,8.6327,8.0406,7.69,7.3432
1989-12-01 00:00:00,2,12.3745,6.7381,5.0916,4.8417,4.8417,4.7591,4.7591,4.5948,4.5131,4.4318,4.4318,32.5622,24.0903,27.6266,53.796,41.066,38.5181,32.8869,28.8822,39.0246,29.0401,23.6374,15.4381,14.759,14.3549,13.8202,12.896,12.1157,15.1656,16.9565,13.2903
1989-11-01 00:00:00,2,3.9889,3.9889,4.0752,4.6085,4.6085,4.3385,4.1622,4.1622,4.1622,4.0752,4.7921,29.7849,9.8452,7.2283,6.7381,5.6858,5.008,7.114,6.5599,14.624,10.3403,8.3947,7.9233,8.1582,7.574,7.3432,6.8276,6.4712,6.2068,6.2068,
1989-10-01 00:00:00,2,5.4575,5.073,4.885,4.885,4.7921,4.7921,4.6999,4.6999,4.6999,4.6085,4.6085,4.6085,4.5178,4.5178,4.4278,4.7921,24.3637,8.6913,5.4575,5.073,4.885,4.885,4.7921,5.8532,5.4575,5.168,4.885,4.5178,4.5178,4.5178,4.4278
1989-09-01 00:00:00,2,4.885,4.7921,4.6999,4.6999,4.9786,4.7921,4.7921,5.6539,7.4355,6.1574,5.5553,5.2638,5.073,4.885,4.7921,4.7921,4.6999,4.6085,6.1574,6.9986,6.2601,5.4575,5.6539,5.3603,5.073,4.9786,4.885,6.3636,5.7532,5.2638,
1989-08-01 00:00:00,2,6.678,6.5725,6.4677,6.2601,6.2601,6.1574,5.8532,5.7532,5.6539,5.5553,5.3603,5.2638,5.2638,5.168,5.073,5.073,5.073,5.073,4.9786,4.9786,4.885,4.885,4.885,4.885,4.7921,4.7921,4.6999,4.6999,5.6539,6.0553,5.4575
1989-07-01 00:00:00,2,5.9539,5.8532,5.8532,5.8532,5.8532,5.7532,5.7532,5.7532,5.6539,5.6539,5.6539,5.6539,5.6539,5.5553,5.5553,5.4575,5.4575,5.4575,5.4575,5.3603,5.3603,5.3603,5.3603,5.2638,5.2638,5.2638,5.2638,5.2638,5.2638,5.8532,8.1106
1989-06-01 00:00:00,2,6.5725,6.5725,6.5725,6.5725,6.4677,6.4677,6.4677,6.2601,6.2601,6.0553,6.0553,6.7842,6.4677,6.3636,6.3636,6.3636,6.3636,6.2601,6.2601,6.2601,6.1574,6.1574,6.1574,6.1574,6.1574,6.0553,6.0553,6.0553,5.9539,5.9539,
1989-05-01 00:00:00,2,8.1106,9.0474,8.6913,8.3409,8.2255,8.2255,8.1106,8.1106,8.1106,8.1106,7.9965,7.9965,7.8829,7.8829,7.7701,7.7701,7.6579,7.6579,7.5463,7.5463,7.4355,7.3252,7.3252,7.2157,7.2157,7.1068,6.8911,6.8911,6.7842,6.678,6.678
1989-04-01 00:00:00,2,8.4571,8.6913,8.9281,8.8094,8.6913,8.5739,8.5739,8.4571,8.3409,8.3409,8.3409,10.6569,20.631,22.322,10.5293,9.777,9.0474,8.6913,8.3409,19.1294,13.4773,11.6997,9.5313,8.6913,8.5739,8.3409,8.3409,8.3409,8.2255,8.2255,
1989-03-01 00:00:00,2,16.6469,21.3289,12.6442,12.2358,11.9666,11.9666,11.8328,14.0446,17.8051,17.1577,16.268,15.2752,12.5075,11.8328,24.2154,18.9952,15.6445,14.7885,13.7598,12.5075,11.1734,10.5293,10.2761,9.9008,9.777,9.6538,9.4094,9.2881,9.1674,9.1674,8.9281
1989-02-01 00:00:00,2,9.1674,9.9008,10.9139,10.1504,10.6569,11.6997,9.777,20.909,21.7523,18.4624,16.774,12.9195,15.1529,14.6213,13.4773,18.4624,18.0669,18.0669,21.0486,17.0294,13.9019,14.1879,14.3318,13.0581,12.6442,14.6213,16.268,15.1529,,,
1989-01-01 00:00:00,2,8.5739,8.8094,15.031,9.2881,10.2761,22.6092,15.521,10.5293,10.0253,10.7851,10.2761,22.6092,24.0675,16.774,14.9096,14.1879,13.1972,12.2358,13.9019,15.2752,18.0669,16.9015,15.521,15.031,14.0446,12.9195,11.8328,10.7851,9.6538,8.4571,8.1106
1988-12-01 00:00:00,2,7.9965,7.7701,20.3545,8.4571,7.7701,6.7842,6.3636,5.9539,6.0553,9.9008,13.7598,20.909,23.7729,28.3482,25.8668,23.3337,11.8328,11.4353,11.0433,10.5293,10.0253,20.2169,11.304,11.6997,10.6569,21.6108,16.9015,13.7598,11.0433,10.5293,9.5313
1988-11-01 00:00:00,2,12.2358,10.0253,9.4094,9.0474,8.2255,7.7701,7.2157,36.1692,16.1425,17.1577,14.6213,14.0446,12.2358,10.6569,9.1674,7.7701,7.2157,7.3252,6.5725,6.1574,10.4024,9.5313,7.6579,27.7191,9.1674,8.1106,6.8911,6.678,6.2601,5.8532,
1988-10-01 00:00:00,2,6.3636,6.9986,13.1972,10.6569,8.9281,10.6569,8.6913,7.7701,6.678,5.9539,5.3603,5.073,4.885,4.7921,4.6999,4.6999,4.6999,5.8532,9.2881,8.4571,7.5463,6.678,5.9539,12.7816,8.3409,12.2358,10.6569,13.6182,11.5672,10.5293,10.0253
1988-09-01 00:00:00,2,4.6999,4.6999,4.6999,4.6085,4.6085,4.6085,4.5178,4.5178,4.5178,4.5178,4.5178,4.5178,4.5178,4.5178,4.5178,4.4278,4.4278,4.4278,4.4278,4.4278,4.4278,4.3385,4.25,4.25,4.25,4.1622,4.1622,4.1622,4.1622,5.4575,
1988-08-01 00:00:00,2,5.4575,5.4575,5.4575,5.4575,5.4575,5.3603,5.3603,5.3603,5.3603,5.3603,5.3603,5.2638,5.2638,5.2638,5.2638,5.2638,5.2638,5.2638,5.2638,5.168,5.168,5.073,5.073,4.9786,4.9786,4.885,4.7921,4.7921,4.7921,4.7921,4.7921
1988-07-01 00:00:00,2,6.3636,6.3636,6.2601,6.2601,6.2601,6.1574,6.1574,6.1574,6.0553,6.0553,6.0553,6.0553,5.9539,5.9539,5.9539,5.8532,5.8532,5.8532,5.8532,5.8532,5.8532,5.8532,5.7532,5.7532,5.7532,5.7532,5.6539,5.6539,5.6539,5.5553,5.5553
1988-06-01 00:00:00,2,7.7701,7.5463,7.3252,7.3252,7.3252,7.2157,7.2157,7.2157,7.2157,7.1068,7.1068,7.1068,6.9986,6.9986,6.9986,6.8911,6.8911,6.8911,6.678,6.678,6.678,6.678,6.678,6.5725,6.5725,6.5725,6.4677,6.4677,6.3636,6.3636,
1988-05-01 00:00:00,2,9.0474,8.6913,8.5739,8.3409,8.3409,8.3409,8.3409,8.3409,8.3409,8.2255,8.1106,7.9965,7.9965,7.8829,7.7701,7.7701,8.1106,7.8829,7.7701,7.6579,7.5463,7.5463,7.5463,7.5463,7.4355,8.1106,7.7701,7.7701,7.6579,7.7701,7.8829
1988-04-01 00:00:00,2,9.5313,9.4094,9.4094,10.4024,10.4024,10.1504,10.1504,11.4353,10.0253,10.0253,9.9008,9.9008,10.4024,11.0433,10.2761,11.5672,11.1734,10.5293,10.2761,10.1504,10.1504,10.0253,10.0253,9.777,9.6538,9.6538,9.5313,9.4094,9.4094,9.2881,
1988-03-01 00:00:00,2,18.728,17.4155,15.6445,14.6213,28.0329,27.2511,20.0796,16.3939,15.521,14.4762,13.6182,13.0581,12.6442,12.2358,11.9666,11.8328,11.6997,11.5672,11.5672,13.0581,11.6997,10.9139,10.6569,10.5293,10.1504,10.0253,9.9008,9.777,9.6538,9.6538,9.5313
1988-02-01 00:00:00,2,7.1068,6.9986,6.8911,6.678,7.5463,9.2881,10.1504,8.4571,16.0174,50.0223,29.4631,27.5627,21.3289,27.0958,31.4154,28.1904,26.3249,41.3798,31.7458,28.5064,23.7729,20.909,17.8051,15.8927,15.521,15.2752,15.031,14.3318,12.9195,,
1988-01-01 00:00:00,2,10.6569,11.8328,11.1734,11.5672,11.8328,11.1734,9.6538,10.4024,9.2881,10.9139,13.4773,14.1879,12.6442,11.6997,9.6538,8.9281,8.6913,8.4571,8.2255,7.8829,7.6579,7.4355,7.3252,7.3252,7.2157,7.2157,7.1068,6.9986,6.8911,6.8911,6.678
1987-12-01 00:00:00,2,25.1106,21.0486,34.4398,39.5505,37.4004,16.3939,15.2752,15.1529,30.2703,27.4067,21.0486,28.3482,24.0675,35.1273,33.4189,33.7578,30.9225,26.4783,28.3482,26.6322,23.7729,22.6092,18.8614,17.6749,16.1425,14.6213,13.1972,11.1734,10.0253,12.5075,11.4353
1987-11-01 00:00:00,2,8.8094,8.5739,8.3409,8.3409,7.8829,7.6579,7.3252,6.7842,6.3636,5.9539,5.5553,5.3603,5.3603,9.6538,12.2358,8.2255,7.6579,5.9539,5.7532,5.7532,5.6539,5.6539,5.6539,5.5553,12.6442,14.0446,13.1972,11.8328,33.0815,35.6467,
1987-10-01 00:00:00,2,5.8532,6.4677,5.9539,5.7532,5.7532,5.6539,5.5553,5.5553,5.5553,5.2638,5.073,4.9786,4.9786,4.885,4.885,4.885,4.7921,4.7921,4.6999,4.6999,6.0553,9.2881,6.2601,5.8532,11.9666,6.9986,7.1068,6.5725,8.9281,10.2761,8.9281
1987-09-01 00:00:00,2,5.6539,5.6539,5.5553,5.5553,5.5553,6.3636,5.9539,6.3636,6.0553,5.8532,5.8532,5.7532,5.7532,5.6539,5.6539,5.5553,5.5553,6.5725,8.5739,10.0253,8.1106,9.5313,9.5313,8.9281,7.9965,6.7842,6.2601,6.3636,6.1574,5.8532,
1987-08-01 00:00:00,2,6.678,6.678,6.678,6.5725,6.5725,6.5725,6.9986,6.7842,6.678,6.678,6.4677,6.3636,6.3636,6.3636,6.2601,6.1574,6.0553,6.0553,6.4677,6.1574,6.2601,5.9539,5.9539,5.8532,5.8532,5.7532,5.7532,5.6539,5.6539,5.6539,5.6539
1987-07-01 00:00:00,2,7.7701,7.7701,7.6579,7.6579,7.6579,7.6579,7.5463,7.5463,7.5463,8.3409,7.8829,7.6579,7.6579,7.6579,7.4355,7.5463,7.4355,7.3252,7.2157,7.1068,7.1068,7.1068,6.9986,6.9986,6.9986,6.8911,6.8911,6.7842,6.7842,6.7842,6.678
1987-06-01 00:00:00,2,9.1674,9.0474,8.9281,8.9281,8.9281,8.8094,8.8094,10.1504,9.6538,9.4094,9.1674,9.0474,8.9281,8.6913,8.5739,8.5739,8.4571,8.4571,8.3409,8.2255,8.1106,7.9965,7.9965,7.9965,7.9965,7.8829,7.8829,7.8829,7.7701,7.7701,
1987-05-01 00:00:00,2,11.1734,11.0433,11.0433,11.0433,10.9139,10.9139,10.7851,10.6569,10.5293,10.5293,10.4024,10.4024,10.2761,10.1504,10.0253,20.909,15.3979,13.1972,11.9666,11.304,10.9139,10.2761,10.1504,10.0253,11.304,9.9008,9.6538,9.6538,9.5313,9.2881,9.1674
1987-04-01 00:00:00,2,10.1504,13.7598,13.1972,27.8758,39.7319,65.142,52.8354,26.6322,20.3545,20.909,31.2507,27.2511,24.0675,22.0364,17.2864,14.4762,13.9019,13.4773,13.0581,12.9195,12.7816,13.337,12.6442,11.9666,11.6997,11.5672,11.5672,11.4353,11.1734,11.1734,
1987-03-01 00:00:00,2,10.1504,9.9008,9.6538,9.5313,10.2761,10.5293,10.2761,10.1504,18.3302,17.8051,15.6445,14.9096,13.6182,11.8328,10.7851,10.1504,9.777,10.4024,13.6182,13.1972,18.1983,15.1529,12.1009,10.4024,10.0253,9.777,9.6538,9.5313,9.2881,9.1674,9.1674
1987-02-01 00:00:00,2,15.521,13.7598,17.545,20.3545,20.909,20.2169,18.595,16.3939,21.1886,19.8062,17.4155,15.6445,15.521,14.0446,12.7816,13.1972,12.5075,18.8614,17.2864,15.521,14.1879,12.9195,11.6997,10.7851,11.304,10.2761,10.0253,10.5293,,,
1987-01-01 00:00:00,2,32.4108,19.1294,19.5343,18.4624,17.545,16.774,16.0174,15.1529,14.7885,14.0446,15.6445,14.6213,13.7598,11.8328,11.1734,10.5293,10.1504,11.5672,11.304,11.1734,10.2761,16.774,18.1983,17.8051,18.595,17.9358,15.031,17.9358,15.6445,17.6749,14.9096
1986-12-01 00:00:00,2,8.2255,7.3252,6.7842,6.4677,6.1574,5.8532,5.6539,10.0253,11.304,9.9008,9.2881,8.8094,7.9965,9.1674,8.3409,10.2761,13.6182,9.2881,8.2255,6.9986,8.6913,9.5313,11.0433,11.0433,21.1886,31.4154,33.0815,32.4108,29.7849,33.7578,31.2507
1986-11-01 00:00:00,2,4.5178,4.5178,4.5178,4.4278,6.678,5.4575,5.168,5.073,5.073,4.885,4.885,14.3318,11.0433,9.777,8.1106,7.5463,6.678,5.4575,4.885,4.6999,4.6085,4.6085,4.5178,4.5178,4.885,11.304,9.9008,6.7842,7.9965,11.304,
1986-10-01 00:00:00,2,5.2638,5.2638,5.073,4.9786,4.885,4.7921,4.7921,4.7921,4.7921,4.7921,4.7921,4.7921,4.6999,4.6999,4.6999,4.6999,4.6999,4.6085,4.6085,4.5178,4.5178,6.678,10.7851,8.1106,6.9986,6.2601,5.6539,5.073,4.6999,4.6999,4.6085
1986-09-01 00:00:00,2,6.2601,6.1574,6.1574,6.0553,5.9539,5.8532,5.8532,5.8532,5.7532,5.6539,5.5553,5.4575,5.4575,5.3603,5.2638,5.2638,5.2638,5.2638,5.2638,5.168,5.168,5.168,5.168,5.073,4.9786,4.885,4.885,4.885,5.9539,5.5553,
1986-08-01 00:00:00,2,10.4024,6.8911,6.7842,6.678,6.4677,6.3636,6.2601,6.2601,6.2601,6.2601,6.678,6.2601,6.5725,6.4677,6.9986,8.8094,6.8911,6.7842,6.4677,6.3636,6.5725,7.3252,7.5463,6.7842,6.678,10.2761,8.1106,7.6579,7.1068,6.678,6.4677
1986-07-01 00:00:00,2,6.6488,6.5599,14.759,20.3786,11.304,14.4762,12.2358,9.0474,8.2255,7.4355,7.1068,6.8911,6.8911,6.8911,6.8911,6.7842,6.7842,6.7842,6.678,6.5725,15.521,14.7885,15.1529,12.6442,10.9139,9.4094,8.1106,7.3252,6.678,6.678,6.5725
1986-06-01 00:00:00,2,7.574,7.574,7.574,7.574,7.4584,7.4584,7.4584,7.3432,7.3432,7.3432,7.3432,7.3432,7.3432,7.3432,7.2283,7.114,7.114,6.9174,6.9174,6.9174,6.8276,6.8276,6.7381,6.7381,6.7381,6.7381,6.6488,6.6488,6.6488,6.6488,
1986-05-01 00:00:00,2,9.3558,8.9926,8.9926,8.8722,8.7523,8.6327,8.6327,8.6327,8.5135,8.3947,9.2344,9.4776,10.216,9.3558,8.9926,8.7523,8.7523,8.6327,9.1133,8.6327,8.6327,8.5135,8.3947,8.2763,8.2763,8.1582,8.0406,7.9233,7.9233,7.9233,7.8065
1986-04-01 00:00:00,2,17.3762,15.1656,14.3549,13.2903,12.6346,11.9868,11.3469,11.0932,10.7152,10.4649,10.216,9.9684,9.8452,18.6494,14.759,13.1585,12.6346,11.6019,10.216,9.9684,9.8452,9.7223,9.7223,9.7223,9.4776,9.5998,12.7651,10.9669,10.3403,9.7223,
1986-03-01 00:00:00,2,10.7152,12.7651,15.8489,15.4381,15.8489,32.8869,31.1101,26.3839,34.1933,23.1865,18.3647,17.3762,15.8489,14.2208,13.5546,12.7651,12.3745,11.8581,25.7676,23.7882,22.7377,21.4033,15.8489,14.759,17.7983,14.624,33.702,22.7377,18.2227,15.3017,30.4697
1986-02-01 00:00:00,2,13.0988,11.9328,11.3028,12.446,16.1169,13.7641,39.1938,28.5671,22.7377,15.8489,12.7651,12.1157,11.3469,35.0157,36.0085,28.4099,16.5391,18.081,35.1807,26.5386,19.0784,15.3017,14.4893,13.4223,12.5044,11.6019,11.3469,11.2199,,,
1986-01-01 00:00:00,2,14.9924,17.1257,14.4416,13.2309,9.9624,34.6111,30.7589,41.0112,34.9549,60.8483,59.8052,44.5674,36.1692,29.9463,33.7578,59.8052,34.9549,27.7191,34.2688,28.8239,24.5123,19.8062,17.4182,15.2706,14.854,13.4965,11.9328,19.9427,16.1169,14.5786,14.0336
1985-12-01 00:00:00,2,8.7998,8.0604,8.5738,9.1429,11.0544,8.1558,7.1211,6.6617,6.2096,5.9419,5.8532,5.5892,5.5018,5.4147,5.2416,5.1555,5.0697,6.0308,6.9365,6.2994,6.3896,6.2096,6.5707,6.9365,8.0604,16.6906,12.3169,22.4654,32.244,25.8668,16.1169
1985-11-01 00:00:00,2,9.6079,8.6865,8.0604,7.4936,6.753,6.48,6.12,5.8532,5.7649,5.5892,5.5892,5.5018,5.5018,5.4147,5.2416,5.2416,5.1555,5.0697,5.0697,5.0697,4.9843,6.5707,5.5018,5.2416,5.9419,6.0308,6.753,23.188,15.9747,9.8437,
1985-10-01 00:00:00,2,7.0287,6.2096,6.6617,6.2994,6.2096,6.12,6.0308,6.2096,6.12,6.0308,6.0308,5.9419,5.8532,5.7649,5.6769,5.6769,5.5892,5.5018,5.5018,5.4147,5.4147,5.4147,5.6769,6.48,6.5707,6.0308,5.8532,5.5892,6.0308,8.6865,9.028
1985-09-01 00:00:00,2,6.48,6.48,6.48,6.48,6.48,6.753,7.4936,6.9365,6.5707,6.48,6.48,6.3896,6.2994,6.2994,6.2096,6.2096,6.12,6.12,6.0308,6.0308,6.0308,6.0308,5.9419,16.5465,7.7758,7.1211,6.6617,6.2096,6.0308,6.2994,
1985-08-01 00:00:00,2,7.3068,7.3068,7.2138,7.2138,7.2138,7.2138,7.1211,7.1211,7.0287,7.0287,7.0287,6.9365,6.9365,6.9365,6.9365,6.9365,6.9365,6.9365,6.9365,6.9365,6.8446,6.8446,6.8446,6.8446,6.753,6.753,6.6617,6.6617,6.6617,6.5707,6.5707
1985-07-01 00:00:00,2,7.9653,7.9653,7.9653,7.8704,7.8704,7.8704,7.7758,7.7758,7.7758,7.6815,7.6815,7.6815,7.6815,7.5874,7.5874,7.5874,7.5874,7.5874,7.4936,7.4936,7.4936,7.4936,7.4936,7.4936,7.4001,7.4001,7.4001,7.3068,7.3068,7.3068,7.3068
1985-06-01 00:00:00,2,10.2014,10.2014,10.0816,9.9624,9.9624,9.8437,9.8437,9.7256,9.7256,9.7256,9.6079,9.6079,9.4909,9.4909,9.3743,9.2583,9.2583,9.028,9.028,8.9136,8.9136,8.7998,8.5738,8.3474,8.1558,8.1558,8.0604,8.0604,8.0604,7.9653,
1985-05-01 00:00:00,2,14.0336,13.63,13.4965,13.3634,13.0988,12.9673,12.7056,12.7056,12.5756,12.5756,12.446,12.3169,12.3169,12.1884,11.9328,11.9328,11.8058,11.6793,11.4278,11.3028,11.3028,11.1783,11.1783,10.931,10.808,10.6857,10.5638,10.4425,10.4425,10.3217,10.3217
1985-04-01 00:00:00,2,20.909,20.0796,18.9952,18.4562,18.0086,17.8603,17.4182,16.8352,16.6906,16.8352,16.5465,16.4028,16.1169,15.6917,15.5508,15.4105,15.8329,18.9952,16.4028,16.2596,15.8329,15.4105,15.1313,14.9924,14.854,14.854,14.716,14.5786,14.4416,14.3051,
1985-03-01 00:00:00,2,21.0486,19.264,17.1257,15.4105,15.9747,20.7698,28.3482,29.9463,31.7458,28.8239,27.7191,25.2611,27.2511,35.4732,33.0815,30.1081,31.9115,33.0815,30.4328,29.1428,27.4067,24.6613,23.0427,21.8941,21.6108,21.3289,21.0486,21.3289,21.7523,22.8979,21.7523
1985-02-01 00:00:00,2,41.3798,38.6486,36.8707,30.4328,27.2511,25.5632,27.4067,25.7148,24.2154,27.7191,22.6092,21.8941,19.8062,18.728,18.1573,17.7124,16.9802,16.4028,15.6917,15.4105,15.2706,14.9924,15.6917,15.1313,15.9747,15.1313,22.6092,21.3289,,,
1985-01-01 00:00:00,2,31.0864,16.9802,17.4182,15.9747,11.0544,11.4278,10.6857,12.1884,29.3028,22.179,20.4926,17.1257,13.8986,23.0427,24.6613,26.9409,27.5627,39.7319,39.3694,41.9352,38.2903,35.3001,29.6238,41.3798,55.7521,54.7682,52.8354,43.0552,41.7497,47.3108,62.9707
1984-12-01 00:00:00,2,7.1211,8.4616,9.2583,31.2507,23.3337,16.1169,14.4416,12.8362,25.412,22.0364,13.0988,33.7578,16.4028,13.4965,11.5533,12.9673,45.5588,41.7497,32.0776,25.2611,12.1884,11.3028,11.6793,11.1783,10.6857,11.5533,11.3028,13.3634,12.3169,11.9328,28.0329
1984-11-01 00:00:00,2,5.8532,5.7649,5.5892,5.4147,5.2416,5.2416,5.1555,5.0697,5.0697,4.9843,5.5892,6.2994,6.9365,6.12,5.7649,5.5892,5.5018,5.2416,7.4001,7.8704,8.3474,7.2138,6.8446,7.4001,6.9365,6.8446,6.6617,7.3068,8.1558,7.6815,
1984-10-01 00:00:00,2,6.3896,6.2096,6.12,6.12,6.0308,5.9419,5.9419,5.8532,5.7649,5.7649,10.2014,9.2583,6.2994,6.2096,6.5707,7.2138,6.6617,6.2096,7.4001,11.6793,6.9365,6.48,6.3896,6.2994,7.4001,6.753,6.48,6.3896,6.12,6.12,5.9419
1984-09-01 00:00:00,2,6.5707,6.5707,6.48,6.48,6.3896,6.753,17.5651,21.7523,18.728,17.1257,11.3028,9.028,7.6815,7.2138,7.0287,6.9365,6.8446,6.6617,6.753,6.48,7.7758,6.9365,6.753,6.6617,6.48,6.3896,7.1211,6.8446,6.6617,6.48,
1984-08-01 00:00:00,2,6.9365,6.9365,6.9365,6.8446,6.8446,6.8446,6.8446,6.753,6.753,6.6617,6.5707,6.5707,6.5707,6.5707,6.5707,6.48,6.48,6.48,6.3896,6.2994,6.48,7.0287,7.1211,6.6617,7.0287,7.1211,6.8446,7.1211,6.8446,6.6617,6.6617
1984-07-01 00:00:00,2,8.0604,8.0604,8.2515,7.9653,7.9653,7.8704,7.8704,7.8704,7.7758,7.6815,7.5874,7.5874,7.4936,7.4936,7.4936,7.4001,7.4001,7.4001,7.4001,7.3068,7.1211,7.1211,7.1211,7.1211,7.0287,7.0287,7.0287,7.0287,7.2138,7.1211,6.9365
1984-06-01 00:00:00,2,9.2583,9.2583,9.1429,9.1429,9.028,9.028,8.9136,8.9136,8.7998,8.6865,8.6865,8.5738,8.5738,8.5738,8.5738,8.4616,8.4616,8.3474,8.3474,8.3474,8.2515,8.2515,8.1558,8.1558,8.1558,8.1558,8.0604,8.0604,8.0604,8.0604,
1984-05-01 00:00:00,2,16.8352,30.7589,15.8329,14.1691,13.7641,12.5756,12.0603,11.6793,11.4278,11.4278,11.4278,12.0603,11.5533,12.0603,11.8058,11.0544,10.808,15.6917,11.1783,11.0544,10.6857,10.4425,10.4425,10.2014,10.0816,9.9624,9.8437,9.7256,9.4909,9.4909,9.3743
1984-04-01 00:00:00,2,13.63,12.9673,12.8362,18.8614,13.7641,12.9673,13.2309,12.8362,12.5756,12.0603,11.8058,11.6793,11.4278,11.4278,11.3028,11.1783,11.0544,14.854,14.1691,13.8986,13.2309,11.9328,10.931,10.6857,10.4425,24.2154,26.7863,17.7124,15.2706,15.6917,
1984-03-01 00:00:00,2,11.5533,11.4278,11.4278,11.5533,15.5508,13.7641,18.595,14.716,13.63,16.4028,15.9747,16.6906,41.1953,36.5192,23.188,16.1169,14.4416,13.2309,13.0988,12.9673,12.5756,17.2717,18.728,14.854,12.9673,12.7056,12.446,12.0603,11.9328,26.7863,19.8062
1984-02-01 00:00:00,2,17.4182,16.6906,16.2596,15.6917,15.4105,15.2706,14.9924,14.5786,14.3051,14.0336,13.8986,14.0336,13.8986,15.4105,13.8986,13.63,14.716,12.9673,13.0988,12.8362,12.5756,12.446,12.1884,12.3169,13.0988,15.5508,12.5756,12.0603,11.6793,,
1984-01-01 00:00:00,2,21.6108,19.5343,20.7698,18.9952,18.3065,18.3065,25.1106,34.0981,34.4398,24.9605,19.8062,18.4562,17.7124,16.8352,15.9747,15.9747,15.5508,15.1313,14.9924,15.4105,15.9747,22.322,23.188,22.7533,18.0086,37.2235,28.6649,39.1887,24.5123,19.9427,18.9952
1983-12-01 00:00:00,2,13.4965,16.1169,33.7578,21.6108,16.9802,15.6917,33.4189,29.1428,38.8283,29.6238,26.9409,33.25,37.5777,39.0083,35.1273,29.7849,37.2235,33.9278,28.1904,33.5882,30.5957,28.9831,22.7533,18.595,23.92,27.7191,24.8107,24.0675,23.3337,21.4697,23.3337
1983-11-01 00:00:00,2,13.4965,14.854,16.1169,18.9952,15.2706,15.1313,14.9924,12.0603,11.5533,11.1783,11.8058,18.728,17.8603,16.6906,19.399,19.6701,17.4182,15.8329,14.3051,24.5123,15.2706,16.5465,14.4416,18.595,24.5123,22.6092,20.2169,16.4028,15.1313,13.7641,
1983-10-01 00:00:00,2,9.6999,8.7439,8.537,8.4344,8.7439,8.9528,8.9528,9.3767,10.8096,9.6999,15.2043,8.4344,18.1867,36.1692,37.7553,16.2633,14.6858,12.0868,11.6156,11.0375,10.6964,36.1692,31.4154,28.8239,23.0427,16.8352,14.9924,12.7056,11.9328,11.3028,10.931
1983-09-01 00:00:00,2,8.6402,8.6402,8.7439,8.8481,8.9528,9.058,9.8087,12.5658,11.8503,9.8087,9.6999,9.27,10.0276,9.5917,9.3767,9.8087,11.3829,11.0375,10.9233,10.6964,10.4715,10.4715,10.3598,10.3598,10.2486,10.2486,10.1379,10.1379,10.0276,9.9179,
1983-08-01 00:00:00,2,10.3598,10.3598,10.2486,10.2486,10.2486,10.0276,9.8087,9.8087,9.8087,9.6999,9.5917,9.484,9.484,9.3767,9.3767,9.3767,9.27,9.27,9.27,9.27,9.1638,9.1638,9.1638,9.058,8.9528,8.9528,8.7439,8.7439,8.7439,8.7439,8.6402
1983-07-01 00:00:00,2,11.6156,11.6156,11.499,11.499,11.499,11.499,11.3829,11.3829,11.3829,11.2673,11.2673,11.1521,11.0375,10.9233,10.9233,10.9233,10.9233,10.9233,15.8627,12.4453,11.9683,11.3829,10.9233,10.8096,10.8096,10.8096,10.6964,10.5837,10.5837,10.5837,10.4715
1983-06-01 00:00:00,2,17.7671,17.2139,15.4663,15.598,19.8062,15.8627,15.4663,14.9441,14.6858,14.3018,14.0482,13.7964,13.6712,13.6712,13.5465,13.5465,13.2985,13.1752,12.93,12.8081,12.6867,12.5658,12.5658,12.5658,12.5658,12.4453,12.3253,12.0868,11.8503,11.6156,
1983-05-01 00:00:00,2,21.1886,20.0796,19.8062,20.3545,19.6701,18.4624,18.1867,18.0463,17.9065,17.4896,17.2139,17.0768,16.8038,16.3977,16.1293,16.1293,15.9958,15.8627,15.7301,15.598,15.598,15.4663,15.335,16.3977,15.7301,15.598,15.7301,15.335,15.9958,17.7671,18.8614
1983-04-01 00:00:00,2,20.0424,19.7622,18.9291,18.3799,18.7913,19.2056,20.0424,19.4833,18.2434,17.8358,25.1377,35.6609,31.5416,24.3881,21.0326,22.0375,19.6226,18.6539,18.1072,17.7005,17.7005,17.2967,16.7628,16.6302,35.1273,35.1273,27.0958,33.9278,35.6467,22.6092,
1983-03-01 00:00:00,2,24.3881,21.0326,20.7482,21.893,27.4281,29.3045,34.8245,35.8289,34.8245,34.1599,20.3238,20.183,28.6748,29.6209,22.9103,21.7489,20.7482,20.465,26.5045,28.8318,26.6578,36.6726,26.0464,25.1377,24.0903,22.9103,22.3273,25.4395,27.1192,20.8902,20.3238
1983-02-01 00:00:00,2,21.7489,37.0117,146.106,58.7741,51.8863,37.8639,39.4129,34.8245,39.4129,39.9335,46.4293,54.7682,40.1075,38.7221,37.1817,35.3256,33.664,32.5158,29.1467,27.1192,25.7424,24.5375,23.498,22.6182,31.0579,20.183,26.0464,26.6578,,,
1983-01-01 00:00:00,2,37.3519,36.5033,28.3615,40.6309,30.4166,34.658,36.6726,37.0117,35.8289,35.1583,34.1599,33.4993,25.7424,22.6182,22.3273,21.893,22.6182,22.9103,22.1822,20.7482,18.1072,17.2967,16.7628,16.8958,37.8639,37.693,30.4166,26.5045,22.9103,21.893,22.0375
1982-12-01 00:00:00,2,6.2977,6.4982,8.4706,10.2197,13.6889,7.8348,10.4435,10.3315,10.6685,18.2639,8.5468,7.1823,5.9902,5.894,5.7982,5.7982,16.6302,16.6302,9.5335,8.9812,8.5468,21.605,8.872,7.6984,9.5335,9.7573,10.096,12.4427,19.9022,13.0526,37.8639
1982-11-01 00:00:00,2,6.1981,5.9999,5.9999,5.8032,5.8032,5.7054,5.7054,5.7054,8.6851,6.9033,6.8015,6.8015,6.8015,6.5989,6.5989,6.8015,6.9033,7.0054,6.8015,6.8015,7.0054,7.0054,6.9033,6.9033,6.5989,6.3978,6.3978,6.3978,6.1981,6.1981,
1982-10-01 00:00:00,2,6.3978,6.3978,6.9033,7.5213,6.9033,6.4982,7.94,7.1079,7.0054,9.665,8.6851,7.8348,7.8348,7.6255,6.8015,6.5989,6.4982,6.3978,6.9033,6.4982,6.3978,6.7,6.7,6.7,6.5989,6.5989,6.5989,6.5989,6.4982,6.3978,6.2977
1982-09-01 00:00:00,2,7.5213,7.4175,7.4175,7.4175,7.3139,7.2108,7.1079,7.1079,7.1079,7.0054,7.0054,6.8015,6.8015,6.7,6.7,6.7,6.7,6.5989,6.4982,6.3978,6.3978,6.3978,6.8015,6.8015,6.7,6.7,6.7,6.5989,6.5989,6.3978,
1982-08-01 00:00:00,2,9.009,9.009,9.009,8.9007,8.7927,8.6851,8.5777,8.4706,8.4706,8.4706,8.4706,8.4706,8.4706,8.3639,8.2574,8.2574,8.1513,8.1513,8.0455,7.94,7.94,7.8348,7.8348,7.8348,7.73,7.73,7.6255,7.6255,7.5213,7.5213,7.5213
1982-07-01 00:00:00,2,11.1217,10.8946,10.7814,10.6685,10.5559,10.5559,10.4435,10.2197,10.2197,10.1082,10.1082,10.2197,10.3315,10.3315,10.1082,10.1082,9.997,9.997,10.1082,9.997,9.886,9.7754,9.665,9.555,9.4452,9.4452,9.3357,9.2265,9.1176,9.1176,9.009
1982-06-01 00:00:00,2,13.4505,13.3317,13.3317,13.2131,13.0948,13.0948,12.9767,12.8588,12.7412,12.6239,12.5068,12.39,12.2734,12.157,12.041,12.041,11.9251,11.9251,11.9251,11.9251,11.8096,11.8096,11.6943,11.6943,11.5792,11.5792,11.4645,11.4645,11.3499,11.2357,
1982-05-01 00:00:00,2,18.1364,17.8819,17.3754,17.2494,16.9978,16.8724,16.7471,16.4973,16.3728,16.3728,16.1243,16.0003,15.8766,15.6299,15.6299,15.5069,15.1391,14.8951,14.7734,15.3841,15.3841,15.3841,18.6478,16.8724,16.1243,15.5069,15.017,14.2891,13.9283,13.5696,13.4505
1982-04-01 00:00:00,2,34.9593,32.6182,29.6267,28.5114,27.3849,26.2689,25.4391,24.7523,24.7523,24.8893,23.5271,23.1219,22.7183,23.5271,25.577,26.1302,24.4788,22.8527,21.6503,21.1207,20.7256,20.3322,20.0709,19.6804,19.421,19.1625,18.7762,18.7762,18.1364,18.2639,
1982-03-01 00:00:00,2,22.1828,27.3849,32.0081,25.0265,23.7981,22.9872,25.8532,34.3268,36.0804,40.0628,39.5533,40.5757,36.5665,35.7582,37.5486,35.4375,34.8006,34.3268,33.8564,32.0081,36.5665,38.2109,36.0804,34.3268,33.3893,32.4651,31.2537,33.8564,37.384,36.242,34.8006
1982-02-01 00:00:00,2,35.2777,32.3124,30.6569,31.104,34.6423,39.2154,37.5486,35.2777,31.104,28.7947,26.8256,25.8532,24.6154,23.6625,23.2568,22.3164,21.6503,21.1207,20.7256,20.4631,20.4631,20.4631,22.1828,20.4631,21.5176,22.8527,22.4502,22.1828,,,
1982-01-01 00:00:00,2,17.1235,24.7523,35.5977,37.0559,35.5977,21.3851,30.3607,32.1601,26.6862,24.4788,31.2537,32.4651,56.7476,38.0448,32.1601,33.2343,28.2288,26.2689,25.4391,33.0798,32.0081,26.9651,28.2288,41.369,38.2109,47.3108,39.8926,41.369,39.7227,36.4041,35.1183
1981-12-01 00:00:00,2,17.5017,16.9978,15.1391,17.6282,20.8571,17.3754,18.7762,14.4098,16.6221,32.9255,31.8565,20.9888,18.2639,19.0335,18.009,19.9405,17.6282,20.0709,25.8532,16.3728,15.017,14.1686,12.8588,11.9251,11.5792,16.8724,19.0335,33.2343,37.0559,22.7183,17.3754
1981-11-01 00:00:00,2,8.1021,8.0152,9.873,22.322,29.3028,11.1217,9.886,11.3499,12.041,22.4502,31.2537,28.653,36.0804,28.0877,19.421,38.0448,32.4651,16.6221,15.7531,18.009,30.2132,22.7183,15.3841,13.9283,14.2891,18.7762,17.3754,14.0483,17.2494,18.9047,
1981-10-01 00:00:00,2,5.3079,5.1639,8.4538,6.1305,5.7502,13.1365,8.5428,8.9026,8.8121,5.3079,11.5659,16.774,28.1904,13.2518,14.5476,34.9549,27.7191,23.0427,17.6749,9.7709,9.873,9.3668,8.9026,8.5428,8.5428,8.3653,15.031,27.4067,13.7172,10.182,9.4672
1981-09-01 00:00:00,2,5.601,5.601,5.5271,5.5271,5.5271,5.4536,5.4536,5.3079,5.3079,5.3079,5.1639,5.1639,5.1639,5.1639,5.1639,5.1639,5.0216,5.0216,5.0216,5.0216,5.0216,4.9511,4.9511,4.9511,4.9511,4.8811,4.8811,4.8811,4.8114,6.1305,
1981-08-01 00:00:00,2,6.1305,6.1305,6.1305,6.1305,6.1305,6.1305,6.0536,6.0536,6.0536,5.9771,5.901,5.901,5.901,5.7502,5.7502,10.6001,11.5659,9.085,7.5024,6.8418,6.0536,5.9771,5.901,5.7502,5.7502,5.7502,5.7502,5.7502,5.7502,5.601,5.601
1981-07-01 00:00:00,2,7.0044,7.0044,6.8418,6.8418,6.8418,6.8418,6.8418,6.8418,6.7611,6.7611,6.6808,6.6808,6.6808,6.6009,6.6009,6.5215,6.5215,6.5215,6.4424,6.3638,6.3638,6.3638,6.3638,6.2856,6.2856,6.2856,6.2079,6.2079,6.2079,6.2079,6.2079
1981-06-01 00:00:00,2,9.2689,8.4538,8.1021,7.757,7.5869,7.5024,7.4184,7.3348,9.2689,9.9756,8.5428,8.2772,7.9287,7.757,7.5024,10.0786,9.7709,8.7219,8.2772,8.0152,7.8426,7.5869,8.4538,7.757,7.5024,7.3348,7.3348,7.1688,7.1688,7.0864,
1981-05-01 00:00:00,2,8.6321,9.568,8.9936,9.2689,8.8121,8.3653,8.0152,7.757,7.6717,7.5024,7.5869,7.3348,7.2516,7.5869,7.6717,7.5869,7.3348,7.4184,7.4184,7.3348,7.3348,7.6717,7.4184,7.3348,7.2516,7.2516,7.2516,7.2516,12.6793,11.5659,10.4949
1981-04-01 00:00:00,2,12.793,11.5659,11.025,10.7057,10.182,9.9756,9.6692,9.6692,9.1767,8.9936,8.6321,8.3653,8.1895,8.0152,8.4538,8.1895,8.1895,8.0152,7.8426,7.8426,7.6717,7.6717,8.9026,8.2772,7.9287,7.8426,7.5869,7.5024,7.3348,7.2516,
1981-03-01 00:00:00,2,8.7219,8.5428,8.4538,9.085,9.085,10.2859,10.182,9.873,9.6692,9.4672,9.568,9.9756,10.2859,11.1324,11.4569,13.4837,12.9071,12.793,13.1365,15.3979,15.031,11.025,10.6001,11.2401,10.2859,12.1174,16.3939,20.631,26.3249,29.4631,24.2154
1981-02-01 00:00:00,2,11.7852,14.4277,12.793,12.2289,11.7852,13.4837,11.6753,11.2401,11.1324,11.5659,12.4533,13.4837,30.9225,14.1892,12.3409,11.4569,11.1324,10.6001,10.2859,9.9756,9.085,9.9756,9.7709,9.4672,9.2689,9.085,8.9936,8.7219,,,
1981-01-01 00:00:00,2,9.1767,8.6321,11.7852,9.9756,9.6692,8.9936,8.1895,11.2401,12.6793,10.9182,14.1892,17.4155,26.4783,32.0776,35.4732,35.6467,27.2511,21.6108,18.595,15.031,22.0364,29.4631,26.3249,19.8062,23.0427,20.909,23.0427,15.3979,13.9524,13.6002,13.1365
1980-12-01 00:00:00,2,14.4277,13.6002,11.5659,8.4538,9.1767,12.4533,10.182,21.8941,22.7533,29.1428,22.179,15.3979,20.631,10.182,9.2689,9.085,8.7219,8.8121,8.6321,8.4538,8.2772,8.1021,7.8426,7.9287,8.4538,8.8121,8.8121,11.2401,17.0294,10.3902,9.568
1980-11-01 00:00:00,2,5.4536,5.3079,5.3079,5.3079,5.2356,5.3805,5.3805,5.5271,6.2856,10.8117,23.188,18.9952,12.4533,10.2859,8.8121,8.0152,7.0864,6.7611,6.2856,6.7611,6.4424,5.901,10.7057,10.0786,9.2689,8.5428,7.2516,6.7611,7.2516,9.873,
1980-10-01 00:00:00,2,6.5215,6.2079,6.1305,6.6009,6.2856,6.2079,6.0536,6.0536,7.1688,6.8418,7.2516,7.0864,6.9229,6.2856,6.0536,6.0536,5.9771,5.901,5.7502,5.7502,5.7502,5.7502,5.7502,5.6754,5.901,5.601,5.601,5.5271,5.5271,5.5271,5.7502
