DataHora,NivelConsistencia,Vazao01,Vazao02,Vazao03,Vazao04,Vazao05,Vazao06,Vazao07,Vazao08,Vazao09,Vazao10,Vazao11,Vazao12,Vazao13,Vazao14,Vazao15,Vazao16,Vazao17,Vazao18,Vazao19,Vazao20,Vazao21,Vazao22,Vazao23,Vazao24,Vazao25,Vazao26,Vazao27,Vazao28,Vazao29,Vazao30,Vazao31
2023-04-01 00:00:00,2,134.618,135.638,134.618,133.601,135.128,137.173,149.696,153.964,158.279,163.188,168.154,168.71,163.737,153.964,156.116,159.909,163.737,167.046,169.266,168.154,167.046,164.837,163.188,162.092,160.999,159.909,158.821,157.737,156.655,155.577,
2023-03-01 00:00:00,2,251.963,246.789,241.018,234.668,227.135,223.404,219.083,226.512,248.079,233.406,228.384,224.645,220.314,217.24,213.574,209.327,195.608,185.124,178.261,172.057,169.823,175.43,168.154,163.188,157.196,152.358,147.052,138.201,137.173,135.128,133.094
2023-02-01 00:00:00,2,492.095,462.97,446.638,431.334,410.73,388.98,376,376.759,373.727,367.693,357.224,346.138,339.552,354.254,372.971,360.949,372.971,389.749,408.378,431.334,412.301,392.059,343.937,333.739,311.583,294.838,280.482,265.08,,,
2023-01-01 00:00:00,2,305.961,359.457,411.515,460.506,514.175,555.035,578.156,601.642,614.438,634.756,653.449,666.659,686.511,655.33,651.57,646.883,642.208,640.342,638.478,635.686,637.547,642.208,641.275,645.946,655.33,644.076,624.565,611.687,597.097,562.997,507.341
2022-12-01 00:00:00,2,56.8866,77.4489,94.107,113.423,131.577,153.964,173.741,201.529,225.267,209.327,184.549,168.154,146,127.563,117.742,103.59,89.7162,79.9294,71.7799,85.8344,121.145,178.829,234.668,269.732,229.635,216.628,264.418,298.99,341.742,320.089,305.261
2022-11-01 00:00:00,2,44.0313,45.3591,47.3793,50.8218,57.9843,66.6668,69.4018,78.6854,77.4489,78.2724,78.2724,79.0992,80.763,81.5999,90.1516,104.974,121.634,127.563,137.687,122.615,96.7804,75.8122,69.796,67.8337,65.5078,63.5936,61.3258,58.7205,56.8866,55.7971,
2022-10-01 00:00:00,2,48.0603,48.0603,47.7194,47.7194,47.7194,47.3793,47.0403,47.3793,47.0403,46.7021,46.0287,46.0287,45.6934,45.6934,45.3591,45.3591,45.0257,45.0257,45.0257,44.6933,44.6933,44.0313,44.0313,44.0313,43.3731,43.3731,42.7189,42.3932,42.3932,42.7189,43.3731
2022-09-01 00:00:00,2,50.8218,50.8218,50.8218,50.1258,50.1258,50.1258,49.4336,49.4336,49.4336,49.4336,48.7451,48.7451,48.7451,48.0603,48.0603,48.0603,47.3793,47.3793,47.3793,46.7021,46.0287,45.3591,44.6933,45.3591,45.6934,46.7021,47.3793,48.0603,48.0603,48.0603,
2022-08-01 00:00:00,2,60.9509,60.2039,60.2039,59.4604,59.4604,58.7205,58.7205,57.9843,57.9843,57.2516,57.2516,56.5226,56.5226,55.7971,55.7971,55.0754,55.0754,54.7159,54.3573,54.3573,54.3573,53.6428,53.6428,52.932,52.932,52.932,52.2249,52.2249,51.5215,51.5215,51.5215
2022-07-01 00:00:00,2,78.2724,77.8602,77.4489,77.0385,76.2201,75.4051,74.5935,74.189,73.7854,72.9806,72.1793,71.3814,68.616,68.2244,67.8337,67.0549,67.0549,66.6668,65.5078,65.5078,64.7394,64.7394,63.9747,63.9747,63.2134,62.4557,62.4557,61.7015,60.9509,60.9509,60.9509
2022-06-01 00:00:00,2,89.7162,89.7162,90.1516,90.1516,90.1516,90.1516,89.7162,89.7162,91.0249,91.4627,90.5878,90.5878,90.1516,89.7162,89.2816,88.8478,88.4149,87.9827,87.5514,87.1209,86.2624,84.9809,83.7067,82.8615,82.4401,81.5999,80.763,79.5139,78.6854,78.2724,
2022-05-01 00:00:00,2,131.577,126.567,121.634,115.815,109.636,101.757,94.9949,90.5878,87.5514,86.2624,85.8344,85.4072,84.5553,84.1306,86.2624,96.7804,110.107,124.091,139.231,141.82,135.638,129.063,121.634,113.9,107.762,102.214,94.9949,91.0249,90.1516,90.1516,89.7162
2022-04-01 00:00:00,2,181.108,179.967,177.126,173.179,172.057,169.823,168.71,167.046,165.388,164.286,163.188,161.545,159.365,158.279,156.655,155.577,151.291,152.358,151.824,150.759,148.637,147.052,146,144.951,143.904,142.86,141.82,140.782,139.747,138.716,
2022-03-01 00:00:00,2,547.994,503.937,459.685,420.983,378.278,349.818,328.684,310.174,293.459,277.105,258.49,242.936,227.135,209.327,189.175,214.183,269.732,317.954,275.759,384.379,226.512,216.015,205.114,197.968,192.673,196.786,192.673,192.673,192.673,184.549,181.108
2022-02-01 00:00:00,2,588.95,572.788,561.224,576.365,563.884,547.117,532.281,503.088,495.467,506.489,521.905,544.487,559.453,567.439,602.552,636.616,653.449,672.352,722.257,782.284,863.664,785.213,646.883,608.941,571.895,562.11,555.035,552.391,,,
2022-01-01 00:00:00,2,441.302,459.888,507.164,554.388,595.982,642.011,690.588,845.167,923.809,1016.85,1065.36,1075.93,1075.93,1040.94,956.431,814.864,711.144,655.33,642.208,624.565,620.875,611.687,593.471,477.03,456.41,456.41,503.937,531.414,559.453,577.26,590.757
2021-12-01 00:00:00,2,174.962,161.296,148.299,148.299,148.299,136.758,163.594,181.838,201.849,203.05,169.87,149.973,167.625,163.594,149.973,187.059,248.019,320.103,283.209,259.776,245.434,232.027,217.051,186.477,165.903,149.973,176.672,203.651,232.66,334.457,420.636
2021-11-01 00:00:00,2,112.609,119.273,139.477,145.523,129.774,119.273,132.445,164.17,199.454,237.739,264.402,338.808,341.721,329.406,322.241,269.727,226.994,178.388,156.167,128.18,103.599,97.7349,108.073,119.791,126.064,130.84,140.023,147.742,149.973,184.152,
2021-10-01 00:00:00,2,29.8339,29.8339,29.188,29.188,29.188,28.547,28.547,28.547,27.9108,27.9108,35.1688,45.9395,53.642,63.8214,79.0421,88.2211,102.614,118.239,121.349,149.973,149.973,136.217,132.445,143.314,153.341,168.185,189.398,190.571,175.531,141.117,118.756
2021-09-01 00:00:00,2,37.2447,37.2447,36.5483,36.5483,35.8563,35.8563,35.1688,34.4859,34.4859,33.8074,33.8074,32.4643,32.4643,31.7997,31.7997,31.7997,31.1397,31.1397,30.4844,30.4844,30.4844,29.8339,29.8339,29.8339,29.188,29.188,28.547,28.547,29.188,29.8339,
2021-08-01 00:00:00,2,45.1916,45.1916,45.1916,44.4479,44.4479,44.4479,43.7084,42.9731,42.9731,42.9731,42.242,42.242,42.242,41.5151,41.5151,41.5151,40.7926,40.7926,40.0743,40.0743,40.0743,39.3603,39.3603,39.3603,38.6507,38.6507,38.6507,37.9455,37.9455,37.9455,37.2447
2021-07-01 00:00:00,2,55.2304,55.2304,54.4342,54.4342,53.642,53.642,52.8538,52.8538,52.0695,52.0695,52.0695,50.5127,50.5127,49.7404,49.7404,48.9721,48.9721,48.2078,48.2078,48.2078,47.4476,47.4476,47.4476,46.6915,46.6915,46.6915,45.9395,45.9395,45.9395,45.5651,45.1916
2021-06-01 00:00:00,2,64.2408,64.2408,64.2408,64.2408,64.2408,63.4028,63.4028,62.5685,62.5685,61.738,61.738,60.9112,60.9112,60.0882,60.0882,60.0882,59.269,59.269,59.269,58.4536,58.4536,57.642,57.642,57.642,56.8343,56.8343,56.0304,56.0304,55.2304,55.2304,
2021-05-01 00:00:00,2,80.8505,80.8505,79.9446,79.0421,78.143,78.143,77.2474,76.3554,75.4668,74.5818,73.7002,72.8223,71.077,70.2098,70.2098,69.3462,69.3462,68.4861,68.4861,67.6298,67.6298,66.777,66.777,66.352,65.9279,65.0825,65.0825,64.2408,64.2408,64.2408,64.2408
2021-04-01 00:00:00,2,131.375,130.307,130.307,129.242,129.242,127.65,126.064,125.011,123.437,121.87,120.829,118.239,116.695,114.646,112.102,110.585,109.578,107.572,105.579,104.093,102.122,100.164,94.3677,87.7542,85.4318,83.589,82.6728,82.6728,80.8505,80.8505,
2021-03-01 00:00:00,2,197.071,197.071,209.095,212.753,212.753,212.753,213.978,215.205,216.435,217.668,220.141,222.624,223.246,226.368,222.624,217.668,215.205,211.531,209.095,206.669,204.253,200.65,174.962,171.561,164.747,161.296,157.87,144.417,141.666,137.301,131.375
2021-02-01 00:00:00,2,79.0421,79.0421,79.0421,79.9446,80.8505,80.8505,82.6728,84.5087,84.5087,88.689,88.2211,89.1577,90.0975,91.9871,91.9871,97.7349,100.653,101.632,107.572,117.724,153.341,164.17,178.388,195.883,199.454,198.261,197.071,198.857,,,
2021-01-01 00:00:00,2,117.724,117.724,116.695,116.695,114.646,114.646,113.626,96.7688,96.7688,95.8059,94.8463,93.89,91.9871,91.0407,90.0975,96.7688,102.614,117.724,138.932,118.239,146.631,179.535,155.6,122.914,97.7349,91.5135,89.1577,86.8227,85.8945,83.589,82.6728
2020-12-01 00:00:00,2,74.5818,74.5818,79.4929,90.0975,98.7043,111.596,135.676,161.296,192.335,230.135,255.18,243.501,217.668,195.29,176.101,163.019,142.764,119.791,107.572,102.122,97.7349,90.5687,87.7542,94.3677,103.106,122.914,159.01,200.052,228.877,255.834,327.251
2020-11-01 00:00:00,2,65.9279,65.9279,68.4861,70.2098,74.5818,74.5818,72.8223,72.8223,70.2098,70.2098,71.9479,65.9279,65.9279,67.6298,67.6298,65.9279,64.2408,64.2408,61.738,61.738,66.777,79.0421,97.7349,97.7349,74.5818,53.642,74.5818,70.2098,65.0825,58.4536,
2020-10-01 00:00:00,2,47.4476,47.4476,46.6915,46.6915,45.9395,45.9395,41.5151,41.5151,40.7926,40.7926,40.0743,40.0743,39.3603,39.3603,40.0743,40.0743,40.7926,40.7926,41.5151,42.242,42.9731,43.7084,44.4479,50.5127,52.0695,52.8538,65.9279,63.4028,72.8223,69.3462,74.5818
2020-09-01 00:00:00,2,58.4536,58.4536,58.4536,57.642,57.642,56.8343,56.8343,56.0304,55.2304,55.2304,54.4342,54.4342,53.642,53.642,52.8538,52.8538,52.0695,52.0695,51.2891,51.2891,50.5127,50.5127,47.4476,48.9721,48.2078,48.2078,47.4476,47.4476,46.6915,46.6915,
2020-08-01 00:00:00,2,65.9279,65.9279,65.9279,65.9279,65.0825,65.0825,64.2408,64.2408,64.2408,63.4028,63.4028,63.4028,62.5685,62.5685,62.5685,61.738,61.738,61.738,60.9112,60.9112,60.9112,60.0882,60.0882,60.0882,59.269,59.269,59.269,58.4536,58.4536,58.4536,57.642
2020-07-01 00:00:00,2,97.7349,97.7349,96.7688,96.7688,95.8059,93.89,87.7542,86.3582,84.5087,82.6728,81.7599,80.8505,79.9446,78.143,77.2474,76.3554,75.9107,75.4668,73.7002,73.7002,73.7002,73.7002,72.8223,71.9479,71.077,70.2098,70.2098,70.2098,70.2098,70.2098,69.3462
2020-06-01 00:00:00,2,115.669,115.669,112.609,112.609,111.596,111.596,110.585,110.585,110.585,109.578,109.578,109.578,108.574,107.572,106.574,106.574,106.574,105.579,105.579,105.579,105.579,104.588,104.588,104.588,104.588,104.588,103.599,103.599,103.599,102.614,
2020-05-01 00:00:00,2,140.57,144.417,148.856,148.856,147.742,145.523,138.388,136.758,135.135,132.445,131.375,130.307,129.242,126.592,126.064,125.011,124.486,123.961,121.87,121.87,119.791,121.87,120.829,119.791,118.756,117.724,117.724,117.724,116.695,116.695,116.695
2020-04-01 00:00:00,2,233.926,244.145,256.49,257.802,238.377,217.051,204.856,198.857,201.249,210.312,218.903,214.591,205.46,191.747,182.416,185.313,195.883,195.29,191.158,185.895,174.394,166.482,162.444,164.17,167.625,164.747,160.152,156.734,149.415,143.865,
2020-03-01 00:00:00,2,829.933,972.994,1104.42,1207.62,1196.3,1122.45,1013.43,873.002,719.469,597.612,519.888,458.261,407.323,365.353,324.385,294.17,270.395,249.964,237.739,233.292,237.102,241.575,239.654,232.66,251.915,244.789,237.739,239.654,230.135,225.742,227.621
2020-02-01 00:00:00,2,480,453,409,398,484,480,473,465,455,445,445,445,444,484,562,595,554,525,581,627,603,528,500,487,467,478,554,653,731,,
2020-01-01 00:00:00,2,145.523,142.764,140.57,142.764,149.415,162.444,217.051,217.668,209.095,200.65,190.571,184.152,177.815,168.746,160.723,153.341,184.152,229.506,290.728,362.367,432.514,497.069,525.011,507.164,482.897,423.002,401.114,391.866,378.902,377.388,373.611
2019-12-01 00:00:00,2,93.413,130.84,193.515,227.621,201.849,198.261,193.515,186.477,178.961,169.308,248.667,269.727,266.394,263.077,253.219,281.85,328.687,322.241,268.392,229.506,189.398,158.439,142.214,188.812,213.978,242.216,271.733,257.802,240.294,149.973,145.523
2019-11-01 00:00:00,2,48.2078,50.1261,55.6299,58.8608,61.738,54.8318,52.4611,47.4476,45.9395,45.1916,44.4479,43.3402,38.6507,37.9455,37.2447,37.9455,38.6507,38.6507,40.0743,43.3402,49.3557,55.6299,64.2408,73.2608,86.3582,102.614,97.7349,90.5687,74.5818,92.9369,
2019-10-01 00:00:00,2,79.0421,74.5818,72.3846,68.0575,61.3241,55.6299,45.5651,44.4479,44.4479,46.6915,51.2891,60.9112,64.6612,75.4668,66.777,57.642,52.0695,48.2078,46.6915,44.4479,43.7084,44.0777,44.8193,45.1916,51.2891,49.3557,48.2078,47.8272,46.6915,47.4476,48.2078
2019-09-01 00:00:00,2,51.2891,50.5127,50.5127,49.7404,49.7404,48.9721,48.9721,48.2078,48.2078,47.4476,47.4476,47.4476,46.6915,46.6915,45.9395,45.1916,44.4479,44.4479,43.7084,43.7084,42.9731,42.9731,42.242,42.242,42.242,44.4479,50.5127,53.2474,71.512,81.3048,
2019-08-01 00:00:00,2,65.9279,65.9279,65.0825,65.0825,64.6612,63.4028,63.4028,62.5685,62.5685,62.5685,61.738,61.738,61.3241,60.9112,60.9112,60.0882,59.269,58.4536,58.4536,57.642,56.0304,55.2304,55.2304,54.4342,54.4342,54.0377,54.0377,54.0377,53.642,52.8538,52.8538
2019-07-01 00:00:00,2,84.0484,85.8945,87.288,82.2159,80.8505,79.4929,79.0421,78.143,77.6948,76.801,76.3554,75.4668,75.4668,74.5818,74.5818,73.7002,73.2608,72.8223,71.9479,71.077,70.2098,70.2098,70.2098,69.3462,69.3462,68.9157,68.4861,67.6298,67.6298,66.777,65.9279
2019-06-01 00:00:00,2,93.89,94.8463,95.8059,96.7688,96.7688,95.8059,94.8463,93.89,94.8463,95.8059,96.7688,97.7349,96.7688,96.7688,95.8059,95.8059,94.8463,93.89,93.413,92.4616,91.9871,91.0407,90.0975,89.1577,89.1577,88.2211,88.2211,86.3582,84.0484,82.6728,
2019-05-01 00:00:00,2,208.487,207.274,201.849,189.398,172.126,149.973,148.856,144.969,146.077,141.117,140.023,137.844,136.217,134.057,131.91,132.445,137.301,141.666,155.6,195.29,192.335,174.962,164.17,172.126,163.019,146.077,132.445,124.486,120.309,119.791,106.574
2019-04-01 00:00:00,2,207.274,206.064,205.46,205.46,209.095,212.142,217.051,222.002,225.742,231.396,235.829,230.135,217.668,204.856,199.454,214.591,253.219,277.112,288.67,275.764,255.18,206.064,197.666,194.698,192.925,189.398,185.313,180.685,171.561,160.723,
2019-03-01 00:00:00,2,393.927,419.964,436.31,467.191,499.556,590.319,592.909,601.567,550.031,492.885,488.714,485.387,477.106,436.5,430.923,421.424,396.48,368.348,352.725,341.721,346.84,355.682,377.388,408.881,402.663,365.353,340.263,315.842,263.077,235.194,206.064
2019-02-01 00:00:00,2,127.844,126.172,124.51,126.729,131.214,157.783,167.493,172.708,211.85,173.874,192.261,152.718,145.496,137.487,149.927,197.709,242.997,318.393,396.203,423.062,436.31,476.828,530.938,441.803,366.204,379.61,381.109,372.143,,,
2019-01-01 00:00:00,2,416.102,405.348,353.686,314.859,276.83,237.819,211.85,201.368,192.261,194.677,179.741,155.525,147.706,128.963,128.963,132.346,138.64,133.481,128.403,126.172,124.51,122.856,121.212,119.577,117.951,116.334,120.666,133.481,138.64,129.525,128.403
2018-12-01 00:00:00,2,505.291,459.208,446.529,448.107,444.952,441.017,416.873,373.633,349.301,314.154,264.061,234.601,222.501,211.85,205.048,197.102,186.266,182.105,175.628,168.07,161.759,147.152,126.172,104.246,132.913,172.708,223.133,277.508,337.694,384.113,410.714
2018-11-01 00:00:00,2,100.17,96.161,90.2749,100.676,117.951,144.395,119.034,142.708,183.884,261.398,331.937,377.365,359.56,305.031,251.487,199.536,158.349,156.089,153.278,192.864,274.126,352.222,444.164,467.191,474.412,481.669,485.716,502.83,516.823,498.738,
2018-10-01 00:00:00,2,32.8799,33.8439,38.8341,50.4053,51.9381,50.4053,48.516,52.7116,57.0495,62.7732,58.257,59.4749,60.7032,59.8832,60.2926,50.0251,51.1694,56.6494,60.7032,55.0603,66.9985,65.719,48.516,45.5551,46.2881,53.8807,69.1535,91.2452,96.6584,96.6584,101.183
2018-09-01 00:00:00,2,34.4929,34.8193,34.8193,34.4929,33.8439,33.5213,33.5213,33.2,32.5612,32.5612,31.9275,31.6125,31.2989,30.6755,30.0573,31.2989,35.4759,42.3165,40.9088,46.2881,47.3966,47.7686,46.6564,41.2589,39.5207,37.4758,35.806,33.8439,33.2,32.2437,
2018-08-01 00:00:00,2,36.4702,35.806,35.1469,36.8042,38.8341,42.3165,48.8915,50.4053,48.1417,43.0277,42.3165,40.9088,39.8659,39.1768,38.4927,37.8135,37.1394,36.4702,35.1469,35.806,38.8341,39.1768,37.4758,36.8042,35.806,35.1469,34.8193,34.4929,34.8193,34.8193,34.4929
2018-07-01 00:00:00,2,45.1904,44.8269,44.4646,44.1036,43.7437,43.0277,42.6714,42.3165,41.6102,41.2589,41.2589,41.2589,40.5599,40.5599,40.2123,39.8659,39.5207,39.1768,38.8341,38.8341,38.1525,38.4927,38.4927,38.4927,38.1525,37.8135,37.4758,37.1394,36.8042,36.4702,36.4702
2018-06-01 00:00:00,2,53.8807,53.4898,53.1001,52.7116,51.9381,51.5532,51.1694,50.7868,50.7868,50.4053,50.0251,49.646,49.2681,48.8915,48.1417,48.1417,47.7686,48.1417,48.8915,48.8915,49.2681,49.646,50.4053,50.4053,49.646,48.1417,47.3966,46.6564,45.921,45.5551,
2018-05-01 00:00:00,2,64.4497,63.6091,62.3569,60.7032,59.0678,57.4509,55.0603,53.4898,50.4053,49.2681,50.4053,52.7116,53.4898,53.8807,52.7116,50.0251,47.7686,45.921,44.4646,44.4646,55.0603,66.5708,70.4599,72.6596,71.7764,70.8976,68.2881,62.3569,55.0603,54.6659,53.4898
2018-04-01 00:00:00,2,74.8871,79.8847,87.3894,94.182,74.8871,95.1694,108.388,121.759,116.334,91.732,85.0144,82.2001,79.4249,76.2369,73.5473,77.1423,77.5966,82.2001,80.8076,77.5966,74.4394,73.5473,71.7764,70.4599,69.1535,68.2881,66.9985,66.9985,66.1444,64.8717,
2018-03-01 00:00:00,2,166.341,186.266,188.058,182.697,155.525,147.152,143.845,131.214,188.657,238.464,219.98,180.331,214.342,192.864,172.126,156.653,145.496,133.481,124.51,122.307,116.872,106.827,115.797,125.617,134.05,130.087,122.307,101.69,96.6584,88.3469,77.5966
2018-02-01 00:00:00,2,112.597,118.492,124.51,132.346,139.797,148.815,164.045,193.468,213.718,202.592,176.213,140.958,127.844,122.856,116.334,113.128,108.388,99.1613,83.1339,101.69,115.797,165.192,181.513,189.256,181.513,185.669,184.479,188.657,,,
2018-01-01 00:00:00,2,106.827,122.856,159.483,203.819,261.398,316.272,355.885,412.251,451.27,419.964,385.617,359.56,331.22,302.938,262.063,238.464,223.765,213.095,182.697,159.483,140.958,125.617,122.307,120.666,118.492,114.193,118.492,123.407,126.729,120.666,114.193
2017-12-01 00:00:00,2,95.1694,139.797,209.988,323.362,431.62,408.411,348.572,330.503,312.745,296.687,278.185,241.699,162.329,180.922,132.346,118.492,106.827,117.411,94.182,84.5426,85.0144,79.8847,73.5473,75.7859,81.2707,90.2749,100.17,120.121,135.764,148.26,177.974
2017-11-01 00:00:00,2,65.2762,80.1825,100.462,90.3656,65.6997,45.3261,36.657,36.657,35.6177,42.3165,45.921,38.8341,36.1375,34.8193,36.1375,38.1525,39.5207,40.5599,34.8193,33.2,32.8799,125.617,185.669,254.777,235.244,170.964,98.6586,86.9122,151.041,169.226,
2017-10-01 00:00:00,2,28.632,33.908,40.914,51.4417,60.6793,53.8017,41.6387,34.9304,32.896,32.227,31.5628,30.5751,28.9528,28.632,28.3123,27.6767,27.0459,26.7324,26.1091,25.7992,25.7992,25.7992,25.7992,25.7992,25.7992,26.1091,26.4201,28.3123,34.9304,45.7007,57.8135
2017-09-01 00:00:00,2,31.2324,31.2324,31.2324,31.2324,31.2324,30.9032,30.5751,30.2483,29.9226,29.2749,28.632,28.632,28.632,28.3123,27.9939,27.9939,27.6767,27.3607,27.3607,27.3607,27.0459,27.0459,26.7324,26.4201,26.1091,26.1091,26.1091,26.1091,26.1091,26.4201,
2017-08-01 00:00:00,2,36.3095,36.3095,35.963,35.963,35.6177,35.2735,34.9304,34.9304,34.5885,34.5885,34.5885,34.5885,34.2477,33.908,33.5695,33.5695,33.2322,33.2322,33.2322,32.896,32.896,32.896,32.5609,32.5609,32.5609,32.227,32.227,31.8943,31.8943,31.5628,31.5628
2017-07-01 00:00:00,2,44.5802,43.8385,43.8385,43.4692,43.101,42.7338,42.3677,42.0027,42.0027,42.0027,41.6387,41.2758,40.914,40.914,40.5532,39.835,39.4775,39.1211,39.1211,39.1211,38.7658,38.4115,38.0584,37.7064,37.7064,37.3555,37.0057,36.657,36.657,36.657,36.3095
2017-06-01 00:00:00,2,50.2752,51.0519,49.5026,48.734,48.3513,47.9695,47.5888,47.5888,47.2091,46.4528,46.0762,45.7007,46.8305,49.8884,51.8326,51.4417,54.995,60.267,53.0111,49.8884,48.734,47.9695,47.2091,46.4528,45.7007,45.3261,45.3261,44.9527,44.9527,44.9527,
2017-05-01 00:00:00,2,52.2244,53.4059,53.0111,52.6172,51.8326,51.0519,50.6631,49.8884,49.8884,51.8326,53.0111,53.0111,51.8326,50.6631,50.2752,49.8884,49.8884,50.2752,51.0519,52.6172,56.1971,62.7547,75.6914,84.2986,73.4789,63.5915,59.4454,57.0034,54.995,52.6172,49.5026
2017-04-01 00:00:00,2,65.6997,63.5915,63.1727,62.7547,61.9217,61.0925,60.267,61.0925,63.1727,65.2762,64.432,61.5066,60.267,59.036,57.8135,55.7954,55.3947,54.995,54.5962,54.1985,53.4059,53.4059,53.0111,52.6172,52.2244,51.8326,51.8326,52.6172,53.0111,51.8326,
2017-03-01 00:00:00,2,103.413,106.392,109.4,111.928,110.409,107.893,104.403,99.9735,95.6094,91.7858,89.423,86.1502,81.5468,79.2773,78.3756,78.826,83.8378,87.5478,91.3116,107.893,117.042,103.413,94.6486,86.6152,80.1825,74.3612,71.2886,69.1208,69.9852,71.2886,69.9852
2017-02-01 00:00:00,2,88.4837,88.0153,116.527,205.46,275.764,241.575,210.921,226.994,213.365,206.669,191.158,167.625,139.893,128.03,120.668,113.454,110.409,104.899,98.0258,94.6486,93.691,91.7858,88.9529,85.686,85.686,91.3116,96.5735,100.462,,,
2017-01-01 00:00:00,2,67.831,63.5915,59.8557,58.2201,57.8135,64.432,71.7248,66.9757,64.0113,68.26,75.6914,84.7602,90.8382,93.2135,95.6094,102.426,120.668,138.254,173.259,227.621,201.849,168.185,150.42,138.254,129.093,131.23,134.997,128.561,114.987,101.934,93.691
2016-12-01 00:00:00,2,67.4029,68.69,61.0925,59.036,71.7248,109.4,156.566,159.854,118.074,126.44,153.797,162.06,152.105,151.543,186.477,242.216,246.725,226.368,191.158,156.566,133.917,120.147,107.392,97.5409,93.691,87.5478,79.7295,75.2471,73.9196,72.162,70.4187
2016-11-01 00:00:00,2,33.5695,33.2322,33.2322,34.2477,38.4115,44.9527,48.734,50.2752,49.8884,50.6631,50.6631,50.2752,50.6631,58.2201,116.527,215.82,235.829,202.449,155.475,93.2135,82.0033,74.3612,70.4187,72.6001,82.0033,80.6364,65.2762,60.6793,57.8135,59.4454,
2016-10-01 00:00:00,2,30.5751,30.9032,32.5609,32.896,40.1936,48.734,51.0519,48.3513,44.5802,40.914,37.7064,34.9304,32.5609,33.908,39.835,47.2091,49.1178,47.2091,46.0762,49.5026,58.6275,66.1241,71.7248,68.26,65.6997,58.2201,49.5026,46.0762,48.3513,64.0113,59.4454
2016-09-01 00:00:00,2,37.3555,37.0057,37.0057,36.657,36.3095,35.6177,35.6177,35.2735,35.2735,34.9304,34.5885,34.2477,33.908,33.5695,32.896,32.896,32.896,32.896,32.5609,32.5609,32.227,31.8943,31.8943,31.5628,31.5628,31.5628,31.5628,31.2324,31.2324,30.9032,
2016-08-01 00:00:00,2,42.7338,42.7338,42.7338,42.3677,42.3677,42.0027,41.6387,41.2758,41.2758,41.2758,41.2758,40.914,40.914,40.5532,40.5532,40.1936,40.1936,39.835,39.835,39.835,40.1936,40.5532,40.914,40.914,40.5532,40.1936,39.835,39.4775,39.1211,38.4115,37.7064
2016-07-01 00:00:00,2,53.4059,53.0111,52.6172,52.2244,51.8326,51.8326,51.4417,51.0519,50.6631,50.2752,49.8884,49.8884,49.5026,49.5026,48.734,48.3513,47.9695,46.8305,45.7007,44.9527,44.5802,44.9527,44.9527,44.9527,44.9527,44.5802,44.5802,44.5802,44.2088,43.101,43.101
2016-06-01 00:00:00,2,57.408,57.0034,66.5495,88.0153,102.426,110.914,103.908,89.8939,79.7295,72.162,67.831,65.6997,64.432,62.7547,61.5066,61.0925,60.6793,59.4454,58.2201,58.2201,58.2201,57.8135,57.8135,57.408,57.408,57.0034,56.1971,55.3947,54.5962,53.8017,
2016-05-01 00:00:00,2,82.4606,83.3779,82.0033,78.3756,75.2471,73.039,71.7248,69.9852,68.69,68.26,67.831,66.9757,66.5495,66.1241,66.1241,65.6997,65.6997,65.6997,65.6997,65.2762,65.2762,64.432,64.0113,63.1727,62.7547,62.3378,61.9217,61.5066,59.8557,58.6275,57.8135
2016-04-01 00:00:00,2,133.378,119.109,115.5,111.928,108.394,105.396,103.413,101.443,98.998,97.0568,95.1286,92.7368,88.9529,86.6152,84.7602,82.9188,81.5468,81.5468,81.0911,80.1825,79.7295,78.826,77.926,77.0295,76.5826,75.6914,77.4773,79.7295,82.0033,82.4606,
2016-03-01 00:00:00,2,139.346,164.278,156.566,145.956,141.538,153.233,170.997,171.561,150.981,142.638,181.261,315.135,415.135,358.647,273.074,226.368,184.152,166.506,154.931,144.847,133.378,126.44,122.233,119.109,116.013,120.668,159.854,195.883,169.87,152.105,144.294
2016-02-01 00:00:00,2,319.391,305.284,267.06,234.559,218.903,208.487,191.747,180.685,172.126,162.614,154.363,150.42,144.847,140.44,137.165,132.84,126.44,121.71,124.33,135.538,139.346,134.456,142.087,158.755,152.105,143.741,135.538,127.499,123.805,,
2016-01-01 00:00:00,2,144.847,159.854,163.168,167.065,176.101,164.834,151.543,156.02,156.02,178.961,185.313,209.095,212.142,212.753,281.171,386.508,488.714,584.662,617.429,571.062,561.387,612.431,593.543,513.936,432.514,350.514,319.391,313.72,319.391,322.955,320.103
2015-12-01 00:00:00,2,77.0295,92.2609,99.9735,112.436,127.499,137.165,143.741,169.87,185.895,195.29,187.059,178.961,162.06,232.027,363.859,374.365,275.09,193.515,157.659,143.189,133.917,130.695,129.093,120.668,107.392,99.4853,92.7368,85.686,93.691,128.03,165.391
2015-11-01 00:00:00,2,47.5888,46.0762,46.8305,51.0519,53.8017,53.8017,51.0519,46.8305,46.4528,47.9695,53.0111,63.5915,61.5066,69.9852,78.826,87.5478,97.5409,90.8382,84.2986,89.423,87.0811,83.8378,82.4606,80.1825,77.0295,68.26,64.8536,59.8557,62.3378,65.6997,
2015-10-01 00:00:00,2,44.5802,40.914,40.914,40.914,42.7338,40.914,40.1936,39.835,39.4775,38.7658,38.4115,37.7064,36.3095,35.2735,34.9304,34.5885,33.908,32.896,32.227,35.2735,38.4115,38.4115,38.0584,38.4115,39.1211,39.835,40.5532,39.835,39.1211,40.1936,44.5802
2015-09-01 00:00:00,2,46.4528,46.4528,46.4528,46.4528,45.7007,45.7007,51.8326,57.0034,134.456,75.6914,59.8557,63.1727,55.7954,52.6172,51.8326,49.5026,49.5026,48.734,47.5888,46.4528,46.4528,44.5802,44.5802,43.8385,42.7338,41.6387,40.914,40.914,39.835,39.835,
2015-08-01 00:00:00,2,59.036,59.036,59.036,57.0034,57.0034,57.0034,57.0034,55.7954,55.7954,54.5962,54.5962,54.5962,54.5962,54.5962,53.8017,53.8017,52.6172,52.6172,52.6172,52.6172,52.6172,51.8326,51.8326,50.6631,49.5026,48.734,48.734,48.734,48.734,48.734,47.5888
2015-07-01 00:00:00,2,69.5525,69.1208,70.8532,70.8532,70.8532,69.9852,69.9852,69.9852,69.9852,69.9852,69.9852,69.9852,68.69,67.831,66.5495,65.2762,65.2762,65.2762,65.2762,64.432,63.1727,63.1727,62.3378,61.0925,61.0925,61.0925,61.0925,61.0925,61.0925,61.0925,59.8557
2015-06-01 00:00:00,2,90.3656,89.8939,91.3116,94.6486,98.0258,98.0258,95.1286,91.7858,88.4837,86.6152,85.2227,83.8378,81.5468,79.7295,78.3756,77.4773,77.0295,77.0295,76.5826,76.1366,75.6914,75.2471,74.3612,73.9196,73.4789,72.6001,71.7248,70.8532,69.9852,69.5525,
2015-05-01 00:00:00,2,177.815,160.956,149.299,143.741,139.346,131.766,124.856,121.188,118.074,114.987,109.904,106.892,104.899,101.443,101.934,107.392,112.945,115.5,117.042,106.392,104.403,102.919,101.934,100.462,99.4853,98.5115,98.0258,96.5735,94.1694,92.2609,90.8382
2015-04-01 00:00:00,2,301.795,300.403,286.618,275.764,268.392,248.667,237.739,234.559,220.141,225.742,194.698,184.732,175.531,169.87,162.06,158.755,162.614,166.506,169.87,169.308,173.259,176.672,177.243,177.815,179.535,182.416,184.152,184.732,185.895,184.152,
2015-03-01 00:00:00,2,105.894,97.5409,89.8939,84.7602,79.7295,77.4773,107.893,110.914,117.042,153.797,265.066,386.508,459.888,467.239,364.605,290.042,283.89,271.733,261.095,265.066,272.404,268.392,371.352,480.412,508.009,458.261,388.036,342.451,312.308,297.627,293.48
2015-02-01 00:00:00,2,59.036,56.1971,51.0519,47.5888,58.2201,78.3756,103.413,179.535,237.102,221.381,233.926,269.059,245.434,198.261,150.42,113.454,112.436,123.28,132.302,145.401,215.205,234.559,183.572,135.538,108.394,96.091,93.691,102.919,,,
2015-01-01 00:00:00,2,89.423,87.5478,84.2986,87.0811,88.9529,90.8382,84.7602,82.4606,77.926,70.8532,66.9757,66.1241,64.8536,62.7547,60.267,59.4454,56.5998,58.2201,56.5998,59.4454,62.7547,69.1208,73.4789,79.2773,87.5478,99.4853,97.0568,101.443,92.7368,79.7295,68.26
2014-12-01 00:00:00,2,338.808,343.181,339.536,320.103,190.714,123.915,116.176,167.514,190.106,141.01,107.622,119.765,160.593,166.353,141.557,110.113,94.0501,86.5917,82.4936,89.8277,99.7867,113.636,143.202,172.772,207.396,213.067,156.037,119.765,103.189,91.6958,89.8277
2014-11-01 00:00:00,2,33.1648,30.5921,29.9606,32.8391,33.8194,36.4833,38.8727,38.8727,38.5281,43.8112,41.669,38.8727,37.8421,37.5007,34.8099,32.1914,33.1648,33.1648,32.8391,31.5482,29.0222,27.4819,28.0944,30.9096,33.1648,37.5007,62.6851,174.538,269.246,319.391,
2014-10-01 00:00:00,2,23.6197,23.6197,23.6197,23.6197,23.6197,23.6197,23.6197,23.6197,22.1905,21.6278,21.6278,21.6278,21.0702,20.7934,20.7934,20.2436,19.9707,19.9707,19.4289,18.6262,23.3313,25.3764,26.2714,24.4924,26.5722,28.0944,27.4819,27.4819,27.4819,30.9096,36.1464
2014-09-01 00:00:00,2,30.2758,30.5921,29.9606,30.5921,30.5921,29.9606,30.2758,30.5921,29.9606,29.6466,29.9606,29.0222,28.0944,28.0944,27.1775,26.2714,25.3764,25.3764,25.3764,25.3764,25.3764,25.3764,25.3764,24.4924,24.4924,24.4924,24.4924,24.4924,24.4924,23.6197,
2014-08-01 00:00:00,2,48.2093,47.837,47.4659,44.172,43.0929,40.2622,39.5653,39.5653,38.8727,36.8213,36.1464,35.1424,34.8099,33.8194,33.4915,33.1648,32.5147,32.1914,31.8692,31.5482,31.5482,31.8692,31.5482,31.5482,31.5482,31.5482,30.9096,31.5482,30.5921,29.9606,29.9606
2014-07-01 00:00:00,2,39.9132,39.2184,39.9132,39.2184,39.2184,37.1605,37.8421,37.8421,38.5281,39.2184,38.5281,38.1845,37.1605,36.4833,36.1464,36.1464,35.8106,36.1464,35.8106,35.4759,35.4759,35.8106,35.1424,35.4759,37.5007,39.2184,40.2622,43.0929,46.7266,50.0857,48.5825
2014-06-01 00:00:00,2,51.6051,50.464,51.9875,52.3709,51.6051,50.8434,49.7083,49.7083,47.837,47.837,47.4659,46.7266,46.7266,46.3585,44.5338,44.172,43.4515,42.7353,43.4515,43.8112,42.7353,42.3788,42.7353,41.3157,43.4515,42.0233,42.7353,42.7353,42.0233,40.9634,
2014-05-01 00:00:00,2,67.6648,64.3299,61.0556,59.8435,57.8427,56.6539,55.8662,55.4739,53.9144,53.527,52.7552,52.3709,51.6051,50.0857,49.7083,48.9568,48.5825,47.837,47.837,47.0957,46.7266,46.7266,47.4659,47.0957,46.7266,46.7266,47.4659,47.0957,50.0857,54.3028,53.1406
2014-04-01 00:00:00,2,65.5734,79.3555,91.6958,101.24,105.643,101.24,90.76,79.3555,76.2611,74.9484,72.7786,70.6317,61.8684,64.3299,70.6317,73.6438,76.7005,81.5926,83.8518,81.5926,75.8226,74.0778,71.9171,72.7786,81.5926,93.1058,97.861,93.1058,82.4936,73.2108,
2014-03-01 00:00:00,2,60.6506,59.8435,60.2465,63.5056,66.8254,71.9171,74.9484,80.2477,92.6349,101.24,97.861,88.8988,78.9108,71.4877,66.8254,62.6851,59.8435,57.8427,55.8662,55.4739,55.4739,56.2596,59.4414,71.4877,77.5819,74.5126,69.7794,67.2446,63.5056,59.4414,59.0402
2014-02-01 00:00:00,2,73.6438,69.7794,67.2446,65.9898,64.3299,62.2763,61.0556,59.4414,59.0402,57.8427,55.8662,54.6922,53.9144,53.527,52.7552,52.7552,52.7552,55.4739,79.8012,89.3628,81.1434,73.2108,64.7435,61.0556,59.0402,57.8427,55.8662,59.4414,,,
2014-01-01 00:00:00,2,154.341,163.464,169.26,159.449,138.287,122.872,112.625,105.643,100.755,96.9032,93.1058,90.76,88.4356,87.0513,85.2178,82.9455,81.5926,80.6951,79.3555,89.3628,94.9978,100.27,109.114,109.114,113.13,117.197,100.27,94.0501,87.9733,80.6951,76.7005
2013-12-01 00:00:00,2,280.337,238.262,231.706,252.239,264.445,246.214,221.995,204.893,189.499,178.088,190.714,206.769,227.156,254.259,256.961,254.934,285.942,296.242,284.537,266.499,240.241,220.712,218.792,221.353,233.012,231.706,220.712,202.402,185.266,169.26,159.449
2013-11-01 00:00:00,2,51.6051,53.1406,56.6539,59.8435,58.2409,54.6922,53.1406,54.3028,60.6506,80.6951,92.6349,87.9733,76.7005,66.8254,63.9173,65.158,62.6851,59.4414,54.3028,52.7552,54.3028,53.1406,52.7552,57.0491,63.0949,113.636,208.651,288.67,322.955,320.815,
2013-10-01 00:00:00,2,49.332,53.1406,58.6401,70.6317,79.8012,80.2477,78.024,74.9484,73.6438,69.3546,64.7435,63.9173,63.0949,56.6539,56.6539,57.0491,58.2409,60.6506,65.5734,131.297,153.777,130.233,121.315,94.9978,70.6317,68.0858,63.0949,57.8427,53.9144,51.9875,50.464
2013-09-01 00:00:00,2,50.8434,49.7083,49.7083,50.0857,50.464,51.2237,51.9875,53.9144,54.3028,53.527,51.9875,50.8434,49.7083,48.9568,47.837,47.837,48.2093,48.5825,50.0857,54.3028,57.4454,63.5056,66.8254,61.8684,54.3028,50.8434,51.2237,51.9875,51.6051,49.7083,
2013-08-01 00:00:00,2,67.6648,67.2446,66.8254,65.5734,64.7435,63.5056,62.6851,62.2763,61.4615,61.4615,60.6506,60.2465,59.4414,58.6401,57.4454,57.4454,57.4454,57.4454,57.4454,56.6539,57.0491,60.2465,60.6506,58.6401,56.6539,55.4739,54.6922,53.527,52.7552,51.6051,51.6051
2013-07-01 00:00:00,2,85.2178,84.7616,83.8518,82.9455,82.4936,81.5926,80.6951,79.3555,79.3555,78.4669,78.024,78.024,77.1407,76.2611,75.8226,74.5126,73.6438,73.6438,72.7786,71.9171,71.0593,69.7794,69.3546,69.3546,68.9308,68.5078,69.3546,69.3546,69.3546,69.3546,68.9308
2013-06-01 00:00:00,2,209.28,195.605,168.095,154.905,154.341,148.178,139.374,128.115,120.798,115.666,110.614,107.622,104.168,101.726,99.7867,98.8222,96.9032,96.4256,94.5235,94.0501,94.0501,93.1058,90.76,89.3628,89.3628,88.4356,87.5119,87.0513,86.1328,85.6749,
2013-05-01 00:00:00,2,123.393,121.834,120.798,118.735,117.197,115.666,113.636,111.116,109.614,108.616,106.137,103.678,103.189,102.213,101.24,100.755,99.7867,98.8222,98.3412,97.861,96.4256,96.4256,95.4729,94.0501,94.0501,93.1058,93.5775,99.304,112.121,137.745,181.067
2013-04-01 00:00:00,2,208.023,206.769,193.154,193.766,212.434,223.281,229.102,233.666,238.262,233.666,221.353,206.769,203.646,222.638,256.961,261.715,245.548,224.57,196.835,177.495,164.617,154.905,149.291,145.959,139.919,137.203,135.045,133.434,132.364,127.06,
2013-03-01 00:00:00,2,168.677,179.873,194.378,244.882,292.103,296.242,278.246,258.316,239.581,213.067,199.921,187.68,189.499,208.023,224.57,213.7,194.378,187.68,176.902,165.195,160.593,161.165,169.844,177.495,181.664,198.684,227.156,246.214,263.761,258.316,234.976
2013-02-01 00:00:00,2,511.392,541.355,548.292,539.625,563.141,600.064,591.921,562.264,537.898,516.484,493.721,468.058,434.107,379.66,338.808,306.685,269.935,240.902,218.792,199.921,186.472,176.31,166.353,161.739,160.021,158.879,153.213,156.037,,,
2013-01-01 00:00:00,2,83.8518,83.8518,78.024,73.6438,69.3546,67.6648,65.9898,64.7435,74.5126,78.9108,89.3628,133.97,222.638,263.078,247.548,232.359,242.889,281.735,283.836,252.912,216.24,182.862,176.31,175.719,162.888,151.528,208.651,305.984,421.424,474.632,501.266
2012-12-01 00:00:00,2,142.105,120.281,105.151,101.24,118.222,142.105,128.115,107.622,91.6958,82.0427,80.2477,90.76,107.126,112.625,129.172,140.464,140.464,135.583,137.203,128.643,117.197,109.614,116.686,131.83,124.96,104.168,88.8988,80.2477,76.2611,76.7005,79.3555
2012-11-01 00:00:00,2,42.7353,42.7353,43.8112,45.9915,48.9568,53.1406,64.3299,68.0858,71.4877,73.6438,78.9108,100.27,127.587,129.702,131.83,161.739,178.683,170.428,158.309,144.854,124.437,104.659,95.4729,89.3628,83.8518,81.5926,91.6958,134.507,158.879,156.604,
2012-10-01 00:00:00,2,55.4739,51.9875,49.332,47.837,47.0957,45.9915,45.2605,44.172,43.8112,43.4515,42.3788,42.7353,47.0957,45.2605,43.4515,44.5338,47.0957,47.0957,44.5338,43.4515,43.0929,43.8112,43.8112,43.8112,45.9915,50.0857,52.7552,54.6922,54.6922,51.9875,45.9915
2012-09-01 00:00:00,2,55.4739,55.4739,55.4739,54.6922,53.527,52.7552,52.3709,51.6051,51.6051,51.6051,50.8434,50.464,49.7083,49.7083,48.9568,47.837,47.837,47.837,47.0957,46.7266,47.4659,47.837,47.837,48.2093,50.8434,51.6051,51.6051,60.2465,65.5734,62.6851,
2012-08-01 00:00:00,2,70.6317,69.7794,69.3546,68.9308,67.6648,67.2446,67.2446,66.8254,66.4071,65.5734,65.158,65.158,64.7435,63.5056,63.5056,63.5056,62.6851,62.2763,62.2763,61.4615,61.4615,60.6506,60.2465,59.4414,59.4414,58.6401,57.4454,57.4454,57.4454,56.6539,56.2596
2012-07-01 00:00:00,2,94.5235,93.1058,91.6958,89.8277,88.4356,87.5119,86.1328,85.2178,83.8518,83.8518,82.9455,81.5926,81.5926,80.6951,80.2477,79.3555,78.4669,78.024,78.024,78.9108,78.4669,78.024,77.1407,76.2611,75.8226,75.8226,74.9484,74.0778,72.7786,71.9171,71.0593
2012-06-01 00:00:00,2,108.616,105.151,101.726,101.726,115.157,129.702,141.01,157.74,186.472,191.933,175.128,154.905,138.287,126.008,116.176,110.614,106.631,103.678,101.726,99.304,98.3412,102.213,112.625,128.115,132.899,121.834,115.157,106.137,100.755,96.9032,
2012-05-01 00:00:00,2,137.745,136.123,131.83,128.643,123.393,119.765,116.176,113.636,112.121,110.614,109.614,108.616,107.126,107.126,107.622,111.116,114.649,115.666,113.636,110.113,106.631,103.678,102.213,101.24,100.755,101.726,104.659,114.142,126.008,125.484,116.686
2012-04-01 00:00:00,2,212.434,215.604,210.54,197.451,182.263,173.949,170.428,175.128,184.062,183.462,175.128,166.353,157.74,148.734,143.202,140.464,148.734,151.528,152.651,153.213,147.067,138.287,133.97,133.434,133.434,135.045,133.97,133.97,133.434,138.287,
2012-03-01 00:00:00,2,187.68,179.873,173.949,169.26,166.353,162.313,158.309,156.037,154.905,152.651,149.85,148.178,149.85,156.604,173.36,181.067,195.605,218.153,242.889,248.885,231.054,204.893,187.68,196.835,227.804,239.581,237.603,225.862,211.802,206.769,209.28
2012-02-01 00:00:00,2,325.1,301.795,280.337,274.772,260.353,221.995,216.877,218.153,216.24,202.402,187.076,291.415,313.72,333.733,346.84,342.451,318.681,287.301,261.034,242.226,228.453,219.431,213.067,210.54,220.712,225.862,218.792,209.28,198.067,,
2012-01-01 00:00:00,2,438.899,477.106,481.24,697.396,785.213,805.9,744.79,614.926,570.18,605.812,702.876,966.349,1173.85,1118.83,993.091,857.472,697.396,708.381,637.723,570.18,540.49,545.686,481.24,446.929,393.401,366.101,335.905,318.681,308.087,322.241,343.911
2011-12-01 00:00:00,2,82.4936,86.1328,107.622,149.85,184.664,211.802,215.604,199.921,205.518,218.792,243.553,263.761,271.314,277.549,294.17,327.969,527.579,535.312,511.392,506.32,487.882,459.888,434.904,403.438,357.905,325.816,320.815,338.082,375.12,388.801,392.633
2011-11-01 00:00:00,2,80.2477,75.8226,70.2051,65.9898,63.0949,59.8435,57.8427,55.8662,54.6922,53.527,53.527,53.9144,53.527,56.2596,61.8684,69.7794,85.6749,94.0501,88.8988,79.3555,70.6317,65.158,63.5056,61.8684,61.8684,75.8226,82.0427,79.3555,80.6951,82.0427,
2011-10-01 00:00:00,2,48.5825,47.837,47.837,48.2093,49.332,50.8434,51.9875,52.3709,51.6051,51.6051,51.6051,51.9875,57.4454,63.0949,75.385,82.4936,82.0427,86.5917,93.1058,91.6958,85.2178,81.1434,74.5126,71.4877,72.3474,78.9108,82.0427,80.6951,78.4669,78.9108,81.5926
2011-09-01 00:00:00,2,61.4615,61.4615,60.6506,59.4414,59.4414,59.4414,58.6401,57.4454,57.4454,56.6539,56.2596,55.4739,55.4739,54.6922,54.3028,53.527,53.527,58.6401,61.0556,59.8435,57.0491,54.6922,53.527,52.7552,52.3709,51.6051,51.6051,50.8434,49.7083,48.9568,
2011-08-01 00:00:00,2,80.6951,80.2477,79.3555,78.4669,78.024,78.024,77.1407,77.1407,76.2611,75.8226,74.9484,74.0778,72.7786,71.9171,71.4877,71.0593,69.7794,69.3546,68.9308,68.5078,67.6648,67.2446,66.8254,65.5734,65.158,65.158,64.7435,64.3299,63.5056,63.5056,62.6851
2011-07-01 00:00:00,2,108.616,107.622,106.137,105.151,104.659,103.678,102.7,101.726,100.27,98.8222,97.3817,96.4256,96.4256,94.9978,93.1058,91.6958,90.76,89.3628,89.3628,89.3628,88.4356,87.5119,86.1328,85.2178,84.7616,83.8518,83.8518,83.8518,82.9455,82.4936,81.5926
2011-06-01 00:00:00,2,141.557,139.919,138.83,137.203,135.045,133.434,132.364,130.765,131.83,133.97,136.663,138.83,139.919,136.663,131.83,128.643,126.008,123.393,122.872,121.834,121.834,119.765,117.197,115.666,114.649,113.636,112.625,111.618,110.614,109.614,
2011-05-01 00:00:00,2,239.581,231.706,220.712,215.604,213.7,207.396,201.16,197.451,194.378,190.714,187.68,182.263,178.683,175.719,173.949,173.949,171.598,168.677,166.933,164.617,162.888,160.593,158.879,157.74,156.037,153.777,150.968,148.178,145.959,144.302,142.653
2011-04-01 00:00:00,2,619.94,584.662,548.292,487.049,496.231,501.266,497.069,487.049,473.808,455.824,440.5,433.31,423.002,402.663,372.858,345.375,321.528,299.708,280.337,268.559,260.353,253.585,246.214,239.581,234.32,234.32,235.632,240.902,248.217,246.881,
2011-03-01 00:00:00,2,257.638,300.403,334.457,337.355,404.214,526.722,583.86,605.812,629.209,648.05,663.77,688.776,691.495,697.396,716.688,733.472,736.292,770.631,805.9,814.864,823.886,836.007,839.054,836.007,826.906,811.869,794.04,773.535,747.636,719.469,658.5
2011-02-01 00:00:00,2,250.225,244.882,244.882,238.262,228.453,214.969,203.023,193.154,186.472,181.067,179.277,177.495,172.772,173.36,179.873,185.266,187.68,190.106,195.605,185.266,176.31,166.353,159.449,163.464,174.538,193.154,204.893,225.862,,,
2011-01-01 00:00:00,2,394.939,433.31,487.049,502.949,525.011,547.423,570.18,554.388,570.18,583.86,591.921,603.344,611.6,624.983,637.723,642.011,646.321,647.185,645.457,636.867,623.299,603.344,550.031,498.746,462.334,478.758,373.611,337.355,301.795,278.942,263.078
2010-12-01 00:00:00,2,154.905,214.334,265.813,290.042,292.103,324.385,340.992,354.202,344.643,316.551,287.986,256.961,233.666,208.023,201.16,216.24,303.189,283.836,264.445,245.548,216.24,193.154,182.862,176.31,208.651,258.995,278.246,291.415,349.778,363.112,367.598
2010-11-01 00:00:00,2,79.8012,86.5917,109.114,133.97,141.01,127.06,119.765,137.745,151.528,137.203,118.222,106.137,110.113,131.83,129.702,134.507,182.862,245.548,344.643,252.239,216.877,213.067,198.067,219.431,241.564,226.508,211.17,196.835,182.263,180.469,
2010-10-01 00:00:00,2,65.158,79.3555,82.4936,82.0427,93.5775,102.213,112.121,135.583,138.287,127.06,118.735,105.151,88.4356,76.7005,71.4877,68.5078,65.9898,70.2051,78.4669,79.8012,77.1407,74.5126,69.3546,62.6851,58.6401,61.8684,61.8684,63.5056,69.3546,77.5819,74.5126
2010-09-01 00:00:00,2,42.7353,42.3788,41.669,41.3157,40.6123,40.6123,40.6123,40.6123,39.9132,39.5653,39.5653,40.2622,40.6123,40.6123,40.6123,39.9132,38.8727,38.8727,38.1845,37.8421,37.1605,37.5007,38.5281,38.8727,38.8727,38.8727,40.2622,45.6255,50.0857,55.4739,
2010-08-01 00:00:00,2,53.9144,53.1406,53.1406,52.7552,52.7552,52.3709,51.6051,51.6051,51.2237,50.8434,50.464,49.7083,48.9568,48.9568,48.9568,48.2093,48.2093,47.4659,47.0957,47.0957,46.3585,45.9915,45.9915,45.6255,45.2605,45.2605,44.5338,44.172,43.4515,43.4515,43.4515
2010-07-01 00:00:00,2,64.7435,64.7435,64.3299,63.9173,63.5056,63.0949,62.6851,62.2763,61.8684,61.4615,61.0556,61.0556,60.6506,60.6506,60.6506,60.6506,60.6506,61.4615,61.8684,59.4414,59.0402,58.2409,58.2409,57.4454,57.0491,56.6539,55.8662,55.8662,55.4739,54.6922,54.3028
2010-06-01 00:00:00,2,82.9455,82.4936,81.5926,80.6951,79.8012,78.9108,78.4669,79.3555,78.9108,78.024,76.7005,76.2611,75.385,74.9484,73.6438,72.7786,72.3474,71.9171,71.4877,71.0593,70.6317,69.7794,68.9308,68.0858,68.0858,67.6648,66.8254,66.4071,65.9898,64.7435,
2010-05-01 00:00:00,2,101.24,101.726,102.7,101.24,99.304,97.3817,95.9488,94.9978,94.0501,94.0501,94.9978,93.5775,93.5775,92.6349,92.1649,91.6958,90.2934,89.3628,91.6958,91.6958,95.4729,103.189,106.631,101.24,94.9978,91.2275,89.3628,90.76,91.2275,89.8277,85.6749
2010-04-01 00:00:00,2,164.04,169.844,170.428,169.844,185.868,210.54,210.54,201.78,203.646,201.16,186.472,169.844,156.037,140.464,133.434,129.172,126.008,123.393,121.315,118.735,116.686,115.157,113.636,112.121,110.614,108.616,106.137,104.659,102.7,101.726,
2010-03-01 00:00:00,2,153.213,198.067,270.624,348.308,404.991,450.964,463.966,462.334,466.42,454.202,425.372,398.022,359.39,313.72,281.036,282.434,278.246,267.185,254.934,239.581,227.156,218.153,215.604,222.638,233.666,228.453,210.54,191.323,173.949,161.739,158.309
2010-02-01 00:00:00,2,200.54,175.128,154.341,141.01,131.297,126.534,136.663,148.734,143.202,131.83,124.437,118.222,115.157,113.636,108.616,102.7,99.7867,100.755,100.27,101.24,104.168,106.631,104.659,100.27,98.3412,101.24,111.618,124.437,,,
2010-01-01 00:00:00,2,284.537,271.314,249.555,234.32,208.023,185.868,172.772,172.185,175.719,188.286,193.766,183.462,161.165,145.406,138.287,145.406,151.528,148.734,145.406,141.557,135.045,129.172,128.115,129.702,149.291,189.499,247.548,278.942,277.549,257.638,227.804
2009-12-01 00:00:00,2,100.27,115.157,112.625,114.142,138.287,182.263,254.934,258.316,256.961,261.715,274.079,265.813,241.564,213.7,216.24,228.453,238.262,220.712,190.106,175.128,161.739,160.021,157.171,163.464,166.933,181.067,187.68,203.023,228.453,253.585,276.854
2009-11-01 00:00:00,2,136.123,123.393,112.121,107.126,117.709,131.297,138.287,133.434,106.137,108.616,114.649,131.83,154.341,197.451,179.873,152.089,124.437,108.616,101.24,99.7867,99.7867,94.5235,87.5119,82.4936,75.8226,73.6438,72.3474,71.9171,75.385,81.5926,
2009-10-01 00:00:00,2,74.9484,73.6438,73.6438,73.2108,73.6438,74.0778,78.4669,80.2477,82.9455,88.4356,95.9488,111.116,109.114,92.1649,84.7616,82.4936,82.4936,117.709,128.115,118.735,120.798,151.528,164.04,144.302,129.702,118.735,108.119,119.25,147.067,158.879,154.341
2009-09-01 00:00:00,2,85.2178,82.9455,81.5926,80.6951,82.0427,87.0513,90.2934,92.1649,88.4356,86.5917,86.1328,87.0513,85.6749,81.5926,78.4669,75.8226,74.9484,74.5126,73.6438,73.2108,71.4877,69.7794,73.6438,77.5819,85.2178,92.1649,95.4729,91.2275,82.9455,78.024,
2009-08-01 00:00:00,2,94.0501,92.1649,90.76,89.8277,89.3628,88.8988,88.4356,87.9733,87.0513,85.6749,84.7616,83.8518,82.9455,82.4936,81.5926,81.5926,80.6951,79.8012,79.8012,78.9108,78.9108,78.9108,78.9108,82.9455,89.3628,98.3412,114.649,111.116,107.622,101.726,88.4356
2009-07-01 00:00:00,2,126.008,124.437,127.06,124.96,120.798,117.197,115.666,114.649,113.13,112.625,111.618,110.614,110.614,109.614,109.614,108.616,107.622,106.631,104.659,103.189,102.213,101.726,101.24,100.755,99.7867,99.304,98.3412,97.3817,96.4256,95.9488,94.5235
2009-06-01 00:00:00,2,157.74,157.74,160.593,161.739,157.74,152.651,150.968,149.85,148.178,146.512,144.854,144.854,144.854,144.854,143.202,142.105,139.374,137.745,134.507,131.83,130.765,129.702,128.643,127.587,127.06,126.008,126.008,125.484,125.484,125.484,
2009-05-01 00:00:00,2,232.359,231.706,231.706,233.666,238.262,241.564,246.214,246.214,239.581,223.926,213.067,208.023,208.023,206.143,199.921,195.605,192.543,189.499,186.472,184.062,181.067,178.088,176.31,173.949,171.013,169.26,166.353,164.617,163.464,161.165,159.449
2009-04-01 00:00:00,2,445.318,463.966,476.281,477.106,469.698,457.448,433.31,442.907,438.899,436.5,429.334,418.275,410.441,409.661,408.881,413.568,418.275,415.135,400.34,371.352,343.181,313.014,292.791,278.246,267.871,260.353,254.934,248.885,242.226,237.603,
2009-03-01 00:00:00,2,637.723,626.671,607.462,573.5,537.036,498.746,456.636,421.424,397.251,366.849,350.514,342.451,342.451,349.778,376.631,388.801,388.036,410.441,429.334,430.923,430.923,427.748,407.323,396.48,397.251,401.888,407.323,407.323,405.767,412.004,426.164
2009-02-01 00:00:00,2,633.455,661.131,678.871,692.403,708.381,716.688,711.144,688.776,679.767,666.417,650.651,635.16,619.102,619.94,619.94,624.983,629.209,636.013,646.321,659.376,669.958,678.871,687.871,686.967,683.36,675.296,668.186,651.52,,,
2009-01-01 00:00:00,2,545.686,546.554,549.161,573.5,568.417,555.261,538.762,513.936,476.281,419.061,360.877,313.014,269.935,243.553,227.804,224.57,248.885,296.934,344.643,397.251,452.582,474.632,498.746,512.24,522.447,531.87,541.355,561.387,577.469,593.543,614.094
2008-12-01 00:00:00,2,139.374,106.137,87.5119,79.3555,74.5126,73.6438,71.0593,65.9898,63.5056,67.2446,66.4071,64.3299,63.5056,67.2446,157.74,269.935,355.682,461.518,510.546,520.741,519.036,496.231,428.541,437.299,413.568,430.128,486.218,535.312,546.554,544.819,543.952
2008-11-01 00:00:00,2,55.4739,57.0491,57.4454,58.2409,58.6401,59.0402,58.6401,57.4454,57.8427,61.0556,65.9898,68.9308,94.5235,99.7867,104.168,109.114,106.137,102.7,92.6349,92.1649,99.304,89.3628,85.2178,79.3555,71.4877,70.2051,73.6438,85.2178,94.9978,125.484,
2008-10-01 00:00:00,2,96.9032,87.5119,81.1434,78.024,77.5819,76.7005,105.151,104.659,99.304,97.861,105.643,110.113,97.3817,86.1328,78.024,73.2108,70.6317,68.5078,65.9898,66.4071,70.6317,69.7794,69.7794,68.5078,65.5734,65.158,63.5056,61.4615,59.4414,57.8427,56.6539
2008-09-01 00:00:00,2,70.6317,74.9484,79.8012,78.4669,74.0778,71.4877,69.7794,68.0858,66.8254,66.4071,66.4071,65.5734,64.7435,63.5056,62.2763,62.2763,63.0949,64.7435,70.2051,78.4669,79.8012,83.3982,93.1058,109.114,110.614,115.666,120.281,114.649,115.157,109.614,
2008-08-01 00:00:00,2,89.3628,89.3628,89.8277,89.3628,88.8988,88.4356,87.9733,87.0513,85.2178,86.5917,88.4356,88.8988,87.5119,87.0513,85.2178,84.7616,82.4936,80.2477,78.9108,77.5819,77.5819,76.7005,75.385,74.5126,74.0778,74.0778,73.2108,72.3474,71.0593,69.7794,69.7794
2008-07-01 00:00:00,2,122.353,120.798,119.25,117.709,116.686,115.666,114.142,113.13,112.121,111.116,109.614,109.114,108.119,107.622,106.631,105.643,104.659,103.189,102.213,101.24,100.755,99.7867,99.304,98.3412,97.3817,96.4256,95.9488,94.5235,87.5119,89.3628,88.8988
2008-06-01 00:00:00,2,165.195,161.739,161.165,160.021,159.449,156.604,154.341,152.089,149.85,147.067,144.854,143.202,141.557,141.01,141.01,140.464,136.663,133.434,132.364,131.83,131.297,129.172,128.643,126.534,128.115,129.702,130.233,128.643,126.008,123.915,
2008-05-01 00:00:00,2,267.185,259.674,254.259,251.567,247.548,242.889,236.945,230.403,224.57,219.431,215.604,212.434,209.91,204.893,202.402,199.302,195.605,193.154,190.714,188.286,186.472,182.862,180.469,177.495,175.128,172.185,169.26,167.514,165.773,163.464,165.195
2008-04-01 00:00:00,2,408.881,375.12,351.988,340.263,353.464,377.388,383.459,408.102,438.899,446.929,477.932,483.727,482.068,472.163,469.698,471.341,471.341,459.074,437.299,416.704,382.698,369.849,381.938,386.508,381.178,367.598,338.808,314.427,292.791,277.549,
2008-03-01 00:00:00,2,460.703,434.107,444.514,466.42,467.239,450.156,430.923,407.323,398.022,378.144,371.352,360.133,366.849,382.698,412.786,461.518,502.949,520.741,529.294,537.898,548.292,554.388,543.952,536.173,526.722,515.634,504.633,492.05,477.106,461.518,438.899
2008-02-01 00:00:00,2,610.771,655.876,725.051,966.349,1181.31,1257.4,1292.56,1300.45,1288.62,1245.8,1222.81,1192.54,1147.98,1090.12,1027.13,953.139,879.26,832.967,764.844,708.381,679.767,655.876,627.516,600.882,579.859,558.758,536.173,516.484,484.556,,
2008-01-01 00:00:00,2,174.538,152.651,142.105,124.437,116.686,109.614,108.119,116.176,124.437,135.583,137.203,142.653,168.095,183.462,216.877,251.567,223.281,190.106,178.088,193.154,213.7,227.156,304.585,379.66,434.904,482.897,515.634,531.011,536.173,557.009,582.257
2007-12-01 00:00:00,2,80.2477,76.2611,79.8012,73.6438,68.0858,63.0949,60.2465,67.6648,68.5078,68.0858,80.2477,100.27,100.755,106.631,128.115,157.74,168.095,154.341,162.888,210.54,263.078,326.533,394.17,401.114,437.299,438.899,410.441,366.849,309.492,250.225,206.143
2007-11-01 00:00:00,2,48.2093,45.6255,46.3585,49.7083,62.6851,82.9455,100.755,128.115,165.195,167.514,138.287,112.121,95.4729,93.5775,110.614,126.008,118.735,100.27,87.9733,78.9108,73.2108,70.6317,71.9171,74.0778,69.7794,64.7435,71.0593,80.2477,90.2934,89.3628,
2007-10-01 00:00:00,2,40.2622,40.2622,40.9634,41.669,43.4515,44.5338,44.172,41.669,40.2622,39.5653,37.8421,37.5007,36.8213,36.4833,35.8106,35.8106,35.1424,34.8099,35.4759,37.1605,41.669,48.5825,48.9568,45.6255,44.8966,47.0957,50.464,57.4454,61.8684,57.4454,50.8434
2007-09-01 00:00:00,2,53.527,52.7552,52.3709,51.6051,51.6051,51.6051,50.8434,50.464,49.7083,49.7083,49.7083,48.9568,48.5825,47.837,47.4659,47.4659,47.0957,46.7266,45.9915,45.6255,45.6255,44.172,43.8112,43.0929,43.0929,41.669,40.2622,40.2622,40.2622,40.2622,
2007-08-01 00:00:00,2,82.9455,77.5819,75.385,74.0778,72.7786,72.3474,69.3546,68.0858,68.0858,67.2446,66.8254,65.9898,65.158,64.7435,63.9173,63.9173,63.0949,61.8684,61.4615,61.0556,60.6506,59.8435,59.4414,58.6401,58.6401,57.8427,56.6539,55.8662,54.6922,54.3028,53.9144
2007-07-01 00:00:00,2,87.0513,86.5917,85.6749,85.2178,84.3062,83.8518,83.3982,82.9455,82.0427,81.5926,80.6951,80.2477,79.3555,78.9108,78.4669,77.5819,77.1407,76.2611,76.2611,75.8226,74.9484,74.5126,74.0778,73.2108,73.2108,72.3474,72.7786,74.9484,77.1407,80.2477,83.8518
2007-06-01 00:00:00,2,115.157,113.636,111.618,110.113,109.114,107.622,105.643,104.659,103.678,103.189,102.213,100.755,100.27,99.304,98.3412,97.3817,96.9032,95.9488,95.4729,94.0501,92.6349,92.1649,91.2275,91.2275,90.76,90.2934,89.3628,88.8988,87.9733,87.5119,
2007-05-01 00:00:00,2,160.593,156.604,150.408,145.406,139.919,138.83,137.203,135.583,133.434,131.83,130.765,128.643,127.06,125.484,121.315,123.393,121.834,120.281,119.765,118.222,116.686,115.666,114.649,115.157,117.709,120.281,127.06,121.834,118.222,120.281,120.798
2007-04-01 00:00:00,2,184.664,181.664,178.683,175.719,171.013,167.514,166.933,184.062,194.991,199.302,206.769,205.518,194.378,180.469,172.185,168.095,164.617,164.04,164.04,173.36,171.598,164.617,167.514,174.538,179.277,174.538,166.353,159.449,157.74,161.739,
2007-03-01 00:00:00,2,403.438,378.902,357.905,336.63,321.528,303.887,291.415,281.735,273.387,265.129,258.316,252.912,246.214,239.581,234.32,229.752,229.752,234.976,254.259,275.465,276.159,267.185,253.585,248.885,244.217,233.012,218.792,205.518,197.451,193.154,189.499
2007-02-01 00:00:00,2,782.284,802.925,811.869,820.872,848.233,895.021,949.853,940.036,910.948,869.883,832.967,805.9,782.284,764.844,744.79,722.257,722.257,716.688,692.403,672.623,656.75,636.013,609.943,579.062,545.686,511.392,474.632,436.5,,,
2007-01-01 00:00:00,2,553.516,558.758,564.019,595.168,614.926,620.778,628.362,640.293,650.651,655.876,658.5,677.976,686.967,694.665,722.257,773.535,791.091,799.957,802.925,796.995,785.213,779.361,770.631,756.211,744.79,733.472,741.951,730.659,761.959,776.445,776.445
2006-12-01 00:00:00,2,254.934,256.961,255.609,234.976,210.54,204.269,254.934,349.043,390.332,453.391,471.341,475.456,546.554,635.16,708.381,739.119,708.381,668.186,634.307,618.265,610.771,602.522,592.732,577.469,557.883,536.173,555.261,536.173,508.009,554.388,558.758
2006-11-01 00:00:00,2,75.8226,78.024,84.3062,99.7867,142.105,156.604,181.664,172.185,148.178,126.008,114.142,107.126,115.157,117.709,114.142,110.113,111.116,110.614,131.297,116.686,86.5917,100.27,114.142,110.113,98.3412,91.6958,89.3628,115.666,164.617,243.553,
2006-10-01 00:00:00,2,54.3028,52.7552,52.3709,53.9144,53.527,57.0491,65.158,98.8222,158.879,168.677,138.83,110.614,97.3817,97.861,111.116,115.666,123.915,131.83,137.203,154.341,191.323,216.877,201.16,168.095,137.745,116.176,101.726,93.1058,85.6749,79.3555,78.024
2006-09-01 00:00:00,2,55.8662,58.6401,58.6401,60.6506,63.5056,65.158,62.2763,58.2409,55.0825,53.527,52.7552,51.6051,51.6051,50.8434,49.7083,48.9568,47.837,47.0957,45.9915,50.0857,58.2409,68.0858,73.6438,78.9108,80.2477,78.024,74.5126,67.2446,62.2763,58.2409,
2006-08-01 00:00:00,2,61.4615,61.8684,63.9173,65.9898,66.4071,64.7435,62.6851,60.6506,59.4414,58.6401,57.4454,57.4454,56.6539,55.4739,55.4739,54.6922,54.3028,53.527,53.527,52.7552,52.3709,52.3709,52.3709,51.6051,51.6051,51.6051,51.6051,51.6051,51.6051,51.9875,53.9144
2006-07-01 00:00:00,2,84.7616,83.8518,83.8518,82.9455,81.5926,80.6951,79.3555,78.4669,77.1407,77.1407,76.2611,75.8226,74.9484,74.0778,72.7786,72.7786,71.9171,70.2051,69.3546,68.9308,67.6648,67.2446,66.8254,66.4071,65.5734,64.7435,63.5056,62.6851,62.2763,62.2763,61.4615
2006-06-01 00:00:00,2,105.151,103.678,102.213,101.24,99.7867,99.7867,97.861,96.4256,96.4256,95.4729,94.0501,93.1058,92.6349,91.6958,90.76,89.3628,89.3628,88.4356,87.9733,87.5119,87.0513,86.1328,85.6749,85.2178,83.8518,83.8518,82.9455,82.4936,83.3982,84.3062,
2006-05-01 00:00:00,2,146.512,146.512,147.622,144.854,139.919,135.583,131.83,128.643,127.06,131.83,135.045,142.653,147.067,142.653,133.434,127.587,123.915,121.315,119.765,117.197,115.666,113.636,113.13,112.121,113.636,118.222,119.25,115.666,112.625,109.114,107.126
2006-04-01 00:00:00,2,338.808,335.905,318.681,294.86,276.854,261.715,250.896,242.889,248.885,252.239,237.603,219.431,208.023,201.16,197.451,191.323,197.451,195.605,197.451,197.451,191.323,184.062,175.128,166.933,162.313,157.171,152.651,149.85,145.959,145.959,
2006-03-01 00:00:00,2,248.217,244.882,232.359,228.453,225.862,246.881,266.499,331.567,385.745,408.881,424.582,407.323,416.704,400.34,432.514,455.824,454.202,501.266,513.936,501.266,497.907,500.426,487.049,458.261,426.164,398.022,380.419,370.6,360.877,347.574,340.263
2006-02-01 00:00:00,2,225.216,234.32,220.712,208.023,196.835,177.495,158.879,144.302,136.123,135.583,147.622,187.076,233.012,285.942,296.934,278.246,248.885,227.156,209.91,185.868,164.617,158.879,181.067,210.54,228.453,240.902,253.585,249.555,,,
2006-01-01 00:00:00,2,223.926,214.334,217.515,233.012,265.129,305.984,361.622,386.508,395.709,390.332,373.611,338.082,292.791,252.912,221.995,201.16,187.076,176.31,167.514,160.021,154.341,149.85,144.854,140.464,135.583,132.364,133.97,136.663,152.089,163.464,188.892
2005-12-01 00:00:00,2,173.949,264.445,335.181,347.574,309.492,263.078,309.492,325.816,355.682,394.17,397.251,412.786,446.929,484.556,499.586,505.476,507.164,513.088,513.936,509.7,502.107,492.05,477.106,454.202,430.923,393.401,349.778,340.992,285.239,249.555,232.359
2005-11-01 00:00:00,2,74.9484,84.7616,94.0501,92.6349,93.1058,94.5235,96.4256,84.7616,76.2611,81.5926,87.9733,81.5926,88.4356,99.7867,96.4256,89.8277,82.9455,77.5819,80.6951,114.649,148.178,149.85,155.471,135.045,123.393,143.752,181.067,221.995,234.32,216.877,
2005-10-01 00:00:00,2,58.6401,58.6401,57.0491,55.8662,54.6922,53.9144,53.527,53.1406,55.0825,57.0491,53.527,52.7552,50.0857,48.2093,47.0957,46.3585,45.6255,44.8966,44.5338,50.464,59.8435,70.2051,74.5126,63.9173,55.8662,61.8684,59.8435,60.2465,60.2465,59.8435,68.0858
2005-09-01 00:00:00,2,55.8662,54.6922,53.9144,52.7552,52.3709,53.9144,56.6539,60.6506,60.2465,59.8435,59.0402,57.8427,55.4739,53.1406,51.6051,51.6051,53.9144,57.4454,59.4414,60.6506,65.5734,68.9308,64.3299,58.2409,57.4454,57.4454,57.4454,57.4454,58.6401,59.4414,
2005-08-01 00:00:00,2,76.2611,75.385,74.0778,72.7786,71.9171,71.4877,70.6317,70.6317,69.7794,69.3546,68.5078,68.0858,68.0858,67.2446,66.4071,65.158,63.5056,62.6851,61.8684,61.8684,61.8684,61.8684,61.0556,59.8435,59.0402,57.8427,56.6539,56.6539,55.8662,55.4739,56.2596
2005-07-01 00:00:00,2,97.3817,97.3817,96.4256,94.9978,94.0501,92.6349,91.6958,90.2934,88.8988,88.8988,87.9733,86.5917,86.5917,86.5917,86.5917,85.6749,84.3062,84.3062,83.3982,82.0427,81.5926,82.4936,82.9455,82.9455,81.1434,79.8012,78.4669,77.5819,77.1407,77.1407,76.2611
2005-06-01 00:00:00,2,145.959,137.745,132.899,128.643,124.96,121.834,119.25,117.709,115.157,113.636,112.625,111.116,110.113,108.616,107.622,106.137,105.151,103.678,103.189,105.151,106.631,112.121,116.176,116.176,112.121,108.119,104.168,101.726,98.8222,98.3412,
2005-05-01 00:00:00,2,177.495,185.868,185.266,171.598,158.309,148.734,142.653,139.374,136.663,134.507,132.899,130.765,129.172,127.06,126.534,124.437,122.872,121.315,120.281,117.709,116.176,115.157,115.666,118.735,141.557,172.185,216.877,249.555,231.054,191.323,161.739
2005-04-01 00:00:00,2,257.638,238.262,224.57,214.334,207.396,202.402,194.991,189.499,184.062,180.469,176.902,172.772,169.26,165.773,162.888,160.021,157.171,155.471,153.213,152.651,152.651,150.968,150.408,154.341,155.471,155.471,153.213,153.777,170.428,174.538,
2005-03-01 00:00:00,2,273.387,335.905,378.902,388.036,381.938,360.877,339.536,307.385,281.036,277.549,284.537,300.403,310.195,312.308,312.308,290.728,285.239,292.103,337.355,342.451,331.567,318.681,335.181,351.988,373.611,375.875,377.388,370.6,347.574,313.72,283.836
2005-02-01 00:00:00,2,638.579,613.262,605.812,600.064,598.429,590.302,583.058,575.879,564.019,550.031,523.301,484.556,437.299,389.566,351.251,320.815,296.934,285.942,282.434,273.387,261.034,248.217,235.632,222.638,213.067,211.802,218.792,239.581,,,
2005-01-01 00:00:00,2,578.265,583.058,583.86,601.702,616.594,602.522,588.687,573.5,560.51,550.901,545.686,543.086,533.59,523.301,508.854,489.547,463.966,441.302,418.275,404.991,401.888,403.438,401.114,394.939,383.459,379.66,388.801,465.602,523.301,566.657,642.011
2004-12-01 00:00:00,2,85.6749,118.222,123.393,108.119,93.1058,92.6349,112.625,128.115,154.341,170.428,182.263,218.153,223.281,201.16,172.185,147.067,127.06,110.113,106.631,125.484,206.143,329.406,404.214,487.882,521.594,529.294,535.312,541.355,559.634,564.898,571.062
2004-11-01 00:00:00,2,60.2465,56.2596,53.1406,53.1406,54.3028,54.6922,53.1406,53.9144,63.9173,78.9108,82.9455,75.385,63.5056,55.4739,52.7552,50.8434,52.7552,60.6506,82.4936,102.7,108.119,103.678,93.1058,80.2477,71.9171,66.4071,61.0556,57.4454,63.0949,65.158,
2004-10-01 00:00:00,2,45.9915,45.6255,45.6255,46.3585,48.5825,58.6401,73.2108,69.7794,59.0402,54.3028,51.9875,51.6051,53.1406,57.4454,64.3299,65.9898,71.0593,89.3628,108.119,96.4256,76.2611,65.158,60.6506,57.4454,56.6539,58.2409,60.2465,72.3474,72.7786,70.6317,66.4071
2004-09-01 00:00:00,2,60.6506,59.8435,59.8435,59.0402,58.6401,57.8427,56.6539,56.6539,55.8662,55.4739,54.6922,53.9144,52.7552,52.3709,52.3709,52.3709,51.6051,51.6051,51.6051,51.6051,54.6922,57.0491,58.2409,57.0491,54.3028,51.9875,50.0857,48.5825,47.837,46.7266,
2004-08-01 00:00:00,2,84.3062,83.3982,82.9455,82.0427,80.6951,79.8012,78.4669,77.5819,76.2611,76.2611,75.385,74.9484,74.0778,72.7786,71.9171,71.4877,70.6317,70.6317,69.7794,69.3546,69.3546,68.5078,68.0858,67.2446,66.4071,65.9898,65.158,63.5056,62.6851,61.8684,61.0556
2004-07-01 00:00:00,2,102.213,101.24,100.755,99.7867,98.8222,97.3817,95.4729,94.0501,93.5775,101.726,101.726,103.678,110.113,111.116,106.137,100.755,96.9032,94.0501,94.5235,94.9978,99.304,105.643,109.114,105.151,98.8222,94.5235,91.6958,89.3628,87.9733,86.5917,85.6749
2004-06-01 00:00:00,2,146.512,144.854,143.752,148.734,153.213,150.968,144.302,137.745,134.507,131.297,128.115,126.008,123.915,122.872,121.315,120.281,118.735,118.735,118.735,116.686,114.142,112.625,111.116,110.113,108.616,107.622,106.137,105.151,103.678,103.189,
2004-05-01 00:00:00,2,196.219,190.106,190.714,184.062,178.088,175.128,173.36,171.598,170.428,168.095,164.617,162.313,161.165,158.879,157.171,155.471,155.471,156.604,156.604,153.777,150.968,148.178,145.959,144.302,143.752,142.653,139.919,137.745,135.583,136.123,142.105
2004-04-01 00:00:00,2,380.419,369.098,352.725,336.63,324.385,333.733,370.6,374.365,388.036,372.104,363.859,359.39,351.988,346.84,336.63,320.103,314.427,316.551,310.195,299.708,281.735,270.624,265.813,248.885,231.706,218.153,211.802,209.28,209.28,204.269,
2004-03-01 00:00:00,2,605.812,613.262,653.26,682.461,697.396,770.631,794.04,767.734,733.472,716.688,700.133,697.396,683.36,687.871,675.296,653.26,631.754,613.262,599.246,587.075,568.417,552.644,537.036,506.32,478.758,451.772,422.212,398.794,398.794,394.939,388.801
2004-02-01 00:00:00,2,405.767,384.982,354.942,320.815,292.103,261.034,248.217,269.246,310.899,435.702,430.128,394.17,366.849,347.574,337.355,371.352,419.848,452.582,522.447,513.088,504.633,515.634,529.294,552.644,587.075,588.687,590.302,591.921,598.429,,
2004-01-01 00:00:00,2,126.008,135.045,164.04,210.54,252.239,256.961,241.564,226.508,229.752,280.337,325.816,347.574,361.622,381.178,367.598,356.422,346.84,323.669,293.48,260.353,232.359,228.453,201.78,192.543,215.604,226.508,236.945,286.618,354.202,393.401,408.102
2003-12-01 00:00:00,2,120.281,139.374,154.341,172.185,168.677,175.128,196.835,208.651,216.24,229.102,234.976,220.071,198.067,176.902,155.471,137.203,115.157,100.27,91.6958,87.9733,85.6749,80.2477,77.5819,82.4936,94.0501,109.614,107.622,93.1058,84.3062,99.304,116.176
2003-11-01 00:00:00,2,42.0233,38.5281,38.8727,43.8112,49.332,53.527,54.6922,52.3709,53.1406,59.8435,60.2465,55.8662,50.8434,45.9915,42.3788,41.669,45.9915,53.527,60.2465,67.6648,74.5126,75.385,74.9484,73.2108,66.8254,59.4414,55.8662,53.9144,59.8435,91.2275,
2003-10-01 00:00:00,2,45.9915,52.7552,51.6051,46.7266,43.4515,41.3157,40.2622,39.2184,38.1845,38.1845,39.5653,44.8966,50.0857,51.6051,52.3709,49.332,45.6255,42.3788,40.2622,38.5281,37.5007,37.1605,39.2184,39.2184,38.1845,39.5653,42.0233,43.4515,42.3788,40.2622,46.3585
2003-09-01 00:00:00,2,58.2409,62.2763,64.3299,63.5056,59.0402,53.9144,50.8434,48.2093,46.7266,45.9915,44.8966,44.5338,47.4659,47.837,48.9568,57.0491,56.6539,54.6922,51.6051,49.7083,48.5825,47.0957,45.9915,44.8966,43.8112,42.3788,40.9634,40.9634,40.9634,40.9634,
2003-08-01 00:00:00,2,57.4454,56.6539,55.8662,55.4739,54.6922,54.6922,54.6922,53.9144,52.7552,52.3709,52.3709,51.6051,51.6051,51.6051,50.8434,51.2237,50.8434,51.2237,51.6051,51.6051,50.8434,49.7083,48.5825,47.837,47.4659,47.4659,46.7266,47.837,49.332,50.8434,53.1406
2003-07-01 00:00:00,2,67.2446,66.4071,65.9898,65.9898,65.158,65.158,65.158,64.3299,63.9173,63.9173,63.0949,65.158,66.8254,67.2446,67.2446,67.2446,67.2446,66.4071,65.158,64.3299,63.0949,61.8684,61.0556,60.6506,59.8435,59.8435,59.0402,58.6401,58.6401,57.8427,57.4454
2003-06-01 00:00:00,2,88.8988,87.9733,87.5119,86.5917,86.5917,84.7616,83.3982,82.9455,82.9455,82.0427,80.2477,79.3555,78.4669,78.4669,77.5819,76.2611,76.2611,75.385,74.9484,74.0778,73.6438,72.7786,72.7786,71.9171,71.4877,70.6317,70.6317,68.9308,68.0858,67.2446,
2003-05-01 00:00:00,2,111.116,110.113,108.616,109.114,113.636,120.798,125.484,136.663,141.01,135.045,123.915,116.176,111.618,108.119,105.151,103.678,102.213,101.24,99.7867,98.8222,97.3817,96.4256,94.9978,94.0501,93.5775,92.6349,92.1649,91.6958,91.2275,90.2934,88.8988
2003-04-01 00:00:00,2,171.013,164.617,159.449,154.905,153.213,158.879,160.593,160.593,159.449,163.464,160.593,164.617,180.469,179.277,164.617,154.905,148.178,143.752,140.464,137.203,134.507,131.83,129.702,127.06,124.437,120.798,118.735,116.686,115.157,112.625,
2003-03-01 00:00:00,2,205.518,191.933,182.263,176.902,175.719,172.772,168.677,178.683,177.495,173.36,179.277,196.835,224.57,265.813,307.385,340.992,368.348,339.536,315.134,296.934,282.434,262.396,264.445,264.445,250.896,234.976,213.067,198.684,188.286,183.462,178.683
2003-02-01 00:00:00,2,686.967,779.361,759.082,624.141,517.334,443.71,392.633,378.144,339.536,300.403,270.624,250.225,232.359,186.472,176.902,168.677,196.835,468.878,438.099,368.348,356.422,356.422,343.181,323.669,302.491,274.079,246.881,223.926,,,
2003-01-01 00:00:00,2,208.651,224.57,248.217,241.564,185.868,626.671,679.767,561.387,419.848,276.854,218.792,190.714,180.469,169.26,182.862,196.219,210.54,237.603,425.372,618.265,770.631,901.372,949.853,917.365,876.127,805.9,658.5,537.036,490.381,508.854,554.388
2002-12-01 00:00:00,2,84.7616,72.3474,63.5056,59.4414,56.2596,55.4739,54.6922,59.0402,62.2763,67.6648,102.7,175.128,251.567,315.134,352.725,371.352,390.332,396.48,388.036,367.598,327.969,305.284,296.934,291.415,281.735,263.078,249.555,241.564,231.706,220.712,195.605
2002-11-01 00:00:00,2,52.7552,56.6539,59.8435,65.5734,80.6951,86.1328,93.5775,100.755,103.189,94.9978,83.3982,72.7786,67.2446,71.9171,81.5926,88.4356,90.76,81.5926,69.7794,66.4071,66.8254,78.024,90.76,101.726,117.197,122.353,118.735,123.393,120.281,102.7,
2002-10-01 00:00:00,2,45.2605,43.0929,42.0233,40.2622,39.2184,38.1845,37.5007,37.1605,37.1605,36.4833,34.8099,34.4786,33.8194,32.8391,31.2283,30.9096,30.2758,29.3338,29.3338,28.7117,28.4025,28.4025,28.4025,27.7875,26.8742,28.0944,30.2758,31.5482,31.8692,34.4786,44.5338
2002-09-01 00:00:00,2,43.8112,43.8112,44.5338,44.5338,45.2605,45.6255,45.6255,45.6255,49.332,50.464,47.4659,45.2605,43.0929,42.0233,40.9634,40.9634,40.2622,39.2184,38.8727,38.1845,38.1845,40.2622,43.0929,46.7266,47.4659,48.9568,53.1406,54.6922,52.3709,47.837,
2002-08-01 00:00:00,2,56.6539,56.6539,55.8662,55.4739,55.4739,54.6922,53.9144,53.527,52.7552,52.3709,51.6051,51.6051,50.8434,49.7083,48.5825,47.837,47.4659,47.4659,46.7266,46.3585,46.3585,46.3585,45.9915,45.6255,45.6255,44.8966,44.5338,44.5338,44.5338,43.8112,43.8112
2002-07-01 00:00:00,2,64.7435,64.3299,63.9173,63.5056,63.0949,62.6851,61.8684,61.0556,61.0556,61.0556,60.2465,59.8435,60.2465,65.5734,68.5078,70.2051,68.9308,66.8254,64.3299,62.2763,61.8684,61.0556,60.6506,59.8435,59.8435,59.8435,59.0402,58.6401,57.8427,57.4454,56.6539
2002-06-01 00:00:00,2,84.3062,83.3982,82.4936,81.5926,80.6951,79.8012,78.9108,78.4669,78.024,77.1407,76.2611,75.385,74.5126,73.6438,73.2108,72.3474,71.4877,71.0593,70.6317,70.2051,69.3546,68.5078,68.0858,67.6648,66.8254,66.4071,66.4071,66.4071,65.9898,65.5734,
2002-05-01 00:00:00,2,103.189,102.7,101.726,101.726,102.213,104.659,107.126,108.616,114.649,115.157,107.622,106.631,105.151,100.755,97.3817,94.9978,93.5775,92.1649,91.6958,90.76,92.6349,94.5235,97.861,101.726,99.7867,96.9032,94.0501,89.8277,87.5119,86.1328,85.2178
2002-04-01 00:00:00,2,202.771,182.339,167.181,162.031,156.931,154.12,151.883,154.12,156.368,158.06,160.325,162.031,156.931,151.883,146.886,132.899,128.643,126.534,124.437,121.315,119.25,117.197,115.666,114.649,112.625,111.116,109.114,107.622,106.137,104.168,
2002-03-01 00:00:00,2,561.78,552.563,540.071,510.459,446.562,409.53,405.73,383.168,362.477,330.7,274.653,261.985,245.605,235.297,233.38,231.467,230.195,227.657,223.238,217.595,211.378,206.446,211.997,215.101,214.48,212.617,235.297,256.05,246.254,234.018,228.291
2002-02-01 00:00:00,2,274.653,254.081,283.427,282.749,273.311,269.296,282.749,347.92,409.53,458.338,497.467,503.138,524.378,517.813,508.015,505.575,488.596,481.375,477.378,482.977,488.596,509.644,520.272,540.901,554.235,559.261,562.62,564.302,,,
2002-01-01 00:00:00,2,485.383,499.085,493.429,467.828,446.562,427.149,361.745,315.157,297.782,273.982,231.467,200.332,175.292,164.314,167.756,186.49,249.506,310.959,290.235,290.919,315.157,320.077,308.867,296.405,283.427,273.311,264.636,251.464,256.708,301.233,285.464
2001-12-01 00:00:00,2,64.1517,86.9954,121.664,120.106,109.372,103.877,79.5967,64.1517,65.4343,76.4251,98.4708,98.4708,88.4053,58.2725,67.5895,151.325,200.941,280.042,326.438,367.616,372.777,314.457,315.859,334.265,351.542,347.197,350.817,373.517,404.971,451.261,478.177
2001-11-01 00:00:00,2,38.433,54.1829,64.5783,71.083,79.5967,67.5895,80.9682,70.6433,71.9649,58.2725,65.0059,68.0232,64.1517,68.0232,71.9649,75.5264,77.7794,74.631,75.9753,84.1968,87.4646,94.1155,105.367,84.6612,79.1411,78.2325,92.6775,71.9649,53.3762,56.6255,
2001-10-01 00:00:00,2,55.4,51.3762,58.2725,71.5235,79.1411,80.9682,75.5264,69.7665,76.8757,118.553,109.876,88.8769,83.2703,71.9649,63.301,54.9934,50.5828,47.8369,46.2895,45.9051,44.7581,44.3777,43.9984,43.6201,43.2429,41.372,41.0009,39.894,38.0704,37.3485,36.2738
2001-09-01 00:00:00,2,54.9934,59.1015,53.3762,46.2895,45.1394,44.3777,44.3777,42.8666,39.894,38.7967,37.7089,36.9892,36.6309,37.7089,39.1614,40.2619,42.8666,54.9934,52.5733,48.2262,43.2429,41.7441,39.5272,38.0704,36.9892,37.7089,38.433,39.5272,45.1394,50.5828,
2001-08-01 00:00:00,2,42.4914,41.7441,41.372,41.0009,40.6309,40.2619,39.894,39.5272,39.5272,38.7967,38.7967,38.7967,38.433,38.433,38.433,38.0704,38.0704,37.7089,37.7089,37.3485,37.3485,36.9892,36.2738,36.2738,37.3485,39.1614,43.9984,44.3777,45.5218,48.6166,49.4001
2001-07-01 00:00:00,2,47.0612,46.6748,46.2895,45.9051,45.9051,45.9051,45.1394,44.7581,44.3777,44.3777,44.3777,44.7581,43.9984,43.6201,43.2429,43.2429,43.2429,43.2429,42.8666,42.8666,42.8666,42.8666,43.2429,43.6201,43.9984,43.9984,43.9984,43.6201,43.6201,43.2429,42.8666
2001-06-01 00:00:00,2,62.0317,61.19,59.1015,57.8594,56.2161,55.8076,55.8076,55.8076,55.4,54.9934,54.1829,53.3762,52.5733,52.1733,51.7743,51.3762,51.3762,50.979,50.5828,50.1876,49.4001,49.0079,48.6166,48.2262,48.2262,47.8369,47.8369,47.8369,47.4486,47.0612,
2001-05-01 00:00:00,2,62.0317,61.19,60.3519,60.3519,59.5174,59.1015,58.2725,57.8594,57.4472,56.6255,56.2161,56.2161,55.8076,56.2161,57.4472,59.1015,63.7259,67.1567,68.8931,75.0782,73.7389,63.301,60.7705,59.5174,59.9342,59.9342,59.1015,58.6866,62.0317,62.877,62.0317
2001-04-01 00:00:00,2,170.064,154.681,127.962,110.381,104.373,97.9838,92.1997,87.9346,85.1265,82.8083,80.5102,80.053,79.5967,78.2325,76.4251,75.0782,73.7389,72.8502,72.4071,71.083,70.6433,69.7665,68.8931,68.0232,67.5895,66.2938,64.1517,62.877,62.4539,62.0317,
2001-03-01 00:00:00,2,77.3271,75.5264,74.1845,75.0782,79.5967,85.5925,97.0122,98.9585,112.407,113.424,115.467,143.585,191.87,224.498,232.104,186.49,165.459,165.459,112.407,103.877,102.393,100.917,97.9838,93.6354,89.8224,84.1968,81.8866,80.5102,82.3471,95.078,100.426
2001-02-01 00:00:00,2,137.052,140.851,140.306,146.334,148.546,131.148,113.424,104.869,99.4469,100.426,130.615,165.459,140.306,109.372,97.4976,84.1968,96.5275,106.863,112.407,113.424,101.9,91.2465,86.527,84.6612,83.7332,82.3471,79.5967,77.7794,,,
2001-01-01 00:00:00,2,187.681,191.269,195.482,269.964,345.753,349.367,304.002,241.078,197.902,146.334,138.676,140.306,135.973,132.75,132.215,134.358,135.434,122.186,116.493,102.887,101.408,98.4708,105.865,111.899,120.624,123.229,117.007,112.915,116.493,115.467,123.229
2000-12-01 00:00:00,2,127.962,131.148,134.358,139.762,144.133,135.973,126.906,123.753,120.106,111.899,92.6775,120.624,149.656,143.036,115.467,109.876,122.186,150.212,218.845,323.606,323.606,308.867,248.855,245.605,234.658,207.061,194.879,177.632,210.76,210.76,196.691
2000-11-01 00:00:00,2,60.3519,62.4539,57.8594,56.6255,52.9743,54.5877,57.0359,59.5174,59.1015,56.6255,56.6255,56.2161,57.0359,62.877,75.0782,82.8083,85.5925,85.5925,84.1968,124.276,218.219,240.434,225.128,203.382,197.296,188.278,134.896,98.9585,108.366,118.037,
2000-10-01 00:00:00,2,62.4539,62.0317,60.7705,61.6104,65.8636,65.4343,61.19,62.0317,63.7259,67.1567,65.4343,63.7259,57.4472,54.5877,53.7791,52.5733,51.3762,50.979,49.7934,49.4001,48.6166,48.2262,48.2262,48.2262,48.6166,50.5828,50.979,52.5733,53.3762,53.3762,53.3762
2000-09-01 00:00:00,2,62.877,66.7248,75.9753,85.5925,94.1155,97.0122,95.078,86.527,86.0593,85.1265,82.8083,77.7794,74.631,72.8502,70.6433,67.5895,68.4577,69.7665,74.1845,78.2325,80.053,76.4251,72.8502,68.0232,63.301,62.0317,62.0317,61.19,61.6104,62.0317,
2000-08-01 00:00:00,2,77.3271,75.9753,75.0782,74.1845,74.1845,73.7389,73.2941,72.8502,72.8502,71.5235,70.2045,69.7665,69.3294,68.4577,68.4577,67.5895,67.1567,67.1567,66.7248,66.2938,65.8636,65.4343,65.0059,64.1517,63.301,62.877,62.4539,62.4539,62.877,63.301,62.0317
2000-07-01 00:00:00,2,90.771,89.8224,89.3493,89.3493,89.3493,88.4053,87.9346,87.4646,86.9954,86.527,85.5925,85.1265,84.6612,84.1968,83.2703,82.8083,82.3471,82.3471,81.427,81.427,80.5102,80.053,80.053,79.5967,80.053,80.053,80.5102,80.053,78.6864,78.2325,77.7794
2000-06-01 00:00:00,2,117.522,115.467,114.444,113.424,112.407,111.392,110.381,109.372,107.865,106.863,104.373,105.367,104.373,103.877,103.382,102.887,101.9,100.917,99.9361,99.4469,98.9585,97.0122,96.5275,96.0436,95.5604,94.5964,94.5964,93.6354,90.2963,91.7227,
2000-05-01 00:00:00,2,164.886,161.462,160.325,158.625,156.368,154.681,154.12,150.768,149.1,146.886,145.232,144.133,141.943,137.593,135.973,134.358,133.286,131.681,131.148,129.552,127.962,126.378,124.801,124.276,123.229,121.664,121.144,120.106,119.587,119.07,118.553
2000-04-01 00:00:00,2,329.277,310.959,296.405,280.718,260.663,250.811,243.662,237.861,232.104,223.867,216.971,213.858,210.142,213.237,210.142,207.061,205.219,200.941,200.332,200.332,202.16,203.382,203.382,200.941,194.276,190.071,182.339,173.544,169.486,167.756,
2000-03-01 00:00:00,2,290.919,297.782,295.031,293.658,286.825,282.072,268.629,254.737,257.365,302.616,464.658,397.41,482.977,499.085,533.446,540.071,466.242,489.4,482.176,480.575,494.236,507.202,516.995,504.762,492.622,478.976,449.693,427.149,400.43,372.039,355.175
2000-02-01 00:00:00,2,478.177,511.275,518.632,521.913,512.907,503.95,495.043,501.516,516.995,546.722,574.425,576.964,580.356,603.411,609.433,612.02,607.711,599.12,596.55,587.158,546.722,518.632,482.176,444.999,398.919,355.903,326.438,307.474,283.427,,
2000-01-01 00:00:00,2,216.971,244.957,287.506,317.263,383.913,437.21,459.126,452.83,444.218,406.489,361.745,297.782,244.309,221.98,203.382,182.339,155.805,154.681,170.643,182.339,196.691,202.771,201.55,202.16,200.941,191.269,188.875,221.352,260.002,360.282,458.338
1999-12-01 00:00:00,2,108.869,98.9585,92.1997,86.9954,80.053,83.7332,153.56,178.218,167.756,172.382,200.332,228.291,248.855,255.393,281.395,285.464,265.301,234.658,198.509,170.643,150.768,137.052,138.134,130.083,125.852,142.489,174.126,175.876,176.461,196.691,211.378
1999-11-01 00:00:00,2,54.9934,48.6166,44.3777,42.1172,47.8369,50.979,68.8931,94.5964,118.037,127.962,131.148,140.306,133.822,125.326,115.467,110.886,101.9,86.9954,111.392,116.493,109.876,113.934,174.126,213.858,185.301,152.441,141.396,132.215,129.552,121.144,
1999-10-01 00:00:00,2,52.1733,52.9743,52.1733,52.1733,53.7791,57.8594,56.2161,54.9934,53.7791,51.7743,50.979,49.4001,47.8369,46.6748,44.7581,44.3777,45.1394,43.9984,45.1394,46.2895,47.0612,48.6166,49.7934,52.1733,53.7791,54.9934,56.6255,57.4472,64.1517,70.2045,63.7259
1999-09-01 00:00:00,2,52.1733,50.979,50.1876,49.7934,50.1876,50.1876,49.7934,49.4001,49.0079,49.4001,50.5828,52.9743,54.1829,57.4472,59.5174,62.0317,64.1517,64.1517,63.301,62.877,62.4539,61.6104,60.7705,59.9342,59.1015,59.1015,57.4472,55.4,53.7791,52.9743,
1999-08-01 00:00:00,2,63.7259,63.7259,63.301,62.877,62.877,62.4539,62.0317,62.0317,62.0317,62.0317,60.3519,59.5174,59.5174,59.1015,58.2725,57.4472,56.6255,55.4,55.4,54.9934,54.5877,54.1829,54.1829,53.7791,53.7791,53.7791,53.3762,53.3762,52.9743,52.5733,52.1733
1999-07-01 00:00:00,2,79.5967,78.6864,77.7794,77.3271,76.8757,76.8757,76.4251,76.4251,75.9753,75.9753,75.9753,75.5264,75.0782,74.1845,73.2941,72.8502,72.4071,71.5235,71.5235,70.6433,70.2045,69.3294,69.3294,68.0232,67.1567,66.2938,65.8636,65.8636,65.4343,65.0059,64.1517
1999-06-01 00:00:00,2,96.0436,95.078,94.5964,94.1155,93.6354,93.1561,92.1997,91.7227,91.2465,90.771,89.8224,88.8769,87.9346,88.4053,91.7227,93.6354,104.869,108.366,98.4708,94.5964,91.2465,89.3493,88.4053,87.9346,86.0593,83.7332,81.8866,81.427,80.9682,80.5102,
1999-05-01 00:00:00,2,132.75,129.552,127.434,126.378,124.801,124.276,127.434,127.434,125.326,123.229,120.106,118.553,117.522,115.467,112.915,110.886,109.876,108.869,107.865,106.863,105.865,104.869,103.877,103.382,101.408,100.917,99.9361,98.9585,98.9585,98.4708,98.4708
1999-04-01 00:00:00,2,260.663,247.553,243.015,237.219,199.116,194.276,187.085,181.159,177.632,172.962,168.332,165.459,162.031,160.893,159.191,162.031,172.382,174.126,171.222,163.742,160.325,151.325,150.212,148.546,147.439,146.334,139.219,137.593,137.052,135.973,
1999-03-01 00:00:00,2,444.999,491.01,530.143,531.794,528.494,526.846,534.273,541.732,534.273,517.813,505.575,496.659,488.596,483.778,474.188,447.344,426.378,384.659,374.256,369.825,344.31,291.603,267.296,252.772,251.464,301.924,325.729,317.966,290.919,269.296,264.636
1999-02-01 00:00:00,2,271.97,284.785,267.296,246.903,239.79,204.606,190.071,170.643,169.486,172.962,175.292,170.643,168.909,180.569,184.708,182.339,197.296,170.643,152.441,142.489,141.396,166.606,159.758,144.133,151.325,194.276,241.078,376.478,,,
1999-01-01 00:00:00,2,208.291,225.128,267.296,325.729,376.478,417.927,426.378,431.783,434.106,429.464,426.378,402.698,383.913,358.091,290.919,267.296,253.426,246.254,229.56,208.291,188.278,173.544,165.459,163.171,160.325,155.243,159.191,176.461,197.296,282.072,290.919
1998-12-01 00:00:00,2,209.524,193.071,189.473,146.886,121.144,110.381,111.899,164.886,173.544,158.06,146.886,135.434,125.852,120.624,139.219,160.893,178.805,208.291,260.663,250.811,230.831,197.296,179.981,164.314,170.064,176.461,184.708,197.902,202.16,206.446,212.617
1998-11-01 00:00:00,2,95.5604,106.364,150.768,174.709,175.292,215.724,185.301,162.031,145.232,126.378,159.758,193.673,206.446,209.524,191.269,161.462,153.56,145.232,109.876,110.381,108.869,108.366,106.364,111.392,114.955,120.106,124.801,132.215,196.691,220.724,
1998-10-01 00:00:00,2,59.1015,52.9743,52.1733,53.3762,54.1829,55.8076,60.3519,57.0359,55.8076,53.3762,55.8076,62.4539,68.0232,68.4577,66.7248,66.2938,63.7259,63.7259,77.3271,89.8224,86.0593,71.5235,59.9342,55.8076,52.9743,52.1733,51.3762,50.979,50.979,63.301,81.8866
1998-09-01 00:00:00,2,60.7705,62.877,61.6104,65.8636,62.877,60.7705,59.1015,57.8594,57.4472,55.8076,55.4,54.9934,54.9934,54.5877,54.1829,53.3762,52.9743,52.5733,52.1733,51.7743,51.7743,51.3762,50.5828,51.3762,50.5828,50.1876,50.1876,52.1733,68.4577,67.1567,
1998-08-01 00:00:00,2,67.5895,67.1567,66.7248,67.1567,67.5895,67.5895,68.0232,68.8931,72.4071,76.8757,78.6864,80.053,80.9682,80.9682,76.4251,73.7389,70.2045,68.0232,67.1567,65.4343,64.5783,63.301,62.877,62.0317,61.6104,61.19,61.19,60.7705,60.3519,59.9342,58.6866
1998-07-01 00:00:00,2,87.4646,86.527,85.1265,84.1968,82.3471,81.427,81.427,80.9682,80.5102,80.053,79.5967,78.6864,78.2325,77.7794,77.3271,76.8757,75.9753,75.9753,75.5264,75.0782,74.1845,73.2941,72.4071,71.5235,71.5235,71.5235,70.6433,70.2045,68.8931,68.4577,67.5895
1998-06-01 00:00:00,2,196.086,199.116,163.742,137.593,125.852,118.037,115.467,111.392,106.364,102.887,100.917,98.9585,97.4976,97.0122,96.5275,97.0122,97.0122,95.5604,94.1155,92.6775,91.2465,90.2963,89.3493,88.8769,88.8769,88.4053,88.4053,87.9346,87.9346,87.9346,
1998-05-01 00:00:00,2,141.396,166.032,153.56,143.585,158.625,171.222,182.339,181.159,175.292,152.441,134.358,125.326,122.707,121.144,119.587,118.553,117.522,116.493,115.98,115.467,114.955,108.366,107.364,106.364,105.367,104.373,103.877,105.367,112.407,120.624,162.031
1998-04-01 00:00:00,2,178.805,177.632,183.522,182.339,184.708,182.93,171.801,160.325,159.758,160.893,163.742,166.032,164.886,159.191,149.656,145.783,145.232,144.133,143.036,142.489,142.489,142.489,141.396,140.851,139.762,137.052,134.896,130.615,127.962,132.75,
1998-03-01 00:00:00,2,457.55,448.126,431.783,380.934,366.88,358.091,345.753,273.982,231.467,215.724,211.997,207.676,205.832,204.606,200.941,200.941,203.993,205.219,199.116,195.482,199.724,207.061,207.061,209.524,218.845,230.195,223.867,177.632,177.632,179.981,179.981
1998-02-01 00:00:00,2,347.197,311.658,284.106,232.104,211.378,202.16,196.691,197.296,197.296,207.061,275.997,269.964,257.365,231.467,236.578,280.718,412.577,450.476,477.378,484.58,486.988,474.985,471.004,451.261,446.562,440.32,464.658,472.595,,,
1998-01-01 00:00:00,2,287.506,260.663,228.291,218.845,208.291,198.509,196.086,214.48,251.464,280.042,284.106,358.091,336.41,343.59,354.448,333.551,322.9,314.457,279.367,303.309,336.41,312.357,294.344,280.718,279.367,278.692,277.344,276.67,275.997,281.395,290.235
1997-12-01 00:00:00,2,247.553,304.695,322.9,327.857,329.277,272.64,273.311,278.692,289.552,322.193,303.309,296.405,282.749,282.072,289.552,343.59,371.301,389.145,417.927,462.285,487.792,483.778,475.782,471.004,466.242,455.188,440.32,404.213,386.152,336.41,332.838
1997-11-01 00:00:00,2,88.4053,82.8083,76.8757,67.5895,65.0059,62.877,60.7705,60.3519,67.1567,73.2941,75.5264,67.5895,63.7259,59.5174,58.6866,68.8931,82.3471,89.8224,92.1997,88.4053,86.0593,104.373,94.1155,82.3471,97.9838,92.6775,96.0436,94.1155,137.593,194.276,
1997-10-01 00:00:00,2,67.5895,68.4577,68.8931,68.0232,65.4343,59.5174,57.8594,57.0359,56.6255,56.2161,55.4,54.9934,54.1829,53.3762,51.7743,50.5828,50.5828,51.7743,55.8076,62.0317,71.9649,101.408,215.724,254.081,185.301,154.12,147.439,153,153,137.593,107.364
1997-09-01 00:00:00,2,64.1517,63.7259,62.877,62.877,62.0317,62.0317,61.6104,61.19,61.19,60.3519,60.3519,59.9342,59.5174,59.1015,58.6866,58.6866,59.1015,59.9342,60.3519,62.4539,65.0059,67.5895,68.0232,68.4577,65.8636,64.1517,66.7248,68.0232,67.5895,67.1567,
1997-08-01 00:00:00,2,82.8083,81.427,81.427,80.9682,80.9682,80.053,79.5967,79.1411,78.6864,78.2325,77.3271,76.4251,76.4251,77.3271,77.7794,77.7794,77.3271,76.8757,73.7389,71.5235,71.083,70.2045,69.7665,69.3294,68.4577,68.0232,67.1567,67.1567,66.2938,66.2938,65.0059
1997-07-01 00:00:00,2,103.877,103.382,102.393,100.917,98.9585,98.4708,97.9838,96.5275,96.0436,93.6354,92.6775,92.1997,91.7227,91.2465,90.771,90.2963,91.7227,89.8224,88.8769,88.4053,87.4646,86.527,86.9954,87.4646,87.9346,88.4053,88.4053,86.0593,85.1265,84.6612,84.1968
1997-06-01 00:00:00,2,152.441,133.822,123.753,122.186,121.664,123.229,145.783,158.06,161.462,146.886,130.083,125.852,123.229,125.852,132.215,139.219,143.036,141.943,134.896,125.326,120.624,119.07,117.007,115.467,112.915,110.381,108.366,106.863,105.865,104.869,
1997-05-01 00:00:00,2,172.962,163.742,153,149.656,147.992,145.783,144.133,141.396,139.762,138.676,137.593,135.434,134.358,134.896,135.973,131.681,159.758,190.67,163.171,135.973,129.552,128.491,128.491,126.906,127.962,130.615,142.489,157.495,152.441,147.992,154.681
1997-04-01 00:00:00,2,223.238,265.301,315.157,329.277,310.261,298.471,269.296,228.291,240.434,246.903,212.617,197.296,191.269,185.895,181.749,177.632,174.126,171.801,168.909,170.643,172.962,180.569,190.071,193.071,187.681,178.218,172.382,166.606,162.6,172.962,
1997-03-01 00:00:00,2,304.695,322.193,339.994,359.551,374.996,392.144,427.92,451.261,459.915,450.476,431.01,349.367,331.412,338.559,312.357,303.309,299.161,306.779,313.756,292.973,266.63,250.158,241.078,230.195,221.352,214.48,208.908,207.676,207.061,206.446,204.606
1997-02-01 00:00:00,2,594.839,590.568,588.01,577.812,571.889,557.584,525.2,511.275,504.762,486.988,439.542,354.448,343.59,325.729,311.658,305.389,300.541,297.782,290.235,306.779,317.263,310.261,290.919,267.296,265.965,272.64,289.552,296.405,,,
1997-01-01 00:00:00,2,508.567,516.711,519.98,645.376,725.051,999.845,1188.79,1389.14,1612.71,1494.16,1249.66,1203.84,1129.71,1072.4,1047.88,1051.36,993.091,882.399,851.306,814.864,796.995,750.488,700.178,683.144,666.242,640.701,605.99,603.411,588.01,584.604,590.568
1996-12-01 00:00:00,2,160.025,148.313,143.381,149.417,178.4,228.882,228.882,192.588,176.651,168.56,167.987,166.27,172.59,184.861,206.501,252.626,287.217,321.766,345.235,369.953,358.254,344.516,298.825,351.725,364.82,407.264,434.045,456.638,467.673,467.673,470.841
1996-11-01 00:00:00,2,56.9412,65.2723,68.2716,82.5091,112.387,123.145,125.752,91.3546,76.623,73.953,59.4028,55.7228,52.5146,54.5127,60.6458,90.882,112.892,153.298,201.627,226.36,263.781,384.742,455.068,454.284,455.068,445.686,383.255,319.659,261.801,209.566,
1996-10-01 00:00:00,2,51.722,52.9124,55.3185,55.3185,56.5342,58.5786,63.5776,61.479,58.9903,57.7581,54.5127,51.722,52.5146,53.3111,62.7355,64.4232,60.2306,58.5786,55.7228,53.7107,51.722,50.1482,50.9332,53.3111,54.9152,55.7228,58.1679,58.5786,58.9903,58.1679,56.5342
1996-09-01 00:00:00,2,51.3271,53.3111,54.5127,53.7107,52.1179,55.7228,68.7035,70.876,70.0045,66.1249,64.4232,64.8473,65.2723,73.0697,78.4195,81.5947,70.876,70.0045,60.6458,59.8162,58.5786,56.9412,55.7228,54.1112,52.1179,51.722,51.3271,52.9124,54.9152,57.3492,
1996-08-01 00:00:00,2,56.128,55.7228,55.3185,55.3185,54.5127,54.5127,54.1112,53.7107,54.1112,54.9152,54.5127,54.1112,53.7107,53.7107,53.3111,53.7107,54.5127,58.1679,61.479,56.5342,54.9152,54.5127,54.1112,54.1112,53.7107,53.3111,51.3271,50.5402,50.5402,49.7572,49.7572
1996-07-01 00:00:00,2,65.6982,67.4103,70.0045,70.4398,66.981,66.1249,65.6982,64.8473,63.9999,63.9999,63.5776,63.5776,63.1561,62.7355,62.3158,61.8969,59.8162,59.4028,59.4028,58.5786,58.5786,58.5786,58.1679,58.1679,58.1679,57.7581,57.3492,56.9412,56.5342,56.128,56.128
1996-06-01 00:00:00,2,82.9676,81.5947,81.1387,80.6834,80.229,79.3226,78.4195,77.9691,76.623,75.7297,74.8397,74.3959,73.5109,73.0697,72.6293,72.6293,72.1897,71.7509,70.4398,69.57,69.1363,68.7035,68.2716,67.8405,67.8405,67.4103,66.981,66.1249,65.6982,65.6982,
1996-05-01 00:00:00,2,100.479,99.9917,99.9917,97.5679,95.6424,95.1629,93.2526,91.828,90.882,89.9392,88.9994,88.5307,89.4689,88.9994,89.9392,94.2063,96.1226,95.6424,99.0199,107.872,114.92,110.373,101.455,97.0854,98.5351,97.0854,95.6424,90.882,87.1293,85.7349,84.8093
1996-04-01 00:00:00,2,136.349,134.742,134.208,130.487,127.85,126.275,121.59,115.939,114.92,113.905,112.892,109.872,111.379,121.072,130.487,129.43,126.275,148.313,147.762,186.635,167.987,137.424,132.078,116.449,113.398,109.872,107.872,106.38,104.401,102.925,
1996-03-01 00:00:00,2,167.414,154.413,150.522,149.417,152.742,160.025,189.009,186.043,181.328,192.588,216.98,221.967,234.59,258.513,273.748,275.085,265.103,265.103,295.396,290.616,275.085,246.136,228.251,207.726,206.501,200.415,180.741,171.436,163.422,151.076,145.566
1996-02-01 00:00:00,2,160.025,162.287,165.699,167.414,168.56,169.708,194.386,200.415,212.645,207.113,196.79,186.043,191.393,191.393,189.604,186.635,181.328,213.881,208.339,201.021,183.092,158.897,149.417,154.413,161.155,167.987,156.65,153.855,162.287,,
1996-01-01 00:00:00,2,472.428,455.068,479.588,513.449,515.895,512.634,499.656,485.181,482.782,481.983,481.983,487.584,482.782,474.811,471.634,460.569,466.882,466.882,415.623,352.449,309.186,248.078,244.845,239.7,233.318,231.413,231.413,210.796,198.6,190.2,159.461
1995-12-01 00:00:00,2,70.0045,71.3131,75.7297,85.2717,87.5956,80.229,77.5196,75.2843,74.8397,73.953,73.0697,72.6293,74.8397,91.3546,121.59,153.855,359.71,285.861,218.846,194.386,221.342,218.223,216.359,230.78,249.375,391.456,375.846,399.712,439.466,448.026,452.717
1995-11-01 00:00:00,2,64.8473,73.953,89.4689,113.398,121.59,112.387,99.5054,88.5307,79.3226,69.57,63.9999,64.4232,63.9999,66.981,70.876,82.5091,99.5054,116.96,116.449,108.87,102.434,98.0511,89.4689,80.229,74.8397,73.0697,72.6293,72.6293,70.0045,69.1363,
1995-10-01 00:00:00,2,67.8405,64.4232,59.4028,56.128,53.7107,51.722,49.7572,49.3671,55.3185,63.9999,65.2723,72.1897,81.5947,80.229,73.5109,73.953,79.7754,77.0709,71.7509,62.7355,60.2306,63.5776,67.8405,63.1561,58.1679,53.3111,50.1482,48.5898,47.4313,56.5342,63.5776
1995-09-01 00:00:00,2,55.3185,55.3185,54.9152,53.7107,53.7107,52.9124,52.9124,52.5146,52.5146,52.1179,51.3271,51.3271,51.3271,51.722,51.722,52.1179,52.5146,52.5146,54.5127,63.9999,68.7035,70.876,71.7509,68.2716,63.1561,56.9412,52.9124,52.1179,55.3185,61.062,
1995-08-01 00:00:00,2,72.1897,70.876,70.0045,69.57,68.7035,68.2716,67.8405,66.981,65.6982,64.4232,63.5776,63.1561,63.1561,62.7355,62.3158,61.8969,61.479,61.479,61.062,60.6458,60.2306,60.2306,59.4028,59.4028,58.1679,57.3492,56.9412,56.5342,56.5342,55.7228,55.3185
1995-07-01 00:00:00,2,88.5307,88.0628,88.5307,87.5956,87.1293,86.1989,85.7349,85.2717,84.3477,83.8869,83.4268,83.4268,82.5091,82.9676,82.0515,80.6834,79.3226,79.3226,78.8706,77.9691,77.9691,77.5196,76.623,76.623,76.1759,73.5109,75.7297,75.2843,74.3959,73.0697,72.6293
1995-06-01 00:00:00,2,113.398,112.387,110.876,109.371,107.374,106.38,105.389,103.908,102.925,102.434,101.944,101.455,100.966,100.479,99.9917,99.5054,98.5351,98.0511,97.5679,97.0854,96.1226,95.1629,93.7291,93.2526,92.777,92.777,91.828,92.3021,89.9392,88.5307,
1995-05-01 00:00:00,2,137.424,127.85,125.752,123.665,121.072,123.145,128.903,156.65,186.043,205.28,200.415,190.796,187.821,180.155,163.99,149.417,141.205,135.277,134.208,132.609,131.547,128.903,128.376,126.8,125.229,123.665,122.626,121.072,118.497,116.96,115.939
1995-04-01 00:00:00,2,228.882,309.186,343.08,325.289,295.396,248.078,220.092,204.669,191.99,187.228,181.328,175.488,162.287,161.721,161.721,163.99,164.559,159.461,158.335,151.076,148.865,147.212,148.313,151.076,154.971,152.742,149.969,145.019,141.748,140.663,
1995-03-01 00:00:00,2,480.386,406.507,369.218,356.074,337.354,295.396,294.027,291.979,292.661,295.396,296.766,291.979,282.479,251.975,244.2,257.201,255.891,251.324,238.419,228.251,223.219,218.846,201.627,224.474,231.413,241.625,240.983,227.62,219.469,208.339,205.28
1995-02-01 00:00:00,2,200.415,226.36,285.184,414.861,451.934,462.934,471.634,482.782,517.528,542.215,555.529,568.103,576.535,580.765,584.156,609.789,637.51,642.75,646.252,651.515,654.151,648.881,642.75,635.766,630.543,618.41,546.365,505.321,,,
1995-01-01 00:00:00,2,198.6,115.939,112.387,194.386,302.266,357.527,344.516,316.156,288.575,261.801,186.043,183.092,180.741,170.284,158.335,145.566,142.836,122.107,101.455,98.0511,98.0511,101.944,114.92,103.908,103.416,105.389,110.876,122.107,129.43,159.461,179.57
1994-12-01 00:00:00,2,142.292,153.298,148.313,132.609,94.2063,96.1226,102.925,126.8,142.292,142.292,128.903,116.449,107.374,97.5679,96.1226,95.1629,93.2526,96.1226,106.38,121.59,122.626,124.186,141.205,201.627,261.142,350.28,302.266,268.417,248.726,242.911,234.59
1994-11-01 00:00:00,2,85.2717,78.4195,67.8405,62.7355,56.9412,55.3185,54.5127,54.1112,53.3111,53.3111,55.3185,56.9412,58.9903,59.4028,58.1679,56.9412,62.3158,63.5776,85.2717,108.87,133.142,157.772,141.205,119.01,93.7291,92.777,91.828,92.3021,101.944,122.107,
1994-10-01 00:00:00,2,54.5127,54.9152,55.3185,55.7228,56.9412,57.7581,59.4028,62.3158,65.6982,69.57,67.8405,58.9903,53.7107,53.7107,51.722,50.9332,52.1179,73.953,97.5679,88.9994,71.7509,61.062,56.5342,53.3111,51.3271,51.722,51.3271,51.722,56.5342,81.1387,99.5054
1994-09-01 00:00:00,2,65.2723,65.2723,64.8473,64.4232,64.4232,63.9999,63.9999,63.5776,63.5776,63.1561,62.7355,62.3158,61.8969,61.062,60.2306,59.8162,58.9903,58.5786,58.1679,57.7581,57.3492,56.9412,56.9412,56.5342,56.5342,56.128,56.128,55.3185,54.9152,54.5127,
1994-08-01 00:00:00,2,83.4268,83.4268,82.9676,82.5091,81.1387,79.7754,79.3226,78.8706,77.5196,77.0709,76.1759,75.7297,75.2843,74.3959,74.3959,74.3959,73.953,73.0697,72.1897,72.1897,71.7509,71.3131,71.3131,70.876,70.4398,69.57,68.7035,67.4103,66.5525,66.1249,65.2723
1994-07-01 00:00:00,2,109.371,108.371,107.374,106.38,105.389,103.416,101.944,100.479,99.0199,98.0511,97.0854,95.6424,93.7291,92.3021,91.3546,90.4102,89.9392,89.4689,88.9994,88.0628,87.1293,86.6637,85.7349,84.8093,84.3477,83.4268,82.9676,82.9676,84.3477,84.3477,83.8869
1994-06-01 00:00:00,2,135.813,133.142,132.078,130.487,129.43,127.324,122.626,117.984,117.471,116.96,114.412,113.398,111.883,110.876,110.373,110.373,109.872,109.371,107.872,106.38,106.877,107.374,107.374,106.877,106.38,107.374,107.872,108.371,109.371,109.371,
1994-05-01 00:00:00,2,142.836,135.813,134.208,133.675,132.609,131.547,129.43,129.43,127.324,124.186,123.145,122.107,121.072,120.04,170.859,240.983,250.674,329.531,311.272,260.484,226.36,204.669,167.987,159.461,142.836,135.277,128.903,133.675,145.566,148.865,143.926
1994-04-01 00:00:00,2,269.082,286.539,252.626,244.2,228.882,213.263,197.996,189.009,186.635,185.452,180.741,177.817,175.488,165.699,162.854,160.589,160.025,169.134,173.748,172.59,170.859,166.842,172.59,162.287,160.589,158.897,152.742,149.417,146.663,145.019,
1994-03-01 00:00:00,2,187.821,202.235,176.651,173.169,244.2,257.201,255.237,259.827,279.784,277.096,272.412,287.896,305.028,323.174,303.646,271.078,242.268,235.227,216.98,218.223,248.726,283.831,289.935,291.297,284.507,283.831,294.711,299.512,316.855,312.665,284.507
1994-02-01 00:00:00,2,598.639,569.786,515.079,462.145,380.286,356.074,318.957,298.138,287.896,275.085,260.484,253.278,255.237,251.324,254.584,264.441,249.375,238.419,225.102,217.601,202.235,194.986,185.452,178.4,175.488,177.234,184.27,184.861,,,
1994-01-01 00:00:00,2,315.457,384.742,440.241,497.234,575.69,669.155,666.5,642.75,637.51,713.913,713.913,700.381,693.204,696.79,711.144,702.179,693.204,686.051,680.701,680.701,672.701,666.5,663.848,668.27,662.964,657.672,652.393,642.75,636.638,630.543,620.139
1993-12-01 00:00:00,2,88.5307,78.4195,73.5109,77.0709,83.8869,84.8093,86.1989,95.1629,89.4689,85.2717,86.1989,88.5307,97.5679,110.876,121.072,121.072,107.872,94.6842,84.3477,109.371,104.401,109.872,147.212,156.09,144.472,144.472,172.59,195.587,200.415,232.682,280.457
1993-11-01 00:00:00,2,80.6834,74.8397,72.1897,69.57,67.4103,69.1363,72.1897,87.5956,111.883,119.525,122.626,100.479,86.6637,76.1759,69.57,65.6982,62.3158,60.6458,59.8162,60.2306,62.3158,65.2723,70.4398,77.9691,85.2717,83.4268,89.4689,92.777,94.6842,96.1226,
1993-10-01 00:00:00,2,93.7291,84.3477,82.5091,84.3477,85.7349,87.5956,96.1226,109.371,97.5679,94.2063,83.8869,72.1897,68.2716,66.981,66.1249,63.9999,67.4103,70.0045,72.1897,72.6293,70.876,71.7509,75.7297,82.0515,88.0628,88.9994,94.6842,140.122,147.762,133.142,99.9917
1993-09-01 00:00:00,2,73.953,73.0697,71.7509,70.0045,69.1363,68.7035,68.2716,67.8405,67.4103,69.1363,69.57,70.0045,70.4398,71.3131,72.6293,72.6293,74.3959,74.3959,71.7509,70.4398,69.57,70.876,73.953,79.3226,86.6637,95.1629,102.925,100.479,99.9917,99.5054,
1993-08-01 00:00:00,2,86.6637,86.1989,85.2717,84.8093,84.3477,83.8869,83.4268,82.5091,83.4268,84.3477,80.6834,80.229,80.229,79.7754,79.3226,78.8706,78.8706,78.4195,82.0515,90.4102,89.4689,88.5307,88.0628,85.7349,83.8869,81.1387,80.229,79.3226,77.0709,75.2843,74.3959
1993-07-01 00:00:00,2,107.872,107.374,106.38,105.884,104.895,103.908,103.416,101.944,101.455,101.455,99.9917,99.0199,98.0511,97.5679,97.0854,95.6424,94.6842,93.7291,93.2526,92.3021,91.3546,90.4102,88.9994,88.5307,88.0628,88.0628,87.5956,88.0628,87.5956,87.5956,87.1293
1993-06-01 00:00:00,2,133.142,137.424,142.292,143.381,150.522,158.897,161.721,163.99,166.27,160.589,153.855,150.522,149.969,142.836,133.675,126.8,124.186,123.145,122.626,121.59,121.072,120.04,119.01,118.497,115.429,113.398,111.883,110.876,109.371,108.87,
1993-05-01 00:00:00,2,186.635,182.503,178.985,178.4,178.4,187.228,187.821,183.092,178.4,174.907,169.134,162.287,159.461,157.772,156.09,154.413,153.298,152.742,151.631,150.522,148.313,146.663,145.566,145.019,141.748,136.886,135.813,134.742,134.208,133.675,133.142
1993-04-01 00:00:00,2,325.289,322.47,319.659,329.531,372.896,375.846,369.953,343.08,329.531,332.369,322.47,317.555,311.272,298.825,270.412,258.513,253.931,243.555,235.864,230.78,218.223,212.645,209.566,204.669,202.235,204.669,204.669,194.386,191.99,189.604,
1993-03-01 00:00:00,2,572.314,569.786,576.535,577.38,573.157,566.421,540.558,518.345,497.234,468.465,444.128,430.186,404.994,385.486,401.973,346.674,341.646,333.791,330.949,318.256,307.798,299.512,293.344,302.956,298.825,331.659,345.235,356.8,372.896,377.324,376.585
1993-02-01 00:00:00,2,240.983,248.726,245.49,257.857,265.103,280.457,341.646,402.728,434.045,453.5,467.673,462.934,460.569,462.934,468.465,488.386,509.38,524.076,528.181,523.256,518.345,504.51,494.011,469.256,516.711,527.359,534.771,552.191,,,
1993-01-01 00:00:00,2,263.781,255.237,240.341,219.469,253.931,312.665,340.93,338.783,336.641,333.791,318.256,312.665,331.659,340.214,351.725,293.344,262.461,273.748,290.616,307.798,311.272,295.396,294.027,305.72,314.758,312.665,300.888,291.979,281.805,273.748,261.142
1992-12-01 00:00:00,2,174.327,169.708,220.092,283.831,251.324,242.911,218.846,220.092,237.141,239.7,236.502,281.805,402.728,444.128,440.241,396.704,354.622,330.24,358.982,393.702,402.728,411.817,412.577,406.507,368.484,325.289,326.701,307.798,301.577,318.256,303.646
1992-11-01 00:00:00,2,265.103,299.512,372.896,411.817,432.5,420.97,406.507,394.452,378.064,369.953,358.254,364.089,361.168,348.115,316.855,289.255,245.49,211.412,190.796,187.821,197.393,200.415,218.223,214.5,204.06,208.339,211.412,201.627,184.27,176.651,
1992-10-01 00:00:00,2,161.721,132.609,108.371,112.892,123.145,124.707,123.145,114.412,120.556,160.589,214.5,205.28,163.422,132.078,114.92,107.374,103.908,100.966,100.479,101.944,96.1226,95.1629,101.944,112.892,146.114,145.566,132.609,117.471,120.04,141.205,188.415
1992-09-01 00:00:00,2,81.1387,79.7754,78.4195,77.5196,77.0709,78.8706,84.8093,113.398,132.078,121.59,100.966,89.4689,82.9676,82.9676,83.4268,85.7349,88.9994,91.828,100.966,123.145,127.85,124.186,105.389,94.2063,88.0628,86.1989,87.1293,112.387,139.581,153.298,
1992-08-01 00:00:00,2,88.5158,87.1272,86.2056,84.8294,83.9162,82.5525,82.5525,81.6476,81.6476,80.7461,79.4002,79.4002,79.4002,88.0628,88.0628,87.5956,86.6637,86.1989,85.7349,85.7349,85.7349,86.6637,87.1293,87.5956,87.5956,87.1293,86.6637,82.9676,82.0515,81.5947,81.1387
1992-07-01 00:00:00,2,111.715,111.213,110.212,109.713,108.716,108.219,107.227,106.732,105.745,105.253,104.27,103.78,103.291,102.315,101.828,100.856,100.371,99.4045,98.9223,97.9602,97.4803,96.523,95.5689,95.093,94.6179,94.1437,93.6702,92.7257,91.3151,90.3787,89.4456
1992-06-01 00:00:00,2,152.554,150.883,148.114,147.011,145.361,142.081,139.368,137.209,136.672,135.598,134.528,133.46,131.333,130.274,129.218,128.165,126.067,123.461,121.39,121.39,120.874,120.874,121.39,118.305,117.794,116.773,115.755,114.741,113.729,112.217,
1992-05-01 00:00:00,2,237.705,233.184,228.693,232.541,293.48,348.308,372.858,362.367,336.63,296.242,258.74,233.184,216.652,206.684,196.877,194.45,189.027,184.846,180.695,176.577,173.073,173.073,174.239,175.407,176.577,174.822,170.75,166.711,163.275,157.601,155.913
1992-04-01 00:00:00,2,277.634,274.907,266.782,257.408,266.782,271.512,257.408,244.867,244.213,245.522,243.56,239.002,237.057,229.333,222.328,246.833,289.323,283.802,266.109,251.441,249.463,243.56,221.063,216.652,215.398,259.407,272.19,307.385,300.403,269.481,
1992-03-01 00:00:00,2,507.164,510.546,516.484,527.579,534.45,534.45,529.294,522.447,513.936,501.266,482.068,468.878,467.239,442.104,445.318,420.636,409.661,398.022,388.801,381.938,363.859,360.877,355.682,338.082,309.492,300.403,288.63,286.558,283.114,281.741,279.685
1992-02-01 00:00:00,2,1061.85,1051.36,1006.63,1023.7,1044.4,1147.98,1885.69,1788.7,1694.73,1603.74,1515.71,1430.61,1348.4,1269.05,1173.85,1097.25,989.725,956.431,857.472,761.959,744.79,736.292,719.469,680.664,642.011,606.636,579.062,539.625,520.741,,
1992-01-01 00:00:00,2,195.056,202.374,216.652,238.353,240.952,227.415,264.092,280.369,253.425,214.771,162.135,142.081,124.501,134.528,206.067,310.195,348.308,369.849,468.878,503.791,543.086,557.009,570.18,591.111,600.064,650.651,716.688,782.284,860.565,1010.03,1061.85
1991-12-01 00:00:00,2,65.949,73.6569,76.2896,77.6176,76.2896,74.531,72.7864,68.9123,68.4863,84.8294,107.723,131.864,153.671,159.863,178.927,180.695,176.577,179.516,166.137,157.601,154.79,138.827,137.748,125.022,121.907,97.0013,93.6702,90.8465,106.239,120.874,161.566
1991-11-01 00:00:00,2,57.7288,58.1309,60.9724,65.949,89.4456,83.4608,72.7864,64.6925,67.6369,73.2212,80.2966,89.4456,85.7461,79.848,77.174,89.4456,88.0521,102.802,90.8465,83.4608,77.6176,74.9694,68.4863,63.8594,60.1559,57.3275,56.1295,56.5279,57.7288,60.1559,
1991-10-01 00:00:00,2,78.5072,112.217,145.361,139.909,103.291,85.7461,85.7461,102.802,160.43,171.911,155.351,131.333,105.745,100.856,84.3724,82.0997,78.5072,81.1965,114.234,121.39,118.305,107.723,95.5689,83.4608,75.8486,72.3524,71.0557,68.4863,61.3821,60.1559,59.3431
1991-09-01 00:00:00,2,63.8594,63.4442,62.6166,62.6166,62.2042,61.7927,61.7927,61.3821,60.9724,59.749,59.3431,59.749,59.3431,59.3431,58.5341,58.5341,58.5341,58.1309,57.7288,58.5341,58.9381,59.3431,58.5341,60.5637,60.1559,58.9381,58.9381,60.9724,63.8594,65.5292,
1991-08-01 00:00:00,2,82.5525,82.0997,81.1965,80.2966,79.848,79.4002,78.9532,78.5072,77.6176,76.2896,75.4086,74.0935,73.6569,73.6569,72.7864,72.3524,71.0557,69.767,69.3392,69.3392,68.9123,68.9123,68.4863,68.4863,68.0611,67.6369,65.949,65.5292,64.6925,64.2755,63.8594
1991-07-01 00:00:00,2,106.239,105.745,104.761,104.27,103.291,102.802,101.341,99.4045,98.9223,98.4408,97.9602,97.4803,97.0013,96.523,95.5689,95.093,94.6179,94.6179,94.1437,92.7257,91.7845,90.3787,90.3787,90.3787,89.9117,89.4456,87.5892,85.7461,84.3724,83.9162,83.4608
1991-06-01 00:00:00,2,147.562,145.361,143.718,139.368,138.287,137.748,137.748,137.748,133.993,131.864,131.333,130.803,129.218,126.59,124.501,123.981,122.942,121.39,120.359,119.331,118.305,117.283,115.755,114.234,112.72,111.715,110.212,109.713,108.716,107.723,
1991-05-01 00:00:00,2,261.411,252.763,234.473,228.054,217.28,211.026,208.541,206.067,191.431,185.441,181.878,180.695,180.105,178.338,180.695,183.657,186.037,202.374,220.431,232.541,231.256,209.782,194.45,184.846,172.492,163.275,160.43,158.73,155.913,152.554,149.219
1991-04-01 00:00:00,2,547.423,559.634,570.18,579.859,600.882,672.623,736.292,697.396,708.381,711.144,691.495,674.404,662.01,651.52,645.457,627.516,538.762,479.585,474.632,459.888,433.31,370.6,366.849,364.605,350.514,301.795,298.32,297.627,296.242,272.19,
1991-03-01 00:00:00,2,325.1,315.134,310.899,303.887,299.708,324.385,378.144,412.786,419.061,449.348,470.519,475.456,459.888,455.012,369.849,330.126,300.403,274.227,251.441,237.057,246.833,285.868,331.567,334.457,326.533,343.911,361.622,388.801,423.791,496.231,531.011
1991-02-01 00:00:00,2,550.901,557.883,566.657,570.18,565.777,559.634,519.036,508.854,492.885,487.049,490.381,484.556,473.808,459.888,457.448,452.582,455.012,458.261,477.932,487.049,472.163,454.202,434.904,415.135,388.801,381.178,336.63,329.406,,,
1991-01-01 00:00:00,2,79.4002,68.9123,55.3356,55.7321,58.9381,96.0455,189.027,296.934,288.63,244.867,216.025,244.867,338.082,476.281,517.334,571.062,564.898,553.516,537.898,523.301,496.231,473.808,456.636,430.923,412.786,404.214,404.214,442.907,496.231,529.294,543.952
1990-12-01 00:00:00,2,71.0557,65.1104,54.9401,48.3648,42.8028,39.5774,39.5774,42.0787,39.2243,37.1284,38.8723,41.3587,43.8968,46.8592,51.038,55.3356,60.5637,65.5292,69.3392,79.848,77.174,83.0062,83.9162,80.7461,69.3392,66.7911,66.3696,78.5072,74.0935,77.6176,81.1965
1990-11-01 00:00:00,2,41.7182,40.2867,40.643,41.3587,42.0787,46.8592,51.4238,67.6369,86.666,78.5072,65.1104,55.3356,49.8864,74.9694,87.1272,66.7911,51.8106,43.5311,41.7182,40.643,39.2243,38.8723,41.3587,44.2635,42.0787,40.643,43.1664,72.7864,86.2056,74.9694,
1990-10-01 00:00:00,2,41.0004,40.2867,40.643,41.0004,45.7407,55.3356,51.038,44.6313,42.4402,41.0004,39.5774,39.2243,38.8723,38.1715,37.8227,37.8227,42.0787,42.8028,44.2635,47.2341,62.6166,69.767,68.9123,62.2042,54.1519,51.4238,47.2341,51.4238,48.7437,43.5311,42.8028
1990-09-01 00:00:00,2,58.1309,59.749,59.3431,58.5341,66.7911,65.5292,56.5279,52.1984,50.2693,48.7437,47.2341,46.8592,46.8592,47.61,49.1236,50.2693,51.4238,59.749,58.5341,52.9769,51.8106,47.2341,46.8592,43.1664,43.5311,43.5311,43.1664,43.1664,42.8028,42.0787,
1990-08-01 00:00:00,2,48.3648,47.9869,47.61,47.2341,47.61,47.2341,47.2341,46.8592,46.4854,46.4854,46.4854,47.2341,48.3648,47.2341,46.4854,45.7407,45.3698,45.7407,47.9869,49.5045,54.9401,56.5279,59.749,61.3821,60.1559,56.9272,50.2693,50.2693,50.2693,51.038,52.1984
1990-07-01 00:00:00,2,56.9272,56.9272,56.1295,56.1295,55.7321,56.1295,57.3275,59.3431,64.2755,68.4863,65.5292,62.2042,60.9724,59.749,58.9381,57.7288,56.9272,56.5279,55.7321,55.3356,54.9401,54.1519,52.9769,51.8106,51.4238,50.6531,50.2693,49.8864,49.8864,49.5045,49.1236
1990-06-01 00:00:00,2,71.0557,70.6253,70.1957,69.3392,68.0611,67.2136,66.3696,65.949,65.5292,64.2755,63.4442,63.03,62.6166,61.7927,60.9724,60.9724,60.9724,60.9724,60.5637,60.1559,59.749,59.3431,59.3431,58.9381,58.5341,58.1309,58.1309,58.9381,56.5279,56.5279,
1990-05-01 00:00:00,2,88.0521,87.1272,86.666,91.7845,119.844,127.639,110.212,98.4408,98.4408,98.4408,97.9602,97.4803,97.0013,95.5689,92.7257,90.8465,94.6179,87.5892,88.0521,93.6702,91.3151,87.1272,81.1965,78.9532,77.174,76.7314,75.8486,74.531,74.0935,72.7864,71.9193
1990-04-01 00:00:00,2,120.359,114.741,112.72,107.227,99.8876,95.5689,96.0455,96.523,96.0455,94.6179,93.6702,91.3151,100.856,105.253,92.7257,95.093,109.214,147.562,184.846,230.614,235.764,209.162,159.296,128.165,114.741,102.802,98.9223,89.9117,88.9803,88.5158,
1990-03-01 00:00:00,2,228.693,231.256,274.227,231.898,185.441,156.475,123.981,123.461,120.874,120.874,116.264,106.239,99.8876,98.9223,97.4803,99.8876,100.856,103.78,111.213,125.022,142.626,141.537,137.748,140.994,144.813,163.275,151.439,133.46,148.666,153.671,138.287
1990-02-01 00:00:00,2,147.562,141.537,137.748,134.528,131.333,129.746,128.165,126.59,123.981,120.359,117.794,115.755,116.264,129.218,145.361,239.651,216.025,165.563,138.287,123.461,116.773,113.224,107.723,109.713,111.213,137.748,164.417,190.829,,,
1990-01-01 00:00:00,2,285.868,385.745,502.949,571.918,584.662,586.27,608.288,592.732,598.429,613.262,604.166,587.88,560.51,524.156,477.932,423.791,372.104,324.385,285.178,253.425,231.256,215.398,193.845,189.627,181.878,184.251,184.846,171.33,164.417,159.296,153.671
1989-12-01 00:00:00,2,96.0455,95.093,91.7845,78.5072,74.531,71.9193,73.6569,83.4608,82.0997,74.531,73.6569,73.6569,119.844,225.503,268.131,310.899,345.375,360.877,343.911,334.457,355.682,381.938,421.424,417.489,386.508,352.725,326.533,312.308,306.685,278.317,288.63
1989-11-01 00:00:00,2,46.4854,45.3698,45,47.9869,53.7593,62.2042,65.5292,56.5279,50.6531,50.6531,74.531,94.1437,126.067,211.648,209.162,167.286,123.461,104.27,109.214,140.994,125.544,123.981,149.773,204.217,187.231,162.135,98.4408,101.341,86.666,88.0521,
1989-10-01 00:00:00,2,68.0611,73.2212,63.03,54.9401,49.8864,51.038,53.3676,53.7593,51.038,50.2693,48.7437,49.8864,51.8106,52.9769,53.3676,53.7593,51.038,55.7321,70.1957,67.2136,66.7911,56.9272,65.1104,82.0997,77.6176,67.2136,60.9724,58.9381,51.8106,48.3648,47.61
1989-09-01 00:00:00,2,60.5637,56.1295,52.9769,49.5045,47.9869,51.038,54.1519,54.9401,55.7321,52.9769,51.038,50.2693,51.038,51.038,50.2693,48.7437,49.5045,49.8864,51.038,48.3648,45.3698,43.8968,43.5311,43.1664,42.4402,42.0787,41.7182,45,47.9869,54.9401,
1989-08-01 00:00:00,2,60.5637,63.03,70.1957,65.949,60.9724,54.9401,54.1519,51.8106,52.9769,52.5871,52.1984,50.6531,48.3648,47.61,47.2341,46.8592,46.1125,46.1125,45.7407,45.3698,45,44.6313,44.2635,46.8592,48.3648,50.6531,52.5871,65.5292,74.531,71.0557,65.1104
1989-07-01 00:00:00,2,57.7288,56.9272,56.1295,55.7321,55.3356,55.3356,55.3356,54.9401,54.5455,54.1519,52.9769,52.9769,52.1984,51.8106,51.8106,51.4238,51.4238,51.038,51.038,50.6531,50.6531,50.2693,50.2693,49.8864,49.1236,48.7437,47.9869,47.61,50.2693,51.8106,54.1519
1989-06-01 00:00:00,2,65.1104,64.6925,64.2755,63.8594,63.4442,62.6166,61.7927,61.7927,61.3821,60.9724,62.2042,69.3392,71.9193,72.3524,76.7314,72.3524,69.3392,65.949,62.6166,62.2042,61.7927,60.5637,61.7927,61.7927,58.1309,58.5341,58.9381,58.9381,58.5341,58.1309,
1989-05-01 00:00:00,2,85.7461,88.5158,90.8465,94.1437,108.716,108.219,100.371,92.7257,89.9117,85.7461,85.2873,83.4608,82.5525,82.0997,81.1965,79.4002,76.2896,73.2212,72.7864,72.3524,71.9193,71.4871,71.0557,70.1957,69.3392,68.4863,68.0611,67.6369,67.2136,66.7911,66.3696
1989-04-01 00:00:00,2,110.712,105.745,104.27,103.78,103.78,104.761,105.253,106.239,113.729,118.305,112.72,108.219,101.828,114.234,136.672,146.46,127.639,115.755,106.732,100.856,98.9223,98.9223,99.8876,95.093,90.8465,89.9117,88.9803,86.666,85.2873,84.8294,
1989-03-01 00:00:00,2,211.648,226.777,226.777,224.867,244.867,235.764,234.473,224.867,205.45,175.407,169.015,167.286,152.554,158.166,201.148,225.503,239.651,237.057,212.896,195.056,178.927,158.73,146.46,144.265,138.287,131.333,122.942,118.818,108.716,108.716,108.219
1989-02-01 00:00:00,2,105.745,100.856,97.9602,98.4408,103.291,112.72,120.359,130.274,167.862,201.148,260.743,340.263,380.419,343.911,304.585,305.984,301.795,312.308,290.708,266.782,255.414,234.473,201.148,210.404,212.896,201.76,192.033,187.829,,,
1989-01-01 00:00:00,2,189.027,181.878,177.164,188.428,214.145,226.14,292.096,345.375,405.767,427.748,404.991,382.698,349.043,330.126,276.951,260.074,256.078,266.109,229.973,217.28,201.148,199.924,212.272,172.492,148.114,132.395,123.461,117.283,110.212,105.253,101.828
1988-12-01 00:00:00,2,65.5292,65.1104,71.4871,76.7314,89.9117,105.745,92.7257,71.0557,60.9724,59.3431,59.3431,62.6166,79.4002,102.802,123.461,142.626,166.711,195.056,169.015,121.39,102.315,136.672,159.863,237.705,243.56,237.705,286.558,308.087,284.49,247.49,216.025
1988-11-01 00:00:00,2,82.0997,73.2212,71.9193,82.0997,84.3724,85.7461,80.7461,78.5072,78.5072,110.212,131.333,122.424,105.253,85.2873,76.7314,63.4442,65.949,70.6253,73.2212,74.0935,72.3524,66.7911,68.4863,86.666,107.227,127.114,112.217,98.9223,78.9532,68.4863,
1988-10-01 00:00:00,2,39.9315,41.0004,41.3587,42.0787,42.8028,44.2635,43.5311,42.0787,40.2867,41.0004,43.5311,47.2341,47.9869,48.3648,50.2693,53.7593,53.3676,51.038,49.5045,49.1236,48.3648,62.6166,90.8465,97.9602,94.1437,93.6702,97.9602,98.9223,95.093,88.9803,84.3724
1988-09-01 00:00:00,2,43.8968,43.5311,43.1664,42.8028,42.8028,42.4402,42.0787,43.1664,42.8028,42.4402,41.7182,41.3587,41.0004,40.643,40.643,39.9315,39.9315,39.9315,39.5774,40.643,40.643,40.2867,39.9315,39.2243,38.5213,38.1715,38.1715,37.475,37.1284,37.8227,
1988-08-01 00:00:00,2,52.9769,52.5871,52.1984,52.5871,52.9769,52.9769,52.5871,52.1984,51.8106,51.8106,51.4238,51.4238,51.038,50.6531,49.8864,49.1236,49.1236,48.7437,48.3648,47.9869,47.61,47.61,47.2341,47.2341,46.4854,46.4854,46.1125,45.3698,44.6313,44.6313,44.2635
1988-07-01 00:00:00,2,66.7911,65.949,65.949,65.1104,64.2755,63.8594,62.6166,62.2042,61.7927,61.7927,61.3821,61.3821,60.9724,60.5637,60.1559,59.3431,58.9381,58.1309,57.7288,58.1309,57.7288,57.3275,57.3275,56.9272,56.9272,56.1295,55.7321,55.3356,54.9401,54.5455,53.7593
1988-06-01 00:00:00,2,87.5892,88.0521,88.9803,87.5892,85.7461,85.2873,88.5158,87.5892,85.2873,83.0062,80.7461,80.2966,78.5072,77.174,76.7314,76.7314,75.4086,74.531,74.0935,72.3524,71.4871,71.4871,71.0557,70.6253,70.1957,69.3392,68.9123,68.4863,68.0611,67.2136,
1988-05-01 00:00:00,2,106.732,100.856,104.761,103.78,100.856,99.4045,97.9602,96.0455,94.6179,93.6702,92.7257,92.2547,90.8465,91.3151,92.2547,92.7257,90.3787,91.3151,94.1437,103.291,110.712,108.219,89.9117,89.4456,88.5158,86.666,87.5892,88.0521,88.5158,89.4456,88.0521
1988-04-01 00:00:00,2,131.333,135.598,139.368,143.172,137.748,132.927,131.333,132.395,132.927,130.274,127.114,118.305,116.264,117.794,119.331,120.359,123.461,122.424,122.424,131.864,157.038,160.997,157.038,138.287,128.691,118.305,116.773,113.729,108.219,106.732,
1988-03-01 00:00:00,2,250.122,230.614,248.147,255.414,285.178,309.492,330.846,330.846,318.681,297.627,266.782,260.074,218.539,195.662,187.829,182.47,173.656,171.33,173.073,180.695,189.627,190.829,177.751,166.711,151.996,149.773,145.361,140.994,139.368,134.528,133.46
1988-02-01 00:00:00,2,89.4456,88.5158,101.341,133.46,149.773,152.554,154.23,184.251,289.323,402.663,482.897,506.32,505.476,512.24,521.594,506.32,505.476,510.546,519.888,516.484,508.009,443.71,379.66,362.367,343.181,308.789,310.899,287.939,250.122,,
1988-01-01 00:00:00,2,147.562,166.137,195.056,195.662,170.75,150.883,164.417,178.338,219.169,211.026,216.652,230.614,263.421,282.427,253.425,243.56,212.272,193.845,141.537,136.672,126.067,113.224,111.213,110.212,106.732,101.828,97.0013,91.3151,87.5892,89.4456,91.7845
1987-12-01 00:00:00,2,137.209,147.011,115.755,97.9602,95.5689,130.274,167.862,174.822,190.829,223.596,258.74,323.669,319.391,312.308,309.492,313.014,315.843,328.687,297.627,305.984,310.899,327.251,350.514,360.877,274.227,224.231,187.829,163.275,149.773,146.46,151.439
1987-11-01 00:00:00,2,133.46,144.265,106.732,102.315,100.371,73.6569,63.8594,61.7927,60.9724,61.3821,62.2042,60.9724,60.5637,62.6166,64.2755,66.3696,122.424,175.992,167.286,133.46,103.78,83.4608,73.2212,72.3524,74.0935,80.2966,102.802,169.593,157.038,129.746,
1987-10-01 00:00:00,2,63.4442,60.9724,58.5341,58.9381,58.9381,59.3431,57.3275,56.9272,54.9401,54.1519,53.7593,52.5871,52.1984,51.8106,51.4238,51.4238,50.6531,48.3648,45.3698,44.6313,44.2635,46.8592,51.8106,63.4442,91.3151,99.8876,140.994,186.037,138.287,122.942,130.274
1987-09-01 00:00:00,2,55.7321,55.3356,55.3356,54.9401,54.5455,54.1519,54.9401,55.3356,57.3275,58.9381,57.3275,58.1309,58.5341,57.7288,57.3275,57.7288,58.1309,58.9381,58.9381,59.3431,59.3431,60.1559,78.5072,89.4456,88.9803,90.8465,82.5525,71.0557,65.5292,64.6925,
1987-08-01 00:00:00,2,68.9123,68.9123,68.4863,68.0611,68.0611,67.6369,67.6369,67.2136,66.7911,66.7911,66.3696,65.949,65.1104,64.2755,63.4442,63.03,62.6166,60.9724,60.5637,60.1559,59.749,59.749,59.3431,58.9381,58.9381,58.5341,58.1309,57.7288,57.3275,56.9272,56.1295
1987-07-01 00:00:00,2,88.9803,88.0521,87.5892,86.2056,85.7461,85.2873,84.3724,83.9162,82.0997,82.5525,82.0997,82.0997,83.0062,82.5525,80.7461,80.2966,79.4002,76.7314,76.2896,75.4086,74.9694,74.0935,73.2212,72.3524,72.3524,71.9193,71.4871,71.0557,70.6253,70.6253,71.0557
1987-06-01 00:00:00,2,116.264,114.741,110.712,108.716,107.227,105.745,104.27,103.291,102.802,100.371,99.8876,104.761,99.8876,98.9223,98.4408,97.4803,96.523,96.0455,95.093,94.6179,93.1976,92.2547,90.3787,90.3787,92.2547,94.1437,93.6702,93.1976,92.7257,91.7845,
1987-05-01 00:00:00,2,150.328,149.773,148.666,147.562,146.46,143.718,141.537,139.909,137.748,135.063,133.993,132.927,131.333,130.803,129.746,128.691,128.165,128.691,129.218,133.993,133.46,129.218,127.114,125.544,122.424,121.39,121.39,120.874,116.773,115.248,117.283
1987-04-01 00:00:00,2,134.528,133.993,134.528,144.265,187.829,285.178,385.745,419.848,414.351,389.566,383.459,362.367,359.39,360.877,342.451,299.014,244.867,237.705,233.184,219.169,187.829,184.251,179.516,188.428,184.251,177.164,166.711,160.997,157.601,150.883,
1987-03-01 00:00:00,2,187.829,178.927,176.577,175.407,173.073,167.862,164.417,163.846,163.846,169.593,165.563,182.47,201.76,199.314,194.45,183.657,180.695,181.878,189.027,193.24,188.428,177.751,212.896,194.45,177.751,169.015,162.704,159.863,158.166,128.691,125.544
1987-02-01 00:00:00,2,448.541,428.541,396.48,370.6,361.622,388.036,394.17,381.938,373.611,362.367,335.181,322.241,281.055,276.951,256.742,252.102,253.425,260.743,273.547,328.687,345.375,322.955,286.558,252.763,212.896,192.637,191.431,189.627,,,
1987-01-01 00:00:00,2,632.604,648.916,656.75,672.623,681.562,683.36,659.376,630.056,624.141,594.355,543.952,464.784,408.102,378.144,334.457,305.984,285.178,264.764,260.074,268.131,291.402,325.816,329.406,325.1,381.938,431.718,454.202,471.341,479.585,472.163,459.888
1986-12-01 00:00:00,2,57.7288,83.9162,132.927,144.813,143.172,129.746,131.864,120.874,95.093,90.3787,94.1437,96.523,109.713,137.209,229.333,204.833,284.49,247.49,204.833,175.407,146.46,115.248,104.27,146.46,270.158,422.212,478.758,520.741,556.135,577.469,600.882
1986-11-01 00:00:00,2,46.1125,46.1125,46.4854,46.1125,46.8592,49.8864,51.038,52.5871,54.5455,54.9401,51.4238,58.9381,67.2136,97.0013,129.746,107.723,83.0062,68.0611,63.4442,58.1309,55.3356,47.9869,47.2341,46.4854,45.3698,44.6313,44.2635,44.2635,46.8592,52.9769,
1986-10-01 00:00:00,2,52.1984,54.9401,56.1295,56.1295,54.5455,52.1984,51.038,51.038,49.1236,48.3648,47.9869,47.2341,47.2341,46.8592,43.5311,43.1664,42.8028,45.7407,46.1125,46.1125,43.5311,44.6313,47.61,56.5279,75.8486,74.0935,64.6925,54.5455,52.5871,51.8106,47.61
1986-09-01 00:00:00,2,68.4863,66.7911,64.6925,63.8594,63.8594,63.4442,63.03,62.6166,62.2042,61.7927,60.5637,58.9381,58.1309,58.1309,57.7288,56.5279,55.3356,55.3356,54.9401,54.5455,54.1519,53.7593,52.9769,52.1984,52.1984,51.038,50.6531,51.4238,52.1984,52.1984,
1986-08-01 00:00:00,2,73.6569,73.2212,72.7864,72.3524,71.4871,70.1957,68.4863,67.2136,65.5292,64.6925,65.1104,65.1104,64.6925,64.6925,65.1104,65.5292,71.0557,88.9803,97.4803,86.666,77.6176,75.4086,76.2896,80.2966,87.5892,84.8294,81.1965,80.7461,84.8294,78.0619,71.9193
1986-07-01 00:00:00,2,77.6176,77.6176,79.848,79.848,80.2966,91.3151,89.9117,84.3724,82.0997,79.4002,76.7314,75.8486,74.9694,74.0935,73.6569,72.7864,72.3524,71.9193,71.4871,71.0557,70.6253,68.9123,70.1957,77.174,83.9162,99.4045,97.9602,95.093,84.3724,79.4002,75.4086
1986-06-01 00:00:00,2,99.4045,98.9223,97.9602,97.4803,91.7845,89.4456,90.3787,90.8465,88.5158,86.666,86.666,85.7461,85.7461,84.8294,84.3724,83.9162,86.2056,85.7461,85.2873,84.8294,83.9162,82.5525,81.6476,80.7461,80.7461,80.2966,79.848,79.848,78.0619,77.6176,
1986-05-01 00:00:00,2,135.598,127.639,120.359,117.794,116.773,114.741,113.729,112.72,112.72,118.818,126.067,132.395,133.993,125.544,113.729,118.818,127.114,125.022,118.305,111.715,112.217,113.224,113.224,113.224,110.712,108.219,104.761,103.291,100.371,99.4045,99.4045
1986-04-01 00:00:00,2,233.828,230.614,219.799,196.877,181.286,173.073,167.286,160.43,156.475,152.554,150.328,146.46,144.813,143.172,145.91,150.883,154.79,147.011,145.91,142.081,136.672,126.59,118.818,128.165,129.746,127.114,131.333,139.909,150.883,150.883,
1986-03-01 00:00:00,2,288.63,274.907,275.588,271.512,288.63,305.984,327.251,329.406,343.181,369.849,368.348,349.043,323.669,311.603,298.32,269.481,231.256,217.28,200.536,202.988,202.988,201.76,198.094,192.637,190.829,198.703,216.652,220.431,223.596,241.603,250.122
1986-02-01 00:00:00,2,247.232,231.795,209.948,210.561,226.102,229.258,233.705,228.626,254.428,259.047,251.803,231.16,226.102,207.502,239.468,335.181,386.508,443.71,501.266,511.392,517.334,516.484,509.7,492.05,438.099,401.888,354.942,323.669,,,
1986-01-01 00:00:00,2,494.926,437.418,385.628,356.912,287.398,213.636,245.931,293.613,337.009,410.439,466.668,508.435,522.077,519.509,522.077,530.67,543.657,561.152,569.975,577.071,561.152,537.582,539.315,491.57,446.282,397.187,349.492,313.969,283.281,271.738,258.386
1985-12-01 00:00:00,2,139.723,128.295,116.737,114.277,149.337,131.376,126.765,120.712,115.259,94.8499,77.2118,72.5985,69.7175,67.2825,64.8794,61.3355,68.496,92.5727,109.417,107.016,104.634,102.743,101.803,142.901,186.554,213.02,250.493,327.577,421.471,471.61,494.926
1985-11-01 00:00:00,2,70.1265,82.7974,100.865,112.811,175.529,201.433,192.455,165.876,134.484,81.0635,70.5363,67.2825,64.482,62.9015,60.9463,59.784,57.8654,56.7252,54.8437,54.0976,53.3553,53.726,58.6301,62.9015,66.8797,77.6363,84.1067,110.867,116.737,136.048,
1985-10-01 00:00:00,2,75.9432,74.2639,86.3056,68.0906,67.2825,67.2825,69.7175,72.5985,67.6861,67.2825,68.9023,67.2825,64.482,61.7256,60.9463,59.3985,58.2473,57.1044,56.7252,55.9698,55.2181,55.9698,54.8437,54.4702,54.8437,60.5579,64.482,72.1843,78.9151,74.6825,71.3585
1985-09-01 00:00:00,2,68.0906,67.6861,66.8797,66.0769,66.0769,66.4779,68.0906,72.5985,74.6825,73.8463,72.1843,70.5363,68.9023,67.6861,65.6769,64.482,63.2953,62.1167,61.3355,60.9463,59.784,59.0138,61.3355,65.6769,73.4295,84.5448,88.5253,79.3431,77.2118,72.5985,
1985-08-01 00:00:00,2,84.1067,83.233,82.7974,82.3627,81.0635,80.2016,79.3431,78.488,78.0617,77.6363,77.2118,77.2118,77.2118,75.9432,73.8463,73.4295,73.4295,73.0135,73.0135,72.5985,72.1843,72.1843,71.771,71.3585,70.947,70.1265,69.7175,69.7175,69.7175,69.3095,68.496
1985-07-01 00:00:00,2,103.687,103.215,101.803,100.398,99.931,99.4651,98.5356,98.0721,97.1474,96.226,95.7665,95.3078,94.3928,93.0265,92.1197,91.6675,91.2162,90.3159,90.3159,89.867,89.4189,88.5253,88.0797,85.8641,84.1067,85.8641,85.4235,84.5448,84.5448,84.1067,83.6694
1985-06-01 00:00:00,2,131.892,131.376,129.833,131.892,132.927,131.892,130.861,128.295,124.735,122.215,121.212,120.212,119.215,119.215,118.718,118.221,117.231,115.751,114.768,113.788,112.811,111.837,111.352,110.383,109.417,107.494,106.538,106.061,105.585,105.109,
1985-05-01 00:00:00,2,190.087,187.141,185.968,184.213,182.464,180.721,178.407,173.24,170.394,163.075,159.738,156.425,154.231,156.425,155.876,154.779,153.139,150.962,149.337,147.718,146.643,145.57,144.5,146.643,146.643,145.57,139.723,138.669,137.094,135.005,132.927
1985-04-01 00:00:00,2,391.007,368.903,346.54,326.135,316.104,308.304,287.398,267.707,263.031,259.047,258.386,254.428,251.148,245.931,234.342,231.16,229.258,229.892,245.282,261.701,278.507,257.064,235.62,219.837,210.561,204.459,199.025,195.431,194.239,193.049,
1985-03-01 00:00:00,2,437.418,432.611,428.621,420.68,410.439,393.32,397.187,427.028,455.21,451.956,460.108,474.915,454.396,443.858,449.521,459.29,468.313,499.133,536.716,547.14,552.379,555.005,551.504,537.582,523.791,505.892,474.915,457.656,451.144,448.71,426.233
1985-02-01 00:00:00,2,956.431,1016.85,1083.01,1144.31,1147.98,1047.88,986.365,946.574,1054.85,1162.72,1108.01,736.292,688.26,673.146,619.403,567.323,558.515,487.387,480.72,430.215,398.738,366.644,362.889,364.39,358.403,374.954,407.306,441.439,,,
1985-01-01 00:00:00,2,255.086,288.086,281.914,263.697,216.728,187.141,251.148,371.924,393.32,403.404,431.013,477.4,468.313,439.025,411.223,381.803,368.903,371.168,394.093,438.221,475.743,525.508,543.657,553.254,580.63,623.056,645.143,682.578,832.967,851.306,907.749
1984-12-01 00:00:00,2,195.431,183.046,167.001,163.075,198.424,235.62,234.342,219.837,231.795,294.306,318.958,315.392,302.676,287.398,309.01,341.396,362.889,406.525,412.008,399.514,385.628,354.68,278.507,243.986,204.459,173.811,169.827,195.431,194.239,191.862,198.424
1984-11-01 00:00:00,2,57.1044,53.3553,49.7007,50.424,49.7007,48.9813,48.2658,47.1997,46.8463,49.3405,50.424,50.7871,49.7007,57.1044,61.3355,62.1167,64.0856,58.2473,52.2489,50.424,67.2825,101.803,171.53,164.754,143.434,109.899,112.324,180.721,217.97,210.561,
1984-10-01 00:00:00,2,70.5363,68.0906,64.0856,60.9463,59.784,58.6301,57.8654,55.9698,55.2181,53.726,54.8437,57.1044,57.1044,58.6301,60.9463,62.1167,64.8794,70.5363,78.9151,87.6349,90.7656,108.935,129.833,103.687,117.726,107.974,71.771,70.1265,69.7175,64.8794,61.7256
1984-09-01 00:00:00,2,63.69,64.482,63.69,62.9015,61.7256,60.5579,60.5579,64.0856,82.3627,97.6093,110.383,112.811,101.803,77.2118,69.3095,65.6769,64.482,64.482,62.9015,61.3355,62.9015,63.2953,72.5985,82.7974,85.8641,74.2639,68.9023,77.6363,73.8463,75.9432,
1984-08-01 00:00:00,2,64.0856,64.0856,63.2953,62.9015,62.5087,62.1167,62.1167,61.7256,61.3355,60.9463,59.784,59.0138,58.6301,58.6301,58.2473,57.8654,57.4844,57.4844,57.1044,57.1044,57.4844,58.2473,59.3985,61.3355,63.2953,65.6769,66.8797,66.4779,65.2777,64.482,64.0856
1984-07-01 00:00:00,2,76.3652,75.9432,75.9432,76.3652,75.9432,74.6825,72.1843,68.496,68.496,68.496,68.9023,69.3095,69.3095,69.7175,70.1265,69.3095,68.496,68.0906,67.6861,66.8797,66.4779,66.0769,66.0769,65.6769,65.2777,65.2777,65.2777,64.8794,64.482,64.0856,64.0856
1984-06-01 00:00:00,2,94.8499,93.9366,93.0265,92.5727,91.6675,91.2162,90.3159,89.4189,88.9717,88.5253,87.6349,86.7478,86.3056,85.4235,84.9837,84.1067,83.6694,82.7974,82.3627,81.4957,81.0635,80.2016,79.7719,78.9151,78.488,77.6363,77.2118,76.7881,76.3652,76.3652,
1984-05-01 00:00:00,2,142.37,152.049,161.96,175.529,171.53,158.078,143.434,130.861,124.229,121.212,121.713,120.212,115.751,112.324,109.417,107.016,106.061,107.974,109.899,117.231,129.833,125.749,115.259,108.454,105.109,101.803,100.398,99.4651,98.5356,97.1474,95.7665
1984-04-01 00:00:00,2,153.957,168.665,175.597,162.39,164.094,180.855,179.682,168.092,160.692,158.437,150.07,137.094,133.445,130.346,125.242,122.717,121.212,119.713,118.221,117.231,119.713,122.717,124.735,125.749,127.785,129.319,130.861,132.927,134.484,147.718,
1984-03-01 00:00:00,2,169.814,164.094,160.127,156.752,160.127,165.804,170.966,175.597,183.796,188.535,189.13,193.312,192.713,204.809,241.833,254.822,249.6,230.964,209.714,189.13,173.277,169.814,171.543,172.12,180.855,177.344,162.958,152.287,145.121,141.851,142.394
1984-02-01 00:00:00,2,344.335,322.216,306.112,280.091,263.381,250.251,240.546,239.261,258.761,268.692,260.738,251.555,243.767,237.338,230.964,226.536,226.536,227.167,214.655,202.98,198.127,190.919,184.387,182.618,179.097,179.097,180.268,177.928,174.436,,
1984-01-01 00:00:00,2,659.253,669.038,653.935,644.222,636.309,624.935,618.837,580.952,538.01,460.103,486.443,456.153,426.493,393.71,363.977,341.454,322.216,306.112,295.066,285.508,279.417,276.723,287.547,301.263,313.081,331.434,353.749,370.602,378.007,375.781,362.51
1983-12-01 00:00:00,2,269.359,268.692,302.646,325.752,347.946,389.953,402.017,390.703,387.704,406.571,438.125,476.811,510.792,527.234,548.856,557.246,558.929,566.521,568.213,606.7,614.494,609.295,603.247,603.247,611.026,616.23,619.707,632.802,641.581,645.984,653.05
1983-11-01 00:00:00,2,211.562,227.167,243.767,298.504,369.127,402.775,405.051,383.219,363.977,313.081,262.058,256.789,306.112,363.244,408.092,431.134,436.568,474.412,450.642,415.728,399.746,405.811,413.432,411.141,394.463,355.933,327.169,310.288,300.573,278.742,
1983-10-01 00:00:00,2,127.96,120.672,121.188,120.157,118.102,116.06,114.535,116.06,117.591,120.157,149.518,125.341,146.216,176.761,202.371,272.029,358.121,370.602,400.502,392.958,369.864,366.917,362.51,349.394,377.265,378.007,345.778,301.263,258.103,226.536,215.896
1983-09-01 00:00:00,2,121.188,120.157,119.128,120.157,122.222,124.82,127.435,135.383,145.121,150.07,148.966,146.216,142.938,138.066,141.308,146.216,144.574,144.574,161.257,176.761,184.387,186.161,171.543,152.287,142.938,147.864,153.4,155.632,150.624,139.144,
1983-08-01 00:00:00,2,161.257,160.127,158.999,156.752,152.287,151.178,149.518,148.415,147.314,145.668,145.121,142.394,141.851,140.225,138.066,135.918,134.314,133.781,133.248,133.248,132.185,130.595,128.485,129.539,129.539,128.485,126.91,126.386,124.299,123.259,121.705
1983-07-01 00:00:00,2,200.549,199.337,198.732,198.127,197.523,195.715,193.912,191.516,190.322,187.941,184.977,182.029,180.855,176.761,173.856,172.12,170.966,169.814,171.543,173.856,172.698,176.179,192.114,193.912,186.754,178.512,176.179,170.966,168.092,165.804,163.525
1983-06-01 00:00:00,2,385.46,415.728,468.831,463.271,446.718,429.585,428.812,407.331,389.203,363.244,336.432,332.86,324.336,311.683,266.032,267.361,270.026,268.692,270.026,253.514,233.507,230.964,229.063,227.798,225.905,223.389,221.508,207.87,201.763,199.337,
1983-05-01 00:00:00,2,443.587,433.46,431.909,427.266,424.179,400.502,378.007,366.917,352.295,341.454,320.1,317.99,314.481,304.724,297.815,286.187,278.069,275.379,268.692,260.738,260.738,257.446,254.167,255.477,268.692,276.723,302.646,283.473,282.119,322.922,330.722
1983-04-01 00:00:00,2,554.724,550.531,533.028,496.947,467.24,448.286,423.409,426.493,447.502,449.856,468.831,515.707,523.108,555.564,561.456,567.367,580.1,598.938,593.782,586.928,575.846,562.299,556.405,534.687,515.707,514.067,509.156,504.262,467.24,464.064,
1983-03-01 00:00:00,2,598.078,576.696,556.405,546.347,550.531,554.724,559.771,566.521,569.906,573.298,573.298,567.367,557.246,539.674,528.06,506.707,488.861,472.815,460.894,466.445,488.055,505.892,522.284,538.842,550.531,561.456,567.367,570.754,566.521,562.299,559.771
1983-02-01 00:00:00,2,543.007,505.076,599.799,660.141,686.048,788.149,1203.84,1662.55,1477.06,1356.49,1550.57,1722.61,1717.94,1603.74,1430.61,1269.05,1177.57,1093.68,1023.7,966.349,917.365,842.107,796.995,730.659,693.251,785.213,657.479,639.822,,,
1983-01-01 00:00:00,2,463.271,513.247,525.582,565.676,584.365,598.938,603.247,612.759,617.968,617.099,614.494,617.099,631.927,676.184,662.806,640.701,625.807,683.353,682.456,679.765,680.662,670.822,660.141,617.099,699.573,699.573,638.943,621.448,583.511,545.511,524.757
1982-12-01 00:00:00,2,114.028,125.341,127.435,119.128,133.248,163.525,181.442,203.589,211.562,217.139,235.42,245.06,227.798,188.535,179.682,200.549,247.651,298.504,322.922,310.288,293.694,304.724,328.589,344.335,355.933,359.582,358.851,336.432,350.118,472.815,454.576
1982-11-01 00:00:00,2,127.96,107.009,95.3148,90.5714,80.8664,72.3946,67.6289,65.0735,65.0735,69.3499,78.608,81.7754,80.413,95.3148,90.1013,91.5139,114.535,138.605,141.308,135.383,133.781,139.684,146.216,140.225,129.012,107.506,92.4595,95.7934,107.506,105.03,
1982-10-01 00:00:00,2,75.9251,78.1588,79.5089,81.3205,86.3691,91.5139,91.9863,86.3691,77.2628,75.9251,77.2628,81.3205,89.632,99.6495,106.019,105.03,97.7154,87.2974,78.608,74.5949,76.8161,77.7104,86.8328,98.1978,101.108,94.3599,85.4439,83.1451,84.9826,100.135,131.125
1982-09-01 00:00:00,2,85.9061,85.9061,85.4439,85.4439,84.9826,84.522,84.0622,83.6032,83.1451,82.2312,82.6877,81.3205,80.413,79.5089,79.058,78.1588,77.7104,77.2628,76.8161,76.3702,75.9251,75.4809,75.0374,74.5949,72.3946,71.5204,71.0846,70.6496,71.0846,73.7122,
1982-08-01 00:00:00,2,111.505,110.501,109.5,109,108.501,107.506,107.009,106.514,106.514,104.537,103.554,103.063,102.573,101.596,99.1648,96.7529,96.2727,95.7934,95.3148,94.837,93.8837,93.4082,92.9334,92.4595,91.0422,90.5714,90.1013,89.632,88.6958,87.7628,87.2974
1982-07-01 00:00:00,2,145.668,145.121,144.574,143.483,142.938,141.851,141.308,140.766,140.225,139.144,138.605,138.605,137.528,136.991,136.454,133.248,132.185,129.539,127.435,126.386,125.864,125.341,123.778,121.188,119.642,118.102,116.569,115.042,113.522,112.512,112.512
1982-06-01 00:00:00,2,184.387,180.855,178.512,177.344,173.856,170.966,168.092,173.856,173.277,172.12,170.39,168.665,168.092,167.519,166.947,166.375,163.525,159.563,155.632,154.514,153.957,152.843,151.732,151.732,151.178,150.624,148.966,147.864,146.765,146.216,
1982-05-01 00:00:00,2,265.369,260.738,257.446,252.86,247.651,242.477,237.979,233.507,230.33,227.798,225.905,222.135,217.761,214.655,212.797,210.329,208.484,206.032,202.371,200.549,199.943,198.732,199.943,201.156,207.87,208.484,206.032,206.644,202.98,195.113,189.13
1982-04-01 00:00:00,2,651.282,650.398,649.514,647.749,653.935,647.749,638.943,624.935,621.448,592.066,563.143,534.687,504.262,476.811,462.478,456.153,449.856,439.684,421.1,395.216,371.341,348.669,330.011,315.883,299.193,293.694,286.187,281.442,276.051,270.026,
1982-03-01 00:00:00,2,347.946,353.749,372.079,372.079,380.238,395.97,445.935,442.806,468.035,492.09,523.108,566.521,562.299,574.147,586.073,613.626,639.822,667.256,692.349,727.852,727.852,688.746,677.078,665.475,661.029,659.253,657.479,655.706,654.821,653.05,652.166
1982-02-01 00:00:00,2,779.361,753.346,736.292,719.469,705.625,699.573,699.573,694.153,677.078,663.695,653.05,636.309,609.295,598.938,589.495,569.906,544.676,537.179,499.382,461.686,424.95,391.454,367.653,350.843,339.299,335.717,347.946,347.223,,,
1982-01-01 00:00:00,2,536.348,537.179,543.007,549.693,598.078,654.821,675.289,689.646,700.477,702.876,705.625,705.625,698.669,696.861,719.469,741.951,741.951,736.292,727.852,719.469,705.625,699.573,695.958,695.055,694.153,698.669,727.852,761.959,796.995,811.869,794.04
1981-12-01 00:00:00,2,287.547,319.396,349.394,369.127,391.454,391.454,392.206,378.007,361.045,353.749,397.479,482.422,518.17,554.724,585.219,611.026,632.802,653.05,666.365,672.608,678.869,677.078,657.479,638.943,619.707,611.893,605.836,599.799,580.952,559.771,543.007
1981-11-01 00:00:00,2,166.947,146.216,126.386,126.386,141.308,196.317,221.508,199.943,183.207,235.42,225.275,261.398,365.446,386.955,384.712,382.473,369.864,375.781,381.728,388.453,395.216,396.724,398.99,371.341,335.002,304.031,300.573,297.127,293.694,290.957,
1981-10-01 00:00:00,2,53.1778,53.1778,55.1736,61.3,67.6289,74.1531,79.9606,74.1531,75.4809,94.837,192.713,164.094,146.216,202.98,284.151,309.59,314.481,317.99,299.883,258.761,241.833,248.3,220.257,173.277,132.716,108.003,96.2727,109.5,130.595,146.216,163.525
1981-09-01 00:00:00,2,53.5751,53.5751,53.5751,53.1778,53.1778,53.1778,52.7815,52.7815,52.3861,51.9916,51.2056,50.8141,50.0338,49.2575,48.8708,48.485,48.8708,49.2575,49.2575,48.8708,48.8708,48.485,48.1002,48.1002,47.3336,47.3336,46.9518,46.571,46.1912,49.2575,
1981-08-01 00:00:00,2,62.5499,62.1324,61.7158,61.3,61.3,60.8852,60.4713,60.0583,58.8248,57.5994,57.5994,56.7871,56.7871,56.3823,56.3823,54.7726,60.4713,61.7158,61.3,62.9683,68.0578,68.9183,63.8077,59.6462,57.1928,55.9785,54.7726,53.9733,53.9733,53.9733,53.5751
1981-07-01 00:00:00,2,86.3691,84.9826,83.6032,82.6877,82.2312,82.2312,81.3205,80.413,79.5089,77.7104,73.7122,71.5204,69.7823,69.7823,69.3499,68.9183,68.4877,67.6289,66.7736,65.9218,65.9218,65.9218,65.4972,64.6507,64.2288,63.8077,63.8077,63.8077,63.3875,63.3875,62.9683
1981-06-01 00:00:00,2,96.7529,93.8837,90.1013,87.7628,88.6958,89.1635,97.7154,106.514,121.188,132.716,118.615,103.063,100.621,100.135,100.135,99.6495,99.1648,98.1978,96.7529,96.2727,96.2727,95.3148,94.837,94.3599,93.8837,92.9334,91.0422,90.1013,89.1635,87.2974,
1981-05-01 00:00:00,2,129.539,131.654,127.435,131.125,141.851,141.851,133.781,120.672,109.5,107.506,106.019,103.554,102.084,101.108,99.6495,99.1648,97.7154,96.2727,95.7934,95.3148,94.3599,93.4082,93.4082,93.4082,93.8837,93.8837,92.4595,90.5714,90.1013,91.9863,94.3599
1981-04-01 00:00:00,2,403.533,406.571,373.559,340.017,276.051,216.517,201.156,180.855,165.233,158.999,150.07,148.415,146.765,144.028,138.066,132.716,129.539,128.485,127.435,126.386,124.82,122.222,125.864,118.615,116.569,117.079,120.672,120.157,117.591,120.672,
1981-03-01 00:00:00,2,117.079,114.535,112.512,111.505,111.505,114.535,126.386,139.684,160.692,181.442,189.13,178.512,156.191,138.066,124.299,116.569,112.512,127.435,236.059,261.398,240.546,257.446,262.058,241.833,217.139,184.977,164.094,182.618,200.549,263.381,337.148
1981-02-01 00:00:00,2,297.127,268.027,250.903,234.144,215.896,198.732,183.796,195.113,245.707,233.507,229.063,246.354,257.446,261.398,248.95,216.517,189.13,169.814,156.191,147.864,142.394,138.605,134.848,131.125,127.435,123.259,121.705,119.642,,,
1981-01-01 00:00:00,2,158.437,146.765,134.848,126.386,117.951,112.597,111.011,109.435,108.911,108.388,153.4,164.663,220.257,303.338,377.265,426.493,457.732,475.211,481.619,476.011,457.732,440.463,436.568,423.409,460.894,477.611,475.211,452.214,414.197,367.653,337.865
1980-12-01 00:00:00,2,110.485,117.411,170.966,228.43,270.693,276.723,262.719,249.6,239.261,229.063,220.882,212.179,198.732,187.347,172.698,155.073,145.668,136.991,125.341,115.261,111.011,107.347,101.183,100.17,112.597,120.666,128.485,133.248,138.066,150.624,159.563
1980-11-01 00:00:00,2,52.7116,52.7116,52.7116,51.5532,51.1694,58.6619,80.8076,109.435,123.778,138.605,166.375,227.167,299.193,276.723,234.782,180.268,123.778,109.435,89.7913,81.2707,87.3894,94.6752,86.9122,108.388,115.261,129.012,149.518,144.574,136.454,113.66,
1980-10-01 00:00:00,2,72.2175,73.5473,68.2881,64.8717,63.1906,62.3569,61.5277,60.7032,61.1149,59.4749,58.257,58.6619,59.0678,61.5277,64.0289,66.5708,65.719,64.0289,63.6092,63.1906,61.5277,59.4749,57.0496,55.8525,55.0603,54.6659,54.6659,53.8807,53.4898,53.1001,52.7116
