DataHora,NivelConsistencia,Vazao01,Vazao02,Vazao03,Vazao04,Vazao05,Vazao06,Vazao07,Vazao08,Vazao09,Vazao10,Vazao11,Vazao12,Vazao13,Vazao14,Vazao15,Vazao16,Vazao17,Vazao18,Vazao19,Vazao20,Vazao21,Vazao22,Vazao23,Vazao24,Vazao25,Vazao26,Vazao27,Vazao28,Vazao29,Vazao30,Vazao31
2023-04-01 00:00:00,2,183.504,185.169,181.843,180.187,180.187,176.889,176.889,173.61,173.61,180.187,203.792,215.927,221.194,212.438,200.365,207.237,231.846,253.609,233.636,207.237,196.956,193.565,190.193,181.843,173.61,168.635,166.847,173.61,191.877,212.438,
2023-03-01 00:00:00,2,383.486,356.612,324.381,302.78,291.195,296.97,298.903,283.549,300.84,338.365,340.378,334.351,306.673,300.84,302.78,293.116,275.967,260.996,248.111,240.84,230.06,228.278,230.06,228.278,219.434,212.438,210.7,205.512,195.258,190.193,186.839
2023-02-01 00:00:00,2,766.891,743.673,715.598,685.357,643.216,601.915,552.088,515.034,501.346,503.62,517.327,501.346,474.317,469.858,503.62,519.622,517.327,521.921,531.147,545.08,542.75,542.75,538.099,501.346,463.193,428.153,404.565,396.091,,,
2023-01-01 00:00:00,2,580.397,575.649,589.931,573.279,559.124,635.866,660.468,723.222,787.714,843.19,856.57,861.941,845.861,819.271,803.445,798.19,800.816,800.816,824.568,837.856,837.856,832.533,837.856,832.533,837.856,840.522,835.193,829.875,819.271,813.985,792.947
2022-12-01 00:00:00,2,90.5716,93.3633,127.926,181.843,185.169,193.565,210.7,244.467,277.857,298.903,298.903,249.94,208.966,202.076,217.679,237.23,239.033,222.959,219.434,224.728,260.996,340.378,383.486,385.578,366.876,350.496,342.394,338.365,406.693,503.62,547.413
2022-11-01 00:00:00,2,50.8053,59.8585,65.8237,94.7723,123.166,110.838,91.9631,85.0933,70.7626,73.2871,81.0774,103.407,100.494,100.494,100.494,91.9631,90.5716,104.877,151.112,165.067,146.01,116.935,97.6161,90.5716,86.4497,82.4071,93.3633,99.051,96.1899,94.7723,
2022-10-01 00:00:00,2,62.2166,68.2748,72.0203,72.0203,79.7565,83.7458,86.4497,87.8149,83.7458,81.0774,85.0933,85.0933,77.1417,69.5141,65.8237,61.0328,57.5381,55.2555,53.0112,50.8053,50.8053,50.8053,50.8053,51.9034,53.0112,51.9034,49.7169,49.7169,50.8053,50.8053,49.7169
2022-09-01 00:00:00,2,56.392,56.392,55.2555,55.2555,55.2555,54.1286,54.1286,54.1286,53.0112,53.0112,51.9034,50.8053,50.8053,50.8053,50.8053,50.8053,48.6382,48.6382,47.5692,47.5692,47.5692,50.8053,49.7169,50.8053,51.9034,53.0112,57.5381,57.5381,57.5381,57.5381,
2022-08-01 00:00:00,2,75.8478,74.5629,74.5629,74.5629,72.0203,72.0203,72.0203,72.0203,69.5141,69.5141,69.5141,69.5141,69.5141,69.5141,69.5141,69.5141,69.5141,69.5141,68.2748,67.0446,64.612,64.612,64.612,62.2166,61.0328,59.8585,59.8585,59.8585,59.8585,57.5381,57.5381
2022-07-01 00:00:00,2,96.1899,96.1899,96.1899,96.1899,94.7723,93.3633,93.3633,93.3633,91.9631,90.5716,90.5716,87.8149,87.8149,86.4497,85.0933,85.0933,85.0933,85.0933,85.0933,82.4071,82.4071,82.4071,79.7565,79.7565,79.7565,79.7565,78.4446,78.4446,77.1417,77.1417,75.8478
2022-06-01 00:00:00,2,126.331,126.331,123.166,123.166,120.034,120.034,116.935,116.935,115.398,110.838,113.87,113.87,113.87,112.35,110.838,109.335,107.84,104.877,104.877,104.877,104.877,104.877,104.877,104.877,103.407,101.947,99.051,99.051,97.6161,96.1899,
2022-05-01 00:00:00,2,166.847,166.847,163.295,159.774,159.774,158.026,158.026,156.285,152.828,149.403,149.403,146.01,144.325,142.649,142.649,142.649,142.649,149.403,166.847,168.635,158.026,147.702,142.649,139.32,136.024,136.024,132.76,132.76,129.529,129.529,126.331
2022-04-01 00:00:00,2,244.467,244.467,244.467,242.652,246.287,244.467,237.23,230.06,224.728,221.194,221.194,226.501,228.278,224.728,221.194,228.278,231.846,224.728,212.438,205.512,198.658,193.565,190.193,186.839,183.504,180.187,176.889,175.247,173.61,170.351,
2022-03-01 00:00:00,2,848.534,821.919,806.076,746.242,675.367,650.592,592.322,535.779,481.031,443.378,415.236,396.091,375.152,368.94,381.397,419.528,441.193,443.378,419.528,385.578,358.657,332.35,316.473,300.84,293.116,281.648,277.857,274.082,266.58,259.143,246.287
2022-02-01 00:00:00,2,601.915,589.931,597.112,609.141,628.542,633.422,643.216,685.357,685.357,723.222,735.983,813.985,880.818,926.621,909.061,880.818,935.463,944.347,911.976,911.976,935.463,959.245,962.239,956.257,944.347,917.82,900.343,880.818,,,
2022-01-01 00:00:00,2,320.419,400.322,628.542,650.592,713.063,824.568,897.447,926.621,986.353,1160.12,1614.52,1955.82,1785.14,1642.25,1605.34,1576.01,1470.76,1408.61,1379.83,1330.16,1253.92,1176.6,1111.35,1032.36,953.272,917.82,903.245,880.818,843.19,766.891,657.994
2021-12-01 00:00:00,2,260.996,228.278,205.512,205.512,205.512,191.877,207.237,207.237,239.033,262.853,239.033,208.966,228.278,222.959,285.455,310.582,350.496,391.875,410.957,419.528,423.834,417.38,375.152,330.352,291.195,255.449,231.846,208.966,224.728,272.2,304.725
2021-11-01 00:00:00,2,291.195,281.648,295.041,326.368,342.394,310.582,275.967,257.294,242.652,235.431,469.858,535.779,845.861,764.3,348.465,293.116,214.18,161.531,127.926,136.024,137.668,168.635,215.927,230.06,215.927,185.169,183.504,166.847,165.067,219.434,
2021-10-01 00:00:00,2,32.7344,32.7344,32.7344,32.7344,33.6518,36.4666,41.3628,42.3723,44.4214,63.4096,68.2748,72.0203,74.5629,116.935,142.649,295.041,266.58,251.772,253.609,255.449,289.277,302.78,302.78,300.84,277.857,249.94,237.23,235.431,287.364,346.438,322.398
2021-09-01 00:00:00,2,39.3739,39.3739,39.3739,38.3946,38.3946,38.3946,38.3946,37.4255,36.4666,36.4666,36.4666,35.518,34.5798,33.6518,33.6518,33.6518,33.6518,32.7344,32.7344,32.7344,31.8273,31.8273,31.8273,30.9308,30.9308,30.9308,30.9308,30.0449,30.0449,30.9308,
2021-08-01 00:00:00,2,47.5692,47.5692,47.5692,46.5101,46.5101,46.5101,46.5101,45.4608,44.4214,44.4214,44.4214,44.4214,44.4214,44.4214,43.3919,43.3919,43.3919,42.3723,42.3723,42.3723,42.3723,42.3723,41.3628,41.3628,41.3628,40.3633,40.3633,40.3633,40.3633,40.3633,40.3633
2021-07-01 00:00:00,2,56.392,56.392,56.392,56.392,56.392,55.2555,55.2555,54.1286,54.1286,54.1286,54.1286,54.1286,51.9034,51.9034,51.9034,51.9034,50.8053,50.8053,49.7169,49.7169,49.7169,49.7169,49.7169,49.7169,48.6382,48.6382,48.6382,47.5692,47.5692,47.5692,47.5692
2021-06-01 00:00:00,2,65.8237,65.8237,65.8237,65.8237,65.8237,65.8237,64.612,64.612,64.612,64.612,63.4096,63.4096,62.2166,62.2166,62.2166,62.2166,62.2166,61.0328,61.0328,61.0328,59.8585,59.8585,59.8585,59.8585,59.8585,58.6936,58.6936,57.5381,57.5381,56.392,
2021-05-01 00:00:00,2,96.1899,91.9631,86.4497,82.4071,82.4071,81.0774,81.0774,79.7565,78.4446,78.4446,77.1417,75.8478,74.5629,73.2871,72.0203,72.0203,72.0203,72.0203,70.7626,70.7626,69.5141,69.5141,68.2748,68.2748,68.2748,68.2748,67.0446,67.0446,67.0446,67.0446,65.8237
2021-04-01 00:00:00,2,186.839,186.839,185.169,185.169,183.504,183.504,181.843,180.187,178.536,175.247,173.61,171.978,168.635,166.847,163.295,159.774,156.285,154.553,152.828,149.403,146.01,144.325,139.32,131.141,121.596,118.48,115.398,110.838,104.877,100.494,
2021-03-01 00:00:00,2,281.648,277.857,281.648,296.97,300.84,300.84,300.84,302.78,304.725,306.673,308.626,310.582,314.505,316.473,318.444,312.542,306.673,302.78,298.903,295.041,291.195,287.364,279.75,248.111,242.652,233.636,228.278,222.959,205.512,200.365,195.258
2021-02-01 00:00:00,2,113.87,109.335,109.335,109.335,110.838,112.35,112.35,115.398,116.935,118.48,123.166,123.166,124.744,126.331,129.529,129.529,137.668,142.649,144.325,154.553,173.61,219.434,235.431,255.449,277.857,281.648,279.75,279.75,,,
2021-01-01 00:00:00,2,408.823,381.397,322.398,295.041,289.277,285.455,274.082,240.84,235.431,231.846,228.278,226.501,242.652,249.94,270.323,314.505,320.419,352.531,342.394,332.35,308.626,283.549,274.082,215.927,171.978,136.024,127.926,124.744,121.596,118.48,115.398
2020-12-01 00:00:00,2,103.476,109.102,119.173,120.635,128.028,135.561,138.612,154.188,163.784,209.18,237.701,274.947,298.109,288.386,274.947,261.715,248.693,246.85,263.592,294.208,325.876,352.356,338.016,331.928,356.488,377.378,405.095,429.032,440.057,444.492,437.845
2020-11-01 00:00:00,2,106.277,111.951,120.635,128.028,128.028,126.538,122.102,122.102,122.102,116.267,114.822,110.523,110.523,113.384,113.384,114.822,119.173,119.173,119.173,117.717,114.822,114.822,111.951,110.523,110.523,110.523,106.277,104.874,103.476,103.476,
2020-10-01 00:00:00,2,63.1353,61.8768,60.6268,58.1525,56.9282,55.7127,54.5059,54.5059,53.308,52.119,52.119,52.119,50.939,49.768,50.939,52.119,54.5059,55.7127,54.5059,54.5059,54.5059,52.119,52.119,54.5059,69.3405,89.8358,87.1825,87.1825,87.1825,89.8358,100.699
2020-09-01 00:00:00,2,71.8088,71.8088,70.5712,69.3405,69.3405,68.1168,68.1168,66.9,65.6775,65.6775,64.4022,63.1353,63.1353,63.1353,61.8768,60.6268,60.6268,59.3854,59.3854,59.3854,60.6268,61.8768,61.8768,63.1353,64.4022,65.6775,68.1168,69.3405,66.9,65.6775,
2020-08-01 00:00:00,2,85.8653,85.8653,84.5546,84.5546,83.2504,83.2504,81.9526,81.9526,81.9526,80.6614,80.6614,80.6614,80.6614,79.3767,79.3767,78.0987,78.0987,76.8273,76.8273,75.5625,75.5625,74.3045,75.5625,75.5625,75.5625,75.5625,76.8273,76.8273,75.5625,74.3045,73.0533
2020-07-01 00:00:00,2,109.102,109.102,109.102,107.687,107.687,106.277,104.874,103.476,102.085,102.085,100.699,99.3198,99.3198,97.9464,97.9464,96.5792,96.5792,95.2181,93.8632,93.8632,93.8632,92.5145,92.5145,91.172,91.172,89.8358,89.8358,88.506,88.506,87.1825,87.1825
2020-06-01 00:00:00,2,152.607,149.46,146.333,144.779,143.229,140.145,138.612,137.083,135.561,135.561,134.043,132.531,131.025,129.524,126.538,125.054,123.575,122.102,120.635,120.635,119.173,119.173,117.717,116.267,116.267,114.822,113.384,111.951,111.951,110.523,
2020-05-01 00:00:00,2,193.656,190.259,186.881,183.522,180.183,176.863,175.211,173.564,171.921,170.284,167.024,165.402,162.172,162.172,162.172,162.172,162.172,163.784,165.402,163.784,160.565,157.366,154.188,154.188,158.963,163.784,173.564,186.881,185.199,171.921,160.565
2020-04-01 00:00:00,2,303.993,309.913,319.86,325.876,317.863,300.067,290.322,273.044,263.592,265.474,273.044,276.854,271.145,261.715,252.391,246.85,248.693,252.391,256.108,241.347,239.522,230.462,225.08,221.514,221.514,223.295,219.739,212.681,203.963,198.788,
2020-03-01 00:00:00,2,695.906,745.238,761.164,779.954,796.24,809.938,834.887,820.981,818.213,815.45,818.213,818.213,820.981,818.213,809.938,793.514,769.189,726.869,668.108,597.508,539.776,497.838,470.11,448.941,422.461,396.5,366.886,340.053,319.86,305.962,300.067
2020-02-01 00:00:00,2,553.367,530.807,502.173,478.558,470.11,463.822,463.822,482.81,508.711,533.042,546.55,546.55,533.042,521.913,526.351,539.776,569.435,604.631,616.595,611.796,611.796,611.796,611.796,609.403,611.796,616.595,621.413,648.243,693.355,,
2020-01-01 00:00:00,2,141.684,128.028,125.054,131.025,141.684,181.85,265.474,298.109,263.592,237.701,241.347,234.073,214.438,193.656,183.522,175.211,167.024,165.402,178.521,181.85,181.85,202.233,239.522,276.854,364.799,484.943,546.55,569.435,581.051,576.391,567.125
2019-12-01 00:00:00,2,116.267,173.564,210.928,265.474,257.972,252.391,261.715,261.715,243.177,226.869,203.963,203.963,261.715,360.636,385.839,360.636,327.89,276.854,219.739,180.183,165.402,155.774,147.894,163.784,170.284,186.881,245.011,250.54,221.514,186.881,162.172
2019-11-01 00:00:00,2,60.6268,60.6268,63.1353,70.5712,74.3045,76.8273,68.1168,65.6775,59.3854,58.1525,56.9282,55.7127,53.308,48.6062,47.4535,47.4535,47.4535,48.6062,48.6062,50.939,55.7127,63.1353,70.5712,81.9526,93.8632,110.523,128.028,122.102,111.951,96.5792,
2019-10-01 00:00:00,2,89.8358,84.5546,74.3045,74.3045,70.5712,61.8768,56.9282,47.4535,49.768,55.7127,59.3854,65.6775,76.8273,83.2504,93.8632,81.9526,71.8088,64.4022,60.6268,58.1525,55.7127,54.5059,55.7127,56.9282,58.1525,64.4022,61.8768,60.6268,59.3854,58.1525,59.3854
2019-09-01 00:00:00,2,66.9,71.8088,69.3405,69.3405,69.3405,66.9,65.6775,68.1168,71.8088,69.3405,59.3854,61.8768,66.9,71.8088,71.8088,69.3405,68.1168,70.5712,73.0533,74.3045,73.0533,71.8088,74.3045,71.8088,74.3045,84.5546,92.5145,97.9464,95.2181,92.5145,
2019-08-01 00:00:00,2,81.9526,81.9526,84.5546,81.9526,79.3767,79.3767,76.8273,79.3767,79.3767,76.8273,76.8273,74.3045,71.8088,74.3045,74.3045,71.8088,71.8088,71.8088,71.8088,71.8088,70.5712,66.9,66.9,71.8088,71.8088,69.3405,71.8088,66.9,66.9,68.1168,69.3405
2019-07-01 00:00:00,2,100.699,99.3198,97.9464,97.9464,96.5792,95.2181,93.8632,92.5145,92.5145,91.172,89.8358,89.8358,89.8358,88.506,88.506,88.506,87.1825,87.1825,87.1825,85.8653,84.5546,84.5546,83.2504,83.2504,81.9526,81.9526,81.9526,80.6614,80.6614,79.3767,78.0987
2019-06-01 00:00:00,2,132.531,135.561,132.531,132.531,131.025,129.524,129.524,126.538,123.575,122.102,120.635,120.635,122.102,120.635,119.173,117.717,117.717,116.267,114.822,113.384,111.951,110.523,109.102,107.687,106.277,104.874,104.874,103.476,103.476,102.085,
2019-05-01 00:00:00,2,209.18,261.715,259.841,252.391,235.885,212.681,188.568,186.881,181.85,183.522,176.863,175.211,173.564,170.284,168.651,165.402,167.024,173.564,180.183,200.508,245.011,239.522,217.967,207.436,214.438,202.233,181.85,165.402,155.774,151.03,147.894
2019-04-01 00:00:00,2,398.643,385.839,409.415,352.356,321.862,286.453,263.592,257.972,250.54,246.85,256.108,250.54,246.85,243.177,246.85,252.391,261.715,259.841,276.854,276.854,282.601,284.525,274.947,252.391,232.265,223.295,223.295,217.967,212.681,214.438,
2019-03-01 00:00:00,2,418.097,470.11,560.226,713.887,815.45,906.151,947.318,953.272,906.151,809.938,698.46,616.595,564.821,539.776,517.494,500.003,476.439,453.404,429.032,418.097,420.277,650.71,548.818,528.577,515.291,493.521,455.504,411.58,368.977,333.954,307.935
2019-02-01 00:00:00,2,154.188,140.145,134.043,120.635,114.822,111.951,138.612,143.229,155.774,235.885,276.854,245.011,190.259,168.651,168.651,183.522,191.955,193.656,292.263,578.719,739.967,724.263,711.304,804.445,801.706,635.978,521.913,440.057,,,
2019-01-01 00:00:00,2,335.983,368.977,371.071,350.296,335.983,313.88,292.263,280.681,267.36,243.177,217.967,197.073,183.522,170.284,162.172,155.774,151.03,147.894,143.229,140.145,137.083,132.531,131.025,134.043,132.531,128.028,125.054,128.028,143.229,157.366,151.03
2018-12-01 00:00:00,2,551.09,555.649,537.526,533.042,519.701,504.348,468.009,478.558,407.253,340.053,323.867,278.766,243.177,230.462,216.201,221.514,195.362,209.18,191.955,188.568,188.568,188.568,188.568,186.881,191.955,188.568,186.881,183.522,186.881,195.362,190.259
2018-11-01 00:00:00,2,68.1168,68.1168,70.5712,71.8088,80.6614,95.2181,97.9464,123.575,152.607,162.172,205.697,305.962,442.273,424.647,424.647,418.097,366.886,294.208,290.322,325.876,362.715,373.17,457.577,484.943,519.701,526.351,517.494,535.282,519.701,533.042,
2018-10-01 00:00:00,2,39.6483,35.4027,35.4027,38.5719,50.939,58.1525,63.1353,58.1525,63.1353,66.9,71.8088,68.1168,64.4022,60.6268,60.6268,59.3854,64.4022,60.6268,61.8768,66.9,70.5712,71.8088,69.3405,66.9,69.3405,74.3045,79.3767,85.8653,95.2181,102.085,96.5792
2018-09-01 00:00:00,2,39.6483,38.5719,38.5719,37.5054,36.449,36.449,35.4027,34.3665,33.3407,33.3407,32.3253,33.3407,32.3253,33.3407,33.3407,33.3407,33.3407,35.4027,40.7345,45.176,50.939,54.5059,52.119,53.308,50.939,45.176,40.7345,38.5719,36.449,35.4027,
2018-08-01 00:00:00,2,45.176,47.4535,47.4535,50.939,50.939,52.119,52.119,54.5059,54.5059,55.7127,54.5059,53.308,52.119,50.939,48.6062,47.4535,46.3101,45.176,44.0513,41.8305,41.8305,41.8305,40.7345,40.7345,40.7345,40.7345,39.6483,39.6483,39.6483,39.6483,39.6483
2018-07-01 00:00:00,2,52.119,52.119,52.119,50.939,50.939,50.939,49.768,48.6062,48.6062,48.6062,48.6062,47.4535,47.4535,46.3101,46.3101,46.3101,45.176,45.176,45.176,45.176,45.176,44.0513,44.0513,44.0513,42.9361,42.9361,41.8305,41.8305,42.9361,44.0513,44.0513
2018-06-01 00:00:00,2,66.9,68.1168,66.9,64.4022,64.4022,63.1353,61.8768,60.6268,60.6268,60.6268,59.3854,60.6268,59.3854,56.9282,58.1525,56.9282,56.9282,55.7127,56.9282,56.9282,55.7127,55.7127,54.5059,54.5059,54.5059,54.5059,53.308,53.308,52.119,52.119,
2018-05-01 00:00:00,2,76.8273,76.8273,74.3045,74.3045,74.3045,76.8273,80.6614,78.0987,74.3045,71.8088,69.3405,66.9,69.3405,66.9,69.3405,69.3405,69.3405,70.5712,69.3405,68.1168,56.9282,70.5712,84.5546,88.506,91.172,89.8358,88.506,84.5546,76.8273,69.3405,68.1168
2018-04-01 00:00:00,2,119.173,113.384,107.687,109.102,116.267,123.575,132.531,135.561,125.054,117.717,109.102,104.874,102.085,99.3198,96.5792,93.8632,93.8632,92.5145,95.2181,96.5792,93.8632,91.172,88.506,87.1825,84.5546,83.2504,81.9526,80.6614,79.3767,78.0987,
2018-03-01 00:00:00,2,256.108,223.295,217.967,217.967,217.967,223.295,230.462,241.347,252.391,259.841,282.601,303.993,311.894,303.993,292.263,282.601,256.108,205.697,162.172,170.284,178.521,193.656,200.508,197.073,188.568,183.522,186.881,178.521,170.284,160.565,125.054
2018-02-01 00:00:00,2,132.531,149.46,176.863,171.921,181.85,188.568,198.788,210.928,221.514,239.522,239.522,209.18,186.881,170.284,158.963,143.229,132.531,123.575,114.822,119.173,146.333,193.656,214.438,232.265,245.011,252.391,243.177,250.54,,,
2018-01-01 00:00:00,2,126.538,143.229,152.607,167.024,221.514,282.601,358.56,407.253,442.273,463.822,472.215,468.009,420.277,366.886,315.869,288.386,274.947,252.391,232.265,205.697,183.522,163.784,157.366,147.894,135.561,129.524,134.043,135.561,137.083,134.043,129.524
2017-12-01 00:00:00,2,165.402,173.564,185.199,364.799,433.431,472.215,472.215,433.431,415.921,405.095,394.361,379.488,333.954,256.108,234.073,209.18,175.211,154.188,138.612,134.043,131.025,123.575,113.384,110.523,113.384,113.384,107.687,104.874,103.476,111.951,120.635
2017-11-01 00:00:00,2,33.9064,49.519,62.1035,69.3405,63.292,47.3304,40.9579,37.8839,34.8875,35.8775,45.1736,47.3304,44.1073,43.0493,40.9579,45.1736,41.9994,37.8839,35.8775,36.8764,44.1073,50.625,85.8653,170.284,257.972,245.011,223.295,191.955,175.211,168.651,
2017-10-01 00:00:00,2,31.0174,31.9712,35.8775,38.9,48.4207,58.5818,65.6902,55.1264,47.3304,41.9994,38.9,34.8875,31.9712,31.0174,30.0728,29.1375,28.2118,27.2957,25.4926,25.4926,25.4926,24.606,24.606,24.606,25.4926,26.3892,26.3892,27.2957,28.2118,31.0174,31.9712
2017-09-01 00:00:00,2,31.0174,31.0174,31.0174,31.0174,31.0174,30.0728,30.0728,30.0728,30.0728,30.0728,30.0728,30.0728,30.0728,30.0728,30.0728,30.0728,30.0728,30.0728,30.0728,30.0728,30.0728,30.0728,30.0728,30.0728,30.0728,30.0728,30.0728,30.0728,30.0728,31.0174,
2017-08-01 00:00:00,2,40.9579,39.9247,39.9247,39.9247,39.9247,39.9247,38.9,38.9,37.8839,37.8839,37.8839,37.8839,36.8764,36.8764,36.8764,35.8775,35.8775,34.8875,34.8875,33.9064,33.9064,32.9343,32.9343,32.9343,31.9712,31.9712,31.9712,31.9712,31.9712,31.9712,31.0174
2017-07-01 00:00:00,2,51.7389,51.7389,51.7389,50.625,49.519,48.4207,47.3304,47.3304,46.248,46.248,46.248,46.248,46.248,46.248,46.248,46.248,45.1736,45.1736,45.1736,44.1073,44.1073,44.1073,44.1073,43.0493,43.0493,43.0493,41.9994,41.9994,41.9994,41.9994,40.9579
2017-06-01 00:00:00,2,66.9,63.292,60.9224,60.9224,59.7484,59.7484,58.5818,58.5818,58.5818,57.4226,56.2708,55.1264,56.2708,55.1264,57.4226,59.7484,68.1168,95.2181,91.172,71.8088,66.9,62.1035,59.7484,63.292,57.4226,56.2708,56.2708,55.1264,53.9896,52.8604,
2017-05-01 00:00:00,2,63.292,68.1168,66.9,64.4875,62.1035,60.9224,59.7484,60.9224,64.4875,68.1168,71.8088,68.1168,63.292,60.9224,59.7484,58.5818,59.7484,66.9,71.8088,70.5712,70.5712,81.9526,92.5145,99.3198,113.384,116.267,92.5145,85.8653,80.6614,76.8273,69.3405
2017-04-01 00:00:00,2,83.2504,80.6614,78.0987,75.5625,75.5625,79.3767,80.6614,81.9526,80.6614,76.8273,71.8088,73.0533,69.3405,68.1168,66.9,65.6902,63.292,62.1035,60.9224,57.4226,56.2708,62.1035,64.4875,63.292,60.9224,58.5818,58.5818,59.7484,57.4226,56.2708,
2017-03-01 00:00:00,2,111.951,113.384,126.538,138.612,152.607,155.774,143.229,134.043,123.575,117.717,113.384,111.951,110.523,104.874,100.699,92.5145,85.8653,89.8358,95.2181,96.5792,103.476,113.384,119.173,111.951,100.699,95.2181,87.1825,83.2504,81.9526,88.506,88.506
2017-02-01 00:00:00,2,137.083,131.025,131.025,138.612,210.928,300.067,325.876,331.928,315.869,298.109,276.854,265.474,257.972,225.08,168.651,149.46,125.054,120.635,119.173,116.267,111.951,100.699,96.5792,95.2181,93.8632,93.8632,92.5145,92.5145,,,
2017-01-01 00:00:00,2,117.717,110.523,102.085,95.2181,92.5145,95.2181,92.5145,92.5145,92.5145,89.8358,92.5145,93.8632,97.9464,109.102,120.635,126.538,129.524,135.561,170.284,191.955,219.739,237.701,228.663,207.436,188.568,157.366,152.607,149.46,146.333,143.229,146.333
2016-12-01 00:00:00,2,99.3198,107.687,110.523,116.267,122.102,144.779,163.784,185.199,212.681,186.881,167.024,180.183,190.259,200.508,228.663,256.108,309.913,344.138,356.488,348.24,333.954,292.263,263.592,248.693,202.233,170.284,152.607,135.561,126.538,123.575,119.173
2016-11-01 00:00:00,2,70.5712,41.9994,41.9994,41.9994,38.9,41.9994,44.1073,55.1264,57.4226,55.1264,59.7484,65.6902,74.3045,73.0533,87.1825,141.684,234.073,202.233,165.402,147.894,147.894,138.612,132.531,120.635,119.173,117.717,126.538,123.575,113.384,100.699,
2016-10-01 00:00:00,2,33.9064,33.9064,33.9064,36.8764,39.9247,39.9247,39.9247,57.4226,60.9224,53.9896,49.519,47.3304,46.248,41.9994,43.0493,47.3304,56.2708,64.4875,68.1168,58.5818,63.292,74.3045,83.2504,89.8358,85.8653,81.9526,71.8088,62.1035,58.5818,63.292,79.3767
2016-09-01 00:00:00,2,43.0493,41.9994,40.9579,39.9247,39.9247,39.9247,38.9,38.9,38.9,37.8839,37.8839,36.8764,36.8764,35.8775,35.8775,35.8775,35.8775,35.8775,35.8775,33.9064,31.9712,31.9712,31.9712,31.9712,35.8775,36.8764,34.8875,34.8875,34.8875,34.8875,
2016-08-01 00:00:00,2,50.625,50.625,49.519,48.4207,48.4207,48.4207,47.3304,47.3304,46.248,46.248,45.1736,45.1736,45.1736,44.1073,44.1073,45.1736,45.1736,46.248,46.248,46.248,46.248,46.248,45.1736,45.1736,44.1073,43.0493,43.0493,43.0493,43.0493,43.0493,44.1073
2016-07-01 00:00:00,2,66.9,66.9,66.9,66.9,66.9,65.6902,64.4875,63.292,62.1035,60.9224,59.7484,57.4226,56.2708,56.2708,55.1264,55.1264,55.1264,53.9896,53.9896,52.8604,52.8604,52.8604,52.8604,52.8604,52.8604,51.7389,50.625,50.625,50.625,50.625,50.625
2016-06-01 00:00:00,2,69.3405,68.1168,64.4875,71.8088,104.874,109.102,119.173,129.524,123.575,120.635,110.523,97.9464,92.5145,87.1825,78.0987,75.5625,73.0533,73.0533,71.8088,71.8088,71.8088,70.5712,69.3405,68.1168,68.1168,68.1168,68.1168,69.3405,69.3405,66.9,
2016-05-01 00:00:00,2,95.2181,96.5792,102.085,107.687,102.085,93.8632,91.172,88.506,87.1825,84.5546,88.506,81.9526,80.6614,81.9526,79.3767,78.0987,78.0987,78.0987,76.8273,76.8273,76.8273,76.8273,76.8273,75.5625,75.5625,74.3045,73.0533,71.8088,71.8088,71.8088,70.5712
2016-04-01 00:00:00,2,250.54,219.739,178.521,151.03,147.894,138.612,134.043,123.575,117.717,117.717,116.267,113.384,110.523,109.102,106.277,104.874,103.476,102.085,100.699,99.3198,95.2181,95.2181,93.8632,91.172,89.8358,88.506,89.8358,87.1825,89.8358,91.172,
2016-03-01 00:00:00,2,205.697,205.697,200.508,183.522,188.568,186.881,197.073,210.928,223.295,202.233,188.568,180.183,181.85,317.863,354.421,321.862,274.947,217.967,195.362,171.921,162.172,157.366,149.46,143.229,138.612,146.333,152.607,202.233,223.295,274.947,267.36
2016-02-01 00:00:00,2,402.941,398.643,377.378,329.907,292.263,273.044,259.841,271.145,234.073,239.522,226.869,205.697,198.788,173.564,170.284,170.284,171.921,171.921,175.211,181.85,185.199,188.568,180.183,200.508,200.508,202.233,200.508,200.508,202.233,,
2016-01-01 00:00:00,2,135.561,149.46,140.145,129.524,125.054,137.083,167.024,186.881,168.651,146.333,151.03,168.651,205.697,207.436,210.928,292.263,500.003,628.675,739.967,769.189,716.474,711.304,766.509,734.714,633.539,530.807,435.636,400.79,394.361,400.79,405.095
2015-12-01 00:00:00,2,87.1825,80.6614,110.523,120.635,140.145,168.651,185.199,195.362,205.697,214.438,234.073,226.869,202.233,200.508,225.08,288.386,284.525,228.663,210.928,188.568,165.402,168.651,165.402,134.043,132.531,120.635,96.5792,92.5145,102.085,119.173,135.561
2015-11-01 00:00:00,2,43.0493,49.519,45.1736,44.1073,43.0493,48.4207,55.1264,50.625,47.3304,43.0493,45.1736,47.3304,57.4226,55.1264,55.1264,46.248,46.248,57.4226,79.3767,113.384,102.085,109.102,116.267,117.717,97.9464,84.5546,80.6614,99.3198,106.277,93.8632,
2015-10-01 00:00:00,2,48.4207,48.4207,48.4207,48.4207,47.3304,46.248,46.248,45.1736,44.1073,44.1073,44.1073,43.0493,41.9994,40.9579,39.9247,38.9,37.8839,36.8764,35.8775,35.8775,34.8875,34.8875,35.8775,35.8775,35.8775,36.8764,37.8839,40.9579,39.9247,39.9247,39.9247
2015-09-01 00:00:00,2,49.519,48.4207,48.4207,47.3304,46.248,46.248,46.248,46.248,50.625,55.1264,65.6902,100.699,135.561,120.635,111.951,103.476,89.8358,80.6614,79.3767,71.8088,65.6902,62.1035,57.4226,56.2708,55.1264,52.8604,50.625,50.625,49.519,48.4207,
2015-08-01 00:00:00,2,66.9,65.6902,64.4875,64.4875,62.1035,62.1035,62.1035,60.9224,59.7484,59.7484,59.7484,58.5818,57.4226,57.4226,55.1264,55.1264,53.9896,53.9896,53.9896,53.9896,52.8604,52.8604,52.8604,52.8604,52.8604,51.7389,51.7389,51.7389,50.625,50.625,49.519
2015-07-01 00:00:00,2,85.8653,84.5546,84.5546,84.5546,84.5546,84.5546,81.9526,81.9526,81.9526,81.9526,79.3767,79.3767,79.3767,79.3767,78.0987,76.8273,76.8273,75.5625,74.3045,74.3045,73.0533,71.8088,71.8088,70.5712,69.3405,69.3405,69.3405,68.1168,68.1168,66.9,66.9
2015-06-01 00:00:00,2,123.575,122.102,122.102,123.575,126.538,132.531,137.083,129.524,125.054,120.635,116.267,111.951,109.102,106.277,106.277,103.476,102.085,100.699,97.9464,95.2181,93.8632,96.5792,103.476,106.277,99.3198,95.2181,92.5145,89.8358,89.8358,87.1825,
2015-05-01 00:00:00,2,152.607,151.03,147.894,147.894,149.46,151.03,154.188,171.921,203.963,216.201,207.436,173.564,170.284,190.259,183.522,168.651,160.565,154.188,149.46,141.684,141.684,138.612,135.561,135.561,132.531,129.524,126.538,126.538,125.054,125.054,123.575
2015-04-01 00:00:00,2,405.095,409.415,411.58,390.092,381.601,371.071,346.187,338.016,335.983,292.263,246.85,241.347,232.265,226.869,207.436,197.073,186.881,183.522,180.183,176.863,173.564,170.284,163.784,195.362,230.462,217.967,183.522,171.921,165.402,157.366,
2015-03-01 00:00:00,2,167.024,171.921,173.564,165.402,155.774,144.779,140.145,151.03,163.784,183.522,265.474,377.378,453.404,491.369,482.81,474.324,453.404,480.681,480.681,476.439,474.324,472.215,480.681,506.527,530.807,542.029,533.042,510.9,478.558,435.636,411.58
2015-02-01 00:00:00,2,89.8358,89.8358,79.3767,71.8088,70.5712,110.523,92.5145,155.774,246.85,276.854,273.044,288.386,288.386,269.25,257.972,197.073,167.024,158.963,175.211,209.18,261.715,286.453,307.935,261.715,209.18,173.564,152.607,151.03,,,
2015-01-01 00:00:00,2,102.085,96.5792,104.874,114.822,137.083,134.043,137.083,138.612,123.575,117.717,111.951,114.822,125.054,131.025,132.531,95.2181,74.3045,68.1168,63.292,58.5818,57.4226,56.2708,57.4226,58.5818,59.7484,63.292,68.1168,81.9526,100.699,104.874,92.5145
2014-12-01 00:00:00,2,379.882,394.862,397.018,390.563,363,173.597,132.808,134.309,212.595,221.416,143.43,118.115,144.969,198.733,190.229,154.32,118.115,105.391,98.5341,94.4943,106.781,118.115,135.815,175.237,207.361,250.432,244.902,159.068,131.313,115.246,102.63
2014-11-01 00:00:00,2,43.3469,36.7977,34.6953,34.6953,38.941,38.941,43.3469,45.6082,44.4727,44.4727,52.6177,46.7531,44.4727,43.3469,43.3469,38.941,36.7977,38.941,37.8643,37.8643,35.7414,32.6346,31.6201,32.6346,36.7977,38.941,44.4727,81.443,241.237,334.079,
2014-10-01 00:00:00,2,24.826,24.826,24.826,24.826,24.826,24.826,24.826,24.826,24.826,22.9875,22.9875,22.9875,22.9875,22.0861,22.0861,22.0861,21.1968,21.1968,21.1968,20.3197,22.0861,28.6414,29.6234,30.6163,27.6706,31.6201,32.6346,31.6201,31.6201,31.6201,36.7977
2014-09-01 00:00:00,2,32.6346,32.6346,31.6201,31.6201,31.6201,31.6201,32.6346,32.6346,32.6346,31.6201,31.6201,30.6163,30.6163,29.6234,29.6234,28.6414,27.6706,26.711,26.711,26.711,26.711,26.711,26.711,26.711,25.7627,25.7627,25.7627,25.7627,25.7627,25.7627,
2014-08-01 00:00:00,2,66.66,61.9558,53.8181,51.4264,49.0712,46.7531,45.6082,44.4727,43.3469,43.3469,41.1243,40.0276,40.0276,38.941,38.941,38.941,38.941,37.8643,35.7414,35.7414,35.7414,35.7414,35.7414,35.7414,35.7414,35.7414,34.6953,33.6597,32.6346,32.6346,32.6346
2014-07-01 00:00:00,2,44.4727,44.4727,44.4727,43.3469,43.3469,42.2307,42.2307,41.1243,41.1243,41.1243,40.0276,40.0276,40.0276,40.0276,41.1243,42.2307,42.2307,41.1243,41.1243,41.1243,40.0276,40.0276,38.941,38.941,42.2307,43.3469,45.6082,46.7531,53.8181,58.5036,66.66
2014-06-01 00:00:00,2,59.647,57.3677,57.3677,56.2457,56.2457,55.0274,55.0274,55.0274,55.0274,52.6177,52.6177,51.4264,50.2442,50.2442,49.0712,47.9075,47.9075,47.9075,47.9075,47.9075,47.9075,46.7531,46.7531,46.7531,46.7531,45.6082,45.6082,45.6082,45.6082,44.4727,
2014-05-01 00:00:00,2,85.2903,80.1737,76.4062,72.6995,71.4777,69.0549,67.8539,66.66,66.66,64.2936,64.2936,63.121,63.121,61.9558,59.647,59.647,58.5036,58.5036,57.3677,57.3677,56.2457,56.2457,56.2457,57.3677,56.2457,56.2457,56.2457,57.3677,58.5036,60.7977,63.121
2014-04-01 00:00:00,2,71.4777,81.443,99.8931,113.82,123.923,128.34,119.558,105.391,91.8326,91.8326,89.1963,86.5858,84.0013,71.4777,78.9112,86.5858,89.1963,93.1602,99.8931,101.258,97.1812,89.1963,89.1963,85.2903,87.8878,101.258,115.246,118.115,109.578,95.8346,
2014-03-01 00:00:00,2,72.6995,72.6995,71.4777,72.6995,77.6553,81.443,87.8878,90.5112,98.5341,115.246,123.923,115.246,104.007,91.8326,84.0013,78.9112,73.9283,71.4777,69.0549,66.66,66.66,66.66,67.8539,72.6995,90.5112,94.4943,87.8878,82.7188,80.1737,75.1638,70.2628
2014-02-01 00:00:00,2,101.258,97.1812,91.8326,89.1963,87.8878,85.2903,82.7188,81.443,78.9112,78.9112,76.4062,73.9283,72.6995,71.4777,71.4777,70.2628,70.2628,70.2628,75.1638,84.0013,95.8346,93.1602,82.7188,76.4062,72.6995,70.2628,69.0549,66.66,,,
2014-01-01 00:00:00,2,198.733,193.616,210.846,214.35,197.023,167.088,151.182,138.844,131.313,125.39,121.007,116.677,113.82,110.986,109.578,106.781,104.007,102.63,101.258,105.391,115.246,135.815,143.43,138.844,140.367,137.327,135.815,132.808,123.923,113.82,105.391
2013-12-01 00:00:00,2,401.341,338.161,288.339,294.177,325.964,336.118,302.022,272.963,254.143,233.964,221.416,246.741,265.381,294.177,330.013,321.931,321.931,373.521,373.521,354.655,330.013,294.177,272.963,276.781,280.616,298.091,290.281,274.87,248.584,228.558,209.101
2013-11-01 00:00:00,2,63.121,65.4732,67.8539,72.6995,76.4062,72.6995,67.8539,66.66,69.0549,78.9112,109.578,119.558,108.177,93.1602,81.443,80.1737,82.7188,77.6553,73.9283,66.66,66.66,69.0549,66.66,66.66,73.9283,81.443,163.864,296.132,386.279,414.404,
2013-10-01 00:00:00,2,61.9558,61.9558,67.8539,75.1638,93.1602,102.63,99.8931,97.1812,93.1602,91.8326,85.2903,80.1737,80.1737,78.9112,73.9283,67.8539,66.66,70.2628,76.4062,97.1812,155.898,162.26,137.327,112.4,97.1812,87.8878,85.2903,77.6553,71.4777,66.66,65.4732
2013-09-01 00:00:00,2,64.4875,63.2919,62.1035,62.1035,63.2919,63.2919,64.4875,65.6902,68.1168,68.1168,66.9,64.4875,63.2919,62.1035,60.9224,59.7484,59.7484,60.9224,60.9224,63.2919,69.3405,73.0533,81.9526,84.5546,75.5625,65.4732,63.121,64.2936,65.4732,64.2936,
2013-08-01 00:00:00,2,85.8653,84.5546,84.5546,83.2504,81.9526,80.6614,79.3767,78.0987,78.0987,76.8273,76.8273,75.5625,75.5625,74.3045,73.0533,71.8088,71.8088,71.8088,71.8088,71.8088,70.5712,71.8088,76.8273,75.5625,73.0533,70.5712,69.3405,68.1168,66.9,65.6902,64.4875
2013-07-01 00:00:00,2,107.687,106.277,106.277,104.874,103.476,103.476,102.085,100.699,99.3198,99.3198,97.9464,97.9464,97.9464,96.5792,95.2181,95.2181,92.5145,92.5145,92.5145,91.172,89.8358,88.506,87.1825,87.1825,87.1825,85.8653,85.8653,87.1825,87.1825,87.1825,87.1825
2013-06-01 00:00:00,2,241.347,269.25,237.701,202.233,191.955,193.656,183.522,171.921,157.366,149.46,143.229,137.083,134.043,129.524,126.538,125.054,123.575,120.635,120.635,117.717,117.717,117.717,116.267,113.384,111.951,111.951,110.523,109.102,109.102,107.687,
2013-05-01 00:00:00,2,157.366,154.188,152.607,151.03,147.894,146.333,144.779,141.684,138.612,137.083,135.561,132.531,129.524,129.524,128.028,126.538,126.538,125.054,123.575,123.575,122.102,120.635,120.635,119.173,117.717,117.717,116.267,117.717,126.538,144.779,181.85
2013-04-01 00:00:00,2,286.453,252.391,261.715,235.885,245.011,273.044,282.601,288.386,294.208,300.067,290.322,273.044,254.247,256.108,286.453,333.954,325.876,302.028,274.947,237.701,217.967,202.233,191.955,185.199,181.85,173.564,171.921,168.651,167.024,165.402,
2013-03-01 00:00:00,2,197.073,216.201,228.663,248.693,325.876,379.488,368.977,342.094,317.863,294.208,257.972,248.693,230.462,239.522,267.36,286.453,261.715,237.701,234.073,217.967,203.963,200.508,202.233,216.201,225.08,228.663,256.108,294.208,313.88,335.983,319.86
2013-02-01 00:00:00,2,635.978,643.323,690.81,685.733,673.12,716.474,763.834,734.714,695.906,668.108,640.87,611.796,578.719,533.042,457.577,413.749,375.272,325.876,294.208,267.36,245.011,230.462,217.967,205.697,202.233,200.508,198.788,190.259,,,
2013-01-01 00:00:00,2,100.699,106.277,104.874,95.2181,91.172,85.8653,84.5546,81.9526,80.6614,97.9464,99.3198,116.267,185.199,309.913,335.983,302.028,288.386,309.913,366.886,352.356,305.962,259.841,219.739,221.514,219.739,198.788,186.881,286.453,415.921,564.821,604.631
2012-12-01 00:00:00,2,193.656,173.564,143.229,128.028,126.538,155.774,185.199,152.607,129.524,110.523,100.699,100.699,117.717,140.145,141.684,168.651,178.521,175.211,168.651,173.564,157.366,143.229,135.561,149.46,170.284,152.607,123.575,107.687,97.9464,95.2181,96.5792
2012-11-01 00:00:00,2,55.1264,52.8604,53.9896,55.1264,58.5818,62.1035,68.1168,84.5546,85.8653,91.172,92.5145,100.699,134.043,168.651,160.565,167.024,214.438,226.869,209.18,195.362,176.863,149.46,125.054,117.717,110.523,103.476,102.085,119.173,185.199,203.963,
2012-10-01 00:00:00,2,76.8273,66.9,64.4875,60.9224,59.7484,58.5818,57.4226,56.2708,55.1264,55.1264,53.9896,52.8604,53.9896,60.9224,55.1264,53.9896,56.2708,59.7484,58.5818,55.1264,53.9896,53.9896,55.1264,55.1264,55.1264,58.5818,64.4875,66.9,69.3405,68.1168,64.4875
2012-09-01 00:00:00,2,70.5712,69.3405,69.3405,69.3405,68.1168,66.9,65.6902,65.6902,64.4875,64.4875,64.4875,63.2919,63.2919,62.1035,62.1035,60.9224,59.7484,59.7484,59.7484,58.5818,58.5818,59.7484,59.7484,59.7484,60.9224,64.4875,64.4875,64.4875,79.3767,83.2504,
2012-08-01 00:00:00,2,88.506,88.506,87.1825,87.1825,85.8653,84.5546,84.5546,84.5546,83.2504,83.2504,81.9526,81.9526,81.9526,80.6614,79.3767,79.3767,79.3767,78.0987,78.0987,78.0987,76.8273,76.8273,75.5625,75.5625,74.3045,74.3045,73.0533,71.8088,71.8088,71.8088,70.5712
2012-07-01 00:00:00,2,120.635,117.717,116.267,114.822,111.951,110.523,109.102,107.687,106.277,104.874,104.874,103.476,102.085,102.085,100.699,100.699,99.3198,97.9464,97.9464,97.9464,99.3198,97.9464,97.9464,96.5792,95.2181,95.2181,95.2181,93.8632,92.5145,91.172,89.8358
2012-06-01 00:00:00,2,143.229,134.043,131.025,126.538,128.028,149.46,167.024,180.183,203.963,243.177,239.522,212.681,188.568,168.651,154.188,143.229,137.083,132.531,129.524,126.538,123.575,123.575,129.524,144.779,165.402,167.024,147.894,143.229,129.524,125.054,
2012-05-01 00:00:00,2,175.211,171.921,170.284,163.784,160.565,152.607,149.46,144.779,141.684,140.145,138.612,137.083,135.561,134.043,134.043,135.561,140.145,144.779,144.779,141.684,137.083,132.531,129.524,128.028,126.538,126.538,128.028,132.531,146.333,162.172,155.774
2012-04-01 00:00:00,2,263.592,267.36,271.145,261.715,243.177,223.295,216.201,212.681,221.514,234.073,228.663,216.201,205.697,195.362,183.522,178.521,175.211,190.259,190.259,191.955,191.955,181.85,170.284,167.024,167.024,167.024,170.284,167.024,168.651,167.024,
2012-03-01 00:00:00,2,245.011,232.265,223.295,216.201,210.928,207.436,202.233,197.073,195.362,193.656,190.259,186.881,185.199,188.568,198.788,223.295,228.663,250.54,280.681,311.894,311.894,282.601,248.693,230.462,252.391,296.156,302.028,296.156,278.766,261.715,257.972
2012-02-01 00:00:00,2,405.095,377.378,350.296,327.89,321.862,300.067,256.108,256.108,257.972,252.391,234.073,221.514,371.071,400.79,424.647,437.845,426.838,390.092,350.296,319.86,298.109,282.601,273.044,265.474,263.592,280.681,284.525,271.145,259.841,,
2012-01-01 00:00:00,2,493.521,569.435,607.015,643.323,868.734,941.381,947.318,851.727,701.02,675.634,739.967,888.784,1213.28,1405,1291.76,1133.98,968.24,807.19,829.311,732.094,660.624,635.978,635.978,553.367,515.292,453.404,424.647,390.092,373.17,364.799,385.839
2011-12-01 00:00:00,2,103.476,103.476,109.102,143.229,202.233,241.347,273.044,269.25,245.011,261.715,278.766,313.88,335.983,342.094,350.296,375.272,422.461,739.967,648.243,638.422,633.539,604.631,567.126,537.526,495.677,433.431,400.79,402.941,431.23,482.81,489.222
2011-11-01 00:00:00,2,103.476,99.3198,93.8632,85.8653,81.9526,78.0987,74.3045,71.8088,69.3405,68.1168,66.9,66.9,68.1168,66.9,71.8088,79.3767,89.8358,113.384,119.173,109.102,96.5792,85.8653,80.6614,79.3767,76.8273,78.0987,100.699,103.476,97.9464,102.085,
2011-10-01 00:00:00,2,60.9224,60.9224,59.7484,59.7484,60.9224,62.1035,64.4875,65.6902,65.6902,64.4875,64.4875,64.4875,65.6902,74.3045,80.6614,99.3198,104.874,102.085,110.523,119.173,113.384,104.874,100.699,92.5145,89.8358,92.5145,100.699,103.476,100.699,97.9464,99.3198
2011-09-01 00:00:00,2,78.0987,76.8273,76.8273,75.5625,74.3045,74.3045,74.3045,73.0533,71.8088,71.8088,70.5712,70.5712,69.3405,69.3405,68.1168,68.1168,66.9,66.9,75.5625,76.8273,74.3045,70.5712,68.1168,66.9,65.6902,65.6902,64.4875,64.4875,63.2919,62.1035,
2011-08-01 00:00:00,2,102.085,100.699,100.699,99.3198,97.9464,97.9464,97.9464,96.5792,96.5792,95.2181,95.2181,93.8632,92.5145,91.172,89.8358,89.8358,88.506,87.1825,87.1825,85.8653,85.8653,84.5546,84.5546,83.2504,81.9526,81.9526,81.9526,80.6614,80.6614,79.3767,79.3767
2011-07-01 00:00:00,2,135.561,134.043,132.531,131.025,129.524,129.524,128.028,126.538,125.054,122.102,120.635,120.635,120.635,119.173,117.717,116.267,114.822,113.384,111.951,111.951,111.951,110.523,109.102,107.687,106.277,106.277,104.874,104.874,104.874,103.476,103.476
2011-06-01 00:00:00,2,178.521,176.863,175.211,173.564,171.921,168.651,167.024,165.402,163.784,165.402,168.651,171.921,175.211,175.211,170.284,163.784,160.565,157.366,154.188,154.188,152.607,152.607,149.46,147.894,146.333,141.684,141.684,140.145,138.612,137.083,
2011-05-01 00:00:00,2,307.935,298.109,288.386,273.044,269.25,267.36,257.972,250.54,246.85,243.177,237.701,234.073,226.869,223.295,219.739,217.967,217.967,214.438,210.928,209.18,205.697,203.963,200.508,198.788,197.073,195.362,191.955,188.568,185.199,181.85,180.183
2011-04-01 00:00:00,2,771.873,716.474,645.781,607.015,611.796,626.25,628.675,621.413,607.015,590.428,564.821,548.818,542.029,526.351,497.838,457.577,424.647,396.5,368.977,346.187,333.954,323.867,315.869,305.962,298.109,292.263,294.208,296.156,303.993,313.88,
2011-03-01 00:00:00,2,267.36,305.962,358.56,390.092,398.643,474.324,546.55,645.781,711.304,716.474,788.076,798.97,801.706,793.514,807.19,832.097,848.909,848.909,900.344,935.463,938.42,953.272,965.237,965.237,959.246,947.318,929.564,909.061,885.906,851.727,818.213
2011-02-01 00:00:00,2,298.109,284.525,280.681,282.601,271.145,259.841,243.177,230.462,219.739,212.681,207.436,205.697,203.963,197.073,200.508,209.18,214.438,216.201,219.739,226.869,209.18,200.508,188.568,181.85,190.259,203.963,228.663,237.701,,,
2011-01-01 00:00:00,2,402.941,440.057,482.81,546.55,548.818,590.428,616.595,631.105,640.87,660.624,675.634,683.201,698.46,706.153,724.263,737.338,739.967,745.238,745.238,742.6,729.479,713.887,688.269,663.114,614.193,553.367,489.222,429.032,375.272,338.016,315.869
2010-12-01 00:00:00,2,239.522,207.436,263.592,358.56,368.977,368.977,422.461,433.431,451.171,429.032,390.092,354.421,313.88,286.453,271.145,256.108,276.854,335.983,338.016,298.109,257.972,225.08,205.697,197.073,190.259,239.522,296.156,305.962,321.862,400.79,394.361
2010-11-01 00:00:00,2,87.1825,97.9464,104.874,138.612,167.024,168.651,146.333,141.684,171.921,183.522,157.366,135.561,123.575,134.043,165.402,151.03,163.784,235.885,311.894,335.983,290.322,248.693,256.108,230.462,276.854,290.322,276.854,257.972,239.522,217.967,
2010-10-01 00:00:00,2,68.1168,80.6614,99.3198,97.9464,97.9464,116.267,123.575,137.083,170.284,163.784,147.894,140.145,120.635,100.699,88.506,84.5546,80.6614,78.0987,85.8653,96.5792,95.2181,91.172,88.506,80.6614,73.0533,69.3405,75.5625,73.0533,76.8273,84.5546,95.2181
2010-09-01 00:00:00,2,51.7389,50.625,50.625,49.519,49.519,48.4207,48.4207,48.4207,48.4207,47.3304,47.3304,47.3304,48.4207,48.4207,48.4207,48.4207,47.3304,46.248,46.248,45.1736,45.1736,44.1074,45.1736,46.248,46.248,46.248,46.248,48.4207,56.2708,60.9224,
2010-08-01 00:00:00,2,66.9,65.6902,65.6902,65.6902,64.4875,64.4875,64.4875,63.2919,62.1035,60.9224,60.9224,59.7484,59.7484,58.5818,58.5818,58.5818,57.4226,57.4226,56.2708,56.2708,56.2708,55.1264,55.1264,55.1264,53.9896,53.9896,53.9896,52.8604,52.8604,51.7389,51.7389
2010-07-01 00:00:00,2,81.9526,83.2504,80.6614,80.6614,79.3767,79.3767,79.3767,78.0987,78.0987,78.0987,76.8273,76.8273,76.8273,75.5625,75.5625,75.5625,75.5625,75.5625,76.8273,76.8273,75.5625,74.3045,73.0533,71.8088,71.8088,70.5712,70.5712,69.3405,68.1168,66.9,66.9
2010-06-01 00:00:00,2,111.951,109.102,109.102,107.687,106.277,106.277,104.874,104.874,104.874,103.476,102.085,100.699,99.3198,97.9464,96.5792,95.2181,93.8632,92.5145,91.172,89.8358,89.8358,89.8358,89.8358,88.506,87.1825,85.8653,84.5546,84.5546,83.2504,83.2504,
2010-05-01 00:00:00,2,134.043,134.043,132.531,135.561,135.561,132.531,129.524,126.538,125.054,123.575,123.575,126.538,129.524,129.524,128.028,125.054,122.102,119.173,117.717,122.102,120.635,128.028,138.612,141.684,131.025,123.575,119.173,117.717,120.635,120.635,117.717
2010-04-01 00:00:00,2,203.963,214.438,221.514,219.739,219.739,246.85,280.681,269.25,257.972,265.474,257.972,235.885,214.438,197.073,185.199,176.863,170.284,167.024,163.784,160.565,157.366,154.188,151.03,149.46,147.894,144.779,143.229,140.145,138.612,137.083,
2010-03-01 00:00:00,2,165.402,209.18,271.145,375.272,474.324,539.776,597.509,599.878,597.509,604.631,581.051,539.776,506.527,451.171,390.092,354.421,368.977,356.488,342.094,325.876,303.993,290.322,278.766,278.766,290.322,305.962,292.263,265.474,241.347,219.739,205.697
2010-02-01 00:00:00,2,284.525,250.54,217.967,193.656,178.521,167.024,162.172,181.85,195.362,181.85,167.024,158.963,151.03,147.894,146.333,138.612,131.025,128.028,131.025,129.524,131.025,135.561,138.612,134.043,128.028,126.538,132.531,147.894,,,
2010-01-01 00:00:00,2,364.799,368.977,344.138,315.869,298.109,259.841,234.073,219.739,223.295,228.663,248.693,250.54,232.265,200.508,183.522,176.863,191.955,197.073,190.259,186.881,181.85,171.921,165.402,165.402,168.651,200.508,259.841,340.053,366.886,356.488,325.876
2009-12-01 00:00:00,2,106.277,132.531,147.894,143.229,226.869,274.947,307.935,333.954,335.983,333.954,344.138,344.138,335.983,307.935,274.947,276.854,292.263,300.067,278.766,248.693,226.869,209.18,205.697,202.233,214.438,216.201,239.522,243.177,269.25,303.993,335.983
2009-11-01 00:00:00,2,160.565,144.779,131.025,119.173,116.267,132.531,146.333,152.607,143.229,134.043,286.453,243.177,225.08,243.177,248.693,217.967,181.85,147.894,132.531,125.054,125.054,125.054,116.267,107.687,102.085,96.5792,91.172,89.8358,88.506,96.5792,
2009-10-01 00:00:00,2,92.5145,88.506,85.8653,84.5546,84.5546,84.5546,84.5546,85.8653,84.5546,97.9464,129.524,152.607,154.188,131.025,113.384,107.687,102.085,114.822,138.612,154.188,155.774,176.863,202.233,210.928,193.656,176.863,155.774,147.894,160.565,202.233,185.199
2009-09-01 00:00:00,2,109.102,103.476,100.699,97.9464,97.9464,99.3198,103.476,106.277,109.102,111.951,109.102,104.874,103.476,102.085,96.5792,92.5145,89.8358,87.1825,87.1825,87.1825,84.5546,81.9526,81.9526,83.2504,92.5145,104.874,111.951,114.822,109.102,99.3198,
2009-08-01 00:00:00,2,114.822,111.951,110.523,109.102,107.687,106.277,106.277,104.874,104.874,103.476,102.085,100.699,99.3198,97.9464,96.5792,95.2181,95.2181,93.8632,93.8632,92.5145,92.5145,91.172,92.5145,95.2181,99.3198,110.523,119.173,141.684,137.083,126.538,116.267
2009-07-01 00:00:00,2,157.366,155.774,154.188,151.03,147.894,146.333,144.779,141.684,141.684,140.145,137.083,135.561,135.561,135.561,134.043,132.531,132.531,129.524,128.028,126.538,126.538,126.538,125.054,123.575,123.575,122.102,120.635,120.635,119.173,117.717,116.267
2009-06-01 00:00:00,2,195.362,193.656,193.656,198.788,198.788,191.955,188.568,186.881,183.522,181.85,180.183,178.521,178.521,180.183,180.183,178.521,175.211,173.564,170.284,167.024,165.402,163.784,163.784,160.565,158.963,157.366,155.774,155.774,155.774,154.188,
2009-05-01 00:00:00,2,290.322,284.525,284.525,284.525,288.386,294.208,298.109,303.993,302.028,292.263,269.25,259.841,254.247,256.108,252.391,243.177,239.522,235.885,232.265,228.663,225.08,221.514,217.967,216.201,212.681,209.18,207.436,203.963,202.233,200.508,197.073
2009-04-01 00:00:00,2,528.577,553.367,576.391,588.076,585.73,574.068,557.935,524.13,551.09,535.282,537.526,524.13,510.9,502.173,504.348,502.173,510.9,515.292,508.711,487.08,446.715,413.749,375.272,354.421,338.016,325.876,317.863,311.894,303.993,296.156,
2009-03-01 00:00:00,2,782.657,769.189,750.528,724.263,695.906,658.138,609.403,560.225,542.029,497.838,463.822,442.273,431.23,405.095,437.845,459.654,487.08,502.173,519.701,526.351,526.351,526.351,517.494,495.677,484.943,489.222,495.677,502.173,500.003,497.838,508.711
2009-02-01 00:00:00,2,761.164,771.873,782.657,793.514,804.445,807.19,809.939,818.213,823.753,823.753,818.213,809.939,801.706,804.445,790.793,779.954,774.562,766.509,763.834,763.834,769.189,771.873,782.657,793.514,801.706,801.706,796.24,790.793,,,
2009-01-01 00:00:00,2,703.584,706.153,706.153,711.304,750.528,729.479,713.887,690.81,655.658,602.252,521.913,448.941,390.092,335.983,307.935,290.322,290.322,331.928,400.79,459.654,530.807,602.252,616.595,653.182,668.108,688.269,690.81,739.967,753.18,753.18,755.837
2008-12-01 00:00:00,2,152.607,167.024,135.561,113.384,102.085,96.5792,93.8632,88.506,80.6614,78.0987,79.3767,79.3767,76.8273,75.5625,89.8358,202.233,394.361,508.711,571.749,597.509,607.015,602.252,576.391,546.55,571.749,521.913,567.126,648.243,706.153,706.153,703.584
2008-11-01 00:00:00,2,66.9,65.6902,64.4875,64.4875,65.6902,69.3405,69.3405,69.3405,75.5625,80.6614,89.8358,89.8358,106.277,123.575,146.333,144.779,144.779,202.233,178.521,149.46,135.561,132.531,122.102,106.277,97.9464,93.8632,100.699,96.5792,109.102,114.822,
2008-10-01 00:00:00,2,128.028,111.951,102.085,95.2181,92.5145,92.5145,91.172,137.083,120.635,117.717,116.267,129.524,132.531,120.635,107.687,93.8632,88.506,84.5546,80.6614,79.3767,78.0987,83.2504,81.9526,81.9526,81.9526,79.3767,76.8273,74.3045,71.8088,69.3405,66.9
2008-09-01 00:00:00,2,83.2504,84.5546,91.172,96.5792,92.5145,87.1825,84.5546,83.2504,80.6614,79.3767,79.3767,79.3767,78.0987,76.8273,75.5625,74.3045,74.3045,75.5625,78.0987,85.8653,96.5792,95.2181,100.699,114.822,135.561,131.025,140.145,144.779,134.043,138.612,
2008-08-01 00:00:00,2,110.523,109.102,109.102,107.687,106.277,107.687,109.102,111.951,114.822,117.717,114.822,110.523,106.277,104.874,103.476,102.085,100.699,97.9464,95.2181,93.8632,92.5145,92.5145,91.172,89.8358,88.506,88.506,88.506,87.1825,85.8653,84.5546,83.2504
2008-07-01 00:00:00,2,151.03,149.46,147.894,146.333,144.779,141.684,140.145,138.612,137.083,137.083,135.561,134.043,132.531,131.025,131.025,129.524,128.028,126.538,126.538,125.054,123.575,122.102,122.102,120.635,119.173,117.717,116.267,114.822,113.384,113.384,111.951
2008-06-01 00:00:00,2,198.788,198.788,197.073,197.073,197.073,195.362,193.656,190.259,186.881,183.522,180.183,178.521,176.863,173.564,171.921,171.921,171.921,168.651,163.784,162.172,160.565,160.565,158.963,157.366,155.774,155.774,155.774,154.188,154.188,151.03,
2008-05-01 00:00:00,2,333.954,321.862,313.88,307.935,305.962,300.067,294.208,286.453,278.766,271.145,265.474,261.715,257.972,254.247,250.54,246.85,243.177,239.522,235.885,234.073,230.462,228.663,225.08,221.514,217.967,214.438,210.928,207.436,205.697,202.233,200.508
2008-04-01 00:00:00,2,557.935,517.494,472.215,431.23,424.647,448.941,480.681,480.681,521.913,560.225,581.051,590.428,595.144,592.783,583.388,578.719,574.068,567.126,546.55,521.913,491.369,463.822,455.504,463.822,463.822,455.504,433.431,405.095,375.272,350.296,
2008-03-01 00:00:00,2,628.675,585.73,542.029,551.09,560.225,555.648,544.287,578.719,537.526,502.173,491.369,474.324,497.838,502.173,567.126,599.878,635.978,663.114,665.609,663.114,668.108,670.612,670.612,670.612,660.624,665.609,653.182,640.87,621.413,607.015,585.73
2008-02-01 00:00:00,2,788.076,788.076,796.24,820.981,846.096,877.299,983.323,1203.22,1354.88,1434.04,1445.01,1423.12,1383.41,1354.88,1295.23,1247.1,1179.91,1108.13,1041.69,986.353,941.381,891.667,848.909,804.445,774.562,747.881,701.02,665.609,633.539,,
2008-01-01 00:00:00,2,237.701,203.963,176.863,158.963,146.333,135.561,135.561,141.684,146.333,158.963,170.284,175.211,190.259,216.201,232.265,280.681,307.935,274.947,228.663,216.201,232.265,269.25,331.928,433.431,521.913,588.076,635.978,660.624,683.201,726.869,779.954
2007-12-01 00:00:00,2,106.277,93.8632,91.172,97.9464,85.8653,80.6614,74.3045,71.8088,84.5546,81.9526,87.1825,104.874,129.524,132.531,135.561,144.779,165.402,202.233,202.233,168.651,171.921,245.011,385.839,461.736,478.558,515.292,513.094,482.81,429.032,356.488,292.263
2007-11-01 00:00:00,2,59.7484,57.4226,53.9896,56.2708,60.9224,80.6614,106.277,126.538,163.784,210.928,198.788,155.774,128.028,110.523,113.384,140.145,155.774,138.612,114.822,103.476,92.5145,87.1825,84.5546,87.1825,89.8358,81.9526,76.8273,88.506,99.3198,111.951,
2007-10-01 00:00:00,2,48.4207,48.4207,48.4207,49.519,50.625,52.8604,53.9896,52.8604,49.519,48.4207,47.3304,45.1736,45.1736,44.1074,44.1074,43.0493,43.0493,41.9994,41.9994,43.0493,45.1736,51.7389,60.9224,58.5818,53.9896,53.9896,57.4226,62.1035,71.8088,75.5625,66.9
2007-09-01 00:00:00,2,64.4875,64.4875,63.2919,63.2919,62.1035,62.1035,62.1035,60.9224,60.9224,59.7484,59.7484,59.7484,58.5818,58.5818,57.4226,57.4226,57.4226,56.2708,56.2708,55.1264,55.1264,55.1264,52.8604,52.8604,51.7389,51.7389,49.519,48.4207,48.4207,48.4207,
2007-08-01 00:00:00,2,99.3198,97.9464,93.8632,89.8358,88.506,87.1825,84.5546,83.2504,81.9526,81.9526,80.6614,80.6614,79.3767,78.0987,78.0987,76.8273,76.8273,75.5625,74.3045,74.3045,73.0533,73.0533,71.8088,71.8088,70.5712,70.5712,69.3405,68.1168,66.9,65.6902,65.6902
2007-07-01 00:00:00,2,104.874,103.476,103.476,102.085,100.699,100.699,100.699,99.3198,97.9464,97.9464,96.5792,95.2181,92.5145,92.5145,91.172,91.172,91.172,89.8358,89.8358,88.506,88.506,88.506,87.1825,87.1825,85.8653,85.8653,84.5546,87.1825,89.8358,92.5145,95.2181
2007-06-01 00:00:00,2,144.779,141.684,138.612,135.561,134.043,132.531,129.524,128.028,126.538,125.054,123.575,122.102,120.635,119.173,119.173,117.717,116.267,116.267,114.822,113.384,111.951,110.523,110.523,109.102,109.102,107.687,106.277,106.277,106.277,106.277,
2007-05-01 00:00:00,2,202.233,202.233,190.259,183.522,176.863,173.564,168.651,165.402,163.784,163.784,162.172,158.963,155.774,154.188,152.607,151.03,149.46,147.894,146.333,144.779,143.229,141.684,140.145,138.612,138.612,143.229,151.03,154.188,147.894,144.779,144.779
2007-04-01 00:00:00,2,235.885,230.462,226.869,223.295,219.739,212.681,209.18,209.18,237.701,246.85,250.54,261.715,256.108,239.522,221.514,214.438,209.18,205.697,205.697,205.697,209.18,207.436,205.697,209.18,217.967,221.514,212.681,202.233,197.073,195.362,
2007-03-01 00:00:00,2,535.282,495.677,468.009,442.273,415.921,398.643,375.272,362.715,350.296,340.053,329.907,321.862,315.869,305.962,298.109,292.263,286.453,288.386,296.156,325.876,352.356,344.138,331.928,313.88,311.894,303.993,288.386,269.25,254.247,245.011,241.347
2007-02-01 00:00:00,2,971.247,983.323,1016.91,1019.99,1032.36,1073.07,1140.48,1209.92,1169.99,1130.73,1079.41,1035.47,1004.63,974.259,953.272,926.621,900.344,909.061,894.555,860.21,837.682,818.213,790.793,755.837,716.474,673.12,631.105,583.388,,,
2007-01-01 00:00:00,2,695.906,693.355,703.584,708.726,758.498,774.562,779.954,790.793,807.19,818.213,823.753,826.529,857.378,863.047,871.584,917.82,986.353,995.472,1007.69,1004.63,995.472,983.323,974.259,962.239,941.381,932.511,917.82,932.511,909.061,968.24,977.276
2006-12-01 00:00:00,2,331.928,315.869,323.867,319.86,286.453,256.108,256.108,340.053,470.11,495.677,592.783,590.428,597.509,713.887,823.753,909.061,932.511,871.584,826.529,785.364,771.873,763.834,753.18,739.967,719.066,693.355,665.609,706.153,660.624,628.675,716.474
2006-11-01 00:00:00,2,97.9464,93.8632,99.3198,107.687,131.025,193.656,197.073,237.701,209.18,178.521,151.03,140.145,132.531,147.894,147.894,141.684,137.083,140.145,138.612,173.564,137.083,99.3198,134.043,146.333,135.561,119.173,113.384,111.951,155.774,223.295,
2006-10-01 00:00:00,2,71.8088,66.9,65.6902,65.6902,68.1168,66.9,73.0533,84.5546,137.083,219.739,209.18,162.172,131.025,119.173,123.575,144.779,144.779,158.963,167.024,173.564,200.508,252.391,278.766,243.177,200.508,163.784,140.145,123.575,114.822,104.874,97.9464
2006-09-01 00:00:00,2,68.1168,70.5712,74.3045,73.0533,76.8273,80.6614,81.9526,76.8273,71.8088,68.1168,66.9,65.6902,64.4875,64.4875,63.2919,62.1035,60.9224,59.7484,58.5818,57.4226,64.4875,75.5625,88.506,93.8632,100.699,100.699,96.5792,92.5145,81.9526,76.8273,
2006-08-01 00:00:00,2,76.8273,76.8273,78.0987,80.6614,83.2504,83.2504,80.6614,78.0987,75.5625,74.3045,73.0533,71.8088,71.8088,70.5712,69.3405,69.3405,68.1168,68.1168,66.9,66.9,65.6902,65.6902,65.6902,65.6902,64.4875,64.4875,64.4875,64.4875,64.4875,64.4875,65.6902
2006-07-01 00:00:00,2,106.277,106.277,104.874,104.874,103.476,102.085,100.699,99.3198,97.9464,96.5792,96.5792,95.2181,95.2181,93.8632,92.5145,91.172,91.172,89.8358,87.1825,87.1825,85.8653,84.5546,84.5546,83.2504,83.2504,81.9526,80.6614,79.3767,78.0987,78.0987,78.0987
2006-06-01 00:00:00,2,134.043,131.025,129.524,128.028,126.538,125.054,125.054,122.102,120.635,120.635,119.173,117.717,116.267,116.267,114.822,113.384,111.951,111.951,110.523,110.523,109.102,109.102,107.687,107.687,106.277,104.874,104.874,103.476,103.476,104.874,
2006-05-01 00:00:00,2,183.522,183.522,183.522,185.199,180.183,173.564,168.651,163.784,160.565,158.963,167.024,170.284,181.85,185.199,176.863,163.784,158.963,154.188,151.03,149.46,146.333,144.779,141.684,141.684,140.145,143.229,149.46,149.46,143.229,140.145,135.561
2006-04-01 00:00:00,2,424.647,424.647,420.277,392.225,362.715,342.094,323.867,311.894,302.028,315.869,315.869,292.263,269.25,257.972,250.54,246.85,237.701,250.54,243.177,248.693,246.85,237.701,228.663,216.201,207.436,202.233,195.362,190.259,186.881,181.85,
2006-03-01 00:00:00,2,309.913,311.894,305.962,286.453,286.453,282.601,317.863,340.053,440.057,497.838,517.494,537.526,502.173,528.577,493.521,557.935,576.391,567.126,648.243,643.323,623.829,623.829,628.675,604.631,564.821,524.13,491.369,472.215,461.736,448.941,431.23
2006-02-01 00:00:00,2,246.85,294.208,294.208,271.145,257.972,243.177,216.201,193.656,176.863,168.651,170.284,190.259,248.693,305.962,375.272,371.071,342.094,302.028,278.766,257.972,225.08,200.508,198.788,235.885,273.044,290.322,305.962,321.862,,,
2006-01-01 00:00:00,2,286.453,278.766,265.474,274.947,298.109,344.138,396.5,472.215,489.222,497.838,487.08,461.736,411.58,352.356,305.962,269.25,246.85,230.462,217.967,207.436,198.788,191.955,186.881,180.183,175.211,168.651,165.402,168.651,171.921,197.073,207.436
2005-12-01 00:00:00,2,293.253,269.753,358.56,409.415,418.097,387.964,354.421,398.643,411.58,457.577,506.527,495.677,524.13,571.749,619.002,628.675,635.978,635.978,645.781,643.323,638.422,626.25,614.193,592.783,562.521,533.042,480.681,424.647,429.032,333.954,305.962
2005-11-01 00:00:00,2,82.8697,99.6441,114.325,126.504,124.961,124.961,120.367,120.367,106.907,99.6441,134.306,131.168,129.608,143.854,155.244,143.854,128.053,120.367,120.367,143.854,177.166,204.86,206.549,201.503,181.915,185.114,211.653,254.604,297.26,319.759,
2005-10-01 00:00:00,2,72.2283,70.93,69.6389,67.0787,65.8097,64.5481,63.2941,63.2941,62.0476,64.5481,68.3551,67.0787,62.0476,58.3542,55.9309,54.7311,53.5393,52.3556,50.0127,65.8097,60.8088,67.0787,78.8268,85.5991,77.493,68.3551,70.93,70.93,72.2283,73.5338,73.5338
2005-09-01 00:00:00,2,70.93,69.6389,68.3551,67.0787,65.8097,65.8097,68.3551,72.2283,77.493,74.8464,74.8464,73.5338,72.2283,68.3551,65.8097,64.5481,64.5481,68.3551,73.5338,74.8464,76.1662,84.231,86.974,78.8268,70.93,72.2283,69.6389,69.6389,69.6389,70.93,
2005-08-01 00:00:00,2,95.3622,95.3622,93.9478,92.5399,91.1385,89.7437,89.7437,88.3555,88.3555,86.974,86.974,85.5991,85.5991,85.5991,84.231,82.8697,81.5152,78.8268,78.8268,77.493,77.493,77.493,77.493,76.1662,74.8464,73.5338,72.2283,70.93,70.93,69.6389,69.6389
2005-07-01 00:00:00,2,123.424,121.893,121.893,120.367,118.848,117.334,115.826,114.325,112.829,111.339,111.339,109.856,108.378,108.378,108.378,108.378,106.907,105.442,105.442,103.983,102.531,102.531,103.983,103.983,103.983,101.084,99.6441,98.2104,96.7831,96.7831,96.7831
2005-06-01 00:00:00,2,194.869,178.743,170.927,164.794,160.206,155.244,151.963,148.703,147.081,143.854,142.249,140.649,139.055,137.466,135.883,134.306,132.734,131.168,129.608,129.608,132.734,134.306,142.249,147.081,145.465,139.055,134.306,129.608,126.504,123.424,
2005-05-01 00:00:00,2,218.55,223.792,236.251,230.872,209.945,194.869,183.511,177.166,174.034,170.927,167.848,166.318,163.278,161.871,158.547,158.547,155.244,153.601,151.963,150.33,147.081,145.465,143.854,145.465,150.33,186.723,225.552,287.291,321.843,279.432,227.319
2005-04-01 00:00:00,2,347.348,315.61,293.253,277.483,265.927,258.352,252.739,241.689,236.251,229.092,225.552,220.291,215.088,211.653,206.549,203.179,199.835,196.518,194.869,191.591,191.591,191.591,188.339,188.339,194.869,194.869,194.869,191.591,193.226,220.291,
2005-03-01 00:00:00,2,307.391,353.868,443.167,484.943,487.08,476.439,445.212,418.995,374.538,345.187,349.515,359.652,382.092,391.64,391.64,391.64,356.054,357.812,368.921,441.127,424.975,413.056,395.492,428.985,445.212,476.439,470.11,474.324,461.736,426.978,382.092
2005-02-01 00:00:00,2,832.097,790.793,761.164,758.498,750.528,750.528,737.338,729.479,719.066,703.584,685.733,645.781,595.144,533.042,474.324,428.985,393.564,365.199,356.054,353.868,338.744,323.933,307.391,291.26,275.541,264.023,265.927,277.483,,,
2005-01-01 00:00:00,2,719.066,726.869,732.094,732.094,761.164,777.256,747.881,734.714,713.887,698.46,688.269,683.201,680.674,665.609,653.182,633.539,607.015,574.068,546.55,517.494,504.348,504.348,506.527,502.173,493.521,476.439,476.439,491.369,614.193,670.612,724.263
2004-12-01 00:00:00,2,81.5152,115.826,158.547,153.601,129.608,112.829,117.334,148.703,164.794,203.179,216.816,232.659,287.291,277.483,243.514,206.549,177.166,153.601,132.734,134.306,164.794,289.272,453.437,524.13,640.87,658.138,665.609,673.12,680.674,708.726,708.726
2004-11-01 00:00:00,2,81.5152,73.5338,69.6389,65.8097,67.0787,68.3551,68.3551,65.8097,68.3551,84.231,103.983,103.983,91.1385,76.1662,67.0787,65.8097,63.2941,67.0787,78.8268,111.339,134.306,135.883,128.053,112.829,96.7831,88.3555,81.5152,74.8464,70.93,81.5152,
2004-10-01 00:00:00,2,58.3542,57.1386,57.1386,57.1386,58.3542,62.0476,77.493,96.7831,84.231,70.93,67.0787,64.5481,64.5481,67.0787,73.5338,82.8697,82.8697,91.1385,118.848,140.649,114.325,89.7437,78.8268,74.8464,70.93,70.93,73.5338,76.1662,95.3622,89.7437,88.3555
2004-09-01 00:00:00,2,76.1662,76.1662,74.8464,74.8464,73.5338,73.5338,72.2283,70.93,70.93,69.6389,69.6389,68.3551,67.0787,65.8097,65.8097,65.8097,65.8097,64.5481,64.5481,64.5481,64.5481,69.6389,72.2283,73.5338,70.93,67.0787,64.5481,62.0476,60.8088,59.5776,
2004-08-01 00:00:00,2,106.907,105.442,103.983,103.983,102.531,101.084,99.6441,98.2104,96.7831,95.3622,95.3622,93.9478,93.9478,92.5399,91.1385,89.7437,89.7437,88.3555,88.3555,86.974,86.974,86.974,85.5991,85.5991,84.231,82.8697,82.8697,81.5152,78.8268,78.8268,77.493
2004-07-01 00:00:00,2,129.608,128.053,126.504,126.504,124.961,123.424,121.893,118.848,117.334,117.334,131.168,126.504,131.168,140.649,139.055,131.168,124.961,120.367,117.334,118.848,118.848,126.504,134.306,137.466,129.608,121.893,117.334,114.325,111.339,109.856,108.378
2004-06-01 00:00:00,2,180.326,185.114,180.326,180.326,188.339,193.226,188.339,178.743,170.927,167.848,163.278,160.206,156.893,155.244,153.601,151.963,150.33,148.703,148.703,148.703,145.465,142.249,140.649,139.055,137.466,135.883,134.306,132.734,131.168,129.608,
2004-05-01 00:00:00,2,254.604,243.514,236.251,239.87,227.319,222.038,218.55,216.816,215.088,213.367,209.945,204.86,203.179,201.503,198.173,196.518,194.869,194.869,196.518,196.518,191.591,188.339,185.114,181.915,180.326,180.326,178.743,174.034,172.477,169.384,170.927
2004-04-01 00:00:00,2,484.943,474.324,459.654,437.061,417.01,403.252,422.977,478.558,465.914,493.521,457.577,455.504,449.315,439.092,433.014,418.995,395.492,393.564,397.425,385.897,372.66,347.348,336.609,332.358,305.352,285.317,269.753,264.023,262.127,262.127,
2004-03-01 00:00:00,2,753.18,761.164,771.873,834.887,863.047,880.164,992.428,998.521,950.293,911.976,894.555,874.439,874.439,851.727,865.888,840.482,812.692,785.364,763.834,747.881,732.094,706.153,688.269,668.108,623.829,592.783,557.935,519.701,493.521,502.173,493.521
2004-02-01 00:00:00,2,515.292,506.527,474.324,435.035,391.64,357.812,317.681,309.436,347.348,403.252,592.783,521.913,484.943,451.373,430.997,420.983,480.681,542.029,576.391,680.674,631.105,633.539,650.71,668.108,701.02,747.881,734.714,742.6,742.6,,
2004-01-01 00:00:00,2,150.33,160.206,172.477,216.816,279.432,328.133,319.759,297.26,279.432,291.26,370.788,420.983,441.127,457.577,484.943,453.437,445.212,430.997,397.425,357.812,315.61,283.349,287.291,241.689,241.689,279.432,285.317,301.293,378.306,465.914,502.173
2003-12-01 00:00:00,2,126.504,158.547,180.326,198.173,222.038,208.243,223.792,254.604,264.023,273.605,291.26,295.254,269.753,241.689,215.088,188.339,166.318,137.466,121.893,112.829,109.856,106.907,98.2104,96.7831,105.442,121.893,142.249,132.734,111.339,103.983,131.168
2003-11-01 00:00:00,2,60.8088,50.0127,47.703,48.8537,57.1386,63.2941,68.3551,68.3551,64.5481,67.0787,77.493,74.8464,68.3551,62.0476,55.9309,52.3556,52.3556,59.5776,69.6389,77.493,86.974,95.3622,93.9478,93.9478,91.1385,81.5152,72.2283,69.6389,67.0787,77.493,
2003-10-01 00:00:00,2,51.18,59.5776,68.3551,63.2941,57.1386,53.5393,51.18,50.0127,48.8537,47.703,47.703,50.0127,58.3542,64.5481,64.5481,65.8097,60.8088,55.9309,52.3556,50.0127,47.703,46.5608,46.5608,50.0127,48.8537,47.703,50.0127,53.5393,54.7311,52.3556,50.0127
2003-09-01 00:00:00,2,67.0787,74.8464,78.8268,81.5152,78.8268,72.2283,65.8097,63.2941,59.5776,58.3542,57.1386,55.9309,55.9309,60.8088,59.5776,62.0476,74.8464,69.6389,68.3551,63.2941,62.0476,60.8088,58.3542,57.1386,55.9309,54.7311,52.3556,51.18,51.18,51.18,
2003-08-01 00:00:00,2,72.2283,72.2283,70.93,69.6389,69.6389,68.3551,68.3551,68.3551,67.0787,65.8097,65.8097,65.8097,64.5481,64.5481,64.5481,63.2941,64.5481,63.2941,64.5481,64.5481,64.5481,63.2941,62.0476,60.8088,59.5776,59.5776,59.5776,58.3542,60.8088,62.0476,64.5481
2003-07-01 00:00:00,2,84.231,84.231,82.8697,82.8697,82.8697,81.5152,81.5152,81.5152,80.1675,80.1675,80.1675,78.8268,82.8697,84.231,84.231,84.231,84.231,84.231,82.8697,81.5152,80.1675,78.8268,77.493,76.1662,76.1662,74.8464,74.8464,73.5338,73.5338,73.5338,72.2283
2003-06-01 00:00:00,2,111.339,111.339,109.856,109.856,108.378,108.378,105.442,103.983,103.983,103.983,102.531,99.6441,99.6441,98.2104,98.2104,96.7831,95.3622,95.3622,93.9478,93.9478,92.5399,92.5399,91.1385,91.1385,89.7437,89.7437,88.3555,88.3555,85.5991,85.5991,
2003-05-01 00:00:00,2,140.649,139.055,137.466,135.883,137.466,143.854,153.601,158.547,175.597,177.166,166.318,151.963,143.854,139.055,134.306,131.168,129.608,128.053,126.504,124.961,123.424,121.893,120.367,118.848,117.334,117.334,115.826,115.826,114.325,114.325,112.829
2003-04-01 00:00:00,2,222.038,211.653,204.86,198.173,193.226,191.591,201.503,201.503,201.503,199.835,206.549,199.835,208.243,232.659,222.038,201.503,191.591,183.511,178.743,175.597,170.927,167.848,164.794,161.871,158.547,155.244,150.33,148.703,145.465,143.854,
2003-03-01 00:00:00,2,273.605,252.739,236.251,225.552,220.291,220.291,215.088,209.945,229.092,220.291,216.816,227.319,252.739,291.26,347.348,397.425,437.061,470.11,411.086,389.721,367.057,349.515,321.843,334.48,330.242,309.436,289.272,260.236,245.346,232.659,229.092
2003-02-01 00:00:00,2,734.714,909.061,995.472,935.463,753.18,631.105,546.55,489.222,472.215,418.995,370.788,336.609,311.488,283.349,227.319,223.792,343.033,367.057,660.624,513.094,445.212,447.261,447.261,424.975,399.363,372.66,334.48,301.293,,,
2003-01-01 00:00:00,2,236.251,269.753,285.317,319.759,297.26,315.61,871.584,840.482,670.612,489.222,321.843,265.927,236.251,225.552,215.088,238.057,252.739,275.541,338.744,602.252,837.682,1019.99,1169.99,1203.22,1153.55,1095.32,986.353,793.514,658.138,621.413,658.138
2002-12-01 00:00:00,2,121.893,101.084,86.974,77.493,73.5338,69.6389,69.6389,68.3551,76.1662,78.8268,86.974,142.249,245.346,338.744,413.056,451.373,470.11,495.677,497.838,482.81,453.437,397.425,378.306,370.788,363.345,349.515,323.933,309.436,301.293,287.291,273.605
2002-11-01 00:00:00,2,59.5776,68.3551,72.2283,76.1662,84.231,106.907,108.378,120.367,128.053,129.608,115.826,101.084,88.3555,82.8697,92.5399,105.442,112.829,114.325,98.2104,84.231,82.8697,84.231,102.531,117.334,131.168,151.963,153.601,147.081,156.893,148.703,
2002-10-01 00:00:00,2,58.3542,55.9309,53.5393,52.3556,50.0127,48.8537,47.703,46.5608,46.5608,46.5608,45.4271,43.1856,43.1856,42.078,40.9792,38.8086,38.8086,37.737,36.6747,36.6747,35.6217,35.6217,35.6217,35.6217,34.5781,33.5441,35.6217,38.8086,39.8894,39.8894,44.302
2002-09-01 00:00:00,2,54.7311,54.7311,54.7311,55.9309,55.9309,57.1386,57.1386,57.1386,57.1386,63.2941,63.2941,58.3542,55.9309,53.5393,52.3556,51.18,51.18,50.0127,48.8537,48.8537,47.703,47.703,51.18,54.7311,59.5776,59.5776,62.0476,68.3551,68.3551,64.5481,
2002-08-01 00:00:00,2,70.93,70.93,70.93,69.6389,69.6389,69.6389,68.3551,67.0787,67.0787,65.8097,65.8097,64.5481,64.5481,63.2941,62.0476,60.8088,59.5776,59.5776,59.5776,58.3542,58.3542,58.3542,58.3542,57.1386,57.1386,57.1386,55.9309,55.9309,55.9309,55.9309,54.7311
2002-07-01 00:00:00,2,84.231,84.231,82.8697,81.5152,81.5152,80.1675,80.1675,80.1675,78.8268,78.8268,78.8268,77.493,80.1675,80.1675,82.8697,86.974,88.3555,85.5991,82.8697,80.1675,77.493,77.493,76.1662,76.1662,74.8464,74.8464,74.8464,73.5338,73.5338,72.2283,72.2283
2002-06-01 00:00:00,2,111.339,109.856,106.907,105.442,103.983,103.983,103.983,102.531,101.084,99.6441,99.6441,98.2104,98.2104,98.2104,96.7831,93.9478,93.9478,92.5399,91.1385,91.1385,89.7437,89.7437,88.3555,88.3555,86.974,85.5991,85.5991,85.5991,85.5991,84.231,
2002-05-01 00:00:00,2,137.466,134.306,132.734,132.734,132.734,132.734,137.466,139.055,142.249,147.081,147.081,139.055,135.883,134.306,129.608,126.504,123.424,120.367,118.848,118.848,118.848,121.893,123.424,126.504,129.608,128.053,128.053,123.424,117.334,114.325,112.829
2002-04-01 00:00:00,2,293.253,254.604,232.659,218.55,208.243,203.179,196.518,189.962,191.591,193.226,196.518,199.835,194.869,189.962,185.114,177.166,172.477,167.848,166.318,163.278,160.206,156.893,153.601,151.963,150.33,147.081,145.465,142.249,139.055,137.466,
2002-03-01 00:00:00,2,675.634,673.12,663.114,648.243,623.829,611.796,548.818,502.173,451.373,405.203,372.66,340.885,315.61,297.26,281.387,273.605,265.927,271.676,271.676,271.676,281.387,287.291,328.133,309.436,301.293,287.291,285.317,303.319,313.546,323.933,328.133
2002-02-01 00:00:00,2,353.868,351.688,317.681,353.868,368.921,365.199,353.868,353.868,403.252,493.521,607.015,576.391,592.783,597.509,597.509,595.144,602.252,602.252,611.796,599.878,604.631,633.539,660.624,665.609,698.46,701.02,695.906,685.733,,,
2002-01-01 00:00:00,2,539.776,578.719,585.73,574.068,555.648,526.351,489.222,459.654,426.978,382.092,340.885,295.254,243.514,223.792,204.86,209.945,249.03,343.033,417.01,357.812,378.306,413.056,409.12,391.64,376.419,359.652,347.348,336.609,317.681,332.358,403.252
2001-12-01 00:00:00,2,80.1675,86.974,117.334,143.854,151.963,128.053,102.531,91.1385,91.1385,84.231,93.9478,108.378,93.9478,103.983,81.5152,84.231,126.504,229.092,361.496,389.721,391.64,370.788,387.807,418.995,413.056,405.203,413.056,405.203,451.373,453.437,495.677
2001-11-01 00:00:00,2,40.9792,39.8894,42.078,54.7311,72.2283,70.93,89.7437,85.5991,85.5991,74.8464,63.2941,65.8097,78.8268,77.493,76.1662,80.1675,92.5399,129.608,121.893,126.504,111.339,106.907,121.893,135.883,120.367,99.6441,98.2104,108.378,93.9478,80.1675,
2001-10-01 00:00:00,2,47.703,57.1386,62.0476,68.3551,72.2283,78.8268,89.7437,81.5152,78.8268,73.5338,88.3555,143.854,140.649,115.826,92.5399,76.1662,65.8097,59.5776,55.9309,58.3542,53.5393,51.18,50.0127,51.18,53.5393,50.0127,47.703,45.4271,43.1856,42.078,40.9792
2001-09-01 00:00:00,2,58.3542,62.0476,64.5481,60.8088,53.5393,50.0127,47.703,45.4271,44.302,43.1856,42.078,43.1856,44.302,43.1856,43.1856,43.1856,44.302,47.703,59.5776,64.5481,57.1386,48.8537,45.4271,44.302,42.078,40.9792,42.078,42.078,43.1856,46.5608,
2001-08-01 00:00:00,2,47.703,46.5608,46.5608,45.4271,45.4271,44.302,44.302,43.1856,43.1856,43.1856,43.1856,42.078,40.9792,39.8894,39.8894,39.8894,39.8894,39.8894,38.8086,38.8086,38.8086,38.8086,38.8086,38.8086,38.8086,39.8894,40.9792,45.4271,47.703,50.0127,53.5393
2001-07-01 00:00:00,2,53.5393,52.3556,52.3556,52.3556,52.3556,52.3556,51.18,51.18,51.18,51.18,50.0127,50.0127,50.0127,50.0127,50.0127,48.8537,48.8537,48.8537,47.703,47.703,47.703,46.5608,46.5608,47.703,47.703,47.703,48.8537,51.18,53.5393,53.5393,50.0127
2001-06-01 00:00:00,2,73.5338,73.5338,72.2283,69.6389,67.0787,65.8097,64.5481,63.2941,63.2941,63.2941,62.0476,60.8088,60.8088,59.5776,59.5776,58.3542,58.3542,58.3542,57.1386,57.1386,57.1386,57.1386,55.9309,55.9309,55.9309,54.7311,54.7311,53.5393,53.5393,53.5393,
2001-05-01 00:00:00,2,70.93,69.6389,69.6389,68.3551,68.3551,67.0787,67.0787,65.8097,65.8097,64.5481,64.5481,63.2941,63.2941,63.2941,63.2941,64.5481,70.93,73.5338,76.1662,80.1675,86.974,81.5152,74.8464,72.2283,69.6389,68.3551,69.6389,72.2283,73.5338,72.2283,72.2283
2001-04-01 00:00:00,2,185.114,211.653,198.173,174.034,148.703,134.306,120.367,114.325,109.856,105.442,102.531,98.2104,95.3622,95.3622,93.9478,91.1385,88.3555,86.974,86.974,84.231,82.8697,81.5152,80.1675,78.8268,77.493,77.493,76.1662,76.1662,74.8464,72.2283,
2001-03-01 00:00:00,2,95.3622,92.5399,91.1385,89.7437,89.7437,101.084,121.893,121.893,124.961,140.649,145.465,145.465,180.326,238.057,275.541,271.676,234.452,196.518,164.794,143.854,129.608,126.504,123.424,121.893,117.334,106.907,102.531,99.6441,98.2104,101.084,114.325
2001-02-01 00:00:00,2,150.33,163.278,167.848,161.871,163.278,170.927,160.206,139.055,128.053,121.893,121.893,150.33,180.326,161.871,139.055,123.424,120.367,129.608,129.608,132.734,135.883,121.893,109.856,105.442,102.531,99.6441,96.7831,96.7831,,,
2001-01-01 00:00:00,2,269.753,283.349,295.254,285.317,368.921,422.977,418.995,367.057,285.317,225.552,193.226,177.166,177.166,172.477,166.318,163.278,164.794,164.794,150.33,135.883,126.504,121.893,121.893,134.306,145.465,153.601,151.963,143.854,140.649,142.249,139.055
2000-12-01 00:00:00,2,164.794,175.597,180.326,181.915,188.339,201.503,185.114,180.326,163.278,145.465,148.703,124.961,120.367,174.034,172.477,150.33,135.883,186.723,227.319,319.759,397.425,397.425,370.788,356.054,323.933,311.488,301.293,275.541,264.023,287.291,287.291
2000-11-01 00:00:00,2,59.5776,65.8097,68.3551,68.3551,60.8088,65.8097,69.6389,77.493,80.1675,77.493,74.8464,73.5338,73.5338,80.1675,109.856,112.829,121.893,128.053,120.367,114.325,132.734,234.452,273.605,243.514,239.87,225.552,203.179,170.927,151.963,142.249,
2000-10-01 00:00:00,2,73.5338,74.8464,72.2283,70.93,69.6389,74.8464,73.5338,70.93,69.6389,73.5338,78.8268,72.2283,67.0787,65.8097,62.0476,60.8088,59.5776,59.5776,58.3542,57.1386,55.9309,54.7311,53.5393,53.5393,52.3556,52.3556,54.7311,54.7311,55.9309,59.5776,59.5776
2000-09-01 00:00:00,2,76.4577,79.2296,83.4451,87.7289,100.588,116.622,130.185,115.826,105.442,106.907,111.339,102.531,96.7831,92.5399,86.974,84.231,84.231,85.5991,85.5991,85.5991,89.7437,89.7437,84.231,80.1675,76.1662,74.8464,72.2283,72.2283,72.2283,72.2283,
2000-08-01 00:00:00,2,97.7396,96.3235,94.9128,93.5074,93.5074,93.5074,92.0796,92.0796,92.0796,90.622,89.1718,87.7289,86.2935,84.8656,84.8656,84.8656,83.4451,83.4451,82.0323,82.0323,80.6271,80.6271,80.6271,79.2296,77.8398,76.4577,75.0835,75.0835,76.4577,76.4577,77.8398
2000-07-01 00:00:00,2,115.14,113.662,112.189,112.189,112.189,110.721,110.721,109.258,109.258,109.258,107.8,107.8,106.347,106.347,104.9,103.457,103.457,102.02,102.02,102.02,102.02,100.588,100.588,100.588,99.1611,99.1611,100.588,100.588,100.588,99.1611,99.1611
2000-06-01 00:00:00,2,150.436,148.852,147.272,145.696,142.558,142.558,140.995,139.437,139.437,137.884,136.335,136.335,133.251,133.251,131.715,130.185,130.185,128.659,127.138,125.621,125.621,124.109,122.602,121.1,121.1,119.603,119.603,118.11,116.622,116.622,
2000-05-01 00:00:00,2,213.68,211.945,208.484,205.038,201.607,198.191,196.488,194.79,193.095,189.718,186.355,184.68,181.342,179.678,178.019,176.363,171.421,168.147,168.147,166.516,164.889,163.266,161.648,158.423,158.423,156.817,155.215,153.618,152.025,152.025,150.436
2000-04-01 00:00:00,2,465.914,439.092,413.056,383.992,359.414,339.672,326.027,314.448,304.882,295.393,287.858,282.241,274.795,269.245,271.092,274.795,269.245,263.725,254.59,252.774,282.241,312.528,312.528,278.512,260.061,245.54,238.362,229.467,222.415,218.91,
2000-03-01 00:00:00,2,399.363,395.492,401.305,393.564,372.66,339.672,318.295,301.077,293.504,302.978,413.056,461.736,539.776,564.821,578.719,619.002,614.193,602.252,628.675,668.108,673.12,680.674,670.612,658.138,643.323,621.413,602.252,574.068,546.55,519.701,487.08
2000-02-01 00:00:00,2,628.675,663.114,655.658,650.71,640.87,640.87,626.25,670.612,683.201,706.153,737.338,807.19,809.939,804.445,782.657,769.189,758.498,747.881,734.714,721.662,708.726,683.201,648.243,614.193,564.821,524.13,461.736,420.983,395.492,,
2000-01-01 00:00:00,2,291.619,297.284,345.564,407.16,441.127,506.527,551.09,567.126,560.225,539.776,519.701,468.009,413.056,361.404,312.528,271.092,241.944,231.239,225.934,236.576,263.725,271.092,280.374,274.795,272.942,274.795,261.891,267.402,339.672,468.009,675.634
1999-12-01 00:00:00,2,161.648,144.125,131.715,124.109,116.622,106.347,116.622,240.151,243.74,224.172,238.362,284.11,320.224,345.564,349.507,395.492,387.807,353.461,308.699,258.234,224.172,199.897,183.009,189.718,173.064,171.421,201.607,249.15,236.576,241.944,276.652
1999-11-01 00:00:00,2,83.4451,72.3588,64.3782,59.2238,56.698,68.3318,69.666,102.02,137.884,168.147,176.363,179.678,194.79,178.019,168.147,153.618,150.436,134.791,113.662,164.889,156.817,147.272,158.423,263.725,301.077,236.576,198.191,191.404,176.363,176.363,
1999-10-01 00:00:00,2,56.698,56.698,56.698,59.2238,61.7841,67.0057,69.666,72.3588,71.0084,69.666,64.3782,61.7841,56.698,55.4481,54.2071,50.5376,50.5376,49.3326,49.3326,48.1368,49.3326,52.9749,52.9749,59.2238,61.7841,63.0769,68.3318,64.3782,72.3588,84.8656,90.622
1999-09-01 00:00:00,2,60.4997,59.2238,59.2238,57.9566,57.9566,56.698,56.698,55.4481,55.4481,55.4481,55.4481,54.2071,56.698,63.0769,65.6878,69.666,75.0835,75.0835,72.3588,73.7172,73.7172,71.0084,67.0057,64.3782,64.3782,67.0057,69.666,67.0057,61.7841,57.9566,
1999-08-01 00:00:00,2,77.8398,77.8398,76.4577,75.0835,73.7172,73.7172,72.3588,72.3588,72.3588,72.3588,71.0084,71.0084,69.666,69.666,69.666,68.3318,67.0057,67.0057,65.6878,65.6878,65.6878,65.6878,64.3782,64.3782,64.3782,64.3782,63.0769,63.0769,61.7841,61.7841,60.4997
1999-07-01 00:00:00,2,102.02,100.588,100.588,99.1611,97.7396,97.7396,97.7396,96.3235,94.9128,94.9128,94.9128,93.5074,93.5074,93.5074,93.5074,92.0796,90.622,89.1718,89.1718,87.7289,86.2935,86.2935,86.2935,84.8656,83.4451,82.0323,80.6271,80.6271,79.2296,79.2296,77.8398
1999-06-01 00:00:00,2,121.1,119.603,118.11,118.11,116.622,115.14,115.14,115.14,113.662,113.662,113.662,112.189,110.721,110.721,110.721,109.258,116.622,127.138,136.335,130.185,119.603,113.662,112.189,110.721,109.258,106.347,106.347,104.9,103.457,103.457,
1999-05-01 00:00:00,2,168.147,164.889,163.266,161.648,160.033,158.423,156.817,155.215,155.215,155.215,155.215,153.618,150.436,148.852,147.272,145.696,142.558,139.437,136.335,134.791,133.251,133.251,131.715,130.185,130.185,127.138,125.621,125.621,124.109,124.109,122.602
1999-04-01 00:00:00,2,335.759,324.09,297.284,274.795,263.725,252.774,243.74,236.576,229.467,224.172,218.91,218.91,217.163,210.212,205.038,201.607,206.759,215.42,220.661,217.163,205.038,198.191,191.404,191.404,188.035,184.68,181.342,178.019,174.712,169.782,
1999-03-01 00:00:00,2,519.701,571.749,611.796,650.71,658.138,650.71,829.311,745.238,732.094,719.066,701.02,678.151,658.138,640.87,626.25,604.631,578.719,544.287,510.9,495.677,472.215,428.985,383.992,376.419,337.714,339.672,382.092,409.12,399.363,365.199,341.633
1999-02-01 00:00:00,2,355.443,339.672,339.672,314.448,295.393,272.942,249.15,218.91,211.945,213.68,213.68,213.68,211.945,211.945,241.944,250.96,234.793,229.467,210.212,189.718,188.035,181.342,194.79,188.035,178.019,199.897,301.077,405.203,,,
1999-01-01 00:00:00,2,284.11,312.528,361.404,433.014,497.838,517.494,544.287,546.55,553.367,557.935,553.367,537.526,510.9,476.439,418.995,349.507,304.882,304.882,299.179,276.652,254.59,231.239,213.68,199.897,196.488,193.095,201.607,205.038,233.014,276.652,365.199
1998-12-01 00:00:00,2,274.795,295.393,267.402,231.239,198.191,171.421,155.215,164.889,206.759,213.68,206.759,193.095,171.421,156.817,147.272,153.618,193.095,227.699,287.858,302.978,322.155,271.092,250.96,225.934,215.42,206.759,208.484,220.661,234.793,234.793,252.774
1998-11-01 00:00:00,2,109.258,124.109,140.995,218.91,241.944,249.15,299.179,276.652,224.172,206.759,224.172,233.014,243.74,276.652,269.245,225.934,217.163,211.945,184.68,164.889,148.852,166.516,153.618,145.696,142.558,145.696,134.791,133.251,163.266,220.661,
1998-10-01 00:00:00,2,69.666,72.3588,68.3318,64.3782,63.0769,64.3782,68.3318,72.3588,71.0084,67.0057,69.666,75.0835,79.2296,87.7289,86.2935,83.4451,83.4451,79.2296,80.6271,103.457,116.622,106.347,84.8656,72.3588,69.666,65.6878,65.6878,64.3782,64.3782,64.3782,84.8656
1998-09-01 00:00:00,2,71.0084,72.3588,75.0835,80.6271,80.6271,77.8398,75.0835,72.3588,71.0084,69.666,68.3318,67.0057,65.6878,64.3782,64.3782,65.6878,64.3782,63.0769,61.7841,61.7841,60.4997,60.4997,59.2238,57.9566,57.9566,59.2238,59.2238,59.2238,59.2238,67.0057,
1998-08-01 00:00:00,2,86.2935,84.8656,83.4451,83.4451,83.4451,83.4451,84.8656,86.2935,87.7289,90.622,99.1611,100.588,104.9,106.347,106.347,97.7396,94.9128,89.1718,86.2935,83.4451,80.6271,77.8398,77.8398,77.8398,77.8398,76.4577,75.0835,75.0835,73.7172,72.3588,72.3588
1998-07-01 00:00:00,2,109.258,109.258,107.8,107.8,106.347,106.347,104.9,103.457,103.457,103.457,102.02,100.588,99.1611,99.1611,97.7396,97.7396,96.3235,94.9128,94.9128,93.5074,93.5074,92.0796,92.0796,92.0796,90.622,90.622,89.1718,89.1718,87.7289,87.7289,86.2935
1998-06-01 00:00:00,2,208.484,258.234,256.411,222.415,178.019,160.033,150.436,147.272,142.558,137.884,133.251,131.715,128.659,127.138,127.138,125.621,127.138,127.138,124.109,122.602,121.1,118.11,116.622,118.11,116.622,115.14,115.14,113.662,112.189,110.721,
1998-05-01 00:00:00,2,183.009,210.212,229.467,203.32,183.009,179.678,198.191,222.415,217.163,191.404,173.064,164.889,156.817,152.025,150.436,147.272,144.125,142.558,140.995,142.558,140.995,139.437,136.335,136.335,133.251,131.715,130.185,128.659,133.251,173.064,174.712
1998-04-01 00:00:00,2,234.793,233.014,238.362,250.96,265.562,261.891,238.362,217.163,203.32,198.191,198.191,199.897,210.212,201.607,189.718,181.342,178.019,174.712,178.019,183.009,184.68,183.009,176.363,169.782,164.889,161.648,158.423,156.817,174.712,169.782,
1998-03-01 00:00:00,2,567.126,564.821,544.287,510.9,472.215,420.983,380.197,343.598,318.295,297.284,282.241,271.092,261.891,254.59,258.234,265.562,272.942,274.795,267.402,250.96,238.362,249.15,260.061,271.092,282.241,295.393,302.978,291.619,272.942,250.96,240.151
1998-02-01 00:00:00,2,405.203,409.12,387.807,355.443,293.504,263.725,252.774,249.15,245.54,238.362,280.374,357.427,361.404,329.911,289.737,302.978,493.521,537.526,571.749,635.978,578.719,607.015,607.015,567.126,551.09,555.648,562.521,567.126,,,
1998-01-01 00:00:00,2,417.01,380.197,337.714,299.179,272.942,263.725,250.96,274.795,269.245,357.427,395.492,437.061,453.437,457.577,455.504,449.315,430.997,433.014,389.721,397.425,403.252,428.985,424.975,401.305,367.057,345.564,310.612,308.699,335.759,353.461,389.721
1997-12-01 00:00:00,2,327.967,355.443,397.425,415.031,420.983,403.252,363.397,353.461,376.419,397.425,403.252,401.305,385.897,368.921,355.443,430.997,447.261,519.701,537.526,571.749,585.73,588.076,588.076,581.051,562.521,546.55,526.351,500.003,491.369,484.943,474.324
1997-11-01 00:00:00,2,134.791,110.721,97.7396,90.622,84.8656,79.2296,76.4577,73.7172,72.3588,75.0835,92.0796,92.0796,83.4451,75.0835,82.0323,76.4577,84.8656,102.02,103.457,110.721,106.347,116.622,140.995,161.648,178.019,245.54,193.095,181.342,215.42,261.891,
1997-10-01 00:00:00,2,82.0323,79.2296,79.2296,82.0323,80.6271,76.4577,71.0084,69.666,67.0057,67.0057,64.3782,64.3782,63.0769,61.7841,60.4997,57.9566,57.9566,57.9566,59.2238,63.0769,80.6271,102.02,140.995,241.944,276.652,229.467,176.363,152.025,158.423,183.009,164.889
1997-09-01 00:00:00,2,79.2296,77.8398,77.8398,76.4577,76.4577,75.0835,75.0835,75.0835,75.0835,73.7172,73.7172,72.3588,72.3588,71.0084,69.666,69.666,69.666,73.7172,72.3588,71.0084,75.0835,76.4577,82.0323,83.4451,82.0323,83.4451,82.0323,83.4451,86.2935,86.2935,
1997-08-01 00:00:00,2,103.457,102.02,102.02,100.588,100.588,99.1611,99.1611,97.7396,96.3235,96.3235,96.3235,94.9128,94.9128,93.5074,92.0796,92.0796,92.0796,90.622,90.622,89.1718,89.1718,87.7289,86.2935,84.8656,84.8656,83.4451,83.4451,82.0323,82.0323,80.6271,80.6271
1997-07-01 00:00:00,2,131.715,130.185,128.659,127.138,127.138,125.621,125.621,124.109,122.602,119.603,118.11,118.11,116.622,115.14,113.662,113.662,113.662,113.662,112.189,110.721,109.258,107.8,107.8,107.8,107.8,109.258,107.8,106.347,106.347,104.9,103.457
1997-06-01 00:00:00,2,191.404,183.009,169.782,161.648,158.423,169.782,173.064,188.035,203.32,205.038,186.355,168.147,160.033,156.817,164.889,166.516,173.064,183.009,179.678,169.782,161.648,155.215,152.025,148.852,145.696,142.558,139.437,136.335,134.791,133.251,
1997-05-01 00:00:00,2,215.42,213.68,203.32,194.79,189.718,184.68,181.342,179.678,176.363,176.363,174.712,173.064,171.421,169.782,169.782,169.782,174.712,211.945,231.239,198.191,169.782,163.266,161.648,161.648,169.782,171.421,178.019,186.355,205.038,194.79,191.404
1997-04-01 00:00:00,2,271.092,314.448,357.427,407.16,413.056,385.897,351.483,322.155,302.978,308.699,301.077,280.374,261.891,247.344,234.793,229.467,225.934,218.91,215.42,213.68,220.661,224.172,231.239,254.59,254.59,241.944,231.239,225.934,215.42,210.212,
1997-03-01 00:00:00,2,417.01,430.997,422.977,504.348,616.595,548.818,539.776,548.818,557.935,560.225,551.09,528.577,497.838,461.736,426.978,397.425,370.788,370.788,380.197,378.306,363.397,343.598,326.027,304.882,289.737,276.652,265.562,256.411,252.774,252.774,265.562
1997-02-01 00:00:00,2,713.887,708.726,693.355,711.304,688.269,670.612,650.71,626.25,592.783,551.09,515.292,472.215,447.261,418.995,397.425,382.092,368.921,363.397,357.427,353.461,368.921,378.306,355.443,331.857,329.911,341.633,391.64,401.305,,,
1997-01-01 00:00:00,2,551.09,581.051,663.114,809.939,826.529,851.727,877.299,1069.91,1579.83,2441.78,2383.29,2071.27,1785.14,1556.95,1459.7,1369.11,1277.94,1193.21,1143.74,1069.91,1019.99,974.259,944.347,911.976,880.164,851.727,820.981,843.286,790.793,747.881,737.338
1996-12-01 00:00:00,2,316.37,276.652,308.699,263.725,245.54,254.59,299.179,299.179,274.795,247.344,229.467,252.774,280.374,278.512,335.759,349.507,359.414,409.12,449.315,461.736,455.504,418.995,489.222,447.261,461.736,463.822,487.08,510.9,535.282,542.029,548.818
1996-11-01 00:00:00,2,86.2935,86.2935,89.1718,94.9128,112.189,130.185,145.696,142.558,115.14,93.5074,80.6271,71.0084,67.0057,63.0769,60.4997,65.6878,80.6271,144.125,199.897,287.858,331.857,482.81,621.413,604.631,623.829,628.675,588.076,524.13,453.437,383.992,
1996-10-01 00:00:00,2,63.0769,69.666,68.3318,69.666,61.7841,64.3782,64.3782,69.666,69.666,64.3782,59.2238,57.9566,59.2238,59.2238,60.4997,69.666,67.0057,68.3318,69.666,63.0769,63.0769,64.3782,55.4481,55.4481,55.4481,57.9566,61.7841,67.0057,68.3318,73.7172,75.0835
1996-09-01 00:00:00,2,54.2071,52.9749,56.698,60.4997,59.2238,60.4997,65.6878,83.4451,84.8656,82.0323,82.0323,76.4577,73.7172,75.0835,89.1718,89.1718,79.2296,71.0084,73.7172,69.666,68.3318,68.3318,65.6878,68.3318,61.7841,59.2238,59.2238,56.698,59.2238,60.4997,
1996-08-01 00:00:00,2,63.0769,63.0769,61.7841,60.4997,60.4997,60.4997,60.4997,59.2238,59.2238,59.2238,57.9566,57.9566,57.9566,57.9566,68.3318,64.3782,64.3782,65.6878,69.666,69.666,65.6878,63.0769,61.7841,60.4997,59.2238,57.9566,57.9566,56.698,55.4481,55.4481,54.2071
1996-07-01 00:00:00,2,77.8398,76.4577,80.6271,80.6271,79.2296,79.2296,77.8398,76.4577,76.4577,75.0835,73.7172,73.7172,73.7172,72.3588,71.0084,71.0084,69.666,69.666,69.666,68.3318,68.3318,68.3318,67.0057,67.0057,65.6878,65.6878,64.3782,63.0769,63.0769,63.0769,63.0769
1996-06-01 00:00:00,2,97.7396,96.3235,96.3235,93.5074,93.5074,92.0796,92.0796,90.622,90.622,89.1718,89.1718,89.1718,87.7289,87.7289,86.2935,86.2935,84.8656,84.8656,84.8656,83.4451,83.4451,82.0323,82.0323,80.6271,80.6271,79.2296,79.2296,79.2296,77.8398,77.8398,
1996-05-01 00:00:00,2,124.109,121.1,118.11,112.189,110.721,109.258,109.258,107.8,106.347,104.9,104.9,103.457,103.457,102.02,102.02,103.457,104.9,106.347,110.721,113.662,119.603,131.715,130.185,119.603,115.14,116.622,116.622,110.721,106.347,102.02,99.1611
1996-04-01 00:00:00,2,169.782,163.266,160.033,158.423,152.025,147.272,144.125,139.437,137.884,134.791,134.791,131.715,145.696,136.335,147.272,160.033,158.423,198.191,196.488,218.91,233.014,205.038,174.712,155.215,145.696,139.437,134.791,131.715,128.659,125.621,
1996-03-01 00:00:00,2,205.038,210.212,186.355,173.064,179.678,186.355,201.607,218.91,227.699,233.014,252.774,258.234,272.942,263.725,274.795,310.612,308.699,293.504,308.699,329.911,335.759,310.612,285.983,263.725,276.652,249.15,240.151,222.415,206.759,193.095,173.064
1996-02-01 00:00:00,2,196.488,189.718,184.68,184.68,188.035,206.759,220.661,231.239,250.96,265.562,260.061,247.344,238.362,243.74,231.239,236.576,274.795,249.15,213.68,181.342,173.064,168.147,174.712,186.355,196.488,203.32,227.699,210.212,198.191,,
1996-01-01 00:00:00,2,668.108,695.906,693.355,742.6,713.887,680.674,658.138,635.978,626.25,616.595,611.796,614.193,611.796,611.796,607.015,599.878,581.051,548.818,504.348,451.373,389.721,345.564,327.967,316.37,301.077,280.374,252.774,243.74,227.699,213.68,203.32
1995-12-01 00:00:00,2,90.622,92.0796,93.5074,100.588,115.14,118.11,104.9,97.7396,97.7396,104.9,104.9,104.9,110.721,144.125,247.344,367.057,418.995,397.425,339.672,291.619,282.241,278.512,274.795,272.942,297.284,320.224,551.09,449.315,521.913,628.675,635.978
1995-11-01 00:00:00,2,84.8656,84.8656,100.588,122.602,156.817,160.033,142.558,125.621,112.189,100.588,87.7289,82.0323,84.8656,83.4451,89.1718,93.5074,112.189,136.335,158.423,150.436,139.437,131.715,127.138,113.662,102.02,96.3235,94.9128,94.9128,94.9128,90.622,
1995-10-01 00:00:00,2,82.0323,90.622,82.0323,76.4577,72.3588,69.666,67.0057,64.3782,64.3782,75.0835,86.2935,84.8656,97.7396,109.258,103.457,93.5074,97.7396,106.347,99.1611,86.2935,80.6271,77.8398,84.8656,90.622,80.6271,75.0835,68.3318,64.3782,63.0769,61.7841,77.8398
1995-09-01 00:00:00,2,64.3782,63.0769,63.0769,61.7841,61.7841,60.4997,60.4997,59.2238,59.2238,59.2238,59.2238,59.2238,57.9566,57.9566,56.698,55.4481,55.4481,55.4481,63.0769,63.0769,80.6271,90.622,93.5074,93.5074,87.7289,80.6271,72.3588,68.3318,68.3318,73.7172,
1995-08-01 00:00:00,2,84.8656,83.4451,83.4451,83.4451,82.0323,82.0323,80.6271,79.2296,77.8398,77.8398,76.4577,75.0835,75.0835,75.0835,73.7172,72.3588,71.0084,71.0084,69.666,69.666,69.666,68.3318,68.3318,68.3318,68.3318,67.0057,67.0057,65.6878,65.6878,64.3782,64.3782
1995-07-01 00:00:00,2,107.8,106.347,106.347,104.9,103.457,103.457,103.457,102.02,100.588,100.588,99.1611,99.1611,97.7396,97.7396,97.7396,96.3235,94.9128,94.9128,94.9128,93.5074,93.5074,92.0796,92.0796,92.0796,92.0796,90.622,89.1718,87.7289,87.7289,86.2935,84.8656
1995-06-01 00:00:00,2,139.437,137.884,136.335,134.791,131.715,130.185,128.659,127.138,125.621,125.621,124.109,119.603,119.603,119.603,118.11,118.11,115.14,115.14,115.14,115.14,113.662,112.189,110.721,110.721,110.721,110.721,110.721,109.258,109.258,107.8,
1995-05-01 00:00:00,2,173.064,166.516,160.033,158.423,155.215,152.025,156.817,164.889,208.484,243.74,263.725,249.15,238.362,236.576,224.172,201.607,184.68,176.363,169.782,168.147,164.889,160.033,156.817,156.817,150.436,148.852,147.272,153.618,153.618,147.272,142.558
1995-04-01 00:00:00,2,250.96,285.983,361.404,393.564,383.992,343.598,302.978,267.402,245.54,229.467,222.415,215.42,245.54,231.239,220.661,206.759,198.191,198.191,194.79,186.355,181.342,178.019,184.68,188.035,194.79,205.038,208.484,199.897,188.035,179.678,
1995-03-01 00:00:00,2,616.444,546.308,507.531,428.627,389.559,363.397,335.759,343.598,339.672,331.857,327.967,331.857,310.612,284.11,417.01,378.306,383.992,389.721,365.199,331.857,302.978,370.788,269.245,254.59,282.241,312.528,314.448,301.077,285.983,267.402,260.061
1995-02-01 00:00:00,2,254.59,263.725,291.619,367.391,448.904,483.79,546.308,571.028,616.444,639.588,700.025,668.263,676.157,686.731,694.697,732.281,734.991,743.142,754.056,776.045,778.808,778.808,776.045,776.045,765.024,748.592,724.171,676.157,,,
1995-01-01 00:00:00,2,203.32,171.421,152.025,163.266,215.42,310.612,399.746,428.627,410,341.633,265.562,213.68,181.342,163.266,155.215,156.817,148.852,136.335,128.659,124.109,116.622,116.622,130.185,142.558,140.995,131.715,125.621,147.272,186.355,236.576,241.944
1994-12-01 00:00:00,2,188.035,194.79,199.897,179.678,147.272,122.602,110.721,142.558,140.995,181.342,191.404,181.342,164.889,147.272,125.621,112.189,121.1,124.109,142.558,158.423,160.033,191.404,199.897,201.607,302.978,428.627,435.198,397.703,335.759,287.858,254.59
1994-11-01 00:00:00,2,130.185,112.189,93.5074,79.7609,73.1057,70.4863,66.6041,64.337,62.203,61.1476,60.1,61.1476,61.1476,61.1476,61.1476,62.203,65.4156,89.3243,104.9,109.258,107.8,136.335,171.421,152.025,122.602,106.347,106.347,112.189,201.607,168.147,
1994-10-01 00:00:00,2,62.203,63.2661,66.6041,65.4156,64.337,62.203,62.203,64.337,77.0808,71.7929,86.5634,82.4646,71.7929,66.6041,67.8918,64.337,64.337,66.6041,102.02,130.185,106.347,85.1914,74.4247,70.4863,66.6041,64.337,65.4156,64.337,65.4156,73.1057,112.189
1994-09-01 00:00:00,2,78.4179,78.4179,78.4179,77.0808,77.0808,75.7498,74.4247,73.1057,73.1057,73.1057,71.7929,71.7929,70.4863,69.1859,69.1859,69.1859,67.8918,67.8918,67.8918,66.6041,66.6041,66.6041,65.4156,65.4156,65.4156,64.337,63.2661,63.2661,62.203,62.203,
1994-08-01 00:00:00,2,100.588,99.1611,97.7396,97.7396,96.3235,94.9128,94.9128,93.5074,92.1076,92.1076,90.7132,90.7132,90.7132,89.3243,89.3243,87.9411,87.9411,87.9411,86.5634,85.1914,85.1914,85.1914,83.8251,83.8251,83.8251,82.4646,81.1098,81.1098,81.1098,79.7609,78.4179
1994-07-01 00:00:00,2,128.659,125.621,124.109,122.602,121.1,121.1,119.603,119.603,119.603,118.11,115.14,115.14,113.662,112.189,110.721,110.721,109.258,109.258,109.258,107.8,107.8,104.9,104.9,104.9,104.9,103.457,103.457,103.457,103.457,102.02,100.588
1994-06-01 00:00:00,2,179.678,174.712,166.516,160.033,158.423,155.215,152.025,148.852,145.696,144.125,142.558,140.995,137.884,137.884,136.335,134.791,133.251,133.251,131.715,130.185,128.659,128.659,128.659,128.659,131.715,134.791,137.884,136.335,131.715,131.715,
1994-05-01 00:00:00,2,174.712,173.064,169.782,168.147,164.889,161.648,158.423,158.423,158.423,153.618,152.025,150.436,148.852,147.272,147.272,210.212,318.295,405.891,414.121,377.426,318.295,269.245,236.576,211.945,199.897,188.035,184.68,184.68,178.019,174.712,181.342
1994-04-01 00:00:00,2,355.443,312.528,312.528,320.224,304.882,282.241,263.725,245.54,236.576,231.239,227.699,220.661,213.68,208.484,201.607,201.607,198.191,199.897,213.68,215.42,220.661,231.239,236.576,229.467,213.68,201.607,193.095,188.035,183.009,179.678,
1994-03-01 00:00:00,2,213.68,222.415,272.942,272.942,276.652,351.483,359.414,349.507,373.403,389.559,387.53,420.322,399.746,418.252,437.472,403.84,359.414,322.155,308.699,304.882,316.37,375.413,387.53,389.559,393.626,381.459,379.441,397.703,395.663,407.944,389.559
1994-02-01 00:00:00,2,745.865,716.092,678.795,603.711,543.857,495.613,418.252,383.48,359.414,343.598,326.027,306.789,304.882,302.978,295.393,302.978,306.789,299.179,272.942,258.234,243.74,234.793,225.934,215.42,213.68,203.32,201.607,208.484,,,
1994-01-01 00:00:00,2,353.461,389.559,534.087,588.55,673.522,702.695,843.277,792.676,770.528,770.528,892.027,854.664,843.277,834.77,843.277,863.239,843.277,834.77,826.293,820.657,823.473,809.425,803.829,801.036,809.425,798.246,792.676,787.119,773.284,767.774,759.533
1993-12-01 00:00:00,2,116.622,103.457,92.1076,87.9411,94.9128,103.457,102.02,104.9,118.11,104.9,102.02,104.9,107.8,121.1,137.884,148.852,145.696,125.621,110.721,99.1611,142.558,121.1,136.335,191.404,188.035,169.782,176.363,218.91,241.944,241.944,293.504
1993-11-01 00:00:00,2,112.189,99.1611,89.3243,85.1914,82.4646,79.7609,92.1076,103.457,100.588,113.662,139.437,134.791,116.622,100.588,89.3243,82.4646,78.4179,74.4247,73.1057,71.7929,73.1057,75.7498,79.7609,86.5634,96.3235,104.9,99.1611,110.721,112.189,115.14,
1993-10-01 00:00:00,2,115.14,113.662,103.457,96.3235,96.3235,103.457,103.457,106.347,130.185,124.109,104.9,92.1076,86.5634,82.4646,79.7609,77.0808,75.7498,75.7498,75.7498,81.1098,89.3243,87.9411,89.3243,102.02,104.9,109.258,107.8,118.11,160.033,161.648,134.791
1993-09-01 00:00:00,2,92.1076,89.3243,87.9411,86.5634,85.1914,83.8251,83.8251,82.4646,81.1098,81.1098,81.1098,79.7609,79.7609,81.1098,83.8251,86.5634,86.5634,83.8251,82.4646,82.4646,83.8251,85.1914,90.7132,97.7396,103.457,109.258,115.14,128.659,125.621,116.622,
1993-08-01 00:00:00,2,104.9,103.457,103.457,103.457,103.457,102.02,102.02,100.588,97.7396,97.7396,96.3235,96.3235,94.9128,94.9128,94.9128,94.9128,94.9128,99.1611,104.9,110.721,106.347,104.9,102.02,100.588,99.1611,99.1611,97.7396,97.7396,97.7396,97.7396,94.9128
1993-07-01 00:00:00,2,134.791,133.251,131.715,130.185,130.185,128.659,125.621,124.109,122.602,122.602,121.1,121.1,119.603,119.603,118.11,118.11,116.622,116.622,115.14,115.14,115.14,113.662,112.189,110.721,110.721,109.258,107.8,107.8,106.347,106.347,106.347
1993-06-01 00:00:00,2,161.648,161.648,169.782,176.363,176.363,173.064,176.363,189.718,199.897,205.038,194.79,188.035,183.009,169.782,161.648,158.423,156.817,153.618,153.618,150.436,147.272,147.272,145.696,144.125,142.558,140.995,139.437,137.884,136.335,134.791,
1993-05-01 00:00:00,2,227.699,222.415,218.91,217.163,215.42,217.163,220.661,222.415,217.163,211.945,206.759,203.32,198.191,193.095,191.404,188.035,189.718,188.035,186.355,184.68,183.009,179.678,176.363,174.712,173.064,169.782,166.516,166.516,164.889,164.889,161.648
1993-04-01 00:00:00,2,391.591,393.626,399.746,401.791,420.322,444.319,442.033,430.71,416.185,405.891,412.059,418.252,397.703,389.559,367.391,341.633,318.295,302.978,297.284,287.858,274.795,265.562,258.234,250.96,247.344,243.74,243.74,247.344,250.96,245.54,
1993-03-01 00:00:00,2,705.367,710.723,716.092,718.782,718.782,716.092,708.043,692.038,670.891,649.966,601.175,563.573,529.225,509.927,483.79,458.12,420.322,391.591,379.441,373.403,363.397,353.461,357.427,357.427,351.483,329.911,353.461,412.059,428.627,414.121,416.185
1993-02-01 00:00:00,2,324.09,320.224,324.09,316.37,299.179,326.027,355.443,407.944,479.087,538.964,553.685,563.573,563.573,573.52,626.695,694.697,697.359,710.723,721.475,716.092,702.695,684.082,665.639,663.018,676.157,676.157,689.383,697.359,,,
1993-01-01 00:00:00,2,353.461,322.155,297.284,284.11,291.619,391.591,420.322,430.71,432.795,426.547,416.185,395.663,389.559,416.185,428.627,403.84,410,363.397,363.397,424.469,424.469,426.547,416.185,420.322,401.791,397.703,399.746,387.53,377.426,373.403,345.564
1992-12-01 00:00:00,2,217.163,224.172,224.172,265.562,345.564,347.534,293.504,274.795,280.374,295.393,341.633,401.791,428.627,512.326,548.763,538.964,500.369,446.609,446.609,469.73,497.989,502.753,514.729,517.135,493.24,446.609,399.746,403.84,395.663,387.53,385.504
1992-11-01 00:00:00,2,282.241,349.507,451.202,460.434,548.763,566.055,566.055,534.087,521.96,505.14,486.146,486.146,483.79,481.436,453.504,422.394,387.53,347.534,312.528,278.512,261.891,260.061,258.234,261.891,258.234,247.344,249.15,241.944,229.467,224.172,
1992-10-01 00:00:00,2,191.404,194.79,166.516,145.696,153.618,168.147,164.889,161.648,164.889,179.678,203.32,265.562,250.96,210.212,171.421,150.436,137.884,131.715,125.621,124.109,124.109,118.11,113.662,116.622,142.558,183.009,199.897,188.035,171.421,178.019,222.415
1992-09-01 00:00:00,2,97.7396,97.7396,96.3235,94.9128,93.5074,97.7396,99.1611,104.9,142.558,155.215,147.272,127.138,118.11,104.9,99.1611,100.588,106.347,112.189,118.11,128.659,147.272,153.618,137.884,127.138,116.622,116.622,109.258,112.189,136.335,160.033,
1992-08-01 00:00:00,2,121.1,121.1,119.603,118.11,116.622,115.14,113.662,113.662,112.189,112.189,110.721,109.258,109.258,109.258,106.347,104.9,104.9,104.9,104.9,104.9,104.9,104.9,104.9,106.347,107.8,106.347,103.457,102.02,99.1611,97.7396,96.3235
1992-07-01 00:00:00,2,152.025,152.025,148.852,147.272,147.272,145.696,144.125,142.558,140.995,140.995,140.995,145.696,145.696,145.696,142.558,139.437,137.884,136.335,134.791,131.715,130.185,128.659,127.138,127.138,125.621,125.621,124.109,122.602,122.602,122.602,121.1
1992-06-01 00:00:00,2,206.759,203.32,199.897,196.488,193.095,191.404,191.404,188.035,186.355,184.68,181.342,179.678,178.019,176.363,174.712,173.064,171.421,169.782,168.147,166.516,163.266,163.266,161.648,161.648,160.033,158.423,158.423,156.817,155.215,153.618,
1992-05-01 00:00:00,2,329.911,312.528,312.528,304.882,297.284,363.397,418.252,446.609,426.547,401.791,361.404,324.09,297.284,278.512,267.402,260.061,247.344,238.362,238.362,234.793,238.362,233.014,234.793,238.362,238.362,234.793,227.699,218.91,218.91,215.42,210.212
1992-04-01 00:00:00,2,351.483,339.672,329.911,329.911,339.672,347.534,335.759,326.027,308.699,314.448,312.528,304.882,301.077,302.978,301.077,322.155,371.397,401.791,391.591,373.403,363.397,359.414,327.967,320.224,308.699,306.789,331.857,367.391,387.53,373.403,
1992-03-01 00:00:00,2,700.025,718.782,692.038,686.731,689.383,694.697,697.359,692.038,692.038,686.731,670.891,657.787,642.177,626.695,606.251,588.55,568.54,568.54,541.409,507.531,488.507,481.436,476.742,451.202,420.322,397.703,391.591,373.403,377.426,377.426,365.392
1992-02-01 00:00:00,2,980.282,1052.88,1203.23,1540.92,1844.32,2103.45,1925.02,1945.52,2441.78,2901.45,2888.4,2721.92,2549.23,2168.7,1775.4,1533.96,1424.11,1326.97,1241.86,1161.84,1096.03,1037.61,989.261,953.511,912.368,871.842,826.293,778.808,734.991,,
1992-01-01 00:00:00,2,199.897,222.415,240.151,267.402,306.789,326.027,318.295,333.807,335.759,299.179,249.15,213.68,184.68,174.712,193.095,297.284,391.591,435.198,474.401,581.019,624.127,734.991,743.142,767.774,776.045,765.024,773.284,829.115,840.438,962.407,968.353
1991-12-01 00:00:00,2,79.7609,92.1076,121.1,124.109,121.1,115.14,103.457,121.1,144.125,106.347,130.185,178.019,188.035,217.163,265.562,250.96,243.74,229.467,236.576,233.014,222.415,224.172,196.488,181.342,163.266,144.125,128.659,121.1,128.659,136.335,156.817
1991-11-01 00:00:00,2,73.1057,73.1057,73.1057,78.4179,83.8251,100.588,112.189,94.9128,83.8251,89.3243,83.8251,97.7396,100.588,137.884,124.109,109.258,127.138,148.852,136.335,118.11,107.8,99.1611,93.5074,86.5634,82.4646,77.0808,70.4863,69.1859,73.1057,73.1057,
1991-10-01 00:00:00,2,87.9411,93.5074,121.1,155.215,163.266,140.995,125.621,121.1,127.138,168.147,199.897,179.678,147.272,127.138,122.602,115.14,104.9,104.9,112.189,139.437,153.618,152.025,130.185,122.602,107.8,96.3235,86.5634,82.4646,78.4179,77.0808,73.1057
1991-09-01 00:00:00,2,79.7609,78.4179,78.4179,78.4179,77.0808,77.0808,75.7498,75.7498,75.7498,74.4247,74.4247,73.1057,73.1057,73.1057,71.7929,71.7929,71.7929,71.7929,73.1057,73.1057,73.1057,74.4247,73.1057,73.1057,75.7498,77.0808,75.7498,75.7498,82.4646,82.4646,
1991-08-01 00:00:00,2,102.02,102.02,102.02,100.588,99.1611,97.7396,97.7396,97.7396,96.3235,96.3235,94.9128,94.9128,93.5074,92.1076,90.7132,89.3243,87.9411,86.5634,86.5634,85.1914,85.1914,85.1914,83.8251,83.8251,83.8251,83.8251,83.8251,82.4646,82.4646,81.1098,81.1098
1991-07-01 00:00:00,2,134.791,133.251,131.715,131.715,130.185,130.185,128.659,127.138,125.621,124.109,122.602,121.1,121.1,119.603,119.603,119.603,119.603,119.603,119.603,118.11,118.11,116.622,115.14,113.662,112.189,110.721,109.258,106.347,104.9,103.457,102.02
1991-06-01 00:00:00,2,191.404,188.035,184.68,183.009,179.678,179.678,174.712,173.064,171.421,169.782,168.147,164.889,163.266,161.648,160.033,158.423,156.817,155.215,153.618,153.618,152.025,150.436,148.852,145.696,144.125,142.558,140.995,139.437,137.884,136.335,
1991-05-01 00:00:00,2,355.443,329.911,308.699,293.504,285.983,272.942,265.562,258.234,252.774,249.15,243.74,240.151,236.576,231.239,227.699,224.172,227.699,238.362,254.59,276.652,291.619,289.737,263.725,256.411,245.54,225.934,215.42,208.484,201.607,196.488,193.095
1991-04-01 00:00:00,2,678.795,700.025,713.406,726.871,737.705,759.533,778.808,798.246,809.425,817.844,826.293,829.115,823.473,823.473,812.228,767.774,721.475,668.263,603.711,543.857,505.14,467.4,460.434,451.202,422.394,391.591,367.391,359.414,367.391,371.397,
1991-03-01 00:00:00,2,455.81,451.202,426.547,393.626,383.48,428.627,439.75,502.753,556.152,591.068,601.175,591.068,558.622,521.96,474.401,439.75,412.059,371.397,339.672,312.528,297.284,318.295,377.426,435.198,420.322,412.059,444.319,462.752,502.753,548.763,655.176
1991-02-01 00:00:00,2,729.575,724.171,724.171,718.782,713.406,708.043,692.038,676.157,655.176,642.177,634.42,629.266,619.001,603.711,588.55,563.573,558.622,551.223,668.263,673.522,657.787,652.57,644.77,603.711,573.52,548.763,507.531,481.436,,,
1991-01-01 00:00:00,2,99.1611,102.02,82.4646,93.5074,106.347,156.817,171.421,263.725,369.392,367.391,326.027,310.612,333.807,505.14,588.55,665.639,663.018,673.522,670.891,663.018,642.177,616.444,591.068,568.54,538.964,519.546,486.146,448.904,581.019,686.731,743.142
1990-12-01 00:00:00,2,97.7396,103.457,94.9128,82.4646,65.4156,59.0602,53.9787,51.0245,49.0949,48.1421,49.0949,50.0557,52.986,55.9877,61.1476,61.1476,64.337,74.4247,79.7609,85.1914,92.1076,92.1076,110.721,103.457,87.9411,77.0808,81.1098,82.4646,102.02,122.602,106.347
1990-11-01 00:00:00,2,54.9792,52.0013,51.0245,51.0245,50.0557,89.3243,89.3243,81.1098,89.3243,104.9,100.588,102.02,82.4646,70.4863,78.4179,102.02,85.1914,67.8918,58.0282,53.9787,52.0013,52.0013,52.986,57.004,61.1476,58.0282,54.9792,73.1057,89.3243,104.9,
1990-10-01 00:00:00,2,53.9787,52.986,54.9792,52.986,52.986,57.004,65.4156,63.2661,58.0282,53.9787,52.0013,50.0557,50.0557,49.0949,48.1421,47.1973,51.0245,53.9787,53.9787,57.004,59.0602,73.1057,82.4646,82.4646,79.7609,71.7929,65.4156,62.203,63.2661,62.203,57.004
1990-09-01 00:00:00,2,66.6041,73.1057,73.1057,70.4863,73.1057,79.7609,79.7609,75.7498,63.2661,63.2661,63.2661,61.1476,60.1,61.1476,63.2661,62.203,63.2661,67.8918,74.4247,74.4247,66.6041,62.203,59.0602,58.0282,57.004,55.9877,54.9792,54.9792,54.9792,54.9792,
1990-08-01 00:00:00,2,63.2661,63.2661,62.203,61.1476,61.1476,61.1476,61.1476,61.1476,60.1,60.1,60.1,60.1,61.1476,61.1476,61.1476,60.1,60.1,59.0602,59.0602,60.1,62.203,69.1859,71.7929,75.7498,77.0808,73.1057,67.8918,65.4156,64.337,65.4156,65.4156
1990-07-01 00:00:00,2,73.1057,73.1057,73.1057,71.7929,71.7929,71.7929,73.1057,73.1057,78.4179,83.8251,87.9411,87.9411,82.4646,79.7609,78.4179,78.4179,75.7498,74.4247,73.1057,73.1057,70.4863,70.4863,69.1859,67.8918,66.6041,65.4156,65.4156,65.4156,64.337,64.337,63.2661
1990-06-01 00:00:00,2,92.1076,90.7132,90.7132,89.3243,87.9411,87.9411,86.5634,85.1914,85.1914,83.8251,83.8251,82.4646,82.4646,82.4646,81.1098,79.7609,79.7609,78.4179,78.4179,78.4179,77.0808,77.0808,77.0808,75.7498,75.7498,74.4247,74.4247,73.1057,73.1057,73.1057,
1990-05-01 00:00:00,2,115.14,112.189,116.622,118.11,124.109,155.215,164.889,142.558,127.138,125.621,124.109,122.602,122.602,121.1,121.1,121.1,119.603,122.602,113.662,115.14,121.1,118.11,110.721,104.9,102.02,99.1611,97.7396,96.3235,96.3235,93.5074,93.5074
1990-04-01 00:00:00,2,189.718,168.147,150.436,137.884,131.715,128.659,125.621,130.185,130.185,125.621,124.109,121.1,127.138,139.437,145.696,134.791,142.558,145.696,158.423,211.945,265.562,271.092,236.576,196.488,161.648,140.995,131.715,125.621,119.603,118.11,
1990-03-01 00:00:00,2,278.512,316.37,327.967,333.807,301.077,245.54,203.32,181.342,169.782,166.516,166.516,160.033,150.436,142.558,136.335,133.251,136.335,147.272,158.423,164.889,184.68,194.79,186.355,184.68,189.718,205.038,222.415,206.759,183.009,203.32,210.212
1990-02-01 00:00:00,2,198.191,189.718,183.009,176.363,171.421,164.889,161.648,158.423,152.025,148.852,145.696,169.782,148.852,169.782,258.234,236.576,271.092,287.858,252.774,222.415,189.718,171.421,189.718,188.035,183.009,205.038,222.415,252.774,,,
1990-01-01 00:00:00,2,363.397,371.397,493.24,665.639,754.056,770.528,773.284,781.575,778.808,767.774,762.277,756.793,754.056,726.871,694.697,647.366,583.526,512.326,444.319,383.48,341.633,302.978,274.795,256.411,241.944,231.239,240.151,231.239,222.415,213.68,206.759
1989-12-01 00:00:00,2,139.437,148.852,142.558,130.185,121.1,107.8,102.02,99.1611,106.347,109.258,106.347,102.02,100.588,164.889,301.077,363.397,412.059,428.627,437.472,439.75,488.507,490.872,534.087,551.223,536.524,502.753,476.742,448.904,422.394,412.059,383.48
1989-11-01 00:00:00,2,63.2661,60.1,59.0602,57.004,60.1,64.337,74.4247,82.4646,73.1057,66.6041,61.1476,92.1076,128.659,193.095,260.061,256.411,261.891,229.467,186.355,168.147,188.035,193.095,186.355,213.68,261.891,243.74,210.212,181.342,150.436,142.558,
1989-10-01 00:00:00,2,61.1476,69.1859,86.5634,93.5074,79.7609,69.1859,63.2661,65.4156,67.8918,65.4156,61.1476,60.1,62.203,62.203,64.337,65.4156,70.4863,67.8918,64.337,70.4863,89.3243,85.1914,86.5634,73.1057,82.4646,104.9,99.1611,85.1914,77.0808,74.4247,69.1859
1989-09-01 00:00:00,2,78.4179,75.7498,67.8918,70.4863,63.2661,62.203,62.203,64.337,69.1859,73.1057,69.1859,65.4156,65.4156,64.337,64.337,63.2661,61.1476,63.2661,63.2661,65.4156,60.1,57.004,54.9792,54.9792,54.9792,53.9787,52.986,52.986,54.9792,57.004,
1989-08-01 00:00:00,2,67.8918,77.0808,81.1098,89.3243,83.8251,77.0808,69.1859,66.6041,65.4156,64.337,66.6041,66.6041,64.337,62.203,60.1,59.0602,59.0602,59.0602,59.0602,58.0282,57.004,57.004,57.004,55.9877,57.004,57.004,59.0602,61.1476,69.1859,81.1098,86.5634
1989-07-01 00:00:00,2,74.4247,74.4247,73.1057,73.1057,73.1057,71.7929,77.0808,71.7929,70.4863,70.4863,69.1859,69.1859,70.4863,67.8918,67.8918,66.6041,66.6041,65.4156,65.4156,65.4156,64.337,64.337,64.337,63.2661,63.2661,63.2661,62.203,61.1476,61.1476,61.1476,63.2661
1989-06-01 00:00:00,2,83.8251,83.8251,82.4646,82.4646,82.4646,81.1098,81.1098,81.1098,79.7609,78.4179,81.1098,83.8251,85.1914,89.3243,94.9128,97.7396,93.5074,86.5634,83.8251,81.1098,81.1098,79.7609,78.4179,78.4179,78.4179,81.1098,78.4179,78.4179,77.0808,75.7498,
1989-05-01 00:00:00,2,109.258,106.347,112.189,116.622,122.602,134.791,134.791,121.1,115.14,115.14,110.721,106.347,102.02,100.588,100.588,99.1611,96.3235,94.9128,94.9128,94.9128,90.7132,90.7132,90.7132,89.3243,89.3243,89.3243,87.9411,87.9411,86.5634,85.1914,83.8251
1989-04-01 00:00:00,2,147.272,145.696,142.558,137.884,136.335,133.251,133.251,136.335,134.791,137.884,148.852,140.995,133.251,131.715,145.696,174.712,179.678,160.033,147.272,137.884,130.185,127.138,125.621,127.138,122.602,118.11,115.14,115.14,113.662,112.189,
1989-03-01 00:00:00,2,243.74,272.942,291.619,291.619,289.737,308.699,302.978,301.077,289.737,265.562,243.74,234.793,247.344,227.699,287.858,289.737,308.699,318.295,318.295,306.789,274.795,240.151,211.945,196.488,183.009,174.712,168.147,163.266,158.423,152.025,150.436
1989-02-01 00:00:00,2,133.251,124.109,130.185,125.621,139.437,142.558,145.696,156.817,188.035,222.415,271.092,393.626,446.609,462.752,458.12,435.198,416.185,420.322,395.663,363.397,343.598,320.224,302.978,272.942,284.11,276.652,252.774,247.344,,,
1989-01-01 00:00:00,2,260.061,225.934,220.661,222.415,229.467,229.467,282.241,343.598,403.84,439.75,462.752,455.81,435.198,405.891,363.397,329.911,314.448,327.967,339.672,295.393,280.374,260.061,258.234,252.774,224.172,193.095,173.064,161.648,153.618,144.125,137.884
1988-12-01 00:00:00,2,87.9411,83.8251,83.8251,83.8251,89.3243,102.02,125.621,116.622,97.7396,97.7396,81.1098,75.7498,78.4179,94.9128,134.791,161.648,186.355,217.163,252.774,218.91,178.019,168.147,193.095,234.793,304.882,312.528,333.807,369.392,387.53,361.404,312.528
1988-11-01 00:00:00,2,121.1,103.457,93.5074,107.8,125.621,118.11,110.721,115.14,119.603,116.622,144.125,171.421,160.033,137.884,110.721,89.3243,79.7609,92.1076,103.457,90.7132,77.0808,71.7929,73.1057,87.9411,109.258,128.659,158.423,152.025,125.621,99.1611,
1988-10-01 00:00:00,2,51.0245,52.986,53.9787,59.0602,65.4156,66.6041,63.2661,65.4156,66.6041,70.4863,73.1057,65.4156,61.1476,59.0602,61.1476,64.337,74.4247,78.4179,85.1914,67.8918,71.7929,71.7929,97.7396,150.436,140.995,118.11,118.11,128.659,113.662,119.603,137.884
1988-09-01 00:00:00,2,58.0282,55.9877,54.9792,54.9792,54.9792,54.9792,54.9792,53.9787,53.9787,53.9787,53.9787,52.986,52.986,52.0013,52.0013,51.0245,51.0245,51.0245,51.0245,51.0245,51.0245,51.0245,51.0245,51.0245,50.0557,49.0949,48.1421,47.1973,47.1973,52.0013,
1988-08-01 00:00:00,2,67.8918,67.8918,67.8918,67.8918,66.6041,66.6041,66.6041,66.6041,65.4156,65.4156,65.4156,65.4156,64.337,64.337,63.2661,63.2661,62.203,62.203,62.203,61.1476,61.1476,61.1476,60.1,60.1,60.1,59.0602,59.0602,58.0282,58.0282,57.004,57.004
1988-07-01 00:00:00,2,86.5634,85.1914,85.1914,83.8251,82.4646,82.4646,82.4646,81.1098,81.1098,79.7609,79.7609,79.7609,78.4179,77.0808,77.0808,77.0808,75.7498,74.4247,74.4247,74.4247,73.1057,73.1057,73.1057,73.1057,73.1057,71.7929,71.7929,70.4863,70.4863,69.1859,67.8918
1988-06-01 00:00:00,2,115.14,113.662,115.14,116.622,113.662,110.721,109.258,113.662,115.14,112.189,109.258,104.9,102.02,100.588,100.588,99.1611,99.1611,97.7396,96.3235,94.9128,93.5074,92.1076,92.1076,90.7132,90.7132,89.3243,89.3243,89.3243,87.9411,86.5634,
1988-05-01 00:00:00,2,144.125,142.558,139.437,136.335,133.251,130.185,127.138,125.621,122.602,122.602,121.1,121.1,118.11,116.622,115.14,113.662,118.11,119.603,118.11,122.602,133.251,136.335,128.659,119.603,115.14,115.14,113.662,113.662,116.622,119.603,118.11
1988-04-01 00:00:00,2,176.363,173.064,169.782,174.712,183.009,183.009,176.363,174.712,173.064,174.712,173.064,166.516,158.423,160.033,155.215,156.817,161.648,161.648,158.423,163.266,176.363,210.212,215.42,210.212,184.68,169.782,161.648,153.618,148.852,148.852,
1988-03-01 00:00:00,2,361.404,337.714,361.404,318.295,375.413,397.703,407.944,428.627,426.547,412.059,383.48,345.564,308.699,280.374,258.234,249.15,238.362,229.467,225.934,238.362,240.151,243.74,241.944,231.239,218.91,208.484,198.191,191.404,186.355,181.342,178.019
1988-02-01 00:00:00,2,116.622,125.621,127.138,174.712,256.411,261.891,243.74,254.59,301.077,422.394,538.964,649.966,637.002,644.77,649.966,639.588,626.695,792.676,737.705,697.359,676.157,652.57,616.444,571.028,517.135,467.4,422.394,385.504,371.397,,
1988-01-01 00:00:00,2,184.68,201.607,210.212,233.014,234.793,215.42,208.484,234.793,261.891,301.077,297.284,291.619,314.448,357.427,351.483,314.448,272.942,234.793,201.607,186.355,173.064,160.033,147.272,140.995,136.335,133.251,127.138,122.602,121.1,115.14,125.621
1987-12-01 00:00:00,2,171.421,171.421,181.342,152.025,142.558,136.335,243.74,234.793,234.793,287.858,339.672,420.322,412.059,451.202,401.791,399.746,414.121,414.121,385.504,363.397,375.413,385.504,424.469,430.71,395.663,341.633,285.983,241.944,210.212,194.79,210.212
1987-11-01 00:00:00,2,173.064,176.363,191.404,176.363,136.335,104.9,90.7132,83.8251,78.4179,77.0808,78.4179,79.7609,82.4646,86.5634,89.3243,90.7132,107.8,173.064,220.661,208.484,176.363,134.791,109.258,96.3235,92.1076,100.588,107.8,150.436,211.945,199.897,
1987-10-01 00:00:00,2,75.7498,75.7498,75.7498,71.7929,70.4863,70.4863,71.7929,70.4863,67.8918,66.6041,65.4156,63.2661,61.1476,60.1,59.0602,58.0282,57.004,57.004,55.9877,54.9792,54.9792,59.0602,66.6041,81.1098,100.588,127.138,137.884,184.68,205.038,173.064,168.147
1987-09-01 00:00:00,2,69.1859,69.1859,67.8918,67.8918,67.8918,66.6041,65.4156,65.4156,67.8918,70.4863,70.4863,69.1859,70.4863,71.7929,70.4863,69.1859,69.1859,66.6041,73.1057,70.4863,73.1057,75.7498,79.7609,87.9411,104.9,106.347,109.258,106.347,92.1076,81.1098,
1987-08-01 00:00:00,2,85.1914,85.1914,85.1914,85.1914,85.1914,83.8251,83.8251,83.8251,83.8251,83.8251,83.8251,82.4646,82.4646,82.4646,79.7609,78.4179,78.4179,74.4247,73.1057,73.1057,73.1057,73.1057,73.1057,73.1057,73.1057,71.7929,71.7929,70.4863,70.4863,70.4863,69.1859
1987-07-01 00:00:00,2,112.189,110.721,109.258,109.258,109.258,107.8,106.347,106.347,104.9,106.347,103.457,103.457,103.457,103.457,103.457,102.02,99.1611,97.7396,94.9128,94.9128,93.5074,92.1076,92.1076,89.3243,89.3243,89.3243,87.9411,87.9411,86.5634,86.5634,85.1914
1987-06-01 00:00:00,2,148.852,147.272,144.125,140.995,137.884,134.791,133.251,131.715,131.715,130.185,130.185,131.715,131.715,130.185,127.138,125.621,124.109,122.602,121.1,119.603,118.11,116.622,115.14,115.14,113.662,115.14,116.622,119.603,118.11,115.14,
1987-05-01 00:00:00,2,196.488,193.095,194.79,194.79,191.404,188.035,183.009,179.678,174.712,171.421,168.147,164.889,163.266,164.889,164.889,161.648,158.423,171.421,164.889,164.889,166.516,166.516,163.266,158.423,156.817,155.215,153.618,153.618,155.215,153.618,148.852
1987-04-01 00:00:00,2,168.147,164.889,163.266,198.191,233.014,297.284,418.252,531.654,571.028,561.096,543.857,521.96,507.531,497.989,481.436,458.12,420.322,377.426,335.759,297.284,267.402,247.344,236.576,233.014,236.576,229.467,220.661,211.945,205.038,199.897,
1987-03-01 00:00:00,2,227.699,220.661,215.42,210.212,205.038,199.897,193.095,189.718,206.759,218.91,217.163,229.467,247.344,241.944,222.415,208.484,222.415,213.68,224.172,243.74,312.528,272.942,272.942,297.284,282.241,245.54,220.661,203.32,189.718,179.678,173.064
1987-02-01 00:00:00,2,571.028,553.685,517.135,469.73,424.469,401.791,420.322,424.469,432.795,420.322,397.703,403.84,371.397,359.414,343.598,333.807,337.714,304.882,304.882,341.633,389.559,397.703,371.397,329.911,293.504,265.562,249.15,234.793,,,
1987-01-01 00:00:00,2,734.991,745.865,756.793,767.774,778.808,789.896,798.246,801.036,789.896,767.774,705.367,642.177,571.028,500.369,446.609,401.791,363.397,361.404,343.598,363.397,339.672,343.598,377.426,381.459,391.591,462.752,558.622,556.152,578.516,588.55,586.036
1986-12-01 00:00:00,2,83.8251,94.9128,116.622,181.342,201.607,203.32,188.035,173.064,156.817,127.138,113.662,115.14,122.602,156.817,191.404,220.661,278.512,331.857,289.737,236.576,203.32,173.064,145.696,136.335,238.362,381.459,529.225,586.036,652.57,670.891,726.871
1986-11-01 00:00:00,2,58.0282,57.004,58.0282,57.004,58.0282,54.9792,54.9792,63.2661,62.203,64.337,66.6041,94.9128,90.7132,92.1076,118.11,152.025,137.884,109.258,89.3243,78.4179,71.7929,67.8918,64.337,62.203,61.1476,60.1,60.1,58.0282,58.0282,61.1476,
1986-10-01 00:00:00,2,65.4156,65.4156,66.6041,70.4863,70.4863,67.8918,64.337,62.203,62.203,61.1476,59.0602,58.0282,62.203,59.0602,58.0282,58.0282,58.0282,57.004,58.0282,60.1,59.0602,57.004,57.004,58.0282,66.6041,82.4646,86.5634,75.7498,67.8918,62.203,59.0602
1986-09-01 00:00:00,2,93.5074,89.3243,86.5634,83.8251,81.1098,79.7609,78.4179,78.4179,78.4179,77.0808,77.0808,75.7498,73.1057,73.1057,71.7929,71.7929,71.7929,70.4863,69.1859,69.1859,67.8918,67.8918,66.6041,66.6041,65.4156,65.4156,63.2661,63.2661,63.2661,63.2661,
1986-08-01 00:00:00,2,99.1611,96.3235,94.9128,94.9128,93.5074,93.5074,90.7132,89.3243,86.5634,85.1914,85.1914,85.1914,86.5634,83.8251,81.1098,81.1098,82.4646,89.3243,104.9,121.1,116.622,116.622,103.457,102.02,109.258,116.622,115.14,109.258,104.9,106.347,99.1611
1986-07-01 00:00:00,2,103.457,102.02,118.11,112.189,110.721,109.258,118.11,118.11,112.189,109.258,106.347,103.457,100.588,99.1611,99.1611,97.7396,97.7396,99.1611,96.3235,96.3235,92.1076,94.9128,93.5074,96.3235,99.1611,112.189,128.659,137.884,121.1,112.189,103.457
1986-06-01 00:00:00,2,128.659,127.138,127.138,127.138,125.621,124.109,122.602,121.1,119.603,118.11,116.622,115.14,115.14,115.14,113.662,113.662,113.662,112.189,110.721,110.721,109.258,107.8,107.8,106.347,106.347,106.347,104.9,104.9,104.9,104.9,
1986-05-01 00:00:00,2,194.79,176.363,166.516,161.648,158.423,153.618,150.436,148.852,147.272,145.696,148.852,158.423,184.68,179.678,178.019,174.712,173.064,164.889,156.817,150.436,147.272,150.436,148.852,148.852,147.272,144.125,140.995,137.884,134.791,133.251,131.715
1986-04-01 00:00:00,2,299.179,285.983,280.374,261.891,240.151,227.699,217.163,210.212,203.32,198.191,194.79,191.404,188.035,186.355,186.355,191.404,193.095,194.79,188.035,181.342,174.712,171.421,168.147,168.147,166.516,164.889,174.712,179.678,183.009,196.488,
1986-03-01 00:00:00,2,403.84,371.397,337.714,343.598,351.483,367.391,385.504,397.703,418.252,435.198,458.12,458.12,430.71,401.791,383.48,351.483,320.224,293.504,276.652,265.562,261.891,260.061,260.061,252.774,254.59,256.411,271.092,282.241,280.374,284.11,299.179
1986-02-01 00:00:00,2,347.534,326.027,297.284,304.882,347.534,329.911,322.155,322.155,318.295,343.598,363.397,363.397,343.598,306.789,304.882,351.483,476.742,578.516,652.57,660.401,660.401,660.401,657.787,647.366,621.562,581.019,521.96,460.434,,,
1986-01-01 00:00:00,2,596.115,563.573,502.753,435.198,383.48,367.391,363.397,462.752,495.613,598.643,665.639,724.171,737.705,732.281,726.871,737.705,740.422,729.575,734.991,734.991,737.705,734.991,724.171,692.038,649.966,591.068,541.409,465.074,418.252,387.53,367.391
1985-12-01 00:00:00,2,186.355,196.488,188.035,211.945,201.607,181.342,217.163,229.467,208.484,168.147,131.715,112.189,100.588,93.5074,93.5074,97.7396,94.9128,104.9,139.437,163.266,166.516,171.421,148.852,145.696,210.212,263.725,333.807,393.626,469.73,536.524,586.036
1985-11-01 00:00:00,2,97.7396,100.588,115.14,150.436,169.782,222.415,243.74,231.239,201.607,163.266,130.185,109.258,99.1611,92.1076,89.3243,86.5634,81.1098,77.0808,73.1057,70.4863,70.4863,67.8918,70.4863,71.7929,83.8251,104.9,115.14,136.335,153.618,163.266,
1985-10-01 00:00:00,2,103.457,115.14,125.621,119.603,110.721,112.189,107.8,106.347,103.457,103.457,100.588,97.7396,93.5074,85.1914,82.4646,79.7609,78.4179,75.7498,74.4247,73.1057,71.7929,73.1057,71.7929,74.4247,73.1057,71.7929,74.4247,87.9411,99.1611,115.14,110.721
1985-09-01 00:00:00,2,89.3243,89.3243,87.9411,86.5634,85.1914,85.1914,87.9411,90.7132,92.1076,96.3235,99.1611,96.3235,92.1076,87.9411,86.5634,85.1914,85.1914,82.4646,81.1098,79.7609,78.4179,77.0808,75.7498,102.02,100.588,104.9,115.14,122.602,122.602,107.8,
1985-08-01 00:00:00,2,112.189,112.189,110.721,109.258,107.8,107.8,106.347,106.347,104.9,103.457,103.457,102.02,100.588,99.1611,99.1611,97.7396,97.7396,96.3235,96.3235,96.3235,94.9128,94.9128,93.5074,93.5074,93.5074,93.5074,93.5074,92.1076,92.1076,90.7132,90.7132
1985-07-01 00:00:00,2,139.437,139.437,137.884,136.335,136.335,134.791,134.791,131.715,130.185,130.185,128.659,127.138,125.621,124.109,122.602,122.602,121.1,121.1,121.1,119.603,119.603,118.11,116.622,116.622,115.14,115.14,113.662,113.662,112.189,112.189,112.189
1985-06-01 00:00:00,2,178.019,174.712,174.712,173.064,176.363,176.363,176.363,173.064,168.147,164.889,163.266,161.648,158.423,158.423,158.423,158.423,156.817,156.817,156.817,153.618,152.025,150.436,148.852,147.272,145.696,145.696,145.696,142.558,142.558,140.995,
1985-05-01 00:00:00,2,254.59,250.96,247.344,247.344,247.344,245.54,241.944,238.362,231.239,227.699,222.415,220.661,218.91,218.91,215.42,211.945,208.484,206.759,201.607,199.897,198.191,194.79,194.79,194.79,194.79,193.095,191.404,188.035,184.68,183.009,179.678
1985-04-01 00:00:00,2,534.087,509.927,479.087,446.609,422.394,395.663,381.459,365.392,355.443,345.564,341.633,341.633,339.672,337.714,337.714,324.09,308.699,301.077,312.528,351.483,357.427,343.598,322.155,301.077,285.983,274.795,267.402,261.891,258.234,256.411,
1985-03-01 00:00:00,2,603.711,624.127,624.127,608.794,591.068,576.016,581.019,558.622,581.019,611.34,626.695,649.966,644.77,613.89,603.711,596.115,626.695,668.263,716.092,713.406,716.092,713.406,713.406,708.043,697.359,681.437,655.176,621.562,586.036,573.52,556.152
1985-02-01 00:00:00,2,1040.66,1114.7,1149.21,1219.28,1287.45,1317.05,1303.87,1280.91,1264.59,1168.18,1133.48,1077.47,1019.39,968.353,929.926,883.357,831.941,773.284,697.359,616.444,566.055,512.326,483.79,467.4,465.074,493.24,529.225,578.516,,,
1985-01-01 00:00:00,2,367.391,410,403.84,371.397,331.857,299.179,276.652,252.774,287.858,387.53,500.369,568.54,591.068,673.522,578.516,558.622,588.55,566.055,621.562,708.043,863.239,837.603,857.519,857.519,921.133,926.992,924.061,932.863,962.407,977.295,1004.29
1984-12-01 00:00:00,2,261.891,243.74,233.014,220.661,231.239,285.983,308.699,297.284,324.09,357.427,385.504,401.791,412.059,410,403.84,416.185,495.613,512.326,529.225,534.087,517.135,476.742,430.71,381.459,324.09,276.652,245.54,233.014,272.942,271.092,312.528
1984-11-01 00:00:00,2,77.0808,73.1057,70.4863,67.8918,65.4156,63.2661,61.1476,61.1476,59.0602,59.0602,59.0602,58.0282,57.004,63.2661,74.4247,78.4179,86.5634,82.4646,71.7929,65.4156,85.1914,122.602,153.618,208.484,201.607,171.421,148.852,160.033,229.467,263.725,
1984-10-01 00:00:00,2,100.588,96.3235,87.9411,82.4646,78.4179,77.0808,74.4247,73.1057,71.7929,70.4863,69.1859,67.8918,70.4863,71.7929,71.7929,78.4179,78.4179,82.4646,116.622,133.251,115.14,119.603,134.791,137.884,131.715,115.14,103.457,97.7396,102.02,83.8251,83.8251
1984-09-01 00:00:00,2,86.5634,85.1914,83.8251,83.8251,82.4646,81.1098,85.1914,86.5634,115.14,124.109,142.558,158.423,153.618,127.138,104.9,94.9128,90.7132,86.5634,85.1914,82.4646,83.8251,85.1914,87.9411,93.5074,109.258,109.258,97.7396,93.5074,92.1076,96.3235,
1984-08-01 00:00:00,2,82.4646,81.1098,81.1098,81.1098,79.7609,78.4179,78.4179,78.4179,78.4179,77.0808,77.0808,77.0808,75.7498,74.4247,73.1057,73.1057,73.1057,71.7929,71.7929,71.7929,71.7929,71.7929,73.1057,74.4247,78.4179,90.7132,89.3243,89.3243,87.9411,87.9411,90.7132
1984-07-01 00:00:00,2,96.3235,96.3235,96.3235,96.3235,94.9128,94.9128,94.9128,94.9128,94.9128,94.9128,90.7132,89.3243,89.3243,89.3243,87.9411,87.9411,87.9411,87.9411,86.5634,85.1914,85.1914,85.1914,85.1914,83.8251,83.8251,83.8251,82.4646,82.4646,82.4646,82.4646,82.4646
1984-06-01 00:00:00,2,121.1,119.603,118.11,116.622,115.14,115.14,115.14,113.662,112.189,112.189,110.721,110.721,109.258,109.258,107.8,106.347,106.347,106.347,104.9,104.9,102.02,100.588,100.588,99.1611,99.1611,99.1611,97.7396,97.7396,97.7396,96.3235,
1984-05-01 00:00:00,2,184.68,178.019,196.488,206.759,225.934,213.68,194.79,176.363,161.648,155.215,152.025,148.852,145.696,142.558,140.995,139.437,136.335,136.335,136.335,139.437,150.436,168.147,155.215,142.558,134.791,131.715,128.659,127.138,127.138,124.109,122.602
1984-04-01 00:00:00,2,188.035,208.484,227.699,233.014,208.484,218.91,245.54,234.793,217.163,210.212,208.484,194.79,183.009,178.019,171.421,168.147,164.889,161.648,160.033,160.033,166.516,164.889,160.033,160.033,160.033,153.618,152.025,160.033,176.363,191.404,
1984-03-01 00:00:00,2,220.661,213.68,206.759,201.607,198.191,205.038,211.945,218.91,224.172,236.576,240.151,240.151,247.344,243.74,265.562,320.224,324.09,314.448,285.983,260.061,233.014,215.42,215.42,218.91,229.467,241.944,231.239,210.212,198.191,189.718,186.355
1984-02-01 00:00:00,2,428.627,405.891,377.426,361.404,326.027,310.612,295.393,284.11,285.983,306.789,316.37,310.612,289.737,284.11,284.11,280.374,274.795,289.737,285.983,265.562,252.774,249.15,238.362,233.014,231.239,225.934,227.699,229.467,224.172,,
1984-01-01 00:00:00,2,784.345,787.119,789.896,789.896,787.119,776.045,770.528,740.422,705.367,647.366,611.34,571.028,536.524,500.369,460.434,426.547,401.791,379.441,361.404,349.507,337.714,331.857,329.911,347.534,363.397,377.426,401.791,428.627,446.609,453.504,446.609
1983-12-01 00:00:00,2,365.392,357.427,359.414,418.252,439.75,472.063,536.524,536.524,517.135,517.135,551.223,596.115,649.966,692.038,708.043,718.782,721.475,724.171,724.171,732.281,748.592,754.056,765.024,792.676,787.119,787.119,787.119,781.575,781.575,781.575,781.575
1983-11-01 00:00:00,2,271.092,265.562,293.504,312.528,397.703,488.507,514.729,509.927,474.401,422.394,385.504,439.75,395.663,418.252,507.531,561.096,608.794,624.127,613.89,596.115,548.763,536.524,546.308,546.308,548.763,507.531,479.087,453.504,424.469,393.626,
1983-10-01 00:00:00,2,171.421,158.423,150.436,145.696,142.558,139.437,137.884,136.335,136.335,134.791,136.335,145.696,161.648,263.725,254.59,355.443,451.202,472.063,460.434,422.394,405.891,393.626,414.121,424.469,446.609,486.146,474.401,424.469,365.392,312.528,276.652
1983-09-01 00:00:00,2,147.272,145.696,144.125,142.558,142.558,140.995,145.696,153.618,158.423,168.147,179.678,183.009,173.064,169.782,174.712,179.678,186.355,181.342,183.009,210.212,227.699,234.793,234.793,210.212,186.355,178.019,189.718,194.79,196.488,188.035,
1983-08-01 00:00:00,2,198.191,196.488,194.79,191.404,188.035,186.355,184.68,181.342,179.678,179.678,178.019,178.019,174.712,173.064,171.421,171.421,168.147,168.147,164.889,163.266,161.648,160.033,160.033,160.033,158.423,156.817,155.215,153.618,152.025,150.436,147.272
1983-07-01 00:00:00,2,260.061,256.411,252.774,250.96,247.344,243.74,240.151,236.576,233.014,231.239,227.699,225.934,222.415,220.661,218.91,215.42,211.945,211.945,210.212,211.945,218.91,240.151,269.245,280.374,260.061,236.576,222.415,213.68,210.212,205.038,201.607
1983-06-01 00:00:00,2,439.75,497.989,543.857,563.573,553.685,531.654,521.96,514.729,495.613,460.434,430.71,405.891,383.48,363.397,349.507,335.759,324.09,316.37,308.699,304.882,297.284,289.737,285.983,280.374,278.512,276.652,271.092,267.402,263.725,261.891,
1983-05-01 00:00:00,2,652.57,634.42,613.89,586.036,548.763,514.729,481.436,455.81,437.472,424.469,418.252,407.944,395.663,379.441,371.397,363.397,355.443,347.534,341.633,335.759,329.911,326.027,322.155,318.295,322.155,343.598,375.413,367.391,365.392,363.397,379.441
1983-04-01 00:00:00,2,710.723,700.025,681.437,657.787,631.841,598.643,591.068,576.016,571.028,586.036,598.643,593.59,639.588,670.891,689.383,702.695,716.092,724.171,729.575,726.871,729.575,724.171,708.043,684.082,713.406,694.697,692.038,684.082,681.437,665.639,
1983-03-01 00:00:00,2,915.287,866.103,809.425,950.552,962.407,851.813,817.844,792.676,776.045,767.774,762.277,754.056,743.142,732.281,721.475,700.025,676.157,649.966,629.266,619.001,624.127,637.002,652.57,668.263,684.082,692.038,702.695,713.406,721.475,721.475,713.406
1983-02-01 00:00:00,2,660.401,697.359,621.562,776.045,840.438,897.823,1124.08,1660.89,2039.39,1824.46,1775.4,2007.81,2168.7,2135.93,1966.15,1755.99,1572.35,1461.56,1356.87,1274.37,1203.23,1133.48,1049.82,986.265,909.453,903.632,950.552,944.643,,,
1983-01-01 00:00:00,2,553.685,598.643,668.263,665.639,734.991,743.142,765.024,765.024,781.575,784.345,781.575,778.808,784.345,806.626,874.716,829.115,806.626,789.896,892.027,857.519,863.239,863.239,846.119,834.77,765.024,926.992,874.716,789.896,787.119,724.171,681.437
1982-12-01 00:00:00,2,130.623,148.579,160.939,160.939,147.055,175.203,216.658,233.466,247.214,252.438,291.852,301.076,314.15,280.913,225.009,228.379,262.996,331.234,394.392,414.879,386.295,368.286,392.362,425.253,439.921,454.756,456.889,454.756,416.947,452.627,647.366
1982-11-01 00:00:00,2,176.811,156.268,127.701,117.636,113.402,98.2946,89.0362,83.8746,81.3299,82.5992,89.0362,102.348,103.711,100.991,126.248,109.216,117.636,153.178,181.662,176.811,168.817,168.817,178.424,186.554,173.6,159.377,127.701,113.402,123.356,139.512,
1982-10-01 00:00:00,2,86.4435,89.0362,92.9694,92.9694,90.3414,94.2921,102.348,105.079,99.6402,96.9547,95.6205,98.2946,103.711,116.219,129.16,135.045,132.092,120.486,106.452,96.9547,92.9694,98.2946,98.2946,113.402,127.701,127.701,116.219,105.079,105.079,107.831,132.092
1982-09-01 00:00:00,2,100.991,100.991,105.079,103.711,100.991,98.2946,96.9547,95.6205,94.2921,92.9694,92.9694,90.3414,90.3414,89.0362,89.0362,87.7369,87.7369,86.4435,86.4435,85.1561,85.1561,83.8746,83.8746,83.8746,83.8746,83.8746,83.8746,83.8746,83.8746,83.8746,
1982-08-01 00:00:00,2,133.566,132.092,130.623,129.16,127.701,127.701,126.248,124.799,123.356,123.356,121.918,120.486,119.058,117.636,117.636,117.636,116.219,114.808,114.808,113.402,112.001,110.606,110.606,107.831,107.831,106.452,105.079,103.711,103.711,103.711,102.348
1982-07-01 00:00:00,2,176.811,170.407,168.817,167.232,165.652,162.505,160.939,159.377,157.82,156.268,154.72,153.178,151.64,150.107,148.579,148.579,147.055,147.055,147.055,145.537,144.023,147.055,151.64,150.107,145.537,141.01,138.018,135.045,135.045,133.566,133.566
1982-06-01 00:00:00,2,236.878,231.766,226.692,225.009,223.33,218.319,215.016,211.603,211.603,208.207,208.207,206.515,204.828,201.466,198.122,194.795,193.138,191.485,188.193,188.193,188.193,184.919,183.288,180.041,178.424,178.424,176.811,178.424,178.424,178.424,
1982-05-01 00:00:00,2,338.924,333.151,327.411,323.604,317.92,310.396,304.792,299.223,293.689,290.019,286.365,284.543,279.103,273.698,270.115,268.329,264.769,262.996,259.46,254.188,252.438,252.438,250.693,252.438,254.188,264.769,262.996,259.46,261.226,254.188,243.753
1982-04-01 00:00:00,2,886.244,860.377,846.119,837.603,829.115,823.473,815.035,803.829,784.345,784.345,734.991,702.695,665.639,626.695,593.59,581.019,573.52,566.055,551.223,524.378,490.872,461.165,433.614,410.753,394.392,372.263,370.273,358.408,354.482,346.673,
1982-03-01 00:00:00,2,435.713,439.921,448.378,476.742,467.604,483.79,505.14,581.019,551.223,603.711,626.695,670.891,729.575,801.036,803.829,820.657,857.519,871.842,894.924,897.823,892.027,924.061,974.311,1010.32,1049.82,1019.39,974.311,944.643,924.061,906.541,889.134
1982-02-01 00:00:00,2,1059.01,1028.49,1019.39,1007.3,992.26,974.311,959.439,947.596,932.863,918.208,903.632,889.134,871.842,854.664,829.115,795.459,754.056,713.406,665.639,619.001,571.028,524.378,483.79,456.889,437.815,425.253,423.171,444.143,,,
1982-01-01 00:00:00,2,702.695,668.263,668.263,670.891,684.082,716.092,724.171,745.865,762.277,781.575,792.676,823.473,857.519,851.813,851.813,846.119,846.119,840.438,840.438,866.103,932.863,926.992,944.643,974.311,998.267,1083.64,1114.7,1158.68,1165.01,1146.06,1092.93
1981-12-01 00:00:00,2,323.604,386.295,433.614,606.251,536.524,534.087,536.524,519.546,495.613,566.055,551.223,631.841,657.787,681.437,697.359,708.043,724.171,748.592,765.024,778.808,792.676,798.246,803.829,803.829,801.036,801.036,798.246,803.829,778.808,737.705,708.043
1981-11-01 00:00:00,2,213.307,211.603,176.811,154.72,162.505,184.919,270.115,284.543,243.753,228.379,321.705,273.698,350.57,500.369,526.799,586.036,556.152,509.927,500.369,490.872,531.654,578.516,553.685,541.409,488.507,561.096,431.519,396.424,376.254,340.856,
1981-10-01 00:00:00,2,55.0185,61.8764,81.3299,75.0754,77.5586,81.3299,98.2946,102.348,91.6525,96.9547,127.701,282.726,183.288,186.554,280.913,386.295,394.392,400.501,404.591,372.263,314.15,304.792,317.92,266.547,204.828,156.268,130.623,119.058,145.537,172.001,189.837
1981-09-01 00:00:00,2,65.3975,65.3975,64.2171,63.0434,61.8764,61.8764,61.8764,61.8764,61.8764,60.7162,59.5629,58.4163,57.2767,56.1441,56.1441,55.0185,55.0185,53.9,53.9,53.9,53.9,53.9,56.1441,55.0185,53.9,52.7886,52.7886,51.6844,51.6844,51.6844,
1981-08-01 00:00:00,2,75.0754,75.0754,73.8432,73.8432,72.6174,72.6174,72.6174,71.3979,71.3979,70.1848,70.1848,70.1848,70.1848,70.1848,70.1848,70.1848,68.9782,78.8095,77.5586,77.5586,80.0666,87.7369,86.4435,78.8095,73.8432,71.3979,70.1848,68.9782,67.7781,67.7781,66.5845
1981-07-01 00:00:00,2,96.9547,95.6205,94.2921,94.2921,92.9694,90.3414,90.3414,89.0362,89.0362,87.7369,86.4435,85.1561,85.1561,85.1561,85.1561,85.1561,83.8746,82.5992,82.5992,81.3299,81.3299,80.0666,78.8095,78.8095,77.5586,77.5586,77.5586,76.3139,76.3139,76.3139,75.0754
1981-06-01 00:00:00,2,120.486,123.356,117.636,113.402,110.606,109.216,117.636,127.701,144.023,173.6,181.662,154.72,132.092,132.092,114.808,112.001,112.001,114.808,116.219,117.636,116.219,114.808,110.606,106.452,103.711,102.348,100.991,99.6402,98.2946,98.2946,
1981-05-01 00:00:00,2,154.72,167.232,167.232,159.377,168.817,183.288,178.424,156.268,144.023,138.018,133.566,132.092,129.16,126.248,124.799,123.356,120.486,120.486,117.636,116.219,116.219,114.808,114.808,114.808,113.402,112.001,110.606,110.606,112.001,114.808,117.636
1981-04-01 00:00:00,2,448.378,529.225,507.531,459.025,404.591,356.443,319.811,291.852,268.329,245.481,228.379,219.985,209.903,196.456,183.288,176.811,172.001,168.817,167.232,168.817,167.232,160.939,156.268,151.64,150.107,147.055,148.579,154.72,151.64,148.579,
1981-03-01 00:00:00,2,150.107,147.055,144.023,141.01,141.01,141.01,145.537,164.076,180.041,209.903,235.17,240.307,219.985,189.837,168.817,153.178,145.537,141.01,167.232,250.693,310.396,308.524,325.506,325.506,308.524,262.996,223.33,201.466,240.307,257.699,356.443
1981-02-01 00:00:00,2,419.018,360.376,331.234,312.271,290.019,266.547,245.481,235.17,240.307,261.226,270.115,295.53,316.034,327.411,331.234,308.524,261.226,231.766,208.207,193.138,184.919,178.424,173.6,168.817,164.076,159.377,154.72,153.178,,,
1981-01-01 00:00:00,2,221.656,221.656,247.214,252.438,221.656,199.792,188.193,168.817,151.64,144.023,199.792,191.485,213.307,299.223,410.753,497.989,551.223,586.036,603.711,608.794,598.643,571.028,551.223,551.223,529.225,598.643,603.711,598.643,561.096,509.927,448.378
1980-12-01 00:00:00,2,135.045,141.01,150.107,236.878,304.792,348.62,356.443,370.273,348.62,336.996,335.072,310.396,288.19,266.547,248.952,228.379,208.207,194.795,181.662,167.232,154.72,150.107,144.023,136.529,139.512,156.268,167.232,176.811,183.288,191.485,208.207
1980-11-01 00:00:00,2,60.7162,59.5629,60.7162,60.7162,58.4163,56.1441,55.0185,58.4163,64.2171,64.2171,96.9547,162.505,317.92,378.255,338.924,270.115,199.792,153.178,121.918,106.452,99.6402,102.348,98.2946,113.402,144.023,145.537,168.817,194.795,178.424,170.407,
1980-10-01 00:00:00,2,82.5992,82.5992,85.1561,82.5992,78.8095,75.0754,72.6174,71.3979,72.6174,72.6174,75.0754,78.8095,83.8746,90.3414,90.3414,89.0362,87.7369,82.5992,77.5586,73.8432,72.6174,70.1848,67.7781,66.5845,65.3975,64.2171,63.0434,63.0434,65.3975,65.3975,61.8764
