DataHora,NivelConsistencia,Vazao01,Vazao02,Vazao03,Vazao04,Vazao05,Vazao06,Vazao07,Vazao08,Vazao09,Vazao10,Vazao11,Vazao12,Vazao13,Vazao14,Vazao15,Vazao16,Vazao17,Vazao18,Vazao19,Vazao20,Vazao21,Vazao22,Vazao23,Vazao24,Vazao25,Vazao26,Vazao27,Vazao28,Vazao29,Vazao30,Vazao31
2023-04-01 00:00:00,2,42.4987,42.4987,38.8142,34.4038,34.4038,34.4038,34.4038,34.4038,34.4038,34.4038,37.9146,44.3923,47.296,47.296,47.296,47.296,47.296,47.296,47.296,47.296,47.296,46.3197,46.3197,46.3197,44.3923,34.4038,31.0347,31.8635,29.404,27.8098,
2023-03-01 00:00:00,2,37.9146,40.6392,41.5647,43.4412,43.4412,43.4412,43.4412,45.3518,45.3518,45.3518,45.3518,47.296,47.296,46.3197,45.3518,45.3518,44.3923,39.7224,38.8142,39.7224,42.4987,38.8142,37.9146,37.9146,38.8142,41.5647,40.6392,40.6392,40.6392,41.5647,42.4987
2023-02-01 00:00:00,2,105.045,68.492,49.2738,48.2808,48.2808,48.2808,60.4168,88.0399,88.0399,74.2045,56.5981,49.2738,61.7219,67.1052,68.492,69.8952,72.7514,72.7514,71.315,68.492,59.1278,55.4056,49.2738,47.296,40.6392,38.8142,35.2683,35.2683,,,
2023-01-01 00:00:00,2,52.3027,51.2848,133.879,138.033,140.137,144.401,153.153,162.205,198.872,234.206,225.754,225.754,222.977,191.191,155.388,146.561,142.26,142.26,131.83,135.947,142.26,144.401,144.401,146.561,146.561,144.401,144.401,142.26,138.033,127.787,117.997
2022-12-01 00:00:00,2,23.2493,39.7224,49.2738,48.2808,49.2738,49.2738,49.2738,49.2738,48.2808,48.2808,48.2808,46.3197,43.4412,48.2808,49.2738,49.2738,49.2738,56.5981,59.1278,57.8549,56.5981,52.3027,52.3027,61.7219,69.8952,80.1843,123.816,121.858,96.3248,83.2755,60.4168
2022-11-01 00:00:00,2,19.0306,17.0531,15.3287,13.5142,12.4711,12.4711,12.1311,12.1311,12.1311,12.1311,12.4711,12.8149,12.8149,12.4711,12.4711,14.9583,20.3981,21.0965,21.0965,21.0965,21.0965,21.0965,21.0965,21.0965,21.0965,18.3615,17.0531,15.7847,14.2287,15.3287,
2022-10-01 00:00:00,2,20.3981,19.7095,19.7095,23.986,31.0347,40.6392,47.296,47.296,47.296,47.296,47.296,41.5647,21.8045,20.3981,20.3981,20.3981,20.3981,21.8045,20.3981,18.3615,6.6947,6.1741,6.1741,6.4322,14.2287,21.8045,21.8045,21.8045,21.8045,21.8045,21.0965
2022-09-01 00:00:00,2,18.3615,37.0238,37.0238,37.0238,37.0238,34.4038,30.2148,30.2148,29.404,29.404,29.404,29.404,29.404,30.2148,29.404,29.404,29.404,29.404,27.0265,20.3981,19.7095,19.7095,19.0306,19.0306,19.0306,19.0306,20.3981,19.7095,19.7095,19.7095,
2022-08-01 00:00:00,2,15.7847,15.7847,15.7847,15.7847,15.7847,15.7847,15.7847,15.7847,15.7847,15.7847,15.7847,15.7847,15.7847,15.3287,15.3287,15.3287,15.3287,15.3287,15.3287,15.3287,15.3287,15.3287,15.3287,15.3287,15.3287,15.3287,15.3287,15.3287,15.3287,15.3287,15.3287
2022-07-01 00:00:00,2,15.3287,15.3287,15.3287,15.3287,15.3287,15.3287,15.3287,15.3287,15.3287,15.3287,15.3287,14.9583,14.9583,14.9583,14.9583,14.9583,14.9583,14.9583,14.9583,14.9583,14.9583,14.9583,14.9583,14.9583,14.9583,15.3287,15.7847,15.7847,15.7847,15.7847,15.7847
2022-06-01 00:00:00,2,15.3287,19.0306,20.3981,21.8045,21.8045,22.5222,22.5222,22.5222,22.5222,22.5222,22.5222,22.5222,22.5222,23.2493,23.2493,23.2493,23.2493,23.2493,23.2493,24.7321,15.3287,15.3287,15.3287,15.3287,15.3287,15.3287,15.3287,15.3287,15.3287,15.3287,
2022-05-01 00:00:00,2,23.2493,19.0306,16.4139,16.4139,16.4139,16.4139,15.7847,15.7847,15.7847,19.0306,21.0965,21.0965,21.0965,21.8045,21.8045,21.8045,22.5222,26.2524,26.2524,26.2524,26.2524,26.2524,21.8045,18.3615,17.7023,15.7847,15.7847,15.7847,15.7847,15.7847,15.3287
2022-04-01 00:00:00,2,28.6024,34.4038,34.4038,55.4056,48.2808,48.2808,33.5481,32.7014,34.4038,33.5481,32.7014,32.7014,32.7014,32.7014,32.7014,32.7014,32.7014,33.5481,33.5481,31.8635,31.8635,31.8635,31.8635,31.8635,31.0347,24.7321,23.2493,23.2493,23.2493,23.2493,
2022-03-01 00:00:00,2,52.3027,52.3027,46.3197,37.9146,37.9146,37.9146,28.6024,30.2148,30.2148,27.0265,26.2524,25.4876,25.4876,26.2524,25.4876,25.4876,24.7321,24.7321,24.7321,23.986,23.986,23.986,23.986,23.986,23.986,23.986,23.986,22.5222,27.0265,27.8098,25.4876
2022-02-01 00:00:00,2,49.2738,51.2848,52.3027,65.7349,77.1608,78.6641,78.6641,78.6641,114.207,133.879,125.793,125.793,133.879,91.302,86.4347,84.8465,99.7603,142.26,142.26,98.0338,74.2045,68.492,67.1052,56.5981,54.3631,53.3288,53.3288,53.3288,,,
2022-01-01 00:00:00,2,25.4876,52.3027,54.3631,77.1608,101.504,117.997,153.153,169.193,183.685,242.84,325.39,269.835,234.206,209.388,155.388,133.879,129.799,125.793,121.858,117.997,86.4347,53.3288,53.3288,52.3027,52.3027,52.3027,52.3027,52.3027,51.2848,51.2848,50.2752
2021-12-01 00:00:00,2,19.7095,19.7095,20.3981,20.3981,21.8045,22.5222,24.7321,26.2524,24.7321,21.0965,19.7095,19.0306,21.0965,44.3923,48.2808,48.2808,48.2808,69.8952,63.0433,65.7349,52.3027,47.296,47.296,47.296,46.3197,46.3197,24.7321,21.8045,21.8045,21.8045,23.986
2021-11-01 00:00:00,2,19.0306,19.0306,11.7949,15.3287,18.3615,19.0306,19.0306,19.0306,19.0306,19.0306,22.5222,23.2493,21.8045,20.3981,19.7095,19.0306,19.0306,19.0306,19.0306,19.0306,19.0306,19.0306,19.0306,19.7095,19.7095,19.7095,19.7095,20.3981,20.3981,19.7095,
2021-10-01 00:00:00,2,7.7876,7.7876,7.7876,8.3593,7.7876,7.7876,8.3593,7.7876,8.3593,8.6514,9.8607,9.5523,11.1344,19.0306,19.7095,20.3981,20.3981,20.3981,13.1627,8.3593,11.1344,17.7023,19.0306,18.3615,18.3615,19.0306,18.3615,18.3615,19.0306,19.0306,19.0306
2021-09-01 00:00:00,2,16.4139,16.4139,16.4139,16.4139,16.4139,17.7023,17.0531,17.0531,17.7023,17.7023,18.3615,18.3615,18.3615,18.3615,10.4896,17.7023,18.3615,18.3615,19.0306,19.7095,19.7095,19.7095,17.7023,9.5523,6.4322,5.6708,10.4896,13.1627,9.2479,8.6514,
2021-08-01 00:00:00,2,15.3287,15.3287,15.3287,15.3287,15.3287,15.3287,15.3287,15.3287,24.7321,23.2493,21.0965,16.4139,15.3287,15.3287,15.3287,15.3287,12.1311,15.7847,16.4139,16.4139,16.4139,16.4139,16.4139,17.0531,17.0531,17.0531,17.0531,17.0531,16.4139,16.4139,17.0531
2021-07-01 00:00:00,2,9.5523,9.5523,9.5523,9.5523,11.1344,15.3287,15.3287,15.3287,15.3287,15.3287,15.3287,15.3287,15.3287,15.3287,15.3287,15.3287,15.3287,15.3287,15.3287,15.3287,15.3287,15.3287,15.3287,15.3287,15.3287,15.3287,15.3287,17.0531,15.7847,15.3287,15.3287
2021-06-01 00:00:00,2,15.7847,15.7847,15.7847,15.7847,15.3287,15.7847,15.7847,15.7847,15.7847,15.7847,15.7847,15.7847,15.3287,15.7847,15.7847,15.3287,15.3287,15.3287,15.3287,15.7847,15.7847,13.1627,9.5523,9.5523,9.5523,9.5523,9.5523,9.5523,9.5523,9.5523,
2021-05-01 00:00:00,2,15.7847,15.7847,13.8695,10.4896,10.1731,10.1731,10.1731,10.1731,10.1731,10.1731,10.1731,9.2479,9.2479,9.2479,9.2479,9.2479,9.2479,9.2479,9.2479,9.2479,9.2479,9.2479,9.2479,9.8607,14.9583,14.5916,15.3287,15.3287,15.3287,15.3287,15.3287
2021-04-01 00:00:00,2,9.2479,8.9476,8.9476,8.9476,8.9476,8.9476,8.9476,8.9476,8.9476,8.9476,8.9476,8.9476,8.9476,8.9476,8.9476,8.9476,8.9476,8.9476,8.6514,9.2479,9.2479,9.8607,15.3287,15.7847,15.7847,15.7847,14.5916,15.3287,15.7847,15.7847,
2021-03-01 00:00:00,2,77.1608,59.1278,49.2738,45.3518,45.3518,47.296,48.2808,52.3027,71.315,71.315,72.7514,65.7349,47.296,46.3197,45.3518,44.3923,31.8635,27.8098,27.8098,27.8098,23.2493,26.2524,27.0265,27.8098,23.2493,11.7949,11.7949,11.7949,11.1344,9.8607,9.8607
2021-02-01 00:00:00,2,17.7023,18.3615,17.7023,17.7023,17.7023,18.3615,23.986,24.7321,22.5222,20.3981,21.0965,26.2524,50.2752,49.2738,45.3518,39.7224,39.7224,40.6392,50.2752,55.4056,77.1608,74.2045,57.8549,51.2848,51.2848,32.7014,41.5647,41.5647,,,
2021-01-01 00:00:00,2,34.4038,29.404,36.1416,35.2683,36.1416,35.2683,34.4038,37.0238,38.8142,37.0238,37.0238,36.1416,37.9146,37.9146,31.8635,31.8635,31.8635,31.8635,29.404,29.404,19.0306,18.3615,18.3615,17.7023,17.7023,18.3615,18.3615,18.3615,18.3615,18.3615,18.3615
2020-12-01 00:00:00,2,30.5758,30.5758,30.5758,30.5758,32.2872,32.2872,33.1632,34.0527,35.8727,42.6787,50.1765,49.0624,49.0624,28.918,20.7378,20.0711,20.0711,20.0711,21.4171,21.4171,20.7378,20.7378,25.7615,51.3052,52.4484,52.4484,52.4484,51.3052,51.3052,50.1765,35.8727
2020-11-01 00:00:00,2,6.6238,6.6238,6.8903,7.163,6.8903,6.8903,6.8903,6.8903,7.4422,8.9354,15.2949,28.918,30.5758,30.5758,30.5758,30.5758,31.4248,31.4248,30.5758,30.5758,30.5758,30.5758,29.7402,30.5758,30.5758,30.5758,30.5758,30.5758,29.7402,30.5758,
2020-10-01 00:00:00,2,20.0711,20.0711,19.417,19.417,20.0711,20.0711,13.2109,8.0198,7.4422,7.4422,7.4422,7.4422,7.4422,6.3637,6.3637,6.3637,6.3637,6.3637,6.3637,6.3637,6.3637,6.6238,6.6238,6.6238,6.8903,7.4422,6.6238,6.6238,6.6238,6.6238,6.6238
2020-09-01 00:00:00,2,27.3134,27.3134,18.7754,18.7754,19.417,19.417,18.7754,18.7754,18.7754,18.7754,18.7754,18.7754,18.7754,18.1462,18.1462,20.0711,18.7754,18.7754,18.7754,18.7754,18.7754,18.7754,18.7754,18.7754,18.1462,19.417,19.417,19.417,19.417,19.417,
2020-08-01 00:00:00,2,17.5293,17.5293,23.5314,25.7615,25.7615,25.0052,25.0052,25.7615,25.7615,25.7615,25.7615,25.7615,24.2618,24.2618,24.2618,24.2618,25.7615,25.7615,25.7615,25.7615,25.7615,25.7615,25.7615,25.7615,25.7615,27.3134,27.3134,27.3134,27.3134,27.3134,27.3134
2020-07-01 00:00:00,2,18.7754,18.7754,18.7754,18.7754,18.7754,18.7754,18.7754,18.1462,18.1462,18.1462,18.1462,18.1462,18.1462,18.1462,18.1462,20.0711,19.417,19.417,19.417,19.417,19.417,19.417,18.7754,18.7754,18.7754,18.7754,18.7754,20.0711,18.7754,18.7754,18.7754
2020-06-01 00:00:00,2,23.5314,17.5293,7.4422,8.0198,20.7378,16.3324,16.3324,16.3324,16.3324,16.3324,16.3324,16.3324,16.3324,16.3324,17.5293,18.7754,18.7754,18.7754,18.7754,18.7754,18.7754,18.7754,16.3324,18.7754,18.7754,18.7754,18.7754,18.7754,18.7754,18.7754,
2020-05-01 00:00:00,2,23.5314,23.5314,23.5314,23.5314,23.5314,23.5314,23.5314,23.5314,23.5314,23.5314,23.5314,23.5314,23.5314,23.5314,23.5314,23.5314,23.5314,23.5314,23.5314,23.5314,23.5314,23.5314,23.5314,24.2618,24.2618,24.2618,23.5314,23.5314,23.5314,23.5314,23.5314
2020-04-01 00:00:00,2,34.0527,34.0527,34.0527,34.9559,34.0527,34.0527,32.2872,32.2872,47.9626,47.9626,47.9626,47.9626,47.9626,46.8773,41.6644,31.4248,31.4248,31.4248,31.4248,31.4248,31.4248,28.918,24.2618,24.2618,24.2618,24.2618,24.2618,24.2618,23.5314,23.5314,
2020-03-01 00:00:00,2,53.6061,81.3735,125.332,133.079,133.079,112.416,54.7785,53.6061,52.4484,52.4484,52.4484,51.3052,51.3052,51.3052,51.3052,50.1765,42.6787,41.6644,42.6787,42.6787,42.6787,42.6787,42.6787,41.6644,40.6643,32.2872,32.2872,32.2872,31.4248,31.4248,34.0527
2020-02-01 00:00:00,2,114.212,67.318,52.4484,54.7785,52.4484,75.5664,81.3735,121.559,123.437,110.637,76.9949,96.9903,141.096,143.143,155.783,157.949,110.637,101.986,96.9903,53.6061,52.4484,52.4484,52.4484,52.4484,53.6061,54.7785,52.4484,52.4484,53.6061,,
2020-01-01 00:00:00,2,17.5293,17.5293,18.7754,17.5293,17.5293,17.5293,17.5293,18.7754,18.7754,20.0711,20.0711,20.0711,21.4171,20.0711,20.0711,20.0711,21.4171,22.1091,22.1091,21.4171,41.6644,50.1765,54.7785,103.684,212.639,251.655,248.696,215.231,143.143,143.143,133.079
2019-12-01 00:00:00,2,20.7378,20.7378,20.7378,20.0711,20.0711,19.417,20.0711,20.0711,20.0711,20.7378,25.7615,39.6782,42.6787,42.6787,42.6787,34.0527,17.5293,17.5293,20.7378,20.0711,21.4171,21.4171,19.417,20.0711,20.0711,18.7754,18.1462,17.5293,17.5293,16.9248,17.5293
2019-11-01 00:00:00,2,6.1098,5.6205,5.6205,5.385,5.385,5.385,5.385,5.1555,5.1555,5.1555,5.1555,6.8903,5.6205,6.1098,6.1098,6.1098,6.1098,6.8903,32.2872,34.0527,40.6643,31.4248,20.7378,20.7378,20.0711,20.0711,19.417,18.7754,18.7754,19.417,
2019-10-01 00:00:00,2,4.7144,4.7144,4.7144,4.7144,4.7144,4.7144,4.7144,4.7144,4.5027,4.5027,4.932,4.932,4.7144,4.7144,4.7144,4.7144,4.7144,4.7144,4.7144,4.7144,4.7144,4.7144,4.5027,4.5027,4.5027,4.5027,4.5027,4.5027,4.932,4.7144,5.6205
2019-09-01 00:00:00,2,18.7754,18.7754,19.417,19.417,28.918,20.0711,20.0711,10.948,5.8621,3.0137,3.0137,3.1805,3.1805,3.1805,3.1805,3.0137,3.0137,3.0137,3.3527,4.2968,4.2968,4.2968,4.2968,4.2968,4.2968,4.932,4.932,4.932,4.932,4.932,
2019-08-01 00:00:00,2,16.9248,16.9248,16.3324,16.3324,16.3324,16.3324,16.3324,16.3324,16.3324,16.9248,16.9248,16.9248,14.0225,14.0225,14.8634,16.9248,16.9248,16.9248,16.9248,17.5293,17.5293,17.5293,17.5293,17.5293,17.5293,15.2949,15.2949,15.2949,17.5293,18.7754,18.7754
2019-07-01 00:00:00,2,16.9248,16.9248,16.9248,16.9248,16.9248,16.9248,16.9248,16.9248,16.9248,16.9248,16.9248,17.5293,16.9248,16.9248,17.5293,16.9248,16.3324,16.3324,16.3324,16.3324,16.3324,16.3324,16.3324,16.3324,16.3324,16.3324,16.9248,16.9248,16.9248,16.9248,16.9248
2019-06-01 00:00:00,2,15.2949,15.2949,13.2109,9.2538,9.2538,14.4393,14.0225,15.2949,15.2949,15.2949,15.2949,15.2949,15.2949,15.2949,14.8634,14.8634,14.8634,15.7338,15.7338,15.7338,15.7338,15.7338,15.7338,15.7338,15.7338,15.7338,16.3324,16.9248,16.9248,16.9248,
2019-05-01 00:00:00,2,16.3324,16.9248,16.9248,16.9248,16.9248,16.9248,16.9248,16.9248,16.9248,16.9248,16.9248,16.9248,16.9248,16.3324,16.3324,16.9248,16.9248,16.9248,16.9248,16.9248,16.9248,16.9248,16.9248,16.9248,16.9248,16.9248,16.9248,16.9248,16.3324,16.3324,15.2949
2019-04-01 00:00:00,2,19.417,19.417,19.417,19.417,19.417,18.7754,18.7754,18.7754,20.0711,20.0711,20.0711,19.417,19.417,18.7754,20.0711,24.2618,22.1091,25.7615,25.0052,24.2618,24.2618,22.8138,22.1091,20.0711,16.3324,15.7338,16.3324,16.3324,12.816,15.7338,
2019-03-01 00:00:00,2,58.384,58.384,59.6154,57.1674,57.1674,57.1674,54.7785,35.8727,35.8727,34.0527,34.0527,20.0711,20.0711,21.4171,21.4171,20.0711,20.7378,21.4171,21.4171,25.7615,26.5309,27.3134,38.706,38.706,38.706,37.7477,20.0711,19.417,19.417,19.417,19.417
2019-02-01 00:00:00,2,18.7754,18.1462,18.1462,18.7754,19.417,20.0711,20.7378,20.7378,19.417,19.417,29.7402,28.1091,26.5309,24.2618,22.8138,21.4171,22.8138,23.5314,22.8138,19.417,25.7615,32.2872,25.7615,22.1091,21.4171,20.0711,22.1091,39.6782,,,
2019-01-01 00:00:00,2,54.7785,54.7785,53.6061,53.6061,37.7477,18.7754,18.7754,18.7754,21.4171,20.7378,20.0711,18.7754,18.7754,18.7754,18.7754,18.7754,18.7754,18.7754,18.7754,18.7754,18.1462,18.1462,19.417,18.7754,18.7754,16.9248,14.4393,15.7338,18.7754,18.7754,18.1462
2018-12-01 00:00:00,2,46.8773,47.9626,49.0624,47.9626,47.9626,54.7785,51.3052,51.3052,51.3052,51.3052,47.9626,37.7477,18.7754,18.1462,18.7754,18.7754,18.7754,18.7754,18.7754,18.7754,18.7754,18.1462,18.1462,18.7754,18.7754,18.7754,19.417,42.6787,52.4484,62.1229,58.384
2018-11-01 00:00:00,2,16.3324,16.3324,16.3324,16.9248,12.816,7.4422,6.8903,8.0198,9.2538,9.911,9.2538,8.0198,7.4422,7.4422,7.4422,9.2538,9.2538,8.6236,9.2538,11.3075,13.2109,13.2109,12.0476,39.6782,47.9626,47.9626,49.0624,47.9626,46.8773,46.8773,
2018-10-01 00:00:00,2,7.163,7.163,7.163,7.163,7.163,7.163,7.163,7.163,7.163,7.163,7.163,7.4422,7.4422,7.4422,7.4422,7.4422,8.6236,8.0198,16.9248,17.5293,18.1462,17.5293,16.9248,16.9248,16.9248,16.9248,18.7754,17.5293,16.9248,16.9248,16.3324
2018-09-01 00:00:00,2,4.932,4.7144,4.7144,4.7144,4.7144,4.7144,4.7144,4.7144,4.7144,4.7144,5.6205,7.7277,7.163,7.163,7.4422,7.4422,7.4422,7.4422,7.4422,7.4422,7.4422,7.163,7.163,7.163,7.163,7.163,7.163,7.163,7.163,7.4422,
2018-08-01 00:00:00,2,4.5027,4.7144,4.5027,5.385,4.932,4.932,4.932,4.932,4.7144,4.932,5.385,5.385,5.385,5.385,5.385,5.1555,5.1555,5.1555,5.1555,5.1555,5.1555,15.2949,9.911,5.385,5.1555,4.932,4.932,4.932,4.5027,4.2968,4.932
2018-07-01 00:00:00,2,3.7135,3.7135,3.7135,3.7135,3.7135,3.7135,3.7135,3.7135,3.7135,4.0967,4.5027,4.7144,4.5027,4.5027,4.5027,4.5027,4.5027,4.5027,4.5027,4.5027,4.5027,4.5027,4.5027,4.5027,4.5027,4.5027,4.5027,4.5027,4.5027,4.5027,4.5027
2018-06-01 00:00:00,2,22.1091,21.4171,22.1091,12.816,8.6236,8.3184,7.163,6.3637,6.1098,6.1098,6.1098,3.9023,3.7135,3.5303,3.5303,3.5303,3.5303,3.5303,3.5303,3.5303,3.5303,3.1805,3.1805,3.1805,3.0137,3.1805,3.1805,3.5303,3.9023,3.7135,
2018-05-01 00:00:00,2,16.3324,16.3324,16.3324,16.3324,16.3324,15.7338,16.3324,16.3324,17.5293,17.5293,17.5293,17.5293,17.5293,17.5293,17.5293,17.5293,18.7754,18.1462,17.5293,17.5293,17.5293,19.417,19.417,19.417,18.7754,18.7754,18.7754,18.1462,18.7754,22.8138,22.8138
2018-04-01 00:00:00,2,31.4248,31.4248,31.4248,31.4248,31.4248,33.1632,44.7495,44.7495,44.7495,27.3134,17.5293,16.9248,16.9248,45.8063,45.8063,43.707,28.918,17.5293,16.9248,16.9248,16.3324,16.3324,16.3324,16.3324,16.3324,16.3324,16.3324,16.3324,16.3324,16.3324,
2018-03-01 00:00:00,2,46.3735,45.2813,46.3735,46.3735,45.2813,44.2038,44.2038,45.2813,46.3735,45.2813,46.3735,46.3735,45.2813,44.2038,36.1069,44.2038,46.3735,48.6022,43.1409,34.0527,32.2872,32.2872,32.2872,31.4248,31.4248,31.4248,31.4248,31.4248,31.4248,31.4248,31.4248
2018-02-01 00:00:00,2,50.8902,49.7388,47.4805,47.4805,48.6022,48.6022,40.0397,19.8001,17.1862,17.1862,17.1862,16.5652,16.5652,15.9571,16.5652,17.1862,16.5652,16.5652,16.5652,17.1862,17.1862,17.1862,15.9571,15.3618,17.1862,18.467,19.8001,36.1069,,,
2018-01-01 00:00:00,2,18.467,26.4586,38.0445,44.2038,42.0926,72.782,146.613,166.278,146.613,84.6345,46.3735,46.3735,45.2813,45.2813,45.2813,23.3647,19.8001,20.4864,19.8001,19.8001,19.8001,19.127,19.127,19.8001,19.8001,19.8001,19.8001,19.8001,19.127,31.5114,48.6022
2017-12-01 00:00:00,2,25.6647,34.2262,34.2262,46.3735,40.0397,31.5114,28.9226,28.9226,28.9226,29.7716,34.2262,44.2038,44.2038,25.6647,44.2038,45.2813,34.2262,32.4022,30.6345,27.2662,21.186,15.9571,15.9571,15.9571,15.9571,15.9571,16.5652,16.5652,16.5652,19.127,18.467
2017-11-01 00:00:00,2,3.5198,3.5198,3.5198,3.5198,3.5198,3.5198,3.5198,3.5198,3.5198,3.6915,3.6915,3.6915,3.6915,3.6915,3.6915,3.6915,3.6915,3.6915,4.2362,5.4637,4.8266,7.6676,17.8201,21.8988,7.9404,7.9404,7.4004,7.1389,11.6737,17.8201,
2017-10-01 00:00:00,2,3.5198,3.5198,4.2362,3.6915,3.6915,3.6915,3.6915,3.6915,3.6915,3.5198,3.5198,3.5198,3.5198,3.5198,3.5198,3.5198,3.5198,3.5198,3.5198,3.5198,3.5198,3.5198,3.5198,3.5198,3.5198,3.5198,3.5198,3.8681,3.5198,3.5198,3.6915
2017-09-01 00:00:00,2,3.353,3.353,3.353,3.353,3.5198,3.8681,4.0497,4.0497,4.0497,4.0497,4.0497,4.2362,4.8266,4.6247,3.5198,3.5198,3.5198,3.5198,3.5198,3.5198,3.5198,4.4279,4.6247,4.6247,4.6247,4.6247,4.6247,4.4279,3.5198,3.8681,
2017-08-01 00:00:00,2,4.0497,4.0497,4.0497,3.8681,3.8681,3.8681,3.5198,3.5198,3.5198,3.5198,3.5198,3.5198,3.5198,3.5198,3.5198,3.5198,3.8681,3.6915,3.5198,3.5198,3.1911,3.0339,3.0339,3.0339,3.5198,3.5198,3.5198,3.5198,3.5198,3.5198,3.5198
2017-07-01 00:00:00,2,3.5198,3.5198,3.5198,3.5198,3.5198,3.5198,3.5198,3.6915,3.6915,3.6915,3.6915,3.6915,3.6915,3.6915,3.6915,3.6915,3.6915,3.6915,3.6915,3.6915,4.0497,4.0497,4.2362,4.0497,4.0497,4.0497,4.0497,4.0497,4.0497,4.0497,4.0497
2017-06-01 00:00:00,2,2.4521,2.4521,2.4521,2.4521,2.4521,2.4521,2.4521,3.1911,3.353,3.353,3.353,3.353,3.5198,3.6915,3.6915,3.6915,3.6915,3.6915,3.6915,3.6915,3.6915,3.6915,3.5198,3.5198,3.5198,3.5198,3.5198,3.5198,3.5198,3.5198,
2017-05-01 00:00:00,2,11.6737,9.6995,6.3881,6.1489,6.1489,6.1489,6.1489,6.1489,6.1489,5.9151,4.0497,4.0497,4.0497,4.0497,3.8681,3.8681,3.5198,3.5198,3.1911,3.1911,3.1911,3.1911,2.8815,2.8815,2.8815,2.7337,2.7337,2.7337,2.5906,2.4521,2.4521
2017-04-01 00:00:00,2,17.8201,17.8201,17.8201,17.8201,17.1862,17.1862,17.8201,19.8001,19.8001,19.8001,19.8001,19.8001,19.8001,19.8001,19.8001,19.8001,19.8001,19.8001,16.5652,14.2598,11.6737,11.6737,11.6737,11.6737,11.6737,11.6737,11.6737,11.6737,11.6737,11.6737,
2017-03-01 00:00:00,2,17.8201,17.1862,17.1862,17.1862,17.1862,17.1862,17.1862,15.9571,17.8201,17.8201,15.9571,14.7793,14.7793,14.7793,14.7793,15.9571,17.1862,17.1862,18.467,20.4864,19.127,18.467,18.467,17.8201,17.8201,17.8201,17.8201,17.8201,17.8201,17.8201,17.8201
2017-02-01 00:00:00,2,17.1862,17.1862,17.1862,17.8201,17.8201,19.8001,21.186,18.467,17.8201,17.8201,17.1862,17.1862,17.1862,17.1862,17.1862,17.1862,17.1862,17.1862,17.1862,17.1862,17.1862,17.1862,17.1862,17.1862,17.1862,17.1862,17.1862,17.8201,,,
2017-01-01 00:00:00,2,28.0875,28.0875,24.1178,29.7716,28.9226,28.9226,25.6647,23.3647,23.3647,17.8201,13.8713,14.7793,17.1862,21.186,22.625,21.186,20.4864,20.4864,19.8001,19.8001,19.8001,19.8001,18.467,17.1862,17.8201,17.8201,17.1862,17.1862,17.1862,17.1862,17.1862
2016-12-01 00:00:00,2,18.467,19.127,19.8001,19.8001,19.8001,20.4864,24.1178,36.1069,36.1069,36.1069,36.1069,40.0397,49.7388,48.6022,48.6022,48.6022,48.6022,48.6022,48.6022,47.4805,47.4805,38.0445,36.1069,36.1069,36.1069,36.1069,54.4342,28.9226,28.9226,28.9226,28.9226
2016-11-01 00:00:00,2,6.1489,6.1489,6.1489,6.3881,6.1489,6.1489,6.1489,6.8831,6.6328,6.6328,6.6328,6.6328,6.6328,7.9404,8.7935,8.5034,7.4004,7.1389,6.8831,6.8831,6.8831,7.1389,7.1389,7.4004,7.9404,7.9404,7.9404,10.3332,14.2598,17.1862,
2016-10-01 00:00:00,2,6.6328,6.3881,6.3881,6.8831,6.6328,6.6328,6.6328,6.6328,6.3881,6.3881,6.3881,6.3881,6.3881,6.3881,6.3881,6.1489,6.1489,6.3881,6.1489,6.1489,6.1489,6.1489,6.3881,6.1489,6.1489,6.1489,6.1489,6.1489,6.1489,6.1489,6.1489
2016-09-01 00:00:00,2,9.0896,9.0896,9.0896,9.6995,9.0896,7.4004,6.1489,6.1489,5.9151,5.9151,5.9151,5.9151,5.9151,5.9151,5.9151,5.9151,5.9151,5.9151,5.9151,5.9151,5.9151,5.9151,6.1489,5.9151,5.9151,6.1489,6.1489,6.1489,6.1489,6.1489,
2016-08-01 00:00:00,2,18.467,17.8201,17.8201,17.8201,17.8201,17.8201,17.8201,17.8201,17.8201,17.8201,17.8201,18.467,18.467,18.467,18.467,19.127,19.127,19.127,19.127,18.467,18.467,18.467,14.7793,11.3294,11.6737,11.6737,11.6737,11.6737,11.6737,11.3294,10.3332
2016-07-01 00:00:00,2,12.0243,12.0243,12.0243,11.6737,11.6737,11.6737,11.6737,11.6737,11.6737,11.6737,11.6737,11.6737,11.6737,13.1135,16.5652,13.1135,13.8713,13.8713,14.7793,15.9571,15.9571,14.7793,17.1862,17.1862,18.467,18.467,18.467,18.467,19.127,19.127,19.127
2016-06-01 00:00:00,2,17.1136,15.8203,17.7811,17.7811,15.8203,16.46,15.1944,15.1944,15.1944,15.1944,17.1136,17.1136,17.1136,17.7811,17.7811,17.1136,14.5822,14.5822,14.5822,14.5822,14.5822,13.9837,13.9837,13.3989,13.3989,13.3989,13.3989,13.3989,12.0243,12.0243,
2016-05-01 00:00:00,2,19.1579,18.4625,18.4625,18.4625,18.4625,18.4625,15.1944,15.1944,15.1944,15.1944,15.1944,15.1944,15.1944,15.1944,15.1944,15.1944,15.1944,17.1136,16.46,15.8203,15.8203,15.8203,17.1136,24.422,22.8468,17.1136,17.1136,17.1136,17.1136,17.1136,17.1136
2016-04-01 00:00:00,2,19.8674,19.1579,19.8674,19.8674,15.8203,15.1944,14.5822,14.5822,14.5822,14.5822,14.5822,14.5822,14.5822,14.5822,14.5822,14.5822,14.5822,14.5822,14.5822,14.5822,13.9837,13.9837,13.9837,13.9837,13.9837,13.9837,13.9837,13.9837,15.1944,19.1579,
2016-03-01 00:00:00,2,43.3869,44.4916,43.3869,43.3869,51.4396,45.6115,44.4916,43.3869,39.119,35.091,44.4916,33.1662,33.1662,33.1662,21.3287,21.3287,21.3287,21.3287,21.3287,21.3287,19.8674,19.8674,20.591,20.591,21.3287,20.591,20.591,21.3287,26.0546,37.0752,19.8674
2016-02-01 00:00:00,2,90.9421,50.2433,39.119,39.119,39.119,39.119,39.119,38.0896,38.0896,38.0896,38.0896,38.0896,22.8468,22.8468,22.8468,22.8468,22.8468,26.0546,26.0546,24.422,23.6272,23.6272,18.4625,9.9657,15.1944,19.8674,21.3287,19.8674,27.745,,
2016-01-01 00:00:00,2,21.3287,21.3287,21.3287,24.422,22.8468,22.0807,21.3287,21.3287,21.3287,25.2311,22.8468,23.6272,24.422,39.119,56.3785,60.2453,140.367,194.696,215.059,215.059,182.547,130.297,107.842,68.4007,50.2433,35.091,35.091,35.091,57.6519,95.8416,92.5591
2015-12-01 00:00:00,2,5.3405,5.3405,7.1653,7.1653,6.4397,6.209,5.9838,6.209,13.3989,14.5822,13.3989,13.3989,17.1136,27.745,35.091,39.119,49.0625,35.091,31.3005,30.3897,30.3897,29.4935,25.2311,21.3287,21.3287,21.3287,21.3287,22.0807,21.3287,21.3287,21.3287
2015-11-01 00:00:00,2,4.1934,4.1934,4.1934,4.1934,4.1934,4.1934,4.1934,5.3405,5.3405,5.1366,5.1366,4.9379,4.9379,4.9379,4.9379,5.5496,5.3405,5.7641,5.3405,5.7641,5.7641,5.7641,5.3405,5.3405,5.3405,5.3405,5.3405,5.3405,5.3405,5.3405,
2015-10-01 00:00:00,2,4.3721,4.3721,4.3721,4.3721,4.3721,4.3721,4.1934,4.1934,4.1934,4.1934,4.1934,4.1934,4.1934,4.1934,4.1934,4.1934,4.1934,4.1934,4.1934,4.1934,4.1934,4.1934,4.1934,4.1934,4.1934,4.1934,4.3721,4.5557,4.1934,4.1934,4.1934
2015-09-01 00:00:00,2,3.5266,3.5266,3.5266,3.5266,3.5266,3.5266,3.5266,3.8505,5.9838,5.7641,4.9379,4.1934,4.1934,4.1934,4.1934,4.0196,4.0196,3.8505,3.8505,3.8505,3.8505,4.1934,4.1934,4.3721,4.3721,4.3721,4.3721,4.3721,4.3721,4.3721,
2015-08-01 00:00:00,2,18.4625,18.4625,18.4625,18.4625,18.4625,8.7728,8.7728,9.3568,9.3568,9.3568,9.3568,8.7728,6.6759,4.9379,4.7443,4.7443,4.5557,4.3721,3.8505,3.6862,3.5266,3.6862,3.6862,3.5266,3.5266,3.5266,3.5266,3.5266,3.5266,3.5266,3.5266
2015-07-01 00:00:00,2,21.3287,15.8203,12.6601,11.2601,11.2601,11.2601,10.9268,16.46,15.8203,17.1136,17.1136,17.1136,17.7811,17.7811,17.7811,17.1136,17.1136,17.1136,17.1136,17.1136,17.1136,17.1136,17.1136,17.1136,17.1136,17.1136,17.1136,17.1136,17.1136,17.7811,18.4625
2015-06-01 00:00:00,2,22.0807,22.0807,22.8468,22.0807,22.0807,22.0807,22.0807,22.0807,22.0807,22.0807,22.0807,22.0807,22.8468,22.8468,22.8468,22.8468,22.8468,22.8468,22.8468,23.6272,23.6272,23.6272,23.6272,23.6272,24.422,24.422,24.422,24.422,24.422,24.422,
2015-05-01 00:00:00,2,13.9837,13.9837,13.9837,13.9837,13.9837,15.8203,22.0807,22.0807,22.0807,22.0807,22.0807,22.8468,22.8468,22.8468,22.8468,22.0807,22.0807,22.0807,22.0807,22.0807,22.0807,22.0807,22.0807,22.0807,22.0807,22.0807,22.0807,22.0807,22.0807,22.0807,22.0807
2015-04-01 00:00:00,2,15.8203,15.8203,15.1944,15.1944,15.8203,15.8203,15.8203,15.8203,15.1944,14.5822,14.5822,14.5822,14.5822,14.5822,14.5822,14.5822,14.5822,14.5822,14.5822,14.5822,14.5822,14.5822,14.5822,14.5822,14.5822,14.5822,13.9837,13.9837,13.9837,13.9837,
2015-03-01 00:00:00,2,18.4625,18.4625,18.4625,18.4625,18.4625,18.4625,17.7811,29.4935,26.0546,31.3005,29.4935,32.226,30.3897,23.6272,20.591,19.8674,19.1579,18.4625,18.4625,18.4625,19.8674,19.8674,19.8674,20.591,20.591,17.7811,17.1136,15.8203,15.8203,15.8203,15.8203
2015-02-01 00:00:00,2,5.5496,5.3405,19.8674,10.5999,7.6775,14.5822,13.3989,9.6581,11.9467,10.9268,11.9467,15.1944,21.3287,19.8674,19.8674,21.3287,27.745,26.8925,27.745,26.0546,24.422,21.3287,21.3287,19.8674,19.8674,19.8674,19.1579,19.1579,,,
2015-01-01 00:00:00,2,8.7728,8.7728,9.9657,11.9467,9.9657,9.9657,9.0617,9.0617,8.7728,8.7728,8.7728,8.7728,8.7728,8.7728,8.7728,8.7728,8.7728,8.7728,8.7728,8.7728,8.7728,8.7728,8.7728,8.7728,8.7728,8.7728,5.9838,5.7641,8.2132,5.7641,5.3405
2014-12-01 00:00:00,2,6.3881,6.1489,5.9151,5.9151,10.9912,10.0133,6.8831,6.1489,5.9151,5.6867,5.4637,5.4637,5.4637,5.6867,6.1489,5.6867,5.6867,5.6867,8.7935,18.467,18.467,19.127,19.127,21.8988,21.186,19.127,17.1861,17.1861,17.1861,15.9571,10.0133
2014-11-01 00:00:00,2,5.0337,5.0337,4.8266,4.6247,4.6247,4.6247,4.6247,4.6247,4.4279,4.4279,4.4279,4.4279,4.6247,4.6247,4.6247,4.6247,4.6247,4.4279,4.4279,4.4279,4.4279,4.4279,4.6247,5.9151,5.4637,5.0337,5.9151,6.3881,6.8831,6.8831,
2014-10-01 00:00:00,2,5.0337,5.0337,5.0337,5.0337,5.0337,5.0337,5.0337,5.0337,4.8266,4.6247,4.6247,4.6247,4.6247,4.6247,4.6247,4.6247,4.6247,4.6247,4.6247,4.6247,5.0337,4.8266,4.8266,4.8266,4.8266,4.8266,4.8266,4.8266,4.8266,5.0337,5.0337
2014-09-01 00:00:00,2,5.4637,5.4637,5.4637,5.4637,5.4637,5.4637,5.4637,5.4637,5.4637,5.4637,5.2461,4.2362,3.5198,4.4279,6.3881,5.0337,5.0337,5.0337,5.0337,5.0337,5.0337,5.0337,5.0337,5.0337,5.0337,5.0337,5.0337,5.0337,5.0337,5.0337,
2014-08-01 00:00:00,2,5.6867,5.6867,5.6867,5.6867,5.6867,5.4637,5.4637,5.4637,5.4637,5.4637,5.4637,5.4637,5.6867,5.4637,5.4637,5.4637,5.4637,5.6867,5.4637,5.4637,5.4637,5.4637,5.4637,5.4637,5.4637,5.4637,5.4637,5.4637,5.4637,5.4637,5.4637
2014-07-01 00:00:00,2,5.0337,5.0337,5.0337,5.0337,5.0337,5.0337,4.8266,5.0337,5.0337,5.0337,5.0337,5.0337,5.0337,5.0337,5.0337,5.0337,5.0337,5.0337,5.0337,5.0337,5.0337,5.0337,5.2461,5.4637,5.6867,5.6867,5.9151,5.6867,5.6867,5.6867,5.6867
2014-06-01 00:00:00,2,9.0896,9.3916,9.0896,9.0896,9.3916,9.3916,9.3916,9.3916,7.4004,5.2461,5.2461,4.8266,4.8266,4.8266,4.8266,5.0337,5.0337,5.0337,5.0337,5.0337,5.0337,4.8266,4.8266,5.0337,5.0337,5.0337,5.0337,5.0337,5.0337,5.0337,
2014-05-01 00:00:00,2,9.0896,9.0896,9.0896,9.0896,9.0896,9.0896,9.0896,9.0896,9.0896,9.0896,9.0896,9.0896,9.0896,9.0896,9.0896,9.0896,9.0896,9.0896,9.0896,8.7935,8.7935,8.7935,9.0896,8.7935,9.0896,9.3916,9.0896,9.0896,9.0896,9.0896,9.0896
2014-04-01 00:00:00,2,9.6995,10.3332,9.3916,9.0896,9.0896,9.0896,9.0896,9.0896,9.0896,9.0896,9.0896,9.0896,9.0896,9.0896,9.0896,9.0896,9.0896,9.0896,9.0896,9.0896,9.0896,9.0896,9.0896,9.0896,9.0896,9.0896,9.0896,9.0896,9.0896,9.0896,
2014-03-01 00:00:00,2,10.0133,10.0133,10.0133,10.0133,10.0133,10.0133,10.3332,10.6592,10.6592,10.3332,10.3332,10.3332,10.3332,10.3332,10.0133,10.0133,10.0133,10.0133,10.0133,10.0133,10.0133,10.0133,10.0133,10.0133,10.0133,9.3916,10.0133,10.0133,10.0133,10.0133,9.6995
2014-02-01 00:00:00,2,19.8001,19.8001,19.8001,19.8001,17.8201,12.7441,12.381,12.381,12.381,12.7441,11.6737,10.0133,10.0133,9.6995,9.6995,9.6995,9.6995,9.6995,10.3332,10.0133,10.0133,10.0133,10.0133,10.0133,10.0133,10.0133,10.0133,10.0133,,,
2014-01-01 00:00:00,2,21.8988,19.8001,19.8001,19.8001,19.8001,19.8001,19.8001,19.8001,19.8001,21.186,17.8201,17.8201,18.467,20.4864,20.4864,19.127,20.4864,20.4864,20.4864,20.4864,20.4864,21.186,20.4864,20.4864,19.8001,19.8001,19.8001,19.8001,19.8001,19.8001,19.8001
2013-12-01 00:00:00,2,18.467,16.5652,16.5652,17.1861,17.1861,17.1861,17.1861,19.127,18.467,18.467,18.467,26.4586,21.8988,19.8001,19.8001,19.8001,19.8001,19.8001,19.8001,19.8001,19.8001,19.8001,19.8001,22.625,22.625,22.625,22.625,27.2662,22.625,21.8988,21.8988
2013-11-01 00:00:00,2,33.3072,33.3072,33.3072,33.3072,33.3072,33.3072,33.3072,24.8845,24.8845,24.8845,24.8845,19.127,26.4586,26.4586,26.4586,26.4586,26.4586,26.4586,17.1861,17.1861,17.1861,17.8201,17.8201,17.8201,19.8001,18.467,18.467,18.467,18.467,18.467,
2013-10-01 00:00:00,2,14.2598,14.2598,14.2598,17.1861,15.3618,14.2598,13.1135,13.4892,13.4892,13.8713,13.8713,22.625,22.625,21.8988,21.8988,21.8988,21.8988,24.1178,30.6345,26.4586,24.1178,24.8845,26.4586,28.9226,32.4022,33.3072,33.3072,33.3072,33.3072,33.3072,33.3072
2013-09-01 00:00:00,2,14.2598,14.2598,14.2598,14.2598,14.2598,14.2598,14.2598,14.7793,14.7793,15.9571,17.1861,17.1861,17.1861,17.1861,17.1861,21.8988,28.0875,28.0875,28.0875,28.0875,28.0875,28.0875,21.8988,11.6737,12.0243,13.1135,13.8713,13.8713,14.2598,14.2598,
2013-08-01 00:00:00,2,13.4892,15.3618,14.7793,14.7793,14.7793,13.8713,13.8713,13.8713,13.8713,13.8713,13.8713,13.8713,13.8713,13.8713,13.8713,13.8713,14.2598,13.8713,13.8713,14.2598,14.2598,14.2598,14.2598,14.2598,14.2598,14.2598,14.2598,14.2598,14.2598,14.2598,14.2598
2013-07-01 00:00:00,2,14.7793,14.7793,14.7793,14.7793,14.7793,15.3618,15.3618,15.9571,15.9571,15.3618,15.3618,15.3618,15.3618,15.3618,15.3618,15.3618,15.3618,15.3618,15.3618,15.3618,14.7793,14.7793,14.7793,14.7793,15.3618,15.3618,15.3618,15.3618,15.3618,15.3618,13.4892
2013-06-01 00:00:00,2,15.9571,15.9571,16.5652,17.1861,16.5652,15.9571,15.3618,15.3618,15.3618,15.3618,15.3618,15.3618,18.467,15.3618,13.8713,13.8713,13.8713,14.7793,14.7793,14.7793,14.7793,14.7793,15.3618,15.3618,15.3618,15.3618,15.3618,15.3618,14.7793,14.7793,
2013-05-01 00:00:00,2,14.7793,14.7793,14.7793,14.7793,14.7793,14.7793,14.7793,14.7793,14.7793,14.7793,14.7793,15.3618,15.3618,15.3618,14.7793,14.2598,14.2598,15.3618,15.9571,15.9571,15.9571,15.9571,15.9571,15.3618,14.7793,15.3618,15.3618,15.3618,19.127,18.467,16.5652
2013-04-01 00:00:00,2,15.9571,14.7793,15.3618,14.7793,19.127,20.4864,19.8001,18.467,16.5652,15.9571,15.9571,21.8988,30.6345,30.6345,30.6345,30.6345,30.6345,27.2662,23.3647,23.3647,23.3647,23.3647,23.3647,19.8001,15.3618,15.3618,15.3618,14.7793,15.3618,15.3618,
2013-03-01 00:00:00,2,19.127,20.4864,21.186,19.8001,19.8001,18.467,18.467,18.467,17.8201,17.8201,18.467,18.467,17.8201,15.9571,16.5652,17.8201,17.8201,17.8201,17.8201,17.8201,17.8201,17.8201,17.8201,19.127,18.467,18.467,18.467,17.8201,17.8201,16.5652,16.5652
2013-02-01 00:00:00,2,63.2322,86.1874,84.6345,84.6345,54.4342,53.2379,53.2379,53.2379,53.2379,50.8902,46.3735,47.4805,47.4805,27.2662,24.1178,25.6647,24.8845,24.8845,24.1178,21.8988,15.9571,16.5652,17.1861,17.8201,17.1861,17.1861,17.1861,17.1861,,,
2013-01-01 00:00:00,2,20.4864,20.4864,20.4864,20.4864,20.4864,20.4864,19.8001,21.186,19.8001,17.1861,17.8201,18.467,18.467,21.186,30.6345,40.0397,42.0926,42.0926,43.1409,42.0926,38.0445,31.5114,31.5114,27.2662,23.3647,29.7716,31.5114,33.3072,38.0445,46.3735,50.8902
2012-12-01 00:00:00,2,26.4586,25.6647,26.4586,26.4586,25.6647,25.6647,25.6647,25.6647,25.6647,25.6647,26.4586,27.2662,40.0397,38.0445,37.0685,37.0685,37.0685,36.1068,36.1068,32.4022,27.2662,27.2662,27.2662,27.2662,26.4586,26.4586,24.8845,20.4864,20.4864,20.4864,20.4864
2012-11-01 00:00:00,2,19.8001,19.127,19.8001,24.1178,21.8988,20.4864,28.9226,27.2662,28.9226,30.6345,29.7716,28.9226,35.1594,42.0926,28.9226,29.7716,35.1594,42.0926,39.0349,25.6647,27.2662,25.6647,24.8845,24.8845,24.8845,24.8845,29.7716,34.2262,27.2662,26.4586,
2012-10-01 00:00:00,2,18.467,18.467,18.467,17.8201,17.8201,17.8201,17.8201,17.8201,17.1861,17.1861,17.1861,17.1861,17.1861,17.8201,17.8201,17.8201,17.8201,17.1861,17.1861,17.1861,17.1861,17.1861,18.467,18.467,18.467,18.467,18.467,18.467,18.467,18.467,19.8001
2012-09-01 00:00:00,2,41.0589,41.0589,40.0397,40.0397,33.3072,24.1178,24.1178,24.1178,24.1178,24.1178,17.1861,17.1861,17.1861,17.1861,17.1861,17.1861,17.1861,17.1861,17.1861,18.467,18.467,18.467,18.467,18.467,18.467,19.127,19.127,19.127,18.467,18.467,
2012-08-01 00:00:00,2,27.2662,20.4864,25.6647,25.6647,25.6647,25.6647,25.6647,24.8845,24.1178,24.1178,24.1178,24.1178,24.1178,24.1178,24.1178,24.1178,24.1178,24.1178,24.1178,24.1178,24.1178,24.1178,24.1178,34.2262,36.1068,36.1068,38.0445,41.0589,41.0589,41.0589,41.0589
2012-07-01 00:00:00,2,31.5114,31.5114,31.5114,31.5114,31.5114,29.7716,29.7716,29.7716,29.7716,29.7716,28.9226,28.9226,28.9226,29.7716,28.9226,28.9226,28.9226,28.9226,29.7716,29.7716,29.7716,28.9226,28.0875,17.8201,21.8988,29.7716,30.6345,30.6345,30.6345,30.6345,29.7716
2012-06-01 00:00:00,2,29.7716,29.7716,29.7716,29.7716,29.7716,47.4805,97.5071,83.0976,49.7388,49.7388,38.0445,28.9226,28.9226,29.7716,28.9226,30.6345,30.6345,30.6345,30.6345,30.6345,30.6345,36.1068,48.6022,46.3735,39.0349,30.6345,30.6345,30.6345,31.5114,31.5114,
2012-05-01 00:00:00,2,45.2813,46.3735,38.0445,28.0875,27.2662,27.2662,27.2662,28.0875,28.0875,28.0875,28.0875,28.0875,28.0875,28.0875,28.0875,28.0875,28.9226,29.7716,30.6345,30.6345,30.6345,29.7716,29.7716,30.6345,30.6345,31.5114,30.6345,30.6345,29.7716,29.7716,29.7716
2012-04-01 00:00:00,2,53.2379,63.2322,69.9759,58.1136,59.3704,59.3704,59.3704,59.3704,50.8902,47.4805,47.4805,32.4022,28.0875,28.0875,28.0875,28.0875,28.0875,28.9226,28.0875,28.0875,28.0875,28.0875,27.2662,27.2662,27.2662,34.2262,46.3735,46.3735,45.2813,45.2813,
2012-03-01 00:00:00,2,37.0685,31.5114,25.6647,24.1178,24.1178,23.3647,20.4864,17.8201,19.127,19.127,19.8001,22.625,26.4586,26.4586,23.3647,19.8001,48.6022,48.6022,45.2813,21.186,20.4864,20.4864,25.6647,34.2262,33.3072,37.0685,46.3735,47.4805,49.7388,49.7388,55.6456
2012-02-01 00:00:00,2,81.5765,71.3712,69.9759,69.9759,69.9759,69.9759,69.9759,59.3704,54.4342,55.6456,59.3704,63.2322,63.2322,61.9296,63.2322,56.872,50.8902,50.8902,50.8902,50.8902,50.8902,50.8902,50.8902,44.2038,38.0445,37.0685,38.0445,37.0685,37.0685,,
2012-01-01 00:00:00,2,113.232,168.55,924.587,540.552,279.202,285.549,222.991,182.547,170.839,187.353,245.758,215.059,175.469,150.862,128.334,100.887,99.1889,89.3412,102.601,100.887,102.601,100.887,92.5591,72.782,68.5962,68.5962,63.2322,58.1136,89.3412,89.3412,89.3412
2011-12-01 00:00:00,2,50.8902,50.8902,50.8902,50.8902,50.8902,50.8902,50.8902,50.8902,50.8902,53.2379,54.4342,53.2379,53.2379,50.8902,56.872,69.9759,126.388,124.458,130.297,111.419,89.3412,86.1874,86.1874,86.1874,86.1874,86.1874,94.1923,92.5591,109.622,111.419,111.419
2011-11-01 00:00:00,2,14.2598,13.8713,13.8713,13.8713,13.8713,13.8713,13.8713,13.8713,13.8713,13.8713,16.5652,13.4892,13.1135,14.2598,15.3618,15.9571,15.9571,17.8201,19.127,18.467,18.467,18.467,18.467,18.467,18.467,19.8001,23.3647,24.8845,40.0397,50.8902,
2011-10-01 00:00:00,2,12.0243,12.0243,13.8713,8.5034,8.5034,12.0243,11.6737,11.6737,11.6737,11.6737,11.6737,11.3294,13.4892,13.4892,14.7793,14.7793,14.7793,14.7793,14.7793,13.8713,13.8713,13.8713,13.8713,14.2598,14.2598,13.8713,13.8713,12.7441,13.8713,13.8713,13.8713
2011-09-01 00:00:00,2,25.6647,26.4586,12.7441,12.381,11.6737,11.3294,11.3294,12.0243,14.7793,14.7793,14.7793,14.2598,13.8713,13.1135,12.381,12.381,12.381,12.381,12.381,12.0243,12.0243,12.0243,12.0243,12.381,12.0243,12.0243,12.0243,12.0243,12.0243,12.0243,
2011-08-01 00:00:00,2,23.3647,22.625,16.5652,14.7793,14.7793,32.4022,32.4022,32.4022,32.4022,32.4022,32.4022,32.4022,34.2262,34.2262,34.2262,40.0397,34.2262,34.2262,35.1594,36.1068,35.1594,35.1594,35.1594,36.1068,37.0685,37.0685,37.0685,35.1594,35.1594,30.6345,25.6647
2011-07-01 00:00:00,2,52.0566,35.1594,38.0445,38.0445,32.4022,35.1594,34.2262,29.7716,34.2262,35.1594,35.1594,36.1068,37.0685,38.0445,37.0685,37.0685,37.0685,37.0685,36.1068,36.1068,36.1068,42.0926,42.0926,42.0926,42.0926,42.0926,43.1409,44.2038,38.0445,29.7716,29.7716
2011-06-01 00:00:00,2,25.6647,25.6647,25.6647,25.6647,25.6647,25.6647,25.6647,25.6647,25.6647,28.9226,40.0397,43.1409,31.5114,28.0875,27.2662,26.4586,28.9226,32.4022,32.4022,39.0349,50.8902,50.8902,50.8902,50.8902,50.8902,49.7388,49.7388,49.7388,49.7388,49.7388,
2011-05-01 00:00:00,2,63.2322,56.872,50.8902,50.8902,40.0397,40.0397,40.0397,40.0397,34.2262,26.4586,25.6647,25.6647,25.6647,25.6647,25.6647,25.6647,25.6647,25.6647,25.6647,25.6647,25.6647,25.6647,25.6647,25.6647,25.6647,25.6647,25.6647,25.6647,25.6647,25.6647,25.6647
2011-04-01 00:00:00,2,48.6022,48.6022,48.6022,48.6022,53.2379,52.0566,50.8902,49.7388,34.2262,36.1068,43.1409,50.8902,50.8902,50.8902,41.0589,39.0349,39.0349,39.0349,39.0349,39.0349,39.0349,39.0349,39.0349,39.0349,38.0445,34.2262,34.2262,34.2262,38.0445,61.9296,
2011-03-01 00:00:00,2,30.6345,36.1068,45.2813,46.3735,39.0349,37.0685,64.5501,90.9421,89.3412,89.3412,63.2322,63.2322,63.2322,95.8416,102.601,83.0976,83.0976,68.5962,54.4342,54.4342,54.4342,54.4342,53.2379,53.2379,43.1409,42.0926,42.0926,42.0926,44.2038,49.7388,48.6022
2011-02-01 00:00:00,2,64.5501,50.8902,64.5501,64.5501,60.6424,40.0397,34.2262,34.2262,34.2262,34.2262,32.4022,30.6345,30.6345,26.4586,24.8845,26.4586,26.4586,26.4586,26.4586,26.4586,26.4586,26.4586,26.4586,26.4586,26.4586,26.4586,29.7716,28.9226,,,
2011-01-01 00:00:00,2,109.622,109.622,113.232,115.061,128.334,161.787,164.024,155.18,128.334,102.601,77.1084,60.6424,75.6506,109.622,118.77,130.297,115.061,122.546,130.297,111.419,83.0976,68.5962,67.2321,67.2321,67.2321,65.8834,65.8834,65.8834,65.8834,65.8834,67.2321
2010-12-01 00:00:00,2,33.3072,34.2262,34.2262,34.2262,34.2262,40.0397,40.0397,36.1068,35.1594,34.2262,34.2262,34.2262,34.2262,34.2262,54.4342,99.1889,128.334,126.388,94.1923,75.6506,49.7388,48.6022,41.0589,45.2813,47.4805,59.3704,102.601,102.601,104.332,109.622,109.622
2010-11-01 00:00:00,2,26.4586,27.2662,27.2662,27.2662,27.2662,31.5114,37.0685,34.2262,29.7716,34.2262,35.1594,30.6345,29.7716,28.9226,28.9226,28.9226,28.9226,28.9226,28.9226,28.9226,28.0875,35.1594,37.0685,33.3072,34.2262,42.0926,59.3704,58.1136,50.8902,34.2262,
2010-10-01 00:00:00,2,33.3072,33.3072,33.3072,33.3072,34.2262,31.5114,27.2662,27.2662,27.2662,26.4586,26.4586,26.4586,26.4586,26.4586,26.4586,26.4586,26.4586,31.5114,30.6345,28.9226,27.2662,27.2662,27.2662,26.4586,26.4586,26.4586,28.0875,27.2662,26.4586,26.4586,26.4586
2010-09-01 00:00:00,2,26.4586,26.4586,26.4586,26.4586,25.6647,25.6647,25.6647,25.6647,27.2662,28.9226,28.9226,28.0875,28.0875,28.0875,28.0875,28.0875,28.0875,28.0875,28.0875,28.0875,28.0875,28.0875,28.0875,28.0875,27.2662,28.0875,28.0875,31.5114,34.2262,34.2262,
2010-08-01 00:00:00,2,25.6647,25.6647,25.6647,24.8845,25.6647,25.6647,25.6647,25.6647,25.6647,25.6647,25.6647,25.6647,25.6647,25.6647,25.6647,25.6647,26.4586,26.4586,27.2662,27.2662,27.2662,27.2662,27.2662,26.4586,26.4586,26.4586,26.4586,26.4586,26.4586,26.4586,26.4586
2010-07-01 00:00:00,2,25.6647,25.6647,25.6647,25.6647,25.6647,25.6647,25.6647,25.6647,25.6647,25.6647,25.6647,25.6647,25.6647,25.6647,25.6647,25.6647,24.8845,24.8845,23.3647,25.6647,25.6647,25.6647,25.6647,25.6647,25.6647,25.6647,25.6647,25.6647,25.6647,25.6647,25.6647
2010-06-01 00:00:00,2,28.0875,27.2662,24.8845,24.8845,24.8845,25.6647,25.6647,25.6647,25.6647,25.6647,25.6647,24.8845,25.6647,25.6647,25.6647,25.6647,25.6647,25.6647,25.6647,25.6647,25.6647,27.2662,28.9226,28.0875,28.0875,25.6647,25.6647,25.6647,25.6647,25.6647,
2010-05-01 00:00:00,2,25.6647,25.6647,25.6647,25.6647,25.6647,25.6647,25.6647,25.6647,25.6647,25.6647,24.8845,24.8845,28.0875,24.8845,24.1178,24.1178,23.3647,23.3647,25.6647,25.6647,31.5114,31.5114,30.6345,30.6345,30.6345,30.6345,30.6345,36.1068,29.7716,28.0875,28.0875
2010-04-01 00:00:00,2,48.6022,49.7388,48.6022,47.4805,47.4805,48.6022,48.6022,48.6022,48.6022,52.0566,50.8902,48.6022,39.0349,28.9226,28.0875,28.0875,28.0875,28.0875,28.0875,28.0875,28.0875,28.0875,28.0875,28.0875,28.0875,27.2662,27.2662,22.625,21.186,26.4586,
2010-03-01 00:00:00,2,33.3072,41.0589,47.4805,50.8902,45.2813,46.3735,48.6022,52.0566,55.6456,67.2321,65.8834,46.3735,46.3735,45.2813,45.2813,56.872,77.1084,94.1923,74.2084,45.2813,47.4805,46.3735,47.4805,48.6022,55.6456,45.2813,40.0397,39.0349,38.0445,37.0685,36.1068
2010-02-01 00:00:00,2,54.4342,52.0566,50.8902,46.3735,47.4805,46.3735,46.3735,45.2813,34.2262,36.1068,45.2813,43.1409,31.5114,31.5114,31.5114,31.5114,31.5114,31.5114,32.4022,32.4022,32.4022,28.9226,24.1178,24.1178,24.1178,27.2662,25.6647,28.9226,,,
2010-01-01 00:00:00,2,126.388,109.622,104.332,104.332,54.4342,54.4342,63.2322,87.7563,80.0713,78.582,75.6506,75.6506,52.0566,43.1409,43.1409,43.1409,43.1409,43.1409,43.1409,43.1409,43.1409,44.2038,54.4342,68.5962,75.6506,84.6345,87.7563,78.582,65.8834,59.3704,56.872
2009-12-01 00:00:00,2,48.6022,48.6022,48.6022,48.6022,124.458,155.18,150.862,140.367,140.367,130.297,86.1874,63.2322,63.2322,64.5501,65.8834,74.2084,61.9296,61.9296,60.6424,60.6424,60.6424,60.6424,60.6424,60.6424,60.6424,60.6424,60.6424,60.6424,84.6345,118.77,126.388
2009-11-01 00:00:00,2,48.6022,48.6022,48.6022,48.6022,47.4805,47.4805,46.3735,44.2038,46.3735,48.6022,50.8902,48.6022,48.6022,48.6022,48.6022,44.2038,55.6456,55.6456,54.4342,53.2379,53.2379,53.2379,53.2379,53.2379,53.2379,53.2379,50.8902,48.6022,48.6022,48.6022,
2009-10-01 00:00:00,2,28.9226,28.9226,28.9226,29.7716,28.9226,28.9226,28.9226,28.9226,39.0349,48.6022,48.6022,48.6022,48.6022,24.8845,24.1178,24.1178,24.1178,28.9226,29.7716,28.9226,27.2662,28.0875,31.5114,41.0589,40.0397,40.0397,53.2379,74.2084,72.782,69.9759,48.6022
2009-09-01 00:00:00,2,18.467,32.4022,33.3072,32.4022,30.6345,31.5114,32.4022,32.4022,34.2262,33.3072,34.2262,33.3072,33.3072,33.3072,33.3072,33.3072,33.3072,31.5114,28.0875,28.0875,28.0875,28.0875,29.7716,30.6345,29.7716,29.7716,28.9226,28.9226,29.7716,28.9226,
2009-08-01 00:00:00,2,28.0875,28.0875,28.0875,28.0875,24.1178,23.3647,23.3647,23.3647,23.3647,23.3647,23.3647,23.3647,23.3647,23.3647,22.625,22.625,22.625,22.625,22.625,22.625,22.625,22.625,22.625,23.3647,23.3647,23.3647,26.4586,21.186,18.467,18.467,18.467
2009-07-01 00:00:00,2,46.3735,48.6022,38.0445,28.0875,28.0875,28.0875,28.0875,27.2662,28.9226,28.0875,28.0875,28.0875,28.0875,28.0875,28.0875,28.0875,28.0875,28.0875,28.0875,28.0875,28.0875,28.0875,28.0875,28.0875,28.0875,28.0875,28.0875,28.0875,28.0875,28.0875,28.0875
2009-06-01 00:00:00,2,32.4022,37.0685,39.0349,41.0589,34.2262,23.3647,23.3647,23.3647,23.3647,31.5114,31.5114,41.0589,41.0589,35.1594,27.2662,27.2662,28.9226,30.6345,30.6345,31.5114,32.4022,34.2262,34.2262,27.2662,27.2662,27.2662,27.2662,27.2662,27.2662,41.0589,
2009-05-01 00:00:00,2,39.0349,39.0349,40.0397,40.0397,46.3735,46.3735,46.3735,46.3735,46.3735,46.3735,46.3735,35.1594,35.1594,35.1594,35.1594,35.1594,35.1594,35.1594,35.1594,35.1594,35.1594,36.1068,35.1594,35.1594,36.1068,39.0349,38.0445,34.2262,32.4022,32.4022,32.4022
2009-04-01 00:00:00,2,104.332,100.887,75.6506,74.2084,74.2084,72.782,71.3712,68.5962,94.1923,67.2321,55.6456,55.6456,55.6456,55.6456,72.782,55.6456,50.8902,50.8902,50.8902,49.7388,49.7388,44.2038,39.0349,39.0349,37.0685,36.1068,36.1068,33.3072,33.3072,39.0349,
2009-03-01 00:00:00,2,48.6022,48.6022,47.4805,47.4805,47.4805,47.4805,47.4805,65.8834,65.8834,47.4805,47.4805,45.2813,43.1409,43.1409,43.1409,43.1409,43.1409,50.8902,68.5962,52.0566,43.1409,43.1409,58.1136,65.8834,71.3712,104.332,87.7563,100.887,100.887,100.887,100.887
2009-02-01 00:00:00,2,87.7563,86.1874,86.1874,83.0976,83.0976,67.2321,46.3735,46.3735,45.2813,60.6424,78.582,78.582,78.582,116.907,134.274,128.334,90.9421,63.2322,48.6022,47.4805,47.4805,47.4805,46.3735,47.4805,54.4342,52.0566,52.0566,48.6022,,,
2009-01-01 00:00:00,2,231.369,197.178,144.514,144.514,144.514,142.432,128.334,111.419,59.3704,63.2322,67.2321,67.2321,63.2322,64.5501,61.9296,81.5765,89.3412,81.5765,80.0713,81.5765,97.5071,111.419,124.458,124.458,113.232,100.887,95.8416,92.5591,100.887,99.1889,97.5071
2008-12-01 00:00:00,2,26.4586,27.2662,27.2662,27.2662,27.2662,27.2662,28.0875,19.8001,19.8001,19.8001,19.8001,19.8001,19.8001,20.4864,24.1178,59.3704,150.862,357.268,614.937,209.861,192.23,173.145,146.613,113.232,113.232,111.419,118.77,173.145,231.369,209.861,207.288
2008-11-01 00:00:00,2,14.2598,14.7793,15.3618,21.186,19.8001,17.8201,17.8201,17.8201,17.8201,17.8201,18.467,19.8001,20.4864,20.4864,22.625,24.1178,25.6647,41.0589,37.0685,34.2262,33.3072,33.3072,28.9226,36.1068,46.3735,46.3735,46.3735,46.3735,45.2813,35.1594,
2008-10-01 00:00:00,2,19.8001,19.8001,19.127,19.127,19.127,18.467,18.467,17.8201,17.8201,17.1861,17.1861,17.1861,17.1861,16.5652,15.9571,15.9571,15.3618,15.3618,15.3618,15.3618,15.3618,15.3618,15.3618,15.3618,14.7793,14.7793,14.2598,14.7793,14.7793,14.7793,14.2598
2008-09-01 00:00:00,2,19.8674,19.8674,19.1579,19.1579,24.422,24.422,23.6272,22.8468,22.0807,21.3287,21.3287,20.591,19.8674,19.8674,19.8674,19.8674,20.591,20.591,20.591,19.8001,20.4864,20.4864,21.186,19.8001,19.8001,19.8001,19.8001,19.8001,19.8001,19.8001,
2008-08-01 00:00:00,2,19.8674,19.8674,19.8674,19.8674,19.8674,19.8674,19.8674,19.8674,19.8674,19.8674,19.8674,19.8674,19.8674,19.8674,19.8674,19.8674,19.8674,19.8674,20.591,19.8674,22.0807,22.0807,22.0807,21.3287,21.3287,21.3287,20.591,19.8674,19.8674,19.8674,19.8674
2008-07-01 00:00:00,2,20.591,20.591,20.591,20.591,20.591,20.591,20.591,20.591,20.591,20.591,20.591,20.591,20.591,20.591,20.591,20.591,20.591,20.591,20.591,20.591,20.591,20.591,20.591,20.591,20.591,20.591,20.591,20.591,20.591,20.591,20.591
2008-06-01 00:00:00,2,26.8925,26.0546,21.3287,21.3287,21.3287,21.3287,21.3287,21.3287,21.3287,21.3287,21.3287,20.591,20.591,20.591,20.591,20.591,20.591,20.591,20.591,20.591,20.591,20.591,20.591,22.0807,21.3287,21.3287,21.3287,21.3287,21.3287,20.591,
2008-05-01 00:00:00,2,30.3897,30.3897,30.3897,30.3897,30.3897,30.3897,30.3897,30.3897,21.3287,21.3287,21.3287,21.3287,21.3287,21.3287,21.3287,21.3287,21.3287,21.3287,21.3287,23.6272,26.8925,26.8925,26.8925,26.8925,26.8925,26.8925,26.8925,26.8925,26.8925,26.8925,26.8925
2008-04-01 00:00:00,2,31.3005,31.3005,31.3005,38.0896,56.3785,75.6303,75.6303,69.8149,52.6512,51.4396,60.2453,74.1526,74.1526,72.6909,52.6512,51.4396,51.4396,51.4396,51.4396,51.4396,51.4396,51.4396,41.2228,37.0752,30.3897,30.3897,30.3897,30.3897,26.0546,26.0546,
2008-03-01 00:00:00,2,36.0756,36.0756,35.091,35.091,35.091,35.091,35.091,40.1634,38.0896,36.0756,44.4916,46.7465,60.2453,84.8314,133.483,186.968,191.87,108.562,71.245,58.9408,57.6519,56.3785,56.3785,56.3785,56.3785,50.2433,42.2973,42.2973,42.2973,42.2973,41.2228
2008-02-01 00:00:00,2,91.2867,123.566,121.632,123.566,121.632,119.715,119.715,123.566,119.715,119.715,114.064,55.1206,53.8782,53.8782,52.6512,51.4396,45.6115,37.0752,37.0752,34.1212,34.1212,34.1212,34.1212,37.0752,41.2228,53.8782,50.2433,43.3869,44.4916,,
2008-01-01 00:00:00,2,26.0546,25.2311,25.2311,24.422,19.1579,22.8468,26.0546,22.8468,22.8468,22.8468,22.8468,22.8468,23.6272,24.422,23.6272,23.6272,23.6272,22.8468,22.8468,26.8925,30.3897,34.1212,40.1634,39.119,36.0756,38.0896,38.0896,38.0896,94.6115,129.466,94.6115
2007-12-01 00:00:00,2,28.612,28.612,28.612,28.612,28.612,27.745,27.745,27.745,27.745,26.8925,22.0807,19.8674,19.8674,19.8674,24.422,20.591,19.8674,19.8674,19.8674,20.591,43.3869,56.3785,56.3785,55.1206,55.1206,41.2228,29.4935,31.3005,29.4935,30.3897,36.0756
2007-11-01 00:00:00,2,21.3287,21.3287,20.591,20.591,20.591,19.8674,19.8674,19.8674,20.591,21.3287,21.3287,21.3287,21.3287,28.612,28.612,28.612,28.612,28.612,28.612,28.612,28.612,28.612,28.612,28.612,27.745,27.745,27.745,28.612,28.612,28.612,
2007-10-01 00:00:00,2,22.0807,22.0807,22.0807,22.0807,21.3287,21.3287,21.3287,21.3287,21.3287,21.3287,21.3287,21.3287,21.3287,21.3287,19.1579,15.8203,15.8203,15.8203,15.8203,15.8203,15.8203,16.46,15.8203,15.8203,18.4625,20.591,20.591,20.591,20.591,19.8674,19.8674
2007-09-01 00:00:00,2,24.422,24.422,24.422,24.422,24.422,24.422,24.422,23.6272,23.6272,23.6272,23.6272,23.6272,23.6272,23.6272,23.6272,23.6272,23.6272,23.6272,23.6272,22.8468,22.8468,22.8468,22.8468,22.8468,22.8468,22.8468,22.8468,22.8468,22.8468,22.8468,
2007-08-01 00:00:00,2,19.1579,19.1579,19.1579,19.1579,19.1579,19.1579,19.1579,19.1579,19.1579,19.8674,19.8674,19.8674,19.1579,19.1579,19.1579,18.4625,17.7811,17.7811,17.7811,17.1136,17.1136,16.46,16.46,20.591,20.591,19.8674,19.8674,18.4625,18.4625,19.8674,24.422
2007-07-01 00:00:00,2,19.1579,19.1579,19.1579,19.1579,19.1579,19.1579,19.1579,19.1579,19.1579,19.1579,18.4625,17.1136,17.1136,19.8674,19.8674,19.8674,19.8674,19.8674,19.8674,19.8674,19.8674,19.8674,19.8674,19.8674,19.1579,19.1579,19.8674,19.8674,19.8674,19.1579,19.1579
2007-06-01 00:00:00,2,19.8674,19.8674,19.8674,19.8674,19.8674,19.8674,19.8674,19.8674,19.8674,19.8674,19.8674,19.8674,19.8674,19.1579,19.1579,19.1579,19.1579,19.1579,19.1579,19.1579,19.1579,19.1579,19.1579,19.1579,19.1579,19.1579,19.1579,19.1579,19.1579,19.1579,
2007-05-01 00:00:00,2,31.3005,27.745,27.745,22.8468,22.8468,22.8468,22.0807,22.0807,22.0807,22.0807,22.0807,22.0807,22.0807,22.0807,22.0807,35.091,19.8674,19.8674,19.8674,19.8674,19.8674,19.8674,19.8674,19.8674,19.8674,19.8674,19.8674,20.591,19.8674,19.8674,19.8674
2007-04-01 00:00:00,2,31.3005,31.3005,28.612,22.8468,22.8468,22.8468,22.8468,22.8468,23.6272,40.1634,43.3869,34.1212,34.1212,32.226,32.226,31.3005,31.3005,29.4935,26.8925,26.8925,26.8925,28.612,28.612,39.119,40.1634,36.0756,36.0756,31.3005,31.3005,31.3005,
2007-03-01 00:00:00,2,29.4935,29.4935,28.612,28.612,28.612,28.612,39.119,58.9408,22.0807,20.591,20.591,20.591,20.591,22.0807,22.8468,22.8468,22.8468,23.6272,25.2311,26.0546,26.0546,33.1662,33.1662,33.1662,35.091,35.091,33.1662,31.3005,31.3005,31.3005,31.3005
2007-02-01 00:00:00,2,179.744,161.236,158.999,137.567,127.482,127.482,115.932,110.38,35.091,36.0756,34.1212,45.6115,45.6115,43.3869,43.3869,43.3869,41.2228,41.2228,41.2228,41.2228,41.2228,41.2228,41.2228,40.1634,41.2228,41.2228,30.3897,29.4935,,,
2007-01-01 00:00:00,2,98.0012,103.208,104.976,112.214,112.214,108.562,104.976,77.1238,49.0625,51.4396,51.4396,106.761,110.38,112.214,112.214,61.5654,64.2524,57.6519,98.0012,129.466,145.937,143.819,139.634,137.567,131.466,127.482,123.566,121.632,150.223,196.842,186.968
2006-12-01 00:00:00,2,26.0546,41.2228,39.119,39.119,38.0896,39.119,39.119,49.0625,49.0625,65.6194,121.632,110.38,101.456,64.2524,50.2433,51.4396,43.3869,49.0625,51.4396,53.8782,51.4396,50.2433,50.2433,46.7465,52.6512,52.6512,51.4396,51.4396,52.6512,52.6512,56.3785
2006-11-01 00:00:00,2,22.0807,21.3287,21.3287,30.3897,23.6272,24.422,22.8468,26.0546,24.422,27.745,28.612,27.745,26.0546,26.8925,22.8468,22.0807,19.8674,19.8674,19.1579,19.8674,20.591,19.8674,21.3287,19.8674,19.8674,19.8674,20.591,20.591,24.422,23.6272,
2006-10-01 00:00:00,2,22.0807,22.0807,22.0807,21.3287,19.8674,19.1579,19.1579,19.1579,19.1579,17.1136,19.8674,19.8674,19.1579,19.8674,21.3287,19.8674,18.4625,19.8674,20.591,19.1579,19.1579,19.1579,19.1579,19.1579,19.1579,19.1579,19.1579,17.7811,15.8203,18.4625,23.6272
2006-09-01 00:00:00,2,20.591,21.3287,21.3287,21.3287,21.3287,20.591,20.591,20.591,20.591,20.591,20.591,19.1579,17.1136,17.1136,19.1579,21.3287,21.3287,21.3287,21.3287,21.3287,22.0807,22.8468,22.0807,22.0807,22.0807,22.0807,22.0807,22.0807,22.0807,22.0807,
2006-08-01 00:00:00,2,20.591,26.0546,24.422,20.591,19.1579,19.1579,19.1579,19.1579,19.8674,22.0807,22.0807,22.0807,22.0807,22.0807,19.8674,19.8674,29.4935,29.4935,43.3869,21.3287,20.591,20.591,23.6272,20.591,19.8674,19.8674,19.8674,19.8674,20.591,21.3287,21.3287
2006-07-01 00:00:00,2,19.8674,19.8674,19.8674,19.8674,19.8674,20.591,20.591,33.1662,21.3287,20.591,20.591,20.591,20.591,20.591,25.2311,21.3287,21.3287,21.3287,20.591,20.591,20.591,21.3287,21.3287,21.3287,21.3287,21.3287,21.3287,22.0807,21.3287,21.3287,21.3287
2006-06-01 00:00:00,2,21.3287,21.3287,21.3287,21.3287,21.3287,21.3287,21.3287,21.3287,21.3287,21.3287,21.3287,21.3287,21.3287,21.3287,21.3287,21.3287,20.591,19.8674,19.8674,19.8674,19.8674,19.8674,19.8674,19.8674,19.8674,19.8674,19.8674,19.8674,19.8674,20.591,
2006-05-01 00:00:00,2,19.8674,19.8674,19.8674,19.8674,19.1579,19.1579,19.1579,18.4625,18.4625,19.1579,20.591,20.591,19.8674,19.8674,19.8674,19.8674,20.591,19.8674,19.8674,19.1579,19.1579,19.1579,18.4625,22.0807,21.3287,21.3287,21.3287,20.591,20.591,20.591,20.591
2006-04-01 00:00:00,2,33.1662,33.1662,33.1662,21.3287,20.591,20.591,23.6272,26.0546,28.612,35.091,42.2973,41.2228,30.3897,31.3005,31.3005,31.3005,30.3897,36.0756,22.8468,22.8468,22.8468,21.3287,21.3287,21.3287,19.8674,19.1579,19.1579,19.1579,19.1579,19.1579,
2006-03-01 00:00:00,2,21.3287,22.8468,21.3287,21.3287,21.3287,22.0807,31.3005,42.2973,35.091,24.422,24.422,26.0546,26.8925,26.0546,28.612,47.8969,47.8969,46.7465,45.6115,45.6115,45.6115,33.1662,43.3869,43.3869,43.3869,43.3869,43.3869,22.8468,22.8468,22.8468,28.612
2006-02-01 00:00:00,2,27.745,57.6519,55.1206,55.1206,47.8969,39.119,31.3005,23.6272,22.8468,22.8468,22.8468,26.0546,39.119,56.3785,53.8782,49.0625,49.0625,47.8969,47.8969,47.8969,46.7465,20.591,20.591,19.8674,19.8674,19.8674,21.3287,19.8674,,,
2006-01-01 00:00:00,2,52.6512,53.8782,55.1206,57.6519,57.6519,58.9408,68.4007,68.4007,64.2524,55.1206,53.8782,53.8782,49.0625,52.6512,52.6512,42.2973,23.6272,23.6272,22.8468,22.8468,23.6272,23.6272,22.8468,22.8468,22.8468,22.8468,22.8468,22.8468,22.8468,25.2311,26.8925
2005-12-01 00:00:00,2,71.245,65.6194,65.6194,65.6194,45.6115,53.8782,53.8782,55.1206,55.1206,55.1206,55.1206,55.1206,119.715,161.236,156.78,133.483,127.482,125.516,121.632,67.0022,67.0022,65.6194,64.2524,53.8782,52.6512,53.8782,53.8782,53.8782,53.8782,52.6512,53.8782
2005-11-01 00:00:00,2,27.745,27.745,27.745,27.745,27.745,28.612,28.612,27.745,26.8925,27.745,27.745,47.8969,47.8969,47.8969,41.2228,41.2228,36.0756,36.0756,40.1634,40.1634,42.2973,44.4916,44.4916,45.6115,47.8969,71.245,71.245,71.245,71.245,71.245,
2005-10-01 00:00:00,2,41.2228,41.2228,41.2228,41.2228,40.1634,36.0756,36.0756,42.2973,42.2973,41.2228,41.2228,41.2228,42.2973,43.3869,42.2973,42.2973,42.2973,41.2228,30.3897,30.3897,30.3897,30.3897,30.3897,29.4935,33.1662,31.3005,31.3005,29.4935,27.745,27.745,27.745
2005-09-01 00:00:00,2,29.4935,30.3897,31.3005,31.3005,33.1662,39.119,43.3869,44.4916,53.8782,58.9408,58.9408,49.0625,41.2228,41.2228,41.2228,41.2228,43.3869,43.3869,46.7465,45.6115,44.4916,42.2973,39.119,39.119,39.119,40.1634,40.1634,40.1634,40.1634,41.2228,
2005-08-01 00:00:00,2,22.8468,22.8468,22.8468,23.6272,23.6272,23.6272,23.6272,23.6272,23.6272,18.4625,21.3287,21.3287,21.3287,21.3287,21.3287,21.3287,21.3287,21.3287,21.3287,21.3287,21.3287,21.3287,21.3287,22.0807,22.8468,23.6272,27.745,27.745,27.745,28.612,28.612
2005-07-01 00:00:00,2,26.8925,26.8925,26.8925,26.8925,26.8925,26.8925,26.8925,28.612,21.3287,21.3287,21.3287,19.1579,21.3287,20.591,20.591,20.591,21.3287,21.3287,21.3287,21.3287,21.3287,21.3287,21.3287,21.3287,26.0546,35.091,39.119,39.119,22.8468,22.8468,22.8468
2005-06-01 00:00:00,2,20.591,25.2311,24.422,33.1662,33.1662,33.1662,33.1662,28.612,27.745,27.745,27.745,27.745,27.745,29.4935,29.4935,26.8925,26.8925,26.8925,26.8925,27.745,42.2973,43.3869,36.0756,26.8925,26.8925,26.8925,26.8925,26.8925,26.8925,26.8925,
2005-05-01 00:00:00,2,83.2578,67.0022,43.3869,43.3869,42.2973,42.2973,36.0756,35.091,35.091,30.3897,29.4935,26.8925,29.4935,29.4935,29.4935,29.4935,21.3287,22.8468,23.6272,23.6272,23.6272,23.6272,30.3897,46.7465,61.5654,125.516,91.2867,64.2524,44.4916,44.4916,26.0546
2005-04-01 00:00:00,2,45.6115,51.4396,50.2433,50.2433,50.2433,50.2433,44.4916,43.3869,43.3869,43.3869,43.3869,43.3869,43.3869,42.2973,43.3869,43.3869,43.3869,43.3869,43.3869,43.3869,36.0756,36.0756,30.3897,26.0546,27.745,27.745,30.3897,36.0756,45.6115,45.6115,
2005-03-01 00:00:00,2,45.6115,45.6115,51.4396,108.562,156.78,99.7204,47.8969,45.6115,65.6194,61.5654,43.3869,41.2228,42.2973,43.3869,43.3869,75.6303,98.0012,98.0012,96.2982,94.6115,94.6115,81.7003,47.8969,51.4396,58.9408,91.2867,108.562,86.421,61.5654,44.4916,44.4916
2005-02-01 00:00:00,2,83.2578,52.6512,52.6512,52.6512,51.4396,55.1206,78.6333,75.6303,68.4007,51.4396,51.4396,50.2433,50.2433,50.2433,45.6115,52.6512,45.6115,41.2228,35.091,47.8969,46.7465,45.6115,45.6115,45.6115,45.6115,46.7465,46.7465,46.7465,,,
2005-01-01 00:00:00,2,69.8149,94.6115,89.6487,89.6487,89.6487,96.2982,92.941,83.2578,145.937,119.715,106.761,88.0268,96.2982,108.562,96.2982,72.6909,52.6512,83.2578,150.223,150.223,108.562,96.2982,72.6909,108.562,96.2982,78.6333,62.9011,106.761,104.976,104.976,101.456
2004-12-01 00:00:00,2,23.6272,22.8468,22.8468,22.8468,22.8468,22.8468,22.8468,24.422,25.2311,25.2311,26.0546,28.612,28.612,24.422,24.422,24.422,22.8468,22.8468,22.8468,22.8468,38.0896,58.9408,61.5654,108.562,135.516,179.744,194.347,139.634,81.7003,55.1206,67.0022
2004-11-01 00:00:00,2,21.3287,21.3287,21.3287,28.612,33.1662,21.3287,21.3287,21.3287,21.3287,21.3287,21.3287,22.0807,22.0807,22.0807,22.0807,22.0807,22.0807,17.7811,21.3287,22.0807,22.0807,21.3287,21.3287,21.3287,21.3287,21.3287,22.0807,22.0807,22.8468,23.6272,
2004-10-01 00:00:00,2,25.2311,24.422,24.422,26.0546,26.0546,25.2311,25.2311,25.2311,25.2311,24.422,26.0546,26.0546,26.0546,26.0546,26.0546,26.0546,26.0546,26.0546,25.2311,25.2311,25.2311,26.0546,26.0546,24.422,24.422,19.1579,20.591,22.0807,21.3287,21.3287,21.3287
2004-09-01 00:00:00,2,22.8468,21.3287,22.0807,22.8468,22.8468,22.8468,31.3005,29.4935,21.3287,21.3287,21.3287,21.3287,21.3287,22.0807,21.3287,21.3287,21.3287,22.0807,22.8468,22.8468,22.8468,22.8468,22.0807,22.8468,22.8468,22.8468,22.8468,22.8468,22.8468,28.612,
2004-08-01 00:00:00,2,19.8674,19.8674,19.8674,19.8674,19.8674,19.8674,19.8674,19.8674,19.8674,19.8674,20.591,19.8674,19.8674,19.8674,19.8674,19.8674,19.8674,19.8674,19.8674,19.8674,19.8674,19.8674,19.8674,19.8674,19.8674,19.8674,19.8674,19.8674,19.8674,19.8674,21.3287
2004-07-01 00:00:00,2,20.591,20.591,19.8674,19.8674,22.0807,21.3287,21.3287,21.3287,21.3287,21.3287,21.3287,30.3897,31.3005,19.8674,19.8674,19.8674,19.8674,19.8674,19.8674,30.3897,42.2973,42.2973,42.2973,23.6272,20.591,20.591,29.4935,22.0807,21.3287,21.3287,20.591
2004-06-01 00:00:00,2,42.2973,27.745,36.0756,44.4916,43.3869,42.2973,31.3005,22.8468,22.0807,22.0807,21.3287,20.591,20.591,20.591,20.591,21.3287,29.4935,26.0546,24.422,20.591,20.591,20.591,22.0807,19.8674,20.591,20.591,20.591,20.591,20.591,20.591,
2004-05-01 00:00:00,2,20.591,20.591,20.591,20.591,20.591,19.1579,19.1579,19.1579,19.1579,19.1579,19.1579,21.3287,21.3287,21.3287,28.612,43.3869,40.1634,41.2228,32.226,24.422,24.422,27.745,27.745,27.745,27.745,27.745,22.0807,25.2311,31.3005,42.2973,41.2228
2004-04-01 00:00:00,2,43.3869,42.2973,26.8925,21.3287,31.3005,43.3869,43.3869,42.2973,42.2973,42.2973,42.2973,43.3869,42.2973,42.2973,44.4916,44.4916,44.4916,43.3869,43.3869,35.091,35.091,35.091,35.091,35.091,35.091,38.0896,26.8925,23.6272,20.591,20.591,
2004-03-01 00:00:00,2,50.2433,47.8969,47.8969,46.7465,52.6512,62.9011,62.9011,58.9408,45.6115,45.6115,45.6115,45.6115,45.6115,45.6115,45.6115,46.7465,45.6115,45.6115,45.6115,45.6115,44.4916,44.4916,44.4916,44.4916,33.1662,20.591,24.422,24.422,24.422,43.3869,43.3869
2004-02-01 00:00:00,2,27.745,27.745,27.745,27.745,26.8925,26.8925,31.3005,37.0752,38.0896,38.0896,75.6303,68.4007,57.6519,53.8782,62.9011,91.2867,137.567,117.815,99.7204,80.1588,68.4007,65.6194,68.4007,68.4007,57.6519,50.2433,50.2433,53.8782,50.2433,,
2004-01-01 00:00:00,2,21.3287,22.8468,41.2228,52.6512,32.226,32.226,23.6272,22.8468,52.6512,158.999,184.542,184.542,196.842,165.76,125.516,110.38,84.8314,55.1206,55.1206,46.7465,46.7465,35.091,55.1206,56.3785,55.1206,53.8782,53.8782,53.8782,55.1206,27.745,26.8925
2003-12-01 00:00:00,2,32.226,35.091,42.2973,34.1212,39.119,49.0625,50.2433,50.2433,50.2433,53.8782,53.8782,52.6512,52.6512,52.6512,49.0625,50.2433,50.2433,50.2433,50.2433,50.2433,29.4935,33.1662,38.0896,52.6512,51.4396,43.3869,32.226,31.3005,31.3005,27.745,22.0807
2003-11-01 00:00:00,2,20.591,20.591,26.0546,23.6272,22.8468,23.6272,21.3287,22.8468,22.0807,21.3287,21.3287,21.3287,21.3287,21.3287,21.3287,21.3287,22.0807,22.0807,21.3287,23.6272,22.8468,22.0807,22.0807,21.3287,21.3287,21.3287,21.3287,22.8468,26.8925,26.0546,
2003-10-01 00:00:00,2,10.9268,10.9268,10.9268,10.9268,10.9268,10.5999,10.5999,10.5999,10.5999,10.5999,10.5999,10.5999,10.5999,10.5999,9.9657,9.6581,9.6581,9.6581,9.6581,9.3568,9.3568,9.3568,9.6581,13.3989,21.3287,20.591,19.8674,19.8674,21.3287,20.591,20.591
2003-09-01 00:00:00,2,20.591,20.591,19.8674,19.8674,20.591,20.591,21.3287,21.3287,21.3287,19.8674,16.46,13.3989,11.2601,9.6581,10.2796,10.9268,10.9268,11.2601,11.2601,11.2601,10.9268,10.9268,10.9268,10.9268,10.9268,10.9268,10.9268,10.9268,10.9268,10.9268,
2003-08-01 00:00:00,2,21.3287,21.3287,21.3287,21.3287,21.3287,21.3287,26.0546,26.0546,26.0546,26.8925,26.8925,26.0546,27.745,27.745,28.612,27.745,28.612,27.745,27.745,27.745,27.745,27.745,29.4935,29.4935,26.8925,19.8674,19.8674,19.8674,19.8674,20.591,20.591
2003-07-01 00:00:00,2,25.2311,24.422,24.422,25.2311,24.422,24.422,24.422,24.422,24.422,24.422,25.2311,25.2311,25.2311,25.2311,25.2311,23.6272,21.3287,22.0807,40.1634,21.3287,20.591,21.3287,20.591,20.591,21.3287,20.591,21.3287,20.591,21.3287,21.3287,20.591
2003-06-01 00:00:00,2,19.1579,19.8674,20.591,18.4625,17.7811,17.7811,17.7811,19.1579,19.1579,19.1579,17.7811,17.7811,18.4625,22.8468,23.6272,23.6272,24.422,24.422,24.422,24.422,23.6272,23.6272,24.422,24.422,24.422,24.422,24.422,24.422,24.422,24.422,
2003-05-01 00:00:00,2,17.7811,17.7811,17.1136,17.1136,17.1136,17.1136,17.7811,19.8674,21.3287,20.591,19.1579,19.1579,19.1579,20.591,22.8468,20.591,20.591,18.4625,18.4625,18.4625,18.4625,17.7811,18.4625,18.4625,18.4625,18.4625,17.7811,17.7811,17.7811,17.7811,18.4625
2003-04-01 00:00:00,2,33.1662,32.226,32.226,32.226,41.2228,41.2228,41.2228,41.2228,26.8925,27.745,32.226,32.226,32.226,26.8925,26.0546,26.0546,26.0546,26.0546,26.0546,26.0546,26.0546,21.3287,20.591,20.591,20.591,36.0756,40.1634,17.7811,17.1136,17.7811,
2003-03-01 00:00:00,2,19.1579,19.1579,19.1579,19.1579,22.0807,19.8674,18.4625,17.7811,21.3287,21.3287,19.1579,19.1579,28.612,26.0546,22.8468,26.8925,22.8468,44.4916,44.4916,42.2973,42.2973,42.2973,62.9011,58.9408,42.2973,41.2228,41.2228,41.2228,41.2228,41.2228,41.2228
2003-02-01 00:00:00,2,179.744,114.064,53.8782,52.6512,50.2433,50.2433,49.0625,49.0625,49.0625,49.0625,49.0625,47.8969,47.8969,47.8969,47.8969,50.2433,50.2433,50.2433,50.2433,50.2433,50.2433,49.0625,49.0625,32.226,20.591,20.591,18.4625,19.1579,,,
2003-01-01 00:00:00,2,20.591,19.8674,25.2311,56.3785,52.6512,51.4396,55.1206,52.6512,56.3785,40.1634,42.2973,58.9408,88.0268,67.0022,72.6909,131.466,127.482,135.516,127.482,119.715,98.0012,106.761,115.932,92.941,67.0022,53.8782,53.8782,52.6512,78.6333,152.392,186.968
2002-12-01 00:00:00,2,21.3287,21.3287,21.3287,22.0807,21.3287,21.3287,23.6272,22.8468,19.8674,26.0546,26.0546,27.745,29.4935,28.612,28.612,28.612,33.1662,27.745,22.8468,22.0807,21.3287,22.0807,22.8468,22.0807,21.3287,22.0807,21.3287,20.591,19.8674,19.1579,19.1579
2002-11-01 00:00:00,2,23.6272,29.4935,23.6272,22.0807,23.6272,27.745,24.422,22.0807,21.3287,22.0807,22.8468,22.0807,22.8468,22.0807,22.0807,22.0807,21.3287,21.3287,21.3287,21.3287,21.3287,25.2311,28.612,25.2311,27.745,24.422,22.0807,22.0807,22.0807,22.0807,
2002-10-01 00:00:00,2,20.591,13.9837,17.1136,17.1136,21.3287,20.591,22.0807,20.591,19.8674,19.8674,19.8674,19.8674,12.3,15.1944,18.4625,18.4625,20.591,20.591,20.591,20.591,22.0807,20.591,17.7811,19.8674,21.3287,22.0807,22.0807,21.3287,22.0807,22.8468,24.422
2002-09-01 00:00:00,2,19.1579,19.1579,19.1579,19.1579,19.1579,19.1579,19.1579,19.1579,19.1579,19.8674,19.1579,19.1579,19.1579,19.1579,19.1579,19.8674,19.8674,19.8674,19.8674,19.8674,19.8674,19.8674,20.591,22.0807,22.8468,22.8468,22.0807,21.3287,21.3287,21.3287,
2002-08-01 00:00:00,2,18.4625,17.7811,17.7811,17.1136,17.7811,17.7811,17.7811,17.7811,17.7811,17.7811,17.7811,17.7811,17.7811,18.4625,18.4625,18.4625,17.7811,13.9837,14.5822,17.7811,17.7811,17.7811,17.7811,17.7811,17.7811,17.7811,17.7811,17.7811,18.4625,18.4625,18.4625
2002-07-01 00:00:00,2,17.1136,17.1136,17.1136,17.1136,17.1136,17.7811,17.7811,17.7811,17.1136,17.7811,17.7811,17.7811,17.7811,17.7811,17.7811,17.7811,17.1136,17.7811,17.7811,17.1136,17.1136,17.7811,17.7811,17.7811,17.7811,17.7811,17.7811,18.4625,18.4625,18.4625,18.4625
2002-06-01 00:00:00,2,16.46,16.46,16.46,17.7811,17.1136,18.4625,19.1579,19.1579,19.1579,18.4625,17.1136,17.7811,17.7811,17.7811,17.7811,17.7811,18.4625,17.7811,16.46,17.1136,17.1136,17.1136,17.7811,18.4625,17.7811,16.46,16.46,16.46,17.1136,17.1136,
2002-05-01 00:00:00,2,17.7811,17.7811,17.7811,17.7811,17.7811,17.7811,15.8203,19.8674,19.8674,19.8674,19.1579,19.8674,19.1579,19.1579,19.1579,19.8674,19.1579,19.1579,19.1579,17.7811,17.1136,17.1136,18.4625,17.7811,16.46,17.1136,17.1136,17.1136,16.46,16.46,17.1136
2002-04-01 00:00:00,2,35.091,26.8925,29.4935,26.0546,19.1579,18.4625,18.4625,19.1579,19.8674,18.4625,35.091,18.4625,22.0807,26.8925,26.0546,17.7811,17.7811,17.7811,20.591,17.7811,18.4625,18.4625,18.4625,18.4625,18.4625,18.4625,18.4625,18.4625,18.4625,18.4625,
2002-03-01 00:00:00,2,26.8925,35.091,43.3869,43.3869,42.2973,43.3869,30.3897,19.8674,20.591,19.8674,19.8674,19.1579,18.4625,18.4625,19.1579,19.8674,37.0752,24.422,22.8468,29.4935,42.2973,65.6194,65.6194,41.2228,36.0756,30.3897,40.1634,41.2228,41.2228,32.226,40.1634
2002-02-01 00:00:00,2,51.4396,51.4396,51.4396,52.6512,50.2433,43.3869,21.3287,22.8468,50.2433,50.2433,50.2433,50.2433,40.1634,19.8674,19.1579,21.3287,45.6115,52.6512,98.0012,75.6303,50.2433,50.2433,50.2433,77.1238,62.9011,47.8969,46.7465,46.7465,,,
2002-01-01 00:00:00,2,145.937,121.632,69.8149,50.2433,50.2433,50.2433,50.2433,49.0625,49.0625,49.0625,47.8969,45.6115,45.6115,45.6115,47.8969,49.0625,53.8782,58.9408,64.2524,61.5654,52.6512,51.4396,50.2433,50.2433,53.8782,53.8782,53.8782,51.4396,51.4396,50.2433,52.6512
2001-12-01 00:00:00,2,26.8925,21.3287,21.3287,21.3287,20.591,20.591,21.3287,22.8468,20.591,19.8674,19.1579,19.8674,19.8674,19.8674,19.8674,26.0546,39.119,47.8969,52.6512,52.6512,52.6512,51.4396,50.2433,50.2433,50.2433,50.2433,50.2433,50.2433,53.8782,84.8314,96.2982
2001-11-01 00:00:00,2,4.5557,5.1366,5.7641,5.7641,6.209,5.7641,5.1366,4.7443,4.9379,4.7443,4.7443,5.1366,6.6759,22.8468,22.0807,20.591,19.1579,19.1579,19.1579,19.1579,19.1579,19.1579,19.1579,19.1579,18.4625,20.591,18.4625,19.1579,20.591,24.422,
2001-10-01 00:00:00,2,7.1653,6.209,5.1366,5.1366,5.1366,5.1366,5.1366,4.9379,5.1366,5.1366,4.9379,4.9379,4.9379,4.9379,4.9379,4.7443,4.7443,4.7443,4.7443,4.9379,5.1366,19.1579,19.1579,19.1579,19.8674,19.8674,19.8674,19.8674,19.8674,6.9178,4.5557
2001-09-01 00:00:00,2,17.1136,17.1136,17.1136,17.1136,17.1136,17.1136,17.1136,17.7811,17.1136,17.7811,17.7811,18.4625,19.1579,19.8674,19.8674,19.1579,19.1579,19.8674,19.1579,19.8674,19.1579,19.1579,19.8674,20.591,21.3287,21.3287,7.6775,7.4185,7.1653,7.1653,
2001-08-01 00:00:00,2,6.4397,6.9178,6.9178,6.9178,6.209,6.9178,6.9178,6.209,6.4397,6.6759,6.4397,6.6759,6.9178,6.6759,6.6759,6.9178,6.9178,15.1944,15.8203,15.1944,12.6601,14.5822,18.4625,21.3287,15.1944,14.5822,15.8203,16.46,16.46,16.46,16.46
2001-07-01 00:00:00,2,7.6775,7.6775,7.6775,7.6775,7.6775,7.6775,7.6775,5.3405,5.3405,5.3405,5.1366,5.1366,5.1366,5.1366,5.1366,5.1366,5.1366,5.1366,5.1366,5.1366,5.1366,5.1366,5.1366,5.3405,5.1366,5.1366,5.1366,5.1366,5.1366,5.3405,5.3405
2001-06-01 00:00:00,2,8.2132,8.2132,8.2132,8.4899,6.209,6.6759,7.4185,6.4397,7.4185,7.4185,7.4185,7.6775,7.6775,8.4899,8.2132,8.2132,8.4899,8.4899,8.4899,8.2132,7.6775,7.6775,7.4185,6.9178,7.1653,7.4185,7.6775,7.6775,7.6775,7.6775,
2001-05-01 00:00:00,2,19.127,18.467,12.1,12.1,17.8201,17.8201,13.5576,9.501,9.2046,9.2046,9.2046,9.2046,9.501,9.8036,8.4899,8.4899,9.3568,8.7728,8.4899,8.2132,9.3568,9.3568,9.3568,8.4899,8.7728,8.7728,8.2132,8.4899,8.7728,8.7728,8.4899
2001-04-01 00:00:00,2,19.8001,20.4864,20.4864,21.186,20.4864,20.4864,20.4864,20.4864,20.4864,20.4864,19.8001,19.8001,19.8001,19.8001,20.4864,21.186,20.4864,20.4864,20.4864,20.4864,20.4864,20.4864,19.8001,19.8001,21.186,21.186,20.4864,21.186,20.4864,20.4864,
2001-03-01 00:00:00,2,20.4864,21.186,21.186,20.4864,20.4864,24.8845,21.8988,21.186,20.4864,20.4864,20.4864,21.8988,26.4586,21.8988,21.186,20.4864,20.4864,20.4864,20.4864,21.8988,21.186,20.4864,20.4864,21.186,20.4864,19.8001,19.8001,19.8001,20.4864,19.8001,19.127
2001-02-01 00:00:00,2,21.8988,21.186,21.186,20.4864,21.186,21.8988,21.8988,48.6022,32.4022,20.4864,19.8001,19.8001,19.8001,20.4864,20.4864,20.4864,20.4864,19.8001,19.127,19.127,19.127,19.8001,19.127,19.127,19.127,19.127,19.127,20.4864,,,
2001-01-01 00:00:00,2,55.6456,59.3704,95.8416,138.319,136.288,83.0976,43.1409,50.8902,53.2379,50.8902,50.8902,49.7388,49.7388,48.6022,48.6022,48.6022,48.6022,48.6022,47.4805,36.1068,33.3072,34.2262,39.0349,38.0445,33.3072,31.5114,26.4586,28.9226,37.0685,32.4022,22.625
2000-12-01 00:00:00,2,24.1178,29.7716,34.2262,41.0589,41.0589,48.6022,47.4805,41.0589,25.6647,22.625,19.127,19.127,19.127,19.8001,19.8001,19.8001,20.4864,25.6647,58.1136,71.3712,55.6456,24.8845,37.0685,31.5114,28.9226,30.6345,41.0589,52.0566,52.0566,53.2379,55.6456
2000-11-01 00:00:00,2,22.625,21.186,22.625,20.4864,21.8988,22.625,23.3647,22.625,21.8988,20.4864,20.4864,21.8988,22.625,29.7716,31.5114,30.6345,24.8845,22.625,24.8845,24.1178,36.1068,44.2038,46.3735,46.3735,45.2813,44.2038,39.0349,34.2262,33.3072,24.8845,
2000-10-01 00:00:00,2,20.4864,19.8001,19.127,19.127,19.127,19.8001,19.127,19.127,19.127,19.8001,19.8001,19.127,19.127,19.127,19.127,19.8001,19.8001,20.4864,18.467,14.7793,19.127,21.8988,21.186,18.467,19.127,19.127,19.127,19.127,19.8001,19.8001,20.4864
2000-09-01 00:00:00,2,19.8001,24.8845,23.3647,21.8988,21.186,20.4864,19.8001,19.8001,19.127,19.127,19.127,19.127,19.127,19.8001,19.8001,19.127,19.127,19.127,19.8001,19.8001,20.4864,20.4864,20.4864,19.127,19.127,19.8001,19.8001,19.8001,20.4864,19.8001,
2000-08-01 00:00:00,2,19.127,19.127,19.127,19.127,19.127,19.127,19.127,19.127,19.127,19.127,19.127,19.127,19.127,18.467,19.127,19.127,18.467,19.127,19.127,18.467,19.127,19.127,20.4864,18.467,19.127,19.8001,19.8001,20.4864,19.8001,19.127,19.8001
2000-07-01 00:00:00,2,19.8001,19.127,19.8001,19.8001,19.8001,19.8001,19.8001,19.127,19.127,19.8001,19.8001,19.8001,19.8001,19.8001,19.8001,19.8001,19.127,19.8001,19.8001,19.127,19.8001,19.127,19.127,19.127,19.8001,20.4864,21.186,19.8001,19.127,19.127,19.127
2000-06-01 00:00:00,2,21.8988,21.8988,20.4864,19.8001,19.8001,19.8001,19.127,19.8001,20.4864,20.4864,20.4864,20.4864,20.4864,19.8001,20.4864,20.4864,20.4864,19.8001,19.8001,20.4864,20.4864,19.8001,19.127,19.8001,19.127,19.127,18.467,19.127,39.0349,20.4864,
2000-05-01 00:00:00,2,28.0875,28.0875,28.9226,25.6647,21.8988,23.3647,22.625,27.2662,21.8988,21.8988,26.4586,28.0875,26.4586,21.186,20.4864,20.4864,20.4864,20.4864,20.4864,20.4864,20.4864,20.4864,20.4864,20.4864,20.4864,20.4864,20.4864,20.4864,24.8845,24.8845,21.8988
2000-04-01 00:00:00,2,45.2813,44.2038,44.2038,43.1409,38.0445,36.1068,36.1068,28.9226,29.7716,28.9226,29.7716,34.2262,37.0685,34.2262,41.0589,43.1409,43.1409,44.2038,30.6345,31.5114,38.0445,39.0349,29.7716,21.8988,21.8988,20.4864,21.8988,23.3647,27.2662,28.0875,
2000-03-01 00:00:00,2,21.8988,21.8988,21.186,20.4864,21.8988,20.4864,21.186,21.186,21.186,23.3647,41.0589,52.0566,36.1068,35.1594,22.625,22.625,22.625,23.3647,24.1178,23.3647,24.8845,25.6647,25.6647,43.1409,44.2038,48.6022,53.2379,45.2813,74.2084,69.9759,56.872
2000-02-01 00:00:00,2,122.546,89.3412,89.3412,74.2084,56.872,55.6456,55.6456,60.6424,104.332,90.9421,61.9296,56.872,54.4342,54.4342,54.4342,54.4342,54.4342,54.4342,54.4342,54.4342,54.4342,53.2379,53.2379,28.9226,22.625,26.4586,27.2662,22.625,22.625,,
2000-01-01 00:00:00,2,28.9226,46.3735,94.1923,107.842,106.079,92.5591,61.9296,44.2038,32.4022,39.0349,48.6022,53.2379,53.2379,52.0566,48.6022,42.0926,33.3072,44.2038,44.2038,45.2813,34.2262,37.0685,47.4805,44.2038,49.7388,47.4805,54.4342,56.872,71.3712,113.232,134.274
1999-12-01 00:00:00,2,18.467,18.467,18.467,19.127,20.4864,20.4864,20.4864,22.625,45.2813,52.0566,53.2379,71.3712,81.5765,58.1136,46.3735,37.0685,35.1594,32.4022,23.3647,19.8001,26.4586,34.2262,35.1594,54.4342,44.2038,25.6647,23.3647,21.186,25.6647,20.4864,21.186
1999-11-01 00:00:00,2,19.127,19.127,19.127,19.127,19.127,19.127,21.8988,26.4586,25.6647,22.625,20.4864,20.4864,20.4864,19.8001,19.8001,19.8001,19.127,18.467,18.467,19.8001,23.3647,24.1178,24.1178,22.625,24.1178,24.1178,22.625,22.625,21.186,19.127,
1999-10-01 00:00:00,2,19.127,19.127,19.127,19.127,19.8001,19.8001,19.8001,19.8001,19.8001,19.8001,19.8001,19.8001,19.8001,19.8001,19.8001,19.8001,20.4864,19.8001,17.8201,18.467,19.127,19.127,19.127,19.127,18.467,19.127,20.4864,19.8001,19.8001,19.127,19.127
1999-09-01 00:00:00,2,17.8201,17.8201,17.8201,17.8201,17.8201,17.1861,17.8201,17.8201,17.8201,17.8201,18.467,18.467,18.467,18.467,18.467,18.467,19.127,19.127,19.127,19.127,19.127,18.467,17.8201,19.8001,18.467,18.467,19.127,19.127,19.127,19.127,
1999-08-01 00:00:00,2,19.127,19.127,19.127,18.467,18.467,19.127,19.8001,19.8001,19.8001,19.8001,19.8001,19.8001,19.8001,19.127,19.127,19.127,19.127,19.127,19.127,19.127,18.467,17.8201,17.1861,17.1861,17.1861,17.1861,17.8201,17.8201,17.8201,18.467,18.467
1999-07-01 00:00:00,2,19.127,19.127,18.467,18.467,18.467,18.467,18.467,18.467,19.127,19.127,19.127,19.127,19.127,19.127,18.467,18.467,18.467,18.467,18.467,18.467,19.127,19.127,18.467,19.127,18.467,18.467,18.467,19.127,18.467,18.467,18.467
1999-06-01 00:00:00,2,19.127,19.127,19.127,19.127,19.127,19.127,19.127,19.127,19.127,19.127,19.127,19.127,19.127,19.127,20.4864,19.8001,19.8001,19.127,19.127,19.127,19.127,19.127,19.127,19.127,18.467,18.467,18.467,17.1861,17.1861,17.1861,
1999-05-01 00:00:00,2,19.127,19.127,19.127,19.127,19.127,19.127,19.8001,25.6647,25.6647,19.8001,19.8001,19.127,19.127,19.127,19.127,19.127,19.127,19.127,19.127,19.127,19.127,19.127,19.127,19.127,19.127,19.127,19.127,19.127,19.127,19.127,19.127
1999-04-01 00:00:00,2,35.1594,27.2662,20.4864,19.8001,19.8001,19.8001,19.8001,24.8845,24.1178,24.8845,23.3647,21.8988,21.186,21.186,20.4864,20.4864,34.2262,44.2038,44.2038,42.0926,41.0589,38.0445,36.1068,35.1594,36.1068,35.1594,35.1594,20.4864,19.8001,19.8001,
1999-03-01 00:00:00,2,22.625,22.625,44.2038,22.625,21.8988,26.4586,58.1136,64.5501,59.3704,75.6506,80.0713,78.582,77.1084,63.2322,41.0589,38.0445,37.0685,38.0445,34.2262,28.0875,21.186,19.8001,19.8001,46.3735,97.5071,61.9296,48.6022,44.2038,42.0926,43.1409,38.0445
1999-02-01 00:00:00,2,39.0349,40.0397,30.6345,20.4864,19.127,19.127,21.186,25.6647,37.0685,24.8845,20.4864,22.625,26.4586,19.127,20.4864,26.4586,33.3072,26.4586,19.127,19.8001,19.127,19.127,19.127,19.127,20.4864,20.4864,21.8988,22.625,,,
1999-01-01 00:00:00,2,65.8834,58.1136,83.0976,84.6345,68.5962,68.5962,74.2084,81.5765,60.6424,43.1409,36.1068,29.7716,24.1178,31.5114,33.3072,33.3072,33.3072,29.7716,29.7716,21.186,20.4864,20.4864,19.8001,16.5652,17.8201,18.467,18.467,22.625,44.2038,37.0685,34.2262
1998-12-01 00:00:00,2,45.2813,44.2038,45.2813,24.8845,49.7388,52.0566,83.0976,97.5071,58.1136,33.3072,28.0875,23.3647,21.8988,30.6345,29.7716,59.3704,49.7388,58.1136,60.6424,75.6506,59.3704,32.4022,28.0875,21.8988,25.6647,31.5114,31.5114,30.6345,50.8902,42.0926,39.0349
1998-11-01 00:00:00,2,23.3647,33.3072,39.0349,42.0926,48.6022,44.2038,35.1594,30.6345,24.1178,16.5652,24.1178,25.6647,27.2662,24.8845,24.8845,14.7793,14.7793,14.7793,14.3276,14.3276,17.1861,17.1861,17.1861,17.8201,19.8001,21.186,25.6647,37.0685,71.3712,45.2813,
1998-10-01 00:00:00,2,20.4864,20.4864,21.186,20.4864,18.467,18.467,18.467,18.467,19.127,19.127,19.127,18.467,19.8001,17.8201,15.9571,19.127,20.4864,20.4864,19.8001,19.8001,18.467,18.467,19.127,19.127,19.127,19.127,19.127,19.8001,19.127,19.8001,22.625
1998-09-01 00:00:00,2,20.4864,21.186,21.8988,21.8988,21.186,19.8001,19.8001,19.127,19.8001,19.8001,19.127,19.127,17.8201,15.9571,15.9571,17.8201,17.8201,17.8201,17.8201,17.8201,19.8001,17.8201,18.467,19.127,18.467,17.8201,17.8201,17.8201,17.8201,17.8201,
1998-08-01 00:00:00,2,19.127,19.127,18.467,18.467,19.8001,19.8001,19.8001,20.4864,20.4864,20.4864,20.4864,20.4864,20.4864,21.8988,19.8001,19.8001,19.8001,19.127,19.8001,19.8001,19.8001,20.4864,19.8001,19.8001,19.8001,19.8001,19.8001,19.8001,19.8001,19.8001,20.4864
1998-07-01 00:00:00,2,21.186,21.186,21.186,21.186,21.186,21.186,21.186,21.186,19.8001,19.8001,19.8001,19.8001,19.8001,19.8001,21.186,22.625,17.8201,19.8001,19.8001,19.8001,19.8001,19.8001,19.8001,19.8001,19.8001,19.8001,19.8001,19.8001,20.4864,19.8001,19.127
1998-06-01 00:00:00,2,21.8988,21.186,21.186,21.186,21.186,21.186,21.186,21.186,21.186,21.186,21.186,21.186,21.186,21.186,21.186,21.186,20.4864,20.4864,20.4864,20.4864,20.4864,20.4864,20.4864,20.4864,21.186,20.4864,20.4864,20.4864,20.4864,21.186,
1998-05-01 00:00:00,2,19.8001,19.127,19.127,19.127,21.8988,20.4864,19.8001,19.8001,19.8001,19.8001,19.8001,19.8001,19.8001,19.8001,19.8001,19.8001,18.467,21.186,20.4864,20.4864,21.186,20.4864,20.4864,20.4864,21.186,21.186,21.186,21.186,21.186,24.1178,22.625
1998-04-01 00:00:00,2,22.625,22.625,21.186,20.4864,21.186,21.186,21.186,20.4864,20.4864,21.186,20.4864,20.4864,19.8001,19.8001,19.8001,19.8001,19.127,19.127,19.8001,19.127,18.467,18.467,18.467,18.467,19.127,19.8001,19.127,19.127,19.8001,19.8001,
1998-03-01 00:00:00,2,35.1594,21.8988,21.8988,28.9226,29.7716,29.7716,21.186,21.186,25.6647,21.8988,28.9226,27.2662,23.3647,22.625,21.8988,21.8988,21.8988,21.186,21.186,21.186,21.186,21.186,21.186,21.186,21.186,21.186,21.186,21.186,20.4864,19.8001,26.4586
1998-02-01 00:00:00,2,37.0685,28.9226,29.7716,28.0875,25.6647,28.0875,21.186,27.2662,22.625,21.186,22.625,22.625,21.186,21.186,27.2662,36.1068,74.2084,71.3712,54.4342,55.6456,52.0566,52.0566,54.4342,67.2321,99.1889,68.5962,49.7388,48.6022,,,
1998-01-01 00:00:00,2,37.0685,26.4586,22.625,22.625,28.0875,39.0349,44.2038,38.0445,55.6456,67.2321,59.3704,53.2379,52.0566,53.2379,50.8902,54.4342,56.872,52.0566,72.782,84.6345,94.1923,69.9759,44.2038,34.2262,50.8902,50.8902,42.0926,37.0685,32.4022,29.7716,34.2262
1997-12-01 00:00:00,2,113.232,84.6345,75.6506,67.2321,39.0349,27.2662,39.0349,53.2379,52.0566,74.2084,106.079,55.6456,55.6456,58.1136,102.601,136.288,59.3704,59.3704,59.3704,59.3704,56.872,56.872,43.1409,30.6345,44.2038,69.9759,83.0976,56.872,46.3735,37.0685,39.0349
1997-11-01 00:00:00,2,48.6022,50.8902,53.2379,50.8902,55.6456,54.4342,54.4342,56.872,55.6456,61.9296,60.6424,49.7388,44.2038,48.6022,44.2038,46.3735,48.6022,50.8902,60.6424,48.6022,46.3735,46.3735,46.3735,45.2813,45.2813,45.2813,58.1136,68.5962,72.782,99.1889,
1997-10-01 00:00:00,2,22.625,24.1178,22.625,25.6647,22.625,21.8988,21.8988,22.625,24.1178,25.6647,26.4586,25.6647,27.2662,26.4586,28.9226,30.6345,30.6345,31.5114,32.4022,34.2262,38.0445,40.0397,40.0397,40.0397,40.0397,41.0589,42.0926,41.0589,43.1409,44.2038,46.3735
1997-09-01 00:00:00,2,20.4864,21.186,20.4864,19.8001,20.4864,20.4864,21.186,21.186,20.4864,20.4864,20.4864,20.4864,20.4864,25.6647,40.0397,40.0397,30.6345,21.8988,20.4864,19.127,21.8988,22.625,31.5114,30.6345,28.0875,32.4022,34.2262,27.2662,24.8845,22.625,
1997-08-01 00:00:00,2,18.467,17.8201,17.8201,18.467,19.127,20.4864,21.186,20.4864,19.8001,21.186,21.186,21.186,20.4864,20.4864,19.8001,20.4864,20.4864,20.4864,21.186,21.186,20.4864,19.8001,19.8001,20.4864,20.4864,19.127,19.8001,20.4864,19.8001,19.8001,20.4864
1997-07-01 00:00:00,2,40.0397,34.2262,32.4022,32.4022,29.7716,28.9226,27.2662,24.8845,24.1178,24.1178,24.1178,24.8845,24.1178,24.1178,24.1178,24.1178,24.1178,24.1178,24.1178,24.1178,24.1178,24.1178,24.1178,22.625,22.625,20.4864,19.8001,18.467,18.467,18.467,18.467
1997-06-01 00:00:00,2,32.4022,32.4022,30.6345,30.6345,30.6345,28.9226,30.6345,32.4022,32.4022,32.4022,31.5114,31.5114,31.5114,29.7716,29.7716,29.7716,28.9226,28.9226,30.6345,30.6345,30.6345,30.6345,29.7716,28.9226,28.9226,28.0875,28.0875,39.0349,40.0397,40.0397,
1997-05-01 00:00:00,2,30.6345,28.9226,29.7716,28.9226,28.0875,28.9226,28.0875,28.0875,28.9226,29.7716,28.9226,29.7716,28.9226,28.0875,28.0875,28.0875,28.0875,32.4022,32.4022,30.6345,30.6345,30.6345,32.4022,30.6345,32.4022,32.4022,31.5114,30.6345,31.5114,32.4022,32.4022
1997-04-01 00:00:00,2,49.7388,47.4805,45.2813,41.0589,38.0445,38.0445,38.0445,37.0685,35.1594,35.1594,35.1594,34.2262,34.2262,33.3072,34.2262,35.1594,36.1068,37.0685,39.0349,41.0589,40.0397,39.0349,39.0349,43.1409,44.2038,39.0349,34.2262,30.6345,28.0875,29.7716,
1997-03-01 00:00:00,2,90.9421,68.5962,56.872,54.4342,55.6456,52.0566,46.3735,45.2813,45.2813,47.4805,50.8902,50.8902,52.0566,49.7388,43.1409,42.0926,41.0589,39.0349,37.0685,37.0685,36.1068,36.1068,35.1594,35.1594,37.0685,43.1409,55.6456,77.1084,104.332,102.601,68.5962
1997-02-01 00:00:00,2,63.2322,54.4342,49.7388,46.3735,44.2038,44.2038,43.1409,42.0926,42.0926,40.0397,39.0349,45.2813,53.2379,53.2379,47.4805,44.2038,41.0589,37.0685,35.1594,39.0349,50.8902,75.6506,87.7563,69.9759,84.6345,122.546,132.277,113.232,,,
1997-01-01 00:00:00,2,,,,,,,,142.432,140.367,124.458,116.907,113.232,109.622,104.332,102.601,99.1889,89.3412,78.582,74.2084,69.9759,69.9759,75.6506,86.1874,87.7563,89.3412,89.3412,86.1874,84.6345,84.6345,81.5765,74.2084
1996-12-01 00:00:00,2,63.2322,55.6456,50.8902,50.8902,44.2038,50.8902,50.8902,50.8902,50.8902,52.0566,72.782,72.782,78.582,81.5765,78.582,77.1084,77.1084,78.582,77.1084,83.0976,84.6345,89.3412,86.1874,106.079,118.77,128.334,136.288,148.729,161.787,170.839,173.145
1996-11-01 00:00:00,2,22.625,25.6647,27.2662,30.6345,31.5114,40.0397,36.1068,41.0589,44.2038,45.2813,52.0566,54.4342,63.2322,63.2322,67.2321,68.5962,92.5591,92.5591,92.5591,159.567,170.839,159.567,170.839,194.696,92.5591,77.1084,77.1084,65.8834,63.2322,63.2322,
1996-10-01 00:00:00,2,21.186,21.186,22.625,22.625,22.625,22.625,22.625,22.625,21.186,21.186,21.186,22.625,22.625,22.625,22.625,21.186,21.186,22.625,22.625,21.186,21.186,22.625,22.625,21.186,21.186,19.8001,21.186,21.186,22.625,22.625,22.625
1996-09-01 00:00:00,2,19.8001,21.186,21.186,21.186,21.186,20.4864,21.186,21.8988,21.8988,20.4864,21.186,20.4864,20.4864,21.186,19.8001,20.4864,21.186,21.186,20.4864,19.8001,20.4864,20.4864,21.186,21.186,19.8001,21.186,20.4864,21.186,21.186,21.186,
1996-08-01 00:00:00,2,19.8001,19.127,19.127,19.127,19.8001,19.8001,19.127,19.127,19.127,19.127,19.8001,19.8001,19.8001,19.127,19.127,19.127,19.8001,19.8001,19.8001,19.127,19.8001,19.8001,19.8001,19.127,19.8001,19.127,19.8001,19.8001,19.8001,21.186,21.186
1996-07-01 00:00:00,2,19.8001,19.127,19.127,19.8001,19.8001,19.8001,19.8001,19.8001,19.127,19.127,20.4864,20.4864,19.8001,19.127,19.127,19.127,19.8001,20.4864,19.8001,19.8001,19.127,19.8001,19.8001,19.127,19.8001,19.8001,19.127,19.127,19.127,19.8001,19.127
1996-06-01 00:00:00,2,19.8001,19.8001,19.127,19.127,19.127,19.8001,19.8001,19.8001,19.127,19.127,19.127,19.8001,19.8001,19.8001,19.127,19.127,19.8001,19.127,19.127,19.127,19.8001,19.127,19.8001,19.8001,19.127,19.127,19.127,19.127,19.8001,19.8001,
1996-05-01 00:00:00,2,21.186,21.186,21.8988,22.625,21.186,20.4864,19.8001,19.127,19.127,19.127,19.127,19.8001,19.8001,19.8001,19.8001,19.8001,20.4864,20.4864,19.8001,19.8001,19.8001,19.8001,20.4864,20.4864,19.8001,19.8001,19.8001,19.127,19.8001,19.8001,19.8001
1996-04-01 00:00:00,2,21.8988,21.186,22.625,22.625,22.625,22.625,22.625,25.6647,29.7716,32.4022,32.4022,36.1068,36.1068,38.0445,39.0349,40.0397,40.0397,40.0397,44.2038,31.5114,29.7716,28.9226,22.625,22.625,21.8988,22.625,22.625,22.625,22.625,21.186,
1996-03-01 00:00:00,2,20.4864,21.186,19.8001,21.186,22.625,21.8988,22.625,22.625,21.186,22.625,22.625,21.186,22.625,22.625,22.625,36.1068,37.0685,53.2379,65.8834,65.8834,65.8834,63.2322,44.2038,40.0397,36.1068,28.9226,26.4586,23.3647,23.3647,23.3647,23.3647
1996-02-01 00:00:00,2,29.7716,33.3072,32.4022,29.7716,26.4586,28.0875,29.7716,30.6345,31.5114,29.7716,28.0875,31.5114,29.7716,28.0875,28.0875,29.7716,29.7716,31.5114,41.0589,41.0589,22.625,22.625,22.625,24.1178,22.625,23.3647,24.1178,22.625,22.625,,
1996-01-01 00:00:00,2,180.17,157.365,182.547,78.582,52.0566,52.0566,54.4342,64.5501,61.9296,60.6424,61.9296,59.3704,64.5501,58.1136,47.4805,47.4805,45.2813,43.1409,41.0589,39.0349,36.1068,33.3072,31.5114,31.5114,29.7716,29.7716,31.5114,33.3072,31.5114,29.7716,30.6345
1995-12-01 00:00:00,2,28.9226,29.7716,31.5114,39.0349,43.1409,45.2813,38.0445,28.0875,21.8988,19.8001,19.127,19.8001,41.0589,78.582,115.061,94.1923,52.0566,53.2379,53.2379,43.1409,43.1409,72.782,109.622,55.6456,38.0445,58.1136,148.729,197.178,197.178,194.696,180.17
1995-11-01 00:00:00,2,19.8001,19.8001,20.4864,19.8001,19.8001,19.8001,19.127,19.8001,21.186,21.186,21.186,21.8988,21.8988,21.8988,21.8988,21.186,21.8988,21.186,20.4864,19.8001,20.4864,21.186,22.625,22.625,24.1178,24.8845,25.6647,27.2662,28.0875,27.2662,
1995-10-01 00:00:00,2,20.4864,19.8001,19.127,19.8001,19.127,19.127,19.127,19.127,18.467,19.127,19.8001,19.127,19.8001,19.8001,19.127,19.127,19.127,18.467,19.127,19.127,18.467,19.127,19.127,19.127,19.8001,19.8001,19.127,19.8001,19.8001,19.127,19.127
1995-09-01 00:00:00,2,19.127,19.127,19.127,19.127,19.127,19.8001,19.127,19.8001,19.8001,19.127,19.127,19.8001,19.8001,19.8001,19.127,19.8001,19.8001,19.8001,19.127,20.4864,19.8001,19.8001,19.127,19.127,19.8001,19.8001,21.186,20.4864,20.4864,20.4864,
1995-08-01 00:00:00,2,19.127,19.8001,19.8001,19.127,19.8001,19.8001,19.127,19.8001,19.8001,19.127,19.8001,19.127,19.8001,19.8001,19.127,19.127,19.8001,19.8001,19.127,19.8001,19.8001,19.127,19.127,19.8001,19.8001,19.127,19.8001,18.467,19.127,19.8001,19.8001
1995-07-01 00:00:00,2,26.4586,26.4586,24.8845,22.625,23.3647,22.625,21.186,19.8001,19.8001,19.8001,19.8001,19.8001,19.8001,19.8001,19.127,19.127,19.8001,19.8001,19.8001,19.8001,19.8001,19.8001,19.8001,19.8001,19.8001,19.8001,19.127,19.8001,19.8001,19.8001,19.8001
1995-06-01 00:00:00,2,26.4586,26.4586,26.4586,26.4586,26.4586,26.4586,26.4586,26.4586,26.4586,25.6647,24.8845,24.8845,26.4586,25.6647,24.8845,27.2662,28.9226,28.9226,28.9226,28.9226,28.9226,28.9226,34.2262,38.0445,34.2262,28.9226,26.4586,25.6647,24.1178,26.4586,
1995-05-01 00:00:00,2,31.5114,29.7716,29.7716,29.7716,29.7716,30.6345,30.6345,30.6345,30.6345,30.6345,30.6345,30.6345,29.7716,28.9226,28.9226,28.9226,28.9226,28.9226,28.9226,28.9226,28.9226,27.2662,27.2662,27.2662,27.2662,27.2662,26.4586,26.4586,26.4586,27.2662,27.2662
1995-04-01 00:00:00,2,87.7563,83.0976,77.1084,80.0713,63.2322,58.1136,40.0397,40.0397,43.1409,43.1409,43.1409,40.0397,36.1068,41.0589,40.0397,48.6022,30.6345,27.2662,28.0875,35.1594,35.1594,35.1594,35.1594,35.1594,35.1594,33.3072,33.3072,30.6345,30.6345,30.6345,
1995-03-01 00:00:00,2,21.8988,21.8988,21.8988,56.872,32.4022,26.4586,28.0875,30.6345,26.4586,24.8845,21.8988,20.4864,19.8001,27.2662,61.9296,130.297,130.297,130.297,106.079,99.1889,86.1874,83.0976,64.5501,60.6424,59.3704,72.782,89.3412,92.5591,92.5591,92.5591,92.5591
1995-02-01 00:00:00,2,23.3647,23.3647,23.3647,23.3647,23.3647,22.625,21.8988,21.186,21.186,21.186,21.186,21.186,21.186,21.186,21.186,52.0566,106.079,136.288,148.729,173.145,134.274,100.887,68.5962,54.4342,34.2262,29.7716,28.0875,22.625,,,
1995-01-01 00:00:00,2,86.1874,75.6506,37.0685,33.3072,24.8845,22.625,22.625,22.625,22.625,22.625,22.625,22.625,22.625,22.625,22.625,21.186,21.186,21.186,21.186,21.186,21.8988,21.186,20.4864,20.4864,20.4864,21.186,21.8988,21.8988,21.8988,23.3647,23.3647
1994-12-01 00:00:00,2,19.8001,18.467,18.467,17.8201,17.8201,19.127,21.8988,23.3647,19.8001,19.127,18.467,18.467,18.467,19.127,19.8001,21.186,20.4864,23.3647,22.625,21.186,21.186,24.1178,86.1874,153.012,170.839,173.145,138.319,92.5591,92.5591,87.7563,86.1874
1994-11-01 00:00:00,2,17.1861,17.1861,17.1861,18.467,18.467,18.467,17.8201,17.1861,17.1861,17.1861,17.1861,17.1861,17.8201,19.127,19.127,19.127,19.127,19.127,19.127,19.127,19.127,18.467,18.467,18.467,18.467,18.467,19.127,19.127,20.4864,20.4864,
1994-10-01 00:00:00,2,17.8201,17.1861,17.8201,18.467,17.8201,17.8201,17.8201,17.8201,17.8201,17.8201,17.8201,17.8201,18.467,18.467,17.8201,17.1861,17.1861,17.1861,17.1861,17.1861,17.8201,17.8201,17.8201,17.8201,17.1861,17.1861,17.1861,17.1861,17.1861,17.8201,17.8201
1994-09-01 00:00:00,2,19.8001,19.8001,19.8001,19.8001,19.8001,19.127,19.8001,19.8001,20.4864,20.4864,20.4864,19.127,19.127,19.127,19.127,19.127,19.127,18.467,19.127,19.127,18.467,18.467,18.467,18.467,19.127,19.127,17.1861,18.467,18.467,18.467,
1994-08-01 00:00:00,2,19.127,19.127,19.127,20.4864,20.4864,19.8001,19.127,19.127,19.127,19.8001,19.8001,19.127,19.127,19.8001,19.8001,19.8001,19.8001,19.127,19.127,18.467,19.127,19.8001,19.8001,19.8001,19.8001,19.127,19.127,19.8001,19.8001,19.8001,19.8001
1994-07-01 00:00:00,2,20.4864,20.4864,19.8001,18.467,18.467,19.8001,19.8001,20.4864,20.4864,19.8001,18.467,19.127,19.127,19.8001,19.8001,19.8001,19.8001,19.127,18.467,17.8201,19.127,19.127,19.8001,19.8001,18.467,18.467,18.467,19.127,19.8001,19.8001,19.8001
1994-06-01 00:00:00,2,22.625,22.625,22.625,22.625,22.625,22.625,22.625,22.625,22.625,22.625,22.625,22.625,20.4864,20.4864,22.625,22.625,21.8988,21.8988,21.8988,21.8988,21.8988,21.8988,25.6647,32.4022,31.5114,30.6345,30.6345,26.4586,26.4586,20.4864,
1994-05-01 00:00:00,2,22.625,22.625,22.625,21.8988,21.186,19.127,20.4864,21.186,19.8001,19.127,18.467,19.127,22.625,22.625,27.2662,47.4805,84.6345,80.0713,42.0926,36.1068,29.7716,33.3072,33.3072,31.5114,24.8845,35.1594,25.6647,28.0875,22.625,22.625,22.625
1994-04-01 00:00:00,2,32.4022,32.4022,36.1068,40.0397,46.3735,48.6022,48.6022,46.3735,48.6022,22.625,21.8988,21.8988,27.2662,28.9226,26.4586,30.6345,39.0349,39.0349,46.3735,56.872,64.5501,64.5501,32.4022,26.4586,24.8845,22.625,22.625,21.8988,22.625,22.625,
1994-03-01 00:00:00,2,21.186,21.186,23.3647,23.3647,24.1178,30.6345,34.2262,80.0713,50.8902,42.0926,27.2662,24.1178,24.1178,25.6647,30.6345,32.4022,41.0589,41.0589,40.0397,59.3704,78.582,54.4342,42.0926,42.0926,40.0397,40.0397,49.7388,44.2038,40.0397,37.0685,33.3072
1994-02-01 00:00:00,2,45.2813,42.0926,40.0397,37.0685,35.1594,35.1594,35.1594,35.1594,33.3072,26.4586,24.8845,22.625,22.625,22.625,22.625,22.625,32.4022,30.6345,28.9226,22.625,22.625,21.186,20.4864,20.4864,20.4864,20.4864,21.186,21.186,,,
1994-01-01 00:00:00,2,50.8902,50.8902,67.2321,90.9421,120.649,136.288,146.613,109.622,122.546,136.288,157.365,134.274,100.887,116.907,138.319,153.012,106.079,106.079,99.1889,107.842,106.079,102.601,106.079,106.079,90.9421,74.2084,65.8834,65.8834,65.8834,58.1136,49.7388
1993-12-01 00:00:00,2,27.2662,28.0875,28.9226,29.7716,32.4022,32.4022,33.3072,40.0397,47.4805,49.7388,64.5501,83.0976,83.0976,42.0926,40.0397,24.8845,21.8988,21.186,22.625,28.0875,28.9226,36.1068,44.2038,45.2813,35.1594,27.2662,28.9226,29.7716,35.1594,37.0685,48.6022
1993-11-01 00:00:00,2,41.0589,41.0589,41.0589,42.0926,42.0926,41.0589,41.0589,43.1409,44.2038,44.2038,31.5114,23.3647,22.625,21.186,19.127,18.467,18.467,18.467,17.8201,17.8201,17.8201,17.8201,18.467,24.1178,34.2262,34.2262,32.4022,31.5114,31.5114,24.8845,
1993-10-01 00:00:00,2,37.0685,40.0397,40.0397,40.0397,40.0397,40.0397,40.0397,36.1068,35.1594,40.0397,40.0397,40.0397,40.0397,28.0875,21.186,19.8001,21.186,24.8845,28.9226,39.0349,39.0349,39.0349,40.0397,40.0397,40.0397,40.0397,42.0926,44.2038,43.1409,42.0926,41.0589
1993-09-01 00:00:00,2,21.8988,20.4864,20.4864,20.4864,20.4864,21.186,23.3647,23.3647,22.625,22.625,23.3647,24.8845,24.1178,22.625,24.1178,25.6647,25.6647,25.6647,26.4586,25.6647,24.8845,27.2662,28.9226,33.3072,34.2262,36.1068,40.0397,39.0349,39.0349,40.0397,
1993-08-01 00:00:00,2,30.6345,28.9226,28.9226,28.9226,28.0875,28.0875,28.0875,26.4586,27.2662,25.6647,25.6647,25.6647,26.4586,26.4586,27.2662,28.0875,28.0875,27.2662,28.0875,28.9226,22.625,22.625,24.1178,23.3647,23.3647,24.8845,25.6647,26.4586,24.8845,24.1178,22.625
1993-07-01 00:00:00,2,30.6345,30.6345,30.6345,31.5114,31.5114,30.6345,29.7716,29.7716,30.6345,31.5114,31.5114,30.6345,29.7716,29.7716,30.6345,28.9226,29.7716,30.6345,30.6345,30.6345,32.4022,31.5114,29.7716,29.7716,32.4022,27.2662,26.4586,27.2662,28.0875,28.0875,31.5114
1993-06-01 00:00:00,2,36.1068,35.1594,35.1594,35.1594,33.3072,34.2262,37.0685,34.2262,35.1594,35.1594,36.1068,36.1068,36.1068,31.5114,33.3072,34.2262,35.1594,33.3072,33.3072,33.3072,34.2262,35.1594,35.1594,33.3072,33.3072,33.3072,31.5114,30.6345,31.5114,31.5114,
1993-05-01 00:00:00,2,35.1594,34.2262,32.4022,28.9226,31.5114,40.0397,37.0685,32.4022,30.6345,29.7716,29.7716,30.6345,38.0445,40.0397,41.0589,43.1409,43.1409,42.0926,39.0349,36.1068,37.0685,35.1594,33.3072,35.1594,36.1068,36.1068,36.1068,36.1068,35.1594,36.1068,36.1068
1993-04-01 00:00:00,2,40.0397,41.0589,44.2038,61.9296,60.6424,49.7388,49.7388,47.4805,59.3704,60.6424,58.1136,50.8902,42.0926,40.0397,40.0397,52.0566,77.1084,77.1084,67.2321,45.2813,40.0397,40.0397,40.0397,38.0445,39.0349,40.0397,39.0349,36.1068,36.1068,36.1068,
1993-03-01 00:00:00,2,80.0713,60.6424,61.9296,87.7563,68.5962,31.5114,22.625,21.8988,35.1594,29.7716,24.1178,21.8988,26.4586,27.2662,23.3647,23.3647,24.1178,23.3647,25.6647,44.2038,44.2038,43.1409,63.2322,59.3704,60.6424,60.6424,46.3735,43.1409,42.0926,44.2038,42.0926
1993-02-01 00:00:00,2,33.3072,35.1594,41.0589,55.6456,77.1084,86.1874,115.061,115.061,71.3712,55.6456,55.6456,95.8416,95.8416,95.8416,95.8416,106.079,115.061,102.601,59.3704,59.3704,58.1136,58.1136,58.1136,83.0976,113.232,130.297,104.332,95.8416,,,
1993-01-01 00:00:00,2,99.1889,89.3412,74.2084,40.0397,41.0589,80.0713,81.5765,63.2322,63.2322,63.2322,63.2322,63.2322,63.2322,58.1136,40.0397,38.0445,35.1594,35.1594,46.3735,48.6022,69.9759,77.1084,77.1084,77.1084,71.3712,56.872,48.6022,31.5114,31.5114,31.5114,32.4022
1992-12-01 00:00:00,2,37.0685,39.0349,45.2813,47.4805,47.4805,46.3735,46.3735,47.4805,48.6022,49.7388,52.0566,94.1923,136.288,136.288,122.546,75.6506,56.872,78.582,111.419,100.887,86.1874,86.1874,84.6345,75.6506,65.8834,54.4342,41.0589,54.4342,75.6506,99.1889,99.1889
1992-11-01 00:00:00,2,50.8902,86.1874,90.9421,128.334,148.729,148.729,148.729,124.458,67.2321,56.872,53.2379,53.2379,53.2379,52.0566,48.6022,48.6022,48.6022,44.2038,42.0926,37.0685,36.1068,35.1594,36.1068,35.1594,38.0445,36.1068,36.1068,37.0685,37.0685,36.1068,
1992-10-01 00:00:00,2,21.8988,39.0349,36.1068,36.1068,34.2262,33.3072,33.3072,33.3072,36.1068,41.0589,40.0397,38.0445,21.8988,21.8988,23.3647,23.3647,23.3647,21.186,21.8988,22.625,21.8988,21.186,26.4586,27.2662,28.9226,30.6345,32.4022,38.0445,41.0589,42.0926,42.0926
1992-09-01 00:00:00,2,21.186,20.4864,19.8001,19.8001,20.4864,21.186,23.3647,31.5114,21.8988,20.4864,20.4864,20.4864,20.4864,20.4864,19.8001,21.186,21.8988,21.186,21.186,20.4864,20.4864,21.186,21.186,20.4864,21.8988,21.8988,21.8988,23.3647,21.8988,21.186,
1992-08-01 00:00:00,2,21.186,21.186,19.127,19.127,19.127,19.8001,19.8001,19.127,18.467,19.127,19.127,19.8001,19.8001,19.127,19.127,18.467,17.8201,17.8201,18.467,18.467,19.127,19.127,19.127,19.127,19.8001,19.8001,19.8001,19.8001,19.127,21.8988,19.8001
1992-07-01 00:00:00,2,21.186,21.186,19.8001,19.8001,19.8001,19.8001,19.127,21.186,21.186,21.8988,21.186,20.4864,19.8001,21.8988,19.127,19.127,20.4864,20.4864,20.4864,19.8001,19.127,18.467,19.8001,19.8001,19.8001,19.8001,19.127,20.4864,19.127,21.8988,27.2662
1992-06-01 00:00:00,2,41.0589,40.0397,37.0685,35.1594,35.1594,35.1594,34.2262,32.4022,32.4022,31.5114,31.5114,30.6345,29.7716,30.6345,28.9226,27.2662,26.4586,29.7716,23.3647,23.3647,23.3647,23.3647,22.625,23.3647,21.8988,19.8001,22.625,21.8988,21.8988,21.186,
1992-05-01 00:00:00,2,55.6456,55.6456,55.6456,56.872,60.6424,58.1136,54.4342,54.4342,55.6456,50.8902,50.8902,49.7388,52.0566,48.6022,49.7388,49.7388,48.6022,45.2813,45.2813,43.1409,42.0926,46.3735,42.0926,40.0397,38.0445,39.0349,44.2038,44.2038,43.1409,42.0926,42.0926
1992-04-01 00:00:00,2,60.6424,55.6456,55.6456,55.6456,50.8902,49.7388,49.7388,49.7388,52.0566,47.4805,45.2813,45.2813,48.6022,48.6022,49.7388,75.6506,75.6506,74.2084,72.782,61.9296,60.6424,60.6424,59.3704,55.6456,55.6456,55.6456,55.6456,55.6456,55.6456,55.6456,
1992-03-01 00:00:00,2,89.3412,89.3412,92.5591,92.5591,92.5591,99.1889,100.887,100.887,102.601,95.8416,86.1874,84.6345,32.4022,28.9226,27.2662,27.2662,28.0875,46.3735,80.0713,92.5591,94.1923,89.3412,87.7563,89.3412,83.0976,83.0976,86.1874,87.7563,75.6506,67.2321,64.5501
1992-02-01 00:00:00,2,164.024,138.319,120.649,144.514,168.55,202.198,194.696,187.353,166.278,140.367,94.1923,75.6506,64.5501,63.2322,60.6424,56.872,54.4342,74.2084,89.3412,89.3412,92.5591,94.1923,77.1084,65.8834,72.782,72.782,90.9421,87.7563,86.1874,,
1992-01-01 00:00:00,2,47.4805,46.3735,47.4805,29.7716,38.0445,69.9759,69.9759,90.9421,60.6424,49.7388,43.1409,34.2262,34.2262,40.0397,90.9421,92.5591,92.5591,92.5591,90.9421,94.1923,146.613,153.012,189.783,231.369,266.754,266.754,239.942,234.206,204.734,207.288,204.734
1991-12-01 00:00:00,2,75.6506,75.6506,75.6506,78.582,77.1084,44.2038,44.2038,45.2813,46.3735,45.2813,48.6022,68.5962,67.2321,74.2084,75.6506,67.2321,33.3072,36.1068,42.0926,52.0566,49.7388,48.6022,47.4805,48.6022,53.2379,55.6456,49.7388,48.6022,46.3735,44.2038,35.1594
1991-11-01 00:00:00,2,21.186,19.8001,34.2262,24.1178,21.8988,21.186,20.4864,21.8988,20.4864,20.4864,24.8845,27.2662,28.9226,39.0349,37.0685,29.7716,37.0685,37.0685,40.0397,40.0397,34.2262,38.0445,40.0397,40.0397,40.0397,40.0397,39.0349,40.0397,60.6424,77.1084,
1991-10-01 00:00:00,2,23.3647,23.3647,24.1178,27.2662,40.0397,40.0397,43.1409,48.6022,55.6456,58.1136,37.0685,23.3647,22.625,22.625,23.3647,23.3647,23.3647,44.2038,63.2322,32.4022,22.625,21.8988,20.4864,20.4864,19.8001,21.186,21.186,21.186,20.4864,21.186,20.4864
1991-09-01 00:00:00,2,19.127,18.467,18.467,18.467,19.127,23.3647,20.4864,19.8001,19.127,19.127,17.8201,17.8201,19.127,19.127,19.8001,19.8001,20.4864,21.186,21.186,24.8845,21.186,19.127,20.4864,20.4864,32.4022,22.625,21.186,19.8001,19.8001,21.186,
1991-08-01 00:00:00,2,19.8001,19.8001,20.4864,20.4864,20.4864,20.4864,20.4864,20.4864,21.186,19.8001,17.1861,19.8001,20.4864,19.127,19.8001,20.4864,20.4864,20.4864,19.8001,19.8001,20.4864,19.8001,19.8001,20.4864,21.186,20.4864,19.127,19.127,20.4864,20.4864,19.127
1991-07-01 00:00:00,2,20.4864,21.186,20.4864,21.186,20.4864,21.8988,21.186,21.8988,21.8988,21.186,20.4864,19.8001,17.1861,17.1861,17.1861,17.1861,18.467,16.5652,20.4864,17.8201,19.127,17.8201,18.467,17.8201,17.1861,17.1861,19.127,19.8001,19.8001,20.4864,19.8001
1991-06-01 00:00:00,2,25.6647,24.8845,24.8845,25.6647,25.6647,24.8845,27.2662,28.0875,26.4586,24.8845,24.8845,24.8845,22.625,19.8001,20.4864,21.186,19.8001,19.8001,19.8001,21.8988,23.3647,23.3647,28.9226,24.1178,29.7716,24.1178,24.1178,29.7716,19.8001,38.0445,
1991-05-01 00:00:00,2,32.4022,33.3072,33.3072,32.4022,31.5114,29.7716,29.7716,29.7716,29.7716,29.7716,29.7716,29.7716,30.6345,31.5114,31.5114,29.7716,29.7716,29.7716,29.7716,29.7716,28.9226,27.2662,27.2662,28.0875,27.2662,26.4586,26.4586,26.4586,25.6647,26.4586,26.4586
1991-04-01 00:00:00,2,61.9296,49.7388,45.2813,43.1409,42.0926,42.0926,42.0926,40.0397,38.0445,38.0445,37.0685,36.1068,35.1594,35.1594,37.0685,38.0445,35.1594,33.3072,31.5114,31.5114,39.0349,59.3704,81.5765,81.5765,56.872,43.1409,37.0685,34.2262,35.1594,33.3072,
1991-03-01 00:00:00,2,43.1409,43.1409,39.0349,38.0445,35.1594,29.7716,30.6345,24.8845,22.625,23.3647,21.8988,22.625,22.625,20.4864,20.4864,21.186,21.8988,21.186,20.4864,19.8001,23.3647,33.3072,37.0685,48.6022,74.2084,90.9421,72.782,113.232,54.4342,49.7388,80.0713
1991-02-01 00:00:00,2,189.783,136.288,106.079,104.332,99.1889,78.582,74.2084,53.2379,52.0566,65.8834,78.582,92.5591,92.5591,87.7563,65.8834,49.7388,52.0566,55.6456,55.6456,67.2321,86.1874,67.2321,53.2379,46.3735,46.3735,44.2038,45.2813,45.2813,,,
1991-01-01 00:00:00,2,21.8988,21.186,21.8988,21.8988,24.1178,24.8845,25.6647,22.625,22.625,24.1178,31.5114,49.7388,71.3712,122.546,173.145,189.783,207.288,199.679,189.783,170.839,120.649,94.1923,94.1923,94.1923,116.907,124.458,128.334,170.839,239.942,239.942,228.552
1990-12-01 00:00:00,2,24.8845,24.8845,24.8845,23.3647,24.8845,24.8845,26.4586,24.8845,24.8845,24.8845,26.4586,28.0875,27.2662,27.2662,27.2662,27.2662,26.4586,26.4586,24.8845,24.1178,24.8845,24.8845,24.1178,24.8845,24.8845,25.6647,24.8845,24.1178,24.8845,23.3647,22.625
1990-11-01 00:00:00,2,19.8001,20.4864,20.4864,20.4864,21.8988,22.625,22.625,21.8988,21.186,21.186,21.186,22.625,22.625,22.625,21.8988,21.186,21.186,20.4864,21.186,21.8988,24.1178,23.3647,23.3647,23.3647,24.1178,24.8845,24.1178,24.1178,26.4586,24.8845,
1990-10-01 00:00:00,2,17.8201,17.8201,17.8201,17.8201,18.467,18.467,17.8201,18.467,18.467,18.467,20.4864,21.186,19.8001,19.127,18.467,18.467,19.8001,19.8001,19.127,20.4864,21.186,20.4864,19.8001,19.8001,19.127,19.8001,19.8001,20.4864,20.4864,19.8001,19.8001
1990-09-01 00:00:00,2,19.127,19.127,19.127,19.127,19.127,19.8001,19.8001,18.467,19.127,19.127,19.127,19.127,18.467,19.8001,21.186,21.186,20.4864,19.8001,18.467,18.467,18.467,19.127,18.467,17.8201,17.8201,18.467,17.8201,18.467,18.467,18.467,
1990-08-01 00:00:00,2,18.467,17.1861,17.8201,19.127,19.127,18.467,18.467,17.8201,17.8201,17.1861,17.1861,17.1861,17.8201,18.467,18.467,19.127,20.4864,21.186,20.4864,19.8001,18.467,18.467,17.8201,17.8201,18.467,18.467,21.186,17.8201,20.4864,19.8001,19.8001
1990-07-01 00:00:00,2,22.625,17.8201,18.467,18.467,18.467,19.127,21.186,19.127,17.8201,17.8201,18.467,17.8201,18.467,17.8201,17.8201,18.467,17.8201,17.8201,17.8201,17.8201,17.8201,17.8201,17.8201,18.467,18.467,18.467,17.8201,17.8201,17.8201,17.8201,18.467
1990-06-01 00:00:00,2,17.8201,19.127,17.8201,18.467,17.8201,18.467,18.467,18.467,17.8201,17.8201,17.8201,23.3647,17.8201,18.467,18.467,18.467,17.8201,18.467,18.467,18.467,18.467,18.467,18.467,18.467,18.467,18.467,18.467,17.8201,17.8201,17.8201,
1990-05-01 00:00:00,2,18.467,18.467,19.127,19.8001,18.467,21.8988,18.467,18.467,18.467,17.8201,17.1861,18.467,19.8001,19.127,18.467,18.467,19.127,19.127,19.127,18.467,19.127,19.127,17.8201,18.467,18.467,18.467,18.467,18.467,19.127,18.467,17.8201
1990-04-01 00:00:00,2,20.4864,19.8001,19.127,18.467,19.127,18.467,19.127,20.4864,19.127,18.467,18.467,18.467,17.8201,18.467,18.467,31.5114,31.5114,24.8845,23.3647,19.127,19.8001,29.7716,19.8001,19.127,18.467,18.467,19.127,18.467,18.467,19.127,
1990-03-01 00:00:00,2,28.0875,26.4586,26.4586,24.1178,24.1178,21.8988,21.8988,21.186,20.4864,19.8001,19.8001,19.8001,21.186,19.8001,20.4864,20.4864,21.186,24.1178,23.3647,21.186,22.625,28.0875,21.8988,22.625,22.625,20.4864,20.4864,21.8988,20.4864,21.8988,20.4864
1990-02-01 00:00:00,2,20.4864,20.4864,20.4864,19.8001,19.8001,21.186,21.186,22.625,28.0875,39.0349,56.872,55.6456,38.0445,29.7716,24.8845,24.1178,32.4022,45.2813,42.0926,38.0445,36.1068,37.0685,48.6022,55.6456,49.7388,46.3735,40.0397,31.5114,,,
1990-01-01 00:00:00,2,113.232,115.061,118.77,115.061,113.232,107.842,111.419,111.419,115.061,,,,,,,,,,,,,,,,,,,,,,
1989-12-01 00:00:00,2,29.7716,31.5114,32.4022,34.2262,37.0685,41.0589,41.0589,41.0589,43.1409,44.2038,44.2038,45.2813,59.3704,56.872,95.8416,97.5071,72.782,72.782,72.782,107.842,109.622,107.842,106.079,113.232,113.232,115.061,118.77,116.907,111.419,113.232,113.232
1989-11-01 00:00:00,2,19.127,19.8001,20.4864,19.8001,19.8001,19.8001,21.186,21.186,20.4864,21.186,22.625,22.625,21.8988,23.3647,24.8845,21.8988,21.8988,23.3647,22.625,22.625,22.625,22.625,21.186,21.8988,23.3647,22.625,22.625,24.1178,22.625,23.3647,
1989-10-01 00:00:00,2,17.1861,17.8201,17.8201,17.1861,19.8001,19.127,18.467,17.1861,17.1861,18.467,18.467,18.467,18.467,19.127,19.8001,18.467,19.8001,19.8001,21.186,19.8001,20.4864,20.4864,19.8001,21.186,20.4864,19.8001,19.127,19.8001,20.4864,21.186,19.127
1989-09-01 00:00:00,2,17.1861,17.1861,17.8201,18.467,17.8201,18.467,17.1861,16.5652,17.8201,18.467,19.127,19.127,17.8201,17.8201,18.467,17.8201,17.1861,17.1861,17.1861,17.8201,18.467,17.1861,17.8201,17.1861,18.467,19.127,19.8001,19.127,19.8001,18.467,
1989-08-01 00:00:00,2,16.5652,16.5652,17.1861,17.1861,17.1861,16.5652,17.1861,17.1861,16.5652,16.5652,16.5652,15.9571,17.1861,17.1861,17.1861,15.9571,16.5652,18.467,17.8201,18.467,17.8201,17.8201,17.1861,18.467,19.127,18.467,17.1861,17.8201,18.467,18.467,17.8201
1989-07-01 00:00:00,2,16.5652,17.1861,17.8201,17.8201,18.467,17.8201,17.1861,16.5652,15.9571,16.5652,17.1861,17.1861,16.5652,17.1861,17.1861,15.9571,15.9571,15.9571,16.5652,16.5652,16.5652,17.1861,17.1861,16.5652,16.5652,15.9571,16.5652,16.5652,17.1861,16.5652,15.9571
1989-06-01 00:00:00,2,17.1861,17.8201,16.5652,17.1861,17.8201,19.127,20.4864,20.4864,20.4864,19.8001,19.127,18.467,18.467,17.8201,17.8201,17.1861,16.5652,16.5652,16.5652,17.1861,17.1861,16.5652,15.9571,15.3618,15.9571,17.1861,16.5652,16.5652,16.5652,16.5652,
1989-05-01 00:00:00,2,15.9571,15.3618,15.9571,15.3618,17.1861,17.1861,17.1861,16.5652,17.8201,17.8201,16.5652,16.5652,16.5652,16.5652,17.8201,15.3618,15.9571,16.5652,15.9571,17.1861,17.8201,17.1861,16.5652,16.5652,15.9571,17.1861,17.1861,16.5652,16.5652,15.9571,15.3618
1989-04-01 00:00:00,2,18.467,19.8001,17.8201,18.467,17.8201,19.127,19.8001,21.186,19.127,19.8001,20.4864,16.5652,18.467,19.127,19.8001,19.127,16.5652,20.4864,19.8001,17.8201,19.127,18.467,17.8201,17.1861,18.467,16.5652,16.5652,15.9571,15.9571,16.5652,
1989-03-01 00:00:00,2,24.8845,24.8845,24.1178,48.6022,46.3735,48.6022,47.4805,55.6456,53.2379,81.5765,78.582,90.9421,92.5591,90.9421,92.5591,102.601,99.1889,95.8416,99.1889,78.582,23.3647,22.625,23.3647,23.3647,24.1178,22.625,21.186,21.8988,20.4864,19.8001,23.3647
1989-02-01 00:00:00,2,19.8001,19.8001,21.186,21.186,21.8988,22.625,46.3735,48.6022,48.6022,50.8902,50.8902,50.8902,95.8416,99.1889,92.5591,94.1923,100.887,46.3735,46.3735,26.4586,26.4586,25.6647,22.625,21.8988,24.8845,24.1178,26.4586,23.3647,,,
1989-01-01 00:00:00,2,22.625,22.625,22.625,55.6456,49.7388,49.7388,49.7388,47.4805,47.4805,45.2813,47.4805,49.7388,52.0566,46.3735,47.4805,47.4805,48.6022,46.3735,44.2038,49.7388,47.4805,46.3735,46.3735,45.2813,40.0397,44.2038,38.0445,38.0445,40.0397,44.2038,37.0685
1988-12-01 00:00:00,2,21.186,19.8001,21.186,21.186,19.8001,19.8001,21.186,21.186,19.8001,21.186,21.186,21.186,21.186,21.186,21.186,24.8845,27.2662,27.2662,46.3735,46.3735,46.3735,47.4805,49.7388,49.7388,49.7388,26.4586,28.0875,25.6647,25.6647,20.4864,24.8845
1988-11-01 00:00:00,2,27.2662,22.625,22.625,22.625,22.625,22.625,30.6345,30.6345,22.625,21.186,21.186,21.186,21.186,21.186,21.186,22.625,22.625,18.467,19.127,19.127,18.467,19.8001,21.186,22.625,22.625,21.186,22.625,22.625,22.625,22.625,
1988-10-01 00:00:00,2,19.8001,19.8001,19.8001,19.8001,19.8001,21.186,21.186,21.186,19.8001,20.4864,21.186,19.8001,19.8001,19.8001,21.186,24.8845,24.8845,26.4586,25.6647,27.2662,25.6647,27.2662,27.2662,27.2662,27.2662,25.6647,26.4586,27.2662,19.8001,24.1178,25.6647
1988-09-01 00:00:00,2,17.8201,17.1861,17.1861,17.8201,17.1861,18.467,18.467,17.8201,19.127,18.467,19.8001,17.8201,17.1861,17.8201,17.8201,17.1861,17.1861,18.467,17.1861,17.8201,17.1861,17.8201,18.467,17.1861,17.1861,18.467,17.1861,17.1861,18.467,19.127,
1988-08-01 00:00:00,2,17.8201,17.8201,17.8201,17.1861,17.1861,17.1861,18.467,17.8201,17.8201,17.8201,17.1861,17.8201,18.467,17.8201,17.8201,17.1861,18.467,17.1861,17.1861,17.1861,17.8201,18.467,17.8201,18.467,18.467,18.467,17.8201,17.1861,17.8201,18.467,17.8201
1988-07-01 00:00:00,2,22.625,22.625,22.625,19.8001,20.4864,20.4864,20.4864,22.625,21.186,21.8988,21.8988,20.4864,19.127,17.8201,17.1861,17.1861,17.1861,17.8201,17.1861,18.467,17.1861,17.8201,17.8201,17.1861,17.8201,17.8201,17.1861,17.8201,17.8201,17.8201,17.8201
1988-06-01 00:00:00,2,24.1178,19.8001,22.625,20.4864,21.186,21.8988,21.186,19.8001,20.4864,22.625,21.8988,21.186,21.186,21.8988,19.8001,19.8001,20.4864,19.8001,20.4864,20.4864,20.4864,21.186,20.4864,19.8001,19.8001,20.4864,21.186,20.4864,20.4864,20.4864,
1988-05-01 00:00:00,2,21.8988,21.186,19.8001,21.8988,24.1178,22.625,23.3647,21.8988,21.8988,21.8988,23.3647,20.4864,19.8001,21.8988,21.186,20.4864,20.4864,20.4864,19.127,19.127,19.127,19.8001,20.4864,19.127,19.127,19.127,24.8845,24.1178,23.3647,24.1178,23.3647
1988-04-01 00:00:00,2,24.8845,25.6647,24.8845,24.8845,24.8845,23.3647,23.3647,26.4586,23.3647,26.4586,24.1178,21.186,21.186,21.186,21.186,21.186,22.625,22.625,21.186,23.3647,21.8988,21.8988,21.8988,22.625,21.8988,21.8988,23.3647,19.8001,19.8001,21.8988,
1988-03-01 00:00:00,2,35.1594,25.6647,24.8845,64.5501,106.079,106.079,109.622,59.3704,47.4805,47.4805,25.6647,27.2662,26.4586,26.4586,24.8845,23.3647,24.8845,23.3647,23.3647,23.3647,23.3647,21.8988,21.186,23.3647,21.186,21.186,21.8988,21.8988,22.625,24.8845,24.8845
1988-02-01 00:00:00,2,23.3647,25.6647,35.1594,64.5501,81.5765,80.0713,75.6506,80.0713,81.5765,100.887,138.319,134.274,128.334,128.334,99.1889,86.1874,87.7563,95.8416,74.2084,54.4342,50.8902,49.7388,48.6022,50.8902,52.0566,42.0926,55.6456,43.1409,44.2038,,
1988-01-01 00:00:00,2,55.6456,78.582,90.9421,90.9421,71.3712,48.6022,54.4342,54.4342,54.4342,49.7388,50.8902,50.8902,50.8902,49.7388,48.6022,48.6022,48.6022,43.1409,25.6647,23.3647,24.1178,22.625,23.3647,23.3647,24.1178,24.1178,23.3647,23.3647,28.9226,24.1178,23.3647
1987-12-01 00:00:00,2,28.9226,24.1178,24.8845,25.6647,33.3072,48.6022,48.6022,50.8902,58.1136,75.6506,77.1084,77.1084,77.1084,77.1084,77.1084,74.2084,74.2084,75.6506,86.1874,100.887,115.061,109.622,109.622,109.622,109.622,60.6424,34.2262,34.2262,34.2262,41.0589,50.8902
1987-11-01 00:00:00,2,27.2662,26.4586,19.8001,17.8201,17.8201,17.1861,17.1861,24.8845,17.1861,23.3647,17.1861,17.8201,17.1861,17.1861,17.8201,18.467,34.2262,48.6022,40.0397,29.7716,25.6647,17.8201,17.8201,18.467,18.467,18.467,19.127,20.4864,25.6647,46.3735,
1987-10-01 00:00:00,2,19.8001,23.3647,17.8201,17.8201,16.5652,17.1861,19.8001,29.7716,28.0875,38.0445,23.3647,17.8201,28.9226,22.625,30.6345,23.3647,29.7716,22.625,17.8201,19.127,27.2662,44.2038,24.8845,45.2813,24.1178,24.1178,27.2662,28.9226,24.8845,28.9226,26.4586
1987-09-01 00:00:00,2,16.5652,16.5652,16.5652,16.5652,15.9571,16.5652,16.5652,17.1861,27.2662,27.2662,17.1861,17.8201,17.1861,22.625,30.6345,31.5114,23.3647,24.8845,20.4864,24.1178,21.8988,21.8988,20.4864,19.8001,19.127,17.8201,18.467,18.467,20.4864,19.127,
1987-08-01 00:00:00,2,15.3618,15.3618,17.8201,17.8201,18.467,18.467,17.8201,17.8201,17.8201,17.8201,17.8201,17.8201,17.8201,17.1861,17.1861,17.8201,17.8201,17.1861,17.1861,17.8201,17.8201,17.8201,17.8201,17.8201,17.1861,15.9571,16.5652,15.9571,15.9571,17.1861,15.9571
1987-07-01 00:00:00,2,17.8201,17.8201,20.4864,19.8001,17.8201,17.8201,18.467,18.467,17.8201,17.8201,17.8201,17.8201,17.8201,17.8201,18.467,17.8201,18.467,17.8201,17.8201,17.8201,17.8201,17.8201,18.467,17.8201,18.467,19.8001,20.4864,18.467,17.8201,16.5652,15.9571
1987-06-01 00:00:00,2,18.467,17.8201,17.8201,18.467,17.8201,17.8201,17.1861,26.4586,29.7716,31.5114,28.0875,38.0445,23.3647,19.8001,19.127,18.467,18.467,17.8201,17.8201,17.8201,17.1861,17.8201,17.8201,18.467,18.467,19.127,18.467,18.467,17.8201,17.8201,
1987-05-01 00:00:00,2,27.2662,27.2662,27.2662,20.4864,15.9571,17.1861,15.9571,15.9571,15.9571,15.9571,15.9571,15.9571,21.8988,35.1594,25.6647,15.9571,15.9571,15.9571,16.5652,19.127,17.8201,17.1861,17.1861,17.1861,17.8201,15.9571,15.9571,15.9571,16.5652,17.1861,16.5652
1987-04-01 00:00:00,2,24.1178,23.3647,23.3647,23.3647,24.1178,23.3647,24.1178,25.6647,24.1178,23.3647,23.3647,26.4586,43.1409,40.0397,40.0397,21.8988,23.3647,22.625,22.625,22.625,23.3647,22.625,22.625,22.625,23.3647,22.625,24.8845,34.2262,20.4864,17.1861,
1987-03-01 00:00:00,2,45.2813,46.3735,40.0397,31.5114,32.4022,31.5114,30.6345,28.0875,24.8845,24.8845,32.4022,37.0685,26.4586,28.0875,30.6345,22.625,23.3647,23.3647,22.625,22.625,22.625,22.625,23.3647,25.6647,27.2662,24.1178,22.625,23.3647,24.1178,24.8845,25.6647
1987-02-01 00:00:00,2,48.6022,50.8902,45.2813,46.3735,45.2813,45.2813,46.3735,46.3735,45.2813,45.2813,47.4805,46.3735,47.4805,46.3735,48.6022,45.2813,46.3735,47.4805,87.7563,99.1889,81.5765,84.6345,74.2084,46.3735,46.3735,45.2813,46.3735,46.3735,,,
1987-01-01 00:00:00,2,237.064,231.369,170.839,130.297,86.1874,89.3412,67.2321,50.8902,48.6022,46.3735,39.0349,28.0875,56.872,86.1874,87.7563,78.582,81.5765,92.5591,67.2321,52.0566,58.1136,56.872,50.8902,50.8902,58.1136,46.3735,46.3735,63.2322,49.7388,45.2813,44.2038
1986-12-01 00:00:00,2,17.8201,19.127,18.467,48.6022,19.127,17.1861,17.1861,18.467,18.467,17.1861,19.8001,21.186,17.8201,19.127,21.186,33.3072,33.3072,30.6345,24.8845,21.8988,22.625,22.625,24.8845,54.4342,77.1084,175.469,260.653,266.754,260.653,254.634,234.206
1986-11-01 00:00:00,2,15.3618,15.9571,15.9571,15.9571,16.5652,17.1861,16.5652,17.1861,21.186,21.186,17.1861,17.1861,19.8001,19.127,18.467,19.127,17.8201,17.1861,17.8201,17.8201,17.1861,17.1861,17.1861,17.1861,17.8201,17.1861,17.1861,17.1861,17.1861,17.1861,
1986-10-01 00:00:00,2,20.4864,20.4864,32.4022,43.1409,43.1409,26.4586,15.9571,15.9571,15.3618,15.9571,15.9571,15.3618,15.9571,15.9571,15.9571,15.9571,15.9571,15.3618,15.9571,15.9571,15.9571,15.9571,16.5652,15.9571,20.4864,21.8988,15.9571,15.9571,15.9571,15.3618,15.3618
1986-09-01 00:00:00,2,24.1178,24.8845,24.1178,23.3647,23.3647,22.625,23.3647,24.1178,22.625,22.625,21.186,19.127,18.467,17.8201,17.8201,17.8201,17.8201,19.127,17.8201,17.1861,17.1861,17.8201,33.3072,24.1178,43.1409,30.6345,29.7716,28.0875,25.6647,24.1178,
1986-08-01 00:00:00,2,17.1861,17.1861,19.8001,17.8201,24.1178,31.5114,28.0875,28.9226,25.6647,24.8845,24.1178,25.6647,25.6647,31.5114,38.0445,40.0397,40.0397,40.0397,40.0397,32.4022,24.1178,42.0926,41.0589,42.0926,43.1409,40.0397,42.0926,42.0926,40.0397,42.0926,39.0349
1986-07-01 00:00:00,2,24.8845,16.5652,23.3647,37.0685,31.5114,24.8845,22.625,19.8001,15.3618,15.9571,15.9571,17.1861,19.8001,17.8201,16.5652,19.8001,15.9571,16.5652,16.5652,15.9571,15.9571,15.9571,15.9571,18.467,33.3072,21.186,21.186,19.127,22.625,19.127,16.5652
1986-06-01 00:00:00,2,25.6647,25.6647,30.6345,30.6345,23.3647,23.3647,23.3647,23.3647,22.625,22.625,23.3647,22.625,22.625,23.3647,22.625,22.625,23.3647,21.186,19.127,18.467,18.467,19.127,18.467,19.127,18.467,19.127,18.467,19.127,19.127,16.5652,
1986-05-01 00:00:00,2,29.7716,29.7716,29.7716,29.7716,28.0875,23.3647,24.8845,24.8845,25.6647,24.8845,25.6647,28.9226,35.1594,41.0589,39.0349,38.0445,28.9226,25.6647,24.1178,24.1178,24.1178,30.6345,31.5114,25.6647,25.6647,26.4586,24.1178,24.8845,25.6647,24.8845,23.3647
1986-04-01 00:00:00,2,18.467,19.127,17.8201,24.8845,34.2262,33.3072,28.0875,24.1178,28.0875,28.0875,30.6345,37.0685,36.1068,32.4022,26.4586,21.8988,28.0875,33.3072,29.7716,29.7716,28.0875,28.9226,28.9226,28.0875,28.0875,28.0875,41.0589,40.0397,39.0349,32.4022,
1986-03-01 00:00:00,2,52.0566,56.872,58.1136,65.8834,69.9759,67.2321,56.872,47.4805,44.2038,36.1068,26.4586,24.8845,26.4586,25.6647,25.6647,25.6647,23.3647,21.8988,25.6647,27.2662,21.8988,21.186,22.625,43.1409,42.0926,27.2662,19.8001,19.8001,19.8001,19.127,18.467
1986-02-01 00:00:00,2,69.9759,58.1136,49.7388,59.3704,67.2321,83.0976,84.6345,81.5765,72.782,61.9296,50.8902,52.0566,56.872,54.4342,61.9296,72.782,80.0713,99.1889,109.622,104.332,86.1874,60.6424,52.0566,52.0566,50.8902,50.8902,52.0566,52.0566,,,
1986-01-01 00:00:00,2,61.9296,78.582,99.1889,80.0713,49.7388,50.8902,65.8834,69.9759,65.8834,74.2084,74.2084,71.3712,74.2084,126.388,161.787,157.365,128.334,95.8416,64.5501,55.6456,63.2322,56.872,50.8902,50.8902,50.8902,50.8902,53.2379,53.2379,77.1084,78.582,72.782
1985-12-01 00:00:00,2,49.7388,47.4805,43.1409,55.6456,54.4342,68.5962,83.0976,59.3704,42.0926,24.1178,23.3647,21.8988,21.186,23.3647,22.625,33.3072,52.0566,39.0349,26.4586,21.8988,24.1178,37.0685,24.8845,23.3647,49.7388,42.0926,47.4805,65.8834,97.5071,100.887,84.6345
1985-11-01 00:00:00,2,31.5114,27.2662,72.782,86.1874,118.77,118.77,60.6424,47.4805,45.2813,36.1068,32.4022,33.3072,25.6647,20.4864,21.186,20.4864,20.4864,19.127,19.127,19.127,18.467,21.186,21.186,20.4864,21.8988,31.5114,42.0926,27.2662,40.0397,49.7388,
1985-10-01 00:00:00,2,37.0685,33.3072,34.2262,32.4022,42.0926,44.2038,40.0397,40.0397,32.4022,41.0589,28.9226,31.5114,33.3072,31.5114,21.8988,20.4864,30.6345,18.467,19.127,47.4805,31.5114,18.467,18.467,18.467,29.7716,46.3735,47.4805,48.6022,44.2038,41.0589,36.1068
1985-09-01 00:00:00,2,32.4022,31.5114,31.5114,31.5114,32.4022,32.4022,38.0445,32.4022,33.3072,31.5114,32.4022,32.4022,31.5114,31.5114,31.5114,32.4022,42.0926,42.0926,25.6647,32.4022,34.2262,43.1409,33.3072,36.1068,46.3735,45.2813,34.2262,34.2262,33.3072,35.1594,
1985-08-01 00:00:00,2,31.5114,33.3072,32.4022,31.5114,31.5114,33.3072,31.5114,33.3072,32.4022,32.4022,32.4022,31.5114,32.4022,32.4022,32.4022,33.3072,32.4022,32.4022,32.4022,33.3072,31.5114,32.4022,32.4022,32.4022,32.4022,32.4022,32.4022,31.5114,32.4022,33.3072,32.4022
1985-07-01 00:00:00,2,31.5114,31.5114,33.3072,30.6345,30.6345,31.5114,31.5114,34.2262,39.0349,34.2262,32.4022,33.3072,31.5114,35.1594,32.4022,33.3072,36.1068,31.5114,33.3072,32.4022,35.1594,36.1068,32.4022,34.2262,32.4022,33.3072,31.5114,33.3072,32.4022,32.4022,32.4022
1985-06-01 00:00:00,2,44.2038,42.0926,42.0926,40.0397,43.1409,44.2038,43.1409,44.2038,34.2262,39.0349,40.0397,43.1409,43.1409,42.0926,41.0589,39.0349,37.0685,32.4022,38.0445,33.3072,32.4022,36.1068,33.3072,37.0685,54.4342,38.0445,39.0349,39.0349,37.0685,33.3072,
1985-05-01 00:00:00,2,36.1068,44.2038,55.6456,54.4342,52.0566,53.2379,53.2379,49.7388,44.2038,39.0349,42.0926,53.2379,49.7388,43.1409,41.0589,46.3735,50.8902,46.3735,48.6022,41.0589,43.1409,44.2038,44.2038,45.2813,45.2813,47.4805,47.4805,46.3735,45.2813,42.0926,44.2038
1985-04-01 00:00:00,2,90.9421,63.2322,56.872,52.0566,54.4342,50.8902,60.6424,71.3712,63.2322,61.9296,53.2379,53.2379,48.6022,46.3735,41.0589,42.0926,42.0926,30.6345,28.9226,28.9226,30.6345,31.5114,32.4022,31.5114,33.3072,35.1594,28.0875,28.9226,29.7716,28.0875,
1985-03-01 00:00:00,2,128.334,140.367,99.1889,77.1084,97.5071,106.079,92.5591,87.7563,83.0976,99.1889,97.5071,78.582,150.862,138.319,90.9421,107.842,104.332,148.729,159.567,116.907,104.332,94.1923,84.6345,87.7563,92.5591,63.2322,72.782,56.872,56.872,90.9421,128.334
1985-02-01 00:00:00,2,726.349,621.297,558.81,257.633,86.1874,86.1874,95.8416,100.887,100.887,92.5591,102.601,128.334,142.432,118.77,138.319,95.8416,67.2321,63.2322,60.6424,59.3704,67.2321,64.5501,77.1084,113.232,104.332,74.2084,115.061,120.649,,,
1985-01-01 00:00:00,2,140.367,94.1923,84.6345,72.782,52.0566,46.3735,41.0589,41.0589,157.365,159.567,142.432,116.907,90.9421,81.5765,69.9759,67.2321,71.3712,102.601,111.419,102.601,102.601,107.842,102.601,100.887,115.061,159.567,285.549,357.268,487.155,397.476,357.268
1984-12-01 00:00:00,2,53.2379,55.6456,55.6456,65.8834,71.3712,55.6456,50.8902,56.872,81.5765,87.7563,122.546,118.77,81.5765,75.6506,60.6424,84.6345,116.907,126.388,84.6345,77.1084,65.8834,54.4342,50.8902,46.3735,36.1068,33.3072,34.2262,67.2321,83.0976,111.419,142.432
1984-11-01 00:00:00,2,28.9226,18.467,28.9226,28.9226,28.9226,17.1861,17.1861,17.1861,18.467,18.467,17.8201,17.8201,17.8201,17.8201,17.8201,18.467,18.467,19.127,17.8201,19.127,30.6345,60.6424,107.842,130.297,116.907,67.2321,50.8902,54.4342,61.9296,63.2322,
1984-10-01 00:00:00,2,36.1068,25.6647,28.9226,19.127,23.3647,19.8001,24.8845,21.8988,23.3647,18.467,17.8201,17.8201,17.8201,17.1861,17.1861,17.1861,17.1861,17.1861,28.9226,32.4022,30.6345,32.4022,30.6345,28.9226,28.9226,31.5114,28.0875,28.0875,29.7716,29.7716,29.7716
1984-09-01 00:00:00,2,27.2662,21.8988,16.5652,31.5114,25.6647,23.3647,24.8845,38.0445,48.6022,42.0926,36.1068,37.0685,39.0349,38.0445,41.0589,43.1409,42.0926,41.0589,22.625,31.5114,31.5114,40.0397,28.0875,28.0875,31.5114,35.1594,36.1068,36.1068,41.0589,35.1594,
1984-08-01 00:00:00,2,17.8201,17.1861,17.1861,17.8201,16.5652,17.8201,17.8201,17.1861,17.8201,16.5652,15.9571,28.9226,20.4864,17.8201,15.9571,15.9571,16.5652,16.5652,19.8001,15.9571,17.8201,28.0875,16.5652,16.5652,17.8201,19.8001,16.5652,17.1861,16.5652,18.467,17.1861
1984-07-01 00:00:00,2,18.467,18.467,18.467,17.8201,17.8201,18.467,18.467,18.467,18.467,18.467,18.467,18.467,18.467,18.467,18.467,18.467,18.467,18.467,18.467,18.467,18.467,17.8201,17.1861,17.8201,17.8201,17.8201,17.8201,17.1861,20.4864,17.8201,17.8201
1984-06-01 00:00:00,2,27.2662,21.186,18.467,19.127,24.1178,36.1068,31.5114,25.6647,19.8001,18.467,18.467,21.186,29.7716,24.1178,20.4864,18.467,17.8201,17.8201,17.1861,18.467,18.467,18.467,17.8201,17.8201,17.8201,18.467,18.467,18.467,18.467,18.467,
1984-05-01 00:00:00,2,23.3647,22.625,21.8988,21.186,20.4864,30.6345,22.625,21.186,21.8988,31.5114,32.4022,29.7716,31.5114,30.6345,31.5114,29.7716,31.5114,32.4022,29.7716,31.5114,29.7716,31.5114,29.7716,30.6345,28.9226,26.4586,27.2662,26.4586,30.6345,30.6345,25.6647
1984-04-01 00:00:00,2,19.4594,18.7941,18.1472,18.7941,19.4594,18.7941,18.1472,18.1472,17.6933,17.6933,17.6933,17.6933,27.6832,36.6533,35.6902,36.6533,37.6312,38.6242,36.6533,35.6902,21.8988,30.6345,21.8988,21.186,21.186,21.186,22.625,31.5114,22.625,30.6345,
1984-03-01 00:00:00,2,33.8086,31.0964,28.5149,29.361,19.4594,23.7369,23.7369,21.5365,22.2562,22.2562,20.8306,20.8306,20.8306,20.8306,22.2562,24.4981,20.8306,21.5365,20.8306,18.7941,18.7941,20.8306,22.2562,23.7369,19.4594,20.8306,20.1382,17.6933,17.247,17.6933,21.5365
1984-02-01 00:00:00,2,48.2448,51.7301,57.8549,59.1278,54.1323,48.2448,61.7219,60.4168,57.8549,55.3572,48.2448,48.2448,39.6321,43.8157,51.7301,47.1143,45.9993,48.2448,52.9233,50.5526,49.3909,50.5526,47.1143,51.7301,61.7219,54.1323,33.8086,22.9896,21.5365,,
1984-01-01 00:00:00,2,88.0399,88.0399,69.8952,60.4168,78.6641,78.6641,78.6641,71.315,67.1052,65.7349,65.7349,56.5981,56.5981,69.8952,51.7301,43.8157,67.1052,56.5981,55.3572,49.3909,57.8549,56.5981,68.492,60.4168,59.1278,59.1278,60.4168,59.1278,57.8549,59.1278,55.3572
1983-12-01 00:00:00,2,63.0433,61.7219,74.2045,98.0338,83.2755,72.7514,60.4168,60.4168,68.492,81.7214,101.504,133.879,159.914,159.914,164.516,117.997,178.777,153.153,159.914,131.83,144.401,142.26,127.787,127.787,125.793,133.879,138.033,138.033,135.947,117.997,89.6624
1983-11-01 00:00:00,2,51.7301,41.6935,64.3809,77.1608,80.1843,75.6743,50.5526,44.8998,50.5526,55.3572,50.5526,68.492,74.2045,116.093,129.799,135.947,131.83,94.6332,72.7514,114.207,155.388,153.153,162.205,112.339,103.266,91.302,78.6641,63.0433,94.6332,80.1843,
1983-10-01 00:00:00,2,48.2448,47.1143,45.9993,57.8549,68.492,63.0433,55.3572,55.3572,55.3572,57.8549,56.5981,57.8549,59.1278,65.7349,96.3248,91.302,89.6624,91.302,96.3248,92.9589,71.315,84.8465,96.3248,117.997,119.919,117.997,106.842,74.2045,77.1608,75.6743,68.492
1983-09-01 00:00:00,2,29.361,31.0964,31.0964,35.6902,36.6533,40.6552,45.9993,45.9993,45.9993,45.9993,44.8998,44.8998,43.8157,43.8157,43.8157,43.8157,43.8157,43.8157,43.8157,43.8157,50.5526,61.7219,60.4168,56.5981,59.1278,60.4168,59.1278,55.3572,55.3572,54.1323,
1983-08-01 00:00:00,2,36.6533,36.6533,37.6312,25.2732,17.6933,19.4594,18.7941,19.4594,31.0964,57.8549,72.7514,61.7219,50.5526,21.5365,35.6902,35.6902,35.6902,27.6832,21.5365,27.6832,35.6902,27.6832,35.6902,35.6902,35.6902,33.8086,24.4981,17.247,17.247,29.361,28.5149
1983-07-01 00:00:00,2,56.5981,43.8157,38.6242,39.6321,38.6242,37.6312,37.6312,37.6312,37.6312,36.6533,38.6242,37.6312,37.6312,37.6312,37.6312,37.6312,37.6312,37.6312,43.8157,57.8549,60.4168,59.1278,56.5981,59.1278,57.8549,71.315,57.8549,47.1143,36.6533,37.6312,37.6312
1983-06-01 00:00:00,2,176.352,135.947,157.641,83.2755,91.302,84.8465,81.7214,69.8952,60.4168,61.7219,60.4168,60.4168,61.7219,54.1323,60.4168,69.8952,60.4168,60.4168,57.8549,51.7301,56.5981,55.3572,56.5981,57.8549,59.1278,63.0433,49.3909,52.9233,69.8952,57.8549,
1983-05-01 00:00:00,2,67.1052,65.7349,64.3809,60.4168,52.9233,54.1323,61.7219,55.3572,69.8952,81.7214,60.4168,52.9233,54.1323,54.1323,54.1323,57.8549,61.7219,55.3572,51.7301,55.3572,64.3809,64.3809,56.5981,52.9233,52.9233,57.8549,55.3572,52.9233,61.7219,94.6332,135.947
1983-04-01 00:00:00,2,69.8952,57.8549,57.8549,57.8549,59.1278,60.4168,77.1608,155.388,127.787,88.0399,148.74,148.74,144.401,162.205,144.401,112.339,71.315,68.492,68.492,60.4168,52.9233,69.8952,80.1843,101.504,131.83,108.657,96.3248,101.504,99.7603,81.7214,
1983-03-01 00:00:00,2,75.6743,64.3809,63.0433,63.0433,84.8465,125.793,114.207,94.6332,81.7214,67.1052,64.3809,63.0433,60.4168,60.4168,60.4168,60.4168,60.4168,60.4168,61.7219,60.4168,61.7219,121.858,129.799,119.919,92.9589,77.1608,52.9233,64.3809,112.339,110.489,101.504
1983-02-01 00:00:00,2,157.641,159.914,159.914,153.153,129.799,108.657,88.0399,81.7214,71.315,91.302,138.033,148.74,144.401,108.657,101.504,92.9589,91.302,129.799,155.388,153.153,81.7214,75.6743,54.1323,88.0399,89.6624,91.302,92.9589,89.6624,,,
1983-01-01 00:00:00,2,155.388,155.388,159.914,142.26,110.489,96.3248,83.2755,110.489,116.093,117.997,119.919,119.919,140.137,155.388,162.205,153.153,150.937,162.205,183.685,186.167,178.777,157.641,155.388,162.205,164.516,157.641,157.641,162.205,159.914,155.388,159.914
1982-12-01 00:00:00,2,48.2448,31.9859,31.9859,33.8086,32.8899,31.0964,31.9859,54.1323,57.8549,52.9233,52.9233,42.7469,31.9859,31.9859,31.9859,34.742,52.9233,55.3572,52.9233,55.3572,57.8549,59.1278,65.7349,84.8465,114.207,114.207,116.093,117.997,112.339,112.339,133.879
1982-11-01 00:00:00,2,28.5149,26.8657,25.2732,32.8899,26.8657,31.0964,36.6533,34.742,21.5365,31.9859,35.6902,32.8899,33.8086,48.2448,49.3909,50.5526,52.9233,49.3909,41.6935,41.6935,54.1323,54.1323,49.3909,48.2448,49.3909,48.2448,47.1143,49.3909,48.2448,48.2448,
1982-10-01 00:00:00,2,35.6902,34.742,20.1382,80.1843,63.0433,65.7349,52.9233,52.9233,30.2215,28.5149,28.5149,28.5149,27.6832,26.8657,50.5526,51.7301,50.5526,48.2448,48.2448,48.2448,48.2448,49.3909,51.7301,49.3909,41.6935,25.2732,55.3572,59.1278,29.361,28.5149,28.5149
1982-09-01 00:00:00,2,22.2562,20.8306,20.8306,21.5365,21.5365,20.8306,20.8306,20.8306,26.8657,35.6902,35.6902,35.6902,33.8086,35.6902,35.6902,35.6902,35.6902,35.6902,33.8086,35.6902,39.6321,45.9993,33.8086,33.8086,31.0964,21.5365,32.8899,35.6902,33.8086,33.8086,
1982-08-01 00:00:00,2,15.5354,19.4594,19.4594,22.2562,22.2562,22.9896,22.2562,22.2562,22.2562,19.4594,21.5365,20.8306,21.5365,21.5365,21.5365,20.8306,20.8306,20.8306,20.8306,20.8306,20.8306,20.8306,20.8306,23.7369,38.6242,20.8306,20.8306,22.2562,21.5365,21.5365,22.2562
1982-07-01 00:00:00,2,33.8086,33.8086,35.6902,35.6902,34.742,35.6902,35.6902,35.6902,35.6902,35.6902,31.9859,26.8657,28.5149,28.5149,28.5149,28.5149,28.5149,28.5149,28.5149,28.5149,28.5149,28.5149,28.5149,28.5149,28.5149,28.5149,28.5149,28.5149,28.5149,26.8657,15.5354
1982-06-01 00:00:00,2,33.8086,34.742,34.742,35.6902,35.6902,35.6902,35.6902,35.6902,35.6902,34.742,33.8086,33.8086,33.8086,33.8086,33.8086,33.8086,28.5149,34.742,33.8086,33.8086,33.8086,34.742,34.742,35.6902,35.6902,34.742,35.6902,34.742,33.8086,33.8086,
1982-05-01 00:00:00,2,52.9233,55.3572,54.1323,54.1323,47.1143,39.6321,39.6321,39.6321,39.6321,39.6321,39.6321,39.6321,38.6242,35.6902,35.6902,35.6902,35.6902,35.6902,32.8899,29.361,33.8086,34.742,35.6902,35.6902,35.6902,29.361,31.9859,35.6902,35.6902,35.6902,34.742
1982-04-01 00:00:00,2,56.5981,56.5981,57.8549,57.8549,52.9233,51.7301,55.3572,54.1323,52.9233,52.9233,55.3572,55.3572,55.3572,55.3572,55.3572,56.5981,51.7301,43.8157,43.8157,42.7469,41.6935,41.6935,41.6935,41.6935,41.6935,41.6935,31.9859,39.6321,32.8899,36.6533,
1982-03-01 00:00:00,2,60.4168,60.4168,60.4168,57.8549,57.8549,57.8549,57.8549,57.8549,57.8549,60.4168,61.7219,60.4168,59.1278,57.8549,55.3572,55.3572,50.5526,48.2448,37.6312,41.6935,48.2448,48.2448,48.2448,44.8998,48.2448,48.2448,48.2448,45.9993,44.8998,38.6242,37.6312
1982-02-01 00:00:00,2,77.1608,65.7349,65.7349,63.0433,65.7349,99.7603,135.947,119.919,105.045,72.7514,60.4168,57.8549,57.8549,57.8549,41.6935,41.6935,57.8549,57.8549,57.8549,57.8549,57.8549,56.5981,55.3572,55.3572,55.3572,55.3572,55.3572,59.1278,,,
1982-01-01 00:00:00,2,50.5526,50.5526,65.7349,133.879,201.471,206.729,183.685,157.641,155.388,155.388,157.641,155.388,142.26,64.3809,60.4168,60.4168,60.4168,60.4168,60.4168,60.4168,60.4168,63.0433,65.7349,106.842,114.207,146.561,146.561,131.83,119.919,103.266,88.0399
1981-12-01 00:00:00,2,91.302,83.2755,68.492,68.492,68.492,68.492,68.492,49.3909,48.2448,52.9233,52.9233,54.1323,57.8549,60.4168,60.4168,61.7219,96.3248,94.6332,92.9589,94.6332,94.6332,92.9589,91.302,54.1323,54.1323,55.3572,55.3572,52.9233,52.9233,52.9233,50.5526
1981-11-01 00:00:00,2,42.7469,40.6552,40.6552,47.1143,47.1143,37.6312,37.6312,37.6312,47.1143,47.1143,49.3909,31.9859,92.9589,89.6624,89.6624,72.7514,48.2448,48.2448,48.2448,56.5981,88.0399,78.6641,91.302,98.0338,28.5149,50.5526,96.3248,98.0338,89.6624,88.0399,
1981-10-01 00:00:00,2,38.6242,18.7941,18.1472,18.1472,18.1472,26.8657,18.7941,41.6935,41.6935,31.0964,18.1472,18.1472,27.6832,30.2215,22.2562,37.6312,51.7301,36.6533,33.8086,51.7301,41.6935,41.6935,41.6935,41.6935,41.6935,39.6321,41.6935,41.6935,42.7469,41.6935,41.6935
1981-09-01 00:00:00,2,32.8899,22.9896,26.8657,35.6902,35.6902,35.6902,35.6902,35.6902,35.6902,35.6902,27.6832,35.6902,37.6312,37.6312,36.6533,37.6312,37.6312,37.6312,23.7369,23.7369,22.9896,18.1472,18.1472,31.0964,31.0964,20.8306,17.247,17.247,18.1472,39.6321,
1981-08-01 00:00:00,2,20.8306,21.5365,20.8306,20.8306,21.5365,20.8306,20.8306,20.8306,20.8306,25.2732,34.742,25.2732,20.8306,20.8306,20.8306,20.8306,20.1382,19.4594,19.4594,20.1382,20.8306,20.8306,20.8306,20.8306,20.8306,20.8306,20.8306,20.8306,20.8306,37.6312,20.8306
1981-07-01 00:00:00,2,19.4594,25.2732,17.6933,17.247,17.247,16.8081,26.0624,18.1472,16.3765,23.7369,25.2732,16.3765,16.3765,18.1472,20.8306,16.3765,18.1472,16.3765,16.3765,16.3765,16.3765,16.3765,16.3765,16.3765,16.3765,16.3765,16.3765,18.1472,22.9896,20.8306,20.8306
1981-06-01 00:00:00,2,18.1472,18.7941,18.1472,18.1472,18.1472,18.1472,28.5149,37.6312,28.5149,19.4594,18.1472,18.7941,27.6832,37.6312,37.6312,37.6312,28.5149,37.6312,37.6312,37.6312,37.6312,37.6312,37.6312,37.6312,38.6242,38.6242,36.6533,28.5149,29.361,21.5365,
1981-05-01 00:00:00,2,20.8306,20.8306,20.8306,20.8306,19.4594,20.1382,34.742,20.8306,20.8306,20.8306,20.8306,20.8306,20.8306,20.8306,23.7369,20.8306,20.8306,20.8306,18.7941,17.6933,17.247,17.247,17.247,17.247,18.1472,26.8657,18.7941,18.1472,18.1472,18.7941,18.1472
1981-04-01 00:00:00,2,39.6321,39.6321,36.6533,28.5149,28.5149,30.2215,39.6321,39.6321,39.6321,39.6321,36.6533,21.5365,25.2732,37.6312,37.6312,37.6312,20.8306,20.8306,20.8306,20.8306,20.8306,20.8306,20.8306,20.8306,20.8306,20.8306,20.8306,20.8306,20.8306,36.6533,
1981-03-01 00:00:00,2,20.8306,19.4594,19.4594,19.4594,20.8306,21.5365,21.5365,18.1472,19.4594,20.8306,19.4594,26.0624,22.9896,22.2562,22.2562,22.2562,22.2562,22.2562,22.2562,18.7941,26.8657,26.0624,22.9896,21.5365,24.4981,22.2562,20.8306,21.5365,23.7369,22.2562,41.6935
1981-02-01 00:00:00,2,55.3572,54.1323,56.5981,52.9233,52.9233,52.9233,52.9233,54.1323,52.9233,52.9233,52.9233,52.9233,48.2448,80.1843,37.6312,52.9233,52.9233,39.6321,37.6312,30.2215,21.5365,21.5365,38.6242,25.2732,22.9896,17.6933,40.6552,25.2732,,,
1981-01-01 00:00:00,2,74.2045,71.315,68.492,68.492,68.492,63.0433,60.4168,51.7301,51.7301,51.7301,52.9233,52.9233,86.4347,91.302,155.388,148.74,142.26,123.816,74.2045,71.315,71.315,30.2215,72.7514,75.6743,74.2045,59.1278,105.045,162.205,157.641,71.315,56.5981
1980-12-01 00:00:00,2,51.7301,51.7301,56.5981,55.3572,55.3572,169.193,140.137,125.793,119.919,103.266,55.3572,55.3572,60.4168,69.8952,196.292,214.764,188.669,148.74,162.205,159.914,155.388,127.787,71.315,52.9233,52.9233,52.9233,52.9233,52.9233,52.9233,54.1323,68.492
1980-11-01 00:00:00,2,31.9859,30.2215,42.7469,25.2732,17.247,18.1472,18.7941,20.8306,22.2562,20.8306,20.1382,20.8306,50.5526,51.7301,48.2448,48.2448,48.2448,48.2448,47.1143,44.8998,48.2448,48.2448,48.2448,49.3909,52.9233,51.7301,48.2448,48.2448,48.2448,50.5526,
1980-10-01 00:00:00,2,40.6552,27.6832,43.8157,28.5149,30.2215,29.361,20.8306,20.8306,20.8306,20.8306,20.8306,37.6312,31.9859,39.6321,20.1382,18.7941,45.9993,45.9993,28.5149,17.247,17.247,17.247,17.247,39.6321,47.1143,45.9993,38.6242,22.9896,47.1143,45.9993,45.9993
