DataHora,NivelConsistencia,Vazao01,Vazao02,Vazao03,Vazao04,Vazao05,Vazao06,Vazao07,Vazao08,Vazao09,Vazao10,Vazao11,Vazao12,Vazao13,Vazao14,Vazao15,Vazao16,Vazao17,Vazao18,Vazao19,Vazao20,Vazao21,Vazao22,Vazao23,Vazao24,Vazao25,Vazao26,Vazao27,Vazao28,Vazao29,Vazao30,Vazao31
2023-04-01 00:00:00,2,12.8105,12.2149,12.2149,11.631,11.631,11.631,11.631,11.631,12.8105,14.0362,14.0362,12.8105,12.2149,12.2149,13.4177,15.9335,14.6661,13.4177,12.8105,12.2149,12.2149,11.631,11.631,11.0587,11.0587,11.0587,11.0587,14.6661,22.7345,21.2954,
2023-03-01 00:00:00,2,18.5346,18.5346,17.8692,17.8692,17.8692,17.2138,17.2138,18.5346,22.7345,28.872,33.8644,34.7281,29.6812,27.2812,24.9652,20.5904,18.5346,18.5346,17.8692,17.8692,17.2138,17.2138,16.5686,15.3087,14.6661,14.0362,13.4177,13.4177,12.8105,12.8105,12.8105
2023-02-01 00:00:00,2,38.272,31.3272,28.072,27.2812,26.4998,24.9652,24.2121,22.7345,40.0968,37.3727,37.3727,47.7419,45.7793,44.8107,48.7358,51.7682,54.8755,44.8107,36.4823,30.4996,33.8644,31.3272,25.7278,24.2121,23.4685,22.7345,22.0101,20.5904,,,
2023-01-01 00:00:00,2,48.7358,96.4345,64.6398,77.4535,89.9178,100.434,100.434,124.346,144.027,130.275,87.3638,87.3638,81.1122,77.4535,71.5109,77.4535,46.7563,43.8507,41.9565,41.9565,41.0223,41.0223,75.053,69.1888,65.7651,59.1339,52.7957,103.138,103.138,89.9178,58.0571
2022-12-01 00:00:00,2,7.8781,8.3775,9.4135,10.4983,12.2149,12.2149,11.631,11.631,11.0587,9.9499,7.8781,6.9173,7.3913,10.4983,7.8781,7.3913,7.3913,7.8781,9.9499,12.8105,32.1639,30.4996,29.6812,29.6812,28.872,28.872,26.4998,28.872,42.8993,49.7383,48.7358
2022-11-01 00:00:00,2,6.0081,6.0081,6.0081,6.4561,6.4561,6.0081,5.1519,5.1519,5.5733,6.0081,6.4561,6.9173,7.3913,13.4177,14.0362,15.3087,19.2099,14.6661,11.631,9.4135,7.8781,6.9173,6.0081,6.0081,6.4561,6.4561,6.4561,6.0081,6.0081,6.9173,
2022-10-01 00:00:00,2,7.3913,7.3913,6.9173,7.3913,7.8781,9.9499,9.4135,7.8781,7.3913,6.4561,5.1519,5.1519,4.7441,4.7441,4.3502,4.3502,3.6047,3.6047,3.2537,4.7441,6.0081,5.1519,4.3502,3.6047,5.1519,4.3502,4.3502,4.3502,4.7441,4.7441,5.1519
2022-09-01 00:00:00,2,3.9703,3.9703,3.6047,3.6047,3.6047,3.6047,3.6047,3.6047,3.6047,3.6047,3.2537,3.2537,3.2537,3.2537,3.2537,3.2537,3.2537,3.2537,3.2537,3.2537,3.2537,3.2537,3.2537,3.2537,3.6047,3.6047,3.9703,6.0081,7.8781,7.8781,
2022-08-01 00:00:00,2,4.7441,4.7441,4.7441,4.7441,4.7441,4.7441,4.7441,4.7441,4.7441,4.7441,4.7441,5.1519,5.1519,4.7441,4.7441,4.7441,4.7441,4.3502,4.3502,4.3502,4.3502,4.3502,4.3502,3.9703,3.9703,3.9703,3.9703,3.9703,3.9703,3.9703,3.9703
2022-07-01 00:00:00,2,6.9173,6.4561,6.4561,6.4561,6.4561,6.4561,6.4561,6.4561,6.0081,6.0081,6.0081,6.0081,6.0081,6.0081,6.0081,6.0081,6.0081,5.5733,5.5733,5.5733,5.1519,5.1519,5.1519,5.1519,5.1519,5.1519,5.1519,5.1519,4.7441,4.7441,4.7441
2022-06-01 00:00:00,2,7.8781,7.8781,7.8781,7.8781,7.8781,7.3913,7.3913,7.3913,7.3913,7.3913,7.3913,7.3913,7.3913,7.3913,7.3913,7.3913,7.3913,7.3913,7.3913,7.3913,7.3913,7.3913,7.3913,6.9173,6.9173,6.9173,6.9173,6.9173,6.9173,6.9173,
2022-05-01 00:00:00,2,9.9499,9.9499,9.9499,9.9499,9.4135,9.4135,9.4135,9.4135,8.8893,8.8893,8.8893,8.8893,8.8893,8.8893,8.8893,8.8893,9.9499,9.9499,9.4135,9.4135,9.4135,9.4135,9.4135,9.4135,8.8893,8.8893,8.8893,8.3775,8.3775,8.3775,8.3775
2022-04-01 00:00:00,2,14.6661,14.6661,14.6661,14.6661,14.6661,14.6661,14.6661,14.6661,16.5686,16.5686,16.5686,14.6661,13.4177,13.4177,12.2149,12.2149,12.2149,11.0587,11.0587,11.0587,11.0587,11.0587,11.0587,11.0587,10.4983,10.4983,10.4983,10.4983,10.4983,9.9499,
2022-03-01 00:00:00,2,26.4998,24.9652,22.7345,21.2954,20.5904,19.8952,19.2099,18.5346,18.5346,18.5346,18.5346,17.8692,17.8692,17.2138,16.5686,16.5686,15.9335,15.3087,15.3087,14.6661,14.6661,14.6661,14.0362,14.0362,14.0362,14.0362,14.0362,14.0362,15.9335,15.9335,15.3087
2022-02-01 00:00:00,2,33.0096,33.0096,28.872,35.6008,43.8507,35.6008,37.3727,44.8107,58.0571,87.3638,131.775,130.275,101.782,68.0396,47.7419,46.7563,44.8107,43.8507,43.8507,43.8507,41.0223,41.0223,39.18,37.3727,35.6008,32.1639,30.4996,28.872,,,
2022-01-01 00:00:00,2,15.3087,47.7419,83.5899,107.249,99.0936,76.2493,82.3472,130.275,147.16,147.16,131.775,79.8849,72.6838,54.8755,54.8755,50.749,44.8107,48.7358,50.749,52.7957,58.0571,58.0571,54.8755,53.8315,49.7383,44.8107,27.2812,34.7281,33.0096,33.0096,33.8644
2021-12-01 00:00:00,2,9.9499,14.6661,15.9335,17.8692,15.9335,13.4177,17.8692,35.6008,25.7278,22.0101,17.2138,17.2138,17.2138,17.2138,25.7278,26.4998,27.2812,28.872,30.4996,34.7281,30.4996,27.2812,24.2121,21.2954,15.9335,15.9335,12.8105,12.2149,9.9499,11.0587,12.2149
2021-11-01 00:00:00,2,6.9173,6.9173,8.8893,8.3775,7.3913,6.4561,6.0081,6.0081,5.5733,8.3775,15.9335,32.1639,30.4996,28.872,19.2099,13.4177,11.0587,9.9499,8.8893,8.8893,9.9499,9.4135,8.8893,7.8781,7.3913,6.9173,6.9173,7.8781,14.6661,12.8105,
2021-10-01 00:00:00,2,1.5531,1.5531,2.5649,2.7636,2.7636,3.2537,4.3502,5.1519,6.4561,7.3913,9.4135,11.631,12.2149,10.4983,7.8781,7.3913,6.9173,6.4561,9.9499,9.9499,15.9335,19.8952,15.3087,13.4177,12.2149,12.2149,9.4135,8.3775,7.8781,7.3913,6.9173
2021-09-01 00:00:00,2,2.1938,2.1938,2.1938,2.1938,2.1938,2.0211,2.0211,2.0211,1.8569,1.8569,1.8569,1.7009,1.7009,1.5531,1.5531,1.5531,1.5531,1.4132,1.4132,1.4132,1.4132,1.4132,1.2812,1.2812,1.2812,1.2812,1.2812,1.1569,1.1569,1.1569,
2021-08-01 00:00:00,2,2.5649,2.5649,2.5649,2.5649,2.5649,2.5649,2.5649,2.5649,2.5649,2.5649,2.5649,2.5649,2.5649,2.5649,2.5649,2.5649,2.5649,2.7636,2.5649,2.5649,2.5649,2.375,2.375,2.375,2.375,2.375,2.375,2.375,2.1938,2.1938,2.1938
2021-07-01 00:00:00,2,3.2537,3.2537,2.9714,2.9714,2.9714,2.9714,2.9714,2.9714,2.9714,2.9714,2.7636,2.7636,2.7636,2.7636,2.7636,2.7636,2.7636,2.7636,2.7636,2.7636,2.7636,2.7636,2.5649,2.5649,2.5649,2.5649,2.5649,2.5649,2.5649,2.5649,2.5649
2021-06-01 00:00:00,2,4.3502,4.3502,4.7441,5.1519,5.1519,5.1519,4.7441,4.7441,4.7441,4.3502,4.3502,4.3502,3.9703,3.9703,3.9703,3.9703,3.6047,3.6047,3.6047,3.6047,3.6047,3.6047,3.6047,3.6047,3.6047,3.6047,3.2537,3.2537,3.2537,3.2537,
2021-05-01 00:00:00,2,4.7441,4.7441,4.7441,4.3502,4.3502,4.3502,4.3502,4.3502,4.3502,3.9703,3.9703,3.9703,3.9703,3.9703,3.9703,3.9703,3.9703,3.9703,3.9703,3.9703,3.9703,3.6047,3.6047,3.6047,3.6047,3.6047,3.9703,3.9703,3.9703,3.9703,4.3502
2021-04-01 00:00:00,2,8.8893,8.3775,7.8781,7.8781,7.8781,7.3913,7.3913,7.3913,6.9173,6.9173,6.4561,6.4561,6.0081,6.0081,6.0081,6.0081,6.0081,5.5733,5.1519,4.7441,4.7441,5.1519,5.1519,5.1519,5.1519,5.1519,5.1519,4.7441,4.7441,4.7441,
2021-03-01 00:00:00,2,30.4996,22.0101,17.8692,15.9335,14.6661,13.4177,18.5346,28.872,35.6008,34.7281,33.0096,32.1639,19.8952,18.5346,16.5686,17.2138,15.3087,13.4177,12.8105,12.2149,11.631,11.0587,10.4983,9.9499,9.4135,8.8893,8.8893,8.8893,8.3775,9.9499,9.4135
2021-02-01 00:00:00,2,6.0081,6.0081,6.0081,6.0081,6.9173,9.9499,25.7278,35.6008,24.2121,17.2138,25.7278,21.2954,22.7345,23.4685,22.7345,19.2099,16.5686,14.6661,46.7563,47.7419,35.6008,26.4998,24.9652,25.7278,24.2121,19.8952,19.2099,18.5346,,,
2021-01-01 00:00:00,2,19.2099,17.2138,19.2099,19.8952,15.9335,14.6661,13.4177,28.872,22.0101,15.9335,18.5346,32.1639,28.872,18.5346,15.3087,15.3087,15.9335,15.3087,13.4177,12.2149,10.4983,9.4135,8.8893,8.3775,7.8781,7.8781,7.3913,6.9173,6.9173,6.4561,6.4561
2020-12-01 00:00:00,2,4.9788,4.9788,4.9788,4.9788,8.1134,10.8371,12.8188,20.1155,19.5097,20.7285,21.9758,20.7285,18.3197,19.5097,16.0283,14.9276,9.8953,10.8371,11.8118,20.1155,18.3197,12.8188,12.8188,18.3197,27.2257,87.2457,95.2273,74.6217,51.9857,28.0184,21.9758
2020-11-01 00:00:00,2,5.7064,6.8689,5.7064,5.3378,7.2747,6.8689,5.7064,4.9788,8.9872,12.3113,13.3343,12.3113,10.8371,11.3204,10.8371,10.362,8.1134,8.1134,8.9872,9.8953,9.8953,9.8953,8.1134,8.1134,8.5459,7.6896,6.8689,6.0846,5.7064,4.9788,
2020-10-01 00:00:00,2,2.9131,2.9131,2.9131,2.6871,2.6871,2.6871,2.6871,2.6871,2.6871,2.4708,2.4708,2.4708,2.4708,2.4708,2.4708,2.6871,2.6871,2.9131,2.9131,3.1489,3.3945,3.6499,3.9611,3.9611,4.2903,5.7064,7.2747,5.7064,5.7064,4.9788,4.9788
2020-09-01 00:00:00,2,4.2903,3.9611,3.9611,3.9611,3.9611,3.9611,3.9611,3.9611,3.9611,3.9611,3.9611,3.9611,3.9611,3.6499,3.6499,3.6499,3.6499,3.3945,3.3945,3.3945,3.3945,3.6499,3.6499,3.3945,3.3945,3.3945,3.3945,3.1489,3.1489,2.9131,
2020-08-01 00:00:00,2,4.2903,4.2903,4.2903,4.2903,4.2903,4.2903,4.2903,4.2903,4.2903,4.2903,4.2903,4.2903,4.2903,3.9611,3.9611,3.9611,3.9611,3.9611,3.9611,3.9611,3.9611,3.9611,4.2903,4.6295,4.9788,4.9788,4.6295,4.6295,4.2903,4.2903,4.2903
2020-07-01 00:00:00,2,5.7064,5.7064,5.7064,5.3378,5.3378,5.3378,5.3378,5.3378,5.3378,5.3378,5.3378,5.3378,5.3378,4.9788,4.9788,4.9788,4.9788,4.9788,4.9788,4.9788,4.6295,4.6295,4.6295,4.6295,4.6295,4.6295,4.6295,4.6295,4.6295,4.2903,4.2903
2020-06-01 00:00:00,2,7.6896,7.6896,7.6896,7.2747,7.2747,7.2747,7.2747,7.2747,7.2747,7.2747,6.8689,6.8689,6.8689,6.8689,6.8689,6.8689,6.4721,6.4721,6.4721,6.4721,6.4721,6.0846,6.0846,6.0846,6.0846,6.0846,5.7064,5.7064,5.7064,5.7064,
2020-05-01 00:00:00,2,8.9872,8.5459,8.1134,8.1134,8.1134,8.1134,8.1134,8.1134,8.1134,8.1134,8.1134,8.1134,8.1134,8.1134,8.1134,8.1134,8.1134,8.1134,7.6896,7.6896,7.6896,7.6896,8.1134,8.5459,8.9872,8.9872,8.5459,8.5459,8.1134,8.1134,7.6896
2020-04-01 00:00:00,2,20.7285,17.1591,13.8576,12.8188,12.3113,12.3113,11.8118,11.8118,12.8188,13.8576,11.8118,11.8118,11.8118,12.3113,12.3113,12.8188,12.3113,11.3204,11.3204,11.3204,11.8118,11.8118,11.3204,11.3204,10.8371,10.8371,10.362,10.362,9.8953,9.437,
2020-03-01 00:00:00,2,28.0184,31.2873,32.98,35.5913,30.4554,26.4429,29.6333,26.4429,28.0184,26.4429,23.4112,18.3197,16.0283,16.0283,16.0283,14.9276,13.8576,13.8576,15.4741,15.4741,16.0283,17.1591,14.9276,13.8576,12.8188,12.8188,12.3113,11.8118,11.3204,11.8118,19.5097
2020-02-01 00:00:00,2,23.4112,18.9111,24.9071,33.8408,26.4429,24.1541,29.6333,34.7113,40.1336,31.2873,28.0184,45.8938,65.1437,77.078,79.5687,51.9857,37.3798,33.8408,42.0165,34.7113,27.2257,21.9758,28.0184,24.1541,21.9758,23.4112,22.6784,23.4112,26.4429,,
2020-01-01 00:00:00,2,9.204,5.4852,6.0369,6.6031,7.2814,16.4963,19.5109,18.8812,15.9372,16.4963,15.3887,13.2997,9.6184,8.4052,8.7996,8.4052,10.0429,10.9223,13.2997,11.8424,13.8063,15.9372,22.8345,59.0866,115.016,99.3313,84.6527,49.9186,32.98,28.0184,24.9071
2019-12-01 00:00:00,2,6.0369,8.7996,9.6184,10.4775,10.4775,8.7996,12.8036,12.3178,11.3772,11.3772,17.0613,51.2349,65.0779,49.1053,24.2466,15.9372,11.8424,10.4775,10.0429,10.9223,10.4775,8.7996,8.0207,9.204,14.3233,16.4963,10.4775,8.7996,8.0207,7.2814,7.6461
2019-11-01 00:00:00,2,3.6784,4.428,3.9239,3.4374,3.201,3.201,2.9694,3.201,3.6784,3.4374,2.9694,3.4374,3.201,2.9694,3.4374,3.6784,4.1738,4.6863,5.4852,9.6184,10.4775,10.4775,8.4052,8.0207,6.9264,6.0369,5.215,5.215,5.4852,5.4852,
2019-10-01 00:00:00,2,2.9694,2.7428,2.5212,2.345,2.1848,2.0312,1.8841,1.8841,2.0312,2.345,4.1738,3.9239,3.9239,3.6784,3.4374,2.9694,2.7428,2.7428,2.5212,2.345,2.1848,2.1848,2.1848,2.1848,2.1848,2.1848,2.1848,2.1848,2.5212,2.9694,3.6784
2019-09-01 00:00:00,2,2.1848,2.1848,2.1848,2.1848,2.1848,2.0312,2.0312,2.0312,2.0312,1.8841,1.8841,1.8841,1.8841,1.8841,1.8841,1.8841,1.8841,1.8841,1.8841,1.8841,1.8841,1.8841,1.8841,1.8841,1.8841,1.8841,2.9694,3.9239,3.6784,3.4374,
2019-08-01 00:00:00,2,2.9694,2.9694,2.9694,2.9694,2.9694,2.7428,2.7428,2.7428,2.7428,2.7428,2.7428,2.7428,2.5212,2.5212,2.5212,2.5212,2.5212,2.345,2.345,2.345,2.345,2.345,2.345,2.345,2.345,2.345,2.345,2.1848,2.1848,2.1848,2.1848
2019-07-01 00:00:00,2,3.4374,3.4374,3.4374,3.201,3.201,2.9694,2.9694,2.7428,2.7428,2.9694,3.201,3.4374,3.4374,3.201,3.201,3.201,3.201,3.201,3.201,3.201,3.201,3.201,3.201,3.201,3.201,3.201,3.201,3.201,2.9694,2.9694,2.9694
2019-06-01 00:00:00,2,4.428,4.1738,4.1738,4.428,4.428,4.428,4.1738,4.1738,4.1738,4.1738,3.9239,3.9239,3.9239,3.9239,3.9239,3.9239,3.9239,3.9239,3.9239,3.9239,3.9239,3.9239,3.6784,3.6784,3.6784,3.6784,3.6784,3.6784,3.6784,3.4374,
2019-05-01 00:00:00,2,5.4852,5.4852,5.7592,5.4852,5.4852,5.4852,5.4852,5.215,5.215,4.9487,4.9487,4.9487,4.9487,4.9487,4.9487,5.215,5.4852,6.0369,5.7592,5.7592,5.4852,5.215,4.9487,4.9487,4.9487,4.6863,4.6863,4.6863,4.6863,4.428,4.428
2019-04-01 00:00:00,2,4.428,4.428,4.9487,6.0369,6.9264,6.9264,6.6031,6.6031,7.2814,8.0207,8.0207,7.2814,7.2814,6.6031,6.6031,9.6184,16.4963,13.2997,10.4775,8.7996,8.0207,7.2814,6.6031,6.6031,6.6031,6.3182,6.3182,6.0369,5.7592,5.7592,
2019-03-01 00:00:00,2,14.8507,17.0613,20.8051,20.1522,20.1522,17.6564,13.8063,11.3772,10.4775,9.6184,9.6184,14.3233,14.3233,11.8424,12.8036,19.5109,20.1522,18.8812,17.6564,13.2997,13.8063,20.1522,23.5346,20.1522,15.3887,12.3178,10.4775,9.6184,8.7996,8.0207,7.2814
2019-02-01 00:00:00,2,4.6863,4.428,4.1738,4.1738,4.9487,6.0369,16.4963,24.9706,23.5346,22.1463,20.1522,16.4963,14.8507,18.263,22.8345,21.4698,31.1967,37.2901,59.0866,47.0258,43.0032,57.9268,57.9268,41.048,21.4698,15.9372,13.8063,14.3233,,,
2019-01-01 00:00:00,2,27.2144,24.9706,19.5109,16.4963,15.3887,14.3233,9.6184,10.9223,13.8063,12.3178,11.3772,9.6184,8.4052,7.6461,6.6031,6.0369,5.7592,6.9264,7.6461,6.9264,7.6461,6.9264,6.0369,5.4852,5.4852,6.3182,6.6031,6.0369,6.0369,5.4852,4.9487
2018-12-01 00:00:00,2,17.6564,15.3887,21.4698,21.4698,16.4963,12.3178,11.3772,13.2997,15.3887,11.3772,9.6184,8.7996,10.4775,10.0429,8.0207,7.2814,6.6031,6.3182,6.3182,6.0369,6.0369,6.6031,10.4775,11.3772,11.3772,10.4775,9.6184,11.3772,13.8063,17.0613,19.5109
2018-11-01 00:00:00,2,4.1738,5.215,5.7592,5.4852,8.0207,11.8424,8.7996,7.2814,15.3887,25.7065,25.7065,18.8812,11.3772,9.6184,10.4775,8.7996,8.7996,10.0429,8.7996,15.9372,42.0192,78.0332,75.3375,57.9268,39.1438,27.2144,26.4544,21.4698,15.3887,11.3772,
2018-10-01 00:00:00,2,1.8841,1.8841,1.8841,1.8841,1.8841,1.8841,2.1848,2.1848,4.6863,3.9239,3.4374,2.9694,2.9694,2.7428,2.5212,2.9694,3.201,2.9694,2.9694,2.9694,2.9694,2.5212,2.345,2.1848,2.9694,4.428,6.6031,6.3182,5.4852,5.4852,4.9487
2018-09-01 00:00:00,2,1.8841,1.8841,1.7436,1.7436,1.4815,1.3599,1.2443,1.1347,1.1347,1.0311,0.9333,0.8411,1.0311,1.1347,1.3599,1.8841,1.8841,2.1848,2.5212,2.5212,2.1848,2.1848,2.1848,1.8841,1.8841,1.7436,1.7436,1.6094,1.6094,1.6094,
2018-08-01 00:00:00,2,1.4815,1.4815,1.8841,2.345,2.5212,2.9694,2.9694,2.9694,2.9694,2.9694,2.7428,2.5212,2.345,2.345,2.1848,2.1848,2.1848,2.1848,2.1848,2.1848,2.1848,2.1848,2.0312,2.0312,2.0312,2.0312,2.0312,1.8841,1.8841,1.8841,1.8841
2018-07-01 00:00:00,2,2.0312,2.0312,2.0312,2.0312,1.8841,1.8841,1.8841,1.8841,1.8841,1.7436,1.7436,1.7436,1.6094,1.6094,1.6094,1.6094,1.6094,1.6094,1.6094,1.7436,1.7436,1.7436,1.7436,1.7436,1.7436,1.6094,1.6094,1.6094,1.6094,1.6094,1.4815
2018-06-01 00:00:00,2,2.5212,2.5212,2.5212,2.5212,2.5212,2.5212,2.5212,2.5212,2.5212,2.5212,2.345,2.345,2.345,2.345,2.345,2.345,2.345,2.345,2.345,2.345,2.345,2.1848,2.1848,2.1848,2.1848,2.1848,2.1848,2.1848,2.1848,2.0312,
2018-05-01 00:00:00,2,3.201,3.201,3.201,2.9694,2.9694,2.9694,2.7428,2.7428,2.7428,2.5212,2.5212,2.5212,2.5212,2.5212,2.5212,2.5212,2.5212,2.9694,2.9694,2.9694,2.9694,2.9694,2.7428,2.7428,2.7428,2.7428,2.7428,2.5212,2.5212,2.5212,2.5212
2018-04-01 00:00:00,2,4.428,4.428,4.428,4.428,4.428,4.428,4.428,6.6031,5.4852,5.215,4.428,4.428,4.428,4.1738,4.1738,4.1738,5.215,5.4852,4.6863,4.428,4.1738,3.9239,3.9239,3.9239,3.9239,3.9239,3.4374,3.4374,3.4374,3.4374,
2018-03-01 00:00:00,2,12.3178,10.0429,8.7996,14.3233,18.8812,18.8812,13.8063,10.0429,13.8063,17.0613,22.8345,18.8812,10.9223,9.6184,12.3178,8.0207,6.6031,7.6461,8.4052,7.2814,6.6031,8.7996,8.7996,6.9264,6.9264,5.4852,5.4852,5.215,5.215,4.9487,4.9487
2018-02-01 00:00:00,2,16.4963,11.3772,10.0429,8.7996,10.4775,11.3772,16.4963,19.5109,17.6564,10.0429,7.6461,8.7996,9.6184,6.6031,6.0369,6.0369,5.4852,5.4852,5.215,6.0369,6.6031,6.0369,5.7592,6.3182,10.4775,32.03,27.2144,16.4963,,,
2018-01-01 00:00:00,2,16.4963,16.4963,16.4963,15.9372,24.2466,53.4149,52.3186,43.0032,33.7335,20.8051,19.5109,18.8812,17.6564,17.6564,20.1522,23.5346,20.1522,11.8424,10.4775,8.0207,7.2814,6.9264,6.6031,6.9264,10.0429,11.3772,11.3772,11.3772,8.7996,11.3772,16.4963
2017-12-01 00:00:00,2,7.2814,16.4963,23.5346,24.2466,24.9706,29.5671,20.1522,18.8812,19.5109,13.2997,15.3887,13.8063,13.8063,12.3178,10.0429,10.0429,10.0429,10.0429,8.4052,8.4052,8.4052,8.4052,6.3182,6.3182,6.3182,6.6031,6.6031,6.6031,10.9223,11.3772,12.8036
2017-11-01 00:00:00,2,1.6094,2.0312,2.1848,2.345,2.1848,2.0312,2.0312,2.0312,1.8841,1.8841,1.8841,2.9694,5.4852,9.6184,8.4052,6.0369,4.6863,3.9239,3.9239,5.7592,5.4852,8.0207,11.8424,17.0613,13.8063,8.7996,7.2814,7.2814,7.2814,6.6031,
2017-10-01 00:00:00,2,1.2443,1.2443,1.2443,1.8841,4.6863,4.9487,4.428,4.428,3.201,3.201,2.9694,2.7428,2.5212,2.5212,2.1848,2.1848,2.1848,2.0312,2.0312,2.0312,1.2443,1.2443,1.3599,0.9333,0.7546,0.7546,0.7546,1.0311,0.9333,1.1347,1.4815
2017-09-01 00:00:00,2,0.8411,0.6736,0.7546,0.7546,0.7546,0.7546,0.7546,0.8411,0.8411,0.7546,0.7546,0.6736,0.6736,0.4623,0.4623,0.3467,0.3467,0.3467,0.3467,0.3467,0.3467,0.4021,0.4021,0.4623,0.4623,0.9333,0.9333,0.8411,0.7546,1.2443,
2017-08-01 00:00:00,2,0.9333,0.9333,0.9333,0.8411,0.8411,0.8411,0.7546,0.7546,0.7546,0.7546,0.7546,0.6736,0.7546,0.7546,0.6736,0.6736,0.6736,0.5979,0.5275,0.5275,0.5979,0.3467,0.4623,0.3467,0.8411,0.8411,0.8411,0.4623,0.4623,0.4623,0.8411
2017-07-01 00:00:00,2,1.7436,1.6094,1.6094,1.4815,1.3599,1.2443,1.1347,1.1347,1.1347,1.2443,1.2443,1.3599,1.1347,1.2443,1.2443,1.2443,1.3599,1.3599,1.4815,1.4815,1.4815,1.3599,1.3599,1.3599,1.3599,1.2443,1.2443,1.2443,1.1347,1.1347,1.1347
2017-06-01 00:00:00,2,2.0312,2.0312,1.7436,1.6094,1.7436,1.7436,1.8841,1.6094,1.6094,1.6094,1.6094,1.6094,2.1848,2.5212,2.345,2.345,2.1848,2.345,2.345,2.345,2.1848,2.1848,2.0312,1.8841,1.7436,1.7436,1.7436,1.7436,1.7436,1.7436,
2017-05-01 00:00:00,2,2.5212,2.345,2.1848,2.1848,2.0312,1.8841,2.0312,2.1848,2.5212,2.1848,1.8841,1.8841,1.7436,1.7436,1.7436,1.6094,1.6094,1.7436,1.8841,2.345,2.9694,3.4374,3.4374,2.9694,2.9694,2.5212,2.5212,2.1848,2.1848,2.1848,2.0312
2017-04-01 00:00:00,2,2.5212,2.1848,2.1848,2.1848,2.0312,1.8841,1.7436,1.7436,1.7436,1.8841,1.8841,1.7436,1.7436,1.8841,1.8841,1.8841,1.8841,1.8841,1.7436,1.7436,1.6094,1.6094,1.4815,1.4815,1.4815,1.6094,1.6094,1.7436,1.8841,2.0312,
2017-03-01 00:00:00,2,2.345,2.345,2.345,2.5212,2.5212,2.5212,2.5212,2.5212,2.5212,2.9694,2.5212,2.345,2.1848,2.0312,1.8841,1.7436,1.6094,1.4815,2.9694,5.4852,6.0369,5.4852,5.215,4.428,3.4374,2.5212,2.345,2.345,2.1848,2.5212,2.9694
2017-02-01 00:00:00,2,2.5212,2.7428,2.9694,5.4852,8.7996,13.2997,11.3772,6.6031,6.0369,5.7592,5.215,4.428,3.9239,3.9239,3.6784,3.4374,3.201,2.9694,2.9694,2.7428,2.7428,2.5212,2.5212,2.345,2.345,2.345,2.345,2.345,,,
2017-01-01 00:00:00,2,3.4374,3.4374,3.201,2.9694,2.7428,2.9694,4.9487,4.428,4.1738,4.1738,3.9239,4.1738,4.6863,5.4852,6.0369,5.4852,6.0369,6.0369,5.215,4.1738,3.6784,3.4374,3.201,2.9694,3.4374,3.9239,3.9239,3.9239,3.4374,2.9694,2.5212
2016-12-01 00:00:00,2,4.9487,4.6863,4.428,4.428,4.6863,4.9487,5.215,5.4852,6.0369,5.4852,4.6863,4.9487,5.7592,6.9264,8.0207,14.3233,17.0613,17.0613,15.3887,11.8424,8.0207,5.4852,5.215,4.6863,4.6863,4.428,4.1738,3.9239,3.6784,3.4374,3.4374
2016-11-01 00:00:00,2,1.2443,1.2443,1.1347,1.1347,1.2443,1.2443,3.4374,2.7428,2.9694,3.201,3.4374,3.6784,8.7996,12.3178,20.1522,27.9865,29.5671,24.9706,21.4698,18.263,9.6184,7.2814,6.6031,7.2814,8.0207,7.2814,5.4852,5.215,5.215,4.9487,
2016-10-01 00:00:00,2,0.7546,0.8411,1.1347,1.6094,1.8841,2.1848,2.1848,1.8841,1.8841,1.3599,1.3599,1.3599,1.8841,1.8841,1.8841,2.345,2.7428,3.201,3.9239,3.201,2.5212,2.5212,2.5212,2.1848,2.1848,2.0312,1.8841,1.7436,1.6094,1.4815,1.3599
2016-09-01 00:00:00,2,1.3599,1.3599,1.3599,1.6094,1.6094,1.4815,1.4815,1.3599,1.3599,1.2443,1.2443,1.2443,1.1347,1.1347,1.1347,1.0311,1.0311,0.9333,0.8411,0.8411,0.7546,0.7546,0.7546,0.6736,0.6736,0.7546,0.9333,0.9333,0.7546,0.7546,
2016-08-01 00:00:00,2,2.0312,2.0312,2.0312,2.0312,2.0312,1.8841,1.8841,1.8841,1.8841,1.8841,1.8841,1.7436,1.7436,1.7436,1.6094,1.6094,1.7436,1.7436,1.7436,1.7436,1.6094,1.6094,1.6094,1.6094,1.6094,1.6094,1.6094,1.6094,1.4815,1.4815,1.4815
2016-07-01 00:00:00,2,2.9694,2.9694,2.9694,2.9694,2.7428,2.7428,2.7428,2.7428,2.7428,2.5212,2.5212,2.5212,2.5212,2.345,2.345,2.345,2.345,2.345,2.1848,2.1848,2.1848,2.1848,2.1848,2.1848,2.1848,2.0312,2.0312,2.0312,2.0312,2.0312,2.0312
2016-06-01 00:00:00,2,2.9694,3.9239,5.215,8.7996,8.7996,8.4052,7.2814,5.4852,5.4852,4.6863,3.9239,3.9239,3.4374,3.201,3.201,3.201,3.4374,3.4374,3.4374,3.4374,3.201,3.201,3.201,2.9694,2.9694,2.9694,2.9694,2.9694,2.9694,2.9694,
2016-05-01 00:00:00,2,4.1738,4.428,4.9487,4.428,4.1738,4.1738,3.9239,3.6784,3.4374,3.4374,3.201,3.201,3.4374,3.4374,3.201,3.201,3.201,3.201,3.201,3.201,3.201,3.201,3.201,3.201,2.9694,3.201,3.201,2.9694,2.9694,2.9694,2.9694
2016-04-01 00:00:00,2,6.0369,5.7592,5.4852,5.215,5.215,4.9487,4.9487,4.6863,4.6863,4.428,4.1738,4.1738,3.9239,3.9239,3.9239,3.9239,3.6784,3.6784,3.6784,3.6784,3.6784,3.6784,3.4374,3.4374,3.4374,3.4374,3.4374,3.4374,3.4374,3.9239,
2016-03-01 00:00:00,2,22.8345,25.7065,21.4698,13.2997,17.6564,18.8812,13.8063,11.3772,13.8063,10.4775,9.6184,8.0207,8.7996,9.6184,11.8424,10.9223,9.204,8.0207,7.6461,7.2814,6.6031,6.6031,6.0369,6.6031,8.7996,8.4052,7.2814,6.9264,7.2814,6.3182,6.3182
2016-02-01 00:00:00,2,32.03,17.6564,17.6564,13.2997,11.3772,10.9223,10.4775,10.0429,10.4775,10.0429,8.4052,7.6461,12.3178,11.3772,10.4775,8.7996,9.204,14.8507,28.7707,27.2144,24.9706,15.9372,11.8424,14.3233,13.2997,14.3233,12.8036,12.8036,12.8036,,
2016-01-01 00:00:00,2,6.6031,6.3182,7.6461,17.6564,18.8812,12.3178,9.6184,6.9264,13.8063,17.6564,17.6564,16.4963,17.6564,31.1967,51.2349,75.3375,95.3226,114.553,137.624,114.553,121.402,96.8504,74.0093,55.6454,40.0895,26.4544,16.4963,18.263,33.7335,50.1639,47.0258
2015-12-01 00:00:00,2,4.9487,6.3182,8.0207,20.1522,16.4963,13.2997,8.4052,6.6031,6.0369,6.0369,6.6031,8.0207,10.4775,27.2144,18.8812,12.3178,13.2997,18.8812,18.263,17.6564,14.3233,15.3887,13.2997,9.6184,6.9264,6.0369,6.0369,17.0613,15.3887,9.204,7.2814
2015-11-01 00:00:00,2,2.345,2.5212,2.7428,2.7428,2.5212,2.5212,2.345,2.5212,2.9694,2.9694,3.201,3.201,3.201,3.201,3.201,2.9694,7.2814,8.0207,8.7996,8.0207,8.7996,9.6184,8.0207,6.6031,8.7996,8.7996,6.9264,6.6031,5.215,4.428,
2015-10-01 00:00:00,2,1.8841,1.8841,1.7436,1.7436,1.7436,1.6094,1.7436,1.6094,1.6094,1.4815,1.3599,1.3599,1.2443,1.1347,1.0311,0.9333,1.0311,1.1347,1.2443,1.3599,1.6094,1.6094,1.7436,1.7436,1.8841,1.8841,1.8841,2.9694,3.9239,3.9239,2.9694
2015-09-01 00:00:00,2,1.1347,1.1347,1.1347,1.1347,1.1347,1.1347,1.1347,1.4815,3.9239,6.3182,8.0207,6.3182,6.0369,5.4852,4.9487,4.428,3.9239,3.4374,3.201,2.9694,2.7428,2.5212,2.345,2.1848,2.1848,2.0312,2.0312,1.8841,1.8841,1.8841,
2015-08-01 00:00:00,2,1.7436,1.7436,1.6094,1.6094,1.6094,1.6094,1.6094,1.4815,1.4815,1.4815,1.4815,1.3599,1.3599,1.3599,1.3599,1.3599,1.3599,1.3599,1.1347,1.1347,1.1347,1.1347,1.1347,1.1347,1.0311,1.0311,1.1347,1.1347,1.2443,1.2443,1.1347
2015-07-01 00:00:00,2,2.345,2.345,2.345,2.345,2.345,2.345,2.345,2.345,2.345,2.345,2.1848,2.1848,2.1848,2.1848,2.0312,2.0312,2.0312,2.0312,1.8841,1.8841,1.8841,1.7436,1.7436,1.6094,1.6094,1.6094,1.7436,1.8841,1.7436,1.7436,1.7436
2015-06-01 00:00:00,2,3.6784,3.9239,4.6863,4.9487,5.215,5.4852,5.215,4.6863,4.1738,3.4374,3.4374,3.201,2.9694,2.9694,2.9694,2.9694,2.9694,2.9694,2.7428,2.7428,2.7428,2.7428,2.7428,2.5212,2.5212,2.5212,2.5212,2.5212,2.345,2.345,
2015-05-01 00:00:00,2,4.428,4.428,4.428,4.1738,4.1738,4.428,4.6863,4.6863,4.9487,4.9487,5.4852,5.4852,4.9487,4.9487,4.9487,4.6863,4.428,4.1738,4.1738,4.1738,4.428,4.428,4.428,4.1738,4.1738,3.9239,3.9239,3.6784,3.4374,3.4374,3.201
2015-04-01 00:00:00,2,9.6184,9.6184,8.7996,8.7996,8.0207,8.0207,7.2814,7.2814,6.6031,6.3182,6.0369,6.0369,5.7592,5.4852,5.215,4.9487,4.9487,4.9487,4.9487,4.9487,4.9487,4.9487,4.9487,5.215,4.9487,4.6863,4.6863,4.6863,4.6863,4.428,
2015-03-01 00:00:00,2,4.9487,4.9487,4.6863,4.1738,4.1738,5.215,6.3182,7.6461,8.0207,11.8424,26.4544,32.03,24.9706,18.8812,13.2997,9.204,8.7996,20.1522,35.4868,42.0192,17.6564,14.3233,15.3887,16.4963,22.1463,20.1522,15.3887,11.8424,12.3178,11.3772,10.4775
2015-02-01 00:00:00,2,8.7996,8.7996,8.4052,7.6461,7.6461,8.0207,8.7996,11.3772,53.4149,43.0032,20.1522,14.3233,10.9223,7.2814,6.3182,6.6031,8.0207,8.4052,14.8507,19.5109,14.8507,8.0207,7.2814,6.3182,6.0369,5.4852,4.9487,4.9487,,,
2015-01-01 00:00:00,2,6.6031,6.3182,5.215,8.0207,8.7996,8.7996,7.2814,6.3182,5.7592,5.4852,5.4852,5.215,4.1738,3.4374,3.4374,3.201,2.7428,2.7428,2.7428,2.5212,2.5212,2.5212,2.5212,2.9694,3.9239,5.7592,13.2997,14.3233,11.3772,10.4775,9.6184
2014-12-01 00:00:00,2,14.3233,12.3178,11.3772,13.2997,18.263,19.5109,22.1463,21.4698,20.1522,18.263,13.8063,13.2997,15.3887,14.8507,12.8036,10.9223,10.4775,11.3772,12.3178,13.2997,13.2997,12.3178,11.8424,10.9223,9.6184,8.4052,7.6461,7.6461,7.2814,7.2814,6.9264
2014-11-01 00:00:00,2,1.234,1.3897,1.3897,1.3897,1.3897,1.5552,1.5552,1.7302,1.7302,1.3897,0.9511,0.9511,0.824,0.824,0.5979,0.5979,0.499,0.4092,0.4092,0.3287,0.3287,0.2573,0.1949,0.1414,0.1949,0.499,0.9511,3.7476,10.0429,14.3233,
2014-10-01 00:00:00,2,0.3287,0.499,0.4092,0.3287,0.2573,0.1949,0.1414,0.0968,0.0608,0.0334,0.0144,0.0034,0,0,0,0,0,0,0.0608,0.0034,0.0334,0.0608,1.5552,1.5552,0.9511,1.0878,1.234,1.3897,1.5552,1.5552,1.234
2014-09-01 00:00:00,2,0,0,0,0,0,0,0,0,0,0,0,0,0,0,0,0,0,0,0,0.0034,0.0034,0.0968,0.499,0.499,0.4092,0.4092,0.4092,0.3287,0.3287,0.3287,
2014-08-01 00:00:00,2,1.3897,1.234,0.9511,0.824,0.824,0.7063,0.5979,0.5979,0.499,0.4092,0.3287,0.2573,0.1949,0.1414,0.1414,0.1414,0.1414,0.0968,0.0968,0.0968,0.0334,0.0334,0.0334,0.0144,0.0144,0.0144,0.0034,0.0034,0.0034,0,0
2014-07-01 00:00:00,2,1.2139,1.0907,1.0907,0.9749,0.9749,1.0907,1.6288,1.7825,1.7825,1.6288,1.6288,1.6288,1.4828,1.4828,1.3445,1.3445,1.3445,1.3445,1.3445,1.3445,1.3445,1.2139,0.9749,0.9749,1.3445,0.9511,1.5552,2.314,2.1096,1.9151,1.5552
2014-06-01 00:00:00,2,2.1138,2.1138,2.1138,1.9442,1.9442,1.9442,1.9442,1.9442,1.7825,1.7825,1.7825,1.7825,1.6288,1.6288,1.6288,1.4828,1.4828,1.3445,1.3445,1.3445,1.4828,1.4828,1.6288,1.6288,1.6288,1.4828,1.4828,1.3445,1.3445,1.2139,
2014-05-01 00:00:00,2,3.5315,3.3037,3.0845,2.8737,2.6713,2.4773,2.4773,2.2915,2.2915,2.1138,2.1138,1.9442,1.9442,1.7825,1.7825,1.7825,1.6288,1.6288,1.6288,1.6288,1.6288,1.6288,1.6288,1.6288,1.7825,2.1138,3.3037,2.8737,2.4773,2.1138,2.1138
2014-04-01 00:00:00,2,2.8737,5.3712,8.1705,8.626,8.1705,7.7273,7.7273,6.8775,6.0767,4.0129,2.8737,2.8737,2.8737,2.8737,3.3037,2.8737,2.6713,2.4773,2.2915,3.5315,4.0129,4.0129,4.2668,4.5295,4.5295,5.0816,4.801,4.2668,4.0129,3.7678,
2014-03-01 00:00:00,2,1.6288,1.9442,2.2915,2.4773,2.6713,2.2915,2.4773,2.6713,3.3037,3.5315,3.5315,3.3037,3.0845,2.8737,2.6713,2.2915,2.1138,1.9442,1.7825,1.6288,1.4828,1.4828,1.3445,1.3445,1.3445,1.2139,1.2139,1.0907,1.0907,0.9749,1.3445
2014-02-01 00:00:00,2,3.5315,3.3037,3.3037,3.5315,3.3037,3.0845,3.0845,2.8737,3.5315,2.6713,2.4773,2.2915,2.1138,1.9442,2.1138,2.6713,2.8737,3.7678,3.7678,3.5315,3.0845,2.8737,2.4773,2.4773,2.2915,2.1138,1.9442,1.7825,,,
2014-01-01 00:00:00,2,11.6155,11.6155,7.7273,6.4709,6.4709,6.0767,6.0767,5.3712,5.0816,5.0816,4.801,4.5295,4.2668,4.2668,4.0129,3.7678,3.7678,4.5295,8.626,10.0658,6.8775,9.5737,9.5737,13.2749,12.7096,9.5737,6.8775,5.6947,5.0816,4.5295,4.0129
2013-12-01 00:00:00,2,4.801,7.2962,11.6155,10.5702,7.7273,6.8775,5.6947,10.5702,9.5737,7.7273,8.1705,26.3232,23.9721,14.442,9.0937,7.7273,6.8775,6.0767,6.0767,5.6947,7.2962,9.0937,12.1565,12.1565,14.442,24.7437,26.3232,38.7322,30.4835,18.9099,13.2749
2013-11-01 00:00:00,2,2.8737,2.6713,2.4773,2.4773,2.4773,2.6713,4.2668,5.3712,6.0767,5.3712,4.5295,4.0129,3.5315,3.5315,2.8737,2.8737,2.4773,2.4773,2.4773,2.2915,1.9442,1.9442,2.1138,2.6713,4.801,6.8775,7.2962,7.7273,5.6947,4.801,
2013-10-01 00:00:00,2,4.0129,4.5295,4.801,5.0816,7.2962,7.2962,5.3712,4.801,4.5295,4.2668,4.2668,3.7678,3.5315,3.3037,3.0845,3.0845,3.0845,5.3712,11.0867,10.5702,9.5737,6.4709,5.3712,4.801,4.2668,3.7678,3.5315,3.5315,3.3037,3.0845,2.8737
2013-09-01 00:00:00,2,1.9442,1.9442,1.7825,1.7825,1.9442,2.4773,2.6713,2.8737,2.4773,2.2915,2.1138,1.7825,1.7825,1.7825,1.6288,1.6288,1.6288,1.6288,1.9442,3.0845,4.5295,4.5295,3.7678,3.5315,3.7678,3.5315,3.5315,3.0845,2.8737,2.8737,
2013-08-01 00:00:00,2,3.7678,3.5315,3.5315,3.3037,3.3037,3.3037,3.0845,3.0845,2.8737,2.8737,2.6713,2.6713,2.4773,2.4773,2.4773,2.4773,2.4773,2.4773,2.4773,2.4773,2.4773,2.2915,2.2915,2.2915,2.2915,2.2915,2.1138,2.1138,2.1138,2.1138,2.1138
2013-07-01 00:00:00,2,4.801,4.801,4.5295,4.5295,4.5295,4.5295,4.2668,4.2668,4.2668,4.2668,4.0129,4.0129,4.0129,4.0129,3.7678,3.7678,3.7678,3.7678,3.7678,3.5315,3.5315,3.5315,3.5315,3.5315,3.5315,3.5315,4.5295,4.2668,4.0129,4.0129,3.7678
2013-06-01 00:00:00,2,22.4652,14.442,7.7273,11.6155,11.0867,10.5702,9.0937,8.1705,7.2962,6.4709,6.4709,6.0767,6.4709,6.4709,6.0767,6.0767,5.6947,5.6947,5.3712,5.3712,5.3712,5.3712,5.0816,5.0816,5.0816,5.0816,4.801,4.801,4.801,4.801,
2013-05-01 00:00:00,2,5.6947,5.6947,5.3712,5.3712,5.3712,5.3712,5.0816,5.0816,5.0816,5.0816,5.0816,4.801,4.801,4.801,4.801,4.801,4.801,4.5295,4.5295,4.5295,4.5295,4.5295,4.2668,4.2668,4.2668,4.2668,4.0129,4.0129,12.1565,19.5967,21.7299
2013-04-01 00:00:00,2,10.0658,8.626,8.1705,8.626,12.1565,30.4835,33.1245,23.2126,21.0067,16.9222,11.6155,11.6155,11.0867,11.0867,10.5702,9.5737,9.0937,8.626,8.1705,8.1705,7.7273,7.2962,6.8775,6.4709,6.4709,6.4709,6.0767,6.0767,6.0767,5.6947,
2013-03-01 00:00:00,2,6.0767,7.7273,18.9099,19.5967,12.7096,8.1705,7.2962,6.8775,6.0767,7.7273,10.5702,26.3232,24.7437,21.0067,11.0867,8.626,7.7273,7.7273,6.8775,6.4709,6.4709,6.4709,6.4709,6.4709,6.8775,6.8775,6.4709,8.1705,15.0438,18.9099,11.6155
2013-02-01 00:00:00,2,31.3518,23.2126,23.2126,18.9099,15.0438,15.6578,30.4835,27.9511,16.2839,12.7096,11.6155,10.5702,8.626,8.1705,7.7273,6.8775,6.8775,6.4709,6.4709,6.0767,6.0767,5.6947,5.3712,5.6947,6.0767,5.3712,5.3712,5.3712,,,
2013-01-01 00:00:00,2,5.0816,4.5295,4.5295,4.0129,4.0129,3.7678,3.3037,4.0129,4.801,6.0767,8.626,13.2749,15.6578,11.6155,12.7096,15.6578,22.4652,26.3232,19.5967,15.0438,10.5702,12.1565,9.5737,7.7273,10.5702,11.0867,15.0438,15.0438,21.0067,27.9511,36.8148
2012-12-01 00:00:00,2,6.0767,6.0767,6.0767,5.3712,5.3712,5.0816,5.0816,4.801,4.5295,4.2668,4.801,5.3712,5.3712,6.0767,7.2962,8.626,10.0658,12.1565,12.1565,11.0867,8.1705,6.8775,6.0767,5.3712,5.3712,4.801,5.0816,6.0767,6.0767,5.3712,5.3712
2012-11-01 00:00:00,2,1.6288,1.6288,1.7825,2.6713,3.3037,4.0129,4.0129,3.5315,3.5315,5.0816,8.1705,10.5702,8.626,6.8775,6.8775,6.4709,10.5702,14.442,9.0937,7.2962,6.8775,6.0767,5.3712,5.3712,4.5295,4.5295,5.3712,6.4709,6.4709,6.0767,
2012-10-01 00:00:00,2,3.7678,3.7678,3.7678,3.5315,3.5315,3.5315,3.3037,3.3037,3.0845,3.0845,2.8737,2.4773,2.4773,2.4773,2.2915,2.2915,2.2915,2.2915,2.2915,2.2915,2.1138,2.1138,2.1138,2.1138,1.9442,1.9442,1.9442,1.7825,1.7825,1.7825,1.6288
2012-09-01 00:00:00,2,4.0129,4.0129,3.7678,3.7678,3.7678,3.7678,3.5315,3.5315,3.5315,3.5315,3.5315,3.5315,3.3037,3.3037,3.3037,3.3037,3.3037,3.0845,3.0845,3.0845,3.0845,3.0845,4.2668,4.5295,4.2668,4.0129,4.0129,4.0129,4.0129,3.7678,
2012-08-01 00:00:00,2,5.6947,5.6947,5.6947,5.3712,5.3712,5.3712,5.3712,5.3712,5.3712,5.3712,5.3712,5.3712,5.3712,5.0816,5.0816,5.0816,5.0816,4.801,4.801,4.801,4.801,4.801,4.801,4.5295,4.5295,4.5295,4.5295,4.5295,4.2668,4.2668,4.0129
2012-07-01 00:00:00,2,8.1705,8.1705,7.7273,7.7273,7.2962,7.2962,7.2962,7.2962,7.2962,7.2962,6.8775,6.8775,6.8775,6.8775,6.4709,6.4709,6.4709,6.4709,6.4709,6.4709,6.4709,6.4709,6.4709,6.4709,6.0767,6.0767,6.0767,6.0767,6.0767,5.6947,5.6947
2012-06-01 00:00:00,2,8.1705,8.1705,8.1705,8.1705,8.1705,10.5702,18.9099,16.2839,13.8524,12.7096,10.5702,9.5737,9.0937,8.626,8.1705,8.1705,8.1705,8.1705,7.7273,7.7273,8.1705,8.1705,8.626,9.0937,9.0937,9.5737,9.5737,9.0937,8.626,8.626,
2012-05-01 00:00:00,2,10.0658,10.0658,10.0658,9.5737,9.5737,9.5737,9.0937,9.0937,8.626,8.1705,8.1705,8.1705,8.1705,8.1705,9.5737,10.5702,11.0867,9.5737,9.0937,8.626,8.1705,8.1705,8.1705,8.1705,9.5737,10.0658,11.0867,11.0867,9.5737,8.626,8.1705
2012-04-01 00:00:00,2,38.7322,26.3232,15.6578,15.0438,14.442,13.8524,13.2749,12.7096,12.7096,11.6155,11.6155,11.0867,10.5702,10.0658,10.0658,9.5737,9.5737,12.1565,11.0867,10.0658,10.0658,10.0658,10.0658,10.0658,9.5737,9.5737,10.0658,10.5702,10.5702,10.0658,
2012-03-01 00:00:00,2,11.0867,11.0867,10.5702,10.5702,10.0658,10.0658,10.0658,10.0658,9.5737,9.5737,9.5737,9.5737,10.5702,10.5702,10.0658,15.6578,15.0438,12.7096,12.1565,12.1565,11.6155,11.6155,11.6155,14.442,15.6578,16.2839,12.7096,11.6155,12.7096,18.9099,24.7437
2012-02-01 00:00:00,2,27.1311,24.7437,20.2956,18.2352,16.9222,16.2839,15.6578,15.0438,14.442,15.0438,17.5726,18.9099,27.1311,31.3518,25.5274,18.2352,16.2839,15.6578,15.0438,14.442,13.8524,13.2749,12.7096,14.442,14.442,13.2749,12.1565,11.6155,11.6155,,
2012-01-01 00:00:00,2,90.0919,123.444,264.821,187.274,105.431,78.6803,71.9365,64.239,60.552,90.0919,129.688,107.03,77.3076,55.8037,42.7115,42.7115,38.7322,36.8148,34.9455,34.029,32.2321,30.4835,27.9511,24.7437,22.4652,21.7299,21.0067,21.7299,24.7437,27.1311,27.9511
2011-12-01 00:00:00,2,11.0867,9.5737,8.626,8.626,9.0937,11.0867,14.442,22.4652,29.6273,33.1245,37.7675,34.9455,28.7831,21.7299,23.9721,37.7675,73.2614,61.769,68.0339,107.03,71.9365,46.8834,29.6273,32.2321,33.1245,34.9455,38.7322,59.3469,68.0339,71.9365,78.6803
2011-11-01 00:00:00,2,6.0767,6.0767,6.0767,5.6947,5.6947,5.3712,5.3712,5.0816,5.0816,4.801,5.0816,5.3712,7.7273,10.0658,14.442,18.2352,20.2956,15.0438,12.1565,5.6947,7.7273,7.2962,7.2962,6.8775,6.8775,6.4709,7.7273,12.7096,12.1565,11.6155,
2011-10-01 00:00:00,2,4.0129,4.0129,4.0129,4.2668,4.801,5.3712,5.3712,5.0816,4.801,4.5295,4.5295,5.0816,7.2962,7.2962,7.7273,11.0867,16.9222,13.2749,15.0438,11.0867,9.5737,8.626,7.2962,9.0937,10.5702,8.626,9.0937,7.2962,6.4709,6.0767,5.6947
2011-09-01 00:00:00,2,4.5295,4.5295,4.5295,4.2668,4.2668,4.2668,4.2668,4.0129,4.0129,4.0129,4.0129,4.0129,3.7678,3.7678,3.7678,3.7678,3.7678,4.0129,4.0129,4.0129,4.0129,4.2668,4.2668,4.2668,4.2668,4.2668,4.2668,4.0129,4.0129,4.0129,
2011-08-01 00:00:00,2,6.4709,6.4709,6.0767,6.0767,6.0767,6.0767,6.0767,6.0767,6.0767,5.6947,5.6947,5.6947,5.6947,5.6947,5.3712,5.3712,5.3712,5.3712,5.3712,5.0816,5.0816,5.0816,5.0816,5.0816,4.801,4.801,4.801,4.801,4.801,4.5295,4.5295
2011-07-01 00:00:00,2,8.1705,8.1705,8.1705,8.1705,8.1705,7.7273,7.7273,7.7273,7.7273,7.7273,7.2962,7.2962,6.8775,6.8775,6.8775,6.8775,6.8775,6.8775,6.8775,6.4709,6.4709,6.4709,6.4709,6.4709,6.4709,6.4709,6.8775,6.8775,6.4709,6.4709,6.4709
2011-06-01 00:00:00,2,9.5737,9.5737,9.5737,9.5737,9.5737,9.5737,9.0937,9.0937,9.0937,11.0867,12.7096,11.0867,10.5702,10.0658,9.5737,9.5737,9.5737,9.5737,9.0937,9.0937,9.0937,9.0937,9.0937,8.626,8.626,8.626,8.626,8.626,8.626,8.1705,
2011-05-01 00:00:00,2,12.7096,12.7096,12.7096,12.1565,12.1565,12.1565,12.1565,11.6155,11.6155,11.0867,11.0867,11.0867,11.0867,10.5702,10.5702,10.5702,11.0867,11.0867,11.0867,11.0867,10.5702,10.5702,10.5702,10.0658,10.0658,10.0658,10.0658,10.0658,9.5737,9.5737,9.5737
2011-04-01 00:00:00,2,18.9099,18.2352,17.5726,18.9099,21.7299,22.4652,21.0067,18.2352,18.9099,25.5274,35.8741,36.8148,23.9721,18.9099,17.5726,16.9222,16.2839,15.6578,15.0438,14.442,13.8524,13.8524,13.2749,12.7096,12.7096,12.7096,12.7096,12.1565,12.1565,12.7096,
2011-03-01 00:00:00,2,15.6578,19.5967,27.1311,34.9455,34.029,55.8037,97.6122,116.878,103.843,82.87,69.3228,52.3685,42.7115,42.7115,49.0414,49.0414,84.2905,73.2614,46.8834,37.7675,30.4835,26.3232,23.9721,23.2126,22.4652,21.7299,21.0067,18.9099,18.2352,19.5967,19.5967
2011-02-01 00:00:00,2,21.0067,25.5274,18.2352,15.0438,13.2749,12.1565,11.6155,11.6155,11.0867,11.0867,10.5702,10.5702,10.5702,10.5702,10.0658,10.0658,9.5737,9.5737,9.0937,8.626,8.626,8.1705,9.0937,8.626,9.0937,9.0937,11.6155,12.7096,,,
2011-01-01 00:00:00,2,32.2321,45.8224,53.5016,56.9728,62.998,81.4615,66.757,34.9455,25.5274,21.7299,18.9099,17.5726,21.0067,43.7365,64.239,82.87,87.1673,82.87,54.6467,45.8224,27.9511,23.2126,20.2956,19.5967,18.2352,15.6578,15.0438,14.442,13.8524,13.2749,13.8524
2010-12-01 00:00:00,2,12.1565,18.2352,23.9721,32.2321,27.1311,24.7437,28.7831,25.5274,23.2126,21.7299,18.2352,18.9099,11.6155,10.5702,21.0067,29.6273,29.6273,27.1311,24.7437,21.7299,27.1311,13.8524,12.1565,11.6155,13.8524,15.0438,16.9222,20.2956,20.2956,21.7299,21.7299
2010-11-01 00:00:00,2,6.4709,6.0767,7.2962,8.1705,6.4709,7.2962,12.1565,12.1565,8.626,10.0658,14.442,16.9222,12.7096,9.5737,9.0937,8.626,9.0937,15.0438,13.8524,10.0658,9.0937,27.1311,33.1245,34.9455,24.7437,22.4652,20.2956,15.0438,12.7096,10.5702,
2010-10-01 00:00:00,2,7.7273,6.0767,7.2962,6.8775,6.8775,14.442,10.0658,8.1705,9.5737,7.7273,6.8775,5.6947,5.3712,5.0816,4.801,4.5295,5.0816,9.5737,20.2956,19.5967,12.1565,8.626,6.8775,6.4709,5.6947,5.3712,5.3712,5.3712,5.3712,5.0816,5.0816
2010-09-01 00:00:00,2,2.6713,2.6713,2.6713,2.6713,2.6713,2.4773,2.4773,2.6713,2.8737,2.8737,3.0845,3.0845,2.8737,2.8737,2.6713,2.4773,2.4773,2.2915,2.2915,2.1138,2.1138,2.1138,2.1138,1.9442,1.9442,1.9442,2.8737,4.5295,7.2962,9.0937,
2010-08-01 00:00:00,2,4.0129,4.0129,4.0129,4.0129,4.0129,4.0129,3.7678,3.5315,3.5315,3.5315,3.5315,3.5315,3.5315,3.5315,3.5315,3.5315,3.5315,3.3037,3.3037,3.3037,3.3037,3.0845,3.0845,3.0845,3.0845,3.0845,2.8737,2.8737,2.8737,2.8737,2.8737
2010-07-01 00:00:00,2,5.0816,5.0816,5.0816,5.0816,5.0816,4.801,4.801,4.801,4.801,4.801,4.801,4.801,4.801,4.801,4.801,4.801,4.801,4.5295,4.5295,4.5295,4.5295,4.5295,4.5295,4.5295,4.2668,4.2668,4.2668,4.2668,4.2668,4.2668,4.2668
2010-06-01 00:00:00,2,6.8775,6.4709,6.4709,6.4709,6.4709,6.4709,6.4709,6.0767,6.0767,6.0767,6.0767,6.0767,5.6947,5.6947,5.6947,5.6947,5.6947,5.6947,5.3712,5.3712,5.3712,5.3712,5.3712,5.3712,5.3712,5.3712,5.0816,5.0816,5.0816,5.0816,
2010-05-01 00:00:00,2,7.2962,7.2962,7.2962,6.8775,6.8775,6.8775,6.8775,6.4709,6.4709,6.8775,7.2962,7.7273,7.2962,7.2962,7.2962,6.8775,6.8775,6.4709,6.4709,7.2962,9.0937,11.6155,9.0937,7.2962,7.2962,7.2962,6.8775,6.8775,6.8775,6.8775,6.8775
2010-04-01 00:00:00,2,11.6155,10.5702,9.5737,10.5702,14.442,16.9222,13.2749,12.1565,11.0867,10.0658,10.0658,9.5737,9.0937,9.0937,9.0937,8.626,8.626,8.626,8.1705,8.1705,8.1705,8.1705,7.7273,7.7273,7.7273,7.7273,7.2962,7.2962,7.2962,6.8775,
2010-03-01 00:00:00,2,12.1565,18.2352,23.9721,30.4835,32.2321,26.3232,28.7831,29.6273,21.0067,16.9222,13.2749,12.7096,12.1565,12.1565,12.1565,23.2126,28.7831,29.6273,21.7299,15.0438,13.8524,16.2839,34.9455,32.2321,18.9099,15.0438,13.2749,12.1565,11.6155,11.0867,11.6155
2010-02-01 00:00:00,2,11.0867,10.5702,9.5737,9.5737,9.0937,9.0937,9.0937,8.626,8.1705,8.1705,9.5737,8.626,8.626,7.7273,7.7273,6.8775,6.8775,7.7273,8.1705,6.8775,7.7273,8.626,8.1705,7.2962,7.2962,7.7273,7.2962,7.2962,,,
2010-01-01 00:00:00,2,27.1311,21.0067,19.5967,16.2839,14.442,20.2956,39.709,42.7115,27.1311,18.2352,15.6578,14.442,13.8524,13.8524,15.0438,14.442,13.2749,13.8524,12.7096,12.1565,11.6155,12.7096,17.5726,18.9099,18.9099,19.5967,22.4652,16.9222,15.0438,12.7096,11.6155
2009-12-01 00:00:00,2,12.1565,13.8524,11.6155,14.442,40.6978,39.709,44.7734,42.7115,41.6987,34.9455,34.9455,28.7831,18.9099,20.2956,18.9099,39.709,34.9455,21.7299,20.2956,26.3232,23.2126,18.2352,15.6578,14.442,13.8524,15.0438,15.0438,15.6578,24.7437,42.7115,37.7675
2009-11-01 00:00:00,2,10.0658,9.5737,9.0937,9.5737,11.0867,9.5737,9.5737,7.2962,7.7273,8.1705,13.2749,13.2749,11.0867,15.6578,17.5726,11.6155,9.5737,9.0937,7.2962,7.2962,7.2962,6.4709,6.4709,6.0767,6.0767,6.0767,6.4709,7.2962,9.0937,9.0937,
2009-10-01 00:00:00,2,5.6947,5.3712,5.3712,6.4709,6.8775,6.4709,6.4709,7.2962,10.0658,11.0867,9.5737,7.2962,6.8775,6.4709,7.7273,6.8775,6.0767,9.5737,13.8524,15.6578,19.5967,18.9099,28.7831,29.6273,18.9099,11.6155,12.1565,23.9721,22.4652,16.9222,10.0658
2009-09-01 00:00:00,2,7.2962,6.8775,6.8775,6.4709,6.4709,7.2962,7.7273,10.0658,8.626,8.626,7.2962,6.8775,6.8775,6.4709,6.0767,6.0767,6.0767,5.6947,5.6947,5.6947,5.3712,5.3712,6.0767,8.1705,9.5737,8.626,7.7273,6.8775,6.8775,6.0767,
2009-08-01 00:00:00,2,7.2962,7.2962,6.8775,6.8775,6.8775,6.8775,6.8775,6.4709,6.4709,6.4709,6.4709,6.4709,6.4709,6.4709,6.0767,6.0767,6.0767,6.0767,6.0767,6.0767,6.0767,6.0767,6.0767,6.4709,10.0658,10.5702,10.0658,9.5737,9.0937,8.1705,7.2962
2009-07-01 00:00:00,2,11.0867,10.5702,10.5702,10.0658,9.5737,9.5737,9.5737,9.5737,9.5737,9.5737,9.5737,9.5737,9.5737,9.5737,9.0937,9.0937,9.0937,8.626,8.626,8.626,8.626,8.1705,8.1705,8.1705,7.7273,7.7273,7.7273,8.1705,7.7273,7.7273,7.2962
2009-06-01 00:00:00,2,10.5702,10.5702,10.5702,10.5702,10.0658,10.0658,10.5702,10.0658,10.0658,10.0658,10.0658,10.5702,10.5702,10.5702,10.5702,10.5702,10.5702,10.0658,10.0658,10.0658,10.0658,10.0658,9.5737,9.5737,9.5737,9.5737,9.5737,9.5737,14.442,12.7096,
2009-05-01 00:00:00,2,13.2749,13.2749,13.2749,13.8524,13.8524,15.0438,14.442,13.2749,13.2749,12.7096,12.7096,12.7096,12.7096,12.1565,12.1565,12.1565,12.1565,11.6155,11.6155,11.6155,11.6155,11.0867,11.0867,11.0867,11.0867,11.0867,11.0867,11.0867,10.5702,10.5702,10.5702
2009-04-01 00:00:00,2,41.6987,40.6978,30.4835,21.0067,18.9099,17.5726,32.2321,49.0414,58.1539,41.6987,26.3232,21.7299,21.0067,19.5967,20.2956,21.7299,20.2956,18.9099,16.9222,16.2839,16.2839,15.6578,15.0438,15.0438,14.442,13.8524,13.8524,13.2749,13.2749,13.2749,
2009-03-01 00:00:00,2,20.2956,19.5967,17.5726,16.9222,16.2839,15.6578,21.7299,34.029,28.7831,20.2956,18.9099,18.9099,16.9222,16.2839,16.2839,16.2839,16.2839,25.5274,23.9721,18.9099,16.2839,15.6578,17.5726,18.9099,26.3232,27.9511,22.4652,18.9099,22.4652,27.9511,34.9455
2009-02-01 00:00:00,2,27.9511,32.2321,38.7322,33.1245,28.7831,27.9511,27.9511,27.1311,25.5274,23.9721,23.2126,23.9721,23.9721,42.7115,52.3685,54.6467,41.6987,31.3518,24.7437,23.2126,22.4652,21.0067,20.2956,19.5967,27.1311,35.8741,33.1245,21.7299,,,
2009-01-01 00:00:00,2,66.757,69.3228,60.552,52.3685,42.7115,38.7322,32.2321,29.6273,27.9511,24.7437,23.9721,21.7299,19.5967,20.2956,23.9721,26.3232,23.9721,27.1311,33.1245,33.1245,35.8741,75.9469,84.2905,66.757,53.5016,43.7365,40.6978,47.9564,42.7115,35.8741,31.3518
2008-12-01 00:00:00,2,6.8689,6.0846,6.4721,6.0846,5.7064,5.3378,4.9788,4.9788,5.3378,4.6295,4.2903,4.2903,6.8689,13.3343,22.6784,50.9476,179.927,573.36,212.949,105.431,74.5982,47.9564,35.8741,31.3518,31.3518,28.7831,52.3685,108.642,102.268,81.4615,64.239
2008-11-01 00:00:00,2,3.6423,5.7064,6.0846,5.3378,4.9788,4.2903,5.7064,6.4721,6.4721,6.4721,6.0846,5.3378,5.3378,6.4721,7.6896,10.362,11.8118,8.5459,9.437,10.362,8.5459,6.8689,6.4721,6.4721,6.0846,5.7064,5.3378,6.0846,6.8689,7.2747,
2008-10-01 00:00:00,2,5.3378,5.3378,5.3378,5.7064,6.0846,5.3378,4.9788,4.6295,4.6295,5.7064,5.3378,4.9788,4.6295,4.2903,3.9611,3.9611,3.6423,3.6423,3.9611,4.6295,4.6295,4.2903,3.9611,3.9611,3.9611,3.6423,3.3945,3.1489,3.1489,3.1489,2.9131
2008-09-01 00:00:00,2,7.6896,6.4721,5.7064,5.3378,4.9788,4.6295,4.2903,4.2903,4.2903,4.2903,4.2903,4.2903,4.2903,3.9611,3.9611,3.9611,3.9611,4.9788,4.9788,4.6295,4.6295,6.4721,8.5459,7.6896,6.0846,5.3378,5.3378,6.8689,6.8689,5.7064,
2008-08-01 00:00:00,2,6.0846,6.0846,6.0846,6.0846,6.0846,6.4721,6.4721,6.4721,6.4721,6.0846,6.0846,6.0846,6.0846,5.7064,5.7064,5.3378,5.3378,5.3378,5.3378,4.9788,4.9788,4.9788,4.9788,4.6295,4.6295,4.6295,4.6295,4.2903,4.2903,4.2903,6.8689
2008-07-01 00:00:00,2,7.6896,7.6896,7.6896,7.6896,7.6896,7.2747,7.2747,7.2747,6.8689,6.8689,6.8689,6.8689,6.8689,6.8689,6.8689,6.8689,6.8689,6.8689,6.4721,6.4721,6.4721,6.4721,6.4721,6.4721,6.4721,6.4721,6.4721,6.0846,6.0846,6.0846,6.0846
2008-06-01 00:00:00,2,8.9872,8.9872,8.9872,8.9872,8.9872,8.9872,8.5459,8.5459,8.5459,8.1134,8.1134,8.1134,8.1134,8.1134,7.6896,7.6896,7.6896,7.6896,7.6896,7.6896,7.6896,7.6896,7.6896,8.1134,8.5459,9.437,8.9872,8.5459,8.1134,7.6896,
2008-05-01 00:00:00,2,11.3204,11.3204,11.3204,11.3204,11.3204,11.3204,10.8371,10.362,10.362,10.362,9.8953,9.8953,9.8953,9.8953,9.8953,9.8953,9.8953,9.437,9.437,9.8953,9.8953,9.437,9.437,9.437,9.437,9.437,8.9872,8.9872,8.9872,8.9872,8.9872
2008-04-01 00:00:00,2,14.9276,14.3887,13.3343,12.8188,13.8576,21.3486,27.2257,32.1288,27.2257,24.1541,32.98,32.98,24.1541,18.3197,16.59,15.4741,14.9276,15.4741,13.8576,13.3343,17.7357,17.7357,14.9276,13.8576,12.8188,12.8188,12.3113,11.8118,11.8118,11.3204,
2008-03-01 00:00:00,2,16.0283,18.9111,24.1541,25.67,20.7285,16.0283,14.9276,14.3887,15.4741,14.3887,14.9276,15.4741,19.5097,33.8408,38.2883,46.8862,51.9857,51.9857,33.8408,24.1541,20.1155,18.3197,17.1591,16.59,16.0283,16.0283,15.4741,21.3486,24.9071,20.1155,16.0283
2008-02-01 00:00:00,2,137.992,80.8269,46.8862,46.8862,47.8879,53.0329,53.0329,49.9186,44.9106,42.0165,33.8408,26.4429,22.6784,20.7285,21.3486,20.7285,17.7357,16.59,16.59,21.9557,18.9111,18.9111,23.4112,24.1541,26.4429,25.67,20.7285,17.1591,14.3887,,
2008-01-01 00:00:00,2,8.1134,7.6896,7.2747,6.8689,6.4721,6.0846,6.4721,10.8371,9.8953,11.3204,14.3887,21.9557,19.5097,12.8188,13.3343,11.3204,9.437,8.5459,8.5459,14.9276,14.9276,18.3197,25.67,34.7113,31.2873,32.1288,30.4554,32.1288,40.1336,62.8617,106.337
2007-12-01 00:00:00,2,10.8371,8.1134,6.8689,6.0846,5.7064,5.7064,5.3378,5.3378,6.8689,6.8689,5.7064,5.3378,5.3378,4.9788,13.8576,13.3343,9.8953,7.6896,6.8689,17.1591,53.0329,42.9719,27.2257,26.4429,24.9071,21.3486,16.0283,13.8576,11.3204,10.362,8.9872
2007-11-01 00:00:00,2,3.6423,4.2903,4.9788,5.7064,5.7064,6.8689,6.8689,6.8689,6.4721,6.0846,6.0846,6.4721,9.437,8.9872,8.9872,7.2747,6.0846,6.0846,4.9788,4.9788,4.6295,4.2903,4.2903,3.9611,3.9611,4.2903,6.0846,13.3343,13.8576,12.3113,
2007-10-01 00:00:00,2,2.9131,2.9131,2.9131,2.6871,2.6871,2.6871,2.6871,2.6871,2.4708,2.4708,2.2641,2.2641,2.2641,2.067,2.067,1.8794,1.8794,1.8794,1.8794,3.6423,4.6295,7.6896,7.6896,6.8689,6.8689,6.4721,6.0846,5.7064,4.9788,4.2903,3.9611
2007-09-01 00:00:00,2,4.2903,4.2903,4.2903,4.2903,4.2903,4.2903,4.2903,4.2903,4.2903,4.2903,3.9611,3.9611,3.9611,3.9611,3.9611,3.9611,3.6423,3.6423,3.6423,3.3945,3.3945,3.3945,3.3945,3.3945,3.1489,3.1489,2.9131,2.9131,2.9131,2.9131,
2007-08-01 00:00:00,2,6.4721,6.0846,5.7064,5.7064,5.7064,5.7064,5.7064,5.7064,5.3378,5.3378,5.3378,5.3378,4.9788,4.9788,4.9788,4.9788,4.9788,4.9788,4.9788,4.6295,4.6295,4.6295,4.6295,4.6295,4.6295,4.6295,4.2903,4.2903,4.2903,4.2903,4.2903
2007-07-01 00:00:00,2,6.4721,6.4721,6.4721,6.4721,6.4721,6.4721,6.4721,6.4721,6.0846,6.0846,6.0846,6.0846,6.0846,6.0846,6.0846,5.7064,5.7064,5.7064,5.7064,5.7064,5.7064,5.7064,5.3378,5.3378,5.3378,5.3378,5.3378,5.7064,8.5459,8.1134,7.2747
2007-06-01 00:00:00,2,8.5459,8.5459,8.1134,8.1134,8.1134,8.1134,8.1134,7.6896,7.6896,7.6896,7.6896,7.6896,7.6896,7.2747,7.2747,7.2747,6.8689,6.8689,6.8689,6.8689,6.8689,6.8689,6.8689,6.8689,6.8689,6.8689,6.8689,6.8689,6.4721,6.4721,
2007-05-01 00:00:00,2,9.437,9.437,8.9872,8.5459,8.5459,8.5459,8.1134,8.1134,8.1134,8.1134,8.1134,7.6896,7.6896,7.6896,7.6896,7.6896,7.6896,7.6896,7.6896,7.6896,7.6896,7.6896,7.6896,8.5459,8.9872,9.437,8.5459,8.9872,10.362,9.437,8.9872
2007-04-01 00:00:00,2,9.8953,9.8953,9.8953,9.437,9.437,9.437,10.362,12.3113,12.3113,13.3343,12.8188,11.3204,10.362,10.362,9.8953,9.8953,10.362,11.3204,11.3204,10.362,9.8953,9.8953,10.362,10.362,9.8953,9.8953,9.437,9.437,9.437,9.8953,
2007-03-01 00:00:00,2,16.59,14.9276,14.3887,14.3887,13.8576,13.3343,12.8188,12.8188,12.3113,12.3113,11.8118,11.8118,11.3204,11.3204,11.3204,10.8371,10.8371,10.8371,14.9276,18.9111,17.7357,14.9276,14.3887,12.8188,11.8118,11.8118,11.3204,11.3204,10.8371,10.362,10.362
2007-02-01 00:00:00,2,49.9186,43.9366,34.7113,30.4554,28.0184,32.1288,28.821,29.6333,26.4429,23.4112,20.7285,28.821,26.4429,26.4429,25.67,24.1541,20.7285,42.0165,34.7113,26.4429,21.3486,19.5097,18.3197,16.59,16.0283,16.0283,18.9111,18.3197,,,
2007-01-01 00:00:00,2,66.2979,60.6151,58.4041,56.2287,50.9476,51.9857,60.6151,65.1437,55.1544,39.2063,35.5913,38.2883,31.2873,38.2883,83.3689,103.51,154.306,130.132,106.337,68.6326,45.8938,39.2063,33.8408,32.98,30.4554,31.2873,28.0184,28.821,72.2,57.3119,51.9857
2006-12-01 00:00:00,2,37.3798,26.4429,18.3197,12.8188,10.362,13.3343,16.0283,21.9557,24.1541,20.7285,20.1155,24.9071,18.9111,14.9276,16.59,31.2873,37.3798,29.6333,21.3486,16.59,15.4741,16.59,16.59,29.6333,26.4429,28.821,22.6784,20.1155,24.1541,36.4808,47.8879
2006-11-01 00:00:00,2,4.9788,4.6295,7.6896,14.3887,16.0283,11.3204,8.1134,7.2747,6.4721,7.6896,7.6896,8.1134,7.6896,10.8371,15.4741,13.3343,13.3343,9.8953,9.437,8.9872,9.437,10.8371,8.5459,7.6896,6.8689,6.4721,6.0846,6.0846,10.8371,27.2257,
2006-10-01 00:00:00,2,4.2903,4.2903,4.2903,4.9788,4.9788,4.9788,6.4721,11.3204,10.8371,8.1134,7.2747,7.2747,6.8689,6.8689,6.4721,6.0846,6.8689,13.8576,13.8576,14.3887,14.3887,11.3204,6.8689,6.8689,6.0846,5.7064,5.3378,5.3378,5.3378,5.3378,4.9788
2006-09-01 00:00:00,2,4.6295,6.8689,7.2747,7.2747,7.2747,7.2747,6.8689,6.8689,6.0846,5.3378,4.9788,4.9788,4.6295,4.2903,4.2903,4.2903,4.2903,4.2903,4.2903,4.2903,4.2903,5.7064,5.7064,6.0846,6.0846,5.7064,4.9788,4.9788,4.9788,4.2903,
2006-08-01 00:00:00,2,4.6295,4.6295,4.6295,4.6295,4.6295,4.6295,4.6295,4.6295,4.6295,4.6295,4.6295,4.6295,4.2903,4.2903,4.2903,4.2903,4.2903,4.2903,4.2903,4.2903,4.2903,4.6295,4.6295,4.2903,4.2903,4.2903,4.2903,4.2903,4.2903,4.6295,4.6295
2006-07-01 00:00:00,2,6.0846,6.0846,6.0846,6.0846,6.0846,6.0846,6.0846,5.7064,5.7064,5.7064,5.7064,5.7064,5.3378,5.3378,5.3378,5.3378,5.3378,5.3378,5.3378,5.3378,5.3378,5.3378,4.9788,4.9788,4.9788,4.9788,4.6295,4.6295,4.6295,4.6295,4.6295
2006-06-01 00:00:00,2,6.8689,6.8689,6.8689,6.4721,6.4721,6.4721,6.4721,6.4721,6.4721,6.4721,6.0846,6.0846,6.0846,6.0846,6.0846,6.0846,6.0846,6.0846,6.0846,6.0846,6.0846,6.0846,6.0846,6.0846,6.0846,6.0846,6.0846,6.4721,6.4721,6.4721,
2006-05-01 00:00:00,2,8.1134,8.1134,8.1134,8.1134,8.1134,7.6896,7.6896,7.6896,7.6896,7.6896,9.8953,10.8371,8.9872,8.5459,7.6896,7.6896,7.6896,7.6896,7.6896,7.2747,7.2747,7.2747,7.2747,7.6896,7.6896,7.2747,7.2747,7.2747,6.8689,6.8689,6.8689
2006-04-01 00:00:00,2,12.8188,12.3113,11.8118,11.3204,11.3204,10.8371,10.8371,10.8371,10.8371,11.3204,10.8371,10.8371,10.362,10.362,9.8953,9.8953,9.437,9.437,9.437,9.437,9.437,8.9872,8.9872,8.9872,8.5459,8.5459,8.1134,8.1134,8.1134,8.1134,
2006-03-01 00:00:00,2,11.3204,13.3343,14.3887,12.8188,11.8118,21.3486,25.67,24.9071,27.2257,27.2257,17.7357,23.4112,27.2257,22.6784,17.7357,27.2257,47.8879,55.1544,42.0165,28.821,24.9071,20.7285,18.9111,16.59,14.9276,16.0283,18.9111,17.1591,14.3887,13.3343,13.3343
2006-02-01 00:00:00,2,14.3887,14.9276,14.9276,13.3343,11.3204,9.437,8.5459,8.1134,7.6896,7.6896,8.1134,17.7357,34.7113,46.8862,53.0329,35.5913,29.6333,29.6333,26.4429,17.7357,13.8576,12.8188,12.3113,13.3343,12.8188,12.3113,11.8118,11.3204,,,
2006-01-01 00:00:00,2,11.8118,10.362,10.362,11.8118,22.6784,33.8408,41.0704,38.2883,34.7113,24.9071,16.59,14.3887,12.8188,12.3113,11.3204,10.8371,10.362,9.437,9.437,8.9872,8.5459,8.5459,8.1134,8.1134,8.1134,7.6896,7.2747,6.4721,6.0846,11.3204,15.4741
2005-12-01 00:00:00,2,9.8953,10.8371,12.8188,12.8188,9.8953,8.9872,9.437,16.0283,18.9111,20.7285,21.3486,34.7113,39.2063,36.4808,35.5913,34.7113,29.6333,24.9071,23.4112,18.3197,14.9276,12.8188,11.8118,11.3204,10.362,10.362,10.8371,12.3113,20.7285,17.7357,12.8188
2005-11-01 00:00:00,2,16.59,28.0184,24.1541,21.3486,17.1591,13.8576,11.8118,9.8953,8.5459,8.1134,10.8371,12.8188,12.3113,11.8118,10.362,8.5459,8.1134,8.9872,9.8953,12.8188,14.3887,14.3887,14.3887,14.9276,16.0283,16.0283,13.8576,12.3113,9.8953,9.437,
2005-10-01 00:00:00,2,7.2747,7.2747,6.0846,6.0846,6.0846,5.7064,6.0846,5.7064,5.3378,5.3378,5.3378,5.3378,4.9788,4.9788,4.9788,4.6295,4.6295,4.6295,4.2903,4.2903,4.6295,4.6295,4.2903,4.2903,6.0846,6.0846,6.0846,5.7064,5.7064,9.8953,10.362
2005-09-01 00:00:00,2,6.8689,6.8689,6.8689,6.8689,6.8689,6.8689,6.8689,6.8689,6.8689,6.8689,6.8689,6.4721,6.4721,6.4721,6.4721,6.0846,6.0846,6.4721,7.6896,8.5459,8.1134,6.8689,6.4721,6.4721,6.4721,7.2747,8.5459,8.5459,8.1134,7.2747,
2005-08-01 00:00:00,2,8.9872,8.9872,8.9872,8.9872,8.5459,8.5459,8.5459,8.5459,8.5459,8.5459,8.5459,8.5459,8.1134,8.1134,8.1134,8.1134,8.1134,8.1134,8.1134,7.6896,7.6896,7.6896,7.6896,7.2747,7.2747,7.2747,7.2747,7.2747,7.2747,6.8689,6.8689
2005-07-01 00:00:00,2,11.3204,11.3204,11.3204,11.3204,11.3204,10.8371,10.8371,10.8371,10.8371,10.362,10.362,10.362,10.362,10.362,10.362,9.8953,9.8953,9.8953,9.8953,10.362,10.362,10.362,9.8953,9.8953,9.437,9.437,9.437,9.437,8.9872,8.9872,8.9872
2005-06-01 00:00:00,2,12.8188,12.8188,12.8188,12.3113,11.8118,11.8118,11.8118,11.3204,11.3204,11.3204,11.3204,11.3204,11.3204,11.3204,10.8371,10.8371,10.8371,10.8371,11.3204,12.3113,12.8188,14.3887,12.8188,11.8118,11.3204,11.8118,11.8118,11.8118,11.3204,11.3204,
2005-05-01 00:00:00,2,21.9557,20.7285,16.59,16.0283,14.9276,12.8188,12.8188,12.8188,12.8188,12.8188,12.3113,12.3113,12.3113,11.8118,11.8118,11.3204,11.3204,11.3204,11.3204,11.3204,11.8118,11.3204,12.3113,18.9111,24.1541,28.821,32.1288,28.0184,23.4112,14.3887,13.8576
2005-04-01 00:00:00,2,20.1155,19.5097,18.9111,18.3197,17.1591,17.1591,16.59,16.59,16.0283,15.4741,14.9276,14.3887,14.3887,13.8576,13.8576,13.8576,13.8576,13.3343,13.3343,13.3343,13.3343,14.3887,14.3887,13.8576,15.4741,14.3887,15.4741,15.4741,16.0283,21.3486,
2005-03-01 00:00:00,2,25.67,24.1541,33.8408,51.9857,56.2287,50.9476,32.98,25.67,23.4112,21.3486,20.7285,21.9557,20.1155,18.3197,18.9111,30.4554,50.9476,63.9983,68.6326,54.0892,37.3798,32.1288,31.2873,27.2257,32.1288,32.1288,32.1288,31.2873,25.67,21.9557,20.7285
2005-02-01 00:00:00,2,38.9571,30.0184,19.1345,17.3018,24.5743,76.9193,90.8198,90.8198,47.8879,31.2873,27.2257,24.9071,23.4112,22.6784,24.1541,21.9557,22.6784,24.9071,26.4429,32.98,32.1288,24.9071,20.1155,18.9111,18.3197,16.59,17.7357,26.4429,,,
2005-01-01 00:00:00,2,34.3132,35.2138,36.1284,28.3961,27.6052,41.9148,73.4237,90.8198,66.6208,47.7744,41.9148,36.1284,54.8185,56.8986,38,24.5743,22.4386,30.0184,65.5117,55.8549,38.9571,34.3132,25.3123,21.7525,19.7702,19.7702,38,49.7491,37.0571,35.2138,45.8305
2004-12-01 00:00:00,2,16.141,18.5113,15.0282,11.433,8.7855,8.7855,21.0791,23.8495,19.1345,17.9004,18.5113,19.1345,18.5113,10.0571,9.1979,9.1979,10.504,12.9162,16.141,19.1345,35.2138,51.7543,84.0955,107.925,195.437,137.624,72.2723,44.8702,28.3961,28.3961,28.3961
2004-11-01 00:00:00,2,3.6496,3.4142,3.4142,3.4142,3.4142,3.4142,3.1882,3.1882,3.1882,3.1882,2.9714,2.9714,2.9714,2.9714,2.7636,2.7636,2.7636,4.9711,5.8841,5.8841,5.5695,5.2652,4.9711,4.4131,4.4131,3.8944,3.8944,3.4142,4.1489,9.1979,
2004-10-01 00:00:00,2,2.9714,2.9714,3.1882,3.4142,5.2652,5.2652,4.6871,4.1489,3.8944,3.4142,3.8944,4.6871,5.2652,5.5695,5.2652,5.2652,5.5695,5.8841,4.6871,4.1489,4.1489,4.1489,4.1489,3.8944,3.8944,4.1489,4.1489,4.4131,4.1489,3.8944,3.8944
2004-09-01 00:00:00,2,4.1489,4.1489,4.1489,4.1489,3.8944,3.8944,3.8944,3.8944,3.8944,3.6496,3.6496,3.6496,3.6496,3.6496,3.4142,3.4142,3.4142,3.4142,3.8944,3.8944,4.1489,4.1489,3.8944,3.8944,3.6496,3.6496,3.1882,3.1882,3.1882,2.9714,
2004-08-01 00:00:00,2,5.8841,5.8841,5.5695,5.5695,5.5695,5.5695,5.5695,5.5695,5.2652,5.2652,5.2652,5.2652,5.2652,5.2652,4.9711,4.9711,4.9711,4.9711,4.9711,4.9711,4.9711,4.6871,4.6871,4.6871,4.6871,4.6871,4.4131,4.4131,4.4131,4.4131,4.1489
2004-07-01 00:00:00,2,6.2091,6.2091,6.2091,6.2091,5.8841,5.8841,5.8841,5.8841,5.8841,6.5447,9.6217,11.9154,8.7855,7.6157,6.8909,6.5447,6.5447,6.2091,5.8841,6.8909,10.9626,9.6217,7.6157,6.8909,6.5447,6.2091,6.2091,5.8841,5.8841,5.8841,5.8841
2004-06-01 00:00:00,2,12.4098,10.504,10.504,10.0571,10.0571,10.0571,9.1979,9.1979,9.1979,8.3844,8.3844,7.6157,7.6157,7.6157,7.2478,7.2478,7.6157,7.2478,7.2478,7.2478,6.8909,6.8909,6.8909,6.8909,6.8909,6.8909,6.8909,6.5447,6.5447,6.2091,
2004-05-01 00:00:00,2,8.7855,8.3844,8.3844,7.9945,7.9945,7.6157,7.6157,7.6157,7.6157,7.6157,7.6157,7.6157,7.2478,7.2478,7.2478,8.3844,10.0571,9.6217,8.3844,8.7855,9.1979,8.3844,7.9945,7.6157,7.6157,7.2478,7.6157,7.6157,7.9945,9.1979,13.9658
2004-04-01 00:00:00,2,11.9154,13.4349,10.9626,11.433,11.9154,16.7153,12.9162,12.9162,12.9162,13.4349,14.4896,14.4896,12.4098,14.4896,12.9162,12.4098,11.433,10.9626,10.504,10.0571,9.6217,9.1979,8.7855,8.3844,7.9945,8.7855,15.0282,12.4098,10.0571,9.1979,
2004-03-01 00:00:00,2,30.8499,21.7525,17.9004,16.7153,20.4183,35.2138,36.1284,30.0184,23.1376,19.1345,17.3018,16.7153,15.0282,15.5786,17.3018,17.9004,19.1345,15.5786,13.9658,13.4349,14.4896,13.9658,12.9162,11.9154,11.433,10.9626,11.433,17.3018,17.3018,12.4098,11.433
2004-02-01 00:00:00,2,10.9626,10.9626,13.9658,14.4896,12.9162,10.504,10.0571,10.504,10.9626,17.9004,23.8495,32.5539,30.0184,19.7702,21.7525,35.2138,47.7744,46.7986,29.2005,21.7525,20.4183,24.5743,26.0633,26.0633,31.695,33.4266,30.8499,38,40.9144,,
2004-01-01 00:00:00,2,10.504,12.9162,27.6052,42.9296,45.8305,33.4266,19.1345,17.3018,27.6052,60.074,114.553,121.402,62.2275,44.8702,38,34.3132,27.6052,21.7525,18.5113,16.141,14.4896,19.7702,23.1376,21.0791,18.5113,10.0571,13.9658,12.9162,11.9154,10.9626,10.9626
2003-12-01 00:00:00,2,19.1345,27.6052,28.3961,23.1376,17.9004,30.8499,36.1284,52.7682,33.4266,17.9004,16.7153,10.9626,11.433,10.0571,13.9658,13.9658,10.0571,12.4098,34.3132,34.3132,16.141,17.3018,20.4183,30.0184,21.7525,13.4349,13.4349,15.0282,16.7153,10.9626,10.0571
2003-11-01 00:00:00,2,3.1882,3.4142,4.1489,7.6157,6.2091,4.9711,4.6871,6.2091,6.2091,5.5695,5.5695,4.6871,3.6496,3.6496,3.6496,3.6496,3.6496,3.8944,4.1489,4.4131,4.9711,4.9711,4.4131,4.4131,3.8944,3.8944,4.4131,4.9711,6.2091,13.9658,
2003-10-01 00:00:00,2,3.4142,3.4142,3.1882,3.1882,2.9714,2.7636,2.7636,2.7636,3.1882,3.1882,3.4142,3.4142,3.6496,3.6496,3.4142,3.1882,2.9714,2.9714,2.7636,2.7636,2.5649,2.5649,2.5649,3.1882,3.1882,4.4131,3.8944,3.4142,3.4142,3.1882,3.1882
2003-09-01 00:00:00,2,4.4131,4.4131,4.4131,4.4131,4.1489,4.1489,4.1489,4.1489,3.8944,3.8944,3.8944,3.8944,3.8944,4.9711,4.9711,4.9711,4.9711,4.6871,4.4131,4.1489,3.8944,3.8944,3.8944,3.8944,3.6496,3.6496,3.6496,3.4142,3.4142,3.4142,
2003-08-01 00:00:00,2,4.9711,4.6871,4.6871,4.6871,4.6871,4.6871,4.6871,4.6871,4.4131,4.4131,4.4131,4.4131,4.4131,4.4131,4.4131,4.4131,4.4131,4.4131,4.4131,4.4131,4.4131,4.4131,4.4131,4.4131,4.4131,4.4131,4.4131,4.6871,4.6871,4.4131,4.4131
2003-07-01 00:00:00,2,5.5695,5.5695,5.5695,5.5695,5.5695,5.5695,5.5695,5.5695,5.5695,5.2652,5.2652,5.2652,5.2652,5.2652,5.2652,5.2652,5.2652,5.2652,5.2652,5.2652,5.2652,5.2652,5.2652,5.2652,5.2652,4.9711,4.9711,4.9711,4.9711,4.9711,4.9711
2003-06-01 00:00:00,2,6.8909,6.8909,6.8909,6.8909,6.8909,6.5447,6.5447,6.5447,6.5447,6.5447,6.5447,6.2091,6.2091,6.2091,6.2091,6.2091,6.2091,5.8841,5.8841,5.8841,5.8841,5.8841,5.8841,5.5695,5.5695,5.5695,5.5695,5.5695,5.5695,5.5695,
2003-05-01 00:00:00,2,7.6157,7.6157,7.6157,7.6157,7.6157,7.6157,7.6157,7.6157,7.6157,7.6157,7.6157,7.6157,7.6157,7.6157,7.6157,7.6157,7.6157,7.6157,7.2478,7.2478,7.2478,7.2478,7.2478,7.2478,7.2478,6.8909,6.8909,6.8909,6.8909,6.8909,6.8909
2003-04-01 00:00:00,2,10.9626,10.504,10.0571,10.0571,10.9626,11.9154,11.9154,11.433,11.433,15.0282,12.9162,12.4098,11.9154,11.433,10.0571,10.0571,10.0571,10.0571,9.6217,9.1979,9.1979,8.7855,8.7855,8.3844,8.3844,7.9945,7.9945,7.9945,7.9945,7.6157,
2003-03-01 00:00:00,2,12.4098,11.9154,10.9626,12.4098,12.4098,11.9154,10.9626,10.504,18.5113,22.4386,21.7525,20.4183,24.5743,30.8499,27.6052,24.5743,26.0633,27.6052,28.3961,23.1376,19.1345,19.1345,18.5113,16.141,15.0282,13.4349,12.9162,12.9162,12.4098,11.9154,11.433
2003-02-01 00:00:00,2,106.302,76.9193,49.7491,35.2138,29.2005,27.6052,28.3961,26.8276,23.8495,20.4183,19.1345,17.9004,17.3018,16.141,16.141,15.0282,15.5786,15.5786,16.141,16.141,18.5113,19.7702,17.3018,16.141,13.9658,13.4349,12.9162,12.9162,,,
2003-01-01 00:00:00,2,21.0791,21.0791,23.1376,35.2138,38,35.2138,28.3961,26.8276,22.4386,29.2005,30.0184,28.3961,26.0633,23.1376,35.2138,53.7896,79.2841,109.562,99.9467,78.0983,61.1471,60.074,87.8851,99.9467,72.2723,45.8305,31.695,28.3961,40.9144,84.0955,154.984
2002-12-01 00:00:00,2,6.2091,5.5695,4.9711,4.4131,4.4131,5.2652,5.5695,4.9711,4.4131,5.8841,10.0571,19.7702,28.3961,28.3961,26.8276,26.0633,32.5539,35.2138,28.3961,15.0282,10.0571,20.4183,24.5743,23.8495,22.4386,22.4386,22.4386,19.7702,13.4349,10.9626,12.9162
2002-11-01 00:00:00,2,7.9945,13.4349,9.6217,7.6157,5.8841,10.0571,20.4183,18.5113,9.1979,6.8909,6.2091,5.5695,7.2478,10.0571,9.1979,8.3844,6.8909,5.2652,4.9711,4.6871,4.4131,4.9711,13.9658,16.7153,17.3018,19.1345,10.9626,9.1979,7.6157,6.8909,
2002-10-01 00:00:00,2,3.4142,3.1882,3.4142,3.4142,3.4142,3.1882,2.9714,2.9714,2.7636,2.7636,2.5649,2.5649,2.375,2.1938,2.1938,2.0211,1.8569,1.8569,1.8569,1.7009,1.7009,1.7009,1.5531,1.7009,2.0211,1.8569,1.7009,1.7009,1.8569,3.8944,5.2652
2002-09-01 00:00:00,2,3.1882,3.1882,3.6496,3.6496,3.4142,3.4142,3.4142,3.4142,3.4142,3.1882,3.1882,3.1882,2.9714,2.9714,2.9714,2.7636,2.7636,2.7636,2.7636,2.5649,2.5649,2.5649,3.1882,4.6871,6.5447,7.2478,5.8841,4.6871,3.8944,3.6496,
2002-08-01 00:00:00,2,3.8944,3.8944,3.8944,3.8944,3.8944,3.6496,3.6496,3.6496,3.4142,3.4142,3.4142,3.4142,3.4142,3.4142,3.4142,3.1882,3.1882,3.1882,3.1882,3.1882,2.9714,2.9714,2.9714,2.9714,2.9714,2.9714,2.9714,2.9714,2.9714,2.9714,2.9714
2002-07-01 00:00:00,2,4.4131,4.4131,4.4131,4.4131,4.4131,4.4131,4.1489,4.1489,4.1489,4.1489,4.4131,4.4131,4.9711,4.9711,4.9711,4.6871,4.6871,4.4131,4.4131,4.1489,4.1489,4.1489,4.1489,4.1489,4.1489,3.8944,3.8944,3.8944,3.8944,3.8944,3.8944
2002-06-01 00:00:00,2,5.8841,5.5695,5.5695,5.5695,5.5695,5.5695,5.2652,5.2652,5.2652,5.2652,5.2652,5.2652,4.9711,4.9711,4.9711,4.9711,4.9711,4.9711,4.9711,4.6871,4.6871,4.6871,4.6871,4.6871,4.6871,4.4131,4.4131,4.4131,4.4131,4.4131,
2002-05-01 00:00:00,2,7.3445,7.3445,7.3445,6.9167,6.9167,7.3445,7.7823,10.6136,10.1179,8.6876,8.6876,8.23,8.23,8.23,7.3445,7.3445,7.3445,7.3445,6.9167,6.9167,6.9167,8.23,11.6328,9.1548,8.23,6.5447,6.2091,6.2091,6.2091,5.8841,5.8841
2002-04-01 00:00:00,2,12.6884,12.1561,11.6328,11.1186,10.6136,10.1179,10.1179,10.1179,11.6328,10.6136,10.6136,10.1179,9.6316,9.1548,8.6876,8.6876,8.6876,8.6876,8.6876,8.23,8.23,8.23,8.23,7.7823,7.7823,7.3445,7.3445,7.3445,7.3445,7.3445,
2002-03-01 00:00:00,2,26.4429,24.1541,20.5408,17.8731,17.2629,16.0676,14.9065,14.9065,14.9065,13.2297,13.2297,12.6884,12.1561,11.6328,11.6328,14.3388,17.2629,21.9557,17.8731,15.4828,17.8731,24.1541,37.3798,24.9071,17.8731,17.2629,16.661,16.661,16.0676,14.3388,13.2297
2002-02-01 00:00:00,2,15.4828,14.9064,17.2629,24.9071,18.4916,15.4828,17.2629,26.4429,32.98,32.98,29.6333,18.4916,19.167,16.0676,15.4828,14.9064,32.98,27.2257,27.2257,28.0184,33.8408,41.0704,42.0165,38.2883,36.4808,40.1336,32.98,28.0184,,,
2002-01-01 00:00:00,2,50.9476,59.5052,45.8938,30.4554,22.6784,19.167,17.2629,16.661,15.4828,15.4828,14.3388,14.3388,14.3388,16.661,21.2432,24.9071,19.8488,19.8488,33.8408,32.98,27.2257,17.2629,16.661,15.4828,16.0676,17.8731,17.8731,16.0676,15.4828,18.4916,17.2629
2001-12-01 00:00:00,2,17.2629,17.2629,28.821,21.2432,11.6328,9.6316,8.6876,9.6316,11.6328,10.1179,8.23,8.23,7.3445,7.3445,9.1548,21.2432,48.8986,77.078,68.6325,42.9719,29.6333,28.0184,28.0184,27.2257,27.2257,25.67,21.9557,21.9557,24.1541,35.5913,42.9719
2001-11-01 00:00:00,2,2.9201,2.9201,3.3178,4.2182,8.6876,9.1548,8.23,4.9334,5.3089,8.23,7.3445,6.4992,13.2297,17.8731,17.8731,17.2629,17.2629,14.9064,13.2297,12.1561,12.1561,11.1186,11.1186,11.1186,11.1186,11.1186,9.1548,8.23,7.3445,7.3445,
2001-10-01 00:00:00,2,8.6876,9.1548,8.6876,13.2297,12.1561,10.6136,8.23,5.6951,5.6951,7.3445,8.6876,7.3445,6.4992,5.3089,4.2182,4.2182,4.2182,3.75,3.75,4.2182,3.75,3.75,3.75,3.75,3.75,3.5295,3.5295,3.3178,3.3178,3.1147,2.9201
2001-09-01 00:00:00,2,4.9334,5.3089,4.9334,4.5689,3.75,3.5295,3.3178,3.3178,3.3178,3.1147,3.1147,2.9201,2.9201,4.9334,4.9334,4.9334,4.5689,4.5689,4.2182,4.2182,3.75,3.5295,3.5295,3.3178,3.3178,3.5295,3.5295,3.75,3.75,5.3089,
2001-08-01 00:00:00,2,3.5295,3.5295,3.5295,3.5295,3.5295,3.3178,3.3178,3.1147,3.1147,3.1147,3.1147,3.1147,3.1147,3.1147,3.1147,3.1147,2.9201,2.9201,2.9201,2.9201,2.9201,2.9201,2.9201,2.9201,3.9795,4.9334,4.9334,4.2182,4.2182,4.5689,4.9334
2001-07-01 00:00:00,2,3.9795,3.75,3.75,3.75,3.75,3.75,3.75,3.75,3.75,3.75,3.75,3.75,3.75,3.75,3.75,3.75,3.75,3.75,3.75,3.75,3.75,3.75,3.75,3.75,3.75,3.75,3.75,3.75,3.75,3.75,3.5295
2001-06-01 00:00:00,2,6.4992,5.6951,5.3089,5.6951,5.6951,5.3089,5.3089,5.3089,5.3089,4.9334,4.5689,4.5689,4.9334,4.9334,4.9334,4.9334,4.9334,4.9334,4.5689,4.5689,4.5689,4.5689,4.5689,4.5689,4.5689,4.5689,4.5689,4.5689,4.5689,4.2182,
2001-05-01 00:00:00,2,4.5689,4.5689,4.5689,4.5689,4.5689,4.5689,4.5689,4.5689,4.5689,4.2182,4.2182,4.2182,4.2182,4.2182,4.2182,4.2182,6.9167,9.1548,8.6876,7.3445,6.4992,6.0919,5.6951,5.6951,5.6951,6.4992,6.9167,6.4992,7.3445,7.3445,6.9167
2001-04-01 00:00:00,2,12.1561,11.1186,10.1179,9.6316,9.1548,8.6876,7.7823,7.3445,7.3445,6.9167,6.4992,6.4992,6.4992,6.4992,6.0919,6.0919,6.0919,6.0919,6.0919,6.0919,6.0919,5.6951,5.6951,5.3089,5.3089,5.3089,4.9334,4.9334,4.5689,4.5689,
2001-03-01 00:00:00,2,5.6951,5.6951,5.6951,5.3089,5.3089,6.9167,10.1179,10.6136,10.6136,11.6328,13.7799,18.4916,40.1336,45.8938,32.98,23.4112,16.661,11.1186,9.6316,8.6876,7.7823,8.6876,9.1548,7.7823,7.7823,7.7823,7.3445,7.3445,7.7823,10.6136,10.6136
2001-02-01 00:00:00,2,21.9557,19.8488,17.2629,14.3388,10.6136,9.6316,9.6316,11.1186,13.2297,13.7799,14.9064,11.6328,10.1179,9.1548,8.6876,8.23,8.23,8.23,7.7823,7.7823,6.9167,6.9167,6.4992,6.4992,6.4992,6.0919,6.0919,6.0919,,,
2001-01-01 00:00:00,2,35.5913,35.5913,33.8408,44.9106,47.8879,35.5913,28.821,21.9557,19.167,19.167,28.821,24.9071,17.2629,15.4828,13.7799,12.6884,11.6328,11.6328,12.1561,15.4828,17.2629,16.0676,12.6884,12.1561,15.4828,21.2432,17.8731,15.4828,14.9064,13.7799,20.5408
2000-12-01 00:00:00,2,18.4916,13.2297,15.4828,16.0676,22.6784,20.5408,18.4916,15.4828,12.1561,11.6328,10.6136,11.1186,10.1179,9.1548,8.23,7.7823,9.1548,32.98,24.9071,24.9071,22.6784,21.2432,21.9557,23.4112,26.4429,29.6333,24.1541,19.167,17.2629,17.2629,20.5408
2000-11-01 00:00:00,2,4.9334,4.9334,5.6951,6.0919,6.0919,6.0919,6.9167,7.7823,7.3445,7.7823,8.6876,10.6136,12.6884,16.0676,16.0676,13.7799,11.1186,10.1179,11.6328,17.8731,20.5408,24.9071,19.8488,14.3388,12.1561,11.6328,10.1179,9.1548,16.661,23.4112,
2000-10-01 00:00:00,2,6.0919,5.6951,5.6951,5.6951,5.6951,5.6951,5.6951,5.6951,4.9334,4.5689,4.2182,3.9795,3.9795,3.9795,3.9795,3.9795,3.9795,3.9795,3.9795,3.9795,3.9795,3.9795,3.9795,3.9795,3.9795,3.9795,3.9795,4.2182,4.5689,4.9334,4.9334
2000-09-01 00:00:00,2,6.0919,10.1179,14.3388,16.0676,12.1561,9.6316,10.1179,9.6316,9.6316,7.7823,7.3445,7.3445,7.3445,6.9167,6.9167,6.9167,6.9167,6.4992,6.4992,6.4992,6.4992,6.4992,6.4992,6.4992,6.4992,6.4992,6.0919,6.4992,6.4992,6.0919,
2000-08-01 00:00:00,2,6.9167,6.9167,6.9167,6.9167,7.3445,7.3445,7.3445,6.9167,6.9167,6.9167,6.9167,6.4992,6.4992,6.4992,6.0919,6.0919,6.0919,6.0919,6.0919,5.6951,5.6951,5.6951,5.6951,5.6951,5.6951,5.6951,5.6951,5.6951,6.0919,6.0919,6.0919
2000-07-01 00:00:00,2,7.7823,7.7823,7.7823,7.7823,7.3445,7.3445,7.3445,7.3445,7.3445,7.3445,7.3445,7.3445,7.3445,6.9167,6.9167,6.9167,7.3445,7.3445,7.7823,7.7823,7.7823,7.7823,7.7823,7.3445,7.3445,7.3445,7.3445,7.3445,7.3445,7.3445,7.3445
2000-06-01 00:00:00,2,10.6136,10.6136,11.1186,11.1186,10.6136,10.6136,10.6136,10.1179,10.1179,10.1179,10.1179,10.1179,10.1179,10.1179,10.1179,10.1179,10.1179,10.1179,9.6316,9.6316,9.6316,9.6316,9.6316,9.6316,7.7823,7.7823,7.7823,7.7823,7.7823,7.7823,
2000-05-01 00:00:00,2,13.7799,13.7799,13.7799,13.2297,13.2297,13.2297,13.2297,12.6884,12.6884,12.6884,12.1561,12.1561,12.1561,12.1561,11.6328,11.6328,11.6328,11.6328,11.6328,11.6328,11.6328,11.6328,11.1186,11.1186,11.1186,11.1186,11.1186,11.1186,11.1186,11.1186,11.1186
2000-04-01 00:00:00,2,28.821,28.821,27.2257,24.1541,22.6784,20.5408,17.2629,15.4828,16.661,17.8731,17.2629,16.661,16.0676,17.2629,17.2629,16.661,17.2629,18.4916,19.8488,20.5408,18.4916,16.661,15.4828,15.4828,15.4828,14.9064,14.9064,14.3388,14.3388,13.7799,
2000-03-01 00:00:00,2,26.4429,24.9071,23.4112,15.4828,14.9064,16.0676,21.2432,22.6784,25.67,27.2257,30.4554,32.1288,32.98,32.1288,36.4808,40.1336,45.8938,46.8862,42.9719,44.9106,51.9858,59.5052,62.8617,49.9186,47.8879,31.2873,28.821,32.98,34.7113,31.2873,29.6333
2000-02-01 00:00:00,2,72.2,62.8617,54.0892,47.8879,39.2063,35.5913,33.8408,37.3798,42.9719,51.9858,45.8938,40.1336,39.2063,32.1288,21.9557,22.6784,24.9071,28.0184,32.1288,32.98,32.98,27.2257,24.1541,18.4916,20.5408,21.9557,22.6784,24.9071,28.0184,,
2000-01-01 00:00:00,2,54.0892,58.4041,67.4608,79.5687,69.813,53.0329,42.9719,29.6333,24.9071,21.2432,16.0676,14.3388,13.2297,13.2297,12.6884,14.9065,19.167,22.6784,21.9557,23.4112,18.4956,16.661,13.7799,17.8731,26.4429,32.98,46.8862,51.9857,56.2287,69.813,82.0936
1999-12-01 00:00:00,2,6.4992,6.4992,6.4992,6.4992,6.9167,8.6876,9.1548,10.1179,10.1179,10.6136,11.6328,13.2297,16.0676,17.2629,19.167,16.0676,13.2297,11.1186,10.1179,8.23,7.3445,8.6876,13.2297,21.2432,26.4429,25.67,19.167,12.6884,28.821,42.0165,44.9106
1999-11-01 00:00:00,2,4.2182,3.9795,3.75,3.75,3.5295,3.5295,6.0919,18.4916,28.821,34.7113,24.9071,13.7799,12.1561,11.1186,10.1179,9.1548,7.7823,6.9167,6.9167,6.4992,8.6876,21.2432,28.0184,24.1541,17.2629,12.6884,11.6328,10.6136,8.6876,6.9167,
1999-10-01 00:00:00,2,3.9795,3.9795,3.9795,3.9795,3.9795,3.75,3.75,3.75,3.75,3.75,3.5295,3.5295,3.5295,3.5295,3.5295,3.5295,3.5295,3.5295,3.5295,3.9795,4.9334,6.4992,7.7823,8.23,8.6876,8.6876,9.1548,8.6876,7.3445,5.3089,4.2182
1999-09-01 00:00:00,2,3.9795,3.9795,3.9795,3.9795,3.9795,3.75,3.75,3.75,3.75,3.75,3.75,3.75,4.2182,4.2182,5.3089,6.9167,7.7823,7.7823,6.4992,6.0919,4.9334,4.9334,4.5689,4.5689,4.5689,4.2182,4.2182,4.2182,3.9795,3.9795,
1999-08-01 00:00:00,2,4.9334,4.9334,4.9334,4.9334,4.9334,4.9334,4.9334,4.9334,4.9334,4.5689,4.5689,4.5689,4.5689,4.5689,4.5689,4.5689,4.5689,4.5689,4.5689,4.2182,4.2182,4.2182,4.2182,4.2182,4.2182,4.2182,4.2182,4.2182,4.2182,4.2182,3.9795
1999-07-01 00:00:00,2,7.3445,7.3445,7.3445,7.3445,6.9167,6.9167,6.9167,6.9167,7.3445,7.3445,7.7823,7.7823,7.3445,7.3445,7.3445,6.9167,6.9167,6.9167,6.4992,6.4992,6.4992,6.0919,6.0919,5.6951,5.6951,5.6951,5.6951,5.3089,5.3089,5.3089,5.3089
1999-06-01 00:00:00,2,8.23,7.7823,7.7823,7.7823,7.7823,8.23,8.23,8.23,8.23,8.23,8.23,8.23,8.23,8.23,8.23,9.1548,8.6876,8.6876,8.23,8.23,8.23,8.23,8.23,7.7823,7.7823,7.7823,7.7823,7.7823,7.7823,7.3445,
1999-05-01 00:00:00,2,10.6136,10.1179,10.1179,10.1179,10.1179,9.6316,9.6316,11.6328,12.6884,11.1186,10.1179,9.6316,9.6316,9.1548,9.1548,9.1548,9.1548,9.1548,8.6876,8.6876,8.23,8.23,8.23,7.7823,7.7823,7.7823,8.23,8.23,8.23,8.23,8.23
1999-04-01 00:00:00,2,14.3388,14.3388,13.7799,13.2297,12.6884,12.6884,12.6884,12.6884,12.6884,12.6884,12.1561,11.6328,11.6328,13.2297,17.2629,24.9071,31.2873,24.1541,16.661,13.2297,12.6884,12.1561,11.6328,11.1186,11.1186,11.1186,11.1186,11.1186,10.6136,10.6136,
1999-03-01 00:00:00,2,53.0329,68.6326,84.6527,68.6326,46.8862,34.7113,43.9366,68.6326,72.2,65.1437,48.8986,40.1336,34.7113,39.2063,32.1288,27.2257,24.1541,22.6784,19.167,17.8731,16.661,16.661,24.9071,29.6333,32.1288,13.7799,14.9065,19.167,21.9557,15.4828,13.2297
1999-02-01 00:00:00,2,14.3388,13.2297,12.6884,11.1186,10.1179,9.1548,9.1548,16.661,19.8488,13.7799,10.6136,10.6136,16.0676,17.2629,21.2432,26.4429,29.6333,35.5913,32.98,19.167,13.7799,12.1561,11.1186,9.6316,14.3388,21.2432,26.4429,40.1336,,,
1999-01-01 00:00:00,2,16.661,23.4112,30.4554,34.7113,36.4808,36.4808,33.8408,27.2257,20.5408,17.8731,15.4828,13.7799,11.6328,11.1186,10.6136,10.6136,10.1179,9.6316,9.1548,8.6876,8.6876,8.23,8.23,8.23,7.7823,7.3445,9.1548,12.6884,16.0676,21.2432,17.8731
1998-12-01 00:00:00,2,12.6884,9.1548,7.3445,6.9167,6.9167,13.2297,36.4808,53.0329,35.5913,27.2257,17.8731,14.9064,12.1561,10.6136,12.1561,16.661,23.4112,28.821,22.6784,21.9557,16.0676,12.6884,11.6328,10.6136,11.1186,12.1561,12.1561,8.6876,10.1179,11.6328,13.7799
1998-11-01 00:00:00,2,10.6136,12.1561,13.2297,15.4828,19.167,16.661,10.6136,8.23,7.7823,8.23,11.1186,16.0676,13.2297,10.1179,9.6316,8.23,7.7823,6.9167,6.4992,6.9167,6.9167,6.4992,6.0919,5.6951,6.0919,6.9167,8.23,11.6328,14.3388,16.0676,
1998-10-01 00:00:00,2,3.9795,6.0919,5.6951,5.3089,4.9334,4.5689,3.9795,4.5689,4.5689,4.5689,4.9334,4.9334,5.3089,4.9334,4.5689,4.9334,6.9167,9.1548,9.1548,6.4992,5.6951,4.9334,4.5689,4.2182,4.2182,4.5689,4.5689,4.9334,5.3089,5.6951,7.3445
1998-09-01 00:00:00,2,6.9167,7.3445,6.0919,5.3089,4.9334,4.9334,4.5689,4.2182,4.2182,3.9795,3.9795,3.9795,3.75,3.75,3.75,3.5295,3.5295,3.5295,3.5295,3.3178,3.3178,3.3178,3.3178,3.1147,3.3178,3.3178,3.5295,3.5295,3.5295,3.5295,
1998-08-01 00:00:00,2,4.5689,4.5689,4.5689,4.5689,5.3089,5.6951,6.0919,6.9167,7.7823,8.23,8.23,7.3445,6.4992,6.4992,6.0919,5.6951,5.3089,4.9334,4.5689,4.5689,4.5689,4.5689,4.2182,4.2182,4.2182,3.9795,3.9795,3.9795,3.9795,3.9795,4.5689
1998-07-01 00:00:00,2,6.4992,6.9167,6.4992,6.4992,6.4992,6.4992,6.0919,6.0919,6.0919,6.0919,6.0919,6.0919,6.0919,6.0919,6.0919,6.0919,5.6951,5.6951,5.6951,5.6951,5.3089,5.3089,4.9334,4.9334,4.9334,4.9334,4.5689,4.5689,4.5689,4.5689,4.5689
1998-06-01 00:00:00,2,20.5408,13.7799,11.1186,10.1179,10.6136,9.1548,8.23,8.23,7.7823,7.7823,7.7823,7.7823,7.3445,7.3445,7.3445,7.3445,7.3445,7.3445,6.9167,6.9167,6.9167,6.9167,6.9167,6.9167,6.9167,6.9167,6.9167,6.4992,6.4992,6.4992,
1998-05-01 00:00:00,2,9.6316,8.6876,7.7823,8.23,10.6136,12.6884,12.6884,11.6328,9.6316,8.6876,8.23,8.23,7.7823,7.7823,7.7823,7.3445,7.3445,7.3445,7.3445,7.3445,7.3445,6.9167,6.9167,6.9167,6.9167,6.9167,6.9167,6.9167,7.7823,11.1186,16.0676
1998-04-01 00:00:00,2,14.9064,14.3388,13.7799,13.7799,13.2297,11.1186,9.6316,8.6876,8.23,8.23,8.6876,9.1548,9.6316,9.1548,7.7823,7.7823,7.3445,8.23,11.1186,11.6328,10.1179,9.1548,8.6876,8.23,8.23,8.23,7.7823,7.7823,8.23,8.6876,
1998-03-01 00:00:00,2,13.7799,12.6884,12.1561,11.6328,11.1186,10.6136,10.6136,9.6316,9.6316,9.1548,8.6876,8.6876,8.23,11.1186,13.2297,14.9064,11.6328,10.6136,11.6328,11.6328,12.1561,11.1186,12.6884,19.167,18.4916,16.0676,12.1561,14.3388,12.1561,12.6884,13.7799
1998-02-01 00:00:00,2,14.9064,12.6884,12.1561,11.1186,10.6136,10.6136,11.1186,11.6328,10.6136,11.1186,16.661,17.8731,13.7799,12.1561,17.2629,24.1541,32.98,34.7113,42.0165,35.5913,36.4808,40.1336,41.0704,36.4808,30.4554,20.5408,16.0676,13.2297,,,
1998-01-01 00:00:00,2,18.4916,16.661,13.2297,18.4916,21.9557,23.4112,21.9557,21.2432,23.4112,22.6784,23.4112,25.67,24.1541,24.1541,37.3798,39.2063,21.9557,40.1336,50.9476,61.734,40.1336,32.1288,33.8408,27.2257,21.9557,17.8731,16.661,15.4828,14.9064,14.9064,17.2629
1997-12-01 00:00:00,2,46.8862,43.9366,35.5913,21.9557,16.0676,13.7799,16.661,28.821,33.8408,32.1288,31.2873,45.8938,49.9186,55.1544,58.4041,45.8938,41.0704,37.3798,47.8879,50.9476,42.0165,28.821,23.4112,19.8488,18.4916,17.8731,19.167,21.9557,21.9557,24.1541,20.5408
1997-11-01 00:00:00,2,6.9167,6.4992,4.9334,4.5689,4.2182,4.2182,5.3089,5.6951,4.9334,4.9334,4.9334,4.9334,4.9334,5.3089,6.4992,5.6951,4.9334,4.2182,5.6951,6.4992,7.3445,10.1179,10.1179,11.1186,13.2297,16.0676,24.1541,35.5913,44.9106,48.8986,
1997-10-01 00:00:00,2,5.3089,7.7823,6.9167,6.4992,6.0919,5.3089,4.9334,4.9334,4.9334,4.9334,4.5689,4.2182,4.2182,3.9795,3.75,3.75,3.5295,3.3178,3.75,3.75,6.4992,21.2432,29.6333,14.3388,7.7823,8.6876,11.6328,11.1186,7.7823,7.3445,7.3445
1997-09-01 00:00:00,2,5.3089,4.9334,4.9334,4.5689,4.5689,4.5689,4.5689,4.5689,4.5689,4.5689,4.5689,4.5689,4.5689,4.5689,4.5689,4.5689,4.5689,4.5689,4.5689,4.9334,6.4992,13.2297,10.1179,9.6316,6.0919,5.3089,4.9334,4.9334,4.9334,5.3089,
1997-08-01 00:00:00,2,7.3445,7.3445,6.9167,6.9167,6.9167,6.9167,6.9167,6.4992,6.4992,6.4992,6.4992,6.0919,6.0919,6.0919,6.4992,6.4992,6.4992,6.0919,6.0919,6.0919,6.0919,5.6951,5.6951,5.6951,5.6951,5.3089,5.3089,5.3089,5.3089,5.3089,5.3089
1997-07-01 00:00:00,2,9.1548,9.1548,9.1548,8.6876,8.6876,8.6876,8.6876,8.23,8.23,8.23,8.23,8.23,8.23,8.23,8.23,8.23,8.23,7.7823,7.7823,7.7823,7.7823,7.7823,7.3445,7.7823,8.23,7.7823,7.3445,7.3445,7.3445,7.3445,7.3445
1997-06-01 00:00:00,2,11.6328,11.6328,11.6328,11.6328,12.1561,13.7799,13.7799,14.9064,14.9064,14.9064,14.9064,16.661,15.4828,14.9064,14.9064,14.9064,14.9064,14.3388,12.1561,11.1186,11.1186,10.6136,9.6316,9.6316,9.6316,9.6316,9.1548,9.1548,9.1548,9.1548,
1997-05-01 00:00:00,2,14.3388,13.2297,12.6884,12.1561,11.6328,11.1186,11.1186,11.6328,11.6328,11.6328,11.6328,11.6328,11.1186,11.1186,10.6136,10.6136,10.6136,10.6136,10.6136,10.6136,10.6136,10.6136,10.6136,17.2629,12.6884,13.7799,13.7799,12.6884,12.1561,12.1561,11.6328
1997-04-01 00:00:00,2,29.6333,33.8408,33.8408,29.6333,24.1541,21.2432,19.167,17.2629,16.0676,15.4828,14.9064,14.9064,14.3388,13.7799,13.2297,13.2297,13.2297,13.2297,12.6884,13.7799,16.0676,16.0676,15.4828,16.661,22.6784,17.2629,14.3388,16.0676,19.167,17.2629,
1997-03-01 00:00:00,2,42.9719,41.0704,44.9106,66.2979,62.8617,44.9106,31.2873,25.67,24.9071,24.1541,22.6784,21.2432,20.5408,20.5408,23.4112,24.9071,24.9071,24.1541,21.2432,19.167,17.8731,16.661,15.4828,14.9064,14.9064,14.9064,14.3388,13.7799,14.3388,17.2629,21.2432
1997-02-01 00:00:00,2,28.821,35.5913,35.5913,29.6333,28.0184,24.9071,24.1541,22.6784,20.5408,19.8488,17.2629,16.661,16.0676,16.0676,15.4828,14.9064,14.3388,25.67,28.0184,23.4112,17.8731,17.8731,14.9064,17.2629,24.1541,27.2257,28.821,38.2883,,,
1997-01-01 00:00:00,2,28.821,46.8862,292.281,270.091,184.286,117.975,104.92,89.8726,88.5549,72.2,62.8617,38.2883,34.7113,41.0704,42.0165,35.5913,34.7113,36.4808,36.4808,32.1288,27.2257,25.67,25.67,24.1541,23.4112,24.9071,25.67,27.2257,28.0184,24.9071,25.67
1996-12-01 00:00:00,2,12.6884,14.3388,20.5408,24.9071,14.3388,13.2297,12.6884,10.1179,9.6316,9.6316,11.1186,13.7799,13.7799,14.9064,13.7799,13.7799,18.4916,23.4112,23.4112,14.3388,12.6884,13.7799,19.8488,23.4112,24.9071,26.4429,29.6333,25.67,19.8488,24.1541,27.2257
1996-11-01 00:00:00,2,4.5689,6.0919,10.6136,14.3388,21.9557,28.0184,29.6333,19.167,12.1561,8.6876,7.3445,5.6951,4.9334,4.9334,6.4992,10.1179,14.3388,17.2629,20.5408,32.98,35.5913,57.3119,97.955,122.473,84.6527,48.8986,28.0184,19.8488,16.0676,14.3388,
1996-10-01 00:00:00,2,2.7338,2.7338,2.9201,2.9201,3.1147,3.3178,3.3178,3.3178,3.3178,3.1147,2.9201,2.9201,2.9201,2.7338,2.9201,3.1147,3.1147,2.9201,2.7338,2.7338,2.7338,2.7338,3.3178,3.5295,3.75,3.1147,3.1147,3.75,4.9334,4.5689,3.9795
1996-09-01 00:00:00,2,2.9201,3.5295,4.5689,4.9334,5.3089,5.3089,6.0919,5.6951,4.9334,4.2182,3.75,3.75,4.2182,4.5689,3.9795,3.75,3.75,3.5295,3.5295,3.3178,3.1147,2.9201,2.9201,2.7338,2.9201,3.3178,3.3178,3.1147,2.7338,2.7338,
1996-08-01 00:00:00,2,2.9201,3.1147,2.7338,2.7338,2.7338,2.7338,2.7338,2.9201,3.1147,3.1147,3.1147,3.1147,3.3178,3.5295,3.75,3.75,4.2182,4.5689,4.9334,3.9795,3.75,3.3178,3.1147,3.1147,2.9201,2.9201,2.9201,2.7338,2.7338,2.5555,2.5555
1996-07-01 00:00:00,2,4.2182,3.9795,3.75,3.75,3.75,3.75,3.5295,3.5295,3.5295,3.5295,3.5295,3.3178,3.3178,3.3178,3.1147,3.1147,3.1147,3.1147,3.1147,3.1147,2.9201,2.9201,2.9201,2.9201,2.9201,2.9201,2.7338,2.7338,2.7338,2.7338,2.7338
1996-06-01 00:00:00,2,4.9334,4.5689,4.5689,4.5689,4.2182,4.2182,4.2182,4.2182,4.2182,4.2182,4.2182,3.9795,3.9795,3.9795,3.9795,3.9795,3.9795,3.75,3.75,3.75,3.75,3.75,3.75,3.75,3.75,3.75,3.75,3.75,4.5689,4.2182,
1996-05-01 00:00:00,2,4.9334,4.9334,4.9334,4.9334,4.9334,4.5689,4.5689,4.5689,4.5689,4.2182,4.2182,4.2182,4.2182,4.2182,4.5689,4.9334,5.3089,5.6951,6.9167,8.23,7.3445,6.4992,6.9167,8.23,7.7823,6.4992,5.6951,5.3089,5.3089,4.9334,4.9334
1996-04-01 00:00:00,2,9.8256,8.8664,8.4043,8.4043,7.9539,7.9539,7.9539,7.5513,7.5513,7.5513,7.9539,7.5513,8.4043,8.23,9.1548,10.1179,12.1561,13.2297,11.1186,9.1548,8.6876,7.3445,6.9167,6.0919,5.6951,5.6951,5.6951,5.3089,5.3089,4.9334,
1996-03-01 00:00:00,2,10.3227,9.8256,10.8314,12.4268,12.4268,14.7149,13.548,12.4268,11.8835,11.8835,14.1257,14.7149,15.3154,14.7149,15.3154,15.9273,16.5506,15.9273,12.9817,11.8835,14.1257,16.5506,19.8363,18.4882,15.9273,13.548,11.8835,10.8314,10.3227,9.8256,9.8256
1996-02-01 00:00:00,2,10.3227,10.3227,10.3227,10.8314,10.8314,12.4268,12.9817,15.3154,14.7149,14.1257,13.548,12.9817,13.548,14.1257,12.4268,12.4268,11.8835,10.8314,10.3227,10.8314,13.548,14.7149,15.3154,15.9273,16.5506,16.5506,15.3154,14.1257,11.8835,,
1996-01-01 00:00:00,2,77.1326,85.4396,73.1352,43.8892,28.1759,21.9604,23.4432,26.551,29.848,31.5673,32.4446,30.7017,29.848,29.848,24.2024,20.5271,17.8311,15.3154,14.7149,14.1257,12.9817,12.9817,12.4268,11.8835,11.8835,11.8835,11.3517,10.8314,9.8256,9.8256,10.3227
1995-12-01 00:00:00,2,10.8314,10.8314,11.8835,11.3517,10.3227,9.8256,8.8664,7.5513,7.2178,6.8917,6.8917,8.8664,14.1257,25.7563,37.0077,33.3337,27.3575,21.2368,21.2368,21.2368,21.2368,26.551,29.006,32.4446,37.9556,43.8892,37.9556,37.0077,38.9152,41.8645,52.4559
1995-11-01 00:00:00,2,10.8314,14.1257,14.7149,16.5506,19.8363,18.4882,17.1852,13.548,9.8256,11.8835,11.8835,14.7149,15.3154,15.9273,15.9273,14.7149,12.4268,14.1257,18.4882,15.3154,14.7149,12.4268,9.8256,10.8314,10.8314,10.3227,9.3401,8.8664,8.4043,9.8256,
1995-10-01 00:00:00,2,6.2616,6.2616,5.9577,5.6613,5.3722,5.3722,5.3722,5.3722,5.9577,5.9577,6.8917,6.8917,8.4043,8.8664,9.3401,9.8256,7.9539,7.2178,7.5513,8.8664,9.3401,8.8664,7.9539,7.2178,6.5729,6.5729,6.2616,5.9577,7.2178,8.8664,9.8256
1995-09-01 00:00:00,2,3.5578,3.5578,3.5578,3.5578,3.5578,3.5578,3.5578,3.5578,3.5578,3.5578,3.5578,6.2616,6.2616,6.2616,5.9577,5.9577,5.9577,5.9577,5.3722,6.2616,6.5729,6.5729,6.2616,6.2616,5.9577,5.9577,5.6613,6.2616,6.8917,6.2616,
1995-08-01 00:00:00,2,4.2906,4.2906,4.2906,4.2906,4.2906,4.2906,4.2906,4.2906,4.2906,4.2906,4.0389,4.0389,4.0389,4.0389,4.0389,4.0389,4.0389,4.0389,4.0389,4.0389,3.7946,3.7946,3.7946,3.7946,3.7946,3.7946,3.7946,3.7946,3.7946,3.7946,3.7946
1995-07-01 00:00:00,2,4.5498,4.5498,4.5498,4.5498,5.0907,5.0907,5.0907,5.0907,5.0907,5.0907,4.2906,4.2906,4.2906,4.2906,4.2906,4.2906,4.8165,4.8165,4.8165,4.8165,4.5498,4.5498,4.5498,4.5498,4.5498,4.5498,4.5498,4.5498,4.5498,4.5498,4.5498
1995-06-01 00:00:00,2,5.9577,5.6613,5.6613,5.3722,5.3722,5.3722,5.3722,5.3722,5.9577,5.9577,5.0907,5.3722,5.3722,5.3722,5.3722,5.3722,5.3722,5.3722,5.3722,5.3722,5.0907,4.8165,5.3722,5.0907,5.0907,5.0907,5.0907,5.0907,4.8165,5.3722,
1995-05-01 00:00:00,2,6.5729,6.2616,6.2616,5.9577,5.9577,6.5729,7.2178,8.4043,9.8256,9.3401,9.3401,9.3401,8.4043,7.9539,7.2178,6.8917,6.5729,6.5729,6.5729,6.8917,7.5513,7.2178,6.8917,6.5729,7.5513,7.9539,8.8664,7.9539,7.2178,6.2616,5.9577
1995-04-01 00:00:00,2,14.7149,13.548,12.4268,11.8835,9.8256,9.8256,9.3401,8.4043,8.8664,9.3401,9.3401,9.8256,9.8256,8.8664,7.9539,7.5513,7.5513,7.5513,7.2178,6.8917,6.8917,7.2178,6.8917,7.2178,7.9539,7.5513,7.2178,6.8917,6.5729,6.5729,
1995-03-01 00:00:00,2,10.3227,10.3227,9.8256,8.8664,10.8314,13.548,15.3154,14.7149,13.548,11.3517,10.3227,9.8256,10.3227,13.548,15.3154,17.1852,14.7149,11.8835,9.8256,8.8664,8.8664,9.3401,13.548,15.9273,16.5506,15.3154,14.1257,12.4268,11.3517,9.8256,10.8314
1995-02-01 00:00:00,2,18.4882,21.2368,34.2346,51.3442,55.861,34.2346,28.1759,32.4446,54.7143,65.4533,69.2421,58.1893,40.8697,29.848,29.006,28.1759,24.9734,24.2024,21.9604,21.2368,19.8363,17.8311,15.9273,15.3154,12.9817,12.4268,12.4268,11.3517,,,
1995-01-01 00:00:00,2,9.8256,9.8256,14.7149,21.9604,21.9604,17.1852,12.9817,10.8314,9.3401,8.4043,7.2178,7.2178,11.3517,9.8256,8.4043,7.5513,6.5729,5.9577,5.6613,5.3722,5.0907,5.0907,4.8165,4.8165,4.5498,5.3722,7.9539,11.8835,9.8256,9.3401,12.9817
1994-12-01 00:00:00,2,5.3722,4.8165,4.5498,4.0389,3.5578,3.3285,4.0389,5.9577,7.5513,8.4043,8.4043,6.2616,5.0907,4.8165,4.0389,4.5498,4.5498,4.8165,5.0907,5.0907,6.8917,11.8835,21.2368,47.0141,66.7046,58.1893,34.2346,21.2368,17.8311,14.1257,11.8835
1994-11-01 00:00:00,2,4.2906,4.2906,4.0389,3.5578,3.3285,2.2948,2.2948,1.9342,1.4501,1.4501,1.1654,0.9113,0.7958,2.1107,2.4865,3.3285,3.3285,4.8165,5.3722,6.2616,6.5729,5.9577,5.3722,4.2906,4.0389,4.0389,4.2906,4.5498,4.8165,5.9577,
1994-10-01 00:00:00,2,3.1067,3.1067,2.8925,2.8925,2.6857,2.6857,3.3285,3.3285,4.2906,5.0907,5.3722,5.6613,5.3722,4.8165,4.8165,4.5498,4.2906,4.2906,4.0389,3.7946,3.3285,3.1067,3.1067,2.8925,2.4865,2.2948,2.6857,3.3285,4.2906,5.6613,5.6613
1994-09-01 00:00:00,2,4.5498,4.5498,4.5498,4.5498,4.5498,4.5498,4.5498,4.0389,4.0389,4.0389,4.0389,4.0389,3.7946,3.5578,3.3285,3.3285,3.1067,3.1067,3.1067,3.1067,2.8925,2.8925,2.8925,2.8925,2.8925,2.8925,2.6857,2.6857,3.3285,3.3285,
1994-08-01 00:00:00,2,5.6613,5.6613,5.6613,5.6613,5.6613,5.6613,5.6613,5.6613,5.3722,5.3722,5.3722,5.0907,5.0907,5.0907,4.8165,4.8165,4.8165,4.8165,4.8165,4.8165,4.8165,4.8165,4.5498,4.5498,4.5498,4.5498,4.5498,4.5498,4.5498,4.5498,4.5498
1994-07-01 00:00:00,2,7.9539,7.9539,7.5513,7.5513,7.2178,7.2178,7.2178,7.2178,6.8917,6.8917,6.5729,6.5729,6.5729,6.2616,6.2616,6.2616,6.2616,6.2616,6.2616,6.2616,6.2616,6.2616,6.2616,5.9577,5.9577,5.9577,5.9577,5.9577,5.9577,5.6613,5.6613
1994-06-01 00:00:00,2,9.3401,7.9539,7.9539,7.9539,7.9539,7.9539,7.5513,7.5513,7.5513,7.2178,7.2178,7.2178,7.2178,6.8917,6.8917,7.2178,7.2178,7.2178,7.2178,7.2178,6.8917,6.8917,6.8917,7.5513,8.4043,8.8664,8.4043,8.4043,8.4043,8.4043,
1994-05-01 00:00:00,2,7.5513,7.5513,7.2178,6.8917,7.2178,7.5513,7.5513,7.2178,7.2178,6.8917,6.8917,6.8917,6.5729,8.8664,11.3517,17.8311,36.0716,39.8866,28.1759,19.8363,17.8311,14.7149,11.8835,11.3517,10.3227,9.8256,9.3401,9.3401,8.4043,7.5513,7.9539
1994-04-01 00:00:00,2,13.548,13.548,12.9817,12.4268,11.8835,10.8314,10.3227,10.3227,10.3227,9.8256,9.8256,9.8256,9.8256,9.3401,9.3401,11.8835,11.8835,10.8314,10.8314,11.3517,10.8314,9.8256,9.8256,9.8256,9.3401,9.3401,8.8664,8.8664,7.9539,7.5513,
1994-03-01 00:00:00,2,8.4043,10.8314,11.8835,12.9817,15.3154,18.4882,28.1759,32.4446,24.2024,21.9604,24.9734,27.3575,24.2024,23.4432,21.9604,18.4882,15.3154,12.4268,19.8363,21.9604,22.6959,24.2024,27.3575,37.0077,27.3575,20.5271,17.8311,15.9273,15.3154,14.7149,14.1257
1994-02-01 00:00:00,2,21.2368,19.1566,17.8311,18.4882,17.1852,15.9273,13.548,11.8835,11.3517,10.8314,10.3227,10.8314,10.8314,10.8314,10.3227,9.8256,9.8256,9.8256,9.8256,9.3401,8.4043,7.9539,7.5513,7.2178,7.2178,6.8917,7.2178,7.5513,,,
1994-01-01 00:00:00,2,29.848,28.1759,29.006,36.0716,50.2442,52.4559,69.2421,50.2442,49.1558,40.8697,37.9556,34.2346,60.5641,70.5282,73.1352,77.1326,86.8646,73.1352,41.8645,29.848,49.1558,59.3709,52.4559,42.871,37.9556,29.848,25.7563,23.4432,24.9734,32.4446,29.848
1993-12-01 00:00:00,2,8.4043,8.4043,9.8256,9.8256,10.3227,9.3401,7.2178,6.8917,6.2616,7.2178,7.2178,9.3401,10.8314,8.4043,6.8917,6.2616,5.9577,5.6613,6.2616,6.5729,7.5513,10.3227,11.8835,10.8314,10.3227,9.8256,10.8314,13.548,22.6959,24.9734,29.848
1993-11-01 00:00:00,2,5.6613,4.5498,4.2906,4.2906,8.8664,5.9577,5.0907,4.5498,4.2906,5.3722,6.5729,5.6613,4.5498,4.2906,3.3285,3.1067,2.4865,2.1107,3.1067,3.3285,3.3285,3.1067,5.0907,10.3227,15.3154,19.1566,19.8363,25.7563,15.9273,10.8314,
1993-10-01 00:00:00,2,5.9577,5.9577,5.9577,6.2616,6.2616,7.5513,8.8664,7.9539,7.5513,6.5729,5.9577,5.3722,5.0907,4.5498,4.5498,4.5498,4.5498,4.2906,3.7946,4.0389,4.2906,4.0389,4.2906,5.0907,5.6613,6.8917,9.8256,8.4043,8.4043,10.3227,9.3401
1993-09-01 00:00:00,2,5.0907,4.8165,4.8165,4.8165,4.8165,4.5498,4.5498,4.5498,4.5498,4.8165,4.8165,5.3722,5.9577,5.3722,4.8165,4.8165,4.8165,4.8165,4.5498,4.5498,4.5498,4.5498,4.8165,6.8917,9.8256,8.4043,7.2178,6.5729,5.9577,5.9577,
1993-08-01 00:00:00,2,5.9577,5.9577,5.9577,5.9577,5.9577,5.9577,5.9577,5.9577,5.9577,5.9577,5.9577,5.9577,5.9577,5.6613,5.6613,5.6613,5.6613,5.6613,5.9577,5.9577,5.9577,5.9577,5.9577,5.9577,5.9577,5.9577,5.9577,5.9577,5.6613,5.6613,5.3722
1993-07-01 00:00:00,2,7.5513,7.5513,7.5513,7.5513,7.5513,7.5513,6.8917,6.8917,6.8917,6.8917,6.5729,6.5729,6.2616,6.2616,5.9577,5.9577,5.9577,5.9577,5.9577,5.9577,5.9577,5.9577,5.9577,5.9577,5.9577,5.9577,5.9577,5.9577,5.9577,5.9577,5.9577
1993-06-01 00:00:00,2,8.8664,10.3227,12.4268,12.4268,11.8835,17.8311,18.4882,16.5506,15.3154,13.548,12.4268,10.3227,9.8256,9.3401,8.8664,8.4043,8.4043,8.4043,8.4043,7.9539,7.9539,7.9539,7.9539,7.9539,7.9539,7.9539,7.9539,7.9539,7.9539,7.5513,
1993-05-01 00:00:00,2,9.3401,9.3401,9.3401,9.8256,9.8256,10.3227,10.3227,9.8256,9.3401,9.3401,8.8664,8.8664,9.8256,9.8256,9.8256,9.8256,9.8256,9.8256,9.8256,9.8256,9.8256,9.3401,9.3401,8.8664,7.9539,7.9539,7.9539,7.9539,7.5513,7.5513,7.5513
1993-04-01 00:00:00,2,21.2368,24.9734,26.551,28.1759,22.6959,17.8311,15.9273,17.1852,17.1852,15.9273,15.3154,15.3154,15.3154,15.3154,14.7149,14.7149,13.548,11.8835,11.8835,11.3517,10.8314,10.3227,9.3401,8.8664,8.8664,8.8664,8.8664,9.3401,9.3401,9.3401,
1993-03-01 00:00:00,2,24.9734,29.006,29.006,20.5271,17.1852,16.5506,16.5506,15.9273,15.9273,15.3154,15.3154,16.5506,19.8363,18.4882,16.5506,15.9273,15.9273,15.9273,15.3154,15.3154,15.3154,15.3154,16.5506,15.3154,15.3154,19.8363,22.6959,22.6959,20.5271,18.4882,17.8311
1993-02-01 00:00:00,2,12.4268,12.4268,15.3154,19.1566,21.9604,24.9734,29.848,33.3337,27.3575,18.4882,21.2368,30.7017,35.1472,36.0716,34.2346,33.3337,37.9556,27.3575,19.1566,17.8311,17.1852,16.5506,25.7563,33.3337,37.9556,33.3337,30.7017,21.9604,,,
1993-01-01 00:00:00,2,19.8363,19.8363,18.4882,16.5506,15.3154,17.1852,20.5271,24.2024,27.3575,25.7563,25.7563,25.7563,29.848,26.551,20.5271,20.5271,17.831,17.1852,17.831,20.5271,28.1759,34.2346,30.7017,35.1472,37.0077,29.006,25.7563,21.9604,19.8363,17.1852,15.3154
1992-12-01 00:00:00,2,10.8314,11.8835,14.7149,17.1852,21.9604,18.4882,18.4882,14.1257,11.3517,10.8314,18.4882,37.0077,60.5641,60.5641,43.8892,29.848,25.7563,32.4446,37.9556,47.0141,37.0077,32.4446,29.848,21.9604,20.5271,20.5271,28.1759,34.2346,37.0077,23.4432,19.8363
1992-11-01 00:00:00,2,33.3337,38.9152,52.4559,54.7143,91.2086,101.748,73.1352,43.8892,29.848,28.1759,25.7563,25.7563,23.4432,20.5271,18.4882,16.5506,12.4268,12.4268,11.3517,11.3517,10.8314,10.8314,10.3227,10.3227,13.548,13.548,12.4268,11.8835,11.3517,10.8314,
1992-10-01 00:00:00,2,15.3154,14.1257,11.3517,9.8256,7.5513,7.5513,6.8917,8.8664,12.4268,14.7149,16.5506,12.4268,11.8835,11.8835,11.8835,11.8835,11.8835,9.8256,7.9539,7.5513,7.5513,6.8917,6.8917,6.5729,6.5729,6.5729,9.8256,14.1257,18.4882,24.2024,29.848
1992-09-01 00:00:00,2,6.2616,6.2616,5.9577,5.9577,5.9577,5.9577,7.5513,9.8256,9.3401,7.9539,7.5513,7.5513,6.8917,6.8917,6.8917,6.8917,6.5729,7.2178,9.3401,11.3517,8.8664,7.5513,7.5513,7.5513,7.5513,7.5513,9.8256,9.8256,14.1257,15.3154,
1992-08-01 00:00:00,2,7.5513,7.5513,7.5513,7.5513,7.5513,7.5513,7.5513,7.2178,7.2178,7.2178,7.2178,7.2178,7.2178,7.2178,7.2178,7.2178,7.2178,7.2178,6.8917,6.8917,6.8917,6.8917,6.8917,7.2178,7.5513,7.2178,7.2178,7.2178,6.8917,6.5729,6.5729
1992-07-01 00:00:00,2,9.8256,9.8256,9.8256,9.8256,9.3401,9.3401,9.3401,8.8664,8.8664,8.8664,9.8256,9.8256,9.8256,9.3401,9.3401,8.8664,7.9539,7.9539,7.9539,7.9539,7.9539,7.9539,7.9539,7.5513,7.5513,8.4043,7.9539,7.5513,7.5513,7.5513,7.5513
1992-06-01 00:00:00,2,11.3517,11.3517,11.3517,10.8314,10.3227,10.3227,10.3227,10.3227,10.3227,10.3227,10.3227,10.3227,10.3227,9.8256,9.8256,9.8256,9.8256,9.8256,9.8256,9.8256,9.8256,9.8256,9.8256,9.8256,9.8256,9.8256,9.8256,9.8256,9.8256,9.8256,
1992-05-01 00:00:00,2,14.7149,14.1257,14.1257,14.1257,15.3154,18.4882,17.1852,15.3154,15.3154,15.3154,14.7149,14.7149,14.1257,13.548,12.9817,12.4268,11.8835,11.3517,11.3517,10.8314,16.5506,17.8311,15.3154,15.3154,14.1257,12.4268,11.3517,10.8314,10.8314,10.8314,10.8314
1992-04-01 00:00:00,2,16.5506,16.5506,16.5506,16.5506,15.9273,15.3154,16.5506,17.1852,18.4882,17.8311,17.1852,16.5506,15.3154,16.5506,17.8311,20.5271,21.9604,23.4432,21.2368,17.8311,15.3154,15.3154,15.3154,14.7149,15.3154,15.9273,16.5506,15.9273,14.7149,14.7149,
1992-03-01 00:00:00,2,36.0716,37.0077,38.9152,36.0716,28.1759,25.7563,24.2024,21.9604,21.9604,21.9604,21.9604,21.9604,24.2024,24.2024,25.7563,25.7563,23.4432,23.4432,28.1759,32.4446,24.9734,21.9604,20.5271,19.8363,19.1566,19.8363,21.2368,19.8363,19.1566,17.1852,16.5506
1992-02-01 00:00:00,2,73.1352,86.8646,109.622,134.475,142.652,142.652,134.475,126.23,109.622,84.0262,69.2421,62.9855,58.1893,52.4559,41.8645,37.9556,37.0077,36.0716,34.2346,34.2346,34.2346,29.848,28.1759,24.9734,24.2024,24.2024,27.3575,29.848,34.2346,,
1992-01-01 00:00:00,2,14.3931,15.0028,13.2159,13.7975,25.8809,35.1151,32.592,24.239,16.917,12.6482,10.5154,10.5154,16.917,22.6569,28.4567,24.239,24.239,24.239,30.9646,42.3268,58.8805,91.9346,102.153,157.988,152.386,151.077,131.274,94.1623,73.1352,61.769,64.2136
1991-12-01 00:00:00,2,11.0281,10.0163,9.0586,8.1542,7.7218,7.7218,6.8962,5.0569,4.7269,5.7546,9.0586,15.0028,17.5836,20.3949,25.8809,27.583,25.0524,12.6482,10.5154,10.0163,10.0163,8.5997,8.5997,8.1542,7.7218,6.8962,7.3025,8.5997,9.0586,8.5997,9.5307
1991-11-01 00:00:00,2,4.7269,5.0569,5.0569,5.0569,4.7269,4.7269,4.7269,4.7269,4.7269,4.7269,4.7269,4.7269,4.7269,5.3995,5.0569,5.0569,5.0569,6.1223,5.7546,5.3995,5.0569,4.7269,4.4092,4.4092,4.1038,3.0028,2.5232,2.7572,5.3995,11.5544,
1991-10-01 00:00:00,2,9.5307,13.2159,20.3949,18.2647,13.2159,9.5307,11.0281,21.8882,22.6569,16.2647,13.2159,10.0163,8.1542,6.8962,6.1223,5.7546,6.8962,9.0586,12.0944,11.0281,9.5307,10.0163,5.7546,5.7546,5.7546,5.3995,5.3995,4.7269,4.7269,4.4092,4.4092
1991-09-01 00:00:00,2,4.1038,4.1038,3.5293,3.5293,3.5293,3.2601,3.2601,3.2601,3.2601,3.2601,3.2601,3.2601,3.2601,3.2601,3.2601,3.2601,3.5293,3.5293,3.5293,3.8105,3.8105,3.5293,3.5293,3.5293,3.5293,4.4092,6.5028,6.1223,6.8962,8.5997,
1991-08-01 00:00:00,2,5.3995,5.0569,5.0569,4.7269,4.7269,4.7269,4.7269,4.7269,4.7269,4.7269,4.7269,4.4092,4.4092,4.4092,4.4092,4.4092,4.4092,4.4092,4.4092,4.1038,4.1038,4.1038,4.1038,4.1038,4.1038,4.1038,4.1038,4.1038,4.1038,4.1038,4.1038
1991-07-01 00:00:00,2,5.7546,5.7546,5.7546,5.7546,5.7546,5.7546,5.7546,5.7546,5.3995,5.3995,5.3995,5.3995,5.3995,5.3995,5.3995,5.3995,5.0569,5.0569,5.0569,5.0569,5.0569,5.0569,5.0569,5.0569,4.7269,4.7269,4.7269,4.7269,4.7269,5.3995,5.3995
1991-06-01 00:00:00,2,8.1542,8.1542,8.1542,7.7218,7.7218,7.7218,7.7218,7.7218,7.7218,7.3025,7.3025,7.7218,7.7218,7.7218,7.7218,7.7218,7.7218,7.3025,6.8962,6.5028,6.5028,6.5028,6.1223,6.1223,6.1223,6.1223,5.7546,5.7546,5.7546,5.7546,
1991-05-01 00:00:00,2,13.7975,11.0281,10.5154,10.0163,10.0163,10.0163,9.5307,9.5307,9.0586,9.0586,9.0586,9.0586,9.0586,8.5997,8.5997,10.5154,10.0163,10.5154,10.0163,10.0163,9.5307,9.0586,8.5997,8.1542,7.7218,7.7218,7.7218,7.3025,7.3025,8.1542,8.1542
1991-04-01 00:00:00,2,28.4567,35.1151,40.4577,46.1979,35.1151,23.4405,19.6702,15.6266,14.3931,13.7975,12.0944,10.5154,10.5154,10.5154,10.5154,10.5154,10.5154,10.0163,10.0163,10.0163,10.0163,10.0163,9.5307,9.0586,10.0163,15.6266,30.9646,36.852,30.9646,18.9602,
1991-03-01 00:00:00,2,14.3931,13.7975,14.3931,17.5836,22.6569,20.3949,20.3949,18.2647,14.3931,13.7975,11.0281,12.0944,16.917,16.917,13.7975,11.0281,10.5154,10.0163,9.5307,10.5154,11.0281,11.0281,11.0281,11.5544,16.2647,16.2647,16.917,24.239,22.6569,23.4405,27.583
1991-02-01 00:00:00,2,40.4577,36.852,39.5398,38.6328,34.2631,29.3457,23.4405,23.4405,22.6569,32.592,32.592,30.1673,24.239,21.1342,20.3949,18.9602,20.3949,20.3949,23.4405,32.592,26.7244,19.6703,15.6266,15.0028,13.7975,13.2159,18.9602,16.917,,,
1991-01-01 00:00:00,2,5.7546,4.7269,3.5293,5.3995,12.6482,30.1673,28.4567,24.239,15.6266,11.0281,15.0028,18.9602,44.2402,60.0102,56.6548,56.6548,84.98,106.706,70.6851,51.2868,35.1151,31.7728,26.7244,28.4567,28.4567,30.9646,39.5398,65.8277,89.1183,83.6234,61.1512
1990-12-01 00:00:00,2,10.5154,7.3025,5.0569,4.4092,3.2601,3.0028,2.7572,2.5232,3.2601,4.7269,4.4092,9.5307,11.0281,8.5997,7.7218,6.8962,10.0163,10.5154,8.5997,5.7546,7.7218,8.5997,6.5028,6.1223,5.7546,6.1223,8.5997,6.5028,5.7546,5.7546,6.1223
1990-11-01 00:00:00,2,2.5232,2.0897,1.8899,2.5232,2.7572,3.8105,8.5997,8.5997,6.5028,5.0569,4.4092,3.0028,2.5232,2.0897,1.7012,1.3567,1.2006,0.8937,0.983,1.2006,1.7012,3.5293,3.8105,3.8105,3.8105,6.1223,7.7218,18.2647,18.9602,15.0028,
1990-10-01 00:00:00,2,3.2601,3.2601,3.0028,3.0028,3.0028,3.0028,3.0028,3.0028,2.7572,2.5232,2.5232,2.3008,2.3008,2.3008,2.0897,4.7269,6.1223,6.1223,4.7269,4.7269,4.4092,6.1223,6.5028,4.7269,4.1038,4.4092,4.4092,4.1038,3.8105,3.8105,3.0028
1990-09-01 00:00:00,2,5.3995,5.3995,5.3995,5.3995,5.0569,4.7269,4.7269,4.4092,4.4092,4.4092,4.1038,4.1038,3.8105,3.8105,5.3995,8.5997,11.0281,8.1542,6.1223,4.4092,4.1038,4.1038,4.1038,4.1038,4.1038,3.5293,3.5293,3.5293,3.2601,3.2601,
1990-08-01 00:00:00,2,4.7269,4.4092,4.4092,4.1038,4.1038,4.1038,4.1038,4.1038,4.1038,4.7269,4.7269,4.7269,4.7269,4.7269,4.4092,4.4092,4.4092,6.1223,7.3025,8.5997,7.7218,6.5028,6.1223,5.3995,4.7269,4.7269,4.7269,4.7269,5.7546,5.7546,5.3995
1990-07-01 00:00:00,2,4.7269,5.0569,5.3995,5.3995,5.3995,5.7546,5.7546,5.7546,6.1223,6.1223,6.1223,6.1223,5.7546,5.7546,5.7546,5.7546,5.3995,4.7269,4.7269,4.7269,4.7269,4.7269,4.7269,4.7269,4.7269,4.7269,4.7269,4.7269,4.7269,4.7269,4.7269
1990-06-01 00:00:00,2,6.1223,6.1223,6.1223,6.1223,5.7546,5.7546,5.7546,5.7546,5.7546,6.1223,6.1223,5.3995,5.3995,5.3995,5.3995,5.3995,5.3995,5.3995,5.0569,5.0569,4.7269,4.7269,4.7269,4.7269,4.7269,4.7269,4.7269,4.7269,4.7269,4.7269,
1990-05-01 00:00:00,2,6.1223,6.8962,8.5997,10.0163,10.5154,9.5307,8.5997,8.1542,7.7218,6.8962,7.3025,7.7218,8.5997,8.1542,7.3025,6.8962,6.5028,8.5997,12.0944,10.0163,8.5997,7.7218,6.8962,6.8962,6.5028,6.1223,6.1223,5.7546,5.7546,5.7546,5.7546
1990-04-01 00:00:00,2,8.5997,8.5997,8.5997,7.3025,6.5028,6.5028,6.5028,6.1223,5.7546,10.0163,14.3931,15.0028,13.2159,10.5154,8.5997,9.0586,16.917,20.3949,15.6266,11.0281,10.0163,9.0586,8.5997,8.5997,8.5997,8.5997,7.7218,7.3025,6.5028,6.5028,
1990-03-01 00:00:00,2,27.583,30.9646,31.7728,22.6569,13.7975,11.0281,11.5544,11.5544,10.0163,9.5307,9.0586,9.0586,8.5997,8.1542,10.0163,10.0163,9.0586,9.0586,10.0163,10.0163,10.0163,10.5154,13.7975,15.6266,16.917,16.2647,11.0281,10.0163,10.0163,9.5307,9.5307
1990-02-01 00:00:00,2,9.0586,8.5997,8.5997,8.1542,7.7218,7.3025,7.3025,7.3025,7.3025,6.8962,6.8962,8.5997,11.0281,10.5154,18.2647,21.1342,21.8882,17.5836,13.7975,10.5154,10.0163,8.5997,10.0163,13.2159,16.2647,18.9602,20.3949,27.583,,,
1990-01-01 00:00:00,2,37.7369,41.3867,44.2402,56.6548,60.0102,53.4004,35.1151,26.7244,24.239,21.8882,16.917,16.2647,16.2647,15.6266,14.3931,12.0944,11.0281,11.0281,11.0281,10.5154,10.0163,10.0163,9.5307,9.0586,9.5307,10.0163,10.0163,12.6482,11.0281,10.0163,9.5307
1989-12-01 00:00:00,2,10.0163,8.5997,6.5028,5.7546,5.0569,4.7269,4.7269,4.7269,4.4092,4.4092,5.3995,24.239,49.2178,56.6548,56.6548,49.2178,41.3867,38.6328,26.7244,26.7244,39.5398,42.3268,36.852,31.7728,20.3949,16.2647,14.3931,13.7975,14.3931,24.239,30.9646
1989-11-01 00:00:00,2,4.7269,4.4092,4.7269,4.7269,6.5028,5.3995,4.7269,3.5293,3.5293,4.7269,6.1223,8.5997,18.9602,24.239,20.3949,13.7975,8.5997,12.6482,26.7244,18.9602,15.0028,11.0281,11.0281,11.0281,11.0281,8.5997,6.8962,11.0281,11.0281,10.5154,
1989-10-01 00:00:00,2,6.1223,5.7546,5.3995,4.7269,4.4092,4.1038,3.8105,3.8105,3.8105,3.8105,3.5293,3.5293,3.8105,5.0569,4.1038,3.2601,5.0569,6.5028,6.1223,4.7269,4.7269,4.1038,4.4092,4.4092,4.1038,3.2601,2.7572,3.2601,7.3025,5.7546,5.3995
1989-09-01 00:00:00,2,5.3995,5.3995,4.7269,4.4092,4.1038,4.1038,4.4092,5.0569,4.4092,4.1038,4.1038,4.1038,3.8105,3.8105,4.1038,4.1038,4.1038,3.8105,3.5293,3.2601,3.2601,3.0028,2.7572,2.7572,2.5232,2.5232,4.4092,4.7269,6.1223,6.1223,
1989-08-01 00:00:00,2,11.0281,10.0163,7.3025,6.5028,6.5028,5.7546,5.7546,5.7546,5.0569,4.7269,4.7269,4.7269,4.7269,4.7269,4.4092,4.4092,4.4092,4.4092,4.4092,4.4092,4.1038,4.1038,4.1038,4.1038,4.1038,4.4092,4.7269,5.3995,9.5307,8.1542,6.1223
1989-07-01 00:00:00,2,6.8962,6.8962,6.5028,6.5028,6.5028,6.5028,6.5028,5.3995,5.3995,5.3995,5.3995,5.3995,5.0569,5.0569,5.0569,5.0569,5.0569,5.0569,4.7269,4.7269,4.7269,4.4092,4.4092,4.4092,4.7269,4.7269,4.7269,6.5028,6.5028,7.7218,8.5997
1989-06-01 00:00:00,2,6.1223,6.1223,6.1223,6.1223,6.1223,6.1223,6.1223,5.7546,5.7546,6.1223,8.5997,10.0163,10.0163,8.5997,7.7218,6.8962,6.5028,6.5028,6.1223,6.1223,6.1223,6.1223,6.1223,6.1223,6.5028,6.8962,6.8962,6.8962,6.8962,6.8962,
1989-05-01 00:00:00,2,8.1542,8.1542,8.1542,8.5997,8.5997,9.0586,9.0586,9.0586,9.0586,9.0586,8.5997,8.5997,8.1542,7.7218,7.7218,7.7218,7.7218,6.1223,6.1223,6.1223,6.1223,6.1223,6.1223,6.5028,6.5028,6.1223,6.1223,6.1223,6.1223,6.1223,6.1223
1989-04-01 00:00:00,2,10.5154,10.5154,10.5154,10.5154,10.5154,10.0163,10.0163,10.5154,10.5154,10.5154,10.0163,10.0163,10.5154,10.5154,11.0281,11.0281,10.0163,9.5307,9.0586,10.0163,10.0163,9.5307,9.5307,8.5997,8.5997,8.5997,8.5997,8.5997,8.1542,8.1542,
1989-03-01 00:00:00,2,18.9602,32.592,46.1979,51.2868,49.2178,39.5398,32.592,30.9646,30.9646,26.7244,24.239,20.3949,17.5836,32.592,30.9646,30.9646,30.9646,26.7244,20.3949,16.917,15.6266,15.0028,15.0028,13.7975,13.2159,12.0944,11.5544,11.5544,11.0281,11.0281,10.5154
1989-02-01 00:00:00,2,8.5997,8.1542,8.1542,8.5997,9.0586,9.0586,12.0944,19.6703,18.9602,35.1151,41.3867,46.1979,39.5398,32.592,31.7728,32.592,32.592,32.592,26.7244,24.239,18.9602,13.7975,13.7975,15.0028,17.5836,21.8882,18.9602,13.7975,,,
1989-01-01 00:00:00,2,11.0281,11.0281,11.0281,18.2647,24.239,30.9646,28.4567,24.239,30.1673,29.3457,24.239,22.6569,16.917,18.2647,28.4567,20.3949,28.4567,30.9646,32.592,36.852,22.6569,16.917,12.6482,11.0281,10.0163,9.5307,10.0163,10.0163,10.0163,10.0163,9.0586
1988-12-01 00:00:00,2,6.8962,7.3025,8.5997,8.5997,7.7218,6.1223,5.3995,5.3995,5.3995,6.1223,8.1542,9.0586,9.0586,7.3025,11.0281,13.7975,18.9602,20.3949,13.7975,11.0281,11.0281,12.6482,13.7975,20.3949,20.3949,24.239,26.7244,24.239,11.0281,10.5154,10.5154
1988-11-01 00:00:00,2,6.1223,6.1223,6.1223,6.5028,9.5307,12.0944,10.5154,8.1542,7.3025,6.5028,5.7546,5.7546,5.7546,5.7546,15.6266,18.9602,14.3931,9.0586,6.8962,6.8962,5.7546,5.3995,6.8962,11.5544,24.239,16.917,10.0163,8.5997,8.5997,8.1542,
1988-10-01 00:00:00,2,5.3995,5.3995,4.4092,4.1038,5.0569,5.7546,6.8962,5.3995,4.4092,4.4092,4.1038,4.7269,4.7269,4.7269,4.4092,3.8105,3.8105,4.1038,4.7269,5.3995,6.5028,7.7218,8.5997,9.5307,8.1542,6.5028,9.5307,10.0163,8.5997,8.1542,7.7218
1988-09-01 00:00:00,2,3.2601,3.0028,3.0028,3.0028,3.0028,3.0028,3.0028,2.7572,2.7572,2.7572,2.7572,2.7572,2.7572,2.7572,2.7572,2.5232,2.5232,2.5232,2.3008,2.3008,2.3008,2.3008,2.3008,2.0897,2.0897,2.0897,2.0897,2.0897,1.8899,1.8899,
1988-08-01 00:00:00,2,4.4092,4.4092,4.4092,4.7269,4.7269,4.7269,4.7269,4.7269,4.7269,4.7269,4.7269,4.4092,4.4092,4.4092,4.4092,4.1038,4.1038,4.1038,3.8105,3.8105,3.8105,3.8105,3.8105,3.8105,3.5293,3.2601,3.2601,3.2601,3.2601,3.2601,3.2601
1988-07-01 00:00:00,2,5.3995,5.3995,5.3995,5.3995,5.3995,5.0569,5.0569,5.0569,5.0569,4.7269,5.0569,5.0569,5.0569,4.7269,4.7269,4.7269,4.7269,4.7269,4.7269,4.7269,4.7269,4.7269,4.7269,4.7269,4.7269,4.7269,4.7269,4.7269,4.4092,4.4092,4.4092
1988-06-01 00:00:00,2,8.1542,8.1542,7.3025,6.8962,7.7218,7.7218,7.7218,7.3025,6.8962,6.8962,6.5028,6.5028,6.5028,6.1223,6.1223,6.5028,6.5028,6.1223,6.1223,6.1223,6.1223,6.1223,6.1223,5.7546,5.7546,5.3995,5.3995,5.3995,5.3995,5.3995,
1988-05-01 00:00:00,2,8.1542,8.1542,8.1542,8.1542,7.7218,7.7218,7.3025,7.3025,7.3025,7.3025,6.8962,6.8962,6.5028,6.5028,6.5028,6.5028,6.8962,7.7218,8.5997,9.0586,8.1542,7.7218,7.3025,6.8962,6.8962,6.8962,7.3025,7.7218,7.7218,6.8962,7.7218
1988-04-01 00:00:00,2,10.5154,11.0281,11.0281,11.5544,12.6482,11.0281,11.0281,11.0281,10.5154,10.5154,9.5307,9.5307,9.5307,10.0163,10.0163,10.0163,10.0163,10.0163,10.0163,10.5154,10.5154,9.0586,9.0586,9.0586,9.0586,8.5997,8.5997,8.5997,8.1542,8.1542,
1988-03-01 00:00:00,2,10.5154,10.0163,15.6266,39.5398,46.1979,49.2178,46.1979,28.4567,24.239,18.2647,16.2647,15.0028,13.7975,13.7975,11.0281,11.0281,11.0281,11.5544,16.2647,18.9602,21.1342,16.2647,15.6266,15.6266,10.5154,10.0163,9.0586,8.5997,8.5997,10.5154,10.5154
1988-02-01 00:00:00,2,6.5028,8.5997,12.6482,22.6569,24.239,25.8809,27.583,27.583,36.852,37.7369,35.1151,36.852,46.1979,35.1151,26.7244,20.3949,24.239,32.592,36.852,32.592,32.592,24.239,20.3949,19.6702,16.2647,15.6266,15.0028,13.7975,12.6482,,
1988-01-01 00:00:00,2,24.239,27.583,22.6569,16.2647,15.0028,15.6266,16.2647,18.9602,17.5836,18.9602,22.6569,26.7244,24.239,21.8882,15.0028,13.2159,12.6482,11.0281,10.5154,10.5154,9.5307,9.5307,8.5997,8.5997,8.5997,7.7218,7.3025,6.8962,6.8962,6.5028,6.5028
1987-12-01 00:00:00,2,9.3743,9.3743,11.0867,12.1565,13.2749,15.0438,16.2839,20.2956,21.7299,29.6273,41.6987,66.757,54.6467,49.0414,43.7365,32.2321,25.5274,18.2352,38.7322,65.8277,91.9346,94.7967,55.5588,35.1151,22.6569,18.9602,15.6266,13.7975,11.0281,10.0163,18.9602
1987-11-01 00:00:00,2,17.5726,13.2749,6.3763,6.8284,6.8284,5.9427,5.9427,5.9427,5.9427,4.1038,3.2601,4.7499,4.7499,4.7499,6.3763,14.442,19.5967,12.1565,11.0867,12.1565,9.3743,7.2992,7.2992,7.7889,8.2978,8.2978,9.3743,9.3743,10.5304,10.5304,
1987-10-01 00:00:00,2,6.8284,6.8284,6.8284,6.8284,6.8284,6.8284,6.8284,6.8284,6.8284,5.9427,5.5273,5.1298,4.7499,4.1038,3.8105,3.8105,3.8105,3.8105,4.1038,4.4092,4.4092,5.5273,7.7889,9.3743,9.9423,8.8262,7.7889,7.7889,8.8262,12.1565,16.9222
1987-09-01 00:00:00,2,6.3763,6.3763,6.3763,6.3763,6.3763,6.3763,6.3763,6.8284,6.8284,6.8284,6.8284,6.8284,6.8284,6.3763,6.3763,6.3763,6.3763,7.2992,11.6155,14.442,14.442,13.8524,9.3743,10.5304,14.442,12.1565,9.3743,7.7889,7.7889,7.7889,
1987-08-01 00:00:00,2,7.2992,7.2992,7.2992,6.8284,6.8284,6.8284,6.8284,6.8284,6.8284,6.8284,6.3763,6.3763,6.3763,6.3763,6.3763,5.9427,5.9427,5.9427,5.9427,5.9427,5.9427,5.9427,5.9427,5.9427,5.9427,5.9427,5.9427,5.9427,5.9427,5.9427,5.9427
1987-07-01 00:00:00,2,8.2978,8.2978,8.2978,8.2978,8.2978,8.2978,8.2978,8.2978,8.2978,8.2978,8.2978,8.2978,8.2978,8.2978,8.2978,8.2978,8.2978,8.2978,8.2978,8.2978,7.7889,7.7889,7.7889,7.7889,7.7889,7.7889,7.7889,7.7889,7.7889,7.7889,7.7889
1987-06-01 00:00:00,2,10.5304,10.5304,9.9423,9.3743,9.3743,9.3743,9.3743,9.3743,12.1565,12.1565,9.9423,9.3743,9.3743,9.3743,9.3743,9.3743,9.3743,8.8262,8.8262,8.8262,8.8262,8.8262,8.8262,8.8262,8.8262,8.8262,8.8262,8.8262,8.8262,8.8262,
1987-05-01 00:00:00,2,12.1565,12.1565,12.1565,12.1565,12.1565,12.1565,12.1565,12.1565,12.1565,11.6155,11.6155,11.6155,11.6155,11.6155,10.5304,9.9423,9.9423,9.9423,10.5304,11.6155,12.1565,13.2749,13.2749,9.9423,11.139,11.6155,11.6155,11.6155,11.6155,10.5304,10.5304
1987-04-01 00:00:00,2,11.139,11.139,12.7096,19.5967,34.029,43.7365,52.3685,58.1539,49.0414,26.3232,21.0067,18.2352,18.2352,16.2839,15.0438,15.0438,14.442,13.8524,13.8524,13.8524,12.1565,12.1565,12.7096,13.2749,13.2749,12.1565,12.1565,12.1565,12.1565,12.1565,
1987-03-01 00:00:00,2,14.442,13.8524,13.8524,13.2749,12.1565,12.1565,12.1565,12.1565,13.8524,21.7299,34.9455,37.7675,28.7831,18.2352,18.2352,21.0067,18.9099,16.9222,15.0438,15.0438,15.6578,18.2352,21.7299,15.6578,13.8524,13.2749,13.2749,12.1565,12.1565,12.1565,11.139
1987-02-01 00:00:00,2,23.2126,21.0067,18.9099,21.0067,20.2956,20.2956,20.2956,18.2352,36.8148,38.7322,44.7734,34.029,27.1311,21.0067,20.2956,20.2956,22.4652,29.6273,36.8148,35.8741,31.3518,23.9721,21.0067,19.5967,18.2352,16.2839,15.0438,15.0438,,,
1987-01-01 00:00:00,2,113.548,77.3076,56.9728,42.7115,38.7322,34.9455,28.7831,27.1311,23.2126,21.7299,21.7299,35.8741,28.7831,28.7831,22.4652,22.4652,22.4652,28.7831,27.9511,30.4835,31.3518,36.8148,36.8148,34.029,32.2321,45.8224,41.6987,35.8741,36.8148,32.2321,26.3232
1986-12-01 00:00:00,2,25.5274,24.7437,27.1311,34.9455,32.2321,23.2126,10.5304,10.5304,10.5304,11.139,12.1565,12.7096,12.7096,15.6578,21.7299,24.7437,18.9099,14.442,12.1565,11.139,11.139,10.5304,11.6155,18.9099,32.2321,118.561,126.546,193.048,238.158,177.85,142.652
1986-11-01 00:00:00,2,4.7499,4.7499,4.7499,5.5273,5.1298,5.9427,5.1298,4.7499,4.7499,4.4092,4.4092,5.5273,8.8262,15.0438,11.6155,8.8262,7.2992,5.9427,5.5273,5.1298,4.7499,4.7499,4.4092,4.4092,5.1298,7.2992,7.2992,9.3743,15.0438,15.0438,
1986-10-01 00:00:00,2,5.5273,5.5273,5.5273,5.1298,5.1298,5.1298,4.7499,4.7499,4.7499,4.7499,4.7499,4.4092,4.4092,4.7499,4.7499,4.4092,4.4092,4.4092,4.4092,4.4092,4.4092,4.7499,4.7499,5.9427,6.8284,5.9427,4.7499,4.7499,4.7499,4.4092,4.4092
1986-09-01 00:00:00,2,8.8262,8.8262,8.8262,8.8262,8.8262,8.8262,8.8262,8.8262,8.8262,8.8262,8.8262,8.2978,7.7889,7.7889,7.7889,7.7889,7.7889,7.2992,7.2992,6.3763,5.9427,5.9427,5.5273,5.5273,5.5273,5.5273,5.5273,5.5273,5.5273,5.5273,
1986-08-01 00:00:00,2,8.8262,11.6155,11.6155,10.5304,9.3743,8.8262,8.2978,7.7889,8.2978,8.2978,8.2978,8.2978,8.2978,8.8262,9.3743,10.5304,10.5304,9.9423,9.3743,8.8262,9.3743,11.139,15.6578,14.442,13.2749,13.2749,11.6155,11.6155,11.139,11.139,10.5304
1986-07-01 00:00:00,2,8.2978,8.8262,9.3743,9.9423,10.5304,9.9423,8.8262,8.8262,8.2978,8.2978,8.2978,8.2978,8.2978,8.2978,8.2978,7.7889,7.7889,7.2992,7.7889,7.7889,7.7889,7.7889,8.2978,12.1565,15.6578,13.2749,10.5304,9.9423,8.8262,8.8262,8.8262
1986-06-01 00:00:00,2,11.139,11.139,9.9423,8.8262,8.8262,8.8262,8.2978,8.2978,8.2978,8.2978,8.8262,8.8262,8.8262,8.8262,8.2978,8.2978,8.2978,8.2978,8.2978,8.8262,8.2978,7.2992,7.2992,7.2992,7.2992,7.2992,7.7889,8.8262,8.8262,8.8262,
1986-05-01 00:00:00,2,9.9423,9.9423,9.9423,9.9423,9.9423,9.3743,9.3743,9.3743,9.3743,9.3743,9.9423,9.9423,11.139,13.8524,12.1565,10.5304,9.9423,9.3743,8.8262,9.3743,9.3743,10.5304,12.1565,11.139,9.9423,9.3743,9.3743,8.8262,8.8262,8.8262,9.3743
1986-04-01 00:00:00,2,15.0438,14.442,13.8524,13.8524,13.8524,13.8524,13.2749,12.7096,12.7096,12.7096,12.7096,12.7096,12.7096,12.1565,11.6155,11.139,11.139,11.139,11.139,11.139,11.139,10.5304,10.5304,10.5304,10.5304,9.9423,10.5304,12.1565,11.6155,11.139,
1986-03-01 00:00:00,2,21.0067,24.7437,28.7831,29.6273,30.4835,23.2126,21.0067,20.2956,21.7299,21.0067,21.0067,18.9099,17.5726,16.9222,15.6578,15.0438,15.0438,15.0438,15.0438,16.9222,18.9099,18.2352,15.6578,14.442,15.0438,18.2352,18.9099,18.2352,23.2126,21.7299,17.5726
1986-02-01 00:00:00,2,23.2126,21.0067,21.0067,27.1311,29.6273,34.029,34.9455,38.7322,34.029,31.3518,23.9721,20.2956,23.9721,47.9564,64.239,59.3469,52.3685,54.6467,59.3469,54.6467,51.2475,47.9564,31.3518,26.3232,24.7437,23.9721,20.2956,20.2956,,,
1986-01-01 00:00:00,2,41.6987,52.3685,34.029,27.9511,23.9721,32.2321,38.7322,38.7322,41.6987,45.8224,49.0414,49.0414,49.0414,64.239,73.2614,99.1521,85.7229,54.6467,32.2321,27.1311,25.5274,25.5274,23.9721,18.2352,19.5967,18.2352,20.2956,25.5274,29.6273,35.8741,30.4835
1985-12-01 00:00:00,2,16.9222,13.2749,13.2749,18.2352,23.9721,25.5274,21.0067,21.0067,14.442,11.6155,9.9423,8.8262,8.2978,7.2992,7.2992,8.8262,8.8262,10.5304,8.2978,7.7889,13.2749,20.2956,13.8524,12.7096,21.7299,21.0067,26.3232,46.8834,78.6803,70.6237,44.7734
1985-11-01 00:00:00,2,15.6578,16.2839,17.5726,24.7437,32.2321,23.9721,18.2352,11.6155,9.9423,9.3743,10.5304,12.1565,11.139,8.8262,7.7889,6.8284,6.8284,6.8284,6.8284,6.3763,6.8284,7.2992,9.9423,11.139,11.139,12.1565,11.6155,10.5304,12.7096,13.8524,
1985-10-01 00:00:00,2,15.6578,16.2839,15.6578,12.1565,9.3743,9.3743,9.3743,9.3743,9.3743,9.3743,9.3743,9.3743,8.2978,7.7889,7.2992,6.8284,6.8284,6.8284,6.3763,5.9427,5.5273,5.5273,5.1298,5.9427,6.3763,8.2978,9.9423,12.1565,10.5304,11.139,15.0438
1985-09-01 00:00:00,2,9.3743,9.3743,9.3743,9.3743,9.3743,11.139,16.2839,16.9222,15.0438,13.8524,9.3743,9.3743,9.3743,8.8262,9.3743,9.3743,9.3743,9.3743,9.3743,9.3743,9.3743,9.3743,9.3743,9.3743,12.1565,16.9222,9.3743,9.9423,10.5304,16.2839,
1985-08-01 00:00:00,2,9.3743,9.3743,9.3743,9.3743,9.3743,9.3743,8.8262,8.2978,8.2978,8.2978,8.2978,8.2978,8.8262,9.3743,9.3743,9.3743,9.3743,9.3743,9.3743,9.3743,9.3743,9.3743,9.3743,9.3743,9.3743,9.3743,9.3743,9.3743,9.3743,9.3743,9.3743
1985-07-01 00:00:00,2,12.1565,12.1565,12.1565,12.1565,12.1565,12.1565,12.1565,12.1565,12.1565,12.1565,12.1565,12.1565,12.1565,12.1565,12.1565,12.1565,11.139,9.9423,9.9423,9.9423,9.3743,9.3743,9.3743,9.3743,9.3743,9.3743,9.3743,9.3743,9.3743,9.3743,9.3743
1985-06-01 00:00:00,2,14.442,14.442,14.442,14.442,15.0438,15.0438,15.0438,15.0438,15.0438,15.0438,14.442,13.8524,13.8524,13.8524,13.8524,13.8524,13.8524,13.8524,13.8524,13.2749,13.2749,13.2749,13.2749,12.7096,12.7096,12.7096,12.7096,12.7096,12.7096,12.1565,
1985-05-01 00:00:00,2,18.2352,21.0067,21.0067,20.2956,20.2956,20.2956,20.2956,20.2956,20.2956,20.2956,18.9099,16.9222,16.9222,16.9222,16.2839,16.2839,16.2839,16.2839,15.6578,15.6578,15.6578,15.6578,15.6578,15.0438,15.0438,15.0438,15.0438,15.0438,15.0438,15.0438,15.0438
1985-04-01 00:00:00,2,38.7322,38.7322,34.029,29.6273,29.6273,29.6273,22.4652,28.7831,24.7437,21.7299,21.7299,21.7299,23.9721,23.9721,21.7299,21.7299,21.7299,25.5274,29.6273,29.6273,27.9511,25.5274,25.5274,21.7299,21.7299,21.7299,21.0067,18.2352,18.2352,18.2352,
1985-03-01 00:00:00,2,78.6803,84.2905,69.3228,73.2614,74.5982,73.2614,70.6237,61.769,58.1539,55.8037,52.3685,47.9564,46.8834,47.9564,49.0414,51.2475,53.5016,54.6467,54.6467,54.6467,50.1384,47.9564,44.7734,40.6978,40.6978,39.709,29.6273,49.0414,38.7322,29.6273,29.6273
1985-02-01 00:00:00,2,107.03,105.431,71.9365,61.769,50.1384,44.7734,46.8834,50.1384,47.9564,50.1384,52.3685,54.6467,47.9564,37.7675,34.029,31.3518,28.7831,27.1311,26.3232,24.7437,23.9721,23.9721,28.7831,38.7322,47.9564,51.2475,49.0414,60.552,,,
1985-01-01 00:00:00,2,38.7322,34.9455,30.4835,31.3518,37.7675,42.7115,49.0414,38.7322,107.03,151.077,134.475,113.548,102.268,91.5721,87.1673,81.4615,49.0414,41.6987,29.6273,46.8834,73.2614,54.6467,49.0414,49.0414,110.265,177.85,217.05,183.474,152.792,126.546,107.03
1984-12-01 00:00:00,2,40.6978,38.7322,43.7365,49.0414,47.9564,46.8834,40.6978,43.7365,80.0649,60.552,49.0414,52.3685,43.7365,38.7322,38.7322,51.2475,60.552,51.2475,49.0414,43.7365,38.7322,38.7322,30.4835,29.6273,29.6273,21.7299,21.7299,21.7299,25.5274,38.7322,40.6978
1984-11-01 00:00:00,2,9.3743,9.3743,9.3743,9.3743,9.3743,8.8262,7.2992,5.5273,4.7499,5.5273,5.5273,5.5273,5.9427,6.8284,6.8284,6.8284,6.8284,5.9427,9.9423,10.5304,15.0438,38.7322,43.7365,38.7322,24.7437,21.7299,29.6273,31.3518,29.6273,29.6273,
1984-10-01 00:00:00,2,9.9423,9.9423,9.3743,9.3743,9.3743,9.3743,9.3743,9.3743,9.3743,9.3743,9.3743,9.3743,9.3743,9.3743,9.3743,9.9423,12.1565,14.442,15.0438,16.2839,25.5274,29.6273,23.2126,15.0438,16.2839,11.6155,9.9423,9.3743,9.3743,9.3743,9.3743
1984-09-01 00:00:00,2,10.6319,10.6319,10.6319,10.6319,10.6319,10.6319,10.6319,10.6319,10.6319,10.6319,10.6319,10.6319,10.6319,10.6319,10.1654,7.5265,7.5265,7.1145,7.1145,7.1145,9.2548,11.587,11.6155,9.9423,9.3743,9.9423,10.5304,13.8524,12.1565,9.9423,
1984-08-01 00:00:00,2,6.7108,6.7108,6.7108,6.7108,6.7108,6.7108,6.7108,6.7108,6.7108,6.7108,6.7108,6.7108,6.7108,6.7108,6.7108,6.7108,7.1145,7.1145,7.1145,7.5265,7.5265,7.9467,7.9467,7.9467,7.9467,7.9467,7.9467,7.9467,9.2548,10.6319,10.6319
1984-07-01 00:00:00,2,7.9467,7.9467,7.9467,7.1145,7.1145,7.1145,7.1145,7.1145,7.1145,7.1145,7.1145,7.1145,7.1145,7.1145,7.1145,7.1145,7.1145,7.1145,7.1145,7.1145,7.1145,7.1145,7.1145,7.1145,7.1145,7.1145,7.1145,7.1145,6.7108,6.7108,6.7108
1984-06-01 00:00:00,2,11.1058,11.1058,11.1058,11.1058,10.6319,10.6319,10.6319,10.6319,10.6319,10.6319,10.6319,10.6319,10.6319,10.6319,10.6319,10.6319,10.6319,8.3749,8.3749,8.3749,8.3749,8.3749,8.3749,8.3749,8.3749,8.3749,8.3749,8.3749,8.3749,7.9467,
1984-05-01 00:00:00,2,17.3363,22.6198,25.7642,17.3363,16.7804,16.2309,17.3363,13.0732,12.5708,13.0732,13.0732,12.5708,11.587,11.587,11.587,11.587,12.0753,12.5708,12.0753,11.587,11.587,11.587,11.587,11.1058,11.1058,11.1058,11.1058,11.1058,11.1058,11.1058,11.1058
1984-04-01 00:00:00,2,29.0508,40.1863,39.2734,23.237,29.0508,28.3823,29.0508,33.9665,29.0508,25.7642,22.6198,23.237,17.3363,16.7804,22.6198,22.6198,22.0084,22.0084,16.2309,13.0732,13.0732,13.0732,13.0732,13.0732,13.0732,14.6219,14.6219,13.0732,13.0732,13.0732,
1984-03-01 00:00:00,2,16.7804,17.3363,17.8985,20.2103,22.0084,22.0084,22.0084,22.6198,17.8985,16.7804,16.7804,16.7804,17.3363,22.6198,22.6198,22.0084,19.6231,16.7804,16.7804,16.7804,22.6198,19.6231,16.7804,16.7804,16.7804,16.7804,16.7804,16.7804,16.7804,19.6231,22.6198
1984-02-01 00:00:00,2,30.5946,26.4103,22.6198,22.6198,22.6198,22.6198,22.6198,22.0084,22.0084,19.6231,22.6198,22.6198,19.042,17.8985,17.8985,17.8985,17.8985,17.8985,17.8985,17.8985,17.8985,17.8985,17.8985,17.8985,17.8985,17.3363,16.7804,16.7804,16.7804,,
1984-01-01 00:00:00,2,37.4718,37.4718,42.0361,46.7986,47.7744,36.5831,29.7728,33.1109,33.9665,30.5946,29.0508,30.5946,29.0508,25.7642,22.6198,22.6198,22.6198,22.6198,22.6198,22.6198,23.237,25.7642,27.7194,23.8601,23.8601,29.7728,32.2637,33.1109,29.7728,29.7728,26.4103
1983-12-01 00:00:00,2,37.4718,47.7744,56.8986,51.7543,46.7986,37.4718,37.4718,37.4718,42.0361,46.7986,46.7986,79.2841,124.91,107.925,85.3153,65.5117,59.0082,67.737,57.9497,56.8986,47.7744,52.7682,62.2275,73.4237,79.2841,73.4237,67.737,56.8986,45.8305,45.8305,39.2734
1983-11-01 00:00:00,2,26.4103,30.5946,30.5946,30.5946,29.0508,25.7642,25.7642,29.0508,25.7642,27.062,33.9665,59.0082,59.0082,59.0082,57.9497,56.8986,65.5117,56.8986,46.7986,38.3685,38.3685,33.9665,37.4718,29.0508,29.0508,29.0508,29.0508,37.4718,39.2734,39.2734,
1983-10-01 00:00:00,2,17.3363,17.3363,17.3363,16.7804,16.7804,16.2309,16.2309,15.688,16.7804,16.2309,16.2309,16.2309,17.3363,17.3363,33.1109,42.9729,29.7728,22.6198,22.6198,25.7642,38.3685,50.7479,39.2734,29.7728,29.0508,25.7642,22.6198,22.6198,22.6198,22.6198,22.6198
1983-09-01 00:00:00,2,12.0753,12.0753,12.0753,12.0753,12.0753,19.6231,22.6198,22.6198,20.2103,17.3363,16.7804,17.3363,17.3363,17.3363,16.7804,16.7804,19.6231,23.237,23.237,23.237,23.237,29.0508,29.0508,29.0508,29.0508,34.8305,30.5946,19.6231,20.8036,17.8985,
1983-08-01 00:00:00,2,16.7804,16.7804,16.7804,16.7804,16.7804,16.7804,16.7804,16.7804,16.7804,16.7804,16.7804,16.7804,16.7804,16.7804,16.7804,16.7804,16.7804,16.7804,16.7804,16.7804,16.7804,16.7804,16.7804,16.7804,16.7804,16.7804,12.0753,12.0753,12.0753,12.0753,12.0753
1983-07-01 00:00:00,2,22.6198,22.6198,22.6198,22.6198,22.6198,22.6198,22.6198,22.6198,22.0084,21.403,21.403,21.403,21.403,21.403,21.403,21.403,21.403,21.403,21.403,22.0084,29.0508,22.6198,22.6198,21.403,21.403,21.403,21.403,21.403,21.403,21.403,21.403
1983-06-01 00:00:00,2,116.245,133.922,73.4237,52.7682,37.4718,37.4718,37.4718,36.5831,33.9665,29.7728,29.0508,29.0508,29.0508,27.7194,27.7194,27.7194,27.062,24.489,23.237,25.7642,27.7194,27.7194,25.1237,22.6198,22.6198,22.6198,22.6198,22.6198,22.6198,22.6198,
1983-05-01 00:00:00,2,37.4718,33.1109,29.0508,29.0508,29.7728,30.5946,30.5946,30.5946,30.5946,30.5946,30.5946,30.5946,30.5946,30.5946,30.5946,27.062,23.237,23.237,22.6198,22.6198,22.6198,22.6198,23.237,23.237,23.237,23.237,23.237,25.7642,32.2637,37.4718,72.2723
1983-04-01 00:00:00,2,35.7027,35.7027,35.7027,35.7027,32.2637,30.5946,33.9665,51.7543,85.3153,92.3073,85.3153,79.2841,79.2841,79.2841,56.8986,37.4718,22.6198,22.6198,22.6198,22.6198,22.6198,25.7642,29.0508,29.0508,33.1109,56.8986,56.8986,55.8549,53.7896,53.7896,
1983-03-01 00:00:00,2,37.4718,42.9729,46.7986,56.8986,56.8986,62.2275,79.2841,62.2275,56.8986,56.8986,56.8986,56.8986,56.8986,55.8549,57.9497,57.9497,57.9497,59.0082,59.0082,56.8986,59.0082,60.074,60.074,48.758,33.1109,31.4249,33.1109,37.4718,35.7027,35.7027,35.7027
1983-02-01 00:00:00,2,54.8185,55.8549,116.245,116.245,92.3073,79.2841,67.737,67.737,67.737,67.737,67.737,67.737,67.737,67.737,62.2275,42.0361,37.4718,37.4718,37.4718,37.4718,37.4718,37.4718,37.4718,37.4718,37.4718,37.4718,37.4718,37.4718,,,
1983-01-01 00:00:00,2,67.737,133.922,124.91,73.4237,67.737,99.9467,85.3153,62.2275,79.2841,67.737,56.8986,56.8986,56.8986,56.8986,56.8986,56.8986,56.8986,56.8986,56.8986,67.737,79.2841,79.2841,73.4237,62.2275,56.8986,62.2275,66.6208,66.6208,61.1471,54.8185,54.8185
1982-12-01 00:00:00,2,9.7063,11.587,16.7804,25.7642,29.0508,26.4103,29.0508,30.5946,32.2637,37.4718,35.7027,25.7642,22.6198,20.2103,20.2103,29.0508,37.4718,67.737,67.737,46.7986,29.7728,46.7986,50.7479,55.8549,46.7986,56.8986,56.8986,57.9497,56.8986,56.8986,56.8986
1982-11-01 00:00:00,2,16.2309,11.587,11.587,14.0988,25.7642,28.3823,28.3823,28.3823,28.3823,28.3823,30.5946,37.4718,37.4718,37.4718,37.4718,37.4718,43.9176,43.9176,41.1072,37.4718,17.3363,15.1516,12.5708,12.5708,12.5708,12.0753,7.5265,7.5265,7.5265,7.5265,
1982-10-01 00:00:00,2,6.7108,6.7108,6.7108,8.3749,10.1654,10.1654,8.8109,7.1145,7.1145,10.1654,22.0084,22.6198,29.0508,29.7728,29.0508,25.7642,16.7804,7.5265,7.5265,7.5265,7.5265,7.5265,7.5265,7.5265,7.5265,8.3749,18.4671,15.688,15.688,15.688,15.688
1982-09-01 00:00:00,2,7.5265,7.5265,7.1145,7.1145,7.1145,6.7108,6.7108,6.7108,6.7108,6.7108,6.7108,6.7108,6.7108,6.7108,6.7108,6.7108,6.7108,6.7108,6.7108,6.7108,6.7108,6.7108,6.7108,6.7108,6.7108,6.7108,6.7108,6.7108,6.7108,6.7108,
1982-08-01 00:00:00,2,11.1058,11.1058,10.1654,10.1654,10.1654,10.1654,10.1654,10.1654,10.1654,7.5265,7.5265,7.5265,7.5265,7.5265,7.5265,7.5265,7.5265,7.5265,7.5265,7.5265,7.5265,7.5265,7.5265,7.5265,7.5265,7.5265,7.5265,7.5265,7.5265,7.5265,7.5265
1982-07-01 00:00:00,2,11.587,11.587,11.587,11.587,11.587,11.587,11.587,11.1058,11.1058,11.1058,11.1058,11.1058,11.1058,11.587,11.587,11.587,11.587,11.1058,11.1058,11.1058,11.1058,11.1058,11.1058,11.1058,11.1058,11.1058,11.1058,11.1058,11.1058,11.1058,11.1058
1982-06-01 00:00:00,2,16.2309,16.2309,16.2309,16.2309,16.2309,15.1516,15.1516,15.1516,15.1516,15.1516,15.1516,15.1516,15.1516,15.1516,15.1516,15.1516,13.5826,11.587,11.587,11.587,11.587,11.587,11.587,11.587,11.587,11.587,11.587,11.587,11.587,11.587,
1982-05-01 00:00:00,2,17.8985,17.8985,17.3363,16.7804,16.7804,16.7804,16.7804,16.7804,16.7804,16.7804,16.7804,16.2309,16.2309,16.2309,16.2309,16.2309,16.2309,16.2309,16.2309,16.2309,16.2309,16.2309,16.2309,16.7804,19.042,20.8036,20.8036,19.042,16.7804,16.7804,16.2309
1982-04-01 00:00:00,2,42.0361,43.9176,38.3685,31.4249,27.7194,27.7194,25.7642,23.237,23.237,22.6198,22.6198,22.0084,22.0084,22.6198,23.237,28.3823,29.7728,26.4103,22.6198,22.0084,22.0084,22.0084,22.0084,22.0084,19.6231,18.4671,17.8985,16.7804,16.7804,16.7804,
1982-03-01 00:00:00,2,27.062,29.7728,29.7728,27.062,26.4103,25.1237,22.0084,27.062,34.8305,37.4718,47.7744,62.2275,80.4768,80.4768,79.2841,71.128,45.8305,41.1072,33.1109,29.0508,28.3823,28.3823,28.3823,29.7728,30.5946,29.0508,28.3823,27.7194,27.7194,28.3823,29.0508
1982-02-01 00:00:00,2,29.7728,29.0508,29.0508,27.7194,41.1072,44.8702,56.8986,63.315,67.737,36.5831,25.7642,26.4103,24.489,24.489,23.8601,23.237,22.6198,22.0084,21.403,20.2103,19.042,19.042,21.403,21.403,19.6231,17.8985,20.2103,23.8601,,,
1982-01-01 00:00:00,2,22.6198,22.6198,92.3073,139.497,195.437,107.925,46.7986,45.8305,31.4249,30.5946,28.3823,37.4718,45.8305,37.4718,29.0508,27.7194,23.237,17.8985,16.7804,22.6198,23.8601,37.4718,37.4718,73.4237,79.2841,79.2841,89.3458,59.0082,49.7491,37.4718,35.7027
1981-12-01 00:00:00,2,25.1237,26.4103,23.237,23.237,22.0084,20.8036,19.6231,17.8985,17.3363,19.042,44.8702,62.2275,79.2841,107.925,92.3073,72.2723,53.7896,47.7744,46.7986,38.3685,29.7728,22.0084,22.0084,20.8036,20.8036,21.403,25.7642,30.5946,37.4718,33.9665,24.489
1981-11-01 00:00:00,2,16.2309,7.5265,8.8109,8.8109,11.1058,13.0732,12.5708,11.587,14.0988,16.2309,16.7804,16.7804,22.0084,19.042,16.2309,16.2309,16.2309,14.6219,12.5708,33.1109,37.4718,46.7986,25.7642,12.0753,12.0753,14.6219,17.3363,23.8601,16.2309,11.587,
1981-10-01 00:00:00,2,6.7108,6.7108,6.7108,6.7108,6.7108,7.5265,7.9467,9.2548,7.9467,7.9467,8.3749,8.3749,8.3749,8.3749,8.3749,25.7642,25.7642,21.403,16.7804,16.7804,19.6231,22.6198,22.6198,19.6231,8.3749,8.3749,8.3749,10.1654,14.0988,18.4671,18.4671
1981-09-01 00:00:00,2,7.1145,7.1145,7.1145,7.1145,7.1145,7.1145,6.7108,6.7108,6.7108,6.7108,6.7108,6.7108,6.7108,6.7108,6.7108,6.7108,6.7108,6.7108,6.7108,6.7108,6.7108,6.7108,6.7108,6.7108,6.7108,6.7108,6.7108,6.7108,6.7108,6.7108,
1981-08-01 00:00:00,2,6.7108,6.7108,6.7108,6.7108,6.7108,6.7108,6.7108,6.7108,6.7108,6.7108,6.7108,6.7108,6.7108,6.7108,7.1145,7.1145,7.1145,7.1145,7.1145,7.1145,7.1145,7.1145,7.1145,7.1145,7.1145,7.1145,7.1145,7.1145,7.1145,7.1145,7.1145
1981-07-01 00:00:00,2,7.1145,7.1145,7.1145,7.1145,7.1145,7.1145,7.1145,7.1145,7.1145,7.1145,7.1145,7.1145,7.1145,7.1145,6.7108,6.7108,6.7108,6.7108,6.7108,6.7108,6.7108,6.7108,6.7108,6.7108,6.7108,6.7108,6.7108,6.7108,6.7108,6.7108,6.7108
1981-06-01 00:00:00,2,7.5265,7.5265,7.5265,7.5265,7.5265,7.5265,9.7063,12.0753,12.0753,12.0753,12.0753,11.1058,10.1654,10.1654,10.1654,10.1654,10.1654,10.1654,10.1654,9.2548,7.9467,7.9467,7.9467,7.9467,7.5265,7.5265,7.5265,7.1145,7.1145,7.1145,
1981-05-01 00:00:00,2,10.6319,10.6319,10.6319,10.6319,10.6319,10.6319,10.6319,10.6319,10.6319,10.6319,10.6319,10.6319,10.6319,10.6319,10.6319,10.6319,10.6319,10.1654,10.1654,10.1654,10.1654,10.1654,10.1654,10.1654,10.1654,10.1654,10.1654,10.1654,10.1654,10.1654,10.1654
1981-04-01 00:00:00,2,17.8985,16.2309,14.6219,13.5826,13.5826,13.0732,12.0753,11.587,11.587,11.587,11.587,11.587,11.1058,11.1058,10.6319,10.6319,10.6319,10.6319,10.6319,10.6319,10.6319,10.6319,10.6319,10.6319,10.6319,10.6319,10.6319,10.6319,10.6319,10.6319,
1981-03-01 00:00:00,2,11.587,11.587,11.1058,11.1058,12.0753,12.5708,13.0732,14.6219,15.688,15.688,15.688,15.688,13.5826,13.5826,13.5826,13.5826,14.0988,23.237,23.237,29.7728,38.3685,38.3685,30.5946,18.4671,12.0753,10.6319,8.8109,14.0988,14.0988,17.3363,20.8036
1981-02-01 00:00:00,2,22.6198,22.0084,20.8036,18.4671,16.7804,16.7804,17.3363,17.3363,17.3363,18.4671,20.8036,22.0084,19.6231,19.042,20.8036,15.688,14.0988,13.0732,12.5708,12.0753,12.0753,12.0753,12.0753,12.0753,12.0753,11.587,11.587,11.587,,,
1981-01-01 00:00:00,2,22.6198,25.7642,21.403,16.7804,14.0988,12.0753,11.587,11.587,13.5826,19.6231,22.6198,25.7642,42.0361,49.7491,55.8549,56.8986,56.8986,35.7027,22.6198,22.6198,21.403,20.8036,22.6198,25.7642,25.7642,27.7194,47.7744,49.7491,44.8702,42.0361,22.6198
1980-12-01 00:00:00,2,22.6198,25.7642,25.7642,37.4718,37.4718,31.4249,37.4718,31.4249,35.7027,33.9665,33.1109,30.5946,17.3363,25.1237,33.1109,27.7194,22.0084,17.8985,16.7804,13.5826,13.0732,12.0753,11.587,11.587,11.587,11.587,11.587,11.587,12.5708,14.6219,16.7804
1980-11-01 00:00:00,2,4.4663,3.9795,3.9795,3.9795,3.9795,3.9795,3.9795,6.7108,11.1058,11.587,12.0753,12.5708,23.237,21.403,15.688,10.1654,9.7063,9.2548,8.3749,9.2548,9.2548,8.3749,7.5265,7.9467,23.237,23.237,17.8985,13.0732,13.0732,15.688,
1980-10-01 00:00:00,2,7.9467,7.9467,7.9467,7.1145,6.3155,6.3155,6.3155,6.3155,6.3155,6.3155,6.3155,8.3749,9.7063,10.6319,10.6319,8.8109,7.5265,6.7108,5.9287,5.5507,5.5507,5.5507,5.5507,6.7108,5.1816,5.1816,4.8216,4.8216,4.8216,4.8216,4.8216
