DataHora,NivelConsistencia,Vazao01,Vazao02,Vazao03,Vazao04,Vazao05,Vazao06,Vazao07,Vazao08,Vazao09,Vazao10,Vazao11,Vazao12,Vazao13,Vazao14,Vazao15,Vazao16,Vazao17,Vazao18,Vazao19,Vazao20,Vazao21,Vazao22,Vazao23,Vazao24,Vazao25,Vazao26,Vazao27,Vazao28,Vazao29,Vazao30,Vazao31
2023-04-01 00:00:00,2,22.967,22.3532,22.3532,21.1467,21.1467,21.1467,21.1467,21.1467,23.5877,26.1394,25.4912,23.5877,22.3532,22.3532,24.8498,28.7998,26.7943,24.2153,24.2153,25.4912,24.2153,23.5877,22.3532,21.7464,21.1467,21.1467,20.5539,20.5539,19.9682,28.7998,
2023-03-01 00:00:00,2,34.4404,33.7124,32.9908,32.9908,32.2758,31.5674,31.5674,34.4404,42.0751,52.6165,62.0093,63.525,54.0752,50.2064,46.4066,38.1779,34.4404,33.7124,32.9908,32.2758,31.5674,31.5674,30.1703,28.1246,26.7943,26.1394,24.8498,24.2153,23.5877,23.5877,22.967
2023-02-01 00:00:00,2,70.1904,57.5149,52.1324,50.2064,48.7733,45.9367,44.0681,41.283,73.3187,69.1548,68.1229,87.7792,84.5133,82.8913,89.9725,94.3971,101.126,82.8913,66.5819,55.5432,61.506,57.5149,47.35,44.5335,42.8736,41.283,40.4972,38.1779,,,
2023-01-01 00:00:00,2,106.243,113.738,148.564,165.655,146.093,104.531,175.967,415.805,426.135,367.558,169.311,149.803,131.479,111.998,107.389,74.3686,61.0037,57.0204,55.0529,55.0529,54.0752,54.0752,98.871,89.9725,86.1426,77.0085,69.1548,107.389,146.093,130.878,107.389
2022-12-01 00:00:00,2,12.5314,17.1471,16.6046,24.8498,22.3532,19.9682,19.9682,18.8182,18.254,17.6969,17.6969,18.254,19.3897,19.9682,20.5539,14.0026,13.5046,17.6969,23.5877,35.9161,54.0752,79.1359,64.0321,53.5879,51.1673,49.2499,46.8777,67.0946,66.07,92.732,98.871
2022-11-01 00:00:00,2,11.5888,11.1292,10.2333,10.2333,10.2333,9.7973,9.7973,9.7973,9.3692,9.3692,8.9491,8.5372,8.1334,15.0211,17.6969,23.5877,17.6969,16.6046,15.0211,13.0142,11.1292,10.6773,10.6773,10.6773,10.2333,10.2333,11.1292,11.5888,11.5888,12.5314,
2022-10-01 00:00:00,2,6.2797,8.9491,12.5314,15.0211,17.1471,22.967,15.5416,15.0211,12.5314,9.7973,9.7973,8.9491,8.5372,8.1334,7.7378,7.3505,7.3505,7.3505,6.6284,6.6284,6.6284,6.6284,6.9836,6.9836,6.9836,7.3505,7.3505,7.3505,7.3505,8.1334,8.5372
2022-09-01 00:00:00,2,6.9836,6.9836,6.9836,6.9836,6.9836,6.6284,6.6284,6.6284,6.6284,6.6284,6.6284,6.6284,6.6284,6.6284,6.6284,6.6284,6.6284,6.6284,6.6284,6.6284,6.2797,6.2797,6.2797,6.2797,6.2797,6.2797,6.2797,6.2797,6.2797,6.2797,
2022-08-01 00:00:00,2,8.9491,8.9491,8.9491,8.9491,8.9491,8.9491,8.9491,8.9491,8.5372,8.5372,8.5372,8.5372,8.5372,8.5372,8.1334,8.1334,8.1334,8.1334,8.1334,8.1334,8.1334,8.1334,7.7378,7.7378,7.7378,7.7378,7.7378,7.7378,7.7378,7.3505,7.3505
2022-07-01 00:00:00,2,11.5888,11.5888,11.5888,11.1292,11.1292,11.1292,11.1292,11.1292,10.6773,10.6773,10.6773,10.6773,10.6773,10.6773,10.6773,10.6773,10.6773,10.2333,10.2333,9.7973,9.7973,9.7973,9.7973,9.7973,9.3692,9.3692,9.3692,9.3692,9.3692,9.3692,9.3692
2022-06-01 00:00:00,2,15.0211,15.0211,14.5081,14.5081,14.0026,14.0026,14.0026,13.5046,13.5046,13.5046,13.5046,13.5046,13.5046,13.5046,13.5046,13.5046,13.5046,13.5046,13.0142,13.0142,13.0142,13.0142,13.0142,13.0142,13.0142,12.5314,12.5314,11.5888,11.5888,11.5888,
2022-05-01 00:00:00,2,22.967,22.967,22.967,22.967,22.3532,22.3532,22.3532,21.7464,21.7464,21.7464,21.1467,21.1467,20.5539,20.5539,19.9682,19.3897,18.8182,18.254,17.6969,17.6969,17.1471,17.1471,17.1471,17.1471,16.6046,16.6046,16.6046,16.0694,16.0694,15.5416,14.5081
2022-04-01 00:00:00,2,27.4561,27.4561,27.4561,27.4561,26.7943,26.7943,26.7943,26.7943,28.1246,28.1246,27.4561,27.4561,27.4561,26.7943,26.7943,26.7943,26.7943,26.1394,26.1394,26.1394,26.1394,25.4912,25.4912,25.4912,25.4912,25.4912,24.8498,24.8498,24.8498,24.8498,
2022-03-01 00:00:00,2,48.7733,45.4678,41.283,38.9446,37.4175,36.6636,35.175,34.4404,34.4404,33.7124,33.7124,32.9908,32.2758,31.5674,30.1703,30.1703,28.7998,28.1246,28.1246,27.4561,26.7943,26.7943,26.1394,26.1394,26.1394,25.4912,25.4912,25.4912,28.7998,29.4817,28.1246
2022-02-01 00:00:00,2,59.5026,54.5635,47.8233,42.0751,39.7177,38.9446,94.3971,102.258,123.125,160.588,169.311,176.712,172.257,109.688,94.9536,81.8142,73.8432,84.5133,94.3971,98.3091,92.732,81.8142,71.2296,61.506,57.0204,55.0529,53.5879,52.1324,,,
2022-01-01 00:00:00,2,64.5402,67.6083,91.6259,162.752,206.693,222.742,248.496,257.028,265.667,255.313,245.958,235.902,168.577,103.962,96.0691,96.0691,95.511,93.8413,91.6259,83.9718,79.1359,75.4219,59.5026,44.5335,42.8736,39.7177,38.1779,36.6636,34.4404,32.9908,30.1703
2021-12-01 00:00:00,2,14.0026,26.1394,28.7998,32.2758,29.4817,24.8498,32.2758,58.5067,47.35,41.283,32.2758,31.5674,31.5674,31.5674,45.4678,46.8777,47.8233,49.7276,52.1324,59.0042,52.6165,48.2977,22.3532,19.9682,19.3897,18.8182,18.254,17.6969,17.6969,16.6046,23.5877
2021-11-01 00:00:00,2,8.1334,8.1334,10.6773,9.7973,8.1334,8.1334,7.3505,7.3505,6.9836,6.6284,21.1467,29.4817,30.8655,26.7943,22.3532,16.6046,16.0694,16.0694,15.0211,14.5081,13.0142,11.5888,10.6773,9.7973,8.9491,8.5372,10.2333,7.3505,7.7378,10.6773,
2021-10-01 00:00:00,2,4.9527,6.6284,5.274,5.274,4.9527,4.9527,4.9527,6.6284,8.1334,11.5888,13.0142,16.6046,15.0211,11.1292,9.7973,9.7973,10.2333,10.6773,10.6773,18.8182,26.1394,22.967,19.9682,17.1471,14.5081,12.5314,11.5888,10.6773,9.7973,8.9491,8.1334
2021-09-01 00:00:00,2,7.7378,7.3505,7.7378,7.7378,7.3505,6.9836,6.6284,6.6284,6.6284,6.6284,6.6284,5.9377,5.9377,5.9377,6.6284,7.7378,6.6284,6.6284,7.7378,7.3505,6.6284,6.6284,6.6284,6.6284,6.6284,5.6024,5.274,4.9527,5.274,4.9527,
2021-08-01 00:00:00,2,6.6284,6.6284,6.6284,8.1334,8.1334,7.3505,7.3505,7.3505,7.3505,7.3505,8.1334,12.0563,7.7378,8.1334,7.7378,7.3505,7.7378,8.1334,7.7378,6.6284,7.3505,6.6284,6.6284,6.6284,6.2797,7.3505,7.3505,7.7378,7.3505,6.9836,7.3505
2021-07-01 00:00:00,2,6.6284,6.6284,6.6284,6.6284,6.6284,6.9836,7.3505,7.7378,7.7378,7.3505,7.3505,7.7378,8.5372,8.9491,8.5372,8.1334,8.1334,7.3505,7.7378,7.3505,8.1334,7.7378,7.7378,7.3505,7.3505,7.7378,7.3505,6.9836,6.6284,6.6284,6.6284
2021-06-01 00:00:00,2,8.9491,9.3692,10.2333,10.6773,10.2333,9.7973,9.3692,9.3692,8.9491,8.9491,8.9491,9.3692,8.9491,8.9491,8.9491,8.9491,8.9491,9.7973,9.3692,9.3692,9.3692,8.9491,8.1334,6.9836,6.9836,6.9836,6.9836,6.6284,6.6284,6.9836,
2021-05-01 00:00:00,2,9.7973,9.7973,9.3692,8.9491,8.1334,8.1334,7.7378,8.1334,7.7378,7.7378,7.7378,7.7378,7.3505,7.7378,7.7378,7.7378,8.1334,7.3505,7.7378,7.7378,7.3505,6.9836,7.3505,7.3505,7.3505,8.5372,8.5372,8.9491,8.1334,8.9491,8.9491
2021-04-01 00:00:00,2,11.1292,10.2333,11.1292,11.5888,10.2333,10.2333,10.2333,10.2333,9.3692,9.3692,8.9491,9.3692,8.9491,8.5372,8.5372,8.5372,8.5372,8.5372,8.5372,8.5372,8.5372,8.1334,8.1334,8.1334,8.5372,9.7973,9.7973,9.7973,9.7973,9.7973,
2021-03-01 00:00:00,2,47.35,46.8777,42.8736,32.9908,27.4561,25.4912,26.7943,45.0001,50.2064,51.6493,52.1324,46.4066,40.4972,29.4817,28.1246,26.7943,25.4912,21.7464,18.8182,18.254,17.1471,16.6046,16.0694,15.5416,15.0211,15.0211,14.5081,12.0563,11.5888,10.6773,10.2333
2021-02-01 00:00:00,2,11.1292,11.1292,11.1292,10.6773,10.6773,13.0142,18.254,35.175,34.4404,25.4912,19.9682,33.7124,30.1703,38.1779,38.1779,30.8655,25.4912,23.5877,30.8655,46.8777,46.8777,54.5635,49.2499,40.4972,35.175,27.4561,31.5674,38.9446,,,
2021-01-01 00:00:00,2,22.967,23.5877,32.2758,28.1246,26.7943,24.8498,22.3532,25.4912,35.9161,33.7124,26.7943,27.4561,27.4561,24.8498,25.4912,24.8498,22.967,19.3897,16.6046,17.1471,16.6046,15.5416,14.0026,13.0142,13.0142,12.5314,12.5314,12.0563,12.0563,11.5888,11.5888
2020-12-01 00:00:00,2,11.8472,11.8472,11.8472,14.5717,13.1866,14.5717,18.4774,24.872,29.4644,34.9237,31.8535,29.4644,28.2927,25.9963,21.5977,17.9729,16.4869,13.6433,17.473,27.7127,25.9963,24.872,25.9963,31.8535,55.0107,85.5723,122.19,97.8998,59.5377,36.8093,21.0667
2020-11-01 00:00:00,2,10.9806,8.9101,8.1222,10.5553,10.5553,9.3129,8.9101,7.7372,7.7372,10.1356,10.5553,12.735,15.0433,17.473,17.473,17.473,16.4869,15.0433,16.4869,14.105,15.0433,16.4869,15.5197,14.5717,14.5717,13.6433,12.735,12.735,12.735,12.2885,
2020-10-01 00:00:00,2,4.2442,4.2442,4.2442,3.9337,3.9337,3.9337,3.631,3.631,3.631,3.631,3.631,3.631,3.631,3.3363,3.9337,3.9337,3.9337,3.9337,3.9337,3.9337,4.2442,5.5598,5.2202,5.2202,6.9856,8.1222,5.9063,7.3583,7.3583,6.9856,8.9101
2020-09-01 00:00:00,2,5.9063,5.9063,5.9063,5.9063,5.5598,5.5598,5.5598,5.5598,5.5598,5.5598,5.5598,5.5598,5.2202,5.5598,5.2202,5.2202,5.2202,4.8876,4.8876,4.8876,4.8876,4.8876,4.5622,4.5622,4.5622,4.5622,4.5622,4.2442,4.2442,4.2442,
2020-08-01 00:00:00,2,6.9856,6.9856,6.9856,6.9856,6.9856,6.9856,6.9856,6.9856,6.6193,6.6193,6.6193,6.6193,6.6193,6.2595,6.2595,6.2595,6.2595,6.2595,6.2595,6.2595,6.2595,6.2595,6.2595,5.9063,5.9063,5.9063,5.9063,5.9063,5.9063,5.9063,5.9063
2020-07-01 00:00:00,2,9.3129,9.3129,9.3129,9.3129,9.3129,8.9101,8.9101,8.9101,8.9101,8.9101,8.5132,8.5132,8.5132,8.5132,8.5132,8.1222,8.1222,8.1222,8.1222,8.1222,7.7372,7.7372,7.7372,7.7372,7.7372,7.7372,7.3583,7.3583,7.3583,7.3583,7.3583
2020-06-01 00:00:00,2,16.001,15.5197,15.0433,14.5717,12.735,12.735,12.2885,11.8472,11.8472,11.4112,11.4112,11.4112,10.9806,10.9806,10.9806,10.5553,10.5553,10.5553,10.1356,10.1356,10.1356,10.1356,9.7214,9.7214,9.7214,9.3129,9.3129,9.3129,9.3129,9.3129,
2020-05-01 00:00:00,2,15.5197,13.1866,12.735,12.2885,11.8472,10.9806,10.9806,10.5553,10.1356,10.1356,9.7214,9.3129,9.3129,11.4112,12.735,12.2885,11.8472,11.4112,10.9806,10.9806,10.9806,10.5553,10.9806,13.6433,16.4869,18.9864,17.473,17.473,16.9776,16.4869,16.4869
2020-04-01 00:00:00,2,25.9963,23.2161,22.1329,21.5977,20.5401,24.872,28.2927,28.2927,28.2927,27.1366,22.6724,21.5977,20.5401,19.4999,21.0667,22.6724,24.872,23.7639,23.2161,22.6724,22.6724,22.6724,21.5977,23.7639,22.1329,21.5977,21.0667,19.4999,16.4869,14.5717,
2020-03-01 00:00:00,2,52.5471,59.5377,67.3388,61.587,54.515,50.8725,47.3917,41.3322,41.3322,41.3322,39.373,31.8535,29.4644,33.0706,25.9963,24.872,24.872,24.3159,23.7639,22.6724,22.6724,24.872,28.8766,34.3023,40.6757,43.3221,41.3322,38.0842,34.3023,30.6514,27.1366
2020-02-01 00:00:00,2,66.809,58.5215,56.5066,54.515,53.5281,53.5281,52.5471,51.572,50.8725,50.1699,54.515,100.914,214.88,195.756,180.885,167.119,131.331,128.041,65.7535,64.7035,65.7535,56.5066,53.5281,48.7744,44.6654,43.3221,40.6757,39.373,42.6554,,
2020-01-01 00:00:00,2,7.3583,7.7372,10.5553,14.5717,15.5197,21.5977,21.0667,21.0667,20.5401,20.0178,19.4999,18.9864,18.4774,21.5977,27.1366,28.2927,30.056,28.2927,27.7127,27.1366,25.9963,54.515,91.3746,160.724,248.296,314.41,195.756,166.404,138.664,113.268,89.0387
2019-12-01 00:00:00,2,14.5717,15.5197,16.001,14.105,16.001,14.5717,15.5197,16.4869,17.9729,16.4869,29.4644,105.185,100.309,90.2042,66.809,36.1772,34.3023,33.0706,33.0706,67.3388,58.5215,65.7535,19.4999,18.4774,18.4774,16.4869,14.5717,13.6433,9.3129,7.7372,7.7372
2019-11-01 00:00:00,2,6.9856,6.2595,6.2595,5.9063,5.9063,5.5598,6.2595,6.2595,5.5598,4.8876,4.8876,4.8876,4.8876,4.5622,4.2442,4.8876,7.7372,8.5132,10.9806,16.9776,19.4999,18.4774,16.4869,15.5197,11.8472,10.9806,9.7214,9.3129,8.5132,12.735,
2019-10-01 00:00:00,2,6.2595,6.6193,6.9856,6.9856,6.9856,6.9856,6.9856,7.7372,5.5598,4.2442,4.5622,6.2595,6.9856,7.3583,6.6193,5.5598,5.9063,4.2442,4.2442,3.9337,3.9337,3.9337,3.9337,3.9337,3.631,3.631,3.631,3.631,4.2442,5.2202,6.2595
2019-09-01 00:00:00,2,4.2442,4.2442,4.2442,4.2442,3.9337,3.9337,3.9337,3.9337,3.9337,3.9337,3.631,3.631,3.631,3.631,3.631,3.3363,3.3363,3.3363,3.0498,3.0498,3.0498,3.0498,2.7718,2.7718,2.7718,3.631,5.9063,7.7372,8.9101,6.6193,
2019-08-01 00:00:00,2,5.9063,5.5598,5.5598,5.5598,5.5598,5.5598,5.5598,5.5598,5.2202,5.2202,5.2202,5.2202,5.2202,5.2202,5.2202,4.8876,4.8876,4.8876,4.8876,4.8876,4.8876,4.8876,4.8876,4.5622,4.5622,4.5622,4.5622,4.5622,4.5622,4.5622,4.5622
2019-07-01 00:00:00,2,7.7372,7.3583,7.3583,7.3583,7.3583,7.3583,6.9856,6.9856,6.9856,6.9856,6.9856,6.9856,6.6193,6.6193,6.6193,6.6193,6.6193,6.6193,6.6193,6.2595,6.2595,6.2595,6.2595,6.2595,6.2595,6.2595,6.2595,5.9063,5.9063,5.9063,5.9063
2019-06-01 00:00:00,2,9.3129,9.3129,9.3129,9.3129,9.3129,9.3129,9.3129,8.9101,8.9101,8.9101,8.9101,8.9101,8.5132,8.5132,8.5132,8.5132,8.5132,8.5132,8.5132,8.1222,8.1222,8.1222,8.1222,8.1222,8.1222,7.7372,7.7372,7.7372,7.7372,7.7372,
2019-05-01 00:00:00,2,12.735,12.735,12.735,12.735,12.735,12.735,12.735,12.735,12.2885,11.4112,11.4112,11.4112,10.9806,10.9806,10.9806,10.9806,10.5553,10.5553,10.5553,10.5553,10.1356,10.1356,10.1356,10.1356,10.1356,9.7214,9.7214,9.7214,9.7214,9.7214,9.7214
2019-04-01 00:00:00,2,16.9776,16.4869,16.001,15.5197,15.0433,14.5717,13.6433,12.735,11.8472,11.4112,14.5717,16.4869,15.5197,14.5717,16.4869,25.9963,35.5486,32.4602,28.2927,22.6724,18.4774,16.001,15.0433,14.5717,14.105,13.6433,13.6433,13.1866,13.6433,12.735,
2019-03-01 00:00:00,2,30.6514,36.8093,40.0226,39.373,36.8093,32.4602,27.7127,24.872,22.6724,21.5977,21.5977,21.5977,24.872,23.7639,23.7639,28.2927,36.1772,36.1772,36.1772,28.2927,28.2927,25.4321,43.3221,41.9921,24.872,24.872,22.6724,20.5401,19.4999,18.4774,17.473
2019-02-01 00:00:00,2,7.7372,7.3583,6.9856,6.9856,8.5132,8.9101,27.1366,41.9921,39.373,38.0842,34.3023,28.2927,24.872,33.6846,57.5112,81.0214,85.5723,84.427,84.427,81.5858,77.6623,73.8028,71.6266,68.9365,52.5471,33.0706,26.5645,24.872,,,
2019-01-01 00:00:00,2,50.1699,47.3917,34.9237,32.4602,25.9963,21.5977,18.9864,17.473,18.9864,22.1329,20.5401,16.4869,14.5717,12.735,11.4112,10.1356,9.3129,11.8472,12.735,11.8472,12.735,11.8472,10.1356,9.3129,9.3129,10.5553,10.9806,10.1356,10.1356,9.3129,8.5132
2018-12-01 00:00:00,2,20.5401,26.5645,38.0842,45.3421,31.2506,24.3159,23.7639,25.9963,27.1366,23.2161,21.5977,20.5401,22.6724,24.872,23.7639,22.6724,21.5977,20.5401,17.473,15.5197,14.5717,14.105,13.6433,13.6433,12.735,16.4869,21.5977,26.5645,25.9963,35.5486,39.373
2018-11-01 00:00:00,2,5.5598,5.5598,6.9856,8.5132,9.3129,10.1356,10.9806,12.2885,15.5197,31.8535,28.8766,24.872,20.5401,10.1356,7.7372,12.2885,10.5553,10.5553,14.105,33.0706,82.1515,124.779,108.27,74.3502,58.5215,46.7052,41.3322,33.0706,25.9963,22.1329,
2018-10-01 00:00:00,2,5.5598,5.9063,6.2595,6.2595,6.2595,6.6193,6.6193,7.3583,6.9856,6.9856,6.2595,5.9063,5.5598,5.5598,5.5598,10.5553,9.3129,7.3583,6.6193,6.2595,6.2595,5.5598,5.5598,5.5598,6.2595,9.3129,10.1356,9.3129,9.3129,8.1222,6.6193
2018-09-01 00:00:00,2,3.3363,3.3363,3.0498,3.0498,3.0498,3.0498,2.7718,2.7718,2.7718,2.5025,2.5025,2.5025,2.5025,2.2424,2.5025,3.0498,3.3363,3.3363,3.631,3.631,3.631,3.9337,3.9337,3.9337,3.9337,3.631,3.631,3.3363,4.2442,4.8876,
2018-08-01 00:00:00,2,3.3363,3.3363,3.3363,3.3363,3.631,6.2595,7.3583,6.9856,6.2595,5.9063,5.5598,5.2202,4.8876,4.5622,4.5622,4.5622,4.5622,4.2442,4.2442,4.2442,4.2442,4.2442,4.2442,3.9337,3.9337,3.9337,3.9337,3.631,3.631,3.631,3.631
2018-07-01 00:00:00,2,4.8876,4.5622,4.5622,4.5622,4.5622,4.5622,4.5622,4.5622,4.5622,4.5622,4.2442,4.2442,4.2442,4.2442,4.2442,4.2442,4.2442,4.2442,4.2442,4.2442,4.2442,3.9337,3.9337,3.9337,3.631,3.631,3.631,3.631,3.631,3.631,3.3363
2018-06-01 00:00:00,2,5.5598,5.5598,5.5598,5.5598,5.5598,5.5598,5.5598,5.5598,5.5598,5.5598,5.5598,5.5598,5.5598,5.2202,5.2202,5.2202,5.2202,5.2202,5.2202,5.2202,5.2202,5.2202,4.8876,4.8876,4.8876,4.8876,4.8876,4.8876,4.8876,4.8876,
2018-05-01 00:00:00,2,7.7372,7.3583,7.3583,6.9856,6.9856,6.9856,6.6193,6.6193,6.6193,6.6193,6.6193,6.2595,6.2595,6.2595,6.2595,5.9063,5.9063,6.9856,6.6193,6.2595,6.2595,6.2595,5.9063,5.9063,5.9063,5.9063,5.9063,5.5598,5.5598,5.5598,5.5598
2018-04-01 00:00:00,2,9.7214,9.7214,9.7214,9.7214,9.7214,9.7214,9.7214,14.105,12.2885,11.4112,9.7214,9.7214,9.7214,9.3129,9.3129,9.3129,11.4112,11.8472,10.5553,9.7214,9.3129,8.5132,8.5132,8.5132,8.5132,8.5132,8.5132,8.1222,7.7372,7.7372,
2018-03-01 00:00:00,2,27.7127,22.6724,19.4999,30.6514,40.6757,41.3322,31.2506,22.6724,30.056,36.8093,49.4706,42.6554,25.4321,21.5977,26.5645,18.4774,15.0433,16.4869,18.4774,16.4869,14.5717,18.9864,19.4999,15.5197,15.0433,12.2885,12.2885,11.4112,11.4112,10.9806,10.9806
2018-02-01 00:00:00,2,28.8766,20.5401,25.4321,28.8766,33.0706,35.5486,34.3023,33.0706,30.6514,27.1366,24.872,23.2161,23.7639,22.6724,13.6433,13.1866,13.1866,12.735,12.735,12.735,11.8472,11.8472,11.8472,20.5401,22.1329,66.809,61.0726,38.0842,,,
2018-01-01 00:00:00,2,27.1366,17.473,23.7639,57.0082,88.4578,94.3223,108.27,124.13,70.0085,50.1699,35.5486,27.7127,24.872,22.6724,27.1366,23.7639,21.5977,19.4999,17.473,16.4869,15.5197,14.5717,14.5717,14.105,21.0667,22.6724,21.0667,19.4999,19.4999,21.5977,37.445
2017-12-01 00:00:00,2,13.1866,28.8766,66.809,75.4489,76.553,66.809,57.5112,51.572,39.373,30.6514,27.1366,23.2161,21.5977,18.9864,16.9776,15.5197,14.5717,13.6433,13.6433,12.735,12.735,12.2885,11.8472,11.8472,11.4112,10.9806,10.5553,10.1356,10.1356,14.105,21.5977
2017-11-01 00:00:00,2,3.0498,3.631,3.9337,4.2442,3.9337,3.631,3.631,3.631,3.631,3.3363,3.3363,5.2202,9.7214,16.9776,15.5197,11.4112,8.9101,7.3583,7.3583,10.1356,10.1356,14.5717,21.0667,30.6514,25.9963,16.9776,13.6433,13.1866,13.1866,12.2885,
2017-10-01 00:00:00,2,0.7135,0.8965,1.5204,3.3363,8.1222,8.9101,8.1222,8.1222,5.9063,5.9063,5.5598,5.2202,4.5622,4.5622,3.9337,3.9337,3.9337,3.631,3.631,3.631,2.5025,2.2424,2.5025,1.7509,1.5204,1.3008,1.3008,1.7509,1.7509,1.9917,2.7718
2017-09-01 00:00:00,2,1.0926,1.0926,1.0926,1.0926,1.0926,1.0926,1.0926,1.0926,1.0926,1.0926,1.0926,1.0926,0.8965,0.8965,0.8965,0.8965,0.8965,0.8965,0.8965,0.8965,0.8965,0.8965,0.8965,0.7135,0.7135,0.7135,0.7135,0.7135,0.7135,0.7135,
2017-08-01 00:00:00,2,2.2424,2.2424,1.9917,1.9917,1.9917,1.9917,1.9917,1.9917,1.9917,1.9917,1.9917,1.7509,1.7509,1.7509,1.7509,1.7509,1.7509,1.5204,1.5204,1.5204,1.5204,1.5204,1.5204,1.5204,1.5204,1.3008,1.3008,1.3008,1.3008,1.3008,1.3008
2017-07-01 00:00:00,2,3.3363,3.3363,3.3363,3.3363,3.0498,3.0498,3.0498,3.0498,3.0498,3.0498,3.0498,2.7718,2.7718,2.7718,2.7718,2.5025,2.5025,2.5025,2.5025,2.5025,2.5025,2.5025,2.5025,2.5025,2.5025,2.5025,2.2424,2.2424,2.2424,2.2424,2.2424
2017-06-01 00:00:00,2,3.9337,3.9337,3.9337,3.9337,3.9337,3.9337,3.9337,3.9337,3.9337,3.9337,3.631,3.631,3.631,3.631,3.631,3.631,3.631,3.631,3.631,3.631,3.631,3.631,3.631,3.3363,3.3363,3.3363,3.3363,3.3363,3.3363,3.3363,
2017-05-01 00:00:00,2,4.5622,4.5622,4.5622,5.5598,5.5598,5.2202,4.8876,4.5622,4.5622,4.5622,4.5622,4.5622,4.2442,4.2442,4.2442,4.2442,4.2442,4.2442,4.2442,4.2442,4.2442,4.2442,4.2442,4.2442,3.9337,3.9337,3.9337,3.9337,3.9337,3.9337,3.9337
2017-04-01 00:00:00,2,6.9856,6.9856,6.6193,6.6193,6.2595,6.2595,6.2595,5.9063,5.9063,5.5598,5.5598,5.5598,5.5598,5.2202,5.2202,4.8876,4.8876,4.8876,4.8876,4.8876,4.8876,4.8876,4.8876,4.5622,4.5622,4.5622,4.5622,4.5622,4.5622,4.5622,
2017-03-01 00:00:00,2,5.9063,5.9063,5.5598,5.5598,5.5598,5.2202,4.8876,5.2202,22.6724,18.4774,16.001,10.1356,6.2595,4.8876,4.8876,5.5598,6.9856,7.7372,9.3129,16.4869,24.3159,22.6724,20.5401,16.9776,15.0433,8.5132,7.7372,7.7372,7.3583,7.3583,6.9856
2017-02-01 00:00:00,2,6.2595,5.9063,5.5598,5.5598,4.8876,9.3129,14.5717,18.9864,15.5197,13.6433,10.1356,11.4112,10.9806,10.1356,10.1356,8.5132,7.7372,6.9856,6.9856,6.6193,6.6193,6.2595,6.2595,6.2595,6.2595,6.2595,5.9063,5.9063,,,
2017-01-01 00:00:00,2,9.3129,8.5132,7.7372,7.7372,8.1222,8.5132,8.9101,9.3129,10.1356,10.1356,11.8472,12.735,13.1866,13.6433,14.5717,13.6433,9.3129,8.1222,7.7372,7.7372,7.7372,7.7372,7.3583,7.3583,6.9856,6.9856,10.1356,8.5132,7.7372,6.9856,6.2595
2016-12-01 00:00:00,2,8.9101,8.5132,8.1222,8.1222,8.5132,8.9101,9.7214,10.1356,10.9806,10.1356,8.9101,11.8472,13.6433,15.5197,18.4774,21.5977,22.6724,23.7639,24.3159,21.5977,20.5401,18.4774,16.4869,15.0433,13.6433,11.8472,10.9806,10.1356,10.1356,9.7214,9.3129
2016-11-01 00:00:00,2,3.0498,3.0498,3.631,4.2442,5.2202,6.2595,6.9856,6.2595,7.7372,7.7372,8.5132,11.8472,19.4999,30.056,53.5281,55.5079,51.572,46.022,36.8093,34.3023,18.9864,13.6433,12.2885,13.1866,14.5717,13.6433,10.1356,9.7214,9.7214,9.3129,
2016-10-01 00:00:00,2,3.3363,3.0498,3.631,4.8876,5.2202,5.2202,4.8876,4.2442,3.9337,3.631,3.3363,4.2442,5.5598,6.2595,6.2595,6.6193,6.2595,6.2595,6.2595,5.9063,5.5598,5.5598,5.2202,4.8876,4.2442,4.2442,3.631,3.631,3.3363,3.0498,3.0498
2016-09-01 00:00:00,2,3.631,3.631,3.631,3.631,3.631,3.631,3.631,3.631,3.631,3.0498,3.3363,3.3363,3.3363,3.0498,3.0498,3.0498,3.0498,3.0498,3.0498,2.7718,2.7718,2.7718,2.7718,2.7718,2.7718,2.7718,2.5025,2.5025,2.5025,2.5025,
2016-08-01 00:00:00,2,4.8876,4.8876,4.8876,4.8876,6.2595,4.8876,4.5622,4.5622,4.5622,4.5622,4.5622,4.5622,4.5622,4.5622,4.2442,4.2442,4.2442,4.2442,4.2442,4.2442,4.2442,4.2442,4.2442,3.9337,3.9337,3.9337,3.9337,3.9337,3.9337,3.9337,3.9337
2016-07-01 00:00:00,2,6.9856,6.9856,6.6193,6.6193,6.6193,6.6193,6.6193,6.2595,6.2595,6.2595,6.2595,6.2595,5.9063,5.9063,5.9063,5.9063,5.5598,5.5598,5.5598,5.5598,5.2202,5.2202,5.2202,5.2202,4.8876,4.8876,4.8876,4.8876,4.8876,4.8876,4.8876
2016-06-01 00:00:00,2,7.7372,10.1356,11.8472,14.5717,16.9776,18.4774,17.473,17.473,16.4869,16.001,14.105,12.735,11.8472,10.9806,10.1356,9.3129,8.5132,8.1222,7.7372,7.3583,7.3583,7.3583,7.3583,7.3583,6.9856,6.9856,6.9856,6.9856,6.9856,6.9856,
2016-05-01 00:00:00,2,8.5132,10.1356,9.3129,8.5132,8.5132,8.5132,8.5132,8.5132,8.5132,8.5132,8.5132,8.5132,8.1222,8.1222,8.1222,8.1222,8.1222,8.1222,8.1222,7.7372,7.7372,7.7372,7.7372,7.7372,7.7372,7.3583,7.3583,7.3583,7.3583,7.3583,7.3583
2016-04-01 00:00:00,2,13.1866,12.735,12.2885,11.4112,11.4112,10.9806,10.9806,10.5553,10.1356,9.7214,9.3129,9.3129,8.5132,8.5132,9.7214,9.7214,9.3129,9.3129,9.3129,9.3129,10.9806,10.1356,9.3129,8.9101,8.9101,8.9101,8.9101,8.9101,8.5132,8.5132,
2016-03-01 00:00:00,2,48.7744,56.0065,48.0814,30.6514,38.0842,41.3322,31.2506,25.4321,30.056,23.7639,21.5977,17.9729,19.4999,21.0667,25.4321,24.3159,20.5401,17.9729,16.9776,16.001,14.5717,14.5717,13.1866,14.5717,18.9864,18.4774,16.4869,15.0433,16.001,14.105,14.105
2016-02-01 00:00:00,2,52.5471,37.445,31.8535,27.1366,24.872,24.872,23.7639,23.7639,23.2161,20.5401,19.4999,21.0667,21.5977,22.6724,21.5977,19.4999,18.4774,41.3322,54.515,59.0289,44.6654,34.3023,30.6514,28.2927,30.6514,34.3023,30.6514,28.2927,28.2927,,
2016-01-01 00:00:00,2,12.735,11.8472,10.9806,10.1356,10.1356,12.735,15.5197,18.4774,33.0706,52.0588,44.6654,40.6757,28.2927,30.6514,35.5486,52.5471,147.497,317.054,251.561,219.556,222.692,164.978,91.9617,58.5215,47.3917,43.3221,44.6654,46.022,52.5471,72.1686,72.1686
2015-12-01 00:00:00,2,7.3583,9.3129,11.4112,28.2927,24.872,20.0178,12.735,9.7214,8.9101,8.9101,9.7214,11.4112,15.5197,46.022,39.373,33.0706,25.9963,24.872,25.9963,25.9963,21.0667,17.473,14.5717,12.735,11.8472,11.4112,10.9806,19.4999,18.4774,17.473,14.5717
2015-11-01 00:00:00,2,2.2424,2.5025,2.7718,2.7718,2.5025,2.5025,2.2424,1.9917,1.9917,1.7509,1.5204,2.2424,3.0498,3.3363,6.2595,8.5132,10.9806,12.735,13.6433,12.2885,13.6433,13.6433,10.9806,9.3129,8.5132,11.8472,10.9806,6.9856,6.2595,6.6193,
2015-10-01 00:00:00,2,3.0498,2.7718,2.7718,2.5025,2.5025,2.2424,2.2424,1.9917,1.9917,1.9917,1.7509,1.7509,1.5204,1.5204,1.5204,1.5204,1.5204,1.5204,1.3008,1.3008,1.3008,1.3008,1.3008,1.3008,1.5204,1.5204,1.5204,3.0498,4.2442,4.2442,3.0498
2015-09-01 00:00:00,2,2.5025,1.9917,1.9917,1.9917,1.7509,1.7509,1.7509,2.7718,5.9063,11.8472,13.6433,11.8472,11.4112,10.9806,10.9806,10.9806,10.5553,10.5553,10.5553,10.1356,10.1356,9.3129,8.5132,6.2595,4.2442,3.3363,3.0498,3.0498,3.0498,3.0498,
2015-08-01 00:00:00,2,3.3363,3.3363,3.631,3.3363,3.0498,3.0498,3.0498,3.0498,3.0498,3.0498,3.0498,3.0498,3.0498,2.7718,2.7718,2.7718,2.7718,2.5025,2.5025,2.5025,2.5025,2.5025,2.2424,2.2424,2.2424,2.2424,2.2424,2.2424,2.5025,2.7718,2.7718
2015-07-01 00:00:00,2,4.8876,4.8876,4.8876,4.8876,4.8876,4.8876,4.8876,4.8876,4.5622,4.5622,4.5622,4.5622,4.5622,4.2442,4.2442,4.2442,4.2442,3.9337,3.9337,3.9337,3.9337,3.9337,3.631,3.631,3.631,3.631,3.631,3.3363,3.3363,3.3363,3.3363
2015-06-01 00:00:00,2,8.5132,8.1222,8.1222,7.7372,7.7372,7.7372,7.7372,7.3583,6.9856,6.9856,6.9856,6.6193,6.2595,6.2595,6.2595,6.2595,5.9063,5.9063,5.9063,5.9063,5.9063,5.9063,5.9063,5.5598,5.5598,5.5598,5.2202,5.2202,5.2202,5.2202,
2015-05-01 00:00:00,2,9.3129,9.3129,9.3129,9.3129,9.3129,9.3129,9.3129,9.3129,9.3129,9.3129,8.9101,8.9101,8.9101,8.9101,8.5132,8.5132,8.5132,8.5132,7.7372,7.7372,7.7372,7.3583,6.9856,6.9856,6.9856,6.9856,6.6193,6.6193,6.6193,7.7372,9.3129
2015-04-01 00:00:00,2,16.001,14.5717,14.5717,15.0433,13.6433,12.735,12.735,12.735,12.735,12.2885,12.2885,11.4112,11.8472,11.8472,11.4112,10.9806,10.9806,10.9806,10.5553,10.5553,10.1356,10.1356,10.1356,10.1356,9.7214,9.7214,9.7214,9.7214,9.7214,9.7214,
2015-03-01 00:00:00,2,9.3129,8.9101,8.5132,8.1222,7.7372,7.3583,6.9856,9.3129,20.5401,26.5645,22.6724,34.9237,27.1366,21.5977,18.4774,17.473,15.0433,23.2161,31.8535,29.4644,31.2506,25.4321,27.1366,29.4644,38.7268,35.5486,27.7127,21.0667,17.9729,18.9864,17.9729
2015-02-01 00:00:00,2,17.473,16.9776,10.1356,9.3129,9.7214,11.8472,13.6433,13.6433,89.6208,74.3502,34.3023,24.872,18.9864,12.2885,10.5553,9.3129,8.5132,14.105,17.9729,20.5401,21.5977,20.5401,19.4999,18.4774,17.473,16.4869,14.5717,9.3129,,,
2015-01-01 00:00:00,2,8.5132,8.1222,7.7372,11.4112,12.735,12.735,10.9806,9.3129,8.5132,8.1222,8.1222,7.7372,6.2595,5.2202,4.8876,4.8876,3.9337,3.9337,3.9337,3.631,3.631,3.631,3.631,4.2442,5.5598,8.1222,18.4774,16.4869,16.4869,18.4774,18.4774
2014-12-01 00:00:00,2,18.8195,16.0802,14.5063,17.1589,24.0951,25.947,29.7839,29.1324,26.5743,24.7074,18.2604,17.1589,19.9544,19.9544,16.6167,14.5063,13.4872,14.5063,16.0802,17.1589,17.1589,16.0802,15.5497,14.5063,12.4929,11.0494,10.1202,10.1202,9.6657,9.6657,9.2183
2014-11-01 00:00:00,2,1.7023,3.1185,2.8133,2.2349,2.2349,2.5186,2.8133,2.5186,2.2349,2.2349,1.9627,1.9627,2.5186,2.8133,3.1185,3.1185,2.8133,2.5186,2.5186,2.2349,1.9627,1.7023,1.7023,1.7023,5.1537,9.6657,9.6657,9.6657,12.4929,18.8195,
2014-10-01 00:00:00,2,0.9995,0.9995,0.9995,0.794,0.794,0.794,0.794,0.794,0.794,0.6048,0.6048,0.6048,0.6048,0.6048,0.6048,0.6048,0.6048,0.6048,0.6048,0.6048,0.6048,0.6048,0.9995,1.7023,3.1185,3.7593,3.1185,2.5186,1.9627,0.9995,0.794
2014-09-01 00:00:00,2,1.7023,1.7023,2.2349,2.5186,2.2349,1.9627,1.9627,1.9627,1.9627,1.9627,1.7023,1.7023,1.7023,1.7023,1.7023,1.7023,1.4546,1.4546,1.4546,1.4546,1.4546,1.22,1.22,1.22,1.22,1.22,1.22,1.22,0.9995,0.9995,
2014-08-01 00:00:00,2,4.4384,4.0942,3.7593,3.7593,3.7593,3.434,3.434,3.434,3.1185,3.1185,3.1185,3.1185,2.8133,2.8133,2.8133,2.5186,2.5186,2.5186,2.2349,2.2349,2.2349,2.2349,1.9627,1.9627,1.9627,1.9627,1.9627,1.9627,1.9627,1.7023,1.7023
2014-07-01 00:00:00,2,3.1185,3.1185,3.1185,3.1185,2.8133,2.8133,2.8133,2.5186,2.5186,2.5186,2.2349,2.2349,,,,,,,,,,,,,2.2349,2.8133,4.0942,,,,
2014-06-01 00:00:00,2,3.434,3.434,3.434,3.434,,,,,,,,,,,,,,,,,,,,,,,,,,,
2014-05-01 00:00:00,2,5.5244,5.5244,5.1537,5.1537,4.4384,4.4384,4.0942,3.7593,3.7593,3.434,3.434,3.434,3.434,3.434,3.434,3.1185,3.1185,2.5186,3.1185,3.1185,3.1185,2.8133,2.8133,2.8133,2.8133,4.4384,9.2183,9.6657,5.5244,4.4384,3.7593
2014-04-01 00:00:00,2,7.5002,12.4929,11.0494,9.2183,8.3446,7.5002,7.0893,7.0893,6.6861,5.9035,5.5244,5.1537,4.7916,4.4384,4.0942,6.2907,10.1202,9.6657,9.6657,8.3446,8.3446,7.9187,7.5002,7.5002,7.0893,7.0893,6.6861,6.2907,5.9035,5.5244,
2014-03-01 00:00:00,2,4.7916,4.7916,4.7916,4.4384,4.7916,5.5244,6.6861,7.0893,7.9187,7.5002,6.6861,6.2907,5.9035,5.5244,5.1537,4.7916,4.4384,4.0942,3.7593,3.7593,3.434,3.1185,3.1185,3.1185,3.1185,3.1185,3.1185,3.1185,3.1185,3.1185,3.7593
2014-02-01 00:00:00,2,7.0893,6.6861,6.6861,6.2907,5.9035,5.9035,5.5244,4.7916,4.7916,4.7916,4.7916,4.4384,4.4384,4.7916,4.7916,4.4384,7.0893,9.2183,8.7779,7.5002,7.0893,6.2907,5.5244,5.5244,5.1537,5.1537,4.7916,4.7916,,,
2014-01-01 00:00:00,2,55.5432,48.2977,38.6736,21.1111,14.5063,12.9869,12.0053,11.0494,10.1202,9.2183,8.7779,8.7779,8.3446,8.3446,7.9187,7.9187,7.5002,7.5002,11.0494,10.5814,10.5814,10.5814,12.0053,13.4872,18.2604,13.9937,12.4929,11.5241,11.0494,9.6657,6.6861
2013-12-01 00:00:00,2,9.2183,13.9937,22.289,20.5301,15.5497,13.4872,11.5241,17.1589,15.025,13.4872,15.5497,24.7074,30.4402,22.8859,17.1589,14.5063,12.4929,11.5241,11.0494,10.5814,10.1202,10.1202,17.7068,29.1324,35.1642,32.4372,36.5547,61.0037,62.5136,59.0042,58.0103
2013-11-01 00:00:00,2,5.9035,5.5244,5.5244,5.1537,4.7916,7.5002,12.9869,11.5241,10.5814,10.1202,9.6657,8.3446,7.5002,6.6861,5.9035,5.1537,5.1537,5.1537,4.7916,4.7916,5.1537,5.5244,5.5244,5.5244,8.3446,10.5814,14.5063,15.025,11.5241,9.2183,
2013-10-01 00:00:00,2,7.9187,7.0893,8.3446,13.4872,17.1589,16.6167,12.0053,9.6657,8.3446,7.9187,7.5002,7.0893,6.6861,6.2907,5.9035,7.0893,9.2183,12.4929,25.3247,20.5301,16.0802,13.4872,12.4929,9.6657,8.3446,7.9187,7.0893,6.6861,6.2907,6.2907,6.2907
2013-09-01 00:00:00,2,4.4384,4.4384,4.4384,4.7916,6.2907,6.2907,5.9035,5.5244,5.1537,4.7916,5.1537,6.2907,5.9035,5.9035,5.9035,5.9035,6.2907,7.5002,7.5002,6.6861,7.0893,7.0893,6.6861,6.6861,6.2907,5.9035,5.9035,5.5244,5.9035,6.2907,
2013-08-01 00:00:00,2,7.5002,7.0893,7.0893,6.6861,6.6861,6.2907,6.2907,6.2907,6.2907,5.9035,5.9035,5.9035,5.9035,5.9035,5.5244,5.5244,5.5244,5.5244,5.5244,5.1537,5.1537,5.1537,5.1537,4.7916,4.7916,4.7916,4.7916,4.7916,4.7916,4.4384,4.4384
2013-07-01 00:00:00,2,8.7779,8.3446,8.3446,8.3446,8.3446,7.9187,7.9187,7.9187,7.9187,7.9187,7.9187,7.5002,7.5002,7.5002,7.5002,7.5002,7.5002,7.5002,7.5002,7.0893,7.0893,7.0893,7.0893,7.0893,7.5002,8.7779,9.6657,8.7779,7.9187,7.9187,7.5002
2013-06-01 00:00:00,2,19.9544,15.025,13.9937,27.2065,24.0951,20.5301,16.6167,14.5063,13.4872,12.9869,12.4929,12.4929,11.5241,10.5814,10.1202,10.1202,10.1202,9.6657,9.6657,9.6657,9.6657,9.2183,9.2183,9.2183,9.2183,8.7779,8.7779,8.7779,8.7779,8.7779,
2013-05-01 00:00:00,2,10.5814,10.5814,10.5814,10.1202,10.1202,10.1202,9.6657,9.6657,9.6657,9.6657,9.2183,9.2183,9.2183,9.2183,9.2183,9.2183,8.7779,8.7779,8.7779,8.7779,8.7779,8.7779,8.7779,8.7779,9.2183,9.2183,9.2183,11.5241,21.6974,34.4757,27.2065
2013-04-01 00:00:00,2,18.8195,17.1589,16.0802,15.025,27.8436,45.9367,52.6165,39.3886,31.7669,27.8436,23.4879,22.8859,22.289,21.6974,21.1111,19.9544,18.8195,16.6167,15.5497,14.5063,13.9937,13.4872,12.9869,12.9869,12.4929,12.0053,11.5241,11.5241,11.0494,11.0494,
2013-03-01 00:00:00,2,12.4929,19.9544,31.1012,25.3247,20.5301,16.0802,14.5063,13.9937,13.4872,13.4872,16.0802,28.4856,40.1079,36.5547,31.7669,27.2065,13.4872,12.9869,12.4929,12.0053,12.0053,12.0053,12.0053,11.5241,11.5241,12.0053,13.4872,17.1589,28.4856,25.947,21.1111
2013-02-01 00:00:00,2,57.0204,62.5136,44.5335,34.4757,29.1324,27.8436,65.0492,57.5149,32.4372,24.7074,22.289,18.8195,17.7068,16.6167,15.5497,15.025,14.5063,14.5063,13.9937,13.4872,13.4872,12.9869,12.4929,12.4929,12.0053,11.5241,11.5241,11.0494,,,
2013-01-01 00:00:00,2,11.5241,10.5814,9.2183,9.2183,8.7779,8.3446,8.3446,9.2183,11.0494,12.9869,15.5497,22.289,26.5743,21.6974,27.8436,35.8573,38.6736,32.4372,27.2065,25.3247,24.0951,23.4879,22.289,21.6974,22.8859,31.1012,30.4402,33.7916,36.5547,43.0277,63.525
2012-12-01 00:00:00,2,13.4872,12.4929,12.4929,12.0053,11.5241,11.0494,10.5814,10.1202,9.6657,11.5241,15.025,12.9869,17.7068,22.8859,24.0951,31.1012,40.8315,27.8436,25.3247,24.0951,20.5301,19.3842,18.2604,17.1589,16.0802,15.025,16.6167,13.4872,12.4929,14.5063,12.4929
2012-11-01 00:00:00,2,4.4384,4.4384,4.7916,6.6861,8.3446,9.2183,8.3446,7.9187,7.9187,12.9869,19.3842,19.3842,19.9544,16.6167,12.9869,12.9869,32.4372,29.1324,19.9544,15.025,15.5497,15.5497,12.9869,11.0494,9.2183,10.1202,13.4872,16.0802,17.1589,15.5497,
2012-10-01 00:00:00,2,7.9187,7.9187,7.9187,7.5002,6.6861,6.2907,5.9035,5.9035,5.9035,5.5244,5.5244,5.5244,5.1537,5.1537,5.1537,4.7916,4.7916,4.7916,5.1537,5.5244,5.1537,5.1537,5.1537,5.1537,5.1537,4.7916,4.7916,4.7916,4.7916,4.7916,4.7916
2012-09-01 00:00:00,2,7.9187,7.9187,7.9187,7.9187,7.5002,7.5002,7.5002,7.0893,7.0893,7.0893,7.0893,7.0893,6.6861,6.6861,6.6861,6.6861,6.6861,6.2907,6.2907,6.2907,7.5002,7.9187,8.3446,8.3446,8.3446,8.3446,7.9187,7.9187,7.9187,7.5002,
2012-08-01 00:00:00,2,10.1202,10.1202,10.1202,10.1202,10.1202,10.1202,9.6657,9.6657,9.6657,9.6657,9.6657,9.6657,9.2183,9.2183,9.2183,9.2183,9.6657,9.6657,9.6657,9.2183,9.2183,9.2183,9.2183,9.2183,8.7779,8.7779,8.7779,8.7779,8.3446,8.3446,8.3446
2012-07-01 00:00:00,2,14.5063,14.5063,14.5063,13.9937,13.9937,13.9937,13.4872,13.4872,13.4872,13.4872,13.4872,12.9869,12.9869,12.9869,12.4929,12.4929,12.4929,12.4929,12.4929,12.4929,12.0053,12.0053,11.5241,11.5241,11.0494,11.0494,10.5814,10.5814,10.5814,10.1202,10.1202
2012-06-01 00:00:00,2,15.5497,17.1589,15.5497,15.5497,15.025,24.0951,37.2566,31.1012,24.7074,21.6974,19.3842,18.2604,17.7068,17.1589,16.6167,16.0802,15.5497,15.5497,15.025,14.5063,19.9544,27.2065,28.4856,24.7074,20.5301,18.2604,17.7068,17.1589,16.0802,15.025,
2012-05-01 00:00:00,2,19.3842,18.8195,18.2604,17.1589,16.6167,16.0802,16.0802,15.5497,16.0802,16.0802,15.5497,15.5497,15.025,15.025,18.2604,22.8859,20.5301,18.2604,17.1589,16.0802,16.0802,15.5497,15.5497,15.5497,15.025,17.7068,22.8859,20.5301,17.7068,16.6167,15.5497
2012-04-01 00:00:00,2,50.2064,39.3886,27.8436,24.7074,23.4879,22.289,24.0951,27.2065,23.4879,22.289,21.1111,20.5301,19.9544,19.3842,18.8195,18.2604,20.5301,22.289,20.5301,19.3842,19.3842,18.8195,18.2604,18.2604,18.2604,17.7068,21.1111,19.9544,18.8195,18.8195,
2012-03-01 00:00:00,2,22.289,21.6974,21.1111,20.5301,20.5301,19.9544,19.9544,19.3842,19.3842,18.8195,18.8195,19.3842,22.289,24.7074,21.6974,19.9544,24.7074,27.2065,24.7074,24.0951,23.4879,22.289,24.7074,30.4402,34.4757,29.7839,24.7074,23.4879,25.947,33.1122,47.35
2012-02-01 00:00:00,2,46.8777,43.7682,40.8315,37.2566,35.1642,33.7916,32.4372,31.1012,30.4402,29.7839,31.7669,40.1079,46.8777,49.7276,44.5335,34.4757,31.1012,29.7839,28.4856,27.8436,27.2065,26.5743,25.947,29.7839,28.4856,27.2065,25.947,24.0951,22.8859,,
2012-01-01 00:00:00,2,107.962,295.832,346.198,398.463,172.997,134.493,107.962,103.393,124.31,175.967,261.334,155.408,103.393,79.1359,67.6083,58.5067,67.0946,62.5136,61.0037,64.0321,55.0529,50.6863,48.2977,46.8777,44.5335,41.5594,39.3886,44.5335,50.2064,50.6863,51.1673
2011-12-01 00:00:00,2,21.6974,20.5301,19.9544,19.3842,18.8195,17.1589,18.8195,26.5743,37.2566,61.0037,68.6384,59.0042,46.4066,31.7669,49.2499,86.1426,92.1785,73.8432,88.3263,175.222,86.1426,57.5149,50.2064,46.4066,44.0681,39.3886,61.506,79.1359,74.8948,101.692,103.393
2011-11-01 00:00:00,2,11.0494,10.5814,9.6657,9.2183,8.7779,8.3446,8.3446,7.9187,7.9187,7.9187,7.5002,7.5002,9.6657,10.1202,15.025,31.1012,37.2566,24.7074,17.7068,15.5497,15.025,14.5063,12.0053,12.4929,11.5241,11.5241,18.2604,27.8436,25.3247,22.289,
2011-10-01 00:00:00,2,7.0893,7.0893,7.9187,9.6657,10.5814,9.2183,9.6657,9.6657,9.2183,8.7779,8.3446,12.9869,14.5063,12.4929,18.8195,22.8859,27.8436,25.3247,22.8859,17.7068,13.9937,12.4929,11.0494,11.0494,16.6167,14.5063,14.5063,12.4929,12.0053,11.0494,11.0494
2011-09-01 00:00:00,2,9.2183,9.2183,9.2183,8.7779,8.7779,9.2183,9.2183,9.2183,8.3446,8.3446,8.3446,8.3446,8.3446,8.3446,7.9187,8.7779,8.7779,8.7779,8.7779,8.3446,8.3446,8.3446,7.9187,7.9187,7.9187,7.9187,7.9187,7.5002,7.5002,7.5002,
2011-08-01 00:00:00,2,13.4872,12.9869,12.9869,12.9869,12.9869,12.4929,12.4929,12.4929,12.4929,12.4929,12.4929,12.0053,12.0053,11.5241,11.5241,11.5241,11.0494,11.0494,11.0494,11.0494,11.0494,10.5814,10.5814,10.5814,10.1202,10.1202,10.1202,9.6657,9.6657,9.6657,9.2183
2011-07-01 00:00:00,2,16.0802,15.5497,15.5497,15.5497,15.5497,15.025,15.025,15.025,14.5063,14.5063,14.5063,14.5063,14.5063,13.9937,13.9937,13.9937,13.9937,13.9937,13.9937,13.9937,13.9937,13.9937,13.9937,13.9937,13.4872,13.4872,13.4872,13.4872,13.4872,13.4872,13.4872
2011-06-01 00:00:00,2,16.0802,16.0802,15.5497,15.5497,15.5497,15.5497,15.025,15.025,14.5063,19.9544,21.6974,20.5301,18.2604,18.8195,18.8195,18.8195,18.8195,18.2604,18.2604,17.7068,17.7068,17.7068,17.1589,17.1589,16.6167,16.6167,16.6167,16.6167,16.0802,16.0802,
2011-05-01 00:00:00,2,24.0951,25.947,25.3247,24.0951,22.8859,21.6974,21.1111,21.1111,20.5301,20.5301,19.9544,19.9544,19.3842,19.3842,18.8195,18.8195,18.8195,18.2604,18.8195,18.8195,18.8195,18.8195,18.2604,18.2604,17.7068,17.7068,17.1589,17.1589,16.6167,16.6167,16.0802
2011-04-01 00:00:00,2,31.7669,31.1012,29.7839,26.5743,40.8315,40.8315,34.4757,31.7669,33.1122,48.2977,78.6027,51.6493,40.8315,35.1642,30.4402,27.2065,27.8436,26.5743,25.947,25.3247,24.7074,24.0951,23.4879,22.8859,22.289,21.6974,21.1111,25.3247,26.5743,29.1324,
2011-03-01 00:00:00,2,27.2065,29.1324,43.7682,54.5635,72.2724,94.9536,155.408,144.247,133.286,118.997,105.101,83.9718,65.5591,65.5591,90.5229,88.3263,86.6873,84.5133,62.5136,48.2977,45.4678,44.5335,43.7682,40.8315,37.2566,34.4757,33.1122,39.3886,35.1642,33.1122,33.7916
2011-02-01 00:00:00,2,29.7839,36.5547,27.2065,22.289,21.6974,21.1111,20.5301,19.9544,19.3842,18.8195,18.2604,17.7068,17.7068,17.1589,16.6167,16.0802,16.0802,15.5497,15.025,15.025,14.5063,14.5063,13.9937,18.2604,17.1589,19.3842,25.3247,25.947,,,
2011-01-01 00:00:00,2,70.1904,72.2724,75.9499,85.0556,111.998,88.3263,77.539,60.5023,40.8315,36.5547,35.1642,33.7916,35.8573,66.5819,118.41,144.861,151.666,145.477,136.31,129.079,97.7479,80.2047,66.5819,45.4678,31.7669,28.4856,29.1324,27.8436,25.947,24.7074,24.7074
2010-12-01 00:00:00,2,24.7074,37.9629,36.5547,49.7276,45.9367,38.6736,39.3886,53.5879,49.2499,36.5547,29.1324,22.289,19.3842,17.7068,25.947,35.1642,41.5594,43.7682,42.2914,38.6736,36.5547,34.4757,33.1122,37.9629,41.5594,42.2914,43.7682,46.4066,49.7276,53.5879,53.1017
2010-11-01 00:00:00,2,10.5814,12.0053,11.5241,11.0494,10.5814,14.5063,22.8859,25.947,16.6167,16.0802,22.289,25.3247,22.289,18.8195,16.0802,15.5497,27.2065,24.0951,21.6974,17.1589,12.9869,25.947,54.0752,47.35,45.4678,43.0277,37.9629,31.1012,21.6974,17.7068,
2010-10-01 00:00:00,2,13.9937,11.0494,12.9869,12.4929,12.0053,24.7074,18.2604,14.5063,16.6167,13.9937,12.4929,10.1202,8.7779,7.9187,7.5002,7.5002,7.0893,26.5743,35.8573,25.947,17.1589,14.5063,12.0053,10.1202,9.2183,8.7779,10.1202,10.1202,9.2183,8.7779,8.3446
2010-09-01 00:00:00,2,4.7916,4.7916,4.4384,4.4384,4.4384,4.4384,4.4384,4.4384,4.4384,5.9035,5.5244,5.5244,5.1537,5.1537,5.1537,4.7916,4.7916,4.7916,4.4384,4.4384,4.4384,4.4384,4.0942,4.0942,4.0942,3.7593,3.7593,5.1537,12.0053,15.5497,
2010-08-01 00:00:00,2,6.6861,6.6861,6.6861,6.2907,6.2907,6.2907,6.2907,5.9035,5.9035,5.9035,5.9035,5.9035,5.9035,5.5244,5.5244,5.5244,5.5244,5.5244,5.5244,5.5244,5.1537,5.1537,5.1537,5.1537,5.1537,5.1537,5.1537,4.7916,4.7916,4.7916,4.7916
2010-07-01 00:00:00,2,8.3446,8.3446,8.3446,8.3446,8.3446,7.9187,7.9187,7.9187,7.9187,7.9187,7.9187,7.9187,7.9187,7.9187,7.9187,7.9187,7.9187,7.9187,7.9187,7.9187,7.5002,7.5002,7.5002,7.5002,7.0893,7.0893,7.0893,7.0893,6.6861,6.6861,6.6861
2010-06-01 00:00:00,2,11.0494,11.0494,11.0494,11.0494,11.0494,11.0494,11.0494,11.0494,10.1202,10.1202,10.1202,10.1202,10.1202,10.1202,10.1202,10.1202,9.6657,9.6657,9.6657,9.6657,9.6657,9.6657,9.6657,9.2183,9.2183,9.2183,8.7779,8.7779,8.7779,8.7779,
2010-05-01 00:00:00,2,13.3323,13.3323,13.3323,12.7932,12.7932,12.7932,12.2593,12.2593,12.2593,13.3323,14.4255,13.8764,13.3323,12.7932,12.7932,12.7932,12.7932,12.2593,12.2593,17.2422,18.2604,16.6167,13.9937,13.4872,12.9869,12.4929,12.0053,12.0053,11.5241,11.5241,11.0494
2010-04-01 00:00:00,2,23.8161,21.9754,20.7675,19.5757,26.9575,28.8845,25.6902,24.4371,21.3695,20.1696,18.986,18.4004,17.8191,17.2422,17.2422,17.2422,16.1017,15.5382,15.5382,15.5382,14.9795,14.9795,14.9795,14.4255,14.4255,14.4255,13.8764,13.8764,13.3323,13.3323,
2010-03-01 00:00:00,2,23.1987,34.8422,38.2597,51.1673,48.2977,41.3,50.6863,55.0529,41.3,35.5198,27.5964,23.8161,22.5851,23.8161,23.8161,41.3,54.0752,48.7733,35.5198,28.8845,32.1626,32.1626,48.7733,45.0001,36.8838,27.5964,25.0618,23.1987,21.9754,20.7675,21.3695
2010-02-01 00:00:00,2,21.9754,20.1696,19.5757,18.986,18.4004,18.4004,17.8191,17.2422,16.1017,15.5382,19.5757,18.986,16.6697,15.5382,14.9795,14.4255,13.8764,12.2593,15.5382,22.5851,19.5757,17.8191,16.6697,14.9795,14.4255,18.4004,20.1696,18.986,,,
2010-01-01 00:00:00,2,48.2977,40.3868,36.8838,32.1626,28.8845,38.2597,60.002,59.0042,45.9367,36.2003,30.8416,27.5964,28.2388,28.2388,38.2597,34.8422,29.5336,27.5964,25.0618,24.4371,26.9575,27.5964,29.5336,33.4962,33.4962,32.8279,39.647,32.1626,26.3221,24.4371,23.1987
2009-12-01 00:00:00,2,30.8416,31.5005,24.4371,29.5336,63.0188,60.5023,82.8914,86.6873,60.002,51.6493,47.8233,40.3868,32.1626,38.9519,63.0188,55.5432,46.8777,36.8838,34.1677,38.9519,36.8838,30.8416,36.8838,34.8422,25.6902,26.9575,32.8279,28.8845,59.5026,68.6384,60.5023
2009-11-01 00:00:00,2,19.5757,18.4004,17.2422,25.6902,20.1696,17.8191,16.1017,14.9795,14.4255,17.2422,25.6902,22.5851,19.5757,21.9754,24.4371,18.4004,16.6697,15.5382,14.4255,13.8764,12.7932,11.7308,11.2076,11.2076,10.6901,11.2076,13.3323,14.4255,16.6697,20.1696,
2009-10-01 00:00:00,2,11.7308,11.2076,11.2076,11.7308,11.7308,11.7308,12.2593,13.3323,14.4255,14.9795,17.2422,16.1017,14.4255,13.8764,12.2593,11.7308,11.7308,16.6697,26.9575,27.5964,34.8422,34.8422,55.5432,43.1407,30.8416,31.5005,28.8845,44.0681,36.2003,27.5964,22.5851
2009-09-01 00:00:00,2,14.4255,13.8764,13.3323,13.3323,12.7932,12.7932,14.9795,14.4255,13.3323,13.8764,13.3323,12.7932,12.7932,12.7932,12.2593,11.7308,11.2076,10.6901,10.6901,10.6901,10.6901,10.1783,11.2076,18.986,20.7675,17.2422,14.9795,13.8764,12.7932,11.7308,
2009-08-01 00:00:00,2,14.4255,14.4255,13.8764,13.8764,13.8764,13.3323,13.3323,13.3323,12.7932,12.7932,12.7932,12.7932,12.7932,12.7932,12.2593,12.2593,12.2593,12.2593,12.2593,12.7932,13.3323,13.3323,13.3323,13.3323,13.3323,23.1987,21.9754,21.3695,18.4004,14.9795,14.9795
2009-07-01 00:00:00,2,21.9754,21.3695,20.7675,19.5757,18.4004,18.4004,18.4004,18.4004,17.8191,17.8191,17.2422,17.2422,17.2422,17.2422,17.2422,16.6697,16.6697,16.6697,16.6697,16.1017,16.1017,16.1017,16.1017,16.1017,15.5382,15.5382,15.5382,15.5382,15.5382,14.9795,14.9795
2009-06-01 00:00:00,2,20.7675,20.7675,20.7675,20.7675,20.7675,20.7675,20.7675,20.7675,20.7675,20.7675,20.7675,21.3695,21.3695,20.7675,20.7675,20.7675,20.1696,20.1696,19.5757,19.5757,19.5757,18.986,18.986,18.4004,18.4004,18.4004,17.8191,23.8161,23.1987,22.5851,
2009-05-01 00:00:00,2,26.9575,26.9575,26.9575,26.9575,26.9575,28.2388,28.8845,27.5964,26.9575,26.3221,25.6902,25.0618,25.0618,25.0618,25.0618,24.4371,24.4371,24.4371,24.4371,23.8161,23.8161,23.8161,23.8161,23.1987,23.1987,22.5851,22.5851,21.9754,21.3695,21.3695,20.7675
2009-04-01 00:00:00,2,81.8142,63.0188,49.2499,41.3,38.2597,36.8838,54.0752,79.1359,69.1548,60.002,45.4678,41.7584,39.932,39.647,40.8428,39.932,38.2597,36.8838,34.1677,32.8279,32.1626,30.8416,30.186,29.5336,29.5336,28.8845,28.2388,27.5964,27.5964,26.9575,
2009-03-01 00:00:00,2,40.8428,37.5703,36.2003,34.1677,33.4962,33.4962,39.647,77.0085,53.1017,40.8428,38.2597,36.8838,34.1677,34.8422,34.1677,33.4962,39.647,50.2064,42.218,36.2003,32.8279,30.8416,34.1677,37.5703,45.9367,44.5335,40.3868,36.8838,54.5635,71.7505,66.5819
2009-02-01 00:00:00,2,48.7733,51.6493,60.002,53.1017,45.4678,50.2064,54.5635,51.1673,44.5335,41.7584,44.5335,46.4066,49.2499,73.8432,67.6083,79.1359,60.5023,48.7733,55.5432,42.218,40.3868,38.9519,37.5703,38.2597,56.527,85.0556,57.0204,46.8777,,,
2009-01-01 00:00:00,2,112.577,106.243,95.511,73.8432,66.07,62.0093,54.0752,47.8233,43.6038,43.1407,40.3868,38.2597,35.5198,34.8422,43.1407,44.5335,41.3,44.5335,57.0204,57.0204,53.5879,118.41,132.08,91.6259,70.7096,64.5402,65.5591,86.6873,85.0556,64.5402,52.6165
2008-12-01 00:00:00,2,25.6902,20.7675,16.1017,15.5382,14.9795,14.4255,13.8764,13.3323,13.3323,12.7932,12.7932,12.7932,14.4255,31.5005,40.8428,111.419,240.073,677.695,295.832,141.182,99.997,66.5819,48.2977,51.6493,50.6863,47.35,63.525,197.281,209.071,124.904,87.7792
2008-11-01 00:00:00,2,6.8297,10.1783,11.2076,9.6723,11.2076,11.2076,11.7308,12.7932,13.3323,16.1017,15.5382,14.4255,16.6697,23.1987,21.3695,20.1696,23.8161,32.8279,32.1626,28.2388,24.4371,20.7675,20.7675,21.9754,22.5851,23.1987,23.1987,25.6902,27.5964,31.5005,
2008-10-01 00:00:00,2,10.1783,9.6723,10.6901,11.7308,10.6901,9.6723,9.1724,8.6787,8.6787,10.1783,9.6723,9.1724,8.6787,8.1914,7.7107,7.2218,7.2218,6.8297,8.6787,9.6723,9.1724,8.6787,8.1914,8.6787,7.7107,7.2218,6.8297,6.4413,6.4413,6.0568,6.0568
2008-09-01 00:00:00,2,15.5382,13.8764,11.2076,10.1783,9.6723,9.1724,8.6787,8.1914,8.1914,7.7107,9.1724,8.6787,7.7107,7.2218,7.2218,7.2218,8.1914,7.7107,7.2218,7.2218,9.1724,14.4255,17.8191,14.4255,12.7932,10.6901,10.6901,13.8764,12.7932,11.2076,
2008-08-01 00:00:00,2,10.6901,10.6901,10.6901,10.6901,11.2076,11.7308,12.7932,12.2593,11.7308,11.2076,10.6901,10.6901,10.6901,10.1783,10.1783,9.6723,9.1724,9.1724,9.1724,9.1724,8.6787,8.6787,8.6787,8.1914,8.1914,8.1914,8.1914,7.7107,7.7107,7.7107,11.7308
2008-07-01 00:00:00,2,14.9795,14.4255,14.4255,13.8764,13.8764,13.8764,13.3323,13.3323,13.3323,12.7932,12.7932,12.7932,12.7932,12.7932,12.7932,12.2593,12.2593,12.2593,12.2593,12.2593,12.2593,11.7308,11.7308,11.7308,11.7308,11.7308,11.2076,11.2076,11.2076,11.2076,10.6901
2008-06-01 00:00:00,2,17.2422,17.2422,17.2422,17.2422,17.2422,17.2422,16.6697,16.6697,16.1017,16.1017,15.5382,15.5382,15.5382,14.9795,14.9795,14.9795,14.9795,14.9795,14.4255,14.4255,14.4255,14.4255,13.8764,14.4255,16.6697,18.4004,16.6697,15.5382,14.9795,14.9795,
2008-05-01 00:00:00,2,22.5851,22.5851,22.5851,22.5851,21.9754,21.9754,21.3695,20.7675,20.7675,20.1696,19.5757,19.5757,19.5757,19.5757,19.5757,19.5757,19.5757,19.5757,18.986,18.986,18.986,18.4004,18.4004,17.8191,17.8191,17.8191,17.2422,17.2422,17.2422,17.2422,17.2422
2008-04-01 00:00:00,2,30.186,28.2388,27.5964,26.9575,28.2388,44.5335,53.1017,53.1017,45.9367,42.218,50.6863,53.5879,43.1407,36.2003,33.4962,32.8279,30.8416,31.5005,28.8845,27.5964,32.1626,32.8279,28.8845,27.5964,26.3221,25.6902,24.4371,23.8161,23.1987,22.5851,
2008-03-01 00:00:00,2,33.4962,45.9367,65.0492,46.4066,40.3868,33.4962,30.8416,30.8416,44.0681,31.5005,31.5005,32.1626,38.2597,64.0321,92.732,107.962,101.692,81.2768,57.5149,45.4678,40.8428,38.2597,36.2003,34.8422,34.8422,33.4962,32.8279,40.8428,42.218,36.8838,32.1626
2008-02-01 00:00:00,2,257.887,122.533,71.7505,75.9499,105.672,95.511,99.997,111.998,99.4336,74.3686,57.5149,49.7276,44.5335,41.3,40.8428,40.3868,35.5198,33.4962,34.1677,40.3868,36.8838,37.5703,45.9367,42.6788,48.2977,54.5635,42.6788,35.5198,35.5198,,
2008-01-01 00:00:00,2,14.9795,13.8764,12.2593,11.7308,11.2076,12.2593,17.2422,21.3695,18.4004,26.3221,36.8838,38.2597,47.35,36.2003,29.5336,21.9754,18.4004,16.6697,17.2422,29.5336,35.5198,43.1407,50.2064,55.5432,51.6493,51.1673,58.0103,78.0705,100.561,134.493,271.778
2007-12-01 00:00:00,2,18.4004,13.8764,11.2076,10.1783,9.6723,9.1724,8.1914,8.1914,9.1724,11.2076,9.1724,8.6787,8.6787,11.7308,23.8161,21.3695,15.5382,12.2593,10.6901,35.5198,105.672,77.0085,48.2977,39.932,41.3,39.647,28.2388,22.5851,19.5757,17.2422,15.5382
2007-11-01 00:00:00,2,7.2218,6.8297,7.7107,8.6787,11.7308,15.5382,13.8764,13.3323,13.3323,12.7932,12.2593,12.2593,18.4004,25.6902,18.986,14.4255,12.2593,10.6901,10.1783,9.6723,10.6901,10.1783,9.1724,8.1914,7.7107,7.7107,11.2076,21.3695,21.9754,20.7675,
2007-10-01 00:00:00,2,5.3,5.3,4.9281,4.9281,4.9281,4.9281,4.9281,4.9281,4.5609,4.5609,4.1985,4.1985,3.8412,3.8412,3.8412,4.1985,4.1985,3.8412,3.8412,4.5609,8.6787,8.1914,7.2218,10.1783,11.2076,11.7308,11.2076,10.1783,9.1724,8.1914,7.7107
2007-09-01 00:00:00,2,7.2218,7.2218,7.2218,7.2218,7.2218,6.8297,6.8297,6.8297,6.8297,6.8297,6.8297,6.4413,6.4413,6.4413,6.4413,6.4413,6.0568,6.0568,6.0568,6.0568,6.0568,5.6763,5.6763,5.3,5.3,4.9281,4.9281,4.9281,4.9281,4.9281,
2007-08-01 00:00:00,2,12.7932,12.2593,11.7308,11.2076,10.6901,10.6901,10.6901,10.6901,10.1783,10.1783,9.6723,9.6723,9.6723,9.6723,9.1724,9.1724,9.1724,9.1724,9.1724,9.1724,8.6787,8.6787,8.6787,8.6787,8.1914,8.1914,7.7107,7.7107,7.7107,7.7107,7.7107
2007-07-01 00:00:00,2,12.7932,12.7932,12.2593,12.2593,12.2593,12.2593,12.2593,11.7308,11.7308,11.7308,11.7308,11.7308,11.7308,11.2076,11.2076,11.2076,11.2076,11.2076,11.2076,10.6901,10.6901,10.6901,10.6901,10.1783,10.1783,10.1783,10.1783,10.1783,15.5382,15.5382,13.8764
2007-06-01 00:00:00,2,17.2422,16.6697,16.1017,16.1017,16.1017,16.1017,15.5382,15.5382,14.9795,14.9795,14.9795,14.4255,14.4255,14.4255,14.4255,14.4255,13.8764,13.8764,13.8764,13.3323,13.3323,13.3323,13.3323,12.7932,12.7932,12.7932,12.7932,12.7932,12.7932,12.7932,
2007-05-01 00:00:00,2,19.5757,19.5757,18.986,18.4004,18.4004,17.8191,17.8191,17.2422,17.2422,16.6697,16.6697,16.1017,16.1017,16.1017,16.1017,16.1017,15.5382,15.5382,15.5382,15.5382,14.9795,15.5382,14.9795,17.8191,21.3695,19.5757,16.6697,18.4004,20.7675,18.986,17.8191
2007-04-01 00:00:00,2,21.3695,21.3695,20.7675,20.1696,20.1696,19.5757,21.9754,25.0618,25.6902,30.8416,32.8279,25.6902,23.1987,21.9754,20.7675,21.3695,23.1987,25.0618,23.8161,22.5851,21.3695,20.7675,21.3695,21.9754,21.3695,20.1696,20.1696,20.1696,20.7675,20.1696,
2007-03-01 00:00:00,2,34.1677,33.4962,31.5005,30.8416,29.5336,28.8845,28.2388,27.5964,26.9575,26.3221,25.6902,25.6902,25.0618,24.4371,24.4371,23.8161,25.0618,26.9575,32.1626,40.3868,38.2597,36.2003,30.186,27.5964,25.6902,24.4371,23.8161,24.4371,23.1987,21.9754,21.9754
2007-02-01 00:00:00,2,90.5229,77.0085,70.1904,57.5149,60.002,72.2724,63.0188,57.0204,52.1324,46.8777,43.6038,61.0037,61.0037,52.1324,49.7276,45.0001,41.7584,64.0321,96.0691,53.5879,45.0001,40.8428,38.9519,36.8838,35.5198,34.8422,37.5703,36.8838,,,
2007-01-01 00:00:00,2,108.537,99.4336,92.1785,99.997,102.258,91.6259,99.4336,94.3971,80.7403,67.6083,69.6722,64.0321,57.0204,117.238,231.759,255.313,281.485,324.384,193.408,120.762,84.5133,72.2724,66.5819,58.5067,55.0529,56.0346,54.0752,68.1229,174.479,180.457,130.878
2006-12-01 00:00:00,2,60.002,48.2977,34.1677,25.6902,22.5851,28.2388,32.8279,45.9367,42.6788,41.7584,41.7584,44.0681,34.1677,28.8845,32.1626,55.0529,60.002,53.1017,39.932,30.8416,30.186,32.8279,34.1677,61.506,52.6165,54.0752,41.7584,43.6038,49.2499,52.6165,68.1229
2006-11-01 00:00:00,2,8.6787,8.6787,18.986,30.8416,27.5964,19.5757,15.5382,17.8191,15.5382,16.1017,21.3695,18.986,16.6697,22.5851,35.5198,28.2388,27.5964,19.5757,17.2422,22.5851,23.1987,26.3221,18.986,18.986,18.4004,14.9795,13.3323,13.3323,28.8845,45.0001,
2006-10-01 00:00:00,2,6.8297,7.2218,8.1914,9.1724,8.6787,8.1914,8.6787,19.5757,21.3695,17.8191,13.8764,12.7932,12.7932,14.4255,18.986,14.4255,12.2593,13.8764,20.7675,28.8845,22.5851,10.6901,14.9795,12.7932,11.7308,11.2076,10.6901,10.1783,10.1783,10.6901,9.6723
2006-09-01 00:00:00,2,7.2218,7.7107,12.7932,16.6697,13.3323,11.2076,10.1783,9.6723,9.1724,8.1914,8.1914,7.7107,7.7107,7.2218,6.8297,6.8297,6.4413,6.4413,6.0568,6.4413,7.2218,10.6901,12.2593,12.7932,11.7308,10.1783,9.1724,8.1914,7.7107,7.2218,
2006-08-01 00:00:00,2,8.1914,8.1914,8.6787,8.1914,8.1914,8.1914,8.1914,7.7107,7.7107,7.2218,7.2218,7.2218,6.8297,6.8297,6.8297,6.8297,6.8297,6.8297,6.4413,6.4413,7.2218,8.1914,7.7107,7.2218,6.8297,6.8297,6.4413,6.8297,7.2218,7.7107,7.7107
2006-07-01 00:00:00,2,11.7308,11.2076,10.6901,10.6901,10.6901,10.6901,10.6901,10.6901,10.6901,10.1783,10.1783,10.1783,10.1783,9.6723,9.6723,9.6723,9.6723,9.1724,9.1724,9.1724,9.1724,8.6787,8.6787,8.6787,8.6787,8.1914,8.1914,8.1914,8.1914,8.1914,8.1914
2006-06-01 00:00:00,2,12.7932,12.2593,12.2593,12.2593,12.2593,11.7308,11.7308,11.7308,11.7308,11.7308,11.7308,11.7308,11.7308,11.2076,11.2076,11.2076,11.2076,11.2076,10.6901,10.6901,10.6901,10.6901,10.6901,10.6901,10.6901,10.6901,11.7308,13.3323,12.7932,12.2593,
2006-05-01 00:00:00,2,15.5382,15.5382,15.5382,14.9795,14.9795,14.4255,14.4255,14.4255,13.8764,13.8764,18.4004,18.986,16.6697,15.5382,14.9795,14.4255,14.4255,13.8764,13.8764,13.8764,13.3323,13.3323,13.3323,13.8764,13.8764,13.3323,13.3323,13.3323,12.7932,12.7932,12.7932
2006-04-01 00:00:00,2,24.4371,23.1987,22.5851,21.9754,21.3695,20.7675,20.1696,21.3695,23.8161,24.4371,22.5851,20.7675,20.7675,19.5757,19.5757,18.4004,17.8191,18.986,18.4004,18.4004,17.8191,17.8191,17.2422,17.2422,16.6697,16.1017,16.1017,16.1017,15.5382,15.5382,
2006-03-01 00:00:00,2,22.5851,26.3221,26.3221,23.8161,21.9754,42.6788,58.5067,59.0042,46.4066,41.7584,35.5198,56.0346,45.4678,39.932,34.1677,50.2064,67.0946,81.2768,55.5432,45.9367,41.7584,37.5703,34.8422,30.8416,28.8845,30.8416,32.8279,30.8416,27.5964,25.6902,25.6902
2006-02-01 00:00:00,2,32.8279,31.5005,32.1626,30.186,23.1987,20.7675,18.986,17.8191,16.6697,16.1017,16.6697,31.5005,65.5591,72.7951,73.3187,51.1673,45.9367,43.6038,39.932,30.8416,25.6902,23.8161,23.1987,25.6902,24.4371,25.0618,24.4371,23.1987,,,
2006-01-01 00:00:00,2,23.1987,22.5851,23.1987,26.9575,46.4066,72.7951,73.3187,65.0492,56.0346,44.0681,35.5198,30.8416,28.2388,26.3221,24.4371,23.1987,22.5851,21.3695,20.1696,19.5757,18.986,17.8191,17.2422,17.2422,16.1017,16.1017,15.5382,16.6697,21.3695,23.8161,32.8279
2005-12-01 00:00:00,2,20.7675,21.9754,23.8161,24.4371,20.1696,18.4004,19.5757,30.8416,38.2597,38.9519,51.1673,101.126,111.419,70.7096,93.8413,69.6722,53.5879,42.6788,39.647,40.3868,35.5198,30.186,28.8845,27.5964,24.4371,23.8161,26.9575,29.5336,34.8422,32.8279,25.6902
2005-11-01 00:00:00,2,49.2499,44.5335,40.3868,27.5964,26.9575,28.2388,22.5851,18.986,17.2422,15.5382,17.2422,25.0618,21.3695,22.5851,20.1696,17.8191,15.5382,17.2422,26.3221,26.9575,26.3221,28.8845,26.3221,33.4962,35.5198,29.5336,30.8416,25.6902,21.3695,19.5757,
2005-10-01 00:00:00,2,14.4255,13.3323,12.7932,12.7932,12.2593,11.7308,13.3323,14.9795,12.7932,11.7308,11.2076,10.6901,10.1783,9.6723,9.1724,8.6787,8.1914,8.1914,8.1914,7.7107,8.1914,8.6787,8.1914,8.1914,13.3323,15.5382,13.8764,12.2593,11.7308,11.7308,21.3695
2005-09-01 00:00:00,2,12.7932,12.7932,12.7932,12.7932,12.7932,12.7932,13.3323,13.3323,13.3323,12.7932,12.2593,12.2593,11.7308,11.7308,11.7308,11.2076,11.2076,13.3323,14.4255,18.4004,16.6697,14.9795,13.3323,12.7932,12.2593,14.4255,18.986,17.8191,16.6697,14.9795,
2005-08-01 00:00:00,2,17.2422,16.6697,16.1017,16.1017,16.1017,16.1017,16.1017,15.5382,15.5382,15.5382,15.5382,15.5382,15.5382,15.5382,14.9795,16.1017,14.9795,14.9795,14.9795,14.4255,14.4255,14.4255,13.8764,13.8764,13.3323,13.3323,13.3323,13.3323,13.3323,13.3323,12.7932
2005-07-01 00:00:00,2,22.5851,21.9754,21.3695,21.3695,20.7675,20.7675,20.7675,20.1696,20.1696,19.5757,19.5757,19.5757,19.5757,18.986,18.986,18.986,18.986,18.986,18.4004,19.5757,20.7675,20.1696,19.5757,18.986,18.4004,18.4004,18.4004,18.4004,17.8191,17.8191,17.2422
2005-06-01 00:00:00,2,28.2388,26.9575,26.3221,26.3221,25.0618,25.0618,24.4371,24.4371,24.4371,23.8161,23.1987,23.1987,22.5851,22.5851,22.5851,22.5851,21.9754,21.9754,23.8161,25.0618,28.2388,30.8416,26.9575,24.4371,23.8161,22.5851,22.5851,22.5851,22.5851,22.5851,
2005-05-01 00:00:00,2,47.35,39.932,32.8279,30.186,28.8845,28.2388,27.5964,26.9575,26.9575,26.3221,26.3221,25.6902,25.6902,25.0618,24.4371,24.4371,24.4371,23.8161,23.8161,23.8161,23.1987,23.1987,23.1987,26.3221,38.9519,61.0037,54.5635,41.7584,32.8279,30.186,28.8845
2005-04-01 00:00:00,2,38.9519,37.5703,36.2003,35.5198,34.1677,34.1677,33.4962,32.8279,32.1626,31.5005,30.8416,30.8416,30.186,29.5336,28.8845,28.2388,28.2388,27.5964,28.2388,27.5964,27.5964,28.8845,28.8845,28.8845,30.8416,28.8845,33.4962,32.1626,35.5198,43.6038,
2005-03-01 00:00:00,2,53.5879,47.8233,62.0093,117.238,126.689,82.3524,57.5149,48.2977,45.0001,43.1407,41.7584,41.7584,39.932,36.8838,36.8838,47.35,72.7951,99.997,94.3971,74.3686,59.5026,55.5432,52.6165,51.6493,50.2064,67.6083,61.506,52.6165,45.9367,41.7584,39.932
2005-02-01 00:00:00,2,73.3187,59.0042,52.1324,51.6493,51.1673,131.479,133.889,114.902,73.3187,51.6493,46.4066,44.0681,44.5335,48.7733,44.0681,40.8428,42.218,45.0001,46.4066,61.506,54.5635,43.6038,38.2597,36.2003,35.5198,39.647,45.0001,46.4066,,,
2005-01-01 00:00:00,2,61.506,67.0946,75.9499,59.0042,69.1548,130.878,160.588,162.752,138.132,92.1785,74.8948,74.3686,119.584,147.327,77.0085,57.0204,49.7276,97.1875,151.044,110.264,77.0085,64.5402,57.0204,50.2064,45.4678,47.8233,87.2329,73.8432,87.7792,69.1548,88.8743
2004-12-01 00:00:00,2,32.8279,31.5005,27.5964,21.3695,18.4004,17.2422,25.6902,39.647,35.5198,36.2003,39.932,38.9519,36.8838,29.5336,23.1987,20.7675,18.986,17.2422,17.2422,37.5703,78.0705,123.717,170.782,210.663,254.457,301.281,129.079,83.4312,63.0188,55.0529,53.5879
2004-11-01 00:00:00,2,6.8297,6.8297,9.1724,7.7107,6.8297,6.4413,6.4413,8.6787,7.7107,7.2218,6.4413,6.0568,6.0568,6.0568,5.6763,5.6763,7.7107,11.2076,13.8764,17.2422,15.5382,12.7932,10.1783,9.1724,8.1914,7.2218,6.8297,6.0568,6.8297,26.9575,
2004-10-01 00:00:00,2,6.0568,5.6763,5.6763,7.2218,9.6723,9.1724,8.1914,7.7107,7.7107,7.2218,7.7107,12.7932,13.3323,13.8764,12.7932,17.2422,14.4255,13.3323,12.2593,10.6901,9.1724,8.6787,8.1914,7.7107,7.2218,8.1914,7.2218,9.6723,8.6787,7.7107,7.2218
2004-09-01 00:00:00,2,9.1724,9.1724,9.1724,8.6787,8.6787,8.1914,8.1914,7.7107,7.7107,7.7107,7.7107,7.2218,7.2218,7.2218,7.2218,6.8297,7.7107,9.6723,11.7308,10.6901,9.6723,9.1724,8.1914,7.7107,7.7107,7.2218,6.8297,6.8297,6.4413,6.0568,
2004-08-01 00:00:00,2,13.3323,13.3323,13.3323,12.7932,12.7932,12.7932,12.7932,12.2593,12.2593,11.7308,11.7308,11.7308,11.7308,11.2076,11.2076,11.2076,11.2076,11.2076,10.6901,10.6901,10.6901,10.6901,10.6901,10.1783,10.1783,9.6723,9.6723,9.6723,9.1724,9.1724,9.1724
2004-07-01 00:00:00,2,15.5382,15.5382,15.5382,14.4255,14.4255,14.4255,14.4255,13.8764,13.8764,14.4255,23.1987,26.3221,21.3695,17.8191,16.6697,16.1017,15.5382,14.9795,14.4255,16.6697,24.4371,21.9754,17.8191,16.1017,14.9795,14.4255,14.4255,13.8764,13.8764,13.8764,13.3323
2004-06-01 00:00:00,2,25.6902,26.3221,31.5005,40.3868,32.8279,25.0618,22.5851,21.3695,20.1696,19.5757,18.986,18.4004,18.4004,17.8191,17.8191,17.8191,17.8191,17.8191,17.2422,16.6697,16.6697,16.6697,16.1017,16.6697,18.4004,16.6697,16.1017,15.5382,15.5382,15.5382,
2004-05-01 00:00:00,2,21.3695,20.7675,20.1696,19.5757,19.5757,18.986,18.986,18.986,18.986,18.4004,18.4004,18.4004,17.8191,17.8191,17.8191,20.7675,25.0618,21.9754,20.1696,18.986,22.5851,21.9754,19.5757,18.986,18.4004,18.4004,19.5757,18.4004,18.4004,25.0618,31.5005
2004-04-01 00:00:00,2,27.5964,29.5336,25.6902,24.4371,30.186,34.1677,28.8845,27.5964,25.6902,24.4371,25.6902,42.218,43.6038,35.5198,31.5005,30.186,31.5005,28.2388,25.6902,24.4371,23.1987,22.5851,21.3695,20.7675,20.7675,27.5964,34.1677,28.2388,24.4371,22.5851,
2004-03-01 00:00:00,2,62.0093,45.0001,42.6788,40.3868,56.0346,65.5591,59.0042,58.5067,45.9367,40.8428,38.2597,36.2003,34.1677,32.8279,34.8422,40.8428,40.3868,34.8422,32.1626,30.8416,32.8279,32.8279,30.186,28.8845,27.5964,26.3221,25.6902,30.8416,34.1677,28.8845,26.9575
2004-02-01 00:00:00,2,25.0618,26.3221,33.4962,29.5336,28.8845,25.0618,23.1987,26.9575,37.5703,38.2597,47.8233,62.0093,51.6493,39.647,48.2977,88.8743,99.4336,91.074,59.0042,45.4678,44.5335,61.0037,60.002,68.1229,62.5136,64.5402,57.0204,60.002,82.8914,,
2004-01-01 00:00:00,2,22.5851,32.8279,44.0681,56.527,58.0103,46.8777,36.8838,32.8279,55.5432,151.666,156.66,184.231,156.66,90.5229,101.692,74.3686,54.0752,45.9367,40.3868,36.8838,33.4962,31.5005,46.8777,55.0529,40.3868,34.8422,32.8279,30.8416,28.8845,26.9575,25.6902
2003-12-01 00:00:00,2,59.0042,67.6083,59.0042,45.9367,38.2597,48.7733,71.2296,97.7479,68.6384,53.5879,42.6788,38.2597,29.5336,31.5005,32.8279,29.5336,22.5851,34.1677,57.0204,34.8422,30.8416,34.1677,39.932,48.2977,37.5703,28.8845,25.6902,28.2388,26.3221,24.4371,23.1987
2003-11-01 00:00:00,2,4.9281,4.9281,13.3323,16.1017,12.7932,9.1724,9.1724,12.2593,12.7932,10.6901,8.6787,7.2218,6.4413,6.0568,6.0568,6.0568,7.2218,7.7107,8.6787,9.1724,11.2076,10.6901,10.1783,8.6787,7.7107,7.2218,9.1724,10.1783,14.9795,39.932,
2003-10-01 00:00:00,2,6.0568,6.0568,5.6763,5.3,5.3,4.9281,4.5609,4.5609,4.5609,5.3,5.3,6.0568,6.4413,6.0568,5.6763,5.3,4.9281,4.5609,4.1985,4.1985,3.8412,3.8412,3.8412,5.6763,8.1914,8.6787,6.8297,6.4413,6.0568,5.6763,5.3
2003-09-01 00:00:00,2,8.1914,8.1914,7.7107,7.2218,6.8297,6.8297,6.8297,6.8297,6.4413,6.4413,6.4413,6.0568,6.4413,7.7107,9.6723,9.1724,8.1914,7.7107,7.2218,7.2218,6.8297,6.8297,6.4413,6.0568,6.0568,5.6763,5.3,5.3,5.3,6.4413,
2003-08-01 00:00:00,2,8.6787,8.6787,8.6787,8.6787,8.1914,8.1914,8.1914,8.1914,8.1914,8.1914,8.1914,8.1914,7.7107,7.7107,7.7107,7.7107,9.1724,8.6787,8.1914,7.7107,7.7107,7.7107,7.2218,7.2218,7.2218,6.8297,8.1914,8.1914,8.1914,8.1914,8.1914
2003-07-01 00:00:00,2,10.6901,10.6901,10.6901,10.6901,10.6901,10.6901,10.6901,10.6901,10.1783,10.1783,10.1783,10.1783,10.1783,10.1783,10.1783,9.6723,9.6723,12.2593,12.7932,9.6723,9.1724,9.1724,9.1724,9.1724,9.1724,9.1724,9.1724,9.1724,8.6787,8.6787,8.6787
2003-06-01 00:00:00,2,13.8764,13.8764,13.8764,13.8764,13.8764,13.8764,13.3323,13.3323,13.3323,13.3323,12.7932,12.7932,12.7932,12.2593,12.2593,12.2593,12.2593,11.7308,11.7308,11.7308,11.7308,11.7308,11.2076,11.2076,11.2076,11.2076,11.2076,11.2076,10.6901,10.6901,
2003-05-01 00:00:00,2,16.1017,16.1017,16.1017,16.6697,17.2422,20.1696,21.3695,21.3695,19.5757,18.986,17.8191,17.2422,16.6697,16.6697,16.6697,16.1017,16.1017,16.1017,15.5382,15.5382,15.5382,14.9795,14.9795,14.9795,14.9795,14.9795,14.9795,14.4255,14.4255,13.8764,13.8764
2003-04-01 00:00:00,2,24.4371,23.8161,23.1987,22.5851,24.4371,28.2388,26.3221,25.0618,25.6902,28.8845,29.5336,26.3221,24.4371,23.1987,22.5851,22.5851,21.9754,21.3695,20.1696,19.5757,19.5757,19.5757,18.986,18.4004,18.4004,18.986,20.7675,21.9754,18.4004,17.2422,
2003-03-01 00:00:00,2,25.0618,24.4371,23.1987,22.5851,26.9575,25.0618,23.1987,28.2388,28.2388,25.0618,34.8422,45.9367,43.1407,36.8838,36.8838,36.2003,44.5335,38.2597,47.35,41.7584,45.0001,41.7584,38.2597,30.8416,28.8845,30.8416,28.2388,26.3221,26.9575,25.0618,21.9754
2003-02-01 00:00:00,2,203.537,116.068,82.8914,62.5136,54.0752,50.6863,54.0752,47.35,43.1407,40.8428,38.9519,36.8838,34.8422,33.4962,31.5005,38.2597,38.2597,42.218,43.1407,44.0681,40.3868,35.5198,33.4962,31.5005,28.8845,27.5964,27.5964,26.3221,,,
2003-01-01 00:00:00,2,21.9754,28.8845,40.8428,87.2329,67.0946,56.527,51.1673,45.4678,39.932,32.8279,56.527,75.4219,50.6863,50.6863,83.4312,110.841,150.423,178.955,161.308,141.793,106.243,122.533,196.504,182.718,93.8413,65.0492,54.0752,53.1017,73.3187,185.749,330.023
2002-12-01 00:00:00,2,9.6723,8.6787,7.7107,6.8297,6.4413,9.6723,10.1783,8.6787,9.1724,11.2076,17.8191,40.8428,51.6493,53.5879,45.9367,44.5335,59.5026,59.5026,45.4678,32.1626,25.6902,37.5703,43.1407,38.2597,37.5703,34.1677,37.5703,30.8416,25.0618,20.1696,18.986
2002-11-01 00:00:00,2,13.3323,21.3695,17.8191,13.3323,10.6901,17.8191,31.5005,27.5964,16.6697,11.7308,10.1783,9.1724,12.2593,16.1017,13.3323,12.2593,10.1783,9.1724,8.1914,7.7107,7.2218,13.3323,26.3221,28.2388,27.5964,29.5336,18.4004,14.9795,12.7932,10.6901,
2002-10-01 00:00:00,2,6.0568,5.6763,6.4413,6.4413,6.0568,5.6763,5.3,5.3,4.9281,4.5609,4.5609,3.8412,3.8412,3.8412,3.4894,3.1435,3.1435,3.1435,2.8037,2.8037,2.4708,2.4708,2.4708,2.8037,3.1435,3.1435,2.8037,2.8037,3.1435,5.3,7.7107
2002-09-01 00:00:00,2,5.6763,6.4413,7.2218,7.2218,6.4413,6.0568,6.0568,6.0568,6.0568,6.0568,5.6763,5.3,5.3,5.3,4.9281,4.9281,4.5609,4.5609,4.5609,4.5609,4.1985,4.9281,5.3,9.6723,12.7932,13.8764,11.2076,8.1914,7.2218,6.8297,
2002-08-01 00:00:00,2,6.8297,6.8297,6.8297,6.8297,7.2218,7.2218,6.8297,6.8297,6.4413,6.4413,6.0568,6.0568,6.0568,6.0568,6.0568,5.6763,5.6763,5.3,5.3,5.3,5.3,5.3,5.3,5.3,5.3,4.9281,4.9281,4.9281,4.9281,5.3,5.3
2002-07-01 00:00:00,2,8.6787,8.6787,8.6787,8.1914,8.1914,8.1914,8.1914,8.1914,8.1914,8.1914,8.1914,8.1914,9.1724,10.1783,9.6723,9.1724,9.1724,9.1724,8.6787,8.6787,8.1914,8.1914,8.1914,8.1914,8.1914,7.7107,7.7107,7.7107,7.2218,7.2218,6.8297
2002-06-01 00:00:00,2,12.2593,11.7308,11.7308,11.7308,11.2076,11.2076,11.2076,10.6901,10.6901,10.6901,10.6901,10.6901,10.6901,10.1783,10.1783,9.6723,9.6723,9.6723,9.6723,9.6723,9.1724,9.1724,9.1724,9.1724,9.1724,8.6787,8.6787,8.6787,8.6787,8.6787,
2002-05-01 00:00:00,2,12.7932,12.7932,12.7932,12.7932,12.7932,12.7932,13.8764,14.9795,17.2422,16.1017,14.9795,14.4255,13.8764,13.3323,12.7932,12.7932,12.2593,12.2593,12.2593,12.2593,12.7932,16.1017,18.986,16.1017,14.4255,13.3323,12.7932,12.7932,12.2593,12.2593,12.2593
2002-04-01 00:00:00,2,22.5851,21.9754,21.3695,20.7675,20.1696,18.986,18.4004,19.5757,21.9754,21.3695,20.7675,20.1696,18.986,18.4004,17.8191,17.2422,16.6697,16.1017,16.1017,15.5382,14.9795,14.9795,14.4255,13.8764,13.8764,13.8764,13.3323,13.3323,12.7932,12.7932,
2002-03-01 00:00:00,2,43.1407,39.932,35.5198,33.4962,30.8416,29.5336,28.2388,26.9575,28.8845,26.3221,25.0618,24.4371,23.1987,23.1987,23.1987,40.3868,58.0103,42.6788,34.8422,42.6788,58.5067,52.6165,50.2064,42.218,34.8422,31.5005,30.186,30.8416,28.8845,25.0618,23.8161
2002-02-01 00:00:00,2,26.9575,33.4962,36.8838,41.7584,33.4962,26.3221,26.9575,42.218,53.1017,50.6863,45.9367,38.9519,32.8279,28.8845,25.0618,23.8161,63.0188,71.7505,76.4788,61.0037,59.0042,74.3686,68.6384,62.0093,68.1229,62.5136,54.0752,46.4066,,,
2002-01-01 00:00:00,2,155.579,109.112,66.07,49.7276,39.647,33.4962,30.8416,29.5336,26.9575,25.6902,23.8161,22.5851,21.3695,28.8845,34.8422,38.2597,32.1626,34.1677,54.0752,59.0042,45.0001,34.8422,29.5336,27.5964,30.8416,34.8422,39.647,32.8279,28.8845,34.8422,30.8416
2001-12-01 00:00:00,2,26.3121,64.6518,50.4278,33.2155,24.6298,20.2388,18.0997,18.0997,20.7797,18.0997,16.0019,14.4579,13.4434,12.2523,14.4579,36.7277,90.3329,178.206,93.4765,57.4752,40.6094,35.3801,43.2165,39.1677,39.8842,38.4599,35.7138,34.7188,42.8374,53.4355,86.0515
2001-11-01 00:00:00,2,3.4969,3.4969,8.8647,16.5223,19.7003,19.1643,16.0019,12.8431,12.8431,15.4844,12.8431,14.4579,22.9665,33.2155,31.4649,32.0467,30.8849,21.323,30.3067,28.5833,24.6298,20.7797,18.0997,15.4844,20.7797,21.323,20.2388,17.0454,14.4579,14.4579,
2001-10-01 00:00:00,2,14.4579,12.2523,13.9491,22.4164,18.0997,14.4579,10.5237,8.8647,10.5237,8.3282,8.3282,10.5237,9.4096,8.3282,7.8003,7.2815,6.7718,6.2718,5.7818,5.3021,5.7818,6.7718,6.2718,5.7818,5.7818,5.3021,4.8332,4.3757,3.93,3.4969,3.4969
2001-09-01 00:00:00,2,10.5237,8.3282,8.3282,7.2815,6.7718,6.2718,5.7818,5.3021,4.8332,4.8332,4.3757,4.3757,3.93,3.93,5.3021,7.2815,9.4096,8.8647,7.8003,6.7718,5.7818,5.3021,5.3021,5.3021,5.3021,5.3021,5.3021,5.3021,7.2815,11.6687,
2001-08-01 00:00:00,2,5.3021,5.3021,5.3021,4.8332,4.8332,4.8332,4.3757,4.3757,4.3757,4.3757,4.3757,4.3757,4.3757,3.93,3.93,3.93,3.93,3.93,3.93,3.93,3.93,3.93,3.4969,4.8332,7.2815,9.4096,8.3282,8.8647,8.3282,7.8003,8.8647
2001-07-01 00:00:00,2,6.7718,6.7718,6.2718,6.2718,6.2718,6.2718,6.2718,6.2718,6.2718,6.2718,6.2718,5.7818,5.7818,5.7818,5.7818,5.7818,5.7818,5.7818,5.7818,5.7818,6.2718,6.2718,5.7818,5.7818,6.2718,6.7718,6.7718,6.2718,5.7818,5.3021,5.3021
2001-06-01 00:00:00,2,12.2523,11.0924,10.5237,9.9626,9.9626,9.4096,9.4096,9.4096,9.4096,8.8647,8.8647,8.3282,8.3282,8.3282,7.8003,7.8003,7.8003,7.8003,7.8003,7.2815,7.2815,7.2815,7.2815,7.2815,7.2815,7.2815,7.2815,7.2815,6.7718,6.7718,
2001-05-01 00:00:00,2,8.8647,8.8647,8.8647,8.3282,8.3282,8.3282,8.3282,8.3282,7.8003,7.8003,7.8003,7.2815,7.2815,9.4096,12.2523,10.5237,13.9491,16.5223,15.4844,13.4434,12.2523,11.0924,9.9626,9.4096,9.9626,11.6687,11.6687,11.0924,13.9491,14.9697,13.4434
2001-04-01 00:00:00,2,18.0997,21.8685,18.6307,16.5223,17.0454,16.0019,15.4844,14.4579,13.9491,13.9491,13.4434,12.8431,12.8431,12.8431,12.2523,12.2523,13.4434,12.8431,11.6687,11.6687,11.0924,10.5237,10.5237,10.5237,9.9626,9.9626,9.9626,9.4096,9.4096,9.4096,
2001-03-01 00:00:00,2,12.2523,11.6687,11.6687,11.6687,11.6687,17.0454,17.5712,17.0454,16.5223,18.0997,24.0732,36.3877,85.4512,55.2067,41.7135,31.4649,24.6298,20.7797,19.7003,21.323,23.5188,21.8685,19.1643,17.5712,17.0454,16.0019,15.4844,14.9697,16.0019,21.323,19.1643
2001-02-01 00:00:00,2,33.2155,26.3121,22.9665,20.2388,19.1643,21.8685,24.0732,22.4164,22.4164,26.877,22.4164,20.2388,18.0997,17.0454,16.5223,15.4844,16.5223,16.0019,15.4844,14.9697,14.4579,13.4434,12.8431,12.2523,12.2523,11.6687,11.6687,13.4434,,,
2001-01-01 00:00:00,2,47.35,53.1017,56.0346,83.9718,62.6828,43.5978,33.8025,29.7304,33.2155,30.3067,36.3877,40.2457,33.8025,28.5833,25.7493,24.0732,22.4164,20.7797,20.2388,19.7003,19.1643,21.8685,20.7797,20.2388,22.9665,33.2155,27.4438,20.7797,18.6307,22.4164,34.3912
2000-12-01 00:00:00,2,20.1696,32.1626,35.5198,28.2388,32.1626,28.8845,25.6902,21.3695,17.2422,16.1017,14.9795,15.5382,14.4255,12.7932,11.7308,10.6901,10.6901,45.9367,52.1324,47.35,40.3868,32.1626,24.4371,21.9754,28.8845,28.8845,26.3221,25.6902,27.5964,34.1677,42.218
2000-11-01 00:00:00,2,9.1724,8.1914,7.7107,7.2368,6.8297,8.1914,12.7932,14.4255,13.3323,11.2076,9.6723,8.6787,8.1914,14.4255,33.4962,32.1626,26.9575,22.5851,20.7675,40.3868,39.647,34.8422,38.2597,32.1626,25.0618,19.5757,16.6697,15.5382,14.9795,18.4004,
2000-10-01 00:00:00,2,8.6787,9.6723,12.2593,10.6901,9.6723,9.1724,8.6787,8.6787,8.1914,7.7107,7.7107,7.2368,6.8297,6.4413,6.0568,6.0568,5.6763,5.6763,5.6763,5.3,5.3,6.0568,6.4413,7.2368,6.8297,6.8297,6.4413,6.0568,6.0568,6.8297,7.7107
2000-09-01 00:00:00,2,11.7308,12.7932,23.1987,31.5005,24.4371,18.986,17.2422,16.6697,15.5382,14.4255,13.8764,13.8764,12.7932,12.2593,12.7932,12.2593,12.2593,11.7308,11.2076,11.2076,10.6901,10.1783,9.6723,9.1724,9.1724,8.6787,8.6787,9.6723,10.1783,9.6723,
2000-08-01 00:00:00,2,12.2593,11.7308,11.7308,11.7308,11.7308,11.7308,12.2593,11.7308,11.7308,11.2076,11.2076,11.2076,11.2076,11.2076,11.2076,11.2076,11.2076,10.6901,10.6901,10.6901,10.6901,10.6901,10.6901,10.1783,9.6723,9.6723,9.6723,10.1783,10.6901,11.2076,11.2076
2000-07-01 00:00:00,2,13.3323,13.3323,13.3323,13.3323,13.3323,13.3323,13.3323,13.3323,13.3323,12.7932,12.7932,12.7932,12.2593,12.7932,12.7932,13.8764,14.4255,14.9795,13.8764,13.3323,13.3323,12.7932,12.7932,12.7932,12.7932,13.3323,13.3323,12.7932,12.7932,12.2593,12.2593
2000-06-01 00:00:00,2,16.6697,16.6697,16.6697,16.6697,16.6697,16.1017,16.1017,16.1017,16.1017,16.1017,15.5382,15.5382,15.5382,14.9795,14.9795,14.9795,14.9795,14.9795,14.9795,14.9795,14.4255,14.4255,14.4255,14.4255,14.4255,14.4255,13.8764,13.8764,13.8764,13.3323,
2000-05-01 00:00:00,2,21.9754,21.9754,21.9754,21.3695,20.7675,20.7675,20.7675,20.1696,20.1696,20.1696,20.1696,19.5757,19.5757,18.986,18.986,18.986,18.986,18.4004,18.4004,18.4004,17.8191,17.8191,17.8191,17.8191,17.8191,17.8191,17.2422,17.2422,17.2422,17.2422,17.2422
2000-04-01 00:00:00,2,38.9519,36.8838,36.2003,34.8422,32.8279,31.5005,30.186,29.5336,28.8845,28.8845,28.2388,28.2388,28.2388,28.8845,36.2003,35.5198,29.5336,27.5964,26.9575,34.1677,31.5005,28.2388,26.3221,25.0618,24.4371,24.4371,23.8161,23.1987,23.1987,21.9754,
2000-03-01 00:00:00,2,36.2003,36.2003,31.5005,29.5336,26.9575,26.3221,25.0618,30.186,38.9519,45.9367,55.5432,61.0037,69.1548,58.5067,46.8777,42.218,53.5879,54.0752,50.6863,60.002,85.0556,113.738,81.8142,66.07,49.7276,47.35,46.8777,42.6788,55.0529,50.6863,43.6038
2000-02-01 00:00:00,2,105.672,96.6279,81.8142,62.5136,57.5149,55.5432,53.5879,64.0321,66.07,71.2296,69.6722,61.506,52.6165,45.9367,42.218,36.8838,35.5198,40.8428,60.002,54.5635,50.2064,44.5335,38.2597,34.1677,30.8416,34.1677,38.9519,36.2003,33.4962,,
2000-01-01 00:00:00,2,43.1407,74.3686,113.158,115.485,104.531,79.1359,59.0042,46.4066,36.2003,32.8279,30.186,26.3221,23.8161,21.3695,19.5757,20.7675,26.3221,29.5336,34.1677,30.186,28.8845,26.9575,24.4371,21.9754,50.6863,50.6863,50.2064,72.2724,63.525,83.4312,110.264
1999-12-01 00:00:00,2,12.7932,11.7308,10.6901,9.6723,12.7932,20.1696,16.6697,17.8191,21.9754,22.5851,18.986,23.1987,26.9575,29.5336,32.1626,30.186,22.5851,18.986,15.5382,14.4255,15.5382,17.2422,14.9795,26.9575,38.2597,30.8416,22.5851,21.9754,30.8416,46.8777,41.3
1999-11-01 00:00:00,2,7.2368,6.4413,6.0568,5.6763,5.3,5.3,7.7107,33.4962,51.1673,43.6038,35.5198,29.5336,23.8161,24.4371,20.7675,16.6697,13.8764,12.2593,11.2076,11.2076,22.5851,41.3,38.2597,31.5005,33.4962,28.2388,21.3695,17.8191,15.5382,13.8764,
1999-10-01 00:00:00,2,6.4413,6.0568,6.0568,6.0568,6.0568,6.0568,6.0568,6.0568,6.0568,5.6763,5.6763,5.3,5.3,5.3,4.9281,4.9281,4.5609,4.5609,4.5609,4.9281,6.4413,6.8297,6.8297,6.8297,6.0568,6.4413,13.3323,17.2422,13.3323,10.6901,8.1914
1999-09-01 00:00:00,2,6.4413,6.4413,6.4413,6.0568,6.0568,6.0568,5.6763,5.6763,5.6763,5.6763,5.6763,5.6763,6.8297,12.7932,11.7308,13.8764,15.5382,13.8764,12.2593,10.1783,9.1724,8.1914,8.1914,10.1783,9.1724,8.1914,7.2368,6.8297,6.8297,6.4413,
1999-08-01 00:00:00,2,8.6787,8.6787,8.6787,8.6787,8.1914,8.1914,8.1914,8.1914,8.1914,8.1914,8.1914,7.7107,7.7107,7.7107,7.2368,7.2368,7.2368,7.2368,7.2368,7.2368,7.2368,7.2368,7.2368,7.2368,7.2368,6.8297,6.8297,6.8297,6.8297,6.4413,6.4413
1999-07-01 00:00:00,2,11.7308,11.7308,11.7308,11.7308,11.2076,11.2076,11.2076,11.2076,11.2076,11.2076,12.2593,11.7308,11.7308,11.7308,11.2076,11.2076,10.6901,10.6901,10.6901,10.1783,10.1783,10.1783,10.1783,9.6723,9.6723,9.6723,9.6723,9.1724,9.1724,9.1724,8.6787
1999-06-01 00:00:00,2,13.8764,13.8764,13.8764,13.8764,13.3323,13.3323,13.3323,13.3323,13.3323,13.3323,13.3323,13.3323,13.3323,13.3323,13.8764,18.986,16.6697,14.9795,14.4255,13.8764,13.8764,13.3323,13.3323,13.3323,12.7932,12.7932,12.2593,12.2593,12.2593,12.2593,
1999-05-01 00:00:00,2,18.4004,18.4004,17.8191,17.2422,17.2422,17.2422,17.2422,21.9754,22.5851,19.5757,17.8191,17.2422,17.2422,17.2422,16.6697,16.1017,16.1017,15.5382,15.5382,15.5382,14.9795,14.9795,14.9795,14.4255,14.4255,14.4255,14.4255,14.4255,14.4255,13.8764,13.8764
1999-04-01 00:00:00,2,30.186,27.5964,23.1987,22.5851,21.9754,21.9754,21.9754,21.3695,24.4371,23.8161,21.9754,20.7675,20.1696,20.7675,26.3221,41.3,45.4678,39.647,30.186,26.3221,24.4371,23.8161,23.1987,21.9754,21.3695,20.7675,20.1696,19.5757,18.986,18.986,
1999-03-01 00:00:00,2,72.7951,92.1785,69.1548,60.002,66.5819,45.9367,63.0188,114.32,106.243,79.6699,65.0492,100.561,64.0321,60.002,53.1017,45.0001,39.932,36.8838,35.5198,33.4962,31.5005,30.186,46.8777,56.0346,63.0188,45.9367,36.2003,32.1626,27.5964,32.1626,34.8422
1999-02-01 00:00:00,2,25.0618,23.1987,21.9754,25.0618,21.3695,18.4004,17.2422,25.6902,28.2388,23.1987,19.5757,17.2422,18.986,18.986,28.8845,41.3,43.6038,45.0001,42.218,29.5336,23.8161,20.7675,18.4004,17.2422,23.1987,32.8279,42.218,61.0037,,,
1999-01-01 00:00:00,2,27.5964,43.6038,54.5635,48.7733,62.0093,68.1229,75.4219,54.5635,42.6788,34.1677,31.5005,28.2388,26.3221,24.4371,21.9754,22.5851,20.7675,20.7675,19.5757,18.986,17.8191,16.6697,16.1017,16.1017,17.8191,18.986,17.8191,21.9754,29.5336,32.1626,29.5336
1998-12-01 00:00:00,2,25.0618,18.986,15.5382,13.3323,11.7308,37.5703,83.9718,79.1359,58.0103,41.3,32.8279,26.9575,23.8161,21.9754,20.1696,32.8279,40.8428,49.2499,49.7276,43.1407,32.1626,25.6902,22.5851,20.1696,19.5757,22.5851,21.9754,29.5336,34.1677,34.1677,30.186
1998-11-01 00:00:00,2,20.7675,15.5382,16.6697,25.6902,36.8838,32.1626,23.8161,17.8191,14.4255,13.3323,19.5757,28.8845,23.8161,19.5757,17.8191,16.6697,14.9795,13.3323,12.7932,12.2593,11.7308,11.2076,10.6901,13.8764,12.7932,11.2076,12.2593,33.4962,31.5005,30.186,
1998-10-01 00:00:00,2,6.4413,6.4413,8.1914,11.2076,9.1724,8.1914,8.1914,7.7107,8.6787,9.1724,9.1724,11.7308,13.3323,11.7308,10.1783,9.6723,13.3323,23.8161,20.7675,14.4255,10.6901,9.1724,8.6787,7.7107,7.2368,7.2368,7.2368,12.2593,15.5382,12.7932,17.8191
1998-09-01 00:00:00,2,13.8764,13.3323,11.7308,9.6723,8.6787,8.1914,8.1914,7.7107,7.2368,6.8297,6.8297,6.8297,6.4413,6.0568,6.0568,6.0568,5.6763,5.6763,5.6763,5.3,5.3,5.3,5.3,5.3,4.9281,4.9281,4.9281,4.9281,4.5609,4.5609,
1998-08-01 00:00:00,2,8.6787,8.6787,8.6787,9.1724,9.6723,10.1783,13.3323,18.4004,16.6697,14.9795,14.4255,13.8764,13.8764,13.3323,12.7932,10.6901,9.6723,9.1724,9.1724,9.1724,8.6787,8.6787,8.6787,8.1914,7.7107,7.7107,7.2368,7.2368,7.2368,6.8297,6.8297
1998-07-01 00:00:00,2,11.7308,11.7308,11.7308,11.7308,11.7308,11.7308,11.2076,11.2076,11.2076,10.6901,10.6901,10.1783,10.1783,10.1783,10.1783,10.1783,10.1783,9.6723,9.6723,9.6723,9.6723,9.1724,9.1724,9.1724,9.1724,9.1724,9.1724,8.6787,8.6787,8.6787,8.6787
1998-06-01 00:00:00,2,33.4962,25.6902,22.5851,19.5757,17.8191,17.2422,16.1017,15.5382,14.9795,14.9795,14.9795,14.4255,14.4255,13.8764,13.8764,13.3323,13.3323,13.3323,12.7932,12.7932,12.7932,12.2593,12.2593,12.2593,12.2593,12.2593,12.2593,12.2593,12.2593,12.2593,
1998-05-01 00:00:00,2,17.8191,16.1017,14.9795,14.4255,17.8191,28.2388,24.4371,19.5757,17.8191,16.6697,15.5382,14.9795,14.4255,14.4255,13.8764,13.8764,13.3323,13.3323,13.3323,13.3323,13.3323,13.3323,12.7932,12.7932,12.7932,12.7932,12.2593,12.2593,12.2593,16.6697,40.8428
1998-04-01 00:00:00,2,22.5851,29.5336,32.1626,28.8845,23.1987,20.7675,19.5757,18.4004,18.4004,17.8191,17.8191,17.2422,16.6697,16.6697,16.1017,15.5382,14.9795,15.5382,23.1987,21.3695,18.4004,17.2422,16.6697,15.5382,14.9795,13.8764,13.8764,13.8764,16.1017,18.986,
1998-03-01 00:00:00,2,26.3221,25.0618,23.1987,22.5851,21.3695,20.7675,20.1696,19.5757,18.986,18.4004,18.4004,17.8191,17.2422,20.7675,23.8161,23.8161,22.5851,20.7675,19.5757,18.4004,17.2422,17.2422,18.986,30.186,31.5005,27.5964,25.6902,23.8161,21.9754,19.5757,20.7675
1998-02-01 00:00:00,2,32.8279,27.5964,25.0618,24.4371,23.1987,22.5851,26.9575,22.5851,21.3695,20.7675,26.3221,26.9575,25.0618,25.0618,27.5964,32.1626,48.2977,49.7276,47.35,49.7276,45.4678,43.1407,42.218,40.8428,40.3868,39.647,33.4962,31.5005,,,
1998-01-01 00:00:00,2,33.4962,31.5005,34.8422,34.1677,34.8422,34.8422,32.8279,36.8838,38.2597,40.8428,45.0001,45.0001,48.2977,48.2977,72.7951,78.0705,45.9367,77.539,99.997,121.351,82.3524,65.0492,67.0946,55.0529,44.5335,36.2003,32.1626,31.5005,30.8416,36.2003,35.5198
1997-12-01 00:00:00,2,65.5591,54.5635,44.0681,36.2003,29.5336,23.8161,26.9575,42.218,42.6788,45.4678,63.0188,65.0492,55.5432,59.5026,68.1229,64.0321,60.5023,58.5067,62.0093,65.5591,62.0093,58.5067,56.0346,49.7276,40.3868,36.2003,36.2003,36.2003,33.4962,34.8422,36.2003
1997-11-01 00:00:00,2,12.2593,11.2076,10.1783,9.6723,9.1724,8.6787,8.1914,8.6787,14.4255,12.7932,10.6901,8.6787,9.6723,12.2593,12.2593,11.7308,10.1783,9.6723,10.6901,10.6901,21.3695,34.1677,23.1987,19.5757,26.9575,32.1626,40.3868,47.8233,63.525,76.4788,
1997-10-01 00:00:00,2,17.8191,16.1017,13.8764,12.2593,10.6901,10.1783,9.6723,9.1724,9.1724,8.6787,8.6787,8.1914,7.7107,7.2368,7.2368,6.8297,6.8297,6.8297,6.8297,6.8297,16.1017,42.6788,41.7584,26.9575,18.986,13.8764,25.6902,23.1987,17.8191,14.4255,12.7932
1997-09-01 00:00:00,2,8.6787,8.1914,8.1914,7.7107,7.7107,7.7107,8.1914,8.6787,8.6787,8.1914,7.7107,7.2368,7.2368,7.2368,7.2368,7.7107,8.6787,8.1914,7.7107,7.7107,18.4004,26.9575,20.1696,14.9795,12.7932,12.2593,11.7308,11.2076,10.1783,15.5382,
1997-08-01 00:00:00,2,12.2593,12.2593,11.7308,11.7308,11.2076,11.2076,11.2076,10.6901,10.6901,10.6901,10.6901,10.6901,10.6901,10.6901,10.1783,10.1783,10.1783,10.1783,10.1783,10.1783,9.6723,9.6723,9.6723,9.6723,9.6723,9.1724,9.1724,9.1724,9.1724,8.6787,8.6787
1997-07-01 00:00:00,2,15.5382,15.5382,14.9795,14.9795,14.9795,14.9795,14.4255,14.4255,14.4255,14.4255,14.4255,13.8764,13.8764,13.8764,13.8764,13.8764,13.3323,13.3323,13.3323,13.3323,13.3323,12.7932,13.8764,13.8764,13.8764,13.3323,12.7932,12.7932,12.2593,12.2593,12.2593
1997-06-01 00:00:00,2,21.3695,20.1696,18.986,18.4004,18.4004,27.5964,32.1626,29.5336,25.6902,21.9754,19.5757,18.986,21.3695,19.5757,24.4371,28.2388,25.0618,22.5851,20.7675,20.1696,19.5757,18.986,17.8191,17.8191,17.2422,16.6697,16.6697,16.1017,16.1017,15.5382,
1997-05-01 00:00:00,2,23.8161,22.5851,21.9754,21.3695,20.1696,20.1696,20.1696,20.1696,19.5757,19.5757,18.986,18.986,18.986,18.986,18.986,18.4004,18.4004,18.4004,18.4004,18.4004,18.4004,17.8191,18.4004,18.4004,17.8191,26.3221,23.8161,23.1987,21.9754,26.9575,23.1987
1997-04-01 00:00:00,2,36.8838,51.1673,60.5023,46.8777,39.932,37.5703,34.1677,30.186,28.2388,26.9575,26.3221,25.0618,24.4371,23.8161,23.1987,23.1987,22.5851,22.5851,22.5851,21.9754,23.8161,28.8845,25.6902,30.8416,32.8279,27.5964,23.8161,26.9575,29.5336,26.3221,
1997-03-01 00:00:00,2,62.0093,70.7096,86.1426,102.825,77.539,58.5067,48.2977,44.5335,42.218,40.8428,38.2597,35.5198,31.5005,30.186,29.5336,31.5005,39.647,38.2597,33.4962,30.186,28.8845,28.2388,27.5964,26.9575,26.3221,25.6902,25.0618,24.4371,23.8161,27.5964,32.1626
1997-02-01 00:00:00,2,77.539,64.0321,58.0103,59.0042,54.0752,43.1407,39.647,38.2597,35.5198,34.1677,33.4962,32.1626,31.5005,32.8279,30.8416,29.5336,27.5964,39.647,46.8777,41.7584,35.5198,30.186,28.8845,30.8416,41.3,40.3868,51.6493,63.525,,,
1997-01-01 00:00:00,2,99.997,196.504,400.489,391.403,273.533,175.967,152.288,130.878,127.883,105.672,91.6259,82.8914,78.0705,80.2047,77.0085,69.6722,58.5067,57.0204,56.0346,56.0346,51.6493,47.35,46.8777,44.5335,42.6788,41.7584,44.0681,51.6493,53.5879,51.6493,66.5819
1996-12-01 00:00:00,2,23.1502,22.1178,30.6641,35.1653,32.3353,24.1933,21.6058,20.0864,19.0879,17.6127,16.1654,16.1654,42.218,35.1653,34.0268,32.3353,29.0136,34.595,38.6319,38.6319,42.6788,47.8233,58.5067,63.525,72.7951,77.0085,85.0556,92.1785,85.5987,81.2768,83.9718
1996-11-01 00:00:00,2,13.3603,13.8192,20.0864,35.1653,53.5879,42.6788,40.3868,31.776,18.1014,15.6894,12.4535,10.6855,10.2534,10.2534,12.4535,15.2168,26.8463,26.8463,25.7775,36.3125,62.0093,116.068,185.749,139.35,86.6873,53.5879,34.595,30.6641,26.8463,24.7188,
1996-10-01 00:00:00,2,7.3514,6.9558,6.9558,6.9558,6.5652,8.9826,8.1576,7.7521,8.1576,8.1576,8.1576,8.1576,7.7521,7.3514,7.3514,7.7521,7.7521,7.3514,7.3514,6.9558,6.5652,6.5652,6.5652,6.5652,6.5652,6.5652,7.7521,9.4019,12.9051,10.6855,9.4019
1996-09-01 00:00:00,2,6.9558,6.9558,6.9558,6.9558,6.9558,14.2816,14.2816,12.9051,12.4535,12.0057,10.2534,9.4019,9.4019,9.4019,9.4019,9.4019,8.9826,8.9826,8.9826,8.5678,8.5678,8.1576,8.1576,7.7521,7.7521,7.3514,7.3514,7.3514,7.3514,7.3514,
1996-08-01 00:00:00,2,7.7521,7.7521,7.7521,7.7521,7.3514,7.3514,7.3514,7.3514,7.3514,7.3514,8.1576,8.9826,8.5678,8.1576,9.4019,9.4019,8.5678,8.5678,8.1576,8.1576,8.1576,8.1576,8.1576,7.7521,7.7521,7.7521,7.7521,7.3514,7.3514,7.3514,6.9558
1996-07-01 00:00:00,2,11.5617,10.6855,10.2534,9.8255,9.8255,9.4019,9.4019,8.9826,8.9826,8.9826,8.9826,8.9826,8.9826,8.9826,8.5678,8.5678,8.5678,8.5678,8.1576,8.1576,8.1576,8.1576,8.1576,8.1576,8.1576,8.1576,7.7521,7.7521,7.7521,7.7521,7.7521
1996-06-01 00:00:00,2,11.5617,10.6855,10.6855,10.2534,10.2534,10.2534,10.2534,10.2534,10.2534,10.2534,9.8255,9.8255,9.8255,9.8255,9.8255,9.8255,9.8255,9.8255,9.8255,9.8255,9.4019,9.4019,9.4019,9.4019,8.9826,8.9826,8.9826,8.9826,9.4019,12.4535,
1996-05-01 00:00:00,2,12.0057,11.5617,11.5617,11.5617,11.1216,11.1216,11.1216,10.6855,10.6855,10.6855,10.6855,10.6855,10.6855,10.6855,10.6855,10.6855,11.5617,13.8192,17.6127,16.1654,14.2816,12.9051,14.7474,17.1271,14.7474,13.3603,12.9051,12.4535,12.4535,12.4535,12.0057
1996-04-01 00:00:00,2,14.7474,14.2816,14.2816,13.8192,13.3603,13.3603,12.9051,12.0057,11.5617,11.5617,11.5617,11.1216,11.1216,10.6855,10.6855,14.2816,26.3107,27.3845,26.3107,23.6704,21.0965,19.0879,15.6894,13.8192,13.8192,13.3603,13.3603,12.9051,12.4535,12.4535,
1996-03-01 00:00:00,2,17.6127,20.0864,22.1178,19.0879,17.1271,16.6446,24.1933,22.6326,21.6058,21.6058,21.6058,22.6326,23.6704,22.1178,21.6058,20.59,20.0864,26.3107,25.2468,24.1933,22.6326,27.9251,30.6641,29.0136,24.1933,21.6058,20.0864,17.1271,15.6894,15.2168,14.7474
1996-02-01 00:00:00,2,17.6127,17.6127,18.5931,20.59,24.7188,24.7188,24.1933,24.7188,23.1502,22.1178,25.7775,24.1933,21.6058,22.6326,22.1178,21.0965,18.5931,16.1654,15.2168,15.2168,14.7474,14.7474,14.2816,17.6127,18.5931,19.0879,22.6326,20.59,18.5931,,
1996-01-01 00:00:00,2,81.2768,72.2724,62.5136,56.527,50.6863,42.218,36.3125,36.3125,39.8039,45.0001,53.5879,55.0529,52.1324,45.4678,41.3,35.1653,27.9251,24.7188,25.2468,29.0136,31.2189,30.1116,30.1116,29.5614,28.4682,26.8463,23.6704,22.6326,19.5857,17.1271,18.5931
1995-12-01 00:00:00,2,15.2168,15.2168,15.2168,14.7474,15.2168,14.7474,14.2816,13.8192,13.3603,12.9051,12.4535,12.0057,21.6058,45.0001,57.0204,39.2169,27.9251,27.3845,33.4608,31.2189,27.9251,26.3107,25.2468,26.8463,29.0136,24.1933,73.3187,94.9536,78.0705,66.5819,63.0188
1995-11-01 00:00:00,2,17.6127,20.59,18.5931,28.4682,35.7378,28.4682,22.6326,15.2168,12.9051,12.0057,11.1216,15.2168,24.7188,23.1502,22.6326,19.0879,15.6894,18.1014,33.4608,30.1116,21.6058,19.5857,18.5931,17.1271,16.1654,15.6894,14.2816,13.3603,12.9051,12.4535,
1995-10-01 00:00:00,2,8.9826,8.9826,8.9826,8.5678,8.5678,8.9826,8.9826,8.9826,8.5678,8.9826,16.6446,15.6894,12.9051,15.2168,22.6326,19.5857,17.1271,13.8192,12.4535,11.5617,20.0864,17.1271,15.2168,12.4535,11.5617,11.1216,10.6855,9.8255,9.4019,8.1576,12.0057
1995-09-01 00:00:00,2,6.5652,6.1799,6.1799,6.1799,6.1799,6.1799,6.1799,5.8001,5.8001,5.8001,5.8001,5.8001,5.426,5.426,5.426,5.426,5.426,5.426,6.5652,11.1216,9.8255,8.1576,7.7521,7.7521,7.7521,7.7521,8.5678,10.2534,9.8255,9.4019,
1995-08-01 00:00:00,2,8.5678,8.5678,8.5678,8.5678,8.5678,8.1576,8.1576,8.1576,8.1576,7.7521,7.7521,7.7521,7.7521,7.7521,7.3514,7.3514,7.3514,7.3514,6.9558,6.9558,6.9558,6.9558,6.9558,6.9558,6.9558,6.5652,6.5652,6.5652,6.5652,6.5652,6.5652
1995-07-01 00:00:00,2,11.1216,11.1216,11.1216,10.6855,10.6855,10.6855,10.6855,10.6855,10.6855,10.2534,10.2534,10.2534,10.2534,10.2534,9.8255,9.8255,9.8255,9.8255,9.8255,9.8255,9.8255,9.4019,9.4019,9.4019,8.9826,8.9826,8.9826,8.9826,8.9826,8.5678,8.5678
1995-06-01 00:00:00,2,12.9051,12.9051,12.4535,12.4535,12.0057,12.0057,12.0057,12.0057,12.0057,12.0057,12.0057,12.0057,12.0057,12.0057,11.5617,11.5617,11.5617,11.5617,11.5617,11.5617,11.5617,11.5617,11.5617,11.5617,11.5617,11.5617,11.5617,11.5617,11.1216,11.1216,
1995-05-01 00:00:00,2,15.2168,14.7474,14.2816,13.3603,13.3603,13.3603,16.1654,20.0864,20.0864,18.5931,17.6127,17.1271,19.0879,18.1014,16.6446,15.6894,15.2168,15.2168,14.7474,14.2816,14.2816,13.8192,13.8192,14.7474,14.2816,14.7474,14.2816,14.2816,13.8192,13.3603,12.9051
1995-04-01 00:00:00,2,34.0268,31.776,26.3107,23.1502,21.6058,20.59,19.5857,19.0879,18.1014,17.1271,17.1271,16.1654,21.6058,22.6326,21.0965,19.0879,16.6446,16.1654,15.6894,15.2168,15.6894,15.6894,15.6894,16.1654,16.6446,16.6446,16.1654,16.1654,15.6894,15.6894,
1995-03-01 00:00:00,2,23.6704,22.1178,20.59,21.0965,29.0136,25.2468,27.3845,34.0268,30.1116,25.2468,22.1178,21.0965,20.0864,22.1178,30.1116,33.4608,31.2189,27.9251,21.0965,20.0864,19.0879,18.5931,33.4608,33.4608,35.1653,30.1116,26.8463,23.6704,20.59,19.5857,23.6704
1995-02-01 00:00:00,2,41.7584,31.776,66.07,95.511,70.1904,52.6165,42.218,49.2499,80.2047,116.068,97.1875,72.7951,53.5879,47.35,44.5335,80.7403,59.0042,48.2977,40.8428,54.5635,65.5591,45.4678,36.3125,32.8969,29.0136,27.3845,26.3107,25.2468,,,
1995-01-01 00:00:00,2,24.7188,19.5857,17.6127,30.1116,34.595,31.2189,23.1502,20.0864,18.1014,15.6894,14.2816,15.2168,20.59,20.59,17.1271,15.2168,13.3603,12.4535,12.0057,11.5617,11.1216,12.4535,12.4535,12.4535,12.0057,12.0057,13.3603,26.3107,20.59,20.0864,30.6641
1994-12-01 00:00:00,2,11.1216,10.2534,9.4019,8.9826,8.5678,8.1576,7.7521,8.1576,11.1216,20.59,19.5857,12.0057,11.1216,10.6855,9.4019,9.4019,9.4019,10.6855,13.3603,18.5931,15.2168,23.1502,49.2499,102.825,128.48,77.0085,45.4678,36.3125,33.4608,42.6788,27.9251
1994-11-01 00:00:00,2,9.8255,9.4019,8.9826,8.1576,7.3514,6.9558,6.5652,6.9558,8.9826,7.7521,7.7521,8.5678,7.7521,7.3514,6.9558,8.1576,8.1576,8.9826,11.5617,12.0057,14.2816,12.0057,10.6855,9.8255,9.4019,8.9826,8.5678,8.5678,10.6855,11.5617,
1994-10-01 00:00:00,2,6.9558,6.9558,6.9558,6.9558,6.9558,7.7521,8.1576,11.1216,13.3603,11.5617,9.8255,8.5678,7.3514,5.8001,8.5678,8.9826,8.5678,8.1576,8.1576,8.1576,8.1576,7.7521,7.3514,6.9558,6.9558,6.5652,6.1799,6.1799,9.4019,12.0057,10.6855
1994-09-01 00:00:00,2,9.8255,9.8255,9.4019,9.4019,9.4019,9.4019,8.9826,8.9826,8.9826,8.5678,8.5678,8.5678,8.5678,8.1576,8.1576,8.1576,8.1576,8.1576,8.1576,8.1576,8.1576,8.1576,7.7521,7.7521,7.7521,7.7521,7.3514,7.3514,7.3514,7.3514,
1994-08-01 00:00:00,2,12.0057,11.5617,11.5617,11.5617,11.5617,12.0057,11.5617,11.5617,11.1216,11.1216,11.1216,11.1216,11.1216,11.1216,11.1216,11.1216,10.6855,10.6855,10.6855,10.6855,10.2534,10.2534,10.2534,10.2534,10.2534,9.8255,9.8255,9.8255,9.4019,9.4019,9.4019
1994-07-01 00:00:00,2,15.2168,14.7474,14.7474,14.7474,14.2816,14.2816,14.2816,14.2816,13.8192,13.8192,13.8192,13.3603,13.3603,13.3603,13.3603,13.3603,12.9051,12.9051,12.9051,12.9051,12.9051,12.4535,12.4535,12.4535,12.4535,12.4535,12.4535,12.4535,12.0057,12.0057,12.0057
1994-06-01 00:00:00,2,17.1271,16.6446,16.1654,15.6894,15.6894,15.6894,15.6894,15.2168,15.2168,15.2168,15.2168,15.2168,15.2168,14.7474,14.7474,14.7474,14.7474,14.7474,14.7474,14.2816,14.2816,14.2816,14.2816,16.6446,15.6894,15.6894,15.2168,15.2168,15.2168,15.2168,
1994-05-01 00:00:00,2,15.6894,15.6894,15.6894,15.6894,15.6894,15.6894,15.6894,15.6894,15.6894,15.2168,15.2168,15.2168,15.2168,15.2168,14.7474,18.5931,58.5067,54.5635,47.8233,38.6319,25.7775,21.0965,20.59,20.0864,19.0879,19.0879,18.5931,18.1014,18.1014,17.6127,17.6127
1994-04-01 00:00:00,2,23.6704,23.6704,23.1502,22.6326,22.1178,21.6058,21.0965,21.6058,20.59,20.59,20.0864,19.5857,19.0879,19.0879,18.5931,19.0879,21.6058,21.0965,20.59,20.0864,23.1502,21.6058,21.0965,20.0864,19.5857,18.5931,18.5931,18.1014,17.1271,15.6894,
1994-03-01 00:00:00,2,17.6127,18.5931,26.8463,32.3353,31.776,34.0268,53.1017,51.6493,39.2169,34.0268,34.0268,30.1116,38.0489,45.9367,39.2169,32.8969,26.8463,25.7775,32.3353,35.1653,36.3125,38.0489,36.8892,50.6863,40.3868,34.0268,30.6641,29.5614,27.9251,26.3107,25.2468
1994-02-01 00:00:00,2,43.6038,39.2169,31.2189,27.9251,26.3107,25.7775,24.7188,24.1933,23.6704,23.1502,22.6326,22.1178,22.6326,22.1178,22.1178,21.0965,21.0965,20.59,20.0864,19.5857,18.5931,18.1014,18.1014,18.1014,18.1014,17.6127,17.6127,17.6127,,,
1994-01-01 00:00:00,2,47.8233,41.7584,36.3125,56.527,87.2329,72.7951,94.9536,76.4788,57.5149,57.0204,67.0946,67.6083,67.6083,81.2768,147.327,175.967,90.5229,64.5402,49.7276,48.2977,62.5136,81.2768,68.6384,60.5023,50.6863,43.6038,39.8039,39.8039,35.7378,53.1017,49.2499
1993-12-01 00:00:00,2,16.6446,16.6446,19.5857,20.59,17.1271,18.5931,16.6446,14.7474,13.3603,12.9051,14.7474,25.7775,23.6704,18.1014,15.6894,15.2168,14.7474,14.7474,16.6446,15.6894,24.7188,29.0136,27.3845,25.2468,24.1933,23.6704,25.2468,23.6704,24.1933,28.4682,38.6319
1993-11-01 00:00:00,2,10.2534,10.6855,11.5617,19.0879,19.5857,17.6127,12.4535,12.9051,12.9051,13.3603,12.0057,11.1216,10.2534,9.8255,9.4019,9.4019,9.4019,9.8255,9.8255,9.8255,9.8255,9.4019,8.9826,19.5857,25.2468,21.0965,24.7188,37.468,27.9251,20.59,
1993-10-01 00:00:00,2,12.9051,13.8192,16.1654,22.1178,18.5931,20.0864,20.59,17.1271,14.7474,13.8192,12.9051,12.4535,11.5617,11.1216,10.2534,10.2534,9.8255,9.8255,9.8255,9.8255,9.8255,10.2534,10.6855,11.5617,12.4535,12.4535,18.1014,19.0879,16.6446,14.2816,12.4535
1993-09-01 00:00:00,2,11.1216,10.6855,10.6855,10.6855,10.6855,10.2534,10.2534,10.2534,10.2534,10.2534,10.6855,11.5617,12.9051,12.4535,11.5617,11.1216,11.1216,11.1216,10.6855,10.6855,10.6855,10.2534,10.6855,13.8192,15.6894,17.6127,15.2168,13.8192,13.3603,13.3603,
1993-08-01 00:00:00,2,13.3603,13.3603,13.3603,13.3603,12.9051,12.9051,12.9051,12.9051,12.4535,12.4535,12.4535,12.0057,12.0057,12.0057,12.0057,12.0057,12.0057,12.0057,12.4535,12.4535,12.9051,12.4535,12.0057,12.4535,12.4535,12.4535,12.0057,12.0057,11.5617,11.5617,11.5617
1993-07-01 00:00:00,2,16.1654,16.1654,16.1654,15.6894,15.6894,15.6894,15.6894,15.2168,15.2168,15.2168,14.7474,14.7474,14.7474,14.7474,14.2816,14.2816,14.2816,14.2816,14.2816,13.8192,13.8192,13.8192,13.8192,13.3603,13.3603,13.3603,13.3603,13.3603,13.3603,13.3603,13.3603
1993-06-01 00:00:00,2,19.0879,18.1014,17.1271,16.6446,15.6894,30.1116,34.595,31.2189,25.7775,21.6058,20.0864,20.0864,19.5857,19.0879,19.0879,18.5931,18.5931,17.6127,19.0879,18.5931,18.1014,17.1271,17.1271,17.1271,16.6446,16.6446,16.6446,16.6446,16.1654,16.1654,
1993-05-01 00:00:00,2,19.5857,19.0879,21.0965,20.59,20.0864,20.0864,19.5857,19.5857,19.0879,18.5931,18.5931,18.5931,18.1014,18.1014,20.59,20.59,20.0864,19.0879,19.0879,18.5931,18.1014,18.1014,17.6127,17.6127,17.1271,17.1271,17.1271,16.6446,16.6446,16.6446,17.1271
1993-04-01 00:00:00,2,31.776,28.4682,27.3845,34.0268,29.5614,26.8463,26.3107,32.3353,30.1116,29.0136,28.4682,26.8463,25.7775,24.7188,23.6704,22.6326,22.6326,25.2468,24.7188,25.2468,24.7188,26.3107,26.3107,25.7775,25.7775,24.7188,24.1933,23.1502,22.6326,21.0965,
1993-03-01 00:00:00,2,41.3,39.8039,38.6319,36.3125,32.3353,30.1116,28.4682,27.3845,26.8463,27.9251,27.3845,27.9251,31.776,36.3125,32.8969,29.5614,27.3845,25.7775,29.5614,39.8039,36.3125,31.2189,27.9251,26.3107,25.2468,25.2468,28.4682,31.776,32.3353,30.6641,30.1116
1993-02-01 00:00:00,2,25.7775,24.1933,26.8463,33.4608,38.6319,44.5335,52.1324,44.0681,36.3125,34.0268,32.8969,39.2169,49.2499,46.4066,51.1673,71.7505,62.0093,44.0681,36.3125,34.595,32.3353,30.6641,30.1116,48.7733,54.5635,56.527,49.2499,44.5335,,,
1993-01-01 00:00:00,2,38.0489,34.0268,30.6641,28.4682,40.3868,44.5335,44.5335,37.468,35.1653,34.0268,46.4066,44.0681,40.3868,38.0489,35.7378,34.0268,32.8969,30.6641,28.4682,39.8039,45.0001,47.35,48.7733,50.6863,48.2977,42.218,36.8892,34.595,30.6641,27.9251,26.3107
1992-12-01 00:00:00,2,20.0864,23.6704,36.3125,35.7378,32.8969,31.776,26.8463,23.6704,25.2468,26.3107,40.8428,78.6027,108.537,91.6259,56.527,41.7584,39.8039,58.5067,62.0093,57.5149,49.2499,45.0001,43.1407,38.0489,36.3125,36.3125,47.8233,55.5432,60.5023,41.7584,34.595
1992-11-01 00:00:00,2,49.7276,62.5136,85.5987,73.3187,123.717,140.57,89.9725,58.5067,49.7276,51.6493,42.6788,38.0489,33.4608,31.2189,29.0136,26.8463,25.2468,24.1933,24.1933,23.6704,23.6704,23.1502,23.6704,23.6704,23.1502,26.3107,23.1502,22.1178,21.6058,20.59,
1992-10-01 00:00:00,2,19.0879,17.6127,16.6446,15.2168,14.7474,14.2816,19.0879,19.0879,20.0864,21.0965,23.1502,21.0965,18.1014,17.1271,16.1654,15.6894,15.6894,15.2168,15.2168,14.7474,14.2816,13.3603,14.2816,16.1654,16.1654,19.0879,17.6127,16.6446,30.1116,39.2169,42.218
1992-09-01 00:00:00,2,13.8192,13.3603,13.3603,13.3603,13.8192,16.1654,18.5931,21.0965,19.0879,16.6446,15.6894,16.1654,16.1654,15.2168,14.7474,14.2816,15.6894,17.6127,18.5931,19.5857,19.0879,17.1271,15.2168,14.2816,13.8192,19.0879,21.0965,31.776,38.0489,25.2468,
1992-08-01 00:00:00,2,15.6894,15.6894,15.6894,15.6894,15.2168,15.2168,15.2168,15.2168,15.2168,15.2168,15.2168,14.7474,14.7474,14.7474,14.7474,14.7474,14.7474,14.2816,14.2816,14.2816,14.2816,14.2816,14.2816,14.2816,14.7474,14.7474,14.2816,14.2816,14.2816,14.2816,13.8192
1992-07-01 00:00:00,2,18.1014,18.1014,18.1014,17.6127,17.6127,17.6127,17.6127,17.1271,18.1014,19.0879,19.0879,19.0879,18.5931,18.5931,18.1014,17.6127,17.6127,17.1271,17.1271,17.1271,16.6446,16.6446,16.6446,16.6446,16.6446,16.1654,16.1654,16.1654,15.6894,15.6894,15.6894
1992-06-01 00:00:00,2,21.6058,21.6058,21.6058,21.6058,21.0965,21.0965,21.0965,20.59,20.59,20.59,20.59,20.0864,20.0864,19.5857,19.5857,19.5857,19.5857,19.5857,19.5857,19.0879,19.0879,19.0879,19.0879,19.0879,19.0879,19.0879,18.5931,18.5931,18.5931,18.1014,
1992-05-01 00:00:00,2,26.8463,26.3107,26.8463,29.5614,33.4608,31.776,30.1116,27.9251,26.8463,26.3107,25.7775,24.7188,24.7188,24.1933,23.6704,23.6704,23.1502,23.1502,22.6326,22.6326,28.4682,29.5614,28.4682,27.9251,26.8463,25.7775,24.1933,23.1502,22.6326,22.6326,22.1178
1992-04-01 00:00:00,2,29.0136,29.0136,29.0136,30.1116,29.5614,29.0136,27.9251,32.8969,34.595,31.776,30.1116,29.0136,28.4682,27.3845,30.1116,41.7584,41.7584,39.8039,32.8969,29.5614,28.4682,27.3845,27.3845,29.0136,29.5614,30.1116,31.2189,29.5614,27.9251,27.3845,
1992-03-01 00:00:00,2,47.8233,57.5149,62.5136,59.5026,58.0103,55.0529,48.2977,40.8428,40.3868,39.8039,38.6319,39.8039,43.1407,40.8428,39.2169,36.8892,35.1653,38.6319,46.8777,47.35,42.218,39.2169,36.3125,32.8969,33.4608,32.8969,32.8969,32.3353,31.776,30.6641,30.1116
1992-02-01 00:00:00,2,110.264,107.389,117.238,189.564,245.114,243.429,186.509,176.712,132.08,107.389,95.511,85.0556,77.0085,67.0946,61.0037,58.5067,55.5432,53.1017,51.1673,49.2499,47.35,45.4678,44.0681,43.6038,42.218,41.7584,45.9367,47.8233,45.4678,,
1992-01-01 00:00:00,2,27.9251,29.5614,27.9251,29.5614,34.0268,62.5136,50.2064,36.8892,36.8892,35.1653,34.0268,32.3353,29.5614,34.595,45.0001,38.0489,45.0001,52.6165,59.0042,74.8948,102.825,152.288,167.845,228.465,225.188,248.496,190.33,116.068,107.389,99.997,110.841
1991-12-01 00:00:00,2,20.59,22.6326,23.1502,17.1271,16.1654,17.6127,16.6446,12.9051,16.6446,24.7188,27.3845,33.4608,32.8969,27.9251,35.7378,37.468,26.8463,20.0864,26.8463,31.776,25.2468,20.59,18.5931,17.6127,16.6446,16.6446,18.1014,22.1178,23.6704,24.1933,25.2468
1991-11-01 00:00:00,2,11.5617,12.0057,12.4535,12.4535,12.4535,12.0057,12.0057,12.4535,12.4535,13.3603,12.9051,13.3603,12.9051,13.8192,14.2816,15.2168,15.6894,15.2168,14.7474,13.8192,12.4535,11.5617,11.1216,10.6855,10.2534,10.2534,9.8255,9.4019,11.5617,11.1216,
1991-10-01 00:00:00,2,24.7188,32.8969,37.468,39.8039,35.1653,18.5931,22.1178,39.2169,41.3,29.5614,26.3107,22.1178,19.0879,17.6127,16.1654,15.2168,15.6894,19.5857,22.1178,23.1502,20.59,17.6127,15.6894,14.7474,13.8192,13.3603,12.9051,12.4535,12.0057,12.0057,11.5617
1991-09-01 00:00:00,2,9.8255,9.8255,9.8255,9.8255,9.8255,9.4019,9.4019,9.4019,9.4019,9.4019,9.4019,9.4019,8.9826,8.9826,8.9826,9.4019,9.4019,9.8255,9.8255,9.8255,10.2534,10.2534,10.2534,10.2534,9.4019,13.3603,16.6446,15.6894,15.6894,18.5931,
1991-08-01 00:00:00,2,12.4535,12.4535,12.4535,12.4535,12.4535,12.4535,12.0057,12.0057,12.0057,12.0057,12.0057,12.0057,12.0057,11.5617,11.5617,11.1216,11.1216,10.6855,10.6855,10.6855,10.6855,10.6855,10.6855,10.6855,10.6855,10.6855,10.6855,10.2534,10.2534,10.2534,10.2534
1991-07-01 00:00:00,2,14.2816,14.2816,13.8192,13.8192,13.8192,13.8192,13.3603,13.3603,13.8192,13.8192,13.8192,13.8192,14.2816,14.2816,14.2816,13.8192,13.8192,13.3603,13.3603,13.3603,13.3603,12.9051,12.9051,12.9051,12.9051,12.4535,12.4535,12.4535,12.4535,12.0057,12.4535
1991-06-01 00:00:00,2,16.6446,16.6446,16.6446,16.1654,16.1654,16.1654,15.6894,15.6894,15.6894,15.6894,15.6894,15.6894,15.2168,15.2168,15.2168,15.2168,15.2168,14.7474,14.7474,14.7474,14.7474,14.7474,14.7474,14.2816,14.2816,14.2816,14.2816,14.2816,14.2816,14.2816,
1991-05-01 00:00:00,2,25.2468,22.6326,20.59,18.1014,15.6894,15.6894,15.2168,15.2168,14.7474,14.7474,14.2816,14.2816,13.8192,16.1654,18.1014,17.6127,16.1654,15.6894,15.2168,19.5857,20.0864,19.0879,19.0879,19.0879,18.5931,18.1014,17.6127,17.6127,17.1271,17.1271,17.1271
1991-04-01 00:00:00,2,47.35,54.5635,63.0188,65.0492,50.2064,36.3125,30.6641,28.4682,26.8463,26.3107,25.2468,24.1933,23.6704,22.6326,22.6326,22.1178,21.6058,21.0965,20.59,21.0965,22.1178,20.0864,19.5857,19.0879,18.5931,20.0864,48.7733,57.0204,43.1407,31.2189,
1991-03-01 00:00:00,2,27.9251,26.8463,25.7775,34.595,39.2169,34.595,32.3353,29.0136,26.8463,24.7188,23.6704,23.1502,21.6058,27.9251,26.8463,24.7188,22.6326,22.1178,21.0965,21.6058,25.2468,25.2468,27.3845,25.2468,29.0136,32.3353,30.1116,35.7378,34.595,36.8892,49.2499
1991-02-01 00:00:00,2,74.3686,59.5026,61.506,58.0103,48.7733,42.218,42.218,46.4066,47.8233,50.2064,49.2499,46.8777,49.2499,45.9367,36.3125,35.1653,38.6319,40.3868,52.6165,54.5635,51.6493,48.7733,45.9367,42.6788,40.3868,31.776,26.3107,30.1116,,,
1991-01-01 00:00:00,2,16.1654,16.1654,15.6894,15.2168,37.468,61.0037,73.8432,43.6038,35.7378,25.7775,26.3107,32.3353,111.419,119.584,74.8948,128.48,153.534,171.519,101.692,65.5591,52.1324,49.2499,44.5335,52.6165,55.0529,60.5023,77.539,126.093,183.474,129.678,93.8413
1990-12-01 00:00:00,2,19.5857,13.8192,11.5617,9.8255,8.5678,7.7521,7.7521,7.3514,6.9558,8.9826,10.2534,16.1654,22.1178,19.5857,20.59,20.59,22.6326,22.6326,18.5931,17.6127,17.1271,16.6446,17.6127,17.6127,16.6446,15.6894,24.7188,20.59,18.5931,15.2168,15.6894
1990-11-01 00:00:00,2,6.5652,6.1799,6.1799,7.3514,6.5652,9.8255,21.0965,18.1014,12.9051,10.6855,8.5678,8.1576,8.1576,7.7521,7.7521,7.3514,6.5652,5.426,5.426,5.426,8.1576,11.1216,8.9826,10.2534,10.2534,11.5617,16.1654,22.1178,27.3845,24.7188,
1990-10-01 00:00:00,2,7.7521,7.7521,7.7521,8.1576,8.1576,7.7521,7.7521,7.3514,7.3514,6.9558,6.9558,6.5652,6.5652,6.5652,6.5652,6.5652,10.2534,12.0057,10.2534,9.8255,12.9051,12.0057,11.1216,9.8255,8.9826,9.4019,9.8255,8.5678,8.1576,7.7521,7.3514
1990-09-01 00:00:00,2,10.6855,11.1216,12.4535,12.4535,11.5617,11.1216,9.8255,9.8255,9.4019,9.4019,8.5678,8.5678,8.1576,8.5678,16.1654,24.1933,17.1271,14.7474,11.5617,10.6855,9.8255,9.4019,8.9826,8.5678,8.5678,8.9826,8.9826,8.5678,8.5678,8.1576,
1990-08-01 00:00:00,2,8.5678,8.5678,8.5678,8.5678,8.5678,8.5678,8.1576,8.1576,8.5678,9.4019,9.4019,9.4019,8.9826,8.9826,8.9826,8.5678,8.5678,9.8255,14.7474,14.2816,13.8192,12.9051,12.0057,11.1216,10.6855,10.2534,9.8255,9.8255,11.5617,11.5617,11.1216
1990-07-01 00:00:00,2,9.8255,9.8255,10.6855,10.6855,10.6855,11.1216,12.0057,13.8192,12.9051,12.0057,12.0057,11.5617,11.1216,11.1216,10.6855,10.6855,10.2534,10.2534,9.8255,9.8255,9.8255,9.8255,9.4019,9.4019,9.4019,9.4019,8.9826,8.9826,8.5678,8.5678,8.5678
1990-06-01 00:00:00,2,11.5617,11.5617,11.5617,11.5617,11.5617,11.5617,11.5617,11.1216,11.1216,10.6855,10.6855,10.2534,10.2534,10.2534,10.2534,10.2534,10.2534,10.2534,10.2534,9.8255,9.8255,9.8255,9.8255,9.8255,9.8255,9.4019,9.4019,9.4019,9.4019,9.8255,
1990-05-01 00:00:00,2,12.9051,13.8192,18.1014,18.5931,19.0879,20.59,14.7474,14.7474,13.8192,13.3603,12.9051,16.6446,16.1654,15.2168,14.2816,13.3603,13.3603,16.6446,20.0864,18.5931,15.2168,13.8192,13.3603,12.9051,12.4535,12.4535,12.4535,12.4535,12.4535,12.0057,12.0057
1990-04-01 00:00:00,2,15.2168,14.7474,14.2816,13.8192,13.3603,13.8192,13.3603,13.3603,12.9051,13.3603,17.1271,25.2468,19.0879,16.1654,19.5857,30.1116,33.4608,23.6704,21.0965,19.5857,19.0879,20.59,17.1271,15.6894,14.7474,14.2816,13.8192,13.3603,13.3603,12.9051,
1990-03-01 00:00:00,2,45.0001,42.6788,36.3125,26.8463,22.1178,19.5857,21.0965,20.0864,18.5931,16.6446,15.6894,15.2168,14.7474,14.2816,17.1271,17.6127,17.1271,20.0864,22.1178,21.0965,20.59,22.6326,22.6326,51.1673,29.5614,24.1933,21.6058,19.0879,18.1014,17.6127,16.6446
1990-02-01 00:00:00,2,15.2168,14.7474,14.2816,13.3603,13.3603,13.3603,13.3603,12.9051,12.4535,12.4535,12.0057,12.0057,15.6894,25.2468,29.0136,44.0681,34.595,26.8463,20.0864,17.6127,16.6446,15.6894,17.1271,23.1502,23.6704,23.1502,24.1933,41.7584,,,
1990-01-01 00:00:00,2,49.1741,55.6555,69.7536,91.5818,86.0515,59.3341,47.35,41.3,34.0268,31.2189,29.5614,27.3845,26.3107,25.2468,23.6704,22.6326,21.6058,20.59,19.5857,18.5931,18.1014,17.1271,17.1271,16.6446,15.6894,14.7474,17.6127,19.5857,18.1014,17.1271,16.1654
1989-12-01 00:00:00,2,16.5223,12.9409,11.453,10.4785,9.5188,9.0449,8.5751,8.1095,7.6483,6.74,11.453,36.3877,71.8672,84.8536,69.2318,56.5605,45.933,41.7135,36.3877,37.0699,48.35,53.8747,45.5381,35.7138,28.0126,25.1885,23.5188,24.0732,24.0732,34.7188,46.7295
1989-11-01 00:00:00,2,7.6483,6.74,6.2932,8.5751,10.4785,9.5188,8.5751,7.1918,6.74,7.1918,8.1095,16.0019,27.4438,35.3801,28.0126,18.6307,14.9697,21.8685,32.0467,26.877,21.323,20.2388,29.7304,21.323,17.0454,13.9491,11.9456,16.0019,29.7304,22.9665,
1989-10-01 00:00:00,2,12.9409,10.9639,9.9967,9.0449,7.6483,7.6483,7.1918,6.74,6.2932,5.8516,5.8516,6.74,8.5751,9.0449,7.6483,7.1918,7.6483,10.9639,10.4785,9.0449,7.1918,6.74,8.1095,7.6483,7.1918,5.8516,5.8516,6.2932,13.9491,12.9409,9.9967
1989-09-01 00:00:00,2,9.9967,9.5188,8.5751,8.1095,7.1918,7.6483,8.1095,9.5188,8.1095,7.6483,7.1918,7.1918,6.74,6.74,7.1918,7.6483,7.6483,7.1918,6.2932,5.8516,5.8516,5.4155,4.9852,4.9852,4.561,4.561,7.6483,9.5188,10.4785,9.9967,
1989-08-01 00:00:00,2,19.1643,17.0454,12.4416,11.453,10.4785,9.5188,9.0449,9.0449,9.0449,8.5751,8.1095,8.1095,8.1095,8.1095,7.6483,7.6483,7.6483,7.6483,7.6483,7.1918,7.1918,7.1918,7.1918,7.1918,7.6483,8.1095,8.5751,9.0449,17.0454,14.9697,11.453
1989-07-01 00:00:00,2,9.9967,9.9967,9.9967,9.5188,9.5188,9.9967,9.9967,10.9639,11.453,10.4785,10.4785,9.5188,9.5188,9.0449,9.0449,9.0449,9.0449,9.0449,9.0449,9.0449,8.5751,8.5751,8.5751,8.5751,8.1095,8.1095,8.1095,7.6483,8.1095,10.9639,17.0454
1989-06-01 00:00:00,2,9.9967,9.9967,9.9967,9.9967,9.9967,9.9967,9.9967,9.9967,9.9967,9.9967,10.4785,14.9697,16.0019,13.9491,12.4416,11.453,10.9639,10.9639,10.4785,10.4785,10.4785,10.4785,10.4785,9.9967,10.4785,10.4785,11.9456,11.453,10.9639,10.4785,
1989-05-01 00:00:00,2,12.9409,14.4579,20.2388,17.5712,15.4844,14.4579,14.4579,13.9491,13.4434,12.9409,12.4416,12.4416,11.9456,11.9456,11.9456,11.453,11.453,11.453,11.453,10.9639,10.9639,10.9639,10.9639,10.9639,10.9639,10.9639,10.4785,10.4785,9.9967,9.9967,9.9967
1989-04-01 00:00:00,2,18.0997,17.5712,17.5712,18.0997,17.5712,17.0454,19.1643,22.9665,21.8685,18.6307,17.5712,16.5223,18.6307,18.6307,18.6307,18.0997,17.0454,16.0019,15.4844,17.5712,21.323,17.0454,16.0019,14.9697,14.4579,13.9491,13.9491,13.4434,13.4434,12.9409,
1989-03-01 00:00:00,2,18.6307,38.8127,61.7135,54.3163,47.1311,40.6094,43.5978,47.1311,41.7135,38.8127,34.7188,28.5833,26.3121,37.0699,46.7295,47.1311,40.9752,34.7188,30.8849,28.0126,26.877,24.6298,23.5188,22.4164,21.8685,21.323,20.7797,20.2388,19.1643,19.1643,18.6307
1989-02-01 00:00:00,2,13.9491,12.9409,16.0019,14.9697,16.0019,17.5712,21.8685,25.7493,30.3067,42.8374,56.5605,68.7125,53.8747,41.7135,43.9814,44.3672,37.0699,38.4599,37.7606,34.7188,26.877,23.5188,21.8685,22.4164,21.323,28.5833,25.1885,20.7797,,,
1989-01-01 00:00:00,2,13.9491,17.0454,24.0732,30.8849,34.3912,36.7277,35.3801,32.6302,42.8374,39.1677,35.7138,33.2155,28.5833,30.8849,36.3877,37.0699,37.4142,37.0699,39.8842,39.8842,33.8025,25.1885,21.323,19.7003,18.0997,17.0454,16.0019,15.4844,18.6307,17.0454,16.0019
1988-12-01 00:00:00,2,12.4416,11.9456,14.4579,13.9491,12.9409,10.9639,9.5188,8.5751,8.5751,8.1095,17.5712,24.0732,17.0454,21.8685,21.323,19.7003,30.8849,28.0126,20.2388,17.0454,17.5712,20.2388,29.1559,31.4649,32.6302,36.7277,36.7277,32.0467,20.7797,16.5223,13.9491
1988-11-01 00:00:00,2,11.9456,11.453,10.9639,13.4434,20.2388,20.7797,18.6307,17.5712,13.4434,11.9456,10.9639,10.9639,10.9639,10.4785,14.9697,26.3121,21.8685,21.323,19.1643,10.4785,9.5188,9.5188,12.9409,22.4164,31.4649,24.0732,16.0019,14.4579,13.9491,12.9409,
1988-10-01 00:00:00,2,12.9409,11.9456,9.5188,8.1095,13.9491,17.5712,16.0019,14.4579,9.5188,8.5751,8.1095,9.0449,12.4416,12.4416,10.9639,9.9967,9.0449,7.6483,6.74,13.4434,10.9639,10.9639,22.9665,20.7797,15.4844,12.4416,11.9456,20.2388,17.0454,14.9697,12.9409
1988-09-01 00:00:00,2,7.1918,7.1918,7.1918,6.74,6.74,6.74,6.74,6.74,6.74,6.74,6.2932,6.2932,6.2932,5.8516,5.8516,5.8516,5.8516,5.8516,5.8516,5.8516,5.8516,5.8516,5.8516,5.4155,5.4155,4.9852,4.9852,4.9852,4.561,6.74,
1988-08-01 00:00:00,2,9.5188,9.5188,9.5188,9.0449,9.0449,9.0449,9.5188,9.5188,9.5188,9.0449,9.0449,9.0449,9.0449,8.5751,8.5751,8.5751,8.5751,8.5751,8.5751,8.5751,8.5751,8.5751,8.5751,8.1095,8.1095,8.1095,7.6483,7.6483,7.6483,7.1918,7.1918
1988-07-01 00:00:00,2,11.453,11.453,11.453,11.453,10.9639,10.9639,10.9639,10.9639,10.9639,10.4785,10.9639,10.9639,10.9639,10.4785,10.4785,10.4785,10.4785,10.4785,10.4785,9.9967,9.9967,9.9967,9.9967,9.9967,9.9967,9.5188,9.5188,9.5188,9.5188,9.5188,9.5188
1988-06-01 00:00:00,2,14.9697,14.9697,13.9491,14.9697,15.4844,16.0019,15.4844,14.9697,14.9697,14.4579,13.4434,13.4434,13.4434,12.9409,12.9409,13.4434,12.9409,12.9409,12.4416,12.4416,12.4416,12.4416,12.4416,11.9456,11.9456,11.9456,11.9456,11.9456,11.9456,11.9456,
1988-05-01 00:00:00,2,16.0019,16.0019,15.4844,15.4844,14.9697,14.9697,14.9697,14.9697,14.9697,14.9697,14.4579,13.9491,13.9491,13.9491,13.9491,13.9491,13.9491,17.5712,19.1643,17.5712,16.0019,14.9697,14.4579,13.9491,13.9491,15.4844,16.0019,16.0019,15.4844,14.9697,14.9697
1988-04-01 00:00:00,2,19.7003,20.7797,21.8685,25.7493,26.877,23.5188,21.8685,21.8685,20.2388,19.1643,18.6307,18.0997,18.0997,20.7797,32.0467,25.1885,21.323,20.2388,20.2388,21.323,20.7797,19.7003,18.6307,19.7003,19.1643,18.0997,17.5712,17.0454,17.0454,16.5223,
1988-03-01 00:00:00,2,22.9665,21.323,30.8849,65.1504,67.1704,61.7135,54.7603,39.1677,34.3912,29.7304,28.0126,26.877,25.7493,24.6298,24.0732,23.5188,22.9665,25.1885,30.3067,37.7606,35.7138,27.4438,24.6298,22.9665,21.8685,21.323,20.7797,20.2388,19.7003,19.7003,21.323
1988-02-01 00:00:00,2,14.9697,20.7797,23.5188,34.3912,34.3912,34.7188,40.6094,41.7135,54.3163,56.1068,49.1741,65.1504,62.1969,50.0076,45.1456,44.7552,40.6094,51.2753,50.8504,41.3432,35.3801,33.2155,32.6302,32.6302,29.1559,27.4438,26.3121,25.1885,24.0732,,
1988-01-01 00:00:00,2,47.5351,72.4022,41.7135,33.8025,32.0467,33.8025,32.6302,34.3912,32.6302,36.0497,36.0497,37.4142,40.9752,34.7188,29.1559,26.3121,24.0732,22.4164,21.323,20.2388,19.1643,18.0997,17.0454,19.7003,19.1643,17.0454,16.0019,16.0019,14.9697,14.9697,14.4579
1987-12-01 00:00:00,2,16.5223,13.9491,12.4416,19.1643,21.323,30.3067,34.3912,28.5833,27.4438,33.8025,56.1068,91.5818,69.7536,64.6518,58.8657,40.6094,32.6302,28.0126,46.7295,93.4765,113.886,114.52,69.2318,43.2165,34.7188,30.3067,28.5833,25.7493,24.6298,25.7493,29.1559
1987-11-01 00:00:00,2,28.0126,18.6307,14.4579,12.4416,10.9639,9.9967,9.5188,9.5188,9.5188,9.5188,9.5188,9.0449,8.5751,9.0449,9.9967,15.4844,36.0497,36.0497,24.0732,17.0454,13.4434,11.9456,10.9639,10.4785,15.4844,20.2388,18.0997,23.5188,22.9665,21.323,
1987-10-01 00:00:00,2,10.9639,10.4785,10.4785,10.4785,10.4785,9.9967,9.9967,9.9967,9.9967,9.0449,8.5751,8.5751,7.6483,7.6483,7.6483,7.1918,6.74,6.74,6.74,6.2932,7.1918,8.5751,10.4785,13.9491,17.5712,19.7003,17.5712,15.4844,14.4579,17.5712,21.8685
1987-09-01 00:00:00,2,10.4785,9.9967,9.9967,9.9967,10.4785,10.4785,10.4785,10.9639,11.453,11.9456,11.9456,10.9639,10.9639,9.9967,9.9967,9.5188,9.5188,11.9456,20.7797,22.4164,17.5712,16.0019,18.6307,19.7003,20.7797,18.0997,14.9697,12.9409,12.4416,11.453,
1987-08-01 00:00:00,2,12.9409,12.9409,12.9409,12.9409,12.4416,12.4416,12.4416,12.4416,12.4416,12.4416,11.9456,11.9456,11.9456,11.9456,11.9456,11.453,10.9639,10.9639,12.4416,13.4434,13.9491,13.4434,12.4416,11.9456,11.453,10.9639,10.9639,10.9639,10.9639,10.4785,10.4785
1987-07-01 00:00:00,2,16.0019,16.0019,16.0019,15.4844,15.4844,16.0019,16.0019,14.9697,15.4844,15.4844,15.4844,14.9697,15.4844,14.4579,14.4579,14.4579,13.9491,13.9491,13.9491,13.9491,13.4434,13.4434,13.4434,13.4434,13.4434,12.9409,12.9409,12.9409,12.9409,12.4416,12.9409
1987-06-01 00:00:00,2,19.1643,18.0997,17.0454,17.5712,18.0997,18.0997,17.5712,19.7003,20.7797,19.7003,18.0997,17.0454,17.0454,17.0454,17.0454,17.0454,17.0454,17.5712,17.5712,17.5712,17.0454,16.5223,16.0019,17.5712,18.6307,18.0997,17.5712,17.0454,16.0019,16.0019,
1987-05-01 00:00:00,2,20.7797,20.7797,20.7797,20.2388,19.7003,21.8685,20.2388,20.2388,19.1643,18.6307,17.5712,17.5712,17.5712,17.5712,17.5712,17.5712,17.5712,21.8685,20.7797,21.323,27.4438,24.6298,24.0732,22.4164,20.7797,21.8685,20.2388,19.1643,20.2388,20.2388,19.7003
1987-04-01 00:00:00,2,21.323,20.7797,21.8685,29.1559,40.9752,52.1323,69.7536,74.5687,59.805,39.1677,33.8025,27.4438,26.3121,25.7493,24.6298,24.0732,22.9665,22.4164,21.8685,21.8685,21.323,21.8685,22.9665,22.4164,22.4164,21.8685,21.323,20.7797,20.2388,20.2388,
1987-03-01 00:00:00,2,26.877,26.3121,25.7493,25.1885,24.0732,23.5188,22.4164,22.4164,22.9665,30.3067,47.1311,69.7536,72.9398,63.1713,41.3432,37.7606,38.1092,36.7277,35.7138,37.0699,30.8849,32.6302,34.3912,34.7188,32.0467,30.8849,28.5833,26.3121,22.9665,21.323,20.2388
1987-02-01 00:00:00,2,45.1456,41.7135,37.7606,36.3877,35.7138,35.0484,34.3912,33.8025,35.7138,46.3301,50.0076,48.35,43.9814,37.4142,35.7138,37.4142,43.2165,45.933,54.7603,61.7135,55.6555,40.9752,34.3912,33.2155,32.6302,32.6302,32.6302,32.0467,,,
1987-01-01 00:00:00,2,202.751,102.713,81.3267,67.6818,65.6515,60.7543,50.4278,45.5381,41.7135,37.4142,36.7277,37.4142,37.4142,39.5249,37.0699,36.7277,36.7277,37.7606,39.1677,46.3301,55.2067,55.2067,50.4278,50.8504,69.7536,71.8672,69.2318,68.1959,70.8051,65.6515,61.7135
1986-12-01 00:00:00,2,29.7304,32.0467,35.7138,39.1677,37.7606,34.7188,26.3121,16.5223,15.4844,14.9697,17.0454,19.7003,21.8685,25.1885,29.1559,35.0484,37.7606,39.1677,36.0497,25.7493,17.5712,19.1643,34.7188,79.6004,170.046,263.064,252.748,264.798,259.608,253.602,257.028
1986-11-01 00:00:00,2,6.74,6.74,6.2932,6.74,7.6483,8.1095,7.6483,7.6483,7.1918,6.74,6.74,8.1095,11.9456,18.6307,21.323,18.6307,11.453,11.9456,9.5188,8.1095,8.1095,7.6483,7.1918,7.1918,7.6483,11.9456,11.9456,14.9697,22.4164,22.4164,
1986-10-01 00:00:00,2,8.1095,8.1095,8.1095,8.1095,8.1095,8.1095,7.6483,7.6483,7.6483,7.1918,7.1918,7.1918,7.1918,7.1918,7.1918,7.1918,7.1918,7.1918,7.1918,7.1918,6.74,6.74,6.74,8.1095,9.9967,9.5188,8.5751,8.1095,7.6483,7.1918,7.1918
1986-09-01 00:00:00,2,13.9491,13.9491,13.4434,13.4434,13.4434,12.9409,12.9409,12.9409,12.4416,11.9456,11.9456,11.9456,11.9456,11.453,11.453,10.9639,10.9639,10.9639,9.9967,9.9967,9.5188,9.5188,9.0449,9.0449,9.0449,9.0449,8.5751,8.5751,8.5751,8.5751,
1986-08-01 00:00:00,2,16.0019,16.0019,15.4844,18.6307,16.5223,15.4844,14.9697,13.9491,12.9409,12.9409,12.4416,12.4416,11.9456,11.9456,13.4434,15.4844,16.5223,13.9491,12.9409,12.9409,13.4434,17.0454,18.6307,20.2388,30.8849,31.4649,30.3067,23.5188,16.0019,15.4844,14.9697
1986-07-01 00:00:00,2,14.9697,14.4579,14.4579,14.4579,14.9697,14.4579,14.4579,14.4579,13.9491,13.9491,13.9491,13.9491,13.9491,13.9491,13.9491,13.4434,13.4434,13.4434,13.4434,12.9409,12.9409,12.9409,12.9409,12.9409,15.4844,16.5223,18.0997,18.0997,17.5712,17.0454,17.0454
1986-06-01 00:00:00,2,19.7003,19.7003,19.1643,19.1643,19.1643,19.1643,19.1643,18.6307,18.0997,18.0997,17.5712,17.0454,17.0454,17.0454,16.5223,16.5223,16.0019,16.0019,16.0019,16.0019,16.0019,16.0019,16.0019,15.4844,15.4844,15.4844,14.9697,14.9697,14.9697,14.9697,
1986-05-01 00:00:00,2,21.323,21.323,21.323,20.7797,20.7797,20.2388,20.2388,20.2388,20.2388,20.2388,20.2388,20.2388,23.5188,24.0732,23.5188,22.4164,21.8685,21.323,21.323,21.323,20.7797,20.2388,23.5188,22.9665,21.8685,21.323,21.323,21.323,20.7797,20.2388,20.2388
1986-04-01 00:00:00,2,33.8025,32.6302,31.4649,27.4438,25.1885,23.5188,23.5188,23.5188,23.5188,23.5188,22.9665,22.4164,22.4164,22.4164,21.8685,21.8685,21.323,21.323,21.323,21.323,21.323,21.323,21.323,20.7797,20.7797,20.7797,23.5188,22.9665,22.4164,21.8685,
1986-03-01 00:00:00,2,40.2457,44.7552,46.7295,48.35,50.0076,50.8504,52.5643,49.1741,43.9814,40.9752,38.8127,37.0699,35.7138,34.3912,33.8025,32.6302,32.6302,32.6302,32.0467,31.4649,31.4649,30.8849,30.3067,30.3067,30.3067,30.3067,30.8849,33.8025,34.3912,34.7188,34.3912
1986-02-01 00:00:00,2,42.0859,40.6094,41.3432,46.3301,57.9362,63.6622,55.6555,51.7026,49.5897,46.7295,41.7135,39.8842,39.8842,45.5381,59.3341,80.7485,83.0777,95.3972,108.867,108.867,104.545,86.0515,52.9987,47.9414,44.3672,37.0699,30.8849,33.2155,,,
1986-01-01 00:00:00,2,50.8504,52.5643,50.8504,45.933,36.3877,35.0484,44.3672,52.5643,63.6622,82.4912,83.0777,85.4512,105.773,115.79,132.112,173.737,146.437,84.2588,55.6555,48.7609,43.2165,40.2457,37.4142,37.4142,36.3877,39.1677,45.5381,49.1741,53.4355,52.9987,46.3301
1985-12-01 00:00:00,2,35.7138,31.4649,22.9665,30.8849,37.7606,36.3877,34.3912,27.4438,22.9665,20.7797,18.0997,15.4844,13.4434,11.453,9.5188,7.6483,8.5751,16.0019,20.2388,18.6307,22.4164,26.3121,28.5833,32.0467,34.3912,36.3877,45.1456,59.805,95.3972,77.8988,65.6515
1985-11-01 00:00:00,2,20.7797,24.6298,32.6302,38.4599,38.4599,36.7277,33.2155,28.5833,22.4164,18.6307,17.0454,16.0019,15.4844,14.9697,14.9697,14.4579,14.4579,13.9491,13.9491,13.4434,13.4434,12.9409,13.4434,14.9697,16.5223,17.5712,20.2388,22.4164,25.7493,33.8025,
1985-10-01 00:00:00,2,28.0126,26.877,23.5188,21.8685,19.7003,18.0997,17.5712,17.0454,16.0019,16.0019,14.9697,14.9697,14.9697,14.4579,14.4579,13.9491,13.9491,13.9491,13.4434,12.9409,12.9409,12.9409,12.9409,13.4434,15.4844,18.6307,22.4164,24.0732,23.5188,20.7797,20.2388
1985-09-01 00:00:00,2,17.0454,17.0454,17.0454,17.0454,16.5223,19.1643,25.1885,25.7493,25.1885,24.6298,22.9665,21.8685,21.323,19.1643,17.0454,16.0019,16.0019,15.4844,14.9697,14.9697,14.9697,14.9697,14.4579,15.4844,17.5712,18.6307,19.1643,19.1643,19.1643,18.6307,
1985-08-01 00:00:00,2,21.323,21.323,21.323,20.7797,20.7797,20.7797,20.7797,20.2388,20.2388,20.2388,20.2388,19.7003,19.7003,19.7003,19.7003,19.7003,19.1643,19.1643,19.1643,19.1643,19.1643,19.1643,18.6307,18.6307,18.0997,18.0997,18.0997,17.5712,17.0454,17.0454,17.0454
1985-07-01 00:00:00,2,25.7493,25.7493,25.7493,25.1885,25.1885,25.1885,24.6298,24.6298,24.6298,24.6298,24.0732,24.0732,24.0732,23.5188,23.5188,23.5188,23.5188,22.9665,22.9665,22.9665,22.4164,22.4164,22.4164,22.4164,22.4164,21.8685,21.8685,21.323,21.323,21.323,21.323
1985-06-01 00:00:00,2,30.8849,30.3067,30.3067,30.3067,31.4649,31.4649,31.4649,30.8849,30.3067,30.3067,29.7304,29.1559,28.0126,28.0126,28.0126,27.4438,26.877,26.877,26.877,26.877,26.877,26.877,26.3121,26.3121,26.3121,26.3121,25.7493,25.7493,25.7493,25.7493,
1985-05-01 00:00:00,2,38.1092,37.7606,37.4142,38.1092,39.8842,39.1677,38.4599,37.7606,36.7277,35.0484,35.3801,36.3877,36.7277,35.0484,34.7188,34.3912,33.2155,32.6302,32.6302,33.2155,33.2155,33.8025,35.0484,34.3912,33.8025,33.2155,32.6302,32.0467,31.4649,31.4649,30.8849
1985-04-01 00:00:00,2,56.1068,55.6555,55.2067,54.7603,53.4355,50.8504,48.35,46.3301,45.5381,51.2753,52.1323,48.35,47.5351,46.3301,45.5381,44.7552,43.9814,43.2165,42.0859,40.9752,43.2165,42.0859,40.2457,40.2457,39.5249,39.5249,39.1677,38.8127,38.8127,38.4599,
1985-03-01 00:00:00,2,118.99,127.461,103.322,110.739,112.623,111.366,107.007,94.1138,87.8694,84.8536,79.0305,72.4022,69.7536,72.9398,74.0231,76.2216,80.7485,81.9076,83.0777,82.4912,76.2216,72.4022,68.1959,61.7135,60.7543,59.805,58.8657,54.7603,57.0166,57.4752,56.5605
1985-02-01 00:00:00,2,185.749,184.231,126.801,109.49,89.7128,79.0305,82.4912,88.4811,84.2588,89.0955,92.842,97.887,84.2588,67.1704,60.7543,55.6555,52.1323,49.1741,48.35,46.3301,46.3301,45.1456,55.6555,64.1557,67.6818,68.7125,69.7536,71.8672,,,
1985-01-01 00:00:00,2,64.1557,59.3341,54.7603,52.5643,47.5351,43.5978,42.0859,42.0859,54.3163,92.842,189.564,149.228,84.8536,76.778,61.7135,59.805,64.6518,69.2318,80.7485,90.9559,142.288,110.739,98.4855,97.887,133.452,234.242,257.028,378.417,340.456,219.496,184.231
1984-12-01 00:00:00,2,52.1323,45.5381,53.4355,58.8657,59.3341,62.6828,62.1969,75.668,108.867,116.427,121.573,112.623,100.893,92.2105,79.6004,75.117,81.9076,89.0955,95.3972,101.498,103.322,74.0231,49.1741,43.9814,38.8127,34.7188,28.5833,26.3121,26.3121,37.4142,44.3672
1984-11-01 00:00:00,2,10.9639,10.9639,9.9967,9.9967,9.9967,9.9967,9.9967,9.5188,11.9456,9.0449,8.1095,8.1095,8.1095,10.4785,12.4416,11.453,9.9967,11.9456,19.1643,20.7797,29.1559,74.0231,86.6547,77.8988,50.8504,43.5978,36.7277,40.9752,47.9414,52.5643,
1984-10-01 00:00:00,2,14.9697,13.9491,13.4434,12.9409,12.9409,12.4416,11.9456,11.453,11.453,10.9639,10.4785,12.4416,12.9409,12.9409,12.9409,13.4434,12.9409,13.4434,18.0997,25.1885,36.3877,37.7606,39.1677,36.3877,35.0484,37.0699,36.0497,28.0126,13.4434,13.9491,11.9456
1984-09-01 00:00:00,2,21.323,19.7003,19.1643,18.6307,18.0997,18.0997,20.7797,33.8025,39.8842,39.5249,27.4438,20.7797,18.6307,16.5223,15.4844,14.9697,14.4579,13.9491,13.9491,13.9491,14.4579,17.0454,19.7003,17.5712,16.5223,16.0019,16.0019,18.6307,18.0997,16.0019,
1984-08-01 00:00:00,2,12.9409,12.9409,12.9409,12.9409,12.9409,12.9409,12.9409,12.4416,12.4416,12.4416,12.4416,11.9456,11.9456,11.9456,11.9456,11.453,11.453,11.453,15.4844,16.0019,15.4844,15.4844,15.4844,16.5223,17.0454,19.1643,20.2388,20.7797,22.9665,23.5188,22.4164
1984-07-01 00:00:00,2,16.5223,16.5223,16.0019,16.0019,16.0019,16.0019,16.0019,15.4844,14.9697,14.9697,14.9697,14.9697,14.9697,14.4579,14.4579,14.4579,14.4579,14.4579,13.9491,13.9491,13.9491,13.9491,13.9491,13.4434,13.4434,13.4434,13.4434,13.4434,12.9409,12.9409,12.9409
1984-06-01 00:00:00,2,20.7797,20.7797,20.2388,20.2388,20.2388,19.7003,19.7003,19.7003,19.1643,19.1643,19.1643,18.6307,18.6307,18.6307,18.0997,18.0997,18.0997,18.0997,17.5712,17.5712,17.5712,17.0454,17.0454,17.0454,17.0454,16.5223,16.5223,16.5223,16.5223,16.5223,
1984-05-01 00:00:00,2,33.8025,44.3672,50.8504,35.3801,33.2155,32.6302,29.1559,28.0126,27.4438,27.4438,26.3121,25.7493,25.1885,24.6298,24.6298,23.5188,23.5188,22.9665,22.9665,25.1885,24.6298,24.0732,23.5188,23.5188,22.9665,22.4164,21.8685,21.323,21.323,21.323,20.7797
1984-04-01 00:00:00,2,43.9814,38.4599,47.5351,57.4752,55.6555,44.3672,45.1456,43.9814,42.4606,37.0699,35.7138,39.1677,37.4142,37.4142,32.0467,31.4649,31.4649,30.8849,30.3067,29.7304,29.7304,29.1559,28.5833,28.0126,27.4438,26.877,27.4438,28.5833,29.1559,28.5833,
1984-03-01 00:00:00,2,33.2155,34.3912,35.7138,39.8842,43.5978,43.9814,43.9814,44.7552,36.0497,33.8025,33.2155,33.2155,34.3912,44.3672,45.1456,43.9814,39.1677,33.8025,33.2155,33.2155,44.3672,39.5249,35.7138,35.3801,35.0484,34.7188,33.8025,32.6302,34.7188,45.1456,47.1311
1984-02-01 00:00:00,2,52.1323,49.1741,47.5351,46.3301,45.933,45.1456,44.3672,43.5978,44.7552,43.9814,44.3672,44.3672,43.9814,43.2165,42.8374,42.0859,42.0859,43.5978,45.1456,46.3301,45.5381,44.7552,43.9814,42.0859,39.1677,38.1092,37.0699,36.3877,35.0484,,
1984-01-01 00:00:00,2,84.2588,81.9076,76.778,68.7125,63.1713,80.7485,77.8988,76.2216,72.4022,69.2318,66.6615,63.1713,58.8657,57.0166,56.1068,54.3163,52.5643,51.2753,51.2753,52.1323,52.1323,51.7026,51.2753,50.4278,50.0076,49.5897,52.1323,59.805,68.7125,66.1552,62.6828
1983-12-01 00:00:00,2,75.117,78.4633,97.2899,111.994,108.867,106.389,109.49,113.886,115.154,117.066,126.143,152.038,188.034,192.637,194.18,189.564,184.231,170.046,116.427,97.887,93.4765,102.713,108.245,113.886,121.573,141.601,140.23,124.177,113.886,102.105,96.6922
1983-11-01 00:00:00,2,44.3672,45.5381,48.7609,54.3163,59.805,62.1969,56.5605,52.1323,51.7026,69.7536,103.322,118.347,141.601,136.148,126.801,119.634,110.114,111.366,131.444,143.666,152.038,160.588,168.577,85.4512,75.117,69.2318,62.6828,64.6518,68.7125,71.8672,
1983-10-01 00:00:00,2,37.0699,36.7277,36.3877,35.7138,35.3801,35.0484,34.7188,33.8025,35.3801,35.0484,34.7188,33.8025,38.4599,66.1552,87.8694,100.289,93.4765,71.8672,61.2326,59.805,64.6518,76.2216,120.279,124.831,116.427,107.007,73.4801,61.2326,54.3163,47.1311,43.5978
1983-09-01 00:00:00,2,34.3912,34.3912,33.8025,33.8025,33.8025,41.7135,50.4278,50.0076,48.7609,44.3672,37.0699,36.0497,35.7138,35.0484,34.3912,34.3912,36.7277,37.4142,37.0699,38.1092,38.4599,40.2457,46.7295,57.9362,66.6615,67.1704,53.8747,48.35,44.3672,38.1092,
1983-08-01 00:00:00,2,42.4606,42.0859,41.7135,40.2457,39.5249,38.8127,38.8127,38.4599,38.1092,37.7606,37.4142,37.4142,37.4142,37.4142,37.0699,37.0699,36.7277,36.7277,36.7277,36.3877,36.0497,36.0497,36.0497,35.7138,35.7138,35.3801,35.0484,35.0484,34.7188,34.7188,34.7188
1983-07-01 00:00:00,2,46.3301,46.3301,46.7295,46.7295,45.5381,45.5381,45.5381,45.1456,44.7552,44.3672,43.9814,43.2165,43.2165,43.2165,42.4606,42.4606,42.0859,41.7135,42.4606,43.5978,57.0166,45.933,46.3301,46.3301,46.3301,45.5381,45.1456,44.7552,44.3672,43.9814,43.2165
1983-06-01 00:00:00,2,212.259,229.287,196.504,113.886,103.933,92.2105,79.0305,70.8051,65.6515,62.1969,61.7135,60.2784,58.8657,57.9362,57.0166,56.5605,56.1068,54.7603,52.9987,52.5643,51.7026,51.2753,49.5897,48.7609,48.7609,48.35,47.9414,47.5351,47.1311,46.3301,
1983-05-01 00:00:00,2,65.1504,68.1959,63.6622,60.2784,57.4752,56.1068,55.2067,54.7603,53.8747,53.4355,52.5643,52.1323,51.2753,51.2753,50.4278,50.4278,49.5897,48.7609,48.7609,48.7609,48.7609,47.9414,47.9414,47.1311,47.1311,47.1311,47.1311,46.7295,52.9987,61.7135,122.222
1983-04-01 00:00:00,2,63.1713,59.805,58.3997,57.0166,56.1068,55.6555,58.8657,89.0955,80.1731,63.6622,64.1557,75.668,139.547,190.33,154.159,128.783,119.634,86.0515,69.7536,65.1504,62.1969,61.2326,60.2784,77.8988,100.289,102.713,101.498,99.0853,96.0432,87.2607,
1983-03-01 00:00:00,2,62.1969,61.7135,63.1713,64.6518,71.8672,101.498,103.322,109.49,118.347,106.389,103.322,93.4765,77.3371,75.117,74.0231,72.9398,70.8051,69.2318,67.6818,67.1704,66.1552,67.1704,69.7536,74.0231,74.0231,68.7125,63.6622,66.1552,72.4022,73.4801,70.2781
1983-02-01 00:00:00,2,94.1138,134.798,164.201,188.034,153.451,136.826,114.52,102.713,92.2105,107.007,145.742,162.029,185.749,179.705,145.742,116.427,107.007,90.3329,80.7485,75.668,71.8672,69.7536,68.1959,65.6515,64.6518,64.1557,63.1713,62.1969,,,
1983-01-01 00:00:00,2,120.925,140.23,181.963,127.461,102.105,133.452,141.601,150.631,159.151,168.577,138.184,147.83,165.655,142.288,102.105,112.623,102.105,101.498,109.49,123.524,146.437,167.114,128.121,110.114,102.105,105.773,110.739,114.52,105.158,86.0515,84.8536
1982-12-01 00:00:00,2,18.6307,27.4438,31.4649,37.4142,50.8504,52.5643,53.4355,54.3163,53.4355,48.35,44.3672,43.5978,42.8374,41.7135,40.9752,40.2457,45.933,60.2784,88.4811,95.3972,100.893,105.773,107.625,115.154,101.498,93.4765,100.289,110.739,117.066,119.634,120.279
1982-11-01 00:00:00,2,22.4164,18.0997,17.0454,16.0019,15.4844,13.4434,11.9456,14.4579,21.8685,36.0497,41.3432,42.4606,41.7135,41.3432,41.7135,43.2165,45.1456,46.3301,50.0076,61.7135,70.2781,67.6818,66.1552,59.3341,36.0497,28.5833,22.4164,22.4164,21.8685,21.323,
1982-10-01 00:00:00,2,12.9409,12.4416,12.4416,17.0454,19.7003,16.5223,16.5223,16.0019,14.9697,18.0997,17.5712,40.2457,40.9752,41.3432,41.7135,28.5833,23.5188,22.4164,21.8685,21.323,20.2388,20.2388,19.1643,18.0997,17.0454,17.0454,17.0454,18.6307,21.8685,26.3121,28.0126
1982-09-01 00:00:00,2,13.9491,13.9491,13.9491,13.9491,12.9409,12.9409,12.9409,12.9409,12.9409,12.4416,12.4416,11.9456,11.9456,11.9456,11.9456,11.9456,10.9639,10.9639,10.9639,10.9639,11.453,11.453,11.9456,12.4416,12.4416,11.9456,11.9456,11.9456,12.9409,12.9409,
1982-08-01 00:00:00,2,18.0997,18.0997,17.0454,17.0454,17.0454,17.0454,17.0454,17.0454,16.5223,16.5223,16.5223,16.0019,16.0019,16.0019,16.0019,16.0019,16.0019,16.0019,15.4844,15.4844,14.9697,14.9697,14.9697,14.9697,14.9697,14.9697,14.9697,14.9697,13.9491,13.9491,13.9491
1982-07-01 00:00:00,2,21.323,21.323,21.323,20.2388,20.2388,20.2388,20.2388,20.2388,20.2388,20.2388,20.2388,19.7003,19.1643,19.7003,20.7797,21.323,21.323,20.7797,20.2388,20.2388,19.7003,19.1643,19.1643,19.1643,19.1643,19.1643,18.6307,18.0997,18.0997,18.0997,18.0997
1982-06-01 00:00:00,2,29.1559,29.1559,28.0126,28.0126,26.877,26.3121,26.3121,25.7493,25.1885,25.7493,25.1885,25.1885,24.6298,24.6298,24.0732,23.5188,23.5188,23.5188,22.4164,22.4164,22.4164,22.4164,22.4164,22.4164,22.4164,22.4164,21.323,21.323,21.323,21.323,
1982-05-01 00:00:00,2,36.0497,36.0497,36.0497,35.3801,34.7188,33.8025,33.8025,33.2155,32.6302,32.6302,32.0467,31.4649,30.8849,30.3067,29.7304,29.1559,29.1559,29.1559,28.0126,28.0126,28.0126,29.1559,31.4649,31.4649,32.0467,32.6302,32.6302,31.4649,30.3067,30.3067,30.3067
1982-04-01 00:00:00,2,97.887,80.7485,68.7125,59.3341,58.3997,55.6555,52.9987,48.7609,43.2165,42.0859,41.3432,40.2457,38.1092,45.1456,59.3341,66.1552,64.1557,45.933,42.4606,40.2457,39.5249,38.8127,38.4599,37.7606,37.4142,37.0699,36.7277,36.7277,36.0497,36.0497,
1982-03-01 00:00:00,2,48.7609,51.7026,52.5643,52.9987,47.9414,39.8842,41.7135,48.7609,51.7026,55.2067,66.1552,72.9398,100.893,124.831,130.111,102.713,76.778,65.6515,57.9362,53.8747,51.2753,52.1323,57.0166,59.3341,61.2326,64.1557,59.3341,56.5605,53.8747,62.1969,91.5818
1982-02-01 00:00:00,2,60.2784,56.5605,54.7603,50.0076,70.2781,90.3329,113.254,107.625,94.7541,88.4811,79.0305,65.6515,55.2067,45.5381,44.3672,43.2165,41.7135,40.6094,39.1677,38.8127,38.1092,37.4142,38.1092,39.5249,39.5249,39.5249,38.8127,40.2457,,,
1982-01-01 00:00:00,2,44.7552,72.9398,108.867,165.655,230.11,258.747,121.573,105.158,80.7485,61.7135,59.3341,57.4752,60.2784,59.805,55.6555,49.5897,47.9414,46.3301,44.7552,41.3432,42.8374,48.35,65.6515,142.288,181.963,189.564,187.271,164.201,111.366,73.4801,62.1969
1981-12-01 00:00:00,2,45.933,45.1456,44.3672,43.2165,38.4599,34.7188,32.6302,27.4438,25.7493,45.1456,63.6622,67.1704,68.1959,70.8051,76.2216,92.842,98.4855,86.0515,73.4801,64.1557,61.7135,56.5605,46.3301,41.3432,38.1092,36.7277,36.7277,40.9752,43.9814,54.3163,55.6555
1981-11-01 00:00:00,2,29.7304,18.6307,18.0997,20.2388,28.0126,35.0484,36.7277,38.4599,40.6094,42.8374,45.1456,48.7609,49.5897,49.5897,44.7552,42.8374,42.0859,41.7135,42.4606,48.7609,104.545,105.773,100.893,95.3972,87.2607,82.4912,68.7125,59.805,54.3163,47.9414,
1981-10-01 00:00:00,2,8.1095,8.1095,9.0449,9.0449,9.9967,10.9639,10.9639,10.9639,11.9456,11.9456,13.9491,15.4844,17.0454,19.1643,28.0126,36.0497,45.5381,38.1092,21.8685,34.3912,41.3432,38.1092,27.4438,20.2388,14.9697,13.9491,14.4579,15.4844,16.0019,24.6298,33.2155
1981-09-01 00:00:00,2,9.0449,9.0449,9.0449,9.0449,9.0449,9.0449,9.0449,9.0449,8.5751,8.1095,8.1095,8.1095,7.6483,7.6483,7.6483,7.1918,7.1918,7.1918,7.1918,7.1918,7.1918,7.1918,7.1918,6.74,6.74,6.74,6.74,6.2932,6.2932,6.2932,
1981-08-01 00:00:00,2,10.9639,10.9639,10.9639,10.4785,10.4785,10.4785,10.4785,10.4785,9.9967,9.9967,9.9967,9.9967,9.9967,9.9967,9.9967,9.9967,9.9967,9.9967,10.9639,10.9639,10.9639,10.9639,10.9639,10.9639,10.9639,10.4785,10.4785,10.4785,9.9967,9.9967,9.9967
1981-07-01 00:00:00,2,13.9491,13.9491,13.9491,13.9491,13.4434,12.9409,12.9409,12.9409,12.9409,12.9409,12.9409,12.9409,12.9409,12.9409,12.9409,11.9456,11.9456,11.9456,11.9456,11.9456,11.9456,11.9456,10.9639,10.9639,10.9639,10.9639,10.9639,10.9639,10.9639,10.9639,10.9639
1981-06-01 00:00:00,2,16.0019,16.0019,14.9697,15.4844,16.0019,16.0019,17.5712,18.0997,18.6307,19.1643,18.0997,17.0454,17.0454,17.0454,17.0454,16.0019,16.0019,19.7003,21.8685,22.4164,21.8685,21.323,20.7797,20.2388,19.1643,18.0997,16.0019,15.4844,14.9697,14.9697,
1981-05-01 00:00:00,2,19.1643,19.1643,19.1643,19.1643,18.6307,18.0997,18.0997,18.0997,17.0454,16.0019,16.0019,16.0019,14.9697,14.9697,14.9697,14.9697,14.9697,14.9697,14.9697,14.9697,14.9697,14.9697,14.9697,13.9491,13.9491,13.9491,13.9491,13.9491,17.0454,17.0454,16.0019
1981-04-01 00:00:00,2,32.6302,32.0467,30.8849,30.3067,30.3067,30.3067,28.5833,26.877,24.0732,22.9665,22.4164,22.4164,22.4164,21.8685,21.323,21.323,21.323,21.323,21.323,21.323,20.2388,20.2388,20.2388,20.2388,20.2388,20.2388,20.2388,20.2388,20.2388,20.2388,
1981-03-01 00:00:00,2,23.5381,23.1796,22.4737,21.7823,21.7823,22.8249,23.5381,26.1512,28.1315,28.5392,28.5392,28.5392,24.6355,24.6355,24.6355,26.9317,28.1315,29.3664,30.6369,38.0353,47.1079,52.1466,53.8895,50.4417,46.5381,44.3046,41.6148,38.8127,35.0484,33.8025,33.8025
1981-02-01 00:00:00,2,61.2495,58.4158,57.0323,55.6709,54.3312,53.0133,48.3633,43.2152,42.6773,41.6148,42.1438,41.6148,40.0544,38.5335,38.5335,37.5413,37.0516,36.5663,36.0851,34.2028,30.6369,27.7277,26.9317,26.1512,25.3858,24.6355,24.266,23.9002,,,
1981-01-01 00:00:00,2,47.9546,44.8561,37.0516,32.8349,31.0684,27.3278,25.3858,28.5392,29.3664,47.6824,63.1886,67.1889,71.3545,74.5892,81.349,93.5022,102.105,84.282,80.1952,61.2495,59.3504,56.5761,56.5761,64.1734,73.5003,80.7707,88.5054,95.4234,99.0853,62.7001,62.214
1980-12-01 00:00:00,2,29.7859,36.5663,45.9728,55.2219,60.771,67.7005,69.7728,68.7314,64.6696,60.771,59.8215,55.6709,46.5381,53.0133,71.887,80.7707,73.5003,65.6696,59.3504,43.2152,33.7427,31.9435,28.9508,27.3278,26.9317,25.7666,25.3858,25.3858,25.7666,28.9508,36.0851
1980-11-01 00:00:00,2,7.2193,6.7536,6.2952,6.2952,6.2952,6.2952,6.2952,6.7536,7.692,10.1536,30.2094,31.9435,35.1356,39.0361,38.0353,22.1262,21.3177,18.94,16.6293,16.0627,16.0627,17.2005,18.94,22.4737,26.5395,28.1315,24.6355,21.7823,20.7173,24.6355,
1980-10-01 00:00:00,2,10.6642,10.6642,10.6642,10.6642,9.6489,9.6489,9.6489,9.6489,9.6489,10.1536,11.1805,12.7622,13.8428,14.9432,14.9432,13.8428,13.8428,12.7622,12.7622,12.7622,12.2296,11.7024,10.6642,9.6489,10.1536,10.6642,10.6642,10.1536,9.6489,8.6577,8.1716
