DataHora,NivelConsistencia,Vazao01,Vazao02,Vazao03,Vazao04,Vazao05,Vazao06,Vazao07,Vazao08,Vazao09,Vazao10,Vazao11,Vazao12,Vazao13,Vazao14,Vazao15,Vazao16,Vazao17,Vazao18,Vazao19,Vazao20,Vazao21,Vazao22,Vazao23,Vazao24,Vazao25,Vazao26,Vazao27,Vazao28,Vazao29,Vazao30,Vazao31
2023-04-01 00:00:00,2,3.8091,3.8091,3.8091,3.1906,3.3427,3.1156,2.6116,2.407,3.9658,3.8091,3.655,3.7061,3.9133,3.7574,3.0414,3.0414,3.1156,3.1906,3.2663,3.655,3.3427,3.4199,3.1906,3.2663,3.3427,3.2663,3.2663,3.7061,3.655,3.7061,
2023-03-01 00:00:00,2,3.655,3.8091,3.4978,3.5764,3.4199,3.4978,3.655,4.6746,4.3963,4.287,4.2327,3.9658,3.8091,3.9133,3.8091,4.0717,3.861,3.8091,3.8091,3.9658,4.845,4.6746,3.9658,3.8091,3.7574,3.4199,3.4978,3.655,4.1788,3.7574,3.8091
2023-02-01 00:00:00,2,5.1931,5.1344,3.9658,3.9133,3.861,3.5764,4.0717,4.3963,4.2327,4.0717,4.9023,4.287,4.3415,3.9133,3.861,4.0717,7.4177,5.919,7.0133,7.2143,6.3604,4.287,4.1788,4.1788,4.0186,4.6184,3.7061,3.655,,,
2023-01-01 00:00:00,2,3.5011,3.9355,3.7147,4.5599,4.3196,5.4141,5.8726,6.9236,6.1578,5.9668,7.0133,6.5535,6.6184,6.5535,6.5535,5.7953,5.4908,5.6118,7.1471,6.4889,7.0801,6.9469,5.6727,6.6836,7.0133,7.3496,6.5535,6.6184,5.1931,5.2521,5.1931
2022-12-01 00:00:00,2,3.3626,3.4314,3.3626,2.7172,2.7782,2.7172,2.8401,3.0951,2.5974,2.2561,2.3668,2.3668,2.4806,2.9027,2.3668,2.2019,2.4806,2.3668,2.1484,2.7782,2.966,2.9027,2.5974,2.4806,2.4233,2.5974,2.4806,2.4806,2.4233,2.7172,2.9027
2022-11-01 00:00:00,2,4.0107,3.7147,3.7875,3.6427,3.6427,3.7147,3.7875,3.8611,3.7875,3.8611,3.2945,3.5715,3.5715,3.7875,3.7875,3.6427,3.7875,3.6427,3.7875,3.6427,3.7875,3.7875,3.2945,3.5715,3.7147,4.479,3.9355,4.0107,3.8611,3.7875,
2022-10-01 00:00:00,2,3.7875,3.8611,3.6427,3.7147,3.7875,3.7875,3.7147,3.6427,3.6427,3.8611,3.6427,3.7875,3.7875,3.5715,3.4314,3.6427,3.7147,3.5715,3.5011,3.4314,3.7875,4.0107,3.5715,4.0867,3.5011,2.4806,2.5386,2.6569,2.966,3.6427,3.3626
2022-09-01 00:00:00,2,2.4806,2.5386,2.4806,2.4233,2.4806,2.4806,2.4806,2.4806,3.0302,3.5011,3.4314,2.8401,2.5974,2.5974,2.8401,2.6569,2.7172,2.5386,2.7172,2.8401,3.2945,4.0107,4.0867,3.9355,3.3626,3.3626,3.3626,3.7875,3.7875,3.9355,
2022-08-01 00:00:00,2,2.5386,2.4806,4.3196,4.1636,3.9355,3.5011,3.3626,3.7875,2.9027,2.4806,2.5974,2.4806,2.5386,2.4233,2.4233,2.5386,2.4233,2.5386,2.4806,2.4806,2.5386,2.4233,2.5386,2.5386,2.4233,2.4806,2.4233,2.4806,2.4806,2.4806,2.5386
2022-07-01 00:00:00,2,2.3668,2.4233,2.4233,2.3668,2.4806,2.4806,2.4233,2.4806,2.4806,2.4233,2.3668,2.4233,2.4806,2.4233,2.4806,2.4806,2.4233,2.4806,2.4806,2.4233,2.4806,2.4233,2.4233,2.3111,2.4233,2.3668,2.3668,2.3111,2.3668,2.4806,2.3111
2022-06-01 00:00:00,2,2.3668,2.4233,2.3668,2.3111,2.3668,2.4233,2.3668,2.4233,2.3668,2.4233,2.4233,2.3668,2.5386,2.4233,2.3668,2.3111,2.4233,2.7172,2.7782,2.5974,2.7172,2.8401,2.5974,2.4806,2.5386,2.4806,2.5974,2.4806,2.5974,2.4806,
2022-05-01 00:00:00,2,3.5715,3.7147,3.7875,3.7875,3.7147,3.7875,3.7875,3.6427,3.8611,3.7147,3.7875,3.6427,2.5974,2.6569,2.4233,2.4806,2.4806,2.3668,2.4806,2.4806,2.4233,2.3111,2.7172,2.9027,2.8401,2.8401,2.4806,2.4233,2.4806,2.4806,2.4233
2022-04-01 00:00:00,2,3.7875,3.8611,3.8611,3.6427,3.5715,5.325,5.2366,5.595,5.4141,5.5041,4.7241,4.2412,4.0867,3.9355,1.8428,1.8428,3.9355,3.7875,3.9355,3.9355,3.8611,3.8611,3.7147,3.7875,3.8611,3.8611,3.7875,3.8611,3.9355,3.7875,
2022-03-01 00:00:00,2,8.0082,7.8511,7.6947,7.539,7.539,6.4702,6.4702,6.4702,6.3206,6.4702,6.5453,6.5453,6.3206,6.3206,6.5453,6.3206,4.8074,4.7241,4.6416,4.6416,4.8074,4.8916,4.479,3.8611,4.0867,3.9355,3.8611,3.7875,3.7147,3.7875,3.6427
2022-02-01 00:00:00,2,14.4503,12.6732,8.3246,12.6732,12.8485,13.7331,13.9116,14.0906,17.7141,18.9132,18.3106,17.8839,10.2797,9.4536,22.4697,23.2035,21.9242,18.0542,12.8485,12.7608,10.1132,13.5551,10.1132,10.0302,9.4536,8.4839,8.1661,8.1661,,,
2022-01-01 00:00:00,2,3.1608,7.8511,5.595,2.966,5.7792,20.3129,26.0192,36.8181,41.0478,41.5501,45.149,39.5585,26.2704,18.0542,18.9132,15.3585,15.0847,14.5406,7.6167,10.9517,10.6145,9.6997,9.1277,9.1277,9.2903,9.2089,9.1277,7.8511,10.9517,10.2797,16.3741
2021-12-01 00:00:00,2,2.4233,2.2561,2.5974,2.3111,2.0956,7.153,2.966,3.4314,2.5974,2.3668,2.5386,2.1484,3.0302,2.9027,3.0951,4.7241,4.3989,4.0867,2.0436,2.4806,2.4233,2.5386,2.4806,2.4806,2.5386,2.2561,2.3668,2.4806,2.9027,6.3206,5.6867
2021-11-01 00:00:00,2,2.5386,2.7172,2.2019,2.1484,1.9417,1.9417,1.9923,1.9417,2.0436,1.9417,3.8611,2.6569,2.0436,1.9417,1.7469,1.8919,1.9417,1.9417,1.9417,1.9417,1.7469,1.9923,1.9417,2.0436,1.9923,1.8919,1.8919,1.9417,1.9417,1.9417,
2021-10-01 00:00:00,2,2.1484,1.8428,1.6538,2.0436,1.8428,1.9417,2.0436,2.0436,2.1484,1.9417,2.3668,2.0436,1.9417,1.9417,2.0956,1.9417,1.9417,1.9417,1.9417,2.8401,2.5974,2.4806,2.4233,2.4233,2.0436,2.1484,6.2461,2.966,1.9923,2.0436,1.9417
2021-09-01 00:00:00,2,1.8428,1.7945,1.8428,1.8428,0.5894,1.8428,0.669,1.9417,1.9923,1.8919,1.8919,0.6418,1.5635,1.7945,1.7469,0.9762,1.9417,1.8428,1.6538,1.7469,1.7469,1.8428,1.7469,1.7469,1.0456,1.8428,1.7469,1.8428,1.7469,1.8428,
2021-08-01 00:00:00,2,2.3668,2.4806,2.4233,2.4233,2.4806,2.4806,2.4806,2.4806,2.4233,2.2561,2.0956,2.0436,2.2561,1.9923,1.9417,2.0436,1.9417,2.0436,2.0956,1.9417,1.9417,0.669,1.9417,1.9417,1.8919,1.9417,1.9417,1.7945,0.4255,1.3916,1.8919
2021-07-01 00:00:00,2,2.3668,2.2019,2.3111,2.4233,2.3668,2.4806,2.4233,2.3668,2.3668,2.4233,2.4233,2.4806,2.4806,2.4806,2.4806,2.4806,2.4806,2.3668,2.4806,2.4233,2.2561,2.4806,2.4806,2.4233,2.4806,2.2561,2.4806,2.4806,2.4806,2.4806,2.4233
2021-06-01 00:00:00,2,2.2561,1.9923,2.0436,2.1484,2.0436,2.0436,2.0436,1.8919,1.9417,1.9417,1.9923,1.8919,1.9417,2.0436,2.0436,1.9923,1.9923,1.9417,1.9417,2.4806,2.3668,2.3668,2.3668,2.4806,2.4806,2.4233,2.2561,2.4806,2.4233,2.3668,
2021-05-01 00:00:00,2,0.6968,2.4233,2.4233,2.3111,2.1484,2.1484,2.2561,2.2561,2.3668,2.2561,2.2561,2.3111,1.9923,2.1484,2.2561,2.3111,2.0436,2.2561,2.3111,2.0956,2.2019,2.0436,1.9923,2.0956,2.0956,2.2019,2.0436,2.0956,1.9923,2.1484,2.0436
2021-04-01 00:00:00,2,1.9417,1.9417,1.8919,1.9417,1.8428,1.7945,1.7945,1.7945,1.7945,1.8919,1.8428,1.7945,1.7945,1.7945,1.7469,1.7945,1.8428,1.7945,1.7469,1.7,1.7,1.7469,1.7469,1.7,1.7,1.6538,1.7,1.7469,1.7945,1.7469,
2021-03-01 00:00:00,2,2.1484,1.9417,2.2019,2.7782,3.7147,3.9355,4.7241,5.0625,5.1491,5.1491,4.8916,3.2273,2.5386,2.3111,1.9417,1.8919,2.5974,2.2019,2.1484,2.4233,2.3668,2.4233,2.2561,2.2019,2.2019,2.2561,2.0436,2.0436,2.0436,2.0956,2.0956
2021-02-01 00:00:00,2,0.1758,2.4806,2.4806,2.5386,2.7172,2.6569,6.8476,4.2412,4.1636,2.4806,3.3626,2.0436,1.9417,1.9923,2.3111,2.3668,7.384,5.5041,2.5386,2.4233,2.2019,5.4141,4.3989,3.5011,3.0951,6.9236,8.0082,5.1491,,,
2021-01-01 00:00:00,2,2.0436,2.966,2.5974,2.2019,5.1491,2.966,5.5041,4.3196,6.4702,6.2461,6.1578,6.2461,6.2461,5.2366,5.0625,5.4141,2.4806,2.1484,1.9923,1.8428,1.7945,1.5635,1.4762,1.4335,1.4335,2.5386,2.3668,2.2561,2.4233,2.3668,2.3668
2020-12-01 00:00:00,2,1.0813,1.1548,1.1548,1.1925,1.1925,1.1177,1.3099,1.2309,1.1177,1.1177,1.1548,1.2309,1.2309,1.1925,1.1925,1.1177,1.3099,1.2309,1.3504,1.4335,1.2309,3.7147,3.8611,4.0867,8.5638,7.6947,7.384,7.6947,7.384,7.8511,3.8611
2020-11-01 00:00:00,2,1.0813,1.0813,1.0813,1.0456,1.0813,1.0813,1.1177,1.0813,1.0813,1.0813,1.2309,1.1548,1.1177,1.2309,1.1177,1.1177,1.1548,1.1177,1.1548,1.0813,1.2309,1.0813,1.1548,1.2309,1.0813,1.0813,1.1177,1.1177,1.0456,1.0813,
2020-10-01 00:00:00,2,1.1548,1.1548,1.1177,1.1548,1.1548,1.1548,1.0456,1.1177,1.1548,1.1177,1.0813,1.0813,1.0813,1.0456,1.0106,1.0106,1.0813,1.0456,1.0106,1.1548,1.1925,1.0813,1.1177,1.1548,1.1177,1.1548,1.0813,1.0456,1.1177,1.0813,1.0813
2020-09-01 00:00:00,2,0.7543,0.6968,0.6418,0.6418,0.6153,0.5642,0.5642,0.7252,0.7252,0.8772,0.9095,1.1548,1.3099,1.1177,1.0813,1.1925,1.0813,1.1548,1.0813,1.0813,1.1548,1.2309,1.1925,1.1177,1.1548,1.1177,1.1177,1.1177,1.1548,1.1177,
2020-08-01 00:00:00,2,1.2701,1.2701,1.1925,1.1925,1.1925,0.8455,0.8455,0.8455,0.7543,0.8455,0.8772,0.8455,0.8144,0.8772,0.8144,0.7252,0.8455,0.8455,0.8455,0.8455,0.8144,0.8772,0.784,0.8455,0.8455,0.8144,0.8455,1.0813,1.3099,1.2309,0.8144
2020-07-01 00:00:00,2,1.5195,1.4335,1.4335,1.4335,1.4762,1.4762,1.4335,1.4335,1.4335,1.3916,1.3916,1.3504,1.3916,1.3504,1.3504,1.3504,1.3916,1.3504,1.2701,1.3504,1.3504,1.2701,1.3504,1.3504,1.2701,1.3099,1.3099,1.3504,1.3099,1.3504,1.2701
2020-06-01 00:00:00,2,1.8428,1.7469,1.7,1.8428,1.7,1.7945,1.7,1.7,1.7945,1.7469,1.7469,1.7945,1.6538,1.6083,1.7,1.7469,1.7469,1.7469,1.8428,1.7945,1.7,1.7469,1.7469,1.7,1.7,1.7,1.5195,1.4335,1.4335,1.4762,
2020-05-01 00:00:00,2,2.1484,2.1484,2.2019,2.0956,2.1484,2.2019,2.0436,2.0436,2.1484,1.9417,1.9923,1.8428,1.8428,1.9417,1.8919,1.9923,2.0436,1.9417,2.0436,2.0436,2.0436,1.9923,1.8919,1.8919,2.2561,2.2019,2.2561,1.9923,1.9923,1.8428,1.8428
2020-04-01 00:00:00,2,3.4314,3.2945,3.9355,4.3196,4.2412,4.1636,3.9355,3.0302,7.8511,5.5041,5.595,4.8916,4.3989,3.5715,3.2273,3.4314,3.4314,2.8401,3.0302,2.7782,2.6569,2.5974,2.5974,2.5974,2.4233,2.4233,2.3111,2.2561,2.1484,2.0956,
2020-03-01 00:00:00,2,5.9668,15.45,9.2903,9.6997,6.0619,2.5974,7.0763,2.6569,3.0951,3.0951,2.2561,3.2945,3.5011,3.2945,3.0302,6.3206,4.9766,5.0625,4.0867,3.0951,3.5011,3.7147,4.9766,3.9355,3.0302,2.7172,2.6569,3.4314,1.7,2.8401,2.7172
2020-02-01 00:00:00,2,5.1491,1.9923,4.3989,4.5599,5.0625,7.4614,16.1265,11.1213,1.1548,4.479,2.966,16.9563,17.5449,14.1804,6.6205,1.6538,13.4663,8.6438,7.384,4.8916,4.9766,4.5599,4.0107,8.1661,13.9116,9.2903,5.595,5.5041,6.6205,,
2020-01-01 00:00:00,2,0.5642,1.0456,1.7,2.0436,1.0456,2.2019,2.4233,1.8919,2.2561,2.0956,2.0956,0.5894,1.8919,1.7,1.7945,1.7945,1.5635,2.3111,0.5642,2.966,2.5386,2.0956,7.3068,14.9028,28.6058,18.3963,15.45,14.6309,17.2919,20.3129,7.4614
2019-12-01 00:00:00,2,0.5395,0.5894,1.3916,0.784,0.8455,1.2309,1.4762,0.7543,0.5642,2.5386,1.4335,2.6569,1.0456,6.0619,1.1177,0.669,0.7252,0.7543,1.3504,1.1548,0.8772,0.784,0.8144,2.0436,1.2701,0.9095,0.7252,0.5894,0.5894,0.5642,0.5395
2019-11-01 00:00:00,2,1.5635,0.6153,0.5642,1.4335,1.5195,1.7,1.4762,1.4762,1.5195,0.6418,1.4762,1.5635,1.5195,1.7,1.8919,0.669,0.6968,1.6083,4.3989,2.3111,1.9923,2.3111,2.966,0.6968,2.7782,3.0951,2.9027,0.8144,0.6418,0.6153,
2019-10-01 00:00:00,2,1.2701,1.6083,1.6538,1.6083,1.5195,0.6153,1.4762,1.4335,1.4762,1.4762,1.4335,0.6153,0.6153,1.4335,1.4335,1.5635,1.4335,1.5195,1.5195,0.5642,1.5195,1.5195,1.5195,1.4762,1.3916,1.4335,0.6418,1.4762,1.4762,1.6083,1.6083
2019-09-01 00:00:00,2,1.2309,1.7,1.8919,1.8919,1.7945,1.7945,0.6153,0.6153,1.7469,1.7,1.7,1.6538,1.7469,1.6538,0.5894,0.5894,1.5195,1.6083,1.6538,1.6083,1.5635,0.6418,1.5195,1.5195,1.4762,1.7,2.0436,1.8919,0.6153,1.4335,
2019-08-01 00:00:00,2,2.966,2.7782,2.8401,0.6968,2.7172,2.9027,2.7172,2.4233,2.4806,2.2019,0.6418,2.0436,1.9923,1.9923,1.9923,1.9417,0.6968,0.7252,1.6083,1.9417,1.9923,1.9923,1.9417,1.8428,1.3504,1.7945,1.9417,1.9923,1.8919,1.7945,1.8428
2019-07-01 00:00:00,2,3.0302,2.966,2.966,2.966,2.9027,2.966,1.4762,2.966,2.966,3.0302,3.0302,3.0302,3.0302,0.7252,2.966,2.9027,2.9027,2.9027,2.7782,2.7782,0.8455,3.0951,2.8401,2.966,2.966,2.7782,0.5894,0.784,2.7782,3.0302,2.966
2019-06-01 00:00:00,2,3.0302,1.3504,3.0302,3.5011,2.966,3.0302,2.966,1.1177,1.1177,2.8401,3.2273,3.0302,3.2273,2.7172,0.5642,1.3916,2.6569,3.0951,3.0302,3.0302,3.0951,2.9027,1.7945,3.0302,2.966,3.0302,3.0951,3.1608,3.0302,1.7,
2019-05-01 00:00:00,2,1.5635,1.3099,1.7,1.1925,1.3099,1.3916,1.3916,1.7,0.8455,2.3111,2.3111,0.1949,2.5386,3.7875,2.2019,4.5599,4.0867,2.966,0.9095,3.5715,4.0107,3.3626,3.2273,3.2945,3.2945,1.5635,3.0302,3.0302,3.2273,3.1608,3.1608
2019-04-01 00:00:00,2,1.3916,2.2019,2.1484,1.9923,1.6538,2.0956,2.0436,1.8919,1.9417,1.9417,1.7,1.6538,1.6538,1.5635,1.9417,3.2945,1.4335,0.8455,0.3086,0.5642,0.5642,0.4921,1.6083,1.6083,1.6083,1.5195,1.5195,1.4335,1.6083,1.6083,
2019-03-01 00:00:00,2,2.3668,2.6569,1.7,1.5635,1.3916,1.7469,2.3111,2.2561,1.9417,1.8428,2.0956,2.0956,2.0956,2.0956,2.0956,1.9923,2.1484,2.1484,2.0956,2.3111,2.8401,2.3668,1.7469,1.4762,1.7945,2.0956,2.2019,2.2561,2.2019,2.1484,1.0813
2019-02-01 00:00:00,2,1.6083,1.2701,0.6968,5.4141,0.9762,1.7945,0.8144,0.6968,2.0436,0.4471,9.6175,1.2309,1.7469,3.6427,1.7,2.2019,2.966,2.4233,0.9762,0.9425,3.0302,1.0456,0.9095,1.5195,1.4335,1.8919,2.5974,3.0302,,,
2019-01-01 00:00:00,2,0.3842,0.4255,0.6418,0.4255,0.3644,0.227,0.1949,0.4046,0.1758,0.1758,0.1758,0.1758,0.1401,0.1401,0.1235,0.7543,1.9923,1.9923,1.9923,1.9923,1.9923,1.9923,1.9923,1.8919,1.9417,1.9417,0.5894,1.7945,1.8919,1.6538,1.7
2018-12-01 00:00:00,2,2.0436,1.5195,1.3504,1.4335,1.1548,1.1177,1.0813,1.1177,0.6153,0.6418,1.0106,1.0813,1.0813,1.0456,1.0106,0.4921,0.7252,0.9425,1.0813,1.0813,1.0456,1.0456,1.0106,0.8455,0.2579,0.3086,0.8772,1.1925,1.4762,1.3504,0.4921
2018-11-01 00:00:00,2,2.0956,2.0956,1.8919,0.7252,1.0813,2.1484,1.9417,2.3111,4.0107,3.9355,0.7543,1.1548,2.6569,2.5386,2.4233,2.8401,2.5974,0.6153,1.2309,3.5715,4.479,4.0107,3.4314,3.0302,0.8455,0.9762,2.7782,2.7782,2.5974,2.6569,
2018-10-01 00:00:00,2,1.3099,1.3504,1.2701,1.3504,1.2701,1.2701,0.4255,1.2701,1.3504,1.2701,1.3504,1.4335,1.3504,0.4921,1.1925,1.2701,1.4335,1.5195,1.3916,1.5195,0.6418,1.2701,1.2701,1.3504,3.0302,7.7728,2.6569,0.5642,1.9417,2.2019,2.0956
2018-09-01 00:00:00,2,1.1925,0.4255,1.1548,1.2309,1.2309,1.2309,1.2701,1.2701,0.3842,1.2701,1.2701,1.2701,1.2701,1.2701,1.4335,0.5155,1.2701,1.3099,1.3504,1.4762,1.4335,1.3099,0.6418,1.1548,1.2701,1.2701,1.2701,1.3504,1.2701,0.6153,
2018-08-01 00:00:00,2,1.1925,1.1925,1.2701,1.6538,0.6153,1.2701,1.3916,1.2701,1.2701,1.2701,0.6153,0.4255,1.1925,1.1925,1.2309,1.1925,1.1925,1.2701,0.6418,1.1177,1.1548,1.1177,1.1548,1.1925,1.1548,0.5155,1.3099,1.3504,1.2309,1.1925,1.1925
2018-07-01 00:00:00,2,1.3504,1.3504,1.3504,1.3504,1.3504,1.3504,1.3504,0.4046,1.2309,1.2701,1.2701,1.3099,1.2701,1.2701,0.3266,1.0813,1.1177,1.2701,1.2701,1.2701,1.1925,0.3842,1.1177,1.1925,1.1925,1.1925,1.1925,1.1925,0.6153,1.1548,1.1925
2018-06-01 00:00:00,2,1.8919,0.5395,0.4255,1.7945,1.8919,1.8919,1.8919,1.8919,1.8919,0.5642,1.8428,1.8919,1.8919,1.8428,1.8919,1.8919,0.3266,1.8919,1.8919,1.8919,1.8919,1.8919,1.8919,0.3452,0.5395,1.2701,1.3504,1.3504,1.3916,1.3504,
2018-05-01 00:00:00,2,0.8144,0.6968,1.6538,1.4335,0.8144,0.784,1.1548,1.1177,1.2309,1.1925,1.1925,1.1925,1.1548,1.2309,1.9923,2.0956,2.0956,2.1484,2.0956,2.3111,2.0436,2.0956,2.0956,2.0956,2.0956,2.0956,1.9923,1.8919,1.8428,1.9417,1.9923
2018-04-01 00:00:00,2,1.3504,1.3099,1.3504,1.5195,2.3111,4.0107,3.5715,2.7782,2.2561,1.8919,1.7945,2.3668,2.2019,2.2561,0.6418,1.8919,2.2019,0.4921,0.2742,0.1576,0.5155,0.784,0.5642,0.784,0.784,0.5395,0.5395,0.8455,0.8455,0.8144,
2018-03-01 00:00:00,2,4.3168,4.5229,12.2375,9.3719,8.3246,6.2461,3.8611,5.325,5.4141,5.2366,3.5715,5.4141,4.6416,4.0107,3.5715,3.3626,4.2412,3.0302,4.9766,4.5599,4.1636,4.0867,4.479,3.9355,3.1608,2.5974,2.3111,2.2019,3.0302,1.3504,1.2701
2018-02-01 00:00:00,2,0.1949,0.5413,0.1949,0.1758,0.3022,0.9817,0.7312,0.512,0.2792,0.7997,0.698,0.3755,0.1576,0.1401,0.1401,0.1576,0.1758,0.1576,0.1758,1.2618,1.22,0.3755,0.428,0.4014,5.9502,4.1806,4.3168,4.1806,,,
2018-01-01 00:00:00,2,0.1576,0.1576,0.1949,0.2355,0.4553,0.2792,0.257,0.5713,0.3503,0.1949,0.1576,0.1401,0.1401,0.1576,0.1758,0.6653,0.1758,0.3022,0.1576,0.1576,0.1576,0.1401,0.1401,0.1576,0.1949,0.1401,0.1576,0.1401,0.1576,0.7312,0.3259
2017-12-01 00:00:00,2,0.4833,2.5419,0.698,0.4833,0.3755,0.3503,0.3755,0.6333,0.602,0.4833,0.1949,0.1949,0.257,0.2355,0.2148,0.1949,0.1949,0.1949,0.1576,0.1758,0.1758,0.1401,0.1401,0.1401,0.1576,0.3259,0.602,0.1758,0.1576,0.1949,0.1401
2017-11-01 00:00:00,2,0.1949,0.1758,0.1758,0.1758,0.1401,0.1758,0.2148,0.1949,0.257,0.2148,0.1949,0.1758,0.1949,0.1949,0.1758,0.2148,0.1758,0.1949,0.2355,0.3022,0.602,0.5713,0.4553,0.3755,0.2355,0.2355,0.2355,0.2355,0.2148,0.2355,
2017-10-01 00:00:00,2,0.2355,0.1949,0.4553,0.2792,0.3022,0.2148,0.2148,0.1949,0.257,0.1949,0.2148,0.1576,0.2792,0.1758,0.1401,0.1949,0.1758,0.1758,0.257,0.1758,0.1758,0.1576,0.1949,0.1949,0.1758,0.1949,0.1949,0.3755,0.2148,0.1758,0.2792
2017-09-01 00:00:00,2,0.1758,0.1758,0.1949,0.1758,0.1949,0.1758,0.1758,0.1949,0.1758,0.1758,0.1758,0.1758,0.1758,0.1758,0.1576,0.1758,0.1949,0.2355,0.1949,0.1758,0.1949,0.1758,0.1758,0.1576,0.1758,0.0661,0.1949,0.1758,0.1758,0.3022,
2017-08-01 00:00:00,2,1.8562,1.8562,1.8562,1.8562,1.3042,0.2355,1.8562,1.9058,1.8072,1.8072,1.8562,1.8072,0.2148,0.8707,0.1758,0.2148,0.698,0.698,0.6333,0.1758,0.6333,0.698,0.698,0.428,0.1949,0.1949,0.1576,0.1949,0.1758,0.2355,0.1758
2017-07-01 00:00:00,2,1.7587,0.1949,1.7107,1.7587,1.8072,1.8072,1.7587,1.7587,0.512,0.5713,0.512,0.4553,0.5413,0.5413,0.4833,0.4833,0.5413,0.512,1.1382,1.7107,1.8562,0.8349,0.2355,1.6633,1.7587,1.8562,1.8072,1.8072,1.7587,0.2792,1.8072
2017-06-01 00:00:00,2,1.7587,1.7587,1.8072,0.1758,1.8072,1.7587,1.6633,1.7587,1.8072,1.8562,0.2355,1.8072,1.3471,1.8072,1.7587,1.9559,1.8072,0.2792,1.4793,1.6165,1.6165,1.5702,1.6633,1.7107,0.2792,1.7107,1.7587,1.8562,1.8072,1.8562,
2017-05-01 00:00:00,2,0.1576,1.9559,1.5702,1.7587,1.8562,2.3215,0.257,1.5244,1.7587,2.0065,1.8562,1.8072,1.8562,0.2792,1.8072,1.7587,1.7107,1.7587,1.8562,1.8562,0.257,1.7587,1.7587,1.8562,1.8562,1.8562,1.8562,0.2355,1.7587,1.8562,1.7587
2017-04-01 00:00:00,2,1.6633,0.1576,1.7107,1.7587,2.1094,1.9058,2.1617,2.0065,0.3259,1.6633,1.6165,1.6633,2.0577,0.3755,0.2355,0.1401,0.9817,2.4307,2.2144,2.1617,1.9559,1.8072,0.2355,1.8072,1.9058,1.9559,2.1094,1.9559,1.9058,0.2355,
2017-03-01 00:00:00,2,2.2677,2.2144,2.1617,1.8562,0.1949,1.8072,2.1617,3.007,2.3758,2.0577,1.9058,0.3022,1.7587,2.0065,1.8562,2.0577,2.1617,2.0577,0.2792,2.0577,2.0577,2.1617,1.8072,2.0577,2.0577,0.1576,1.8072,2.0065,2.1094,1.8072,1.6633
2017-02-01 00:00:00,2,1.9058,2.0577,1.9058,1.9559,0.2148,6.9236,2.5983,2.2144,2.8288,2.8877,2.3758,0.2148,1.8562,1.9559,2.0065,2.0577,2.2144,1.8562,0.2148,1.8562,2.1094,2.486,2.2677,2.0577,2.1094,0.428,2.1617,2.5419,,,
2017-01-01 00:00:00,2,0.1235,0.1235,0.1235,0.1078,0.8707,1.9058,2.2144,0.1401,0.8349,1.9559,2.0065,1.9559,1.4793,2.8288,0.602,3.3211,2.3215,1.9058,1.8562,2.8877,2.486,0.257,1.9559,2.2144,2.486,2.5983,2.1617,1.9058,0.257,1.9058,1.8562
2016-12-01 00:00:00,2,0.9071,0.1576,0.1235,0.1949,0.602,0.8707,0.1576,0.1576,0.093,0.1078,0.2355,0.1949,0.1401,0.1576,0.1401,0.1576,0.1401,0.1235,0.1235,0.1078,0.1235,0.1078,0.1078,0.1078,0.093,0.1235,0.1078,1.0982,0.2148,0.1401,0.1235
2016-11-01 00:00:00,2,0.093,0.093,0.0791,0.1078,0.0791,0.1401,0.1235,0.1078,0.1576,0.2355,0.093,0.2355,0.3259,0.1949,0.6653,0.2355,0.2792,0.3259,0.1235,0.1078,0.1078,0.1401,0.1235,0.1949,0.1235,0.093,0.1078,0.093,0.0541,0.4553,
2016-10-01 00:00:00,2,1.9559,0.1758,1.4346,1.9058,1.0982,1.8072,1.6633,1.4793,0.1758,1.5244,1.5244,1.4793,1.5702,1.5702,1.7107,0.2792,1.8072,1.5244,1.5702,1.6165,0.1235,0.1078,0.093,0.1401,0.1235,0.1235,0.0791,0.093,0.1078,0.0791,0.1235
2016-09-01 00:00:00,2,2.2144,1.5244,1.5244,0.2148,1.4346,1.6633,1.5244,1.4346,1.5244,1.3906,0.1401,1.3042,1.5244,1.6165,1.5244,1.3906,1.5244,1.3471,1.3906,1.6165,1.6165,1.5244,1.6165,1.4793,0.1235,1.5702,1.5244,1.5244,1.5244,1.4793,
2016-08-01 00:00:00,2,2.2144,2.3215,2.3758,2.486,2.3215,1.9559,0.2148,2.1617,2.3215,2.3758,2.2677,2.3758,2.3215,0.1576,0.1401,2.3758,2.3215,2.486,2.486,2.4307,0.1576,2.1094,2.2677,2.5419,2.2144,2.1617,2.1617,0.1235,1.7587,2.1617,2.1617
2016-07-01 00:00:00,2,2.4307,2.486,0.1576,2.1094,2.3215,2.2677,2.4307,2.486,2.2144,0.1758,2.1617,2.3758,2.5419,2.5419,2.486,2.3215,0.1576,2.2677,2.486,2.4307,2.486,2.4307,0.1758,0.1401,2.0577,2.3215,2.5419,2.4307,2.3215,2.0577,0.1401
2016-06-01 00:00:00,2,2.5419,2.3215,2.486,2.4307,0.257,2.6551,2.5419,2.3758,2.4307,2.1617,2.3758,0.1949,2.0065,2.4307,2.486,2.4307,2.4307,2.3215,0.1758,2.3758,2.3758,2.486,2.3758,2.2677,2.3758,0.1949,2.3215,2.3758,2.4307,2.3758,
2016-05-01 00:00:00,2,0.2148,2.1094,2.2144,2.3215,2.4307,2.4307,2.2677,0.1576,2.2144,2.3758,2.3758,2.2677,2.3758,2.486,0.1949,1.9058,2.1094,2.3215,2.3215,2.2144,2.5983,0.1758,2.1094,2.1094,2.6551,2.7704,2.2144,1.9559,0.2355,2.0065,2.486
2016-04-01 00:00:00,2,4.1129,2.2144,0.2355,3.0674,2.5983,2.7125,2.7704,2.8288,2.8288,0.2355,2.6551,2.6551,2.7125,3.193,2.7704,2.7125,0.2148,2.7125,2.1617,2.5419,2.2677,2.1617,1.2618,0.1576,2.6551,3.6463,2.5983,2.3215,2.6551,2.2144,
2016-03-01 00:00:00,2,5.6577,5.1541,4.8011,4.5229,5.2969,0.3755,4.3168,4.8011,4.3168,4.5229,4.5921,4.8712,0.602,6.0978,5.2254,4.9416,3.9783,4.1129,4.9416,0.4014,5.0122,4.5921,4.1806,4.7312,4.9416,0.3259,0.2792,4.454,4.8011,4.7312,4.3852
2016-02-01 00:00:00,2,8.4042,7.153,6.3953,3.5807,5.4405,5.1541,0.3755,4.8011,4.1129,3.6463,3.3211,3.2569,3.3211,0.3503,3.7121,3.9783,4.9416,4.1806,5.5851,4.7312,0.3503,3.3855,4.8011,4.7312,4.6615,5.1541,4.8011,0.3755,5.1541,,
2016-01-01 00:00:00,2,0.257,0.2355,0.257,0.512,1.0982,0.2355,0.2148,0.2148,0.2792,0.2148,0.2792,0.2355,0.257,0.2355,0.6653,3.2569,9.2903,4.454,12.4114,11.8053,4.1806,2.3758,1.1788,1.8072,7.2298,7.6167,7.153,8.5638,12.4114,11.7193,8.8044
2015-12-01 00:00:00,2,0.3503,0.3022,0.6653,0.2355,0.1949,0.2355,0.257,0.4014,0.2355,0.3259,0.2792,0.2148,0.4833,8.1661,1.9559,0.4014,0.3259,0.257,0.2148,0.2148,0.3022,0.257,0.2355,0.2148,0.2792,0.2148,0.2148,0.2355,0.3022,0.2148,0.2792
2015-11-01 00:00:00,2,0.1949,0.2355,0.1949,0.1576,0.1758,0.1758,0.1576,0.1576,0.257,0.1576,0.1576,0.1576,0.1949,0.2355,0.1758,0.1949,0.3022,0.2355,0.1401,0.3022,0.2355,0.1949,0.3259,0.3022,0.1949,0.1576,0.1758,0.1758,0.2148,0.3022,
2015-10-01 00:00:00,2,1.8562,1.6165,1.6165,1.4793,1.3906,1.5244,1.5702,0.9441,0.9817,0.2148,0.3503,0.2355,0.3503,0.1949,0.698,0.2148,0.3503,0.1758,0.1758,1.02,0.1949,0.4014,0.4833,0.3755,0.2355,0.3022,0.3022,0.3259,0.3259,0.2355,0.1401
2015-09-01 00:00:00,2,1.5244,1.4793,1.4793,1.2618,1.3906,1.5244,1.7587,2.8288,3.3211,2.3758,2.2144,1.9058,2.0065,2.0065,1.7107,1.9559,1.9559,1.8562,1.7587,1.6633,1.6633,1.5702,1.3042,1.3906,1.5244,1.8072,1.6165,1.3042,1.3471,1.6633,
2015-08-01 00:00:00,2,0.1078,0.9817,2.1094,1.7587,1.8562,1.5244,1.3906,1.3906,1.4346,1.3906,1.3906,1.3906,1.4346,1.3906,1.3906,1.3906,1.3906,1.3471,1.3906,1.5244,2.0577,1.9058,1.8072,2.0065,1.9559,1.8562,1.9058,1.9559,1.8562,1.7587,1.6165
2015-07-01 00:00:00,2,1.5702,0.4553,0.7997,0.3755,0.7997,0.2792,0.3022,0.2792,0.2792,0.257,0.2355,0.2148,0.2148,0.7997,0.1949,0.1758,0.2355,0.1949,0.1235,0.1078,0.1401,0.1576,0.1235,0.1078,0.1235,0.1235,0.1078,0.2148,0.093,0.093,0.1078
2015-06-01 00:00:00,2,2.3215,2.3758,2.7125,2.7125,2.8288,2.4307,2.486,2.0577,2.2677,2.486,2.4307,2.3758,2.3758,2.486,2.5419,2.5983,2.486,2.3758,2.4307,2.6551,2.6551,2.3215,2.3758,2.4307,2.4307,2.4307,2.4307,1.9058,2.3215,2.3215,
2015-05-01 00:00:00,2,3.3211,3.3855,3.5153,3.2569,3.193,3.6463,3.4503,3.3855,3.6463,3.7121,3.7783,3.4503,3.4503,3.5153,3.7121,3.4503,3.4503,3.5153,3.3855,3.193,2.6551,2.5419,2.3758,2.5983,2.3215,2.3215,2.3215,2.3758,2.4307,2.2677,2.2677
2015-04-01 00:00:00,2,5.5851,5.2254,1.5702,2.9471,5.2969,5.4405,5.2969,5.5127,5.2969,5.1541,3.9783,3.8447,3.5807,3.8447,3.6463,3.5153,3.4503,3.5153,3.6463,3.6463,3.7121,3.7121,3.7783,3.5807,3.3211,3.1293,3.2569,3.3855,3.4503,3.3855,
2015-03-01 00:00:00,2,0.093,0.1235,0.3022,0.1949,0.1576,0.1078,0.1401,4.6615,3.007,5.4405,4.6615,2.8288,3.0674,1.1788,0.4014,0.3755,0.3022,0.3022,0.5713,1.4793,4.454,3.9114,5.8768,6.3206,5.2254,4.0455,5.4405,5.3686,5.4405,5.5851,5.2969
2015-02-01 00:00:00,2,0.1401,0.093,0.0661,0.1078,0.1576,0.4014,0.1401,0.5413,0.7997,0.1949,0.1235,0.1576,0.0332,0.0541,0.0243,0.093,0.1235,0.9071,0.2148,0.1949,0.1758,0.1401,0.1401,0.3259,0.3259,0.1401,0.1758,0.1078,,,
2015-01-01 00:00:00,2,0.428,0.5713,0.2148,0.1758,0.4833,0.0431,0.0167,0.0791,0.0167,0.093,0.0431,0.0541,0.0243,0.0243,0.0661,0.0332,0.0431,0.0243,0.0332,0.1758,0.0661,0.0541,0.602,0.5413,0.1078,0.0791,0.2792,0.0661,0.093,0.0791,0.0791
2014-12-01 00:00:00,2,0.3098,0.2539,0.3702,0.2539,1.0003,0.3098,0.2813,0.2276,0.2025,0.5399,0.2276,0.2276,0.2025,0.9538,0.4021,0.7349,1.8027,1.2463,0.2813,0.1561,0.9538,0.654,0.435,0.3395,0.2539,0.1787,0.1147,0.2025,0.0959,0.1347,0.2276
2014-11-01 00:00:00,2,0.694,0.694,0.654,0.1561,0.2025,0.2276,0.2276,0.1787,0.2539,0.1787,0.2813,0.3395,0.7768,0.9538,0.7349,0.2539,0.2276,1.9856,0.1787,0.2539,0.2276,0.1787,0.3395,0.3702,0.1787,0.9538,0.5039,0.3702,0.5039,0.615,
2014-10-01 00:00:00,2,0.1561,0.2025,0.3098,0.5399,0.3098,0.3702,0.1561,0.1787,0.1561,0.0959,0.0959,0.0959,0.1147,0.2025,0.1147,0.0959,0.1147,0.2025,0.0959,0.2276,0.2813,0.1561,0.2025,0.1561,0.1561,0.4021,0.2276,0.1147,0.3702,0.7349,0.8196
2014-09-01 00:00:00,2,0.5039,0.435,0.5399,0.4689,0.4021,0.4021,0.435,0.5399,0.5039,0.4689,0.5039,0.4021,0.5399,0.435,0.4689,0.4689,0.5399,0.5769,0.4689,0.4689,0.4689,0.5039,0.435,0.4689,0.3395,0.1561,0.2539,0.1787,0.1787,0.2025,
2014-08-01 00:00:00,2,1.096,1.0477,1.096,0.7768,0.694,0.3702,0.2813,0.3702,0.3395,0.3395,0.435,0.5399,0.435,0.435,0.435,0.435,0.4689,0.4689,0.4689,0.435,0.4689,0.4021,0.435,0.435,0.4689,0.5399,0.435,0.5399,0.3702,0.5399,0.435
2014-07-01 00:00:00,2,0.9538,0.9081,0.8634,0.5039,0.3098,0.3702,0.4689,0.3702,0.4021,0.4021,0.435,0.3395,0.435,0.4021,0.4021,0.435,0.4021,0.3702,0.4021,0.3702,0.4689,0.3395,0.3395,0.4689,0.5039,0.3395,0.694,0.5039,0.4021,0.3702,0.615
2014-06-01 00:00:00,2,0.9081,1.0003,0.9538,0.9538,1.0003,0.8634,0.7349,0.8634,1.096,1.2982,0.9538,1.1954,1.1453,1.2463,0.9081,0.9538,0.9538,0.9538,1.096,0.9538,0.9538,0.8634,1.0003,0.9081,0.8196,1.0003,0.9081,0.9538,1.0477,1.0003,
2014-05-01 00:00:00,2,0.9081,1.0477,0.8634,0.9081,0.8196,0.9081,0.9538,0.8196,0.8634,0.9081,0.8634,0.9081,0.8634,0.9538,0.8634,0.8634,0.8634,0.9081,0.9081,0.8634,0.9081,0.9538,0.8634,0.8634,0.9081,0.9538,0.9538,0.9538,0.9081,0.9538,0.9081
2014-04-01 00:00:00,2,1.1954,1.0003,0.9081,0.9538,0.9081,0.8634,0.9081,0.9081,0.9081,1.096,0.9538,0.8634,0.9081,0.8634,0.9538,0.9081,0.8634,1.096,0.8634,0.8196,0.8196,0.8196,0.7768,0.8634,0.8634,0.8196,0.8634,0.8196,0.8634,0.8634,
2014-03-01 00:00:00,2,1.7433,1.4044,1.1954,1.096,1.096,1.0003,1.1954,1.1954,1.1453,1.0477,1.096,1.0477,1.096,1.1453,1.0477,1.0003,0.9081,0.8196,0.8634,0.8634,0.7768,0.7768,0.7349,0.9538,0.8196,0.8634,0.8634,0.8634,0.7768,0.8634,0.9081
2014-02-01 00:00:00,2,3.3829,3.4605,3.5389,3.618,3.9415,3.618,3.3829,3.5389,3.6978,3.4605,3.3059,3.0055,2.7168,2.7878,2.7168,2.4401,2.5081,2.5769,2.4401,2.4401,2.4401,2.3728,2.3728,2.2406,2.3064,2.2406,2.2406,2.0482,,,
2014-01-01 00:00:00,2,0.8196,3.3059,3.3059,3.3059,3.1542,3.2297,3.2297,3.3059,3.3059,3.3829,3.3829,3.3829,3.618,3.3829,3.2297,3.3059,3.3829,3.6978,3.618,3.6978,3.4605,3.6978,3.3829,3.3829,3.3829,3.4605,3.4605,3.4605,3.3829,3.3829,3.3059
2013-12-01 00:00:00,2,2.6465,2.7168,2.7168,2.9322,2.7878,2.7168,2.6465,2.7878,2.7168,2.6465,4.1075,3.1542,2.5769,2.7878,2.9322,2.7878,2.8596,2.8596,2.8596,2.8596,2.9322,2.9322,2.8596,1.0003,1.3509,2.5081,3.5389,4.1915,5.0696,3.4605,1.1453
2013-11-01 00:00:00,2,4.799,4.7102,3.9415,4.622,4.2763,4.799,5.0696,5.6288,5.3462,4.4478,4.2763,4.2763,2.8596,3.0055,3.9415,3.4605,3.2297,3.7784,3.9415,3.7784,3.4605,2.7878,2.0482,2.8596,2.9322,3.0795,3.0055,2.8596,3.0055,3.1542,
2013-10-01 00:00:00,2,2.5081,3.7784,3.618,4.0242,3.618,3.5389,3.6978,3.3829,2.8596,2.7168,2.7168,2.7168,2.6465,2.6465,4.0242,3.8596,5.5339,6.0148,8.6581,5.9173,6.0148,5.9173,5.8205,5.8205,4.5346,5.9173,4.8886,4.9788,5.4398,5.4398,5.2534
2013-09-01 00:00:00,2,2.4401,2.6465,3.3059,4.2763,2.3064,3.0055,2.3728,2.5081,2.4401,2.7168,2.7168,3.1542,3.0795,4.3617,4.4478,4.1075,3.0795,4.9788,4.0242,4.622,3.8596,4.5346,4.1075,3.3059,2.6465,4.2763,4.0242,2.7168,2.9322,2.5769,
2013-08-01 00:00:00,2,3.1542,3.0795,3.2297,3.4605,3.3059,3.1542,3.1542,3.2297,3.5389,3.3829,3.4605,3.1542,3.0055,2.5769,2.7168,2.7168,2.7878,2.7168,2.7878,2.7878,3.1542,2.7168,2.7878,3.1542,3.0795,3.1542,3.0055,2.6465,2.4401,2.4401,2.4401
2013-07-01 00:00:00,2,3.0795,3.0795,3.1542,3.1542,3.1542,3.1542,3.2297,3.0055,3.2297,3.2297,3.0795,3.1542,3.0795,3.1542,3.0795,3.0795,3.0795,3.1542,3.0795,3.0795,3.1542,3.1542,3.1542,3.1542,3.1542,3.1542,3.0795,3.2297,3.1542,3.0795,3.1542
2013-06-01 00:00:00,2,2.2406,2.3064,2.5769,2.1757,2.5769,2.4401,2.2406,2.1757,2.0482,2.0482,2.0482,3.2297,3.4605,3.3829,3.1542,3.1542,3.1542,2.9322,3.2297,3.1542,3.1542,3.2297,3.2297,3.2297,3.0795,3.1542,3.1542,3.0795,3.1542,3.0055,
2013-05-01 00:00:00,2,2.2406,1.8027,2.0482,1.9238,1.9238,1.9238,1.9238,2.0482,3.0055,2.4401,1.8027,1.9856,2.0482,2.1757,2.3064,2.3064,2.2406,2.3064,2.3728,2.3064,2.2406,2.1757,2.2406,2.2406,2.3064,2.2406,2.3064,2.3064,1.0003,1.627,1.6848
2013-04-01 00:00:00,2,1.9856,2.1116,2.0482,2.0482,3.5389,2.1757,1.2982,1.627,1.6848,1.6848,2.0482,2.7168,3.6978,5.5339,4.622,4.4478,2.8596,2.1116,2.2406,2.3728,2.3728,2.5081,2.4401,2.1757,2.0482,2.2406,2.1116,2.0482,2.1116,1.9238,
2013-03-01 00:00:00,2,4.1915,1.9238,1.627,1.7433,1.9238,2.1116,1.9238,1.9856,1.9238,1.8628,2.1116,1.9856,1.9856,1.9856,1.9238,1.9238,1.9238,1.9856,2.0482,1.9856,1.9856,2.0482,1.9856,1.9856,1.9856,2.1116,2.0482,2.1757,1.6848,2.0482,2.1757
2013-02-01 00:00:00,2,1.3509,1.9856,4.1075,1.5701,1.5701,1.6848,1.4044,1.4044,1.514,1.5701,1.9856,1.9856,1.9238,1.9238,2.0482,2.0482,1.9856,2.0482,2.1116,2.0482,2.0482,2.0482,2.0482,2.0482,2.1757,2.1757,1.9856,1.9238,,,
2013-01-01 00:00:00,2,1.3509,3.0055,3.0795,2.9322,2.9322,2.9322,2.9322,3.0055,2.7878,2.7878,2.3064,1.9238,2.5081,2.4401,2.8596,1.8628,2.0482,1.627,1.9856,2.3064,1.627,1.9238,2.3064,2.3728,2.3064,2.6465,2.5769,1.6848,3.0795,2.1116,1.4044
2012-12-01 00:00:00,2,2.8596,2.9322,2.8596,2.7878,2.8596,2.9322,2.7878,2.9322,3.8596,3.3059,2.9322,3.0795,3.1542,3.0055,2.7878,3.0055,3.0055,3.0055,2.8596,3.0055,3.1542,2.9322,3.0055,2.1116,1.514,2.9322,3.0055,3.0055,3.0055,3.0795,1.514
2012-11-01 00:00:00,2,2.8596,2.9322,3.4605,2.7878,2.7878,2.8596,2.9322,2.9322,3.3059,3.9415,2.8596,2.7878,2.8596,2.7878,2.9322,3.0055,2.9322,2.9322,2.9322,2.7878,2.8596,2.9322,2.9322,2.8596,3.0055,2.9322,2.8596,2.9322,2.9322,2.9322,
2012-10-01 00:00:00,2,3.4605,3.3059,3.2297,3.3059,3.3059,3.2297,3.1542,3.3059,3.0055,3.1542,3.1542,3.2297,3.2297,3.2297,3.3059,3.0795,3.0055,2.8596,3.1542,3.0055,3.0055,2.8596,2.6465,2.7878,2.7878,3.1542,2.8596,2.7878,2.7168,2.8596,2.9322
2012-09-01 00:00:00,2,3.4605,3.4605,3.3829,3.618,2.8596,3.618,3.3829,3.3829,3.4605,3.5389,3.4605,3.5389,3.3059,3.3059,3.2297,3.3059,3.2297,3.0795,3.1542,3.3059,3.618,2.9322,3.0795,3.3829,3.0795,3.1542,3.3059,3.3829,3.4605,3.4605,
2012-08-01 00:00:00,2,3.3829,3.4605,3.2297,3.0055,3.2297,3.4605,3.4605,3.3829,3.2297,3.3059,3.2297,3.3829,3.3059,3.3829,3.2297,3.0055,3.618,3.2297,3.5389,3.3829,3.2297,3.1542,3.5389,3.8596,4.1075,3.1542,3.3829,3.4605,3.3829,3.2297,3.3829
2012-07-01 00:00:00,2,3.3059,3.618,3.4605,3.3059,3.5389,3.3829,3.1542,3.4605,3.5389,3.5389,3.0795,3.4605,3.4605,3.3059,3.2297,3.5389,3.618,3.1542,3.4605,3.4605,3.4605,3.4605,3.5389,3.618,3.2297,3.4605,3.3059,3.618,3.2297,3.1542,3.2297
2012-06-01 00:00:00,2,3.2297,3.1542,3.3829,3.1542,3.2297,3.8596,5.4398,4.0242,2.8596,3.1542,3.5389,3.1542,3.1542,3.1542,3.2297,2.8596,2.7878,3.0795,3.0795,3.0055,3.1542,3.2297,3.2297,3.2297,3.1542,3.2297,3.2297,3.1542,3.1542,3.1542,
2012-05-01 00:00:00,2,3.618,3.1542,3.5389,3.0055,2.7878,3.5389,2.7168,3.1542,3.1542,2.7168,3.1542,2.7168,3.1542,3.6978,3.1542,3.618,3.2297,3.1542,3.1542,3.2297,3.1542,3.0795,3.0795,3.1542,3.0055,3.2297,3.3829,3.2297,3.2297,2.7878,3.1542
2012-04-01 00:00:00,2,7.1294,6.6132,5.6288,4.8886,4.2763,4.1915,3.7784,3.618,3.9415,3.8596,3.618,3.2297,3.3829,3.5389,3.3829,3.5389,4.799,5.1611,4.5346,3.7784,3.618,3.5389,3.2297,2.8596,3.7784,2.7168,3.2297,3.9415,3.0055,3.0795,
2012-03-01 00:00:00,2,3.3059,3.6978,3.6978,3.1542,3.2297,3.3059,3.3829,3.3059,3.2297,3.5389,3.2297,3.4605,3.6978,4.1915,5.0696,7.3404,9.2332,6.8178,5.9173,5.3462,5.3462,5.2534,4.799,4.799,5.0696,4.622,4.3617,3.6978,4.1075,5.7243,7.2346
2012-02-01 00:00:00,2,8.0983,7.3404,6.8178,6.3111,6.2117,5.0696,3.0795,5.2534,4.9788,6.3111,8.3204,10.2954,8.6581,8.5449,6.921,6.2117,6.0148,4.7102,5.2534,4.799,4.1915,4.3617,4.7102,5.2534,5.3462,5.4398,4.9788,4.5346,3.5389,,
2012-01-01 00:00:00,2,14.0905,22.5088,36.0303,25.3367,17.1205,14.5926,20.5539,23.0109,18.9139,19.0289,15.3097,12.1675,9.7883,10.21,10.5536,11.7992,11.3467,10.9026,10.21,9.705,9.0013,7.7697,7.8786,6.4111,7.5538,7.1294,6.8178,8.5449,10.6403,10.125,9.5394
2011-12-01 00:00:00,2,3.2297,2.7168,2.7168,2.4401,2.8596,2.9322,2.5769,2.7168,2.8596,2.8596,2.5081,2.7878,2.7878,2.8596,7.5538,11.9827,13.695,13.016,14.2903,8.8863,7.2346,10.21,15.4135,19.0289,16.2562,11.168,12.4472,20.0786,25.0729,17.5607,11.8908
2011-11-01 00:00:00,2,1.7433,1.7433,1.8027,1.7433,1.514,1.514,1.6848,1.6848,1.6848,1.5701,1.627,1.514,1.7433,1.6848,2.3728,2.7168,1.8027,1.6848,1.9238,1.8628,1.7433,1.7433,3.9415,1.8027,1.6848,2.1757,3.1542,5.7243,1.9856,1.7433,
2011-10-01 00:00:00,2,2.1116,2.1116,1.8027,1.9238,2.0482,1.9238,1.8628,1.8628,1.5701,1.627,1.9238,1.6848,1.8628,1.6848,1.8628,1.8027,1.8027,1.7433,1.7433,1.627,1.627,1.627,1.8027,1.6848,1.6848,1.514,2.0482,1.8628,1.8027,1.9238,1.8027
2011-09-01 00:00:00,2,2.7878,2.6465,2.3728,2.4401,2.3064,2.3728,2.5081,2.2406,2.4401,2.3728,2.3728,2.3064,2.5081,2.3064,2.4401,2.5769,2.5081,2.3064,2.3064,2.1757,2.0482,2.1757,2.1757,2.1757,2.2406,2.0482,2.1757,2.1757,2.1757,2.1757,
2011-08-01 00:00:00,2,3.2297,3.3829,3.3829,3.0055,3.0055,2.8596,2.8596,2.9322,4.8886,2.5769,3.2297,3.0795,3.0795,3.1542,3.0795,3.0795,3.0795,3.0055,3.0055,3.0055,3.0055,2.9322,3.0055,3.2297,2.4401,2.5769,2.8596,2.9322,2.7878,2.5081,2.6465
2011-07-01 00:00:00,2,3.7784,3.8596,3.8596,3.5389,3.9415,4.0242,4.2763,4.0242,3.6978,3.6978,4.2763,4.0242,3.618,3.5389,3.618,3.7784,3.8596,4.0242,4.1915,3.8596,3.6978,3.618,3.6978,3.7784,3.5389,3.6978,3.8596,3.9415,3.8596,3.5389,3.5389
2011-06-01 00:00:00,2,3.6978,3.618,3.3829,3.4605,3.7784,3.5389,3.6978,3.618,3.6978,3.4605,4.622,3.9415,3.8596,3.6978,3.4605,3.8596,3.3059,3.6978,3.8596,3.7784,3.618,3.1542,3.8596,3.5389,3.8596,3.8596,4.0242,3.9415,3.9415,3.9415,
2011-05-01 00:00:00,2,3.9415,3.3829,3.618,3.618,3.4605,3.618,3.2297,3.5389,3.5389,2.7878,2.8596,2.8596,3.1542,3.5389,3.4605,3.5389,4.1075,3.1542,3.4605,3.3829,3.5389,3.2297,3.618,3.618,3.618,3.618,3.618,3.618,3.3059,3.8596,3.618
2011-04-01 00:00:00,2,3.8596,2.8596,3.2297,3.1542,12.2604,10.21,7.4468,5.9173,5.5339,2.8596,4.2763,4.3617,3.8596,2.9322,3.5389,3.2297,3.4605,3.2297,3.1542,3.4605,3.5389,3.2297,3.618,4.1915,2.8596,2.8596,3.6978,3.5389,3.6978,3.9415,
2011-03-01 00:00:00,2,2.7878,2.3728,2.4401,2.6465,2.7168,7.4468,13.9911,11.168,10.21,10.5536,8.4323,7.4468,8.5449,9.7883,9.7883,8.3204,10.6403,8.6581,4.4478,5.4398,5.4398,4.3617,4.7102,4.0242,3.8596,3.9415,3.3059,3.3059,4.0242,3.3059,2.8596
2011-02-01 00:00:00,2,2.6465,2.7168,3.3829,3.3829,3.1542,3.1542,3.0795,2.7168,2.7168,2.7168,2.7878,2.8596,2.6465,2.5769,2.6465,2.6465,2.6465,2.6465,2.6465,2.7878,2.6465,2.7168,2.7878,3.3059,3.2297,2.9322,2.7878,2.7878,,,
2011-01-01 00:00:00,2,2.8596,3.2297,3.4605,4.0242,5.2534,4.4478,3.2297,2.6465,2.6465,2.5769,2.5081,2.5081,3.3059,6.1129,4.8886,3.6978,3.5389,3.5389,3.7784,3.5389,3.5389,3.4605,3.2297,3.3059,2.4401,2.6465,2.7168,2.6465,2.5769,2.5769,2.5769
2010-12-01 00:00:00,2,2.8596,4.1915,4.622,4.1075,3.7784,7.6615,5.8205,6.6132,5.1611,4.622,4.2763,3.3829,3.5389,3.8596,4.9788,6.6132,4.622,4.1915,3.8596,4.1075,4.1075,3.7784,3.4605,3.8596,3.618,3.618,3.618,3.5389,3.8596,3.8596,3.5389
2010-11-01 00:00:00,2,4.3617,3.6978,3.5389,3.4605,3.4605,4.9788,5.3462,4.7102,4.0242,3.5389,4.3617,5.1611,4.4478,4.1915,4.3617,4.0242,4.0242,3.9415,3.7784,3.618,3.9415,5.2534,5.6288,5.5339,4.9788,4.1915,4.1075,4.1915,4.1075,3.5389,
2010-10-01 00:00:00,2,2.3728,2.3728,2.5081,2.3064,2.4401,3.3059,2.4401,2.8596,3.0795,2.3728,2.3728,2.3064,2.8596,3.618,4.0242,3.8596,3.4605,5.8205,4.799,4.0242,3.618,3.6978,3.6978,3.4605,4.0242,4.1915,5.6288,5.3462,4.1915,3.6978,4.2763
2010-09-01 00:00:00,2,3.618,3.3829,3.4605,2.4401,2.6465,3.0795,3.618,2.5081,2.7168,2.7168,2.7168,2.5769,2.3064,2.5081,2.3728,2.3064,2.3064,2.3064,2.3728,2.3064,2.5081,2.4401,2.3728,2.4401,2.4401,2.3728,2.5081,2.8596,3.3059,2.5769,
2010-08-01 00:00:00,2,3.6978,3.618,3.618,3.6978,3.4605,3.5389,3.618,3.5389,3.5389,3.618,3.8596,3.7784,3.6978,3.5389,3.7784,3.618,3.3829,3.1542,3.4605,3.5389,3.3829,3.4605,3.0055,3.3829,3.618,3.3829,3.3829,3.3829,3.4605,3.5389,3.5389
2010-07-01 00:00:00,2,3.1542,3.3829,3.4605,3.1542,3.2297,3.618,3.4605,3.4605,3.2297,3.3829,2.7878,3.3829,3.8596,3.3829,3.0055,3.4605,3.3829,2.9322,3.5389,4.5346,4.4478,3.3829,4.0242,4.4478,4.1915,4.1915,4.0242,4.1915,3.9415,3.618,3.7784
2010-06-01 00:00:00,2,3.0795,2.4401,2.2406,3.3059,2.9322,2.6465,3.0055,3.0055,3.0795,2.7878,2.9322,2.9322,2.5769,3.2297,2.8596,3.0055,2.8596,3.1542,3.3059,2.7878,3.3059,3.0055,3.2297,2.9322,3.0055,2.9322,2.6465,3.0055,3.0795,3.1542,
2010-05-01 00:00:00,2,2.7168,3.0795,3.4605,2.8596,3.0055,3.3059,2.9322,3.618,2.3728,3.7784,4.5346,3.7784,4.0242,3.3829,3.1542,2.7168,3.618,3.0795,3.5389,4.0242,3.2297,3.7784,3.0795,3.8596,2.9322,3.0795,2.9322,3.2297,3.1542,2.1757,3.0795
2010-04-01 00:00:00,2,5.0696,5.8205,6.6132,5.8205,7.0249,3.7784,5.2534,4.0242,3.6978,3.8596,3.6978,4.1915,3.8596,3.618,3.3059,3.3059,3.2297,3.618,3.1542,3.3059,3.0055,3.5389,2.7878,2.9322,3.0055,3.0055,3.4605,3.3829,2.8596,4.5346,
2010-03-01 00:00:00,2,11.708,16.363,20.5539,16.5777,11.9827,9.872,15.4135,12.9203,9.6221,7.8786,6.6132,10.2954,7.5538,6.7152,6.5118,6.1129,10.9908,8.7719,6.7152,6.1129,6.0148,6.7152,6.3111,6.8178,5.8205,5.6288,5.4398,4.2763,4.3617,4.2763,4.0242
2010-02-01 00:00:00,2,5.4398,4.799,4.8886,4.8886,4.622,4.2763,4.622,4.3617,3.9415,3.8596,4.1915,4.0242,4.1915,3.618,3.5389,3.3059,3.8596,3.0055,3.1542,3.4605,3.4605,3.618,3.4605,3.1542,3.9415,7.6615,8.0983,5.9173,,,
2010-01-01 00:00:00,2,14.5926,13.4993,11.5267,6.6132,3.8596,5.0696,12.6355,13.3049,9.872,7.1294,6.4111,6.1129,6.4111,7.4468,6.7152,6.4111,5.9173,5.7243,4.7102,7.4468,13.3049,12.825,15.3097,11.4365,10.8149,11.4365,10.21,8.8863,7.4468,6.0148,5.5339
2009-12-01 00:00:00,2,4.7102,6.0148,4.9788,5.2534,4.799,7.6615,7.3404,4.5346,4.1915,3.2297,3.0795,2.8596,2.9322,4.799,4.0242,3.0795,3.0055,2.7878,2.5081,2.1757,2.3728,4.5346,3.4605,3.8596,3.618,4.0242,5.7243,9.956,10.5536,13.402,14.0905
2009-11-01 00:00:00,2,9.7883,4.7102,5.9173,5.1611,4.4478,6.0148,5.8205,6.4111,4.1075,4.7102,5.1611,4.622,4.7102,4.4478,4.1075,4.9788,5.7243,5.8205,3.618,5.0696,3.8596,4.0242,5.0696,4.1075,4.3617,4.5346,3.6978,3.5389,4.1915,4.0242,
2009-10-01 00:00:00,2,3.6978,3.2297,3.5389,2.9322,3.4605,2.5081,4.0242,3.4605,3.3059,3.4605,3.0055,3.0795,4.0242,2.9322,3.9415,3.1542,3.1542,8.4323,4.2763,8.4323,6.5118,10.0403,9.1169,10.2954,9.705,10.9026,14.1903,17.3399,16.6856,17.1205,14.3907
2009-09-01 00:00:00,2,3.2297,3.618,3.3059,3.7784,3.0055,3.2297,2.6465,3.5389,3.6978,3.5389,3.0795,5.2534,3.2297,4.1075,3.3829,3.0795,3.3829,3.5389,2.5081,3.4605,3.4605,3.1542,4.799,4.1915,3.6978,3.6978,3.3829,3.618,3.1542,3.2297,
2009-08-01 00:00:00,2,4.2763,3.1542,4.1075,4.1075,4.3617,3.5389,3.2297,3.618,3.618,3.8596,3.3829,3.6978,3.4605,2.9322,3.2297,3.618,3.3059,3.7784,3.0795,3.3059,3.3059,4.1075,3.4605,3.8596,3.3059,3.8596,3.3059,3.5389,3.1542,4.1075,3.6978
2009-07-01 00:00:00,2,3.9415,4.622,4.0242,3.6978,3.0055,3.8596,4.1915,3.4605,4.4478,3.8596,3.8596,3.5389,4.799,3.9415,4.1075,3.618,3.9415,3.5389,3.5389,4.799,3.3059,3.5389,3.8596,3.3829,4.1075,2.7878,3.7784,4.1075,3.6978,3.2297,3.5389
2009-06-01 00:00:00,2,4.799,4.8886,4.5346,5.7243,4.7102,5.2534,4.3617,5.3462,4.622,4.799,4.1075,4.799,4.0242,4.3617,4.1915,4.3617,4.622,3.8596,3.9415,3.8596,4.0242,3.618,4.622,3.8596,3.8596,4.9788,4.3617,4.622,4.622,4.5346,
2009-05-01 00:00:00,2,4.9788,5.0696,5.5339,5.9173,4.9788,5.5339,5.7243,5.5339,4.1075,4.7102,5.0696,5.0696,5.0696,4.8886,5.4398,4.1075,5.5339,5.5339,5.0696,4.3617,4.3617,5.5339,4.1075,4.5346,4.9788,4.4478,4.622,4.3617,4.0242,4.622,4.5346
2009-04-01 00:00:00,2,15.4135,11.6172,9.4572,8.8863,7.2346,6.921,9.2332,9.956,10.4672,8.6581,7.6615,6.8178,7.4468,7.1294,12.2604,10.9908,7.9881,7.7697,6.4111,6.3111,6.0148,6.8178,5.9173,5.9173,4.4478,4.799,6.1129,6.4111,5.8205,6.0148,
2009-03-01 00:00:00,2,8.0983,7.3404,6.0148,5.6288,6.4111,9.0013,9.35,16.7938,12.7301,9.7883,8.209,6.8178,6.6132,8.4323,7.4468,7.8786,8.3204,8.0983,7.3404,6.7152,6.5118,6.4111,10.7274,8.7719,10.2954,9.5394,8.209,8.0983,10.8149,11.708,17.6716
2009-02-01 00:00:00,2,9.7883,14.8979,13.597,10.4672,9.5394,9.0013,9.0013,9.1169,10.2954,11.9827,10.8149,10.4672,10.6403,13.9911,14.4915,12.5412,10.4672,9.35,8.4323,7.7697,7.7697,7.0249,9.956,10.125,18.4574,13.2083,9.872,9.2332,,,
2009-01-01 00:00:00,2,30.1682,26.8112,30.1682,21.1556,22.012,20.6736,10.3811,4.7102,5.1611,5.6288,5.5339,5.7243,5.8205,5.2534,5.4398,6.8178,7.7697,8.5449,10.8149,9.7883,12.825,17.5607,13.016,10.9908,9.956,10.0403,10.0403,14.5926,12.9203,10.9026,9.2332
2008-12-01 00:00:00,2,3.618,3.5389,3.5389,3.6978,2.9322,3.6978,2.9322,3.6978,3.6978,3.6978,3.6978,3.618,3.5389,3.3059,2.2406,11.0792,10.6403,9.5394,3.9415,3.3829,1.9238,2.1116,5.5339,7.5538,6.0148,10.8149,22.8849,39.3947,31.0373,27.3574,30.7462
2008-11-01 00:00:00,2,5.1611,3.1542,4.1075,3.3059,3.0795,3.3829,3.9415,3.7784,4.4478,4.8886,4.1915,2.9322,2.7878,3.3059,2.6465,3.1542,3.6978,3.6978,3.2297,3.4605,3.8596,3.7784,3.3059,3.7784,3.618,3.6978,3.5389,3.6978,3.6978,3.0055,
2008-10-01 00:00:00,2,3.6978,6.921,4.1915,4.1075,5.4398,3.7784,4.5346,4.799,4.1075,4.0242,4.1075,4.8886,4.1915,4.7102,4.0242,3.9415,3.9415,6.7152,4.799,6.1129,4.799,5.1611,4.622,4.2763,3.7784,4.1075,5.1611,4.0242,3.8596,4.0242,5.2534
2008-09-01 00:00:00,2,4.4478,4.2763,3.618,4.3617,4.1075,3.6978,3.4605,4.5346,4.3617,4.1915,3.8596,3.5389,3.6978,3.0795,3.3059,3.3059,3.5389,3.0055,3.3829,3.2297,3.9415,4.1915,3.0795,3.3059,3.4605,4.1915,4.1915,3.6978,3.5389,3.618,
2008-08-01 00:00:00,2,3.3829,2.9322,2.2406,3.8596,2.8596,3.7784,3.618,3.3829,2.1757,2.8596,3.618,3.5389,3.3059,3.4605,2.8596,2.3728,3.0055,3.6978,3.618,4.5346,4.622,3.5389,4.622,3.5389,4.622,4.3617,4.2763,4.2763,4.2763,3.7784,4.1075
2008-07-01 00:00:00,2,3.5389,3.9415,3.8596,4.1075,4.8886,3.7784,3.6978,4.0242,4.0242,3.8596,3.6978,4.1915,4.0242,3.5389,3.6978,4.3617,4.0242,3.4605,3.6978,4.4478,3.6978,3.7784,3.6978,3.9415,4.0242,4.1075,3.7784,3.7784,3.4605,3.6978,3.618
2008-06-01 00:00:00,2,3.8596,3.8596,3.7784,3.6978,4.2763,3.6978,3.7784,3.8596,3.3059,4.0242,3.9415,4.1915,3.6978,3.618,3.9415,4.622,4.8886,3.2297,3.2297,3.9415,3.9415,3.9415,4.1075,4.1075,4.1075,4.1075,3.8596,3.9415,4.1075,4.1075,
2008-05-01 00:00:00,2,4.1915,4.1075,3.8596,3.5389,4.0242,3.9415,4.5346,3.6978,3.4605,3.6978,3.9415,3.618,3.8596,3.7784,4.0242,3.8596,4.1915,4.0242,4.3617,4.1915,4.4478,4.1915,3.4605,3.9415,3.3829,3.3059,4.2763,4.4478,4.5346,4.3617,4.1075
2008-04-01 00:00:00,2,6.1129,5.1611,5.0696,4.8886,7.1294,16.2562,15.1031,11.8908,10.4672,8.6581,8.3204,9.2332,8.3204,6.7152,6.4111,6.3111,5.7243,6.3111,5.6288,5.1611,5.5339,5.3462,5.3462,5.5339,5.5339,6.4111,3.8596,4.799,4.1915,4.1915,
2008-03-01 00:00:00,2,6.5118,8.6581,7.8786,7.1294,6.0148,6.7152,5.6288,6.6132,5.0696,6.6132,10.0403,15.5177,14.5926,14.2903,17.0112,23.391,17.5607,9.872,7.4468,8.6581,7.7697,7.3404,7.0249,7.5538,7.3404,6.4111,6.1129,8.209,6.921,5.5339,6.921
2008-02-01 00:00:00,2,2.7878,2.5769,2.2406,2.7878,2.8596,2.7878,3.3059,2.5769,1.8027,1.8027,2.4401,3.4605,6.0148,6.2117,6.1129,5.6288,5.0696,4.8886,8.7719,9.1169,8.6581,7.1294,7.9881,7.6615,18.5711,17.0112,10.9908,8.3204,7.3404,,
2008-01-01 00:00:00,2,0.9538,1.7433,1.8628,1.627,1.627,1.8027,2.3728,3.1542,2.9322,3.8596,2.9322,2.8596,2.3728,2.7878,2.8596,2.8596,3.0055,3.618,2.9322,3.618,4.2763,3.4605,2.8596,2.7878,3.0055,2.6465,2.4401,3.0795,3.0055,10.9908,4.2763
2007-12-01 00:00:00,2,3.1716,2.7718,2.5524,2.7163,2.9407,2.9407,2.6613,2.3923,5.2397,2.2406,2.5081,3.0055,3.0055,3.0795,2.8596,2.8596,2.7878,2.6465,2.7878,4.4478,6.0148,2.2406,1.8628,1.8027,1.514,1.514,1.514,1.2982,1.096,0.9538,0.7768
2007-11-01 00:00:00,2,2.9407,2.884,3.0553,2.7163,2.9978,2.7163,2.9978,2.7163,3.9655,2.6613,2.7718,3.349,2.6613,2.7718,2.6613,2.6613,2.884,2.8277,2.7718,2.884,2.9407,2.884,2.884,2.7718,2.7163,2.6613,2.9407,2.7718,2.7718,3.1133,
2007-10-01 00:00:00,2,2.7163,2.7163,3.2303,3.2303,3.349,3.4692,3.2303,3.4089,3.6524,3.349,3.5299,2.7163,2.5524,2.6066,2.8277,2.6613,2.5524,2.6613,3.9655,3.349,2.9978,3.2895,3.2303,2.884,2.6066,2.5524,3.1133,2.9407,2.7718,2.9407,2.884
2007-09-01 00:00:00,2,2.9978,2.7163,2.9407,3.1716,3.1716,3.6524,2.6066,2.7718,2.7718,3.1716,3.0553,3.1133,3.0553,3.0553,3.0553,2.7163,2.9978,3.1133,2.9978,3.0553,3.0553,3.0553,3.4089,2.9407,2.9978,3.1716,3.1133,3.0553,3.1133,2.6613,
2007-08-01 00:00:00,2,2.6613,2.9978,2.9978,2.8277,2.9978,3.0553,3.1133,3.0553,3.0553,2.9407,2.9978,2.884,2.7718,2.9978,2.9978,2.9407,3.0553,2.9978,2.6066,2.7163,2.7718,2.9407,2.9407,2.8277,2.8277,2.4452,2.6613,2.8277,2.9978,3.0553,2.9978
2007-07-01 00:00:00,2,2.884,3.349,3.5299,3.591,3.591,3.591,3.591,3.1133,3.4692,3.6524,3.7765,3.2303,3.349,3.349,3.5299,3.0553,3.2303,3.1133,3.1133,3.2303,3.349,3.2303,3.1133,3.0553,2.9407,2.884,3.1133,3.1716,2.9978,2.8277,3.0553
2007-06-01 00:00:00,2,3.1716,3.0553,3.2303,3.349,3.2895,3.1716,4.0934,3.4692,3.0553,2.884,3.1133,3.2303,3.1716,3.1716,2.9978,2.9407,2.9978,3.1716,3.4692,3.591,3.5299,3.591,3.5299,3.2895,3.4692,3.5299,3.4692,3.6524,3.5299,3.4692,
2007-05-01 00:00:00,2,3.5299,3.4089,3.0553,3.2303,3.0553,2.9407,3.349,2.9978,3.349,3.1716,2.9978,2.9407,2.9978,3.0553,3.7765,3.4692,2.9978,3.1716,3.0553,3.0553,2.9978,3.2895,3.2303,3.349,3.591,2.8277,2.884,3.591,3.2895,3.2303,3.1716
2007-04-01 00:00:00,2,3.1133,3.5299,3.2303,3.2303,2.9407,3.2303,4.2881,5.3813,5.2397,5.3103,5.1694,4.5527,4.0293,3.4089,3.4089,3.2895,3.5299,3.7143,3.4692,3.2895,3.349,3.5299,4.486,4.6198,4.0934,3.7143,3.5299,3.6524,3.7765,3.7765,
2007-03-01 00:00:00,2,5.3813,5.3103,4.7551,4.5527,5.0995,5.3103,5.3813,4.6873,4.2881,3.5299,3.4089,3.349,3.7143,3.7143,3.6524,3.4089,3.6524,3.9655,5.888,5.3103,5.0995,4.5527,4.1579,4.0293,3.7143,3.9022,3.6524,3.4692,3.2303,3.4089,3.1133
2007-02-01 00:00:00,2,10.9898,10.4099,11.8029,10.2664,9.4189,8.7983,9.4189,8.4593,6.7177,6.5638,6.8728,9.2106,9.4886,8.3919,7.9916,7.5065,6.185,5.8146,5.8146,6.0358,5.888,5.6688,5.4527,5.0299,7.5974,6.4874,5.888,5.4527,,,
2007-01-01 00:00:00,2,8.6622,9.0725,13.9518,19.5217,15.0672,12.4055,10.0524,7.0293,7.1871,7.7937,8.3919,7.9916,6.8728,19.8722,23.5731,25.638,26.4051,17.5449,16.0442,12.4055,8.3248,9.9814,8.8666,8.1244,10.4818,10.4818,8.8666,8.0579,9.0725,15.3097,17.1238
2006-12-01 00:00:00,2,2.6066,2.4452,2.3398,2.7163,3.2303,3.2303,3.349,3.2303,3.1133,3.1133,3.2303,3.1133,4.9606,7.108,9.6286,14.2678,13.3265,10.554,4.2881,3.591,3.7143,3.4089,2.7163,2.4452,2.6066,2.884,2.3923,2.7163,3.4089,5.888,9.2106
2006-11-01 00:00:00,2,3.4089,3.9022,5.0299,3.7765,3.349,3.5299,4.0934,4.4197,3.2303,3.6524,2.7718,2.6066,3.1716,3.7143,2.884,3.0553,3.4089,3.5299,3.2303,3.6524,3.2303,3.2895,3.2303,3.4089,3.1133,3.1133,3.591,3.6524,6.7951,3.2303,
2006-10-01 00:00:00,2,3.2303,3.7143,4.1579,4.1579,3.8392,4.8918,4.0934,3.8392,3.7765,3.8392,3.8392,3.6524,3.9655,3.5299,3.591,3.9022,3.4692,4.4197,3.9655,3.349,3.2895,3.349,3.6524,3.4692,3.6524,3.9655,3.6524,3.2895,3.2303,3.6524,3.349
2006-09-01 00:00:00,2,3.9022,3.4692,3.4692,3.9655,3.9655,4.0293,3.4692,3.7143,3.7765,3.4692,3.4692,3.9022,4.0293,3.5299,3.7765,3.7765,4.0293,4.3537,4.6198,4.7551,4.8918,4.9606,4.8918,4.6198,5.0995,5.4527,4.8918,4.486,5.1694,3.9655,
2006-08-01 00:00:00,2,3.8392,3.6524,3.6524,3.4692,2.9978,3.2303,3.7765,3.4692,3.349,3.2303,3.8392,3.7143,3.591,3.7765,3.9022,4.0293,3.9022,4.0293,3.8392,3.5299,4.1579,3.9655,3.9022,3.591,4.2881,3.591,3.7143,4.0293,4.2228,4.0293,3.9655
2006-07-01 00:00:00,2,2.4452,2.3923,3.1133,3.2895,3.1716,3.349,3.4089,2.5524,2.5524,3.2895,3.349,3.0553,3.4692,3.1716,2.884,2.884,3.0553,2.9407,2.9978,3.1716,3.1133,3.1716,3.0553,3.4692,3.4692,3.0553,3.5299,3.7143,3.6524,3.5299,3.4692
2006-06-01 00:00:00,2,2.4452,2.4452,2.7163,2.8277,2.9407,2.5524,2.6613,2.8277,2.4452,2.884,2.7718,2.9407,2.4452,2.5524,2.4452,2.6613,2.2877,2.4452,2.9407,2.7163,2.7718,2.8277,3.1716,2.4452,2.6066,2.9407,3.2303,3.1716,2.5524,2.8277,
2006-05-01 00:00:00,2,2.0838,2.4986,2.2877,2.1341,2.2877,2.2361,2.4452,2.6066,2.2361,2.3923,2.0838,2.2361,2.0339,2.2361,2.7163,2.3398,2.4986,2.7163,2.4986,2.2361,2.2361,2.4986,2.4986,2.3923,2.6613,2.5524,2.0838,2.0838,2.8277,2.7163,2.3398
2006-04-01 00:00:00,2,2.0339,2.0838,2.3923,2.6066,2.3923,2.6066,2.6613,2.0838,2.3398,2.5524,2.7718,2.7718,2.4452,2.0838,2.2361,2.1341,2.3398,2.2361,2.3398,2.0838,1.9844,1.9844,1.9844,2.4986,2.6066,2.5524,2.7163,2.6066,1.9844,2.0838,
2006-03-01 00:00:00,2,2.5524,2.7718,2.4986,2.0838,2.2361,3.4692,3.349,2.3923,2.6066,2.4452,2.2877,2.0838,2.4452,2.7718,2.0838,2.1848,2.3923,2.0838,1.9844,2.4452,2.3923,2.1848,2.2361,2.2877,2.0838,2.1341,2.2361,2.7163,2.9407,2.884,2.9407
2006-02-01 00:00:00,2,2.8277,2.9978,2.3923,1.9355,2.0339,3.1716,2.6066,2.8277,2.7718,2.6613,1.9844,2.6613,2.4452,2.9978,2.884,2.5524,2.6066,2.2877,1.9355,2.7163,3.4089,2.4986,2.4986,2.5524,2.2361,1.8869,2.2877,2.1848,,,
2006-01-01 00:00:00,2,2.0838,2.0339,2.9407,2.4452,2.3923,2.1848,2.1341,1.9844,2.0339,2.3923,2.2877,2.4986,2.3398,2.3923,2.4452,2.6066,2.8277,3.1133,2.9407,2.9407,2.4452,2.3398,2.884,3.2303,3.2303,3.5299,2.9978,2.4986,3.0553,2.884,3.1716
2005-12-01 00:00:00,2,3.9655,4.4197,4.8232,4.5527,3.4692,4.486,4.3537,4.486,4.0934,3.8392,6.3355,6.7951,5.8146,6.3355,7.5974,4.0934,3.2895,3.8392,3.7143,4.2881,3.7143,3.7765,2.9978,3.591,2.9978,2.9407,3.349,4.3537,2.5524,2.8277,2.9407
2005-11-01 00:00:00,2,4.1579,4.0293,4.8918,4.3537,4.486,4.6198,4.3537,4.0934,4.3537,4.3537,5.2397,4.2881,3.9022,4.7551,3.9022,4.6198,3.9655,6.4113,4.6873,4.7551,5.5964,4.8232,3.7765,4.6198,3.8392,3.591,3.7143,4.2228,4.1579,3.9022,
2005-10-01 00:00:00,2,2.6613,4.3537,3.7765,4.0934,4.2228,4.1579,2.8277,4.3537,4.0934,3.9022,3.9655,3.591,4.6873,3.349,3.7143,4.2881,3.7143,4.2881,4.4197,3.591,4.6198,3.5299,3.6524,4.0934,4.0934,4.4197,3.7765,4.486,4.2228,4.5527,4.4197
2005-09-01 00:00:00,2,3.0553,3.9655,3.591,3.6524,4.1579,4.2228,3.6524,4.0934,4.2881,3.591,3.6524,4.0293,4.2881,4.1579,4.0293,3.349,3.4692,3.8392,4.2881,4.4197,4.3537,4.1579,4.0293,3.5299,3.4692,4.1579,4.3537,4.0293,4.1579,3.7765,
2005-08-01 00:00:00,2,3.7765,3.9655,3.4692,3.591,3.6524,3.7765,3.591,3.591,3.4692,3.8392,3.591,3.7765,3.4089,3.7143,3.7765,3.9655,3.6524,3.6524,3.8392,3.591,3.5299,3.8392,3.7765,3.591,4.0934,3.6524,3.7765,3.5299,3.7765,3.7143,3.7765
2005-07-01 00:00:00,2,3.7143,3.6524,3.5299,3.8392,3.591,3.8392,3.591,3.591,3.7765,3.4692,3.8392,3.9655,3.591,3.5299,3.8392,4.0934,4.0293,3.8392,4.2881,4.2228,3.7765,3.591,3.7765,3.7765,3.591,3.7143,4.4197,3.6524,3.591,3.7143,3.7143
2005-06-01 00:00:00,2,3.591,3.7765,3.591,3.7765,3.9655,3.4692,3.9022,4.6873,4.486,3.591,3.7143,3.6524,3.5299,3.9022,3.7143,3.5299,3.8392,4.2228,3.7143,4.4197,3.9022,4.2228,3.9655,4.0934,3.6524,3.5299,3.8392,3.8392,3.7143,3.7765,
2005-05-01 00:00:00,2,5.4527,5.0299,4.5527,3.8392,3.4692,4.1579,4.0293,3.4692,3.4089,3.6524,3.349,3.2303,3.2303,3.1133,3.591,3.4692,3.591,3.6524,3.4692,3.6524,3.591,3.6524,4.1579,4.7551,5.5964,11.1363,8.191,6.3355,5.4527,4.9606,3.7765
2005-04-01 00:00:00,2,5.1694,4.6873,4.2881,4.486,4.486,4.2881,4.1579,4.2881,4.2228,3.8392,4.0293,4.0934,3.7765,3.8392,3.9655,3.4089,3.7765,3.7143,3.8392,3.349,3.1716,4.2228,3.349,3.7765,4.0293,3.9022,3.9022,3.8392,4.9606,7.0293,
2005-03-01 00:00:00,2,10.9168,8.3248,12.5576,13.1716,14.0306,9.6989,8.6622,7.7937,7.3461,7.3461,6.2601,5.6688,5.888,5.0995,5.0299,9.8398,8.2578,8.1244,7.8595,7.3461,6.7951,6.8728,6.185,5.7415,5.5964,6.3355,7.7281,7.5065,6.4113,5.5244,5.0299
2005-02-01 00:00:00,2,8.7983,7.7281,7.9916,9.9814,8.6622,15.1479,11.2098,8.3919,6.9509,6.5638,6.3355,6.185,5.9617,6.185,5.8146,4.8918,5.4527,5.0299,5.7415,5.4527,5.2397,4.8918,4.6198,4.1579,5.3813,8.1244,6.8728,6.7951,,,
2005-01-01 00:00:00,2,1.6215,3.1781,2.5651,2.185,2.8002,2.4525,2.0339,2.2369,2.0339,2.3431,2.0835,2.3974,4.5045,2.185,2.185,1.9851,2.861,6.0429,5.2827,7.7937,7.8595,8.6622,8.9351,7.4261,2.9978,2.6613,10.7712,10.6262,10.554,10.1236,10.0524
2004-12-01 00:00:00,2,1.9851,2.0835,1.937,1.9851,2.185,1.9851,1.5379,1.937,2.2369,1.6644,1.9851,4.1838,1.7974,1.7974,1.8897,1.9851,2.185,1.8432,1.8432,1.7974,2.5084,1.9851,1.8897,1.7523,4.5045,2.0835,1.4971,1.4971,1.7523,1.8432,1.8897
2004-11-01 00:00:00,2,3.8782,2.7402,3.4474,3.731,3.731,3.3788,3.3788,3.4474,3.731,2.861,3.2441,2.9227,3.517,3.1781,2.9853,2.8002,2.6226,2.6226,3.0487,2.5084,2.2896,2.3974,2.3974,2.8002,2.3431,2.5651,2.4525,2.3431,2.185,1.9851,
2004-10-01 00:00:00,2,3.4474,3.5874,3.6588,4.2626,3.517,3.5874,3.3788,3.5874,3.4474,4.1838,3.3788,3.0487,3.8042,3.4474,3.517,4.0292,4.0292,3.311,3.731,3.5874,3.3788,3.4474,3.6588,3.517,3.0487,3.2441,3.731,3.5874,3.1781,3.4474,3.113
2004-09-01 00:00:00,2,3.5874,4.5045,4.587,3.517,3.311,3.8782,3.5874,3.731,4.106,4.3422,3.3788,2.2369,4.7551,3.2441,3.1781,3.2441,3.2441,3.1781,3.731,3.311,3.1781,3.311,3.3788,3.311,3.4474,3.5874,3.311,3.2441,3.517,3.517,
2004-08-01 00:00:00,2,3.517,3.2441,3.4474,3.8042,3.9532,3.8042,3.3788,3.9532,3.731,3.8782,3.0487,2.861,2.7402,4.2626,3.3788,3.731,3.517,4.4229,3.9532,2.8002,3.113,3.517,3.5874,3.517,3.517,3.5874,3.4474,3.311,2.9853,3.4474,3.3788
2004-07-01 00:00:00,2,3.731,3.0487,3.517,4.0292,3.6588,3.5874,3.517,3.6588,3.4474,3.3788,3.9532,3.8782,3.5874,3.5874,3.4474,3.5874,3.5874,3.3788,3.517,3.9532,3.8042,3.9532,3.5874,3.4474,3.4474,3.3788,3.517,3.517,3.5874,3.731,3.4474
2004-06-01 00:00:00,2,3.6588,3.8042,4.2626,4.587,4.1838,4.106,4.1838,4.106,4.0292,3.3788,3.731,3.6588,3.731,3.8782,3.8782,3.6588,3.517,3.9532,3.6588,3.6588,4.2626,3.113,3.6588,3.5874,3.5874,3.6588,3.0487,3.731,4.0292,3.6588,
2004-05-01 00:00:00,2,3.4474,3.113,3.2441,3.3788,3.731,3.113,3.113,3.1781,3.3788,2.861,3.2441,3.1781,3.1781,3.113,3.113,3.517,3.113,3.3788,3.2441,3.113,3.113,3.1781,3.731,3.3788,3.8042,3.8042,3.8042,3.113,4.2626,4.3422,4.106
2004-04-01 00:00:00,2,6.1426,5.0144,4.1838,4.2626,4.5045,4.5045,4.6706,4.3422,3.9532,3.5874,3.9532,8.4593,6.1426,5.3742,4.587,4.0292,3.8782,2.4525,4.1838,3.8782,2.861,3.4474,3.731,3.311,2.4525,4.4229,4.106,3.517,3.5874,3.517,
2004-03-01 00:00:00,2,8.7302,11.8777,8.3919,7.7281,7.6627,7.9916,7.4261,6.9509,6.2434,5.7501,5.1029,5.5601,4.587,5.1029,5.9443,6.448,5.7501,5.1029,4.927,4.4229,4.2626,4.7551,4.4229,3.9532,4.5045,4.5045,3.731,3.8782,3.8042,11.1363,7.9916
2004-02-01 00:00:00,2,3.3788,3.4474,3.731,2.5651,2.1338,1.937,2.3431,2.2896,3.8042,2.6226,5.8467,8.191,7.5871,6.6569,12.4814,17.8839,16.3741,10.195,8.7983,8.191,8.2578,8.191,8.0579,9.2106,9.5586,9.1415,8.3248,12.4814,10.3381,,
2004-01-01 00:00:00,2,2.0835,2.5651,2.861,2.5084,2.681,2.6226,2.5651,2.3974,7.108,9.3493,3.3788,2.4525,5.4666,4.106,2.3431,5.5601,4.3422,2.4525,2.681,2.9227,2.5651,2.7402,4.2626,7.5065,7.7937,7.8595,7.5871,5.7501,4.587,2.2369,2.4525
2003-12-01 00:00:00,2,2.7402,1.6215,1.6644,1.937,1.7523,4.3422,2.861,3.3788,1.708,1.937,1.7974,2.0835,1.937,1.6215,1.8897,2.4525,2.8002,2.5651,2.5651,2.7402,2.3431,4.1838,2.9853,2.6226,2.5084,2.4525,2.5651,2.3431,2.0835,1.8432,2.2369
2003-11-01 00:00:00,2,2.681,2.3974,4.7551,2.7402,2.5084,2.2896,2.2369,3.0487,1.6215,2.2896,1.9851,2.4525,2.2896,2.0339,1.5793,1.9851,2.3974,2.185,1.9851,2.4525,2.185,1.6644,1.7974,2.1338,1.7974,2.2369,2.6226,2.861,2.2369,1.5793,
2003-10-01 00:00:00,2,3.3788,3.0487,2.9853,2.9227,2.861,2.861,2.2369,2.2369,4.0292,3.5874,3.3788,2.861,3.113,3.4474,3.1781,2.9853,2.9853,2.9853,2.0835,2.7402,2.861,2.861,2.861,3.3788,2.0835,2.5084,2.5651,2.5651,2.2369,2.2369,2.9227
2003-09-01 00:00:00,2,3.311,3.0487,3.311,3.8782,3.8782,3.6588,2.861,3.8782,3.4474,3.5874,3.517,3.5874,3.517,2.6226,3.517,4.106,4.0292,4.0292,3.731,3.8782,2.9853,3.2441,2.861,3.0487,3.113,3.113,3.5874,2.9227,3.1781,3.0487,
2003-08-01 00:00:00,2,3.731,3.517,3.0487,4.0292,3.3788,3.5874,3.6588,3.2441,3.113,3.731,3.8782,3.5874,3.6588,3.6588,2.6226,3.2441,2.8002,3.9532,4.3422,3.6588,4.0292,3.9532,3.1781,2.861,3.3788,4.4229,3.517,3.517,3.8042,3.2441,3.0487
2003-07-01 00:00:00,2,2.9227,3.3788,3.311,2.9853,3.517,2.9227,2.7402,3.113,2.861,3.3788,3.731,3.517,3.5874,2.9227,4.106,3.6588,3.2441,4.1838,4.0292,4.106,3.8042,3.0487,3.517,4.106,4.1838,3.731,3.3788,3.3788,4.2626,4.106,3.9532
2003-06-01 00:00:00,2,2.861,3.1781,2.185,2.1338,2.2896,3.731,3.1781,3.311,3.6588,2.7402,2.9227,2.8002,2.6226,2.9227,2.681,3.731,3.3788,2.9853,2.4525,3.6588,3.2441,2.2896,3.2441,3.6588,3.311,3.1781,3.113,3.4474,3.113,2.9853,
2003-05-01 00:00:00,2,2.0835,2.861,2.6226,2.7402,2.5651,3.4474,3.731,3.5874,2.9227,2.8002,2.5084,2.9853,2.3974,3.113,3.113,2.9227,2.3431,2.5651,3.311,2.861,2.9227,3.0487,2.2896,2.1338,3.311,3.2441,2.9853,2.861,3.0487,2.9227,2.5651
2003-04-01 00:00:00,2,5.0144,4.587,4.106,4.106,4.0292,4.3422,6.0429,6.0429,5.1923,4.5045,4.3422,3.5874,2.9227,4.0292,3.731,4.106,4.927,5.1029,4.7551,4.927,5.1923,2.2896,2.1338,1.9851,2.0339,3.6588,3.3788,2.5651,2.0835,2.0339,
2003-03-01 00:00:00,2,3.0487,3.5874,3.8042,3.8782,5.7501,4.2626,4.106,3.731,5.4666,5.6546,5.1029,5.5601,12.254,11.063,8.5944,10.2664,15.9621,10.8439,9.1415,8.3248,7.4261,7.7281,7.3461,7.3461,6.7177,5.7501,6.0429,5.1029,4.2626,4.106,4.927
2003-02-01 00:00:00,2,12.6338,8.7983,9.2106,8.1244,7.9255,7.7281,6.0429,3.0487,4.927,6.3452,5.8467,5.9443,5.1923,5.4666,3.6588,8.7983,7.5871,7.2664,6.6569,6.448,6.2434,4.6706,5.0144,5.6546,5.3742,4.2626,4.1838,4.2626,,,
2003-01-01 00:00:00,2,2.1338,2.2369,10.6986,3.517,3.2441,7.2664,7.1871,9.2106,7.5871,7.108,5.9443,7.1871,9.4189,10.6262,10.7712,27.9089,27.9089,23.9445,20.935,17.2078,14.6658,14.1095,13.56,12.7102,10.554,5.7501,4.4229,7.8595,12.5576,18.225,15.7982
2002-12-01 00:00:00,2,2.185,3.517,3.731,3.1781,3.5874,3.6588,2.7402,2.5084,4.2626,3.8042,3.8042,3.113,3.6588,3.5874,2.681,3.2441,5.2827,2.9227,2.861,2.185,3.3788,3.3788,2.2369,2.185,2.2369,2.185,2.1338,2.3431,2.185,2.1338,2.0339
2002-11-01 00:00:00,2,2.9853,2.681,2.0339,3.311,3.8042,2.7402,2.861,3.2441,3.0487,2.0835,3.6588,2.9227,3.0487,3.1781,3.2441,3.113,2.1338,3.0487,3.1781,3.113,3.113,3.3788,2.9853,2.0835,2.8002,3.311,3.2441,3.2441,3.3788,3.1781,
2002-10-01 00:00:00,2,3.3788,3.4474,3.3788,3.731,3.2441,4.0292,4.5045,3.8042,3.731,3.6588,3.731,3.311,2.9853,3.731,3.731,3.9532,3.731,3.517,2.8002,2.5651,3.5874,3.4474,3.517,3.4474,3.5874,2.9853,2.4525,3.2441,4.0292,2.8002,2.9853
2002-09-01 00:00:00,2,3.517,3.2441,3.3788,3.3788,3.311,3.2441,3.5874,5.6546,3.731,3.4474,3.517,3.311,3.6588,3.3788,4.587,3.311,3.1781,3.3788,3.3788,3.3788,3.1781,6.2434,2.681,4.106,3.113,2.9853,2.9853,4.106,3.517,4.3422,
2002-08-01 00:00:00,2,5.9443,3.731,2.6226,1.7974,4.4229,3.0487,3.3788,3.3788,3.517,2.861,2.0339,3.731,3.517,3.4474,3.8042,3.731,3.4474,2.9853,3.517,3.3788,3.113,3.5874,3.113,3.4474,2.7402,3.113,3.113,3.731,3.731,3.517,3.4474
2002-07-01 00:00:00,2,4.4229,5.1923,3.6588,3.2441,3.5874,3.311,3.311,4.1838,4.4229,4.587,4.587,4.1838,3.1781,3.311,4.4229,4.4229,4.1838,4.1838,4.1838,2.9853,3.1781,4.6706,4.2626,3.9532,4.0292,5.1923,4.106,3.8042,6.0429,5.2827,6.6569
2002-06-01 00:00:00,2,1.708,1.6215,2.5084,2.9853,2.8002,3.2441,3.1781,2.5084,1.708,3.517,3.113,3.2441,3.113,3.5874,3.311,1.937,3.311,3.5874,3.731,3.5874,5.1923,3.2441,2.185,3.5874,3.731,3.5874,3.6588,3.8042,4.1838,2.4525,
2002-05-01 00:00:00,2,2.1338,2.8002,2.9227,1.937,1.7974,3.6588,2.681,3.1781,3.311,3.3788,2.5651,2.0339,2.9227,3.0487,3.113,3.2441,2.861,2.6226,1.7974,3.311,3.2441,2.9853,2.9853,3.113,2.3431,1.7974,2.8002,3.113,2.9853,2.3974,2.9227
2002-04-01 00:00:00,2,4.106,4.0292,3.9532,3.517,3.517,4.0292,2.681,4.5045,3.8042,3.1781,3.731,3.731,3.311,2.3974,3.8042,4.0292,3.2441,3.8042,3.731,3.1781,1.9851,3.517,3.8042,2.861,3.6588,3.4474,2.4525,1.937,3.311,3.4474,
2002-03-01 00:00:00,2,8.7983,7.5065,7.9916,7.108,6.2434,5.9443,5.0144,5.3742,5.9443,5.1029,4.7551,4.927,4.6706,4.4229,4.2626,5.5601,9.2106,8.8666,8.6622,7.6627,7.7281,6.2434,5.1029,4.4229,5.0144,4.5045,5.4666,4.7551,3.731,3.9532,3.731
2002-02-01 00:00:00,2,7.4261,8.5944,13.4042,8.5267,7.8595,6.3452,5.8467,7.4261,9.3493,9.2106,8.6622,6.9509,7.1871,4.106,4.927,4.587,11.7283,17.7141,12.8634,11.063,11.8777,14.586,14.7458,11.7283,10.8439,13.1716,9.9105,9.6286,,,
2002-01-01 00:00:00,2,2.9853,1.7974,2.6226,2.2896,2.2369,2.185,3.0487,3.3788,3.517,3.2441,3.5874,3.4474,2.5651,4.5045,5.0144,5.5601,3.4474,9.2798,7.8595,10.9168,10.195,8.8666,6.7177,7.1871,10.195,10.3381,9.3493,14.826,11.2098,9.2798,8.5944
2001-12-01 00:00:00,2,3.311,1.8897,3.0487,2.7402,3.113,3.517,2.9227,2.4525,1.8432,2.9227,2.6226,2.9853,2.9853,2.681,2.7402,1.8897,6.1426,2.681,2.681,2.5084,2.5651,3.4474,2.1338,1.8897,1.8432,1.708,1.708,3.113,4.7551,4.5045,2.861
2001-11-01 00:00:00,2,2.861,3.1781,3.1781,1.937,2.7402,3.113,3.113,3.1781,3.0487,2.861,2.0835,2.8002,2.681,2.8002,3.6588,3.2441,3.0487,2.0339,3.3788,3.2441,3.1781,3.1781,3.311,3.311,2.5651,3.3788,3.8042,3.8782,4.1838,3.113,
2001-10-01 00:00:00,2,2.4525,3.113,3.0487,2.861,2.7402,2.8002,1.9851,2.861,2.681,2.6226,2.9853,2.6226,2.6226,1.7974,2.9227,2.7402,2.6226,2.861,2.6226,2.4525,2.1338,2.5651,2.681,2.6226,2.5084,2.8002,2.7402,1.7523,2.9227,2.861,3.0487
2001-09-01 00:00:00,2,3.5874,1.8897,3.517,2.8002,3.113,2.0835,2.185,2.8002,2.9227,3.517,2.5651,2.8002,3.0487,2.9227,3.1781,3.113,2.861,2.5651,2.861,2.7402,2.9227,2.4525,1.8897,2.185,2.5084,2.681,2.9853,2.9853,2.5084,2.185,
2001-08-01 00:00:00,2,2.861,3.2441,2.9227,2.9853,2.9853,2.9853,3.113,2.4525,2.2896,3.2441,3.3788,2.185,2.2896,2.3431,3.113,2.9227,3.0487,2.6226,2.0835,2.9853,2.7402,2.861,2.6226,2.5084,2.8002,2.7402,3.2441,3.113,2.9853,3.8042,2.861
2001-07-01 00:00:00,2,2.2369,3.0487,4.1838,2.9853,2.2896,2.681,1.7974,1.8897,2.3974,2.4525,3.0487,2.3974,2.9227,2.8002,2.0835,3.113,2.3431,2.9853,2.681,3.2441,3.311,1.8897,3.517,3.2441,3.2441,3.0487,2.7402,2.185,2.0835,3.311,3.2441
2001-06-01 00:00:00,2,2.681,2.6226,1.7974,2.6226,2.681,3.2441,3.517,3.113,3.113,2.185,3.311,3.0487,3.113,3.1781,2.9853,2.0835,2.185,3.0487,3.0487,3.0487,3.2441,3.1781,3.1781,2.2369,3.0487,3.0487,2.9227,2.861,3.1781,2.7402,
2001-05-01 00:00:00,2,2.5651,1.8897,2.5651,2.5651,2.185,1.8432,2.3431,2.5084,2.5084,2.6226,2.4525,2.5651,1.5793,2.9853,2.6226,2.5651,2.681,2.5651,2.2896,1.6215,2.5084,2.6226,2.681,2.681,2.3974,2.3431,1.6215,2.8002,2.7402,2.681,2.681
2001-04-01 00:00:00,2,2.2896,2.6226,2.5651,2.681,2.8002,2.7402,2.861,1.7523,2.8002,2.7402,2.861,2.9227,1.7523,1.6215,1.6215,2.6226,2.861,2.8002,2.681,2.7402,2.7402,1.8432,2.7402,2.681,2.7402,2.7402,2.7402,2.7402,1.6215,2.681,
2001-03-01 00:00:00,2,2.9853,3.3788,2.861,1.9851,3.311,2.7402,2.8002,3.113,2.5651,3.113,3.311,3.5874,2.6226,3.1781,2.7402,2.681,2.5084,2.9227,2.8002,2.7402,2.6226,2.6226,2.6226,2.681,1.7523,2.6226,2.6226,2.6226,3.3788,2.7402,2.681
2001-02-01 00:00:00,2,3.6588,3.311,3.517,3.4474,3.517,4.5045,3.6588,3.8042,3.8042,3.731,3.3788,3.8042,3.5874,3.6588,3.5874,3.731,3.5874,3.3788,3.9532,3.113,3.2441,3.311,3.2441,3.2441,3.0487,2.8002,3.1781,3.311,,,
2001-01-01 00:00:00,2,3.517,4.0292,5.0144,3.4474,3.2441,3.311,1.8432,3.2441,3.4474,3.2441,3.311,3.2441,3.311,3.731,3.311,3.3788,2.681,3.113,3.3788,3.4474,3.6588,5.8467,4.927,4.2626,3.9532,3.9532,3.8782,4.1838,4.5045,3.731,3.8042
2000-12-01 00:00:00,2,3.2441,2.9227,2.0835,2.9853,3.0487,2.681,3.2441,2.9227,3.113,1.6215,3.1781,3.113,3.311,2.681,3.2441,2.9227,3.2441,6.5519,3.3788,3.113,2.9853,2.4525,1.8897,1.6215,1.5793,2.4525,2.3431,3.3788,2.5084,2.2896,2.2896
2000-11-01 00:00:00,2,3.1569,3.1781,2.681,2.4525,1.937,2.9853,3.517,2.7402,2.9853,2.4525,3.113,1.708,3.1781,2.9853,4.0292,2.6226,3.1781,2.861,1.6215,2.8002,3.2441,3.113,2.861,3.113,3.1781,1.8897,2.861,2.861,3.2441,3.311,
2000-10-01 00:00:00,2,2.1639,3.7836,2.9639,3.0917,3.2229,2.9014,3.7836,2.5437,3.2229,4.2428,3.1569,3.4264,3.9329,4.2428,2.1128,2.7188,3.2899,3.7103,3.1569,3.1569,2.6012,3.1569,3.0274,3.0917,3.4264,3.2899,3.2229,3.0917,1.9164,3.0274,2.9014
2000-09-01 00:00:00,2,4.1639,4.6517,4.9964,4.9087,4.4034,4.3226,4.4852,5.1748,4.086,3.8578,4.2428,4.4034,3.7103,3.638,3.7103,3.5665,3.638,3.7836,3.5665,3.7103,3.8578,4.568,3.4264,2.9639,3.496,3.8578,4.2428,3.4264,3.7103,3.1569,
2000-08-01 00:00:00,2,5.1748,4.9964,4.9964,4.8221,4.9087,4.4852,4.6517,4.7364,4.7364,4.8221,3.496,3.3577,4.3226,5.6385,4.568,4.6517,6.0281,4.6517,3.5665,4.6517,4.6517,4.6517,4.8221,4.4034,4.568,4.4852,4.3226,4.4852,5.1748,4.4034,4.4852
2000-07-01 00:00:00,2,4.9087,4.9087,5.3572,5.5437,5.3572,5.2655,4.7364,5.2655,4.7364,5.2655,5.3572,5.3572,5.0851,4.9964,5.0851,4.8221,5.1748,5.3572,6.8728,6.4874,6.6406,5.5437,4.9964,5.3572,5.1748,5.1748,5.2655,4.9964,4.9964,4.7364,5.3572
2000-06-01 00:00:00,2,3.5665,4.086,3.8578,3.2229,4.2428,3.7103,3.496,4.2428,3.4264,3.5665,3.0274,3.8578,3.5665,3.2229,4.4034,2.9639,3.8578,3.3577,3.3577,3.5665,3.2899,3.3577,3.4264,2.4312,2.8396,4.2428,3.2229,3.5665,4.4034,4.8221,
2000-05-01 00:00:00,2,4.3226,4.8221,4.568,4.568,4.4034,4.1639,3.9329,4.2428,4.4034,4.6517,4.1639,4.3226,4.2428,3.496,4.1639,4.009,3.8578,4.2428,4.009,3.7836,3.3577,4.009,5.1748,3.5665,3.638,3.5665,3.7103,3.2229,3.9329,4.7364,2.9639
2000-04-01 00:00:00,2,7.5065,6.9509,6.6406,6.2292,5.9291,6.4113,6.4113,5.6385,5.5437,5.5437,5.4499,5.0851,7.0293,6.6406,10.3381,8.3919,6.9509,6.2292,6.0281,6.4113,4.9964,5.6385,5.1748,5.1748,4.9964,4.8221,5.5437,5.0851,4.6517,4.3226,
2000-03-01 00:00:00,2,7.8595,6.9509,6.5638,5.8312,4.2428,4.9964,4.9087,6.4113,6.7177,9.2106,13.4042,12.4814,11.1363,9.2106,6.3313,5.1748,7.2664,8.191,8.1244,9.6286,16.9563,11.8777,7.9916,7.7937,7.7281,8.4593,8.191,7.5065,12.1784,9.9105,8.3919
2000-02-01 00:00:00,2,12.4814,13.7163,13.9518,11.6538,8.9351,7.9916,11.063,13.249,11.8777,10.554,9.2106,8.7983,8.6622,7.9916,7.5974,7.3461,6.9509,9.6989,10.9168,9.3493,7.9255,7.1871,6.3313,5.4499,6.5638,8.2578,7.9255,7.1871,6.7951,,
2000-01-01 00:00:00,2,4.3836,6.4273,9.8398,13.8732,14.6658,13.7947,11.3572,8.8666,4.7513,6.6406,6.7951,6.6406,4.9426,4.0354,4.565,5.3405,5.0401,5.8671,5.3405,4.8463,5.1389,4.8463,4.8463,4.2947,6.0871,5.3405,6.4273,16.3741,18.1396,17.3761,15.0672
1999-12-01 00:00:00,2,2.9624,3.1024,2.5059,3.3953,4.9426,3.6267,2.7605,9.4886,3.4713,5.3405,4.9426,6.1991,4.7513,3.5485,4.1207,3.7062,3.174,2.9624,2.9624,4.0354,3.7867,3.7062,4.2071,6.3125,4.4737,4.2071,4.0354,4.0354,4.8463,4.1207,4.1207
1999-11-01 00:00:00,2,2.0988,2.0988,2.2102,2.2102,1.9912,2.3846,3.6267,3.7867,1.6906,2.568,2.568,2.5059,2.8941,2.5059,2.0988,2.2674,2.154,1.9912,2.154,2.6311,4.2947,3.1024,1.9388,2.4448,2.5059,2.3846,3.3953,3.4713,3.2466,2.8941,
1999-10-01 00:00:00,2,3.174,3.2466,2.9624,2.7605,1.8873,2.4448,2.2102,2.4448,2.3846,2.3846,2.154,2.2674,2.154,2.2674,2.2102,2.6953,2.7605,2.9624,2.6953,2.8941,2.9624,2.4448,2.154,2.2674,2.2102,2.2674,2.8268,2.3255,2.154,2.3846,2.0445
1999-09-01 00:00:00,2,2.9624,3.7867,3.4713,4.1207,3.5485,4.4737,2.6953,4.1207,2.2674,3.4713,4.0354,4.2947,4.3836,3.3953,4.0354,3.4713,3.174,3.2466,2.7605,3.3953,3.3204,2.7605,2.8941,3.3953,3.5485,3.4713,3.1024,3.0319,3.174,3.174,
1999-08-01 00:00:00,2,3.1024,3.9513,3.0319,2.6311,4.2947,5.4432,6.4273,2.5059,2.9624,3.7867,4.3836,4.4737,4.3836,4.3836,2.0988,2.9624,4.1207,4.0354,4.2947,4.1207,4.2947,4.1207,3.3204,3.174,4.0354,3.8684,3.7867,2.8941,2.6953,2.6311,2.7605
1999-07-01 00:00:00,2,3.5485,3.2466,2.5059,2.7605,3.174,3.1024,2.6953,2.3255,2.9624,3.5485,3.4713,3.2466,3.1024,3.0319,2.6311,2.6311,3.4713,1.9388,2.9624,2.6953,3.1024,3.174,3.2466,3.7062,4.0354,3.8684,3.7867,3.8684,3.8684,3.3953,3.4713
1999-06-01 00:00:00,2,3.7867,4.0354,2.2674,2.8268,1.8873,1.5975,3.3953,3.7062,3.0319,2.5059,2.154,2.0445,2.2102,3.3204,3.5485,3.8684,3.8684,3.2466,2.4448,2.3255,2.6311,2.8941,2.3846,2.3846,2.3255,2.2674,2.154,3.0319,3.7867,3.3204,
1999-05-01 00:00:00,2,3.4713,2.6311,5.1389,4.2071,4.2071,4.4737,4.2071,3.8684,2.2102,3.7867,3.7062,3.7867,4.1207,3.8684,3.8684,1.9912,3.7867,3.7867,3.7867,3.8684,3.7062,3.8684,2.154,3.7867,3.3204,3.8684,3.8684,3.7867,3.7867,2.0445,3.7867
1999-04-01 00:00:00,2,7.4261,2.3255,7.2664,6.4273,6.4273,5.8671,5.3405,4.2947,6.3125,5.1389,4.3836,5.9764,5.6525,4.9426,4.565,4.7513,3.8684,2.9624,4.9426,5.3405,5.2391,4.8463,4.565,3.9513,2.8268,4.4737,4.565,4.6575,4.7513,4.7513,
1999-03-01 00:00:00,2,4.8463,4.6575,4.2947,3.7062,3.174,3.174,5.0401,16.8728,15.472,13.1716,19.5217,15.472,13.482,9.9105,6.4273,6.1991,5.8671,6.7177,6.7951,6.5435,5.9764,5.9764,5.7591,11.063,14.7458,8.3919,6.9509,6.6406,7.108,7.108,8.2578
1999-02-01 00:00:00,2,3.3204,3.3953,6.1991,3.2466,3.3953,3.1024,2.2102,3.1024,3.4713,3.2466,3.3953,3.1024,3.3204,2.3255,2.2102,2.2102,2.2674,3.3953,3.3953,3.3204,2.2102,2.7605,3.3953,3.2466,3.4713,3.2466,2.7605,2.8268,,,
1999-01-01 00:00:00,2,4.1207,3.3204,3.2466,5.0401,5.5472,5.1389,4.9426,5.5472,5.3405,4.2947,5.1389,4.2071,4.7513,4.2071,4.4737,4.3836,2.2102,4.2947,4.0354,4.1207,4.2071,4.2071,4.1207,2.2102,5.0401,4.0354,4.2071,4.3836,4.2071,4.2947,2.0445
1998-12-01 00:00:00,2,3.7867,4.4737,3.3204,3.3204,3.4713,2.4448,4.4737,3.8684,3.4713,4.3836,4.2071,4.2071,2.2674,4.2071,4.2947,5.0401,4.9426,4.565,3.8684,2.4448,4.3836,4.3836,4.3836,2.8268,1.4645,2.2102,1.7384,4.1207,4.2071,4.1207,4.2071
1998-11-01 00:00:00,2,3.0319,3.3953,5.9764,4.0354,4.9426,3.7062,3.3204,2.2102,4.0354,4.2947,4.6575,5.1389,4.6575,4.1207,2.2102,3.6267,3.7062,3.9513,3.8684,3.3204,3.6267,3.2466,4.9426,4.2071,3.9513,3.7062,4.2947,3.6267,2.2102,4.0354,
1998-10-01 00:00:00,2,3.174,3.9513,3.9513,2.2102,3.9513,3.8684,3.174,3.1024,3.3953,3.7062,2.0988,2.2674,3.6267,4.1207,3.6267,3.2466,3.3953,2.3846,3.3204,3.4713,3.7062,3.3953,3.6267,3.7867,2.0445,4.2071,3.5485,3.2466,3.2466,3.5485,3.8684
1998-09-01 00:00:00,2,3.7867,3.8684,4.0354,3.8684,3.7867,2.3255,2.3255,4.2071,4.2071,3.8684,3.7867,3.8684,2.3255,3.7867,3.7867,3.8684,3.8684,3.8684,2.6311,2.4448,3.7867,3.7867,3.7062,3.6267,3.7062,3.6267,2.2102,3.7062,3.5485,3.3953,
1998-08-01 00:00:00,2,4.1207,2.3255,4.3836,4.0354,4.1207,4.3836,4.565,4.6575,2.5059,4.4737,4.565,4.4737,4.3836,4.4737,3.3204,2.568,4.565,4.3836,4.565,4.3836,4.4737,4.4737,2.4448,4.2947,4.0354,3.8684,3.8684,4.0354,3.8684,2.3255,3.8684
1998-07-01 00:00:00,2,4.0354,4.0354,3.9513,3.9513,2.3255,4.0354,4.0354,3.9513,3.9513,3.9513,4.1207,2.3255,4.2071,3.9513,4.1207,4.0354,4.0354,4.2071,3.0319,4.1207,4.0354,4.0354,4.1207,4.0354,4.1207,2.3255,4.2071,4.1207,4.1207,4.1207,4.1207
1998-06-01 00:00:00,2,4.3836,4.1207,4.2071,4.2071,3.9513,4.0354,2.6311,4.0354,3.9513,4.0354,2.3846,4.0354,4.0354,2.3846,3.9513,4.0354,4.0354,3.9513,3.9513,3.9513,2.4448,3.9513,4.1207,4.0354,4.1207,4.0354,4.0354,2.2674,4.1207,3.9513,
1998-05-01 00:00:00,2,2.8268,2.8268,2.6311,4.3836,4.3836,4.3836,4.8463,3.9513,4.2071,2.7605,3.8684,4.0354,4.565,4.2071,4.1207,4.2947,2.9624,4.1207,4.2071,4.2071,4.0354,4.1207,3.7062,3.2466,4.0354,3.9513,3.8684,3.9513,4.1207,4.565,2.8268
1998-04-01 00:00:00,2,5.1389,5.1389,5.2391,5.4432,2.9624,5.1389,4.8463,4.8463,4.8463,1.8368,2.0988,2.5059,4.7513,4.7513,4.6575,4.8463,4.8463,4.3836,2.4448,2.6953,4.9426,4.8463,4.7513,4.7513,4.6575,4.6575,4.7513,4.6575,4.565,4.3836,
1998-03-01 00:00:00,2,4.8463,5.9764,5.9764,5.3405,5.5472,5.5472,5.4432,3.4713,5.3405,4.8463,4.9426,5.1389,5.0401,5.1389,5.2391,5.0401,5.5472,5.7591,5.6525,5.1389,5.2391,3.174,5.1389,5.6525,5.3405,5.7591,5.5472,5.5472,5.7591,5.5472,5.0401
1998-02-01 00:00:00,2,4.2947,3.8684,4.7513,4.7513,4.2947,4.2947,3.8684,2.8941,5.2391,5.0401,5.0401,5.0401,4.9426,4.7513,4.2947,6.0871,8.5267,7.5871,5.9764,6.7951,6.8728,10.0524,12.8634,13.8732,14.1095,7.6627,6.6406,6.1991,,,
1998-01-01 00:00:00,2,2.6311,6.5435,5.4432,4.7513,4.2947,5.6525,5.7591,5.9764,6.4273,6.4273,3.7867,6.3125,7.0293,6.1991,5.7591,5.6525,5.8671,5.0401,8.5267,7.108,6.4273,5.7591,5.8671,5.6525,4.4737,5.1389,5.7591,5.6525,5.7591,4.8463,4.9426
1997-12-01 00:00:00,2,8.8666,7.2664,7.1871,7.108,6.6406,6.3125,4.6575,6.6406,6.6406,7.9255,7.1871,6.9509,6.7177,7.3461,7.0293,6.4273,6.4273,8.8666,6.9509,5.8671,5.7591,5.0401,5.3405,4.6575,3.5485,9.9105,6.7177,4.6575,6.3125,5.7591,3.4713
1997-11-01 00:00:00,2,4.4737,3.7867,4.2947,4.3836,4.2947,4.2071,4.3836,4.2947,3.174,4.2947,4.2947,4.2947,4.2947,4.2947,2.3846,2.2102,4.2947,4.2947,4.4737,4.2947,4.2947,5.4432,5.2391,5.4432,5.2391,5.1389,5.4432,5.3405,6.7177,4.3836,
1997-10-01 00:00:00,2,4.3836,4.2947,4.3836,4.2947,2.568,4.3836,4.2071,4.1207,4.1207,4.2071,4.2071,3.4713,4.1207,4.0354,4.2071,4.2071,4.2071,4.1207,2.2102,4.2071,5.6525,5.8671,5.1389,4.565,4.3836,2.8941,6.8728,4.4737,4.2947,4.2947,4.3836
1997-09-01 00:00:00,2,6.3125,5.7591,5.7591,5.6525,5.5472,5.2391,2.0988,5.3405,4.9426,4.7513,4.6575,4.565,4.4737,2.154,5.0401,4.565,4.3836,4.2947,4.3836,3.174,2.3846,5.3405,4.2947,4.3836,4.7513,4.3836,4.565,2.0988,4.3836,4.1207,
1997-08-01 00:00:00,2,6.6406,6.6406,4.1207,6.8728,6.5435,6.5435,6.6406,6.7177,6.7177,5.0401,6.8728,5.8671,6.4273,6.4273,6.1991,5.2391,5.0401,5.9764,6.3125,6.3125,6.4273,5.0401,5.6525,4.6575,5.7591,6.0871,5.8671,5.4432,5.8671,5.7591,3.5485
1997-07-01 00:00:00,2,5.6525,5.9764,5.9764,5.8671,6.1991,4.9426,6.1991,5.7591,5.8671,5.7591,5.6525,5.8671,4.3836,6.0871,5.7591,5.7591,5.8671,5.7591,5.7591,4.4737,6.1991,6.1991,5.8671,5.9764,5.9764,5.9764,4.9426,6.6406,6.3125,6.5435,6.7177
1997-06-01 00:00:00,2,3.6267,5.7591,5.0401,5.5472,5.5472,8.5944,9.2106,4.0354,5.7591,5.5472,5.4432,6.4273,5.9764,5.8671,5.3405,6.0871,5.6525,5.8671,5.5472,5.3405,5.8671,4.8463,5.5472,5.2391,6.0871,5.3405,5.5472,5.9764,4.7513,5.9764,
1997-05-01 00:00:00,2,5.6525,6.5435,6.4273,5.2391,5.5472,5.4432,5.7591,5.8671,5.7591,5.9764,2.6953,6.1991,5.6525,5.9764,5.6525,5.7591,5.8671,3.4713,6.1991,5.6525,5.4432,5.4432,5.4432,5.1389,3.7062,5.7591,5.1389,5.1389,7.2664,6.8728,5.3405
1997-04-01 00:00:00,2,7.1253,20.98,19.1871,10.6262,7.3461,6.1991,6.3125,7.2664,7.108,7.108,6.9509,7.0293,6.1991,6.6406,6.7951,6.7951,6.7177,6.5435,6.3125,5.7591,4.8463,7.7281,7.8595,7.9916,7.2664,6.7951,5.6525,7.8595,7.3461,7.0293,
1997-03-01 00:00:00,2,12.4594,11.0217,13.1985,14.1195,11.3365,9.1924,6.7857,6.3852,5.4805,6.1223,5.863,5.5437,5.6708,5.4176,6.0572,6.7857,9.1924,7.1938,6.9209,6.5845,6.7857,6.3852,5.9275,6.3852,6.2533,6.1877,5.0968,2.1213,4.9876,6.3852,6.6514
1997-02-01 00:00:00,2,10.0181,9.6401,9.7153,7.9608,9.1924,9.7153,7.8196,6.7185,8.5336,8.3173,7.6092,6.7857,7.4006,5.863,5.863,5.32,5.5437,6.1877,5.9275,6.1223,6.1223,6.0572,5.7987,7.057,6.5178,6.8532,9.4901,13.3645,,,
1997-01-01 00:00:00,2,5.6071,15.0595,38.2571,38.2571,33.5645,30.4565,26.4051,28.6058,27.6325,17.9894,13.8664,15.5801,10.0181,16.0181,17.5352,10.7098,10.0181,15.8425,20.3137,17.3545,14.4591,10.4006,9.3409,8.9711,9.3409,8.3892,9.0447,10.7875,9.0447,8.2457,9.2666
1996-12-01 00:00:00,2,3.1111,5.0968,5.7987,5.32,5.0968,5.0968,4.8799,2.7339,4.9876,5.4805,5.0968,5.2076,4.9876,5.0968,2.674,4.9876,7.5395,5.863,4.9876,5.32,5.0968,3.8874,11.4949,5.5437,4.2664,5.32,6.7185,6.8532,3.98,6.1877,6.4514
1996-11-01 00:00:00,2,4.9876,4.5663,1.1773,3.4498,3.7963,4.5663,5.2076,4.5663,4.5663,2.5569,4.4648,4.4648,4.5663,4.4648,4.6693,2.615,2.5569,4.5663,4.5663,5.6708,6.1877,7.6092,6.8532,1.7821,5.32,5.2076,5.2076,5.2076,5.0968,5.0968,
1996-10-01 00:00:00,2,4.2664,4.5663,1.5625,4.8799,4.4648,2.5569,4.5663,4.4648,4.4648,4.3649,4.1695,4.1695,4.2664,4.1695,3.98,3.98,4.074,4.074,3.4498,2.615,3.3802,4.1695,4.2664,4.1695,4.2664,4.3649,2.7946,5.32,4.8799,5.4805,4.5663
1996-09-01 00:00:00,2,2.2786,4.3649,4.3649,3.8874,4.2664,4.2664,2.5569,2.3326,4.4648,4.4648,4.4648,4.3649,4.3649,4.5663,2.7946,2.7339,4.3649,4.4648,4.2664,4.3649,4.4648,2.4996,4.3649,4.3649,4.4648,4.6693,4.5663,4.4648,2.1729,4.3649,
1996-08-01 00:00:00,2,3.3116,4.074,4.1695,2.2786,4.1695,3.4498,3.98,4.1695,4.074,4.074,2.2253,4.074,4.1695,4.074,2.5569,4.4648,4.1695,2.3326,4.074,3.98,3.98,4.1695,4.1695,4.1695,2.1213,3.98,4.2664,4.2664,4.1695,4.3649,4.4648
1996-07-01 00:00:00,2,5.0968,5.32,4.6693,4.3649,4.4648,4.6693,2.1729,4.7738,4.4648,4.5663,4.3649,4.074,3.98,1.9713,3.8874,1.9713,4.1695,4.1695,3.98,3.98,1.7367,4.074,4.074,3.6639,3.5916,4.1695,4.074,2.3326,4.2664,3.3802,3.3116
1996-06-01 00:00:00,2,3.8874,2.0205,5.6071,4.4648,4.2664,2.3326,3.98,4.2664,2.9819,4.4648,4.4648,4.3649,4.1695,4.4648,4.9876,2.1213,4.8799,4.9876,5.0968,4.7738,4.3649,4.3649,3.046,4.2664,4.3649,5.7987,5.7987,5.863,5.6708,2.3326,
1996-05-01 00:00:00,2,2.4431,4.2664,4.4648,3.2439,1.8282,4.7738,4.4648,4.3649,4.3649,4.1695,4.3649,2.2786,4.2664,4.3649,4.9876,3.7963,4.3649,3.3116,2.0205,4.5663,4.3649,4.3649,4.2664,4.2664,4.4648,2.3874,4.1695,4.5663,4.1695,4.2664,4.1695
1996-04-01 00:00:00,2,5.4805,4.9876,4.7738,4.7738,1.8751,1.7821,1.7367,4.9876,4.6693,4.6693,4.7738,4.5663,4.4648,2.615,4.8799,4.6693,4.7738,4.7738,5.2076,4.6693,2.3874,4.5663,4.6693,4.5663,4.4648,4.4648,4.4648,2.3326,4.3649,4.4648,
1996-03-01 00:00:00,2,5.6071,4.9876,5.7346,8.3892,8.0317,7.6092,6.4514,5.5437,7.7493,4.9876,5.5437,6.3852,6.3852,5.9922,5.5437,5.6071,2.9186,5.6071,6.0572,5.7346,5.7987,5.7346,5.7346,7.6791,5.7346,5.6071,5.6071,5.6071,5.6071,5.4805,4.9876
1996-02-01 00:00:00,2,4.9876,4.9876,5.32,2.0705,5.2076,5.2076,5.4176,5.6708,5.863,5.7987,3.6639,7.1938,7.057,7.9608,7.4699,6.3191,5.6071,3.1111,5.4176,5.0968,5.9275,5.0968,5.2076,4.8799,3.98,7.5395,7.1938,6.4514,6.0572,,
1996-01-01 00:00:00,2,3.1111,5.7346,5.9275,4.9876,4.7738,4.6693,2.3326,4.8799,5.2076,4.9876,7.1253,6.1223,5.0968,2.615,5.4176,4.3649,4.4648,4.9876,5.32,5.32,2.3326,5.4176,5.32,5.32,5.4176,5.32,5.32,2.7946,5.0968,4.9876,5.0968
1995-12-01 00:00:00,2,4.7738,4.4648,2.674,4.4648,4.4648,4.4648,4.4648,4.3649,4.4648,3.7371,4.4648,4.5663,6.1877,6.1877,4.1695,4.074,3.5202,5.2076,4.4648,4.1695,3.8874,4.1695,4.1695,2.2253,1.4396,4.074,8.5336,5.32,4.6693,4.7738,3.046
1995-11-01 00:00:00,2,4.074,4.4648,4.6693,5.32,4.6693,5.4805,4.9876,4.5663,4.8799,4.7738,4.7738,4.9876,5.7987,4.8799,4.4648,4.7738,4.8799,5.32,5.9275,4.3649,4.6693,4.8799,4.8799,4.8799,4.9876,4.1695,4.4648,4.4648,4.7738,4.9876,
1995-10-01 00:00:00,2,2.674,4.074,3.98,3.98,3.98,3.98,3.98,2.615,4.3649,4.5663,5.7346,5.5437,4.5663,4.7738,2.4996,4.9876,3.8874,4.7738,4.4648,3.7371,3.7963,2.5569,3.7371,3.7371,3.8874,3.8874,3.8874,3.98,2.0205,4.074,4.074
1995-09-01 00:00:00,2,2.7339,2.674,2.7339,2.7946,2.8561,2.8561,1.692,3.7963,3.7963,2.4996,3.5916,3.6639,3.7371,3.7371,3.8874,2.5569,2.7946,4.4648,4.2664,4.074,5.0968,5.0968,4.1695,2.2253,3.8874,3.7963,3.8874,3.98,4.1695,4.074,
1995-08-01 00:00:00,2,3.5916,3.5916,3.5916,3.5202,3.5916,1.692,3.5916,3.5202,3.6639,3.5202,2.615,2.3326,1.8282,2.2786,2.2786,2.674,3.177,3.5202,2.9186,2.7946,2.9186,2.9819,2.9186,2.9186,2.7946,2.8561,2.8561,2.8561,3.046,2.7946,2.8561
1995-07-01 00:00:00,2,3.8874,1.8282,3.5916,3.5916,3.6639,3.7371,3.7371,3.7371,1.6049,3.6639,3.5916,3.6639,3.6639,3.6639,3.7371,2.0705,3.5916,3.6639,3.6639,3.6639,3.5916,3.6639,2.4996,3.5916,3.5916,3.6639,3.6639,3.5916,3.5202,1.7367,3.5202
1995-06-01 00:00:00,2,4.1695,4.2664,4.1695,1.9713,4.074,4.1695,4.074,4.074,4.1695,3.98,2.2786,4.1695,4.1695,4.1695,4.1695,4.1695,2.0205,1.9713,4.5663,4.074,4.1695,4.1695,4.074,4.074,1.9228,4.074,3.98,3.8874,3.7963,3.7963,
1995-05-01 00:00:00,2,2.2786,5.0968,4.4648,4.5663,4.1695,4.074,1.9713,4.1695,4.074,4.2664,4.4648,4.2664,4.4648,2.5569,4.2664,4.1695,4.074,4.1695,4.1695,4.1695,2.7946,4.1695,4.1695,4.4648,4.3649,4.1695,4.074,2.2253,4.1695,4.1695,4.1695
1995-04-01 00:00:00,2,9.7153,8.8977,8.3892,6.7857,6.5178,5.9922,5.6071,5.7346,4.074,5.0968,5.0968,5.32,5.2076,2.615,2.7946,2.615,5.863,5.4805,5.0968,5.0968,6.0572,2.5569,4.6693,6.5178,5.9922,5.4176,5.0968,5.2076,4.9876,2.4996,
1995-03-01 00:00:00,2,6.8532,6.6514,6.1877,6.2533,6.8532,7.4006,8.7515,7.8901,6.7185,6.0572,6.0572,3.2439,4.9876,8.4613,14.6299,13.3645,9.2666,8.3892,7.6791,6.2533,6.1223,5.7987,7.1938,7.8196,10.7098,10.0942,8.5336,6.7185,6.1223,6.0572,6.7857
1995-02-01 00:00:00,2,4.1695,4.1695,6.5178,5.4805,2.7946,4.1695,4.6693,4.1695,4.6693,8.1028,6.3191,4.5663,4.1695,4.3649,4.1695,10.4776,10.4776,11.3365,11.6539,13.2814,11.2575,9.565,8.3173,7.5395,6.5845,4.4648,4.3649,4.8799,,,
1995-01-01 00:00:00,2,2.4431,4.5663,4.7738,4.3649,4.4648,4.3649,4.3649,2.1213,4.1695,4.1695,4.2664,4.3649,4.5663,4.1695,2.1213,4.1695,4.074,4.1695,4.5663,4.1695,4.1695,2.0705,4.3649,4.2664,4.1695,4.1695,4.8799,4.4648,3.046,4.074,4.5663
1994-12-01 00:00:00,2,7.9608,3.6639,3.3116,2.674,3.3116,3.3802,3.3802,3.3802,3.3116,3.3116,2.4431,3.3116,3.1111,3.5202,3.4498,3.046,3.046,1.8751,4.074,2.9819,3.1111,5.7987,9.9421,7.8901,2.8561,6.2533,4.6693,3.8874,4.2664,4.3649,2.9819
1994-11-01 00:00:00,2,3.5202,3.5202,3.6639,3.6639,3.3802,1.6481,3.7371,3.8874,4.074,3.4498,3.2439,3.177,1.6481,2.674,1.4798,3.046,2.9819,3.046,3.3802,1.8282,3.2439,3.3802,3.4498,3.4498,3.8874,3.3116,2.0205,3.5202,4.2664,3.7371,
1994-10-01 00:00:00,2,4.7738,3.7371,2.0705,5.0968,4.9876,4.9876,4.1695,4.6693,3.3116,5.0968,5.0968,3.046,4.8799,5.2076,5.0968,2.7946,4.4648,4.1695,3.6639,4.2664,4.2664,4.1695,1.6049,3.5202,4.074,3.5916,3.5916,3.5916,3.5916,1.8282,3.5202
1994-09-01 00:00:00,2,5.7987,5.6708,5.4805,4.9876,5.4176,5.4805,3.8874,5.4176,5.4805,5.6708,5.2076,5.6071,5.6071,5.5437,5.4805,5.5437,3.4498,3.2439,5.7987,5.4176,5.0968,4.8799,4.6693,4.3649,3.5916,4.9876,4.3649,4.3649,4.2664,5.0968,
1994-08-01 00:00:00,2,5.4805,5.5437,5.5437,5.5437,5.6708,5.5437,5.32,5.6071,5.6708,5.5437,5.7987,5.7987,5.7346,4.9876,5.4805,5.6708,5.6708,5.6708,5.7346,5.6708,5.2076,5.6708,5.6708,5.5437,5.6708,5.7346,5.7346,5.4805,5.6071,5.7346,5.9275
1994-07-01 00:00:00,2,5.32,5.4176,4.3649,5.2076,5.2076,5.2076,5.4176,5.4805,5.5437,5.4176,5.32,5.32,5.32,5.4805,5.4805,5.5437,4.7738,5.32,5.32,5.32,5.4805,5.4805,5.6071,5.2076,5.4176,5.4805,5.5437,5.6071,5.5437,5.4176,5.0968
1994-06-01 00:00:00,2,5.2076,5.0968,5.0968,2.4996,2.2253,5.0968,5.32,5.0968,5.0968,5.0968,5.0968,2.674,5.0968,5.0968,5.0968,5.0968,5.0968,5.0968,4.2664,5.0968,5.2076,5.4176,5.4176,5.4176,5.4176,5.0968,5.4176,5.32,5.4176,5.4176,
1994-05-01 00:00:00,2,2.1213,5.32,5.0968,4.8799,4.9876,4.8799,4.8799,2.674,4.4648,4.3649,4.3649,4.4648,4.4648,4.5663,2.5569,6.3191,5.9275,7.8901,6.9889,6.1223,4.3649,2.3326,4.9876,4.5663,5.0968,5.4805,5.0968,5.0968,2.674,5.0968,5.0968
1994-04-01 00:00:00,2,1.692,6.1877,6.0572,5.4176,4.8799,5.4176,4.9876,5.0968,5.0968,2.7339,5.0968,5.0968,5.0968,5.0968,5.0968,5.0968,2.674,5.0968,5.2076,6.5178,5.6071,6.2533,6.3852,3.4498,5.4805,5.32,5.0968,4.9876,4.9876,4.8799,
1994-03-01 00:00:00,2,4.8799,4.8799,5.2076,4.9876,4.9876,5.4805,9.9421,9.1924,8.1028,6.8532,5.6708,7.1938,10.5548,9.4154,8.1742,6.5178,5.6071,5.5437,5.2076,3.5202,6.1223,5.9922,5.7346,7.5395,10.0942,7.5395,3.98,6.6514,5.9922,5.4176,5.0968
1994-02-01 00:00:00,2,6.7857,6.1223,5.4805,5.6071,5.5437,5.2076,5.5437,5.2076,5.2076,5.32,4.8799,5.32,4.7738,5.0968,5.32,5.32,5.32,4.9876,4.6693,4.4648,5.0968,5.0968,5.2076,5.2076,4.9876,4.6693,3.5916,4.8799,,,
1994-01-01 00:00:00,2,3.7371,3.6639,6.0572,8.3173,9.6401,4.8799,14.6299,5.4805,4.1695,8.2457,6.3852,6.9889,4.5663,6.3852,6.6514,3.6639,5.4176,5.0968,5.0968,6.1223,6.9889,6.1223,5.863,5.7987,6.3852,11.0217,9.9421,9.3409,8.6787,7.6092,7.1253
1993-12-01 00:00:00,2,4.074,4.3649,3.8874,3.98,3.7371,4.4648,4.1695,4.4648,4.074,4.5663,5.6071,5.9922,5.0968,4.5663,4.074,4.7738,4.1695,4.6693,5.4805,4.2664,4.7738,5.6071,4.5663,4.7738,1.7821,4.4648,5.4176,4.5663,4.5663,4.1695,6.3191
1993-11-01 00:00:00,2,4.7738,5.0968,4.5663,4.6693,5.0968,4.3649,4.074,4.1695,4.5663,4.3649,4.3649,4.3649,4.2664,4.1695,3.6639,4.074,4.3649,4.6693,5.0968,4.9876,5.0968,5.6708,4.5663,5.0968,5.0968,5.0968,4.9876,5.2076,5.2076,5.32,
1993-10-01 00:00:00,2,5.2076,5.2076,5.4176,5.32,5.5437,5.6708,5.32,5.32,5.0968,4.5663,4.9876,5.5437,5.2076,5.0968,5.0968,5.2076,4.5663,5.2076,5.0968,5.0968,4.8799,4.6693,6.0572,6.6514,4.9876,5.0968,4.9876,4.8799,4.8799,4.9876,3.98
1993-09-01 00:00:00,2,5.5437,5.4176,5.32,5.32,5.2076,5.32,3.7371,5.2076,5.0968,5.2076,5.6708,5.6071,5.4805,5.2076,5.2076,4.5663,5.4176,5.32,5.2076,5.32,5.2076,5.32,5.32,5.9922,5.32,5.32,5.4805,5.4805,5.4176,5.32,
1993-08-01 00:00:00,2,5.9275,5.7987,5.4805,5.32,5.2076,5.2076,5.32,4.8799,5.4176,5.4176,5.4805,5.4176,5.5437,5.4805,5.4176,5.32,5.2076,5.2076,5.5437,5.32,5.32,5.2076,5.32,5.0968,5.4176,5.4805,5.4176,5.4176,5.0968,5.4176,5.6071
1993-07-01 00:00:00,2,5.0968,5.2076,5.4805,5.4176,5.4805,5.4805,5.4805,5.4176,5.4805,5.5437,5.32,5.4176,5.4176,5.4176,5.4176,5.4176,5.4805,5.6071,5.6071,5.5437,5.5437,5.6071,5.6071,5.5437,5.6708,5.5437,5.4805,5.6708,5.7987,5.5437,5.9275
1993-06-01 00:00:00,2,5.4176,5.4805,5.4805,5.4176,5.32,5.6708,5.9275,5.7346,5.6071,5.6071,5.4176,5.32,5.4805,5.4176,5.32,5.32,5.4805,5.4176,5.4176,5.0968,5.4805,5.4176,5.32,5.32,5.4176,5.4176,4.8799,5.5437,5.32,5.2076,
1993-05-01 00:00:00,2,2.8561,3.177,5.32,5.32,5.32,5.0968,5.2076,5.32,3.7963,5.32,5.0968,5.0968,5.2076,5.0968,5.2076,5.2076,5.32,5.2076,5.2076,5.6071,5.6708,5.4805,5.4176,5.4176,5.4805,5.2076,5.2076,5.32,5.6071,5.5437,5.863
1993-04-01 00:00:00,2,5.7346,6.1877,7.1253,6.5178,6.0572,5.9922,5.7346,7.1938,6.1877,6.9889,8.1028,7.057,6.5178,5.7346,6.0572,5.863,5.9922,7.3315,6.7857,5.863,2.7339,5.9922,5.7987,5.4805,3.7963,5.32,5.0968,5.0968,5.0968,5.2076,
1993-03-01 00:00:00,2,8.2457,9.1924,7.9608,6.9209,6.4514,6.3191,4.9876,5.5437,5.5437,5.6071,5.5437,5.5437,5.6071,3.98,5.6071,5.6708,5.6071,5.7987,7.8901,7.1253,6.0572,5.863,6.1877,5.6708,5.7346,6.3852,6.3852,5.9922,5.7346,5.7987,5.5437
1993-02-01 00:00:00,2,5.4176,4.7738,4.8799,6.7857,5.9275,5.6708,3.2439,4.7738,4.4648,4.4648,5.4176,6.5178,6.4514,7.4699,8.3892,9.4154,8.1028,7.1253,6.7185,6.3852,5.7987,6.1223,5.6708,9.7153,12.216,12.216,11.8137,9.7153,,,
1993-01-01 00:00:00,2,2.9819,4.8799,4.2664,5.6708,6.4514,6.4514,6.3852,6.1877,6.0572,5.9922,5.6708,5.9275,5.9922,5.7346,5.4805,5.7987,4.6693,5.9275,6.1223,7.057,6.3852,5.6071,5.9275,3.98,5.4176,5.2076,5.2076,5.32,5.2076,4.9876,3.8874
1992-12-01 00:00:00,2,5.4805,5.5437,5.0968,4.8799,4.8799,4.3649,4.7738,4.6693,4.5663,4.6693,5.4176,6.7185,6.7185,4.9876,5.32,5.0968,5.2076,9.565,9.565,7.5395,7.1253,6.6514,6.4514,6.4514,7.8901,5.9922,6.5845,6.5845,6.1223,5.9922,5.9275
1992-11-01 00:00:00,2,4.8799,5.9275,5.0968,6.3852,5.7346,5.5437,5.0968,4.7738,6.2533,5.4805,4.9876,5.4176,4.4648,4.7738,4.2664,4.4648,4.4648,4.4648,5.0968,4.4648,4.4648,4.2664,4.9876,4.6693,4.5663,4.5663,4.4648,4.5663,4.8799,5.2076,
1992-10-01 00:00:00,2,3.8874,3.98,1.9228,3.8874,3.98,3.98,3.98,4.074,4.6693,4.9876,4.074,3.2439,4.074,4.3649,5.0968,4.074,4.1695,4.4648,4.3649,4.4648,4.3649,4.4648,4.8799,5.32,3.98,4.4648,4.4648,5.2076,5.6708,4.5663,3.3802
1992-09-01 00:00:00,2,3.8874,3.7371,3.7963,5.0968,3.98,3.046,2.2786,4.1695,3.5916,3.7371,3.6639,3.7371,2.4996,3.6639,3.6639,3.046,4.8799,3.98,4.4648,2.9819,3.8874,3.8874,3.8874,3.8874,3.8874,3.8874,4.074,5.4176,4.074,4.074,
1992-08-01 00:00:00,2,3.7371,2.674,3.7371,3.8874,3.6639,4.074,3.7963,3.8874,2.7339,3.98,3.8874,3.8874,3.7963,3.7963,2.9819,3.177,3.8874,3.8874,3.8874,3.7371,3.7371,3.7963,2.7946,3.8874,3.7963,3.6639,3.8874,3.8874,3.98,3.046,3.8874
1992-07-01 00:00:00,2,3.7371,3.6639,3.8874,3.8874,3.3802,3.98,3.98,4.074,3.5916,3.98,3.8874,3.5202,3.98,3.98,3.98,3.98,4.074,4.074,3.3116,3.8874,3.98,3.7963,3.8874,3.7963,3.7371,2.674,3.7371,3.6639,3.7371,3.7371,3.7371
1992-06-01 00:00:00,2,3.7371,3.5916,3.6639,3.7963,3.7371,3.7371,3.5916,3.5916,3.8874,3.7963,3.7371,3.7963,3.8874,3.4498,3.6639,3.8874,3.8874,3.4498,3.5916,3.7963,3.5202,3.8874,3.8874,3.8874,3.98,3.98,3.8874,2.9819,4.074,3.8874,
1992-05-01 00:00:00,2,2.2253,4.8799,2.674,5.0968,5.5437,5.863,5.863,5.6071,5.863,2.674,5.5437,4.5663,4.074,4.074,4.074,4.074,3.6639,4.074,4.074,4.074,3.7371,3.6639,3.7371,3.6639,3.6639,3.5916,3.7963,3.7963,3.8874,3.7963,3.5202
1992-04-01 00:00:00,2,4.2664,4.6693,4.074,4.074,2.5569,4.074,4.5663,4.074,4.074,4.074,4.074,2.3874,5.0968,4.074,4.074,5.4805,2.615,6.0572,4.7738,5.863,3.7963,4.8799,4.8799,4.1695,5.863,4.074,5.863,5.5437,5.2076,4.8799,
1992-03-01 00:00:00,2,7.2625,7.6092,7.6092,7.4699,6.5845,6.3191,6.5178,4.2664,5.7987,5.863,5.7987,5.2076,5.5437,5.5437,3.3802,5.2076,4.7738,6.0572,5.9922,5.9275,5.863,3.7963,5.863,5.7346,5.7346,5.5437,5.863,4.9876,2.9819,5.2076,4.9876
1992-02-01 00:00:00,2,9.2666,8.1028,10.4776,21.3637,17.8983,14.374,11.7337,10.0942,9.1185,8.6787,8.1742,7.7493,7.1938,7.057,6.7857,5.9275,6.3852,6.1877,6.0572,6.3191,5.9275,5.863,5.6708,5.7987,5.32,5.7987,6.9209,6.9209,7.8901,,
1992-01-01 00:00:00,2,2.0705,3.5916,3.5916,3.7371,2.5569,4.5663,3.4498,3.4498,3.3802,3.3116,3.2439,1.9228,3.2439,3.046,2.9819,3.2439,2.7339,2.8561,1.4798,2.9819,7.6092,5.4805,7.2625,9.565,6.0572,3.6639,5.2076,7.4699,9.4901,9.565,10.0942
1991-12-01 00:00:00,2,3.3116,5.6708,5.2076,5.0968,5.0968,5.0968,5.0968,4.4648,5.6071,5.2076,5.0968,5.0968,5.2076,5.0968,3.046,5.0968,5.0968,5.6071,5.6071,5.9275,5.6071,4.1695,5.0968,3.5916,1.4,5.0968,4.7738,2.674,3.5202,3.4498,2.4996
1991-11-01 00:00:00,2,4.5663,5.32,5.863,4.6693,4.8799,4.8799,4.5663,5.2076,5.4805,4.8799,5.4805,5.4176,5.0968,5.4805,5.5437,4.2664,3.6639,5.4176,5.32,5.0968,5.0968,5.0968,5.0968,3.6639,5.0968,5.0968,4.9876,4.9876,5.6071,5.7987,
1991-10-01 00:00:00,2,5.2076,4.2664,4.6693,5.0968,4.074,2.674,5.0968,4.1695,3.98,3.98,3.7963,2.674,3.6639,3.6639,3.8874,4.1695,4.7738,4.4648,4.1695,4.074,4.074,4.074,4.1695,4.074,4.1695,4.074,3.2439,4.1695,4.1695,4.4648,4.5663
1991-09-01 00:00:00,2,3.046,3.2439,3.3116,3.2439,3.177,3.177,1.5208,2.9819,3.177,3.2439,3.046,3.046,3.1111,3.046,2.9819,2.9819,3.046,3.1111,3.177,3.2439,3.177,3.3116,3.3116,3.3116,3.3116,3.6639,4.074,3.8874,2.9186,3.7371,
1991-08-01 00:00:00,2,3.5202,3.5202,3.5202,2.0705,3.5202,3.5202,3.4498,3.5202,3.5202,3.5202,1.8751,3.5916,3.5916,3.5202,2.1729,3.4498,3.5202,2.615,3.4498,3.5202,3.4498,3.3802,3.2439,3.3116,2.2786,3.046,3.046,3.046,3.177,3.177,3.3116
1991-07-01 00:00:00,2,3.4498,3.4498,3.5202,3.5202,3.5202,3.5202,2.3326,3.4498,3.4498,3.4498,3.5202,3.5202,3.5202,2.674,3.5202,3.5202,3.5202,3.5202,3.5202,3.5202,2.0205,3.5202,3.5202,3.5202,3.5202,3.5202,3.7371,2.1213,3.5202,3.5202,3.5202
1991-06-01 00:00:00,2,3.4498,3.5202,3.4498,3.4498,3.4498,3.4498,3.4498,3.5202,2.674,3.4498,3.4498,3.4498,3.4498,3.4498,3.3802,2.2253,3.3802,3.4498,3.4498,3.4498,3.5916,3.6639,2.0205,3.5916,3.5916,3.5202,3.4498,3.4498,3.5202,2.1213,
1991-05-01 00:00:00,2,3.98,5.32,5.7346,5.32,5.2076,5.4176,4.6693,4.1695,4.1695,4.074,4.1695,2.5569,4.074,4.1695,4.074,4.1695,4.1695,4.074,4.074,4.074,3.98,4.074,4.074,4.074,4.074,2.9819,4.074,4.074,4.074,2.3874,3.5202
1991-04-01 00:00:00,2,6.4514,6.5178,7.6791,6.5178,5.9922,6.1877,5.9275,5.863,5.9275,5.5437,4.8799,4.7738,4.6693,2.5569,4.4648,4.4648,4.5663,4.4648,4.5663,4.8799,3.6639,4.5663,4.8799,4.6693,4.7738,4.2664,9.7907,13.6984,9.0447,7.3315,
1991-03-01 00:00:00,2,5.4805,5.4805,5.4805,6.1223,6.3191,6.8532,6.4514,5.9275,5.863,3.5202,5.5437,5.2076,5.0968,4.8799,4.8799,4.8799,2.674,5.2076,5.2076,4.5663,5.0968,5.6071,5.863,4.6693,7.5395,6.8532,8.1742,6.9889,4.2664,7.2625,6.8532
1991-02-01 00:00:00,2,4.8799,5.6708,4.7738,6.6514,6.3852,6.6514,6.5845,6.6514,6.7185,6.6514,4.2664,6.1877,5.7987,6.4514,5.9922,5.9275,5.6708,6.3852,13.1985,10.4776,8.2457,9.4154,6.5845,5.5437,5.32,5.7346,5.6708,5.6071,,,
1991-01-01 00:00:00,2,1.2855,2.0205,2.1213,2.0705,2.9186,2.1213,1.9228,2.0705,1.9228,1.9228,2.0705,6.1223,6.1877,3.4498,7.057,6.5845,5.863,2.1213,2.5569,2.2253,2.0705,2.0205,1.9713,2.0705,2.0205,2.1729,2.2786,10.8654,3.3116,2.7339,2.7946
1990-12-01 00:00:00,2,4.1695,3.98,3.5916,3.6639,3.98,4.1695,4.1695,3.7963,3.177,3.3802,3.5202,3.7371,4.2664,4.5663,3.7963,3.3116,3.3802,3.5202,3.5202,3.3116,2.9819,2.8561,3.046,1.692,1.6049,2.2786,2.615,2.9186,3.046,1.4396,1.4396
1990-11-01 00:00:00,2,3.7963,4.5663,3.98,3.6639,3.98,4.6693,4.4648,4.4648,4.4648,4.4648,4.5663,4.4648,4.4648,4.5663,4.5663,4.3649,4.4648,4.3649,4.2664,4.3649,4.2664,4.4648,4.3649,4.2664,4.074,4.2664,5.2076,4.074,4.1695,4.1695,
1990-10-01 00:00:00,2,4.5663,4.5663,4.3649,4.3649,4.3649,4.1695,4.074,4.1695,4.1695,4.2664,4.1695,4.4648,5.2076,4.1695,4.2664,4.2664,4.1695,4.2664,3.98,4.2664,4.2664,4.2664,4.1695,4.2664,4.2664,4.4648,4.3649,4.1695,4.3649,4.4648,4.4648
1990-09-01 00:00:00,2,4.074,4.074,4.1695,4.074,3.98,4.074,4.1695,4.5663,4.4648,4.5663,4.1695,4.4648,4.5663,4.4648,4.6693,4.8799,4.5663,4.4648,4.4648,4.3649,4.3649,4.4648,4.3649,4.3649,4.2664,4.3649,4.2664,4.2664,4.3649,4.2664,
1990-08-01 00:00:00,2,4.3649,4.3649,4.3649,4.2664,4.2664,4.4648,4.3649,4.3649,4.3649,4.3649,4.3649,4.074,3.7963,3.7963,3.7371,3.7963,3.6639,3.6639,3.5916,3.5202,3.5202,3.5202,3.5916,3.6639,3.7963,3.8874,3.7371,3.7963,3.7371,3.7963,3.8874
1990-07-01 00:00:00,2,3.98,4.074,3.98,4.074,3.98,4.1695,4.7738,4.2664,4.074,4.074,4.074,4.1695,4.074,4.074,4.074,5.4176,4.074,3.98,4.2664,4.6693,4.4648,4.6693,4.1695,4.3649,4.3649,4.3649,4.4648,4.4648,4.2664,4.3649,4.3649
1990-06-01 00:00:00,2,4.1695,3.7963,3.1111,4.8799,3.8874,3.7963,3.7371,4.3649,4.8799,3.5202,4.4648,4.6693,4.4648,4.074,3.98,5.4805,4.074,3.8874,3.98,4.074,3.98,4.074,4.1695,4.074,4.074,4.074,5.9275,4.074,4.074,3.8874,
1990-05-01 00:00:00,2,1.8751,3.5916,5.4805,4.6693,4.4648,3.2439,3.6639,3.4498,3.4498,3.3802,3.4498,4.3649,4.2664,4.5663,3.6639,3.5202,3.6639,4.6693,3.5202,3.4498,3.6639,3.5202,3.4498,3.5202,3.5916,3.5916,2.8561,3.8874,3.5916,3.98,4.5663
1990-04-01 00:00:00,2,3.5202,3.4498,3.3802,3.7963,3.5916,4.074,4.8799,3.4498,3.5916,3.5202,5.4176,4.5663,1.8751,4.4648,2.5569,4.6693,4.8799,4.1695,3.7963,4.4648,3.1111,4.9876,4.3649,4.3649,3.5916,3.5202,3.5202,3.6639,2.2786,3.5916,
1990-03-01 00:00:00,2,4.7738,4.8799,4.8799,3.5202,4.6693,4.6693,4.5663,4.5663,4.5663,4.4648,2.7339,4.4648,4.4648,4.3649,4.3649,4.3649,4.3649,3.3116,3.2439,3.4498,3.3802,3.4498,3.3802,3.3802,3.2439,3.3802,3.5202,4.5663,5.2076,5.5437,4.6693
1990-02-01 00:00:00,2,5.9922,6.0572,5.9922,4.3649,5.9922,5.9275,5.9275,5.9275,5.863,5.9275,4.2664,5.9275,5.9922,5.9922,5.9275,5.863,5.7346,3.5916,5.863,5.7346,5.4176,4.6693,5.7987,5.9275,2.5569,4.9876,5.32,4.6693,,,
1990-01-01 00:00:00,2,7.1938,7.8901,13.4477,12.0546,7.7493,7.5395,6.8532,7.8901,7.1938,7.1253,7.1253,7.1253,7.1938,6.0572,7.057,6.7185,6.7185,6.5845,6.7185,3.5202,6.5845,6.3852,6.0572,6.0572,6.0572,6.3191,6.4514,3.98,5.9922,6.0572,6.1877
1989-12-01 00:00:00,2,4.5949,4.5949,2.6636,4.4405,4.2887,4.5949,4.3642,4.0659,4.1395,3.9207,4.3642,3.9207,9.0012,3.8491,3.7782,3.7782,1.9004,3.7079,3.7079,7.2283,12.44,3.7371,4.074,3.4498,1.7821,4.8799,4.7738,4.8799,4.7738,4.9876,5.863
1989-11-01 00:00:00,2,4.2138,4.5174,4.3642,4.4405,3.3663,4.5174,4.4405,4.6731,4.9117,4.6731,4.752,2.8429,6.7482,4.752,2.6636,4.752,4.6731,4.752,4.1395,5.1562,5.1562,6.1938,5.2391,4.6731,4.5174,3.3,4.5949,4.6731,4.6731,4.5949,
1989-10-01 00:00:00,2,3.7782,3.7782,4.1395,4.5949,4.5174,4.5174,4.5174,3.9207,4.1395,4.5174,4.5174,4.5174,4.5174,4.5174,4.4405,4.5174,4.4405,4.5174,4.5174,4.5949,4.5174,4.2138,4.5949,4.752,4.5949,4.5949,4.5949,4.6731,4.5174,4.5174,4.5949
1989-09-01 00:00:00,2,3.8491,3.7782,3.8491,3.8491,3.9207,3.8491,3.8491,3.8491,3.7782,3.8491,3.8491,3.8491,3.9207,3.9207,3.8491,3.8491,3.4333,3.8491,3.8491,3.8491,3.8491,3.8491,3.8491,3.6382,3.8491,3.993,3.993,3.9207,4.2887,4.2138,
1989-08-01 00:00:00,2,3.105,3.105,3.105,3.105,3.105,3.105,3.105,3.1693,3.105,2.9795,3.105,3.105,3.105,3.105,3.105,3.1693,3.501,3.7782,3.4333,3.7782,3.7782,3.7782,3.8491,3.8491,3.7782,3.8491,3.7782,3.7782,3.7782,3.7782,3.8491
1989-07-01 00:00:00,2,2.7081,2.7081,2.6636,2.6193,2.6193,2.8882,2.6193,2.6193,2.6636,2.6193,2.6193,2.6193,2.6193,2.6193,2.6193,2.6193,2.7081,2.7081,2.7081,2.7081,3.2343,3.105,2.9795,2.9795,3.105,3.105,3.105,3.105,3.105,2.8882,3.105
1989-06-01 00:00:00,2,2.7081,2.6193,2.6193,2.6193,2.6193,2.6193,2.6193,2.6193,2.6193,2.6193,2.6636,2.6636,2.6193,2.6193,2.6193,2.6193,2.6193,2.6193,2.6193,2.6193,2.6193,2.6193,2.6193,2.6193,2.6193,2.6193,2.6193,2.6193,2.6193,2.6193,
1989-05-01 00:00:00,2,2.5314,2.5314,2.5314,2.5314,2.5314,2.5314,2.5314,2.8429,2.5314,2.5314,2.5314,2.5314,2.5314,2.5314,2.5314,2.5314,2.5314,2.5314,2.5314,2.5314,2.5314,2.5314,2.5314,2.5314,2.6193,2.7081,2.7081,2.6193,2.6193,2.6193,2.7081
1989-04-01 00:00:00,2,3.6382,2.6193,3.6382,3.9207,3.9207,3.2343,3.2343,3.2343,3.6382,3.2343,2.9795,2.9795,2.8882,2.5314,2.1466,2.1884,2.3581,2.6193,2.9337,2.9795,2.5314,2.5314,2.3154,2.5314,2.5314,2.5314,2.5314,2.5314,2.5314,2.3154,
1989-03-01 00:00:00,2,3.2343,2.7081,2.7081,2.6636,2.9795,2.5314,11.7745,5.0741,4.6731,2.9337,2.7081,2.7081,3.8491,10.7978,15.034,12.1058,9.3063,7.6243,6.0143,6.0143,5.1562,5.1562,4.6731,3.1693,5.1562,4.3642,3.993,3.9207,3.9207,3.6382,3.6382
1989-02-01 00:00:00,2,2.7081,2.7081,2.7081,2.7081,2.9795,5.8374,2.7977,2.7081,3.7079,2.7977,5.0741,3.3,2.7977,2.6193,3.9207,2.8429,2.7081,2.7081,2.6193,2.5752,2.5314,2.4011,6.468,3.3663,2.5752,2.1049,2.5314,2.3154,,,
1989-01-01 00:00:00,2,1.7019,3.2343,3.2343,3.2343,3.2343,3.2343,2.7081,2.7528,2.7081,2.7081,2.7081,2.7081,2.7081,2.7081,2.9337,3.2343,3.2343,2.7081,2.7081,2.7081,2.7081,2.7081,2.7081,3.2343,3.2343,3.3663,3.3,3.1693,3.0254,3.105,3.105
1988-12-01 00:00:00,2,3.3663,3.501,3.6382,3.5693,3.501,3.501,3.501,3.501,3.501,3.5693,3.5693,3.501,4.2138,3.3,4.6731,3.3663,3.2343,3.2343,3.2343,3.2343,3.5693,3.7782,3.3663,3.3663,1.7019,3.2343,3.2343,3.3663,3.2343,3.2343,3.2343
1988-11-01 00:00:00,2,3.6382,3.6382,3.6382,3.6382,3.501,3.501,3.501,3.6382,3.6382,3.6382,3.3663,3.3663,3.2343,3.2343,1.3246,3.3663,3.3663,3.3663,3.3,3.2343,3.3663,3.3663,3.501,3.3,3.2343,3.2343,3.2343,3.2343,3.2343,3.2343,
1988-10-01 00:00:00,2,3.501,3.501,3.501,3.501,3.501,3.501,3.501,3.501,3.501,3.501,3.501,3.501,3.501,3.501,3.501,3.2343,3.501,3.6382,3.5693,3.501,3.501,3.501,2.7977,3.6382,3.6382,3.6382,3.6382,3.6382,3.6382,3.501,3.501
1988-09-01 00:00:00,2,3.2343,3.2343,3.2343,3.2343,3.4333,3.501,2.5752,3.2343,3.3663,3.3663,3.3663,3.3663,3.3663,3.3663,3.3663,3.3663,3.501,3.501,3.501,3.501,3.501,3.501,3.501,3.501,3.501,3.501,3.501,3.501,3.501,3.501,
1988-08-01 00:00:00,2,2.6193,2.6193,2.6193,2.9795,2.9795,2.9795,2.9795,2.9795,2.9795,2.9795,2.9795,2.9795,2.9795,2.9795,2.9795,2.9795,2.9795,2.9795,2.9795,2.9795,2.9795,2.9795,2.9795,2.9795,2.9795,2.9795,2.9795,2.9795,3.105,3.1693,3.2343
1988-07-01 00:00:00,2,2.6193,2.7081,2.7528,2.7528,2.7081,2.7081,2.7081,2.7081,2.6636,2.7081,2.6193,2.6193,2.6193,2.6193,2.6636,2.7081,2.7081,2.7081,2.7081,2.7081,2.7081,2.7081,2.7081,2.7081,2.7081,2.7081,2.6193,2.6193,2.6193,2.6193,2.6636
1988-06-01 00:00:00,2,2.5314,2.5314,2.5314,2.5314,2.5314,2.5314,2.5314,2.5314,2.5314,2.5314,2.5314,2.5314,2.5314,2.5314,2.6193,2.6193,2.6193,4.4405,4.3642,3.0254,2.5314,2.5314,2.6193,2.5314,2.5752,2.6193,2.6193,2.6193,2.6193,2.6193,
1988-05-01 00:00:00,2,2.3581,3.105,3.2343,3.2343,3.2343,3.2343,3.2343,3.2343,3.2343,3.2343,2.4877,3.2343,3.1693,3.2343,3.2343,3.1693,3.105,3.105,3.105,3.105,3.105,3.105,3.105,3.105,3.105,2.8429,2.5314,2.5314,2.5314,2.5314,2.5314
1988-04-01 00:00:00,2,1.9004,5.6631,5.577,9.8478,6.8429,4.6731,3.3663,3.7782,3.501,3.3663,3.2343,3.105,3.105,3.3663,3.7079,3.5693,3.4333,3.3663,2.9795,3.501,3.4333,3.105,3.105,2.9795,2.9795,2.9795,2.9795,2.9795,2.9795,2.9795,
1988-03-01 00:00:00,2,4.3642,4.1395,7.2283,9.3831,13.2877,13.0315,9.6921,5.7499,4.8315,4.5949,4.3642,4.5949,4.1395,3.993,3.9207,3.9207,5.6631,6.1938,6.0143,5.4067,4.8315,4.3642,3.9207,3.6382,3.6382,3.6382,3.3663,3.3663,3.3663,3.3663,3.3663
1988-02-01 00:00:00,2,3.501,3.501,3.501,3.5693,3.6382,3.6382,3.6382,3.501,3.7782,4.1395,4.5949,4.6731,4.6731,4.6731,9.1534,7.725,9.8478,11.6099,9.6146,8.0309,6.0143,6.0143,6.0143,5.8374,5.6631,5.6631,5.4915,4.9926,4.5949,,
1988-01-01 00:00:00,2,3.1693,3.9207,3.9207,3.9207,3.9207,3.9207,3.9207,3.9207,4.0659,4.2887,4.0659,4.0659,3.7782,3.3663,3.3663,3.3663,3.3663,3.3663,3.4333,3.501,3.501,3.501,3.501,3.501,3.501,3.501,3.501,3.501,3.501,3.501,3.5693
1987-12-01 00:00:00,2,3.7782,3.7782,3.7782,3.7782,3.7782,3.7782,3.7782,3.7782,3.7782,3.9207,4.2138,4.3642,4.2138,4.2138,3.7782,3.7782,3.7782,3.7782,11.2828,5.4915,4.4405,4.2138,3.9207,3.9207,3.1693,3.9207,3.9207,3.9207,3.9207,3.9207,3.9207
1987-11-01 00:00:00,2,3.2343,3.2343,3.2343,3.2343,3.2343,3.2343,3.2343,3.2343,3.2343,3.2343,3.2343,3.2343,3.2343,3.2343,3.105,3.3663,3.7782,3.7782,3.7782,3.7782,3.7782,3.7782,3.7782,3.4333,3.2343,3.2343,3.7782,4.3642,4.3642,4.1395,
1987-10-01 00:00:00,2,3.2343,3.2343,3.2343,3.2343,3.2343,3.2343,3.2343,3.4333,3.105,3.2343,3.2343,3.2343,3.105,3.2343,3.2343,3.2343,3.2343,3.2343,3.2343,3.2343,3.2343,3.2343,3.2343,3.2343,3.2343,3.2343,3.2343,3.2343,3.2343,3.2343,3.2343
1987-09-01 00:00:00,2,3.1693,3.2343,3.2343,3.2343,3.2343,3.3,2.0636,3.501,3.2343,3.2343,3.2343,3.2343,3.2343,3.2343,3.2343,3.2343,3.2343,3.4333,3.3663,3.0254,3.2343,3.2343,3.6382,3.3,3.2343,3.2343,3.2343,3.2343,3.2343,3.2343,
1987-08-01 00:00:00,2,3.6382,3.6382,3.6382,3.6382,3.6382,3.6382,3.6382,3.6382,3.5693,3.501,3.501,3.501,3.501,3.501,3.501,3.501,3.501,3.5693,3.7079,3.8491,3.4333,3.501,3.501,3.6382,3.501,3.501,3.501,3.501,3.501,3.6382,3.501
1987-07-01 00:00:00,2,3.5693,3.5693,3.501,3.501,3.501,3.5693,3.501,3.501,3.5693,3.501,3.501,3.5693,3.6382,3.6382,3.5693,3.501,3.501,3.501,3.5693,3.501,3.501,3.501,3.501,3.5693,3.5693,3.501,3.501,3.501,3.501,3.501,3.501
1987-06-01 00:00:00,2,3.7782,3.7782,3.6382,3.6382,3.6382,3.6382,3.5693,3.6382,3.6382,3.6382,3.6382,3.6382,3.5693,3.6382,3.6382,3.6382,3.5693,3.5693,3.501,3.501,3.5693,3.501,3.5693,3.6382,3.6382,3.5693,3.6382,3.6382,3.501,3.501,
1987-05-01 00:00:00,2,3.501,3.9207,3.7782,3.7782,3.7782,3.7782,3.7782,3.7782,3.7782,3.7782,3.7782,3.7079,3.7782,3.7782,3.7782,3.6382,3.6382,3.6382,3.6382,3.6382,3.6382,3.6382,3.6382,3.6382,3.6382,3.6382,3.7079,4.0659,3.8491,3.7782,3.7782
1987-04-01 00:00:00,2,3.7079,3.8491,4.3642,3.9207,3.9207,3.7782,3.6382,3.6382,3.6382,3.9207,8.1342,5.1562,4.2887,3.9207,3.7782,3.6382,2.9795,3.6382,3.6382,3.6382,3.7782,3.7782,3.7782,3.7782,3.7782,3.7782,3.9207,4.2138,3.8491,3.7782,
1987-03-01 00:00:00,2,3.9207,3.7782,3.6382,3.7079,3.6382,3.6382,3.6382,3.6382,3.9207,5.4067,6.3759,5.8374,4.9926,5.1562,4.8315,4.8315,4.8315,4.3642,3.6382,3.7782,4.2138,4.2138,4.0659,4.0659,3.7079,3.6382,3.6382,3.6382,3.6382,3.6382,3.6382
1987-02-01 00:00:00,2,4.9926,5.1562,5.1562,4.9926,5.1562,4.9926,4.752,4.5174,5.3226,4.5174,4.9926,4.9117,4.5174,4.2138,4.3642,4.3642,5.3226,6.9383,7.9282,5.9255,5.3226,4.6731,4.2138,4.2138,4.2138,4.2138,4.0659,4.0659,,,
1987-01-01 00:00:00,2,4.5174,5.4915,5.3226,5.3226,4.8315,4.8315,4.8315,4.8315,5.1562,5.0741,4.9117,5.2391,5.3226,5.1562,5.2391,5.3226,5.3226,5.0741,5.4067,8.448,8.8498,7.5243,6.0143,4.9926,5.2391,6.0143,5.6631,6.2845,6.0143,6.0143,5.4915
1986-12-01 00:00:00,2,2.8882,3.3663,3.2343,3.3663,3.3663,3.3663,3.2343,3.3,3.3663,3.3663,3.105,3.3663,3.4333,3.2343,3.501,3.3663,3.3663,3.3663,3.3663,2.7081,3.105,3.3663,3.501,3.6382,8.0309,6.468,6.9383,6.0143,5.8374,5.8374,6.0143
1986-11-01 00:00:00,2,3.7782,3.6382,3.501,3.501,3.501,3.501,3.501,3.501,3.501,3.501,3.501,3.6382,3.5693,3.501,2.5314,3.3663,3.3663,3.3663,3.3663,3.3663,3.3663,3.3663,3.3663,3.3663,3.3663,3.3663,3.3663,3.3663,3.3663,3.3663,
1986-10-01 00:00:00,2,4.0659,4.0659,4.0659,4.0659,4.0659,3.9207,4.0659,3.9207,3.9207,3.9207,3.9207,3.9207,3.501,3.7782,3.7782,3.7782,3.7782,3.7782,3.7782,3.7782,3.7782,3.7782,3.7782,3.7782,3.7782,3.7782,3.7782,3.7782,3.9207,3.7782,3.7782
1986-09-01 00:00:00,2,4.8315,4.8315,5.577,5.4067,4.9926,4.6731,3.9207,4.4405,4.5174,4.5174,4.5174,4.5174,4.5174,4.5174,4.5174,4.5174,4.5174,4.5174,4.5174,4.5174,4.2138,4.3642,4.3642,4.2138,4.0659,4.0659,4.0659,3.9207,4.0659,4.0659,
1986-08-01 00:00:00,2,5.0741,4.9926,4.9926,4.9926,4.9926,4.9926,4.9926,4.9926,4.9926,4.9926,4.9926,4.9926,4.9926,4.9926,4.9926,4.9926,4.9926,4.9926,4.9926,4.9926,4.9926,4.9926,4.6731,4.8315,4.8315,4.9117,4.8315,4.8315,4.8315,4.8315,4.6731
1986-07-01 00:00:00,2,5.1562,5.0741,4.9926,4.9926,4.9926,4.9926,5.1562,4.9926,4.9926,4.9926,4.9926,4.9926,4.9926,4.9926,5.1562,5.0741,5.0741,4.9926,5.1562,5.1562,5.1562,5.1562,5.1562,5.1562,5.1562,5.1562,5.1562,5.1562,5.1562,5.1562,5.1562
1986-06-01 00:00:00,2,,,,,,,,,,,,,,,,,,,,,,,,,,,5.1562,5.1562,5.1562,5.1562,
1986-05-01 00:00:00,2,,,,,,,,,,,,,,,,,,,,,,,,,,,,,,,
1986-04-01 00:00:00,2,,,,,,,,,,,,,,,,,,,,,,,,,,,,,,,
1986-03-01 00:00:00,2,,,,,,,,,,,,,,,,,,,,,,,,,,,,,,,
1986-02-01 00:00:00,2,,,,,,,,,,,,,,,,,,,,,,,,,,,,,,,
1986-01-01 00:00:00,2,,,,,,,,,,,,,,,,,,,,,,,,,,,,,,,
1985-12-01 00:00:00,2,,,,,,,,,,,,,,,,,,,,,,,,,,,,,,,
1985-11-01 00:00:00,2,,,,,,,,,,,,,,,,,,,,,,,,,,,,,,,
1985-10-01 00:00:00,2,5.0741,5.1562,5.0741,4.8315,4.6731,4.3642,5.6631,5.3226,5.0741,4.9926,5.0741,3.993,1.3979,4.3642,5.1562,6.0143,6.0143,5.7499,5.6631,5.0741,5.3226,4.8315,4.2138,4.0659,3.7782,3.6382,3.5693,3.3663,3.3663,3.3,3.2343
1985-09-01 00:00:00,2,4.1395,4.2138,4.2138,4.2887,4.2138,4.3642,2.4443,1.3246,3.9207,4.0659,4.0659,4.0659,4.0659,4.0659,2.4443,1.3246,3.7782,4.2138,4.3642,4.3642,4.3642,4.6731,4.5174,4.5174,4.4405,4.4405,4.2138,4.2138,4.1395,5.6631,
1985-08-01 00:00:00,2,3.6382,3.7079,3.7782,2.1884,3.7079,3.6382,3.6382,3.6382,3.7782,3.7079,3.7079,3.8491,3.6382,3.9207,4.0659,4.0659,4.2138,2.7977,3.993,4.0659,3.9207,4.0659,4.0659,4.0659,4.0659,4.1395,4.1395,3.993,3.993,4.0659,4.2138
1985-07-01 00:00:00,2,3.7782,3.6382,3.501,3.3,3.3,3.6382,2.1049,3.3663,3.3663,3.3663,3.3663,3.3663,4.0659,3.1693,3.501,3.501,3.501,3.501,3.501,3.3663,3.2343,3.3663,3.501,3.6382,3.6382,3.6382,3.6382,3.6382,3.6382,3.6382,3.6382
1985-06-01 00:00:00,2,5.1562,4.5949,4.8315,5.3226,5.2391,4.5174,5.8374,5.4915,2.7528,5.3226,5.1562,5.4915,5.4915,5.4067,5.4067,2.8429,5.3226,5.3226,5.4067,5.4067,5.7499,5.4915,2.7528,6.9383,6.0143,6.0143,6.0143,6.0143,6.0143,2.4443,
1985-05-01 00:00:00,2,6.7482,6.9383,7.725,7.425,6.6541,6.8429,6.3759,6.1037,6.1938,6.0143,6.1938,6.6541,6.1938,6.3759,6.0143,6.0143,5.7499,5.6631,5.4915,5.577,5.4915,5.8374,5.8374,5.6631,5.6631,5.4915,5.6631,5.2391,5.1562,5.1562,5.1562
1985-04-01 00:00:00,2,13.8913,11.7745,10.6376,9.9259,9.5372,10.1614,8.448,9.2297,9.3063,9.1534,8.9254,8.8498,8.7744,8.6605,8.5539,8.3427,8.1342,9.46,9.0772,8.6993,7.9282,7.725,7.5243,7.2283,7.131,7.131,7.131,5.9255,7.0343,6.7482,
1985-03-01 00:00:00,2,34.6328,21.1475,14.5912,13.9782,13.1167,11.6921,11.3643,12.9465,16.1134,14.3275,12.3562,14.5031,15.034,13.4593,14.7678,15.6608,15.3912,19.4869,19.1023,15.751,14.2399,11.446,10.0827,10.3194,10.3986,10.2403,13.3734,11.3643,11.5278,15.9319,18.0571
1985-02-01 00:00:00,2,19.1982,16.7537,15.4809,12.6081,11.2015,11.3643,11.5278,11.6099,12.1891,12.1058,13.8913,12.8617,11.5278,10.1614,9.5372,9.2297,8.7744,8.448,8.2381,8.2381,8.0309,7.6243,9.3063,12.6925,12.6925,24.6957,25.0077,26.4051,,,
1985-01-01 00:00:00,2,2.9337,5.0741,5.2391,5.4067,5.3226,5.0741,5.577,7.8263,22.8496,22.6472,13.9782,10.3194,9.3063,10.9587,11.7745,10.3986,14.2399,23.0525,17.2157,14.5031,25.5304,21.0486,16.2044,13.6316,17.3086,18.7201,20.1655,21.6438,23.1542,22.5462,24.0754
1984-12-01 00:00:00,2,3.9207,3.7079,3.9207,4.2887,3.9207,4.4405,4.9926,7.9282,9.3831,4.4405,4.9117,4.752,5.0741,5.0741,5.4915,7.5243,6.7482,5.4067,5.2391,4.9926,4.9926,4.9926,2.2305,2.1049,1.7019,4.9117,5.4915,5.0741,5.8374,5.3226,3.2343
1984-11-01 00:00:00,2,4.3642,4.2887,4.3642,3.1693,4.2887,4.2138,4.2138,4.5174,4.5174,4.5174,3.3,4.4405,4.4405,4.4405,3.3663,4.5174,4.5949,3.2343,4.2138,4.8315,4.0659,3.6382,8.6993,4.5949,3.6382,3.6382,3.7079,3.7782,4.3642,5.6631,
1984-10-01 00:00:00,2,3.8491,4.3642,4.2887,4.3642,4.2138,4.3642,2.9795,4.0659,4.0659,4.2138,4.5949,2.1049,4.0659,4.0659,4.2887,4.2887,4.2138,4.2887,4.6731,4.5949,3.3,4.1395,4.2138,4.6731,4.3642,4.8315,4.2138,4.2887,4.2887,4.2138,4.2887
1984-09-01 00:00:00,2,3.105,3.105,2.9795,2.9795,3.0254,3.0254,1.9004,2.4443,3.2343,3.2343,3.2343,3.8491,3.7782,4.3642,4.2887,4.2138,4.2887,4.2887,4.2138,4.2138,4.3642,3.9207,3.9207,4.1395,4.3642,4.2887,4.2887,4.1395,4.3642,3.4333,
1984-08-01 00:00:00,2,3.105,3.105,3.105,3.105,2.2305,3.105,2.7081,2.7977,2.8882,2.8882,2.8882,1.8602,2.8882,2.9337,2.0224,2.9337,2.9795,2.9795,1.8602,3.1693,3.105,3.105,3.2343,3.2343,3.105,1.3979,3.0254,3.0254,3.0254,3.105,3.105
1984-07-01 00:00:00,2,3.7782,4.4405,4.4405,4.2138,4.0659,3.993,3.8491,2.4443,3.7782,3.7782,3.9207,3.9207,3.8491,3.501,2.2728,3.501,3.4333,3.4333,3.501,3.501,3.501,2.5314,3.1693,3.105,3.105,3.2343,3.2343,3.2343,2.1884,3.105,3.105
1984-06-01 00:00:00,2,4.752,4.8315,3.501,4.752,4.8315,4.8315,4.8315,4.9117,4.8315,3.8491,5.0741,5.7499,5.6631,5.6631,5.6631,5.6631,3.7079,5.4067,5.4915,5.4915,3.6382,5.4067,5.3226,3.3663,5.4067,5.3226,4.9117,4.5174,4.4405,4.5174,
1984-05-01 00:00:00,2,3.9207,5.4067,5.3226,5.0741,5.1562,3.2343,5.3226,5.1562,4.9926,4.8315,4.8315,4.8315,4.1395,4.752,4.8315,4.8315,4.752,4.8315,4.6731,3.8491,4.752,4.8315,4.752,4.8315,4.8315,4.8315,3.7782,4.752,4.6731,4.752,4.6731
1984-04-01 00:00:00,2,4.3642,5.1562,5.1562,9.0772,5.9255,5.8374,5.8374,5.1562,5.0741,5.1562,5.1562,5.1562,5.1562,5.1562,4.2887,5.1562,5.1562,5.1562,5.1562,2.1049,3.993,3.8491,4.5949,5.3226,5.6631,5.6631,5.6631,5.6631,5.4067,5.6631,
1984-03-01 00:00:00,2,5.9255,5.8374,5.8374,5.8374,6.0143,6.0143,5.7499,5.6631,5.8374,6.2845,6.0143,6.1037,6.0143,6.0143,5.9255,5.9255,5.7499,5.8374,5.9255,5.8374,5.8374,5.6631,5.3226,5.1562,5.1562,5.1562,5.2391,5.1562,4.9926,5.1562,5.1562
1984-02-01 00:00:00,2,6.0143,5.8374,5.8374,5.8374,5.8374,5.8374,5.7499,5.8374,5.9255,5.8374,5.8374,5.0741,5.6631,5.9255,5.8374,5.9255,6.0143,6.0143,5.4067,5.8374,5.7499,5.9255,5.8374,5.9255,5.8374,5.9255,5.7499,5.8374,5.9255,,
1984-01-01 00:00:00,2,8.0309,7.725,6.9383,4.9926,5.2391,4.5174,10.9587,10.7176,9.6146,8.8498,8.7744,7.9282,7.2283,6.9383,6.468,6.5607,6.468,6.6541,6.5607,6.468,5.9255,5.9255,6.468,7.0343,7.131,7.0343,9.0012,8.6993,7.8263,7.0343,6.3759
1983-12-01 00:00:00,2,8.448,9.1534,9.0012,9.6921,10.3194,9.9259,10.6376,9.0772,10.0827,12.3562,12.777,15.4809,16.4783,18.3404,16.4783,16.2955,15.9319,14.5912,11.2828,9.3831,10.0042,9.0012,9.2297,9.0012,6.0143,10.3194,9.7698,10.8782,10.8782,9.8478,8.5539
1983-11-01 00:00:00,2,6.3759,6.0143,6.3759,6.2845,6.0143,4.1395,6.0143,6.0143,7.425,6.3759,6.3759,6.9383,4.9926,13.1167,22.3447,26.4051,9.2297,7.725,7.5243,9.9259,16.6617,16.938,17.6816,16.1134,16.4783,15.5708,13.4593,11.0395,8.8498,8.448,
1983-10-01 00:00:00,2,5.9255,2.9795,5.9255,5.6631,5.8374,6.0143,6.6541,6.6541,3.7079,6.468,6.7482,5.4067,6.0143,6.0143,5.7499,2.6636,5.4067,6.1938,5.7499,5.9255,6.1938,6.1938,4.9926,6.0143,6.0143,6.0143,5.9255,6.1938,6.0143,3.6382,6.1037
1983-09-01 00:00:00,2,6.1938,6.2845,6.1037,2.7528,5.9255,6.1938,2.9337,5.9255,6.0143,6.1037,2.0224,5.7499,5.9255,5.9255,5.9255,6.0143,5.9255,2.7081,5.7499,6.0143,5.9255,6.0143,6.1037,6.0143,3.4333,5.8374,5.8374,6.0143,5.9255,5.9255,
1983-08-01 00:00:00,2,6.8429,5.3226,5.2391,5.0741,5.577,6.1037,2.8882,7.0343,6.1037,5.9255,6.1037,5.9255,6.0143,2.4011,5.2391,6.468,6.1938,6.1037,6.1037,6.1037,3.1693,6.1037,6.1037,6.1037,6.2845,6.3759,6.1938,3.1693,6.3759,6.1938,6.1037
1983-07-01 00:00:00,2,6.2845,6.3759,3.993,7.9282,6.1037,6.0143,5.9255,5.7499,5.8374,4.5949,6.468,5.4915,5.4915,5.3226,5.2391,5.2391,4.0659,6.6541,6.1938,7.425,8.7744,7.6243,6.6541,4.0659,6.7482,5.4915,5.4067,5.2391,5.2391,5.0741,3.501
1983-06-01 00:00:00,2,19.0065,12.9465,12.524,10.3986,8.8498,9.7698,8.9254,8.8498,8.5539,8.1342,7.9282,6.468,8.6605,7.5243,6.9383,7.0343,7.0343,7.0343,5.1562,8.2381,6.8429,6.5607,6.2845,6.5607,6.5607,4.6731,7.3263,6.5607,6.3759,6.2845,
1983-05-01 00:00:00,2,8.448,9.6146,9.46,9.1534,9.1534,8.9254,8.9254,7.3263,9.46,9.0012,8.7744,8.6605,8.448,8.3427,6.9383,9.3063,8.3427,8.0309,7.8263,7.725,7.5243,4.9926,8.9254,7.5243,7.8263,8.1342,8.1342,7.5243,10.9587,13.2021,23.5622
1983-04-01 00:00:00,2,9.5372,10.5577,10.3986,10.1614,9.5372,9.3831,20.4586,19.7768,13.2021,10.7176,17.6816,21.5443,17.4948,13.4593,11.6099,11.9398,11.6921,11.3643,10.8782,10.7176,10.2403,10.7978,10.4781,10.0827,15.6608,14.2399,12.0227,12.3562,11.446,10.2403,
1983-03-01 00:00:00,2,18.4351,18.8154,16.8458,16.2044,17.4016,19.3905,21.0486,17.123,13.6316,8.448,9.3831,10.1614,9.3831,11.7745,11.1204,10.6376,10.3194,10.3986,10.9587,18.7201,17.2157,21.8434,16.8458,10.2403,8.448,9.7698,10.0827,18.8154,14.2399,10.3194,9.46
1983-02-01 00:00:00,2,14.5912,14.5912,19.0065,17.3086,15.6608,13.0315,9.2297,8.1342,7.9282,18.9109,35.4059,26.136,37.4544,24.2816,19.9709,14.0652,12.6925,10.8782,9.8478,8.6993,11.1204,11.0395,10.8782,10.5577,10.8782,13.8045,12.777,19.5834,,,
1983-01-01 00:00:00,2,2.936,2.8919,4.7941,3.5791,3.6306,3.7872,3.6824,3.8401,3.8401,3.947,3.947,4.1101,3.7872,4.1651,4.1101,3.3269,4.1651,3.6824,20.0786,31.4763,36.1872,25.8456,21.3456,21.7435,29.1693,23.8697,20.2631,19.1023,16.4783,14.1525,15.9319
1982-12-01 00:00:00,2,4.913,5.0941,5.0941,4.7941,4.7351,5.1551,4.3889,3.6306,4.7941,4.6183,4.1101,3.5791,4.6765,4.2763,4.1651,4.001,4.3324,3.8934,2.5886,3.2046,2.6743,3.3766,3.8934,3.6306,3.0248,9.0509,4.2763,3.25,3.7872,3.6306,3.5279
1982-11-01 00:00:00,2,5.4656,5.7204,5.6562,5.6562,5.785,5.6562,4.7941,5.5923,6.0467,6.113,5.6562,5.4028,5.4656,4.0554,4.3324,5.6562,5.0334,4.913,5.0941,4.913,4.3889,5.3404,5.4656,6.3141,6.3141,6.1797,6.113,4.0554,4.6765,5.0941,
1982-10-01 00:00:00,2,4.3324,4.3889,4.001,4.2205,4.3889,4.3889,4.3324,4.3889,4.3889,3.2956,3.5791,2.9803,3.8401,4.0554,4.2205,4.3324,3.8934,4.4457,4.3324,4.3324,4.3324,4.3324,4.3324,3.8934,4.3889,4.6765,4.5029,4.5029,4.2763,4.2763,3.8401
1982-09-01 00:00:00,2,4.6765,4.7941,4.8534,4.8534,2.848,4.5029,2.4616,4.5604,4.2763,4.2763,4.4457,2.848,4.3889,4.3324,4.4457,4.3889,4.3889,4.3324,2.848,4.3324,4.2763,4.3889,4.3889,4.4457,4.3324,2.3365,4.5604,4.3889,4.3324,4.2763,
1982-08-01 00:00:00,2,2.2132,4.7941,4.3889,4.5604,4.4457,4.5029,4.5604,4.6765,4.6765,4.5029,4.6765,4.7351,4.7351,4.5604,2.7174,4.7351,4.5029,4.6765,4.4457,4.6183,4.5029,2.4197,5.0334,4.5604,4.6183,4.5029,4.7351,4.7351,2.5038,5.0334,4.7941
1982-07-01 00:00:00,2,4.4457,4.3889,4.3889,1.7781,4.6183,4.3324,4.3889,4.5604,4.4457,2.3365,4.6765,4.4457,4.4457,4.5029,4.5029,4.6765,4.3324,2.1725,4.913,4.5604,4.2763,4.3889,4.5604,4.4457,1.6268,4.913,4.3889,4.3324,4.3889,4.5604,4.5029
1982-06-01 00:00:00,2,4.5604,4.5604,4.6183,4.6183,4.2205,2.5461,4.8534,4.8534,4.6765,2.2541,4.7351,4.3889,2.2541,4.5604,4.3324,4.3324,4.3889,4.5029,4.4457,2.5038,4.5604,4.3889,4.3324,4.4457,4.3889,4.5604,2.0519,4.8534,4.3324,4.4457,
1982-05-01 00:00:00,2,4.7941,4.6765,5.0941,4.6765,4.6183,4.5604,4.5029,4.7941,2.7174,4.7351,4.6765,4.7941,4.7351,4.7351,4.6765,2.3365,4.973,4.7941,4.7351,4.6183,4.6183,4.6183,3.4771,5.3404,4.5604,4.6765,4.7941,4.7351,4.7941,2.7608,5.0941
1982-04-01 00:00:00,2,6.7954,6.7954,6.7255,5.8499,6.7255,6.1797,5.2165,5.4028,3.6824,5.3404,5.5288,5.785,5.5288,5.6562,6.8655,15.727,10.6403,6.936,6.2467,5.8499,4.8534,5.5288,4.913,4.913,3.7872,5.0941,4.8534,4.6765,4.6765,4.5604,
1982-03-01 00:00:00,2,10.9908,13.2083,16.5777,11.4365,7.3663,5.5923,4.8534,9.6221,13.3049,13.402,12.6355,11.2572,10.4672,13.9911,13.3049,10.3811,8.8114,7.7345,8.4968,7.9595,8.419,8.4968,7.8091,8.8114,13.597,11.3467,8.7322,8.4968,7.9595,7.4392,7.0069
1982-02-01 00:00:00,2,8.2644,7.6601,6.8655,6.6561,7.6601,8.1877,7.7345,6.936,6.6561,6.113,5.785,5.7204,5.5923,4.7351,4.913,5.0941,4.913,4.8534,4.913,4.7941,4.3324,2.9803,3.5791,4.0554,5.8499,4.7351,4.5604,6.1797,,,
1982-01-01 00:00:00,2,2.5038,5.5923,11.5267,23.7742,29.311,16.2562,10.9908,9.872,7.9595,6.5182,7.5862,11.2572,10.3811,8.8114,9.705,9.0509,6.8655,7.8091,6.1797,6.1797,6.6561,8.8114,9.7883,13.3049,19.3757,18.4574,14.0905,11.4365,9.4572,8.4968,7.078
1981-12-01 00:00:00,2,4.0554,4.1101,4.001,4.2763,4.5029,2.0121,1.2315,1.8165,4.6183,4.6765,3.947,4.001,4.3324,4.6183,3.947,4.4457,3.8934,3.8934,4.2205,3.8401,4.001,4.1651,4.5029,4.1651,2.2132,5.2165,2.5886,5.1551,4.7351,4.913,4.7941
1981-11-01 00:00:00,2,1.6268,4.2205,3.8934,4.1101,3.3766,3.6824,3.6306,1.6268,4.0554,3.1594,3.0695,2.2132,6.587,4.3324,2.1321,4.4457,4.0554,4.2763,4.1101,4.3324,6.8655,2.5038,4.5604,4.001,4.001,4.1651,4.2763,3.947,4.5029,4.2205,
1981-10-01 00:00:00,2,4.1101,4.001,4.1101,1.6268,3.3766,4.1101,4.1651,4.1651,4.1651,4.1101,2.2132,1.2661,4.6765,4.3324,3.947,4.2205,3.7872,1.6268,4.3324,3.7872,3.6306,3.8401,3.6306,3.8934,1.9332,4.2763,3.6824,3.5791,3.8934,3.8401,3.8934
1981-09-01 00:00:00,2,4.913,4.6765,4.7941,4.7351,4.8534,2.4616,1.2661,3.7346,3.8401,3.2956,3.947,4.0554,2.0121,3.2956,3.7872,3.8401,4.001,4.001,4.2205,1.6268,4.5604,3.8401,3.8934,4.1651,4.0554,4.1101,1.6268,4.3324,4.2205,4.0554,
1981-08-01 00:00:00,2,5.0334,1.8941,5.0941,5.0334,5.0334,5.0334,5.0334,5.2165,2.5038,5.1551,4.6765,4.5604,4.5029,4.7351,2.4197,1.6268,4.8534,4.2205,4.5029,4.5604,4.7941,4.7351,1.6268,4.5604,4.7351,4.7351,4.7351,4.6765,4.6765,1.6268,4.913
1981-07-01 00:00:00,2,4.5029,4.3889,4.5029,4.7351,1.6268,4.973,4.6183,4.7941,4.7351,4.8534,4.7941,1.6268,4.913,5.0334,4.913,4.7351,4.913,5.0334,1.6268,4.8534,4.8534,5.0334,5.1551,5.4028,4.913,1.6268,4.913,4.8534,5.0334,4.913,5.0334
1981-06-01 00:00:00,2,4.2763,4.2205,4.1101,4.0554,4.0554,4.1651,1.5896,4.6765,4.3324,4.2763,4.3324,4.3324,4.0554,1.6268,4.5029,4.2205,4.2205,2.0121,4.2205,3.8934,2.2952,4.3324,4.3889,4.2205,4.4457,4.3889,4.5029,1.6268,4.6183,4.6183,
1981-05-01 00:00:00,2,1.6268,1.6268,2.0121,3.8934,4.1651,4.0554,4.1101,4.0554,3.947,2.0121,4.3889,4.0554,4.0554,4.1651,4.1651,4.3324,3.5279,4.3889,4.1101,4.1651,4.2205,4.2205,4.3324,2.848,4.3324,4.3324,4.3324,4.1651,4.2205,4.1651,2.1321
1981-04-01 00:00:00,2,4.913,4.6765,4.4457,4.4457,4.2763,4.0554,4.2205,4.0554,4.001,3.947,4.0554,2.848,4.5029,4.1651,3.947,4.001,1.6268,2.0121,3.5791,1.7399,2.4616,4.1101,3.8401,4.001,4.0554,3.7346,3.7346,3.8934,4.001,3.8934,
1981-03-01 00:00:00,2,3.4267,3.8934,3.6306,3.8934,4.5029,4.5029,4.0554,2.936,4.7351,7.5862,7.8091,6.1797,4.6183,4.3889,2.8919,4.001,4.2763,4.1651,6.2467,5.9807,9.1315,6.7255,5.9151,4.913,4.6183,4.3324,4.2763,4.1651,3.5279,4.913,6.1797
1981-02-01 00:00:00,2,11.5267,10.9908,9.2124,5.8499,4.5029,4.8534,8.9707,8.7322,8.1877,4.913,4.8534,4.7351,4.3324,4.2763,3.3766,4.3324,4.2205,4.2763,4.2763,4.6183,4.3324,4.3324,4.4457,5.2165,5.4656,5.1551,5.2165,4.2763,,,
1981-01-01 00:00:00,2,2.0121,3.8401,3.7872,2.0121,4.1651,3.8934,3.947,4.2205,4.1651,4.1651,2.3365,4.5029,4.001,4.7941,4.913,4.0554,4.001,2.378,4.2205,4.1101,4.0554,4.3324,4.2763,5.2783,5.4028,17.7829,14.8979,11.708,9.2124,9.4572,11.7992
1980-12-01 00:00:00,2,4.1651,4.913,3.947,3.4267,2.4197,3.3269,2.2952,6.2467,4.2763,3.7872,3.7872,3.7872,4.0554,5.4028,4.4457,4.001,4.1101,4.0554,4.1651,4.1651,2.6314,4.1101,3.947,3.947,0.9328,4.5604,3.947,1.2661,4.2205,4.2763,4.001
1980-11-01 00:00:00,2,4.3324,2.5038,4.5029,4.5029,4.4457,4.2763,4.2763,4.4457,2.0919,4.7941,4.8534,5.5288,4.5029,4.4457,2.4197,1.6268,4.4457,4.2763,4.4457,4.5604,4.5029,4.7941,2.1321,4.2763,3.8401,4.001,4.0554,3.947,4.2205,3.7872,
1980-10-01 00:00:00,2,4.3889,4.6765,5.4656,4.5604,1.2661,4.2763,4.4457,5.3404,4.3889,4.5604,4.3889,1.2661,4.913,4.2205,4.3324,4.3889,4.2205,4.3324,2.2541,4.3889,4.2205,4.3324,4.2763,4.913,4.5604,1.6268,4.7351,4.5604,4.4457,4.4457,4.3324
