DataHora,NivelConsistencia,Vazao01,Vazao02,Vazao03,Vazao04,Vazao05,Vazao06,Vazao07,Vazao08,Vazao09,Vazao10,Vazao11,Vazao12,Vazao13,Vazao14,Vazao15,Vazao16,Vazao17,Vazao18,Vazao19,Vazao20,Vazao21,Vazao22,Vazao23,Vazao24,Vazao25,Vazao26,Vazao27,Vazao28,Vazao29,Vazao30,Vazao31
2023-04-01 00:00:00,2,13.0188,13.9544,13.0188,13.0188,12.4101,12.1102,12.1102,11.5195,11.8133,12.1102,20.4845,16.2402,17.9593,18.6668,15.9049,16.2402,15.9049,15.2431,15.9049,13.0188,13.3277,13.3277,12.4101,14.2722,16.5783,13.0188,12.713,12.4101,12.1102,12.1102,
2023-03-01 00:00:00,2,21.2309,20.1154,23.1448,22.3711,21.2309,19.3855,20.8563,18.6668,17.2631,17.6098,17.2631,19.7491,19.7491,39.832,38.3816,34.1644,24.7246,20.8563,19.7491,19.7491,16.5783,16.5783,19.3855,22.7566,16.9193,16.9193,15.9049,15.2431,14.9165,13.6396,13.0188
2023-02-01 00:00:00,2,54.9709,42.2984,37.427,33.2548,28.4345,25.5305,23.5357,25.1262,53.3126,53.3126,42.2984,34.623,37.427,32.3554,40.8112,30.1514,27.5917,29.2877,32.3554,31.0253,28.0118,29.7183,32.3554,26.3471,27.5917,23.9293,21.9883,21.2309,,,
2023-01-01 00:00:00,2,34.1644,44.8254,43.8073,35.5477,81.2783,158.423,135.542,186.235,151.323,178.369,117.824,102.547,72.8846,79.7093,63.694,45.338,40.3204,31.4661,29.2877,32.3554,44.8254,41.8002,42.7989,40.8112,100.73,84.4742,72.8846,86.1013,76.6287,70.6944,68.546
2022-12-01 00:00:00,2,23.1448,18.6668,16.2402,15.2431,17.2631,15.2431,14.5929,14.5929,22.3711,16.5783,15.5726,19.0248,15.2431,15.2431,17.9593,14.9165,14.5929,14.2722,14.5929,14.9165,18.6668,19.7491,20.1154,28.4345,23.1448,19.3855,22.3711,24.7246,24.3256,33.2548,34.623
2022-11-01 00:00:00,2,9.0144,10.6565,10.375,11.5195,10.6565,9.2802,9.2802,10.0966,11.5195,8.7517,8.4923,12.1102,12.4101,10.375,10.9411,10.9411,10.9411,10.375,9.0144,7.9832,8.2361,7.7335,7.4871,7.244,7.244,8.2361,7.7335,8.2361,7.9832,8.4923,
2022-10-01 00:00:00,2,11.2288,11.5195,11.5195,11.8133,11.5195,13.9544,12.4101,11.8133,12.4101,12.713,12.4101,7.7335,6.0785,7.244,7.0042,7.244,7.4871,8.2361,7.9832,8.2361,8.2361,8.2361,8.4923,8.4923,8.4923,10.375,10.0966,9.8213,9.0144,9.0144,9.0144
2022-09-01 00:00:00,2,7.244,6.0785,6.3048,6.0785,6.0785,6.0785,6.5346,6.7677,6.7677,7.7335,7.9832,7.7335,7.7335,7.244,6.7677,6.7677,6.7677,6.7677,6.7677,6.7677,6.7677,6.7677,7.244,7.9832,8.4923,8.2361,7.9832,7.244,7.244,7.9832,
2022-08-01 00:00:00,2,8.7517,9.0144,9.2802,9.2802,9.2802,7.9832,8.2361,6.3048,7.9832,8.2361,8.2361,8.2361,7.9832,7.7335,7.7335,7.7335,7.7335,7.7335,7.7335,7.7335,7.7335,7.7335,7.7335,7.4871,6.5346,6.5346,7.4871,7.4871,7.4871,7.4871,7.244
2022-07-01 00:00:00,2,5.6361,7.9832,9.5491,9.5491,9.2802,9.2802,9.2802,9.2802,9.2802,9.2802,10.9411,9.2802,9.8213,9.5491,7.0042,9.0144,9.0144,9.0144,8.4923,8.7517,8.4923,8.2361,8.2361,7.4871,8.2361,7.9832,8.2361,8.2361,8.7517,9.2802,8.7517
2022-06-01 00:00:00,2,11.8133,11.8133,11.5195,11.2288,11.5195,11.5195,11.2288,10.375,10.6565,10.9411,11.2288,11.2288,11.2288,11.5195,10.6565,10.375,10.0966,10.9411,9.8213,10.375,10.0966,10.375,10.9411,10.0966,10.0966,10.0966,10.6565,9.8213,11.5195,12.713,
2022-05-01 00:00:00,2,6.5346,11.5195,17.2631,19.7491,17.9593,17.9593,15.5726,13.9544,13.3277,12.4101,12.713,12.713,13.0188,15.9049,16.5783,14.5929,13.9544,13.9544,13.6396,12.713,12.713,10.375,7.4871,12.4101,12.1102,11.5195,11.8133,13.6396,11.8133,11.8133,11.8133
2022-04-01 00:00:00,2,24.7246,25.5305,28.8598,27.5917,31.9094,32.3554,29.7183,19.3855,20.1154,19.3855,22.7566,22.3711,19.7491,20.1154,19.7491,17.6098,17.2631,17.2631,17.2631,18.6668,16.2402,16.2402,16.2402,15.9049,15.9049,15.9049,15.9049,15.5726,15.5726,12.1102,
2022-03-01 00:00:00,2,44.8254,41.8002,42.2984,40.8112,35.0841,34.623,34.1644,32.3554,29.2877,29.7183,28.8598,29.7183,29.7183,29.2877,31.9094,29.7183,28.8598,27.1742,26.7593,25.1262,24.3256,24.3256,23.5357,23.5357,22.3711,21.9883,21.6082,24.3256,25.5305,24.7246,23.9293
2022-02-01 00:00:00,2,50.5954,53.8631,54.9709,51.1342,57.7807,83.668,86.9221,111.939,118.823,208.267,195.684,218.396,216.931,195.684,160.835,143.296,141.053,143.296,147.849,143.296,111.939,82.07,73.624,61.0211,60.3642,51.6753,48.9933,46.8903,,,
2022-01-01 00:00:00,2,72.1499,78.932,164.497,103.463,92.806,94.5318,98.0435,225.818,829.765,773.265,552.986,318.07,241.131,199.824,163.271,158.423,151.323,139.94,134.457,131.232,110.976,82.07,55.5284,49.525,47.937,45.853,44.8254,41.8002,40.8112,41.3045,43.8073
2021-12-01 00:00:00,2,7.244,5.8556,11.5195,11.5195,7.7335,8.4923,17.9593,59.7116,42.7989,28.8598,20.1154,15.5726,38.8626,41.8002,50.059,75.8704,59.7116,54.4159,56.6501,43.8073,28.8598,23.9293,20.4845,20.1154,20.8563,20.1154,16.5783,15.9049,41.8002,90.2547,102.547
2021-11-01 00:00:00,2,7.4871,29.7183,11.5195,9.2802,10.9411,9.8213,10.0966,9.8213,8.2361,4.9985,45.338,26.7593,28.8598,24.3256,16.2402,11.5195,10.375,8.7517,9.8213,10.375,9.5491,8.2361,7.7335,7.244,7.244,7.0042,10.9411,9.2802,9.2802,10.375,
2021-10-01 00:00:00,2,5.8556,6.0785,2.1558,1.8709,1.6028,1.2333,1.4752,2.0113,3.4561,8.7517,6.7677,6.7677,7.9832,7.7335,7.244,7.244,7.244,10.9411,9.0144,7.9832,7.7335,7.244,7.0042,6.7677,6.5346,6.3048,6.7677,7.244,7.244,9.0144,8.4923
2021-09-01 00:00:00,2,4.9985,4.9985,1.7347,1.2333,0.9046,0.9046,0.8045,0.7093,0.7093,0.7093,0.7093,0.7093,0.7093,0.7093,2.3044,4.5911,4.9985,4.9985,4.9985,1.7347,1.0095,0.7093,0.7093,0.7093,0.7093,0.619,2.4571,4.793,4.793,4.9985,
2021-08-01 00:00:00,2,0.9046,4.793,4.9985,5.4201,4.9985,5.4201,5.4201,5.4201,5.4201,5.4201,5.4201,5.4201,5.4201,5.4201,5.4201,5.4201,5.2075,5.4201,2.1558,1.1191,1.1191,1.0095,0.9046,0.9046,4.9985,4.9985,4.9985,4.9985,4.9985,4.9985,4.9985
2021-07-01 00:00:00,2,6.3048,6.3048,6.5346,5.8556,5.8556,5.4201,5.4201,5.4201,5.6361,5.4201,3.8196,4.007,5.4201,5.6361,5.4201,5.6361,5.4201,5.4201,5.4201,5.4201,5.6361,5.4201,5.4201,5.4201,5.4201,2.6138,1.352,1.1191,1.1191,1.0095,0.9046
2021-06-01 00:00:00,2,5.8556,5.6361,6.7677,7.7335,8.7517,7.7335,6.3048,5.8556,5.8556,6.0785,5.8556,5.8556,5.8556,6.7677,6.0785,5.8556,5.6361,5.4201,5.6361,9.2802,9.0144,7.9832,7.244,6.7677,5.8556,5.8556,6.3048,6.3048,6.0785,6.3048,
2021-05-01 00:00:00,2,7.244,6.3048,6.0785,6.0785,6.3048,6.7677,7.244,6.3048,6.3048,6.5346,6.3048,6.3048,6.3048,6.3048,6.3048,6.0785,5.8556,5.8556,5.8556,5.8556,5.8556,5.8556,5.8556,5.8556,6.3048,5.8556,5.6361,5.8556,6.3048,5.8556,5.8556
2021-04-01 00:00:00,2,12.1102,11.8133,9.8213,9.8213,7.9832,8.4923,8.2361,9.5491,9.2802,7.7335,7.9832,8.4923,7.244,7.244,7.244,7.7335,7.244,6.7677,6.7677,7.7335,7.0042,6.7677,6.7677,6.7677,6.7677,6.7677,7.4871,7.244,6.7677,7.0042,
2021-03-01 00:00:00,2,46.8903,44.8254,30.587,23.9293,19.7491,18.6668,25.1262,34.1644,51.1342,56.6501,50.5954,38.8626,27.1742,21.9883,25.9375,18.6668,17.2631,15.5726,14.9165,13.3277,13.3277,12.4101,12.1102,11.8133,11.5195,11.2288,11.2288,10.9411,9.8213,7.9832,12.1102
2021-02-01 00:00:00,2,7.244,7.0042,7.7335,8.2361,8.7517,9.8213,21.2309,28.0118,28.0118,27.1742,21.6082,54.4159,32.3554,29.2877,28.8598,24.7246,19.7491,19.0248,36.4824,31.4661,30.587,24.3256,35.5477,26.3471,23.9293,20.4845,40.8112,40.8112,,,
2021-01-01 00:00:00,2,14.5929,14.5929,17.2631,27.1742,17.2631,14.9165,14.5929,30.1514,24.7246,26.3471,28.0118,35.5477,43.8073,38.3816,34.1644,32.3554,23.9293,19.0248,15.2431,13.9544,12.4101,11.2288,11.5195,10.6565,10.375,9.8213,9.2802,9.2802,9.2802,9.2802,9.0144
2020-12-01 00:00:00,2,3.1076,4.1981,6.5346,5.4201,5.2075,6.5346,6.7677,7.4871,8.2361,7.7335,9.2802,8.7517,9.2802,8.2361,7.7335,7.244,7.244,24.7246,11.5195,10.375,12.1102,15.9049,27.5917,24.7246,23.9293,28.8598,28.4345,25.1262,20.4845,18.3117,16.9193
2020-11-01 00:00:00,2,8.7517,8.7517,8.2361,10.6565,9.8213,11.5195,8.7517,9.0144,10.6565,9.8213,6.7677,7.244,7.4871,7.244,7.244,7.244,7.244,7.0042,7.244,6.3048,6.3048,6.3048,5.6361,7.244,6.7677,3.8196,3.4561,4.1981,4.1981,3.4561,
2020-10-01 00:00:00,2,0.9046,1.8709,3.1076,2.3044,1.8709,2.3044,2.4571,2.7745,2.7745,2.6138,2.1558,2.1558,3.2799,3.1076,2.7745,2.9391,3.2799,3.8196,2.6138,4.1981,4.1981,4.3928,4.007,9.2802,10.9411,3.1076,6.7677,5.4201,4.9985,13.3277,11.5195
2020-09-01 00:00:00,2,2.6138,5.4201,5.4201,5.4201,5.4201,5.4201,5.4201,5.4201,5.4201,5.4201,4.9985,4.9985,1.8709,1.4752,1.2333,1.0095,1.0095,1.0095,1.0095,1.0095,0.9046,0.9046,0.9046,1.1191,1.352,1.352,1.352,1.2333,1.1191,1.1191,
2020-08-01 00:00:00,2,5.8556,5.4201,5.8556,5.4201,5.8556,5.8556,5.8556,5.8556,5.6361,5.8556,5.6361,5.6361,5.6361,5.8556,5.8556,5.4201,5.8556,5.8556,5.8556,5.4201,2.3044,2.0113,2.1558,2.0113,1.8709,1.7347,1.6028,1.4752,1.6028,1.6028,1.6028
2020-07-01 00:00:00,2,6.0785,6.5346,6.7677,6.7677,6.7677,6.7677,6.5346,5.8556,6.3048,6.0785,5.8556,5.8556,5.8556,5.8556,5.8556,5.8556,6.0785,6.0785,5.8556,6.0785,5.8556,5.8556,5.8556,5.6361,5.8556,5.8556,5.8556,5.8556,5.8556,5.4201,5.4201
2020-06-01 00:00:00,2,9.8213,9.8213,9.8213,9.0144,7.7335,6.3048,8.2361,7.7335,9.8213,9.8213,7.9832,7.9832,7.244,7.244,7.0042,7.244,7.244,7.244,7.244,5.8556,9.0144,7.0042,7.0042,7.244,7.244,7.244,6.3048,6.7677,6.5346,6.3048,
2020-05-01 00:00:00,2,11.8133,9.2802,8.2361,12.1102,10.6565,10.9411,10.9411,10.9411,10.375,9.5491,9.5491,9.5491,10.375,10.375,9.8213,10.375,9.8213,9.2802,10.9411,10.9411,10.0966,10.0966,9.0144,9.5491,11.5195,12.1102,11.2288,9.5491,8.2361,7.244,9.2802
2020-04-01 00:00:00,2,17.6098,19.3855,33.2548,29.7183,20.8563,20.1154,20.1154,17.9593,19.3855,38.8626,25.5305,22.3711,20.1154,19.0248,17.6098,17.2631,15.9049,15.5726,14.5929,15.2431,14.5929,13.9544,13.3277,13.3277,12.713,10.9411,12.713,12.1102,11.5195,10.375,
2020-03-01 00:00:00,2,41.3045,183.59,109.067,69.9736,100.73,63.694,51.1342,43.3019,41.8002,31.4661,27.1742,26.3471,23.9293,23.5357,20.4845,21.6082,21.2309,21.6082,21.6082,23.1448,41.3045,36.9535,28.4345,25.1262,22.3711,19.3855,17.9593,17.2631,16.5783,16.2402,16.9193
2020-02-01 00:00:00,2,52.2187,30.587,39.832,37.427,50.5954,47.937,50.059,46.8903,44.8254,45.853,59.0635,68.546,128.057,131.232,157.225,93.6664,133.376,72.8846,45.853,39.832,31.4661,41.3045,39.832,40.8112,44.3152,43.8073,40.8112,44.3152,42.2984,,
2020-01-01 00:00:00,2,7.2658,9.1908,15.3691,32.9408,24.169,17.9826,18.3704,24.169,19.9569,18.3704,16.4675,13.9558,10.3773,8.3419,7.7959,8.9039,36.6443,28.2461,24.6092,32.0533,21.6,19.1566,131.232,453.871,563.581,560.92,285.687,130.169,80.4914,61.6826,76.6287
2019-12-01 00:00:00,2,10.0749,10.9938,10.6837,8.9039,19.1566,17.9826,38.5899,13.2713,9.1908,17.5984,17.2178,29.4816,38.5899,29.4816,25.0529,19.9569,11.9472,13.6117,12.6018,40.0909,31.6153,28.6542,27.7865,23.2988,21.6,19.1566,22.8689,24.6092,17.9826,13.2713,8.9039
2019-11-01 00:00:00,2,6.752,7.0069,7.7959,8.9039,7.2658,9.7763,13.2713,6.752,4.0188,7.2658,8.3419,8.0669,8.9039,8.3419,10.0749,10.9938,10.6837,8.9039,19.1566,17.9826,9.1908,7.0069,11.3078,5.0835,5.0835,6.012,5.7736,10.0749,26.4044,10.6837,
2019-10-01 00:00:00,2,4.862,4.862,4.862,4.862,4.862,4.862,4.862,4.862,5.0835,5.5394,5.7736,1.9195,0.7953,0.6603,0.5391,0.4835,0.5391,0.5391,0.4835,0.4835,0.4312,0.598,2.5453,4.0188,4.6447,4.862,4.862,4.862,4.862,4.6447,4.4317
2019-09-01 00:00:00,2,5.3093,7.2658,3.2459,2.2229,0.7953,0.6603,0.6603,0.6603,0.5391,0.4835,3.6235,4.862,4.862,5.3093,4.862,2.8864,4.6447,4.4317,0.9442,0.7261,0.5391,0.5391,0.5391,0.4312,0.3823,0.6603,1.0239,1.3791,1.2848,0.6603,
2019-08-01 00:00:00,2,1.1073,0.868,1.7933,2.7136,2.8864,3.6235,3.8189,4.0188,4.0188,4.0188,4.0188,4.0188,3.8189,4.0188,4.0188,4.0188,4.0188,4.0188,3.2459,2.2229,2.2229,2.2229,2.2229,1.477,0.7261,0.6603,1.1073,2.0688,3.0639,4.4317,4.862
2019-07-01 00:00:00,2,5.7736,5.7736,5.7736,5.7736,5.5394,5.7736,5.7736,5.5394,5.7736,4.862,1.9195,1.1073,0.5391,1.6841,3.6235,5.5394,4.862,4.862,5.0835,5.0835,5.3093,4.862,4.0188,4.4317,4.862,4.862,15.3691,14.6551,14.6551,6.752,2.2229
2019-06-01 00:00:00,2,6.2545,4.862,5.7736,6.012,6.2545,5.7736,5.7736,6.012,6.2545,6.2545,6.2545,6.2545,6.2545,6.2545,6.2545,6.2545,5.5394,5.7736,5.7736,5.3093,5.5394,5.7736,5.7736,5.7736,6.752,7.0069,7.7959,9.4816,8.9039,8.3419,
2019-05-01 00:00:00,2,6.752,6.752,6.752,6.752,6.752,6.2545,6.2545,6.5012,6.012,6.752,6.752,6.752,6.752,6.752,6.2545,6.2545,6.2545,6.752,6.2545,6.5012,6.5012,6.752,6.752,4.4317,4.2231,5.3093,6.5012,6.5012,6.2545,6.5012,6.5012
2019-04-01 00:00:00,2,9.7763,9.4816,8.6209,8.3419,9.1908,8.6209,8.3419,8.3419,8.0669,9.4816,9.4816,5.7736,9.1908,9.4816,8.3419,23.2988,19.555,23.2988,16.8408,12.2726,11.3078,10.6837,10.0749,9.4816,8.6209,8.3419,7.7959,7.2658,7.2658,6.752,
2019-03-01 00:00:00,2,17.2178,18.3704,38.5899,30.3239,30.3239,24.169,22.4424,18.7617,16.8408,14.3036,13.6117,16.4675,15.3691,14.6551,14.6551,13.2713,11.3078,28.6542,18.3704,17.5984,13.2713,15.3691,52.8247,37.6092,29.0661,19.9569,16.8408,13.6117,12.6018,11.3078,10.9938
2019-02-01 00:00:00,2,4.6447,4.4317,4.6447,4.2231,9.1908,7.2658,19.1566,20.3624,15.0103,13.6117,9.4816,11.9472,11.3078,19.9569,21.6,20.3624,22.4424,31.1811,29.4816,31.1811,25.5,51.6291,29.4816,32.9408,28.2461,18.3704,15.7316,15.3691,,,
2019-01-01 00:00:00,2,17.5984,16.0977,13.9558,12.9347,11.9472,11.3078,10.6837,9.4816,9.4816,10.0749,6.752,5.3093,4.862,4.6447,4.4317,4.4317,4.862,5.0835,4.4317,5.3093,4.0188,4.0188,4.4317,4.0188,4.0188,6.2545,8.0669,4.862,4.862,4.862,4.6447
2018-12-01 00:00:00,2,21.6,20.7714,10.0749,6.752,5.7736,5.7736,4.862,4.862,4.4317,4.0188,4.0188,4.0188,3.6235,2.8864,2.8864,2.8864,3.0639,2.7136,2.5453,11.3078,20.7714,23.2988,27.3224,26.8617,25.0529,23.2988,11.3078,11.9472,10.3773,9.1908,7.7959
2018-11-01 00:00:00,2,7.9307,7.7028,7.9307,8.1624,6.8288,6.8288,8.3979,7.9307,9.8915,15.5618,15.9011,7.9307,7.0417,10.4204,10.4204,10.965,11.8117,11.2433,8.8803,11.8117,19.9098,18.3928,12.9967,9.1273,9.1273,15.9011,21.9029,22.3145,27.3224,22.4424,
2018-10-01 00:00:00,2,3.2459,3.2459,3.2459,3.2459,7.0069,4.4317,4.0188,2.7136,4.2231,4.6447,4.6447,4.901,5.0775,4.728,2.9218,4.5585,5.6286,6.014,6.014,5.4413,6.014,4.071,5.6286,5.8195,6.2122,9.8915,20.6941,10.4204,5.0775,7.4787,8.1624
2018-09-01 00:00:00,2,0.5749,0.5749,0.5749,0.4599,0.4599,0.5749,0.4599,0.4599,0.4599,0.4599,0.4599,2.2862,3.2459,3.2459,3.2459,2.8864,2.7136,2.556,2.8864,2.8864,3.2459,3.2459,2.8864,2.7136,2.8864,3.2459,3.2459,3.2459,3.4324,3.6235,
2018-08-01 00:00:00,2,0.5156,0.5156,0.5749,0.5156,1.0069,1.796,1.2736,3.2459,3.6235,3.2459,3.2459,3.4324,3.2459,3.2459,3.6235,3.4324,3.4324,3.4324,3.6235,3.8189,3.8189,3.6235,3.6235,3.6235,3.6235,2.033,1.0069,0.7743,0.6377,0.5749,0.5749
2018-07-01 00:00:00,2,4.0188,4.0188,3.6235,3.6235,3.6235,3.6235,3.6235,3.6235,3.6235,3.6235,14.3036,24.169,10.9938,10.0749,9.4816,9.4816,5.7736,1.796,1.6836,1.5752,1.4707,3.6235,3.4324,3.6235,2.8864,1.5752,1.0069,0.5749,0.5749,0.5156,0.5156
2018-06-01 00:00:00,2,1.0069,1.0069,1.0069,1.0069,1.9125,4.2231,6.2545,5.3093,4.4317,4.4317,4.4317,4.4317,4.4317,4.6447,4.6447,4.6447,4.6447,5.3093,4.4317,4.862,4.4317,6.012,6.2545,5.7736,4.0188,4.2231,4.4317,4.0188,4.0188,4.0188,
2018-05-01 00:00:00,2,2.7136,2.556,4.2231,4.0188,2.8864,2.7136,3.2459,3.2459,3.4324,3.2459,3.4324,3.4324,3.6235,3.6235,4.862,5.0835,5.3093,5.5394,5.7736,6.752,6.2545,6.2545,4.862,5.3093,5.7736,6.5012,4.4317,4.0188,1.796,1.1808,1.0069
2018-04-01 00:00:00,2,7.5288,7.7959,8.6209,8.3419,10.0749,13.6117,12.9347,13.6117,12.6018,10.6837,10.3773,9.1908,7.0069,7.0069,6.5012,10.3773,11.6256,6.012,4.2231,3.0639,3.4324,3.8189,3.2459,4.0188,3.8189,3.0639,3.0639,3.2459,2.8864,2.7136,
2018-03-01 00:00:00,2,49.2892,26.4044,22.4424,17.5984,17.5984,21.6,20.7714,33.8435,26.8617,26.8617,30.7506,32.0533,27.3224,22.0195,18.3704,17.2178,20.3624,18.7617,25.0529,21.184,16.8408,15.7316,17.2178,15.3691,13.6117,11.9472,11.3078,10.6837,12.2726,8.9039,7.7959
2018-02-01 00:00:00,2,6.752,17.2178,26.8617,15.7316,13.9558,15.3691,13.6117,13.2713,11.9472,11.3078,11.6256,9.4816,10.0749,11.3078,9.4816,8.0669,7.5288,7.5288,5.5394,6.752,7.5288,17.5984,25.0529,19.1566,16.0977,31.1811,38.5899,25.5,,,
2018-01-01 00:00:00,2,8.9039,8.3419,10.9938,10.0749,22.8689,27.7865,25.0529,22.4424,19.9569,18.3704,15.3691,12.6018,11.3078,8.9039,11.3078,12.2726,10.6837,13.2713,11.3078,9.4816,8.9039,7.0069,5.3093,4.862,4.862,4.6447,4.0188,3.8189,4.0188,4.2231,11.9472
2017-12-01 00:00:00,2,2.6679,2.6679,2.7932,5.2576,10.154,15.2268,13.6134,10.6907,22.7305,26.8617,25.0529,15.0103,10.6837,11.3078,10.6837,10.0749,13.2713,17.5984,13.2713,11.3078,10.0749,8.6209,8.3419,7.7959,8.6209,8.0669,12.2726,11.9472,7.0069,6.752,4.4317
2017-11-01 00:00:00,2,1.4998,1.4998,1.3275,0.6395,0.6958,0.6395,0.535,0.7547,1.8807,2.7932,2.3114,1.8807,2.0898,2.0898,6.8288,4.3925,2.7932,2.427,2.199,1.9837,1.9837,2.199,10.154,3.3274,2.9218,2.5458,2.5458,2.427,2.5458,2.5458,
2017-10-01 00:00:00,2,0.6958,0.8164,1.0912,0.8809,1.9837,1.8807,1.6842,1.8807,1.0183,0.7547,0.5859,0.535,0.4867,0.441,0.441,0.441,0.441,0.441,0.3978,0.441,0.441,0.441,0.3978,0.441,0.441,0.3978,0.3572,0.3572,0.441,0.8809,1.5905
2017-09-01 00:00:00,2,2.0898,1.2458,0.6958,0.5859,0.535,0.5859,0.535,0.535,0.535,0.535,0.535,0.535,0.535,0.535,0.535,0.535,0.535,0.535,0.5859,0.535,0.535,0.535,0.535,0.535,0.4867,0.535,0.535,0.535,0.6395,0.5859,
2017-08-01 00:00:00,2,0.4068,0.4068,0.4068,0.3226,0.3633,0.3226,0.3226,0.3226,0.3226,0.3226,0.3633,0.4068,0.7284,1.7084,1.9184,3.0537,3.0537,3.0537,2.9218,2.5458,2.427,2.9218,3.0537,3.0537,3.0537,3.0537,3.0537,3.0537,2.9218,3.0537,3.0537
2017-07-01 00:00:00,2,2.6328,1.7084,2.3804,2.3804,2.3804,2.6328,2.7645,2.6328,2.6328,2.6328,2.3804,2.3804,2.6328,2.6328,2.6328,2.5048,1.1599,2.2596,2.6328,2.6328,2.6328,2.5048,1.243,2.1423,1.5121,1.7084,0.4068,0.4068,0.4068,0.4068,0.3226
2017-06-01 00:00:00,2,2.3804,2.3804,2.3804,2.3804,2.3804,5.1924,2.8998,2.5048,2.3804,2.3804,2.2596,2.1423,2.3804,2.5048,2.3804,2.5048,2.5048,2.5048,2.3804,2.3804,2.6328,2.6328,2.6328,2.6328,2.6328,2.3804,2.5048,2.6328,2.7645,2.6328,
2017-05-01 00:00:00,2,3.9275,3.9275,4.2476,4.2476,4.2476,4.2476,4.0859,4.2476,4.2476,4.2476,4.2476,4.4126,4.2476,4.2476,4.2476,3.9275,3.9275,2.3804,2.3804,2.5048,3.0389,2.6328,2.1423,2.3804,2.2596,2.1423,1.9184,2.1423,2.1423,2.1423,2.1423
2017-04-01 00:00:00,2,8.1852,7.5082,4.5809,3.6207,4.5809,4.2476,4.2476,4.2476,4.2476,4.2476,4.2476,4.4126,4.4126,4.4126,3.6207,3.3269,3.3269,4.4126,3.9275,3.9275,4.2476,3.9275,3.9275,3.7725,3.9275,4.0859,4.2476,4.4126,4.5809,4.2476,
2017-03-01 00:00:00,2,4.9275,4.7526,6.8619,4.9275,4.5809,3.9275,3.1849,4.5809,4.7526,4.9275,4.7526,4.7526,3.6207,3.3269,4.9275,4.9275,4.5809,4.5809,4.5809,7.7304,4.9275,6.2461,8.8932,7.2893,6.8619,6.8619,5.2875,6.2461,7.7304,7.7304,8.1852
2017-02-01 00:00:00,2,3.6207,5.2875,5.2875,5.8526,5.4725,5.8526,3.9275,11.4778,9.136,16.7639,15.7054,9.8854,8.1852,4.2476,8.8932,6.8619,6.0477,5.2875,4.9275,4.7526,2.7786,6.6532,4.7526,4.7526,4.7526,4.9275,4.4126,3.6207,,,
2017-01-01 00:00:00,2,5.4725,6.8619,5.6609,4.2476,5.6609,5.2875,5.4725,4.5809,4.4126,3.1849,3.3269,3.6207,4.2476,3.9275,7.5082,7.5082,18.9966,18.6137,12.3211,10.1421,8.1852,7.2893,6.448,5.6609,9.136,7.5082,6.6532,6.448,6.0477,6.0477,3.0462
2016-12-01 00:00:00,2,6.0477,6.0477,6.0477,5.2875,7.7304,40.8535,46.3487,24.8168,23.4968,16.054,9.136,7.7304,5.2875,7.2893,5.6609,5.6609,7.7304,11.7554,8.1852,6.0477,6.448,4.9275,4.7526,4.4126,4.0859,3.7725,3.6207,5.1058,5.1058,4.5809,5.2875
2016-11-01 00:00:00,2,1.2633,2.0529,1.351,0.6719,0.5543,0.5543,0.5543,0.5543,2.282,2.0529,1.2633,1.0186,1.1787,2.5238,2.5238,7.0739,5.2875,7.2893,6.448,5.6609,3.9275,4.4126,4.9275,4.9275,4.9275,6.2461,4.9275,3.9275,2.9108,2.9108,
2016-10-01 00:00:00,2,0.7449,0.9297,2.3108,4.2478,3.9234,2.8622,5.127,4.0844,3.4541,2.0511,2.5238,2.7786,2.7786,2.6496,2.6496,2.5238,1.8366,2.6496,2.7786,2.9108,3.6207,3.1849,3.0462,2.282,2.5238,2.9108,3.0462,2.7786,2.6496,2.6496,2.282
2016-09-01 00:00:00,2,3.3024,3.3024,3.3024,3.3024,3.1532,3.6082,3.6082,3.4541,3.3024,1.8026,1.8026,1.8026,1.1286,3.4541,3.7646,3.7646,4.0844,4.4134,3.7646,2.7204,4.4134,4.5813,4.5813,4.5813,4.0844,4.0844,3.7646,1.5656,0.575,0.575,
2016-08-01 00:00:00,2,3.0064,3.4541,3.6082,3.6082,2.5812,3.3024,3.4541,3.4541,3.4541,3.6082,3.3024,3.1532,3.1532,3.6082,3.7646,3.7646,3.7646,3.6082,3.6082,2.8622,2.8622,2.8622,3.3024,3.7646,4.0844,4.0844,4.0844,4.0844,3.9234,3.7646,3.7646
2016-07-01 00:00:00,2,3.6082,4.0844,2.5812,2.3108,3.1532,3.3024,3.4541,3.4541,3.1532,2.5812,3.1532,3.4541,3.6082,3.4541,3.4541,3.4541,2.5812,3.4541,3.7646,3.4541,3.4541,3.7646,3.7646,2.5812,2.3108,3.3024,3.1532,3.3024,3.7646,2.5812,3.1532
2016-06-01 00:00:00,2,4.2478,4.4134,4.5813,5.5796,5.5796,9.0731,6.5212,5.5796,5.5796,5.5796,5.5796,6.0445,5.127,4.0844,4.2478,4.4134,4.0844,3.7646,4.0844,2.8622,4.4134,4.0844,4.4134,4.4134,4.7513,4.0844,3.9234,3.9234,3.6082,3.4541,
2016-05-01 00:00:00,2,4.0844,4.0844,4.0844,4.0844,4.0844,3.7646,3.4541,4.0844,3.7646,3.9234,3.7646,4.5813,5.127,4.4134,3.6082,3.9234,4.0844,4.0844,4.0844,4.4134,4.0844,4.0844,4.7513,4.4134,4.0844,4.0844,4.0844,4.2478,1.5656,1.8026,4.2478
2016-04-01 00:00:00,2,6.5212,6.7639,4.7513,7.0095,5.5796,4.0844,4.4134,3.7646,3.6082,4.4134,4.0844,4.2478,4.0844,3.7646,4.2478,3.7646,3.7646,4.0844,4.0844,4.0844,2.5812,3.1532,4.0844,3.9234,4.0844,4.2478,4.7513,2.5812,3.1532,4.2478,
2016-03-01 00:00:00,2,8.5411,11.0147,11.8834,10.7299,35.7757,13.6837,12.1777,12.1777,10.4476,10.4476,9.6153,8.8058,9.0731,13.0745,10.7299,10.1677,10.1677,9.6153,8.0197,7.5091,5.8105,7.0095,5.5796,7.0095,7.5091,7.7631,5.5796,5.3518,5.5796,4.9236,6.2814
2016-02-01 00:00:00,2,26.6968,25.8083,19.1743,16.9083,14.6142,13.0745,12.1777,11.8834,10.1677,9.0731,7.5091,7.7631,8.5411,13.0745,9.3429,8.0197,7.5091,7.7631,8.2791,8.8058,9.0731,9.6153,8.0197,8.8058,6.5212,5.5796,8.2791,8.0197,8.5411,,
2016-01-01 00:00:00,2,3.4541,3.1532,2.5812,2.8622,3.1532,3.7646,3.9234,3.7646,4.0844,5.127,4.2478,3.7646,4.7513,5.5796,6.0445,8.5411,21.9721,19.1743,56.6474,73.624,82.07,91.9506,50.6017,30.3797,24.9328,20.3532,19.9569,21.9721,28.5126,26.6968,26.6968
2015-12-01 00:00:00,2,9.3429,11.3019,11.8834,12.4744,11.3019,10.1677,7.7631,6.5212,5.5796,6.7639,6.0445,5.3518,5.3518,5.127,4.9236,5.127,5.8105,5.5796,9.0731,7.5091,6.2814,5.8105,5.127,5.127,5.127,4.9236,4.5813,4.0844,3.7646,3.7646,3.4541
2015-11-01 00:00:00,2,0.9297,1.1286,1.0274,1.1286,1.1286,1.0274,0.7449,0.7449,0.7449,0.658,1.5656,1.3408,1.0274,0.9297,0.7449,1.0274,1.6826,1.8026,1.5656,2.5812,1.6826,4.9236,15.5643,23.2212,14.3018,13.9917,11.8834,9.3429,4.7513,6.5212,
2015-10-01 00:00:00,2,2.5812,2.5812,3.4541,5.127,4.0844,4.4134,4.4134,5.5796,7.7631,9.6153,7.5091,4.0844,3.4541,3.4541,3.4541,3.1532,3.1532,2.8622,2.8622,2.7204,2.3108,2.3108,2.0511,1.9254,1.8026,2.5812,2.3108,2.3108,2.5812,2.4447,1.5656
2015-09-01 00:00:00,2,2.8622,2.8622,2.7204,2.5812,2.3108,2.4447,2.5812,2.5812,3.4541,5.127,4.0844,4.4134,4.4134,5.5796,7.7631,9.6153,7.5091,4.0844,3.4541,3.4541,3.4541,3.1532,3.1532,2.8622,2.8622,2.7204,2.5812,2.3108,2.5812,2.1796,
2015-08-01 00:00:00,2,3.7646,3.7646,3.7646,3.7646,3.7646,3.6082,3.4541,3.4541,3.4541,3.4541,3.4541,3.4541,3.3024,3.3024,3.1532,3.1532,3.1532,3.1532,3.1532,3.1532,4.0844,3.9234,3.7646,3.4541,3.4541,3.3024,3.3024,3.3024,3.3024,2.8622,2.8622
2015-07-01 00:00:00,2,3.9234,4.0844,4.4134,3.7646,3.4541,3.1532,3.1532,2.8622,2.8622,2.5812,2.7204,2.5812,2.3108,2.3108,4.7513,4.4134,4.4134,4.4134,4.4134,4.4134,4.4134,4.4134,4.2478,4.2478,4.0844,4.0844,4.0844,4.0844,3.9234,3.9234,3.7646
2015-06-01 00:00:00,2,5.127,4.7513,6.5212,6.5212,6.5212,6.0445,5.5796,4.5813,4.9236,4.4134,4.2478,4.7513,4.7513,4.4134,3.9234,4.4134,4.0844,3.4541,4.5813,4.5813,4.4134,4.4134,4.5813,4.4134,4.4134,4.4134,4.0844,4.2478,3.7646,4.0844,
2015-05-01 00:00:00,2,5.127,5.3518,4.9236,5.127,5.3518,6.2814,6.5212,6.2814,6.5212,6.2814,6.7639,7.0095,6.7639,6.7639,6.5212,6.0445,6.0445,5.5796,5.5796,5.5796,5.127,5.127,4.9236,4.7513,4.5813,4.2478,4.2478,4.0844,4.5813,5.127,5.127
2015-04-01 00:00:00,2,8.5411,9.0731,9.0731,9.0731,8.5411,8.2791,7.5091,6.5212,6.5212,6.7639,6.5212,5.5796,5.5796,5.127,5.127,5.127,5.127,5.5796,5.5796,5.5796,5.5796,5.5796,5.8105,13.0745,11.0147,8.8058,7.0095,6.2814,6.0445,5.5796,
2015-03-01 00:00:00,2,3.4541,3.7646,6.2814,37.313,42.6378,21.5623,30.3797,22.3851,15.8853,11.8834,11.0147,8.2791,8.8058,8.0197,10.7299,12.4744,17.65,24.0704,34.2664,24.0704,16.9083,14.9288,11.3019,11.8834,11.0147,10.1677,9.6153,10.1677,9.0731,8.0197,7.0095
2015-02-01 00:00:00,2,4.4134,3.4541,2.7204,2.5812,2.5812,5.8105,7.0095,6.0445,15.8853,11.8834,14.6142,19.1743,10.1677,8.2791,5.3518,4.4134,4.7513,16.2084,24.9328,20.7529,16.2084,11.0147,8.5411,8.0197,5.127,6.5212,7.5091,11.8834,,,
2015-01-01 00:00:00,2,2.3108,2.3108,2.3108,2.5812,1.6826,1.8026,1.8026,1.5656,1.1286,1.1286,1.1286,1.0274,0.9297,0.9297,0.7449,0.7449,0.575,0.575,0.4214,0.7449,0.575,0.4214,1.3408,1.6826,0.8355,11.3019,7.5091,9.0731,6.0445,5.127,5.127
2014-12-01 00:00:00,2,8.0197,6.0445,10.7299,8.5411,6.0445,7.0095,9.6153,6.0445,5.8105,5.5796,4.4134,3.6082,3.4541,8.8058,10.4476,9.3429,8.5411,7.0095,6.7639,4.0844,3.6082,3.7646,4.7513,4.2478,4.4134,3.9234,3.6082,3.9234,3.1532,2.7204,2.4447
2014-11-01 00:00:00,2,0.8355,0.8355,1.2331,1.5656,1.4517,0.658,0.7449,0.9297,1.0274,0.658,0.575,2.8622,3.6082,2.8622,2.1796,1.6826,1.5656,0.8355,0.7449,0.9297,1.3408,2.5812,5.5796,6.0445,3.1532,1.9254,3.0064,6.5212,11.0147,8.0197,
2014-10-01 00:00:00,2,0.2249,0.2855,0.2855,0.2855,0.2249,0.1695,0.2249,0.1695,0.2855,0.2249,0.2249,0.2249,0.2855,0.2249,0.2249,0.2855,0.2249,0.2249,0.1695,0.1695,0.2249,0.2249,0.2855,0.9297,0.3511,0.3511,0.3511,0.3511,0.4961,1.9254,1.6826
2014-09-01 00:00:00,2,1.1286,0.575,0.7449,1.9254,1.8026,0.658,0.575,2.1796,1.6826,1.8026,1.6826,1.8026,1.8026,1.8026,1.8026,1.8026,1.8026,1.8026,1.6826,1.5656,0.575,0.4961,0.4214,0.3511,0.3511,0.3511,0.3511,0.2855,0.2855,0.3511,
2014-08-01 00:00:00,2,0.9297,0.9297,0.9297,0.8355,0.8355,0.8355,0.8355,0.8355,0.8355,0.7449,0.7449,0.7449,0.7449,0.7449,0.8355,0.8355,0.7449,0.7449,0.7449,0.7449,0.7449,0.7449,0.7449,0.7449,0.658,0.658,0.658,0.575,0.575,0.575,0.575
2014-07-01 00:00:00,2,3.1532,3.0064,3.1532,3.0064,3.1532,3.0064,3.1532,3.1532,3.1532,3.1532,3.3024,3.3024,3.3024,3.4541,3.3024,3.4541,3.4541,1.6826,1.2331,0.7449,0.658,0.575,0.575,0.8355,2.1796,2.1796,2.1796,1.8026,1.9254,2.0511,1.0274
2014-06-01 00:00:00,2,0.8355,0.9297,0.8355,1.1286,1.0274,0.9297,0.8355,0.8355,0.8355,0.8355,0.8355,0.8355,0.8355,0.8355,0.8355,0.8355,0.9297,1.9254,2.4447,1.4517,1.6826,1.4517,1.4517,1.5656,1.5656,2.8622,2.7204,2.5812,2.7204,3.1532,
2014-05-01 00:00:00,2,4.0844,4.4134,4.4134,4.5813,4.7513,4.7513,4.0844,3.9234,1.9254,2.4447,2.4447,2.1796,1.5656,1.2331,1.2331,1.9254,3.4541,3.4541,3.4541,2.4447,1.3408,1.1286,1.1286,1.1286,1.1286,1.1286,1.0274,1.1286,1.0274,1.0274,0.9297
2014-04-01 00:00:00,2,3.4541,11.8834,3.9234,7.0095,7.7631,6.2814,4.5813,3.7646,3.6082,3.4541,3.6082,3.6082,4.0844,5.5796,4.2478,4.0844,3.9234,3.9234,4.5813,3.6082,3.6082,3.6082,3.4541,3.6082,3.7646,3.9234,4.7513,4.4134,4.4134,4.2478,
2014-03-01 00:00:00,2,5.8105,5.8105,5.5796,3.4541,3.9234,3.3024,3.0064,3.0064,6.5212,4.7513,4.7513,3.6082,3.4541,3.3024,3.3024,3.0064,3.1532,3.0064,3.3024,3.4541,3.7646,3.7646,4.2478,3.6082,4.2478,4.0844,3.4541,3.3024,3.4541,3.4541,3.4541
2014-02-01 00:00:00,2,5.8105,5.5796,5.5796,5.3518,5.127,4.9236,4.7513,4.5813,5.127,5.127,5.5796,5.3518,5.8105,5.3518,5.8105,8.5411,7.5091,5.5796,6.7639,5.3518,5.8105,5.3518,4.4134,4.5813,4.7513,4.9236,5.127,5.127,,,
2014-01-01 00:00:00,2,10.7299,9.8902,8.8058,7.5091,7.2579,7.2579,6.2814,6.0445,5.8105,5.5796,5.3518,5.127,5.3518,5.3518,4.9236,5.3518,5.127,13.378,10.1677,10.4476,21.156,17.65,14.9288,18.0259,10.4476,8.8058,7.2579,6.5212,6.2814,6.0445,5.5796
2013-12-01 00:00:00,2,13.378,11.3019,9.3429,7.7631,6.2814,5.8105,6.0445,11.8834,8.5411,9.3429,21.5623,28.0538,35.2695,20.7529,15.2455,11.8834,10.4476,9.8902,9.0731,8.8058,29.9082,18.4053,17.2774,14.9288,39.4061,30.3797,24.0704,26.6968,20.7529,16.9083,12.7733
2013-11-01 00:00:00,2,6.0445,13.378,5.5796,4.5813,5.127,4.4134,5.127,7.7631,10.7299,9.6153,8.8058,8.5411,6.2814,5.5796,9.3429,5.5796,4.7513,4.5813,5.127,4.9236,4.4134,4.4134,6.0445,6.2814,7.7631,9.3429,11.0147,9.0731,8.0197,9.3429,
2013-10-01 00:00:00,2,3.4541,3.7646,3.7646,4.2478,5.5796,6.0445,5.8105,5.8105,7.0095,6.2814,6.2814,5.5796,4.9236,4.5813,4.0844,3.9234,4.4134,12.4744,11.5915,16.5426,21.5623,13.0745,10.1677,8.2791,7.7631,6.5212,6.2814,6.2814,6.2814,5.5796,5.3518
2013-09-01 00:00:00,2,3.9234,4.4134,4.5813,4.4134,3.9234,3.1532,3.3024,2.7204,3.1532,3.1532,3.0064,3.1532,3.1532,3.0064,2.8622,3.0064,3.0064,3.1532,3.1532,3.1532,3.0064,3.1532,3.0064,3.1532,3.0064,3.1532,3.1532,3.4541,3.4541,3.4541,
2013-08-01 00:00:00,2,6.3694,6.1307,6.1307,6.1307,6.3694,6.3694,6.3694,5.8952,6.3694,6.1307,6.6113,6.6113,6.3694,5.8952,5.663,5.663,6.1307,5.8952,6.1307,6.1307,6.1307,6.3694,6.6113,4.5526,4.9865,4.4134,4.9236,4.9236,4.5813,4.0844,3.9234
2013-07-01 00:00:00,2,7.356,7.1046,7.1046,6.8564,7.1046,7.1046,6.6113,6.8564,6.6113,6.6113,6.6113,6.3694,6.6113,6.6113,6.3694,6.3694,6.3694,6.3694,6.1307,6.6113,6.1307,5.8952,6.1307,6.6113,6.6113,6.3694,6.3694,6.1307,6.1307,6.1307,6.1307
2013-06-01 00:00:00,2,10.8929,10.8929,11.1848,9.7529,10.3173,11.1848,9.7529,10.0337,8.6582,8.1283,8.1283,7.1046,7.356,7.356,7.8678,8.1283,7.8678,7.6104,7.6104,7.8678,7.6104,7.6104,7.6104,7.356,7.6104,7.356,7.6104,7.356,7.6104,7.356,
2013-05-01 00:00:00,2,9.1998,9.4749,9.1998,9.1998,9.1998,8.3918,9.1998,8.3918,6.6113,6.6113,6.1307,6.6113,6.1307,6.3694,6.3694,6.3694,6.3694,6.1307,6.3694,6.6113,6.6113,6.3694,6.1307,7.356,13.9319,14.8942,18.6119,12.3794,10.6037,9.7529,10.8929
2013-04-01 00:00:00,2,21.4948,17.5691,11.4794,18.2619,14.8942,19.6758,28.9081,29.3194,22.2382,21.4948,16.8858,11.4794,12.9926,20.7604,23.37,18.9642,15.22,14.2502,12.6847,12.0768,10.8929,10.6037,10.0337,9.4749,9.7529,9.7529,8.3918,9.1998,9.1998,9.4749,
2013-03-01 00:00:00,2,8.1283,22.9905,15.879,22.2382,15.879,21.4948,16.5478,12.9926,10.3173,9.7529,9.1998,9.1998,9.1998,8.9275,9.1998,9.4749,10.3173,11.4794,10.6037,9.4749,10.6037,9.4749,8.6582,8.6582,8.9275,8.9275,14.8942,9.7529,8.9275,15.879,26.0871
2013-02-01 00:00:00,2,39.3296,31.83,24.1355,37.0659,34.8501,26.0871,35.2894,49.8384,30.5656,20.035,16.8858,13.6163,12.3794,11.4794,10.8929,10.6037,10.0337,9.7529,8.6582,8.6582,8.6582,8.3918,8.3918,8.1283,8.1283,7.6104,8.1283,8.1283,,,
2013-01-01 00:00:00,2,8.1283,6.1307,6.6113,6.6113,6.3694,6.1307,5.8952,7.1046,8.6582,9.7529,10.8929,12.9926,12.9926,21.1265,18.6119,20.3966,15.5482,17.9143,13.3032,14.2502,11.7768,12.0768,10.6037,9.1998,8.6582,12.6847,20.7604,36.6189,43.9972,34.8501,34.8501
2012-12-01 00:00:00,2,7.1046,7.356,7.356,7.6104,7.356,6.8564,5.8952,5.4341,6.6113,8.1283,10.0337,10.6037,9.1998,9.1998,13.3032,10.8929,9.7529,8.1283,7.1046,7.1046,10.6037,7.356,10.6037,8.6582,9.1998,7.1046,7.1046,7.6104,6.8564,10.3173,8.3918
2012-11-01 00:00:00,2,5.2086,4.7678,9.4749,12.3794,12.9926,10.6037,9.7529,12.0768,10.8929,24.9097,17.9143,16.2121,12.9926,10.0337,10.8929,14.5709,14.2502,13.6163,10.8929,7.8678,9.4749,8.6582,8.6582,7.6104,7.1046,8.9275,9.7529,8.6582,8.1283,7.8678,
2012-10-01 00:00:00,2,6.1307,6.1307,6.1307,6.3694,5.8952,5.663,5.8952,5.663,5.8952,5.4341,5.4341,7.6104,8.1283,6.6113,6.8564,6.8564,6.1307,6.1307,6.1307,8.1283,7.1046,6.3694,6.6113,5.663,6.8564,6.1307,6.3694,6.1307,5.4341,5.2086,5.4341
2012-09-01 00:00:00,2,7.356,7.356,7.6104,7.6104,7.6104,7.8678,7.6104,8.1283,7.8678,5.8952,6.3694,6.1307,6.3694,6.3694,6.1307,6.1307,6.1307,5.8952,6.3694,5.8952,5.8952,6.1307,5.8952,6.1307,6.3694,6.8564,6.6113,6.3694,6.3694,6.1307,
2012-08-01 00:00:00,2,8.1283,8.3918,8.1283,8.1283,7.8678,7.8678,7.8678,8.1283,8.3918,8.1283,8.1283,7.8678,7.8678,8.1283,7.8678,8.1283,8.1283,7.8678,7.8678,7.6104,7.8678,7.8678,8.1283,8.1283,7.8678,7.6104,7.8678,7.6104,7.6104,8.1283,7.8678
2012-07-01 00:00:00,2,10.3173,9.7529,9.1998,9.1998,9.7529,9.4749,9.4749,9.1998,9.4749,9.1998,9.7529,9.4749,9.1998,9.1998,9.1998,10.0337,9.4749,9.1998,8.6582,8.9275,9.1998,8.9275,8.9275,8.9275,8.3918,8.6582,8.3918,8.1283,8.1283,7.8678,8.1283
2012-06-01 00:00:00,2,10.8929,10.8929,10.8929,10.8929,9.1998,17.2263,20.3966,17.9143,14.8942,13.6163,12.0768,12.6847,10.8929,12.0768,10.8929,10.6037,11.1848,10.6037,10.3173,11.1848,12.0768,11.1848,10.8929,11.1848,10.8929,10.3173,10.3173,10.3173,10.0337,10.0337,
2012-05-01 00:00:00,2,14.5709,12.9926,12.9926,12.9926,12.6847,12.6847,12.6847,13.3032,12.9926,11.7768,11.7768,11.4794,11.4794,10.8929,10.6037,10.6037,10.3173,10.3173,11.4794,11.4794,12.0768,11.7768,11.4794,11.7768,11.1848,14.5709,12.6847,12.9926,12.0768,11.7768,11.1848
2012-04-01 00:00:00,2,27.2835,26.4838,24.1355,22.2382,20.7604,18.9642,20.3966,19.3188,18.6119,17.5691,16.8858,16.5478,15.879,15.879,15.22,14.8942,14.8942,15.22,16.5478,17.2263,16.5478,15.5482,16.2121,15.22,15.22,13.9319,14.5709,14.5709,14.2502,15.5482,
2012-03-01 00:00:00,2,18.6119,17.2263,16.2121,16.2121,14.8942,16.2121,15.879,15.879,15.22,15.22,16.8858,27.6865,21.4948,21.4948,66.078,51.842,39.788,30.9851,27.6865,25.6925,24.1355,23.7517,24.5215,23.37,24.5215,22.6133,21.1265,20.7604,28.9081,25.3,27.6865
2012-02-01 00:00:00,2,37.5148,34.8501,34.4127,30.5656,28.9081,26.4838,24.9097,23.7517,23.7517,23.7517,32.2555,37.5148,36.1738,41.1744,41.1744,35.2894,31.83,28.9081,25.6925,24.5215,23.37,22.6133,21.4948,20.7604,21.8654,20.3966,22.6133,20.035,16.8858,,
2012-01-01 00:00:00,2,114.924,174.693,161.204,169.215,171.941,122.359,114.257,98.0183,83.8733,97.3872,79.1383,69.9645,60.1313,53.363,45.9156,44.9528,43.9972,45.9156,44.9528,40.2482,37.9657,36.6189,36.6189,35.7306,35.7306,35.2894,34.8501,31.83,30.5656,32.2555,33.5439
2011-12-01 00:00:00,2,26.3461,23.0551,18.232,16.9237,15.3339,14.7126,14.0998,13.1968,13.1968,14.7126,26.7206,23.0551,16.9237,15.3339,30.9524,63.2146,209.908,185.981,155.998,316.584,214.599,100.557,65.5293,49.8383,47.8628,49.3418,64.9821,107.656,101.195,94.8773,75.6514
2011-11-01 00:00:00,2,9.9941,9.4375,9.1634,8.8922,8.624,8.624,8.624,8.3586,8.8922,8.8922,8.8922,6.5852,20.5972,11.1677,16.9237,14.4051,11.1677,18.232,13.7966,12.0237,10.8871,11.1677,10.8871,27.8544,20.9427,23.774,45.2546,46.5998,41.7313,34.9728,
2011-10-01 00:00:00,2,4.749,4.5346,4.9668,4.749,5.188,4.9668,4.9668,4.9668,4.3238,4.749,4.749,5.6406,5.4126,5.188,5.188,15.6478,8.3586,6.5852,8.624,8.624,6.3442,6.5852,8.8922,9.4375,7.3269,7.3269,18.8981,12.0237,8.0962,21.2901,10.6087
2011-09-01 00:00:00,2,5.8719,6.1064,6.1064,6.1064,6.1064,7.0766,6.1064,6.3442,6.8293,7.0766,6.8293,6.8293,6.5852,6.3442,5.8719,4.5346,3.913,3.913,3.913,4.749,4.3238,4.749,4.9668,4.749,4.749,4.5346,4.749,4.749,4.749,4.749,
2011-08-01 00:00:00,2,8.8922,8.624,8.624,8.8922,9.1634,9.1634,9.1634,8.8922,8.8922,8.3586,8.624,8.624,8.624,8.624,8.0962,6.1064,6.1064,6.1064,6.1064,5.8719,5.4126,5.8719,6.1064,5.8719,5.6406,5.6406,5.6406,5.4126,5.4126,5.4126,5.188
2011-07-01 00:00:00,2,9.9941,9.9941,9.9941,9.7143,9.7143,9.7143,9.7143,9.7143,9.4375,9.4375,9.1634,9.4375,9.1634,9.1634,9.1634,9.4375,9.4375,9.1634,9.4375,8.8922,8.624,9.1634,9.1634,8.8922,9.1634,8.8922,9.1634,8.8922,8.8922,8.8922,8.624
2011-06-01 00:00:00,2,11.4507,11.4507,11.1677,10.8871,10.8871,10.2766,10.8871,10.8871,10.8871,15.0222,12.6057,12.0237,12.0237,11.4507,10.8871,11.4507,10.8871,11.1677,10.6087,10.8871,11.1677,10.8871,10.2766,10.2766,10.6087,9.9941,9.9941,9.9941,10.6087,10.2766,
2011-05-01 00:00:00,2,17.2478,15.9637,14.4051,14.0998,14.7126,13.4956,13.4956,13.4956,12.9001,13.1968,12.3136,12.3136,11.7361,11.7361,11.4507,12.3136,12.9001,12.6057,12.0237,11.7361,12.3136,12.0237,12.0237,12.3136,12.0237,12.0237,11.7361,11.4507,11.1677,10.8871,11.1677
2011-04-01 00:00:00,2,19.2341,18.5641,18.5641,18.5641,17.2478,21.9906,30.9524,30.9524,25.6024,22.3436,19.9118,18.5641,18.5641,17.5739,18.232,17.2478,15.3339,15.3339,15.0222,15.3339,15.0222,16.2816,15.6478,14.4051,15.0222,14.7126,14.0998,14.0998,19.572,18.8981,
2011-03-01 00:00:00,2,14.4051,23.774,19.572,22.3436,20.9427,57.8151,197.717,83.0402,84.132,55.8913,53.9889,36.2099,53.5167,57.8151,51.1763,52.1083,50.7123,62.2212,46.5998,47.5038,42.1665,31.3472,27.4748,25.6024,24.5,22.6985,21.6394,20.5972,21.6394,19.9118,19.9118
2011-02-01 00:00:00,2,15.9637,14.7126,15.0222,14.4051,14.7126,14.0998,14.7126,13.1968,12.9001,12.6057,12.6057,16.6016,13.4956,12.9001,12.0237,11.4507,11.1677,11.7361,11.1677,11.1677,10.8871,10.8871,13.1968,14.4051,14.7126,20.5972,17.9019,15.6478,,,
2011-01-01 00:00:00,2,33.3453,34.9728,33.7498,45.7016,53.5167,57.8151,47.958,32.5412,26.7206,24.5,21.6394,20.9427,23.0551,32.5412,52.1083,71.8645,61.2329,46.15,41.7313,33.3453,26.7206,24.1361,22.6985,20.5972,20.9427,19.572,18.8981,17.9019,16.2816,16.9237,16.2816
2010-12-01 00:00:00,2,25.2332,22.3436,20.9427,18.232,21.6394,105.6,129.255,53.0459,32.1416,24.5,19.9118,18.232,16.6016,15.6478,58.2994,60.2498,37.0425,24.1361,17.9019,18.8981,16.9237,16.6016,19.572,15.9637,23.4137,35.796,51.6416,69.2827,34.1558,30.9524,27.8544
2010-11-01 00:00:00,2,12.9001,12.9001,20.2535,17.5739,15.3339,27.4748,32.1416,30.5593,27.0968,25.9734,44.365,34.5635,23.0551,18.8981,17.2478,18.5641,23.4137,17.5739,17.2478,14.4051,13.1968,30.5593,24.5,22.3436,23.4137,22.3436,26.7206,27.8544,19.2341,15.9637,
2010-10-01 00:00:00,2,9.4375,11.1677,9.7143,10.2766,15.9637,15.6478,13.7966,17.5739,13.7966,11.4507,11.4507,8.8922,9.1634,11.1677,11.1677,8.624,8.624,9.9941,14.7126,19.572,22.3436,15.0222,18.8981,11.1677,10.2766,11.4507,10.6087,9.9941,9.9941,12.6057,10.8871
2010-09-01 00:00:00,2,7.8367,7.8367,8.3586,7.5803,5.6406,5.6406,5.8719,5.6406,5.6406,5.6406,5.6406,5.4126,5.4126,5.188,5.188,5.4126,5.188,5.188,5.188,5.4126,5.4126,5.4126,5.6406,5.6406,5.6406,5.8719,7.0766,9.1634,9.1634,8.624,
2010-08-01 00:00:00,2,8.3586,8.0962,8.0962,8.3586,8.0962,8.0962,8.0962,7.5803,8.0962,8.0962,7.8367,7.8367,7.8367,7.8367,8.0962,8.0962,8.0962,7.5803,7.8367,8.0962,7.8367,8.0962,7.8367,8.0962,8.0962,8.0962,8.0962,8.0962,8.0962,8.0962,8.3586
2010-07-01 00:00:00,2,8.8922,8.624,8.8922,8.8922,9.4375,9.1634,8.8922,8.8922,9.4375,8.624,8.624,9.1634,8.8922,8.624,8.624,8.624,8.3586,8.3586,8.3586,8.3586,8.624,8.8922,9.1634,8.8922,9.1634,8.8922,8.8922,8.624,8.8922,8.8922,9.1634
2010-06-01 00:00:00,2,10.8871,10.8871,10.8871,11.1677,9.9941,10.6087,9.9941,10.8871,10.6087,10.2766,9.9941,9.9941,9.9941,9.4375,9.7143,9.4375,10.2766,9.7143,9.4375,8.8922,8.8922,9.7143,9.4375,9.7143,9.1634,9.1634,9.1634,8.8922,8.624,8.3586,
2010-05-01 00:00:00,2,14.4051,14.0998,13.1968,12.3136,12.0237,11.1677,11.4507,11.1677,11.1677,13.7966,13.7966,15.6478,14.4051,12.9001,12.6057,12.0237,12.3136,12.0237,12.0237,15.3339,17.5739,17.2478,14.7126,13.7966,12.9001,12.0237,12.6057,11.1677,10.8871,11.1677,10.8871
2010-04-01 00:00:00,2,19.572,19.572,23.4137,20.9427,25.9734,23.774,21.9906,19.9118,17.5739,15.9637,15.9637,14.7126,15.0222,14.7126,15.0222,14.4051,14.0998,13.4956,14.0998,13.7966,14.4051,12.6057,12.9001,12.3136,12.0237,12.0237,12.6057,11.7361,12.3136,12.3136,
2010-03-01 00:00:00,2,35.796,44.365,95.3031,89.1024,98.1665,81.9532,67.2398,60.2498,53.5167,46.5998,35.796,28.6188,26.7206,28.6188,26.7206,26.3461,29.7781,28.6188,27.8544,24.1361,26.7206,36.2099,27.0968,27.4748,23.774,22.3436,20.5972,19.572,18.5641,17.9019,17.5739
2010-02-01 00:00:00,2,21.6394,20.2535,19.572,18.232,17.5739,17.2478,16.6016,15.9637,15.3339,15.0222,15.0222,15.0222,15.3339,14.0998,14.7126,12.9001,12.6057,12.9001,13.7966,13.4956,12.6057,12.9001,12.3136,12.3136,15.6478,17.5739,27.4748,24.5,,,
2010-01-01 00:00:00,2,65.7208,69.7966,47.5038,40.4344,33.7498,59.272,86.3295,77.1201,62.7173,48.8705,35.796,27.8544,27.8544,33.3453,27.0968,27.0968,25.6024,23.0551,22.6985,23.0551,23.4137,38.7263,49.3288,52.5764,57.8151,47.5038,46.15,37.8813,32.1416,27.0968,24.5
2009-12-01 00:00:00,2,12.9001,12.9001,27.0968,32.9424,76.0593,87.9897,81.4114,65.217,49.3288,39.5773,33.7498,24.1361,20.2535,18.5641,28.2358,27.8544,21.6394,17.5739,17.2478,25.9734,17.5739,20.9427,22.6985,19.2341,15.3339,18.8981,29.0036,42.1665,50.7123,64.7145,58.2994
2009-11-01 00:00:00,2,27.0968,22.3436,27.0968,22.3436,16.9237,13.4956,12.3136,11.7361,11.4507,15.0222,18.5641,18.232,14.4051,12.6057,11.1677,10.6087,9.7143,9.7143,10.6087,9.1634,8.624,8.8922,8.0962,8.0962,7.5803,8.624,8.0962,8.0962,8.3586,9.9941,
2009-10-01 00:00:00,2,7.5803,8.3586,8.0962,7.5803,7.5803,7.8367,10.6087,11.4507,10.2766,10.2766,10.6087,9.1634,8.3586,8.624,8.624,8.0962,10.6087,18.232,28.6188,27.0968,48.4135,43.4812,33.7498,25.6024,39.5773,37.4612,35.796,33.3453,30.5593,28.6188,27.0968
2009-09-01 00:00:00,2,8.624,9.1634,8.3586,8.0962,8.624,8.3586,8.3586,8.624,6.8293,7.5803,9.1634,8.3586,8.0962,7.8367,7.5803,8.0962,8.0962,7.8367,7.5803,7.5803,7.8367,10.8871,9.4375,9.9941,10.6087,10.3328,10.3328,10.3328,9.1634,8.624,
2009-08-01 00:00:00,2,9.1634,8.624,8.624,8.8922,8.624,8.0962,8.624,8.0962,8.3586,8.0962,8.0962,8.3586,8.0962,8.3586,8.624,8.3586,8.0962,8.3586,8.0962,8.0962,8.3586,8.3586,8.0962,9.7143,9.1634,9.7143,8.8922,8.8922,9.1634,8.8922,8.8922
2009-07-01 00:00:00,2,13.4956,12.0237,11.4507,11.1677,10.8871,10.8871,10.2766,10.6087,11.1677,10.2766,10.2766,10.6087,9.7143,10.2766,9.9941,9.9941,9.4375,9.4375,9.4375,9.1634,9.7143,9.9941,9.4375,9.4375,9.1634,9.1634,9.1634,8.8922,8.8922,9.1634,9.1634
2009-06-01 00:00:00,2,12.6057,12.9001,12.6057,12.3136,12.9001,12.0237,11.7361,12.3136,12.6057,13.4956,12.9001,12.3136,12.0237,12.0237,12.0237,12.6057,12.3136,12.3136,12.0237,12.0237,11.4507,11.4507,11.1677,11.1677,11.4507,11.4507,11.4507,12.0237,15.0222,15.0222,
2009-05-01 00:00:00,2,16.9237,16.9237,14.0998,17.9019,17.9019,18.5641,17.9019,17.5739,17.2478,17.2478,15.6478,15.3339,15.0222,16.2816,15.9637,15.3339,15.0222,14.7126,14.7126,14.7126,14.0998,14.0998,14.7126,14.7126,13.7966,13.7966,13.7966,13.1968,15.0222,13.7966,12.9001
2009-04-01 00:00:00,2,33.7498,38.303,43.4812,39.5773,36.6255,27.4748,33.7498,39.151,29.39,27.4748,25.9734,29.7781,24.5,23.0551,22.3436,22.6985,22.6985,23.0551,25.9734,24.5,22.3436,20.9427,19.9118,18.8981,18.5641,18.5641,19.2341,18.8981,16.9237,16.2816,
2009-03-01 00:00:00,2,40.0051,32.5412,29.39,28.2358,26.7206,25.6024,28.2358,52.1083,66.2259,40.8652,35.796,29.7781,29.39,25.9734,26.3461,25.9734,27.4748,25.6024,25.6024,23.0551,22.6985,21.9906,22.6985,25.6024,34.1558,34.9728,32.1416,28.6188,28.2358,27.8544,34.5635
2009-02-01 00:00:00,2,37.8813,61.2329,102.604,79.2562,68.7701,49.7886,40.4344,49.7886,54.9374,64.2133,50.2498,44.365,52.1083,70.8281,64.7145,58.2994,50.2498,42.6033,37.4612,32.9424,31.3472,29.7781,28.2358,28.2358,60.2498,68.7701,80.3315,57.3322,,,
2009-01-01 00:00:00,2,83.5855,81.4114,79.7933,80.8709,129.255,83.5855,83.0402,67.2398,47.0511,38.303,32.5412,29.39,26.3461,25.6024,51.6416,35.3836,32.1416,30.5593,39.5773,42.1665,49.7886,75.5307,102.604,86.8817,80.3315,63.7133,52.1083,53.9889,52.1083,47.5038,43.9224
2008-12-01 00:00:00,2,11.4507,10.6087,9.9941,9.7143,9.1634,8.8922,8.8922,8.8922,9.1634,8.8922,8.8922,8.8922,9.4375,10.2766,10.8871,17.5739,31.7436,70.8281,105.6,112.801,91.9039,63.2146,48.8705,40.4344,33.7498,59.272,49.3288,68.7701,152.164,240.732,181.696
2008-11-01 00:00:00,2,6.5852,6.5852,6.8293,6.8293,7.3269,7.0766,7.5803,8.0962,8.3586,10.3328,8.624,7.0766,8.624,15.3339,18.232,13.4956,12.9001,33.3453,23.4137,24.8657,16.6016,12.9001,12.9001,20.2535,14.0998,13.1968,11.4507,19.2341,13.1968,13.1968,
2008-10-01 00:00:00,2,7.8367,8.624,8.624,8.3586,8.3586,8.3586,8.624,8.8922,8.8922,8.624,8.3586,8.3586,8.3586,7.3269,6.1064,6.1064,6.1064,6.8293,7.5803,7.8367,6.5852,6.3442,6.1064,6.3442,6.1064,5.8719,5.8719,6.1064,6.1064,6.1064,5.8719
2008-09-01 00:00:00,2,6.3442,7.0766,7.5803,7.0766,6.5852,6.8293,6.1064,6.1064,5.8719,5.4126,5.6406,5.8719,6.8293,6.8293,6.1064,8.3586,8.0962,8.624,7.8367,6.3442,6.5852,9.4375,12.0237,11.7361,10.8871,10.2766,14.7126,9.7143,8.8922,8.624,
2008-08-01 00:00:00,2,7.5803,7.5803,7.8367,8.0962,8.0962,7.8367,6.1064,5.8719,5.8719,5.6406,5.4126,5.6406,5.6406,5.8719,5.8719,6.1064,5.8719,5.8719,5.8719,6.1064,6.1064,6.1064,6.1064,5.8719,6.1064,5.8719,6.1064,5.8719,5.8719,6.1064,10.2766
2008-07-01 00:00:00,2,8.8922,8.3586,8.624,8.624,8.3586,8.3586,8.8922,8.624,8.3586,8.3586,8.3586,8.3586,7.8367,8.3586,7.8367,7.8367,7.8367,8.0962,7.8367,8.0962,7.5803,8.0962,7.3269,7.5803,8.0962,8.0962,7.8367,7.8367,7.5803,7.5803,7.5803
2008-06-01 00:00:00,2,9.9941,10.2766,9.4375,9.4375,10.2766,10.2766,9.9941,9.7143,9.1634,9.1634,8.8922,9.1634,8.624,8.8922,8.0962,7.8367,10.8871,10.8871,8.3586,8.8922,8.624,8.3586,8.3586,8.624,10.2766,10.8871,11.1677,9.9941,9.9941,9.4375,
2008-05-01 00:00:00,2,11.7361,14.4051,13.7966,12.9001,13.1968,12.3136,12.3136,11.7361,11.4507,11.1677,11.4507,11.7361,11.4507,11.4507,11.7361,11.4507,11.7361,11.4507,11.1677,11.4507,11.1677,11.1677,10.6087,11.1677,10.6087,10.6087,10.2766,9.7143,9.7143,9.7143,9.9941
2008-04-01 00:00:00,2,19.9118,17.5739,15.9637,15.9637,23.774,80.8709,76.5891,56.3702,46.5998,34.5635,30.1679,24.8657,24.1361,22.3436,21.9906,19.572,19.572,19.2341,18.5641,17.5739,20.5972,17.2478,16.9237,16.6016,16.2816,15.6478,14.7126,14.7126,13.7966,13.1968,
2008-03-01 00:00:00,2,26.7206,27.8544,23.0551,20.9427,18.8981,17.9019,17.9019,41.7313,43.4812,30.9524,29.7781,26.3461,46.15,43.9224,45.2546,62.2212,56.3702,48.8705,42.1665,30.9524,23.0551,24.1361,21.2901,20.9427,23.4137,26.7206,27.8544,29.39,30.5593,26.3461,21.9906
2008-02-01 00:00:00,2,54.9374,38.303,24.8657,33.7498,45.2546,36.6255,39.5773,43.9224,36.2099,26.3461,20.9427,17.9019,15.9637,15.0222,15.0222,15.3339,14.0998,13.1968,22.6985,29.0036,26.7206,21.2901,19.2341,21.2901,41.2975,53.9889,48.8705,43.9224,31.3472,,
2008-01-01 00:00:00,2,4.9668,4.9668,6.8293,7.0766,6.5852,7.3269,9.4375,7.8367,7.0766,7.0766,7.8367,9.9941,18.5641,11.7361,8.0962,7.3269,7.0766,7.8367,7.8367,9.4375,15.9637,15.9637,20.2535,17.2478,15.0222,14.7126,17.9019,19.9118,21.2901,60.2498,75.0033
2007-12-01 00:00:00,2,7.3269,8.3586,8.624,7.8367,7.3269,7.5803,6.5852,22.6985,10.6087,12.6057,9.4375,8.3586,16.6016,12.0237,9.4375,9.4375,7.8367,7.3269,6.8293,7.8367,23.0551,29.7781,25.2332,22.3436,16.9237,14.7126,10.2766,8.8922,8.0962,7.5803,6.5852
2007-11-01 00:00:00,2,5.188,5.8719,5.4126,5.4126,4.9668,6.3442,6.3442,6.5852,6.8293,7.0766,6.8293,6.8293,7.0766,8.8922,9.4375,8.0962,6.8293,6.3442,6.3442,7.8367,10.6087,9.4375,8.8922,6.8293,11.7361,8.8922,8.3586,8.3586,9.7143,8.8922,
2007-10-01 00:00:00,2,4.9865,4.9865,4.7678,4.7678,4.7678,4.5526,4.5526,4.9865,4.9865,5.2086,5.2086,5.2086,4.9865,4.9865,4.9865,4.7678,5.2086,6.1307,4.9865,6.1064,5.188,5.4126,6.1064,7.5803,8.3586,7.5803,7.3269,6.5852,6.1064,5.8719,5.188
2007-09-01 00:00:00,2,4.9865,5.2086,6.1307,7.356,4.341,4.9865,4.9865,4.5526,5.8952,5.4341,4.7678,4.9865,4.7678,4.5526,5.2086,5.2086,4.9865,4.9865,4.9865,4.7678,4.7678,4.9865,4.7678,4.9865,5.2086,4.9865,4.7678,4.9865,4.7678,4.7678,
2007-08-01 00:00:00,2,7.356,7.356,7.356,7.6104,7.6104,7.6104,7.6104,7.356,7.6104,7.356,7.6104,7.356,7.8678,7.8678,7.8678,7.6104,7.6104,7.8678,7.8678,7.6104,7.356,7.6104,7.8678,7.8678,7.1046,5.663,5.4341,4.9865,5.2086,5.8952,5.663
2007-07-01 00:00:00,2,10.0337,10.8929,7.6104,7.6104,7.8678,8.6582,9.1998,8.6582,8.6582,8.3918,8.1283,8.6582,9.1998,8.1283,7.356,7.8678,7.8678,7.8678,7.8678,7.8678,8.1283,8.1283,7.8678,7.356,7.356,7.8678,8.9275,9.4749,9.1998,7.356,7.6104
2007-06-01 00:00:00,2,10.8929,10.3173,10.0337,10.8929,10.0337,10.3173,10.8929,9.4749,10.0337,9.7529,9.7529,9.4749,9.1998,9.1998,9.1998,8.9275,8.6582,8.6582,8.1283,11.4794,7.6104,8.1283,8.9275,8.9275,8.9275,8.6582,8.3918,8.6582,8.9275,8.9275,
2007-05-01 00:00:00,2,12.9926,12.9926,12.3794,12.0768,11.1848,11.1848,10.6037,10.8929,10.6037,10.8929,10.8929,10.6037,10.0337,9.7529,10.0337,10.0337,10.6037,10.3173,10.3173,10.3173,9.4749,10.0337,10.0337,10.3173,10.3173,10.6037,10.3173,10.8929,12.0768,12.0768,11.1848
2007-04-01 00:00:00,2,12.9926,13.3032,12.0768,12.6847,12.6847,12.0768,11.7768,16.5478,19.6758,20.3966,18.2619,20.035,16.8858,14.8942,13.9319,13.3032,14.2502,15.5482,14.2502,13.6163,13.3032,13.6163,16.5478,16.8858,15.5482,14.8942,13.9319,13.3032,13.9319,13.9319,
2007-03-01 00:00:00,2,23.37,22.2382,21.8654,20.3966,19.3188,19.3188,19.6758,19.6758,19.3188,17.9143,17.2263,16.5478,16.2121,16.5478,15.879,15.22,21.1265,18.9642,19.3188,22.2382,26.087,21.4948,18.2619,17.2263,15.879,15.879,15.5482,14.8942,13.9319,13.9319,13.3032
2007-02-01 00:00:00,2,105.703,93.0102,68.2892,54.8995,60.1313,55.4151,52.8543,56.4513,47.3733,41.6403,33.9773,57.4943,62.2708,50.8367,43.0489,37.0659,33.9773,32.2555,30.1482,30.5656,28.0916,26.4838,24.9097,24.5215,25.6925,25.3,27.2835,25.6925,,,
2007-01-01 00:00:00,2,53.8734,75.0756,61.7334,54.3856,52.3473,75.6514,176.08,242.428,89.3154,61.1977,45.4333,37.0659,43.5222,51.842,38.873,67.1804,61.7334,191.792,138.615,76.2287,59.0715,55.9323,49.8384,57.4943,60.6637,99.9202,87.4879,67.1804,50.3366,82.0863,113.59
2006-12-01 00:00:00,2,34.4127,29.3194,20.7604,13.3032,12.6847,71.654,75.6514,66.6284,43.0489,29.7328,26.0871,24.5215,20.7604,24.5215,19.6758,22.9905,21.8654,66.6284,62.8098,50.8367,42.108,33.9773,24.5215,22.2382,19.3188,16.5478,19.6758,35.2894,53.8734,44.9528,57.4943
2006-11-01 00:00:00,2,7.6104,7.1046,11.1848,10.0337,13.3032,15.5482,11.1848,9.1998,16.2121,12.0768,21.8654,29.3194,29.3194,22.9905,15.879,37.9657,32.683,26.4838,16.5478,12.9926,26.8826,23.37,16.5478,13.6163,12.3794,11.1848,10.3173,13.3032,22.6133,30.1482,
2006-10-01 00:00:00,2,6.6113,6.3694,6.6113,6.6113,6.1307,6.8564,6.6113,6.8564,7.8678,7.6104,7.8678,7.356,6.8564,7.6104,7.1046,7.8678,6.8564,7.1046,9.4749,10.0337,10.6037,9.1998,7.8678,7.6104,7.8678,7.356,6.6113,6.8564,6.8564,5.8952,6.1307
2006-09-01 00:00:00,2,5.663,5.8952,5.663,5.8952,6.8564,6.3694,6.8564,6.1307,6.1307,5.8952,5.663,5.8952,5.8952,5.8952,5.8952,6.3694,5.8952,5.663,5.663,5.663,5.663,8.3918,8.9275,8.6582,10.3173,9.4749,8.9275,7.8678,7.8678,7.6104,
2006-08-01 00:00:00,2,7.356,6.1307,6.6113,6.3694,6.3694,6.6113,5.8952,5.663,5.663,5.4341,5.663,5.663,5.663,5.4341,5.4341,5.2086,5.2086,5.2086,6.3694,7.1046,5.8952,5.4341,5.4341,5.4341,5.663,5.2086,5.2086,5.2086,5.4341,5.663,5.4341
2006-07-01 00:00:00,2,7.1046,6.8564,6.8564,6.8564,7.1046,7.356,6.8564,6.8564,6.6113,7.1046,7.6104,7.356,7.1046,6.8564,7.356,6.3694,6.3694,6.3694,6.3694,5.8952,6.6113,5.8952,5.8952,6.1307,6.3694,6.3694,6.1307,6.6113,5.8952,6.3694,6.1307
2006-06-01 00:00:00,2,7.356,7.1046,6.8564,6.8564,6.8564,6.8564,6.6113,6.6113,6.6113,6.3694,6.1307,6.8564,6.6113,6.3694,6.6113,6.6113,6.3694,6.1307,6.3694,6.6113,6.6113,6.3694,7.356,6.8564,6.3694,6.8564,6.8564,7.1046,7.1046,7.1046,
2006-05-01 00:00:00,2,8.6582,10.0337,8.1283,8.1283,7.8678,8.3918,7.8678,7.1046,7.356,7.8678,8.3918,9.7529,10.0337,8.9275,9.4749,8.9275,8.6582,7.356,7.1046,7.1046,7.356,7.1046,7.1046,8.1283,8.6582,8.3918,8.3918,7.8678,7.6104,7.6104,7.356
2006-04-01 00:00:00,2,11.1848,11.4794,10.0337,9.7529,10.8929,10.0337,9.7529,9.4749,9.4749,12.0768,10.3173,12.0768,14.2502,13.9319,10.3173,10.8929,10.0337,9.4749,21.1265,17.2263,13.3032,11.1848,10.3173,9.1998,8.9275,9.7529,10.6037,8.9275,8.9275,8.6582,
2006-03-01 00:00:00,2,13.6163,12.0768,13.3032,20.3966,13.9319,22.2382,49.3418,33.1125,24.5215,24.1355,21.8654,21.4948,21.1265,20.3966,20.035,27.6865,25.6925,28.4988,21.8654,17.9143,17.9143,15.5482,13.9319,13.6163,12.9926,11.7768,15.5482,14.5709,13.3032,11.4794,13.3032
2006-02-01 00:00:00,2,27.6865,35.7306,34.8501,20.035,14.2502,11.7768,10.8929,10.3173,9.7529,9.1998,10.8929,20.3966,30.5656,27.6865,18.2619,15.5482,14.2502,12.3794,10.8929,10.3173,9.4749,9.4749,9.7529,9.7529,10.0337,12.9926,14.8942,12.6847,,,
2006-01-01 00:00:00,2,11.4794,13.3032,13.9319,15.22,32.2555,42.5775,31.83,26.0871,18.2619,15.5482,13.6163,12.3794,11.7768,10.8929,10.3173,10.0337,10.3173,10.3173,10.0337,9.1998,8.9275,8.3918,7.8678,8.1283,8.6582,7.8678,6.8564,10.3173,9.7529,23.7517,28.4988
2005-12-01 00:00:00,2,12.3794,13.3032,24.9097,21.1265,16.5478,11.7768,17.5691,22.9905,21.4948,24.5215,60.1313,54.3856,49.3418,51.3385,129.957,71.654,54.3856,29.7328,22.2382,32.683,21.8654,18.9642,16.8858,14.8942,13.3032,18.6119,15.22,13.6163,12.6847,12.9926,12.0768
2005-11-01 00:00:00,2,9.1998,8.9275,8.6582,8.3918,11.1848,9.1998,7.8678,9.7529,9.7529,10.3173,14.8942,11.4794,10.8929,10.0337,8.6582,8.6582,8.6582,23.37,56.972,47.8628,26.4838,22.2382,18.2619,43.5222,35.2894,27.6865,22.2382,14.5709,14.2502,13.6163,
2005-10-01 00:00:00,2,8.3918,7.8678,7.356,8.1283,7.356,7.6104,7.356,7.356,6.6113,6.8564,7.356,6.6113,5.8952,6.3694,6.3694,5.8952,5.663,6.3694,5.8952,5.663,6.1307,5.663,5.4341,5.663,7.356,6.6113,6.8564,7.356,7.356,7.356,7.1046
2005-09-01 00:00:00,2,7.1046,7.6104,7.1046,6.8564,6.8564,6.8564,7.8678,7.356,8.3918,8.3918,7.8678,7.356,7.356,6.8564,7.1046,6.8564,6.6113,18.9642,14.8942,12.6847,10.3173,9.1998,8.3918,8.1283,7.8678,15.22,13.6163,11.4794,10.3173,9.4749,
2005-08-01 00:00:00,2,8.9275,8.9275,8.6582,8.9275,8.6582,8.6582,7.8678,8.1283,8.9275,8.3918,8.6582,8.1283,8.6582,8.1283,8.1283,8.3918,8.1283,8.1283,8.3918,8.1283,7.8678,7.356,7.8678,7.356,7.6104,7.1046,8.3918,7.6104,7.8678,7.6104,7.356
2005-07-01 00:00:00,2,11.1848,10.8929,10.8929,10.6037,10.0337,10.0337,10.3173,10.3173,10.3173,10.0337,10.0337,10.3173,10.3173,10.3173,10.0337,9.7529,9.4749,9.7529,10.0337,9.4749,10.3173,10.6037,9.7529,9.4749,9.7529,9.1998,9.1998,9.7529,9.1998,8.3918,8.6582
2005-06-01 00:00:00,2,14.5709,14.2502,13.3032,12.9926,12.3794,12.3794,11.4794,12.3794,12.0768,12.3794,11.4794,11.1848,10.8929,11.1848,11.7768,11.7768,11.4794,10.8929,10.8929,12.3794,13.9319,14.2502,13.6163,12.3794,12.0768,11.4794,10.8929,11.4794,11.1848,11.4794,
2005-05-01 00:00:00,2,15.22,15.22,14.8942,14.5709,14.2502,15.5482,16.8858,13.3032,13.6163,12.9926,13.3032,12.9926,12.6847,13.3032,11.7768,12.3794,12.3794,12.3794,12.3794,12.3794,12.0768,12.0768,12.3794,14.5709,16.2121,26.8826,28.9081,26.0871,20.3966,16.5478,15.5482
2005-04-01 00:00:00,2,26.8826,24.5215,22.9905,22.2382,21.4948,20.3966,20.035,19.3188,18.6119,16.8858,16.8858,17.5691,16.8858,16.8858,16.5478,15.879,15.879,15.5482,15.22,15.22,15.22,14.8942,12.3794,12.6847,14.2502,14.2502,15.22,17.2263,15.879,15.22,
2005-03-01 00:00:00,2,27.2835,51.3385,58.0184,77.9698,143.45,133.884,96.7576,68.2892,48.847,38.4184,40.7104,37.0659,34.8501,29.3194,26.8826,25.6925,40.7104,48.354,65.5292,68.8461,53.363,50.3366,35.2894,32.683,34.4127,43.0489,43.0489,43.5222,40.2482,32.2555,29.3194
2005-02-01 00:00:00,2,52.3473,44.4741,42.108,37.0659,34.4127,60.1313,41.6403,38.4184,35.2894,28.0917,24.5215,22.6133,21.4948,21.4948,20.3966,19.6758,18.9642,17.9143,23.7517,26.087,22.9905,21.4948,17.5691,16.2121,15.5482,41.1744,35.7306,27.6865,,,
2005-01-01 00:00:00,2,30.5656,33.5439,28.0917,22.9905,66.6284,53.363,56.972,44.4741,30.5656,24.1355,22.2382,24.9097,22.9905,23.37,22.2382,16.5478,15.5482,22.2382,28.4988,30.5656,28.0917,26.087,33.5439,29.7328,28.9081,21.8654,56.4513,66.078,68.2893,93.6311,73.3578
2004-12-01 00:00:00,2,8.1283,8.6582,7.356,7.1046,6.6113,7.1046,6.6113,37.0659,10.3173,20.7604,16.8858,13.3032,24.5215,20.3966,15.879,10.6037,9.4749,10.6037,8.9275,7.356,56.4513,37.9657,85.6739,86.2771,51.3385,38.873,22.2382,17.2263,23.37,17.5691,16.8858
2004-11-01 00:00:00,2,5.4341,6.3694,6.6113,7.1046,5.8952,5.663,7.356,6.6113,5.8952,5.4341,5.4341,5.4341,5.8952,5.2086,4.1329,3.9285,5.4341,7.6104,6.8564,7.6104,7.6104,6.8564,6.3694,5.663,5.4341,5.4341,5.2086,5.2086,5.8952,9.4749,
2004-10-01 00:00:00,2,5.663,5.2086,5.663,8.1283,7.1046,7.8678,6.8564,6.6113,5.8952,5.663,6.1307,7.356,7.356,7.1046,7.6104,8.6582,5.8952,5.8952,6.1307,6.8564,6.1307,5.8952,5.4341,5.2086,5.4341,6.6113,6.6113,6.3694,6.1307,5.8952,6.1307
2004-09-01 00:00:00,2,6.6113,5.8952,6.1307,6.3694,6.3694,7.1046,6.8564,6.6113,6.1307,5.8952,5.663,5.663,5.663,5.663,5.663,5.4341,5.4341,5.4341,5.4341,5.663,6.1307,5.663,5.663,5.663,5.663,5.4341,5.8952,5.4341,5.663,5.663,
2004-08-01 00:00:00,2,7.356,8.9275,7.8678,8.1283,8.9275,8.6582,8.6582,8.1283,7.8678,7.8678,7.8678,7.6104,8.1283,7.6104,7.1046,7.1046,6.8564,7.6104,8.1283,7.356,7.6104,7.356,7.356,7.1046,6.6113,7.1046,7.356,7.1046,7.1046,6.8564,6.3694
2004-07-01 00:00:00,2,6.1307,7.8678,9.1998,8.9275,8.3918,8.9275,8.9275,7.8678,8.6582,9.1998,8.9275,19.3188,12.6847,11.7768,10.3173,9.7529,9.4749,9.1998,8.9275,8.6582,10.6037,12.9926,13.3032,12.6847,10.0337,9.1998,8.6582,9.1998,8.9275,8.6582,8.6582
2004-06-01 00:00:00,2,12.9926,10.6037,11.1848,12.9926,14.2502,10.8929,11.1848,11.1848,10.3173,10.6037,10.8929,10.6037,10.3173,10.3173,10.3173,10.8929,10.3173,9.7529,9.1998,9.7529,9.1998,10.0337,9.7529,10.3173,9.4749,10.0337,9.7529,10.3173,10.0337,7.1046,
2004-05-01 00:00:00,2,12.0768,11.7768,11.7768,11.4794,11.4794,11.7768,11.7768,11.4794,11.1848,10.8929,11.1848,10.8929,11.1848,10.8929,13.9319,10.3173,10.3173,11.1848,10.8929,11.4794,10.3173,10.6037,10.3173,10.0337,10.6037,10.3173,10.6037,10.8929,11.1848,12.0768,12.9926
2004-04-01 00:00:00,2,57.4943,80.3129,78.5533,75.0756,69.4045,64.4366,42.5775,32.2555,29.7328,24.1355,23.7517,24.1355,23.7517,19.6758,17.9143,16.5478,15.5482,14.2502,16.8858,14.2502,13.3032,12.6847,12.3794,12.3794,15.879,16.2121,15.22,14.5709,13.6163,10.8929,
2004-03-01 00:00:00,2,46.8856,68.2892,40.2482,52.3473,38.873,31.83,29.7328,26.8826,25.6925,23.37,22.2382,20.035,21.4948,20.035,25.6925,25.6925,24.5215,22.2382,20.035,19.3188,19.3188,19.6758,19.3188,17.9143,16.8858,16.2121,16.2121,15.879,17.2263,28.0916,28.4988
2004-02-01 00:00:00,2,11.7768,15.22,28.0916,26.8826,18.2619,15.22,11.7768,41.1744,36.1738,24.9097,30.1482,46.3997,33.5439,28.4988,40.7104,89.9275,107.004,79.1383,66.078,53.363,85.0722,56.972,42.5775,53.8734,50.3366,43.0489,39.3296,40.2482,44.4741,,
2004-01-01 00:00:00,2,9.1998,11.1848,46.3997,23.7517,16.5478,24.9097,20.3966,23.37,28.9081,44.4741,68.8461,75.6514,66.078,55.9323,54.8995,52.8543,52.3473,36.1738,24.1355,19.6758,16.5478,16.2121,48.847,48.847,27.6865,23.37,20.7604,19.3188,18.6119,16.8858,14.2502
2003-12-01 00:00:00,2,22.2382,15.22,15.879,12.3794,12.3794,28.9081,45.4333,51.3385,39.3296,28.9081,20.3966,15.22,12.6847,18.2619,13.3032,11.4794,8.6582,8.3918,9.1998,8.9275,9.1998,9.7529,9.7529,12.0768,11.7768,9.4749,9.4749,8.9275,7.6104,8.6582,8.6582
2003-11-01 00:00:00,2,7.1046,7.1046,8.1283,10.0337,9.4749,8.6582,7.6104,8.3918,7.1046,10.6037,7.1046,6.1307,5.663,5.663,5.2086,5.4341,7.1046,8.9275,8.6582,11.4794,9.7529,13.3032,8.3918,8.3918,7.6104,8.1283,8.1283,8.3918,10.3173,9.4749,
2003-10-01 00:00:00,2,5.663,5.4341,5.663,5.8952,4.1329,3.7278,4.7678,5.8952,5.8952,6.3694,4.5526,5.663,5.663,6.6113,5.8952,5.8952,5.8952,5.663,5.4341,5.2086,5.2086,5.2086,5.2086,5.663,6.6113,6.8564,7.1046,7.1046,7.356,6.8564,7.356
2003-09-01 00:00:00,2,7.6104,8.3918,8.1283,7.6104,7.6104,7.356,4.9865,5.8952,7.6104,7.356,7.356,6.3694,7.1046,7.6104,7.1046,5.663,5.663,4.7678,4.7678,8.1283,5.4341,8.3918,5.663,5.4341,5.4341,5.663,5.4341,5.663,5.8952,5.8952,
2003-08-01 00:00:00,2,8.1283,7.8678,7.1046,6.1307,7.1046,7.8678,7.6104,7.356,7.6104,7.6104,6.3694,7.8678,7.6104,7.6104,7.6104,7.6104,6.6113,5.8952,7.356,8.1283,7.356,7.6104,7.8678,7.1046,5.4341,8.1283,7.8678,7.6104,5.8952,7.8678,5.2086
2003-07-01 00:00:00,2,8.6582,8.3918,10.6037,7.8678,8.1283,6.8564,8.9275,8.1283,7.8678,8.1283,8.1283,8.3918,7.8678,7.8678,9.4749,8.6582,8.3918,8.3918,8.1283,8.6582,7.1046,9.4749,8.6582,8.3918,8.1283,7.6104,8.3918,6.6113,7.8678,8.3918,8.6582
2003-06-01 00:00:00,2,8.9275,10.0337,9.4749,8.3918,8.9275,8.6582,8.3918,8.6582,9.1998,8.6582,9.1998,8.9275,8.6582,8.9275,7.356,9.4749,8.6582,8.3918,8.6582,8.6582,8.1283,8.3918,9.1998,8.1283,8.1283,8.3918,8.6582,8.1283,6.8564,9.4749,
2003-05-01 00:00:00,2,8.6582,9.1998,10.0337,10.3173,10.8929,12.9926,16.2121,14.5709,13.6163,12.0768,10.3173,10.8929,10.8929,10.6037,10.3173,10.3173,10.6037,9.4749,11.1848,9.7529,10.0337,10.0337,9.7529,10.3173,8.1283,10.0337,10.0337,9.7529,9.4749,9.7529,9.4749
2003-04-01 00:00:00,2,16.8858,15.879,15.5482,14.5709,17.2263,17.2263,20.7604,20.035,17.5691,18.9642,19.6758,16.8858,15.5482,14.2502,13.6163,12.3794,15.5482,12.0768,14.8942,14.8942,14.5709,13.9319,13.6163,10.6037,11.4794,10.0337,8.9275,10.6037,10.3173,10.0337,
2003-03-01 00:00:00,2,14.5709,12.9926,13.6163,13.9319,15.879,17.5691,17.2263,14.5709,28.9081,26.0871,21.1265,18.9642,33.5439,39.3296,46.8856,32.683,36.1738,42.108,44.9528,34.8501,32.683,31.4065,37.9657,31.83,26.4838,22.6133,24.5215,21.4948,18.9642,17.9143,16.2121
2003-02-01 00:00:00,2,81.4936,64.9821,54.3856,42.5775,35.2894,31.4065,33.5439,26.0871,25.3,21.1265,20.7604,20.3966,19.6758,19.3188,18.2619,18.2619,26.8826,28.0916,27.2835,24.1355,22.6133,19.3188,22.9905,17.5691,16.8858,17.9143,15.5482,13.9319,,,
2003-01-01 00:00:00,2,16.8858,19.6758,30.1482,44.9528,39.3296,45.9156,69.9645,47.8628,38.4184,65.5292,63.8927,60.1313,48.354,61.7334,50.8367,72.2204,81.4936,129.26,129.26,77.9698,65.5292,56.972,46.8856,41.6403,38.873,33.5439,27.6865,29.7328,56.4513,126.484,110.939
2002-12-01 00:00:00,2,7.356,7.6104,6.8564,7.1046,7.1046,7.8678,5.8952,7.356,8.1283,21.4948,11.4794,11.4794,16.5478,30.1482,29.7328,34.8501,37.9657,36.6189,25.6925,19.6758,16.5478,13.6163,20.7604,16.8858,15.22,21.1265,16.8858,14.5709,14.5709,17.9143,15.22
2002-11-01 00:00:00,2,7.1046,5.8952,7.356,13.6163,11.1848,8.6582,29.7328,21.4948,17.2263,11.7768,9.1998,8.6582,10.3173,12.0768,11.4794,9.1998,8.6582,6.1307,8.6582,8.1283,7.8678,8.1283,11.4794,6.6113,13.3032,21.8654,16.2121,12.0768,9.4749,9.1998,
2002-10-01 00:00:00,2,7.8678,7.8678,7.6104,7.356,7.8678,4.7678,7.1046,6.8564,7.1046,7.6104,7.6104,6.8564,5.663,7.356,6.6113,5.663,5.4341,5.4341,4.1329,3.9285,4.341,4.341,4.5526,4.5526,4.5526,4.1329,5.663,6.8564,7.8678,5.8952,6.6113
2002-09-01 00:00:00,2,4.7678,4.5526,4.9865,4.7678,4.5526,5.663,7.1046,7.1046,6.8564,6.6113,6.6113,6.1307,5.2086,5.4341,5.4341,5.2086,4.9865,5.2086,4.9865,4.7678,4.7678,5.8952,5.4341,7.356,11.1848,12.6847,14.5709,10.8929,8.3918,5.4341,
2002-08-01 00:00:00,2,7.6104,7.8678,8.1283,5.8952,7.6104,7.8678,7.356,7.356,7.8678,6.8564,5.4341,7.8678,8.1283,7.8678,6.8564,8.1283,7.6104,5.4341,8.1283,7.1046,4.9865,5.2086,4.9865,4.7678,4.5526,4.7678,4.5526,4.341,4.341,4.341,4.5526
2002-07-01 00:00:00,2,8.3918,8.1283,7.356,7.356,7.356,7.1046,6.8564,7.356,7.356,7.1046,7.6104,8.1283,8.3918,8.1283,7.356,8.3918,8.1283,7.8678,7.8678,8.1283,5.8952,7.1046,7.356,7.356,7.6104,7.6104,7.8678,5.8952,8.1283,8.1283,7.8678
2002-06-01 00:00:00,2,7.8678,6.3694,7.8678,7.8678,7.8678,7.8678,8.1283,8.1283,5.663,8.1283,7.8678,8.1283,7.6104,8.1283,7.8678,6.1307,7.1046,7.6104,7.6104,7.6104,7.8678,8.1283,5.2086,7.1046,7.1046,7.356,7.356,8.1283,7.6104,4.7678,
2002-05-01 00:00:00,2,8.9275,8.6582,8.6582,8.6582,9.1998,8.9275,8.6582,8.6582,8.3918,8.1283,8.3918,8.6582,8.6582,8.3918,8.1283,6.1307,7.6104,8.1283,9.4749,8.9275,8.6582,8.1283,5.663,5.663,5.663,7.1046,7.8678,8.1283,8.1283,8.6582,8.3918
2002-04-01 00:00:00,2,13.6163,14.2502,13.9319,13.3032,10.6037,12.9926,13.9319,13.3032,12.6847,12.3794,12.3794,11.7768,11.7768,11.1848,11.7768,10.8929,10.0337,9.4749,9.4749,8.6582,8.3918,8.3918,6.1307,9.4749,9.7529,9.4749,8.9275,8.9275,8.6582,8.9275,
2002-03-01 00:00:00,2,51.3385,34.8501,30.1482,24.5215,24.1355,23.7517,24.5215,21.4948,30.9851,24.5215,21.4948,20.035,18.6119,17.2263,21.1265,24.9097,22.6133,17.9143,21.4948,19.6758,14.8942,14.2502,14.5709,14.2502,13.9319,13.9319,13.6163,13.6163,13.6163,13.3032,13.3032
2002-02-01 00:00:00,2,30.1482,31.4065,49.3418,36.6189,39.3296,37.9657,36.6189,35.7306,33.5439,30.9851,28.4988,25.3,20.7604,20.3966,19.3188,18.6119,21.8654,54.3856,54.8995,64.4366,49.3418,57.4943,112.925,85.0722,56.4513,68.2892,64.9821,53.8734,,,
2002-01-01 00:00:00,2,77.3879,48.354,36.1738,26.8826,21.8654,19.3188,18.6119,14.5709,13.3032,12.9926,12.3794,11.1848,11.4794,14.8942,16.5478,14.8942,26.8826,104.408,90.5411,54.3856,47.8628,43.5222,31.83,28.0916,26.4838,24.9097,27.6865,29.7328,31.4065,38.873,46.3997
2001-12-01 00:00:00,2,8.6582,8.3918,8.1283,8.1283,7.8678,7.8678,7.6104,7.6104,7.8678,7.8678,7.8678,7.8678,8.1283,8.9275,18.9642,31.83,12.3794,13.3032,37.0659,21.8654,15.879,15.22,12.6847,12.3794,12.9926,12.3794,18.2619,20.035,46.8856,58.0184,77.3879
2001-11-01 00:00:00,2,5.2086,5.4341,6.6113,6.6113,6.3694,6.3694,6.1307,5.8952,5.663,5.4341,5.2086,5.663,6.1307,8.3918,10.3173,12.9926,10.3173,12.9926,11.1848,10.3173,10.0337,8.1283,8.1283,8.3918,8.9275,8.6582,8.1283,8.1283,8.1283,7.8678,
2001-10-01 00:00:00,2,5.5845,5.8197,7.5595,6.7942,6.5456,6.3003,5.8197,8.0855,8.624,9.1745,8.624,7.3012,6.7942,7.5595,7.3012,7.0461,7.0461,11.4943,18.6119,9.1998,8.6582,7.8678,6.8564,6.8564,6.8564,6.8564,5.4341,5.2086,5.2086,6.3694,5.663
2001-09-01 00:00:00,2,5.1244,4.8997,4.6786,4.6786,4.8997,5.1244,5.3527,5.8197,6.0583,6.7942,6.7942,6.7942,6.7942,6.7942,6.7942,6.7942,6.7942,6.7942,6.7942,6.3003,6.0583,5.8197,5.8197,5.8197,5.8197,5.8197,5.8197,5.8197,5.5845,5.5845,
2001-08-01 00:00:00,2,5.8197,5.8197,5.8197,5.8197,5.8197,6.0583,6.0583,6.0583,5.5845,5.8197,5.8197,5.8197,5.8197,5.8197,5.8197,6.0583,6.0583,6.5456,6.5456,6.7942,6.5456,6.3003,6.5456,6.5456,6.0583,6.0583,5.5845,5.5845,5.3527,5.8197,4.8997
2001-07-01 00:00:00,2,6.3003,6.3003,6.3003,6.5456,6.7942,6.7942,6.5456,6.3003,6.3003,6.3003,6.3003,6.3003,6.0583,6.0583,6.0583,6.3003,6.0583,5.8197,6.0583,6.0583,6.0583,6.0583,6.0583,6.3003,6.0583,6.0583,6.0583,6.0583,6.0583,6.0583,5.8197
2001-06-01 00:00:00,2,7.3012,7.3012,7.3012,7.5595,7.3012,7.3012,7.3012,7.3012,7.3012,7.3012,7.3012,7.3012,7.3012,7.0461,7.0461,6.7942,6.7942,6.7942,6.7942,6.7942,6.7942,6.5456,6.5456,6.5456,6.5456,6.5456,6.3003,6.3003,6.3003,6.3003,
2001-05-01 00:00:00,2,7.3012,7.3012,7.3012,7.3012,7.3012,7.3012,7.3012,7.3012,7.3012,7.3012,7.0461,7.0461,7.0461,7.0461,7.0461,7.0461,9.1745,7.5595,7.5595,7.3012,7.3012,7.3012,7.0461,7.0461,6.7942,7.5595,7.5595,7.821,7.821,7.5595,7.5595
2001-04-01 00:00:00,2,10.6028,10.0227,10.6028,10.0227,9.7371,7.821,7.821,7.5595,7.5595,7.5595,7.5595,9.4543,9.7371,7.3012,7.821,7.821,10.8971,10.6028,10.3113,9.7371,9.4543,9.4543,9.4543,9.1745,7.821,7.821,7.821,7.5595,7.5595,7.3012,
2001-03-01 00:00:00,2,10.6028,10.6028,10.6028,10.3113,10.3113,10.6028,10.8971,11.4943,11.797,12.1026,12.4109,11.4943,15.9784,18.41,16.3183,14.6444,12.1026,11.797,11.1943,10.8971,11.1943,12.1026,13.6712,11.797,10.6028,10.6028,10.3113,10.3113,12.1026,11.4943,10.8971
2001-02-01 00:00:00,2,17.353,30.5554,36.2658,18.41,14.6444,18.0552,26.8088,24.4088,23.2389,16.3183,14.3174,13.6712,15.3063,17.0056,17.0056,16.3183,16.3183,13.993,13.3521,13.3521,12.4109,12.1026,11.4943,11.4943,10.8971,10.6028,10.6028,10.6028,,,
2001-01-01 00:00:00,2,26.4033,60.7059,59.6236,55.364,30.5554,24.0166,22.0895,20.2202,19.8533,21.3348,20.5893,18.0552,16.6607,16.3183,16.3183,15.6411,14.9741,14.6444,13.993,16.3183,20.9609,22.4704,23.2389,26.4033,36.2658,19.8533,20.5893,18.0552,17.7029,17.0056,17.7029
2000-12-01 00:00:00,2,23.2389,28.4526,33.148,34.472,28.0384,21.3348,18.0552,18.0552,15.3063,15.9784,20.5893,24.8033,20.9609,15.3063,13.3521,12.4109,32.7107,68.4719,35.3649,22.4704,22.0895,27.2165,27.2165,22.0895,46.6904,24.0166,19.4889,18.0552,20.2202,25.2,19.8533
2000-11-01 00:00:00,2,7.821,7.821,7.5595,7.3012,7.3012,9.7371,14.6444,17.7029,14.6444,13.3521,14.6444,14.6444,17.353,22.8535,70.7509,50.1985,39.0161,44.7263,36.7192,30.5554,25.2,21.3348,19.4889,18.0552,13.993,12.7219,12.4109,14.3174,20.5893,18.41,
2000-10-01 00:00:00,2,9.7371,9.7371,9.4543,9.4543,9.1745,9.1745,9.1745,9.1745,9.1745,9.1745,9.1745,9.1745,8.8977,8.624,9.1745,8.8977,8.624,8.624,8.3532,8.3532,8.0855,7.821,7.821,7.821,7.5595,7.5595,7.3012,7.3012,7.5595,7.5595,7.821
2000-09-01 00:00:00,2,12.4109,12.4109,17.7029,20.2202,19.4889,17.0056,15.6411,14.9741,14.6444,13.6712,12.1026,11.797,11.4943,11.1943,11.1943,10.8971,10.3113,10.6028,10.3113,9.7371,9.7371,9.7371,9.4543,9.1745,9.1745,9.1745,9.1745,9.7371,10.0227,9.7371,
2000-08-01 00:00:00,2,11.4943,11.4943,11.4943,11.4943,11.4943,11.4943,11.1943,11.4943,11.4943,10.8971,10.8971,10.3113,10.0227,10.0227,9.7371,9.7371,9.7371,10.0227,10.0227,10.3113,10.3113,10.0227,9.7371,10.0227,10.3113,10.3113,10.3113,10.3113,11.797,12.7219,12.7219
2000-07-01 00:00:00,2,11.4943,11.4943,11.797,12.4109,12.4109,12.7219,12.7219,12.4109,12.1026,11.797,12.4109,13.0357,12.7219,12.4109,12.1026,11.797,11.4943,11.797,12.1026,12.4109,13.6712,13.6712,12.4109,12.4109,12.7219,13.6712,14.3174,13.6712,13.0357,12.4109,11.797
2000-06-01 00:00:00,2,13.993,13.6712,13.0357,13.3521,13.6712,13.0357,13.0357,13.0357,13.0357,12.7219,12.7219,12.7219,12.4109,11.797,11.797,11.797,11.797,11.797,11.797,12.4109,12.4109,12.1026,12.4109,12.4109,11.797,11.797,11.4943,11.797,11.4943,11.4943,
2000-05-01 00:00:00,2,14.3174,16.6607,18.41,18.0552,17.353,16.6607,16.3183,17.0056,16.6607,15.9784,16.3183,15.9784,15.3063,14.6444,14.6444,16.3183,15.9784,15.6411,14.9741,14.6444,14.3174,14.3174,14.3174,14.3174,14.3174,13.993,13.993,13.6712,13.3521,13.3521,13.993
2000-04-01 00:00:00,2,35.3649,33.148,30.1306,26.8088,25.5989,25.2,24.8033,24.0166,23.239,22.4704,23.6267,22.4704,22.4704,30.1306,29.7079,28.8689,27.6264,24.4088,24.8033,25.5989,21.711,20.9609,20.9609,20.2202,19.4889,18.7672,18.0552,17.7029,17.353,17.0056,
2000-03-01 00:00:00,2,26.8088,25.5989,24.8033,22.4704,19.8533,18.0552,16.6607,18.41,22.8535,37.632,82.535,89.9085,91.7866,80.1271,50.1985,58.0132,53.2764,43.273,42.7924,48.1829,43.273,41.8368,43.273,37.1746,31.8424,31.4113,31.4113,30.1306,69.6081,55.364,44.7263
2000-02-01 00:00:00,2,134.99,75.9743,63.9937,55.364,47.6835,50.707,52.2432,94.947,95.5836,114.688,82.535,58.5483,48.684,43.273,38.5528,34.9174,33.148,36.7192,41.3618,39.9486,36.2658,33.148,30.1306,28.0384,28.8689,28.0384,28.4526,28.0384,28.4526,,
2000-01-01 00:00:00,2,20.2202,22.8535,39.9486,60.1639,58.5483,45.2145,41.3618,35.3649,30.5554,24.8033,21.711,20.2202,18.7672,17.353,16.6607,15.9784,22.0895,27.6264,28.8689,27.6264,29.7079,29.7079,27.6264,26.8088,30.5554,32.7107,27.2165,81.9307,121.556,108.628,125.745
1999-12-01 00:00:00,2,13.0357,11.1943,11.797,12.1026,21.711,18.7672,19.1268,26,30.5554,33.148,31.4113,25.2,29.7079,32.2755,50.1985,31.4113,22.4704,19.1268,18.0552,15.3063,14.3174,13.6712,13.3521,24.4088,23.6266,20.2202,16.6607,16.3183,17.7029,18.41,21.711
1999-11-01 00:00:00,2,7.0461,7.0461,7.0461,7.0461,7.0461,11.1943,10.0227,13.993,11.4943,24.0166,18.0552,14.3174,15.9784,17.7029,13.3521,17.7029,13.993,11.1943,11.797,19.1268,32.7107,29.2873,28.0384,19.1268,20.2202,16.3183,15.6411,14.9741,15.3063,14.3174,
1999-10-01 00:00:00,2,7.5595,7.3012,7.3012,14.3174,9.1745,8.0855,7.5595,7.0461,7.3012,7.3012,7.3012,6.7942,6.7942,6.5456,6.3003,6.3003,5.5845,5.8197,5.5845,5.8197,6.3003,5.8197,5.8197,5.5845,6.3003,8.3532,7.821,6.7942,6.3003,5.8197,5.1244
1999-09-01 00:00:00,2,7.5595,7.5595,7.5595,7.5595,7.5595,7.3012,5.3527,5.3527,7.3012,7.3012,7.3012,7.3012,8.0855,7.5595,7.3012,7.5595,7.3012,7.3012,7.5595,7.821,7.5595,7.0461,7.5595,7.821,7.821,7.821,7.5595,7.5595,7.5595,7.5595,
1999-08-01 00:00:00,2,7.821,7.5595,7.5595,7.5595,7.5595,7.5595,7.5595,7.5595,7.5595,7.3012,7.3012,7.821,7.821,7.821,7.821,7.821,7.821,7.821,7.5595,7.5595,7.5595,7.5595,7.5595,7.5595,7.5595,7.5595,7.5595,7.5595,7.0461,7.3012,7.5595
1999-07-01 00:00:00,2,9.4543,9.4543,9.1745,9.1745,8.8977,8.8977,8.8977,8.8977,8.8977,8.8977,9.1745,9.1745,9.1745,9.1745,8.8977,8.8977,8.624,8.624,8.624,8.624,8.624,7.5595,7.5595,7.3012,7.3012,7.3012,7.821,7.821,7.5595,7.821,7.821
1999-06-01 00:00:00,2,9.7371,9.7371,10.3113,10.3113,10.3113,10.3113,10.3113,10.3113,10.0227,10.0227,10.0227,10.0227,10.0227,10.6028,10.3113,10.0227,9.7371,9.7371,9.7371,9.7371,9.4543,9.7371,9.7371,9.1745,9.1745,9.1745,9.1745,9.1745,9.1745,9.1745,
1999-05-01 00:00:00,2,13.0357,14.3174,13.3521,12.7219,12.7219,13.0357,13.6712,13.3521,13.0357,13.0357,12.7219,12.7219,12.4109,12.1026,11.797,11.797,11.4943,11.4943,11.797,11.797,11.797,11.4943,11.1943,11.4943,11.1943,10.3113,10.3113,10.0227,10.3113,10.3113,10.0227
1999-04-01 00:00:00,2,26,22.8535,24.0166,19.1268,19.8533,18.41,18.7672,18.7672,18.7672,17.353,16.6607,16.6607,15.9784,15.9784,15.9784,16.3183,15.6411,14.9741,14.6444,13.993,14.6444,14.9741,15.3063,15.6411,14.9741,13.6712,13.3521,13.3521,13.6712,13.3521,
1999-03-01 00:00:00,2,29.2873,59.0851,52.7589,34.472,26.4033,20.2202,118.792,240.732,118.792,71.9003,55.364,49.6919,55.364,51.2173,43.7556,34.0286,24.4088,25.2,23.6266,23.2389,22.4704,21.3348,20.9609,62.8909,71.9003,44.7263,39.4814,30.9823,26,24.0166,27.2165
1999-02-01 00:00:00,2,28.0384,18.7672,15.9784,14.9741,13.6712,14.3174,13.993,13.3521,13.3521,12.1026,11.4943,13.3521,13.6712,11.1943,9.4543,8.624,10.0227,11.4943,14.6444,13.6712,11.4943,10.0227,10.8971,11.1943,11.1943,13.6712,15.9784,26,,,
1999-01-01 00:00:00,2,70.7509,43.7556,33.5873,36.2658,56.9483,53.7956,61.795,51.2173,39.9486,30.1306,24.0166,21.711,19.8533,18.7672,26.4033,30.1306,23.2389,19.1268,17.353,15.9784,15.3063,19.4889,16.6607,15.3063,16.3183,13.0357,14.6444,18.7672,18.41,17.0056,21.711
1998-12-01 00:00:00,2,20.9609,14.9741,13.3521,16.3183,21.3348,18.0552,22.4704,22.8535,18.0552,16.6607,14.9741,14.3174,15.6411,24.8033,20.2202,43.273,38.0914,36.7192,29.2873,23.6266,29.7079,19.4889,15.3063,15.6411,14.9741,15.9784,13.6712,18.41,24.8033,18.7672,47.186
1998-11-01 00:00:00,2,17.7029,18.7672,20.9609,49.6919,56.9483,32.7107,22.8535,20.9609,14.3174,13.6712,25.5989,25.5989,25.5989,22.8535,14.9741,14.3174,14.6444,11.1943,10.8971,32.2755,14.6444,14.9741,25.2,17.353,15.6411,12.4109,26,29.7079,19.8533,17.7029,
1998-10-01 00:00:00,2,7.821,12.4109,10.8971,7.3012,7.3012,7.3012,7.3012,7.5595,7.821,7.821,7.5595,8.624,7.821,7.821,8.0855,8.624,7.821,7.821,7.821,7.5595,7.3012,7.3012,7.3012,7.3012,5.1244,3.045,8.8977,8.0855,13.3521,13.3521,13.3521
1998-09-01 00:00:00,2,8.3532,8.3532,8.3532,8.3532,8.3532,8.3532,8.3532,6.0583,8.0855,8.3532,8.0855,8.0855,7.821,8.0855,8.0855,8.0855,7.821,8.0855,7.821,7.5595,7.5595,7.5595,7.5595,7.5595,7.5595,7.3012,7.5595,7.5595,7.3012,7.821,
1998-08-01 00:00:00,2,10.3113,10.3113,10.0227,10.0227,10.0227,10.3113,10.8971,10.8971,10.6028,10.6028,10.3113,10.3113,9.4543,9.4543,9.4543,8.8977,8.8977,9.1745,9.1745,8.8977,8.8977,8.8977,8.8977,8.8977,8.8977,8.8977,8.8977,8.8977,8.8977,8.624,8.624
1998-07-01 00:00:00,2,11.4943,11.797,11.797,11.797,11.797,11.4943,11.1943,10.8971,10.8971,10.8971,10.8971,10.8971,10.8971,10.8971,10.8971,10.8971,10.6028,10.6028,10.8971,10.6028,10.6028,10.3113,10.3113,10.3113,10.6028,10.6028,10.6028,10.6028,10.6028,10.6028,10.3113
1998-06-01 00:00:00,2,24.4088,17.353,15.9784,14.3174,13.993,13.993,13.993,13.6712,13.3521,13.3521,13.0357,13.6712,13.993,13.3521,13.3521,12.7219,13.3521,13.3521,13.3521,13.0357,13.0357,13.0357,12.7219,12.7219,12.4109,12.1026,11.797,11.797,11.4943,10.8971,
1998-05-01 00:00:00,2,14.6444,13.993,13.6712,13.3521,14.6444,17.7029,18.7672,16.3183,14.6444,13.993,13.3521,13.3521,13.0357,13.0357,13.0357,13.3521,12.7219,13.0357,12.7219,13.0357,12.7219,12.4109,12.4109,12.4109,12.7219,12.7219,12.7219,13.6712,13.993,24.8033,25.2
1998-04-01 00:00:00,2,20.9609,25.5989,20.9609,19.4889,17.7029,15.6411,15.6411,15.6411,17.353,17.7029,18.7672,17.353,14.3174,14.3174,13.993,14.6444,15.9784,16.3183,15.9784,14.6444,14.3174,13.993,13.993,13.3521,13.3521,13.0357,12.7219,13.6712,15.6411,16.3183,
1998-03-01 00:00:00,2,28.0384,31.4113,22.8535,23.2389,22.0895,19.8533,20.5893,21.3348,20.2202,19.4889,19.8533,19.8533,18.7672,18.7672,22.4704,21.3348,20.2202,20.2202,19.4889,19.1268,18.7672,21.3348,21.711,20.2202,19.8533,20.9609,18.7672,19.8533,19.1268,19.1268,19.1268
1998-02-01 00:00:00,2,24.8366,23.6218,23.6218,22.0337,21.2536,20.867,20.4828,19.3444,22.8232,21.6425,24.8366,20.867,20.867,20.4828,26.9057,28.6,82.1518,82.8897,96.2217,52.2432,38.0914,31.4113,31.4113,69.6081,48.1829,45.2145,41.3618,34.9174,,,
1998-01-01 00:00:00,2,24.8366,22.4273,21.6425,22.0337,29.4599,22.4273,24.8366,27.326,54.1121,87.3688,57.2931,54.7428,38.0376,38.5088,74.201,43.8186,35.7104,31.6464,51.6168,162.696,95.809,51.6168,39.4571,31.6464,33.8841,79.2254,39.9341,32.9829,36.172,26.9057,26.4875
1997-12-01 00:00:00,2,76.3391,94.2527,87.3688,42.8355,32.9829,26.4875,32.9829,31.6464,60.5422,72.7883,103.734,58.5847,38.982,122.846,84.3729,78.5,64.5296,61.2001,65.8799,47.358,42.3473,33.8841,29.4599,28.1732,33.4325,47.358,50.3859,44.9869,34.3377,28.1732,26.4875
1997-11-01 00:00:00,2,16.7738,16.062,14.3278,12.9885,14.3278,12.9885,12.6606,13.6527,13.9889,12.6606,11.0633,11.377,10.7524,11.377,11.6936,12.0131,12.3354,12.0131,9.8378,10.1397,10.7524,11.6936,12.9885,20.867,32.0899,43.8186,47.358,34.3377,73.4934,79.9532,
1997-10-01 00:00:00,2,12.9885,13.3193,13.3193,13.6527,13.6527,12.6606,12.6606,12.9885,13.6527,12.6606,11.6936,11.377,10.7524,9.539,9.539,9.539,9.539,9.539,9.539,9.539,13.6527,26.0715,28.6,24.8366,20.4828,19.7215,22.0337,23.2213,21.2536,18.2279,16.7738
1997-09-01 00:00:00,2,10.4446,10.4446,10.7524,10.7524,11.0633,11.377,10.1397,10.1397,10.4446,10.1397,10.1397,10.1397,10.1397,10.1397,9.8378,9.8378,9.8378,9.8378,10.1397,10.7524,14.3278,18.2279,17.8606,14.6694,13.3193,12.9885,12.3354,12.3354,11.6936,12.3354,
1997-08-01 00:00:00,2,12.9885,12.6606,12.6606,12.3354,12.3354,12.3354,12.3354,12.3354,12.3354,12.3354,12.3354,12.3354,12.3354,12.0131,12.0131,11.6936,11.6936,11.377,11.377,11.6936,11.6936,11.377,11.377,11.377,10.7524,10.7524,11.0633,11.0633,11.0633,11.0633,10.7524
1997-07-01 00:00:00,2,15.3604,15.7099,15.7099,15.7099,15.7099,15.7099,15.3604,15.3604,15.0136,15.0136,15.0136,15.0136,14.3278,14.3278,13.9889,13.9889,13.9889,13.9889,13.9889,13.9889,13.9889,13.6527,13.9889,13.9889,13.9889,14.3278,13.9889,12.9885,12.9885,12.6606,12.9885
1997-06-01 00:00:00,2,20.867,18.9698,17.8606,17.4959,18.2279,23.2213,29.8931,29.8931,24.8366,20.867,18.9698,18.9698,19.7215,20.867,20.4828,21.2536,22.0337,21.6425,20.4828,18.5976,17.8606,17.8606,17.8606,17.8606,17.4959,16.7738,16.4166,16.4166,16.062,15.7099,
1997-05-01 00:00:00,2,25.6576,22.4273,20.4828,17.8606,18.9698,19.7215,18.5976,18.9698,18.9698,18.2279,18.2279,18.2279,18.2279,18.2279,18.9698,18.5976,18.9698,18.5976,18.2279,18.2279,18.2279,18.2279,18.2279,18.9698,20.1009,22.4273,22.0337,21.6425,22.8232,23.2213,22.8232
1997-04-01 00:00:00,2,34.3377,46.7609,64.5296,69.9938,46.7609,32.5354,30.3283,29.0289,26.9057,24.8366,24.4294,24.4294,24.0245,22.8232,22.4273,22.4273,22.4273,22.0337,21.6425,21.6425,22.4273,23.2213,24.0245,24.8366,26.4875,25.6576,24.8366,25.246,27.326,28.6,
1997-03-01 00:00:00,2,45.5753,50.3859,75.6238,86.6161,74.201,61.2001,45.5753,37.1009,34.7933,35.7104,34.7933,29.8931,29.4599,29.0289,29.8931,32.5354,32.5354,33.4325,32.5354,28.1732,26.4875,26.9057,25.246,24.0245,23.6218,23.6218,23.2213,22.8232,22.8232,23.6218,26.4875
1997-02-01 00:00:00,2,55.3763,54.1121,54.1121,52.8589,48.5607,41.3763,35.7104,32.5354,29.8931,28.6,28.6,28.1732,27.326,26.9057,26.0715,24.8366,27.7485,34.3377,35.2509,31.205,29.0289,26.4875,24.4294,22.4273,24.4294,30.7656,45.5753,58.5847,,,
1997-01-01 00:00:00,2,56.0125,69.3017,85.8659,150.486,263.375,310.587,251.024,171.358,129.776,113.554,106.157,102.13,90.404,91.9362,81.4165,75.6238,72.7883,70.6886,67.2408,66.5591,64.5296,58.5847,51,48.5607,44.9869,44.9869,47.9579,54.7428,56.6514,57.2931,57.2931
1996-12-01 00:00:00,2,24.0245,26.9057,33.4325,35.2509,38.5088,35.2509,27.7485,24.0245,22.8232,23.2213,22.8232,23.2213,23.6218,26.9057,31.205,32.0899,41.8609,44.9869,42.3473,35.2509,29.0289,30.3283,42.3473,63.1898,79.9532,85.1182,75.6238,59.2345,41.8609,38.982,49.1663
1996-11-01 00:00:00,2,22.4273,38.982,27.326,34.3377,38.982,38.982,27.7485,23.6218,20.867,18.9698,17.4959,16.4166,13.9889,12.9885,15.3604,16.4166,19.7215,23.2213,24.4294,33.4325,56.6514,82.1518,105.347,108.602,87.3688,49.7747,37.5683,29.0289,26.4875,24.8366,
1996-10-01 00:00:00,2,9.539,8.9506,9.539,9.8378,9.539,9.2432,9.2432,9.539,9.2432,9.539,8.9506,8.9506,8.9506,8.9506,8.9506,8.6611,8.6611,8.6611,8.6611,8.3747,8.3747,8.9506,9.2432,8.9506,8.9506,8.6611,9.2432,9.539,12.0131,12.6606,12.0131
1996-09-01 00:00:00,2,8.3747,8.6611,8.6611,9.8378,11.377,11.6936,13.3193,13.3193,12.3354,11.6936,10.7524,10.7524,10.7524,11.6936,11.377,11.0633,11.0633,11.0633,10.4446,9.8378,9.539,9.2432,8.9506,8.9506,8.6611,8.9506,8.9506,8.9506,9.2432,8.9506,
1996-08-01 00:00:00,2,9.539,9.2432,8.3747,8.3747,8.0916,8.0916,8.3747,8.3747,8.0916,8.3747,8.3747,8.6611,8.6611,9.2432,10.7524,11.6936,11.377,11.0633,9.8378,9.8378,9.539,9.2432,9.2432,9.2432,9.2432,8.9506,9.2432,9.2432,8.6611,8.6611,8.6611
1996-07-01 00:00:00,2,10.1397,11.0633,10.7524,10.1397,10.1397,10.4446,9.8378,9.8378,9.8378,9.539,9.539,9.539,9.539,9.2432,9.539,9.8378,9.539,9.539,9.539,9.539,9.2432,9.2432,8.6611,8.9506,8.6611,8.3747,8.6611,8.9506,8.6611,9.2432,9.2432
1996-06-01 00:00:00,2,11.6936,11.0633,11.377,11.377,11.0633,10.7524,11.6936,11.0633,11.0633,10.7524,11.0633,10.4446,10.4446,10.7524,10.4446,10.1397,10.1397,10.1397,10.1397,10.4446,10.4446,10.1397,9.539,9.539,9.539,10.1397,10.4446,9.539,9.8378,9.8378,
1996-05-01 00:00:00,2,12.0131,13.3193,12.0131,12.3354,12.0131,11.377,11.377,11.0633,11.377,11.377,11.0633,11.377,11.377,11.0633,11.377,11.377,11.377,11.6936,12.9885,13.9889,13.6527,12.9885,13.3193,13.9889,16.062,15.3604,12.9885,12.0131,12.3354,12.0131,11.6936
1996-04-01 00:00:00,2,17.1336,16.4166,16.062,16.062,14.3278,14.3278,14.3278,13.6527,13.3193,12.9885,13.3193,13.3193,14.6694,15.3604,15.7099,15.7099,15.3604,17.4959,18.2279,16.7738,16.4166,15.0136,14.6694,14.6694,14.6694,14.3278,13.9889,13.3193,12.9885,12.9885,
1996-03-01 00:00:00,2,22.0337,20.867,22.8232,23.2213,28.1732,38.0376,36.172,31.6464,26.4875,23.6218,22.8232,29.0289,28.1732,25.6576,23.6218,22.4273,21.2536,19.7215,18.9698,17.8606,17.4959,18.2279,19.3444,28.1732,47.358,35.2509,26.0715,21.6425,19.7215,18.9698,17.8606
1996-02-01 00:00:00,2,18.9698,18.5976,19.7215,22.4273,27.7485,28.6,26.0715,24.4294,22.8232,21.2536,42.8355,36.172,31.6464,29.0289,31.205,26.9057,24.4294,22.4273,18.5976,18.9698,21.2536,24.4294,25.6576,22.8232,22.4273,35.2509,34.3377,27.7485,24.4294,,
1996-01-01 00:00:00,2,54.7428,80.6836,97.375,88.8815,72.0858,39.4571,34.3377,32.0899,48.5607,43.8186,66.5591,71.3859,62.5239,44.4013,38.5088,31.6464,32.0899,29.4599,25.246,29.0289,32.0899,30.3283,25.246,23.6218,22.4273,18.9698,23.6218,21.6425,23.6218,14.6694,16.7738
1995-12-01 00:00:00,2,16.7738,16.4166,15.7099,13.9889,13.9889,12.9885,12.6606,12.3354,12.3354,12.0131,8.0916,10.7524,16.7738,296.872,103.734,46.7609,33.4325,25.6576,19.3444,28.6,54.1121,47.9579,36.6354,35.7104,28.6,33.4325,112.723,114.387,81.4165,53.4841,47.358
1995-11-01 00:00:00,2,24.8366,32.5354,22.8232,47.358,35.2509,26.0715,18.2279,15.0136,13.9889,13.3193,12.3354,11.6936,32.0899,29.8931,26.9057,20.4828,15.0136,14.6694,16.7738,37.5683,26.4875,17.4959,15.0136,16.4166,16.4166,15.0136,14.3278,13.9889,13.9889,15.0136,
1995-10-01 00:00:00,2,9.8378,9.539,9.539,9.539,8.9506,8.9506,9.2432,8.9506,12.0131,11.377,10.1397,9.539,10.1397,10.4446,11.377,17.4959,13.6527,10.7524,10.7524,11.0633,13.9889,13.3193,10.7524,10.7524,10.7524,10.1397,9.2432,9.539,9.539,10.7524,14.6694
1995-09-01 00:00:00,2,8.6611,8.3747,8.0916,7.8117,7.8117,7.8117,4.3126,6.992,8.3747,8.0916,8.0916,8.0916,8.0916,8.0916,7.8117,8.0916,8.0916,12.9885,11.0633,9.2432,13.3193,10.7524,9.8378,9.8378,10.4446,10.4446,10.4446,9.539,10.7524,10.4446,
1995-08-01 00:00:00,2,10.4446,10.1397,9.2432,8.6611,8.3747,8.0916,8.0916,8.0916,7.8117,7.8117,7.5351,8.0916,8.0916,8.0916,8.0916,8.0916,8.0916,8.0916,8.0916,8.0916,7.8117,7.8117,7.8117,7.5351,8.0916,8.0916,7.8117,8.6611,8.0916,8.0916,8.0916
1995-07-01 00:00:00,2,12.9885,13.6527,13.9889,13.9889,13.3193,13.3193,13.6527,13.6527,13.3193,13.3193,13.6527,13.6527,12.0131,12.0131,11.6936,11.377,11.0633,11.0633,10.7524,11.377,11.0633,10.7524,11.0633,11.0633,11.0633,10.7524,11.0633,11.0633,10.7524,11.0633,10.7524
1995-06-01 00:00:00,2,16.4166,16.062,14.6694,13.9889,13.9889,13.9889,13.9889,14.3278,14.3278,14.3278,13.9889,13.6527,14.3278,14.6694,15.3604,13.6527,13.3193,12.9885,12.0131,11.377,13.3193,13.3193,13.6527,13.9889,13.3193,13.3193,12.6606,12.6606,12.0131,13.9889,
1995-05-01 00:00:00,2,14.6694,22.8232,17.1336,17.4959,17.8606,17.8606,18.5976,19.3444,17.1336,17.1336,18.9698,18.9698,19.3444,18.2279,17.1336,16.7738,17.1336,16.7738,17.1336,16.4166,16.062,14.3278,15.7099,16.4166,16.7738,17.4959,17.4959,16.4166,16.4166,16.062,16.062
1995-04-01 00:00:00,2,91.9362,48.5607,45.5754,34.7933,33.4325,35.7104,30.3283,26.4875,25.246,28.1732,23.6217,26.4875,26.0715,24.0245,25.246,21.2536,24.8366,24.8366,20.867,21.2536,21.2536,20.867,28.6,25.6576,22.8232,21.2536,20.867,20.4828,19.7215,19.3444,
1995-03-01 00:00:00,2,23.2213,22.0337,21.6425,21.2536,39.4571,36.6354,34.3377,29.8931,28.1732,25.6576,22.4273,20.4828,22.0337,84.3729,118.588,80.6836,59.887,39.9341,36.172,35.7104,27.7485,31.205,36.172,59.2345,49.7747,88.8815,50.3859,38.5088,32.5354,27.7485,56.0125
1995-02-01 00:00:00,2,20.1009,17.8606,68.6121,75.6238,47.358,28.1732,54.1121,38.982,63.8584,70.6886,88.124,73.4934,55.3763,35.7104,54.7428,189.185,130.652,63.1898,46.1667,98.9505,70.6886,55.3763,39.4571,33.8841,35.2509,28.6,25.246,23.6218,,,
1995-01-01 00:00:00,2,26.0715,27.326,27.7485,38.0376,32.0899,28.6,24.4294,22.0337,20.1009,18.9698,16.4166,17.4959,16.7738,16.4166,15.7099,14.6694,15.0136,14.6694,13.9889,13.6527,13.9889,13.9889,14.3278,13.9889,20.4828,17.4959,33.4325,25.246,21.6425,18.9698,17.8606
1994-12-01 00:00:00,2,16.4166,13.3193,10.7524,10.7524,9.539,10.1397,18.9698,23.6218,19.7215,18.5976,16.4166,11.377,10.4446,9.8378,13.3193,13.6527,17.4959,34.7933,34.3377,28.1732,27.7485,40.4129,61.8607,59.2345,88.124,92.706,82.1518,88.8815,45.5753,31.6464,84.3729
1994-11-01 00:00:00,2,6.992,6.992,6.992,6.992,6.7255,6.4624,7.2619,6.992,6.992,6.992,6.992,6.2029,6.2029,6.4624,4.0993,2.0223,6.4624,7.2619,7.5351,9.2432,9.539,8.9506,7.5351,7.5351,7.5351,6.992,7.5351,7.5351,29.0289,18.2279,
1994-10-01 00:00:00,2,8.0916,7.8117,4.9751,7.5351,7.5351,7.8117,8.3747,7.5351,7.5351,7.5351,8.0916,7.8117,7.5351,7.8117,7.5351,7.5351,7.5351,7.5351,6.992,6.992,6.992,6.992,6.992,6.4624,6.992,6.992,6.992,6.992,6.7255,7.2619,7.5351
1994-09-01 00:00:00,2,9.8378,9.8378,9.8378,9.8378,9.539,9.2432,8.9506,9.2432,8.6611,8.6611,9.2432,8.6611,8.6611,8.6611,8.6611,8.6611,9.2432,8.6611,8.6611,8.6611,8.6611,8.6611,8.0916,8.0916,8.0916,8.0916,8.0916,8.0916,8.0916,8.0916,
1994-08-01 00:00:00,2,10.7524,10.7524,10.4446,10.7524,10.7524,11.0633,11.0633,10.7524,10.7524,10.7524,10.7524,10.7524,10.7524,10.7524,10.7524,10.4446,10.4446,10.4446,10.4446,10.4446,10.4446,10.4446,10.4446,10.4446,10.4446,10.4446,10.1397,9.8378,9.8378,9.8378,9.8378
1994-07-01 00:00:00,2,13.9889,14.3278,13.3193,13.9889,13.9889,13.9889,13.9889,13.6527,13.3193,12.6606,12.6606,12.6606,12.6606,12.6606,12.3354,13.3193,13.3193,12.6606,13.6527,13.3193,13.3193,13.3193,13.6527,12.9885,12.9885,12.9885,12.0131,11.6936,11.6936,11.377,11.0633
1994-06-01 00:00:00,2,15.3604,15.3604,15.3604,15.3604,14.3278,17.1336,15.3604,14.6694,14.6694,13.9889,15.3604,14.6694,13.9889,13.6527,13.6527,13.6527,13.6527,13.6527,13.6527,13.6527,13.6527,13.6527,13.6527,13.6527,13.9889,13.9889,13.9889,13.9889,13.9889,13.9889,
1994-05-01 00:00:00,2,12.6606,18.2279,17.1336,16.7738,15.3604,16.062,15.3604,14.6694,16.062,14.3278,15.3604,13.9889,13.9889,14.3278,13.9889,47.358,57.9375,35.7104,30.3283,23.2213,20.4828,18.9698,18.2279,16.7738,16.7738,15.3604,13.9889,17.1336,17.4959,17.4959,17.4959
1994-04-01 00:00:00,2,23.2213,32.5354,24.4294,25.246,23.6218,21.2536,22.0337,24.8366,21.2536,18.9698,18.2279,18.9698,18.9698,18.9698,17.4959,21.6425,18.9698,17.8606,18.2279,29.4599,32.9829,26.4875,22.0337,19.3444,18.9698,17.4959,16.7738,16.4166,16.4166,16.7738,
1994-03-01 00:00:00,2,16.4166,16.4166,21.2536,22.8232,19.7215,65.2034,85.8659,59.887,38.0376,28.6,27.326,41.3763,47.9579,51,45.5753,32.9829,28.1732,25.6576,23.2213,36.172,33.4325,32.9829,28.6,43.3256,61.2001,43.8186,35.7104,46.7609,34.3377,29.8931,26.9057
1994-02-01 00:00:00,2,26.4875,24.4294,22.8232,20.867,19.7215,23.6218,22.0337,19.7215,18.2279,17.4959,16.062,14.6694,20.867,23.6218,18.9698,16.7738,15.7099,15.7099,15.3604,15.0136,14.6694,13.9889,13.9889,13.9889,13.3193,13.6527,13.6527,13.6527,,,
1994-01-01 00:00:00,2,39.9341,35.2509,50.3859,102.13,114.387,108.602,148.639,183.169,171.358,72.0858,99.7418,95.809,89.6416,89.6416,123.704,84.3729,51,38.0376,36.172,38.5088,88.124,68.6121,52.8589,37.5683,35.7104,35.7104,35.7104,35.7104,32.0899,31.205,29.0289
1993-12-01 00:00:00,2,13.3193,12.6606,12.6606,12.9885,12.3354,12.9885,12.9885,11.377,11.377,11.0633,13.9889,13.3193,11.377,10.1397,9.539,12.0131,10.1397,13.6527,16.7738,17.1336,15.3604,16.062,17.4959,17.1336,15.0136,11.377,13.6527,20.867,20.4828,23.6218,32.0899
1993-11-01 00:00:00,2,8.9506,8.6611,8.6611,8.6611,8.3747,8.3747,8.3747,24.0245,12.0131,9.539,7.8117,7.5351,8.0916,7.2619,6.7255,6.4624,6.4624,6.4624,6.4624,6.4624,7.5351,9.539,8.6611,18.5976,10.4446,14.3278,12.6606,12.6606,11.6936,11.6936,
1993-10-01 00:00:00,2,10.7524,11.6936,12.3354,12.3354,12.3354,12.6606,12.6606,13.9889,12.3354,11.0633,10.4446,10.4446,10.4446,10.4446,9.8378,9.8378,9.539,9.8378,9.2432,9.2432,9.2432,9.2432,9.2432,9.2432,9.2432,9.2432,12.9885,10.4446,10.1397,9.539,9.2432
1993-09-01 00:00:00,2,10.1397,10.1397,10.1397,9.8378,9.8378,10.1397,9.539,8.9506,9.8378,9.539,9.539,8.9506,8.9506,9.2432,9.2432,8.9506,8.9506,9.2432,8.9506,8.6611,8.6611,8.9506,8.9506,15.3604,12.3354,10.7524,10.7524,10.7524,10.7524,10.7524,
1993-08-01 00:00:00,2,11.6936,11.377,11.377,11.377,11.377,11.377,11.0633,11.0633,11.0633,11.0633,10.7524,10.7524,10.7524,10.7524,10.7524,10.4446,10.4446,10.4446,10.4446,10.4446,10.4446,10.4446,10.4446,10.4446,10.4446,10.4446,10.4446,10.4446,10.4446,10.4446,10.4446
1993-07-01 00:00:00,2,13.9889,12.3354,13.3193,12.0131,12.6606,12.6606,12.6606,12.6606,12.6606,12.6606,12.3354,12.3354,12.3354,12.3354,12.6606,12.3354,12.3354,12.0131,12.3354,12.3354,12.0131,12.0131,12.0131,12.0131,11.6936,12.0131,11.6936,11.6936,11.6936,11.6936,11.6936
1993-06-01 00:00:00,2,16.062,15.3604,15.0136,13.9889,13.9889,27.326,28.6,27.7485,21.2536,16.7738,16.7738,16.4166,16.4166,16.062,16.062,13.9889,13.9889,13.9889,13.9889,13.9889,14.3278,13.9889,13.9889,14.3278,13.9889,13.6527,13.6527,13.6527,13.6527,13.6527,
1993-05-01 00:00:00,2,12.9885,16.4166,16.062,15.7099,15.3604,17.4959,16.4166,15.7099,15.3604,15.3604,15.3604,16.062,15.0136,14.3278,14.6694,13.9889,15.3604,14.6694,13.9889,14.3278,13.9889,13.9889,13.9889,14.3278,14.6694,14.3278,13.9889,14.3278,14.3278,13.6527,14.3278
1993-04-01 00:00:00,2,20.867,20.867,22.8232,26.0715,23.6218,24.4294,21.6425,23.6218,27.7485,27.326,25.6576,46.1667,36.6354,26.0715,23.6218,24.4294,23.2213,22.0337,25.246,22.0337,24.4294,24.0245,20.4828,18.9698,18.2279,17.8606,17.4959,15.3604,13.9889,15.0136,
1993-03-01 00:00:00,2,53.4841,50.3859,47.9579,37.1009,31.6464,25.6576,24.4294,24.0245,23.6218,21.6425,21.2536,18.9698,18.2279,17.1336,16.4166,24.8366,23.6218,24.0245,26.0715,37.1009,45.5753,29.4599,26.0715,23.2213,22.8232,21.6425,22.0337,22.0337,22.8232,22.0337,21.2536
1993-02-01 00:00:00,2,18.2279,17.4959,26.0715,65.2034,67.2408,46.1667,37.1009,31.6464,26.4875,24.4294,30.3283,26.9057,29.0289,34.7933,36.172,41.3763,38.982,32.5354,28.6,26.4875,23.6218,22.8232,22.4273,63.8584,63.1898,56.0125,37.5683,75.6238,,,
1993-01-01 00:00:00,2,30.3283,26.4875,23.2213,35.2509,30.7656,46.7609,39.4571,30.7656,26.4875,30.7656,32.0899,29.4599,30.3283,26.0715,23.6218,22.0337,33.8841,25.6576,24.4294,24.8366,28.6,29.4599,28.6,32.9829,28.6,25.6576,23.6218,21.2536,19.7215,19.7215,18.2279
1992-12-01 00:00:00,2,14.6694,15.7099,16.062,20.4828,16.7738,36.172,23.2213,23.2213,19.3444,17.4959,35.2509,110.243,95.0297,65.2034,36.6354,30.3283,32.0899,100.535,94.2527,85.1182,82.8897,52.8589,39.4571,34.3377,29.8931,28.1732,72.7883,42.3473,38.982,40.8937,34.7933
1992-11-01 00:00:00,2,20.867,34.7933,32.9829,60.5422,61.2001,49.7747,36.6354,23.6218,114.387,88.8815,52.8589,36.6354,30.3283,27.326,22.0337,18.2279,18.2279,16.7738,17.1336,16.7738,16.4166,17.4959,17.8606,16.4166,15.7099,15.3604,15.0136,14.6694,14.6694,14.6694,
1992-10-01 00:00:00,2,13.6527,12.0131,12.3354,12.9885,12.6606,11.6936,11.0633,11.0633,12.0131,16.4166,17.1336,12.6606,12.6606,11.377,11.377,10.7524,10.4446,10.4446,10.4446,10.4446,10.1397,10.4446,13.6527,18.9698,18.2279,14.6694,12.6606,12.3354,19.3444,40.4129,19.7215
1992-09-01 00:00:00,2,8.9506,8.9506,8.9506,8.6611,8.6611,13.3193,10.7524,14.6694,12.3354,11.377,10.7524,10.7524,10.4446,10.4446,9.539,9.2432,16.062,13.9889,13.9889,13.6527,13.6527,11.0633,10.4446,10.1397,9.8378,10.4446,11.0633,20.4828,18.2279,15.3604,
1992-08-01 00:00:00,2,10.4446,10.1397,10.1397,9.8378,9.539,9.2432,9.2432,9.2432,9.2432,8.9506,8.9506,8.9506,8.6611,8.6611,8.6611,9.2432,9.2432,9.2432,9.2432,9.2432,9.2432,9.2432,9.2432,9.2432,9.2432,9.2432,9.2432,9.2432,9.2432,8.9506,8.9506
1992-07-01 00:00:00,2,12.0131,12.0131,12.0131,12.0131,11.6936,11.377,11.6936,11.0633,11.0633,10.7524,10.4446,10.7524,10.7524,10.4446,10.7524,10.7524,11.0633,10.7524,10.7524,10.7524,10.7524,10.7524,10.7524,10.7524,10.7524,10.7524,10.4446,10.4446,10.4446,10.4446,10.4446
1992-06-01 00:00:00,2,14.3278,13.9889,13.6527,13.3193,12.6606,12.3354,12.3354,12.3354,12.3354,12.3354,12.3354,12.3354,12.3354,12.3354,12.3354,12.3354,12.3354,12.3354,12.3354,12.3354,12.3354,12.3354,12.3354,12.3354,12.3354,12.3354,12.3354,12.3354,12.3354,12.3354,
1992-05-01 00:00:00,2,16.062,20.1009,17.8606,17.1336,17.1336,20.1009,22.0337,21.2536,18.9698,18.2279,17.4959,16.7738,16.7738,16.4166,16.7738,16.062,15.3604,15.3604,14.6694,13.9889,20.1009,18.2279,17.4959,17.1336,16.7738,16.062,15.3604,15.7099,15.7099,14.6694,14.6694
1992-04-01 00:00:00,2,20.1009,20.1009,19.3444,18.5976,17.8606,17.1336,17.1336,17.1336,17.1336,17.8606,17.1336,16.7738,15.3604,15.7099,17.1336,22.8232,20.4828,19.3444,20.1009,18.2279,18.5976,17.4959,17.4959,17.1336,18.2279,27.326,25.6576,21.6425,20.867,18.9698,
1992-03-01 00:00:00,2,38.5088,43.3256,40.8937,43.3256,34.7933,29.8931,28.6,26.0715,26.9057,25.246,24.0245,23.6218,23.6218,22.0337,22.4273,22.0337,21.2536,22.4273,26.9057,27.326,25.6576,24.8366,23.6218,20.4828,19.7215,26.0715,28.6,24.8366,22.0337,21.2536,20.4828
1992-02-01 00:00:00,2,59.887,49.1663,98.1615,251.024,216.091,182.174,125.428,98.1615,81.4165,71.3859,56.6514,51,47.358,40.8937,38.0376,36.172,34.7933,33.8841,29.8931,26.0715,25.6576,28.1732,28.6,28.1732,27.326,30.3283,29.0289,35.7104,38.0376,,
1992-01-01 00:00:00,2,23.6218,17.1336,15.7099,17.8606,38.982,61.8607,43.8186,27.7485,24.4294,25.246,19.3444,15.7099,18.2279,24.4294,55.3763,48.5607,48.5607,47.358,36.172,32.0899,79.2254,101.331,119.435,176.243,140.437,96.5908,58.5847,52.8589,52.2365,58.5847,72.7883
1991-12-01 00:00:00,2,16.7738,17.1336,13.9889,14.3278,12.9885,12.0131,11.6936,11.6936,11.0633,9.8378,19.7215,18.9698,11.377,11.0633,12.9885,16.062,16.7738,15.3604,18.9698,18.9698,26.9057,40.4129,32.9829,25.246,15.7099,15.3604,13.9889,12.6606,14.6694,16.4166,25.246
1991-11-01 00:00:00,2,9.2432,10.7524,12.6606,24.0245,17.1336,13.9889,12.6606,13.3193,12.9885,24.8366,15.3604,14.3278,13.6527,15.7099,16.4166,15.3604,13.6527,14.3278,13.9889,13.6527,12.0131,11.377,11.0633,10.7524,10.4446,10.4446,10.4446,10.1397,10.1397,18.2279,
1991-10-01 00:00:00,2,21.2536,15.3604,17.4959,24.8366,17.8606,15.0136,16.4166,18.2279,17.8606,14.6694,12.6606,12.3354,12.3354,11.0633,10.4446,10.1397,12.3354,15.7099,14.3278,13.3193,11.377,10.4446,10.1397,10.1397,9.2432,9.2432,10.4446,10.1397,9.2432,8.9506,8.3747
1991-09-01 00:00:00,2,8.6611,8.6611,8.6611,8.6611,8.6611,8.6611,5.6945,4.9751,7.5351,8.6611,8.6611,8.6611,8.6611,8.6611,7.5351,7.5351,7.5351,7.5351,7.5351,8.0916,8.0916,8.0916,8.0916,7.5351,7.5351,8.3747,8.9506,8.0916,9.539,10.7524,
1991-08-01 00:00:00,2,10.4446,10.4446,10.4446,9.8378,9.8378,10.4446,9.8378,9.8378,9.8378,9.8378,9.8378,9.8378,9.8378,9.8378,9.2432,9.2432,9.2432,9.2432,9.2432,9.2432,9.2432,9.2432,8.9506,8.9506,8.9506,8.9506,8.9506,8.9506,8.9506,8.9506,8.9506
1991-07-01 00:00:00,2,11.377,11.377,11.377,11.377,11.377,11.377,11.377,11.377,11.0633,10.7524,10.7524,10.7524,10.7524,10.7524,10.7524,10.7524,10.7524,10.7524,10.4446,10.4446,10.4446,10.4446,10.4446,10.4446,10.4446,10.4446,10.4446,10.4446,10.4446,10.4446,10.4446
1991-06-01 00:00:00,2,14.3278,14.3278,13.6527,13.6527,13.3193,12.9885,12.9885,12.9885,12.9885,12.9885,12.3354,12.3354,12.3354,12.3354,12.3354,12.3354,12.3354,12.3354,12.0131,12.0131,12.0131,12.0131,12.0131,12.0131,12.0131,12.0131,11.6936,11.6936,11.6936,11.377,
1991-05-01 00:00:00,2,26.4875,29.4599,24.0245,20.867,18.5976,19.3444,17.8606,17.4959,17.4959,16.7738,16.4166,16.4166,16.4166,15.7099,14.3278,16.4166,16.7738,16.4166,16.7738,16.7738,16.4166,16.4166,16.062,15.7099,15.3604,15.3604,15.0136,15.0136,15.0136,14.3278,14.3278
1991-04-01 00:00:00,2,38.5088,50.3859,58.5847,69.9938,41.3763,33.8841,31.205,29.8931,24.8366,24.4294,25.246,24.0245,22.8232,22.0337,21.2536,20.867,20.867,18.2279,18.9698,18.9698,20.4828,20.867,19.3444,18.9698,18.5976,17.4959,46.7609,40.4129,36.172,35.2509,
1991-03-01 00:00:00,2,28.6,24.8366,26.0715,50.3859,38.0376,47.9579,33.8841,29.8931,26.4875,23.2213,22.0337,21.2536,19.7215,20.4828,21.2536,19.3444,18.2279,18.5976,17.1336,19.7215,21.2536,61.2001,78.5,65.8799,59.2345,67.9251,44.9869,40.4129,32.0899,38.0376,37.5683
1991-02-01 00:00:00,2,74.9111,52.8589,37.5683,32.5354,29.4599,30.3283,26.9057,38.0376,32.5354,32.9829,43.3256,29.4599,29.4599,24.8366,34.3377,25.246,34.7933,38.982,71.3859,65.2034,72.0858,50.3859,37.5683,34.7933,45.5753,29.4599,25.246,24.4294,,,
1991-01-01 00:00:00,2,7.2619,6.4624,8.3747,12.3354,20.4828,25.6576,43.3256,19.7215,15.7099,18.5976,14.6694,37.5683,91.1689,79.9532,96.5908,138.638,135.956,95.8091,65.8799,40.4129,34.3377,25.246,28.1732,23.6217,22.8232,24.0245,52.2365,148.639,166.525,134.18,53.4841
1990-12-01 00:00:00,2,11.377,9.539,9.539,9.539,9.539,8.9506,9.539,8.9506,12.3354,11.0633,10.4446,18.5976,26.9057,13.6527,8.3747,5.2033,12.6606,15.3604,12.9885,11.377,8.6611,10.1397,6.4624,6.992,6.4624,11.0633,12.9885,11.0633,10.7524,10.7524,10.1397
1990-11-01 00:00:00,2,6.992,7.5351,8.9506,7.5351,7.5351,7.5351,7.5351,6.992,6.992,6.7255,6.7255,6.992,7.8117,6.992,6.992,6.992,6.7255,6.4624,6.4624,6.992,6.992,7.8117,7.2619,7.5351,7.5351,8.6611,8.0916,8.6611,9.2432,12.0131,
1990-10-01 00:00:00,2,7.5351,7.5351,6.7255,7.5351,7.5351,7.5351,7.5351,6.7255,7.2619,7.5351,7.5351,7.5351,9.2432,7.8117,7.5351,7.5351,7.5351,7.5351,7.5351,14.3278,10.7524,9.539,8.9506,8.0916,8.0916,8.0916,6.992,6.4624,6.4624,6.4624,6.2029
1990-09-01 00:00:00,2,8.0916,8.6611,8.6611,8.3747,8.0916,8.0916,4.9751,3.8899,7.8117,8.0916,8.0916,8.0916,8.0916,7.5351,9.539,9.2432,8.0916,7.5351,7.5351,7.5351,7.5351,7.5351,7.5351,7.5351,7.5351,7.5351,7.5351,7.5351,7.5351,7.5351,
1990-08-01 00:00:00,2,7.5351,7.5351,7.5351,7.5351,7.2619,7.2619,7.2619,7.2619,7.5351,7.2619,7.2619,7.2619,7.2619,7.5351,7.5351,7.5351,7.5351,7.5351,8.6611,8.6611,7.8117,7.5351,8.0916,7.8117,7.8117,7.8117,7.8117,8.3747,8.3747,8.6611,8.0916
1990-07-01 00:00:00,2,8.6611,8.6611,8.6611,8.6611,8.3747,8.6611,8.6611,8.3747,8.3747,8.3747,8.6611,8.6611,8.6611,8.3747,8.3747,8.0916,7.8117,7.8117,7.5351,7.8117,7.8117,7.5351,7.5351,7.5351,7.5351,7.5351,7.5351,7.5351,7.5351,7.8117,7.5351
1990-06-01 00:00:00,2,10.4446,9.8378,9.8378,9.8378,9.8378,9.539,9.539,9.539,9.539,8.6611,8.3747,8.3747,8.3747,8.6611,8.3747,8.6611,7.8117,8.3747,8.3747,8.6611,8.6611,8.6611,8.6611,8.3747,8.3747,8.3747,8.3747,8.3747,8.3747,8.9506,
1990-05-01 00:00:00,2,8.6611,10.7524,11.0633,12.3354,11.377,10.4446,10.4446,10.7524,10.4446,10.4446,10.7524,12.6606,11.377,10.7524,10.1397,10.4446,10.4446,10.7524,10.4446,10.4446,10.4446,10.4446,10.4446,10.4446,10.1397,9.8378,9.8378,10.1397,10.1397,10.1397,10.1397
1990-04-01 00:00:00,2,13.6527,14.3278,13.6527,13.3193,12.6606,12.3354,12.3354,12.3354,11.6936,11.377,12.0131,7.2619,11.6936,12.6606,10.7524,11.6936,15.0136,16.7738,16.4166,16.062,8.9506,12.3354,12.6606,12.0131,10.7524,10.7524,9.539,10.1397,8.9506,8.3747,
1990-03-01 00:00:00,2,22.4273,19.3444,17.8606,17.4959,13.6527,13.9889,13.9889,13.9889,13.9889,13.3193,13.6527,12.9885,13.3193,13.6527,16.7738,17.4959,16.7738,19.3444,15.7099,20.4828,16.4166,13.6527,13.3193,21.2536,19.3444,17.8606,18.2279,18.5976,21.2536,18.2279,14.6694
1990-02-01 00:00:00,2,14.3278,13.6527,15.3604,15.0136,14.6694,14.6694,14.3278,14.3278,14.3278,13.9889,13.9889,14.3278,14.3278,20.4828,22.8232,50.3859,36.172,38.982,25.246,15.0136,14.6694,16.7738,43.3256,36.172,32.0899,33.8841,20.867,18.2279,,,
1990-01-01 00:00:00,2,37.5683,72.0858,113.554,79.2254,65.2034,54.1121,40.4129,34.7933,32.0899,30.7656,22.4273,28.1732,31.6464,28.6,16.4166,14.6694,12.9885,17.8606,21.2536,16.4166,17.1336,18.9698,18.2279,16.4166,16.7738,22.4273,32.9829,29.4599,17.4959,17.4959,17.1336
1989-12-01 00:00:00,2,15.0136,15.0136,12.9885,13.6527,11.0633,10.4446,9.8378,9.8378,9.8378,9.8378,13.6527,30.3283,46.1667,69.9938,85.8659,57.9375,54.7428,38.5088,34.7933,56.6514,53.4841,45.5753,56.0125,40.4129,32.0899,30.3283,27.326,20.867,20.4828,29.0289,28.1732
1989-11-01 00:00:00,2,9.2432,8.9506,8.6611,10.7524,10.1397,9.539,9.539,8.9506,8.6611,10.7524,13.6527,14.3278,40.8937,30.7656,25.6576,18.5976,15.7099,15.3604,16.062,18.2279,17.4959,61.8607,37.1009,27.326,21.6425,16.7738,14.6694,13.6527,13.6527,14.3278,
1989-10-01 00:00:00,2,7.8117,8.6611,8.6611,8.0916,7.8117,7.8117,7.5351,9.2432,8.3747,8.0916,7.8117,10.4446,9.8378,9.2432,8.3747,8.3747,11.377,9.539,11.6936,10.1397,9.8378,10.1397,9.8378,9.8378,10.1397,9.2432,9.2432,10.1397,10.1397,9.2432,9.2432
1989-09-01 00:00:00,2,9.539,8.9506,8.6611,8.3747,8.0916,8.0916,4.7506,8.6611,8.6611,8.0916,8.0916,8.0916,7.8117,7.8117,7.5351,7.2619,7.2619,7.2619,7.2619,7.2619,7.2619,6.992,6.992,6.7255,6.7255,6.7255,7.5351,7.8117,9.2432,8.0916,
1989-08-01 00:00:00,2,10.1397,9.2432,9.2432,8.9506,8.9506,8.6611,8.6611,8.6611,8.3747,8.3747,8.0916,7.8117,7.5351,7.5351,7.5351,7.5351,7.8117,7.5351,7.5351,7.5351,7.5351,7.5351,7.5351,7.5351,7.5351,7.5351,7.5351,8.0916,8.9506,10.1397,10.1397
1989-07-01 00:00:00,2,9.539,9.2432,9.2432,9.2432,9.2432,8.9506,9.2432,10.4446,10.1397,10.1397,9.539,9.8378,9.539,9.539,9.539,8.9506,8.6611,8.9506,8.6611,8.6611,8.6611,8.3747,8.3747,8.0916,8.3747,8.0916,8.0916,7.8117,7.8117,7.8117,11.0633
1989-06-01 00:00:00,2,9.539,9.539,9.2432,9.8378,9.539,9.539,9.2432,9.2432,8.3747,7.5351,7.5351,13.3193,9.539,9.2432,9.539,9.8378,9.8378,9.8378,9.8378,10.1397,10.1397,9.8378,9.539,9.2432,9.2432,13.3193,10.7524,9.8378,9.539,9.539,
1989-05-01 00:00:00,2,11.377,10.7524,10.7524,11.6936,12.0131,11.6936,11.6936,11.377,11.377,10.7524,10.7524,10.7524,10.4446,10.4446,10.4446,10.4446,9.8378,9.2432,9.539,9.2432,9.2432,9.2432,9.539,9.539,9.539,9.539,9.539,9.8378,9.539,10.1397,9.2432
1989-04-01 00:00:00,2,16.7738,17.1336,16.062,15.7099,15.0136,15.0136,14.3278,14.3278,13.9889,13.9889,13.3193,13.3193,13.3193,13.3193,13.3193,13.3193,13.3193,12.9885,12.9885,12.6606,12.0131,12.0131,12.0131,12.0131,12.0131,12.0131,12.0131,11.6936,11.377,11.377,
1989-03-01 00:00:00,2,17.1336,24.4294,23.6217,21.6425,28.1732,39.4571,48.5607,49.1663,51.6168,48.5607,51,54.1121,57.2931,60.5422,63.8584,67.2408,54.1121,45.5754,38.5088,32.0899,26.0715,24.4294,28.6,19.7215,23.6217,20.867,20.867,20.1009,18.9698,18.5976,17.8606
1989-02-01 00:00:00,2,9.8378,9.8378,15.3604,16.4166,16.7738,17.4959,26.0715,38.0376,26.9057,36.6354,130.652,98.9505,70.6886,47.9579,65.2034,56.0125,46.7609,33.8841,32.5354,25.246,21.6425,20.4828,25.246,34.7933,34.7933,24.4294,20.1009,18.2279,,,
1989-01-01 00:00:00,2,12.9885,16.4166,22.8232,22.8232,20.4828,20.4828,20.4828,20.867,26.0715,24.8366,20.867,18.2279,15.0136,13.9889,25.246,30.7656,21.2536,21.6425,16.062,13.9889,13.6527,12.6606,12.3354,11.6936,11.0633,11.0633,10.7524,10.7524,10.4446,10.1397,9.2432
1988-12-01 00:00:00,2,10.1397,10.1397,10.7524,10.7524,10.1397,9.8378,9.539,9.8378,9.539,9.8378,41.3763,26.9057,17.8606,15.0136,28.6,34.3377,28.6,19.7215,14.3278,13.3193,12.6606,24.4294,32.5354,28.6,42.3473,34.3377,23.2213,19.3444,15.0136,13.9889,12.6606
1988-11-01 00:00:00,2,10.4446,12.3354,15.0136,17.1336,18.2279,17.1336,15.0136,13.9889,12.0131,10.7524,10.4446,9.8378,8.6611,8.9506,9.539,11.377,11.0633,10.1397,9.8378,9.2432,9.539,10.4446,24.0245,16.7738,14.6694,13.3193,12.3354,12.3354,11.0633,10.4446,
1988-10-01 00:00:00,2,11.0633,8.6611,8.3747,7.8117,9.539,11.6936,11.0633,10.7524,9.8378,9.2432,9.2432,9.539,10.1397,10.1397,9.539,9.2432,8.9506,8.6611,8.6611,9.8378,12.6606,11.377,11.6936,23.6218,16.4166,12.9885,11.377,10.7524,10.4446,10.1397,9.8378
1988-09-01 00:00:00,2,6.7255,6.7255,6.7255,6.7255,6.7255,6.7255,3.6843,5.9469,7.8117,7.5351,7.5351,7.5351,7.5351,7.2619,7.2619,7.2619,7.2619,7.2619,7.2619,7.2619,7.2619,7.2619,7.2619,7.2619,7.2619,7.2619,7.2619,7.2619,7.2619,14.6694,
1988-08-01 00:00:00,2,7.2619,7.2619,7.2619,7.2619,6.992,6.992,6.992,6.992,6.992,6.992,6.992,6.992,7.2619,7.2619,7.2619,7.2619,7.2619,7.2619,7.2619,7.2619,7.2619,7.2619,7.2619,7.2619,7.2619,7.2619,7.2619,7.2619,7.2619,7.2619,7.2619
1988-07-01 00:00:00,2,9.8378,9.8378,9.8378,9.8378,9.539,9.539,9.2432,9.2432,9.2432,9.2432,9.2432,9.2432,8.0916,8.0916,8.0916,8.0916,8.3747,8.3747,8.3747,8.0916,8.3747,8.0916,8.0916,7.8117,7.5351,7.2619,6.992,6.992,7.2619,7.2619,7.2619
1988-06-01 00:00:00,2,11.377,11.377,11.0633,11.0633,10.4446,10.4446,10.4446,10.4446,10.4446,10.1397,9.8378,9.8378,9.8378,9.8378,9.539,9.539,9.8378,9.539,9.8378,9.8378,9.8378,9.8378,10.1397,10.4446,10.4446,9.8378,10.1397,10.1397,9.8378,9.8378,
1988-05-01 00:00:00,2,10.1397,12.3354,12.6606,12.3354,12.3354,12.6606,12.3354,12.0131,12.0131,12.3354,12.3354,12.0131,10.1397,11.0633,12.0131,12.0131,12.0131,12.9885,12.0131,11.0633,11.377,11.0633,11.377,11.0633,11.377,12.0131,12.0131,11.6936,11.6936,11.6936,12.9885
1988-04-01 00:00:00,2,16.4166,16.4166,18.9698,60.5422,26.4875,27.7485,20.867,19.3444,17.4959,16.062,16.062,15.3604,14.6694,23.2213,18.9698,16.7738,17.1336,17.1336,15.7099,15.0136,15.0136,14.6694,13.6527,13.9889,13.9889,14.6694,13.6527,13.6527,13.9889,13.6527,
1988-03-01 00:00:00,2,22.0337,21.2536,32.9829,31.205,113.554,98.1615,53.4841,42.3473,33.8841,26.9057,24.4294,22.4273,21.2536,21.6425,20.4828,20.1009,27.326,25.6576,27.326,25.6576,23.6218,21.2536,19.3444,18.2279,17.4959,16.7738,16.062,15.7099,15.3604,18.2279,17.1336
1988-02-01 00:00:00,2,23.6218,40.4129,29.8931,36.6354,49.7747,52.8589,35.7104,34.7933,30.3283,43.8186,66.5591,61.8607,44.9869,49.7747,36.172,32.0899,54.7428,88.124,79.2254,57.9375,39.9341,33.8841,31.6464,30.7656,27.7485,25.246,23.6218,22.8232,21.6425,,
1988-01-01 00:00:00,2,30.3283,51,40.8937,30.7656,24.8366,25.6576,34.7933,33.8841,36.6354,42.3473,50.3859,52.2365,39.4571,36.172,27.7485,23.6218,21.2536,19.7215,17.1336,17.1336,17.4959,17.8606,17.1336,16.062,15.3604,13.3193,12.3354,12.3354,11.6936,11.6936,20.867
1987-12-01 00:00:00,2,19.216,14.2246,12.3056,12.3056,21.7549,20.2881,40.5842,27.6281,33.6252,31.862,32.7387,35.4277,30.5656,37.2691,34.5216,26.0052,19.216,18.1682,40.5842,199.374,141.34,99.7418,37.5683,30.7656,23.6218,24.0245,19.7215,18.5976,16.7738,24.4294,17.4959
1987-11-01 00:00:00,2,7.0191,6.7752,6.7752,6.3026,5.85,6.0738,6.7752,6.7752,6.5364,6.7752,6.7752,6.3026,6.3026,6.3026,6.7752,8.5899,14.2246,13.9141,13.6066,11.6316,9.7418,9.1552,8.3151,8.3151,8.3151,8.3151,8.3151,13.3018,13.002,25.209,
1987-10-01 00:00:00,2,7.0191,7.522,7.522,7.0191,7.0191,6.7752,5.85,5.85,5.85,5.85,5.85,5.85,5.6311,5.6311,5.6311,5.417,5.417,5.2078,5.417,5.417,5.417,5.85,12.3056,9.1552,7.522,7.268,7.0191,6.7752,6.7752,7.268,7.268
1987-09-01 00:00:00,2,5.85,5.85,5.85,5.85,5.85,5.85,4.8039,6.0738,6.0738,5.85,5.85,5.85,5.85,5.85,5.85,5.85,3.8765,4.4189,5.85,9.1552,8.5899,7.522,8.0455,16.1464,10.35,9.4458,9.4458,8.5899,8.0455,7.7812,
1987-08-01 00:00:00,2,6.5364,5.417,5.417,5.6311,5.6311,5.6311,5.6311,5.85,5.85,5.6311,5.85,5.85,5.85,5.6311,5.417,5.6311,5.6311,5.6311,5.6311,5.6311,5.6311,5.6311,5.85,5.85,5.85,5.85,5.85,5.85,5.85,5.85,5.85
1987-07-01 00:00:00,2,8.5899,8.3151,8.3151,8.3151,8.3151,8.3151,8.0455,8.0455,8.0455,8.3151,8.3151,8.3151,8.3151,8.3151,8.0455,8.3151,8.0455,7.7812,7.7812,7.7812,7.7812,7.7812,7.7812,7.7812,7.7812,7.7812,7.7812,7.7812,7.7812,7.7812,7.7812
1987-06-01 00:00:00,2,9.7418,9.7418,9.7418,10.0432,10.0432,10.0432,9.7418,9.7418,9.7418,10.0432,10.0432,10.0432,10.0432,9.7418,9.4458,9.7418,9.7418,9.7418,9.7418,9.7418,9.7418,9.7418,9.7418,9.7418,9.7418,9.7418,8.8699,8.0455,8.3151,8.3151,
1987-05-01 00:00:00,2,8.5899,10.9798,11.9658,11.6316,11.303,10.9798,10.6622,10.35,10.6622,10.35,10.0432,10.35,10.0432,10.0432,10.0432,10.0432,10.0432,10.0432,10.0432,10.0432,10.0432,10.0432,10.0432,10.0432,9.7418,10.0432,10.0432,9.7418,9.7418,10.0432,9.7418
1987-04-01 00:00:00,2,11.6316,11.9658,11.9658,14.2246,14.5378,14.8539,15.4945,14.2246,13.9141,13.002,20.6508,23.264,21.0162,16.8093,14.8539,13.9141,9.1552,11.9658,13.002,11.9658,11.9658,11.6316,11.303,10.35,11.303,11.303,11.303,11.303,11.303,11.303,
1987-03-01 00:00:00,2,13.6066,13.3018,13.002,11.9658,11.6316,11.6316,11.6316,11.303,19.216,29.7137,39.6251,30.1384,23.6478,18.5148,17.4833,16.8093,16.8093,16.4764,15.4945,15.1728,14.5378,14.2246,13.9141,13.6066,13.3018,13.002,12.651,12.651,11.9658,11.9658,11.6316
1987-02-01 00:00:00,2,21.0162,23.264,19.5707,17.8244,17.1449,16.4764,16.4764,15.4945,15.1728,20.6508,18.1682,16.1464,15.4945,15.1728,25.6058,21.3842,17.4833,28.0401,27.2185,25.6058,22.5042,19.216,17.8244,16.4764,15.4945,14.8539,14.5378,14.2246,,,
1987-01-01 00:00:00,2,49.6395,35.8845,25.6058,34.9734,34.0722,27.2185,22.1282,19.928,18.1682,17.8244,18.1682,17.8244,18.1682,18.1682,17.4833,16.1464,21.0162,27.2185,24.0342,26.0052,22.8828,26.8115,22.8828,22.5042,21.7549,21.7549,31.862,33.1807,28.0401,23.264,22.5042
1986-12-01 00:00:00,2,10.35,13.9141,13.002,11.303,10.9798,10.35,10.0432,10.0432,10.0432,11.303,10.9798,11.303,13.002,16.1464,17.1449,13.6066,12.651,10.9798,9.4458,9.1552,9.7418,9.4458,10.6622,13.6066,60.005,69.9608,99.2988,75.486,66.3746,49.6395,56.0914
1986-11-01 00:00:00,2,6.0738,5.85,6.0738,5.85,6.0738,6.0738,6.0738,6.0738,6.3026,8.8699,7.0191,12.3056,12.651,10.9798,8.3151,10.9798,10.0432,9.1552,8.5899,8.3151,8.3151,8.0455,8.0455,7.7812,8.3151,8.3151,8.3151,8.3151,13.3018,10.6621,
1986-10-01 00:00:00,2,9.4458,10.0432,9.7418,10.0432,10.0432,10.0432,10.0432,9.7418,9.7418,9.7418,8.8699,8.5899,8.5899,8.5899,8.5899,8.5899,8.5899,8.3151,8.3151,8.3151,8.3151,8.3151,8.3151,9.1552,8.8699,8.8699,8.5899,6.5364,6.5364,6.7752,6.5364
1986-09-01 00:00:00,2,9.7418,9.7418,10.0432,9.7418,9.4458,10.35,10.35,8.8699,10.9798,10.35,9.7418,9.7418,10.35,10.35,10.35,10.0432,9.7418,5.85,4.0527,9.1552,9.1552,9.1552,9.1552,8.3151,8.3151,8.5899,8.8699,8.8699,3.8765,4.609,
1986-08-01 00:00:00,2,10.9798,11.303,10.9798,11.303,11.303,11.303,11.303,10.9798,10.6621,10.35,10.6621,10.35,10.6621,10.6621,10.6621,10.6621,10.6621,10.6621,10.6621,10.6621,10.6621,14.5378,12.3056,11.6316,11.303,11.303,11.6316,11.6316,8.8699,9.1552,9.7418
1986-07-01 00:00:00,2,11.6316,11.6316,11.303,11.303,11.303,11.303,11.303,11.303,11.303,11.303,11.303,10.9798,11.303,10.9798,10.9798,11.303,10.9798,10.9798,10.9798,10.9798,10.9798,10.9798,11.6316,13.002,11.9658,11.6316,11.303,11.303,10.9798,10.9798,11.303
1986-06-01 00:00:00,2,13.9141,13.6066,13.9141,13.3018,13.9141,13.9141,13.6066,13.3018,13.6066,14.8539,13.6066,13.3018,13.002,13.002,12.651,12.651,13.002,13.002,13.3018,13.002,13.3018,12.651,11.9658,11.6316,11.9658,11.6316,11.6316,11.303,11.303,11.6316,
1986-05-01 00:00:00,2,11.303,14.8539,15.1728,14.5378,14.5378,14.2246,14.2246,14.2246,14.2246,14.2246,13.9141,13.9141,21.7549,18.5148,19.5707,16.8093,15.8191,14.8539,14.5378,14.2246,14.5378,14.2246,14.2246,14.2246,13.9141,13.9141,13.9141,14.2246,13.6066,13.3018,13.6066
1986-04-01 00:00:00,2,20.2881,18.864,18.5148,18.1682,16.1464,17.1449,16.8093,17.4833,17.1449,16.1464,15.4945,17.8244,16.8093,17.8244,17.1449,17.8244,17.4833,16.8093,16.8093,15.8191,15.8191,15.1728,15.4945,15.4945,15.1728,15.8191,16.8093,16.1464,15.8191,14.8539,
1986-03-01 00:00:00,2,24.0342,31.862,40.1034,57.7552,40.1034,34.5216,32.7387,28.0401,25.6058,24.4232,23.264,22.1282,20.6508,21.3842,21.0162,20.2881,19.5707,24.8149,31.4274,30.9952,25.209,22.5042,21.3842,22.1282,21.3842,22.8828,21.3842,19.5707,23.6478,21.3842,20.2881
1986-02-01 00:00:00,2,23.6478,21.3842,28.4548,60.005,63.4463,57.1984,53.3634,42.0407,43.0235,34.5216,29.7137,30.1384,42.5309,36.3436,53.9045,46.5372,47.5621,50.1647,44.5153,48.078,43.0235,36.3436,31.4274,28.0401,27.2185,25.6058,24.4232,24.0342,,,
1986-01-01 00:00:00,2,36.3436,38.2043,32.2991,24.8149,34.0722,46.0282,36.8052,42.0407,68.7567,74.8635,60.005,60.573,50.6921,60.005,40.5842,41.5528,35.8845,30.5656,27.2185,26.4071,25.209,24.4232,23.264,22.8828,21.7549,21.7549,17.8244,28.8719,25.6058,30.9952,28.0401
1985-12-01 00:00:00,2,13.6066,13.002,21.3842,24.4232,23.264,22.5042,19.928,11.9658,16.1464,19.216,17.8244,17.1449,17.1449,13.9141,13.002,9.7418,13.3018,13.3018,13.3018,13.002,19.5707,26.8115,25.209,27.2185,19.5707,30.5656,27.2185,37.2691,41.5528,52.288,50.1647
1985-11-01 00:00:00,2,7.7812,5.85,11.6316,29.7137,27.2185,26.4071,25.6058,25.6058,19.216,13.6066,11.9658,14.5378,14.5378,13.9141,8.5899,8.5899,11.6316,10.0432,14.2246,11.303,13.3018,13.9141,14.2246,12.3056,11.303,16.4764,16.8093,18.1682,21.0162,21.0162,
1985-10-01 00:00:00,2,16.8093,16.8093,17.4833,15.4945,15.1728,15.1728,18.5148,19.928,16.1464,14.2246,13.9141,13.6066,13.002,11.9658,11.9658,14.5378,17.1449,16.8093,16.8093,16.4764,16.4764,17.8244,16.1464,14.8539,13.6066,11.6316,9.4458,5.0035,4.609,4.609,5.0035
1985-09-01 00:00:00,2,10.9798,12.651,13.9141,13.9141,13.9141,14.2246,14.5378,15.1728,11.9658,13.6066,13.6066,13.3018,13.3018,13.3018,13.6066,11.6316,10.9798,15.1728,15.8191,15.8191,15.8191,15.8191,15.4945,20.2881,18.1682,16.8093,16.1464,16.8093,17.4833,17.1449,
1985-08-01 00:00:00,2,15.8191,15.1728,15.1728,13.002,14.2246,15.1728,15.1728,14.8539,14.5378,14.5378,12.3056,14.8539,15.1728,14.5378,14.5378,14.5378,14.2246,12.3056,15.8191,14.8539,14.5378,14.5378,14.5378,14.5378,10.9798,14.5378,14.8539,14.5378,14.5378,14.2246,14.2246
1985-07-01 00:00:00,2,21.0162,21.3842,21.3842,21.0162,19.216,16.8093,15.8191,19.216,17.4833,16.8093,16.4764,16.4764,16.4764,14.5378,17.1449,16.8093,16.4764,16.4764,16.4764,16.1464,14.2246,17.4833,16.1464,15.8191,16.1464,15.8191,15.4945,14.5378,16.4764,16.1464,15.8191
1985-06-01 00:00:00,2,21.3842,20.6508,23.264,22.5042,24.0342,18.5148,22.1282,21.3842,19.5707,20.2881,20.2881,20.6508,21.0162,21.0162,21.3842,18.5148,24.0342,19.928,19.928,19.928,20.2881,19.928,20.2881,20.2881,19.5707,19.5707,19.216,20.2881,19.928,15.8191,
1985-05-01 00:00:00,2,25.6058,30.5656,30.5656,32.7387,31.4274,30.1384,27.2185,27.2185,26.4071,26.4071,26.4071,24.0342,28.4548,26.4071,25.6058,25.6058,24.8149,24.0342,22.5042,23.6478,23.6478,24.0342,23.6478,23.6478,23.264,22.1282,23.6478,23.264,22.5042,22.1282,21.3842
1985-04-01 00:00:00,2,72.3949,60.005,49.6395,44.5153,40.5842,39.6251,38.2043,39.6251,37.7355,39.6251,37.2691,36.3436,34.9735,32.2991,35.8845,33.6252,33.6252,34.5216,34.5216,34.9735,32.2991,31.4274,32.2991,30.5656,30.5656,29.7137,29.2916,26.4071,30.9952,28.8719,
1985-03-01 00:00:00,2,86.3935,93.7742,89.7172,76.1106,62.2903,48.5962,54.4478,51.2218,109.281,73.6249,58.3143,59.4392,103.528,65.7846,95.8305,77.9974,65.1967,145.637,97.9053,89.7172,73.6249,61.1432,54.9934,48.078,47.0485,44.5153,43.5184,54.9934,54.9934,77.9974,110.739
1985-02-01 00:00:00,2,191.792,153.924,122.692,101.404,76.7374,65.1967,64.611,65.7846,66.3746,70.566,69.3576,69.9608,75.486,71.7831,42.5309,43.0235,45.0173,42.0407,41.5528,38.6755,39.1491,36.8052,40.5842,62.8672,64.611,62.2903,65.7846,80.5428,,,
1985-01-01 00:00:00,2,44.0157,38.2043,30.5656,27.6281,24.8149,22.8828,28.4548,30.5656,91.0612,114.419,89.0483,64.611,51.7538,121.17,56.6438,43.0235,58.3143,103.528,84.4244,81.1845,91.0612,136.742,139.145,97.9053,89.0483,148.929,181.696,234.021,454.734,385.135,244.132
1984-12-01 00:00:00,2,19.928,29.2916,30.5656,34.9735,37.2691,36.8052,25.209,33.1807,72.3949,79.2659,50.6921,34.9735,30.9952,38.2043,53.9045,49.1167,158.988,104.24,55.5413,37.2691,30.9952,53.9045,32.2991,26.8115,23.6478,24.8149,22.5042,42.5309,87.7167,65.7846,58.3143
1984-11-01 00:00:00,2,12.3056,12.651,12.3056,8.8699,8.0455,11.6316,11.6316,11.6316,10.9798,9.7418,9.4458,7.7812,10.0432,9.7418,7.0191,5.85,9.7418,9.4458,7.0191,11.6316,37.2691,55.5413,39.6251,64.0276,41.5528,26.4071,19.928,21.3842,25.209,20.6508,
1984-10-01 00:00:00,2,12.651,12.651,12.3056,12.3056,11.9658,12.3056,12.3056,8.3151,11.9658,12.3056,11.9658,15.1728,10.0432,13.9141,13.6066,13.6066,13.9141,13.6066,14.8539,17.8244,18.864,18.5148,16.1464,14.5378,15.8191,15.1728,14.2246,12.651,13.002,13.002,12.3056
1984-09-01 00:00:00,2,10.9798,10.9798,7.7812,10.6622,10.6622,10.35,15.8191,17.4833,28.4548,21.7549,17.8244,15.1728,13.6066,13.002,10.0432,11.9658,11.6316,11.6316,11.9658,12.3056,18.1682,17.1449,16.1464,16.1464,13.3018,13.3018,13.002,13.6066,13.6066,13.002,
1984-08-01 00:00:00,2,11.303,11.303,11.303,11.303,8.3151,7.268,10.9798,10.9798,10.6621,10.6621,10.6621,7.7812,6.3026,10.35,9.1552,9.4458,10.35,10.35,7.7812,6.3026,10.6621,10.9798,10.9798,12.3056,12.651,12.651,8.0455,11.303,11.303,10.9798,10.9798
1984-07-01 00:00:00,2,9.1552,11.6316,13.6066,13.002,13.3018,13.6066,13.6066,8.5899,11.6316,13.3018,12.3056,13.6066,12.3056,11.9658,8.8699,7.522,11.6316,11.6316,11.6316,12.3056,12.651,8.8699,7.522,12.3056,12.3056,12.651,11.6316,11.303,8.0455,7.0191,11.303
1984-06-01 00:00:00,2,14.5378,14.8539,11.6316,13.3018,14.5378,14.5378,14.5378,14.2246,14.5378,14.2246,10.35,13.9141,14.2246,13.9141,14.2246,13.9141,9.4458,14.2246,13.9141,13.9141,9.4458,14.2246,14.5378,9.4458,11.303,13.9141,14.5378,14.2246,13.9141,13.002,
1984-05-01 00:00:00,2,16.4764,16.8093,15.8191,14.5378,14.5378,18.864,16.1464,17.1449,16.8093,16.1464,15.4945,15.8191,13.002,16.1464,15.1728,15.4945,17.4833,17.4833,16.8093,13.9141,16.4764,15.8191,16.1464,14.8539,14.8539,14.8539,13.6066,13.6066,14.8539,15.1728,15.1728
1984-04-01 00:00:00,2,25.209,23.6478,19.5707,38.2043,55.5413,46.0282,29.2916,25.209,22.5042,21.7549,21.0162,19.5707,19.928,18.864,18.864,19.928,18.5147,17.8244,17.8244,16.8093,17.4833,15.8191,18.5147,16.4764,15.1728,16.8093,17.1449,17.1449,16.8093,17.1449,
1984-03-01 00:00:00,2,19.216,19.216,18.864,18.1682,20.2881,25.6058,24.8149,24.0342,22.5042,21.7549,22.1282,22.8828,23.6478,28.8719,26.0052,22.8828,21.7549,19.5707,20.2881,20.2881,18.864,20.2881,23.264,23.264,21.0162,18.864,18.864,18.1682,18.5148,18.5148,28.4548
1984-02-01 00:00:00,2,26.8115,25.6058,25.209,24.8149,23.264,25.209,24.4232,23.264,23.6478,24.4232,24.4232,21.3842,24.8149,21.7549,21.3842,21.3842,21.3842,22.5042,20.2881,23.264,22.5042,21.3842,21.3842,20.6508,20.6508,21.3842,21.7549,21.0162,19.928,,
1984-01-01 00:00:00,2,42.5309,41.5528,37.7355,37.7355,35.4277,34.0722,38.2043,36.8052,55.5413,46.0282,37.7355,36.3436,34.0722,31.862,29.7137,30.1384,29.2916,28.4548,27.2185,27.2185,26.8115,26.4071,30.1384,37.7355,33.1807,34.9735,39.1491,33.1807,37.2691,32.7387,29.7137
1983-12-01 00:00:00,2,35.8845,49.1167,81.1845,70.5661,54.9934,47.5621,129.638,80.5428,59.4392,71.1735,95.143,135.149,104.24,108.554,90.3882,76.7374,65.7846,92.4136,76.7374,58.8757,52.8246,65.1967,69.3576,66.9669,71.1735,118.902,85.7351,62.8672,51.2218,47.5621,45.5216
1983-11-01 00:00:00,2,18.5148,18.1682,34.0722,28.0401,25.209,22.8828,21.0162,19.216,18.1682,28.0401,28.8719,46.5372,69.3576,64.611,110.009,143.188,101.404,73.0088,42.0407,76.1106,53.9045,64.0276,65.7846,61.1432,64.611,51.2218,53.9045,51.7538,54.9934,48.078,
1983-10-01 00:00:00,2,16.8093,13.3018,16.4764,15.1728,14.5378,14.5378,14.8539,15.1728,15.4945,17.4833,17.8244,17.8244,28.0401,41.0673,41.5528,28.0401,22.8828,24.0342,26.4071,30.9952,24.4232,22.8828,40.5842,35.4277,28.0401,23.264,21.3842,19.928,18.864,18.5147,19.5707
1983-09-01 00:00:00,2,15.8191,16.1464,16.1464,13.6066,17.8244,17.8244,14.2246,18.5148,17.4833,16.1464,15.1728,19.216,18.1682,18.864,17.4833,18.864,20.6508,16.8093,18.864,17.4833,15.8191,16.1464,16.1464,17.1449,19.928,27.6281,21.7549,18.1682,17.4833,16.4764,
1983-08-01 00:00:00,2,20.2881,19.216,18.864,18.5148,19.216,18.864,18.5148,19.928,18.5148,18.5148,18.5148,18.5148,18.5148,17.8244,19.216,17.8244,17.4833,17.8244,17.8244,17.4833,17.8244,19.928,18.1682,17.8244,17.8244,17.8244,17.8244,15.4945,13.9141,14.8539,16.1464
1983-07-01 00:00:00,2,24.8149,24.4232,22.8828,23.6478,22.8828,22.8828,22.1282,21.3842,21.7549,21.7549,22.5042,21.7549,21.3842,21.3842,21.3842,21.3842,21.0162,21.7549,19.5707,24.4232,28.8719,26.0052,25.209,23.6478,22.1282,21.3842,21.3842,21.3842,21.0162,20.6508,19.216
1983-06-01 00:00:00,2,51.7538,55.5413,49.1167,42.0407,38.6755,35.8845,33.1807,31.862,30.5656,30.1384,30.9952,28.0401,29.7137,28.0401,27.6281,27.6281,27.2185,25.6058,26.8115,27.6281,26.0052,26.0052,25.6058,25.209,25.209,22.8828,24.4232,25.209,25.209,25.209,
1983-05-01 00:00:00,2,50.1647,42.0407,38.6755,38.2043,37.7355,37.2691,36.8052,34.5216,37.2691,34.5216,34.5216,34.5216,34.0722,32.2991,31.4274,32.2991,32.7387,29.7137,30.9952,30.5656,30.5656,29.2916,30.9952,30.1384,30.9952,31.4274,31.4274,30.9952,44.5153,47.0485,44.5153
1983-04-01 00:00:00,2,42.5309,40.1034,39.6251,39.6251,38.6755,37.7355,56.6438,76.1106,74.8635,58.8757,81.1845,175.468,139.949,100.7,72.3949,59.4392,51.2218,51.2218,48.5962,46.5372,44.0157,44.0157,44.0157,42.5309,81.1845,60.005,63.4463,59.4392,49.6395,45.0173,
1983-03-01 00:00:00,2,75.486,87.7167,70.5661,86.3935,97.9053,158.139,168.447,117.4,88.3815,69.9608,60.005,52.8246,50.1647,57.7552,58.8757,57.7552,50.1647,47.5621,50.1647,50.1647,56.0914,59.4392,58.3143,62.2903,54.4478,44.5153,40.1034,62.2903,66.9669,59.4392,48.5962
1983-02-01 00:00:00,2,77.3663,71.7831,87.7167,96.52,76.1106,60.005,71.7831,57.1984,53.3634,140.756,337.101,172.821,133.565,135.149,124.99,82.4741,68.1579,58.8757,53.9045,49.6395,46.0282,43.5184,44.0157,42.0407,41.0673,45.5216,72.3949,124.99,,,
1983-01-01 00:00:00,2,54.9934,56.6438,73.6249,57.7552,55.5413,35.4277,43.5184,33.6252,28.4548,28.4548,28.8719,28.4548,32.7387,32.7387,31.862,29.7137,47.0485,65.7846,150.586,259.807,268.783,197.717,160.691,99.9985,104.954,72.3949,106.388,81.8282,62.8672,57.1984,76.1106
1982-12-01 00:00:00,2,11.303,11.303,11.303,11.6316,12.651,8.0455,12.3056,9.7418,10.6622,11.303,11.6316,5.85,8.5899,10.9798,10.9798,13.9141,15.1728,16.8093,17.8244,19.216,19.5707,26.4071,18.5148,18.1682,45.0173,31.4274,54.9934,74.8635,45.5216,52.8246,62.8672
1982-11-01 00:00:00,2,17.4833,15.4945,13.6066,12.651,12.3056,12.3056,8.8699,10.35,11.9658,11.6316,11.303,13.3018,13.9141,11.303,14.2246,14.8539,15.4945,17.8244,21.0162,17.8244,14.2246,14.5378,13.9141,11.9658,11.6316,11.6316,11.303,9.7418,11.9658,11.6316,
1982-10-01 00:00:00,2,11.303,11.303,12.3056,11.9658,11.9658,11.6316,11.303,11.6316,12.651,14.8539,13.3018,14.2246,15.8191,16.1464,14.5378,14.5378,10.9798,13.002,12.3056,13.002,11.9658,14.8539,14.5378,11.6316,11.6316,11.6316,11.6316,11.303,11.303,11.9658,13.002
1982-09-01 00:00:00,2,11.9658,11.6316,11.6316,11.6316,11.6316,10.9798,9.4458,11.9658,11.9658,11.6316,11.303,10.9798,10.0432,11.303,11.303,9.7418,11.6316,11.303,9.7418,10.35,11.303,11.303,11.6316,11.303,11.303,11.303,11.303,11.303,11.303,11.303,
1982-08-01 00:00:00,2,10.35,14.5378,14.2246,13.9141,13.9141,14.2246,13.9141,8.5899,14.2246,13.6066,13.6066,13.3018,13.3018,13.6066,13.6066,10.0432,13.6066,13.3018,13.3018,13.002,12.3056,8.5899,11.9658,12.651,13.002,13.002,13.3018,12.3056,8.8699,11.6316,11.9658
1982-07-01 00:00:00,2,17.1449,16.8093,17.4833,14.5378,15.8191,15.4945,15.1728,15.4945,15.8191,16.8093,13.6066,16.1464,15.4945,15.8191,16.1464,15.8191,15.8191,13.6066,14.8539,15.8191,15.8191,15.1728,15.1728,14.8539,11.303,14.8539,14.8539,14.5378,14.5378,14.8539,14.5378
1982-06-01 00:00:00,2,20.6508,20.6508,20.2881,19.928,19.928,18.5147,19.5707,19.5707,18.864,16.1464,19.216,18.864,17.1449,19.5707,17.8244,18.1682,17.8244,17.8244,17.4833,16.1464,18.1682,17.8244,17.1449,17.1449,17.8244,17.4833,15.1728,17.1449,17.4833,17.1449,
1982-05-01 00:00:00,2,22.5042,23.6478,23.6478,23.264,22.8828,22.5042,22.5042,22.5042,21.0162,22.5042,22.1282,21.0162,21.0162,21.0162,21.0162,19.928,21.3842,20.6508,20.6508,20.6508,21.0162,21.0162,19.928,21.0162,21.0162,30.5656,28.0401,24.4232,22.1282,21.0162,21.0162
1982-04-01 00:00:00,2,38.6755,35.4277,34.0722,34.0722,32.2991,31.4274,30.5656,30.1384,28.0401,28.0401,28.8719,28.8719,28.0401,30.9952,41.0673,45.5216,40.1034,37.7355,35.8845,29.7137,26.8115,27.6281,26.4071,26.0052,25.209,25.209,25.209,24.8149,24.8149,23.6478,
1982-03-01 00:00:00,2,42.0407,66.9669,45.5216,42.0407,46.0282,39.1491,32.7387,57.1984,69.3576,63.4463,66.3746,71.1735,56.6438,53.9045,58.3143,58.3143,47.5621,43.0235,37.7355,58.3143,54.4478,42.0407,42.0407,44.0157,93.0928,74.8635,60.005,51.7538,53.3634,42.5309,38.6755
1982-02-01 00:00:00,2,47.5621,44.5153,43.5184,39.6251,48.078,46.0282,43.0235,40.1034,39.6251,34.9734,33.1807,31.862,30.1384,29.2916,28.8719,28.4548,27.6281,26.4071,25.6058,25.209,24.8149,25.209,24.0342,23.6478,22.8828,23.6478,25.6058,30.5656,,,
1982-01-01 00:00:00,2,33.1807,30.9952,58.3143,90.3882,133.565,93.7741,81.1845,55.5413,50.6921,40.1034,41.0673,52.288,51.2218,42.5309,43.5184,39.1491,43.0235,39.1491,37.7355,39.6251,58.3143,61.7157,72.3949,110.009,265.169,153.087,122.692,81.8282,67.5613,59.4392,52.8246
1981-12-01 00:00:00,2,39.6251,37.2691,37.2691,37.7355,29.2916,26.0052,24.0342,24.0342,26.0052,28.4548,31.4274,34.0722,37.2691,40.1034,43.5184,61.1432,95.8305,62.2903,42.0407,34.0722,30.1384,28.4548,26.4071,24.8149,22.5042,22.8828,68.7567,44.0157,45.0173,34.5216,29.2916
1981-11-01 00:00:00,2,10.47,11.0648,10.7659,10.47,14.8697,13.8816,12.2888,17.2672,13.2362,18.333,43.4507,110.977,63.3012,81.3598,64.9782,45.4144,45.9102,43.9388,36.3653,69.5253,199.216,140.003,72.4221,42.4804,36.3653,87.52,234.021,197.717,124.838,34.0722,
1981-10-01 00:00:00,2,7.9413,7.6758,5.9092,3.2852,4.9751,7.6758,7.9413,7.6758,7.6758,5.6704,3.2852,7.4135,9.3157,9.8869,8.4817,24.7843,26.4,20.1588,14.8697,13.5575,24.3861,20.9061,15.5418,12.6018,11.0648,11.0648,12.2888,11.0648,11.6711,11.0648,11.3665
1981-09-01 00:00:00,2,9.8869,9.5998,8.4817,8.4817,8.4817,5.9092,5.4351,9.0346,8.2099,8.2099,8.2099,8.2099,5.4351,7.1545,7.6758,8.4817,8.2099,9.3157,9.3157,6.8988,6.3972,9.0346,9.0346,9.0346,9.0346,9.0346,6.3972,6.3972,8.7566,8.4817,
1981-08-01 00:00:00,2,6.1515,6.3972,9.0346,8.4817,8.4817,8.4817,8.2099,8.4817,5.9092,8.4817,8.4817,8.7566,8.4817,8.2099,8.4817,7.4135,7.6758,10.47,11.0648,9.5998,9.0346,9.0346,6.3972,10.1769,9.5998,9.3157,9.0346,9.8869,9.5998,6.8988,9.3157
1981-07-01 00:00:00,2,11.0648,11.3665,11.0648,10.7659,8.2099,8.4817,10.7659,10.7659,11.0648,10.47,11.3665,7.9413,8.2099,8.7566,9.3157,8.7566,9.3157,9.0346,5.9092,8.7566,8.7566,9.3157,9.0346,8.4817,8.4817,5.9092,9.3157,8.7566,8.7566,9.0346,8.7566
1981-06-01 00:00:00,2,8.4817,11.9785,11.6711,11.9785,11.9785,11.6711,12.9177,14.2083,15.2044,12.6018,11.9785,12.2888,11.6711,9.0346,11.0648,11.9785,13.2362,10.7659,11.9785,12.2888,9.8869,12.6018,11.9785,11.9785,11.6711,11.9785,11.6711,9.3157,9.0346,11.6711,
1981-05-01 00:00:00,2,9.5998,10.47,7.9413,11.6711,11.3665,11.6711,11.6711,11.3665,12.2888,7.9413,7.9413,10.47,10.7659,10.7659,10.7659,10.7659,8.2099,8.7566,11.3665,11.3665,12.2888,11.9785,11.9785,8.7566,8.2099,11.0648,11.0648,11.0648,11.3665,11.6711,8.4817
1981-04-01 00:00:00,2,17.9752,19.0559,16.2242,15.2044,14.5377,14.5377,14.2083,14.2083,14.2083,13.8816,13.5575,10.1769,13.8816,13.2362,12.9177,13.2362,6.1515,11.6711,11.0648,10.1769,10.47,13.2362,12.6018,11.3665,11.6711,11.0648,11.0648,11.0648,12.9177,13.2362,
1981-03-01 00:00:00,2,9.3157,11.6711,10.1769,10.1769,11.3665,11.9785,14.2083,14.2083,15.2044,16.2242,15.8817,16.917,15.8817,14.2083,13.8816,12.9177,14.2083,13.5575,23.5965,23.5965,40.5632,30.165,26.4,21.663,18.6932,16.5693,16.5693,16.5693,22.045,23.9901,20.1588
1981-02-01 00:00:00,2,36.3653,33.6579,31.4589,30.165,28.4698,25.5877,28.0514,29.7379,31.0255,28.8903,28.8903,28.0514,23.5965,22.045,18.333,20.5312,18.6932,17.62,17.2672,17.2672,17.2672,15.5418,16.2242,15.8817,15.5418,16.2242,16.917,16.917,,,
1981-01-01 00:00:00,2,31.4589,23.9901,20.5312,18.6932,17.62,16.2242,15.2044,15.5418,15.5418,57.2864,45.4144,42.4804,56.7502,75.3604,121.319,77.7407,56.7502,34.104,29.7379,27.6352,27.2213,26.8095,28.4698,31.0255,40.5632,55.6831,55.1523,56.2158,46.9073,38.6774,38.211
1980-12-01 00:00:00,2,22.045,26.8095,33.6579,46.4078,46.4078,85.6553,58.9057,62.7457,70.679,56.7502,28.8903,25.9927,24.3861,40.5632,44.9206,57.2864,46.4078,25.1849,21.2834,18.6932,16.5693,16.2242,17.2672,17.9752,17.2672,18.333,17.2672,16.917,21.663,31.4589,40.0888
1980-11-01 00:00:00,2,9.3157,6.8988,7.1545,10.1769,9.8869,9.8869,9.5998,12.2888,11.3665,9.0346,15.5418,49.433,56.7502,34.104,20.5312,13.8816,12.6018,11.3665,10.1769,14.2083,11.6711,16.917,16.917,18.6932,34.104,22.4294,14.8697,12.9177,12.6018,16.5693,
1980-10-01 00:00:00,2,10.1769,10.1769,10.1769,9.8869,7.4135,8.2099,9.8869,9.8869,9.5998,9.8869,9.8869,7.4135,8.2099,10.47,10.1769,10.1769,9.8869,9.5998,7.1545,8.2099,9.3157,9.3157,9.3157,9.0346,9.8869,6.8988,6.8988,9.3157,9.3157,9.5998,9.3157
