DataHora,NivelConsistencia,Vazao01,Vazao02,Vazao03,Vazao04,Vazao05,Vazao06,Vazao07,Vazao08,Vazao09,Vazao10,Vazao11,Vazao12,Vazao13,Vazao14,Vazao15,Vazao16,Vazao17,Vazao18,Vazao19,Vazao20,Vazao21,Vazao22,Vazao23,Vazao24,Vazao25,Vazao26,Vazao27,Vazao28,Vazao29,Vazao30,Vazao31
2023-04-01 00:00:00,2,87.1723,86.4646,87.1723,89.3077,76.777,75.4271,74.7554,76.101,93.6341,86.4646,86.4646,87.1723,98.8255,100.415,96.559,101.214,102.015,100.415,99.6193,106.055,102.015,99.6193,92.908,92.1838,89.3077,87.882,72.7532,86.4646,94.3623,98.8255,
2023-03-01 00:00:00,2,102.015,110.154,110.154,109.33,112.642,105.242,112.642,113.475,108.507,121.083,105.242,117.679,112.642,128.875,129.752,121.083,119.376,108.507,97.2953,116.833,113.475,105.242,102.015,97.2953,94.3623,94.3623,92.908,91.4617,92.908,91.4617,88.5939
2023-02-01 00:00:00,2,329.349,251.245,194.462,157.087,147.758,142.264,150.534,230.387,251.245,247.273,266.065,203.747,194.462,231.478,232.571,232.571,239.169,242.495,240.276,219.583,191.403,183.335,173.436,152.395,135.954,119.376,110.981,106.87,,,
2023-01-01 00:00:00,2,301.239,314.406,374.536,517.078,522.703,530.248,586.481,702.627,830.995,871.249,805.429,704.791,594.447,653.723,408.97,368.14,326.335,366.549,341.54,296.909,326.335,368.14,369.734,400.641,403.963,407.297,407.297,474.908,469.533,478.508,402.3
2022-12-01 00:00:00,2,63.0395,56.846,92.1838,116.833,103.624,95.8248,75.4271,90.0237,98.0341,89.3077,87.882,82.2622,85.759,84.354,92.1838,88.5939,80.8782,80.8782,119.376,128.875,271.554,252.576,216.38,147.758,127.127,115.99,169.535,245.956,277.096,256.588,294.039
2022-11-01 00:00:00,2,44.0531,48.5692,47.4254,41.855,39.1647,37.059,37.059,35.5075,38.6343,38.6343,38.1066,40.7711,42.949,48.5692,49.1448,52.0591,53.8364,53.2416,53.2416,46.8571,41.855,41.3118,40.2331,39.1647,41.855,45.1672,41.855,46.8571,59.914,58.0662,
2022-10-01 00:00:00,2,46.2913,44.6089,45.7281,50.8861,56.846,58.0662,78.818,76.101,73.4184,72.0901,67.5103,61.7824,51.4714,46.8571,42.949,38.6343,39.6976,38.1066,37.059,37.5815,37.059,36.5392,29.0651,29.5441,32.4766,37.059,38.1066,38.6343,38.1066,39.1647,40.2331
2022-09-01 00:00:00,2,29.0651,29.5441,41.3118,47.4254,47.9961,47.4254,47.9961,42.4007,41.3118,42.4007,41.855,41.3118,40.7711,39.1647,38.6343,38.6343,39.1647,39.6976,39.6976,40.2331,39.1647,33.9799,34.4864,34.4864,34.9956,33.9799,34.4864,34.9956,36.5392,44.6089,
2022-08-01 00:00:00,2,35.5075,35.5075,36.022,35.5075,36.022,37.059,36.5392,37.059,38.1066,38.1066,36.022,36.5392,36.5392,34.9956,34.4864,33.476,34.4864,33.476,34.9956,34.9956,34.4864,36.022,33.9799,30.5105,30.5105,31.488,31.9809,31.9809,31.9809,31.488,31.488
2022-07-01 00:00:00,2,40.7711,39.6976,39.1647,39.1647,37.5815,38.1066,38.6343,38.6343,40.2331,38.1066,37.5815,38.6343,35.5075,37.5815,37.059,37.059,38.1066,37.059,36.022,35.5075,36.022,35.5075,36.5392,34.9956,34.9956,35.5075,34.9956,35.5075,34.9956,34.9956,36.022
2022-06-01 00:00:00,2,47.4254,47.4254,47.4254,49.7228,52.0591,50.3033,49.1448,50.3033,50.8861,51.4714,51.4714,51.4714,51.4714,50.8861,50.3033,49.7228,49.1448,49.1448,49.7228,49.1448,47.9961,46.2913,42.4007,41.855,43.4998,38.6343,40.7711,44.0531,37.5815,37.059,
2022-05-01 00:00:00,2,62.4098,64.3056,55.0332,52.0591,68.8078,62.4098,60.5345,58.6798,56.2394,55.0332,53.2416,53.8364,55.0332,55.6351,55.0332,56.2394,67.5103,67.5103,66.2217,61.7824,60.5345,59.914,59.914,58.6798,52.6491,50.8861,49.7228,48.5692,47.9961,49.1448,48.5692
2022-04-01 00:00:00,2,90.7417,93.6341,106.87,102.015,117.679,119.376,110.154,90.7417,87.882,95.0925,95.0925,92.1838,92.1838,86.4646,84.354,82.9573,80.8782,79.5026,79.5026,78.1355,76.777,75.4271,75.4271,74.0858,72.7532,72.0901,68.1579,64.3056,65.5807,63.0395,
2022-03-01 00:00:00,2,167.596,156.145,157.087,152.395,129.752,128.875,126.257,119.376,108.507,110.154,106.055,109.33,110.154,108.507,117.679,110.154,106.87,100.415,98.0341,92.1838,90.0237,88.5939,86.4646,86.4646,82.2622,80.8782,78.818,88.5939,93.6341,91.4617,87.1723
2022-02-01 00:00:00,2,188.362,200.634,203.747,190.387,214.255,289.759,298.349,360.219,376.143,687.566,641.24,728.804,724.41,639.171,507.766,441.356,431.002,441.356,457.104,437.892,360.219,284.098,261.984,224.96,222.804,193.44,183.335,175.399,,,
2022-01-01 00:00:00,2,193.44,270.177,395.683,415.691,417.379,417.379,504.064,757.674,1126.19,1757.82,1088.64,1078.02,819.327,657.909,515.209,498.534,469.533,425.869,414.005,405.628,358.644,284.098,205.833,185.34,178.36,171.481,166.63,156.145,152.395,154.266,162.788
2021-12-01 00:00:00,2,48.5692,44.0531,56.2394,54.4336,53.2416,76.101,123.66,140.45,142.264,121.083,82.9573,67.5103,108.507,122.799,133.282,163.745,181.339,161.832,193.44,167.596,150.534,122.799,95.8248,104.432,101.214,92.1838,82.9573,70.7706,82.9573,194.462,193.44
2021-11-01 00:00:00,2,44.0531,50.8861,46.2913,40.2331,41.3118,40.7711,39.6976,39.6976,38.1066,38.1066,73.4184,106.87,110.981,97.2953,80.8782,60.5345,59.2957,49.7228,44.0531,44.0531,46.8571,45.7281,44.0531,41.855,41.3118,39.1647,48.5692,49.1448,45.1672,50.8861,
2021-10-01 00:00:00,2,15.6889,21.7942,16.4609,17.2461,15.3079,14.9303,15.6889,21.7942,22.2264,21.7942,27.1774,42.4007,37.5815,39.1647,42.4007,42.4007,41.855,40.7711,43.4998,46.8571,47.4254,38.1066,49.1448,49.7228,43.4998,40.2331,45.7281,44.6089,41.855,41.3118,39.1647
2021-09-01 00:00:00,2,27.1774,24.8827,27.6451,26.7127,26.2508,23.5411,22.2264,22.2264,21.7942,22.2264,23.0998,19.6796,19.6796,19.6796,22.6616,26.7127,23.0998,23.0998,27.1774,26.2508,23.0998,23.0998,22.2264,22.2264,22.2264,17.6437,16.4609,15.3079,16.0732,15.3079,
2021-08-01 00:00:00,2,21.7942,22.2264,21.7942,28.5889,28.1156,25.7919,25.3358,25.7919,25.7919,25.7919,28.1156,43.4998,27.1774,28.1156,27.1774,25.3358,27.6451,28.5889,27.1774,22.6616,24.8827,22.6616,22.2264,21.7942,20.9391,25.3358,25.7919,27.6451,25.3358,24.4325,24.8827
2021-07-01 00:00:00,2,23.0998,22.6616,22.2264,22.6616,22.6616,23.9853,26.2508,26.7127,26.7127,25.7919,25.7919,27.1774,30.9979,31.488,30.9979,28.1156,28.1156,24.8827,27.1774,25.7919,29.0651,27.6451,27.1774,24.8827,25.7919,27.1774,26.2508,23.9853,23.0998,23.0998,22.6616
2021-06-01 00:00:00,2,32.4766,33.9799,37.059,39.1647,36.5392,34.9956,32.9749,32.9749,32.4766,31.9809,32.4766,32.9749,32.4766,31.9809,31.488,31.488,31.488,34.9956,33.9799,32.9749,32.9749,31.488,28.1156,24.4325,23.9853,23.9853,23.9853,23.0998,23.0998,23.5411,
2021-05-01 00:00:00,2,36.022,35.5075,33.9799,31.488,28.5889,28.5889,27.6451,28.5889,26.7127,26.7127,26.7127,27.1774,26.2508,27.1774,27.1774,27.6451,28.5889,26.2508,27.1774,26.7127,25.7919,24.4325,25.7919,24.8827,25.3358,30.5105,30.9979,31.488,29.0651,31.9809,31.488
2021-04-01 00:00:00,2,39.6976,37.5815,40.7711,42.949,37.5815,37.5815,36.5392,36.5392,33.9799,33.476,32.4766,33.476,31.9809,30.9979,30.5105,30.9979,30.5105,30.9979,30.0259,30.5105,29.5441,29.0651,29.0651,29.0651,29.5441,34.9956,36.022,34.4864,34.9956,34.9956,
2021-03-01 00:00:00,2,175.399,172.458,151.464,119.376,100.415,92.908,98.0341,160.879,193.44,201.67,204.789,169.535,144.086,107.688,102.015,97.2953,93.6341,78.818,68.8078,66.2217,63.6714,60.5345,59.914,56.846,55.6351,55.0332,52.6491,44.6089,41.855,38.1066,37.5815
2021-02-01 00:00:00,2,39.6976,40.7711,39.6976,38.1066,38.1066,47.9961,66.8649,125.389,123.66,92.908,74.0858,121.083,109.33,135.954,136.848,110.981,92.908,87.1723,110.981,171.481,172.458,214.255,187.353,144.086,125.389,100.415,114.311,138.645,,,
2021-01-01 00:00:00,2,84.354,85.0554,116.833,102.015,98.0341,90.0237,81.5691,93.6341,128.875,121.939,97.2953,99.6193,98.8255,90.7417,92.908,91.4617,82.9573,70.7706,61.1573,62.4098,61.1573,56.846,50.8861,47.9961,47.4254,45.7281,45.7281,44.6089,44.0531,42.949,42.4007
2020-12-01 00:00:00,2,41.3118,40.7711,41.3118,49.1448,45.1672,49.1448,43.4998,58.6798,59.914,66.8649,68.1579,70.1141,71.4293,74.0858,69.4598,46.2913,53.8364,58.6798,59.914,64.3056,70.1141,80.1893,120.228,151.464,95.0925,102.015,82.2622,77.4552,86.4646,85.0554,80.1893
2020-11-01 00:00:00,2,38.1066,31.488,28.5889,37.059,36.022,32.9749,30.9979,27.1774,26.7127,34.4864,36.022,42.949,50.8861,58.6798,58.0662,59.2957,55.6351,50.8861,55.6351,48.5692,50.8861,55.0332,52.0591,49.7228,49.1448,46.8571,42.949,44.0531,44.0531,42.4007,
2020-10-01 00:00:00,2,24.4325,23.9853,23.9853,24.8827,24.8827,23.9853,24.8827,24.4325,20.0963,14.1853,16.8519,14.9303,13.4541,13.0938,14.5561,15.3079,14.5561,14.9303,15.3079,14.9303,16.4609,20.5161,19.6796,18.8556,24.8827,28.1156,21.3651,26.2508,25.7919,24.8827,31.488
2020-09-01 00:00:00,2,38.6343,39.6976,37.5815,32.4766,30.9979,29.0651,29.5441,29.0651,29.5441,29.5441,29.5441,26.2508,23.5411,23.9853,23.9853,23.9853,23.9853,24.4325,23.9853,23.5411,24.4325,26.7127,27.1774,26.7127,26.2508,26.7127,26.7127,26.2508,25.7919,24.8827,
2020-08-01 00:00:00,2,32.9749,32.9749,32.4766,32.9749,35.5075,38.1066,38.1066,38.1066,38.1066,37.059,38.1066,38.1066,37.5815,38.6343,38.1066,38.1066,38.1066,37.059,37.5815,37.059,33.476,34.4864,36.022,34.9956,35.5075,35.5075,35.5075,36.022,36.022,37.059,36.022
2020-07-01 00:00:00,2,37.5815,37.059,38.1066,37.5815,38.1066,37.059,36.5392,36.5392,36.022,36.5392,35.5075,35.5075,35.5075,34.9956,32.4766,39.1647,34.9956,32.9749,34.4864,34.4864,34.9956,34.4864,33.9799,33.9799,33.9799,34.4864,32.9749,32.9749,32.9749,32.9749,32.9749
2020-06-01 00:00:00,2,53.2416,48.5692,50.3033,49.1448,44.6089,38.6343,33.9799,38.1066,39.6976,39.6976,44.0531,40.7711,37.5815,38.1066,37.5815,39.6976,41.3118,41.855,39.6976,39.6976,40.7711,41.855,42.4007,39.6976,37.059,40.2331,39.1647,37.5815,38.1066,37.5815,
2020-05-01 00:00:00,2,53.2416,54.4336,52.0591,50.8861,53.2416,53.2416,52.0591,52.0591,51.4714,49.1448,50.3033,52.0591,50.8861,48.5692,54.4336,56.2394,55.6351,53.8364,53.8364,52.0591,52.0591,50.8861,49.1448,50.8861,53.8364,58.0662,58.0662,55.6351,53.2416,53.2416,55.0332
2020-04-01 00:00:00,2,88.5939,99.6193,92.908,99.6193,88.5939,82.2622,78.818,75.4271,77.4552,104.432,136.848,108.507,99.6193,93.6341,92.1838,87.882,76.101,72.0901,70.7706,68.1579,70.1141,68.8078,65.5807,60.5345,58.6798,58.6798,56.846,55.6351,55.0332,53.8364,
2020-03-01 00:00:00,2,181.339,366.549,338.473,394.037,366.549,299.792,244.721,167.596,161.832,147.758,137.745,128,120.228,119.376,121.939,120.228,108.507,96.559,99.6193,102.015,102.818,121.083,118.526,110.154,100.415,90.7417,82.9573,78.1355,76.101,74.7554,74.0858
2020-02-01 00:00:00,2,294.039,256.588,197.539,156.145,150.534,192.42,234.762,244.721,292.609,270.177,253.91,343.079,343.079,520.825,476.706,432.72,420.765,318.855,289.759,243.607,175.399,145.917,152.395,146.837,145.001,145.917,164.705,158.032,183.335,,
2020-01-01 00:00:00,2,41.855,49.7228,59.2957,92.908,73.4184,63.0395,64.942,70.1141,72.7532,69.4598,71.4293,64.942,57.455,52.0591,49.1448,49.7228,70.7706,96.559,84.354,89.3077,91.4617,82.9573,136.848,390.754,1020.5,932.08,878.446,685.427,511.481,347.714,327.84
2019-12-01 00:00:00,2,41.3118,41.855,62.4098,56.846,63.0395,64.3056,66.2217,80.1893,63.0395,89.3077,78.818,127.127,177.371,174.417,146.837,110.154,96.559,71.4293,58.0662,61.1573,80.8782,83.6546,73.4184,63.6714,82.2622,78.818,80.1893,63.6714,52.6491,47.9961,47.4254
2019-11-01 00:00:00,2,30.5105,17.2461,15.6889,14.9303,14.1853,12.3837,12.034,11.688,12.737,18.8556,16.0732,14.9303,14.5561,14.9303,15.6889,16.8519,18.8556,20.0963,21.7942,50.3033,53.2416,56.2394,56.2394,58.0662,44.0531,44.6089,40.7711,40.7711,38.6343,39.6976,
2019-10-01 00:00:00,2,14.5561,14.9303,14.5561,14.1853,14.9303,12.034,12.737,12.034,11.688,12.034,14.9303,14.5561,16.4609,18.4484,11.688,11.3456,10.013,9.6892,10.013,8.7413,8.7413,9.0534,8.7413,8.7413,11.688,12.034,12.3837,15.3079,22.6616,19.266,23.0998
2019-09-01 00:00:00,2,26.7127,27.1774,28.5889,24.4325,27.1774,34.9956,26.2508,23.5411,22.2264,19.6796,12.3837,13.818,11.3456,9.6892,9.6892,9.0534,11.688,11.3456,10.6718,7.241,6.6697,6.1155,5.3172,5.845,6.1155,9.3694,10.3405,13.818,13.818,14.1853,
2019-08-01 00:00:00,2,27.6451,22.6616,25.7919,23.9853,23.9853,24.4325,24.8827,27.6451,18.8556,23.5411,25.7919,26.2508,25.7919,24.8827,23.0998,23.0998,23.9853,23.0998,24.8827,24.4325,25.3358,26.2508,26.2508,23.5411,21.7942,21.3651,21.3651,22.6616,20.5161,21.7942,25.7919
2019-07-01 00:00:00,2,28.5889,30.0259,32.9749,33.476,29.0651,29.5441,28.1156,28.1156,27.6451,29.5441,31.488,26.2508,24.8827,27.1774,27.1774,26.2508,30.9979,30.9979,27.1774,28.1156,26.2508,26.2508,25.3358,27.1774,37.059,36.5392,37.059,33.476,32.4766,31.9809,27.1774
2019-06-01 00:00:00,2,33.9799,34.4864,34.4864,32.4766,32.4766,29.0651,30.5105,36.022,32.4766,31.9809,34.4864,34.4864,32.9749,33.9799,32.9749,31.488,30.9979,31.488,33.476,32.4766,30.0259,30.0259,30.0259,30.0259,30.9979,33.9799,31.9809,29.0651,30.9979,29.0651,
2019-05-01 00:00:00,2,44.0531,41.3118,41.3118,40.7711,40.7711,41.3118,40.7711,41.855,42.949,40.7711,38.6343,37.5815,39.1647,38.1066,38.1066,39.6976,43.4998,45.7281,44.6089,43.4998,42.4007,41.855,42.4007,40.7711,40.2331,38.1066,37.5815,36.5392,34.9956,34.9956,34.4864
2019-04-01 00:00:00,2,53.8364,52.6491,52.6491,52.0591,52.6491,50.3033,48.5692,47.9961,52.0591,53.8364,53.2416,54.4336,50.8861,48.5692,48.5692,59.914,77.4552,94.3623,85.0554,70.1141,61.7824,57.455,54.4336,53.2416,51.4714,47.9961,45.1672,44.0531,42.4007,45.1672,
2019-03-01 00:00:00,2,111.81,132.396,137.745,159.928,145.001,135.954,121.083,106.055,100.415,80.1893,77.4552,76.777,78.818,66.8649,66.2217,70.7706,109.33,103.624,87.882,79.5026,78.1355,216.38,188.362,140.45,113.475,97.2953,88.5939,71.4293,58.6798,56.846,55.0332
2019-02-01 00:00:00,2,34.4864,32.9749,34.4864,45.7281,45.7281,47.4254,47.4254,47.4254,52.6491,60.5345,61.7824,107.688,82.9573,77.4552,76.101,87.1723,90.7417,116.833,139.546,125.389,170.507,161.832,172.458,145.001,107.688,85.0554,74.0858,75.4271,,,
2019-01-01 00:00:00,2,135.061,127.127,124.523,108.507,110.981,63.6714,58.0662,56.846,54.4336,57.455,57.455,50.3033,45.7281,42.949,40.2331,38.1066,53.2416,39.6976,37.5815,36.5392,35.5075,35.5075,37.059,34.9956,34.9956,34.4864,42.4007,38.6343,37.5815,33.9799,32.4766
2018-12-01 00:00:00,2,90.0237,106.87,118.526,143.174,128,107.688,97.2953,110.154,103.624,98.8255,97.2953,94.3623,67.5103,55.0332,54.4336,52.6491,47.9961,44.6089,45.7281,47.4254,46.2913,43.4998,45.1672,47.4254,53.8364,53.8364,56.846,91.4617,80.8782,112.642,126.257
2018-11-01 00:00:00,2,28.1156,27.6451,29.5441,31.488,48.5692,42.949,32.9749,31.488,40.2331,59.2957,65.5807,58.0662,40.7711,41.855,41.855,51.4714,49.7228,47.4254,63.0395,82.9573,93.6341,185.34,203.747,166.63,161.832,142.264,128.875,115.99,101.214,90.0237,
2018-10-01 00:00:00,2,13.4541,12.3837,13.0938,13.4541,15.3079,15.6889,15.6889,14.9303,13.818,14.1853,15.6889,17.6437,17.2461,15.6889,15.6889,16.8519,25.7919,25.3358,24.4325,20.5161,23.0998,23.0998,25.3358,26.2508,28.5889,29.5441,30.0259,33.476,32.9749,30.5105,29.5441
2018-09-01 00:00:00,2,10.013,10.013,6.1155,7.241,6.9532,8.4331,11.3456,11.688,11.3456,8.4331,8.7413,8.7413,12.737,12.034,12.034,17.6437,15.6889,14.9303,14.1853,15.3079,15.6889,14.1853,14.1853,12.034,11.3456,10.6718,12.3837,12.034,10.013,10.6718,
2018-08-01 00:00:00,2,7.5329,7.5329,10.013,16.4609,14.5561,13.818,16.8519,17.6437,18.4484,37.5815,74.7554,14.5561,13.4541,12.3837,13.818,15.3079,17.2461,12.034,12.3837,11.3456,11.3456,13.4541,14.9303,15.6889,18.4484,12.3837,8.7413,8.129,9.3694,10.3405,10.013
2018-07-01 00:00:00,2,12.3837,12.034,12.034,12.034,12.034,12.034,11.688,11.688,11.688,11.688,11.688,11.3456,15.3079,15.3079,14.5561,10.6718,11.0068,14.9303,14.1853,12.737,10.6718,13.0938,11.0068,10.6718,14.1853,11.3456,8.4331,9.0534,10.6718,7.8289,7.5329
2018-06-01 00:00:00,2,27.1774,28.1156,27.6451,29.0651,27.1774,23.9853,18.0444,16.4609,17.2461,17.2461,17.2461,17.2461,17.6437,16.4609,14.9303,13.0938,14.1853,12.737,14.1853,12.3837,14.9303,12.737,14.1853,13.4541,13.818,13.818,13.0938,12.737,12.737,12.3837,
2018-05-01 00:00:00,2,27.6451,27.6451,28.1156,29.0651,28.5889,27.6451,27.6451,27.1774,27.6451,27.1774,28.1156,28.1156,29.0651,28.1156,28.1156,27.6451,28.5889,29.5441,31.9809,34.4864,34.9956,34.4864,27.1774,29.5441,31.488,35.5075,25.3358,23.9853,26.2508,26.2508,25.3358
2018-04-01 00:00:00,2,48.5692,50.3033,53.8364,51.4714,52.6491,55.0332,55.0332,68.1579,67.5103,59.914,59.2957,46.8571,37.5815,36.5392,49.7228,58.6798,61.7824,49.1448,40.7711,36.5392,34.4864,33.476,33.476,34.9956,33.9799,32.4766,31.9809,30.5105,28.5889,28.1156,
2018-03-01 00:00:00,2,112.642,106.87,103.624,104.432,114.311,111.81,110.154,106.055,110.154,114.311,151.464,142.264,122.799,99.6193,85.759,80.1893,90.0237,92.1838,107.688,91.4617,70.1141,66.8649,70.1141,66.2217,63.0395,60.5345,58.6798,57.455,56.846,56.2394,50.3033
2018-02-01 00:00:00,2,126.257,119.376,130.631,102.818,95.8248,100.415,102.818,90.0237,80.8782,75.4271,62.4098,59.2957,54.4336,52.0591,47.9961,44.6089,43.4998,41.855,42.4007,42.4007,58.0662,92.908,72.7532,64.942,82.9573,98.0341,128,107.688,,,
2018-01-01 00:00:00,2,71.3122,68.5558,71.3122,106.104,167.674,201.763,286.922,369.734,341.54,268.803,145.917,106.87,96.559,85.759,94.3623,98.8255,93.6341,73.4184,65.5807,57.455,53.2416,50.8861,47.9961,44.0531,45.7281,50.3033,54.4336,57.455,53.2416,74.7554,88.5939
2017-12-01 00:00:00,2,49.331,113.528,164.781,166.707,175.48,203.841,139.61,131.573,136.016,92.6046,106.104,94.1567,85.7545,83.5188,82.0419,86.5051,70.6189,87.2584,66.5177,51.1361,51.1361,44.6484,38.526,35.8665,39.6116,36.3922,48.1424,45.2232,40.159,44.6484,72.0083
2017-11-01 00:00:00,2,8.9077,8.3237,7.2049,6.1532,7.756,10.1239,9.8139,9.8139,7.4784,8.3237,12.7443,22.0251,16.741,19.106,13.4376,16.741,16.741,13.089,13.4376,23.3278,22.8902,27.4179,38.526,42.3793,50.5314,45.8011,33.7954,29.8061,31.775,29.8061,
2017-10-01 00:00:00,2,6.1532,7.2049,8.3237,11.0775,16.3593,10.7558,10.7558,10.4379,8.9077,7.756,6.6706,6.4097,5.901,5.6531,5.1705,5.1705,4.9359,4.7057,4.4801,4.2591,4.2591,4.4801,4.4801,4.2591,4.2591,4.0426,3.6237,4.9359,5.4096,9.5078,8.6136
2017-09-01 00:00:00,2,6.1532,5.6531,4.9359,4.2591,4.2591,4.0426,4.0426,4.0426,4.4801,4.4801,4.9359,4.7057,4.7057,4.9359,4.2591,3.6237,3.6237,4.0426,3.8308,3.8308,3.8308,3.4214,3.6237,3.0311,2.8432,3.6237,3.8308,4.0426,4.2591,5.4096,
2017-08-01 00:00:00,2,5.901,5.901,5.901,5.901,5.901,5.4096,5.901,5.901,5.4096,5.6531,5.4096,4.7057,4.4801,5.6531,6.1532,6.9356,6.9356,6.9356,6.9356,6.9356,6.4097,5.6531,6.4097,6.4097,6.6706,6.4097,6.6706,6.9356,6.6706,6.4097,6.4097
2017-07-01 00:00:00,2,8.9077,8.6136,7.4784,8.6136,8.6136,9.5078,10.4379,11.0775,11.0775,8.6136,7.2049,7.4784,7.4784,7.4784,8.9077,7.756,8.0378,7.756,7.756,7.756,7.756,7.756,7.756,6.9356,8.6136,7.4784,6.9356,6.4097,5.901,5.6531,5.901
2017-06-01 00:00:00,2,9.5078,9.2057,8.9077,9.2057,8.6136,8.9077,9.2057,9.2057,9.2057,9.2057,9.2057,8.9077,8.6136,9.2057,9.2057,10.7558,11.0775,10.7558,10.4379,10.4379,10.4379,10.1239,10.4379,10.7558,11.4032,11.0775,10.4379,9.5078,8.3237,8.0378,
2017-05-01 00:00:00,2,19.9227,19.106,17.1262,15.6069,14.869,14.869,14.869,13.4376,12.7443,12.4033,13.089,12.4033,12.4033,12.0661,11.4032,11.0775,10.7558,10.4379,9.5078,11.4032,13.4376,11.7327,12.0661,12.4033,12.0661,12.0661,11.0775,11.4032,10.4379,10.4379,10.1239
2017-04-01 00:00:00,2,31.278,31.278,27.4179,26.4857,24.661,24.2133,24.2133,24.2133,23.7688,23.7688,24.661,25.1122,25.1122,25.1122,24.661,24.2133,24.2133,24.661,25.1122,24.661,22.8902,16.741,15.2361,15.2361,15.2361,17.9075,17.5151,19.106,25.1122,21.1738,
2017-03-01 00:00:00,2,25.5667,26.4857,29.3219,27.889,25.5667,24.661,25.1122,26.0245,30.7841,29.3219,25.1122,26.4857,24.661,25.1122,22.0251,22.0251,21.1738,20.7533,31.278,37.9879,49.9297,47.5526,40.159,35.344,32.2753,32.7788,27.889,32.2753,32.7788,31.278,33.2855
2017-02-01 00:00:00,2,28.3634,27.4179,29.3219,34.8246,51.1361,70.6189,91.0647,79.1205,62.5177,50.5314,44.0766,41.8196,37.9879,36.3922,33.7954,31.775,30.2935,29.3219,28.3634,26.4857,27.4179,26.0245,26.9501,26.9501,27.889,24.2133,22.4559,25.1122,,,
2017-01-01 00:00:00,2,45.2232,42.3793,37.9879,36.921,37.9879,39.0672,36.3922,34.8246,34.3084,33.7954,35.344,38.526,40.7095,57.9803,61.8609,61.8609,48.1424,44.6484,41.8196,41.8196,35.344,33.2855,35.8665,35.344,34.8246,31.278,35.344,33.2855,30.2935,26.9501,28.3634
2016-12-01 00:00:00,2,35.344,37.4529,50.5314,52.9677,74.8202,85.0066,87.2584,52.3542,67.8736,80.5758,74.8202,79.1205,68.5558,70.6189,80.5758,95.7185,88.0143,89.5342,90.2981,69.9284,67.8736,63.8397,61.207,46.3819,42.942,49.331,47.5526,44.6484,48.7352,49.9297,48.7352
2016-11-01 00:00:00,2,9.8139,9.8139,8.9077,8.6136,9.2057,8.6136,8.6136,13.7899,16.741,13.4376,13.4376,13.7899,17.5151,29.8061,40.7095,51.1361,52.9677,40.7095,37.9879,34.8246,34.8246,31.775,28.841,28.841,30.2935,32.2753,28.3634,24.2133,24.2133,36.921,
2016-10-01 00:00:00,2,8.3237,8.0378,8.0378,8.9077,12.4033,13.7899,14.869,14.869,13.089,12.0661,11.7327,12.0661,11.7327,12.0661,11.4032,12.0661,13.4376,12.4033,13.089,14.5056,15.2361,14.5056,13.089,12.4033,12.4033,12.7443,12.4033,11.7327,11.0775,10.4379,9.8139
2016-09-01 00:00:00,2,17.9075,17.1262,14.1459,13.4376,12.0661,11.0775,11.4032,11.4032,11.0775,11.0775,11.4032,11.4032,10.7558,11.0775,11.0775,10.4379,10.7558,10.7558,9.5078,10.7558,11.0775,11.0775,10.7558,10.4379,10.7558,9.5078,9.2057,8.9077,8.6136,8.6136,
2016-08-01 00:00:00,2,24.2133,25.1122,25.1122,24.2133,24.2133,24.2133,24.2133,24.2133,24.661,25.1122,24.661,24.2133,24.2133,21.5977,23.3278,24.661,25.1122,24.661,25.5667,25.5667,24.661,22.8902,22.8902,21.5977,21.1738,16.3593,17.9075,16.3593,14.869,18.3035,17.5151
2016-07-01 00:00:00,2,23.7688,22.4559,22.8902,20.7533,21.5977,19.9227,20.3362,19.5126,19.9227,19.106,19.106,20.3362,20.7533,20.3362,20.3362,18.703,22.4559,22.4559,23.3278,22.8902,22.4559,22.8902,23.7688,25.5667,24.2133,25.1122,25.5667,25.5667,25.5667,23.3278,25.5667
2016-06-01 00:00:00,2,28.841,30.2935,36.3922,46.3819,44.0766,38.526,37.4529,35.344,35.8665,34.8246,33.2855,30.2935,29.3219,28.3634,31.775,31.775,31.775,30.7841,29.8061,28.841,28.841,28.3634,28.841,28.841,28.841,28.841,28.3634,28.3634,28.841,25.1122,
2016-05-01 00:00:00,2,32.2753,31.278,36.921,37.4529,35.344,33.7954,33.2855,32.2753,29.8061,28.841,29.8061,29.8061,27.889,28.841,27.4179,27.4179,26.4857,26.9501,29.3219,28.3634,30.2935,28.841,26.9501,28.841,30.7841,36.921,29.3219,29.3219,27.889,26.9501,28.841
2016-04-01 00:00:00,2,44.6484,42.942,42.942,41.8196,42.3793,40.7095,35.8665,34.3084,33.7954,32.7788,31.278,33.2855,31.278,33.7954,33.2855,31.278,31.775,30.7841,29.3219,29.8061,28.3634,28.841,29.3219,28.3634,27.889,28.3634,27.889,28.841,29.3219,32.7788,
2016-03-01 00:00:00,2,98.8711,145.068,122.855,97.29,93.3794,134.232,119.431,100.462,98.0794,91.0647,79.1205,76.958,74.1131,80.5758,95.7185,78.3969,67.8736,61.8609,59.9077,53.5841,48.1424,48.7352,45.2232,52.3542,52.9677,54.8256,50.5314,48.7352,49.9297,46.3819,60.5559
2016-02-01 00:00:00,2,213.294,165.743,122.855,98.8711,90.2981,85.0066,81.3075,79.1205,77.6761,76.2427,72.0083,72.0083,73.4087,57.9803,61.8609,60.5559,58.6199,60.5559,85.0066,125.447,113.528,89.5342,72.7071,65.1731,55.4508,59.2624,57.3436,58.6199,65.1731,,
2016-01-01 00:00:00,2,41.263,38.526,39.6116,48.1424,65.1731,67.8736,53.5841,49.331,59.2624,60.5559,85.7545,88.7729,85.0066,74.1131,126.315,218.615,329.349,441.356,494.864,698.308,700.466,543.576,368.14,248.594,178.442,139.61,115.203,124.581,154.337,223.984,237.071
2015-12-01 00:00:00,2,19.9227,25.1122,26.9501,39.0672,37.4529,36.921,35.8665,33.2855,31.278,32.2753,37.4529,39.6116,52.3542,61.207,101.261,98.0794,76.958,88.7729,93.3794,92.6046,82.0419,65.1731,61.207,58.6199,46.9658,41.8196,40.159,41.8196,53.5841,55.4508,51.1361
2015-11-01 00:00:00,2,9.5078,7.4784,6.9356,6.9356,7.2049,8.0378,6.9356,6.9356,6.9356,6.9356,6.9356,9.2057,9.8139,9.8139,9.8139,9.2057,14.5056,29.3219,30.2935,30.7841,28.3634,28.841,31.775,54.8256,48.7352,36.3922,31.278,28.841,27.889,23.3278,
2015-10-01 00:00:00,2,9.5078,10.1239,9.8139,9.8139,9.8139,9.8139,10.1239,9.8139,8.6136,8.3237,8.6136,8.6136,8.3237,7.756,7.4784,7.4784,6.9356,6.9356,6.9356,6.9356,6.9356,6.6706,7.756,8.3237,8.6136,7.756,6.9356,7.4784,16.741,12.0661,9.8139
2015-09-01 00:00:00,2,9.2057,9.2057,8.6136,8.3237,8.0378,8.0378,8.0378,9.2057,12.7443,29.8061,30.2935,32.2753,25.5667,23.3278,23.7688,22.4559,19.9227,16.3593,14.1459,13.4376,12.7443,12.4033,11.4032,10.7558,10.1239,9.8139,9.8139,9.8139,9.5078,9.5078,
2015-08-01 00:00:00,2,23.7688,24.661,26.0245,26.0245,25.1122,25.1122,20.7533,19.5126,16.3593,15.9813,15.9813,17.5151,16.741,16.741,14.1459,13.089,12.4033,12.0661,11.4032,10.4379,9.8139,10.1239,10.4379,9.8139,9.8139,9.8139,9.8139,9.8139,9.5078,9.2057,9.2057
2015-07-01 00:00:00,2,33.2855,33.2855,32.2753,32.7788,33.2855,33.7954,32.2753,30.2935,28.3634,30.7841,26.4857,26.9501,26.4857,24.661,23.7688,25.1122,26.0245,26.4857,25.5667,26.0245,25.1122,25.1122,25.1122,25.1122,24.661,25.1122,25.1122,25.1122,24.2133,24.2133,23.3278
2015-06-01 00:00:00,2,34.8246,35.8665,35.344,35.8665,37.9879,39.0672,39.6116,37.9879,34.3084,33.7954,34.8246,33.7954,33.7954,34.3084,32.7788,33.2855,33.2855,32.7788,33.2855,33.7954,32.7788,33.7954,32.2753,33.2855,33.2855,32.7788,32.7788,31.775,31.278,33.2855,
2015-05-01 00:00:00,2,31.278,31.278,31.278,30.7841,32.2753,33.7954,36.921,34.3084,39.6116,39.6116,41.8196,42.942,46.3819,45.8011,42.942,42.942,41.8196,39.0672,37.9879,35.8665,36.921,36.921,35.8665,36.3922,34.8246,34.8246,34.3084,33.2855,33.2855,34.8246,34.3084
2015-04-01 00:00:00,2,59.9077,54.2034,54.2034,54.8256,49.9297,46.3819,45.8011,46.3819,45.8011,44.6484,43.5078,41.263,40.7095,38.526,36.3922,34.8246,35.344,37.4529,36.3922,35.344,35.8665,34.8246,34.3084,39.6116,40.159,36.3922,34.8246,34.8246,32.7788,32.2753,
2015-03-01 00:00:00,2,44.0766,39.6116,36.3922,35.344,35.344,34.3084,30.7841,42.942,115.203,98.0794,132.457,166.707,136.911,105.291,84.2614,66.5177,55.4508,87.2584,122.855,113.528,121.139,98.0794,104.48,113.528,152.466,138.708,106.104,80.5758,66.5177,70.6189,67.8736
2015-02-01 00:00:00,2,23.8512,19.4504,17.6916,18.3865,40.9434,39.5864,47.3035,42.321,49.5151,112.693,92.6046,78.3969,77.6761,60.5559,49.9297,45.2232,44.0766,46.3819,45.2232,60.5559,96.5031,74.1131,55.4508,46.3819,44.0766,43.5078,45.8011,49.9297,,,
2015-01-01 00:00:00,2,18.7383,16.3364,15.0278,17.3484,31.2724,31.2724,28.8928,27.164,21.7511,18.3865,16.3364,15.0278,14.3912,13.1536,11.9642,11.3877,10.546,10.546,10.546,10.0004,10.0004,11.1041,11.1041,12.257,15.0278,17.6916,20.7338,23.8512,28.3112,32.4939,24.9339
2014-12-01 00:00:00,2,48.7728,51.0147,43.0175,39.5864,32.4939,48.0356,56.4215,67.1088,51.7721,40.9434,30.6695,27.164,24.9339,27.7349,36.9345,46.5764,44.4258,43.7191,30.072,23.318,26.0382,36.2844,45.1376,46.5764,40.2624,43.0175,42.321,42.321,31.8805,29.4797,21.2397
2014-11-01 00:00:00,2,12.8517,13.1536,11.3877,9.2054,8.4389,9.2054,8.9467,8.1897,8.4389,8.1897,7.4617,8.1897,10.8235,11.3877,10.8235,9.2054,9.7323,8.1897,7.9438,8.4389,8.4389,8.4389,9.2054,10.546,13.4585,14.0773,12.5529,16.0048,26.0382,51.0147,
2014-10-01 00:00:00,2,6.3136,6.7629,5.8775,5.8775,5.8775,5.8775,5.6646,5.2488,5.2488,5.2488,5.455,5.8775,5.6646,5.2488,5.2488,5.2488,5.455,5.0461,5.0461,5.2488,6.0939,7.9438,7.7011,6.9925,9.7323,11.9642,10.8235,13.1536,11.3877,10.0004,10.2717
2014-09-01 00:00:00,2,7.9438,7.9438,8.1897,7.9438,8.6912,8.9467,7.9438,7.9438,8.1897,8.4389,7.9438,8.4389,8.1897,8.4389,8.4389,8.4389,8.1897,8.1897,7.9438,7.2255,6.0939,6.0939,5.8775,5.6646,5.8775,5.8775,5.8775,6.5366,6.5366,5.8775,
2014-08-01 00:00:00,2,12.5529,11.3877,10.2717,10.546,10.0004,10.0004,10.0004,9.7323,9.2054,9.2054,8.9467,9.2054,8.9467,8.9467,8.9467,8.6912,8.9467,8.6912,8.4389,8.4389,8.4389,8.4389,8.4389,8.4389,7.9438,7.9438,7.9438,7.9438,8.1897,7.9438,7.9438
2014-07-01 00:00:00,2,10.8235,10.546,10.8235,10.8235,10.8235,10.8235,10.546,10.546,10.546,10.8235,10.546,10.546,10.546,10.546,10.2717,10.546,10.546,10.546,10.2717,8.9467,8.6912,8.4389,8.4389,8.6912,10.0004,10.8235,12.257,14.0773,14.3912,13.7664,13.7664
2014-06-01 00:00:00,2,16.0048,16.0048,15.6762,16.3364,15.6762,15.3505,15.3505,15.3505,15.0278,15.0278,14.708,14.708,12.8517,11.9642,11.1041,10.546,9.7323,10.2717,10.546,10.2717,10.546,11.1041,10.546,10.8235,11.1041,10.546,11.1041,10.546,10.8235,11.1041,
2014-05-01 00:00:00,2,19.4504,18.7383,18.7383,18.7383,18.3865,18.0376,18.3865,18.0376,18.3865,18.0376,18.0376,16.3364,16.0048,16.0048,15.6762,15.6762,15.3505,16.0048,16.0048,15.6762,16.0048,16.0048,15.3505,15.3505,14.708,15.0278,15.0278,15.3505,15.6762,16.0048,15.6762
2014-04-01 00:00:00,2,22.268,32.4939,50.2624,43.0175,38.9157,30.072,24.9339,22.268,20.7338,20.2334,22.268,20.7338,19.4504,19.8108,21.2397,19.8108,19.4504,19.4504,19.8108,20.2334,20.7338,19.8108,19.8108,20.2334,20.2334,20.2334,19.8108,20.2334,19.8108,20.2334,
2014-03-01 00:00:00,2,22.7903,21.7511,21.2397,20.2334,20.2334,20.2334,23.8512,23.318,23.318,26.0382,23.8512,23.8512,22.268,21.7511,20.7338,20.7338,20.2334,19.4504,19.4504,19.4504,19.0929,19.0929,19.4504,19.8108,18.7383,20.2334,19.8108,19.0929,18.7383,18.3865,19.0929
2014-02-01 00:00:00,2,32.4939,32.4939,31.8805,31.8805,30.6695,29.4797,27.7349,25.4833,23.8512,23.318,22.7903,23.8512,23.318,22.2679,24.9339,27.164,22.7903,25.4833,24.3899,26.0382,24.9339,23.318,22.7903,22.2679,21.7511,21.7511,21.2397,21.2397,,,
2014-01-01 00:00:00,2,69.6932,58.8136,54.8517,54.8517,49.5151,44.4258,40.9434,38.2501,36.9345,38.9157,38.2501,34.3656,31.8805,33.1125,31.8805,29.4797,34.3656,51.0147,43.7191,54.0743,76.766,61.2504,66.2572,62.0725,56.4215,51.7721,47.3035,40.9434,37.5897,33.1125,33.7365
2013-12-01 00:00:00,2,46.5764,38.9157,43.7191,43.0175,43.0175,38.9157,42.321,51.0147,52.5345,72.3214,122.489,104.955,134.417,110.109,71.4405,62.0725,54.0743,50.2624,44.4258,43.7191,63.7316,52.5345,54.0743,67.9654,100.73,114.475,97.3966,106.663,137.228,115.355,86.8539
2013-11-01 00:00:00,2,44.4258,43.7191,43.0175,42.321,43.0175,44.4258,52.5345,51.7721,48.7728,48.7728,45.1376,40.9434,36.9345,32.4939,37.5897,30.072,25.4833,24.9339,25.4833,24.9339,24.3899,24.9339,28.8928,30.072,38.9157,50.2624,54.0743,52.5345,45.1376,41.6296,
2013-10-01 00:00:00,2,23.8512,31.2724,28.3112,27.7349,32.4939,40.2624,44.4258,35.6396,32.4939,34.3656,30.6695,30.072,33.1125,31.8805,32.4939,32.4939,34.3656,55.6341,80.5912,82.9193,84.485,69.6932,51.0147,48.0356,48.7728,47.3035,45.1376,45.1376,43.7191,44.4258,45.8545
2013-09-01 00:00:00,2,23.318,24.3899,23.8512,23.8512,23.318,24.3899,24.9339,22.7903,21.7511,22.2679,24.9339,23.8512,23.8512,22.7903,23.318,23.318,26.0382,30.072,34.3656,36.9345,35.6396,36.9345,37.5897,35,26.0382,22.7903,23.318,22.2679,21.7511,23.8512,
2013-08-01 00:00:00,2,30.072,29.4797,28.8928,27.7349,27.164,27.164,28.8928,27.7349,27.7349,27.7349,27.7349,28.3112,26.5984,26.5984,26.0382,25.4833,26.5984,25.4833,25.4833,25.4833,24.9339,24.9339,28.3112,26.5984,25.4833,24.3899,24.3899,23.318,22.7903,23.318,23.8512
2013-07-01 00:00:00,2,31.8805,31.8805,33.1125,31.2724,30.6695,32.4939,31.8805,31.2724,31.8805,30.6695,31.8805,31.2724,31.2724,31.2724,31.8805,31.2724,30.6695,31.2724,30.6695,28.3112,28.3112,28.8928,30.072,30.072,28.8928,31.2724,31.2724,33.7365,31.2724,31.2724,30.072
2013-06-01 00:00:00,2,34.3656,36.9345,47.3035,51.7721,56.4215,58.0113,50.2624,45.1376,43.0175,41.6296,38.2501,38.2501,35.6396,36.2844,36.9345,35.6396,35,35.6396,34.3656,33.1125,33.7365,33.7365,34.3656,33.7365,34.3656,35,33.1125,32.4939,31.8805,31.8805,
2013-05-01 00:00:00,2,38.2501,36.9345,36.9345,36.9345,33.1125,34.3656,36.2844,36.9345,36.2844,34.3656,31.8805,32.4939,33.1125,33.7365,31.2724,32.4939,32.4939,32.4939,31.8805,33.1125,33.1125,33.1125,33.7365,33.1125,32.4939,33.1125,33.1125,36.2844,56.4215,81.3645,89.2469
2013-04-01 00:00:00,2,58.0113,50.2624,50.2624,54.8517,58.8136,98.2261,140.06,136.288,97.3966,92.4751,67.1088,63.7316,62.0725,86.8538,85.2719,78.2878,73.0103,68.8268,62.8996,53.3019,52.5345,49.5151,51.0147,52.5345,45.8545,42.321,42.321,40.2624,40.9434,38.2501,
2013-03-01 00:00:00,2,57.2139,64.5686,73.7558,92.4751,75.2553,58.8136,52.5345,49.5151,46.5764,43.0175,51.7721,69.6932,79.8206,76.766,63.7316,54.0743,49.5151,45.8545,47.3035,44.4258,45.8545,42.321,43.7191,46.5764,48.0356,47.3035,55.6341,76.766,75.2553,71.4405,68.8268
2013-02-01 00:00:00,2,262.669,242.619,232.246,206.509,177.752,162.477,191.398,192.463,128.861,116.238,107.521,94.924,87.6489,87.6489,70.5644,57.2139,53.3019,54.0743,52.5345,54.0743,48.7728,43.7191,41.6296,43.7191,43.0175,41.6296,41.6296,43.0175,,,
2013-01-01 00:00:00,2,55.6341,40.9434,38.2501,40.9434,37.5897,36.2844,36.9345,34.3656,46.5764,53.3019,52.5345,62.0725,64.5686,80.5912,79.0528,99.8928,110.109,117.124,113.596,113.596,110.977,84.485,79.8206,66.2572,58.0113,56.4215,135.352,138.169,199.981,179.827,179.827
2012-12-01 00:00:00,2,60.4332,46.5764,47.3035,47.3035,48.0356,45.8545,44.4258,44.4258,42.321,46.5764,49.5151,54.0743,54.0743,77.5255,90.8557,88.4466,78.2878,93.2888,75.2553,73.7558,62.0725,58.8136,58.8136,51.0147,48.7728,49.5151,45.8545,42.321,57.2139,67.9654,55.6341
2012-11-01 00:00:00,2,30.6695,30.6695,31.8805,38.9157,39.5864,40.2624,43.0175,43.0175,51.0147,76.0093,78.2878,62.0725,60.4332,58.8136,98.2261,60.4332,62.0725,82.9193,84.485,73.0103,58.0113,51.7721,51.7721,52.5345,47.3035,46.5764,48.0356,51.7721,57.2139,60.4332,
2012-10-01 00:00:00,2,31.8805,31.8805,32.4939,32.4939,31.2724,31.2724,31.2724,30.072,30.072,29.4797,30.072,30.6695,31.2724,31.2724,31.2724,30.072,30.072,30.6695,30.6695,31.2724,31.8805,31.2724,30.072,30.6695,31.2724,30.6695,30.6695,30.6695,29.4797,28.8928,28.8928
2012-09-01 00:00:00,2,56.4215,57.2139,54.0743,52.5345,51.7721,48.7728,43.7191,42.321,40.9434,38.2501,36.9345,31.2724,31.8805,31.8805,31.8805,31.2724,31.2724,31.2724,30.6695,30.6695,30.072,31.8805,31.2724,31.8805,33.1125,35.6396,34.3656,33.1125,33.1125,31.8805,
2012-08-01 00:00:00,2,50.2624,49.5151,47.3035,48.0356,47.3035,45.8545,44.4258,44.4258,43.0175,44.4258,44.4258,44.4258,43.7191,44.4258,44.4258,43.7191,44.4258,43.7191,44.4258,43.0175,43.7191,43.0175,43.0175,43.0175,43.0175,43.0175,43.0175,49.5151,54.0743,58.8136,58.0113
2012-07-01 00:00:00,2,60.4332,59.6209,59.6209,60.4332,58.8136,59.6209,59.6209,59.6209,57.2139,54.8517,55.6341,55.6341,54.0743,54.8517,50.2624,56.4215,53.3019,51.0147,52.5345,53.3019,55.6341,55.6341,54.8517,52.5345,43.0175,45.1376,51.7721,51.7721,50.2624,51.0147,50.2624
2012-06-01 00:00:00,2,60.4332,60.4332,60.4332,60.4332,59.6209,69.6932,140.06,190.335,156.51,102.412,93.2888,80.5912,67.9654,64.5686,61.2504,61.2504,59.6209,61.2504,64.5686,64.5686,60.4332,62.8996,60.4332,59.6209,89.2469,79.8206,67.1088,62.8996,59.6209,59.6209,
2012-05-01 00:00:00,2,79.0528,75.2553,73.0103,70.5644,68.8268,67.1088,67.1088,62.0725,62.0725,65.4104,62.8996,61.2504,59.6209,60.4332,60.4332,63.7316,71.4405,67.9654,65.4104,62.8996,62.0725,62.0725,61.2504,60.4332,59.6209,68.8268,73.7558,73.7558,73.7558,66.2572,60.4332
2012-04-01 00:00:00,2,182.956,164.484,152.579,145.788,123.392,127.943,132.555,118.012,121.589,106.663,100.73,93.2888,79.0528,73.0103,68.8268,68.8268,76.766,76.0093,77.5255,78.2878,72.2675,66.2572,67.1088,71.4405,69.6932,70.5644,81.3645,81.3645,77.5255,79.8206,
2012-03-01 00:00:00,2,87.6489,82.9193,77.5255,68.8268,67.9654,67.9654,67.1088,65.4104,61.2504,59.6209,58.8136,60.4332,73.7558,87.6489,86.8539,132.555,139.113,141.96,127.028,115.355,94.924,81.3645,83.7008,99.0581,104.955,108.381,102.412,104.955,118.012,223.167,194.6
2012-02-01 00:00:00,2,217.561,199.981,179.827,167.512,159.483,154.54,146.751,135.352,120.691,145.788,177.752,175.686,184.004,194.6,185.053,165.491,144.828,125.205,120.691,119.795,118.012,114.475,112.721,113.596,110.977,100.73,102.412,91.6641,87.6488,,
2012-01-01 00:00:00,2,474.48,645.147,927.075,1098.98,1576.84,783.073,783.073,559.359,484.927,513.342,605.394,696.616,527.853,399.754,364.032,288.08,285.388,256.711,250.803,262.669,246.114,234.536,222.041,207.604,181.911,169.542,165.491,178.788,176.718,212.008,220.918
2011-12-01 00:00:00,2,114.475,108.381,105.808,94.1051,94.924,97.3966,93.2888,104.955,121.589,133.485,181.911,177.752,142.913,127.943,199.981,417.43,1008.67,919.827,728.445,747.883,553.733,347.538,259.088,225.424,215.333,216.446,255.525,362.517,335.783,427.232,362.517
2011-11-01 00:00:00,2,38.2501,36.2844,33.1125,33.1125,32.4939,32.4939,31.8805,31.8805,30.072,31.2724,30.072,28.8928,38.2501,36.2844,35.6396,68.8268,75.2553,78.2878,63.7316,48.0356,44.4258,45.1376,41.6296,67.9654,59.6209,57.2139,96.5698,114.475,116.238,117.124,
2011-10-01 00:00:00,2,25.4833,24.9339,24.3899,24.9339,25.4833,24.9339,26.0382,25.4833,25.4833,24.9339,24.9339,31.2724,33.7365,35.6396,32.4939,46.5764,59.6209,62.8996,55.6341,51.0147,42.321,41.6296,45.1376,46.5764,41.6296,43.0175,47.3035,50.2624,39.5864,38.9157,37.5897
2011-09-01 00:00:00,2,43.7191,42.321,42.321,33.1125,32.4939,29.4797,31.8805,30.6695,30.6695,31.2724,31.8805,30.6695,30.072,31.8805,32.4939,30.6695,26.0382,27.7349,27.7349,26.5984,26.5984,25.4833,24.3899,25.4833,25.4833,25.4833,24.3899,26.0382,25.4833,25.4833,
2011-08-01 00:00:00,2,55.6341,54.0743,52.5345,47.3035,43.7191,43.0175,47.3035,52.5345,56.4215,54.0743,54.8517,53.3019,54.0743,54.8517,54.8517,56.4215,56.4215,54.8517,51.0147,51.7721,53.3019,53.3019,53.3019,53.3019,52.5345,51.7721,53.3019,54.0743,58.0113,51.0147,46.5764
2011-07-01 00:00:00,2,82.9193,78.2878,78.2878,64.5686,69.6932,67.9654,64.5686,61.2504,60.4332,64.5686,63.7316,61.2504,59.6209,62.0725,65.4104,65.4104,65.4104,66.2572,66.2572,60.4332,62.8996,62.8996,66.2572,69.6932,67.9654,70.5644,69.6932,69.6932,69.6932,68.8268,57.2139
2011-06-01 00:00:00,2,62.0725,61.2504,61.2504,62.0725,61.2504,60.4332,59.6209,59.6209,60.4332,62.0725,76.766,85.2719,86.0615,86.0615,66.2572,63.7316,64.5686,67.9654,67.1088,64.5686,66.2572,83.7008,84.485,84.485,84.485,83.7008,83.7008,84.485,82.1405,82.9193,
2011-05-01 00:00:00,2,127.028,120.691,105.808,102.412,95.7456,94.1051,86.0615,82.1405,83.7008,83.7008,71.4405,69.6932,67.9654,67.1088,67.1088,63.7316,67.1088,63.7316,67.1088,65.4104,67.1088,66.2572,66.2572,65.4104,64.5686,64.5686,62.8996,62.8996,62.8996,62.0725,62.8996
2011-04-01 00:00:00,2,121.589,119.795,116.238,114.475,134.417,114.475,153.558,135.352,118.902,107.521,127.028,157.499,140.06,125.205,118.012,110.109,99.8928,94.924,97.3966,94.924,97.3966,94.1051,92.4751,90.8557,81.3645,82.9193,90.8557,85.2719,103.257,110.977,
2011-03-01 00:00:00,2,87.6488,123.392,120.691,132.555,152.579,206.509,576.409,476.214,442.149,340.168,284.046,274.745,270.806,278.712,298.975,276.064,354.988,361.005,264.304,181.911,166.5,155.524,148.684,141.96,138.169,129.781,120.691,125.205,127.028,122.489,124.297
2011-02-01 00:00:00,2,128.861,128.861,118.012,123.392,120.691,109.244,82.9193,78.2878,74.5042,74.5042,74.5042,76.766,75.2553,72.3214,69.6932,66.2572,65.4104,63.7316,61.2504,60.4332,59.6209,59.6209,60.4332,64.5686,76.766,82.1405,91.6641,84.485,,,
2011-01-01 00:00:00,2,239.143,310.073,286.732,331.427,332.876,415.807,367.072,373.19,268.195,192.463,174.656,148.684,143.869,229.963,377.811,476.214,437.148,365.55,334.328,285.388,234.536,176.718,156.51,148.684,142.913,139.113,135.352,132.555,127.943,126.115,129.781
2010-12-01 00:00:00,2,104.105,92.4751,106.663,127.028,122.489,186.105,199.981,188.216,144.828,133.485,109.244,94.924,84.485,77.5255,191.398,226.556,292.142,268.195,227.689,180.868,137.228,111.848,103.257,99.8928,104.105,107.521,219.797,247.283,266.895,234.536,237.988
2010-11-01 00:00:00,2,58.0113,67.1088,65.4104,59.6209,66.2572,75.2553,110.977,116.238,96.5698,86.0615,139.113,118.012,96.5698,85.2719,71.4405,70.5644,72.3214,71.4405,74.5042,70.5644,68.8268,86.8539,122.489,130.703,145.788,113.596,124.297,123.392,120.691,102.412,
2010-10-01 00:00:00,2,64.5686,64.5686,62.0725,60.4332,76.0093,73.0103,72.2675,74.5042,70.5644,56.4215,56.4215,51.7721,48.7728,46.5764,45.8545,45.8545,48.0356,53.3019,67.9654,96.5698,81.3645,60.4332,51.7721,51.7721,51.0147,49.5151,46.5764,46.5764,49.5151,49.5151,48.0356
2010-09-01 00:00:00,2,43.0175,43.0175,41.6296,40.2624,40.2624,40.2624,39.5864,38.9157,40.2624,40.2624,40.2624,41.6296,41.6296,41.6296,42.321,41.6296,41.6296,41.6296,41.6296,40.2624,40.2624,38.9157,38.9157,38.9157,39.5864,40.2624,45.8545,52.5345,64.5686,67.1088,
2010-08-01 00:00:00,2,45.8545,45.1376,44.4258,44.4258,44.4258,44.4258,44.4258,44.4258,44.4258,44.4258,44.4258,45.1376,44.4258,43.7191,43.0175,43.0175,43.0175,43.7191,43.0175,43.0175,43.0175,43.0175,43.0175,43.0175,43.7191,43.7191,44.4258,44.4258,44.4258,44.4258,43.0175
2010-07-01 00:00:00,2,48.7728,48.7728,48.7728,48.7728,48.7728,49.5151,49.5151,49.5151,49.5151,49.5151,49.5151,48.7728,49.5151,48.7728,48.7728,48.7728,48.7728,48.7728,48.7728,48.7728,45.8545,47.3035,48.7728,47.3035,47.3035,47.3035,47.3035,46.5764,47.3035,47.3035,45.8545
2010-06-01 00:00:00,2,57.2139,56.4215,58.0113,56.4215,54.8517,54.8517,54.0743,53.3019,54.8517,54.8517,54.0743,54.8517,53.3019,51.7721,51.7721,51.0147,52.5345,52.5345,51.7721,51.7721,52.5345,51.7721,51.7721,51.7721,52.5345,52.5345,52.5345,51.7721,53.3019,52.5345,
2010-05-01 00:00:00,2,61.2504,59.6209,59.6209,58.0113,58.0113,58.0113,58.8136,58.0113,58.8136,62.0725,65.4104,67.1088,63.7316,59.6209,59.6209,59.6209,58.8136,55.6341,53.3019,59.6209,72.3214,70.5644,70.5644,69.6932,66.2572,64.5686,62.8996,62.0725,67.1088,63.7316,61.2504
2010-04-01 00:00:00,2,101.57,104.105,104.105,107.521,108.381,114.475,110.109,104.955,101.57,97.3966,97.3966,97.3966,96.5698,90.8557,71.4405,65.4104,68.8268,67.9654,66.2572,65.4104,65.4104,64.5686,64.5686,60.4332,63.7316,62.0725,62.8996,61.2504,61.2504,59.6209,
2010-03-01 00:00:00,2,106.663,139.113,231.104,256.711,265.598,248.455,237.988,214.223,192.463,173.629,159.483,141.009,117.124,99.0581,107.521,127.943,168.526,199.981,198.9,156.51,126.115,165.491,155.524,146.751,136.288,125.205,109.244,99.0581,92.4751,90.05,87.6488
2010-02-01 00:00:00,2,117.124,109.244,104.955,99.0581,95.7456,94.1051,91.6641,90.8557,88.4466,79.8206,75.2553,85.2719,86.8539,75.2553,72.3214,70.5644,67.1088,60.4332,65.4104,72.3214,75.2553,72.3214,67.1088,60.4332,64.5686,72.3214,94.924,90.05,,,
2010-01-01 00:00:00,2,328.539,290.785,234.536,216.446,170.56,184.004,284.046,276.064,255.525,206.509,177.752,160.479,159.483,153.558,124.297,127.943,123.392,112.721,111.848,105.808,105.808,131.628,144.828,157.499,185.053,202.148,199.981,203.235,168.526,139.113,127.943
2009-12-01 00:00:00,2,94.924,118.012,135.352,131.628,319.95,462.436,474.48,407.741,351.999,311.475,255.525,197.822,152.579,143.869,175.686,195.672,181.911,163.479,143.869,143.869,139.113,139.113,136.288,131.628,118.902,120.691,119.795,170.56,218.678,322.8,322.8
2009-11-01 00:00:00,2,113.596,105.808,117.124,103.257,103.257,92.4751,85.2719,78.2878,78.2878,89.2469,115.355,112.721,99.8928,104.105,102.412,101.57,94.924,91.6641,91.6641,89.2469,86.0615,88.4466,82.9193,81.3645,79.8206,85.2719,81.3645,73.7558,78.2878,86.0615,
2009-10-01 00:00:00,2,54.0743,53.3019,51.7721,51.7721,52.5345,57.2139,60.4332,63.7316,63.7316,73.0103,80.5912,81.3645,78.2878,73.0103,54.8517,53.3019,51.7721,51.7721,81.3645,106.663,97.3966,128.861,152.579,149.654,126.115,144.828,129.781,156.51,178.788,165.491,145.788
2009-09-01 00:00:00,2,48.0356,47.3035,55.6341,60.4332,61.2504,59.6209,61.2504,61.2504,68.8268,68.8268,64.5686,62.8996,61.2504,59.6209,58.8136,58.8136,59.6209,59.6209,57.2139,55.6341,55.6341,56.4215,54.0743,63.7316,68.8268,70.5644,67.9654,63.7316,58.0113,55.6341,
2009-08-01 00:00:00,2,59.6209,59.6209,59.6209,59.6209,58.8136,54.8517,54.0743,54.0743,53.3019,54.8517,51.0147,50.2624,50.2624,51.0147,51.7721,51.7721,49.5151,48.7728,48.7728,50.2624,50.2624,50.2624,51.7721,51.0147,55.6341,63.7316,64.5686,64.5686,60.4332,56.4215,52.5345
2009-07-01 00:00:00,2,98.2261,92.4751,90.05,81.3645,68.8268,69.6932,67.1088,67.1088,67.9654,66.2572,66.2572,66.2572,64.5686,64.5686,65.4104,64.5686,64.5686,66.2572,63.7316,58.0113,62.8996,62.0725,62.0725,62.8996,62.8996,61.2504,62.0725,61.2504,61.2504,59.6209,59.6209
2009-06-01 00:00:00,2,77.5255,79.0528,80.5912,81.3645,94.924,94.1051,70.5644,68.8268,71.4405,70.5644,69.6932,69.6932,73.7558,87.6488,86.8538,76.766,73.7558,72.2675,68.8268,67.9654,76.766,76.766,72.2675,73.0103,73.7558,75.2553,68.8268,74.5042,84.485,103.257,
2009-05-01 00:00:00,2,91.6641,103.257,104.105,105.808,116.238,112.721,112.721,109.244,105.808,104.105,105.808,102.412,90.8557,90.8557,89.2469,87.6489,88.4466,86.8539,86.8539,85.2719,86.8539,85.2719,85.2719,83.7008,83.7008,83.7008,84.485,90.8557,85.2719,79.8206,76.766
2009-04-01 00:00:00,2,293.502,284.046,240.299,190.335,169.542,167.512,215.333,207.604,237.988,253.16,196.746,160.479,149.654,138.169,151.602,175.686,162.477,138.169,130.703,125.205,121.589,118.012,118.012,114.475,110.977,106.663,99.0581,98.2261,91.6641,90.05,
2009-03-01 00:00:00,2,169.542,152.579,138.169,137.228,134.417,130.703,132.555,228.825,243.782,226.556,181.911,142.913,139.113,127.943,132.555,127.028,129.781,140.06,152.579,158.49,140.06,119.795,116.238,130.703,161.477,226.556,223.167,188.216,197.822,242.619,270.806
2009-02-01 00:00:00,2,234.536,222.041,227.689,175.686,153.558,228.825,205.415,213.114,195.672,188.216,179.827,210.904,234.536,274.745,362.517,384.017,329.981,236.835,178.788,158.49,151.602,145.788,141.009,141.009,278.712,281.373,272.116,215.333,,,
2009-01-01 00:00:00,2,502.592,549.998,509.746,465.861,465.861,420.685,370.125,315.698,261.725,212.008,184.004,168.526,154.54,149.654,186.105,188.216,202.148,213.114,224.294,242.619,365.55,527.853,633.089,497.259,391.846,340.168,292.142,325.663,328.539,346.058,337.241
2008-12-01 00:00:00,2,88.9346,73.1946,54.049,53.4059,50.8624,48.9854,46.524,45.3112,44.1105,43.5146,42.9218,42.332,44.1105,59.9655,82.8035,173.629,548.135,1057.22,1465.24,1508.16,1034.08,651.219,354.988,284.046,332.876,300.352,450.547,629.094,805.478,809.997,540.716
2008-11-01 00:00:00,2,33.859,34.4017,35.4967,35.4967,38.29,37.1632,39.4294,42.332,42.332,53.4059,53.4059,47.7487,48.3656,79.7998,73.1946,66.8053,71.7559,110.109,110.977,96.0261,83.561,70.328,68.2063,72.4739,73.918,78.3136,76.8378,85.0835,86.6163,109.244,
2008-10-01 00:00:00,2,48.3656,46.524,47.1349,46.524,45.9161,45.3112,43.5146,44.1105,42.9218,43.5146,43.5146,42.9218,44.1105,44.7093,41.1617,37.725,37.1632,38.29,37.1632,37.1632,40.0037,38.29,38.29,37.725,37.1632,35.4967,35.4967,37.1632,33.3196,32.2504,30.6713
2008-09-01 00:00:00,2,48.9854,54.049,53.4059,47.1349,45.9161,44.7093,44.7093,44.1105,45.3112,46.524,42.332,42.332,42.9218,43.5146,41.7453,43.5146,43.5146,48.3656,48.9854,45.3112,44.7093,55.9956,64.0362,59.2968,54.695,51.4939,50.8624,50.2338,49.6081,48.9854,
2008-08-01 00:00:00,2,48.3656,48.9854,48.3656,48.9854,48.3656,48.3656,48.9854,48.9854,47.7487,47.7487,47.7487,47.1349,45.9161,45.3112,44.7093,44.7093,44.7093,44.7093,43.5146,43.5146,44.1105,45.9161,47.1349,43.5146,43.5146,43.5146,43.5146,43.5146,44.1105,42.332,47.7487
2008-07-01 00:00:00,2,55.3438,53.4059,54.695,59.9655,51.4939,53.4059,53.4059,53.4059,52.7656,52.7656,52.1283,52.1283,52.7656,52.1283,50.8624,50.8624,50.2338,50.2338,51.4939,51.4939,50.8624,50.8624,49.6081,48.9854,49.6081,49.6081,48.9854,48.9854,49.6081,49.6081,49.6081
2008-06-01 00:00:00,2,63.3508,63.3508,65.4153,59.2968,58.6309,59.9655,57.9678,57.3075,57.9678,55.3438,56.6501,56.6501,55.9956,55.9956,55.3438,54.049,55.3438,55.3438,54.049,54.695,54.049,54.049,54.695,55.3438,61.9883,61.9883,59.9655,58.6309,57.3075,55.9956,
2008-05-01 00:00:00,2,75.3726,79.7998,79.7998,79.7998,79.0554,79.7998,77.5744,75.3726,72.4739,67.5044,65.4153,65.4153,65.4153,65.4153,65.4153,65.4153,65.4153,64.0362,64.0362,64.0362,66.8053,67.5044,66.1089,66.1089,66.8053,66.1089,66.1089,66.1089,64.7244,64.0362,63.3508
2008-04-01 00:00:00,2,107.521,100.053,95.2282,92.8492,123.392,293.502,321.374,257.898,216.446,173.629,158.49,177.752,184.004,166.5,150.627,133.485,125.205,120.691,118.012,116.238,117.124,120.691,118.902,106.663,96.0261,88.9346,86.6163,84.3209,83.561,77.5744,
2008-03-01 00:00:00,2,124.297,135.352,123.392,151.602,122.489,110.977,101.681,141.009,152.579,136.288,119.795,129.781,172.604,203.235,298.975,467.579,474.48,420.685,314.287,195.672,157.499,141.009,133.485,140.06,143.869,164.484,149.654,187.16,141.96,128.861,119.795
2008-02-01 00:00:00,2,566.906,412.571,315.698,304.499,357.99,341.635,370.125,455.623,373.19,303.113,262.669,213.114,151.602,139.113,132.555,129.781,125.205,118.902,118.012,133.485,124.297,109.244,110.109,118.902,194.6,217.561,202.148,171.581,137.228,,
2008-01-01 00:00:00,2,61.9883,61.9883,62.6682,55.3438,48.9854,47.7487,52.1283,67.5044,61.9883,54.695,59.2968,79.7998,88.1593,76.8378,73.1946,67.5044,58.6309,57.9678,53.4059,66.1089,85.0835,113.596,142.913,141.009,140.06,140.06,152.579,174.656,210.904,447.178,601.489
2007-12-01 00:00:00,2,59.9655,59.9655,52.7656,53.4059,53.4059,55.9956,57.3075,53.4059,78.3136,62.6682,57.9678,47.1349,45.9161,52.1283,58.6309,64.7244,62.6682,54.049,50.2338,51.4939,131.628,217.561,191.398,149.654,132.555,133.485,115.355,90.4929,71.7559,68.2063,64.7244
2007-11-01 00:00:00,2,41.1617,41.7453,42.332,42.9218,43.5146,45.3112,47.1349,46.524,45.9161,45.9161,47.1349,45.3112,55.9956,71.0406,69.618,66.1089,59.9655,54.049,52.1283,59.9655,61.9883,57.3075,54.049,50.2338,49.6081,55.3438,58.6309,58.6309,57.9678,66.1089,
2007-10-01 00:00:00,2,38.8581,39.4294,39.4294,39.4294,39.4294,38.29,37.725,37.1632,37.725,37.1632,36.6045,37.725,37.1632,36.6045,36.049,35.4967,34.4017,34.4017,36.6045,37.1632,37.725,37.725,38.8581,38.29,42.9218,45.3112,45.9161,44.7093,43.5146,42.332,42.332
2007-09-01 00:00:00,2,41.7453,42.9218,42.9218,42.332,41.7453,43.5146,41.7453,41.1617,41.1617,42.332,41.7453,41.7453,42.332,42.9218,43.5146,43.5146,42.9218,42.9218,43.5146,42.9218,43.5146,43.5146,39.4294,38.29,39.4294,38.8581,42.332,41.7453,36.6045,38.29,
2007-08-01 00:00:00,2,47.7487,47.1349,47.1349,46.524,44.7093,44.7093,45.9161,44.7093,45.3112,46.524,44.7093,43.5146,45.3112,44.7093,44.7093,42.9218,43.5146,43.5146,43.5146,42.9218,42.9218,42.9218,42.332,42.9218,40.5812,38.29,42.9218,43.5146,41.1617,41.1617,42.332
2007-07-01 00:00:00,2,47.7487,47.1349,45.9161,45.3112,45.3112,45.3112,45.3112,44.1105,45.3112,47.1349,47.1349,46.524,45.3112,44.7093,45.3112,45.9161,45.9161,45.3112,44.7093,44.1105,44.1105,44.7093,44.1105,43.5146,44.7093,44.1105,43.5146,48.3656,54.695,52.7656,49.6081
2007-06-01 00:00:00,2,57.9678,57.3075,57.9678,58.6309,56.6501,56.6501,55.3438,55.3438,55.9956,54.695,54.049,53.4059,53.4059,62.6682,62.6682,50.2338,47.1349,48.3656,50.8624,53.4059,52.7656,52.7656,52.7656,52.7656,49.6081,48.9854,48.9854,48.9854,48.3656,48.3656,
2007-05-01 00:00:00,2,73.918,74.6439,75.3726,68.2063,61.9883,62.6682,61.3113,59.9655,63.3508,64.0362,59.9655,58.6309,59.2968,57.9678,59.2968,70.328,68.9108,60.637,58.6309,56.6501,55.9956,52.1283,55.9956,58.6309,61.3113,60.637,61.3113,61.3113,62.6682,64.0362,61.3113
2007-04-01 00:00:00,2,79.7998,76.8378,76.8378,76.8378,76.1039,75.3726,71.7559,70.328,83.561,100.053,117.124,109.244,95.2282,79.7998,76.8378,76.1039,73.1946,73.1946,73.1946,68.9108,73.1946,69.618,80.5469,81.2965,84.3209,82.0487,80.5469,78.3136,77.5744,76.8378,
2007-03-01 00:00:00,2,115.355,106.663,104.967,99.2429,97.6296,94.4327,93.6397,103.319,112.721,99.2429,85.0835,81.2965,78.3136,76.8378,76.8378,79.0554,86.6163,87.3865,89.7125,100.866,114.475,108.381,100.866,93.6397,93.6397,91.2758,88.1593,86.6163,75.3726,77.5744,82.0487
2007-02-01 00:00:00,2,566.906,438.812,417.43,350.509,321.374,308.675,317.112,301.731,231.104,213.114,208.702,156.51,202.148,203.235,182.956,167.512,158.49,251.981,186.105,207.604,154.54,141.96,133.485,127.028,139.113,139.113,136.288,122.489,,,
2007-01-01 00:00:00,2,315.698,341.635,321.374,460.728,486.68,509.746,380.908,325.663,256.711,215.333,218.678,239.143,277.386,440.479,479.69,698.716,645.147,623.127,582.149,460.728,395,353.492,338.703,385.577,329.981,373.19,338.703,317.112,319.95,754.42,765.377
2006-12-01 00:00:00,2,170.56,131.628,119.795,103.319,95.2282,117.124,104.967,173.629,155.524,138.169,134.417,236.835,201.063,184.004,160.479,350.509,346.058,229.963,182.956,148.684,132.555,125.205,118.012,102.499,85.8486,193.531,269.499,206.509,226.556,217.561,262.669
2006-11-01 00:00:00,2,46.524,43.5146,59.9655,58.6309,82.0487,73.1946,64.7244,73.918,70.328,124.297,106.663,92.8492,79.7998,103.319,104.967,102.499,81.2965,68.2063,61.9883,88.9346,81.2965,73.1946,70.328,62.6682,57.9678,55.3438,54.049,59.9655,82.0487,120.691,
2006-10-01 00:00:00,2,39.4294,38.8581,41.7453,41.7453,41.7453,41.7453,41.7453,41.7453,41.1617,55.3438,50.8624,45.3112,42.9218,45.9161,45.9161,61.3113,49.6081,55.3438,62.6682,67.5044,71.7559,68.2063,57.3075,54.049,49.6081,45.9161,45.3112,42.9218,42.332,41.1617,38.8581
2006-09-01 00:00:00,2,39.4294,41.1617,40.5812,40.5812,47.7487,43.5146,42.332,42.332,41.7453,41.7453,40.0037,40.5812,40.0037,37.725,37.1632,36.6045,39.4294,37.1632,37.1632,37.1632,37.725,50.2338,48.3656,50.2338,48.9854,48.9854,46.524,43.5146,42.9218,41.7453,
2006-08-01 00:00:00,2,40.5812,41.1617,41.1617,44.1105,42.9218,43.5146,41.7453,40.5812,40.0037,38.8581,40.0037,40.5812,40.5812,38.8581,37.725,37.1632,36.6045,35.4967,42.9218,52.1283,41.7453,37.725,38.29,37.725,40.0037,36.6045,36.049,36.049,37.1632,39.4294,38.8581
2006-07-01 00:00:00,2,45.9161,46.524,45.3112,45.9161,45.3112,44.7093,44.7093,44.7093,44.7093,44.7093,43.5146,42.9218,44.1105,45.3112,43.5146,43.5146,41.7453,41.7453,41.1617,44.1105,42.332,42.9218,42.9218,42.332,40.5812,38.29,41.7453,42.332,42.9218,41.7453,41.7453
2006-06-01 00:00:00,2,47.7487,48.3656,47.7487,47.7487,47.1349,44.1105,44.1105,45.9161,46.524,45.3112,44.7093,44.1105,44.7093,48.3656,44.1105,44.1105,44.1105,44.7093,44.7093,44.1105,43.5146,42.9218,41.7453,41.1617,41.7453,43.5146,44.1105,46.524,48.3656,45.3112,
2006-05-01 00:00:00,2,49.6081,47.1349,49.6081,50.2338,49.6081,49.6081,49.6081,48.9854,48.3656,53.4059,57.9678,58.6309,59.2968,56.6501,53.4059,50.8624,51.4939,51.4939,51.4939,52.1283,50.2338,47.7487,47.1349,49.6081,49.6081,49.6081,48.9854,48.9854,48.3656,48.3656,47.7487
2006-04-01 00:00:00,2,71.0406,76.8378,75.3726,73.1946,63.3508,61.3113,60.637,62.6682,67.5044,73.1946,75.3726,86.6163,93.6397,71.7559,69.618,69.618,69.618,81.2965,79.0554,67.5044,62.6682,60.637,57.9678,56.6501,55.9956,55.9956,53.4059,52.1283,52.1283,50.8624,
2006-03-01 00:00:00,2,67.5044,74.6439,77.5744,93.6397,79.7998,89.7125,159.483,160.479,147.717,118.012,112.721,110.977,116.238,127.028,118.902,121.589,159.483,190.335,182.956,148.684,130.703,115.355,106.663,102.499,98.435,93.6397,103.319,100.053,79.0554,73.1946,68.2063
2006-02-01 00:00:00,2,96.8266,145.788,119.795,118.902,110.977,101.681,93.6397,69.618,56.6501,54.049,56.6501,68.2063,110.977,187.16,189.274,175.686,137.228,125.205,112.721,105.808,93.6397,74.6439,66.8053,69.618,68.2063,71.0406,73.918,71.0406,,,
2006-01-01 00:00:00,2,100.053,96.8266,99.2429,112.721,167.512,207.604,216.446,206.509,176.718,155.524,130.703,117.124,102.499,96.0261,91.2758,93.6397,91.2758,70.328,62.6682,59.9655,59.9655,56.6501,55.9956,54.049,54.049,54.049,51.4939,54.695,55.9956,83.561,104.967
2005-12-01 00:00:00,2,93.6397,93.6397,118.902,111.848,102.499,99.2429,107.521,118.902,120.691,130.703,173.629,218.678,327.099,435.487,665.498,427.232,317.112,213.114,227.689,404.537,148.684,130.703,123.392,118.012,104.142,103.319,104.955,113.596,104.142,110.977,104.142
2005-11-01 00:00:00,2,60.637,87.3865,84.3209,80.5469,73.918,68.9108,64.0362,60.637,55.9956,55.9956,61.9883,63.3508,71.0406,71.7559,71.7559,66.8053,61.3113,64.7244,68.9108,120.691,109.244,96.8266,96.0261,106.663,110.977,128.861,129.781,119.795,102.499,95.2282,
2005-10-01 00:00:00,2,59.9655,56.6501,56.6501,55.3438,54.695,53.4059,59.2968,57.9678,55.9956,54.695,56.6501,54.049,53.4059,52.1283,51.4939,47.7487,48.9854,50.2338,50.8624,46.524,43.5146,42.332,42.332,42.332,48.3656,54.049,54.049,54.049,52.1283,46.524,47.7487
2005-09-01 00:00:00,2,51.4939,52.1283,52.1283,51.4939,53.4059,54.049,55.9956,59.2968,60.637,57.9678,67.5044,66.1089,60.637,55.9956,56.6501,55.3438,87.3865,68.2063,70.328,68.2063,67.5044,66.1089,61.3113,57.9678,55.3438,64.0362,62.6682,67.5044,64.0362,63.3508,
2005-08-01 00:00:00,2,55.3438,55.3438,54.049,54.049,52.1283,54.049,55.9956,54.049,53.4059,53.4059,52.7656,52.7656,50.2338,50.8624,52.1283,50.8624,50.8624,52.7656,50.8624,49.6081,49.6081,50.8624,48.3656,47.7487,48.9854,48.9854,53.4059,53.4059,53.4059,53.4059,54.049
2005-07-01 00:00:00,2,69.618,67.5044,66.8053,66.8053,65.4153,66.1089,67.5044,65.4153,64.7244,61.9883,59.2968,59.2968,57.9678,56.6501,55.9956,55.9956,55.9956,56.6501,59.2968,58.6309,54.695,61.3113,61.9883,55.3438,55.9956,59.2968,64.7244,73.1946,70.328,57.3075,55.3438
2005-06-01 00:00:00,2,86.6163,78.3136,95.2282,86.6163,80.5469,79.0554,79.0554,79.0554,76.1039,73.918,73.1946,71.7559,69.618,69.618,69.618,69.618,68.9108,67.5044,70.328,75.3726,83.561,92.0613,96.0261,92.0613,76.8378,73.918,68.9108,66.8053,66.8053,68.9108,
2005-05-01 00:00:00,2,139.113,172.604,149.654,103.319,97.6296,94.4327,93.6397,88.1593,85.8486,82.8035,78.3136,77.5744,76.1039,71.7559,74.6439,76.8378,72.4739,70.328,67.5044,68.9108,66.8053,68.2063,70.328,83.561,132.555,212.008,256.711,189.274,130.703,103.319,96.8266
2005-04-01 00:00:00,2,127.028,127.028,126.115,125.205,120.691,110.109,113.596,112.721,105.808,106.663,104.967,103.319,102.499,102.499,96.8266,98.435,100.053,98.435,98.435,98.435,96.0261,89.7125,88.9346,85.0835,85.8486,92.0613,88.9346,91.2758,104.967,120.691,
2005-03-01 00:00:00,2,137.228,175.686,227.689,406.137,506.163,481.432,298.975,192.463,168.526,212.008,209.802,170.56,143.869,135.352,127.028,173.629,235.685,294.866,357.99,308.675,255.525,232.246,194.6,166.5,181.911,207.604,288.08,277.386,217.561,147.717,131.628
2005-02-01 00:00:00,2,296.233,228.825,204.324,180.868,170.56,251.981,315.698,290.785,401.345,199.981,159.483,141.009,135.352,139.113,140.06,125.205,102.499,103.319,110.109,128.861,160.479,139.113,122.489,114.475,110.977,134.417,143.869,137.228,,,
2005-01-01 00:00:00,2,168.526,216.446,224.294,225.424,278.712,377.811,399.754,373.19,356.487,371.655,298.975,218.678,231.104,338.703,324.23,225.424,174.656,148.684,298.975,385.577,338.703,253.16,228.825,198.9,222.041,184.004,242.619,318.53,448.861,401.345,340.168
2004-12-01 00:00:00,2,57.9678,72.4739,70.328,67.5044,57.9678,57.3075,57.3075,67.5044,82.8035,88.1593,99.2429,120.691,127.028,100.053,79.7998,66.1089,59.9655,58.6309,57.9678,57.9678,156.51,237.988,285.388,328.539,544.419,737.053,657.32,422.317,277.386,197.822,156.51
2004-11-01 00:00:00,2,44.7093,40.0037,40.0037,49.6081,48.3656,46.524,44.7093,43.5146,42.9218,42.9218,41.7453,40.5812,40.5812,41.1617,41.1617,40.0037,41.1617,44.1105,47.1349,52.7656,54.695,53.4059,48.9854,44.1105,43.5146,42.332,40.5812,42.332,41.7453,50.2338,
2004-10-01 00:00:00,2,44.1105,46.524,42.332,44.1105,48.3656,50.2338,50.2338,47.7487,45.9161,45.3112,45.9161,48.3656,54.695,49.6081,48.3656,52.7656,48.9854,51.4939,50.2338,47.7487,48.3656,45.9161,44.1105,45.9161,45.9161,47.7487,47.1349,44.7093,44.1105,44.1105,44.7093
2004-09-01 00:00:00,2,43.5146,45.3112,45.9161,46.524,45.9161,45.3112,45.9161,48.9854,50.8624,44.1105,44.1105,42.9218,43.5146,42.9218,42.332,43.5146,42.332,42.332,42.9218,44.7093,46.524,44.7093,45.3112,43.5146,42.9218,42.9218,42.332,42.332,41.7453,41.7453,
2004-08-01 00:00:00,2,52.7656,52.1283,51.4939,49.6081,49.6081,49.6081,49.6081,48.9854,48.9854,47.7487,48.3656,47.7487,47.7487,47.1349,47.7487,47.7487,47.7487,47.1349,47.7487,45.9161,46.524,47.7487,44.7093,45.9161,45.9161,45.9161,45.9161,45.3112,44.7093,44.7093,44.7093
2004-07-01 00:00:00,2,52.1283,53.4059,52.7656,52.7656,53.4059,53.4059,53.4059,54.049,52.7656,53.4059,66.1089,69.618,85.0835,63.3508,57.9678,55.9956,54.695,54.049,52.7656,54.049,69.618,88.9346,81.2965,71.0406,55.9956,54.049,52.7656,52.7656,52.7656,52.7656,52.7656
2004-06-01 00:00:00,2,93.6397,84.3209,77.5744,88.9346,107.521,96.8266,85.0835,80.5469,64.0362,62.6682,60.637,60.637,59.2968,57.9678,59.9655,59.9655,59.2968,63.3508,62.6682,57.3075,55.3438,55.9956,55.9956,55.9956,55.3438,56.6501,56.6501,55.9956,55.9956,54.695,
2004-05-01 00:00:00,2,66.8053,64.7244,64.7244,62.6682,62.6682,62.6682,60.637,60.637,60.637,59.2968,59.2968,59.9655,59.9655,59.9655,63.3508,65.4153,79.7998,84.3209,81.2965,94.4327,64.7244,64.7244,67.5044,65.4153,65.4153,64.7244,61.9883,60.637,62.6682,70.328,91.2758
2004-04-01 00:00:00,2,118.902,113.596,102.499,83.561,85.0835,102.499,122.489,107.521,97.6296,96.0261,97.6296,103.319,122.489,123.392,110.977,104.142,104.142,100.053,96.0261,92.0613,83.561,81.2965,79.0554,76.8378,76.8378,82.8035,97.6296,88.9346,78.3136,68.9108,
2004-03-01 00:00:00,2,216.446,201.063,165.491,197.822,167.512,182.956,192.463,181.911,167.512,135.352,123.392,121.589,117.124,116.238,123.392,129.781,130.703,123.392,111.848,110.977,110.977,111.848,110.977,104.142,103.319,91.2758,80.5469,78.3136,85.0835,88.1593,109.244
2004-02-01 00:00:00,2,76.1039,72.4739,91.2758,113.596,92.0613,83.561,76.1039,139.113,137.228,125.205,128.861,259.088,204.324,170.56,203.235,303.113,414.188,391.846,332.876,259.088,286.732,281.373,227.689,234.536,233.39,205.415,189.274,180.868,212.008,,
2004-01-01 00:00:00,2,64.4999,73.7558,155.524,145.788,162.477,152.579,115.355,96.5698,105.808,276.064,493.72,637.096,538.869,472.75,384.017,327.099,262.669,217.561,150.627,135.352,115.355,98.435,137.228,173.629,162.477,135.352,125.205,118.012,114.475,105.808,82.0487
2003-12-01 00:00:00,2,105.808,137.228,137.228,128.861,106.663,125.205,189.274,255.525,231.104,179.827,153.558,127.943,114.475,110.977,106.663,104.955,95.7456,90.05,100.73,129.781,95.7456,79.8206,88.4466,101.57,123.392,106.663,119.795,89.2469,82.9193,77.5255,64.4999
2003-11-01 00:00:00,2,38.5072,37.331,42.1099,52.2409,59.6278,54.8883,50.2849,50.934,52.8985,53.559,46.4503,42.721,41.5018,39.1,39.1,39.1,41.5018,45.8213,45.1953,51.586,55.5572,59.6278,51.586,48.3546,43.9522,37.9176,39.1,45.1953,56.9031,65.9158,
2003-10-01 00:00:00,2,32.1951,32.1951,32.1951,32.1951,30.5417,32.7529,31.0895,31.6407,28.9184,31.0895,29.4561,31.6407,32.1951,31.6407,31.6407,31.0895,31.0895,30.5417,28.384,27.8531,27.8531,27.8531,27.8531,29.9972,34.4456,36.7476,37.331,36.7476,40.2948,36.7476,38.5072
2003-09-01 00:00:00,2,42.721,45.8213,45.1953,42.721,39.6959,39.1,33.8782,34.4456,37.9176,37.9176,37.9176,35.0163,36.7476,40.8968,45.1953,42.1099,38.5072,35.0163,33.3139,35.0163,34.4456,33.3139,33.8782,33.8782,32.1951,31.6407,31.6407,31.0895,32.1951,32.1951,
2003-08-01 00:00:00,2,46.4503,46.4503,47.0821,46.4503,46.4503,45.1953,45.8213,49.6386,46.4503,43.3351,48.9951,48.3546,47.7169,52.2409,50.2849,52.2409,48.3546,50.2849,50.934,50.934,51.586,50.934,49.6386,48.9951,51.586,49.6386,45.1953,43.9522,45.1953,44.5723,43.3351
2003-07-01 00:00:00,2,50.934,50.934,52.2409,52.2409,50.934,50.934,51.586,51.586,50.934,50.934,50.934,50.934,51.586,52.2409,52.2409,52.8985,52.8985,50.934,48.3546,62.3959,64.4999,50.934,47.0821,47.0821,46.4503,46.4503,47.0821,46.4503,47.0821,47.0821,47.0821
2003-06-01 00:00:00,2,51.586,51.586,52.8985,53.559,52.2409,52.2409,49.6386,50.934,50.934,50.934,51.586,51.586,48.9951,50.2849,51.586,53.559,52.8985,52.8985,52.8985,53.559,51.586,52.8985,53.559,52.8985,51.586,50.934,52.8985,52.2409,50.934,52.2409,
2003-05-01 00:00:00,2,54.2223,54.2223,54.2223,54.8883,55.5572,65.2066,71.4405,72.3214,65.9158,63.7959,61.0065,58.9426,57.5802,57.5802,57.5802,57.5802,61.0065,58.26,56.9031,55.5572,55.5572,54.2223,54.2223,54.2223,52.8985,52.8985,54.2223,52.8985,53.559,52.2409,52.8985
2003-04-01 00:00:00,2,96.5698,85.2719,91.6641,79.0528,90.8557,98.2261,104.105,108.381,94.1051,87.6489,91.6641,91.6641,88.4466,87.6489,85.2719,76.766,76.0093,73.7558,73.7558,73.7558,73.0103,71.4405,68.779,63.0946,61.6998,61.0065,68.779,76.766,62.3959,57.5802,
2003-03-01 00:00:00,2,78.2878,70.5644,68.779,73.7558,73.0103,89.2469,73.7558,68.0593,89.2469,110.109,108.381,96.5698,135.352,176.718,166.5,141.009,142.913,138.169,171.581,146.751,182.956,160.479,173.629,161.477,147.717,118.902,110.109,118.012,110.109,102.412,104.105
2003-02-01 00:00:00,2,675.791,491.955,315.698,217.561,180.868,164.484,161.477,161.477,140.06,138.169,129.781,124.297,123.392,119.795,119.795,139.113,140.06,153.558,150.627,142.913,137.228,127.028,119.795,116.238,105.808,83.7008,79.0528,76.766,,,
2003-01-01 00:00:00,2,102.412,89.2469,92.4751,127.028,224.294,210.904,207.604,217.561,180.868,143.869,176.718,253.16,235.685,273.428,234.536,331.427,513.342,645.147,585.992,490.193,422.317,365.55,402.94,447.178,367.072,255.525,208.702,173.629,168.526,273.428,643.13
2002-12-01 00:00:00,2,50.934,47.0821,44.5723,44.5723,43.9522,43.3351,47.0821,49.6386,46.4503,72.3214,110.977,112.721,149.654,160.479,158.49,160.479,178.788,176.718,152.579,111.848,90.8557,83.7008,110.109,113.596,89.2469,112.721,104.105,95.7456,84.485,73.7558,78.2878
2002-11-01 00:00:00,2,48.3546,67.3422,73.7558,66.6277,57.5802,76.0093,78.2878,85.2719,71.4405,60.3158,50.2849,56.2287,58.26,54.2223,53.559,53.559,48.9951,47.0821,46.4503,46.4503,46.4503,47.7169,63.0946,77.5255,82.1405,101.57,88.4466,67.3422,57.5802,54.2223,
2002-10-01 00:00:00,2,42.1099,42.721,40.2948,36.1673,40.2948,39.1,37.9176,42.1099,40.8968,37.9176,37.9176,37.9176,29.9972,31.0895,28.384,29.4561,33.8782,35.0163,34.4456,35.0163,34.4456,33.8782,33.3139,33.3139,33.8782,35.0163,35.5903,37.331,43.9522,45.8213,48.3546
2002-09-01 00:00:00,2,39.1,40.8968,41.5018,41.5018,39.1,39.6959,39.6959,40.2948,40.2948,40.8968,41.5018,41.5018,39.1,37.9176,36.1673,36.7476,38.5072,38.5072,37.9176,37.9176,37.9176,39.1,39.6959,47.0821,56.9031,60.3158,58.26,53.559,47.7169,44.5723,
2002-08-01 00:00:00,2,42.1099,41.5019,42.1099,41.5019,41.5019,40.2948,42.721,40.2948,39.1,41.5019,37.9176,39.1,39.6959,40.2948,39.6959,38.5072,42.1099,37.331,35.5903,34.4456,37.9176,36.7476,37.331,36.7476,35.0163,34.4456,35.0163,36.1673,36.7476,35.5903,35.0163
2002-07-01 00:00:00,2,41.5019,42.1099,43.9522,41.5019,42.721,42.1099,42.721,43.3351,42.1099,42.1099,42.1099,42.1099,44.5723,43.9522,44.5723,45.1953,43.3351,44.5723,43.3351,43.3351,41.5019,41.5019,43.9522,43.3351,42.721,42.1099,43.3351,40.2948,40.2948,43.3351,41.5019
2002-06-01 00:00:00,2,47.0821,43.9522,45.1953,45.8213,45.1953,45.1953,45.8213,45.1953,46.4503,45.1953,47.0821,47.0821,45.8213,45.8213,45.1953,43.3351,42.721,43.9522,46.4503,44.5723,42.721,42.721,41.5018,42.721,42.721,43.9522,42.721,42.1099,42.1099,41.5018,
2002-05-01 00:00:00,2,48.9951,48.9951,48.3546,49.6386,48.3546,49.6386,50.2849,52.2409,51.586,54.2223,52.2409,51.586,51.586,52.2409,50.2849,50.2849,50.2849,49.6386,48.9951,48.9951,48.9951,48.9951,49.6386,54.8883,51.586,49.6386,47.0821,47.0821,48.3546,47.7169,47.0821
2002-04-01 00:00:00,2,83.7008,86.8538,76.0093,73.7558,70.5644,61.6998,62.3959,64.4999,62.3959,68.0593,70.5644,75.2553,64.4999,61.6998,68.0593,61.6998,56.2287,57.5802,56.2287,56.9031,54.8883,54.8883,54.8883,52.8985,52.8985,52.8985,52.2409,52.2409,51.586,50.2849,
2002-03-01 00:00:00,2,152.579,141.96,133.485,121.589,118.012,116.238,109.244,95.7456,89.2469,97.3966,89.2469,79.8206,78.2878,74.5042,74.5042,76.0093,117.124,132.555,104.105,98.2261,116.238,141.96,138.169,146.751,111.848,119.795,94.924,104.105,99.0581,93.2888,90.05
2002-02-01 00:00:00,2,140.06,144.828,158.49,156.51,157.499,151.602,126.115,89.2469,153.558,165.491,175.686,145.788,131.628,107.521,85.2719,88.4465,140.06,276.064,334.328,356.487,282.708,265.598,276.064,256.711,260.279,233.39,186.105,165.491,,,
2002-01-01 00:00:00,2,322.8,395,315.698,199.981,146.751,126.115,112.721,108.381,107.521,104.105,100.73,99.0581,89.2469,104.955,117.124,117.124,121.589,180.868,331.427,317.112,251.981,184.004,146.751,131.628,128.861,138.169,147.717,145.788,147.717,149.654,145.788
2001-12-01 00:00:00,2,55.5572,86.0615,120.691,102.412,73.7558,60.3158,56.9031,54.8883,58.9426,56.9031,54.8883,50.2849,50.934,52.8985,59.6278,60.3158,164.484,233.39,300.352,208.702,154.54,127.943,127.943,125.205,127.943,127.943,130.703,135.352,192.463,229.963,242.619
2001-11-01 00:00:00,2,28.384,26.8016,26.8016,27.8531,31.6407,42.721,38.5072,37.331,33.3139,29.4561,28.384,29.4561,36.1673,47.7169,86.0615,81.3645,73.0103,73.7558,63.7959,68.779,77.5255,63.0946,59.6278,54.2223,53.559,52.8985,54.8883,53.559,50.2849,50.934,
2001-10-01 00:00:00,2,25.2505,26.8016,33.3139,36.1673,36.1673,37.331,31.6407,29.9972,35.5903,36.7476,35.0163,36.1673,33.3139,30.5417,28.384,27.8531,27.3256,25.2505,24.7405,29.9972,33.8781,29.4561,31.0895,37.9176,39.6959,40.2948,38.5072,40.2948,39.1,37.331,35.0163
2001-09-01 00:00:00,2,34.3656,34.3656,35,33.1125,34.3656,33.7365,33.1125,31.8805,33.1125,31.8805,31.8805,31.8805,31.8805,31.8805,32.4939,38.2501,36.9345,36.2844,36.2844,35,35,35,35,33.7365,33.1125,33.1125,34.3656,33.1125,27.8531,24.2341,
2001-08-01 00:00:00,2,22.2679,20.7338,22.2679,21.2397,21.2397,21.2397,21.2397,21.7511,21.2397,20.2334,20.2334,20.7338,20.2334,21.2397,20.7338,20.7338,19.7386,21.2397,22.2679,28.8928,28.3112,28.3112,28.8928,29.4797,34.3656,35.6396,35.6396,35.6396,34.3656,35,33.1125
2001-07-01 00:00:00,2,27.164,27.7349,27.7349,27.7349,26.0382,27.164,26.5984,26.5984,24.9339,24.3899,22.7903,22.7903,22.7903,20.7338,21.2397,20.7338,21.7511,21.7511,21.2397,20.7338,21.2397,21.7511,21.2397,20.2334,21.2397,21.2397,22.7903,21.2397,21.7511,22.2679,22.2679
2001-06-01 00:00:00,2,35.6396,34.3656,32.4939,32.4939,32.4939,31.2724,30.072,28.8928,28.8928,31.2724,30.072,30.072,28.8928,30.072,30.6695,30.072,30.072,30.072,29.4797,30.072,30.072,29.4797,30.6695,28.3112,28.3112,28.3112,28.3112,27.7349,27.7349,27.7349,
2001-05-01 00:00:00,2,42.321,39.5864,38.9157,38.2501,36.2844,35,38.9157,38.9157,33.7365,31.8805,31.2724,30.6695,29.4797,30.6695,30.6695,31.8805,38.9157,43.7191,40.2624,38.9157,36.2844,33.1125,33.1125,33.7365,34.3656,33.7365,35,35,35,34.3656,36.2844
2001-04-01 00:00:00,2,54.8517,53.3019,54.8517,51.0147,51.7721,49.5151,49.5151,48.7728,46.5764,46.5764,44.4258,48.0356,44.4258,43.7191,43.7191,44.4258,46.5764,48.0356,46.5764,45.1376,45.1376,44.4258,45.8545,44.4258,43.0175,43.0175,43.0175,42.321,42.321,41.6296,
2001-03-01 00:00:00,2,48.7728,49.5151,49.5151,48.7728,47.3035,54.8517,59.6209,57.2139,57.2139,55.6341,55.6341,70.5644,137.228,166.5,121.589,87.6489,72.3214,62.0725,58.0113,76.799,72.3214,63.7316,58.0113,55.6341,54.8517,52.5345,49.5151,51.0147,51.0147,52.5345,52.5345
2001-02-01 00:00:00,2,79.8206,83.7008,73.2073,70.5644,61.2504,68.8268,81.3645,82.1405,95.7456,74.9935,67.9654,63.7316,65.4104,65.4104,65.4104,60.4332,59.6209,64.5686,59.6209,54.8517,52.5345,51.0147,50.2624,49.5151,49.5151,48.0356,48.0356,47.3035,,,
2001-01-01 00:00:00,2,142.913,215.333,260.8,326.282,324.843,272.52,164.484,125.205,110.977,118.902,126.115,141.96,138.169,124.297,110.109,101.57,98.2261,94.1051,92.4751,91.6641,86.0615,79.8206,99.8928,104.105,152.579,128.861,106.663,85.2719,85.2719,89.2469,87.6489
2000-12-01 00:00:00,2,74.9935,99.8928,110.977,112.721,109.244,110.109,110.109,112.721,75.8938,67.1088,86.0615,65.4104,58.0113,58.8136,52.5345,51.0147,49.5151,92.4751,141.96,179.827,159.483,119.795,89.2469,115.355,96.5698,101.57,90.8557,94.1051,118.902,124.297,129.781
2000-11-01 00:00:00,2,40.2624,42.321,43.7191,41.6296,40.2624,46.5764,69.6932,74.0979,58.8136,48.7728,45.1376,49.5151,52.5345,62.0725,94.1051,166.5,128.861,116.238,94.1051,99.0581,101.57,101.57,108.381,104.105,99.8928,92.4751,95.7456,88.4466,72.3214,72.3214,
2000-10-01 00:00:00,2,46.5764,48.7728,48.0356,46.5764,45.8545,44.4258,44.4258,44.4258,44.4258,43.7191,43.0175,42.321,43.0175,41.6296,41.6296,41.6296,41.6296,40.2624,38.9157,38.2501,37.5897,36.2844,40.9434,42.321,40.9434,40.2624,40.9434,38.9157,38.9157,40.2624,40.2624
2000-09-01 00:00:00,2,51.0147,51.7721,64.5686,74.0979,74.0979,66.2572,62.0725,58.8136,58.0113,56.4215,53.3019,52.5345,51.0147,49.5151,49.5151,50.2624,49.5151,49.5151,48.0356,46.5764,45.8545,46.5764,45.1376,45.8545,45.1376,44.4258,45.8545,46.5764,45.1376,45.8545,
2000-08-01 00:00:00,2,53.3019,52.5345,51.0147,51.0147,51.0147,51.0147,51.0147,48.7728,51.0147,49.5151,48.7728,48.7728,48.0356,48.0356,47.3035,47.3035,46.5764,47.3035,48.0356,47.3035,46.5764,47.3035,46.5764,46.5764,46.5764,46.5764,45.1376,46.5764,51.0147,51.7721,51.0147
2000-07-01 00:00:00,2,54.8517,54.8517,54.0743,54.0743,54.0743,54.0743,54.0743,53.3019,52.5345,53.3019,54.0743,54.0743,54.0743,52.5345,53.3019,53.3019,52.5345,54.0743,54.0743,55.6341,54.0743,55.6341,54.8517,54.8517,53.3019,57.2139,62.0725,58.8136,54.8517,51.7721,53.3019
2000-06-01 00:00:00,2,63.7316,61.2504,61.2504,59.6209,58.8136,61.2504,59.6209,56.4215,58.0113,58.8136,58.8136,58.0113,57.2139,56.4215,56.4215,56.4215,58.0113,59.6209,55.6341,56.4215,56.4215,56.4215,55.6341,54.8517,54.0743,54.8517,54.0743,53.3019,52.5345,62.0725,
2000-05-01 00:00:00,2,78.2878,80.5912,80.5912,76.799,76.799,73.2073,71.4405,70.5644,77.5255,74.9935,67.1088,73.2073,72.3214,72.3214,67.9654,65.4104,65.4104,63.7316,63.7316,63.7316,63.7316,62.8996,62.0725,60.4332,60.4332,61.2504,60.4332,61.2504,62.0725,66.2572,67.1088
2000-04-01 00:00:00,2,158.49,129.781,132.555,123.392,115.355,110.109,107.521,104.955,96.5698,96.5698,94.1051,96.5698,99.0581,104.955,118.902,125.205,119.795,109.244,108.381,105.808,96.5698,103.257,101.57,97.3966,82.9193,79.0528,77.5255,75.8938,76.799,76.799,
2000-03-01 00:00:00,2,101.57,102.412,98.2261,89.2469,86.0615,83.7008,79.8206,83.7008,99.8928,124.297,190.335,236.904,293.991,259.513,182.956,153.558,166.5,158.49,161.477,177.752,199.981,212.008,233.236,196.746,157.499,141.96,156.51,159.483,192.463,205.415,199.981
2000-02-01 00:00:00,2,533.033,395.912,316.276,284.497,244.326,209.802,196.746,246.825,300.868,434.911,357.235,254.4,220.918,189.274,178.788,159.483,153.558,152.579,157.499,181.911,175.686,161.477,149.654,141.009,126.115,104.105,105.808,111.848,106.663,,
2000-01-01 00:00:00,2,112.721,118.012,196.746,333.525,358.744,319.119,234.455,176.718,152.579,119.795,120.691,112.721,108.381,109.244,101.57,103.257,101.57,114.475,123.392,130.703,127.943,135.352,117.124,132.555,145.788,166.5,162.477,250.598,388.017,450.008,739.547
1999-12-01 00:00:00,2,57.2139,54.0743,50.2624,49.5151,62.0725,58.8136,64.5686,81.3645,90.8557,107.521,117.124,131.628,146.751,176.718,198.9,166.5,121.589,99.8928,94.924,69.6932,60.4332,58.8136,76.799,94.1051,126.115,131.628,97.3966,77.5255,78.2878,100.73,127.028
1999-11-01 00:00:00,2,38.9157,38.9157,38.2501,37.5897,36.9345,43.0175,45.8545,73.2073,87.6489,128.861,103.257,79.8206,79.8206,81.3645,69.6932,61.2504,56.4215,52.5345,49.5151,69.6932,127.028,129.781,117.124,98.2261,86.0615,95.7456,86.8539,71.4405,65.4104,60.4332,
1999-10-01 00:00:00,2,38.2501,35.6396,40.2624,43.0175,43.0175,40.9434,40.2624,39.5864,38.9157,36.9345,36.2844,36.9345,37.5897,37.5897,36.9345,36.9345,35.6396,35.6396,35.6396,35,34.3656,35.6396,36.2844,36.9345,36.2844,36.2844,41.6296,46.5764,48.0356,46.5764,41.6296
1999-09-01 00:00:00,2,39.5864,39.5864,39.5864,38.9157,38.2501,37.5897,35.6396,33.7365,35,36.9345,36.9345,37.5897,38.2501,40.9434,40.2624,43.7191,43.7191,44.4258,45.1376,43.7191,43.7191,40.9434,40.2624,40.2624,40.9434,40.9434,39.5864,39.5864,38.9157,38.2501,
1999-08-01 00:00:00,2,43.7191,43.7191,43.7191,43.7191,43.7191,43.7191,43.7191,42.321,42.321,43.0175,43.7191,43.7191,42.321,43.7191,43.0175,42.321,42.321,42.321,42.321,42.321,42.321,42.321,40.9434,40.9434,40.2624,39.5864,38.9157,39.5864,39.5864,39.5864,39.5864
1999-07-01 00:00:00,2,48.7728,49.5151,49.5151,49.5151,49.5151,48.0356,48.0356,47.3035,47.3035,47.3035,48.7728,48.0356,47.3035,46.5764,47.3035,47.3035,47.3035,47.3035,46.5764,46.5764,45.8545,45.1376,45.1376,45.1376,45.1376,44.4258,44.4258,44.4258,43.7191,43.7191,44.4258
1999-06-01 00:00:00,2,54.0743,53.3019,52.5345,52.5345,51.7721,53.3019,54.0743,54.0743,52.5345,53.3019,52.5345,52.5345,52.5345,51.0147,52.5345,63.7316,60.4332,56.4215,54.0743,52.5345,52.5345,52.5345,51.0147,51.7721,51.0147,50.2624,50.2624,49.5151,51.0147,50.2624,
1999-05-01 00:00:00,2,67.1088,64.5686,63.7316,63.7316,62.8996,62.0725,62.0725,66.2572,84.485,75.8938,68.8268,62.8996,61.2504,61.2504,58.0113,60.4332,58.8136,58.8136,58.0113,58.0113,58.0113,57.2139,56.4215,56.4215,56.4215,55.6341,54.8517,54.8517,54.8517,54.8517,54.8517
1999-04-01 00:00:00,2,127.028,110.977,101.57,84.485,83.7008,79.8206,79.8206,78.2878,82.9193,85.2719,84.485,82.9193,76.799,74.0979,78.2878,94.924,130.703,139.113,112.721,79.8206,79.8206,74.9935,74.0979,73.2073,71.4405,68.8268,67.9654,77.5255,73.2073,67.9654,
1999-03-01 00:00:00,2,176.718,222.041,256.95,268.584,182.956,141.009,312.036,621.094,453.398,321.975,264.678,227.186,256.95,243.081,197.822,162.477,131.628,124.297,118.012,112.721,99.0581,94.1051,91.6641,169.542,204.324,233.236,169.542,133.485,118.012,99.8928,117.124
1999-02-01 00:00:00,2,123.392,98.2261,94.1051,71.4405,66.2572,60.4332,58.8136,58.8136,72.3214,88.4466,69.6932,59.6209,57.2139,57.2139,57.2139,62.8996,76.799,104.955,99.0581,90.8557,68.8268,60.4332,55.6341,54.0743,53.3019,68.8268,90.8557,137.228,,,
1999-01-01 00:00:00,2,186.105,189.274,202.148,216.446,271.205,256.95,275.159,255.674,208.702,148.684,124.297,107.521,95.7456,83.7008,88.4466,95.7456,91.6641,86.0615,82.1405,76.799,66.2572,67.9654,64.5686,62.0725,58.0113,58.0113,65.4104,67.1088,90.8557,115.355,113.596
1998-12-01 00:00:00,2,107.521,99.8928,89.2469,86.0615,60.4332,65.4104,118.012,228.389,217.561,145.788,94.1051,77.5255,83.7008,82.9193,78.2878,120.691,173.629,163.479,160.479,161.477,157.499,121.589,83.7008,82.1405,66.2572,67.1088,104.105,91.6641,88.4466,111.848,117.124
1998-11-01 00:00:00,2,94.1051,74.9935,92.4751,173.629,171.581,144.828,121.589,90.8557,69.6932,62.8996,71.4405,106.663,99.0581,108.381,82.1405,67.1088,57.2139,51.0147,48.7728,94.1051,58.0113,54.0743,62.0725,57.2139,58.0113,53.3019,65.4104,90.8557,104.955,137.228,
1998-10-01 00:00:00,2,36.9345,48.7728,47.3035,43.7191,40.9434,39.5864,38.2501,38.9157,40.9434,37.5897,36.9345,37.5897,44.4258,43.7191,43.7191,41.6296,41.6296,47.3035,54.0743,53.3019,45.1376,42.321,40.2624,39.5864,36.9345,33.7365,40.9434,45.1376,44.4258,43.7191,58.0113
1998-09-01 00:00:00,2,40.2624,42.321,45.8545,44.4258,43.0175,42.321,39.5864,35,38.2501,38.9157,38.9157,38.2501,38.2501,37.5897,37.5897,36.9345,35.6396,36.9345,35.6396,35.6396,35.6396,36.2844,36.9345,35.6396,36.2844,36.2844,35.6396,37.5897,33.7365,35,
1998-08-01 00:00:00,2,43.7191,43.7191,43.7191,43.0175,40.2624,43.7191,47.3035,50.2624,53.3019,54.0743,51.7721,48.7728,49.5151,48.0356,47.3035,45.8545,44.4258,42.321,42.321,43.0175,42.321,40.2624,43.0175,43.0175,39.5864,40.9434,40.9434,38.9157,40.2624,40.2624,40.2624
1998-07-01 00:00:00,2,49.5151,49.5151,51.0147,50.2624,49.5151,49.5151,49.5151,49.5151,48.0356,47.3035,47.3035,46.5764,46.5764,44.4258,45.1376,45.8545,45.8545,45.8545,45.8545,45.1376,45.1376,44.4258,44.4258,43.7191,44.4258,45.1376,45.1376,43.0175,44.4258,43.7191,43.7191
1998-06-01 00:00:00,2,102.412,81.3645,74.9935,64.5686,62.0725,60.4332,58.8136,58.8136,57.2139,55.6341,54.0743,54.8517,56.4215,55.6341,54.8517,54.8517,54.8517,51.0147,51.0147,50.2624,49.5151,50.2624,49.5151,51.0147,50.2624,51.0147,50.2624,50.2624,52.5345,52.5345,
1998-05-01 00:00:00,2,62.8996,60.4332,58.8136,56.4215,61.2504,74.0979,82.1405,70.5644,62.8996,60.4332,57.2139,57.2139,55.6341,56.4215,56.4215,55.6341,57.2139,52.5345,51.7721,53.3019,54.8517,54.0743,54.0743,53.3019,51.7721,52.5345,54.8517,53.3019,56.4215,83.7008,93.2888
1998-04-01 00:00:00,2,82.9193,94.924,87.6488,84.485,82.1405,73.2073,67.9654,66.2572,71.4405,69.6932,72.3214,71.4405,63.7316,60.4332,58.8136,58.8136,58.8136,61.2504,62.0725,68.8268,66.2572,61.2504,58.8136,56.4215,57.2139,55.6341,54.8517,56.4215,67.1088,70.5644,
1998-03-01 00:00:00,2,118.902,106.663,89.2469,91.6641,85.2719,86.0615,83.7008,82.1405,76.799,74.9935,75.8938,75.8938,78.2878,77.5255,87.6489,89.2469,84.485,81.3645,76.799,78.2878,76.799,76.799,83.7008,77.5255,87.6489,88.4466,80.5912,75.8938,75.8938,72.3214,69.6932
1998-02-01 00:00:00,2,113.596,108.381,101.57,95.7456,90.8557,87.6489,86.8539,86.0615,88.4466,84.485,89.2469,86.0615,88.4466,84.485,90.8557,110.109,212.008,283.154,277.811,205.415,178.788,155.524,151.602,206.509,196.746,230.806,164.484,133.485,,,
1998-01-01 00:00:00,2,118.902,107.521,96.5698,95.7456,104.955,110.109,118.902,124.297,202.148,280.476,245.574,204.324,171.581,192.463,206.509,195.672,188.216,180.868,188.216,439.915,370.93,268.584,187.16,154.54,142.913,215.333,165.491,141.009,125.205,114.475,113.596
1997-12-01 00:00:00,2,363.29,345.278,258.23,198.9,150.627,118.902,109.244,128.861,223.167,214.223,295.36,292.625,190.335,306.426,345.278,363.29,364.811,263.382,230.806,232.019,208.702,181.911,158.49,125.205,127.943,161.477,205.415,190.335,192.463,141.96,123.392
1997-11-01 00:00:00,2,79.0528,77.5255,69.6932,58.0113,68.8268,62.8996,58.8136,63.7316,67.1088,62.8996,51.0147,54.0743,50.2624,54.0743,54.8517,55.6341,58.8136,57.2139,53.3019,52.5345,58.0113,84.485,121.589,114.475,109.244,129.781,141.009,178.788,239.365,327.724,
1997-10-01 00:00:00,2,60.4332,62.0725,62.0725,64.5686,65.4104,60.4332,59.6209,60.4332,64.5686,61.2504,54.8517,53.3019,52.5345,45.1376,44.4258,44.4258,45.1376,45.1376,44.4258,44.4258,46.5764,118.902,137.228,123.392,97.3966,90.8557,101.57,110.109,103.257,86.8539,79.8206
1997-09-01 00:00:00,2,49.5151,49.5151,51.0147,51.0147,51.0147,55.6341,48.0356,47.3035,48.7728,48.0356,48.0356,48.0356,48.0356,48.0356,46.5764,46.5764,46.5764,46.5764,48.0356,48.0356,62.0725,85.2719,87.6488,71.4405,62.0725,62.0725,58.0113,58.0113,55.6341,56.4215,
1997-08-01 00:00:00,2,60.4332,60.4332,59.6209,58.0113,58.0113,58.8136,58.8136,58.0113,58.0113,58.0113,57.2139,58.0113,58.0113,56.4215,56.4215,54.8517,54.8517,54.8517,52.5345,54.8517,54.8517,54.0743,54.0743,53.3019,51.7721,49.5151,51.7721,51.7721,51.7721,51.7721,51.0147
1997-07-01 00:00:00,2,72.3214,74.9935,73.2073,73.2073,73.2073,74.0979,73.2073,72.3214,71.4405,71.4405,71.4405,70.5644,67.9654,67.1088,66.2572,66.2572,66.2572,66.2572,66.2572,66.2572,66.2572,63.7316,65.4104,66.2572,66.2572,67.1088,67.1088,61.2504,61.2504,59.6209,60.4332
1997-06-01 00:00:00,2,99.8928,91.6641,85.2719,82.9193,80.5912,99.8928,140.06,146.751,122.489,101.57,89.2469,88.4466,90.05,99.8928,96.5698,99.0581,104.955,103.257,99.0581,89.2469,85.2719,83.7008,83.7008,83.7008,82.9193,79.0528,76.799,76.799,75.8938,74.0979,
1997-05-01 00:00:00,2,125.205,105.808,101.57,82.1405,88.4466,94.1051,87.6489,89.2469,90.05,86.0615,86.8539,86.0615,85.2719,85.2719,90.05,87.6489,90.8557,87.6489,86.0615,86.0615,85.2719,85.2719,86.0615,88.4466,91.6641,104.955,104.955,100.73,105.808,110.109,110.109
1997-04-01 00:00:00,2,150.627,199.981,288.547,357.235,240.6,155.524,144.828,140.06,129.781,117.124,114.475,114.475,113.596,108.381,105.808,105.808,104.955,104.955,101.57,100.73,104.955,107.521,112.721,114.475,125.205,121.589,118.012,116.238,125.205,138.169,
1997-03-01 00:00:00,2,218.678,205.415,336.444,423.347,363.29,307.824,225.985,177.752,163.479,167.512,170.56,141.009,139.113,137.228,136.288,153.558,152.579,156.51,157.499,136.288,124.297,129.781,119.795,113.596,110.977,111.848,109.244,106.663,106.663,110.109,117.124
1997-02-01 00:00:00,2,263.382,254.4,255.674,253.13,236.904,201.063,171.581,157.499,142.913,135.352,135.352,132.555,129.781,126.115,126.115,115.355,123.392,157.499,171.581,148.684,139.113,126.115,119.795,103.257,110.977,131.628,189.274,293.991,,,
1997-01-01 00:00:00,2,248.08,317.696,354.227,570.494,1148.78,1523.92,1279.33,863.639,631.071,544.138,498.624,500.406,420.072,446.631,389.59,361.771,345.278,339.376,319.119,314.86,310.629,284.497,243.081,232.019,213.114,212.008,215.333,255.674,268.584,267.279,272.52
1996-12-01 00:00:00,2,111.148,117.117,156.346,161.186,183.15,175.038,136.644,115.399,106.129,111.148,106.129,110.306,109.465,118.844,149.666,137.559,190.363,214.808,208.322,174.035,137.559,133.008,176.045,275.358,368.854,408.952,374.888,302.159,205.108,170.041,228.009
1996-11-01 00:00:00,2,74.8057,204.04,120.58,155.385,178.064,198.737,134.821,113.691,100.386,90.8304,82.3973,80.8982,67.8098,58.6172,70.9637,74.1611,87.7273,110.306,108.628,133.008,239.24,356.932,488.414,527.191,461.143,247.224,188.291,140.318,125.849,118.844,
1996-10-01 00:00:00,2,45.3505,42.0652,44.247,45.9054,45.3505,42.6075,43.6984,45.3505,43.1519,45.3505,42.0652,41.5251,41.5251,41.5251,42.0652,40.9871,39.9175,40.9871,40.4512,40.4512,38.3296,40.9871,43.6984,41.5251,42.0652,39.9175,44.247,42.6075,55.0568,62.245,50.9906
1996-09-01 00:00:00,2,39.386,40.9871,39.9175,44.247,54.4701,52.1426,62.8561,63.469,59.2172,55.6455,51.5656,50.4175,49.8464,55.6455,54.4701,52.7215,52.7215,52.1426,49.8464,45.9054,45.9054,43.6984,42.6075,42.0652,40.9871,42.0652,43.1519,41.5251,44.7977,42.0652,
1996-08-01 00:00:00,2,44.247,44.247,39.9175,40.4512,38.8567,37.8047,38.8567,39.386,38.3296,39.386,39.386,40.9871,40.9871,42.6075,48.1453,56.236,53.8853,54.4701,45.9054,45.9054,45.3505,43.6984,43.1519,43.6984,43.6984,40.9871,43.1519,44.247,41.5251,40.4512,40.4512
1996-07-01 00:00:00,2,47.0212,51.5656,51.5656,48.1453,47.0212,49.2774,47.0212,46.4623,45.9054,45.3505,45.3505,45.3505,45.3505,43.1519,43.6984,46.4623,44.247,44.247,45.3505,45.3505,43.1519,44.7977,39.386,42.6075,40.9871,39.9175,39.9175,42.0652,39.9175,42.6075,43.6984
1996-06-01 00:00:00,2,56.236,50.9906,54.4701,53.3025,52.7215,49.8464,55.0568,52.7215,52.1426,49.2774,53.3025,49.8464,48.7103,50.4175,48.7103,48.1453,48.7103,47.0212,47.5822,49.2774,48.7103,48.1453,44.7977,45.3505,44.7977,46.4623,50.4175,44.247,45.3505,47.0212,
1996-05-01 00:00:00,2,54.4701,65.9387,55.6455,58.0191,58.0191,54.4701,53.8853,52.1426,54.4701,53.3025,52.1426,52.7215,53.8853,52.1426,53.8853,53.3025,54.4701,53.3025,59.819,65.9387,64.7003,61.6357,62.245,62.245,77.1968,74.1611,63.469,56.236,58.6172,56.236,55.0568
1996-04-01 00:00:00,2,72.8769,65.9387,68.4371,67.1844,64.7003,63.469,64.0837,62.8561,60.4228,61.0283,59.819,64.0837,65.9387,73.5181,71.5997,71.5997,84.6659,100.386,117.979,133.008,92.3974,76.1,68.4371,65.3186,65.9387,62.8561,61.6357,62.245,60.4228,62.245,
1996-03-01 00:00:00,2,82.3973,78.6693,82.3973,84.6659,91.6126,108.628,103.653,96.36,88.4992,80.8982,87.7273,93.9748,97.9629,95.5624,93.1848,87.7273,82.3973,81.6464,102.832,123.204,106.959,117.979,122.327,144.963,172.033,135.732,111.994,100.386,100.386,89.2736,76.4645
1996-02-01 00:00:00,2,87.7273,88.4992,90.8304,98.7681,122.327,123.204,120.58,124.965,117.979,106.959,129.409,123.204,106.959,115.399,110.306,107.792,94.7673,83.1509,77.1968,74.8057,76.4645,85.4273,86.958,85.4273,82.3973,102.832,130.305,118.844,94.7673,,
1996-01-01 00:00:00,2,374.888,452.782,402.649,358.412,318.443,275.358,196.63,156.346,211.556,248.373,322.247,317.178,329.907,298.448,252.989,187.258,152.515,148.72,131.204,138.476,168.057,154.426,150.613,149.666,142.169,137.559,117.979,117.117,102.832,82.3973,94.7673
1995-12-01 00:00:00,2,90.8304,88.4992,93.9748,83.907,74.1611,79.4096,72.2375,74.8057,74.8057,62.245,52.1426,65.3186,66.5607,320.977,374.888,293.527,200.852,155.385,138.476,156.346,144.963,145.899,189.326,201.913,139.396,127.624,249.524,523.604,479.808,461.143,404.22
1995-11-01 00:00:00,2,67.8098,86.1913,91.6126,110.306,133.913,130.305,106.129,86.1913,66.5607,61.0283,58.6172,51.5656,76.4645,118.844,124.083,115.399,93.9748,77.1968,76.4645,106.959,106.129,89.2736,76.4645,70.9637,70.3294,72.8769,71.5997,69.6969,69.6969,86.958,
1995-10-01 00:00:00,2,53.3025,48.7103,44.7977,48.1453,44.7977,44.7977,44.7977,44.7977,47.5822,46.4623,50.4175,62.8561,60.4228,53.8853,62.245,77.1968,69.0661,59.2172,55.6455,52.1426,55.6455,59.819,64.0837,60.4228,54.4701,52.1426,48.7103,46.4623,43.6984,47.0212,51.5656
1995-09-01 00:00:00,2,41.5251,42.0652,43.6984,40.4512,39.9175,39.9175,39.9175,35.2136,39.386,39.386,39.9175,38.8567,38.8567,39.386,40.4512,37.282,38.8567,45.3505,48.7103,46.4623,50.9906,52.7215,48.7103,48.7103,45.9054,41.5251,43.6984,44.7977,45.3505,52.1426,
1995-08-01 00:00:00,2,47.5822,48.1453,46.4623,44.247,44.7977,44.247,43.6984,43.1519,44.7977,44.247,44.7977,44.247,40.9871,39.386,41.5251,41.5251,44.7977,44.247,43.1519,42.0652,43.1519,40.4512,42.6075,43.6984,43.6984,44.247,44.7977,44.247,36.7615,41.5251,42.6075
1995-07-01 00:00:00,2,58.0191,58.0191,56.8285,55.6455,54.4701,53.8853,56.236,55.6455,55.0568,53.3025,55.6455,56.236,55.6455,55.0568,53.3025,54.4701,52.1426,52.1426,53.3025,51.5656,50.9906,50.4175,51.5656,51.5656,51.5656,51.5656,51.5656,52.1426,50.9906,52.1426,47.5822
1995-06-01 00:00:00,2,72.2375,70.9637,65.9387,64.0837,62.245,60.4228,59.2172,61.6357,61.6357,62.8561,58.6172,62.245,60.4228,61.0283,62.8561,58.6172,58.0191,59.819,59.2172,57.4228,60.4228,61.0283,59.819,59.819,61.0283,57.4228,57.4228,58.6172,56.236,60.4228,
1995-05-01 00:00:00,2,74.8057,75.452,74.8057,74.8057,70.9637,73.5181,76.1,76.4645,103.653,104.476,102.014,95.5624,97.9629,97.1602,86.958,82.3973,80.1526,82.3973,75.452,72.8769,72.8769,67.8098,67.8098,76.4645,76.1,74.1611,77.1968,72.2375,70.3294,71.5997,72.2375
1995-04-01 00:00:00,2,213.722,186.228,196.63,178.064,133.913,130.305,120.58,115.399,109.465,100.386,108.628,111.148,112.841,111.148,118.844,102.832,102.014,98.7681,88.4992,83.1509,86.958,89.2736,90.8304,88.4992,101.199,99.5759,98.7681,96.36,80.1526,76.4645,
1995-03-01 00:00:00,2,97.9629,96.36,99.5759,102.832,167.069,133.008,117.979,137.559,130.305,116.257,100.386,96.36,96.36,83.1509,218.08,220.272,234.723,162.161,144.029,123.204,121.453,109.465,139.396,147.777,197.682,246.077,221.371,185.2,147.777,126.736,191.402
1995-02-01 00:00:00,2,143.098,161.186,165.099,318.443,329.907,224.681,225.788,219.175,272.969,353.982,514.692,497.097,348.05,246.077,232.477,404.22,444.497,346.742,196.63,209.398,274.162,256.472,208.322,156.346,146.837,126.736,116.257,111.994,,,
1995-01-01 00:00:00,2,110.306,107.792,111.994,124.965,145.899,141.242,126.736,100.386,78.6693,77.1968,80.1526,84.6659,77.1968,80.8982,80.1526,78.6693,67.8098,63.469,64.0837,66.5607,60.4228,59.2172,58.0191,58.6172,66.5607,73.5181,62.245,70.3294,123.204,91.6126,93.1848
1994-12-01 00:00:00,2,70.3294,58.6172,49.8464,43.1519,43.6984,44.247,56.236,72.2375,74.1611,74.1611,61.6357,52.7215,49.8464,49.8464,56.236,66.5607,61.6357,91.6126,92.3974,87.7273,82.3973,118.844,269.401,367.353,552.638,498.843,388.645,261.145,205.108,161.186,134.821
1994-11-01 00:00:00,2,42.6075,40.9871,40.4512,39.9175,37.282,37.282,36.2433,36.7615,35.2136,34.7022,36.7615,35.2136,37.8047,37.8047,43.6984,40.4512,40.4512,42.0652,45.3505,50.9906,57.4228,51.5656,48.1453,47.0212,42.6075,43.1519,40.4512,42.0652,74.1611,80.1526,
1994-10-01 00:00:00,2,40.9871,41.5251,41.5251,37.282,37.8047,39.9175,40.9871,45.3505,45.3505,47.0212,44.7977,45.3505,39.9175,43.1519,40.4512,41.5251,41.5251,40.4512,39.9175,41.5251,38.8567,40.4512,38.8567,38.8567,37.8047,38.3296,38.8567,39.386,42.0652,44.7977,44.7977
1994-09-01 00:00:00,2,48.1453,48.1453,47.0212,48.1453,47.0212,44.7977,44.247,44.7977,45.3505,48.1453,45.9054,45.3505,42.6075,44.7977,45.3505,46.4623,44.7977,44.7977,44.247,45.3505,42.0652,42.6075,42.6075,42.6075,39.9175,39.9175,38.8567,38.8567,39.9175,43.1519,
1994-08-01 00:00:00,2,52.1426,54.4701,52.1426,52.1426,50.9906,52.1426,51.5656,53.8853,48.1453,50.4175,52.7215,53.3025,53.3025,52.7215,52.1426,50.4175,50.9906,52.7215,52.1426,50.9906,50.9906,49.2774,48.1453,49.8464,50.4175,49.2774,48.7103,49.8464,48.7103,45.9054,47.5822
1994-07-01 00:00:00,2,65.3186,65.9387,63.469,61.6357,62.8561,65.3186,64.7003,61.6357,64.0837,60.4228,58.0191,56.236,58.6172,59.819,58.6172,59.819,59.819,58.0191,61.6357,59.2172,61.0283,60.4228,59.819,56.236,58.0191,55.6455,57.4228,56.8285,57.4228,55.0568,56.8285
1994-06-01 00:00:00,2,77.1968,77.9317,72.2375,73.5181,72.2375,70.9637,69.6969,69.6969,69.6969,69.0661,68.4371,67.8098,68.4371,65.9387,67.8098,69.6969,67.8098,63.469,64.7003,61.6357,62.8561,62.8561,64.7003,67.1844,70.9637,74.8057,82.3973,74.8057,72.2375,66.5607,
1994-05-01 00:00:00,2,72.8769,73.5181,74.1611,75.452,74.1611,76.4645,79.4096,70.3294,67.8098,71.5997,72.2375,65.9387,69.6969,66.5607,67.8098,145.899,200.852,241.511,195.58,142.169,110.306,101.199,92.3974,94.7673,93.1848,85.4273,81.6464,80.8982,79.4096,83.907,77.9317
1994-04-01 00:00:00,2,107.792,111.148,118.844,124.965,112.841,106.959,110.306,117.117,106.959,103.653,86.958,81.6464,76.4645,78.6693,80.1526,86.1913,100.386,102.014,99.5759,111.148,141.242,132.105,104.476,96.36,84.6659,87.7273,86.958,84.6659,81.6464,77.9317,
1994-03-01 00:00:00,2,72.8769,70.9637,88.4992,102.832,97.9629,142.169,252.989,222.472,212.638,166.083,139.396,149.666,146.837,191.402,167.069,146.837,127.624,108.628,99.5759,144.029,171.036,200.852,171.036,181.109,205.108,160.214,136.644,134.821,136.644,124.083,116.257
1994-02-01 00:00:00,2,163.138,146.837,137.559,130.305,130.305,114.544,113.691,112.841,106.959,104.476,100.386,99.5759,96.36,88.4992,87.7273,84.6659,85.4273,82.3973,79.4096,76.1,74.8057,72.8769,69.0661,69.0661,67.1844,69.0661,70.9637,69.6969,,,
1994-01-01 00:00:00,2,206.177,195.58,195.58,362.869,415.305,436.289,486.687,556.322,336.344,320.977,439.563,437.924,399.515,376.405,578.684,528.988,483.241,312.141,256.472,249.524,269.401,298.448,322.247,293.527,258.805,236.977,228.009,224.681,215.897,192.443,195.58
1993-12-01 00:00:00,2,87.7273,73.5182,64.7002,67.1844,70.3294,65.3186,65.9387,62.245,63.469,59.2172,67.8098,119.711,144.963,116.257,86.958,73.5182,67.8098,67.8098,66.5607,72.8769,79.4096,83.1509,92.3974,104.476,97.9629,96.36,104.476,92.3974,94.7673,115.399,163.138
1993-11-01 00:00:00,2,72.2375,67.1844,65.9387,68.4371,69.6969,72.2375,70.9637,81.6464,79.4096,79.4096,71.5997,53.8853,51.5656,52.1426,49.2774,42.0652,40.9871,37.8047,37.8047,38.3296,38.8567,43.6984,41.5251,58.6172,62.8561,86.958,87.7273,94.7673,106.129,96.36,
1993-10-01 00:00:00,2,59.2172,56.236,60.4228,69.0661,66.5607,69.6969,79.4096,83.907,79.4096,74.8057,68.4371,56.8285,62.8561,56.8285,58.6172,49.8464,50.4175,48.1453,48.7103,51.5656,66.5607,67.1844,69.0661,66.5607,68.4371,71.5997,78.6693,99.5759,94.7673,84.6658,77.9317
1993-09-01 00:00:00,2,50.4175,49.8464,49.8464,50.4175,48.7103,47.0212,46.4623,41.5251,44.7977,48.1453,48.1453,45.3505,48.1453,48.1453,50.9906,49.2774,50.9906,52.1426,51.5656,50.9906,45.9054,49.8464,50.4175,63.469,59.819,61.6357,61.6357,56.236,58.0191,59.819,
1993-08-01 00:00:00,2,59.819,59.2172,55.6455,55.6455,56.8285,59.2172,57.4228,55.6455,55.6455,56.236,54.4701,55.0568,55.6455,54.4701,52.1426,55.6455,52.7215,55.0568,55.0568,55.0568,54.4701,54.4701,55.6455,53.3025,54.4701,57.4228,52.7215,55.0568,52.1426,50.9906,49.2774
1993-07-01 00:00:00,2,71.5997,70.3294,69.6969,69.6969,69.6969,66.5607,66.5607,66.5607,66.5607,64.0837,61.6357,60.4228,63.469,61.0283,60.4228,61.0283,61.0283,61.0283,59.2172,58.6172,58.0191,61.6357,60.4228,58.6172,59.819,59.2172,58.6172,59.2172,59.819,60.4228,59.2172
1993-06-01 00:00:00,2,74.8057,76.1,98.7681,90.8304,77.9317,96.36,152.515,162.161,137.559,106.129,96.36,93.1848,83.907,78.6693,74.1611,84.6659,86.958,84.6659,80.8982,84.6659,76.1,77.1968,77.1968,76.4645,72.2375,77.1968,74.1611,73.5181,72.8769,73.5181,
1993-05-01 00:00:00,2,91.6126,95.5624,93.1848,93.1848,82.3973,77.9317,93.9748,99.5759,95.5624,93.1848,80.1526,78.6693,79.4096,80.8982,81.6464,93.1848,95.5624,93.1848,79.4096,80.1526,77.9317,77.1968,76.1,80.1526,80.1526,74.1611,72.8769,74.1611,80.8982,77.1968,78.6693
1993-04-01 00:00:00,2,117.117,123.204,122.327,126.736,153.469,142.169,123.204,132.105,133.913,146.837,145.899,166.083,146.837,118.844,111.994,106.959,117.979,138.476,162.161,145.899,111.148,108.628,100.386,103.653,99.5759,97.9629,94.7673,92.3974,88.4992,88.4992,
1993-03-01 00:00:00,2,265.85,209.398,182.128,198.737,185.2,147.777,133.008,106.959,104.476,104.476,101.199,101.199,100.386,107.792,109.465,104.476,106.959,99.5759,104.476,120.58,160.214,168.057,132.105,135.732,132.105,129.409,128.516,121.453,125.849,121.453,113.691
1993-02-01 00:00:00,2,102.832,102.014,127.624,207.249,199.793,211.556,239.24,229.123,164.118,142.169,168.057,168.057,208.322,230.239,246.077,287.421,282.572,212.638,176.045,157.31,151.563,144.029,133.913,202.975,277.754,309.634,351.045,299.683,,,
1993-01-01 00:00:00,2,191.402,156.346,137.559,153.469,153.469,155.385,221.371,184.174,182.128,177.053,173.033,191.402,187.258,166.083,144.963,135.732,124.083,125.849,117.979,125.849,160.214,209.398,206.177,213.722,205.108,192.443,165.099,134.821,125.849,120.58,108.628
1992-12-01 00:00:00,2,89.2736,94.7673,117.117,142.169,130.305,202.975,167.069,144.029,118.844,136.644,161.186,302.159,459.465,415.305,345.435,263.494,200.852,265.85,345.435,329.907,345.435,259.974,218.08,166.083,144.029,144.963,198.737,205.108,228.009,241.511,249.524
1992-11-01 00:00:00,2,156.346,230.239,259.974,299.683,384.031,442.849,401.08,329.907,324.793,283.781,224.681,173.033,144.963,139.396,140.318,124.965,116.257,112.841,108.628,89.2736,86.958,92.3974,93.1848,94.7673,92.3974,97.9629,86.958,92.3974,88.4992,90.8304,
1992-10-01 00:00:00,2,78.6693,69.0661,76.1001,81.6464,68.4371,69.6969,72.8769,77.1968,78.6693,93.1848,100.386,98.7681,81.6464,72.8769,67.1844,61.0283,61.0283,58.0191,56.8285,55.6455,56.8285,58.0191,67.1844,78.6693,92.3974,88.4992,82.3973,81.6464,99.5759,136.644,146.837
1992-09-01 00:00:00,2,53.8853,53.8853,53.8853,53.8853,52.7215,61.6357,63.469,76.1,72.8769,67.8098,62.245,58.6172,56.8285,56.236,56.8285,54.4701,67.8098,74.1611,76.4645,71.5997,68.4371,61.6357,59.819,59.2172,56.8285,57.4228,62.8561,77.9317,96.36,97.9629,
1992-08-01 00:00:00,2,63.469,62.8561,59.819,58.6172,57.4228,56.8285,57.4228,58.6172,56.8285,56.236,55.0568,62.245,66.5607,67.1844,64.7003,63.469,60.4228,56.8285,56.8285,57.4228,56.8285,56.8285,59.2172,57.4228,54.4701,58.0191,53.8853,54.4701,53.8853,54.4701,54.4701
1992-07-01 00:00:00,2,72.2375,72.2375,70.3294,67.1844,67.1844,67.1844,69.6969,68.4371,65.3186,64.0837,64.0837,64.7003,65.3186,65.3186,64.0837,70.3294,64.7003,66.5607,65.9387,65.3186,68.4371,59.819,63.469,66.5607,72.2375,64.7003,59.2172,61.6357,62.8561,64.0837,61.0283
1992-06-01 00:00:00,2,86.958,84.6659,83.1509,81.6464,83.907,83.907,82.3973,79.4096,76.1,74.8057,76.1,74.8057,79.4096,76.4645,76.1,78.6693,76.4645,77.1968,76.4645,76.1,70.9637,74.1611,74.1611,75.452,73.5181,75.452,72.8769,72.8769,77.1968,76.4645,
1992-05-01 00:00:00,2,109.465,106.959,106.129,104.476,115.399,130.305,133.008,144.963,137.559,118.844,106.129,100.386,99.5759,93.1848,96.36,96.36,96.36,94.7673,87.7273,85.4273,93.1848,104.476,103.653,103.653,104.476,100.386,93.9748,92.3974,88.4992,83.907,80.1526
1992-04-01 00:00:00,2,107.792,113.691,115.399,128.516,132.105,130.305,119.711,112.841,115.399,125.849,119.711,114.544,108.628,106.959,110.306,119.711,156.346,168.057,167.069,150.613,117.117,111.994,109.465,108.628,111.994,121.453,123.204,120.58,117.117,111.994,
1992-03-01 00:00:00,2,229.123,240.374,241.511,239.24,209.398,175.038,144.029,142.169,142.169,134.821,125.849,132.105,148.72,168.057,166.083,162.161,144.029,139.396,147.777,193.487,183.15,171.036,145.899,125.849,120.58,130.305,130.305,133.913,142.169,148.72,121.453
1992-02-01 00:00:00,2,511.148,421.706,442.849,688.869,788.752,777.805,782.174,674.571,590.031,479.808,396.394,315.916,268.215,248.373,215.897,199.793,196.63,188.291,190.363,183.15,175.038,162.161,160.214,155.385,153.469,157.31,159.243,172.033,195.58,,
1992-01-01 00:00:00,2,113.691,120.58,118.844,111.148,130.305,174.035,214.808,202.975,155.385,168.057,137.559,112.841,92.3974,117.117,194.532,231.357,240.374,241.511,239.24,225.788,340.229,514.692,578.684,739.028,844.635,966.998,895.394,634.546,527.191,486.687,528.988
1991-12-01 00:00:00,2,149.666,137.559,133.008,129.409,124.965,111.994,81.6464,81.6464,83.1509,80.8982,100.386,124.965,128.516,117.117,145.899,160.214,133.913,100.386,92.3974,111.148,132.105,128.516,124.965,117.117,102.832,98.7681,102.014,102.014,109.465,108.628,117.117
1991-11-01 00:00:00,2,47.5822,53.8853,62.8561,76.1,70.3294,58.6172,55.0568,67.8098,59.819,72.2375,64.0837,64.0837,59.2172,69.6969,81.6464,83.907,68.4371,76.4645,87.7273,73.5181,75.452,75.452,69.0661,70.9637,72.2375,68.4371,68.4371,70.9637,96.36,135.732,
1991-10-01 00:00:00,2,74.8057,89.2736,98.7681,114.544,103.653,87.7273,96.36,115.399,136.644,130.305,112.841,87.7273,76.4645,61.6357,61.0283,57.4228,58.0191,70.3294,90.8304,127.624,93.9748,78.6693,60.4228,57.4228,55.0568,52.1426,52.1426,49.8464,49.2774,46.4623,45.9054
1991-09-01 00:00:00,2,43.1519,43.1519,44.247,44.247,49.2774,52.7215,43.1519,42.6075,42.0652,44.7977,44.7977,43.1519,44.247,43.1519,41.5251,41.5251,43.1519,43.6984,43.6984,44.247,45.9054,45.3505,45.3505,44.7977,43.6984,53.8853,58.6172,56.8285,56.8285,62.245,
1991-08-01 00:00:00,2,52.1426,49.8464,50.4175,50.9906,50.9906,56.8285,55.0568,52.1426,50.4175,49.8464,55.0568,53.3025,47.5822,47.5822,50.4175,48.1453,45.9054,46.4623,47.0212,49.8464,47.0212,46.4623,46.4623,48.1453,45.9054,48.7103,47.5822,49.2774,45.9054,45.3505,44.7977
1991-07-01 00:00:00,2,73.5181,63.469,58.6172,57.4228,55.0568,49.8464,50.9906,55.0568,52.7215,52.7215,52.7215,52.7215,51.5656,52.1426,52.1426,53.8853,56.236,56.8285,56.236,56.8285,55.6455,50.4175,55.6455,56.8285,56.236,57.4228,53.8853,52.1426,50.9906,53.3025,51.5656
1991-06-01 00:00:00,2,74.1611,74.8057,72.8769,72.8769,73.5182,72.8769,71.5997,69.0661,72.2375,73.5182,68.4371,72.2375,73.5182,68.4371,67.8098,70.3294,69.0661,71.5997,67.8098,61.0283,65.3186,63.469,63.469,58.6172,55.6455,66.5607,72.2375,70.3294,65.9387,67.1844,
1991-05-01 00:00:00,2,125.849,109.465,94.7673,98.7681,96.36,91.6126,92.3974,92.3974,92.3974,90.8304,85.4273,83.1509,83.907,83.1509,82.3973,84.6658,81.6464,84.6658,87.7273,90.0507,83.907,83.907,85.4273,82.3973,84.6658,82.3973,76.4645,75.452,77.9317,79.4096,73.5182
1991-04-01 00:00:00,2,209.398,208.322,282.572,263.494,243.79,189.326,144.029,129.409,119.711,119.711,116.257,119.711,115.399,106.129,108.628,103.653,104.476,99.5759,97.9629,101.199,108.628,100.386,97.1602,89.2736,86.1913,92.3974,139.396,210.476,259.974,182.128,
1991-03-01 00:00:00,2,131.204,132.105,129.409,172.033,158.275,156.346,154.426,139.396,126.736,117.117,114.544,114.544,111.148,113.691,116.257,110.306,101.199,89.2736,82.3973,80.1526,87.7273,126.736,195.58,190.363,208.322,236.977,220.272,204.04,213.722,177.053,163.138
1991-02-01 00:00:00,2,498.843,416.901,312.141,272.969,243.79,220.272,197.682,221.371,214.808,189.326,218.08,214.808,214.808,223.575,220.272,179.077,147.777,125.849,248.373,248.373,252.989,224.681,183.15,148.72,171.036,143.098,127.624,125.849,,,
1991-01-01 00:00:00,2,53.3025,50.9906,47.0212,67.1844,86.1913,118.844,169.048,145.899,109.465,92.3974,86.958,120.58,250.677,466.197,497.097,636.518,644.438,603.407,518.248,429.777,346.742,261.145,236.977,248.373,256.472,265.85,315.916,554.478,630.611,678.641,563.727
1990-12-01 00:00:00,2,75.452,64.7003,57.4228,55.6455,51.5656,46.4623,47.5822,47.5822,51.5656,52.7215,60.4228,64.7003,100.386,91.6126,84.6659,72.8769,72.2375,83.907,77.9317,73.5181,63.469,61.6357,64.7003,64.0837,58.6172,68.4371,70.9637,70.9637,68.4371,60.4228,58.0191
1990-11-01 00:00:00,2,42.0652,45.3505,41.5251,39.9175,42.0652,44.247,50.4175,56.236,54.4701,49.2774,47.5822,52.7215,59.2172,47.0212,44.7977,45.9054,39.9175,41.5251,43.6984,44.7977,43.1519,44.247,49.2774,46.4623,59.2172,61.0283,53.8853,62.245,68.4371,77.1968,
1990-10-01 00:00:00,2,42.0652,42.6075,42.0652,39.386,42.6075,42.6075,41.5251,41.5251,43.1519,43.6984,42.0652,40.4512,43.1519,42.6075,41.5251,41.5251,40.9871,41.5251,49.2774,51.5656,53.8853,52.7215,52.7215,52.7215,50.4175,47.0212,45.9054,45.3505,42.0652,43.6984,42.0652
1990-09-01 00:00:00,2,48.7103,48.7103,48.7103,48.1453,49.8464,52.7215,45.3505,39.9175,41.5251,45.3505,42.6075,43.6984,44.247,43.1519,44.7977,62.8561,65.9387,61.6357,52.1426,49.2774,45.9054,45.3505,43.6984,43.1519,43.1519,42.6075,43.6984,41.5251,49.2774,48.1453,
1990-08-01 00:00:00,2,44.7977,45.3505,44.7977,43.6984,41.5251,43.1519,43.6984,43.6984,43.6984,43.6984,43.1519,43.6984,43.6984,44.247,43.6984,43.6984,42.6075,43.1519,50.4175,53.3025,53.8853,52.7215,50.4175,48.1453,48.7103,47.5822,47.5822,46.4623,49.8464,55.6455,53.3025
1990-07-01 00:00:00,2,46.4623,49.2774,48.1453,48.7103,47.5822,51.5656,52.1426,52.1426,53.3025,51.5656,52.7215,49.8464,50.4175,49.2774,48.7103,47.5822,47.0212,49.2774,49.8464,45.9054,45.3505,45.3505,45.3505,45.3505,45.9054,45.3505,43.6984,44.247,43.6984,45.9054,45.3505
1990-06-01 00:00:00,2,53.8853,53.3025,52.7215,49.2774,48.1453,49.2774,49.2774,49.2774,48.1453,48.1453,47.0212,47.5822,53.3025,50.4175,48.1453,48.1453,47.0212,47.0212,47.5822,48.1453,47.5822,47.0212,47.0212,46.4623,46.4623,45.9054,45.9054,46.4623,46.4623,47.0212,
1990-05-01 00:00:00,2,52.7215,55.0568,59.2172,61.0283,60.4228,61.6357,55.6455,58.6172,56.8285,56.236,54.4701,58.6172,59.2172,64.0837,61.0283,60.4228,56.236,62.8561,60.4228,62.8561,64.0837,58.6172,56.8285,54.4701,54.4701,54.4701,54.4701,53.3025,52.1426,53.3025,52.7215
1990-04-01 00:00:00,2,69.6969,67.1844,63.469,61.0283,61.0283,64.0837,56.8285,55.6455,65.3186,60.4228,57.4228,69.6969,62.8561,68.4371,59.2172,69.6969,83.907,111.148,84.6659,84.6659,83.907,79.4096,69.0661,59.819,66.5607,56.236,52.7215,56.236,52.7215,53.3025,
1990-03-01 00:00:00,2,178.064,156.346,144.029,136.644,99.5759,88.4992,77.9317,84.6659,72.8769,75.452,67.1844,66.5607,68.4371,56.236,88.4992,84.6659,72.8769,86.1913,100.386,93.1848,86.1913,75.452,86.958,102.832,92.3974,96.36,90.0507,81.6464,82.3973,80.8982,70.3294
1990-02-01 00:00:00,2,72.2375,68.4371,65.9387,65.9387,64.7003,64.7003,60.4228,64.0837,60.4228,59.819,62.8561,66.5607,62.8561,77.9317,96.36,155.385,197.682,125.849,97.1602,77.1968,74.1611,72.2375,137.559,136.644,114.544,112.841,101.199,130.305,,,
1990-01-01 00:00:00,2,248.373,329.907,353.982,373.375,384.031,335.053,289.858,254.148,210.476,171.036,146.837,138.476,128.516,119.711,106.959,107.792,109.465,111.994,105.301,90.8304,76.4645,74.8057,78.6693,72.2375,74.1611,80.8982,107.792,108.628,76.4645,76.1,72.2375
1989-12-01 00:00:00,2,86.1913,67.8098,61.0283,58.6172,58.0191,49.2774,48.7103,46.4623,50.9906,50.4175,58.6172,96.36,165.099,281.365,310.886,310.886,261.145,212.638,187.258,289.858,481.523,338.932,267.032,236.977,196.63,171.036,158.275,126.736,125.849,153.469,173.033
1989-11-01 00:00:00,2,49.2774,47.5822,45.3505,41.5251,43.6984,45.3505,47.5822,43.1519,40.4512,48.1453,55.6455,60.4228,103.653,109.465,113.691,92.3974,78.6693,104.476,92.3974,101.199,96.36,135.732,105.301,94.7673,80.8982,74.1611,64.0837,64.0837,77.1968,93.1848,
1989-10-01 00:00:00,2,50.9906,49.2774,52.1426,52.1426,46.4623,45.9054,43.1519,43.6984,42.0652,40.9871,40.4512,42.6075,45.3505,46.4623,45.9054,44.7977,53.3025,52.7215,61.0283,57.4228,53.3025,48.7103,48.1453,48.7103,50.9906,48.7103,48.7103,47.5822,51.5656,52.1426,48.1453
1989-09-01 00:00:00,2,52.1426,51.5656,48.7103,45.9054,49.2774,49.8464,47.0212,45.9054,53.8853,48.7103,47.0212,47.0212,45.9054,43.6984,43.6984,43.6984,42.6075,44.247,41.5251,41.5251,48.7103,45.9054,45.9054,42.6075,43.6984,43.6984,41.5251,50.9906,49.8464,61.0283,
1989-08-01 00:00:00,2,50.9906,56.236,52.7215,49.8464,47.5822,47.0212,47.0212,45.3505,42.6075,39.386,37.8047,38.8567,39.9175,40.9871,39.9175,39.386,42.0652,44.7977,44.247,43.6984,44.7977,43.1519,41.5251,40.4512,41.5251,41.5251,42.0652,43.1519,43.6984,51.5656,59.819
1989-07-01 00:00:00,2,52.1426,50.9906,49.8464,49.8464,49.2774,50.4175,52.1426,53.3025,53.8853,56.236,55.6455,52.7215,51.5656,48.7103,49.2774,38.3296,38.8567,43.6984,44.7977,41.5251,40.9871,41.5251,40.9871,40.9871,43.6984,44.247,44.247,44.7977,45.9054,45.9054,49.8464
1989-06-01 00:00:00,2,53.8853,50.4175,47.0212,45.9054,47.0212,48.7103,56.236,49.2774,52.1426,52.1426,55.6455,61.0283,62.8561,62.8561,60.4228,58.6172,56.8285,55.0568,55.0568,53.8853,52.1426,50.9906,49.8464,50.4175,51.5656,53.3025,51.5656,49.8464,47.5822,46.4623,
1989-05-01 00:00:00,2,59.819,62.245,60.4228,62.245,61.0283,59.819,59.2172,62.8561,59.2172,61.6357,60.4228,60.4228,58.0191,58.0191,57.4228,55.6455,58.0191,57.4228,56.236,58.6172,59.2172,56.8285,58.6172,58.0191,53.3025,53.8853,54.4701,55.6455,55.0568,53.3025,51.5656
1989-04-01 00:00:00,2,83.1509,67.8098,61.6357,64.0837,69.0661,65.3186,62.245,69.0661,70.9637,68.4371,60.4228,56.8285,61.6357,61.0283,67.8098,66.5607,65.9387,64.0837,62.245,65.3186,64.0837,61.0283,65.9387,61.0283,61.6357,65.9387,59.2172,58.6172,56.236,56.8285,
1989-03-01 00:00:00,2,82.3598,100.684,133.82,148.37,142.827,141.002,151.181,194.337,196.475,196.475,172.592,159.77,156.881,172.592,245.23,274.763,240.469,198.624,185.903,143.743,106.959,96.36,91.6126,86.1913,92.3974,78.6693,78.6693,80.8982,75.452,76.4645,72.2375
1989-02-01 00:00:00,2,61.6154,58.4843,68.0597,70.0396,72.7125,75.4227,80.2547,107.614,120.356,150.241,189.044,282.406,252.457,196.475,259.789,247.627,224.17,225.316,173.598,160.739,146.511,130.298,137.388,128.555,129.425,104.513,99.1677,91.7162,,,
1989-01-01 00:00:00,2,64.8075,67.4045,79.5575,92.4515,111.538,132.053,137.388,132.053,132.935,152.124,128.555,165.627,154.969,146.511,139.189,143.743,141.913,133.82,117.121,112.33,111.538,94.6706,83.0661,81.6558,83.0661,69.3773,62.885,60.3556,64.8075,62.885,56.0237
1988-12-01 00:00:00,2,56.6351,56.0237,59.1056,62.885,59.1056,56.0237,50.048,48.8834,48.305,56.6351,100.684,82.3598,83.7746,77.4798,83.7746,96.9093,104.513,106.059,105.285,96.1609,92.4515,105.285,106.059,127.688,134.707,128.555,126.823,120.356,116.317,85.9137,68.7173
1988-11-01 00:00:00,2,51.2229,56.6351,62.885,66.7517,78.8626,79.5575,76.7918,80.2547,70.7043,63.5234,61.6154,57.8654,56.0237,48.305,53.6031,62.249,73.3865,62.885,57.8654,51.2229,49.4644,47.7291,74.0629,81.6558,80.9541,76.7918,68.7173,66.7517,67.4045,57.8654,
1988-10-01 00:00:00,2,54.8084,54.8084,51.2229,50.6341,48.305,54.8084,57.249,57.249,56.0237,49.4644,44.889,47.1559,47.7291,52.4079,53.6031,59.1056,47.7291,44.3289,54.2045,53.6031,61.6154,80.2547,93.189,116.317,100.684,75.4227,75.4227,57.249,58.4843,74.0629,65.4532
1988-09-01 00:00:00,2,37.2908,38.8743,36.7685,37.8159,37.8159,37.2908,38.3437,36.7685,37.8159,36.2489,37.2908,37.2908,38.3437,38.3437,37.2908,36.2489,36.2489,36.7685,46.5852,35.7321,44.889,41.0239,36.7685,37.2908,36.2489,37.2908,38.3437,36.7685,36.2489,55.4148,
1988-08-01 00:00:00,2,41.568,39.4076,39.9436,42.1148,43.2165,41.0239,41.568,41.568,41.0239,41.0239,41.0239,39.9436,39.9436,39.9436,39.4076,41.0239,40.4824,42.1148,40.4824,41.568,40.4824,39.9436,38.8743,38.8743,39.9436,39.9436,39.9436,39.9436,38.8743,38.3437,38.3437
1988-07-01 00:00:00,2,48.305,47.7291,48.8834,46.0172,45.4518,44.889,48.305,48.8834,47.1559,47.7291,45.4518,44.889,45.4518,44.3289,44.889,44.3289,43.7714,44.3289,44.3289,44.3289,43.7714,43.7714,44.3289,44.889,43.7714,42.6644,41.568,42.6644,44.3289,40.4824,40.4824
1988-06-01 00:00:00,2,61.6154,58.4843,57.8654,54.2045,59.1056,58.4843,54.8084,58.4843,56.6351,56.0237,54.8084,56.0237,56.0237,54.2045,53.6031,57.249,53.6031,55.4148,51.8141,50.048,51.2229,51.8141,51.8141,52.4079,49.4644,52.4079,49.4644,47.7291,47.7291,47.1559,
1988-05-01 00:00:00,2,61.6154,58.4843,56.6352,51.2229,60.9843,59.1056,58.4843,59.7294,57.2491,56.0237,54.8084,54.8084,53.6031,56.0237,50.6341,54.2045,53.0042,54.2045,56.0237,55.4148,57.8654,59.7294,53.6031,57.8654,54.8084,54.2045,59.7294,59.1056,59.7294,63.5234,62.885
1988-04-01 00:00:00,2,78.8626,72.0407,78.8626,85.1984,100.684,99.9248,96.1609,83.0661,68.7173,69.3773,72.7125,72.7125,74.7417,76.1061,75.4227,79.5575,76.1061,72.0407,72.0407,68.7173,78.8626,66.7517,68.7173,71.3713,72.7125,72.7125,68.7173,68.7173,65.4532,68.7173,
1988-03-01 00:00:00,2,110.749,108.395,112.33,160.739,423.314,374.888,318.142,242.844,175.62,141.913,124.248,108.395,104.513,107.614,93.189,85.9137,89.5236,93.189,99.9248,88.0729,100.684,93.189,89.5236,77.4798,74.7417,73.3865,74.7417,74.7417,74.0629,66.7517,70.7043
1988-02-01 00:00:00,2,74.7417,106.059,95.4146,137.388,185.903,197.548,170.587,191.152,189.044,229.926,298.004,333.676,311.203,284.977,225.316,200.785,238.106,291.454,312.585,261.021,208.438,160.739,137.388,145.585,135.598,127.688,117.121,119.544,110.749,,
1988-01-01 00:00:00,2,127.688,218.487,248.831,196.475,185.903,191.152,144.663,142.827,155.924,155.924,166.613,173.598,173.598,161.711,137.388,126.823,108.395,106.836,106.836,95.4146,89.5236,78.8626,77.4798,77.4798,75.4227,74.0629,75.4227,72.0407,73.3865,72.0407,74.0629
1987-12-01 00:00:00,2,97.6599,78.8626,63.5234,61.6154,76.1061,89.5236,134.707,132.053,128.555,132.935,197.548,235.755,247.627,284.977,262.256,206.237,164.644,144.663,161.711,304.625,401.08,368.854,339.417,267.224,208.438,169.589,123.395,100.684,96.9093,104.513,104.513
1987-11-01 00:00:00,2,64.1643,74.7417,68.7173,55.4148,49.4644,45.4518,42.6644,40.4824,42.1148,44.3289,40.4824,38.3437,35.7321,35.7321,37.8159,44.3289,66.7517,92.4515,108.395,89.5236,63.5234,47.7291,44.889,47.1559,44.3289,47.1559,53.6031,59.1056,64.8075,93.189,
1987-10-01 00:00:00,2,43.2165,43.2165,51.2229,44.889,43.7714,41.0239,41.0239,42.1148,51.8141,44.889,51.2229,42.1148,41.0239,46.5852,51.2229,46.0172,43.7714,43.2165,43.2165,35.2182,41.568,53.6031,53.6031,59.1056,72.7125,60.3556,53.6031,50.6341,58.4843,57.249,60.3556
1987-09-01 00:00:00,2,36.7685,35.2182,37.8159,39.4076,41.568,37.8159,35.2182,35.7321,49.4644,46.5852,41.0239,42.1148,44.3289,42.1148,40.4824,39.4076,38.3437,44.889,46.0172,57.8654,65.4532,64.1643,52.4079,70.7043,62.885,62.249,54.8084,50.048,48.305,53.0042,
1987-08-01 00:00:00,2,44.3289,43.7714,41.568,43.2165,42.6644,43.2165,43.2165,44.889,44.3289,43.2165,44.3289,43.2165,44.3289,44.3289,43.7714,42.6644,42.6644,40.4824,39.9436,41.568,41.0239,41.0239,40.4824,42.1148,39.4076,40.4824,43.7714,43.2165,43.2165,39.9436,37.8159
1987-07-01 00:00:00,2,53.0042,53.0042,53.0042,54.8084,51.8141,51.8141,50.048,48.8834,48.305,48.8834,47.1559,51.2229,50.048,51.2229,50.6341,51.2229,51.8141,51.8141,49.4644,50.048,49.4644,50.048,48.8834,50.6341,49.4644,48.8834,46.5852,45.4518,46.0172,43.7714,43.2165
1987-06-01 00:00:00,2,63.5234,57.8654,57.8654,57.8654,59.7294,60.3556,59.1056,55.4148,60.3556,72.0407,70.0396,73.3865,68.7173,65.4532,57.2491,57.2491,56.6352,57.2491,55.4148,55.4148,53.6031,53.6031,56.0237,56.0237,56.6352,55.4148,53.0042,53.0042,53.0042,53.0042,
1987-05-01 00:00:00,2,59.1056,65.4532,68.0597,67.4045,62.249,54.2045,60.3556,60.9843,59.1056,59.1056,59.1056,57.249,58.4843,57.249,57.8654,59.1056,60.3556,65.4532,60.9843,59.1056,60.9843,68.0597,66.1012,65.4532,57.249,59.1056,62.249,62.249,64.1643,63.5234,60.9843
1987-04-01 00:00:00,2,70.7043,72.0407,76.7918,74.7417,84.4854,109.962,132.053,136.491,116.317,112.33,112.33,96.1609,93.9287,100.684,93.189,73.3865,74.0629,65.4532,74.7417,76.7918,70.0396,70.0396,70.0396,71.3713,71.3713,72.7125,76.7918,73.3865,70.7043,67.4045,
1987-03-01 00:00:00,2,100.684,100.684,99.9248,91.7162,88.0729,85.1984,82.3598,72.7125,88.7971,112.33,155.924,163.663,120.356,110.749,89.5236,93.189,93.189,85.1984,88.7971,92.4515,96.9093,85.9137,90.2522,89.5236,96.1609,96.9093,96.1609,88.7971,80.2547,78.8626,69.3773
1987-02-01 00:00:00,2,146.511,135.598,144.663,118.734,114.716,116.317,110.749,110.749,103.743,145.585,150.241,151.181,128.555,121.987,119.544,120.356,137.388,144.663,175.62,210.651,210.651,154.969,150.241,132.935,118.734,106.836,106.836,104.513,,,
1987-01-01 00:00:00,2,692.981,507.617,481.523,382.5,304.625,241.655,191.152,150.241,146.511,145.585,130.298,114.716,116.317,141.913,179.698,180.725,174.608,207.336,181.755,164.644,166.613,170.587,159.77,160.739,170.587,184.861,193.273,191.152,194.337,173.598,155.924
1986-12-01 00:00:00,2,75.4227,75.4227,80.2547,89.5236,96.9093,95.4146,79.5575,56.6351,56.6351,70.0396,63.5234,61.6154,69.3773,74.0629,83.7746,100.684,115.515,95.4146,75.4227,69.3773,66.7517,69.3773,82.3598,111.538,329.403,472.978,672.541,678.641,726.323,720.012,722.113
1986-11-01 00:00:00,2,33.6931,32.6905,34.1986,32.1934,34.1986,33.6931,33.6931,34.1986,32.6905,51.2229,37.8159,51.8141,57.8654,60.3556,65.4532,54.8084,51.2229,49.4644,48.8834,47.1559,46.0172,46.5852,48.305,50.6341,49.4644,47.7291,43.7714,47.1559,50.048,58.4843,
1986-10-01 00:00:00,2,47.1559,53.6031,50.6341,48.305,50.048,62.249,58.4843,46.0172,43.7714,43.2165,42.1148,41.568,40.4824,39.9436,41.0239,42.1148,41.0239,41.0239,41.0239,41.0239,43.2165,39.4076,38.8743,42.6644,41.568,41.568,41.0239,36.2489,36.7685,38.3437,37.2908
1986-09-01 00:00:00,2,74.7417,70.0396,61.6154,56.0237,51.8141,61.6154,54.8084,60.3556,60.9843,56.0237,56.6351,58.4843,57.8654,48.8834,50.6341,48.8834,50.048,43.7714,47.7291,50.6341,44.889,46.0172,48.305,46.5852,47.1559,59.1056,59.7294,59.1056,42.6644,50.048,
1986-08-01 00:00:00,2,58.4843,58.4843,59.7294,60.3556,59.7294,60.3556,60.3556,56.6351,60.3556,53.6031,60.3556,57.249,55.4148,62.885,56.0237,54.8084,77.4798,74.7417,76.7918,75.4227,72.0407,74.0629,80.9541,89.5236,92.4515,74.0629,90.9831,96.9093,79.5575,73.3865,76.7918
1986-07-01 00:00:00,2,55.4148,54.2045,64.1643,64.8075,70.7043,72.0407,70.7043,70.0396,65.4532,65.4532,62.249,57.249,55.4148,57.8654,56.0237,54.8084,53.0042,53.6031,59.7294,57.8654,54.2045,54.8084,56.0237,63.5234,75.4227,76.1061,72.0407,66.1012,66.7517,59.7294,59.1056
1986-06-01 00:00:00,2,74.7417,74.0629,75.4227,78.8626,76.7918,75.4227,74.0629,68.7173,68.7173,68.7173,72.0407,69.3773,62.249,68.0597,66.7517,68.7173,64.1643,66.7517,68.7173,66.1012,66.1012,66.7517,64.8075,63.5234,60.9843,59.1056,60.3556,64.1643,60.9843,56.0237,
1986-05-01 00:00:00,2,78.8626,81.6558,78.1701,81.6558,77.4798,74.0629,72.0407,66.7517,69.3773,68.0597,69.3773,76.7918,82.3598,85.9137,102.975,96.1609,87.3509,78.8626,93.189,78.1701,74.7417,76.1061,88.7971,91.7162,74.0629,70.7043,68.7173,73.3865,70.0396,68.7173,66.1012
1986-04-01 00:00:00,2,93.9287,85.9137,86.6312,88.0729,91.7162,85.9137,85.9137,94.6706,91.7162,85.1984,91.7162,91.7162,95.4146,89.5236,90.2522,86.6312,85.9137,85.9137,88.0729,83.7746,82.3598,78.8626,78.8626,81.6558,79.5575,78.1701,93.9287,97.6599,96.9093,93.189,
1986-03-01 00:00:00,2,125.962,141.002,158.804,174.608,176.635,196.475,195.404,152.124,135.598,130.298,124.248,111.538,112.33,104.513,99.9248,101.446,103.743,107.614,107.614,108.395,116.317,104.513,98.4127,111.538,112.33,111.538,104.513,97.6599,104.513,103.743,98.4127
1986-02-01 00:00:00,2,184.861,154.969,143.743,215.111,283.69,298.004,273.5,250.036,229.926,206.237,170.587,156.881,165.627,170.587,284.977,288.855,262.256,332.249,319.539,339.417,335.107,290.153,183.823,164.644,155.924,146.511,156.881,132.935,,,
1986-01-01 00:00:00,2,232.249,343.754,232.249,201.869,174.608,185.903,198.624,204.047,257.333,290.153,327.985,292.759,240.469,391.735,379.446,462.825,407.372,327.985,234.583,189.044,165.627,165.627,165.627,151.181,138.287,139.189,132.935,163.663,196.475,199.703,244.035
1985-12-01 00:00:00,2,113.918,112.33,117.121,124.248,146.511,160.739,159.77,154.018,136.491,112.33,87.3509,72.0407,70.7043,62.885,64.8075,64.1643,67.4045,77.4798,93.9287,83.0661,91.7162,103.743,115.515,103.743,116.317,132.053,151.181,197.548,273.5,322.342,292.759
1985-11-01 00:00:00,2,78.8626,82.3598,100.684,137.388,217.359,261.021,224.17,144.663,116.317,96.9093,81.6558,78.1701,78.8626,68.0597,59.1056,54.2045,53.0042,57.249,57.249,56.0237,57.8654,62.885,66.1012,70.0396,67.4045,83.0661,88.0729,100.684,103.743,100.684,
1985-10-01 00:00:00,2,92.4515,85.9137,99.1677,88.7971,92.4515,91.7162,98.4127,94.6706,95.4146,85.9137,78.8626,64.8075,63.5234,65.4532,67.4045,67.4045,68.0597,64.8075,61.6154,60.3556,50.048,78.1701,71.3713,62.249,64.1643,57.8654,67.4045,84.4854,85.9137,82.3598,89.5236
1985-09-01 00:00:00,2,78.8626,64.8075,74.7417,88.0729,75.4227,68.7173,84.4854,93.189,91.7162,93.189,84.4854,82.3598,74.7417,76.1061,91.7162,71.3713,80.2547,59.1056,75.4227,70.0396,78.8626,68.7173,87.3509,95.4146,96.1609,111.538,108.395,108.395,93.189,87.3509,
1985-08-01 00:00:00,2,85.1984,86.6312,85.1984,85.9137,85.1984,83.7746,83.7746,83.0661,83.0661,77.4798,83.7746,82.3598,85.1984,83.7746,82.3598,83.0661,69.3773,69.3773,72.0407,71.3713,71.3713,80.9541,72.7125,70.7043,76.7918,75.4227,72.0407,77.4798,83.7746,75.4227,78.8626
1985-07-01 00:00:00,2,111.538,90.2523,85.1984,85.1984,99.1677,91.7162,90.2523,90.2523,93.9287,106.836,95.4146,93.189,92.4515,83.7746,88.7971,88.0729,85.1984,86.6312,85.9137,87.351,85.1984,87.351,84.4854,82.3598,83.0661,90.2523,88.7971,76.7918,80.2547,76.7918,90.9831
1985-06-01 00:00:00,2,120.356,113.123,115.515,123.395,105.285,117.927,114.716,114.716,109.177,106.059,105.285,112.33,112.33,106.836,106.059,96.1609,107.614,101.446,98.4127,103.743,100.684,103.743,103.743,105.285,106.059,113.918,101.446,110.749,113.123,101.446,
1985-05-01 00:00:00,2,130.298,130.298,137.388,141.913,148.37,149.304,146.511,134.707,133.82,127.688,129.425,132.053,135.598,128.555,126.823,125.962,123.395,120.356,119.544,121.987,121.987,123.395,122.805,126.823,109.962,125.103,109.177,123.395,117.927,116.317,126.823
1985-04-01 00:00:00,2,332.249,256.11,206.237,187.994,179.698,175.62,173.598,181.755,190.097,185.903,175.62,171.588,164.644,159.77,157.841,170.587,156.881,160.739,155.924,154.969,142.827,137.388,136.491,127.688,122.805,123.395,130.298,125.962,129.425,131.174,
1985-03-01 00:00:00,2,391.735,426.539,407.372,346.661,282.406,312.585,290.153,286.267,370.358,319.539,295.375,361.38,466.197,418.499,415.305,345.206,335.107,457.79,474.681,442.849,351.045,311.203,283.69,233.415,233.415,229.926,209.543,229.926,240.469,254.89,364.36
1985-02-01 00:00:00,2,853.754,703.317,558.169,462.825,348.119,294.066,292.759,298.004,299.322,318.142,313.97,315.358,340.859,325.157,192.211,194.337,204.047,190.097,187.994,175.62,176.635,165.627,182.787,284.977,292.759,281.125,298.004,364.36,,,
1985-01-01 00:00:00,2,335.107,264.776,180.003,155.694,143.263,154.72,151.814,142.328,342.305,560.018,534.4,472.978,323.748,376.405,279.847,229.926,246.427,394.838,373.375,362.869,351.045,429.777,439.563,353.982,402.649,674.571,822.052,966.998,1463.42,1323.3,991.478
1984-12-01 00:00:00,2,126.904,144.201,147.983,182.108,183.165,174.793,168.643,153.748,276.356,346.661,309.825,318.142,252.199,212.867,212.867,255.94,434.656,418.499,292.183,212.867,170.681,308.449,209.457,155.694,134.053,118.244,123.404,172.731,271.179,289.514,312.585
1984-11-01 00:00:00,2,57.5831,58.1782,55.8893,56.4019,41.5852,55.2049,52.4992,49.1898,45.3272,39.7602,37.9663,35.0468,40.3651,44.0663,50.5038,42.8189,45.3272,44.6951,42.2003,55.2049,122.536,194.997,264.776,320.939,264.776,170.681,143.263,134.96,149.893,141.396,
1984-10-01 00:00:00,2,72.7117,71.3837,68.1171,61.2,60.5895,49.8452,54.5236,52.4992,54.5236,53.8456,55.2049,63.6725,45.3272,50.5038,49.8452,56.991,63.6725,65.559,68.7643,80.937,84.4943,94.1011,79.5355,76.7693,68.7643,71.3837,76.0854,70.7242,63.6725,61.2,60.5895
1984-09-01 00:00:00,2,55.2049,74.052,55.2049,64.2982,61.8135,63.0498,76.7693,100.27,159.623,139.542,103.428,101.055,90.345,80.2347,75.4045,72.7117,80.2347,80.937,70.7243,66.1939,76.0854,81.6423,85.9386,75.4045,67.473,67.473,70.7243,78.8394,77.4562,82.3507,
1984-08-01 00:00:00,2,55.2049,53.8456,53.8456,51.1657,46.6014,37.9663,51.1657,49.1898,45.3272,44.6951,45.3272,47.889,55.2049,50.5038,49.8452,47.2436,47.2436,49.1898,51.1657,45.3272,49.1898,49.1898,51.1657,57.5831,55.8893,63.6725,64.2982,63.0498,60.5895,56.4019,60.5895
1984-07-01 00:00:00,2,60.5895,55.8893,58.7765,58.7765,58.7765,58.7765,58.7765,58.7765,49.1898,56.991,56.4019,56.4019,49.8452,55.2049,47.2436,46.6014,50.5038,53.1708,51.1657,54.5236,53.1708,51.8308,39.1588,62.4301,55.2049,53.8456,51.8308,53.1708,53.1708,62.4301,50.5038
1984-06-01 00:00:00,2,66.1939,73.3803,66.1939,94.8615,66.1939,65.559,68.1171,65.559,68.1171,68.7643,59.3778,64.2982,63.6725,73.3803,72.7117,64.9271,64.9271,63.0498,61.8135,64.2982,59.3778,60.5895,59.9821,58.7765,59.9821,61.8135,68.1171,67.473,66.8319,61.8135,
1984-05-01 00:00:00,2,88.8639,88.8639,91.0901,97.9338,92.5895,87.3951,86.6653,80.2347,83.7767,80.937,80.937,80.937,78.1463,82.3507,77.4562,80.937,81.6423,91.0901,75.4045,79.5355,81.6423,77.4562,77.4562,80.937,75.4045,74.052,72.7117,72.7117,68.1171,66.8319,72.0462
1984-04-01 00:00:00,2,120.81,113.196,97.9338,120.81,147.033,144.201,114.029,115.706,113.196,109.072,95.625,91.0901,101.055,96.3915,95.625,94.1011,97.1611,93.3438,88.8639,91.8383,88.8639,88.8639,91.0901,91.8383,91.0901,91.0901,93.3438,88.8639,84.4943,84.4943,
1984-03-01 00:00:00,2,96.3915,99.4883,95.625,92.5895,91.8382,103.428,110.712,109.072,105.829,101.055,100.27,99.4883,113.196,123.404,116.549,114.866,105.025,98.7095,94.1011,92.5895,87.3951,91.8382,105.025,104.225,95.625,85.9386,86.6653,85.2149,82.3507,85.2149,115.706
1984-02-01 00:00:00,2,158.637,152.78,146.086,146.086,146.086,143.263,142.328,143.263,143.263,142.328,137.7,134.96,129.562,144.201,126.025,129.562,118.244,129.562,131.349,134.96,132.247,126.904,119.097,123.404,125.148,125.148,126.904,108.257,104.225,,
1984-01-01 00:00:00,2,257.193,244.8,226.784,250.958,214.01,199.391,364.36,223.264,232.713,217.457,206.074,182.108,204.953,161.606,153.748,167.628,144.201,172.731,157.653,184.226,147.033,162.602,166.617,193.906,188.497,184.226,209.457,203.834,226.784,190.652,169.66
1983-12-01 00:00:00,2,220.932,241.142,298.907,399.515,305.708,269.892,352.512,296.208,252.199,263.504,359.894,429.777,516.468,593.837,560.018,518.248,434.656,457.79,433.027,362.869,353.982,358.412,362.869,359.894,388.645,474.681,447.802,407.372,362.869,340.859,290.847
1983-11-01 00:00:00,2,140.468,130.454,192.818,210.591,217.457,203.834,169.66,143.263,129.562,156.672,150.852,239.928,402.649,359.894,530.789,490.145,452.782,391.735,349.581,305.708,382.5,385.566,377.924,376.405,294.863,257.193,237.511,226.784,277.658,268.608,
1983-10-01 00:00:00,2,117.395,104.225,109.072,109.072,94.1011,125.148,112.365,109.891,116.549,118.244,117.395,116.549,130.454,193.906,258.449,268.608,224.434,196.091,183.165,203.834,187.425,178.955,302.978,294.863,288.185,258.449,211.727,187.425,158.637,159.623,152.78
1983-09-01 00:00:00,2,86.6653,87.3951,88.128,88.8639,99.4883,105.829,122.536,121.672,119.097,107.444,108.257,112.365,115.706,105.829,106.635,112.365,116.549,111.537,117.395,97.9338,126.904,126.025,125.148,119.952,138.62,182.108,164.604,140.468,126.025,119.097,
1983-08-01 00:00:00,2,105.829,105.025,103.428,100.27,99.4883,97.9338,97.1611,98.7095,96.3915,95.625,94.8615,94.8615,94.8615,94.1011,94.8615,92.5895,95.625,97.1611,101.055,94.1011,95.625,98.7095,99.4883,100.27,94.1011,95.625,92.5895,83.0622,81.6423,78.1463,80.2347
1983-07-01 00:00:00,2,145.142,134.053,134.053,125.148,119.952,133.148,119.952,114.866,114.029,116.549,115.706,122.536,113.196,123.404,108.257,111.537,112.365,113.196,119.952,130.454,157.653,171.704,157.653,144.201,136.783,126.025,124.274,124.274,116.549,119.952,108.257
1983-06-01 00:00:00,2,439.563,504.098,441.205,336.54,260.971,249.721,211.727,210.591,192.818,182.108,183.165,171.704,172.731,165.609,154.72,152.78,151.814,152.78,154.72,152.78,143.263,152.78,149.893,149.893,152.78,151.814,152.78,134.053,145.142,147.983,
1983-05-01 00:00:00,2,225.608,210.591,198.288,194.997,183.165,182.108,178.955,173.761,174.793,176.868,184.226,170.681,172.731,168.643,163.601,164.604,155.694,167.628,166.617,153.748,163.601,165.609,165.609,161.606,158.637,161.606,161.606,160.613,182.108,232.713,297.556
1983-04-01 00:00:00,2,252.199,209.457,188.497,185.289,184.226,185.289,218.613,304.341,374.888,289.514,277.658,484.962,578.684,611.119,507.617,415.305,290.847,217.457,216.305,215.156,193.906,192.818,210.591,231.521,319.539,330.824,327.984,319.539,312.585,294.863,
1983-03-01 00:00:00,2,297.556,318.142,272.469,325.157,420.101,484.963,523.604,476.387,404.22,311.203,260.971,233.908,226.784,242.358,254.69,243.577,223.264,211.727,211.727,225.608,244.8,293.521,361.38,343.754,286.858,244.8,219.771,216.305,281.583,290.847,275.057
1983-02-01 00:00:00,2,401.08,433.027,505.856,547.134,471.278,407.372,415.305,325.157,332.249,518.248,760.448,611.119,539.839,511.148,474.681,390.188,312.585,312.585,346.661,335.107,325.157,246.025,211.727,227.964,232.713,259.708,278.963,339.417,,,
1983-01-01 00:00:00,2,397.953,447.802,497.097,451.119,374.888,298.907,380.971,558.169,514.692,451.119,336.54,335.107,337.977,332.249,382.5,384.031,379.446,333.676,530.789,782.174,709.554,680.68,626.688,507.617,471.278,442.849,456.117,428.157,396.394,362.869,394.838
1982-12-01 00:00:00,2,85.9386,90.345,87.3951,82.3507,109.072,109.891,102.634,123.404,118.244,104.225,134.053,116.549,99.4883,94.8615,82.3507,96.3915,138.62,214.01,201.607,199.391,197.188,198.288,202.719,232.713,286.858,290.847,329.403,355.456,312.585,316.748,352.512
1982-11-01 00:00:00,2,76.7693,78.1463,58.7765,69.4146,75.4045,65.559,63.6725,68.1171,70.0679,65.559,99.4883,97.9338,104.225,75.4045,153.748,124.274,139.542,159.623,160.613,134.96,147.983,152.78,126.025,113.196,101.843,95.625,95.625,88.8639,131.349,89.6029,
1982-10-01 00:00:00,2,63.0498,66.8319,73.3803,72.7117,107.444,96.3915,103.428,108.257,97.1611,83.0622,77.4562,95.625,104.225,125.148,117.395,118.244,113.196,101.055,91.0901,88.128,88.8639,95.625,89.6029,84.4943,96.3915,78.8394,90.345,84.4943,109.891,111.537,108.257
1982-09-01 00:00:00,2,59.9821,61.8135,70.0679,61.2,62.4301,61.2,59.3778,57.5831,66.8319,69.4146,64.9271,63.6725,65.559,69.4146,72.0462,63.6725,70.0679,69.4146,64.9271,72.7117,69.4146,80.937,81.6423,68.7643,65.559,64.2982,64.2982,64.2982,65.559,66.8319,
1982-08-01 00:00:00,2,68.1171,63.6725,68.7643,64.2982,65.559,66.1939,65.559,78.1463,68.1171,66.8319,68.1171,66.8319,67.473,62.4301,69.4146,63.6725,64.9271,66.1939,66.1939,64.9271,68.7643,63.6725,64.2982,70.7243,64.9271,63.0498,71.3837,63.0498,59.9821,61.8135,63.6725
1982-07-01 00:00:00,2,90.345,95.625,89.6029,97.1611,88.8639,90.345,86.6653,85.9386,92.5895,88.128,86.6653,78.1463,72.0462,74.7267,72.0462,83.0622,76.7693,68.1171,79.5355,77.4562,78.1463,80.937,76.0854,76.0854,74.052,76.0854,77.4562,71.3837,70.0679,66.1939,66.1939
1982-06-01 00:00:00,2,99.4883,92.5895,81.6423,87.3951,97.9338,97.1611,91.8383,87.3951,100.27,93.3438,87.3951,96.3915,91.8383,94.8615,89.6029,99.4883,96.3915,84.4943,74.7267,76.7693,77.4562,90.345,88.8639,95.625,95.625,89.6029,91.8383,89.6029,88.8639,92.5895,
1982-05-01 00:00:00,2,108.257,125.148,126.025,129.562,125.148,123.404,105.025,105.025,109.891,110.712,110.712,107.444,108.257,91.8383,101.055,109.072,107.444,110.712,114.029,125.148,107.444,105.025,94.8615,91.8383,109.072,117.395,116.549,116.549,98.7095,96.3915,101.055
1982-04-01 00:00:00,2,192.818,222.096,196.091,178.955,166.617,154.72,144.201,147.983,145.142,143.263,150.852,144.201,143.263,143.263,167.628,167.628,188.497,176.868,152.78,134.96,120.81,121.672,125.148,120.81,114.866,119.952,112.365,104.225,107.444,107.444,
1982-03-01 00:00:00,2,182.108,225.608,194.997,181.054,171.704,162.602,193.906,208.326,219.771,227.964,249.721,292.183,293.521,289.514,271.179,241.142,204.953,193.906,158.637,199.391,190.652,168.643,172.731,167.628,241.142,241.142,206.074,191.734,192.818,173.761,165.609
1982-02-01 00:00:00,2,249.721,215.156,209.457,203.834,216.305,252.199,325.157,352.512,316.748,263.504,201.607,180.003,169.66,161.606,160.613,153.748,147.033,147.983,147.983,143.263,143.263,143.263,117.395,132.247,105.829,131.349,148.936,138.62,,,
1982-01-01 00:00:00,2,159.623,156.672,204.953,447.802,688.869,741.156,565.586,380.971,325.157,311.203,351.045,352.512,355.456,311.203,226.784,188.497,203.834,183.165,188.497,172.731,222.096,259.708,322.342,491.878,676.604,660.423,563.727,462.825,380.971,329.403,282.897
1981-12-01 00:00:00,2,211.727,212.867,189.573,186.355,165.609,115.706,143.263,131.349,125.148,207.199,231.521,248.486,284.214,318.142,305.708,319.539,437.924,332.249,275.057,239.928,216.305,199.391,190.652,183.165,153.748,112.365,211.727,193.906,217.457,183.165,211.727
1981-11-01 00:00:00,2,84.4943,83.0622,84.4943,75.4045,102.634,108.257,111.537,104.225,85.2149,106.635,140.468,309.825,226.784,300.261,264.776,215.156,178.955,154.72,125.148,168.643,498.843,447.802,304.341,224.434,257.193,318.142,329.403,302.978,238.718,192.818,
1981-10-01 00:00:00,2,59.3778,66.1939,53.1708,45.3272,45.3272,55.2049,49.8452,49.8452,54.5236,67.473,53.1708,51.1657,51.8308,57.5831,74.7267,105.829,135.87,134.053,114.866,107.444,137.7,133.148,107.444,90.345,88.8639,79.5355,77.4562,87.3951,97.1611,88.8639,85.9386
1981-09-01 00:00:00,2,51.8308,58.1782,61.8135,60.5895,64.2982,63.6725,61.2,58.1782,58.1782,61.8135,61.8135,59.3778,62.4301,54.5236,59.9821,61.2,61.2,60.5895,50.5038,57.5831,44.0663,51.8308,59.3778,52.4992,51.8308,62.4301,36.7879,44.0663,52.4992,51.1657,
1981-08-01 00:00:00,2,49.1898,47.2436,47.2436,49.1898,52.4992,53.8456,48.5378,49.1898,47.889,59.3778,58.1782,48.5378,47.2436,55.8893,55.2049,44.6951,47.889,64.9271,74.7267,68.1171,62.4301,55.8893,53.8456,45.9626,51.8308,49.1898,49.8452,46.6014,46.6014,59.3778,51.8308
1981-07-01 00:00:00,2,58.7765,56.4019,51.8308,55.8893,52.4992,49.1898,64.9271,51.8308,53.8456,51.1657,52.4992,51.1657,46.6014,51.8308,50.5038,46.6014,53.1708,51.8308,48.5378,51.1657,49.1898,51.1657,47.889,47.2436,47.889,45.3272,44.6951,48.5378,49.8452,49.8452,48.5378
1981-06-01 00:00:00,2,58.7765,56.4019,54.5236,59.3778,59.3778,57.5831,64.2982,68.1171,70.7242,78.1463,66.1939,61.8135,59.9821,68.7643,56.4019,61.8135,78.1463,85.2149,78.1463,81.6423,78.1463,81.6423,78.1463,78.8394,78.8394,80.2347,78.8394,74.7267,94.8615,76.0854,
1981-05-01 00:00:00,2,73.3803,68.1171,64.9271,66.1939,59.3778,59.9821,65.559,63.6725,58.7765,56.991,55.8893,64.9271,67.473,61.8135,58.7765,58.7765,53.1708,49.8452,63.6725,60.5895,57.5831,64.2982,56.4019,55.8893,51.1657,56.4019,56.4019,59.9821,59.3778,53.1708,61.8135
1981-04-01 00:00:00,2,115.706,108.257,105.829,101.055,95.625,79.5355,89.6029,78.1463,83.7767,86.6653,92.5895,85.2149,74.7267,81.6423,78.1463,92.5895,79.5355,65.559,68.1171,65.559,64.9271,64.2982,65.559,71.3837,68.7643,56.4019,59.9821,65.559,68.1171,65.559,
1981-03-01 00:00:00,2,80.937,74.7267,71.3837,70.0679,71.3837,74.7267,88.128,91.8383,90.345,93.3438,89.6029,85.2149,88.128,78.1463,74.7267,68.1171,78.1463,74.7267,96.3915,116.549,143.263,148.936,134.053,117.395,107.444,85.2149,85.9386,83.7767,95.625,101.055,114.866
1981-02-01 00:00:00,2,166.617,161.606,157.653,144.201,142.328,133.148,139.542,146.086,144.201,139.542,152.78,147.983,137.7,134.96,142.328,125.148,132.247,114.866,109.072,102.634,101.055,93.3438,96.3915,96.3915,85.9386,85.9386,78.1463,83.0622,,,
1981-01-01 00:00:00,2,193.906,183.165,162.602,147.983,144.201,137.7,125.148,117.395,104.225,126.025,229.147,247.254,285.535,339.417,441.205,424.925,397.953,333.676,252.199,202.719,173.761,182.108,190.652,209.457,246.025,263.504,318.142,320.939,339.417,292.183,209.457
1980-12-01 00:00:00,2,136.783,191.734,204.953,365.855,285.535,405.794,376.405,384.031,337.977,282.897,188.497,176.868,188.497,220.932,290.847,390.188,376.405,293.521,233.908,191.734,151.814,134.96,129.562,126.025,123.404,121.672,119.097,116.549,112.365,157.653,196.091
1980-11-01 00:00:00,2,74.052,67.473,57.5831,49.8452,61.2,52.4992,53.1708,61.8135,56.991,85.2149,92.5895,104.225,216.305,178.955,133.148,104.225,92.5895,99.4883,81.6423,92.5895,88.128,95.625,99.4883,109.891,157.653,149.893,129.562,118.244,95.625,109.072,
1980-10-01 00:00:00,2,74.7267,76.7693,68.1171,64.9271,59.3778,53.1708,56.991,58.7765,59.3778,61.8135,61.8135,58.7765,56.991,71.3837,74.052,58.7765,58.7765,71.3837,71.3837,64.9271,58.1782,64.2982,66.1939,58.1782,55.8893,74.7267,61.2,61.8135,71.3837,50.5038,67.473
