DataHora,NivelConsistencia,Vazao01,Vazao02,Vazao03,Vazao04,Vazao05,Vazao06,Vazao07,Vazao08,Vazao09,Vazao10,Vazao11,Vazao12,Vazao13,Vazao14,Vazao15,Vazao16,Vazao17,Vazao18,Vazao19,Vazao20,Vazao21,Vazao22,Vazao23,Vazao24,Vazao25,Vazao26,Vazao27,Vazao28,Vazao29,Vazao30,Vazao31
2023-04-01 00:00:00,2,19.9603,19.6143,19.2706,18.9291,18.9291,18.2531,19.9603,18.2531,20.5538,19.2706,21.5548,21.3027,20.5538,19.6143,19.6143,19.2706,20.5538,20.3066,20.5538,20.8022,21.5548,21.3027,19.9603,18.9291,18.59,18.2531,18.2531,32.0174,29.6745,26.0252,
2023-03-01 00:00:00,2,29.3868,29.3868,29.3868,29.3868,30.2533,29.1003,28.2476,28.2476,30.5445,32.0174,32.9148,32.6145,32.6145,35.0482,34.1271,31.1302,27.9657,25.7527,25.2112,24.9423,26.2989,26.8498,26.2989,25.4814,24.4079,22.8336,22.0627,21.5548,20.8022,20.8022,20.3066
2023-02-01 00:00:00,2,71.9364,68.824,66.1905,55.1563,45.8356,43.1117,40.1298,38.1911,41.7755,46.5273,48.2752,50.0495,49.6925,53.107,55.9827,58.0653,57.6469,58.9049,59.7483,61.0203,53.9238,47.5728,44.8061,43.1117,39.4792,35.3575,32.9148,30.8368,,,
2023-01-01 00:00:00,2,99.295,139.169,127.89,116.031,130.437,147.353,161.696,185.449,193.115,198.717,198.717,200.988,179.043,163.676,140.96,106.802,85.7469,66.6272,55.9827,49.3366,48.2752,54.7445,54.3337,59.3262,66.1905,76.456,87.6443,92.4439,104.783,116.55,127.89
2022-12-01 00:00:00,2,8.7637,5.9109,4.8502,4.2522,4.8502,8.0115,15.327,21.3027,23.093,22.8336,22.5754,22.0627,21.8081,21.8081,20.3066,16.929,15.327,15.0138,16.6038,18.9291,24.1425,35.6679,54.3337,47.2233,40.4568,34.433,29.3868,38.5115,48.2752,56.8129,67.9426
2022-11-01 00:00:00,2,11.7321,14.0889,14.0889,13.4846,13.1862,13.7855,13.1862,13.1862,13.1862,13.1862,12.5969,12.0178,12.0178,12.8903,13.4846,14.7031,15.9606,16.929,14.7031,13.7855,13.4846,13.1862,12.3061,11.1685,10.8906,10.3427,10.3427,10.0728,9.8055,9.8055,
2022-10-01 00:00:00,2,11.1685,14.3948,13.7855,13.1862,12.5969,12.5969,12.3061,12.0178,12.0178,10.8906,9.8055,9.8055,9.2791,8.2594,7.7664,7.2848,7.2848,7.2848,7.2848,7.2848,7.0484,6.815,6.815,6.815,7.5242,8.0115,8.2594,8.7637,8.7637,8.2594,8.7637
2022-09-01 00:00:00,2,8.7637,8.5101,8.2594,8.2594,8.2594,8.2594,8.2594,8.2594,8.2594,8.0115,7.7664,7.7664,7.7664,7.7664,7.2848,7.2848,7.2848,7.2848,7.2848,7.5242,8.0115,8.5101,8.7637,8.5101,8.7637,8.7637,10.0728,11.1685,11.449,11.1685,
2022-08-01 00:00:00,2,10.8906,10.8906,10.8906,10.3427,10.3427,10.3427,10.3427,10.3427,10.3427,10.3427,10.3427,10.3427,10.3427,10.0728,9.8055,9.8055,9.8055,9.2791,9.2791,9.2791,9.2791,9.2791,8.7637,8.7637,8.7637,8.7637,8.7637,8.7637,8.7637,8.7637,8.7637
2022-07-01 00:00:00,2,13.7855,13.7855,13.4846,13.1862,13.1862,13.1862,13.1862,13.1862,13.1862,12.5969,12.5969,12.5969,12.5969,12.0178,12.0178,12.0178,12.0178,12.0178,11.449,11.449,11.449,11.449,11.449,11.449,11.1685,10.8906,10.8906,10.8906,10.8906,10.8906,10.8906
2022-06-01 00:00:00,2,15.6426,15.6426,15.6426,15.6426,15.6426,15.6426,15.0138,15.0138,15.0138,15.0138,15.0138,15.0138,14.3948,14.3948,14.3948,14.3948,14.3948,14.7031,15.0138,14.7031,14.3948,14.3948,14.3948,14.3948,14.3948,14.3948,14.3948,14.3948,14.0889,13.7855,
2022-05-01 00:00:00,2,19.6143,19.6143,19.2706,19.6143,19.6143,21.0518,19.6143,19.6143,18.9291,18.9291,18.2531,18.2531,17.5864,17.5864,17.5864,17.5864,17.9186,18.9291,18.9291,18.9291,18.59,18.2531,17.9186,17.5864,17.5864,17.5864,17.2565,16.929,16.929,16.281,15.9606
2022-04-01 00:00:00,2,29.1003,29.6745,29.1003,28.8149,27.685,26.8498,25.4814,25.4814,26.8498,28.2476,28.5307,26.8498,25.4814,25.2112,24.6745,24.1425,23.6153,23.3535,22.8336,22.5754,22.3184,21.8081,21.8081,21.3027,21.0518,20.8022,20.5538,20.3066,20.3066,19.9603,
2022-03-01 00:00:00,2,43.4484,42.776,40.4568,38.8329,37.5536,36.9206,35.9794,34.433,33.8223,33.5187,33.5187,33.5187,32.9148,33.2162,43.7862,44.465,38.1911,35.9794,33.5187,32.3154,30.8368,30.2533,29.1003,28.8149,28.5307,28.2476,27.9657,27.685,27.9657,28.8149,29.3868
2022-02-01 00:00:00,2,47.5728,53.9238,54.7445,51.8891,49.3366,48.2752,56.8129,65.3197,75.5452,92.4439,108.832,161.696,235.888,193.115,140.063,131.293,117.071,104.281,100.783,98.8006,97.8141,96.3402,89.5546,73.734,58.4847,50.7666,46.5273,44.465,,,
2022-01-01 00:00:00,2,73.2833,91.4776,151.091,192.007,213.789,216.173,228.361,270.422,481.841,423.149,369.427,320.457,239.714,190.904,139.169,108.323,102.277,99.295,98.307,86.694,76.9126,71.9364,68.824,64.4526,53.9238,49.3366,45.1482,43.1117,42.1079,40.7849,43.1117
2021-12-01 00:00:00,2,13.7855,12.0178,11.7321,10.8906,11.7321,17.9186,28.5307,31.7205,29.6745,26.5738,24.4079,23.3535,22.8336,32.0174,46.1809,60.5954,61.0203,58.9049,58.9049,51.8891,43.1117,37.8718,31.1302,26.8498,24.1425,22.5754,21.8081,24.6745,33.2162,39.4792,56.3973
2021-11-01 00:00:00,2,12.0178,33.8223,78.2876,87.6443,39.1555,19.2706,13.1862,11.7321,10.3427,9.2791,9.2791,10.6153,10.0728,9.8055,10.3427,10.0728,9.02,8.7637,8.7637,9.5409,23.3535,45.1482,79.6701,30.5445,19.2706,16.281,22.3184,20.8022,17.9186,15.9606,
2021-10-01 00:00:00,2,6.815,6.1324,5.9109,5.6925,5.6925,5.4772,8.0115,17.9186,29.3868,17.9186,9.5409,10.3427,10.0728,9.02,9.02,8.5101,8.2594,7.7664,7.5242,6.815,7.5242,6.815,6.815,6.815,6.815,12.0178,17.5864,11.7321,10.3427,9.5409,9.02
2021-09-01 00:00:00,2,5.4772,5.4772,5.4772,5.4772,5.6925,5.6925,5.6925,5.6925,5.4772,5.4772,5.4772,5.4772,5.4772,5.4772,5.4772,5.4772,5.4772,5.4772,5.4772,5.265,5.265,5.265,5.265,5.265,5.265,8.7637,7.7664,7.5242,7.5242,7.2848,
2021-08-01 00:00:00,2,5.6925,5.6925,5.6925,5.6925,5.6925,5.6925,5.6925,5.6925,5.6925,5.6925,5.6925,5.6925,5.6925,5.6925,5.6925,5.6925,5.6925,5.6925,5.4772,5.4772,5.4772,5.4772,5.4772,5.4772,5.4772,5.4772,5.4772,5.4772,5.4772,5.4772,5.4772
2021-07-01 00:00:00,2,6.1324,6.1324,6.1324,6.1324,6.1324,6.1324,6.1324,6.1324,6.1324,6.1324,6.1324,6.1324,6.1324,6.1324,6.1324,6.1324,6.1324,6.1324,6.1324,6.1324,6.1324,6.1324,6.1324,6.1324,6.1324,6.1324,6.1324,6.1324,6.1324,6.1324,6.1324
2021-06-01 00:00:00,2,7.0484,7.0484,7.0484,6.815,6.815,6.815,6.815,6.815,6.815,6.815,6.815,6.5844,6.5844,6.5844,6.5844,6.5844,6.5844,6.5844,6.5844,6.3569,6.3569,6.3569,6.3569,6.1324,6.1324,6.1324,6.1324,6.1324,6.1324,6.1324,
2021-05-01 00:00:00,2,7.5242,7.5242,7.5242,7.5242,7.5242,7.5242,7.5242,7.2848,7.2848,7.2848,7.5242,7.5242,7.5242,7.5242,7.5242,7.5242,7.5242,7.5242,7.5242,7.5242,7.5242,7.5242,7.5242,7.2848,7.2848,7.2848,7.2848,7.2848,7.2848,7.2848,7.2848
2021-04-01 00:00:00,2,8.7637,8.7637,8.7637,8.7637,8.5101,8.5101,8.5101,8.5101,8.5101,8.5101,8.5101,8.5101,8.2594,8.2594,8.2594,8.2594,8.0115,8.0115,8.0115,8.0115,8.0115,8.0115,7.7664,7.7664,7.7664,7.7664,7.7664,7.7664,7.7664,7.7664,
2021-03-01 00:00:00,2,24.9423,17.9186,15.9606,14.7031,14.3948,13.7855,13.1862,33.2162,59.7483,37.8718,26.2989,15.0138,12.0178,10.3427,10.0728,10.0728,10.0728,10.0728,9.8055,9.8055,9.8055,9.2791,10.6153,10.0728,9.8055,9.5409,9.2791,9.02,9.02,9.02,9.02
2021-02-01 00:00:00,2,10.3427,10.3427,10.0728,10.0728,9.8055,9.8055,9.2791,9.2791,9.2791,9.2791,9.5409,9.5409,9.2791,9.2791,9.02,8.7637,8.5101,8.5101,8.2594,8.2594,9.5409,9.02,8.7637,9.02,10.3427,11.1685,17.2565,56.8129,,,
2021-01-01 00:00:00,2,32.9148,29.9633,27.9657,25.7527,23.6153,21.8081,19.9603,17.9186,15.0138,13.1862,12.3061,11.1685,10.8906,10.6153,10.6153,10.3427,10.3427,11.7321,16.6038,15.6426,14.3948,13.1862,12.0178,11.1685,12.5969,12.0178,11.7321,11.7321,10.8906,10.8906,10.6153
2020-12-01 00:00:00,2,5.3834,5.3834,11.8201,10.7376,10.7376,10.4697,11.2767,11.8201,11.2767,11.2767,12.9194,12.9194,18.3439,14.0346,9.9374,7.6029,10.7376,24.9772,19.524,14.0346,27.1555,52.2941,44.174,75.0911,131.293,80.1326,40.7982,37.7991,33.5369,29.9993,33.2126
2020-11-01 00:00:00,2,16.0216,13.1967,11.0066,9.9374,9.9374,9.4098,8.8871,8.3694,8.6276,7.857,7.3502,6.8491,6.3541,9.1478,13.1967,11.0066,9.4098,14.3157,12.6431,11.2767,13.1967,11.2767,9.4098,7.6029,6.8491,6.3541,6.1089,5.6235,5.6235,5.3834,
2020-10-01 00:00:00,2,4.6738,4.205,4.205,4.205,4.205,3.7983,3.7983,3.7983,3.7983,3.7983,3.7983,3.6027,3.4122,3.4122,3.4122,3.4122,3.4122,3.6027,4.4411,5.145,5.3834,6.3541,6.3541,7.6029,8.1125,8.3694,9.1478,10.7376,12.3677,18.3439,14.0346
2020-09-01 00:00:00,2,5.6235,5.6235,5.6235,5.6235,5.6235,5.6235,5.6235,5.6235,5.6235,5.145,5.145,5.145,5.145,4.9085,4.6738,4.6738,4.6738,4.6738,4.6738,4.205,4.205,4.205,4.205,4.205,4.205,5.6235,5.6235,5.6235,5.3834,5.145,
2020-08-01 00:00:00,2,7.6029,7.6029,7.3502,7.0989,7.0989,7.0989,7.0989,7.0989,7.0989,7.0989,7.0989,7.0989,7.0989,7.0989,7.0989,7.0989,7.0989,6.8491,6.6008,6.6008,6.6008,6.6008,6.6008,6.6008,6.6008,6.3541,6.1089,6.1089,6.1089,6.1089,6.1089
2020-07-01 00:00:00,2,10.203,10.203,10.203,10.203,9.673,9.673,9.673,9.673,9.673,9.1478,9.1478,9.1478,9.1478,8.6276,8.6276,8.6276,8.6276,8.6276,8.1125,8.1125,8.1125,8.1125,8.1125,8.1125,8.1125,7.6029,7.6029,7.6029,7.6029,7.6029,7.6029
2020-06-01 00:00:00,2,13.1967,12.9194,12.9194,12.9194,12.9194,12.3677,12.3677,11.8201,11.8201,11.8201,11.8201,11.8201,11.8201,11.8201,11.2767,11.2767,11.2767,11.0066,10.7376,10.7376,10.7376,10.7376,10.7376,10.7376,10.4697,10.203,10.203,10.203,10.203,10.203,
2020-05-01 00:00:00,2,15.1647,14.8808,14.5978,14.0346,14.0346,14.0346,14.0346,14.3157,14.0346,14.0346,13.7543,14.0346,14.5978,14.5978,14.5978,14.3157,14.0346,14.0346,14.0346,14.0346,14.0346,13.7543,14.0346,14.0346,14.0346,14.0346,14.0346,13.7543,13.4751,13.4751,13.4751
2020-04-01 00:00:00,2,19.2278,20.7162,22.2227,28.7296,28.4136,26.2182,24.6685,22.8301,21.3167,21.0161,21.92,23.7463,24.6685,23.4403,23.1349,22.8301,21.92,21.618,21.0161,20.7162,20.4171,19.821,18.9324,18.3439,17.7584,17.4669,17.4669,16.8863,16.309,16.0216,
2020-03-01 00:00:00,2,65.7546,93.8991,120.733,102.777,76.9126,64.4526,58.0653,52.7001,51.082,50.2789,45.5367,40.1284,39.1273,38.1305,37.4683,36.4787,36.1498,35.4935,35.1661,34.8393,33.5369,31.5992,30.9576,30.3182,29.681,26.53,23.4403,21.3167,20.7162,20.1187,19.524
2020-02-01 00:00:00,2,62.3006,48.2823,44.174,41.1337,38.1305,37.4683,53.107,58.9049,56.3973,49.4798,49.8788,59.7483,62.3006,67.0648,67.5032,63.1587,59.3262,58.9049,58.9049,58.4847,51.4851,49.4798,46.2206,43.8344,41.4697,39.1273,40.4631,42.8183,46.5631,,
2020-01-01 00:00:00,2,17.7584,17.4669,18.3439,22.2227,24.6685,26.8424,27.4691,28.4136,28.4136,28.0981,25.2865,22.2227,19.821,17.1762,15.7351,15.1647,14.5978,15.7351,19.2278,24.6685,31.5992,38.1305,55.569,77.8285,223.432,204.427,198.717,195.343,155.852,116.031,98.307
2019-12-01 00:00:00,2,8.6276,8.6276,8.8871,10.7376,16.309,20.4171,22.2227,22.8301,22.8301,23.1349,23.4403,45.8784,60.5954,46.5631,38.1305,34.8393,29.3633,24.6685,22.8301,21.92,21.3167,23.4403,27.4691,32.5656,34.8393,37.1379,38.7946,29.9993,21.618,18.3439,17.7584
2019-11-01 00:00:00,2,3.4122,3.4122,3.4122,3.4122,3.4122,3.9991,4.4411,4.6738,5.145,5.145,4.6738,4.6738,5.145,5.3834,5.6235,5.3834,5.8654,6.3541,8.6276,11.0066,12.3677,12.3677,12.9194,12.9194,12.9194,12.6431,12.3677,11.0066,9.9374,9.4098,
2019-10-01 00:00:00,2,4.6738,5.145,6.6008,5.6235,5.6235,5.6235,5.3834,5.145,5.145,5.145,5.145,5.145,4.9085,4.6738,4.6738,4.6738,4.6738,4.205,4.205,4.205,4.205,4.205,3.7983,3.7983,3.7983,3.7983,3.7983,3.7983,3.7983,3.4122,3.4122
2019-09-01 00:00:00,2,4.6738,4.6738,4.6738,4.6738,4.6738,4.6738,4.6738,4.6738,4.6738,4.205,4.205,4.205,4.205,4.205,4.205,4.205,3.4122,3.4122,3.4122,3.4122,3.4122,3.4122,3.4122,3.4122,3.4122,3.7983,4.6738,4.6738,4.9085,4.6738,
2019-08-01 00:00:00,2,7.0989,7.0989,6.6008,6.6008,6.6008,6.6008,6.6008,6.6008,7.0989,6.6008,6.6008,6.6008,6.6008,6.6008,6.6008,6.1089,6.1089,6.1089,6.1089,6.1089,6.1089,5.6235,5.6235,5.6235,5.3834,5.145,5.145,5.145,5.145,4.9085,4.6738
2019-07-01 00:00:00,2,9.1478,8.8871,8.6276,8.6276,8.6276,8.6276,8.6276,8.6276,8.6276,8.6276,8.6276,8.1125,8.1125,8.1125,8.1125,8.1125,7.6029,7.6029,7.6029,7.6029,7.6029,7.6029,7.0989,7.0989,7.0989,7.0989,7.0989,7.0989,7.0989,7.0989,7.0989
2019-06-01 00:00:00,2,11.5479,11.2767,11.2767,11.2767,11.2767,11.2767,10.203,9.9374,9.673,9.673,9.673,9.1478,9.1478,9.1478,9.9374,10.203,9.9374,10.203,10.203,9.673,9.673,9.673,9.673,9.673,9.673,9.4098,9.1478,9.1478,9.1478,9.1478,
2019-05-01 00:00:00,2,15.1647,16.5972,15.7351,14.8808,14.5978,14.5978,14.0346,14.0346,13.4751,13.1967,12.9194,12.9194,12.9194,12.9194,12.9194,12.9194,17.1762,22.5261,21.0161,18.6377,18.3439,16.309,14.8808,13.7543,13.1967,12.9194,12.6431,12.3677,12.0934,11.8201,11.8201
2019-04-01 00:00:00,2,23.7463,24.3605,24.9772,24.6685,23.7463,21.3167,19.2278,18.0507,18.0507,18.0507,18.6377,18.0507,17.1762,16.5972,16.309,19.821,24.6685,25.2865,24.6685,24.0531,22.2227,18.9324,18.3439,17.1762,16.0216,15.4495,15.1647,14.5978,14.3157,14.0346,
2019-03-01 00:00:00,2,37.1379,43.4953,46.5631,53.515,57.6469,51.4851,42.8183,38.1305,34.5129,30.9576,28.0981,27.4691,27.7833,28.7296,30.3182,32.8889,35.4935,33.8617,29.681,24.6685,33.2126,116.55,140.96,95.3614,58.4847,44.514,34.1871,32.2429,29.0461,26.53,23.4403
2019-02-01 00:00:00,2,9.9374,9.673,9.1478,8.8871,8.6276,9.4098,16.0216,18.3439,20.7162,18.3439,18.3439,24.3605,24.6685,24.0531,27.1555,28.7296,29.9993,38.1305,54.3337,53.515,47.9377,68.3828,79.6701,75.5452,60.5954,41.4697,35.8214,35.8214,,,
2019-01-01 00:00:00,2,31.9208,35.1661,33.2126,29.9993,26.53,23.1349,20.7162,19.2278,17.7584,17.4669,16.8863,16.8863,16.5972,15.4495,12.9194,11.8201,12.3677,12.0934,11.2767,10.4697,10.203,10.4697,11.5479,11.8201,9.1478,8.8871,8.8871,13.7543,11.5479,10.7376,10.203
2018-12-01 00:00:00,2,39.1273,35.8214,40.7982,40.4631,34.8393,30.6376,27.7833,24.0531,23.4403,23.4403,22.8301,22.8301,22.8301,22.8301,23.7463,24.9772,24.0531,22.8301,20.1187,18.0507,16.0216,15.1647,15.4495,18.0507,20.4171,23.4403,21.0161,21.618,23.1349,24.6685,27.4691
2018-11-01 00:00:00,2,6.1089,6.1089,6.1089,5.8654,39.1273,36.4787,32.5656,35.8214,40.4631,46.2206,44.174,39.1273,32.8889,24.3605,23.1349,21.92,18.3439,17.7584,18.9324,20.7162,29.9993,99.295,107.308,108.323,113.443,104.783,78.7476,56.3973,45.5367,41.8062,
2018-10-01 00:00:00,2,3.2268,3.7983,3.6027,3.4122,3.4122,3.4122,3.4122,6.1089,9.673,9.9374,9.4098,8.3694,7.6029,6.8491,6.1089,5.8654,6.1089,5.3834,5.145,4.9085,4.6738,4.6738,4.6738,4.6738,4.6738,5.3834,6.8491,8.3694,8.8871,8.1125,5.3834
2018-09-01 00:00:00,2,3.0465,3.0465,3.0465,3.0465,3.0465,2.8714,2.7014,2.7014,2.7014,2.7014,2.3769,2.3769,2.3769,2.3769,2.3769,3.6027,3.9991,4.9085,5.6235,5.6235,4.9085,4.6738,4.205,3.7983,3.6027,3.4122,3.2268,3.0465,2.7014,2.8714,
2018-08-01 00:00:00,2,3.4122,3.4122,3.4122,4.4411,4.6738,4.6738,5.8654,5.6235,5.6235,5.145,5.145,4.9085,4.6738,4.205,4.205,3.9991,3.7983,4.205,3.9991,3.7983,3.7983,3.7983,3.7983,3.7983,3.7983,3.6027,3.4122,3.4122,3.4122,3.4122,3.4122
2018-07-01 00:00:00,2,4.6738,4.6738,4.6738,4.6738,4.6738,4.4411,4.205,4.205,4.205,4.205,4.205,4.205,3.9991,3.7983,3.7983,3.7983,3.7983,3.7983,3.7983,3.7983,3.7983,3.7983,3.7983,3.7983,3.7983,3.6027,3.4122,3.4122,3.4122,3.4122,3.4122
2018-06-01 00:00:00,2,5.6235,5.6235,5.6235,5.6235,5.6235,5.6235,5.3834,5.6235,6.3541,6.1089,6.1089,6.1089,5.8654,5.6235,5.6235,5.6235,5.3834,5.145,5.145,5.145,5.145,5.145,5.145,5.145,4.9085,4.9085,4.6738,4.6738,4.6738,4.6738,
2018-05-01 00:00:00,2,7.3502,7.0989,7.0989,7.0989,6.8491,6.6008,6.6008,6.6008,6.6008,6.6008,6.3541,6.1089,6.1089,6.1089,6.1089,6.1089,6.1089,6.1089,6.1089,6.1089,6.3541,6.3541,6.1089,6.1089,6.1089,6.1089,6.1089,5.8654,5.6235,5.6235,5.6235
2018-04-01 00:00:00,2,12.0934,11.8201,11.5479,11.2767,11.0066,11.2767,10.7376,10.7376,10.7376,10.4697,10.203,9.9374,9.673,9.673,9.4098,9.1478,9.673,10.203,9.673,9.1478,8.6276,8.6276,8.6276,8.1125,8.1125,8.1125,7.857,7.6029,7.6029,7.6029,
2018-03-01 00:00:00,2,38.7946,30.9576,29.3633,28.0981,26.53,27.1555,28.0981,27.4691,33.2126,40.7982,43.8344,45.1953,35.4935,28.4136,24.6685,21.618,20.7162,19.821,18.9324,18.6377,18.0507,17.7584,21.92,23.1349,20.1187,17.7584,16.309,14.5978,13.1967,13.1967,12.6431
2018-02-01 00:00:00,2,23.4403,24.6685,33.5369,30.6376,28.7296,26.8424,27.1555,30.9576,30.9576,28.4136,25.907,23.4403,19.821,17.4669,16.0216,14.8808,13.7543,13.1967,12.6431,12.3677,16.8863,20.1187,34.1871,49.4798,65.7546,75.0911,76.456,60.5954,,,
2018-01-01 00:00:00,2,27.7833,31.5992,40.4631,44.514,54.7445,62.3006,76.0002,84.803,76.0002,61.0203,54.3337,45.5367,34.8393,28.4136,34.1871,50.2789,55.1563,46.5631,35.4935,29.3633,24.3605,22.5261,21.0161,20.1187,21.92,28.0981,33.8617,35.8214,25.907,27.1555,24.3605
2017-12-01 00:00:00,2,14.1309,21.4847,44.7694,50.2789,57.2294,78.7476,102.277,85.7469,71.9364,62.3006,51.4851,42.1431,33.2126,29.681,25.2865,21.0161,20.1187,18.6377,17.7584,16.8863,15.4495,14.0346,11.8201,12.3677,12.0934,11.5479,11.2767,11.8201,15.7351,18.3439,23.4403
2017-11-01 00:00:00,2,0.9636,0.9636,0.7813,0.9636,1.385,1.385,1.385,1.1648,1.1648,1.2726,1.385,11.848,11.1082,6.9551,6.7011,5.7323,4.8387,4.4202,4.218,4.218,4.218,10.1393,11.1082,11.6001,11.3535,11.3535,10.864,9.6626,9.4263,9.9003,
2017-10-01 00:00:00,2,0.6181,0.6973,0.7813,0.9636,1.5022,2.0184,2.1593,2.1593,2.1593,2.0184,1.8823,1.6242,1.6242,1.385,1.385,1.1648,1.1648,1.0618,0.9636,0.9636,0.8701,0.7813,0.7813,0.6181,0.6181,0.6181,0.6181,0.6181,0.7813,0.7813,0.8701
2017-09-01 00:00:00,2,0.9636,0.9636,0.9636,0.9636,0.9636,0.9636,0.7813,0.7813,0.7813,0.7813,0.7813,0.7813,0.7813,0.7813,0.7813,0.7813,0.6181,0.6181,0.6181,0.6181,0.6181,0.6181,0.6181,0.6181,0.5436,0.4738,0.4738,0.4738,0.4738,0.4738,
2017-08-01 00:00:00,2,1.6242,1.6242,1.6242,1.6242,1.6242,1.6242,1.6242,1.385,1.385,1.385,1.385,1.385,1.385,1.385,1.385,1.1648,1.1648,1.1648,1.1648,1.1648,1.1648,1.1648,1.1648,1.1648,1.1648,1.1648,0.9636,0.9636,0.9636,0.9636,0.9636
2017-07-01 00:00:00,2,2.1593,2.1593,2.1593,2.1593,2.1593,2.1593,2.1593,2.1593,2.0184,2.1593,2.1593,2.1593,2.1593,2.1593,2.1593,2.0184,1.8823,1.8823,1.8823,1.8823,1.8823,1.8823,1.8823,1.8823,1.6242,1.6242,1.6242,1.6242,1.6242,1.6242,1.6242
2017-06-01 00:00:00,2,3.2776,3.1037,3.1037,3.1037,2.77,2.77,2.77,2.77,2.77,2.77,2.4552,2.4552,3.2776,3.1037,3.2776,3.6396,3.4563,3.4563,3.4563,3.1037,3.1037,3.1037,2.9345,2.77,2.4552,2.4552,2.4552,2.4552,2.4552,2.3049,
2017-05-01 00:00:00,2,3.8277,3.6396,3.2776,3.1037,3.2776,3.4563,3.4563,3.4563,3.4563,3.4563,3.1037,2.9345,2.77,2.77,2.77,2.77,2.77,2.77,2.9345,3.2776,3.4563,4.4202,5.5018,4.8387,4.4202,4.218,4.218,3.8277,3.8277,3.4563,3.4563
2017-04-01 00:00:00,2,5.0551,4.8387,4.6271,4.218,4.218,4.0205,3.8277,3.8277,3.6396,3.8277,3.8277,3.8277,3.8277,3.8277,3.6396,3.4563,3.4563,3.4563,3.4563,3.4563,3.1037,3.1037,2.9345,2.77,2.77,2.77,2.6102,2.4552,2.9345,3.4563,
2017-03-01 00:00:00,2,5.0551,5.2761,5.2761,5.9674,5.9674,5.9674,5.9674,5.9674,6.4519,5.7323,5.5018,5.2761,5.0551,4.6271,4.6271,4.218,4.0205,3.8277,3.8277,6.4519,8.9577,8.2654,8.0179,7.7451,7.4771,6.9551,6.4519,5.7323,5.5018,5.2761,5.0551
2017-02-01 00:00:00,2,5.7323,5.5018,5.7323,6.9551,13.1048,20.0707,27.485,26.1666,25.5149,19.5114,17.5832,14.912,11.1082,9.9003,8.9577,8.2654,7.7451,7.2137,6.7011,6.4519,5.9674,5.7323,5.5018,5.5018,5.2761,5.0551,4.6271,4.6271,,,
2017-01-01 00:00:00,2,7.7451,7.2137,6.2073,5.9674,5.9674,5.5018,5.5018,5.2761,5.0551,5.0551,5.0551,5.7323,7.2137,7.7451,8.7255,8.9577,10.6212,11.6001,10.3796,8.7255,7.7451,7.4771,6.7011,6.2073,5.9674,6.7011,8.0179,7.2137,6.7011,6.4519,6.2073
2016-12-01 00:00:00,2,8.0179,7.4771,7.2137,7.2137,25.5149,27.1535,21.4847,13.8727,11.848,10.1393,9.1913,8.4947,8.2654,11.1082,15.1745,23.591,24.2271,22.0564,19.7906,16.7712,14.3902,12.8511,11.6001,9.6626,9.1913,8.7255,8.0179,8.2654,8.7255,8.9577,8.2654
2016-11-01 00:00:00,2,2.4552,2.3049,2.1593,2.1593,2.1593,2.1593,2.1593,3.4563,4.0205,4.8387,4.218,3.8277,4.218,4.8387,8.2654,26.1666,25.5149,22.3436,19.7906,16.5026,14.1309,11.848,10.6212,9.9003,9.1913,13.1048,9.4263,8.4947,8.2654,8.0179,
2016-10-01 00:00:00,2,1.8823,1.8823,1.8823,2.3049,2.3049,2.4552,3.2776,3.2776,3.1037,2.9345,2.6102,2.4552,2.77,2.77,2.9345,3.2776,3.6396,3.4563,3.4563,3.4563,3.4563,3.4563,3.4563,3.4563,3.4563,3.1037,3.1037,2.9345,2.77,2.6102,2.4552
2016-09-01 00:00:00,2,2.4552,2.4552,2.4552,2.4552,2.4552,2.4552,2.4552,2.4552,2.4552,2.3049,2.1593,2.1593,2.0184,1.8823,1.8823,1.8823,1.8823,1.8823,1.8823,1.8823,1.6242,1.6242,1.6242,1.6242,1.6242,1.6242,1.6242,1.6242,1.6242,1.6242,
2016-08-01 00:00:00,2,3.4563,3.4563,3.2776,3.1037,3.1037,3.1037,3.1037,3.1037,3.1037,3.1037,3.1037,3.1037,2.9345,2.77,2.77,2.77,2.77,2.77,2.77,2.77,2.77,2.77,2.77,2.77,2.77,2.4552,2.4552,2.4552,2.4552,2.4552,2.4552
2016-07-01 00:00:00,2,4.8387,4.6271,4.6271,4.6271,4.6271,4.6271,4.6271,4.6271,4.4202,4.218,4.218,4.218,4.218,4.218,4.218,4.0205,3.8277,3.8277,3.8277,3.8277,3.8277,3.4563,3.4563,3.4563,3.4563,3.4563,3.4563,3.4563,3.4563,3.4563,3.4563
2016-06-01 00:00:00,2,4.6271,4.6271,5.7323,8.2654,9.4263,11.1082,11.848,10.3796,9.1913,8.4947,7.7451,7.4771,6.9551,6.9551,6.4519,5.9674,5.9674,5.9674,5.7323,5.5018,5.5018,5.5018,5.2761,5.0551,5.0551,5.0551,5.0551,5.0551,5.0551,5.0551,
2016-05-01 00:00:00,2,8.0179,7.4771,6.9551,6.7011,6.4519,6.2073,5.9674,5.9674,5.9674,5.9674,5.9674,5.7323,5.9674,5.5018,5.5018,5.5018,5.5018,5.5018,5.5018,5.5018,5.5018,5.5018,5.5018,5.2761,5.0551,5.0551,5.0551,5.0551,5.0551,4.8387,4.6271
2016-04-01 00:00:00,2,11.3535,10.6212,10.3796,9.9003,9.9003,9.4263,9.1913,8.9577,8.7255,8.2654,8.0179,7.7451,7.4771,7.4771,6.9551,6.9551,6.9551,6.4519,6.4519,6.4519,6.2073,5.9674,5.9674,5.9674,5.9674,5.7323,5.5018,5.5018,5.5018,5.5018,
2016-03-01 00:00:00,2,28.8233,39.0917,46.3232,37.2531,34.3691,43.6148,39.4628,35.0833,31.9056,28.8233,24.5471,20.9164,20.0707,19.7906,19.5114,21.2001,21.7701,20.3517,17.5832,15.7026,14.6506,13.3597,12.5986,11.848,12.5986,12.8511,14.912,14.3902,13.6157,13.1048,12.097
2016-02-01 00:00:00,2,71.9364,56.8129,37.2531,30.1812,25.8401,23.275,21.2001,20.0707,19.5114,18.6794,17.0409,15.438,14.6506,14.6506,15.1745,16.2349,15.7026,15.1745,18.4039,30.8674,34.0137,29.4998,22.9602,21.2001,22.9602,32.9544,33.6595,30.5237,27.1535,,
2016-01-01 00:00:00,2,8.4947,7.7451,6.7011,8.0179,7.4771,7.4771,7.2137,6.9551,8.2654,9.1913,10.6212,12.097,12.8511,14.3902,18.4039,23.591,34.3691,71.9364,143.677,149.214,129.584,123.9,112.928,71.4891,47.1063,39.0917,31.5584,78.2876,106.802,107.815,95.8504
2015-12-01 00:00:00,2,4.218,3.8277,3.8277,5.5018,7.2137,11.6001,11.1082,10.1393,9.4263,8.4947,7.4771,8.2654,8.9577,12.5986,18.9558,20.6336,19.5114,21.7701,21.7701,20.3517,14.3902,13.1048,11.6001,10.6212,9.6626,8.7255,8.4947,8.7255,11.1082,11.1082,9.1913
2015-11-01 00:00:00,2,2.3049,2.1593,2.0184,1.8823,1.8823,1.7509,1.6242,1.6242,1.385,1.385,1.385,1.385,1.385,1.385,1.2726,1.385,1.8823,3.6396,5.2761,7.2137,6.2073,5.0551,5.0551,5.2761,6.7011,6.2073,5.5018,5.0551,4.8387,4.6271,
2015-10-01 00:00:00,2,2.4552,2.4552,2.4552,2.3049,2.1593,2.1593,2.1593,2.1593,1.8823,1.8823,1.7509,1.6242,1.6242,1.6242,1.6242,1.5022,1.385,1.385,1.385,1.1648,1.1648,1.1648,1.1648,1.385,1.385,1.385,1.385,1.385,1.385,1.5022,2.3049
2015-09-01 00:00:00,2,2.0184,1.8823,1.8823,1.8823,1.8823,1.8823,1.8823,1.8823,2.4552,5.0551,6.9551,6.9551,6.7011,6.9551,6.9551,6.4519,6.4519,5.7323,4.8387,4.4202,3.8277,3.6396,3.4563,3.1037,3.1037,2.9345,2.77,2.77,2.4552,2.4552,
2015-08-01 00:00:00,2,3.1037,3.1037,3.1037,3.1037,3.1037,2.9345,2.77,2.77,2.77,2.77,2.77,2.77,2.4552,2.4552,2.4552,2.4552,2.4552,2.4552,2.4552,2.4552,2.4552,2.4552,2.3049,2.1593,2.1593,2.1593,2.1593,2.1593,2.1593,2.1593,2.1593
2015-07-01 00:00:00,2,4.6271,4.6271,4.6271,4.6271,4.6271,4.4202,4.218,4.218,4.218,4.218,4.218,4.218,4.218,4.218,3.8277,3.8277,3.8277,3.8277,3.8277,3.8277,3.6396,3.4563,3.4563,3.4563,3.4563,3.4563,3.4563,3.4563,3.4563,3.4563,3.1037
2015-06-01 00:00:00,2,6.4519,6.9551,6.9551,6.9551,6.7011,6.7011,7.7451,7.2137,6.9551,6.7011,6.4519,5.9674,5.9674,5.7323,5.7323,5.5018,5.5018,5.5018,5.5018,5.2761,5.2761,5.2761,5.0551,5.0551,5.0551,4.8387,4.8387,4.8387,4.8387,4.6271,
2015-05-01 00:00:00,2,8.4947,8.4947,8.4947,8.4947,8.4947,8.0179,8.0179,8.7255,8.9577,8.7255,8.7255,9.4263,9.6626,10.864,10.1393,9.1913,8.7255,8.4947,8.0179,7.7451,7.4771,7.4771,7.4771,6.9551,6.9551,6.9551,6.7011,6.4519,6.4519,6.4519,6.4519
2015-04-01 00:00:00,2,24.8684,21.7701,20.9164,19.2331,18.4039,17.0409,16.2349,15.7026,15.438,14.912,14.1309,13.6157,13.1048,12.097,11.6001,11.3535,10.864,10.6212,10.1393,9.9003,9.4263,9.4263,9.4263,10.1393,10.3796,10.1393,9.9003,9.6626,9.1913,8.7255,
2015-03-01 00:00:00,2,13.6157,12.5986,11.6001,11.3535,10.864,10.6212,8.9577,10.6212,28.1517,40.5823,43.2321,42.4697,41.3341,37.2531,28.1517,22.0564,20.0707,21.2001,53.515,58.9049,58.4847,61.8729,63.5891,68.3828,68.3828,67.0648,65.3197,56.3973,37.6186,30.1812,27.485
2015-02-01 00:00:00,2,4.6271,6.4519,8.2654,8.4947,6.7011,8.4947,10.3796,11.1082,13.3597,14.6506,30.5237,20.6336,15.9683,13.3597,10.6212,8.7255,9.1913,9.6626,14.912,19.7906,22.9602,21.7701,19.2331,13.3597,11.848,10.3796,9.6626,11.1082,,,
2015-01-01 00:00:00,2,5.7323,5.5018,5.5018,6.2073,8.2654,10.6212,14.912,14.6506,11.848,9.6626,8.0179,6.7011,6.2073,6.7011,5.2761,5.0551,4.4202,3.8277,3.8277,3.4563,3.4563,3.2776,3.1037,3.1037,4.0205,4.6271,4.6271,4.6271,5.2761,4.8387,4.6271
2014-12-01 00:00:00,2,17.174,17.846,16.7355,15.6722,12.2178,11.6968,12.2178,12.0425,11.6968,11.6968,11.6968,13.6825,12.7541,12.0425,15.4651,19.4815,16.7355,15.2598,13.6825,12.2178,10.8616,10.8616,11.8688,11.6968,11.3577,10.8616,10.2229,9.7606,9.3125,8.7366,8.3206
2014-11-01 00:00:00,2,8.4578,8.5964,7.7869,7.2764,6.6704,6.5534,6.7888,6.7888,6.7888,6.7888,6.5534,6.5534,6.5534,6.6704,6.7888,6.7888,6.5534,6.5534,6.5534,6.5534,6.5534,6.5534,6.3234,6.099,6.099,6.4377,7.1524,7.5288,9.4603,13.3059,
2014-10-01 00:00:00,2,1.1545,1.1545,1.1545,1.1545,1.1545,1.1545,0.999,0.999,0.999,0.999,0.999,0.999,0.999,0.999,0.999,0.849,0.849,0.849,0.849,0.849,0.849,0.849,0.849,0.999,0.999,1.2341,1.3149,1.7103,5.6661,6.7888,7.9181
2014-09-01 00:00:00,2,2.0454,1.8988,2.0454,1.8988,1.8988,1.8988,1.8988,1.8988,1.8988,1.8988,1.8988,1.8988,1.8988,1.7556,1.616,1.616,1.616,1.616,1.616,1.616,1.616,1.616,1.48,1.3149,1.3149,1.3149,1.1545,1.1545,1.1545,1.1545,
2014-08-01 00:00:00,2,5.3867,4.7965,4.2279,3.8615,3.8615,3.6822,3.5056,3.5056,3.3317,3.1605,3.1605,2.9922,2.8268,2.8268,2.8268,2.8268,2.8268,2.8268,2.8268,2.8268,2.8268,2.5049,2.5049,2.5049,2.5049,2.3485,2.1953,2.1953,2.1953,2.1953,2.1953
2014-07-01 00:00:00,2,2.8268,2.8268,2.8268,2.8268,2.8268,2.5049,2.5049,2.5049,2.5049,2.5049,2.5049,2.5049,2.5049,2.5049,2.5049,2.5049,2.5049,2.5049,2.5049,2.5049,2.5049,2.1953,2.1953,2.1953,2.1953,2.6643,3.5056,4.7965,6.206,5.9978,5.7919
2014-06-01 00:00:00,2,3.8615,3.8615,3.8615,3.8615,4.0434,3.8615,3.8615,3.8615,3.5056,3.5056,3.5056,3.5056,3.5056,3.5056,3.1605,3.1605,3.1605,3.1605,3.1605,3.1605,3.1605,3.1605,3.1605,3.1605,2.9922,2.8268,2.8268,2.8268,2.8268,2.8268,
2014-05-01 00:00:00,2,4.9909,4.9909,4.7965,4.6045,4.6045,4.415,4.2279,4.2279,4.2279,4.2279,4.0434,3.8615,3.8615,3.8615,3.8615,3.8615,3.6822,3.5056,3.5056,3.5056,3.5056,3.5056,3.5056,3.5056,3.5056,3.3317,3.8615,3.6822,4.6045,4.2279,4.2279
2014-04-01 00:00:00,2,4.2279,13.3691,16.9553,14.9914,13.3691,11.8057,9.8179,8.4039,7.5001,6.8435,6.206,6.206,5.7919,5.5882,5.3867,5.7919,6.4164,6.206,6.206,5.9978,5.7919,5.3867,5.3867,5.3867,5.3867,5.9978,5.7919,5.3867,4.9909,4.9909,
2014-03-01 00:00:00,2,4.9909,4.9909,5.5882,5.7919,5.3867,4.9909,4.9909,5.5882,5.9978,7.0603,6.6289,6.206,5.7919,5.5882,5.3867,4.9909,4.6045,4.6045,4.2279,4.2279,3.8615,3.8615,3.8615,3.8615,4.0434,4.415,4.2279,4.2279,4.2279,3.8615,3.8615
2014-02-01 00:00:00,2,6.8435,5.9978,5.7919,5.7919,5.1876,4.9909,4.9909,4.6045,4.6045,4.6045,4.2279,4.2279,4.2279,4.2279,4.6045,4.9909,5.3867,6.6289,7.5001,6.8435,6.206,5.7919,5.1876,4.9909,4.6045,4.6045,4.415,4.6045,,,
2014-01-01 00:00:00,2,14.9914,13.6354,12.5798,11.551,10.55,10.0601,9.5775,8.6348,8.175,7.5001,7.5001,7.2792,7.0603,6.6289,6.6289,6.206,6.206,6.206,6.206,5.9978,5.7919,5.7919,5.9978,11.8057,10.3041,8.6348,8.4039,7.948,7.5001,7.0603,7.0603
2013-12-01 00:00:00,2,14.4442,13.6354,12.5798,12.062,11.8057,12.062,14.4442,16.1044,18.6971,22.6468,34.3691,43.6148,41.3341,28.4869,21.4066,17.8196,15.8239,13.9034,12.8412,12.3201,12.3201,11.8057,16.1044,23.591,34.3691,29.8399,23.275,19.5876,17.53,16.3865,15.8239
2013-11-01 00:00:00,2,5.3867,5.3867,5.1876,4.9909,4.9909,4.7965,5.1876,7.7231,9.1024,8.4039,7.7231,6.8435,6.4164,6.206,5.5882,4.9909,4.9909,5.3867,4.9909,4.9909,4.9909,4.9909,4.9909,5.3867,10.0601,16.3865,27.485,21.4066,17.2419,15.2673,
2013-10-01 00:00:00,2,4.6045,7.2792,7.0603,7.948,7.5001,8.6348,9.339,9.1024,8.175,7.5001,6.8435,6.6289,6.4164,5.7919,5.3867,5.3867,5.3867,7.2792,13.6354,19.5876,18.9925,13.6354,10.3041,8.8676,7.7231,7.0603,6.6289,5.9978,5.7919,5.7919,5.5882
2013-09-01 00:00:00,2,4.6045,4.2279,4.2279,4.2279,4.2279,4.7965,4.6045,4.6045,4.6045,4.6045,4.6045,4.415,4.2279,4.2279,4.2279,4.0434,3.8615,4.2279,4.2279,4.6045,4.7965,4.6045,4.6045,4.6045,4.6045,4.6045,4.415,4.2279,4.2279,4.415,
2013-08-01 00:00:00,2,6.206,6.206,6.206,6.206,5.9978,5.7919,5.7919,5.7919,5.5882,5.3867,5.3867,5.3867,5.3867,5.3867,5.3867,5.1876,4.9909,4.9909,4.9909,4.9909,4.9909,4.9909,4.9909,4.9909,4.7965,4.6045,4.6045,4.6045,4.6045,4.6045,4.6045
2013-07-01 00:00:00,2,,,,,,,,,7.0603,7.0603,7.0603,7.0603,7.0603,7.0603,6.6289,6.6289,6.6289,6.6289,6.6289,6.6289,6.6289,6.6289,6.4164,6.206,6.206,6.6289,7.2792,7.2792,7.0603,6.6289,6.6289
2013-06-01 00:00:00,2,21.7146,,,,,,,,,,,,,,,,,,,,,,,,,,,,,,
2013-05-01 00:00:00,2,9.8179,9.5775,9.339,9.339,9.339,8.8676,8.8676,8.8676,8.4039,8.4039,8.4039,8.175,7.948,7.948,7.948,7.948,7.948,7.948,7.948,7.7231,7.5001,7.5001,7.5001,7.5001,7.5001,7.5001,7.5001,7.948,10.7976,24.8684,26.8232
2013-04-01 00:00:00,2,19.8873,16.3865,24.5471,23.275,19.5876,24.8684,39.8349,29.8399,26.4943,30.5237,26.1666,23.275,23.275,22.9602,21.4066,19.5876,17.8196,16.3865,14.9914,13.6354,12.8412,12.5798,11.8057,11.8057,11.2981,11.2981,10.7976,10.55,10.3041,10.0601,
2013-03-01 00:00:00,2,12.5798,14.717,16.9553,21.4066,19.2894,16.6702,14.9914,13.1043,11.8057,11.047,15.2673,27.1535,23.591,20.1884,17.8196,15.8239,13.6354,12.5798,11.551,10.7976,10.7976,11.2981,10.7976,11.551,10.7976,12.062,13.6354,18.4032,23.9084,24.5471,22.024
2013-02-01 00:00:00,2,70.5973,82.4575,97.322,74.6379,55.9827,51.082,50.2789,49.4798,45.5442,36.1631,29.4998,25.8401,23.275,20.4909,18.6971,17.8196,17.2419,16.1044,15.2673,14.173,13.3691,12.8412,12.5798,12.062,11.2981,11.2981,10.7976,10.7976,,,
2013-01-01 00:00:00,2,11.8057,9.8179,8.6348,7.948,7.7231,7.2792,6.6289,8.4039,10.0601,13.6354,16.9553,18.6971,22.024,21.7146,21.7146,28.1517,31.9056,35.4421,32.9544,28.4869,28.1517,29.4998,25.191,20.1884,17.8196,25.8401,31.2123,30.1812,39.4628,49.4798,59.7483
2012-12-01 00:00:00,2,10.55,9.5775,8.6348,8.8676,8.8676,8.175,7.5001,7.0603,6.6289,6.8435,8.175,8.175,8.175,15.5448,12.062,13.3691,15.2673,14.717,13.3691,12.062,10.55,9.339,8.8676,8.8676,8.8676,8.6348,8.175,7.5001,8.8676,14.4442,12.8412
2012-11-01 00:00:00,2,4.2279,4.2279,4.2279,6.6289,7.2792,7.2792,7.0603,6.6289,8.4039,13.1043,19.8873,23.9084,19.8873,16.3865,13.6354,12.062,11.2981,12.8412,13.1043,12.062,10.0601,9.339,8.8676,8.6348,8.175,8.175,9.1024,15.5448,15.2673,12.5798,
2012-10-01 00:00:00,2,6.206,6.206,6.206,5.7919,5.7919,5.3867,5.3867,5.3867,5.1876,4.9909,4.9909,4.9909,4.9909,4.9909,4.9909,4.9909,4.9909,4.9909,4.9909,4.9909,4.9909,4.7965,4.6045,4.9909,4.9909,5.3867,5.3867,4.9909,4.7965,4.6045,4.415
2012-09-01 00:00:00,2,7.0603,7.0603,6.8435,6.6289,6.6289,6.6289,6.6289,6.6289,6.6289,6.6289,6.4164,6.206,6.206,6.206,6.206,6.206,5.7919,5.7919,5.7919,5.7919,5.7919,5.9978,6.206,6.4164,7.5001,7.0603,7.0603,7.0603,6.6289,6.6289,
2012-08-01 00:00:00,2,8.8676,8.8676,8.8676,8.6348,8.4039,8.4039,8.4039,8.4039,8.4039,8.4039,8.4039,8.4039,7.948,7.948,7.948,7.948,7.948,7.948,7.948,7.948,7.7231,7.5001,7.5001,7.5001,7.5001,7.5001,7.2792,7.0603,7.0603,7.0603,7.0603
2012-07-01 00:00:00,2,12.3201,11.8057,11.8057,11.2981,11.2981,11.2981,11.2981,10.7976,10.7976,10.7976,10.3041,10.3041,10.3041,10.3041,10.3041,10.3041,9.8179,9.8179,9.8179,10.0601,9.8179,9.8179,9.8179,9.8179,9.8179,9.5775,9.339,9.339,9.339,9.1024,8.8676
2012-06-01 00:00:00,2,12.062,11.8057,11.8057,11.8057,11.8057,15.8239,19.5876,21.7146,23.9084,20.4909,19.2894,17.53,15.8239,14.9914,14.4442,13.9034,13.3691,13.3691,12.8412,12.8412,12.3201,15.2673,19.5876,18.9925,18.1107,16.1044,14.717,13.9034,13.3691,12.8412,
2012-05-01 00:00:00,2,16.1044,16.6702,16.3865,15.2673,14.4442,14.4442,14.173,13.9034,13.6354,13.3691,13.3691,13.3691,13.3691,12.8412,13.1043,13.9034,14.717,13.9034,13.9034,13.1043,12.8412,12.5798,12.3201,12.062,11.8057,12.062,13.6354,14.173,13.9034,12.8412,12.3201
2012-04-01 00:00:00,2,53.515,47.4993,39.4628,31.2123,25.8401,23.591,26.1666,30.1812,27.8177,23.275,20.4909,19.2894,18.4032,17.8196,17.2419,16.3865,16.3865,17.2419,19.2894,18.1107,16.9553,15.8239,14.9914,15.5448,15.5448,15.5448,16.3865,18.9925,17.53,16.3865,
2012-03-01 00:00:00,2,18.9925,18.6971,18.4032,17.2419,16.6702,16.6702,16.1044,16.1044,16.1044,15.8239,15.5448,15.8239,18.4032,19.2894,21.4066,23.591,25.191,26.8232,24.8684,22.6468,20.4909,19.8873,21.1,27.8177,28.1517,26.4943,22.9602,19.8873,24.2271,30.1812,37.2531
2012-02-01 00:00:00,2,40.9577,38.353,34.0137,32.6037,31.5584,31.5584,28.1517,26.4943,26.1666,29.8399,36.1631,40.2081,39.4628,39.0917,38.7218,37.9852,35.0833,29.8399,26.8232,24.8684,23.9084,23.275,23.275,22.6468,22.024,22.024,21.7146,20.7947,19.8873,,
2012-01-01 00:00:00,2,72.3845,96.8307,142.318,196.456,219.882,163.815,129.772,95.8504,79.6701,76.9126,81.5251,95.3614,105.791,93.4133,77.8284,63.1587,73.734,60.5954,61.4461,55.9827,55.569,51.8891,45.1563,41.7116,37.6186,35.0833,33.6595,45.1563,46.7142,40.2081,42.0901
2011-12-01 00:00:00,2,15.5448,14.9914,14.173,13.1043,12.3201,12.3201,12.3201,12.8412,53.515,55.9827,56.8129,55.9827,50.68,43.2321,41.3341,69.7089,96.3402,149.566,163.815,154.649,116.55,103.277,99.295,71.9364,59.7483,48.2885,50.2789,75.0912,71.4891,68.3828,68.824
2011-11-01 00:00:00,2,11.8057,11.551,10.55,9.8179,9.339,9.1024,8.6348,8.4039,8.175,7.948,7.948,7.5001,7.5001,8.175,10.3041,12.062,13.3691,14.173,13.9034,13.9034,12.5798,11.2981,11.047,10.55,10.3041,10.0601,12.8412,15.5448,16.1044,16.1044,
2011-10-01 00:00:00,2,6.206,6.206,6.206,6.206,6.206,7.0603,7.0603,7.0603,7.0603,7.0603,7.0603,8.175,9.8179,11.047,13.3691,17.8196,21.1,22.9602,20.4909,18.9925,16.6702,15.2673,14.717,13.6354,12.5798,13.9034,16.3865,14.9914,12.5798,11.8057,11.8057
2011-09-01 00:00:00,2,7.948,7.948,7.948,7.948,7.5001,7.5001,7.5001,7.5001,7.5001,7.5001,7.5001,7.0603,7.0603,7.0603,7.0603,7.0603,7.0603,7.0603,7.0603,7.0603,7.0603,7.0603,7.0603,6.6289,6.6289,6.6289,6.6289,6.6289,6.6289,6.4164,
2011-08-01 00:00:00,2,10.3041,10.3041,10.3041,10.3041,10.3041,9.8179,9.8179,9.8179,9.8179,9.8179,9.8179,9.5775,9.339,9.339,9.339,9.1024,8.8676,8.8676,8.8676,8.8676,8.8676,8.4039,8.4039,8.4039,8.4039,8.4039,8.4039,8.4039,8.4039,7.948,7.948
2011-07-01 00:00:00,2,12.3201,12.3201,12.3201,11.8057,11.8057,12.062,11.8057,11.8057,11.8057,11.8057,11.8057,11.2981,11.2981,11.2981,11.2981,11.2981,11.2981,11.2981,10.7976,10.7976,10.7976,10.7976,10.7976,10.7976,10.3041,10.3041,10.3041,10.3041,10.3041,10.3041,10.3041
2011-06-01 00:00:00,2,14.717,14.4442,14.4442,14.4442,14.4442,13.9034,13.9034,13.9034,13.9034,14.173,14.173,16.1044,16.6702,16.3865,15.2673,14.9914,14.4442,14.4442,13.9034,13.9034,13.9034,13.3691,13.3691,13.3691,13.1043,12.8412,12.8412,12.8412,12.8412,12.5798,
2011-05-01 00:00:00,2,20.7947,20.4909,20.1884,19.8873,19.5876,18.9925,18.4032,18.1107,18.1107,17.8196,17.8196,17.8196,17.2419,17.2419,16.9553,16.6702,16.6702,16.9553,16.6702,17.53,17.2419,16.6702,16.6702,16.3865,16.1044,15.5448,15.5448,15.2673,14.9914,14.9914,14.9914
2011-04-01 00:00:00,2,32.9544,31.5584,30.1812,29.161,34.3691,47.8934,49.0817,43.9986,35.8021,31.2123,35.4421,41.7116,37.9852,32.9544,28.8233,25.8401,24.5471,23.9084,23.9084,23.9084,23.591,23.275,23.275,22.3347,21.7146,21.1,21.4066,22.024,21.4066,21.4066,
2011-03-01 00:00:00,2,22.6468,22.6468,22.024,24.8684,35.8021,75.0912,106.802,118.636,130.31,122.842,101.28,90.0342,80.596,72.8334,66.1905,61.8729,70.1526,92.4439,98.307,103.779,97.8141,84.803,58.9049,47.8934,45.5442,43.6148,40.2081,38.7218,37.2531,35.0833,33.6595
2011-02-01 00:00:00,2,19.5876,19.5876,18.9925,19.2894,18.1107,17.2419,16.6702,15.8239,14.717,14.9914,14.9914,14.9914,14.717,14.4442,14.173,13.9034,13.9034,13.6354,13.3691,13.1043,12.5798,12.062,11.8057,11.551,11.2981,17.2419,21.7146,21.7146,,,
2011-01-01 00:00:00,2,60.1714,62.7292,64.0204,64.8857,65.3197,67.5032,79.6701,90.9957,81.9909,70.5973,48.6846,40.9577,37.6186,48.2885,58.0653,61.8729,64.8857,59.3262,53.9238,46.7142,42.8504,37.9852,31.9056,28.1517,26.4943,24.2271,23.591,22.024,20.7947,20.1884,19.8873
2010-12-01 00:00:00,2,22.3347,26.1666,30.8674,36.1631,37.2531,37.9852,43.9986,51.8891,46.3232,37.6186,29.161,24.8684,22.3347,23.591,23.275,22.3347,24.2271,39.4628,37.6186,36.8886,33.3064,27.485,22.9602,20.4909,26.8232,33.6595,44.7694,48.2885,52.2941,58.4847,59.7483
2010-11-01 00:00:00,2,13.6354,14.717,14.9914,15.5448,16.3865,17.53,18.1107,19.2894,21.7146,23.275,24.8684,25.5149,24.8684,27.1535,27.8177,28.8233,29.161,27.1535,25.5149,24.5471,24.2271,23.591,22.9602,22.3347,22.024,21.7146,21.4066,21.4066,21.4066,20.7947,
2010-10-01 00:00:00,2,13.3691,13.1043,13.1043,12.8412,12.8412,12.5798,12.3201,11.8057,11.8057,11.2981,11.2981,12.062,12.062,12.062,12.062,12.3201,12.3201,12.3201,12.8412,13.1043,13.1043,13.3691,13.6354,13.6354,14.4442,14.717,14.9914,14.9914,14.717,13.9034,13.6354
2010-09-01 00:00:00,2,6.6289,6.6289,6.6289,6.6289,5.9978,6.4164,6.206,6.206,6.206,6.206,6.206,6.206,7.0603,7.2792,7.2792,7.5001,7.948,8.4039,9.1024,10.0601,10.3041,10.7976,10.3041,10.0601,10.0601,10.3041,12.5798,14.173,13.9034,13.3691,
2010-08-01 00:00:00,2,7.7231,7.7231,7.7231,7.7231,7.7231,7.7231,7.5001,7.5001,7.5001,7.2792,7.2792,7.2792,7.2792,7.2792,7.0603,7.0603,7.0603,7.0603,7.0603,6.8435,6.8435,6.8435,6.8435,6.8435,6.8435,6.6289,6.6289,6.6289,6.6289,6.6289,6.6289
2010-07-01 00:00:00,2,9.1024,9.1024,9.1024,9.1024,8.8676,8.6348,8.6348,8.6348,8.6348,8.6348,8.6348,8.6348,8.4039,8.4039,8.4039,8.175,8.175,8.4039,8.4039,8.6348,8.6348,8.4039,8.4039,8.4039,7.948,7.948,7.948,7.948,7.7231,7.7231,7.7231
2010-06-01 00:00:00,2,12.5798,12.3201,12.062,12.062,11.8057,11.8057,11.8057,11.551,11.551,11.047,11.047,10.7976,10.7976,10.55,10.3041,10.3041,10.0601,10.3041,9.8179,9.5775,9.5775,9.5775,9.339,9.339,9.339,9.5775,9.5775,9.339,9.1024,9.1024,
2010-05-01 00:00:00,2,12.3201,12.3201,12.062,11.8057,11.2981,11.047,10.55,11.8057,12.5798,12.8412,13.3691,13.3691,12.8412,12.8412,12.5798,12.3201,12.062,13.1043,15.2673,16.1044,16.6702,17.53,13.9034,15.2673,16.3865,16.1044,15.8239,15.5448,15.2673,14.173,13.1043
2010-04-01 00:00:00,2,16.9553,16.9553,16.9553,16.9553,17.2419,17.2419,17.2419,16.9553,16.9553,16.1044,16.1044,16.1044,15.5448,15.5448,14.9914,14.9914,14.717,14.717,14.4442,14.4442,14.9914,15.2673,15.5448,14.9914,14.717,13.9034,13.6354,12.8412,12.5798,12.3201,
2010-03-01 00:00:00,2,21.1,22.3347,27.8177,27.1535,27.1535,27.1535,35.0833,33.6595,32.2541,31.2123,29.8399,28.4869,26.1666,24.2271,24.2271,24.2271,24.2271,22.3347,20.4909,19.2894,17.8196,17.2419,16.9553,16.9553,16.6702,16.6702,16.6702,16.6702,16.6702,16.6702,16.9553
2010-02-01 00:00:00,2,19.2894,18.9925,18.4032,18.1107,17.53,17.53,17.2419,17.2419,16.6702,16.9553,16.6702,16.1044,16.1044,15.5448,15.5448,16.3865,16.1044,15.5448,15.5448,15.2673,14.9914,14.717,13.9034,13.1043,12.5798,13.1043,15.5448,20.4909,,,
2010-01-01 00:00:00,2,34.0137,32.9544,30.1812,28.4869,27.1535,26.4943,21.4066,25.5149,26.4943,26.1666,26.4943,27.1535,27.1535,26.4943,25.5149,23.9084,22.3347,20.4909,20.1884,19.5876,18.9925,20.1884,21.1,20.7947,20.1884,20.1884,18.1107,18.4032,17.8196,17.2419,18.9925
2009-12-01 00:00:00,2,21.4066,32.9544,42.8504,35.4421,61.4461,92.9282,92.9282,85.7469,76.9126,65.3197,64.0204,65.3197,65.3197,64.8857,62.3006,47.8934,35.8021,34.3691,32.2541,28.1517,24.5471,22.3347,20.4909,19.5876,22.6468,25.191,26.4943,27.1535,27.1535,27.8177,28.4869
2009-11-01 00:00:00,2,20.7947,16.6702,15.8239,14.9914,14.9914,14.717,14.173,13.6354,12.8412,13.3691,18.1107,21.1,25.5149,23.275,19.8873,20.1884,16.1044,14.9914,14.173,13.3691,12.5798,11.8057,11.2981,11.047,11.047,10.3041,10.3041,12.3201,15.5448,17.53,
2009-10-01 00:00:00,2,9.522,9.522,9.2852,10.0034,10.4953,10.4953,9.7613,10.4953,12.567,16.2824,16.8916,15.6831,11.5104,10.9976,10.7451,9.2852,9.0512,9.0512,10.7451,12.8376,28.7383,33.5731,40.9577,39.8349,28.7383,27.2013,23.1695,24.2405,25.333,27.2013,30.3128
2009-09-01 00:00:00,2,16.8916,11.5104,10.9976,10.7451,11.5104,13.3864,12.8376,11.5104,12.0335,10.248,12.0335,11.7707,11.5104,10.7451,10.0034,10.0034,9.7613,9.2852,9.0512,10.4953,9.0512,9.0512,9.522,10.4953,14.2287,15.6831,13.6646,12.567,10.7451,10.0034,
2009-08-01 00:00:00,2,12.299,12.299,12.299,12.0335,12.0335,11.7707,11.7707,11.7707,11.5104,11.2527,10.9976,10.9976,10.7451,10.7451,10.4953,10.4953,10.7451,10.4953,10.4953,10.4953,10.4953,10.7451,10.9976,11.5104,13.6646,18.7789,19.4276,17.2,15.6831,16.2824,16.5858
2009-07-01 00:00:00,2,16.8916,16.5858,16.2824,15.9815,15.9815,15.9815,15.9815,15.6831,15.6831,15.3872,15.9815,15.6831,15.6831,15.3872,15.3872,15.0938,15.0938,14.2287,13.6646,13.1107,13.3864,13.1107,13.1107,12.8376,12.8376,12.8376,12.8376,12.567,12.299,12.299,12.299
2009-06-01 00:00:00,2,20.419,20.419,21.0922,20.7544,20.419,20.0861,19.7556,20.0861,19.7556,19.4276,19.7556,19.7556,21.0922,20.419,20.0861,19.4276,19.102,18.7789,18.7789,18.4582,18.1399,17.8241,17.8241,17.8241,17.2,18.7789,19.4276,18.7789,17.2,15.6831,
2009-05-01 00:00:00,2,27.582,27.9651,29.5209,29.1284,29.9157,31.9244,31.1139,28.7383,27.2013,26.0733,25.702,25.702,24.6023,23.8811,23.8811,23.5241,23.5241,23.1695,23.1695,22.4674,22.4674,21.775,21.775,21.4323,21.4323,21.4323,21.4323,20.7544,21.0922,20.419,20.419
2009-04-01 00:00:00,2,52.2941,51.8891,47.4993,42.0901,41.3341,37.8552,43.6148,45.9332,48.2885,50.68,53.107,55.569,47.1063,45.5442,45.9332,46.7142,43.9986,40.5823,37.4167,35.2585,33.991,32.7441,31.518,31.1139,31.1139,30.7122,29.9157,29.1284,28.3506,27.582,
2009-03-01 00:00:00,2,51.4851,53.9238,48.2885,45.1563,43.2321,41.7116,45.9332,53.107,52.2941,44.7694,42.8504,43.2321,40.9577,39.0917,40.2081,39.4628,39.0917,40.5823,36.5466,33.991,32.7441,36.5466,36.1149,36.9805,40.9577,42.0901,44.7694,46.3232,48.6846,49.8788,47.8934
2009-02-01 00:00:00,2,66.1905,60.5954,79.6701,88.5979,85.7469,71.4891,69.7089,66.6272,63.1587,60.5954,62.7292,55.569,58.4847,82.4575,101.778,110.874,102.277,92.4439,73.2833,58.4847,44.7694,49.0817,49.0817,52.2941,51.082,50.2789,49.8788,49.0817,,,
2009-01-01 00:00:00,2,136.819,110.874,101.28,93.8991,102.277,94.3858,78.2876,64.4526,53.107,52.7001,47.1063,44.3835,43.2321,45.9332,49.8788,49.4798,48.2885,54.7445,66.6272,68.824,140.111,151.255,194.018,194.018,159.785,121.786,100.783,101.28,94.3858,85.7469,72.8334
2008-12-01 00:00:00,2,15.0938,12.299,12.299,12.0335,11.2527,10.248,9.522,9.0512,8.591,8.3649,8.1416,7.7029,7.9209,10.7451,23.1695,60.1714,139.011,271.814,293.263,207.184,174.909,119.683,86.22,102.777,95.3614,101.28,118.636,154.649,167.294,195.642,167.876
2008-11-01 00:00:00,2,6.6537,6.2532,6.0571,6.0571,6.4521,6.4521,6.8581,7.7029,9.7613,12.299,13.1107,11.7707,12.0335,15.6831,17.2,17.5108,15.6831,19.7556,42.0901,33.5731,23.1695,17.8241,14.5145,13.6646,13.3864,12.299,15.0938,18.7789,18.1399,16.2824,
2008-10-01 00:00:00,2,13.1107,12.8376,12.567,12.299,12.0335,12.0335,11.7707,11.5104,11.2527,11.2527,11.2527,11.2527,11.2527,10.7451,10.248,9.7613,9.522,9.2852,9.0512,8.591,7.4876,7.4876,7.275,7.275,7.275,7.0652,7.0652,6.8581,6.8581,6.8581,6.8581
2008-09-01 00:00:00,2,8.8198,7.4876,7.275,7.275,7.275,7.275,7.275,7.275,7.275,7.0652,7.0652,7.0652,7.0652,6.8581,6.8581,6.8581,6.6537,7.7029,10.4953,10.0034,9.2852,11.5104,12.0335,12.8376,12.567,17.5108,17.5108,18.4582,15.9815,14.2287,
2008-08-01 00:00:00,2,10.248,10.248,10.248,10.248,10.248,10.4953,10.248,10.248,10.248,10.0034,10.0034,9.7613,9.7613,9.522,9.522,9.522,9.2852,9.2852,9.2852,9.0512,8.8198,8.8198,8.8198,8.591,8.591,8.3649,8.1416,7.9209,7.7029,7.9209,7.9209
2008-07-01 00:00:00,2,13.3864,13.3864,13.1107,12.8376,12.8376,12.8376,12.8376,12.567,12.567,12.299,12.299,12.0335,12.0335,12.0335,12.0335,11.7707,11.7707,11.5104,11.5104,11.2527,11.2527,11.2527,11.2527,10.9976,10.9976,10.7451,10.7451,10.7451,10.7451,10.4953,10.4953
2008-06-01 00:00:00,2,16.2824,15.9815,15.9815,15.3872,15.3872,15.0938,15.0938,15.0938,15.0938,14.8029,14.8029,14.8029,14.5145,14.5145,14.5145,14.5145,14.2287,14.2287,14.2287,13.9454,13.9454,13.9454,13.6646,13.6646,13.6646,13.6646,13.6646,13.6646,13.3864,13.3864,
2008-05-01 00:00:00,2,23.1695,22.12,22.12,22.12,20.7544,21.0922,21.775,21.0922,19.7556,19.4276,18.7789,18.7789,18.4582,18.4582,20.419,22.12,22.12,18.1399,18.1399,18.1399,17.8241,17.5108,17.5108,17.2,16.8916,16.5858,16.5858,16.5858,16.2824,16.2824,16.2824
2008-04-01 00:00:00,2,44.3835,44.3835,42.4697,40.2081,39.8349,45.1563,118.636,53.107,58.4847,55.9827,55.569,54.7445,51.8891,48.6846,43.6148,39.8349,38.7218,36.1149,33.991,32.3331,30.7122,29.9157,28.3506,27.9651,27.582,26.8229,26.4469,24.9665,23.8811,23.5241,
2008-03-01 00:00:00,2,38.2959,39.4628,45.1563,48.2885,40.5823,35.2585,31.9244,46.3232,54.3337,47.1063,39.8349,35.2585,44.7694,44.3835,57.6469,63.1587,64.8857,61.4461,61.8729,66.1905,73.734,69.7089,63.1587,59.3262,53.9238,52.7001,47.1063,43.2321,39.8349,39.0917,43.9986
2008-02-01 00:00:00,2,145.093,146.765,129.235,112.928,112.413,111.387,121.259,125.493,128.698,120.733,104.281,76.456,61.0203,52.7001,46.7142,43.6148,41.7116,39.4628,53.107,55.1563,50.68,45.1563,41.7116,61.4461,83.3933,77.3701,54.7445,46.3232,40.2081,,
2008-01-01 00:00:00,2,18.4582,18.1399,15.9815,14.8029,14.2287,13.6646,13.1107,12.8376,19.4276,17.2,14.2287,16.2824,18.1399,20.0861,19.7556,18.7789,17.2,14.2287,13.6646,16.5858,18.7789,21.775,27.582,34.8337,39.4628,83.3933,86.694,86.22,71.4891,108.832,136.273
2007-12-01 00:00:00,2,15.3872,12.567,10.4953,8.8198,8.3649,7.9209,7.275,7.4876,24.2405,10.248,10.4953,11.5104,10.4953,8.8198,8.591,14.8029,22.8172,17.2,15.6831,14.8029,49.4798,58.4847,65.7546,71.4891,70.5973,68.3828,64.4526,51.8891,39.0917,28.3506,18.7789
2007-11-01 00:00:00,2,6.2532,6.0571,6.0571,8.1416,7.9209,8.591,10.0034,10.4953,10.9976,11.2527,10.7451,10.248,10.0034,10.0034,9.7613,9.7613,10.248,9.7613,8.591,8.1416,7.7029,7.7029,7.275,6.8581,6.8581,7.275,25.702,19.4276,18.1399,16.2824,
2007-10-01 00:00:00,2,5.6733,5.6733,5.6733,5.6733,5.4856,5.3007,5.3007,5.3007,5.3007,5.3007,5.3007,5.3007,5.1186,4.9394,4.9394,4.9394,4.763,4.5895,4.5895,4.5895,5.4856,5.6733,5.6733,5.6733,6.2532,7.7029,7.7029,7.7029,7.7029,7.7029,6.6537
2007-09-01 00:00:00,2,7.7029,7.7029,7.7029,7.7029,7.7029,7.275,7.275,7.275,7.275,7.275,7.0652,6.8581,6.8581,6.8581,6.8581,6.8581,6.8581,6.6537,6.4521,6.4521,6.4521,6.4521,6.4521,6.2532,6.0571,6.0571,6.0571,6.0571,5.6733,5.6733,
2007-08-01 00:00:00,2,12.8376,12.567,12.0335,10.9976,10.9976,10.9976,10.4953,10.4953,10.248,10.0034,10.0034,10.0034,9.7613,9.522,9.522,9.522,9.0512,9.0512,9.0512,9.0512,9.0512,8.8198,8.591,8.591,8.591,8.591,8.591,8.1416,8.1416,8.1416,8.1416
2007-07-01 00:00:00,2,12.0335,12.0335,12.0335,12.0335,11.5104,11.5104,11.5104,11.5104,11.5104,11.5104,11.5104,11.2527,10.9976,10.9976,10.9976,10.9976,10.7451,10.4953,10.4953,10.4953,10.4953,10.4953,10.4953,10.248,10.0034,10.0034,10.0034,13.3864,14.8029,14.2287,13.3864
2007-06-01 00:00:00,2,17.2,16.5858,15.9815,16.2824,16.2824,15.9815,15.6831,15.3872,15.0938,14.8029,14.8029,14.5145,14.2287,14.2287,14.2287,13.6646,13.6646,13.6646,13.6646,13.3864,13.1107,13.1107,13.1107,12.567,12.567,12.567,12.567,12.567,12.299,12.0335,
2007-05-01 00:00:00,2,21.0922,21.0922,20.419,19.7556,19.102,18.7789,18.4582,18.1399,17.8241,17.8241,17.5108,17.2,17.2,16.8916,16.5858,16.5858,16.2824,15.9815,15.9815,15.9815,15.9815,15.3872,15.3872,15.3872,15.3872,14.8029,14.8029,19.4276,19.4276,18.7789,17.8241
2007-04-01 00:00:00,2,23.8811,23.1695,22.4674,22.12,21.775,21.775,21.775,21.0922,31.1139,35.6856,33.1574,28.3506,26.4469,24.2405,23.5241,22.4674,22.12,26.8229,25.333,23.8811,23.8811,23.5241,23.1695,23.1695,24.2405,23.5241,22.8172,21.0922,21.4323,21.0922,
2007-03-01 00:00:00,2,43.9986,40.5823,37.8552,38.7218,36.9805,35.2585,33.991,33.5731,33.1574,32.3331,31.9244,30.7122,29.5209,29.1284,27.582,27.2013,27.582,28.3506,28.7383,31.9244,40.9577,39.4628,38.2959,34.8337,30.7122,28.3506,26.8229,26.4469,25.702,24.9665,24.6023
2007-02-01 00:00:00,2,180.838,152.384,129.235,100.783,79.2084,71.9364,75.5453,78.7476,71.0428,65.3197,72.3845,79.2084,87.1688,78.7476,71.0428,59.7483,55.9827,60.5954,67.0647,63.1587,60.1714,53.9238,48.6846,45.9332,45.5442,44.7694,44.3835,46.7142,,,
2007-01-01 00:00:00,2,97.322,100.783,105.791,109.852,106.802,104.281,102.777,100.783,105.791,96.3402,76.9126,71.4891,74.6379,88.5979,108.323,141.213,182.031,191.593,194.829,185.625,169.626,120.208,107.815,121.786,77.8284,68.824,79.2084,76.9126,76.456,164.393,237.159
2006-12-01 00:00:00,2,57.2294,38.2959,29.5209,24.2405,19.7556,19.102,38.2959,42.8504,47.8934,46.3232,45.1563,62.7292,66.6272,56.3973,62.7292,174.319,160.359,133.01,100.783,66.6272,58.4847,55.569,49.0817,51.082,63.5891,52.2941,66.1905,88.5979,89.0758,90.0342,94.3858
2006-11-01 00:00:00,2,8.591,9.0512,9.7613,12.299,16.2824,20.0861,15.3872,15.6831,15.6831,31.1139,17.8241,14.8029,12.8376,12.8376,18.1399,17.8241,18.1399,17.2,14.8029,12.567,12.0335,12.0335,11.5104,11.2527,10.4953,10.4953,10.0034,10.0034,10.9976,31.518,
2006-10-01 00:00:00,2,7.275,6.8581,6.8581,7.0652,7.0652,7.275,7.4876,7.9209,7.9209,10.4953,10.7451,10.7451,9.7613,9.522,10.248,10.4953,10.0034,12.567,15.9815,20.7544,18.4582,15.6831,14.2287,14.2287,13.9454,12.299,10.7451,10.248,9.2852,8.8198,8.591
2006-09-01 00:00:00,2,7.275,7.4876,8.1416,8.8198,11.2527,10.4953,10.0034,8.591,8.1416,8.1416,7.9209,7.4876,7.275,6.8581,6.8581,6.6537,6.4521,6.4521,6.0571,6.0571,7.0652,8.3649,8.591,9.2852,9.7613,9.0512,8.3649,7.9209,7.7029,7.7029,
2006-08-01 00:00:00,2,7.7029,8.1416,8.1416,8.1416,7.7029,7.7029,7.7029,7.275,7.275,7.0652,6.8581,6.8581,6.8581,6.8581,6.6537,6.4521,6.4521,6.4521,6.4521,6.4521,6.4521,6.6537,6.4521,6.8581,6.8581,6.4521,6.4521,6.4521,6.8581,7.7029,7.7029
2006-07-01 00:00:00,2,10.7451,10.4953,10.248,10.0034,10.0034,10.0034,10.0034,9.7613,9.7613,9.7613,9.7613,9.522,9.522,9.522,9.522,9.522,9.522,9.522,9.522,9.522,9.2852,9.2852,8.8198,8.591,8.3649,8.591,8.3649,8.591,8.3649,8.1416,8.1416
2006-06-01 00:00:00,2,12.0335,11.7707,11.7707,11.7707,11.5104,11.5104,11.5104,11.5104,11.2527,11.2527,11.2527,11.2527,10.9976,10.9976,10.7451,10.7451,10.7451,10.7451,10.7451,10.4953,10.4953,10.4953,10.4953,10.248,10.248,10.248,10.4953,10.248,10.4953,11.5104,
2006-05-01 00:00:00,2,14.8029,14.8029,14.2287,15.0938,13.9454,13.6646,13.6646,13.1107,13.1107,12.567,14.5145,17.2,20.419,17.8241,15.3872,14.8029,14.2287,13.6646,13.6646,12.8376,12.8376,12.8376,13.3864,15.3872,13.3864,13.1107,12.8376,12.567,12.299,12.0335,12.0335
2006-04-01 00:00:00,2,27.9651,26.4469,24.9665,23.5241,22.8172,21.775,21.0922,21.0922,21.0922,20.7544,20.7544,21.0922,21.4323,20.0861,19.4276,18.4582,18.1399,22.12,22.12,20.0861,19.102,18.7789,18.1399,16.8916,16.5858,15.9815,15.6831,15.0938,14.8029,15.0938,
2006-03-01 00:00:00,2,26.4469,30.7122,33.991,31.1139,31.9244,30.7122,28.7383,29.9157,29.5209,29.5209,38.7218,38.2959,38.7218,56.8129,45.5442,79.6701,73.2833,69.266,74.6379,77.8284,63.5891,49.0817,41.7116,36.9805,33.5731,31.518,31.9244,31.518,30.7122,28.3506,28.7383
2006-02-01 00:00:00,2,24.2405,23.1695,29.1284,26.0733,22.8172,19.102,16.8916,15.0938,14.2287,13.9454,13.3864,24.2405,40.5823,51.8891,58.0653,70.5973,70.5973,59.3262,49.4798,37.4167,29.1284,25.702,25.702,33.1574,37.4167,36.1149,32.7441,28.7383,,,
2006-01-01 00:00:00,2,24.9665,24.2405,23.1695,24.2405,27.582,36.5466,51.082,47.1063,44.3835,42.0901,37.8552,30.3128,25.333,23.5241,22.12,20.7544,19.4276,18.1399,17.2,16.2824,15.3872,15.3872,15.0938,14.2287,13.9454,13.3864,12.8376,12.8376,12.8376,22.4674,26.8229
2005-12-01 00:00:00,2,18.4486,18.0088,19.1147,18.4486,17.5722,17.1391,23.9792,33.0814,32.5519,28.9226,28.9226,35.2257,83.3311,67.0066,160.589,98.8515,71.4891,56.8129,49.4798,43.9986,39.0917,34.8337,31.9244,30.3128,28.3506,25.702,24.2405,24.2405,25.333,26.4469,26.0733
2005-11-01 00:00:00,2,9.4223,15.4411,16.4958,15.0254,13.0015,12.2183,11.0725,11.4505,11.0725,11.0725,14.4086,15.4411,14.8189,14.2048,13.1998,12.2183,11.4505,11.261,12.608,17.5722,23.9792,25.6761,22.5541,20.6975,23.7398,35.4967,48.3563,31.2403,22.7897,19.7882,
2005-10-01 00:00:00,2,9.4223,8.8911,8.7163,8.1983,8.0278,7.6904,7.6904,7.5234,7.3575,7.5234,7.5234,7.3575,6.8671,6.706,6.706,6.3874,6.2299,6.0737,5.9188,8.0278,8.0278,7.8585,7.5234,7.1929,7.3575,8.0278,12.8043,11.4505,10.6986,9.963,9.0671
2005-09-01 00:00:00,2,8.7163,8.7163,8.7163,8.3698,8.3698,8.5425,8.3698,9.6015,9.7817,9.6015,9.0671,8.8911,8.3698,8.1983,8.0278,8.0278,8.0278,17.7901,14.2048,13.3989,11.4505,10.5132,9.963,9.4223,9.0671,9.0671,10.5132,10.5132,9.963,9.6015,
2005-08-01 00:00:00,2,11.0725,10.8851,10.8851,10.8851,10.5132,10.5132,10.5132,10.5132,10.1454,10.3287,10.1454,10.1454,10.1454,10.1454,10.1454,9.963,9.963,10.6986,10.3287,10.1454,9.963,9.7817,9.7817,9.4223,9.2441,9.0671,9.0671,9.0671,9.2441,9.0671,8.7163
2005-07-01 00:00:00,2,14.6133,14.2048,14.0019,14.0019,13.599,13.599,13.3989,13.1998,13.1998,13.1998,12.8043,12.8043,12.8043,12.8043,12.8043,12.608,12.608,12.4126,12.4126,12.4126,12.608,12.8043,12.4126,12.4126,12.0248,11.8324,11.641,11.641,11.261,11.261,11.261
2005-06-01 00:00:00,2,19.1147,18.4486,18.2283,17.7901,17.1391,16.9238,16.4958,16.2831,16.0713,15.6503,15.6503,15.6503,15.6503,15.4411,15.2328,14.8189,14.8189,14.8189,14.8189,15.2328,15.2328,15.2328,15.0254,14.8189,14.8189,14.6133,14.2048,14.2048,14.0019,13.8,
2005-05-01 00:00:00,2,23.7398,26.1676,24.4603,21.852,23.5011,22.5541,21.3878,21.1569,20.4689,19.7882,19.3384,19.1147,18.8919,18.2283,18.2283,17.7901,17.5722,17.5722,17.3552,17.1391,16.9238,16.9238,16.9238,17.5722,18.2283,21.3878,21.852,22.3193,21.852,21.1569,20.0143
2005-04-01 00:00:00,2,27.1593,25.9215,25.4314,25.1875,24.4603,23.7398,23.0261,22.0853,21.6195,21.3878,21.1569,20.9268,20.6975,20.4689,20.0143,19.5629,19.3384,19.3384,20.2412,21.6195,21.3878,19.7882,19.1147,18.6698,18.6698,18.4486,18.4486,18.6698,20.0143,23.0261,
2005-03-01 00:00:00,2,25.1875,26.1676,48.3563,79.5042,85.5544,72.0961,58.2734,40.4718,35.2257,35.2257,37.4119,44.5422,43.3025,40.4718,33.6135,37.4119,44.1272,44.959,45.3775,44.5422,44.1272,42.4849,40.4718,38.5205,37.4119,56.8718,42.8928,37.1364,33.8805,31.2403,28.9226
2005-02-01 00:00:00,2,91.2287,69.5302,54.1151,44.5422,40.8708,44.5422,49.2231,50.0969,45.7978,41.2717,37.6881,34.6856,31.7629,29.1773,28.4152,27.1593,26.1676,25.9215,25.1875,33.3471,34.1482,28.6685,26.1676,24.2193,22.7897,21.3878,23.2632,23.5011,,,
2005-01-01 00:00:00,2,44.1272,49.6591,60.1663,55.0271,58.7441,176.557,168.107,138.28,143.185,132.769,92.3834,71.5796,58.2734,57.3373,49.2231,44.1272,38.7992,36.0407,42.4849,50.5364,48.7888,42.0787,36.8615,33.8805,30.4615,28.4152,49.6591,103.68,138.976,145.311,133.452
2004-12-01 00:00:00,2,14.4086,14.8189,22.7897,21.852,16.2831,14.4086,16.2831,21.3878,20.4689,18.4486,30.2032,46.6436,55.946,42.8928,22.7897,19.5629,16.0713,15.4411,15.2328,15.2328,25.1875,65.5127,87.8043,89.5091,115.564,162.08,195.642,139.673,90.6539,54.1151,43.3025
2004-11-01 00:00:00,2,6.706,6.3874,6.0737,5.7651,5.7651,5.4616,6.706,8.0278,6.5461,6.3874,6.3874,6.2299,6.0737,5.7651,5.7651,5.9188,5.6127,6.8671,9.963,12.4126,13.8,12.8043,11.0725,9.4223,8.5425,8.0278,7.3575,7.1929,8.3698,8.8911,
2004-10-01 00:00:00,2,5.7651,5.7651,5.9188,6.8671,7.1929,8.7163,8.3698,8.1983,8.0278,8.3698,8.1983,7.1929,7.1929,9.0671,9.0671,9.2441,8.8911,8.8911,8.8911,7.8585,7.5234,7.1929,6.8671,7.0294,7.0294,7.5234,8.0278,7.6904,7.5234,7.1929,6.8671
2004-09-01 00:00:00,2,8.0278,8.0278,8.0278,7.8585,7.6904,7.6904,7.6904,7.3575,7.3575,7.1929,7.0294,7.0294,7.0294,7.0294,6.8671,6.706,6.706,6.706,7.1929,7.1929,7.1929,7.3575,7.0294,6.8671,6.706,6.706,6.3874,6.3874,6.0737,6.0737,
2004-08-01 00:00:00,2,11.261,11.0725,10.8851,10.8851,10.5132,10.5132,10.5132,10.5132,10.1454,10.1454,9.963,9.7817,9.7817,9.4223,9.4223,9.4223,9.4223,9.4223,9.2441,9.2441,9.0671,9.0671,9.0671,8.7163,8.7163,8.7163,8.3698,8.3698,8.3698,8.1983,8.0278
2004-07-01 00:00:00,2,12.4126,12.4126,12.0248,12.0248,12.0248,11.641,11.641,11.641,11.261,11.261,12.608,14.2048,15.4411,15.8603,14.0019,13.1998,12.8043,12.4126,12.0248,13.3989,14.6133,15.8603,15.8603,14.8189,13.1998,12.4126,12.0248,11.8324,11.641,11.641,11.261
2004-06-01 00:00:00,2,19.3384,16.9238,17.1391,17.1391,18.0088,19.5629,19.3384,17.3552,16.4958,15.8603,15.0254,14.8189,14.6133,14.4086,14.4086,14.0019,13.8,13.8,13.599,13.599,13.1998,13.1998,13.1998,12.8043,12.8043,12.8043,12.8043,12.608,12.4126,12.4126,
2004-05-01 00:00:00,2,16.7094,16.4958,16.0713,16.0713,15.8603,15.6503,15.6503,15.2328,15.2328,15.2328,15.2328,14.8189,14.6133,14.4086,14.0019,14.6133,14.6133,16.0713,16.4958,16.4958,17.3552,16.7094,16.2831,16.0713,15.0254,15.0254,14.4086,14.0019,14.2048,18.0088,18.6698
2004-04-01 00:00:00,2,22.0853,21.1569,20.6975,20.9268,21.1569,22.5541,23.0261,23.9792,23.5011,22.7897,22.0853,21.3878,21.6195,22.7897,23.9792,24.9444,23.5011,22.3193,21.1569,20.0143,19.1147,18.4486,18.2283,17.5722,17.3552,17.7901,18.4486,18.8919,18.0088,17.5722,
2004-03-01 00:00:00,2,60.1663,49.2231,42.4849,44.959,41.6743,38.5205,46.6436,43.714,36.3136,33.0814,30.2032,28.9226,28.9226,28.4152,28.9226,32.0252,30.98,31.5012,28.9226,27.1593,27.9107,27.9107,26.4144,24.9444,23.7398,23.0261,21.852,23.5011,24.4603,28.6685,23.5011
2004-02-01 00:00:00,2,18.8919,18.6698,37.1364,35.7683,32.8163,24.4603,24.7019,39.3586,42.4849,35.7683,32.0252,106.751,129.376,95.8869,95.2988,93.5447,96.4765,104.903,94.7125,79.5042,110.489,88.9392,64.0341,57.8045,69.0221,76.8207,74.1792,73.6559,68.5157,,
2004-01-01 00:00:00,2,16.2831,15.6503,34.6856,46.6436,53.2101,48.7888,43.714,37.6881,32.5519,53.6617,60.6438,65.5127,75.7591,76.2891,75.7591,55.946,50.9777,44.959,37.4119,30.7204,26.662,24.9444,29.4327,28.4152,27.4091,26.4144,24.9444,23.5011,21.852,20.6975,19.3384
2003-12-01 00:00:00,2,18.0088,22.0853,30.7204,29.1773,23.0261,21.3878,20.9268,47.9255,55.0271,41.6743,34.4166,32.5519,31.2403,29.9457,27.9107,25.1875,18.4486,17.1391,16.2831,23.7398,23.2632,22.7897,25.4314,35.2257,25.1875,22.5541,20.0143,19.1147,17.7901,17.3552,17.3552
2003-11-01 00:00:00,2,5.9188,5.9188,6.0737,6.2299,7.1929,7.3575,7.8585,8.0278,8.0278,8.0278,8.0278,7.8585,7.3575,6.3874,6.3874,6.3874,6.2299,6.706,8.0278,9.6015,11.261,11.261,11.0725,10.8851,9.963,8.7163,8.1983,7.6904,8.3698,9.2441,
2003-10-01 00:00:00,2,7.3575,7.1929,7.0294,7.0294,6.706,6.2299,6.0737,6.0737,6.0737,6.0737,6.0737,6.3874,6.3874,6.3874,6.3874,6.3874,6.2299,5.7651,5.6127,5.4616,5.3118,5.1633,5.1633,5.7651,6.3874,7.6904,7.6904,7.3575,6.8671,6.3874,6.0737
2003-09-01 00:00:00,2,8.3698,8.3698,8.3698,8.1983,8.0278,7.8585,7.6904,7.5234,7.3575,7.3575,7.3575,7.3575,7.3575,8.7163,8.7163,8.7163,8.3698,8.1983,8.0278,8.0278,7.6904,7.3575,7.1929,6.8671,6.706,6.5461,6.3874,6.3874,6.3874,6.706,
2003-08-01 00:00:00,2,9.0671,9.0671,9.0671,9.0671,9.0671,9.0671,9.0671,8.8911,8.7163,8.5425,8.3698,8.3698,8.3698,8.3698,8.3698,8.3698,8.5425,8.7163,8.5425,8.3698,8.1983,8.0278,8.0278,8.0278,8.0278,7.6904,7.8585,7.6904,8.3698,8.3698,8.3698
2003-07-01 00:00:00,2,10.1454,10.1454,10.1454,9.963,9.7817,9.6015,9.6015,9.4223,9.4223,9.4223,9.2441,9.2441,10.8851,10.8851,10.6986,10.5132,10.1454,9.7817,9.7817,9.7817,9.7817,9.7817,9.6015,9.4223,9.4223,9.4223,9.4223,9.4223,9.2441,9.0671,9.0671
2003-06-01 00:00:00,2,12.8043,12.4126,12.4126,12.4126,12.4126,12.4126,12.2183,12.2183,12.2183,12.2183,12.0248,12.0248,11.8324,11.641,11.4505,11.261,11.261,10.8851,10.8851,10.8851,10.8851,10.8851,10.6986,10.6986,10.5132,10.5132,10.3287,10.3287,10.1454,10.1454,
2003-05-01 00:00:00,2,14.8189,14.4086,14.2048,14.6133,14.6133,16.9238,19.3384,19.3384,19.1147,17.1391,16.2831,15.8603,15.4411,14.8189,14.6133,14.4086,14.4086,14.4086,14.2048,14.0019,13.8,13.8,13.3989,13.1998,13.1998,13.1998,13.1998,13.1998,13.0015,12.8043,12.8043
2003-04-01 00:00:00,2,29.797,28.3343,26.3423,24.4158,22.817,20.6975,21.6195,23.9792,25.6761,24.2193,21.6195,21.3878,20.9268,20.0143,19.3384,19.1147,18.8919,17.7901,17.1391,16.9238,16.9238,16.7094,16.4958,16.2831,16.0713,15.6503,15.6503,15.2328,15.0254,15.0254,
2003-03-01 00:00:00,2,12.013,13.4248,17.3756,15.5632,14.0514,14.0514,13.6323,14.6908,15.5632,16.4582,16.9141,16.0079,23.3445,12.6094,29.2079,37.6028,35.0163,40.4718,39.6789,40.0745,42.0787,45.7978,44.959,42.8928,42.0787,39.6789,38.8932,36.6232,34.0678,31.5959,30.6905
2003-02-01 00:00:00,2,133.452,138.28,132.769,106.133,61.6039,47.4964,39.6789,39.2852,36.9484,30.3914,27.4726,27.188,25.2333,24.4158,24.1459,28.0457,30.991,32.513,35.3351,36.9484,31.9003,27.4726,22.2949,23.0801,21.522,20.5106,20.0131,17.6084,,,
2003-01-01 00:00:00,2,101.857,98.8515,92.9632,90.6539,83.8844,73.6559,60.1663,53.6617,35.0163,28.9154,24.9595,29.5018,31.2928,35.9765,37.275,44.1272,105.518,139.673,150.327,164.329,160.589,172.693,187.582,118.789,92.9632,70.5515,50.5364,44.5422,46.6436,74.7041,104.291
2002-12-01 00:00:00,2,11.8171,11.4296,10.3021,8.5409,8.0416,7.7162,7.8781,8.2065,9.0536,10.3021,14.6908,28.3343,33.131,36.2992,38.2623,47.4964,63.5447,47.9255,38.8932,35.9765,29.2079,38.8932,31.2928,29.5018,29.2079,33.131,33.131,35.3351,36.6232,38.594,101.857
2002-11-01 00:00:00,2,11.6226,14.2631,15.5632,16.6854,18.0783,20.2612,24.1459,26.3423,22.817,18.0783,13.4248,10.4863,9.5798,11.8171,12.6094,12.4092,10.6721,11.8171,9.2275,7.397,8.0416,16.6854,16.0079,19.0346,23.3445,27.7585,22.5553,17.8426,14.6908,12.4092,
2002-10-01 00:00:00,2,7.5558,7.2396,7.0838,6.9294,6.6254,6.3275,6.3275,6.3275,6.1809,5.7503,5.6099,5.4711,5.4711,5.3338,5.1981,5.0639,4.9314,4.671,4.2924,4.2924,4.2924,4.048,4.048,4.1694,4.417,4.5432,4.8004,4.9314,4.671,5.3338,8.7103
2002-09-01 00:00:00,2,6.3275,6.9294,7.2396,7.5558,7.0838,6.9294,6.7767,6.6254,6.3275,6.3275,6.1809,6.1809,6.0358,5.8923,5.7503,5.6099,5.6099,5.6099,5.3338,5.6099,5.7503,6.0358,6.3275,9.5798,12.8111,13.2188,13.4248,10.8593,9.2275,7.8781,
2002-08-01 00:00:00,2,7.5558,7.397,7.397,7.2396,7.0838,7.0838,7.0838,6.9294,6.9294,6.7767,6.6254,6.6254,6.4757,6.3275,6.1809,6.1809,6.1809,6.0358,6.0358,6.0358,6.0358,5.8923,5.8923,5.8923,5.8923,5.8923,5.6099,5.6099,5.6099,5.6099,5.6099
2002-07-01 00:00:00,2,8.5409,8.3729,8.3729,8.3729,8.3729,8.2065,8.2065,8.2065,8.2065,8.0416,8.0416,8.0416,8.3729,8.7103,8.7103,8.7103,8.5409,8.3729,8.3729,8.3729,8.2065,8.2065,8.0416,8.0416,8.0416,7.8781,7.8781,7.7162,7.7162,7.7162,7.5558
2002-06-01 00:00:00,2,10.6721,10.6721,10.4863,10.4863,10.3021,10.3021,10.1193,10.1193,9.938,9.7582,9.7582,9.7582,9.5798,9.5798,9.4029,9.4029,9.2275,9.0536,9.0536,9.0536,9.0536,8.8812,8.7103,8.7103,8.7103,8.7103,8.7103,8.7103,8.5409,8.5409,
2002-05-01 00:00:00,2,11.4296,10.8593,10.1193,10.1193,10.1193,10.3021,14.0514,16.2323,14.9068,14.2631,13.4248,12.8111,12.4092,12.2104,11.8171,11.8171,11.6226,11.4296,11.6226,11.8171,11.8171,11.8171,12.013,12.4092,12.013,11.6226,11.4296,11.0479,10.8593,10.8593,10.6721
2002-04-01 00:00:00,2,21.0136,20.0131,19.0346,18.5537,18.0783,17.6084,17.1441,18.0783,17.6084,19.5211,18.3153,17.3756,16.9141,16.4582,16.0079,15.5632,15.1242,14.9068,14.6908,14.4763,14.0514,13.6323,13.2188,13.0143,13.2188,13.2188,13.0143,12.6094,12.2104,11.8171,
2002-03-01 00:00:00,2,36.6232,33.7542,30.991,26.9047,27.7585,26.3423,25.2333,24.4158,26.063,28.3343,26.063,23.3445,22.2949,20.2612,19.5211,23.8774,32.513,30.3914,25.5086,23.3445,26.3423,45.3775,41.6743,31.9003,28.9154,27.7585,26.6228,27.7585,29.2079,24.9595,22.0359
2002-02-01 00:00:00,2,25.7851,23.3445,24.4158,29.797,31.2928,26.3423,27.7585,41.2717,44.959,45.7978,47.4964,60.1663,42.8928,31.2928,26.9047,24.9595,29.797,42.0787,73.6559,77.3541,81.681,92.9632,103.071,94.7125,73.6559,61.6039,49.6591,39.2852,,,
2002-01-01 00:00:00,2,62.0866,59.6905,52.7601,41.6743,33.7542,29.2079,26.3423,24.4158,21.7783,20.7614,20.0131,19.2772,19.0346,20.5106,23.6103,24.6869,22.2949,26.063,77.8891,83.3311,67.5079,42.8928,33.131,28.6242,27.188,26.3423,25.7851,25.5086,26.063,26.063,26.3423
2001-12-01 00:00:00,2,21.522,28.0457,36.6232,33.442,21.7783,16.9141,16.0079,16.9141,16.9141,17.1441,15.1242,11.8171,10.8593,13.0143,17.1441,20.7614,46.2198,106.751,127.36,103.68,70.5515,59.6905,46.6436,34.0678,35.3351,34.3827,34.3827,51.4207,86.6761,78.4258,72.0961
2001-11-01 00:00:00,2,5.4711,6.1809,9.0536,15.7849,26.6228,24.1459,18.3153,15.343,12.8111,12.6094,13.0143,12.6094,11.6226,13.0143,18.3153,21.7783,18.3153,17.3756,19.5211,20.0131,18.7935,18.3153,13.6323,11.8171,11.238,10.3021,10.8593,12.013,12.2104,14.4763,
2001-10-01 00:00:00,2,6.7767,10.3021,10.3021,18.3153,15.1242,12.013,10.3021,10.1193,12.4092,15.1242,16.9141,18.3153,16.6854,15.5632,12.4092,10.6721,10.1193,9.4029,8.8812,7.2396,7.7162,7.5558,7.397,7.2396,6.7767,6.4757,6.3275,6.0358,5.8923,5.6099,5.4711
2001-09-01 00:00:00,2,8.5409,9.2275,8.3729,7.5558,7.0838,6.6254,6.1809,6.0358,5.7503,5.6099,5.4711,5.3338,5.1981,5.1981,5.0639,5.4711,6.6254,7.5558,7.2396,6.7767,6.3275,5.8923,5.8923,5.7503,5.6099,5.3338,5.6099,6.0358,6.3275,6.6254,
2001-08-01 00:00:00,2,6.0358,5.8923,5.6099,5.6099,5.6099,5.6099,5.6099,5.6099,4.8004,5.0639,5.1981,5.1981,5.1981,5.1981,5.0639,5.0639,5.0639,5.0639,4.9314,4.9314,4.9314,4.9314,4.9314,5.0639,5.8923,6.4757,7.0838,6.9294,7.0838,7.7162,8.0416
2001-07-01 00:00:00,2,6.7767,6.7767,6.6254,6.6254,6.6254,6.6254,6.6254,6.4757,6.4757,6.3275,6.1809,6.1809,6.1809,6.1809,6.1809,6.1809,6.0358,5.8923,5.8923,5.8923,5.8923,5.8923,5.8923,6.1809,6.3275,6.4757,6.9294,6.7767,6.3275,6.1809,6.0358
2001-06-01 00:00:00,2,9.2275,9.2275,9.0536,8.8812,8.7103,8.5409,8.3729,8.3729,8.2065,8.0416,7.8781,7.8781,7.7162,7.5558,7.5558,7.5558,7.397,7.397,7.397,7.2396,7.2396,7.0838,7.0838,7.0838,7.0838,7.0838,6.7767,6.7767,6.7767,6.7767,
2001-05-01 00:00:00,2,8.0416,8.0416,8.0416,7.8781,7.7162,7.7162,7.5558,7.5558,7.397,7.397,7.397,7.2396,7.0838,7.397,7.7162,8.5409,10.6721,13.6323,13.8411,12.4092,10.6721,10.1193,9.5798,9.4029,9.5798,9.7582,9.4029,9.938,9.7582,9.4029,9.4029
2001-04-01 00:00:00,2,18.0783,20.0131,17.6084,15.1242,14.0514,13.6323,12.8111,12.2104,12.013,11.4296,11.0479,10.8593,10.4863,10.4863,10.3021,10.3021,10.6721,10.8593,10.4863,9.938,9.7582,9.7582,9.4029,9.4029,9.0536,8.8812,8.7103,8.5409,8.3729,8.2065,
2001-03-01 00:00:00,2,10.8593,11.0479,11.238,11.238,11.4296,10.8593,15.7849,17.1441,16.4582,16.2323,16.2323,18.7935,29.2079,40.8708,80.5893,28.0457,21.522,18.3153,16.6854,15.5632,15.1242,14.2631,13.6323,13.0143,12.4092,12.2104,11.8171,11.4296,14.9068,18.3153,18.7935
2001-02-01 00:00:00,2,27.188,23.8774,22.0359,21.0136,20.7614,20.5106,21.0136,18.7935,16.9141,16.6854,19.5211,18.5537,16.6854,17.3756,15.5632,15.5632,14.6908,14.4763,14.4763,14.0514,13.4248,12.8111,12.2104,11.8171,11.6226,11.238,10.8593,10.8593,,,
2001-01-01 00:00:00,2,28.0457,34.3827,44.5422,48.3563,49.2231,46.6436,37.6028,28.3343,25.7851,24.4158,25.5086,33.131,27.7585,24.9595,22.817,21.2671,19.2772,17.8426,16.6854,16.2323,16.6854,19.7664,28.3343,35.3351,45.3775,49.6591,45.3775,37.6028,32.513,30.0935,28.9154
2000-12-01 00:00:00,2,19.2772,19.5211,19.2772,18.7935,18.0783,16.9141,16.0079,14.9068,14.0514,13.2188,12.8111,13.4248,13.8411,12.8111,12.2104,11.8171,12.013,27.4726,49.6591,55.4857,42.4849,39.2852,39.2852,40.0745,37.6028,36.9484,20.5106,18.3153,19.2772,23.6103,25.7851
2000-11-01 00:00:00,2,9.0536,9.0536,8.8812,8.5409,8.5409,10.3021,14.6908,16.6854,12.8111,12.6094,12.4092,10.4863,12.6094,22.0359,55.4857,41.2717,30.0935,22.0359,22.0359,23.6103,26.3423,24.6869,28.3343,33.131,32.206,31.2928,27.7585,24.9595,18.0783,17.6084,
2000-10-01 00:00:00,2,11.0479,11.238,11.238,11.0479,10.4863,10.1193,9.7582,9.7582,9.7582,9.7582,9.4029,9.2275,8.8812,8.7103,8.3729,8.0416,7.7162,7.7162,7.7162,7.5558,7.397,7.397,7.5558,7.7162,7.7162,7.8781,8.0416,7.7162,7.397,8.0416,8.5409
2000-09-01 00:00:00,2,13.0143,13.0143,14.2631,19.0346,18.7935,18.5537,17.8426,16.9141,16.0079,15.343,14.9068,14.4763,14.0514,13.6323,13.4248,13.2188,13.0143,13.0143,12.8111,12.8111,12.4092,12.013,11.6226,11.6226,11.6226,11.0479,10.6721,11.238,10.8593,10.8593,
2000-08-01 00:00:00,2,14.9068,14.9068,14.6908,14.4763,16.4582,14.4763,14.4763,14.2631,13.8411,13.6323,13.4248,13.2188,12.8111,12.8111,12.8111,12.8111,12.8111,12.8111,12.6094,12.4092,12.4092,12.2104,12.013,12.013,12.013,12.013,11.8171,11.8171,12.2104,13.0143,13.2188
2000-07-01 00:00:00,2,16.2323,16.2323,16.0079,15.7849,15.7849,15.7849,15.7849,15.7849,15.5632,15.343,15.343,15.1242,15.1242,15.1242,15.1242,15.1242,15.1242,15.5632,15.343,15.343,15.1242,15.1242,15.1242,15.1242,14.9068,17.8426,17.3756,15.7849,15.1242,15.1242,14.9068
2000-06-01 00:00:00,2,19.5211,19.2772,19.2772,19.0346,18.5537,19.0346,18.7935,18.5537,18.5537,18.5537,18.3153,18.3153,18.0783,18.0783,18.0783,17.8426,17.6084,17.6084,17.6084,17.3756,17.3756,17.6084,17.3756,16.9141,16.6854,16.6854,16.6854,16.6854,16.6854,16.4582,
2000-05-01 00:00:00,2,24.6869,24.6869,24.4158,24.1459,21.522,21.7783,22.0359,22.817,23.0801,23.6103,22.2949,21.522,21.522,21.522,21.522,21.522,20.2612,21.2671,21.0136,20.7614,20.5106,20.2612,20.0131,20.5106,20.2612,20.0131,20.0131,20.0131,20.0131,20.0131,20.0131
2000-04-01 00:00:00,2,42.4849,36.9484,35.6552,35.0163,33.7542,32.513,32.206,30.991,30.991,30.3914,29.797,30.0935,30.0935,29.5018,29.797,29.2079,28.3343,28.6242,28.0457,35.0163,37.6028,37.275,35.6552,35.0163,30.0935,26.6228,26.063,25.5086,24.6869,24.6869,
2000-03-01 00:00:00,2,38.8932,42.8928,45.7978,38.594,31.2928,30.991,30.6905,30.3914,33.7542,44.5422,55.4857,70.5515,81.1343,80.0459,60.1663,48.7888,58.2734,62.5709,68.5157,74.7041,86.1144,91.8053,83.8844,69.0221,55.0271,49.2231,44.5422,42.0787,40.0745,44.5422,43.714
2000-02-01 00:00:00,2,61.123,53.2101,57.8045,65.0181,67.5079,72.6144,77.8891,90.0807,102.463,128.703,135.512,120.09,109.862,80.5893,60.1663,51.8654,47.0692,44.5422,42.8928,44.959,47.4964,42.8928,39.2852,36.6232,35.0163,34.0678,34.6988,35.6552,36.9484,,
2000-01-01 00:00:00,2,35.9765,43.3025,56.4081,87.2394,92.9632,92.9632,78.9642,63.5447,39.6789,34.0678,33.131,30.6905,28.3343,27.188,25.7851,24.4158,28.0457,29.2079,31.2928,43.3025,43.3025,42.8928,34.3827,30.0935,64.5253,40.4718,41.6743,42.4849,88.9392,89.5091,90.6539
1999-12-01 00:00:00,2,17.1441,16.4582,15.5632,15.1242,14.6908,15.1242,15.7849,18.0783,24.1459,22.5553,19.5211,17.8426,37.6028,20.2612,66.009,52.3119,37.6028,22.817,22.2949,21.7783,19.2772,20.0131,19.5211,21.7783,26.063,24.6869,21.7783,23.0801,26.6228,42.0787,36.2992
1999-11-01 00:00:00,2,10.1046,8.0589,7.7105,7.5391,7.2017,8.2358,11.1066,25.9513,32.7586,43.3025,41.6743,37.275,33.131,33.7542,30.6905,20.5106,19.0346,17.1441,17.1441,20.7614,25.2333,32.8214,37.275,30.0935,41.2717,39.2852,26.9047,23.3445,19.0346,17.3756,
1999-10-01 00:00:00,2,7.3695,7.0358,7.2017,7.3695,9.3354,8.5951,8.5951,8.2358,8.0589,7.8838,7.5391,6.8716,6.8716,6.5489,6.3903,6.2335,6.0786,5.9256,5.9256,7.5391,8.2358,8.0589,7.7105,7.3695,7.3695,8.7774,9.3354,13.4682,14.3802,12.1533,10.5
1999-09-01 00:00:00,2,8.0589,7.7105,7.5391,7.5391,7.5391,7.5391,7.3695,7.5391,7.5391,7.3695,7.2017,7.3695,7.5391,8.2358,8.5951,9.7164,10.9026,12.1533,12.368,9.525,9.7164,9.3354,9.3354,8.5951,8.5951,8.0589,7.8838,7.7105,7.5391,7.3695,
1999-08-01 00:00:00,2,10.9026,10.7004,10.3014,10.1046,9.7164,9.7164,9.7164,9.525,9.525,9.525,9.3354,9.3354,9.3354,9.3354,9.1476,9.1476,9.1476,8.9616,9.1476,8.9616,8.9616,8.5951,8.5951,8.5951,8.5951,8.5951,8.2358,8.2358,8.2358,8.2358,8.0589
1999-07-01 00:00:00,2,13.2446,13.2446,13.4682,13.0228,13.0228,13.0228,12.8027,12.5845,12.5845,12.5845,12.5845,12.5845,12.5845,12.368,12.368,12.1533,12.1533,12.1533,11.9404,11.7293,11.7293,11.7293,11.5199,11.3123,11.3123,11.3123,11.1066,10.9026,10.9026,10.7004,10.7004
1999-06-01 00:00:00,2,15.3205,14.8468,15.0828,14.8468,14.8468,14.6126,14.6126,14.3802,14.3802,14.3802,14.3802,14.3802,14.3802,14.1495,14.6126,17.0337,20.17,17.7943,16.5355,15.3205,14.8468,14.8468,14.6126,14.3802,14.1495,13.9206,13.9206,13.6935,13.4682,13.4682,
1999-05-01 00:00:00,2,18.8327,18.5705,18.31,18.31,17.7943,17.7943,17.7943,17.7943,17.7943,17.7943,17.7943,17.7943,17.539,17.539,17.0337,17.0337,16.5355,16.5355,16.289,16.289,16.289,15.8012,15.8012,15.8012,15.8012,15.8012,15.8012,15.8012,15.3205,15.3205,15.3205
1999-04-01 00:00:00,2,33.4459,31.7402,30.4062,28.7768,27.8196,26.8777,26.2584,25.3422,25.0402,24.4414,23.5561,23.2644,22.6862,22.3998,21.8319,22.3998,22.6862,22.6862,22.3998,21.8319,21.271,21.271,20.9932,20.717,20.4426,20.17,19.8991,19.6299,19.0967,19.0967,
1999-03-01 00:00:00,2,53.6617,69.5302,66.5069,58.2734,55.946,56.4081,67.5079,160.589,121.397,172.693,185.194,178.894,168.107,157.626,141.073,121.397,105.518,90.6539,76.8207,65.5127,60.6438,55.4857,50.9777,50.9777,48.7888,46.2198,42.4849,40.4718,39.2852,36.9839,35.1938
1999-02-01 00:00:00,2,74.7041,74.7041,30.7371,28.7768,30.4062,27.8196,35.5485,35.5485,26.8777,33.7921,27.5039,31.0698,23.8495,23.8495,18.0513,20.9932,31.7402,33.7921,31.7402,22.9745,24.4414,21.271,20.717,20.717,20.717,31.4042,40.4718,38.8932,,,
1999-01-01 00:00:00,2,35.1938,40.4718,49.6591,66.009,81.681,111.118,104.903,88.9392,76.2891,70.04,61.6039,54.5703,44.959,38.8932,26.8777,23.5561,21.5506,26.2584,23.5561,19.8991,23.8495,36.2628,22.9745,18.8327,19.6299,20.717,36.9839,54.5703,68.0109,77.3541,76.2891
1998-12-01 00:00:00,2,38.1147,38.5031,25.0402,21.8319,20.717,23.2644,33.1014,48.7888,50.9777,49.6591,43.3025,36.6225,28.456,25.6459,24.1446,22.115,20.17,39.2852,54.1151,50.5364,45.3775,35.5485,47.9255,49.2231,36.6225,34.4896,31.7402,25.6459,22.9745,21.271,18.31
1998-11-01 00:00:00,2,13.6935,17.2855,21.5506,51.8654,55.4857,35.5485,25.0402,20.717,17.539,28.1369,45.7978,48.7888,44.1272,32.078,29.4234,30.0769,23.5561,25.0402,32.4174,24.1446,19.8991,18.8327,17.539,17.2855,16.7837,15.8012,15.0828,19.0967,25.9513,30.7371,
1998-10-01 00:00:00,2,8.4145,8.9616,10.3014,11.7293,13.0228,10.5,9.9096,9.1476,8.7774,8.5951,9.1476,9.3354,11.5199,13.2446,14.6126,14.8468,13.2446,12.8027,13.2446,12.5845,11.9404,10.7004,10.1046,9.9096,9.3354,8.4145,9.3354,9.525,10.1046,10.9026,12.5845
1998-09-01 00:00:00,2,10.3014,11.5199,12.1533,11.3123,10.9026,10.3014,9.9096,9.7164,9.3354,9.3354,8.9616,8.9616,8.9616,8.7774,8.7774,8.5951,8.5951,8.4145,8.2358,8.2358,8.0589,7.8838,7.8838,7.8838,7.8838,7.8838,8.0589,8.0589,8.0589,8.0589,
1998-08-01 00:00:00,2,8.9616,8.7774,8.4145,8.0589,7.8838,9.1476,13.4682,13.9206,14.1495,14.6126,15.0828,14.8468,14.3802,13.4682,12.8027,12.1533,11.9404,11.5199,11.3123,11.1066,10.9026,10.7004,10.5,10.5,10.3014,10.3014,10.1046,10.1046,9.9096,9.7164,9.525
1998-07-01 00:00:00,2,14.6126,14.6126,14.3802,14.1495,14.1495,13.9206,14.1495,13.9206,13.6935,13.6935,13.6935,13.2446,13.4682,13.2446,13.0228,12.5845,12.368,11.9404,11.5199,10.9026,10.7004,10.7004,10.3014,10.1046,9.9096,9.9096,9.7164,9.525,9.525,9.3354,8.9616
1998-06-01 00:00:00,2,33.1014,28.7768,25.3422,22.115,20.17,19.3624,18.31,17.539,17.2855,17.539,17.0337,16.289,17.2855,17.539,17.539,17.2855,16.7837,16.289,16.0442,16.0442,16.0442,16.0442,15.8012,15.8012,15.0828,15.3205,14.8468,14.3802,14.8468,14.8468,
1998-05-01 00:00:00,2,19.6299,20.17,19.0967,19.0967,19.3624,22.6862,33.1014,33.4459,26.2584,22.9745,20.4426,19.0967,18.8327,18.0513,17.7943,17.2855,17.539,17.7943,17.539,16.5355,15.56,14.8468,14.3802,14.1495,13.9206,13.6935,14.6126,20.717,29.0993,34.8409,36.9839
1998-04-01 00:00:00,2,22.9745,25.3422,28.1369,28.1369,27.5039,27.19,25.6459,24.4414,23.2644,22.3998,21.5506,21.271,20.9932,20.717,19.8991,19.0967,18.5705,18.31,21.271,23.8495,21.8319,20.4426,19.8991,19.3624,18.5705,18.0513,18.0513,17.7943,18.0513,18.8327,
1998-03-01 00:00:00,2,47.0692,44.1272,38.8932,33.4459,32.4174,30.7371,29.7493,29.0993,28.456,27.5039,27.19,26.8777,26.2584,25.6459,24.7399,24.7399,25.0402,25.6459,25.9513,25.6459,27.19,26.2584,25.6459,25.9513,27.19,26.5672,25.3422,24.1446,23.5561,23.2644,22.9745
1998-02-01 00:00:00,2,31.7402,30.0769,24.4414,22.3998,23.5561,25.6459,24.7399,24.1446,23.5561,23.5561,27.5039,26.2584,26.2584,29.7493,34.14,40.4718,82.7794,104.903,136.893,128.703,97.6607,92.9632,84.4394,66.5069,67.5079,63.0569,55.946,51.8654,,,
1998-01-01 00:00:00,2,47.0692,44.5422,37.7281,34.14,36.2628,34.4896,32.4174,29.0993,41.6743,62.0866,67.5079,64.5253,60.6438,58.7441,74.7041,114.286,118.141,102.463,72.6144,63.5447,77.8891,67.5079,65.0181,55.946,46.2198,41.2717,38.1147,36.2628,35.5485,32.7586,30.0769
1997-12-01 00:00:00,2,90.0807,98.8515,76.2891,51.4207,44.959,66.5069,111.748,130.052,132.769,117.494,104.903,97.6607,98.2553,95.8869,97.6607,117.494,114.924,105.518,90.0807,69.0221,53.6617,48.7888,44.5422,43.714,46.2198,47.4964,49.2231,51.4207,53.2101,54.5703,47.4964
1997-11-01 00:00:00,2,17.539,14.6126,13.6935,12.5845,12.368,12.1533,11.7293,12.1533,12.368,12.5845,11.5199,10.7004,10.5,13.2446,14.3802,14.6126,15.0828,13.2446,12.5845,13.6935,19.0967,22.9745,22.9745,20.9932,21.271,16.0442,17.0337,23.5561,38.8932,62.0866,
1997-10-01 00:00:00,2,12.1533,11.7293,11.5199,10.9026,10.5,10.5,10.3014,10.5,10.3014,9.9096,9.7164,9.3354,9.1476,8.9616,8.9616,8.7774,8.7774,8.5951,8.5951,8.5951,18.5705,34.14,34.4896,31.7402,30.4062,28.7768,26.2584,24.7399,22.9745,20.17,19.3624
1997-09-01 00:00:00,2,11.3123,11.3123,10.9026,10.9026,10.7004,10.5,10.9026,10.5,10.5,10.3014,10.3014,10.1046,10.1046,9.7164,10.7004,10.5,10.9026,10.5,10.1046,10.1046,13.4682,17.0337,18.8327,16.0442,15.56,28.7768,14.3802,14.1495,12.368,12.1533,
1997-08-01 00:00:00,2,14.6126,14.3802,14.6126,14.6126,14.1495,13.9206,13.6935,13.9206,13.9206,13.6935,13.4682,13.6935,13.4682,13.2446,13.2446,13.2446,13.0228,13.0228,13.0228,12.8027,12.8027,12.8027,12.5845,12.368,11.9404,11.7293,11.7293,11.7293,11.7293,11.7293,11.5199
1997-07-01 00:00:00,2,16.5355,15.8012,15.8012,15.56,15.3205,15.0828,15.0828,14.8468,15.56,15.8012,16.289,16.7837,16.289,16.289,16.0442,15.8012,15.8012,15.3205,15.3205,15.0828,15.3205,15.8012,15.56,15.0828,14.8468,14.6126,14.3802,14.3802,14.3802,14.3802,14.6126
1997-06-01 00:00:00,2,23.5561,20.4426,19.6299,19.3624,20.17,20.717,21.8319,22.3998,22.9745,22.3998,20.717,20.17,19.0967,18.5705,21.271,22.6862,22.115,21.5506,20.9932,20.4426,20.17,19.8991,19.8991,19.3624,18.8327,18.31,18.0513,17.2855,17.0337,16.5355,
1997-05-01 00:00:00,2,28.1369,25.9513,25.3422,23.5561,22.6862,20.9932,22.3998,22.115,21.5506,21.5506,21.8319,21.5506,21.271,21.271,21.271,21.5506,20.9932,21.271,21.5506,21.5506,21.271,20.17,20.17,21.8319,21.271,23.8495,24.1446,24.7399,25.0402,28.1369,26.2584
1997-04-01 00:00:00,2,34.4896,40.8708,54.1151,47.4964,41.2717,35.1938,33.7921,32.4174,30.4062,29.0993,28.1369,27.8196,26.8777,25.9513,25.0402,24.7399,24.4414,24.4414,24.1446,24.4414,25.0402,26.8777,30.7371,37.3469,33.7921,29.7493,29.0993,27.19,30.0769,29.4234,
1997-03-01 00:00:00,2,65.5127,77.3541,101.253,128.031,136.893,87.2394,63.0569,47.0692,42.4849,39.2852,37.3469,35.9048,34.4896,33.7921,33.7921,37.3469,37.7281,35.5485,33.4459,31.0698,30.0769,28.7768,28.1369,27.19,26.5672,25.9513,27.19,27.5039,27.19,28.1369,29.4234
1997-02-01 00:00:00,2,58.7441,67.5079,54.1151,57.8045,51.8654,44.5422,40.4718,41.6743,41.6743,37.3469,35.5485,34.8409,33.1014,32.078,31.0698,30.7371,31.7402,33.1014,35.5485,36.9839,34.14,33.1014,31.7402,29.7493,31.4042,35.1938,38.1147,51.4207,,,
1997-01-01 00:00:00,2,78.9642,95.8869,204.685,381.529,347.636,258.112,208.857,182.82,169.629,143.892,120.743,80.5893,45.3775,41.2717,40.4718,54.1151,66.009,71.0647,129.376,127.36,95.8869,70.04,63.5447,49.6591,47.4964,55.4857,66.009,57.8045,68.5157,65.5127,54.1151
1996-12-01 00:00:00,2,29.7493,27.19,38.8932,45.7978,43.3025,34.8409,30.4062,25.0402,24.7399,26.8777,31.7402,33.7921,38.8932,42.4849,42.4849,38.8932,61.123,90.0807,78.9642,80.5893,80.5893,84.9961,86.6761,117.494,136.201,156.889,144.601,101.857,56.4081,57.8045,68.5157
1996-11-01 00:00:00,2,9.7582,17.057,22.8202,32.5042,29.6783,29.6783,26.3108,22.5141,17.327,12.665,20.4238,25.0154,16.2584,9.5777,18.9876,14.4628,22.2098,33.2288,35.8219,53.6617,68.0109,107.99,121.397,143.892,177.334,73.1343,62.5709,48.3563,38.5031,33.1014,
1996-10-01 00:00:00,2,7.8638,7.3821,7.8638,8.0277,7.8638,7.541,7.541,7.8638,7.541,7.8638,7.3821,7.3821,7.3821,7.3821,7.3821,7.0693,7.0693,7.0693,7.0693,6.7632,6.7632,7.3821,7.541,7.3821,7.3821,7.0693,7.541,7.2249,7.2249,8.0277,9.7582
1996-09-01 00:00:00,2,6.7632,7.0693,7.0693,8.0277,9.2216,9.5777,10.8762,10.8762,10.1243,9.5777,8.7,8.7,8.7,9.5777,9.2216,9.0461,9.0461,9.0461,8.5294,8.0277,7.8638,7.541,7.3821,7.3821,7.0693,7.3821,7.3821,7.3821,7.541,7.3821,
1996-08-01 00:00:00,2,7.8638,7.541,6.7632,6.7632,6.6126,6.6126,6.7632,6.7632,6.6126,6.7632,6.7632,7.0693,7.0693,7.541,8.7,9.5777,9.2216,9.0461,8.0277,8.0277,7.8638,7.541,7.541,7.541,7.541,7.3821,7.541,7.541,7.0693,7.0693,7.0693
1996-07-01 00:00:00,2,8.3605,9.0461,8.7,8.3605,8.3605,8.5294,8.0277,8.0277,8.0277,7.8638,7.8638,7.8638,7.8638,7.541,7.8638,8.0277,7.8638,7.8638,7.8638,7.8638,7.541,7.541,7.0693,7.3821,7.0693,6.7632,7.0693,7.3821,7.0693,7.541,7.541
1996-06-01 00:00:00,2,9.5777,9.0461,9.2216,9.2216,9.0461,8.7,9.5777,9.0461,9.0461,8.7,9.0461,8.5294,8.5294,8.7,8.5294,8.3605,8.3605,8.3605,8.3605,8.5294,8.5294,8.3605,7.8638,7.8638,7.8638,8.3605,8.5294,7.8638,8.0277,8.0277,
1996-05-01 00:00:00,2,9.7582,10.8762,9.7582,10.1243,9.7582,9.2216,9.2216,9.0461,9.2216,9.2216,9.0461,9.2216,9.2216,9.0461,9.2216,9.2216,9.2216,9.5777,10.6858,11.4576,11.0684,10.6858,10.8762,11.4576,13.0807,12.4597,10.6858,9.7582,10.1243,9.7582,9.5777
1996-04-01 00:00:00,2,13.9674,13.5031,13.0807,13.0807,11.6547,11.6547,11.6547,11.0684,10.8762,10.6858,10.8762,10.8762,12.0539,12.4597,12.8721,12.8721,12.4597,14.2141,14.9661,13.7167,13.5031,12.2559,12.0539,12.0539,12.0539,11.6547,11.4576,10.8762,10.6858,10.6858,
1996-03-01 00:00:00,2,17.8729,17.057,18.706,18.9876,23.1282,31.0767,29.6783,25.9842,21.607,19.271,18.706,23.7498,23.1282,21.0116,19.271,18.4264,17.327,15.996,15.4772,14.4628,14.2141,14.9661,15.7356,23.1282,38.5031,28.6488,21.3084,17.599,15.996,15.4772,14.4628
1996-02-01 00:00:00,2,18.1487,17.599,15.996,18.4264,22.5141,23.4381,21.3084,19.8436,18.706,17.327,35.072,29.6783,25.9842,23.7498,25.3365,21.9075,19.8436,18.4264,15.2207,15.4772,17.327,19.8436,21.0116,18.706,18.4264,28.6488,27.9716,22.5141,19.8436,,
1996-01-01 00:00:00,2,118.789,114.924,117.494,103.68,81.681,60.6438,49.2231,42.8928,60.6438,98.8515,84.9961,69.0221,61.123,50.5364,43.714,38.5031,34.6997,32.1446,30.0252,28.3093,27.9716,27.9716,27.6357,26.3108,24.3789,23.1282,21.9075,21.3084,20.4238,19.5564,18.9876
1995-12-01 00:00:00,2,16.2584,15.7356,14.9661,15.4772,12.4597,13.2911,15.2207,14.7135,15.996,15.7356,13.7167,13.5031,22.2098,53.6617,106.751,101.253,74.7041,51.4207,53.2101,51.4207,40.0745,35.446,30.3739,30.7244,27.6357,26.6393,73.1343,81.1343,89.5091,97.6607,106.133
1995-11-01 00:00:00,2,20.4238,22.5141,23.1282,24.3789,29.6783,30.3739,24.3789,18.9876,15.7356,13.7167,12.665,11.8535,21.3084,33.2288,31.0767,25.3365,21.3084,17.8729,22.2098,20.1328,22.5141,19.271,16.2584,14.9661,15.7356,16.7888,15.996,13.9674,13.7167,13.9674,
1995-10-01 00:00:00,2,11.2622,10.4969,10.1243,9.5777,9.2216,9.0461,8.7,8.7,8.7,8.8722,9.2216,9.3989,9.3989,9.7582,10.6858,12.0539,12.665,11.4576,10.4969,10.1243,10.3098,11.0684,12.4597,11.4576,10.4969,9.7582,9.2216,8.8722,8.5294,9.9404,12.665
1995-09-01 00:00:00,2,8.5294,8.5294,8.3605,8.3605,8.1933,8.1933,8.0277,8.0277,8.0277,8.0277,8.0277,7.8638,7.8638,7.7016,7.7016,7.541,7.541,8.7,11.2622,12.665,12.2559,11.4576,11.0684,10.8762,10.3098,9.7582,9.5777,9.5777,10.8762,11.2622,
1995-08-01 00:00:00,2,10.6858,10.6858,10.6858,10.4969,10.4969,10.4969,10.3098,10.3098,10.1243,10.1243,10.1243,9.9404,9.9404,9.7582,9.5777,9.5777,9.3989,9.3989,9.2216,9.2216,9.2216,9.2216,9.2216,9.2216,9.0461,9.0461,8.8722,8.8722,8.8722,8.7,8.7
1995-07-01 00:00:00,2,13.0807,12.8721,12.665,12.665,12.4597,12.4597,12.4597,12.2559,12.2559,12.0539,12.0539,12.0539,12.0539,11.8535,11.8535,11.8535,11.6547,11.6547,11.4576,11.4576,11.4576,11.2622,11.2622,11.2622,11.0684,11.0684,11.0684,11.0684,10.8762,10.8762,10.8762
1995-06-01 00:00:00,2,16.2584,15.996,15.7356,15.4772,15.4772,15.2207,14.9661,14.7135,14.4628,14.4628,14.4628,14.4628,14.2141,14.2141,14.2141,13.9674,13.9674,13.7167,13.7167,13.7167,13.5031,13.5031,13.7167,13.7167,13.5031,13.7167,13.5031,13.7167,13.5031,13.2911,
1995-05-01 00:00:00,2,17.599,16.7888,17.057,16.7888,16.5226,16.2584,17.8729,24.0634,25.3365,23.1282,21.3084,23.4381,26.6393,23.4381,21.0116,19.8436,18.9876,18.4264,17.8729,18.4264,17.8729,17.327,17.057,18.1487,18.1487,17.599,17.327,18.4264,17.599,16.7888,16.5226
1995-04-01 00:00:00,2,38.8932,31.4308,32.8656,30.3739,27.6357,25.6594,24.6963,23.7498,23.1282,22.5141,22.8202,22.2098,38.5031,29.6783,26.3108,23.4381,22.2098,21.3084,20.7168,20.1328,19.8436,19.5564,19.271,19.271,18.9876,19.271,19.271,18.9876,18.4264,18.1487,
1995-03-01 00:00:00,2,27.3017,26.3108,25.3365,25.3365,28.3093,30.0252,29.6783,36.1995,41.6743,33.9607,28.6488,25.6594,23.7498,23.7498,36.1995,50.5364,41.6743,33.9607,28.6488,25.9842,24.0634,23.1282,24.3789,41.6743,50.5364,52.7601,48.7888,39.6789,32.5042,28.6488,32.8656
1995-02-01 00:00:00,2,27.3017,43.714,36.579,43.3025,60.6438,83.3311,118.141,117.494,105.518,102.463,114.924,128.031,124.031,105.518,83.3311,87.8043,69.0221,54.1151,47.0692,65.0181,65.5127,53.6617,44.959,38.8932,35.072,32.5042,30.3739,28.6488,,,
1995-01-01 00:00:00,2,28.6488,26.9696,35.446,37.3432,37.7281,37.3432,33.5938,28.3093,25.0154,21.9075,20.1328,18.706,18.4264,17.599,17.057,16.2584,14.9661,13.7167,13.2911,13.0807,15.2207,15.2207,13.0807,14.2141,16.5226,15.2207,13.0807,13.9674,23.4381,20.7168,20.1328
1994-12-01 00:00:00,2,33.9607,25.9842,19.5564,16.5226,13.9674,12.665,12.2559,13.7167,16.7888,17.599,16.2584,13.5031,12.4597,11.8535,12.665,13.5031,13.7167,16.2584,18.706,25.6594,26.6393,26.9696,63.5447,83.8844,136.201,152.5,130.052,77.3541,48.7888,38.5031,32.1446
1994-11-01 00:00:00,2,15.996,12.8721,11.8535,11.0684,10.4969,10.1243,9.5777,9.2216,9.0461,9.0461,8.8722,8.8722,9.0461,9.3989,9.7582,10.4969,10.3098,10.1243,11.2622,13.7167,19.271,17.599,14.4628,12.8721,12.2559,12.0539,11.8535,11.8535,19.271,33.9607,
1994-10-01 00:00:00,2,10.1243,9.7582,9.5777,9.3989,9.2216,9.0461,11.4576,13.5031,16.7888,15.4772,12.8721,11.6547,11.0684,10.6858,10.4969,11.2622,12.0539,11.4576,11.0684,10.4969,10.1243,9.9404,9.7582,9.5777,9.3989,9.2216,9.3989,9.9404,10.8762,12.665,14.9661
1994-09-01 00:00:00,2,11.6547,11.4576,11.4576,11.2622,11.2622,11.2622,11.4576,11.2622,11.2622,11.0684,10.8762,10.8762,10.8762,10.6858,10.6858,10.4969,10.4969,10.4969,10.4969,10.4969,10.3098,10.3098,10.1243,9.9404,9.9404,9.7582,9.7582,9.5777,9.5777,10.1243,
1994-08-01 00:00:00,2,13.7167,13.7167,13.5031,13.5031,13.5031,13.2911,13.0807,13.0807,13.0807,13.0807,13.0807,13.0807,12.8721,12.8721,12.8721,12.8721,12.8721,12.665,12.4597,12.4597,12.4597,12.2559,12.2559,12.0539,12.0539,11.8535,11.8535,11.6547,11.6547,11.6547,11.6547
1994-07-01 00:00:00,2,18.1487,17.8729,17.599,17.599,17.327,17.327,17.057,17.057,17.057,16.7888,16.5226,16.5226,16.2584,16.2584,16.2584,16.2584,16.2584,15.996,15.7356,15.7356,15.7356,15.4772,15.4772,15.4772,15.2207,15.2207,14.9661,14.7135,14.2141,14.2141,13.9674
1994-06-01 00:00:00,2,,,,,,,,,,,17.6527,17.3972,18.9876,18.706,18.706,18.706,18.706,18.4264,18.1487,18.1487,17.8729,17.599,18.1487,19.271,20.7168,21.3084,21.3084,19.8436,18.9876,18.4264,
1994-05-01 00:00:00,2,,,,,,,,,,,,,,,,,,,,,,,,,,,,,,,
1994-04-01 00:00:00,2,28.3208,28.6301,28.0131,26.4991,25.6104,24.7365,24.1621,23.5943,24.1621,23.8774,23.0331,22.7549,22.2036,21.7041,21.4212,,,,,,,,,,,,,,,,
1994-03-01 00:00:00,2,24.7365,27.0998,32.8003,38.6695,34.139,33.8019,66.8234,73.0521,68.7111,50.9896,50.1711,53.4838,46.5677,52.2294,54.3281,53.0641,40.4852,34.4777,31.8135,30.2013,29.5679,37.9546,39.0294,35.5037,59.9729,43.4746,40.8532,35.5037,35.1601,33.1325,30.5205
1994-02-01 00:00:00,2,49.359,41.2228,37.9546,34.4777,32.8003,31.4878,31.1637,29.8838,28.9411,27.4026,26.4991,25.905,26.2012,27.0998,30.8413,28.6301,25.905,28.0131,25.3175,24.7365,23.0331,22.2036,21.4212,20.861,20.861,20.0343,20.3081,20.861,,,
1994-01-01 00:00:00,2,70.1437,80.0619,87.9192,194.227,157.135,131.252,129.306,137.844,98.9522,82.1222,93.9087,77.0194,76.018,96.6948,135.188,137.844,128.66,124.818,93.9087,63.5816,51.4012,82.6412,84.7333,100.662,109.424,96.6948,63.5816,50.9896,55.6066,70.1437,63.5816
1993-12-01 00:00:00,2,14.4736,12.89,12.89,12.4541,13.5577,17.1435,18.1692,16.147,14.7072,13.3333,13.3333,18.4302,17.3972,16.6416,14.4736,13.1108,12.0255,12.0255,12.2389,14.4736,20.861,22.2036,18.9576,17.91,18.693,19.7624,18.4302,21.9304,28.3208,29.5679,52.2294
1993-11-01 00:00:00,2,13.5577,12.2389,11.3965,10.9863,10.5835,10.5835,10.9863,11.6043,13.1108,12.89,12.6712,11.814,11.1905,10.5835,9.9931,9.6087,9.2318,9.2318,9.4193,9.4193,9.0461,9.2318,9.6087,11.814,13.7839,14.9426,16.3934,24.4485,22.2036,17.6527,
1993-10-01 00:00:00,2,14.7072,13.7839,14.2419,15.1798,16.147,15.4189,14.7072,14.012,13.7839,12.6712,12.2389,11.6043,11.6043,11.1905,10.9863,10.5835,10.3848,10.188,9.9931,9.9931,10.188,10.3848,10.3848,10.5835,10.9863,11.3965,13.3333,18.1692,18.9576,16.8916,15.1798
1993-09-01 00:00:00,2,12.4541,12.2389,11.814,11.814,11.6043,11.6043,11.6043,11.3965,11.1905,10.9863,11.3965,11.3965,11.814,11.814,11.814,11.6043,11.814,12.0255,12.0255,11.3965,11.1905,11.1905,12.2389,26.2012,21.4212,20.861,17.91,17.1435,16.8916,15.6598,
1993-08-01 00:00:00,2,14.7072,14.4736,14.4736,14.4736,14.2419,14.012,14.012,14.012,13.7839,13.7839,13.5577,13.5577,13.3333,13.3333,13.5577,13.7839,14.2419,14.2419,14.012,14.2419,14.2419,14.012,14.012,13.7839,13.7839,13.7839,13.7839,13.5577,13.1108,12.6712,12.6712
1993-07-01 00:00:00,2,17.6527,17.6527,17.3972,17.1435,16.8916,16.8916,16.6416,16.3934,16.3934,16.3934,16.3934,16.147,16.3934,16.3934,16.147,15.9025,15.6598,15.6598,15.6598,15.6598,15.4189,15.4189,15.1798,14.9426,14.9426,14.9426,14.9426,14.9426,14.9426,14.9426,14.7072
1993-06-01 00:00:00,2,19.7624,21.7041,22.2036,20.5836,20.0343,31.4878,40.8532,38.3113,29.5679,27.4026,22.7549,22.4784,21.7041,21.1402,20.5836,20.3081,20.0343,19.7624,19.7624,19.7624,19.7624,19.4923,19.4923,19.224,18.9576,18.4302,18.4302,18.1692,18.1692,17.91,
1993-05-01 00:00:00,2,26.2012,26.2012,26.2012,26.2012,26.2012,26.7986,31.1637,27.4026,26.4991,26.7986,24.4485,24.4485,23.8774,23.3129,22.7549,22.4784,21.9304,21.4212,21.1402,20.861,20.5836,20.3081,20.0343,19.7624,19.7624,19.4923,19.4923,19.7624,18.9576,18.9576,18.9576
1993-04-01 00:00:00,2,31.4878,30.8413,37.5996,53.4838,49.7642,45.7847,47.3571,48.153,56.467,47.7543,44.6224,43.4746,39.7541,34.8181,32.4697,41.967,35.5037,36.5443,37.9546,35.5037,31.8135,29.2537,27.4026,28.3208,28.6301,28.0131,27.4026,26.7986,26.7986,26.4991,
1993-03-01 00:00:00,2,39.0294,43.0953,43.8556,39.7541,35.1601,32.1408,30.8413,29.8838,28.9411,27.707,28.0131,28.3208,27.4026,26.7986,26.4991,26.7986,27.0998,26.4991,26.7986,26.7986,29.5679,30.5205,30.5205,29.8838,27.0998,26.4991,26.2012,30.2013,32.1408,31.4878,28.6301
1993-02-01 00:00:00,2,30.2013,28.9411,30.8413,42.3414,48.153,63.1249,75.023,74.0343,71.1068,57.7697,48.5534,43.0953,42.3414,42.7175,44.6224,56.036,58.2071,52.2294,43.0953,39.7541,37.2462,34.8181,32.8003,39.3909,49.359,53.0641,56.8996,45.0082,,,
1993-01-01 00:00:00,2,44.6224,40.1188,36.1958,60.4184,53.9051,48.153,51.8145,57.3338,54.7527,53.0641,45.7847,43.0953,51.8145,45.7847,40.1188,34.8181,33.8019,41.2228,41.967,48.5534,59.529,71.5907,64.9613,62.6698,51.8145,43.8556,39.0294,36.5443,34.139,31.8135,31.1637
1992-12-01 00:00:00,2,23.3129,28.6301,39.7541,50.9896,37.9546,104.124,50.5795,72.0763,70.6245,69.6646,50.9896,99.5205,125.455,112.424,102.386,102.964,69.6646,78.0272,95.0184,83.6841,78.0272,73.0521,53.4838,50.5795,41.5941,37.2462,61.3141,97.2567,88.4558,66.8234,52.2294
1992-11-01 00:00:00,2,50.5795,84.2079,100.09,87.9192,97.2567,107.053,152.197,154.303,110.619,76.018,63.5816,56.467,53.9051,49.359,43.0953,36.8945,33.4664,31.4878,30.2013,28.9411,28.6301,31.4878,31.1637,30.5205,33.8019,30.8413,28.3208,27.0998,25.3175,24.1621,
1992-10-01 00:00:00,2,21.1402,18.1692,17.6527,17.6527,17.6527,19.4923,20.861,18.4302,21.4212,26.2012,30.8413,24.4485,20.0343,18.9576,17.3972,16.3934,15.6598,15.1798,14.9426,14.7072,14.012,14.012,22.4784,18.693,21.9304,20.861,17.6527,16.6416,22.4784,38.6695,48.153
1992-09-01 00:00:00,2,12.89,12.6712,12.89,12.6712,12.89,13.3333,15.6598,21.1402,18.693,19.224,17.91,16.3934,14.4736,14.2419,14.2419,14.012,19.4923,23.5943,22.2036,20.3081,20.0343,18.1692,17.3972,15.6598,14.7072,14.4736,16.3934,23.0331,30.2013,27.0998,
1992-08-01 00:00:00,2,15.9025,15.9025,15.6598,15.4189,15.4189,15.1798,14.9426,14.9426,14.7072,14.4736,14.4736,14.2419,14.012,14.012,14.7072,14.9426,14.4736,14.4736,14.012,14.2419,14.4736,14.4736,14.7072,14.4736,14.012,13.7839,13.5577,13.3333,13.1108,13.1108,13.1108
1992-07-01 00:00:00,2,18.9576,18.4302,18.4302,18.4302,18.1692,18.1692,17.91,17.91,17.91,17.91,17.91,18.693,18.4302,17.91,17.6527,17.6527,17.3972,17.3972,16.8916,16.8916,16.6416,16.6416,16.6416,16.3934,16.3934,16.6416,16.3934,16.147,16.147,16.147,16.147
1992-06-01 00:00:00,2,22.7549,22.7549,22.4784,22.2036,21.9304,21.7041,21.7041,21.1402,21.1402,21.1402,21.1402,20.861,20.5836,20.5836,20.3081,20.0343,20.0343,19.7624,19.7624,19.7624,19.7624,19.7624,19.4923,19.4923,19.4923,19.4923,19.224,19.224,18.9576,18.9576,
1992-05-01 00:00:00,2,29.5679,28.6301,30.8413,28.0131,29.5679,33.4664,33.8019,30.5205,28.3208,27.707,26.4991,25.6104,25.0262,24.7365,25.0262,24.7365,24.7365,24.1621,23.5943,23.0331,30.2013,30.2013,27.0998,26.7986,26.4991,25.6104,24.7365,23.8774,23.8774,23.3129,23.0331
1992-04-01 00:00:00,2,32.1408,30.5205,31.1637,31.1637,31.1637,30.5205,29.8838,30.5205,32.1408,32.4697,29.8838,29.8838,28.9411,28.3208,29.8838,38.3113,45.7847,45.3957,39.0294,32.8003,30.8413,29.8838,29.2537,29.5679,30.8413,32.1408,35.1601,32.8003,30.8413,31.4878,
1992-03-01 00:00:00,2,59.9729,67.293,68.7111,74.5279,75.023,61.7644,53.4838,48.153,48.153,45.7847,43.0953,41.967,46.5677,47.3571,40.8532,39.0294,38.3113,40.1188,49.7642,54.7527,53.0641,45.0082,40.1188,37.5996,35.849,35.5037,40.4852,41.2228,37.5996,34.8181,33.4664
1992-02-01 00:00:00,2,134.528,140.524,164.672,212.603,258.112,271.814,256.767,251.436,217.372,194.227,175.896,150.8,126.093,107.643,96.6948,87.9192,80.0619,74.0343,67.7641,63.5816,59.529,58.6461,55.1788,53.0641,50.5795,50.9896,51.4012,53.9051,57.7697,,
1992-01-01 00:00:00,2,17.3972,21.4212,20.0343,17.1435,17.6527,23.8774,31.1637,30.5205,25.0262,26.7986,29.5679,21.9304,20.0343,27.0998,41.5941,41.5941,45.3957,45.7847,48.9554,51.4012,71.1068,91.1624,131.904,229.604,283.118,314.274,218.575,202.13,157.846,129.306,122.919
1991-12-01 00:00:00,2,18.693,20.0343,18.4302,14.9426,12.89,11.814,10.784,10.9863,14.012,13.7839,16.3934,14.9426,15.9025,14.7072,15.1798,27.0998,20.5836,16.6416,16.147,15.6598,14.4736,15.1798,14.7072,14.2419,12.89,11.814,12.2389,11.6043,11.3965,12.0255,12.0255
1991-11-01 00:00:00,2,9.6087,10.3848,12.6712,12.2389,10.9863,10.3848,9.8,9.6087,9.9931,10.3848,10.3848,10.9863,10.784,11.3965,13.7839,13.7839,12.4541,11.6043,11.1905,11.1905,10.784,10.188,9.2318,8.8622,8.5,8.1453,7.9707,7.9707,9.8,12.89,
1991-10-01 00:00:00,2,13.5577,20.3081,27.0998,27.4026,23.0331,15.6598,14.7072,21.9304,25.905,23.0331,19.7624,20.5836,17.6527,15.4189,14.012,13.1108,12.6712,14.2419,17.3972,18.4302,15.6598,14.012,12.4541,11.814,11.3965,10.9863,10.5835,10.188,9.9931,9.6087,9.4193
1991-09-01 00:00:00,2,7.7979,7.7979,7.6271,7.6271,7.6271,7.6271,7.6271,7.458,7.2908,7.2908,7.2908,7.2908,7.1255,7.1255,7.1255,6.9621,6.9621,7.1255,7.1255,7.1255,7.7979,8.3217,8.1453,7.7979,7.6271,7.6271,8.1453,8.6802,9.2318,10.9863,
1991-08-01 00:00:00,2,9.9931,9.8,9.8,9.6087,9.6087,9.4193,9.4193,9.4193,9.2318,9.2318,9.0461,8.8622,8.6802,8.6802,8.5,8.5,8.3217,8.3217,8.3217,8.1453,8.3217,8.3217,8.5,8.3217,8.1453,8.1453,8.1453,7.9707,7.9707,7.9707,7.7979
1991-07-01 00:00:00,2,11.3965,11.3965,11.3965,11.1905,11.1905,11.1905,10.9863,10.9863,10.784,10.784,10.5835,10.5835,10.5835,10.5835,10.784,10.784,10.784,10.5835,10.5835,10.5835,10.3848,10.3848,10.188,10.188,10.188,9.9931,9.9931,9.8,9.8,9.8,9.8
1991-06-01 00:00:00,2,14.9426,14.7072,14.7072,14.7072,14.4736,14.4736,14.2419,14.2419,14.012,13.7839,13.7839,13.5577,13.5577,13.3333,13.3333,13.1108,13.1108,12.89,12.89,12.6712,12.4541,12.2389,12.0255,12.0255,12.0255,11.814,11.814,11.6043,11.6043,11.3965,
1991-05-01 00:00:00,2,26.2012,25.0262,23.0331,22.2036,21.1402,20.5836,19.7624,19.4923,18.9576,18.9576,19.224,18.693,18.4302,17.91,17.6527,19.7624,20.3081,20.0343,19.7624,18.9576,18.4302,17.91,17.6527,17.1435,16.6416,16.3934,16.147,15.6598,15.4189,15.1798,15.1798
1991-04-01 00:00:00,2,39.7541,50.9896,56.467,82.1222,86.8509,62.2163,45.0082,38.6695,33.4664,30.2013,28.6301,27.4026,26.2012,25.0262,24.4485,23.8774,23.0331,22.4784,21.9304,21.1402,22.4784,22.4784,20.5836,25.6104,19.4923,19.4923,21.9304,40.4852,48.9554,40.4852,
1991-03-01 00:00:00,2,29.2537,28.9411,28.0131,29.2537,34.8181,35.849,36.8945,37.5996,31.4878,27.4026,25.6104,23.8774,23.5943,22.7549,28.0131,21.9304,21.7041,20.0343,20.0343,18.693,18.9576,20.861,29.8838,32.1408,31.1637,31.4878,34.4777,34.139,29.5679,27.0998,31.1637
1991-02-01 00:00:00,2,108.829,91.1624,77.5225,76.5179,73.5424,65.8892,46.9616,46.1754,51.4012,53.9051,51.4012,49.7642,45.3957,39.0294,36.8945,43.4746,41.967,43.8556,64.4998,66.3555,87.3843,60.8655,42.7175,36.5443,54.7527,37.2462,32.1408,31.1637,,,
1991-01-01 00:00:00,2,8.8622,8.5,8.1453,9.9931,15.1798,27.4026,47.3571,39.0294,27.707,21.9304,26.4991,24.7365,99.5205,204.427,209.073,211.422,173.818,141.198,126.093,101.81,66.8234,51.8145,53.0641,52.2294,54.7527,53.4838,95.0184,143.91,155.009,136.513,127.373
1990-12-01 00:00:00,2,11.6043,10.3848,8.8622,7.9707,7.458,6.9621,6.8005,6.6407,6.3268,6.3268,6.8005,7.7979,12.89,14.9426,16.6416,15.1798,15.4189,15.9025,14.4736,12.2389,11.1905,10.3848,9.9931,10.188,10.188,10.188,9.9931,10.9863,10.784,9.9931,9.0461
1990-11-01 00:00:00,2,6.3268,6.3268,6.3268,6.3268,7.2908,8.3217,10.784,13.5577,13.3333,11.1905,9.0461,9.8,9.0461,8.1453,7.458,7.1255,6.8005,6.4828,6.4828,6.1727,6.3268,7.1255,7.2908,7.458,8.3217,9.6087,9.0461,9.2318,9.0461,10.784,
1990-10-01 00:00:00,2,8.1453,7.7979,7.9707,7.9707,8.1453,8.1453,7.6271,7.6271,7.2908,6.9621,6.8005,6.6407,6.6407,6.6407,7.458,7.1255,6.8005,6.8005,7.1255,7.6271,9.2318,10.784,11.3965,8.8622,8.3217,7.9707,7.6271,7.2908,7.1255,7.7979,6.6407
1990-09-01 00:00:00,2,10.784,10.5835,10.3848,12.0255,11.3965,10.5835,9.9931,9.4193,9.0461,8.8622,8.6802,8.5,8.3217,8.1453,10.3848,15.4189,15.1798,13.3333,11.6043,10.784,10.188,9.6087,9.2318,9.0461,8.6802,8.6802,8.6802,8.5,8.3217,8.1453,
1990-08-01 00:00:00,2,9.4193,9.0461,8.6802,8.5,8.3217,8.3217,8.1453,8.1453,7.9707,7.7979,7.9707,8.1453,8.5,8.6802,8.3217,8.3217,8.3217,8.5,8.5,8.5,8.6802,8.6802,8.8622,8.8622,8.8622,9.0461,9.0461,9.0461,10.3848,11.814,11.6043
1990-07-01 00:00:00,2,8.6802,8.6802,9.6087,9.6087,9.4193,9.2318,9.2318,10.784,11.1905,10.784,10.3848,9.9931,9.9931,9.9931,10.188,9.9931,9.8,9.6087,9.4193,9.4193,9.2318,9.2318,9.2318,8.8622,8.8622,8.6802,8.5,8.5,8.3217,8.3217,8.6802
1990-06-01 00:00:00,2,10.9863,10.784,10.5835,10.3848,10.3848,10.188,9.9931,9.9931,9.8,9.6087,9.6087,9.4193,9.2318,9.2318,9.2318,9.2318,9.2318,9.2318,9.0461,9.0461,9.0461,8.8622,8.8622,8.8622,8.6802,8.6802,8.6802,8.5,8.5,8.5,
1990-05-01 00:00:00,2,12.4541,12.4541,12.89,13.5577,14.9426,14.7072,13.7839,13.3333,13.1108,12.6712,12.4541,12.6712,15.1798,16.3934,15.4189,14.2419,13.5577,13.3333,13.1108,13.5577,15.4189,14.012,13.1108,12.6712,12.4541,12.0255,11.814,11.6043,11.3965,11.3965,11.1905
1990-04-01 00:00:00,2,17.3972,16.6416,16.147,15.4189,15.1798,15.1798,15.1798,15.1798,14.9426,14.4736,14.012,16.3934,20.3081,17.91,16.6416,16.3934,16.147,23.0331,27.0998,22.7549,19.224,17.6527,16.8916,15.9025,15.1798,14.4736,13.7839,13.3333,13.1108,12.6712,
1990-03-01 00:00:00,2,36.5443,46.5677,52.6459,44.2382,32.1408,26.7986,24.1621,25.6104,26.4991,22.7549,21.1402,19.7624,18.693,17.91,18.4302,24.7365,25.0262,24.1621,25.0262,28.0131,28.0131,25.6104,23.3129,25.3175,27.4026,26.2012,23.8774,22.4784,20.5836,18.9576,17.91
1990-02-01 00:00:00,2,24.4485,23.8774,21.7041,20.3081,19.7624,19.224,18.693,18.4302,17.91,17.6527,16.8916,23.8774,22.2036,25.3175,77.0194,58.6461,43.4746,41.967,35.5037,37.2462,18.9576,17.91,18.9576,26.4991,27.4026,26.2012,27.0998,29.8838,,,
1990-01-01 00:00:00,2,55.1788,52.2294,76.5179,115.464,139.181,126.093,137.844,143.91,143.91,137.844,130.602,111.219,95.0184,80.5746,72.5634,63.1249,56.467,45.3957,37.2462,33.1325,30.5205,29.5679,26.7986,25.3175,23.8774,23.3129,27.0998,28.0131,27.0998,25.6104,24.1621
1989-12-01 00:00:00,2,17.91,15.6598,14.4736,13.5577,12.89,12.0255,11.3965,10.784,10.3848,10.3848,10.5835,13.5577,17.6527,28.0131,45.0082,58.2071,56.036,47.7543,48.153,50.1711,84.2079,95.0184,79.5509,78.0272,79.0414,78.5335,74.5279,70.6245,63.1249,64.0399,64.9613
1989-11-01 00:00:00,2,9.2318,9.0461,8.6802,8.6802,12.2389,13.1108,11.6043,10.3848,9.6087,11.6043,14.012,33.4664,52.6459,49.7642,50.1711,44.6224,38.3113,28.3208,35.5037,32.4697,30.8413,26.4991,24.4485,28.0131,29.8838,28.6301,27.0998,29.8838,18.4302,19.4923,
1989-10-01 00:00:00,2,9.8,9.9931,9.6087,9.0461,8.6802,8.3217,8.1453,7.7979,8.3217,7.9707,7.7979,8.1453,8.5,9.0461,9.6087,9.0461,9.2318,10.188,11.3965,10.9863,9.9931,10.9863,12.6712,11.814,12.0255,10.5835,9.4193,9.4193,9.4193,9.4193,9.4193
1989-09-01 00:00:00,2,14.012,14.4736,14.7072,12.2389,9.8,9.4193,9.9931,9.6087,9.6087,9.4193,9.0461,8.8622,8.6802,8.5,8.3217,8.3217,8.5,8.3217,8.1453,7.9707,7.9707,7.9707,7.7979,7.6271,7.6271,7.458,7.7979,8.5,9.2318,9.4193,
1989-08-01 00:00:00,2,16.6416,15.4189,14.4736,13.3333,11.814,11.1905,10.784,10.5835,10.3848,10.3848,10.188,9.8,9.6087,9.6087,9.2318,9.0461,9.0461,9.0461,8.8622,8.8622,8.6802,8.6802,8.6802,8.6802,8.6802,8.8622,9.8,10.5835,11.3965,12.89,14.2419
1989-07-01 00:00:00,2,11.3965,11.1905,11.1905,10.784,10.5835,10.5835,10.3848,10.3848,10.9863,10.784,10.784,10.5835,10.5835,10.3848,10.3848,10.3848,10.188,10.188,10.188,10.188,9.9931,9.9931,9.8,9.8,9.6087,9.4193,9.4193,9.2318,9.2318,9.2318,10.5835
1989-06-01 00:00:00,2,11.814,11.6043,11.6043,11.3965,11.3965,11.1905,11.1905,10.9863,10.9863,11.1905,11.6043,12.89,16.8916,17.91,15.9025,16.147,12.89,12.6712,12.4541,12.2389,12.0255,11.814,11.814,11.814,11.6043,11.3965,11.3965,12.0255,11.6043,11.3965,
1989-05-01 00:00:00,2,14.4736,14.4736,15.4189,20.5836,20.0343,19.7624,19.224,15.1798,14.7072,14.4736,14.012,13.7839,13.7839,13.5577,13.5577,13.1108,13.1108,13.1108,12.89,12.6712,12.6712,12.6712,12.6712,12.6712,12.6712,12.2389,12.2389,12.0255,12.0255,11.814,11.814
1989-04-01 00:00:00,2,21.7041,21.1402,20.5836,20.0343,19.7624,19.7624,19.4923,19.224,18.9576,18.693,18.4302,17.91,17.6527,18.1692,18.693,18.1692,17.6527,17.1435,16.8916,16.8916,16.8916,16.6416,16.3934,16.147,15.9025,15.6598,15.4189,14.9426,14.7072,14.4736,
1989-03-01 00:00:00,2,26.4991,43.8556,78.5335,83.1619,80.0619,85.7889,86.8509,59.9729,55.6066,52.2294,48.9554,42.7175,45.0082,58.2071,66.8234,59.0868,51.4012,45.0082,39.7541,34.139,31.4878,28.6301,23.5943,24.7365,27.4026,25.905,25.3175,24.7365,24.1621,23.5943,21.7041
1989-02-01 00:00:00,2,16.8916,16.8916,16.147,18.1692,19.7624,18.693,21.9304,28.6301,34.139,51.4012,65.8892,61.3141,60.4184,64.0399,76.5179,83.1619,73.0521,60.8655,45.3957,40.8532,35.849,32.1408,30.8413,30.5205,28.3208,27.707,45.3957,25.905,,,
1989-01-01 00:00:00,2,19.224,18.4302,20.5836,25.0262,37.9546,68.7111,71.5907,66.3555,56.8996,52.2294,51.4012,48.5534,41.2228,35.5037,32.8003,33.4664,34.139,32.4697,31.1637,31.4878,26.7986,24.1621,22.4784,20.861,20.0343,19.224,18.1692,17.91,17.6527,17.1435,17.1435
1988-12-01 00:00:00,2,16.147,15.4189,15.9025,17.1435,15.9025,14.7072,13.5577,12.6712,12.2389,11.814,13.7839,13.1108,14.012,14.4736,16.6416,16.8916,17.3972,20.5836,17.91,16.8916,22.7549,21.9304,40.1188,50.1711,46.1754,41.2228,38.6695,32.4697,27.707,23.0331,20.3081
1988-11-01 00:00:00,2,14.4736,14.2419,13.7839,13.7839,16.8916,18.4302,17.1435,15.9025,14.7072,13.5577,12.89,12.0255,11.3965,10.9863,10.9863,10.784,12.2389,13.5577,11.814,10.784,10.188,13.1108,20.3081,29.5679,29.5679,25.6104,18.1692,26.7986,21.9304,17.91,
1988-10-01 00:00:00,2,11.1905,11.1905,9.8,8.8622,8.6802,9.4193,12.89,12.4541,10.3848,9.2318,8.6802,9.0461,10.3848,13.3333,12.2389,10.5835,9.6087,9.0461,8.8622,9.8,12.89,18.9576,18.1692,21.7041,20.861,17.6527,15.6598,18.1692,17.3972,15.9025,15.1798
1988-09-01 00:00:00,2,7.6271,7.6271,7.6271,7.458,7.2908,7.1255,7.1255,6.9621,6.9621,6.9621,6.8005,6.8005,6.6407,6.4828,6.3268,6.3268,6.3268,6.3268,6.3268,6.3268,6.3268,6.1727,6.1727,6.0204,6.0204,6.0204,5.8699,5.7214,5.7214,7.7979,
1988-08-01 00:00:00,2,9.0461,9.0461,9.0461,9.0461,9.0461,9.0461,9.0461,9.0461,9.0461,8.8622,8.8622,8.6802,8.6802,8.6802,8.5,8.5,8.3217,8.3217,8.3217,8.1453,8.1453,8.1453,7.9707,7.9707,7.9707,7.9707,7.9707,7.9707,7.7979,7.7979,7.7979
1988-07-01 00:00:00,2,14.012,14.012,14.012,14.012,14.012,13.5577,13.1108,12.6712,12.2389,11.814,11.3965,10.9863,10.5835,10.188,9.9931,9.8,9.8,9.8,9.8,9.8,9.6087,9.6087,9.4193,9.2318,9.2318,9.0461,9.0461,9.0461,9.0461,9.0461,9.0461
1988-06-01 00:00:00,2,14.9426,14.9426,14.7072,14.4736,14.4736,14.7072,14.7072,14.7072,14.4736,14.4736,14.4736,14.4736,14.4736,14.4736,14.4736,14.4736,14.4736,14.4736,14.4736,14.4736,14.4736,14.4736,14.4736,14.4736,14.4736,14.4736,14.2419,14.012,14.012,14.012,
1988-05-01 00:00:00,2,15.6598,15.4189,14.9426,14.4736,14.4736,14.4736,14.4736,14.4736,14.4736,14.4736,14.4736,14.4736,14.4736,14.4736,14.4736,14.4736,14.4736,14.4736,15.6598,16.6416,15.6598,14.9426,14.7072,14.4736,14.4736,14.7072,14.9426,14.9426,14.7072,14.9426,14.9426
1988-04-01 00:00:00,2,20.5836,19.7624,19.4923,24.7365,22.4784,22.4784,21.4212,21.4212,19.7624,18.9576,18.4302,17.91,17.6527,18.4302,19.4923,21.4212,20.0343,18.693,18.1692,17.91,17.91,17.91,17.3972,17.1435,18.9576,18.1692,16.8916,17.1435,16.6416,15.9025,
1988-03-01 00:00:00,2,25.6104,24.7365,30.8413,52.2294,91.1624,84.7333,68.2368,56.467,43.8556,35.849,32.1408,30.2013,28.6301,27.4026,26.4991,25.6104,25.3175,25.3175,25.3175,27.4026,28.0131,25.3175,23.3129,22.7549,21.9304,21.4212,20.861,20.3081,20.0343,20.5836,20.861
1988-02-01 00:00:00,2,13.7839,15.1798,17.3972,33.4664,41.2228,34.139,29.2537,29.8838,37.9546,43.8556,51.8145,72.5634,71.5907,61.3141,45.7847,37.5996,35.1601,68.2368,92.2562,77.0194,55.6066,43.4746,37.5996,34.4777,32.1408,30.2013,29.2537,28.3208,26.7986,,
1988-01-01 00:00:00,2,41.2228,50.1711,38.3113,30.8413,27.4026,32.8003,41.2228,33.8019,34.139,35.849,37.9546,36.8945,33.8019,31.1637,28.3208,25.0262,23.5943,21.9304,20.5836,19.7624,18.9576,18.1692,17.6527,17.91,17.6527,16.8916,16.147,15.4189,14.9426,14.4736,14.2419
1987-12-01 00:00:00,2,23.0331,18.1692,15.9025,16.6416,19.4923,27.0998,38.3113,32.4697,33.1325,36.8945,74.0343,91.1624,83.6841,102.386,139.852,118.542,70.6245,48.9554,60.8655,138.511,105.877,67.7641,57.7697,47.7543,38.6695,34.8181,30.8413,28.3208,27.0998,26.2012,26.4991
1987-11-01 00:00:00,2,9.0461,8.8622,8.5,8.1453,7.9707,8.3217,8.8622,8.1453,8.3217,8.5,8.5,8.6802,7.2908,6.8005,6.9621,9.9931,15.4189,25.6104,23.3129,19.7624,16.8916,13.7839,12.4541,11.814,11.6043,12.0255,14.9426,19.224,18.4302,27.0998,
1987-10-01 00:00:00,2,7.9707,7.6271,7.6271,7.6271,7.6271,7.6271,7.2908,6.8005,7.2908,7.2908,7.2908,7.2908,7.1255,6.9621,6.9621,6.9621,6.9621,6.8005,6.6407,6.6407,6.8005,6.9621,7.6271,10.9863,10.5835,10.5835,10.188,9.0461,7.9707,9.6087,9.6087
1987-09-01 00:00:00,2,7.6271,7.458,7.2908,7.2908,7.2908,7.2908,7.2908,7.458,7.6271,7.9707,7.9707,7.6271,7.6271,7.6271,7.6271,7.6271,7.458,7.2908,11.814,12.4541,11.3965,10.3848,10.188,9.6087,9.6087,9.2318,8.6802,8.3217,8.1453,7.9707,
1987-08-01 00:00:00,2,8.5,8.5,8.5,8.5,8.5,8.5,8.5,8.3217,8.5,8.5,8.3217,8.3217,8.3217,8.3217,8.3217,8.3217,8.3217,7.9707,7.9707,7.9707,7.9707,7.9707,7.9707,7.9707,7.9707,7.9707,7.9707,7.7979,7.7979,7.7979,7.6271
1987-07-01 00:00:00,2,9.6087,8.6802,9.2318,9.0461,8.8622,8.8622,8.8622,8.8622,9.2318,10.188,10.5835,10.188,9.9931,9.8,9.6087,9.2318,9.2318,10.784,10.5835,8.8622,8.6802,8.6802,8.6802,8.5,8.5,8.5,8.5,8.5,8.5,8.5,8.5
1987-06-01 00:00:00,2,12.2389,11.6043,11.3965,10.9863,10.5835,10.5835,10.3848,10.5835,10.5835,10.5835,10.3848,9.9931,9.9931,9.9931,9.9931,9.6087,9.6087,9.6087,9.6087,9.6087,9.6087,9.6087,9.6087,9.6087,9.6087,9.9931,9.6087,9.6087,9.6087,9.6087,
1987-05-01 00:00:00,2,12.2389,11.6043,11.3965,11.3965,11.3965,10.784,10.5835,10.3848,10.5835,10.9863,10.5835,10.3848,10.3848,10.3848,10.188,9.9931,9.9931,9.9931,12.4541,13.3333,11.3965,10.9863,10.5835,10.5835,12.0255,12.4541,12.2389,13.1108,21.4212,14.4736,13.3333
1987-04-01 00:00:00,2,12.0255,11.814,11.3965,15.6598,24.4485,38.6695,37.2462,33.8019,33.4664,30.8413,29.8838,24.1621,20.0343,16.6416,15.1798,14.2419,14.012,13.1108,12.89,12.89,12.6712,12.2389,12.0255,11.814,11.814,11.814,11.3965,11.3965,11.3965,12.6712,
1987-03-01 00:00:00,2,12.4541,12.4541,12.2389,11.814,11.814,11.6043,11.3965,11.1905,20.0343,18.9576,21.1402,20.861,20.0343,16.3934,18.693,17.3972,17.6527,15.4189,14.2419,14.2419,31.1637,34.139,23.0331,17.1435,16.147,14.9426,14.2419,13.1108,12.89,12.4541,12.6712
1987-02-01 00:00:00,2,53.0641,52.2294,34.8181,28.0131,22.2036,20.5836,18.9576,18.1692,17.91,19.4923,21.9304,23.5943,21.1402,21.1402,20.0343,18.9576,18.1692,18.1692,19.224,18.9576,17.91,17.1435,15.6598,14.9426,14.012,14.2419,13.1108,12.4541,,,
1987-01-01 00:00:00,2,97.2567,88.9939,84.7333,75.023,67.7641,65.4245,47.7543,42.7175,37.2462,30.2013,22.2036,20.0343,18.1692,17.1435,16.3934,15.1798,16.8916,20.861,29.8838,39.0294,39.3909,40.8532,40.8532,39.0294,37.5996,29.5679,52.2294,53.9051,52.2294,54.7527,53.9051
1986-12-01 00:00:00,2,13.3333,20.0343,17.91,15.6598,13.1108,10.9863,9.4193,9.0461,8.8622,9.2318,9.9931,10.188,9.6087,10.188,15.6598,20.861,17.91,16.6416,13.7839,11.814,11.6043,9.9931,20.5836,14.012,20.861,23.8774,29.2537,29.8838,64.0399,74.5279,100.662
1986-11-01 00:00:00,2,8.3217,8.3217,8.6802,8.6802,8.6802,9.4193,8.8622,9.0461,8.8622,9.0461,8.6802,18.9576,17.1435,15.4189,14.7072,12.4541,10.9863,10.188,9.4193,9.0461,8.8622,8.5,8.5,8.3217,8.3217,8.3217,8.6802,8.8622,13.7839,14.4736,
1986-10-01 00:00:00,2,11.3965,11.1905,10.784,10.3848,10.188,9.8,9.6087,9.6087,10.3848,10.188,9.0461,8.8622,9.4193,9.2318,9.0461,8.6802,8.6802,8.8622,8.6802,8.5,8.5,8.5,8.5,8.5,8.6802,8.6802,8.5,8.5,8.5,8.5,8.3217
1986-09-01 00:00:00,2,13.1108,12.4541,12.0255,11.814,11.814,11.814,11.3965,11.3965,10.784,10.5835,10.5835,10.5835,10.5835,10.5835,10.5835,10.5835,10.5835,10.5835,10.3848,10.3848,10.3848,10.188,9.9931,9.9931,9.9931,9.9931,9.9931,9.8,10.188,10.784,
1986-08-01 00:00:00,2,14.4736,14.2419,14.2419,14.2419,13.7839,13.5577,13.1108,13.1108,13.1108,13.1108,13.1108,12.89,12.89,12.6712,12.4541,12.4541,12.4541,12.6712,12.89,12.4541,12.4541,17.6527,21.1402,18.1692,16.3934,16.8916,17.1435,16.147,14.9426,14.012,14.2419
1986-07-01 00:00:00,2,15.9025,15.4189,15.4189,15.9025,16.147,16.147,16.147,16.147,15.9025,15.4189,15.1798,14.7072,14.7072,14.7072,14.7072,14.4736,14.4736,14.4736,14.2419,14.2419,14.2419,14.2419,14.7072,16.6416,17.3972,17.1435,16.3934,15.4189,15.1798,15.6598,14.7072
1986-06-01 00:00:00,2,19.7624,20.0343,19.4923,18.9576,18.9576,18.693,18.4302,18.1692,18.1692,18.1692,17.91,17.91,17.91,17.6527,17.3972,17.1435,17.1435,17.1435,16.6416,16.6416,16.6416,16.6416,16.3934,16.3934,16.3934,16.3934,16.3934,16.3934,16.147,15.9025,
1986-05-01 00:00:00,2,25.905,24.7365,25.3175,23.3129,22.4784,22.2036,21.9304,21.7041,21.7041,21.7041,21.7041,21.7041,32.1408,29.2537,28.3208,26.7986,24.4485,23.5943,22.4784,21.7041,21.7041,21.7041,21.4212,20.861,20.3081,20.0343,20.0343,19.7624,19.7624,19.4923,18.9576
1986-04-01 00:00:00,2,28.0131,27.0998,26.7986,26.2012,25.905,25.3175,25.3175,24.7365,24.4485,24.1621,24.1621,23.8774,28.3208,26.7986,25.6104,25.3175,25.3175,24.1621,23.3129,23.3129,23.3129,22.7549,22.4784,22.4784,22.7549,23.5943,26.2012,32.1408,29.8838,28.6301,
1986-03-01 00:00:00,2,57.3338,61.7644,54.7527,52.2294,52.6459,52.2294,53.0641,50.1711,48.9554,44.6224,41.967,38.6695,35.1601,34.8181,33.4664,32.4697,31.4878,30.8413,30.5205,30.2013,30.2013,30.2013,29.5679,30.2013,31.1637,31.1637,30.2013,30.2013,29.5679,29.2537,28.6301
1986-02-01 00:00:00,2,38.6695,34.8181,33.4664,36.5443,37.9546,46.5677,49.7642,53.4838,59.9729,63.5816,61.3141,55.6066,48.9554,46.5677,48.153,57.3338,63.1249,95.0184,95.0184,96.1344,125.455,128.016,121.034,114.852,93.9087,79.0414,72.0763,64.9613,,,
1986-01-01 00:00:00,2,62.6698,63.5816,65.4245,63.5816,57.3338,58.6461,59.0868,72.5634,74.5279,72.0763,77.0194,110.619,112.424,118.542,128.016,198.717,129.306,107.053,95.0184,87.9192,76.5179,72.0763,64.9613,57.3338,50.5795,43.8556,43.8556,44.2382,44.6224,43.4746,42.3414
1985-12-01 00:00:00,2,36.5443,28.0131,23.5943,48.153,53.4838,49.359,49.7642,48.153,43.0953,30.2013,23.5943,20.5836,17.3972,16.3934,20.5836,25.3175,20.5836,18.9576,18.693,16.3934,18.693,25.905,34.139,34.4777,32.8003,37.9546,42.3414,54.7527,52.6459,55.1788,59.9729
1985-11-01 00:00:00,2,18.9576,20.5836,26.2012,46.9616,40.8532,38.6695,38.3113,30.5205,23.8774,20.861,18.1692,16.6416,15.4189,13.5577,13.3333,12.6712,12.0255,11.814,11.814,9.6087,9.0461,11.814,18.693,20.0343,20.861,35.1601,37.2462,51.4012,50.9896,43.8556,
1985-10-01 00:00:00,2,22.4784,18.4302,20.5836,21.1402,19.7624,17.6527,16.8916,17.6527,19.224,18.1692,16.3934,15.6598,14.9426,14.4736,14.2419,13.7839,14.012,14.4736,12.89,12.4541,12.0255,15.6598,16.8916,15.1798,15.1798,16.8916,15.4189,15.1798,16.147,21.4212,20.0343
1985-09-01 00:00:00,2,16.2584,16.2584,16.2584,16.2584,17.327,17.327,17.8729,21.3084,21.3084,21.3084,21.3084,17.327,17.327,16.7888,16.7888,16.7888,16.7888,16.2584,16.2584,15.2207,15.2207,15.2207,15.2207,25.0262,31.1637,30.2013,24.7365,20.3081,13.1108,24.4485,
1985-08-01 00:00:00,2,20.1328,19.5564,19.5564,19.5564,19.5564,19.5564,19.5564,19.271,18.9876,18.9876,18.9876,18.9876,18.4264,18.4264,18.1487,17.8729,17.8729,17.8729,17.327,17.327,17.327,17.327,17.8729,17.8729,17.327,17.327,17.327,17.327,16.7888,16.7888,16.7888
1985-07-01 00:00:00,2,23.1282,23.1282,23.1282,22.8202,22.5141,22.5141,22.5141,22.5141,22.5141,21.9075,21.607,21.3084,21.3084,21.3084,21.3084,21.3084,21.3084,21.3084,21.3084,20.7168,20.7168,20.7168,20.7168,20.1328,20.1328,20.1328,20.1328,20.1328,20.1328,20.1328,20.1328
1985-06-01 00:00:00,2,25.3365,25.3365,25.0154,25.6594,26.3108,25.9842,25.3365,25.0154,24.6963,24.6963,24.6963,24.6963,24.0634,24.0634,24.0634,24.0634,23.7498,23.7498,23.7498,23.4381,23.1282,23.1282,23.1282,23.1282,23.7498,23.4381,23.4381,23.4381,23.4381,23.7498,
1985-05-01 00:00:00,2,32.1446,31.4308,32.1446,32.1446,32.1446,31.4308,31.0767,30.7244,30.0252,30.0252,30.0252,30.0252,30.3739,30.0252,29.3333,28.6488,28.3093,27.9716,27.3017,27.3017,27.3017,27.3017,27.3017,27.3017,26.6393,26.3108,26.3108,25.9842,25.3365,25.3365,25.3365
1985-04-01 00:00:00,2,52.3119,49.6591,48.3563,45.7978,44.5422,44.1272,43.3025,42.0787,40.8708,40.4718,39.6789,38.5031,38.1147,37.7281,37.3432,36.579,36.1995,35.446,35.072,36.1995,36.9602,36.579,35.8219,34.6997,34.3293,33.9607,33.5938,33.2288,32.8656,32.5042,
1985-03-01 00:00:00,2,77.8891,85.5544,79.5042,77.3541,75.7591,74.7041,73.1343,71.5796,70.5515,69.5302,74.7041,106.133,102.463,85.5544,84.4394,84.4394,76.2891,74.1792,72.0961,71.5796,76.8207,90.0807,95.8869,93.5447,85.5544,76.2891,71.0647,64.5253,62.0866,56.4081,54.1151
1985-02-01 00:00:00,2,178.894,162.08,149.605,136.201,109.862,91.8053,80.5893,75.2308,86.6761,82.2294,77.8891,75.2308,75.2308,71.0647,65.0181,58.2734,53.6617,51.4207,47.4964,47.0692,46.2198,45.3775,46.6436,58.2734,67.0066,74.7041,75.2308,75.2308,,,
1985-01-01 00:00:00,2,71.0647,82.2294,75.2308,71.5796,65.5127,54.1151,52.3119,65.5127,138.976,147.451,142.48,134.137,157.626,146.023,114.924,97.6607,86.6761,90.0807,98.8515,110.489,132.769,115.564,110.489,128.703,182.031,237.159,269.035,250.115,331.47,243.58,203.027
1984-12-01 00:00:00,2,35.072,30.3739,33.2288,48.3563,48.3563,52.7601,50.9777,60.1663,78.4258,83.3311,86.6761,83.8844,68.5157,83.3311,84.9961,90.0807,86.6761,84.4394,82.7794,69.0221,54.5703,104.291,92.9632,79.5042,47.4964,47.0692,52.7601,50.9777,50.5364,59.6905,77.3541
1984-11-01 00:00:00,2,12.0539,11.8535,11.6547,11.2622,10.8762,10.8762,10.3098,10.6858,10.6858,10.6858,10.3098,10.6858,10.3098,10.3098,10.3098,9.9404,9.7582,9.7582,9.7582,10.6858,27.6357,54.5703,73.6559,63.5447,34.6997,35.072,43.714,43.3025,37.7281,35.446,
1984-10-01 00:00:00,2,15.996,14.9661,13.7167,13.7167,13.2911,12.8721,12.4597,12.0539,11.8535,11.6547,11.6547,11.6547,11.8535,11.8535,12.0539,12.8721,13.2911,13.7167,16.2584,28.3093,24.6963,21.9075,18.9876,16.2584,16.2584,15.7356,15.2207,14.7135,13.7167,12.665,12.0539
1984-09-01 00:00:00,2,13.7167,13.7167,14.2141,14.7135,14.7135,15.996,17.057,27.6357,39.6789,34.6997,25.6594,23.1282,21.0116,16.2584,15.996,15.7356,15.4772,15.4772,15.2207,15.2207,15.2207,15.4772,15.4772,15.7356,15.2207,14.2141,15.4772,16.2584,17.8729,17.327,
1984-08-01 00:00:00,2,12.0539,12.0539,12.0539,11.8535,11.8535,11.8535,11.8535,11.8535,11.6547,11.6547,11.4576,11.2622,10.8762,11.2622,11.2622,10.8762,10.8762,10.8762,11.2622,11.2622,11.2622,11.2622,11.8535,12.8721,13.2911,15.4772,16.2584,15.7356,13.7167,13.7167,13.7167
1984-07-01 00:00:00,2,13.2911,12.8721,12.8721,12.8721,12.8721,12.8721,12.8721,12.8721,12.8721,12.665,12.665,12.665,12.4597,12.4597,12.4597,12.2559,12.2559,12.2559,12.0539,12.0539,12.0539,12.0539,12.0539,12.0539,12.0539,12.0539,12.0539,12.0539,12.0539,12.0539,12.0539
1984-06-01 00:00:00,2,15.7356,15.7356,15.4772,15.2207,15.2207,15.2207,15.2207,14.9661,15.2207,15.2207,14.9661,14.7135,14.7135,14.4628,14.2141,13.9674,13.9674,13.7167,13.7167,13.7167,13.7167,13.7167,13.7167,13.7167,13.7167,13.2911,13.2911,13.2911,13.2911,13.2911,
1984-05-01 00:00:00,2,20.4238,23.1282,26.9696,28.6488,27.6357,25.9842,24.0634,22.8202,21.607,22.2098,21.0116,20.1328,19.5564,18.9876,18.4264,17.8729,17.8729,18.9876,18.9876,18.9876,18.4264,18.4264,18.4264,18.4264,17.8729,17.8729,17.327,16.7888,16.2584,16.2584,15.996
1984-04-01 00:00:00,2,35.072,33.5938,27.9716,27.6357,30.7244,34.3293,34.6997,35.446,33.9607,30.0252,27.3017,24.6963,23.7498,22.8202,22.5141,22.5141,21.9075,21.9075,21.3084,21.3084,21.3084,21.3084,20.7168,20.7168,20.1328,20.4238,22.2098,22.8202,22.5141,20.4238,
1984-03-01 00:00:00,2,25.3365,23.1282,23.4381,24.0634,24.6963,25.0154,25.3365,25.3365,25.9842,25.9842,27.9716,28.9901,32.5042,37.3432,40.8708,37.7281,34.6997,32.1446,30.3739,28.9901,26.9696,23.1282,23.4381,24.0634,25.0154,24.6963,22.8202,22.5141,22.5141,21.9075,25.6594
1984-02-01 00:00:00,2,40.0745,38.8932,36.9602,34.3293,33.2288,31.4308,30.7244,31.7868,31.7868,31.4308,30.3739,30.3739,29.6783,28.9901,28.6488,27.6357,26.9696,27.3017,29.6783,29.6783,29.3333,28.6488,27.3017,26.3108,26.3108,26.6393,26.6393,26.6393,26.3108,,
1984-01-01 00:00:00,2,70.04,66.009,54.1151,51.8654,48.7888,47.4964,45.7978,44.5422,44.1272,43.714,43.3025,42.8928,41.2717,39.2852,36.579,34.6997,34.6997,33.9607,33.9607,33.2288,33.2288,35.446,37.7281,40.0745,42.8928,53.6617,64.5253,57.8045,54.1151,47.9255,41.6743
1983-12-01 00:00:00,2,46.2198,44.959,45.3775,59.2164,77.3541,82.2294,84.9961,63.0569,53.6617,54.1151,65.5127,83.8844,96.4765,107.99,113.649,122.711,132.769,148.168,155.419,130.052,97.0678,86.6761,73.1343,71.0647,75.7591,85.5544,93.5447,87.8043,70.04,65.5127,71.0647
1983-11-01 00:00:00,2,31.0767,30.3739,38.8932,42.4849,41.6743,41.6743,41.2717,41.6743,42.8928,43.3025,48.7888,77.8891,98.8515,87.2394,38.5031,87.2394,86.1144,77.3541,57.3373,53.6617,57.3373,55.0271,58.2734,54.1151,51.8654,50.0969,47.0692,45.7978,56.4081,55.4857,
1983-10-01 00:00:00,2,26.3108,25.6594,25.0154,25.0154,24.3789,23.4381,21.9075,21.9075,25.6594,25.0154,24.3789,24.3789,27.6357,59.6905,71.0647,67.0066,73.1343,65.0181,43.3025,36.9602,34.6997,40.8708,90.6539,89.5091,87.2394,79.5042,52.7601,39.2852,38.5031,37.7281,31.7868
1983-09-01 00:00:00,2,22.5141,22.5141,22.8202,23.1282,24.3789,25.9842,30.0252,33.5938,34.6997,33.2288,30.3739,28.3093,28.3093,28.3093,28.3093,28.9901,28.3093,27.6357,26.9696,27.6357,27.6357,27.6357,26.9696,26.9696,33.2288,40.0745,44.5422,35.072,29.3333,27.9716,
1983-08-01 00:00:00,2,31.0767,30.3739,30.0252,29.6783,28.3093,27.9716,27.6357,27.6357,27.6357,27.6357,27.6357,27.3017,26.6393,26.3108,25.9842,25.9842,25.6594,24.6963,23.4381,21.9075,21.9075,22.8202,24.6963,25.9842,25.6594,25.0154,24.6963,24.6963,23.7498,23.1282,23.1282
1983-07-01 00:00:00,2,36.579,36.1995,35.446,35.072,34.6997,34.6997,34.6997,34.6997,33.9607,33.5938,32.8656,32.5042,32.1446,32.1446,31.7868,31.7868,31.7868,31.7868,33.2288,35.072,37.3432,43.714,41.2717,37.7281,35.072,33.9607,32.5042,31.7868,31.7868,31.4308,31.4308
1983-06-01 00:00:00,2,72.0961,85.5544,104.903,123.37,109.237,68.0109,64.5253,57.8045,51.8654,50.5364,47.9255,46.2198,45.3775,44.1272,42.8928,41.6743,41.2717,40.8708,40.4718,40.4718,40.0745,39.2852,38.1147,38.8932,39.2852,39.2852,38.1147,37.3432,37.3432,36.9602,
1983-05-01 00:00:00,2,84.4394,70.04,63.0569,56.4081,51.8654,50.9777,50.5364,50.5364,50.0969,49.6591,46.6436,45.3775,44.959,44.1272,44.1272,43.714,42.8928,42.0787,41.2717,40.4718,40.0745,40.0745,39.6789,39.6789,39.6789,40.8708,42.0787,44.1272,49.6591,52.7601,59.2164
1983-04-01 00:00:00,2,47.4964,46.6436,45.7978,44.959,43.3025,42.4849,44.959,50.0969,51.4207,54.5703,57.3373,59.2164,86.6761,90.0807,68.5157,104.291,85.5544,62.5709,58.2734,54.1151,51.8654,50.0969,47.4964,47.4964,88.3709,92.9632,91.8053,103.071,108.613,95.8869,
1983-03-01 00:00:00,2,70.5515,59.6905,68.0109,89.5091,99.4494,98.2553,103.68,103.68,100.65,95.8869,87.2394,81.1343,77.3541,69.0221,70.5515,66.009,63.0569,62.0866,60.6438,58.7441,57.8045,56.4081,55.946,55.4857,54.5703,51.4207,50.0969,49.6591,48.7888,47.9255,47.9255
1983-02-01 00:00:00,2,90.8457,105.487,248.799,214.979,212.603,195.343,168.696,158.756,167.684,284.553,283.118,232.104,198.717,171.757,105.518,151.774,128.031,111.118,106.133,100.65,98.2553,79.5042,73.6559,72.6144,69.5302,65.0181,64.5253,65.0181,,,
1983-01-01 00:00:00,2,84.6719,89.283,110.023,91.3695,96.1475,93.4788,89.283,95.0757,112.905,121.159,134.058,160.712,134.058,112.325,112.325,106.612,95.6109,90.8457,131.553,141.862,117.588,114.65,124.174,123.569,117.588,95.6109,104.367,95.0757,87.7331,75.3188,82.6598
1982-12-01 00:00:00,2,16.3745,16.8646,17.1123,24.1718,32.7602,34.1411,38.8387,40.2495,41.3233,39.1892,35.5498,34.842,25.9699,24.7642,21.8728,23.2965,54.0142,70.1413,74.8409,85.1785,103.252,92.9493,45.3749,53.1994,57.332,58.1761,57.332,51.9882,48.823,63.3632,88.2483
1982-11-01 00:00:00,2,18.8956,17.1123,16.1322,15.1804,14.7151,14.0306,13.362,12.9252,12.9252,14.257,15.1804,17.866,18.3773,16.1322,17.1123,31.743,35.5498,30.0824,30.7414,37.4517,39.8946,36.7672,29.4305,23.2965,20.4931,18.8956,17.866,17.3617,16.6187,16.1322,
1982-10-01 00:00:00,2,12.4955,12.4955,16.6187,15.8916,14.7151,14.0306,13.362,16.3745,16.1322,16.6187,21.5933,25.063,25.063,27.5166,35.5498,29.7556,23.0082,20.4931,19.421,18.6356,17.866,17.3617,17.613,17.1123,16.3745,15.8916,15.6527,16.1322,16.8646,23.5865,22.154
1982-09-01 00:00:00,2,16.1322,15.8916,15.8916,15.8916,15.6527,15.4157,15.4157,15.1804,14.9469,14.7151,14.7151,14.7151,14.4852,14.0306,13.5831,12.9252,12.7094,12.7094,12.7094,12.7094,12.9252,12.9252,12.9252,13.1427,13.1427,12.9252,12.4955,12.4955,12.9252,12.4955,
1982-08-01 00:00:00,2,19.421,19.421,19.421,19.421,19.1574,19.1574,19.1574,19.1574,18.3773,18.1207,18.3773,18.3773,18.1207,17.866,17.613,17.3617,17.3617,17.3617,17.3617,17.3617,17.1123,16.8646,16.6187,16.6187,16.6187,16.6187,16.6187,16.6187,16.6187,16.1322,16.1322
1982-07-01 00:00:00,2,23.5865,23.2965,23.0082,22.7217,22.7217,22.437,22.437,22.154,22.154,21.8728,21.8728,21.5933,21.5933,21.8728,22.154,22.437,21.8728,21.5933,21.5933,21.3156,21.5933,21.5933,21.0397,20.7655,20.4931,20.2224,20.2224,19.9535,19.9535,19.6864,19.6864
1982-06-01 00:00:00,2,28.7855,28.4657,28.1476,27.8312,27.5166,27.2038,26.8927,26.5833,26.5833,26.2757,25.9699,25.6658,25.6658,25.3635,25.3635,25.063,24.7642,24.7642,24.4671,25.3635,24.7642,24.4671,24.1718,24.1718,24.1718,24.1718,24.4671,24.4671,24.1718,23.8783,
1982-05-01 00:00:00,2,32.4194,33.1028,33.1028,32.4194,31.743,31.4074,30.7414,30.411,30.411,30.411,30.411,29.7556,29.7556,29.4305,29.1071,28.7855,28.7855,28.4657,28.4657,28.1476,28.4657,28.7855,28.7855,29.4305,30.0824,32.0803,35.5498,34.842,31.4074,29.7556,29.1071
1982-04-01 00:00:00,2,58.6004,61.6108,57.7534,51.5874,46.5109,44.6249,42.7758,41.3233,40.2495,39.5411,40.606,40.9639,40.2495,39.1892,40.606,48.823,51.5874,49.9989,43.8808,40.2495,38.4897,37.4517,36.4271,35.5498,35.195,34.4907,33.7933,33.4472,33.1028,32.7602,
1982-03-01 00:00:00,2,45.7521,49.6054,53.1994,57.332,56.4938,43.511,41.6842,56.9122,78.2164,86.707,95.6109,106.612,107.744,118.18,140.96,134.058,112.325,92.4213,80.6706,69.6792,62.0467,59.0261,60.3119,59.4532,64.6927,71.0696,67.8457,59.0261,69.6792,64.6927,59.8818
1982-02-01 00:00:00,2,92.4213,79.1937,71.0696,64.2481,60.3119,64.2481,67.8457,71.536,77.7298,86.707,83.1607,64.6927,52.7942,48.823,46.5109,44.6249,43.1427,41.6842,40.2495,38.8387,37.7962,36.7672,35.9064,35.195,34.4907,35.9064,37.7962,39.5411,,,
1982-01-01 00:00:00,2,54.8349,45.7521,53.6061,87.7331,188.709,252.762,184.371,137.22,109.451,86.1961,68.7596,80.1768,85.6866,78.2164,84.6719,61.1764,53.6061,49.6054,48.0464,48.0464,60.7434,82.6598,100.491,157.784,168.696,214.979,240.998,213.789,174.855,136.585,111.748
1981-12-01 00:00:00,2,34.1411,37.4517,37.4517,39.8946,53.1994,55.6614,42.4105,33.4472,34.4907,44.9991,59.4532,65.5863,91.3695,116.997,145.507,136.585,140.063,138.495,109.451,86.1961,68.7596,54.0142,45.3749,41.3233,39.1892,37.4517,54.0142,59.8818,66.0353,69.2187,64.2481
1981-11-01 00:00:00,2,21.3156,21.3156,20.7655,20.4931,22.154,33.7933,39.8946,28.4657,28.1476,35.9064,32.4194,38.8387,50.7902,54.8349,57.7534,47.2757,37.1087,35.5498,33.1028,31.4074,56.4938,81.1657,102.697,90.3234,62.0467,44.6249,48.0464,56.9122,46.1308,37.7962,
1981-10-01 00:00:00,2,7.0677,7.0677,7.5592,9.6872,13.5831,11.2491,10.0669,9.5,10.2595,11.0476,10.0669,11.6574,20.2224,23.0082,21.5933,34.4907,58.1761,61.1764,46.5109,33.1028,34.4907,36.7672,34.1411,29.4305,27.2038,25.3635,23.0082,22.154,21.8728,21.8728,21.5933
1981-09-01 00:00:00,2,9.131,8.9492,8.9492,8.9492,8.9492,8.7691,8.7691,8.5909,8.5909,8.4145,8.2398,8.2398,8.067,8.067,7.8959,7.8959,7.7267,7.7267,7.7267,7.7267,7.5592,7.3936,7.3936,7.2297,7.2297,7.2297,7.2297,7.2297,7.2297,7.0677,
1981-08-01 00:00:00,2,9.8762,9.8762,9.8762,9.6872,9.6872,9.6872,9.5,9.5,9.5,9.5,9.5,9.5,9.5,9.3146,9.3146,9.5,9.5,10.4538,12.0729,12.9252,11.8642,11.0476,10.4538,10.0669,9.8762,9.6872,9.6872,9.5,9.3146,9.131,9.131
1981-07-01 00:00:00,2,12.0729,12.0729,11.8642,11.6574,11.6574,11.4524,11.2491,11.2491,11.2491,11.0476,11.0476,11.0476,11.0476,11.0476,10.8479,10.8479,10.65,10.65,10.4538,10.4538,10.2595,10.2595,10.2595,10.0669,10.0669,10.0669,10.0669,10.0669,10.0669,9.8762,9.8762
1981-06-01 00:00:00,2,12.4955,12.9252,12.4955,12.2833,12.4955,11.2491,11.0476,11.0476,11.0476,10.65,10.8479,11.8642,12.4955,12.9252,13.1427,13.1427,12.2833,11.0476,10.2595,10.65,11.6574,12.4955,13.1427,13.1427,12.9252,12.7094,12.7094,12.4955,12.4955,12.2833,
1981-05-01 00:00:00,2,17.866,16.8646,15.8916,15.4157,15.6527,15.4157,14.7151,14.257,13.8059,13.5831,13.5831,13.5831,13.8059,14.0306,14.257,14.4852,14.7151,14.7151,14.9469,14.9469,14.7151,14.9469,14.9469,15.1804,15.1804,15.1804,15.1804,15.1804,14.257,12.0729,11.6574
1981-04-01 00:00:00,2,32.7602,29.1071,25.6658,23.5865,22.154,21.3156,20.4931,19.9535,19.421,18.6356,17.866,17.613,17.3617,16.8646,16.6187,16.3745,16.3745,17.1123,17.3617,16.3745,15.8916,15.4157,15.4157,15.1804,14.9469,14.9469,14.7151,14.4852,14.7151,17.3617,
1981-03-01 00:00:00,2,18.6356,18.6356,17.866,17.613,17.1123,19.9535,29.1071,26.8927,24.7642,24.4671,23.8783,22.437,21.0397,20.2224,19.421,18.8956,18.1207,26.8927,33.4472,34.4907,33.7933,42.4105,45.7521,39.5411,29.4305,25.063,23.5865,23.2965,25.3635,30.411,33.1028
1981-02-01 00:00:00,2,46.5109,44.6249,39.8946,36.7672,33.7933,32.0803,30.7414,29.7556,29.7556,29.7556,29.7556,32.0803,35.9064,36.7672,28.7855,26.2757,25.063,24.1718,23.2965,22.437,21.8728,21.8728,21.0397,20.4931,19.9535,19.421,19.1574,18.8956,,,
1981-01-01 00:00:00,2,53.1994,57.7534,52.7942,42.7758,36.7672,32.4194,30.0824,29.1071,28.1476,29.1071,36.7672,48.823,65.5863,77.2447,88.2483,97.2249,97.2249,87.7331,74.3644,57.7534,47.6603,43.511,42.4105,58.1761,75.3188,73.8894,48.4339,70.6047,62.0467,54.0142,47.2757
1980-12-01 00:00:00,2,28.7855,34.4907,45.3749,51.188,51.188,61.6108,66.0353,82.1603,96.1475,83.663,79.1937,61.1764,47.2757,43.1427,55.2474,65.1387,73.8894,48.0464,38.8387,34.1411,31.4074,30.0824,29.4305,28.4657,28.1476,27.8312,26.8927,26.5833,26.5833,31.743,44.9991
1980-11-01 00:00:00,2,9.5,9.3146,9.3146,9.3146,9.3146,9.131,9.131,9.3146,11.4524,16.1322,15.8916,23.0082,44.6249,44.2521,35.5498,25.063,20.2224,17.866,16.3745,15.6527,15.1804,14.4852,14.9469,17.613,19.1574,29.1071,25.9699,19.6864,17.1123,19.1574,
1980-10-01 00:00:00,2,14.9469,14.0306,13.1427,12.7094,12.2833,12.0729,11.8642,11.6574,11.8642,14.257,15.8916,15.1804,16.1322,17.613,15.8916,14.4852,13.5831,12.9252,12.4955,12.0729,11.8642,11.4524,11.2491,11.2491,11.2491,11.2491,11.0476,10.65,10.2595,10.0669,9.8762
