DataHora,NivelConsistencia,Vazao01,Vazao02,Vazao03,Vazao04,Vazao05,Vazao06,Vazao07,Vazao08,Vazao09,Vazao10,Vazao11,Vazao12,Vazao13,Vazao14,Vazao15,Vazao16,Vazao17,Vazao18,Vazao19,Vazao20,Vazao21,Vazao22,Vazao23,Vazao24,Vazao25,Vazao26,Vazao27,Vazao28,Vazao29,Vazao30,Vazao31
2019-12-01 00:00:00,2,58.497,58.497,60.4201,67.2902,66.2957,68.2889,74.3695,77.4654,79.5495,83.7652,97.8901,86.968,106.891,119.633,113.79,96.7812,81.6495,72.326,62.3611,56.592,62.3611,68.2889,69.2919,66.2957,66.2957,68.2889,68.2889,65.3055,55.6464,48.2509,42.9097
2019-11-01 00:00:00,2,33.6076,36.0789,31.1878,28.8211,27.2738,18.5374,19.9247,19.2275,18.5374,19.9247,25.7514,24.9998,22.7841,24.9998,27.2738,28.8211,27.2738,29.604,31.9886,40.3081,62.3611,73.3457,73.3457,80.5975,75.3974,69.2919,61.3884,56.592,55.6464,58.497,
2019-10-01 00:00:00,2,18.5374,21.3406,23.5161,25.7514,25.7514,24.2546,23.5161,22.7841,21.3406,24.2546,28.0444,24.2546,20.6291,19.2275,19.9247,20.6291,19.9247,18.5374,17.1796,15.852,14.5559,13.92,13.92,14.5559,14.5559,14.5559,14.5559,15.2,19.9247,25.7514,30.3929
2019-09-01 00:00:00,2,22.7841,24.2546,24.9998,26.5094,24.9998,27.2738,32.7952,28.0444,23.5161,19.9247,17.1796,15.2,13.92,13.92,13.2924,12.6733,10.8683,9.1463,8.0474,8.5918,9.1463,9.1463,10.8683,11.461,10.2848,11.461,12.6733,13.92,13.92,15.852,
2019-08-01 00:00:00,2,42.0373,44.6699,40.3081,42.9097,46.4504,45.5576,44.6699,43.7872,44.6699,37.7543,39.4515,42.9097,42.0373,43.7872,41.1701,33.6076,31.9886,31.9886,30.3929,31.1878,31.1878,31.1878,30.3929,30.3929,29.604,27.2738,25.7514,24.9998,24.2546,22.0589,21.3406
2019-07-01 00:00:00,2,39.4515,36.0789,37.7543,40.3081,42.0373,41.1701,42.0373,43.7872,44.6699,44.6699,45.5576,47.3482,43.7872,42.0373,43.7872,43.7872,46.4504,51.9106,51.9106,47.3482,47.3482,46.4504,45.5576,43.7872,45.5576,53.7691,53.7691,51.9106,48.2509,47.3482,45.5576
2019-06-01 00:00:00,2,42.0373,42.9097,44.6699,47.3482,44.6699,43.7872,42.9097,45.5576,50.9884,50.0711,49.1586,50.9884,50.9884,49.1586,48.2509,48.2509,44.6699,42.9097,43.7872,45.5576,46.4504,46.4504,43.7872,40.3081,39.4515,42.0373,43.7872,42.9097,40.3081,41.1701,
2019-05-01 00:00:00,2,52.8375,51.9106,51.9106,52.8375,52.8375,53.7691,50.9884,50.9884,51.9106,50.9884,49.1586,50.0711,50.0711,48.2509,48.2509,51.9106,52.8375,80.5975,80.5975,76.4294,73.3457,57.5423,55.6464,53.7691,51.9106,51.9106,50.0711,49.1586,47.3482,45.5576,43.7872
2019-04-01 00:00:00,2,79.5495,76.4294,72.326,70.2991,69.2919,69.2919,67.2902,64.3197,63.3382,66.2957,65.3055,65.3055,64.3197,60.4201,58.497,61.3884,74.3695,92.3824,106.891,101.239,85.8966,77.4654,74.3695,72.326,69.2919,65.3055,60.4201,55.6464,52.8375,53.7691,
2019-03-01 00:00:00,2,131.57,150.074,161.508,177.124,186.423,175.806,166.667,147.566,123.18,109.177,101.239,110.325,102.362,94.5744,90.2053,88.0433,95.6759,127.954,111.477,99.0027,93.4765,146.317,265.716,227.785,198.579,161.508,132.781,117.286,97.8901,85.8966,81.6495
2019-02-01 00:00:00,2,52.8375,52.8375,50.0711,51.9106,55.6464,66.2957,74.3695,81.6495,83.7652,90.2053,83.7652,102.362,112.632,105.754,103.489,106.891,125.56,132.781,161.508,173.181,167.964,193.148,189.105,193.148,169.263,142.588,123.18,112.632,,,
2019-01-01 00:00:00,2,148.818,148.818,145.071,148.818,142.588,117.286,97.8901,91.2919,88.0433,84.829,86.968,84.829,78.5054,72.326,68.2889,65.3055,62.3611,66.2957,64.3197,61.3884,59.4563,58.497,56.592,57.5423,56.592,58.497,59.4563,65.3055,59.4563,54.7054,51.9106
2018-12-01 00:00:00,2,120.812,136.435,135.214,151.332,155.125,133.996,121.994,124.368,138.887,131.57,121.994,118.458,101.239,93.4765,91.2919,93.4765,86.968,80.5975,73.3457,71.3104,70.2991,72.326,70.2991,73.3457,75.3974,81.6495,92.3824,97.8901,110.325,118.458,137.659
2018-11-01 00:00:00,2,37.7543,36.9139,37.7543,42.0373,54.7054,81.6495,82.7054,84.829,82.7054,89.1224,106.891,111.477,99.0027,81.6495,71.3104,69.2919,88.0433,77.4654,68.2889,68.2889,79.5495,157.669,237.774,242.093,227.785,220.726,209.568,190.45,161.508,135.214,
2018-10-01 00:00:00,2,13.2924,14.5559,15.852,15.2,15.852,22.7841,31.1878,31.1878,28.0444,26.5094,27.2738,33.6076,35.2495,31.9886,28.0444,28.0444,30.3929,37.7543,32.7952,34.4257,36.9139,41.1701,41.1701,42.0373,46.4504,43.7872,45.5576,44.6699,48.2509,46.4504,45.5576
2018-09-01 00:00:00,2,16.5119,15.852,14.5559,15.852,17.8548,13.92,11.461,12.0627,15.852,17.1796,13.92,11.461,10.8683,11.461,17.8548,19.9247,22.7841,27.2738,27.2738,26.5094,24.2546,23.5161,21.3406,22.0589,22.7841,21.3406,19.2275,17.1796,15.852,14.5559,
2018-08-01 00:00:00,2,15.852,13.92,14.5559,21.3406,25.7514,29.604,28.0444,27.2738,30.3929,31.9886,33.6076,36.9139,31.9886,28.0444,27.2738,27.2738,28.0444,27.2738,30.3929,29.604,26.5094,22.7841,21.3406,22.0589,23.5161,27.2738,24.2546,22.0589,19.2275,17.1796,15.852
2018-07-01 00:00:00,2,28.0444,27.2738,27.2738,27.2738,27.2738,26.5094,26.5094,25.7514,24.9998,24.2546,24.2546,24.9998,24.2546,26.5094,29.604,28.8211,23.5161,21.3406,22.0589,25.7514,24.9998,23.5161,23.5161,24.2546,22.7841,24.2546,26.5094,22.0589,18.5374,18.5374,17.8548
2018-06-01 00:00:00,2,43.7872,44.6699,44.6699,44.6699,46.4504,50.9884,48.2509,42.0373,36.9139,34.4257,38.6002,37.7543,36.9139,36.9139,35.2495,33.6076,31.1878,31.9886,29.604,30.3929,29.604,31.1878,28.8211,29.604,28.0444,26.5094,27.2738,28.8211,29.604,28.0444,
2018-05-01 00:00:00,2,48.2509,47.3482,47.3482,48.2509,48.2509,47.3482,47.3482,47.3482,46.4504,46.4504,46.4504,46.4504,46.4504,47.3482,46.4504,46.4504,46.4504,45.5576,49.1586,50.9884,51.9106,51.9106,50.9884,45.5576,47.3482,49.1586,51.9106,43.7872,42.0373,43.7872,44.6699
2018-04-01 00:00:00,2,76.4294,75.3974,78.5054,78.5054,76.4294,76.4294,79.5495,80.5975,91.2919,88.0433,82.7054,69.2919,62.3611,58.497,60.4201,75.3974,81.6495,81.6495,69.2919,62.3611,57.5423,56.592,54.7054,54.7054,56.592,55.6464,53.7691,52.8375,50.9884,49.1586,
2018-03-01 00:00:00,2,165.372,157.669,146.317,138.887,137.659,141.351,137.659,132.781,147.566,148.818,182.421,202.679,182.421,156.396,131.57,119.633,117.286,121.994,127.954,130.361,113.79,100.119,97.8901,100.119,97.8901,94.5744,90.2053,86.968,84.829,83.7652,80.5975
2018-02-01 00:00:00,2,126.756,147.566,153.858,152.594,141.351,129.156,129.156,129.156,119.633,113.79,106.891,99.0027,91.2919,84.829,79.5495,75.3974,71.3104,68.2889,66.2957,65.3055,72.326,99.0027,132.781,151.332,131.57,145.071,169.263,190.45,,,
2018-01-01 00:00:00,2,70.2991,86.968,85.8966,89.1224,116.117,142.588,191.798,275.927,338.181,299.641,233.478,151.332,120.812,106.891,99.0027,103.489,119.633,116.117,100.119,85.8966,74.3695,67.2902,63.3382,58.497,54.7054,55.6464,62.3611,71.3104,74.3695,69.2919,96.7812
2017-12-01 00:00:00,2,31.1878,54.7054,114.952,150.074,160.225,187.762,186.423,164.081,193.148,174.492,146.317,120.812,106.891,100.119,91.2919,83.7652,81.6495,97.8901,83.7652,74.3695,66.2957,57.5423,50.9884,45.5576,43.7872,40.3081,42.0373,50.0711,46.4504,42.9097,48.2509
2017-11-01 00:00:00,2,13.92,12.0627,12.0627,11.461,10.2848,9.7107,10.2848,11.461,14.5559,14.5559,13.2924,11.461,26.5094,33.6076,22.0589,15.852,15.852,16.5119,15.2,12.6733,17.1796,23.5161,28.0444,37.7543,42.0373,48.2509,44.6699,36.0789,32.7952,32.7952,
2017-10-01 00:00:00,2,9.1463,9.7107,10.2848,12.6733,12.0627,18.5374,17.8548,15.2,16.5119,14.5559,13.2924,12.0627,11.461,10.2848,9.7107,9.7107,9.7107,9.7107,9.1463,9.1463,9.7107,9.1463,8.5918,9.1463,8.5918,9.1463,9.1463,9.1463,9.7107,9.7107,10.2848
2017-09-01 00:00:00,2,10.8683,10.8683,10.8683,10.8683,10.8683,10.8683,10.8683,10.2848,9.7107,9.7107,9.7107,9.7107,9.7107,9.7107,9.1463,9.1463,9.1463,9.1463,9.1463,9.1463,8.5918,8.5918,8.5918,8.5918,8.0474,8.0474,8.0474,8.0474,7.5135,8.5918,
2017-08-01 00:00:00,2,10.2848,10.8683,11.461,10.8683,10.8683,10.8683,10.8683,10.8683,10.8683,10.8683,11.461,11.461,11.461,10.8683,11.461,11.461,11.461,11.461,11.461,11.461,11.461,10.8683,10.8683,10.8683,10.8683,11.461,11.461,11.461,11.461,11.461,11.461
2017-07-01 00:00:00,2,15.852,15.852,15.852,14.5559,14.5559,14.5559,14.5559,15.852,16.5119,18.5374,17.8548,13.92,12.6733,12.6733,13.2924,13.92,13.92,14.5559,13.2924,12.6733,13.2924,13.2924,13.2924,12.6733,13.2924,11.461,10.8683,10.8683,10.8683,10.2848,9.7107
2017-06-01 00:00:00,2,21.3406,19.9247,19.2275,19.2275,18.5374,19.2275,18.5374,17.8548,17.8548,17.8548,17.1796,17.1796,19.2275,19.9247,19.9247,20.6291,20.6291,20.6291,20.6291,20.6291,19.9247,19.2275,18.5374,18.5374,17.8548,19.2275,19.2275,18.5374,17.8548,16.5119,
2017-05-01 00:00:00,2,36.9139,34.4257,33.6076,32.7952,29.604,26.5094,24.9998,25.7514,26.5094,24.9998,24.9998,24.9998,24.9998,24.2546,22.7841,22.7841,22.7841,22.0589,21.3406,27.2738,24.2546,26.5094,24.9998,23.5161,25.7514,26.5094,25.7514,24.9998,24.2546,22.7841,22.0589
2017-04-01 00:00:00,2,49.1586,47.3482,46.4504,42.9097,42.0373,39.4515,38.6002,38.6002,38.6002,37.7543,37.7543,37.7543,38.6002,39.4515,38.6002,38.6002,38.6002,38.6002,38.6002,37.7543,37.7543,36.0789,30.3929,28.0444,27.2738,27.2738,29.604,32.7952,37.7543,40.3081,
2017-03-01 00:00:00,2,42.9097,42.9097,42.9097,46.4504,44.6699,43.7872,42.0373,42.0373,45.5576,47.3482,47.3482,42.0373,42.9097,41.1701,40.3081,37.7543,36.9139,36.0789,37.7543,49.1586,53.7691,64.3197,62.3611,57.5423,53.7691,50.0711,47.3482,45.5576,49.1586,48.2509,47.3482
2017-02-01 00:00:00,2,47.3482,51.9106,52.8375,49.1586,53.7691,72.326,101.239,108.032,108.032,89.1224,79.5495,71.3104,64.3197,61.3884,58.497,55.6464,52.8375,50.9884,49.1586,47.3482,44.6699,44.6699,43.7872,43.7872,42.9097,42.9097,40.3081,38.6002,,,
2017-01-01 00:00:00,2,68.2889,65.3055,61.3884,58.497,57.5423,58.497,54.7054,52.8375,51.9106,50.9884,52.8375,50.9884,50.9884,58.497,66.2957,80.5975,81.6495,70.2991,64.3197,64.3197,61.3884,55.6464,52.8375,53.7691,53.7691,53.7691,50.9884,53.7691,51.9106,50.0711,45.5576
2016-12-01 00:00:00,2,57.5423,57.5423,59.4563,86.968,129.156,148.818,153.858,85.8966,114.952,140.117,129.156,137.659,117.286,120.812,140.117,170.566,103.489,102.362,95.6759,106.891,96.7812,92.3824,88.0433,82.7054,69.2919,72.326,73.3457,70.2991,68.2889,70.2991,70.2991
2016-11-01 00:00:00,2,19.2275,17.1796,17.8548,17.1796,19.9247,21.3406,26.5094,18.5374,22.0589,30.3929,26.5094,25.7514,32.7952,37.7543,48.2509,61.3884,94.5744,108.032,105.754,88.0433,72.326,63.3382,58.497,55.6464,53.7691,58.497,58.497,54.7054,49.1586,48.2509,
2016-10-01 00:00:00,2,14.5559,13.92,13.92,15.852,19.9247,20.6291,25.7514,24.9998,26.5094,24.2546,22.7841,21.3406,21.3406,20.6291,20.6291,20.6291,21.3406,23.5161,22.0589,22.7841,25.7514,28.8211,25.7514,24.2546,22.7841,22.0589,22.7841,22.7841,22.0589,22.0589,19.9247
2016-09-01 00:00:00,2,29.604,29.604,28.0444,25.7514,24.2546,23.5161,23.5161,25.7514,22.7841,21.3406,20.6291,19.9247,19.2275,17.8548,19.9247,19.2275,19.2275,19.2275,19.2275,17.1796,17.1796,19.2275,18.5374,17.1796,17.1796,17.8548,17.1796,15.852,15.852,15.2,
2016-08-01 00:00:00,2,38.6002,36.9139,37.7543,37.7543,36.9139,36.9139,36.9139,36.9139,35.2495,36.0789,36.9139,36.0789,36.0789,36.0789,35.2495,34.4257,36.0789,36.0789,36.9139,36.9139,37.7543,36.0789,34.4257,34.4257,33.6076,31.9886,27.2738,28.0444,27.2738,25.7514,28.0444
2016-07-01 00:00:00,2,40.3081,38.6002,37.7543,36.9139,34.4257,36.0789,36.0789,36.0789,35.2495,35.2495,34.4257,33.6076,34.4257,34.4257,34.4257,34.4257,35.2495,36.9139,35.2495,36.0789,36.0789,36.0789,36.0789,36.0789,38.6002,37.7543,38.6002,38.6002,38.6002,37.7543,36.0789
2016-06-01 00:00:00,2,44.6699,43.7872,45.5576,49.1586,62.3611,66.2957,71.3104,67.2902,61.3884,57.5423,54.7054,52.8375,49.1586,47.3482,50.0711,50.9884,50.0711,48.2509,46.4504,44.6699,42.9097,44.6699,43.7872,43.7872,42.9097,42.9097,42.0373,41.1701,42.9097,41.1701,
2016-05-01 00:00:00,2,50.9884,50.9884,51.9106,55.6464,54.7054,52.8375,50.9884,50.9884,49.1586,48.2509,47.3482,46.4504,46.4504,46.4504,45.5576,44.6699,42.9097,44.6699,44.6699,44.6699,45.5576,45.5576,44.6699,42.9097,44.6699,46.4504,50.0711,44.6699,44.6699,42.9097,42.0373
2016-04-01 00:00:00,2,82.7054,69.2919,67.2902,66.2957,65.3055,63.3382,61.3884,57.5423,55.6464,53.7691,52.8375,52.8375,51.9106,50.9884,52.8375,51.9106,50.0711,50.0711,50.0711,49.1586,47.3482,47.3482,46.4504,46.4504,43.7872,43.7872,45.5576,45.5576,45.5576,49.1586,
2016-03-01 00:00:00,2,78.5054,0,0,0,0,0,0,49.1586,136.435,135.214,123.18,109.177,108.032,101.239,112.632,113.79,106.891,99.0027,89.1224,82.7054,79.5495,75.3974,75.3974,75.3974,75.3974,82.7054,78.5054,76.4294,75.3974,74.3695,73.3457
2016-02-01 00:00:00,2,295.155,258.118,191.798,151.332,132.781,123.18,116.117,111.477,108.032,106.891,103.489,106.891,101.239,99.0027,92.3824,90.2053,89.1224,86.968,93.4765,118.458,141.351,133.996,117.286,102.362,96.7812,88.0433,93.4765,96.7812,96.7812,,
2016-01-01 00:00:00,2,63.3382,58.497,55.6464,55.6464,54.7054,69.2919,75.3974,65.3055,61.3884,59.4563,69.2919,91.2919,94.5744,95.6759,94.5744,112.632,155.125,307.212,485.82,594.552,632.553,603.548,489.243,376.27,295.155,216.522,173.181,201.31,240.651,274.462,305.65
2015-12-01 00:00:00,2,35.2495,32.7952,37.7543,43.7872,55.6464,52.8375,59.4563,58.497,54.7054,50.9884,46.4504,53.7691,50.9884,49.1586,72.326,99.0027,100.119,91.2919,100.119,103.489,99.0027,95.6759,81.6495,76.4294,72.326,64.3197,59.4563,56.592,57.5423,67.2902,70.2991
2015-11-01 00:00:00,2,17.1796,15.852,15.2,13.92,13.2924,12.6733,13.2924,13.2924,12.6733,12.0627,15.2,15.2,12.6733,13.2924,15.852,16.5119,17.8548,20.6291,33.6076,40.3081,42.0373,42.0373,41.1701,49.1586,63.3382,58.497,50.0711,44.6699,41.1701,39.4515,
2015-10-01 00:00:00,2,17.8548,17.1796,17.8548,18.5374,18.5374,17.8548,17.8548,17.1796,16.5119,15.2,14.5559,14.5559,13.92,14.5559,13.2924,13.2924,13.2924,12.6733,12.0627,12.0627,11.461,12.0627,15.2,14.5559,12.6733,13.2924,13.92,14.5559,13.92,18.5374,22.7841
2015-09-01 00:00:00,2,15.852,15.852,15.852,15.2,15.2,14.5559,14.5559,15.2,18.5374,21.3406,35.2495,43.7872,47.3482,42.9097,41.1701,40.3081,38.6002,35.2495,31.9886,28.0444,26.5094,24.9998,23.5161,22.7841,21.3406,19.9247,19.2275,18.5374,17.1796,17.8548,
2015-08-01 00:00:00,2,36.0789,36.0789,37.7543,37.7543,37.7543,37.7543,36.9139,33.6076,28.0444,26.5094,26.5094,25.7514,27.2738,27.2738,27.2738,24.9998,22.7841,22.0589,22.0589,20.6291,19.2275,17.8548,17.8548,18.5374,17.8548,17.8548,17.1796,17.1796,16.5119,16.5119,15.852
2015-07-01 00:00:00,2,46.4504,46.4504,45.5576,44.6699,42.0373,38.6002,33.6076,30.3929,33.6076,35.2495,41.1701,40.3081,38.6002,38.6002,37.7543,37.7543,38.6002,39.4515,40.3081,38.6002,38.6002,38.6002,37.7543,37.7543,37.7543,37.7543,37.7543,37.7543,37.7543,36.9139,36.0789
2015-06-01 00:00:00,2,51.9106,51.9106,53.7691,54.7054,59.4563,58.497,57.5423,55.6464,52.8375,51.9106,50.9884,50.9884,50.9884,50.9884,50.0711,49.1586,49.1586,49.1586,47.3482,47.3482,48.2509,48.2509,48.2509,48.2509,47.3482,47.3482,47.3482,47.3482,47.3482,47.3482,
2015-05-01 00:00:00,2,51.9106,51.9106,51.9106,50.9884,50.0711,50.9884,52.8375,52.8375,56.592,57.5423,60.4201,60.4201,62.3611,64.3197,66.2957,63.3382,60.4201,58.497,57.5423,56.592,55.6464,54.7054,53.7691,53.7691,52.8375,51.9106,50.9884,50.9884,50.9884,50.9884,51.9106
2015-04-01 00:00:00,2,97.8901,99.0027,84.829,83.7652,84.829,77.4654,73.3457,74.3695,73.3457,71.3104,69.2919,67.2902,65.3055,63.3382,60.4201,58.497,57.5423,58.497,58.497,56.592,55.6464,55.6464,55.6464,54.7054,59.4563,60.4201,57.5423,55.6464,53.7691,51.9106,
2015-03-01 00:00:00,2,66.2957,63.3382,60.4201,53.7691,0,0,0,0,0,0,49.1586,153.858,178.443,150.074,126.756,106.891,90.2053,92.3824,146.317,145.071,156.396,158.946,145.071,150.074,170.566,185.086,171.872,157.669,123.18,108.032,103.489
2015-02-01 00:00:00,2,40.3081,38.6002,35.2495,32.7952,39.4515,65.3055,56.592,63.3382,64.3197,73.3457,119.633,105.754,95.6759,90.2053,77.4654,65.3055,60.4201,66.2957,80.5975,109.177,105.754,104.619,89.1224,74.3695,66.2957,64.3197,60.4201,63.3382,,,
2015-01-01 00:00:00,2,43.7872,37.7543,32.7952,0,2.0699,48.2509,48.2509,49.1586,49.1586,44.6699,38.6002,35.2495,33.6076,31.1878,28.8211,27.2738,26.5094,25.7514,24.2546,22.7841,22.0589,22.0589,22.7841,24.9998,29.604,31.1878,40.3081,45.5576,41.1701,42.9097,44.6699
2014-12-01 00:00:00,2,60.4201,64.3197,65.3055,61.3884,57.5423,52.8375,54.7054,63.3382,71.3104,62.3611,52.8375,48.2509,45.5576,50.9884,53.7691,53.7691,60.4201,67.2902,64.3197,56.592,50.9884,48.2509,48.2509,50.9884,63.3382,58.497,58.497,55.6464,51.9106,48.2509,45.5576
2014-11-01 00:00:00,2,18.5374,24.2546,24.2546,24.2546,21.3406,18.5374,17.1796,18.5374,16.5119,15.852,15.2,14.5559,15.2,23.5161,31.1878,26.5094,21.3406,19.2275,18.5374,16.5119,16.5119,16.5119,22.0589,22.7841,21.3406,21.3406,24.9998,35.2495,41.1701,51.9106,
2014-10-01 00:00:00,2,9.1463,9.7107,9.1463,9.1463,9.1463,9.1463,8.5918,8.0474,9.7107,9.7107,9.7107,9.7107,9.7107,10.2848,10.2848,9.7107,9.7107,9.7107,9.7107,9.7107,9.7107,9.7107,9.7107,10.8683,10.8683,10.8683,16.5119,17.1796,17.1796,19.2275,18.5374
2014-09-01 00:00:00,2,12.6733,12.6733,13.2924,13.2924,12.6733,13.92,15.2,13.92,12.6733,13.92,13.92,12.6733,12.0627,13.2924,13.92,13.92,13.2924,13.2924,12.6733,12.6733,12.0627,11.461,9.1463,9.1463,9.1463,9.1463,9.7107,9.1463,9.1463,9.7107,
2014-08-01 00:00:00,2,28.0444,25.7514,24.2546,22.0589,22.0589,20.6291,19.2275,18.5374,18.5374,17.8548,17.1796,17.1796,16.5119,16.5119,15.852,15.852,15.852,15.852,15.2,15.2,15.2,15.2,15.2,14.5559,13.92,13.92,13.92,13.2924,13.2924,13.92,13.2924
2014-07-01 00:00:00,2,18.5374,18.5374,18.5374,18.5374,18.5374,17.8548,17.8548,17.8548,17.8548,17.8548,17.8548,17.8548,17.8548,17.8548,17.1796,17.1796,17.8548,17.8548,17.8548,17.1796,15.852,14.5559,13.92,13.92,15.852,17.8548,19.2275,22.7841,24.9998,25.7514,26.5094
2014-06-01 00:00:00,2,0,0,0,0.111,26.5094,24.9998,24.9998,24.9998,24.2546,24.2546,23.5161,22.7841,22.0589,19.9247,18.5374,17.1796,17.1796,17.1796,18.5374,19.2275,18.5374,17.8548,19.2275,19.2275,18.5374,18.5374,18.5374,18.5374,18.5374,18.5374,
2014-05-01 00:00:00,2,0,0,0,0,0,0,0,0,0,0,0,0,0,0,0,0,0,0,0,0,0,0,0,0,0,0,0,0,0,0,0
2014-04-01 00:00:00,2,0,0,0,0,0,0,0,0,0,0,0,0,0,0,0,0,0,0,0,0,0,0,0,0,0,0,0,0,0,0,
2014-03-01 00:00:00,2,46.4504,46.4504,46.4504,46.4504,46.4504,46.4504,46.4504,46.4504,46.4504,46.4504,46.4504,46.4504,46.4504,46.4504,46.4504,46.4504,46.4504,46.4504,46.4504,46.4504,46.4504,46.4504,46.4504,46.4504,45.5576,45.5576,45.5576,4.0984,0,0,0
2014-02-01 00:00:00,2,51.9106,50.0711,48.2509,47.3482,47.3482,47.3482,47.3482,47.3482,46.4504,46.4504,46.4504,46.4504,46.4504,46.4504,46.4504,46.4504,46.4504,46.4504,46.4504,46.4504,46.4504,46.4504,46.4504,46.4504,46.4504,46.4504,46.4504,46.4504,,,
2014-01-01 00:00:00,2,95.6759,86.968,79.5495,74.3695,71.3104,68.2889,65.3055,62.3611,60.4201,56.592,55.6464,54.7054,52.8375,50.9884,49.1586,48.2509,47.3482,47.3482,57.5423,58.497,69.2919,90.2053,82.7054,82.7054,79.5495,73.3457,72.326,68.2889,63.3382,59.4563,54.7054
2013-12-01 00:00:00,2,68.2793,68.2793,60.8199,62.0495,60.8199,57.1647,58.3774,75.9273,85.0741,79.8186,104.037,177.94,179.505,164.081,127.954,99.0027,88.0433,75.3974,70.2991,67.2902,66.2957,81.6495,78.5054,85.8966,99.0027,127.954,127.954,109.177,119.633,130.361,116.117
2013-11-01 00:00:00,2,51.1892,51.1892,48.8414,48.8414,48.8414,48.8414,51.1892,57.1647,62.0495,59.5959,57.1647,54.7567,50.0122,47.6768,45.367,45.367,44.2219,44.2219,44.2219,44.2219,43.0835,43.0835,41.9517,41.9517,41.9517,45.367,58.3774,77.2195,73.3577,68.2793,
2013-10-01 00:00:00,2,41.9517,41.9517,41.9517,41.9517,41.9517,43.0835,47.6768,53.5615,51.1892,46.5187,45.367,44.2219,43.0835,43.0835,43.0835,41.9517,41.9517,41.9517,57.1647,78.5166,99.9023,97.1667,82.4369,68.2793,60.8199,59.5959,58.3774,57.1647,55.9578,54.7567,52.3723
2013-09-01 00:00:00,2,41.9517,41.9517,41.9517,40.8268,40.8268,40.8268,40.8268,40.8268,40.8268,40.8268,40.8268,40.8268,40.8268,40.8268,40.8268,40.8268,40.8268,40.8268,40.8268,40.8268,40.8268,41.9517,41.9517,43.0835,44.2219,43.0835,43.0835,41.9517,41.9517,41.9517,
2013-08-01 00:00:00,2,45.367,45.367,44.2219,44.2219,44.2219,43.0835,43.0835,43.0835,43.0835,43.0835,43.0835,43.0835,43.0835,43.0835,41.9517,41.9517,41.9517,41.9517,41.9517,41.9517,41.9517,41.9517,41.9517,41.9517,41.9517,41.9517,41.9517,41.9517,41.9517,41.9517,41.9517
2013-07-01 00:00:00,2,64.5253,63.2847,62.0495,62.0495,60.8199,59.5959,58.3774,57.1647,57.1647,55.9578,54.7567,54.7567,53.5615,53.5615,52.3723,52.3723,51.1892,51.1892,50.0122,48.8414,48.8414,47.6768,47.6768,45.367,45.367,45.367,45.367,45.367,45.367,45.367,45.367
2013-06-01 00:00:00,2,119.514,116.664,112.419,105.424,99.9023,98.5324,98.5324,97.1667,95.8054,94.4484,91.7476,90.4038,87.7298,86.3996,83.7531,82.4369,81.1253,79.8186,77.2195,75.9273,74.64,73.3577,72.0804,70.8082,69.5412,69.5412,68.2793,67.0226,65.7713,65.7713,
2013-05-01 00:00:00,2,125.259,123.817,120.944,119.514,118.087,116.664,115.245,112.419,109.609,105.424,101.276,97.1667,94.4484,91.7476,89.0646,87.7298,85.0741,83.7531,82.4369,82.4369,81.1253,79.8186,79.8186,78.5166,78.5166,77.2195,75.9273,74.64,74.64,85.0741,111.012
2013-04-01 00:00:00,2,115.245,111.012,108.21,105.424,105.424,108.21,139.881,177.94,177.94,167.078,162.47,160.941,154.856,157.892,168.62,173.266,171.714,165.539,159.415,154.856,148.825,144.337,139.881,136.927,135.456,133.988,132.524,131.064,129.607,128.154,
2013-03-01 00:00:00,2,94.4484,99.9023,106.815,113.83,120.944,123.817,120.944,115.245,108.21,101.276,95.8054,93.0958,102.655,113.83,115.245,112.419,108.21,102.655,97.1667,93.0958,93.0958,94.4484,87.7298,85.0741,85.0741,86.3996,87.7298,97.1667,118.087,120.944,118.087
2013-02-01 00:00:00,2,281.652,303.746,308.53,318.151,303.746,264.787,264.787,263.079,252.884,234.433,224.504,211.418,196.911,185.792,174.821,160.941,150.328,144.337,138.402,133.988,131.064,126.704,120.944,115.245,109.609,102.655,98.5324,94.4484,,,
2013-01-01 00:00:00,2,90.4038,81.1253,72.0804,65.7713,60.8199,57.1647,53.5615,53.5615,54.7567,62.0495,70.8082,79.8186,93.0958,105.424,111.012,119.514,128.154,135.456,157.892,159.415,145.83,154.856,125.259,116.664,101.276,93.0958,109.609,185.792,222.859,268.211,259.671
2012-12-01 00:00:00,2,86.3996,83.7531,77.2195,72.0804,68.2793,67.0226,65.7713,63.2847,60.8199,58.3774,58.3774,65.7713,75.9273,75.9273,101.276,113.83,106.815,104.037,112.419,111.012,99.9023,93.0958,87.7298,82.4369,79.8186,77.2195,73.3577,69.5412,65.7713,77.2195,98.5324
2012-11-01 00:00:00,2,39.7089,39.7089,44.2219,57.1647,59.5959,59.5959,58.3774,57.1647,59.5959,70.8082,98.5324,99.9023,104.037,101.276,97.1667,101.276,95.8054,93.0958,104.037,105.424,98.5324,87.7298,78.5166,74.64,70.8082,70.8082,77.2195,72.0804,77.2195,86.3996,
2012-10-01 00:00:00,2,48.8414,47.6768,47.6768,47.6768,47.6768,47.6768,46.5187,45.367,45.367,44.2219,44.2219,44.2219,44.2219,44.2219,44.2219,41.9517,39.7089,39.7089,39.7089,39.7089,39.7089,39.7089,39.7089,39.7089,39.7089,39.7089,39.7089,39.7089,39.7089,39.7089,39.7089
2012-09-01 00:00:00,2,54.7567,53.5615,53.5615,53.5615,52.3723,51.1892,50.0122,47.6768,46.5187,44.2219,43.0835,40.8268,38.598,36.3978,35.3087,34.2272,33.1533,32.0872,31.029,29.9789,28.937,27.9035,27.9035,27.9035,27.9035,29.9789,33.1533,31.029,43.0835,48.8414,
2012-08-01 00:00:00,2,65.7713,64.5253,64.5253,63.2847,62.0495,60.8199,60.8199,59.5959,57.1647,55.9578,55.9578,54.7567,53.5615,53.5615,52.3723,52.3723,51.1892,51.1892,50.0122,50.0122,48.8414,47.6768,47.6768,46.5187,46.5187,47.6768,50.0122,50.0122,50.0122,52.3723,53.5615
2012-07-01 00:00:00,2,94.4484,94.4484,93.0958,93.0958,91.7476,90.4038,90.4038,89.0646,87.7298,87.7298,86.3996,86.3996,85.0741,83.7531,83.7531,82.4369,81.1253,81.1253,79.8186,79.8186,79.8186,78.5166,78.5166,78.5166,77.2195,70.8082,63.2847,64.5253,65.7713,67.0226,65.7713
2012-06-01 00:00:00,2,97.1667,94.4484,93.0958,93.0958,93.0958,94.4484,111.012,171.714,195.314,168.62,142.848,129.607,118.087,109.609,104.037,101.276,99.9023,98.5324,98.5324,98.5324,98.5324,97.1667,95.8054,101.276,106.815,108.21,106.815,102.655,98.5324,95.8054,
2012-05-01 00:00:00,2,123.817,123.817,123.817,125.259,118.087,109.609,108.21,108.21,108.21,106.815,105.424,105.424,104.037,102.655,102.655,104.037,105.424,108.21,109.609,108.21,106.815,104.037,101.276,101.276,101.276,101.276,104.037,106.815,108.21,109.609,106.815
2012-04-01 00:00:00,2,239.434,229.457,216.304,203.33,185.792,170.166,170.166,165.539,165.539,164.003,148.825,142.848,132.524,122.379,115.245,112.419,112.419,116.664,113.83,115.245,116.664,111.012,106.815,106.815,108.21,108.21,109.609,116.664,125.259,125.259,
2012-03-01 00:00:00,2,145.83,139.881,132.524,125.259,123.817,120.944,120.944,122.379,120.944,118.087,116.664,115.245,112.419,128.154,129.607,136.927,170.166,171.714,173.266,162.47,148.825,138.402,139.881,156.372,164.003,171.714,165.539,159.415,159.415,198.512,244.458
2012-02-01 00:00:00,2,347.421,321.374,292.65,273.364,247.821,244.458,222.859,216.304,208.174,209.795,251.194,276.812,273.364,284.784,281.652,263.079,239.434,206.557,200.115,195.314,190.54,184.216,181.072,176.379,182.642,174.821,170.166,165.539,160.941,,
2012-01-01 00:00:00,2,463.104,556.496,758.382,862.482,1083.86,1260.62,1092.44,903.337,690.126,614.014,621.531,684.346,688.198,582.308,516.496,464.862,417.962,412.824,385.674,378.955,377.279,357.31,340.865,324.603,292.65,269.926,259.671,257.97,280.27,297.394,310.129
2011-12-01 00:00:00,2,162.47,162.47,153.343,147.326,145.83,138.402,136.927,138.402,154.856,209.795,241.106,246.139,244.458,216.304,209.795,306.933,407.701,796.055,901.284,919.802,901.284,701.72,457.841,436.929,377.279,331.086,329.462,392.421,459.594,496.762,473.673
2011-11-01 00:00:00,2,81.1253,72.0804,68.2793,63.2847,62.0495,62.0495,60.8199,58.3774,57.1647,53.5615,53.5615,53.5615,53.5615,58.3774,69.5412,90.4038,118.087,118.087,119.514,98.5324,89.0646,82.4369,79.8186,82.4369,99.9023,98.5324,108.21,167.078,167.078,164.003,
2011-10-01 00:00:00,2,38.598,37.4943,37.4943,38.598,39.7089,40.8268,41.9517,43.0835,40.8268,40.8268,44.2219,47.6768,50.0122,59.5959,72.0804,,101.276,108.21,109.609,97.1667,91.7476,81.1253,70.8082,86.3996,82.4369,78.5166,82.4369,91.7476,90.4038,81.1253,85.0741
2011-09-01 00:00:00,2,68.2793,64.5253,58.3774,55.9578,52.3723,50.0122,47.6768,46.5187,47.6768,47.6768,45.367,45.367,45.367,45.367,47.6768,47.6768,46.5187,40.8268,40.8268,40.8268,40.8268,33.1533,27.9035,27.9035,34.2272,37.4943,39.7089,38.598,38.598,38.598,
2011-08-01 00:00:00,2,85.0741,82.4369,82.4369,70.8082,69.5412,68.2793,82.4369,83.7531,83.7531,83.7531,83.7531,82.4369,82.4369,83.7531,82.4369,82.4369,83.7531,81.1253,74.64,78.5166,79.8186,79.8186,81.1253,82.4369,82.4369,79.8186,79.8186,79.8186,82.4369,72.0804,70.8082
2011-07-01 00:00:00,2,122.379,122.379,115.245,108.21,105.424,108.21,106.815,102.655,101.276,99.9023,98.5324,99.9023,97.1667,94.4484,97.1667,99.9023,99.9023,98.5324,98.5324,98.5324,97.1667,97.1667,97.1667,101.276,101.276,101.276,102.655,102.655,101.276,102.655,95.8054
2011-06-01 00:00:00,2,106.815,105.424,105.424,105.424,104.037,102.655,101.276,98.5324,99.9023,101.276,105.424,109.609,116.664,118.087,111.012,108.21,108.21,108.21,109.609,108.21,108.21,108.21,113.83,118.087,118.087,119.514,119.514,119.514,119.514,119.514,
2011-05-01 00:00:00,2,177.94,184.216,171.714,160.941,156.372,148.825,141.363,135.456,136.927,136.927,125.259,122.379,118.087,118.087,115.245,115.245,115.245,115.245,115.245,115.245,115.245,115.245,113.83,112.419,111.012,111.012,109.609,108.21,108.21,106.815,106.815
2011-04-01 00:00:00,2,209.795,201.721,200.115,196.911,239.434,268.211,278.54,254.577,224.504,198.512,190.54,232.772,237.765,217.939,200.115,188.954,179.505,168.62,162.47,162.47,157.892,154.856,151.834,150.328,147.326,145.83,148.825,145.83,159.415,177.94,
2011-03-01 00:00:00,2,136.927,144.337,176.379,188.954,214.673,281.652,567.525,632.846,640.416,574.905,435.196,475.44,478.978,443.874,480.75,463.104,527.336,560.167,436.929,440.398,392.421,367.263,322.987,281.652,263.079,251.194,232.772,221.216,224.504,217.939,213.044
2011-02-01 00:00:00,2,182.642,176.379,173.266,171.714,167.078,162.47,144.337,120.944,119.514,113.83,113.83,115.245,115.245,115.245,113.83,109.609,105.424,101.276,98.5324,95.8054,95.8054,93.0958,91.7476,98.5324,109.609,120.944,147.326,138.402,,,
2011-01-01 00:00:00,2,373.934,385.674,423.116,436.929,461.348,540.048,532.776,505.71,440.398,373.934,318.151,263.079,244.458,251.194,461.348,511.096,551.001,468.382,424.836,402.592,345.779,286.354,241.106,221.216,211.418,203.33,195.314,192.128,184.216,177.94,176.379
2010-12-01 00:00:00,2,136.927,151.834,147.326,160.941,181.072,201.721,294.229,275.087,244.458,203.33,187.372,157.892,141.363,132.524,184.216,283.217,331.086,349.065,313.332,294.229,236.098,214.673,203.33,219.576,226.152,224.504,273.364,311.729,414.535,399.195,363.938
2010-11-01 00:00:00,2,74.64,82.4369,93.0958,91.7476,87.7298,95.8054,133.988,154.856,151.834,133.988,125.259,157.892,139.881,131.064,119.514,111.012,108.21,111.012,104.037,101.276,97.1667,94.4484,132.524,182.642,182.642,176.379,164.003,167.078,168.62,148.825,
2010-10-01 00:00:00,2,83.7531,85.0741,81.1253,75.9273,78.5166,94.4484,97.1667,99.9023,102.655,98.5324,85.0741,81.1253,75.9273,69.5412,65.7713,63.2847,,62.0495,70.8082,87.7298,111.012,106.815,94.4484,79.8186,73.3577,68.2793,65.7713,62.0495,59.5959,60.8199,67.0226
2010-09-01 00:00:00,2,50.0122,50.0122,48.8414,47.6768,46.5187,45.367,45.367,45.367,45.367,45.367,45.367,46.5187,48.8414,47.6768,46.5187,46.5187,46.5187,46.5187,46.5187,45.367,45.367,44.2219,41.9517,41.9517,41.9517,41.9517,41.9517,44.2219,54.7567,75.9273,
2010-08-01 00:00:00,2,57.1647,57.1647,55.9578,55.9578,54.7567,54.7567,53.5615,54.7567,54.7567,54.7567,53.5615,52.3723,52.3723,52.3723,52.3723,52.3723,52.3723,52.3723,53.5615,52.3723,53.5615,53.5615,51.1892,52.3723,53.5615,53.5615,52.3723,51.1892,51.1892,51.1892,50.0122
2010-07-01 00:00:00,2,70.8082,69.5412,69.5412,68.2793,68.2793,68.2793,68.2793,67.0226,67.0226,65.7713,65.7713,65.7713,64.5253,64.5253,64.5253,63.2847,63.2847,62.0495,62.0495,60.8199,60.8199,59.5959,59.5959,60.8199,59.5959,59.5959,59.5959,59.5959,58.3774,58.3774,57.1647
2010-06-01 00:00:00,2,90.4038,87.7298,87.7298,87.7298,86.3996,85.0741,83.7531,83.7531,83.7531,83.7531,82.4369,82.4369,81.1253,79.8186,78.5166,78.5166,77.2195,77.2195,77.2195,77.2195,75.9273,75.9273,75.9273,74.64,74.64,73.3577,73.3577,73.3577,73.3577,72.0804,
2010-05-01 00:00:00,2,98.5324,99.9023,101.276,99.9023,99.9023,98.5324,99.9023,101.276,98.5324,95.8054,98.5324,101.276,101.276,98.5324,95.8054,94.4484,93.0958,91.7476,90.4038,90.4038,94.4484,98.5324,105.424,105.424,102.655,99.9023,95.8054,94.4484,93.0958,94.4484,93.0958
2010-04-01 00:00:00,2,136.927,151.834,150.328,150.328,147.326,156.372,160.941,154.856,147.326,141.363,136.927,136.927,135.456,135.456,123.817,105.424,102.655,104.037,102.655,101.276,101.276,99.9023,98.5324,98.5324,97.1667,95.8054,94.4484,94.4484,93.0958,95.8054,
2010-03-01 00:00:00,2,154.856,177.94,263.079,331.086,352.357,344.139,321.374,322.987,300.566,266.498,244.458,217.939,195.314,173.266,165.539,173.266,213.044,268.211,280.27,257.97,200.115,203.33,219.576,219.576,200.115,187.372,171.714,154.856,144.337,136.927,135.456
2010-02-01 00:00:00,2,168.62,157.892,148.825,142.848,136.927,132.524,129.607,128.154,126.704,120.944,116.664,112.419,123.817,120.944,111.012,109.609,104.037,99.9023,98.5324,99.9023,106.815,111.012,112.419,111.012,109.609,109.609,116.664,128.154,,,
2010-01-01 00:00:00,2,395.805,375.606,334.338,295.81,271.644,229.457,280.27,347.421,334.338,300.566,254.577,224.504,213.044,203.33,195.314,182.642,173.266,165.539,156.372,150.328,148.825,162.47,190.54,206.557,226.152,261.374,261.374,261.374,242.781,206.557,181.072
2009-12-01 00:00:00,2,126.704,144.337,179.505,192.128,281.652,482.523,563.843,516.496,468.382,423.116,380.632,327.841,263.079,231.113,237.765,271.644,273.364,251.194,222.859,201.721,196.911,190.54,184.216,184.216,174.821,165.539,171.714,185.792,252.884,306.933,392.421
2009-11-01 00:00:00,2,170.166,148.825,138.402,150.328,139.881,133.988,123.817,115.245,109.609,113.83,138.402,164.003,159.415,151.834,147.326,144.337,136.927,129.607,126.704,122.379,118.087,115.245,112.419,109.609,109.609,106.815,111.012,108.21,99.9023,108.21,
2009-10-01 00:00:00,2,78.5166,73.3577,72.0804,70.8082,70.8082,73.3577,81.1253,82.4369,85.0741,87.7298,105.424,112.419,105.424,102.655,93.0958,74.64,72.0804,,85.0741,115.245,139.881,151.834,206.557,211.418,201.721,181.072,182.642,190.54,214.673,221.216,204.942
2009-09-01 00:00:00,2,90.4038,86.3996,85.0741,85.0741,87.7298,87.7298,87.7298,87.7298,87.7298,90.4038,90.4038,90.4038,89.0646,87.7298,86.3996,85.0741,85.0741,86.3996,82.4369,74.64,70.8082,73.3577,75.9273,79.8186,91.7476,98.5324,98.5324,91.7476,85.0741,79.8186,
2009-08-01 00:00:00,2,105.424,104.037,102.655,102.655,101.276,99.9023,98.5324,97.1667,97.1667,94.4484,95.8054,94.4484,93.0958,91.7476,91.7476,91.7476,90.4038,90.4038,89.0646,87.7298,87.7298,86.3996,85.0741,85.0741,86.3996,87.7298,91.7476,94.4484,95.8054,94.4484,93.0958
2009-07-01 00:00:00,2,144.337,145.83,145.83,144.337,141.363,136.927,133.988,132.524,129.607,128.154,126.704,125.259,123.817,123.817,122.379,120.944,120.944,119.514,119.514,118.087,115.245,115.245,113.83,112.419,111.012,111.012,109.609,108.21,108.21,106.815,106.815
2009-06-01 00:00:00,2,160.941,159.415,157.892,156.372,157.892,159.415,159.415,153.343,148.825,148.825,148.825,147.326,145.83,145.83,148.825,150.328,148.825,145.83,144.337,142.848,141.363,141.363,141.363,139.881,139.881,138.402,138.402,136.927,136.927,139.881,
2009-05-01 00:00:00,2,198.512,198.512,198.512,198.512,196.911,200.115,200.115,200.115,198.512,195.314,193.72,192.128,190.54,185.792,182.642,181.072,179.505,177.94,176.379,174.821,174.821,173.266,171.714,170.166,170.166,168.62,167.078,167.078,167.078,165.539,162.47
2009-04-01 00:00:00,2,322.987,335.967,342.501,342.501,334.338,324.603,316.543,313.332,313.332,319.761,327.841,326.221,318.151,306.933,297.394,292.65,289.498,275.087,254.577,244.458,237.765,232.772,227.803,224.504,221.216,216.304,211.418,208.174,204.942,201.721,
2009-03-01 00:00:00,2,327.841,314.936,310.129,306.933,303.746,303.746,303.746,303.746,318.151,321.374,316.543,303.746,302.155,298.979,292.65,287.925,276.812,263.079,254.577,254.577,254.577,246.139,236.098,232.772,236.098,249.506,287.925,302.155,303.746,306.933,314.936
2009-02-01 00:00:00,2,380.632,358.964,411.115,426.559,397.499,363.938,340.865,326.221,324.603,319.761,314.936,318.151,318.151,383.992,484.297,475.44,428.283,355.657,332.711,326.221,,319.761,313.332,310.129,329.462,436.929,411.115,368.928,,,
2009-01-01 00:00:00,2,768.255,672.821,651.81,600.911,586.018,567.525,521.91,466.621,395.805,344.139,327.841,319.761,314.936,308.53,308.53,310.129,310.129,310.129,311.729,313.332,373.934,582.308,705.594,728.946,674.738,614.014,521.91,491.411,480.75,450.845,417.962
2008-12-01 00:00:00,2,131.064,115.245,99.9023,97.1667,97.1667,97.1667,97.1667,97.1667,97.1667,97.1667,97.1667,97.1667,97.1667,97.1667,97.1667,135.456,300.566,651.81,794.062,798.049,798.049,774.192,600.911,494.976,411.115,431.737,447.356,715.302,786.1,824.084,826.095
2008-11-01 00:00:00,2,47.6768,45.367,45.367,46.5187,46.5187,50.0122,52.3723,52.3723,53.5615,62.0495,81.1253,79.8186,78.5166,79.8186,104.037,98.5324,90.4038,109.609,138.402,150.328,135.456,115.245,99.9023,97.1667,97.1667,99.9023,112.419,105.424,109.609,113.83,
2008-10-01 00:00:00,2,77.2195,72.0804,69.5412,69.5412,67.0226,68.2793,65.7713,65.7713,63.2847,65.7713,64.5253,65.7713,65.7713,62.0495,58.3774,55.9578,53.5615,52.3723,,51.1892,50.0122,51.1892,53.5615,52.3723,52.3723,50.0122,50.0122,47.6768,47.6768,47.6768,43.0835
2008-09-01 00:00:00,2,69.5412,70.8082,77.2195,70.8082,70.8082,65.7713,64.5253,62.0495,63.2847,63.2847,64.5253,60.8199,58.3774,58.3774,59.5959,58.3774,59.5959,63.2847,67.0226,68.2793,65.7713,74.64,83.7531,97.1667,93.0958,82.4369,90.4038,90.4038,85.0741,81.1253,
2008-08-01 00:00:00,2,75.9273,74.64,74.64,73.3577,73.3577,73.3577,74.64,74.64,75.9273,73.3577,73.3577,72.0804,69.5412,68.2793,68.2793,67.0226,65.7713,65.7713,64.5253,64.5253,64.5253,64.5253,65.7713,63.2847,63.2847,63.2847,63.2847,63.2847,62.0495,60.8199,59.5959
2008-07-01 00:00:00,2,91.7476,90.4038,89.0646,87.7298,87.7298,87.7298,86.3996,85.0741,83.7531,83.7531,83.7531,83.7531,83.7531,83.7531,83.7531,82.4369,79.8186,79.8186,79.8186,79.8186,81.1253,79.8186,79.8186,78.5166,77.2195,77.2195,75.9273,74.64,75.9273,75.9273,75.9273
2008-06-01 00:00:00,2,109.609,106.815,106.815,105.424,102.655,99.9023,99.9023,99.9023,97.1667,95.8054,93.0958,93.0958,93.0958,91.7476,90.4038,90.4038,91.7476,91.7476,93.0958,83.7531,83.7531,89.0646,89.0646,91.7476,99.9023,99.9023,98.5324,98.5324,95.8054,94.4484,
2008-05-01 00:00:00,2,132.524,133.988,135.456,135.456,135.456,135.456,131.064,125.259,122.379,116.664,115.245,115.245,115.245,113.83,113.83,111.012,111.012,109.609,109.609,111.012,111.012,111.012,111.012,111.012,109.609,109.609,109.609,109.609,108.21,106.815,106.815
2008-04-01 00:00:00,2,201.721,184.216,173.266,165.539,297.394,516.496,440.398,395.805,313.332,269.926,266.498,280.27,275.087,251.194,236.098,237.765,208.174,200.115,193.72,190.54,184.216,187.372,190.54,177.94,170.166,154.856,148.825,145.83,144.337,136.927,
2008-03-01 00:00:00,2,237.765,236.098,232.772,247.821,236.098,203.33,182.642,208.174,273.364,276.812,227.803,227.803,239.434,273.364,394.112,523.717,614.014,604.648,514.695,404.294,305.339,256.272,242.781,232.772,226.152,266.498,275.087,286.354,302.155,224.504,217.939
2008-02-01 00:00:00,2,707.533,665.162,545.518,500.336,530.961,529.148,523.717,560.167,589.733,521.91,464.862,426.559,340.865,287.925,251.194,234.433,222.859,213.044,200.115,227.803,224.504,211.418,195.314,200.115,273.364,387.358,375.606,318.151,257.97,,
2008-01-01 00:00:00,2,96.3698,90.3654,86.8134,83.3002,75.2581,68.5442,74.1274,85.638,91.5579,85.638,77.5333,95.1606,113.72,122.679,106.189,102.477,92.7546,87.9931,85.638,102.477,154.728,145.175,184.344,207.818,206.328,258.527,317.088,303.798,320.435,461.617,676.404
2007-12-01 00:00:00,2,86.8134,80.9801,76.3934,71.88,69.6513,73.0013,73.0013,65.2516,96.3698,114.989,90.3654,78.6777,70.7633,76.3934,84.4669,102.477,98.8005,91.5579,82.1379,74.1274,109.937,239.743,272.863,235.108,203.359,197.454,188.687,163.046,135.788,111.194,103.711
2007-11-01 00:00:00,2,49.4754,47.4633,47.4633,47.4633,52.5353,59.863,65.2516,68.5442,66.3443,64.1639,64.1639,62.0034,64.1639,76.3934,85.638,83.3002,74.1274,68.5442,66.3443,73.0013,76.3934,70.7633,67.4418,64.1639,60.9307,65.2516,74.1274,77.5333,85.638,89.1771,
2007-10-01 00:00:00,2,47.4633,47.4633,47.4633,47.4633,45.474,45.474,45.474,44.488,43.5079,44.488,43.5079,43.5079,43.5079,41.5656,41.5656,41.5656,41.5656,38.6976,40.6034,40.6034,40.6034,42.5338,42.5338,47.4633,50.4898,49.4754,54.6024,56.691,57.7431,55.6441,52.5353
2007-09-01 00:00:00,2,53.5662,55.6441,55.6441,55.6441,60.9307,56.691,55.6441,54.6024,52.5353,53.5662,53.5662,55.6441,53.5662,52.5353,54.6024,52.5353,51.5098,51.5098,51.5098,51.5098,50.4898,49.4754,49.4754,49.4754,48.4665,48.4665,47.4633,46.4658,45.474,46.4658,
2007-08-01 00:00:00,2,74.1274,73.0013,69.6513,69.6513,68.5442,68.5442,65.2516,67.4418,65.2516,65.2516,66.3443,62.0034,62.0034,62.0034,62.0034,59.863,59.863,59.863,59.863,60.9307,57.7431,57.7431,56.691,56.691,53.5662,54.6024,53.5662,55.6441,55.6441,54.6024,52.5353
2007-07-01 00:00:00,2,75.2581,76.3934,74.1274,71.88,71.88,71.88,71.88,71.88,71.88,69.6513,69.6513,69.6513,68.5442,70.7633,69.6513,68.5442,65.2516,68.5442,68.5442,65.2516,68.5442,68.5442,64.1639,64.1639,64.1639,64.1639,64.1639,68.5442,76.3934,77.5333,77.5333
2007-06-01 00:00:00,2,95.1606,91.5579,91.5579,89.1771,87.9931,87.9931,87.9931,86.8134,85.638,85.638,84.4669,84.4669,84.4669,84.4669,77.5333,82.1379,79.8266,79.8266,80.9801,78.6777,80.9801,76.3934,75.2581,75.2581,76.3934,74.1274,74.1274,76.3934,75.2581,76.3934,
2007-05-01 00:00:00,2,118.817,116.261,113.72,111.194,109.937,100.022,98.8005,97.5831,98.8005,100.022,96.3698,96.3698,89.1771,91.5579,96.3698,104.948,103.711,102.477,92.7546,90.3654,90.3654,86.8134,87.9931,89.1771,90.3654,91.5579,97.5831,96.3698,97.5831,100.022,100.022
2007-04-01 00:00:00,2,129.189,126.574,123.973,121.388,117.537,109.937,109.937,113.72,127.879,141.131,154.728,167.249,150.614,138.453,123.973,121.388,120.1,121.388,122.679,122.679,121.388,121.388,125.272,125.272,126.574,130.501,126.574,122.679,121.388,121.388,
2007-03-01 00:00:00,2,203.359,190.141,184.344,175.74,165.845,161.652,175.74,175.74,175.74,168.656,149.249,142.476,139.79,137.119,135.788,135.788,146.529,150.614,146.529,154.728,193.057,188.687,180.028,164.444,153.354,150.614,143.824,142.476,138.453,131.818,133.138
2007-02-01 00:00:00,2,1043.32,903.337,774.576,631.711,546.803,487.7,523.708,506.565,450.559,378.736,323.79,315.418,448.723,401.707,371.741,323.79,285.779,295.571,317.088,342.415,255.37,263.283,241.294,225.91,222.867,236.65,227.436,213.803,,,
2007-01-01 00:00:00,2,452.397,500.886,497.109,491.458,599.732,635.74,581.942,523.708,461.617,373.487,344.122,364.783,403.489,497.109,578.009,738.654,817.421,802.355,813.109,772.451,653.954,595.766,539.075,572.122,535.222,519.885,495.223,465.32,432.289,707.344,948.781
2006-12-01 00:00:00,2,181.464,227.436,207.818,154.728,127.879,134.461,151.982,193.057,250.654,241.294,233.568,253.796,349.256,315.418,298.854,419.624,625.681,572.122,461.617,371.741,305.451,264.873,242.847,210.805,238.195,269.659,328.842,384.004,373.487,394.6,382.246
2006-11-01 00:00:00,2,62.0034,59.863,65.2516,85.638,,107.435,98.8005,90.3654,91.5579,127.879,185.788,143.824,120.1,113.72,145.175,134.461,122.679,106.189,96.3698,122.679,129.189,107.435,98.8005,89.1771,83.3002,87.9931,77.5333,96.3698,106.189,167.249,
2006-10-01 00:00:00,2,51.5098,50.4898,51.5098,51.5098,51.5098,49.4754,48.4665,51.5098,53.5662,60.9307,67.4418,65.2516,62.0034,59.863,66.3443,75.2581,85.638,76.3934,75.2581,87.9931,96.3698,83.3002,70.7633,68.5442,64.1639,63.0812,59.863,57.7431,55.6441,53.5662,51.5098
2006-09-01 00:00:00,2,54.6024,50.4898,51.5098,51.5098,55.6441,62.0034,57.7431,55.6441,50.4898,50.4898,50.4898,49.4754,48.4665,47.4633,45.474,44.488,47.4633,46.4658,44.488,44.488,48.4665,56.691,62.0034,68.5442,66.3443,65.2516,60.9307,56.691,53.5662,52.5353,
2006-08-01 00:00:00,2,54.6024,54.6024,53.5662,53.5662,55.6441,55.6441,49.4754,51.5098,49.4754,49.4754,47.4633,47.4633,47.4633,48.4665,46.4658,46.4658,46.4658,45.474,43.5079,43.5079,64.1639,50.4898,45.474,45.474,46.4658,47.4633,43.5079,43.5079,43.5079,46.4658,47.4633
2006-07-01 00:00:00,2,59.863,59.863,59.863,59.863,59.863,60.9307,59.863,57.7431,64.1639,69.6513,59.863,56.691,56.691,58.8005,56.691,56.691,53.5662,54.6024,57.7431,54.6024,54.6024,53.5662,53.5662,54.6024,54.6024,51.5098,54.6024,53.5662,52.5353,53.5662,54.6024
2006-06-01 00:00:00,2,66.3443,66.3443,64.1639,65.2516,69.6513,64.1639,62.0034,63.0812,66.3443,65.2516,62.0034,60.9307,63.0812,63.0812,62.0034,59.863,62.0034,63.0812,59.863,59.863,59.863,57.7431,59.863,59.863,58.8005,58.8005,60.9307,59.863,62.0034,63.0812,
2006-05-01 00:00:00,2,75.2581,75.2581,74.1274,75.2581,74.1274,74.1274,73.0013,69.6513,68.5442,68.5442,75.2581,85.638,86.8134,85.638,82.1379,75.2581,75.2581,73.0013,70.7633,69.6513,69.6513,68.5442,68.5442,68.5442,69.6513,70.7633,71.88,70.7633,69.6513,68.5442,67.4418
2006-04-01 00:00:00,2,103.711,111.194,112.455,108.684,100.022,95.1606,93.9555,92.7546,93.9555,101.247,108.684,107.435,126.574,120.1,101.247,100.022,97.5831,121.388,125.272,117.537,100.022,93.9555,91.5579,85.638,83.3002,82.1379,80.9801,76.3934,76.3934,77.5333,
2006-03-01 00:00:00,2,120.1,123.973,121.388,142.476,137.119,129.189,168.656,195.986,201.878,178.596,161.652,157.488,154.728,181.464,181.464,193.057,221.349,252.223,263.283,249.087,221.349,200.401,170.067,158.873,147.888,142.476,142.476,149.249,131.818,122.679,111.194
2006-02-01 00:00:00,2,143.824,142.476,177.167,158.873,151.982,134.461,122.679,111.194,100.022,84.4669,82.1379,93.9555,126.574,175.74,222.867,233.568,221.349,190.141,178.596,158.873,137.119,123.973,106.189,98.8005,101.247,108.684,114.989,114.989,,,
2006-01-01 00:00:00,2,150.614,130.501,130.501,131.818,160.261,221.349,282.535,274.468,256.947,225.91,195.986,164.444,143.824,135.788,127.879,122.679,123.973,107.435,93.9555,89.1771,85.638,83.3002,79.8266,78.6777,78.6777,76.3934,75.2581,75.2581,75.2581,98.8005,111.194
2005-12-01 00:00:00,2,133.138,133.138,151.982,163.046,149.249,143.824,156.107,181.464,181.464,182.902,193.057,258.527,339.008,441.398,539.075,674.355,521.796,396.374,310.424,266.466,227.436,194.52,175.74,165.845,154.728,141.131,142.476,143.824,143.824,142.476,146.529
2005-11-01 00:00:00,2,84.4669,82.1379,102.477,108.684,102.477,96.3698,89.1771,85.638,80.9801,79.8266,97.5831,93.9555,95.1606,101.247,98.8005,96.3698,91.5579,86.8134,91.5579,91.5579,91.5579,114.989,134.461,131.818,150.614,150.614,193.057,190.141,165.845,141.131,
2005-10-01 00:00:00,2,82.1379,78.6777,75.2581,73.0013,73.0013,71.88,68.5442,76.3934,73.0013,71.88,71.88,69.6513,66.3443,64.1639,65.2516,,59.863,60.9307,60.9307,62.0034,62.0034,57.7431,55.6441,54.6024,59.863,62.0034,69.6513,75.2581,73.0013,67.4418,63.0812
2005-09-01 00:00:00,2,67.4418,67.4418,68.5442,66.3443,66.3443,68.5442,68.5442,70.7633,77.5333,82.1379,77.5333,85.638,82.1379,73.0013,69.6513,70.7633,69.6513,77.5333,116.261,103.711,96.3698,87.9931,84.4669,79.8266,74.1274,74.1274,85.638,84.4669,86.8134,84.4669,
2005-08-01 00:00:00,2,75.2581,75.2581,75.2581,75.2581,74.1274,74.1274,74.1274,74.1274,73.0013,73.0013,71.88,71.88,70.7633,70.7633,68.5442,69.6513,69.6513,69.6513,68.5442,68.5442,68.5442,68.5442,66.3443,66.3443,66.3443,66.3443,66.3443,66.3443,69.6513,70.7633,68.5442
2005-07-01 00:00:00,2,96.3698,96.3698,96.3698,93.9555,92.7546,91.5579,91.5579,90.3654,90.3654,89.1771,85.638,84.4669,84.4669,84.4669,80.9801,87.9931,80.9801,79.8266,79.8266,80.9801,80.9801,80.9801,83.3002,80.9801,79.8266,79.8266,84.4669,89.1771,95.1606,87.9931,79.8266
2005-06-01 00:00:00,2,134.461,114.989,117.537,114.989,117.537,113.72,113.72,111.194,109.937,107.435,106.189,103.711,101.247,100.022,98.8005,100.022,100.022,100.022,100.022,100.022,104.948,114.989,125.272,127.879,120.1,104.948,98.8005,96.3698,96.3698,96.3698,
2005-05-01 00:00:00,2,174.317,200.401,210.805,170.067,147.888,138.453,134.461,130.501,123.973,123.973,118.817,114.989,112.455,109.937,104.948,106.189,106.189,104.948,101.247,102.477,100.022,98.8005,100.022,102.477,122.679,180.028,284.155,279.301,212.302,167.249,146.529
2005-04-01 00:00:00,2,190.141,184.344,180.028,178.596,172.897,168.656,157.488,156.107,154.728,153.354,149.249,147.888,145.175,143.824,142.476,138.453,139.79,138.453,137.119,137.119,134.461,131.818,129.189,126.574,123.973,126.574,129.189,125.272,137.119,160.261,
2005-03-01 00:00:00,2,175.74,198.926,256.947,463.468,595.766,623.674,554.56,376.984,256.947,261.695,285.779,285.779,249.087,236.65,212.302,213.803,272.863,340.71,405.273,425.039,363.049,342.415,300.5,255.37,236.65,290.664,327.156,384.004,330.53,242.847,206.328
2005-02-01 00:00:00,2,519.885,417.822,349.256,307.106,263.283,271.26,366.519,366.519,352.691,276.077,247.523,206.328,188.687,187.236,188.687,181.464,158.873,146.529,147.888,170.067,207.818,203.359,177.167,160.261,151.982,168.656,184.344,182.902,,,
2005-01-01 00:00:00,2,228.965,256.947,297.211,300.5,373.487,430.474,581.942,570.164,495.223,502.777,478.341,380.49,322.111,345.831,410.639,323.79,276.077,224.387,245.962,408.848,417.822,350.972,297.211,271.26,255.37,245.962,302.148,434.107,469.03,579.975,541.004
2004-12-01 00:00:00,2,63.0812,76.3934,90.3654,95.1606,90.3654,79.8266,77.5333,80.9801,96.3698,111.194,130.501,141.131,184.344,185.788,142.476,117.537,100.022,85.638,82.1379,82.1379,97.5831,255.37,366.519,399.927,491.458,666.174,740.754,680.508,595.766,385.765,290.664
2004-11-01 00:00:00,2,50.4898,,45.474,45.474,57.7431,51.5098,53.5662,50.4898,50.4898,51.5098,48.4665,47.4633,41.5656,44.488,43.5079,47.4633,46.4658,47.4633,53.5662,58.8005,68.5442,71.88,68.5442,62.0034,54.6024,53.5662,50.4898,48.4665,48.4665,55.6441,
2004-10-01 00:00:00,2,46.4658,46.4658,46.4658,47.4633,50.4898,55.6441,58.8005,59.863,56.691,52.5353,53.5662,53.5662,59.863,62.0034,56.691,62.0034,59.863,60.9307,64.1639,58.8005,56.691,53.5662,51.5098,52.5353,55.6441,56.691,55.6441,52.5353,51.5098,51.5098,51.5098
2004-09-01 00:00:00,2,54.6024,55.6441,55.6441,53.5662,54.6024,54.6024,55.6441,53.5662,59.863,62.0034,51.5098,51.5098,50.4898,50.4898,49.4754,48.4665,49.4754,49.4754,48.4665,49.4754,52.5353,54.6024,52.5353,52.5353,51.5098,50.4898,49.4754,48.4665,47.4633,46.4658,
2004-08-01 00:00:00,2,70.7633,69.6513,68.5442,68.5442,67.4418,66.3443,66.3443,66.3443,65.2516,64.1639,63.0812,63.0812,62.0034,62.0034,60.9307,60.9307,60.9307,62.0034,59.863,60.9307,59.863,59.863,58.8005,57.7431,57.7431,58.8005,57.7431,58.8005,56.691,55.6441,55.6441
2004-07-01 00:00:00,2,75.2581,71.88,73.0013,71.88,73.0013,73.0013,71.88,71.88,71.88,74.1274,80.9801,92.7546,100.022,106.189,87.9931,79.8266,78.6777,74.1274,73.0013,74.1274,77.5333,98.8005,112.455,104.948,91.5579,76.3934,74.1274,73.0013,77.5333,73.0013,70.7633
2004-06-01 00:00:00,2,118.817,118.817,108.684,103.711,126.574,138.453,125.272,117.537,104.948,90.3654,86.8134,85.638,83.3002,82.1379,82.1379,82.1379,82.1379,83.3002,87.9931,82.1379,78.6777,76.3934,76.3934,76.3934,76.3934,76.3934,77.5333,75.2581,74.1274,75.2581,
2004-05-01 00:00:00,2,98.8005,96.3698,95.1606,92.7546,90.3654,90.3654,87.9931,86.8134,85.638,85.638,85.638,84.4669,84.4669,84.4669,83.3002,84.4669,93.9555,104.948,106.189,106.189,96.3698,95.1606,92.7546,93.9555,92.7546,90.3654,87.9931,85.638,85.638,87.9931,100.022
2004-04-01 00:00:00,2,153.354,156.107,147.888,142.476,123.973,129.189,149.249,154.728,163.046,137.119,135.788,146.529,146.529,164.444,154.728,147.888,143.824,143.824,135.788,129.189,125.272,114.989,112.455,109.937,107.435,108.684,121.388,127.879,117.537,107.435,
2004-03-01 00:00:00,2,340.71,328.842,297.211,320.435,327.156,282.535,277.687,269.659,252.223,209.31,187.236,174.317,178.596,170.067,178.596,238.195,219.834,200.401,180.028,167.249,164.444,167.249,185.788,167.249,154.728,146.529,129.189,122.679,121.388,131.818,147.888
2004-02-01 00:00:00,2,106.189,104.948,145.175,180.028,154.728,127.879,114.989,145.175,215.307,191.598,193.057,315.418,313.751,289.033,350.972,467.174,472.748,457.923,410.639,392.829,,441.398,398.149,356.134,340.71,327.156,310.424,302.148,317.088,,
2004-01-01 00:00:00,2,90.3654,92.7546,122.679,198.926,207.818,218.322,201.878,167.249,142.476,180.028,434.107,550.678,621.669,560.398,493.34,432.289,354.411,315.418,245.962,193.057,170.067,143.824,165.845,206.328,215.307,193.057,167.249,157.488,149.249,142.476,123.973
2003-12-01 00:00:00,2,93.9555,142.476,172.897,165.845,160.261,130.501,182.902,256.947,295.571,255.37,213.803,185.788,154.728,137.119,137.119,134.461,133.138,114.989,106.189,118.817,121.388,116.261,109.937,113.72,141.131,147.888,137.119,142.476,111.194,107.435,97.5831
2003-11-01 00:00:00,2,43.5079,43.5079,51.5098,,60.9307,63.0812,59.863,58.8005,60.9307,62.0034,64.1639,56.691,50.4898,48.4665,45.474,44.488,45.474,49.4754,52.5353,57.7431,63.0812,66.3443,69.6513,66.3443,62.0034,53.5662,46.4658,46.4658,56.691,68.5442,
2003-10-01 00:00:00,2,34.9616,37.754,37.754,36.8168,35.886,34.9616,37.754,34.0438,34.0438,32.2281,35.886,34.9616,35.886,36.8168,35.886,35.886,34.9616,33.1326,31.3305,30.4397,30.4397,28.6792,30.4397,33.1326,36.8168,40.6034,43.5079,42.5338,44.488,43.5079,45.474
2003-09-01 00:00:00,2,53.5662,54.6024,54.6024,56.691,53.5662,52.5353,50.4898,49.4754,50.4898,51.5098,52.5353,47.4633,41.5656,36.8168,35.886,36.8168,38.6976,42.5338,43.5079,41.5656,42.5338,40.6034,40.6034,40.6034,38.6976,35.886,34.9616,35.886,35.886,36.8168,
2003-08-01 00:00:00,2,60.9307,59.863,58.8005,59.863,59.863,58.8005,57.7431,57.7431,63.0812,60.9307,60.9307,62.0034,59.863,60.9307,65.2516,60.9307,65.2516,57.7431,63.0812,66.3443,65.2516,62.0034,64.1639,60.9307,59.863,63.0812,60.9307,53.5662,55.6441,56.691,55.6441
2003-07-01 00:00:00,2,69.6513,69.6513,69.6513,69.6513,68.5442,68.5442,69.6513,69.6513,68.5442,68.5442,67.4418,67.4418,67.4418,69.6513,70.7633,69.6513,70.7633,69.6513,67.4418,66.3443,82.1379,80.9801,66.3443,62.0034,62.0034,62.0034,62.0034,60.9307,59.863,59.863,60.9307
2003-06-01 00:00:00,2,75.2581,75.2581,74.1274,76.3934,74.1274,73.0013,73.0013,70.7633,71.88,71.88,73.0013,71.88,69.6513,69.6513,69.6513,70.7633,74.1274,73.0013,73.0013,73.0013,73.0013,71.88,69.6513,71.88,70.7633,69.6513,69.6513,69.6513,69.6513,69.6513,
2003-05-01 00:00:00,2,82.1379,80.9801,80.9801,80.9801,82.1379,90.3654,106.189,107.435,107.435,100.022,93.9555,90.3654,86.8134,86.8134,85.638,84.4669,85.638,86.8134,83.3002,83.3002,83.3002,80.9801,79.8266,78.6777,78.6777,77.5333,78.6777,78.6777,76.3934,77.5333,75.2581
2003-04-01 00:00:00,2,146.529,138.453,126.574,127.879,120.1,134.461,150.614,149.249,145.175,139.79,133.138,133.138,131.818,130.501,126.574,118.817,113.72,112.455,107.435,106.189,104.948,103.711,101.247,96.3698,92.7546,92.7546,90.3654,101.247,101.247,89.1771,
2003-03-01 00:00:00,2,114.989,114.989,107.435,107.435,112.455,116.261,122.679,108.684,111.194,135.788,154.728,151.982,151.982,212.302,241.294,224.387,215.307,236.65,236.65,245.962,233.568,284.155,256.947,282.535,239.743,200.401,168.656,165.845,164.444,156.107,147.888
2003-02-01 00:00:00,2,684.618,701.126,564.299,405.273,342.415,295.571,249.087,225.91,200.401,188.687,182.902,171.48,167.249,164.444,,172.897,188.687,194.52,382.246,256.947,227.436,206.328,184.344,170.067,161.652,143.824,127.879,123.973,,,
2003-01-01 00:00:00,2,163.046,204.842,213.803,241.294,276.077,293.932,297.211,307.106,315.418,310.424,303.798,302.148,305.451,308.764,317.088,359.587,506.565,613.667,715.657,692.859,635.74,595.766,611.671,611.671,574.083,454.237,384.004,313.751,285.779,333.914,544.868
2002-12-01 00:00:00,2,71.88,65.2516,60.9307,57.7431,56.691,54.6024,53.5662,56.691,59.863,79.8266,113.72,135.788,153.354,181.464,207.818,227.436,225.91,245.962,238.195,210.805,165.845,137.119,147.888,146.529,143.824,131.818,149.249,131.818,123.973,117.537,123.973
2002-11-01 00:00:00,2,63.0812,87.9931,91.5579,87.9931,,90.3654,103.711,104.948,112.455,92.7546,77.5333,70.7633,75.2581,75.2581,70.7633,69.6513,68.5442,63.0812,60.9307,57.7431,56.691,58.8005,76.3934,96.3698,100.022,120.1,126.574,112.455,89.1771,75.2581,
2002-10-01 00:00:00,2,56.691,53.5662,51.5098,48.4665,47.4633,49.4754,47.4633,45.474,47.4633,48.4665,43.5079,44.488,41.5656,34.0438,34.9616,31.3305,31.3305,35.886,35.886,36.8168,35.886,34.9616,37.754,33.1326,31.3305,34.0438,36.8168,39.6474,47.4633,55.6441,58.8005
2002-09-01 00:00:00,2,41.5656,44.488,46.4658,49.4754,49.4754,47.4633,48.4665,50.4898,47.4633,48.4665,48.4665,48.4665,46.4658,45.474,44.488,42.5338,42.5338,42.5338,42.5338,42.5338,43.5079,43.5079,46.4658,49.4754,57.7431,74.1274,76.3934,71.88,66.3443,56.691,
2002-08-01 00:00:00,2,49.4754,52.5353,51.5098,52.5353,47.4633,49.4754,49.4754,51.5098,49.4754,49.4754,49.4754,46.4658,45.474,48.4665,48.4665,46.4658,45.474,47.4633,43.5079,43.5079,41.5656,44.488,41.5656,44.488,42.5338,42.5338,41.5656,40.6034,44.488,42.5338,42.5338
2002-07-01 00:00:00,2,54.6024,53.5662,54.6024,54.6024,53.5662,54.6024,54.6024,53.5662,53.5662,53.5662,53.5662,53.5662,54.6024,55.6441,57.7431,57.7431,56.691,54.6024,56.691,54.6024,55.6441,52.5353,51.5098,54.6024,53.5662,53.5662,52.5353,53.5662,50.4898,52.5353,53.5662
2002-06-01 00:00:00,2,64.1639,63.0812,59.863,64.1639,64.1639,62.0034,60.9307,63.0812,62.0034,62.0034,60.9307,62.0034,60.9307,58.8005,60.9307,60.9307,57.7431,58.8005,57.7431,59.863,57.7431,56.691,55.6441,54.6024,55.6441,56.691,55.6441,53.5662,54.6024,54.6024,
2002-05-01 00:00:00,2,70.7633,69.6513,69.6513,69.6513,68.5442,69.6513,76.3934,77.5333,77.5333,76.3934,77.5333,76.3934,71.88,71.88,71.88,70.7633,70.7633,69.6513,68.5442,66.3443,68.5442,67.4418,68.5442,69.6513,74.1274,70.7633,67.4418,66.3443,64.1639,64.1639,64.1639
2002-04-01 00:00:00,2,129.189,125.272,118.817,109.937,107.435,100.022,95.1606,95.1606,96.3698,98.8005,103.711,107.435,106.189,93.9555,91.5579,100.022,87.9931,83.3002,83.3002,80.9801,82.1379,78.6777,77.5333,77.5333,76.3934,77.5333,76.3934,76.3934,73.0013,74.1274,
2002-03-01 00:00:00,2,253.796,227.436,212.302,193.057,182.902,172.897,168.656,161.652,153.354,160.261,143.824,134.461,123.973,120.1,116.261,118.817,127.879,180.028,165.845,146.529,143.824,181.464,193.057,206.328,182.902,157.488,150.614,150.614,147.888,143.824,138.453
2002-02-01 00:00:00,2,187.236,184.344,190.141,204.842,197.454,194.52,195.986,157.488,201.878,253.796,233.568,212.302,190.141,139.79,131.818,,153.354,239.743,467.174,476.475,439.573,408.848,405.273,430.474,423.232,398.149,345.831,289.033,,,
2002-01-01 00:00:00,2,364.783,459.769,435.927,318.76,236.65,185.788,167.249,149.249,145.175,137.119,137.119,127.879,122.679,120.1,131.818,138.453,156.107,163.046,407.06,470.888,417.822,328.842,245.962,198.926,181.464,177.167,185.788,198.926,182.902,195.986,184.344
2001-12-01 00:00:00,2,67.4418,82.1379,122.679,153.354,130.501,100.022,82.1379,76.3934,74.1274,77.5333,76.3934,71.88,66.3443,64.1639,67.4418,82.1379,112.455,266.466,328.842,340.71,290.664,239.743,197.454,188.687,228.965,185.788,175.74,178.596,249.087,337.307,339.008
2001-11-01 00:00:00,2,30.4397,34.0438,33.1326,38.6976,53.5662,,67.4418,60.9307,63.0812,49.4754,41.5656,43.5079,45.474,53.5662,73.0013,92.7546,106.189,96.3698,96.3698,101.247,120.1,107.435,89.1771,79.8266,73.0013,69.6513,68.5442,68.5442,67.4418,63.0812,
2001-10-01 00:00:00,2,26.9475,27.8097,35.886,44.488,49.4754,52.5353,51.5098,43.5079,46.4658,52.5353,54.6024,54.6024,51.5098,41.5656,40.6034,37.754,34.9616,33.1326,31.3305,36.8168,46.4658,37.754,36.8168,46.4658,44.488,45.474,43.5079,44.488,42.5338,41.5656,39.6474
2001-09-01 00:00:00,2,43.5079,45.474,45.474,46.4658,44.488,44.488,42.5338,41.5656,41.5656,40.6034,39.6474,38.6976,39.6474,39.6474,39.6474,41.5656,46.4658,46.4658,46.4658,46.4658,45.474,42.5338,43.5079,41.5656,40.6034,41.5656,40.6034,41.5656,40.6034,30.4397,
2001-08-01 00:00:00,2,26.9475,27.8097,26.9475,27.8097,28.6792,26.9475,27.8097,26.9475,26.9475,26.9475,26.0926,25.2453,25.2453,25.2453,25.2453,25.2453,25.2453,25.2453,26.0926,26.9475,35.886,34.9616,34.0438,34.9616,36.8168,40.6034,43.5079,45.474,45.474,43.5079,44.488
2001-07-01 00:00:00,2,34.9616,34.0438,34.9616,34.0438,34.0438,33.1326,34.0438,33.1326,33.1326,30.4397,30.4397,28.6792,28.6792,28.6792,27.8097,26.9475,26.9475,27.8097,27.8097,26.9475,26.9475,26.9475,26.9475,26.9475,26.9475,28.6792,27.8097,29.5559,28.6792,27.8097,27.8097
2001-06-01 00:00:00,2,47.4633,48.4665,46.4658,43.5079,43.5079,42.5338,41.5656,40.6034,37.754,37.754,39.6474,39.6474,38.6976,37.754,37.754,37.754,37.754,37.754,37.754,37.754,37.754,37.754,35.886,37.754,35.886,35.886,34.9616,34.9616,34.9616,34.9616,
2001-05-01 00:00:00,2,51.5098,52.5353,48.4665,49.4754,47.4633,43.5079,42.5338,48.4665,47.4633,40.6034,39.6474,38.6976,37.754,36.8168,38.6976,39.6474,46.4658,53.5662,59.863,57.7431,54.6024,51.5098,47.4633,45.474,45.474,45.474,45.474,47.4633,46.4658,46.4658,45.474
2001-04-01 00:00:00,2,83.3002,80.9801,80.9801,78.6777,75.2581,77.5333,69.6513,67.4418,69.6513,64.1639,63.0812,60.9307,63.0812,60.9307,56.691,58.8005,60.9307,64.1639,62.0034,62.0034,59.863,59.863,59.863,58.8005,58.8005,55.6441,54.6024,54.6024,52.5353,52.5353,
2001-03-01 00:00:00,2,65.2516,66.3443,66.3443,66.3443,66.3443,67.4418,77.5333,86.8134,83.3002,80.9801,79.8266,82.1379,121.388,190.141,191.598,164.444,122.679,100.022,90.3654,106.189,104.948,95.1606,85.638,80.9801,76.3934,75.2581,70.7633,69.6513,69.6513,71.88,76.3934
2001-02-01 00:00:00,2,118.817,125.272,116.261,107.435,98.8005,92.7546,106.189,112.455,118.817,111.194,97.5831,91.5579,100.022,101.247,92.7546,85.638,,85.638,87.9931,83.3002,79.8266,74.1274,73.0013,69.6513,68.5442,68.5442,65.2516,66.3443,,,
2001-01-01 00:00:00,2,181.859,204.768,329.414,359.551,398.149,369.999,282.535,204.842,170.067,158.873,163.046,187.236,188.687,175.74,160.261,143.824,133.138,129.189,125.272,120.1,117.537,117.537,131.818,141.131,160.261,219.834,181.464,146.529,134.461,126.574,135.788
2000-12-01 00:00:00,2,105.521,121.638,146.265,151.603,142.296,137.05,137.05,137.05,124.172,94.7354,98.2955,106.738,90.0445,83.131,78.6062,74.1508,70.856,117.864,240.464,261.984,246.561,197.53,156.992,151.603,155.64,143.615,137.05,124.172,129.282,161.068,162.432
2000-11-01 00:00:00,2,50.9791,52.9866,53.9981,51.9802,53.9981,64.3901,,97.1048,95.9182,80.86,75.2581,69.7668,68.6822,76.3697,143.615,285.585,217.971,170.685,148.928,130.568,131.857,143.615,140.979,138.356,140.979,129.282,130.568,125.444,112.882,99.49,
2000-10-01 00:00:00,2,62.2725,64.3901,64.3901,63.3289,62.2725,60.1741,58.0954,58.0954,57.0635,56.0366,56.0366,55.0148,53.9981,53.9981,51.9802,51.9802,50.9791,49.9833,48.0078,46.054,45.0854,43.165,48.9929,50.9791,49.9833,48.9929,48.9929,48.0078,48.0078,49.9833,50.9791
2000-09-01 00:00:00,2,71.9498,71.9498,76.3697,92.3819,99.49,104.307,97.1048,87.7235,86.5691,81.9934,80.86,77.4858,75.2581,73.0481,71.9498,70.856,70.856,69.7668,69.7668,67.6021,66.5268,63.3289,63.3289,62.2725,62.2725,60.1741,60.1741,62.2725,62.2725,62.2725,
2000-08-01 00:00:00,2,75.2581,75.2581,74.1508,75.2581,75.2581,75.2581,75.2581,74.1508,71.9498,71.9498,70.856,69.7668,69.7668,68.6822,68.6822,67.6021,66.5268,65.4561,64.3901,65.4561,65.4561,66.5268,66.5268,66.5268,65.4561,65.4561,64.3901,63.3289,66.5268,70.856,74.1508
2000-07-01 00:00:00,2,80.86,80.86,80.86,79.731,80.86,80.86,79.731,79.731,79.731,79.731,78.6062,78.6062,78.6062,79.731,77.4858,77.4858,77.4858,78.6062,78.6062,79.731,78.6062,78.6062,78.6062,78.6062,77.4858,79.731,87.7235,88.8819,84.2728,79.731,76.3697
2000-06-01 00:00:00,2,98.2955,95.9182,95.9182,94.7354,91.2112,88.8819,91.2112,90.0445,88.8819,88.8819,88.8819,88.8819,87.7235,87.7235,87.7235,87.7235,86.5691,87.7235,86.5691,84.2728,84.2728,84.2728,84.2728,83.131,83.131,83.131,81.9934,81.9934,80.86,80.86,
2000-05-01 00:00:00,2,124.172,122.903,125.444,124.172,121.638,117.864,114.122,111.646,114.122,116.613,112.882,107.96,111.646,110.414,109.185,106.738,104.307,103.097,101.891,99.49,99.49,98.2955,98.2955,98.2955,97.1048,95.9182,97.1048,97.1048,97.1048,97.1048,99.49
2000-04-01 00:00:00,2,265.099,226.896,200.417,193.221,184.682,180.452,167.922,167.922,162.432,155.64,156.992,152.945,154.291,156.992,162.432,177.646,179.048,169.302,161.068,158.348,154.291,159.706,162.432,154.291,143.615,130.568,125.444,122.903,122.903,122.903,
2000-03-01 00:00:00,2,176.248,176.248,179.048,167.922,148.928,147.595,140.979,137.05,143.615,169.302,245.033,349.426,386.928,414.839,352.792,308.1,329.414,296.784,303.236,303.236,322.815,322.815,352.792,342.72,301.62,260.431,235.918,241.984,241.984,277.657,298.394
2000-02-01 00:00:00,2,742.784,665.585,523.997,463.106,406.06,347.746,326.11,332.727,475.851,573.371,614.113,481.342,386.928,337.714,293.573,266.66,248.092,261.984,,277.657,280.821,260.431,241.984,219.452,207.683,184.682,174.853,180.452,177.646,,
2000-01-01 00:00:00,2,191.791,166.545,198.972,331.069,388.657,430.768,376.598,304.855,260.431,212.076,174.853,170.685,158.348,152.945,150.264,139.666,144.939,142.296,167.922,187.517,188.939,207.683,191.791,180.452,188.939,243.507,235.918,276.078,452.256,490.531,623.924
1999-12-01 00:00:00,2,92.3819,85.4189,78.6062,75.2581,76.3697,95.9182,91.2112,127.999,131.857,133.15,148.928,158.348,183.269,245.033,271.358,300.006,245.033,177.646,144.939,140.979,112.882,104.307,101.891,137.05,155.64,181.859,165.171,134.447,120.377,127.999,174.853
1999-11-01 00:00:00,2,50.9791,,49.9833,48.9929,47.0281,53.9981,61.2209,73.0481,104.307,144.939,173.46,148.928,143.615,135.747,121.638,109.185,94.7354,85.4189,77.4858,94.7354,139.666,204.768,181.859,169.302,152.945,150.264,154.291,133.15,107.96,100.688,
1999-10-01 00:00:00,2,47.0281,47.0281,47.0281,59.1323,56.0366,56.0366,53.9981,51.9802,50.9791,49.9833,48.9929,48.0078,46.054,46.054,46.054,44.1224,43.165,43.165,44.1224,43.165,45.0854,45.0854,46.054,45.0854,44.1224,48.0078,56.0366,60.1741,66.5268,61.2209,55.0148
1999-09-01 00:00:00,2,50.9791,48.9929,49.9833,48.9929,48.0078,48.0078,47.0281,47.0281,42.2134,46.054,47.0281,47.0281,48.0078,48.0078,50.9791,52.9866,56.0366,58.0954,59.1323,62.2725,60.1741,57.0635,53.9981,52.9866,51.9802,50.9791,51.9802,49.9833,49.9833,48.0078,
1999-08-01 00:00:00,2,59.1323,59.1323,58.0954,58.0954,59.1323,58.0954,57.0635,57.0635,58.0954,57.0635,57.0635,56.0366,57.0635,56.0366,56.0366,55.0148,53.9981,53.9981,55.0148,55.0148,53.9981,53.9981,52.9866,52.9866,51.9802,51.9802,51.9802,49.9833,49.9833,49.9833,49.9833
1999-07-01 00:00:00,2,69.7668,69.7668,69.7668,69.7668,68.6822,69.7668,68.6822,67.6021,66.5268,65.4561,66.5268,67.6021,68.6822,67.6021,66.5268,66.5268,66.5268,66.5268,65.4561,65.4561,64.3901,64.3901,63.3289,62.2725,62.2725,62.2725,61.2209,61.2209,60.1741,59.1323,60.1741
1999-06-01 00:00:00,2,77.4858,77.4858,77.4858,76.3697,76.3697,76.3697,76.3697,76.3697,76.3697,76.3697,75.2581,76.3697,75.2581,75.2581,75.2581,77.4858,91.2112,87.7235,83.131,79.731,77.4858,75.2581,75.2581,75.2581,74.1508,71.9498,69.7668,71.9498,70.856,70.856,
1999-05-01 00:00:00,2,100.688,95.9182,95.9182,94.7354,94.7354,93.5567,93.5567,93.5567,100.688,111.646,104.307,97.1048,91.2112,90.0445,90.0445,90.0445,86.5691,85.4189,85.4189,84.2728,84.2728,83.131,81.9934,80.86,80.86,81.9934,79.731,79.731,79.731,78.6062,78.6062
1999-04-01 00:00:00,2,216.493,177.646,158.348,143.615,131.857,129.282,124.172,124.172,122.903,127.999,127.999,122.903,120.377,114.122,110.414,115.366,144.939,184.682,172.071,146.265,131.857,114.122,111.646,109.185,109.185,106.738,103.097,103.097,110.414,103.097,
1999-03-01 00:00:00,2,283.994,293.573,388.657,404.311,472.2,332.727,432.548,782.229,577.218,631.803,516.508,448.655,443.268,402.563,357.858,291.97,249.626,219.452,207.683,197.53,177.646,166.545,159.706,188.939,240.464,314.617,255.785,216.493,183.269,176.248,177.646
1999-02-01 00:00:00,2,200.417,179.048,154.291,133.15,116.613,110.414,100.688,94.7354,95.9182,114.122,119.118,103.097,93.5567,116.613,99.49,109.185,124.172,135.747,134.447,,114.122,93.5567,91.2112,86.5691,86.5691,115.366,142.296,186.098,,,
1999-01-01 00:00:00,2,194.655,240.464,285.585,285.585,339.38,354.479,378.314,397.333,337.714,352.792,276.078,173.46,154.291,135.747,127.999,135.747,142.296,131.857,124.172,115.366,110.414,103.097,103.097,98.2955,95.9182,91.2112,95.9182,111.646,125.444,173.46,186.098
1998-12-01 00:00:00,2,173.46,215.018,169.302,142.296,116.613,101.891,120.377,206.224,279.238,238.946,179.048,144.939,126.72,121.638,129.282,137.05,188.939,217.971,216.493,223.911,213.546,210.609,143.615,125.444,133.15,107.96,120.377,137.05,120.377,135.747,142.296
1998-11-01 00:00:00,2,112.882,105.521,,135.747,232.9,207.683,172.071,137.05,112.882,97.1048,105.521,131.857,163.8,161.068,131.857,114.122,103.097,86.5691,79.731,106.738,126.72,103.097,91.2112,93.5567,86.5691,86.5691,78.6062,119.118,129.282,158.348,
1998-10-01 00:00:00,2,46.054,48.9929,62.2725,60.1741,57.0635,53.9981,50.9791,51.9802,51.9802,51.9802,48.9929,49.9833,52.9866,57.0635,58.0954,59.1323,58.0954,64.3901,71.9498,70.856,62.2725,57.0635,55.0148,51.9802,49.9833,48.0078,55.0148,58.0954,58.0954,63.3289,85.4189
1998-09-01 00:00:00,2,55.0148,56.0366,59.1323,62.2725,61.2209,62.2725,58.0954,55.0148,49.9833,51.9802,52.9866,51.9802,49.9833,49.9833,48.9929,49.9833,47.0281,48.0078,47.0281,47.0281,45.0854,45.0854,48.0078,47.0281,45.0854,45.0854,46.054,45.0854,46.054,45.0854,
1998-08-01 00:00:00,2,64.3901,61.2209,63.3289,63.3289,62.2725,61.2209,65.4561,69.7668,73.0481,76.3697,79.731,76.3697,73.0481,73.0481,70.856,68.6822,65.4561,65.4561,61.2209,61.2209,61.2209,60.1741,58.0954,60.1741,60.1741,56.0366,58.0954,58.0954,56.0366,57.0635,56.0366
1998-07-01 00:00:00,2,75.2581,74.1508,75.2581,74.1508,71.9498,73.0481,74.1508,73.0481,71.9498,70.856,70.856,70.856,69.7668,64.3901,68.6822,67.6021,68.6822,68.6822,68.6822,67.6021,67.6021,66.5268,66.5268,65.4561,64.3901,65.4561,65.4561,65.4561,64.3901,65.4561,64.3901
1998-06-01 00:00:00,2,146.265,146.265,121.638,109.185,99.49,94.7354,93.5567,92.3819,90.0445,87.7235,85.4189,84.2728,84.2728,85.4189,81.9934,83.131,83.131,81.9934,79.731,78.6062,77.4858,77.4858,77.4858,76.3697,76.3697,75.2581,76.3697,76.3697,77.4858,76.3697,
1998-05-01 00:00:00,2,106.738,99.49,99.49,92.3819,90.0445,97.1048,107.96,122.903,115.366,98.2955,91.2112,91.2112,88.8819,86.5691,86.5691,86.5691,84.2728,84.2728,79.731,83.131,83.131,84.2728,84.2728,81.9934,79.731,79.731,81.9934,81.9934,86.5691,111.646,131.857
1998-04-01 00:00:00,2,112.882,127.999,137.05,129.282,126.72,117.864,109.185,105.521,107.96,112.882,107.96,110.414,106.738,101.891,94.7354,94.7354,94.7354,94.7354,95.9182,95.9182,106.738,103.097,95.9182,90.0445,91.2112,88.8819,84.2728,86.5691,98.2955,109.185,
1998-03-01 00:00:00,2,210.609,194.655,166.545,151.603,147.595,144.939,138.356,137.05,130.568,124.172,124.172,124.172,122.903,124.172,124.172,137.05,142.296,135.747,127.999,121.638,121.638,119.118,127.999,130.568,127.999,133.15,130.568,120.377,116.613,116.613,109.185
1998-02-01 00:00:00,2,170.685,165.171,152.945,142.296,135.747,130.568,125.444,122.903,129.282,125.444,125.444,138.356,127.999,124.172,158.348,349.426,457.672,448.655,411.322,362.943,,308.1,288.773,293.573,311.354,349.426,301.62,245.033,,,
1998-01-01 00:00:00,2,196.091,177.646,159.706,152.945,150.264,165.171,169.302,181.859,203.315,306.476,342.72,311.354,295.177,287.178,296.784,306.476,308.1,285.585,252.7,374.883,463.106,397.333,312.984,251.161,207.683,234.408,276.078,228.393,197.53,180.452,169.302
1997-12-01 00:00:00,2,409.566,416.601,390.388,321.171,252.7,201.864,261.984,258.879,277.657,347.746,399.074,427.214,359.551,346.069,492.375,503.474,542.844,490.531,434.33,402.563,359.551,312.984,265.099,226.896,204.768,245.033,287.178,291.97,277.657,254.241,210.609
1997-11-01 00:00:00,2,99.49,94.7354,91.2112,79.731,73.0481,84.2728,73.0481,74.1508,78.6062,79.731,73.0481,66.5268,65.4561,65.4561,68.6822,70.856,75.2581,76.3697,71.9498,69.7668,71.9498,91.2112,130.568,161.068,148.928,173.46,180.452,188.939,245.033,327.761,
1997-10-01 00:00:00,2,76.3697,79.731,79.731,79.731,80.86,77.4858,75.2581,74.1508,76.3697,76.3697,73.0481,67.6021,66.5268,63.3289,58.0954,57.0635,57.0635,57.0635,57.0635,59.1323,58.0954,86.5691,172.071,173.46,152.945,124.172,121.638,134.447,138.356,125.444,107.96
1997-09-01 00:00:00,2,67.6021,67.6021,67.6021,67.6021,66.5268,66.5268,68.6822,64.3901,64.3901,64.3901,64.3901,64.3901,64.3901,63.3289,62.2725,62.2725,62.2725,63.3289,63.3289,62.2725,65.4561,87.7235,99.49,107.96,91.2112,81.9934,80.86,79.731,76.3697,74.1508,
1997-08-01 00:00:00,2,81.9934,81.9934,81.9934,81.9934,79.731,80.86,79.731,78.6062,78.6062,77.4858,78.6062,76.3697,79.731,77.4858,76.3697,76.3697,75.2581,74.1508,74.1508,71.9498,73.0481,73.0481,73.0481,71.9498,70.856,68.6822,68.6822,69.7668,69.7668,70.856,69.7668
1997-07-01 00:00:00,2,103.097,101.891,103.097,101.891,101.891,101.891,101.891,100.688,100.688,99.49,98.2955,97.1048,95.9182,93.5567,93.5567,91.2112,92.3819,92.3819,91.2112,91.2112,90.0445,90.0445,88.8819,91.2112,90.0445,90.0445,88.8819,87.7235,84.2728,84.2728,83.131
1997-06-01 00:00:00,2,150.264,139.666,129.282,121.638,117.864,127.999,159.706,194.655,180.452,155.64,137.05,126.72,125.444,134.447,139.666,137.05,142.296,147.595,139.666,133.15,122.903,119.118,117.864,117.864,115.366,111.646,107.96,107.96,105.521,104.307,
1997-05-01 00:00:00,2,188.939,165.171,152.945,144.939,126.72,135.747,135.747,127.999,130.568,129.282,127.999,126.72,125.444,124.172,125.444,126.72,125.444,126.72,125.444,122.903,121.638,120.377,120.377,121.638,130.568,142.296,146.265,146.265,156.992,159.706,159.706
1997-04-01 00:00:00,2,204.077,236.71,317.684,381.205,407.812,274.503,231.395,223.911,207.683,191.791,177.646,173.46,172.071,166.545,162.432,159.706,156.992,155.64,154.291,152.945,152.945,161.068,167.922,184.682,173.46,187.517,186.098,174.853,173.46,186.098,
1997-03-01 00:00:00,2,502.226,455.894,457.59,553.182,599.868,533.712,452.506,352.271,299.194,276.47,277.971,249.795,232.387,226.653,222.376,220.955,230.95,225.225,228.083,219.536,198.524,191.637,188.899,178.044,171.34,168.676,162.062,160.747,160.747,166.023,174.014
1997-02-01 00:00:00,2,373.112,368.276,358.652,350.68,334.868,308.405,264.533,241.053,219.536,208.266,204.077,195.762,193.01,188.899,186.17,183.452,180.743,195.762,229.516,226.653,209.666,188.899,178.044,166.023,155.513,182.096,327.03,556.74,,,
1997-01-01 00:00:00,2,381.205,428.965,608.951,866.686,1350.31,,,,1248.78,1130.12,963.511,760.458,629.051,596.244,562.088,509.182,479.781,447.436,445.749,440.697,455.894,445.749,382.829,350.68,327.03,313.036,320.792,404.09,389.341,399.158,382.829
1996-12-01 00:00:00,2,154.211,143.894,167.348,206.867,208.266,222.376,188.899,162.062,142.617,137.536,135.012,137.536,147.742,163.379,199.909,188.899,187.533,266.018,266.018,257.138,208.266,183.452,252.726,347.503,495.293,507.441,540.772,490.109,389.341,271.978,274.971
1996-11-01 00:00:00,2,62.1158,141.342,171.34,167.348,183.452,212.475,182.096,143.894,122.57,110.429,98.6072,90.5313,85.9935,70.5777,67.3736,84.868,90.5313,118.895,133.755,167.348,258.613,425.628,580.003,614.417,608.951,486.66,355.458,270.485,195.762,166.023,
1996-10-01 00:00:00,2,47.9779,48.9576,44.1083,50.9314,51.9254,50.9314,47.9779,47.9779,51.9254,51.9254,50.9314,47.0031,47.0031,45.0682,45.0682,46.0332,44.1083,44.1083,43.1535,45.0682,43.1535,41.2594,45.0682,47.0031,47.0031,47.0031,47.0031,52.9241,55.9479,61.0769,66.3137
1996-09-01 00:00:00,2,47.0031,44.1083,46.0332,47.0031,53.9275,60.0424,63.159,72.7338,71.6538,66.3137,63.159,59.0121,56.9648,56.9648,60.0424,57.9863,57.9863,57.9863,55.9479,50.9314,51.9254,51.9254,49.9421,48.9576,47.9779,47.0031,47.0031,47.9779,46.0332,47.9779,
1996-08-01 00:00:00,2,49.9421,48.9576,47.0031,47.9779,47.9779,46.0332,46.0332,46.0332,47.0031,46.0332,47.0031,47.0031,47.9779,48.9576,53.9275,59.0121,63.159,61.0769,59.0121,54.9354,53.9275,50.9314,50.9314,50.9314,48.9576,49.9421,51.9254,48.9576,47.0031,47.0031,47.0031
1996-07-01 00:00:00,2,55.9479,57.9863,60.0424,60.0424,59.0121,56.9648,56.9648,56.9648,54.9354,54.9354,54.9354,53.9275,54.9354,53.9275,52.9241,51.9254,54.9354,51.9254,52.9241,54.9354,52.9241,51.9254,47.9779,47.0031,49.9421,47.0031,47.0031,47.9779,48.9576,47.9779,49.9421
1996-06-01 00:00:00,2,66.3137,67.3736,63.159,65.258,64.2064,64.2064,62.1158,64.2064,63.159,63.159,60.0424,61.0769,61.0769,60.0424,60.0424,60.0424,59.0121,62.1158,56.9648,57.9863,59.0121,57.9863,56.9648,54.9354,55.9479,54.9354,55.9479,57.9863,53.9275,54.9354,
1996-05-01 00:00:00,2,75.9975,69.5056,77.0931,71.6538,72.7338,71.6538,68.4376,66.3137,67.3736,67.3736,67.3736,66.3137,66.3137,68.4376,66.3137,67.3736,70.5777,73.8178,72.7338,75.9975,74.9057,75.9975,77.0931,75.9975,79.2958,91.6746,82.628,72.7338,69.5056,69.5056,67.3736
1996-04-01 00:00:00,2,93.9717,87.1226,84.868,83.7462,81.5135,80.4028,79.2958,78.1925,75.9975,73.8178,73.8178,79.2958,84.868,88.2552,93.9717,97.4432,106.848,121.342,130,150.322,131.249,100.945,92.8214,85.9935,81.5135,81.5135,79.2958,75.9975,75.9975,73.8178,
1996-03-01 00:00:00,2,130,114.039,106.848,106.848,127.511,132.501,151.615,142.617,128.754,116.461,110.429,118.895,123.801,128.754,123.801,120.117,108.039,104.477,110.429,132.501,138.802,120.117,137.536,142.617,170.007,179.392,147.742,128.754,118.895,111.629,100.945
1996-02-01 00:00:00,2,117.677,116.461,116.461,125.035,140.071,156.817,159.434,158.124,158.124,147.742,138.802,166.023,145.174,136.273,136.273,136.273,128.754,116.461,105.661,102.119,98.6072,110.429,114.039,112.832,109.232,115.248,137.536,158.124,138.802,,
1996-01-01 00:00:00,2,625.385,650.927,627.217,556.74,498.757,435.66,358.652,261.569,270.485,320.792,395.879,425.628,430.636,400.8,345.918,277.971,228.083,204.077,193.01,186.17,205.471,205.471,197.142,188.899,186.17,176.698,163.379,147.742,145.174,122.57,117.677
1995-12-01 00:00:00,2,109.232,106.848,104.477,110.429,100.945,96.2826,100.945,98.6072,87.1226,79.2958,75.9975,70.5777,81.5135,171.34,462.688,413.996,345.918,246.872,206.867,197.142,199.909,186.17,193.01,263.05,202.685,182.096,669.46,605.314,661.201,655.029,610.772
1995-11-01 00:00:00,2,84.868,108.039,122.57,135.012,159.434,168.676,158.124,123.801,102.119,83.7462,77.0931,71.6538,88.2552,126.272,154.211,149.031,130,109.232,105.661,114.039,133.755,120.117,105.661,92.8214,88.2552,88.2552,88.2552,87.1226,83.7462,87.1226,
1995-10-01 00:00:00,2,61.0769,62.1158,59.0121,54.9354,56.9648,53.9275,52.9241,53.9275,54.9354,59.0121,55.9479,61.0769,71.6538,67.3736,65.258,77.0931,87.1226,78.1925,69.5056,65.258,66.3137,69.5056,71.6538,73.8178,69.5056,64.2064,56.9648,54.9354,54.9354,61.0769,65.258
1995-09-01 00:00:00,2,48.9576,49.9421,50.9314,50.9314,47.9779,46.0332,46.0332,47.9779,43.1535,46.0332,47.9779,46.0332,46.0332,46.0332,46.0332,45.0682,47.0031,49.9421,55.9479,57.9863,60.0424,64.2064,63.159,60.0424,60.0424,55.9479,51.9254,52.9241,53.9275,55.9479,
1995-08-01 00:00:00,2,61.0769,60.0424,60.0424,57.9863,55.9479,56.9648,55.9479,54.9354,53.9275,55.9479,54.9354,55.9479,56.9648,53.9275,51.9254,50.9314,52.9241,53.9275,53.9275,51.9254,51.9254,51.9254,49.9421,51.9254,52.9241,52.9241,52.9241,52.9241,51.9254,46.0332,48.9576
1995-07-01 00:00:00,2,74.9057,73.8178,72.7338,71.6538,70.5777,70.5777,71.6538,70.5777,70.5777,69.5056,67.3736,69.5056,69.5056,69.5056,67.3736,67.3736,68.4376,65.258,66.3137,65.258,65.258,64.2064,64.2064,65.258,64.2064,64.2064,64.2064,63.159,64.2064,63.159,64.2064
1995-06-01 00:00:00,2,91.6746,89.3915,88.2552,85.9935,84.868,80.4028,79.2958,78.1925,80.4028,79.2958,79.2958,78.1925,78.1925,77.0931,78.1925,78.1925,75.9975,75.9975,77.0931,75.9975,73.8178,74.9057,75.9975,75.9975,75.9975,75.9975,73.8178,74.9057,74.9057,72.7338,
1995-05-01 00:00:00,2,104.477,99.7746,99.7746,97.4432,96.2826,96.2826,97.4432,106.848,127.511,138.802,131.249,128.754,127.511,131.249,120.117,111.629,104.477,104.477,102.119,98.6072,95.1254,95.1254,89.3915,93.9717,102.119,98.6072,97.4432,98.6072,98.6072,91.6746,92.8214
1995-04-01 00:00:00,2,325.467,285.507,258.613,242.504,206.867,174.014,163.379,154.211,150.322,137.536,135.012,142.617,149.031,160.747,154.211,149.031,136.273,132.501,122.57,116.461,114.039,116.461,116.461,121.342,125.035,126.272,126.272,123.801,115.248,106.848,
1995-03-01 00:00:00,2,141.342,133.755,127.511,138.802,160.747,186.17,154.211,154.211,175.355,159.434,138.802,125.035,116.461,118.895,306.865,344.334,352.271,270.485,205.471,175.355,160.747,150.322,159.434,182.096,215.293,305.327,336.441,273.474,225.225,183.452,205.471
1995-02-01 00:00:00,2,130,171.34,186.17,266.018,357.054,330.16,300.724,327.03,365.061,417.311,539.005,599.868,521.412,392.607,323.907,410.687,553.182,455.894,294.614,271.978,345.918,358.652,305.327,238.155,201.296,183.452,168.676,155.513,,,
1995-01-01 00:00:00,2,170.007,143.894,143.894,146.457,195.762,195.762,178.044,158.124,127.511,114.039,103.297,105.661,102.119,106.848,111.629,114.039,95.1254,82.628,82.628,79.2958,90.5313,84.868,82.628,80.4028,80.4028,92.8214,88.2552,99.7746,120.117,122.57,111.629
1994-12-01 00:00:00,2,118.895,105.661,88.2552,74.9057,66.3137,63.159,69.5056,112.832,103.297,97.4432,92.8214,80.4028,70.5777,66.3137,67.3736,80.4028,91.6746,96.2826,130,122.57,116.461,126.272,258.613,399.158,526.675,619.895,560.304,430.636,350.68,255.665,197.142
1994-11-01 00:00:00,2,57.9863,57.9863,56.9648,54.9354,51.9254,47.0031,45.0682,45.0682,44.1083,41.2594,42.2038,44.1083,42.2038,44.1083,46.0332,52.9241,49.9421,51.9254,65.258,78.1925,74.9057,78.1925,72.7338,67.3736,62.1158,59.0121,56.9648,55.9479,98.6072,123.801,
1994-10-01 00:00:00,2,52.9241,51.9254,50.9314,49.9421,47.9779,48.9576,53.9275,55.9479,62.1158,63.159,64.2064,60.0424,57.9863,52.9241,51.9254,51.9254,51.9254,52.9241,52.9241,51.9254,51.9254,50.9314,50.9314,47.9779,46.0332,44.1083,45.0682,47.0031,47.9779,54.9354,56.9648
1994-09-01 00:00:00,2,63.159,64.2064,63.159,62.1158,62.1158,62.1158,59.0121,57.9863,59.0121,59.0121,60.0424,57.9863,57.9863,56.9648,57.9863,59.0121,59.0121,57.9863,56.9648,55.9479,53.9275,52.9241,52.9241,53.9275,53.9275,50.9314,50.9314,49.9421,49.9421,53.9275,
1994-08-01 00:00:00,2,74.9057,72.7338,71.6538,72.7338,72.7338,70.5777,71.6538,71.6538,70.5777,68.4376,70.5777,69.5056,71.6538,69.5056,69.5056,68.4376,69.5056,68.4376,69.5056,68.4376,66.3137,66.3137,66.3137,66.3137,66.3137,65.258,65.258,64.2064,64.2064,64.2064,61.0769
1994-07-01 00:00:00,2,91.6746,88.2552,90.5313,88.2552,87.1226,87.1226,88.2552,87.1226,85.9935,85.9935,82.628,83.7462,81.5135,82.628,83.7462,82.628,82.628,80.4028,80.4028,82.628,80.4028,82.628,80.4028,80.4028,78.1925,78.1925,75.9975,78.1925,75.9975,77.0931,73.8178
1994-06-01 00:00:00,2,109.232,109.232,108.039,104.477,103.297,100.945,97.4432,98.6072,98.6072,97.4432,96.2826,93.9717,93.9717,93.9717,92.8214,93.9717,93.9717,92.8214,88.2552,88.2552,88.2552,88.2552,89.3915,89.3915,93.9717,98.6072,103.297,106.848,100.945,95.1254,
1994-05-01 00:00:00,2,104.477,99.7746,102.119,99.7746,102.119,103.297,100.945,98.6072,95.1254,91.6746,92.8214,93.9717,89.3915,91.6746,90.5313,133.755,238.155,296.139,302.257,226.653,176.698,147.742,138.802,133.755,128.754,121.342,116.461,115.248,112.832,114.039,115.248
1994-04-01 00:00:00,2,163.379,154.211,159.434,168.676,163.379,151.615,151.615,149.031,149.031,142.617,135.012,122.57,118.895,112.832,114.039,115.248,126.272,136.273,135.012,131.249,152.912,174.014,154.211,138.802,127.511,117.677,117.677,116.461,115.248,109.232,
1994-03-01 00:00:00,2,98.6072,116.461,125.035,143.894,152.912,204.077,331.727,347.503,336.441,288.535,230.95,291.571,264.533,254.195,264.533,239.603,213.883,178.044,156.817,175.355,213.883,248.333,251.259,213.883,290.052,276.47,238.155,213.883,205.471,195.762,178.044
1994-02-01 00:00:00,2,260.09,226.653,202.685,190.267,180.743,171.34,163.379,155.513,151.615,145.174,143.894,138.802,138.802,133.755,127.511,128.754,123.801,118.895,118.895,114.039,109.232,104.477,99.7746,96.2826,96.2826,95.1254,95.1254,99.7746,,,
1994-01-01 00:00:00,2,257.138,273.474,268.994,389.341,576.409,594.434,650.927,773.472,616.242,498.757,607.132,636.399,630.886,539.005,694.45,738.939,694.45,542.541,442.379,392.607,369.887,374.727,412.341,449.124,407.385,374.727,349.091,344.334,299.194,283.996,280.98
1993-12-01 00:00:00,2,106.848,92.8214,81.5135,79.2958,84.868,81.5135,77.0931,81.5135,78.1925,74.9057,72.7338,96.2826,150.322,141.342,120.117,95.1254,87.1226,83.7462,104.477,100.945,110.429,111.629,116.461,121.342,125.035,121.342,109.232,110.429,121.342,146.457,170.007
1993-11-01 00:00:00,2,89.3915,81.5135,77.0931,75.9975,73.8178,77.0931,78.1925,84.868,95.1254,88.2552,84.868,69.5056,61.0769,59.0121,55.9479,52.9241,48.9576,47.9779,47.9779,47.9779,47.0031,47.0031,47.0031,52.9241,68.4376,75.9975,104.477,105.661,118.895,120.117,
1993-10-01 00:00:00,2,74.9057,73.8178,69.5056,74.9057,82.628,81.5135,84.868,95.1254,93.9717,88.2552,82.628,74.9057,67.3736,69.5056,67.3736,64.2064,59.0121,59.0121,56.9648,56.9648,61.0769,71.6538,72.7338,73.8178,71.6538,81.5135,83.7462,90.5313,111.629,103.297,96.2826
1993-09-01 00:00:00,2,62.1158,61.0769,62.1158,61.0769,61.0769,59.0121,57.9863,55.9479,53.9275,55.9479,57.9863,59.0121,59.0121,59.0121,59.0121,61.0769,61.0769,61.0769,61.0769,60.0424,60.0424,56.9648,61.0769,70.5777,82.628,83.7462,81.5135,79.2958,79.2958,77.0931,
1993-08-01 00:00:00,2,73.8178,72.7338,71.6538,70.5777,70.5777,70.5777,70.5777,69.5056,68.4376,68.4376,66.3137,67.3736,66.3137,66.3137,66.3137,66.3137,68.4376,68.4376,68.4376,68.4376,68.4376,68.4376,68.4376,67.3736,66.3137,68.4376,68.4376,66.3137,66.3137,65.258,63.159
1993-07-01 00:00:00,2,88.2552,85.9935,85.9935,85.9935,83.7462,84.868,82.628,82.628,81.5135,80.4028,78.1925,78.1925,77.0931,77.0931,75.9975,75.9975,75.9975,75.9975,74.9057,74.9057,73.8178,75.9975,75.9975,73.8178,72.7338,73.8178,72.7338,72.7338,73.8178,73.8178,73.8178
1993-06-01 00:00:00,2,96.2826,93.9717,103.297,123.801,106.848,100.945,146.457,187.533,182.096,147.742,125.035,117.677,114.039,103.297,98.6072,98.6072,105.661,105.661,104.477,104.477,99.7746,95.1254,96.2826,93.9717,91.6746,92.8214,90.5313,90.5313,90.5313,89.3915,
1993-05-01 00:00:00,2,114.039,114.039,118.895,116.461,110.429,103.297,108.039,118.895,121.342,118.895,109.232,103.297,102.119,102.119,100.945,105.661,112.832,117.677,110.429,104.477,99.7746,97.4432,97.4432,97.4432,100.945,97.4432,93.9717,91.6746,96.2826,97.4432,95.1254
1993-04-01 00:00:00,2,142.617,151.615,155.513,163.379,186.17,195.762,175.355,171.34,176.698,190.267,218.119,226.653,209.666,180.743,156.817,147.742,149.031,160.747,182.096,188.899,162.062,137.536,132.501,127.511,126.272,125.035,122.57,118.895,114.039,114.039,
1993-03-01 00:00:00,2,338.016,285.507,235.267,235.267,246.872,206.867,176.698,160.747,142.617,137.536,136.273,133.755,132.501,135.012,145.174,137.536,138.802,133.755,132.501,138.802,164.7,205.471,180.743,168.676,168.676,159.434,160.747,146.457,156.817,158.124,150.322
1993-02-01 00:00:00,2,138.802,135.012,140.071,198.524,235.267,264.533,285.507,322.349,268.994,225.225,215.293,226.653,242.504,293.091,314.583,331.727,344.334,320.792,246.872,216.705,202.685,193.01,178.044,205.471,300.724,365.061,399.158,387.71,,,
1993-01-01 00:00:00,2,291.571,225.225,198.524,197.142,213.883,230.95,246.872,276.47,251.259,243.958,238.155,233.826,242.504,235.267,206.867,187.533,170.007,172.676,174.014,188.899,205.471,245.414,279.474,274.971,274.971,254.195,220.955,194.385,170.007,160.747,150.322
1992-12-01 00:00:00,2,112.832,116.461,127.511,166.023,193.01,266.018,294.614,319.237,266.018,252.726,232.387,350.68,551.405,572.821,528.432,437.337,352.271,352.271,417.311,455.894,442.379,395.879,334.868,264.533,219.536,204.077,235.267,306.865,291.571,274.971,268.994
1992-11-01 00:00:00,2,199.909,258.613,341.171,366.668,514.415,535.475,542.541,476.35,450.814,467.8,360.252,279.474,232.387,215.293,194.385,183.452,164.7,151.615,146.457,136.273,125.035,123.801,126.272,127.511,127.511,130,123.801,116.461,115.248,114.039,
1992-10-01 00:00:00,2,118.895,102.119,90.5313,97.4432,99.7746,87.1226,89.3915,97.4432,100.945,114.039,130,128.754,111.629,92.8214,82.628,78.1925,74.9057,71.6538,69.5056,67.3736,67.3736,68.4376,73.8178,90.5313,108.039,114.039,106.848,99.7746,109.232,138.802,195.762
1992-09-01 00:00:00,2,65.258,65.258,65.258,65.258,64.2064,69.5056,75.9975,77.0931,97.4432,91.6746,83.7462,75.9975,72.7338,70.5777,69.5056,69.5056,75.9975,88.2552,98.6072,98.6072,93.9717,87.1226,80.4028,75.9975,73.8178,75.9975,75.9975,84.868,106.848,125.035,
1992-08-01 00:00:00,2,79.2958,81.5135,78.1925,74.9057,73.8178,73.8178,72.7338,74.9057,73.8178,71.6538,69.5056,71.6538,78.1925,78.1925,77.0931,73.8178,74.9057,74.9057,71.6538,71.6538,72.7338,69.5056,71.6538,71.6538,70.5777,68.4376,70.5777,67.3736,67.3736,66.3137,66.3137
1992-07-01 00:00:00,2,96.2826,92.8214,91.6746,89.3915,89.3915,89.3915,92.8214,88.2552,84.868,84.868,85.9935,88.2552,89.3915,85.9935,88.2552,85.9935,89.3915,84.868,81.5135,83.7462,84.868,85.9935,79.2958,80.4028,79.2958,87.1226,81.5135,78.1925,79.2958,82.628,81.5135
1992-06-01 00:00:00,2,115.248,115.248,115.248,110.429,110.429,110.429,110.429,108.039,105.661,103.297,102.119,103.297,99.7746,105.661,103.297,103.297,100.945,100.945,98.6072,100.945,98.6072,93.9717,98.6072,95.1254,97.4432,96.2826,96.2826,93.9717,93.9717,98.6072,
1992-05-01 00:00:00,2,154.211,149.031,151.615,147.742,149.031,163.379,171.34,184.81,179.392,166.023,145.174,140.071,136.273,130,127.511,130,128.754,128.754,125.035,116.461,120.117,135.012,142.617,140.071,138.802,135.012,130,125.035,126.272,120.117,116.461
1992-04-01 00:00:00,2,172.676,167.348,163.379,163.379,170.007,176.698,174.014,159.434,158.124,168.676,171.34,163.379,156.817,151.615,152.912,172.676,220.955,242.504,236.71,219.536,180.743,163.379,160.747,155.513,154.211,160.747,167.348,168.676,163.379,158.124,
1992-03-01 00:00:00,2,316.133,353.864,357.054,361.853,345.918,302.257,263.05,239.603,242.504,235.267,216.705,209.666,211.07,238.155,245.414,235.267,226.653,209.666,230.95,264.533,268.994,255.665,236.71,202.685,188.899,190.267,197.142,197.142,206.867,208.266,191.637
1992-02-01 00:00:00,2,681.915,623.554,696.546,1025.21,1095.58,1150.03,1172.56,1180.11,1098.03,991.822,830.744,681.915,581.802,507.441,449.124,404.09,374.727,349.091,333.297,336.441,309.947,290.052,279.474,268.994,260.09,254.195,258.613,268.994,296.139,,
1992-01-01 00:00:00,2,142.617,140.071,150.322,154.211,162.062,176.698,228.083,251.259,222.376,188.899,180.743,156.817,131.249,123.801,179.392,287.02,288.535,294.614,306.865,311.491,338.016,558.521,702.85,775.649,848.649,979.992,1155.02,1137.57,912.35,747.521,690.263
1991-12-01 00:00:00,2,160.747,158.124,162.062,152.912,143.894,133.755,112.832,98.6072,103.297,106.848,111.629,128.754,141.342,147.742,152.912,170.007,178.044,145.174,117.677,117.677,137.536,149.031,151.615,149.031,132.501,117.677,114.039,111.629,109.232,122.57,128.754
1991-11-01 00:00:00,2,52.9241,57.9863,67.3736,79.2958,89.3915,75.9975,67.3736,65.258,65.258,68.4376,74.9057,71.6538,75.9975,78.1925,87.1226,100.945,93.9717,82.628,92.8214,93.9717,81.5135,82.628,82.628,75.9975,75.9975,74.9057,71.6538,71.6538,78.1925,121.342,
1991-10-01 00:00:00,2,72.7338,88.2552,108.039,127.511,132.501,121.342,115.248,120.117,140.071,168.676,152.912,120.117,103.297,92.8214,78.1925,70.5777,68.4376,75.9975,82.628,116.461,127.511,103.297,87.1226,70.5777,63.159,60.0424,57.9863,59.0121,55.9479,54.9354,52.9241
1991-09-01 00:00:00,2,52.9241,51.9254,50.9314,54.9354,51.9254,53.9275,57.9863,48.9576,47.9779,48.9576,50.9314,50.9314,49.9421,50.9314,49.9421,50.9314,48.9576,48.9576,49.9421,49.9421,50.9314,51.9254,52.9241,50.9314,49.9421,51.9254,63.159,63.159,64.2064,63.159,
1991-08-01 00:00:00,2,67.3736,67.3736,64.2064,64.2064,64.2064,64.2064,67.3736,63.159,62.1158,62.1158,61.0769,64.2064,59.0121,56.9648,59.0121,56.9648,55.9479,55.9479,56.9648,55.9479,54.9354,62.1158,55.9479,54.9354,55.9479,53.9275,55.9479,53.9275,55.9479,53.9275,53.9275
1991-07-01 00:00:00,2,73.8178,84.868,77.0931,73.8178,72.7338,73.8178,71.6538,70.5777,73.8178,69.5056,71.6538,69.5056,69.5056,69.5056,69.5056,68.4376,68.4376,70.5777,70.5777,72.7338,69.5056,67.3736,65.258,68.4376,68.4376,67.3736,66.3137,66.3137,64.2064,64.2064,65.258
1991-06-01 00:00:00,2,96.2826,98.6072,91.6746,91.6746,91.6746,91.6746,92.8214,91.6746,91.6746,90.5313,91.6746,85.9935,90.5313,87.1226,89.3915,85.9935,82.628,78.1925,82.628,83.7462,82.628,83.7462,82.628,80.4028,75.9975,75.9975,79.2958,80.4028,78.1925,79.2958,
1991-05-01 00:00:00,2,205.471,159.434,143.894,130,127.511,126.272,126.272,121.342,121.342,121.342,120.117,121.342,111.629,115.248,115.248,110.429,111.629,121.342,127.511,125.035,116.461,116.461,110.429,112.832,105.661,106.848,103.297,98.6072,98.6072,102.119,95.1254
1991-04-01 00:00:00,2,248.383,270.127,316.983,343.737,369.887,339.593,266.018,213.883,193.01,172.676,172.676,170.007,163.379,155.513,147.742,147.742,143.894,140.071,138.802,132.501,137.536,141.342,132.501,127.511,120.117,120.117,131.249,215.293,320.792,291.571,
1991-03-01 00:00:00,2,180.537,172.899,172.899,210.836,204.114,209.486,204.114,193.514,179.256,164.13,150.666,143.488,139.944,132.947,145.868,141.122,132.947,121.559,110.522,105.138,108.357,123.809,257.006,265.729,283.468,271.599,332.632,262.81,304.649,245.53,214.904
1991-02-01 00:00:00,2,685.007,610.36,488.057,372.856,353.354,323.211,287.963,268.658,270.127,257.006,278.997,259.903,283.468,273.073,262.81,257.006,205.453,214.904,268.658,354.966,331.055,345.334,287.963,224.498,237.041,237.041,194.829,175.432,,,
1991-01-01 00:00:00,2,64.6098,59.2571,56.6401,87.5299,121.559,135.266,170.377,213.545,177.979,129.495,111.609,110.522,188.287,435.179,570.282,760.598,839.083,873.587,787.185,641.075,502.502,392.71,334.211,298.544,301.591,332.632,353.354,542.833,723.516,787.185,789.416
1990-12-01 00:00:00,2,76.7331,74.8223,68.2645,61.0239,54.0636,52.3686,49.034,48.212,49.8606,53.2138,57.508,61.0239,76.7331,94.6476,93.6193,88.5352,84.5377,88.5352,92.5948,87.5299,76.7331,69.1888,65.5171,67.3445,68.2645,63.7068,73.873,73.873,82.5626,86.5286,79.6297
1990-11-01 00:00:00,2,44.9717,44.9717,43.3804,44.9717,43.3804,56.6401,55.7768,55.7768,63.7068,62.8082,56.6401,57.508,58.3803,61.0239,52.3686,48.212,48.212,46.5823,47.3948,47.3948,48.212,47.3948,49.034,51.528,51.528,61.0239,63.7068,58.3803,66.4286,71.05,
1990-10-01 00:00:00,2,51.528,46.5823,47.3948,46.5823,44.1736,46.5823,46.5823,46.5823,44.9717,46.5823,46.5823,44.1736,43.3804,44.9717,44.1736,43.3804,44.1736,43.3804,43.3804,50.692,54.9179,57.508,58.3803,58.3803,57.508,54.0636,48.212,49.034,48.212,44.9717,45.7746
1990-09-01 00:00:00,2,59.2571,59.2571,58.3803,57.508,57.508,59.2571,60.1383,53.2138,49.8606,51.528,49.8606,49.034,49.8606,48.212,49.8606,54.9179,66.4286,72.9279,69.1888,60.1383,56.6401,53.2138,51.528,50.692,48.212,48.212,48.212,48.212,46.5823,56.6401,
1990-08-01 00:00:00,2,53.2138,53.2138,52.3686,52.3686,49.8606,48.212,49.034,49.8606,49.8606,49.8606,49.8606,50.692,50.692,50.692,50.692,49.8606,49.034,49.034,49.8606,57.508,60.1383,63.7068,61.0239,58.3803,55.7768,53.2138,53.2138,53.2138,53.2138,56.6401,62.8082
1990-07-01 00:00:00,2,54.9179,54.0636,55.7768,57.508,56.6401,56.6401,57.508,61.0239,62.8082,62.8082,59.2571,59.2571,61.0239,59.2571,59.2571,58.3803,56.6401,55.7768,57.508,56.6401,55.7768,54.0636,54.0636,53.2138,52.3686,53.2138,52.3686,51.528,51.528,50.692,52.3686
1990-06-01 00:00:00,2,62.8082,63.7068,62.8082,60.1383,59.2571,59.2571,59.2571,59.2571,59.2571,58.3803,57.508,56.6401,56.6401,60.1383,58.3803,56.6401,55.7768,55.7768,54.9179,55.7768,55.7768,55.7768,55.7768,54.9179,54.9179,54.0636,53.2138,54.0636,54.0636,54.0636,
1990-05-01 00:00:00,2,64.6098,66.4286,71.9869,73.873,75.7756,76.7331,74.8223,74.8223,70.1173,69.1888,69.1888,71.05,74.8223,75.7756,76.7331,73.873,70.1173,69.1888,71.05,71.9869,75.7756,74.8223,71.05,67.3445,66.4286,64.6098,65.5171,64.6098,63.7068,62.8082,62.8082
1990-04-01 00:00:00,2,86.5286,84.5377,81.581,80.6034,76.7331,76.7331,74.8223,80.6034,76.7331,80.6034,77.6946,76.7331,79.6297,89.5443,81.581,75.7756,79.6297,99.846,118.21,111.609,97.7553,82.5626,84.5377,83.5482,75.7756,76.7331,70.1173,67.3445,69.1888,65.5171,
1990-03-01 00:00:00,2,231.438,225.88,201.446,188.287,164.13,124.939,107.28,106.207,108.357,101.952,96.7157,88.5352,85.5312,82.5626,82.5626,124.939,117.101,119.323,135.266,129.495,128.35,114.894,100.897,109.438,127.21,118.21,115.996,108.357,104.072,99.846,95.6797
1990-02-01 00:00:00,2,93.6193,91.5741,88.5352,86.5286,82.5626,80.6034,79.6297,79.6297,77.6946,75.7756,74.8223,77.6946,76.7331,90.5573,134.105,151.874,227.266,185.691,149.461,115.996,101.952,95.6797,131.793,201.446,165.373,148.26,143.488,143.488,,,
1990-01-01 00:00:00,2,234.234,396.053,475.536,498.878,535.083,500.689,436.908,384.395,326.341,257.006,214.904,186.988,183.108,166.619,159.189,145.868,141.122,143.488,139.944,128.35,114.894,104.072,99.846,99.846,96.7157,101.952,114.894,130.642,126.073,101.952,98.7988
1989-12-01 00:00:00,2,105.138,93.6193,81.581,71.05,66.4286,67.3445,62.8082,62.8082,58.3803,56.6401,65.5171,76.7331,134.105,254.121,374.497,411.214,377.787,320.092,268.658,297.025,506.136,580.207,424.852,345.334,293.993,237.041,220.369,192.203,169.122,172.899,196.146
1989-11-01 00:00:00,2,62.8082,57.508,54.0636,55.7768,54.9179,54.0636,54.9179,56.6401,57.508,56.6401,69.1888,89.5443,123.809,170.377,172.899,148.26,119.323,112.701,123.809,118.21,124.939,119.323,145.868,123.809,109.438,97.7553,83.5482,79.6297,75.7756,92.5948,
1989-10-01 00:00:00,2,58.3803,54.9179,52.3686,56.6401,53.2138,51.528,49.034,48.212,50.692,47.3948,47.3948,54.0636,53.2138,52.3686,52.3686,53.2138,54.0636,58.3803,59.2571,66.4286,64.6098,61.0239,58.3803,57.508,59.2571,60.1383,57.508,56.6401,54.0636,57.508,61.9138
1989-09-01 00:00:00,2,65.5171,59.2571,59.2571,53.2138,50.692,52.3686,53.2138,51.528,52.3686,53.2138,50.692,48.212,49.034,48.212,48.212,47.3948,47.3948,48.212,49.034,47.3948,49.034,47.3948,47.3948,47.3948,47.3948,47.3948,47.3948,48.212,52.3686,54.9179,
1989-08-01 00:00:00,2,57.508,62.8082,71.9869,66.4286,61.0239,57.508,57.508,54.0636,54.9179,55.7768,54.9179,54.0636,52.3686,50.692,50.692,52.3686,50.692,49.034,49.034,49.034,48.212,53.2138,49.034,48.212,48.212,48.212,48.212,50.692,52.3686,57.508,61.9138
1989-07-01 00:00:00,2,60.1383,60.1383,58.3803,55.7768,56.6401,55.7768,55.7768,61.0239,62.8082,61.9138,61.9138,60.1383,58.3803,59.2571,55.7768,55.7768,54.9179,54.0636,54.0636,54.0636,54.0636,54.9179,54.0636,53.2138,53.2138,52.3686,51.528,52.3686,54.0636,54.0636,54.9179
1989-06-01 00:00:00,2,58.3803,59.2571,58.3803,59.2571,59.2571,58.3803,59.2571,57.508,56.6401,54.9179,54.9179,62.8082,69.1888,71.9869,72.9279,68.2645,65.5171,63.7068,61.9138,60.1383,61.0239,60.1383,59.2571,59.2571,59.2571,61.9138,62.8082,62.8082,62.8082,61.9138,
1989-05-01 00:00:00,2,69.1888,66.4286,64.6098,69.1888,78.6601,79.6297,73.873,71.05,75.7756,70.1173,68.2645,67.3445,66.4286,66.4286,64.6098,62.8082,64.6098,64.6098,62.8082,68.2645,62.8082,61.9138,60.1383,61.0239,61.0239,59.2571,59.2571,60.1383,58.3803,59.2571,58.3803
1989-04-01 00:00:00,2,99.846,95.6797,93.6193,90.5573,88.5352,87.5299,87.5299,86.5286,87.5299,89.5443,87.5299,84.5377,82.5626,83.5482,83.5482,83.5482,80.6034,78.6601,77.6946,77.6946,78.6601,78.6601,82.5626,77.6946,73.873,75.7756,71.9869,71.05,71.9869,69.1888,
1989-03-01 00:00:00,2,124.939,127.21,148.26,205.453,227.266,227.266,230.044,258.453,264.268,267.192,261.355,232.835,217.631,239.86,298.544,379.435,346.933,304.649,242.689,193.514,159.189,141.122,131.793,123.809,117.101,117.101,111.609,109.438,106.207,104.072,103.01
1989-02-01 00:00:00,2,79.6297,76.7331,76.7331,88.5352,111.609,113.795,111.609,127.21,172.899,177.979,212.189,371.217,358.196,310.795,313.884,386.053,374.497,334.211,270.127,237.041,208.138,189.589,164.13,170.377,170.377,154.299,137.598,132.947,,,
1989-01-01 00:00:00,2,90.5573,83.5482,97.7553,115.996,162.889,196.146,223.119,234.234,225.88,234.234,257.006,242.689,223.119,204.114,184.398,190.895,189.589,184.398,169.122,162.889,145.868,129.495,117.101,109.438,98.7988,92.5948,88.5352,82.5626,84.5377,84.5377,78.6601
1988-12-01 00:00:00,2,79.6297,74.8223,72.9279,78.6601,78.6601,72.9279,71.05,64.6098,62.8082,64.6098,87.5299,123.809,106.207,96.7157,97.7553,109.438,128.35,127.21,131.793,123.809,119.323,129.495,148.26,186.988,202.779,200.117,189.589,175.432,157.961,132.947,106.207
1988-11-01 00:00:00,2,78.6601,75.7756,77.6946,84.5377,90.5573,96.7157,97.7553,94.6476,92.5948,83.5482,77.6946,64.6098,65.5171,63.7068,59.2571,61.9138,71.9869,77.6946,71.9869,66.4286,61.9138,60.1383,71.9869,101.952,113.795,109.438,104.072,95.6797,97.7553,92.5948,
1988-10-01 00:00:00,2,62.8082,62.8082,65.5171,61.0239,61.9138,62.8082,67.3445,69.1888,70.1173,65.5171,60.1383,56.6401,59.2571,63.7068,67.3445,79.6297,72.9279,58.3803,56.6401,66.4286,67.3445,77.6946,101.952,136.431,131.793,115.996,100.897,90.5573,90.5573,94.6476,85.5312
1988-09-01 00:00:00,2,49.8606,50.692,49.8606,49.8606,49.034,48.212,48.212,49.034,46.5823,49.034,51.528,48.212,53.2138,47.3948,45.7746,48.212,46.5823,44.9717,51.528,51.528,45.7746,44.9717,44.9717,44.9717,44.9717,44.9717,44.9717,44.9717,44.9717,50.692,
1988-08-01 00:00:00,2,54.9179,53.2138,54.9179,57.508,55.7768,54.9179,55.7768,54.9179,53.2138,54.0636,54.9179,54.0636,53.2138,54.0636,53.2138,52.3686,54.0636,53.2138,54.0636,53.2138,53.2138,52.3686,51.528,52.3686,53.2138,52.3686,52.3686,53.2138,51.528,51.528,49.034
1988-07-01 00:00:00,2,64.6098,64.6098,65.5171,63.7068,61.9138,61.9138,61.9138,61.9138,62.8082,61.9138,61.0239,59.2571,59.2571,61.9138,59.2571,59.2571,58.3803,58.3803,58.3803,60.1383,59.2571,60.1383,56.6401,57.508,56.6401,56.6401,54.9179,54.0636,54.9179,55.7768,54.9179
1988-06-01 00:00:00,2,80.6034,84.5377,79.6297,77.6946,77.6946,77.6946,75.7756,79.6297,76.7331,75.7756,72.9279,72.9279,70.1173,67.3445,68.2645,68.2645,69.1888,68.2645,68.2645,67.3445,66.4286,66.4286,66.4286,68.2645,67.3445,66.4286,65.5171,63.7068,63.7068,64.6098,
1988-05-01 00:00:00,2,86.5286,80.6034,78.6601,80.6034,80.6034,78.6601,78.6601,77.6946,77.6946,74.8223,76.7331,74.8223,74.8223,72.9279,74.8223,72.9279,71.05,74.8223,80.6034,78.6601,81.581,82.5626,77.6946,72.9279,74.8223,74.8223,75.7756,78.6601,78.6601,80.6034,80.6034
1988-04-01 00:00:00,2,106.207,99.846,99.846,114.894,131.793,134.105,129.495,115.996,109.438,105.138,98.7988,94.6476,95.6797,103.01,113.795,109.438,113.795,107.28,96.7157,95.6797,99.846,96.7157,95.6797,94.6476,94.6476,91.5741,93.6193,89.5443,87.5299,88.5352,
1988-03-01 00:00:00,2,151.874,149.461,161.653,186.988,381.086,491.655,470.203,401.085,280.484,223.119,188.287,162.889,148.26,139.944,130.642,131.793,127.21,131.793,136.431,141.122,144.676,138.77,131.793,119.323,114.894,110.522,107.28,105.138,97.7553,101.952,107.28
1988-02-01 00:00:00,2,98.7988,109.438,131.793,138.77,246.955,289.466,257.006,239.86,237.041,283.468,315.432,431.727,431.727,391.042,354.966,280.484,287.963,301.591,407.828,402.767,348.534,274.55,217.631,204.114,188.287,180.537,170.377,162.889,159.189,,
1988-01-01 00:00:00,2,180.537,234.234,309.254,278.997,242.689,205.453,185.691,213.545,237.041,244.109,252.682,248.383,248.383,237.041,214.904,184.398,166.619,149.461,143.488,136.431,121.559,110.522,107.28,105.138,105.138,100.897,100.897,96.7157,92.5948,90.5573,92.5948
1987-12-01 00:00:00,2,113.795,112.701,93.6193,82.5626,84.5377,106.207,148.26,184.398,200.117,208.138,261.355,338.962,366.316,367.947,394.38,345.334,309.254,268.658,228.654,391.042,520.758,498.878,473.756,377.787,298.544,251.246,204.114,164.13,145.868,141.122,143.488
1987-11-01 00:00:00,2,73.873,82.5626,90.5573,75.7756,63.7068,57.508,54.9179,54.0636,50.692,51.528,53.2138,53.2138,47.3948,47.3948,49.034,51.528,68.2645,92.5948,128.35,121.559,99.846,79.6297,65.5171,61.0239,57.508,58.3803,64.6098,74.8223,80.6034,90.5573,
1987-10-01 00:00:00,2,61.9138,59.2571,57.508,61.9138,55.7768,54.0636,55.7768,56.6401,55.7768,56.6401,61.9138,60.1383,50.692,53.2138,52.3686,57.508,50.692,49.8606,49.8606,54.0636,51.528,65.5171,63.7068,69.1888,70.1173,86.5286,79.6297,80.6034,75.7756,71.05,72.9279
1987-09-01 00:00:00,2,51.528,52.3686,55.7768,56.6401,55.7768,56.6401,53.2138,50.692,49.8606,61.9138,64.6098,59.2571,59.2571,57.508,52.3686,53.2138,54.0636,54.9179,57.508,62.8082,72.9279,76.7331,75.7756,72.9279,86.5286,79.6297,77.6946,74.8223,65.5171,63.7068,
1987-08-01 00:00:00,2,61.9138,61.9138,61.9138,60.1383,60.1383,60.1383,59.2571,60.1383,61.0239,63.7068,59.2571,61.0239,61.0239,62.8082,60.1383,59.2571,58.3803,57.508,57.508,58.3803,57.508,61.0239,62.8082,61.0239,58.3803,57.508,56.6401,59.2571,60.1383,60.1383,56.6401
1987-07-01 00:00:00,2,71.9869,71.9869,71.05,71.9869,71.05,69.1888,69.1888,68.2645,68.2645,70.1173,71.05,72.9279,71.05,67.3445,68.2645,69.1888,69.1888,66.4286,66.4286,65.5171,65.5171,65.5171,65.5171,64.6098,63.7068,65.5171,65.5171,64.6098,65.5171,63.7068,63.7068
1987-06-01 00:00:00,2,85.5312,84.5377,79.6297,78.6601,79.6297,79.6297,80.6034,80.6034,77.6946,86.5286,91.5741,91.5741,92.5948,88.5352,88.5352,77.6946,77.6946,77.6946,75.7756,74.8223,75.7756,74.8223,72.9279,74.8223,75.7756,74.8223,78.6601,75.7756,73.873,71.9869,
1987-05-01 00:00:00,2,87.5299,86.5286,87.5299,92.5948,88.5352,87.5299,83.5482,82.5626,82.5626,83.5482,81.581,80.6034,79.6297,79.6297,79.6297,85.5312,84.5377,82.5626,83.5482,84.5377,85.5312,83.5482,87.5299,88.5352,89.5443,83.5482,82.5626,83.5482,84.5377,83.5482,83.5482
1987-04-01 00:00:00,2,89.5443,89.5443,91.5741,98.7988,106.207,132.947,167.869,188.287,184.398,179.256,166.619,154.299,135.266,134.105,122.682,111.609,106.207,99.846,97.7553,97.7553,97.7553,96.7157,92.5948,93.6193,97.7553,94.6476,96.7157,95.6797,95.6797,92.5948,
1987-03-01 00:00:00,2,127.21,122.682,121.559,113.795,107.28,100.897,100.897,98.7988,114.894,142.304,176.704,218.998,196.146,159.189,132.947,120.439,123.809,122.682,117.101,111.609,114.894,120.439,118.21,118.21,115.996,110.522,105.138,98.7988,94.6476,91.5741,90.5573
1987-02-01 00:00:00,2,225.88,200.117,172.899,165.373,159.189,164.13,167.869,159.189,155.516,171.636,201.446,206.794,192.203,169.122,166.619,154.299,166.619,181.821,194.829,232.835,246.955,221.743,188.287,177.979,150.666,139.944,132.947,130.642,,,
1987-01-01 00:00:00,2,994.705,885.202,754.005,590.195,475.536,386.053,326.341,265.729,216.266,198.79,190.895,174.164,172.899,201.446,208.138,217.631,214.904,241.273,255.562,234.234,237.041,270.127,277.512,254.121,244.109,264.268,301.591,284.963,300.066,278.997,246.955
1986-12-01 00:00:00,2,83.5482,127.21,135.266,129.495,132.947,124.939,105.138,87.5299,77.6946,75.7756,77.6946,79.6297,91.5741,98.7988,119.323,134.105,154.299,145.868,114.894,100.897,91.5741,94.6476,88.5352,145.868,232.835,488.057,618.496,723.516,767.213,820.892,866.645
1986-11-01 00:00:00,2,45.7746,48.212,44.1736,47.3948,44.9717,48.212,49.8606,49.034,48.212,49.034,54.0636,60.1383,67.3445,77.6946,86.5286,86.5286,75.7756,68.2645,66.4286,62.8082,61.0239,56.6401,56.6401,54.0636,55.7768,57.508,56.6401,56.6401,60.1383,66.4286,
1986-10-01 00:00:00,2,64.6098,65.5171,67.3445,69.1888,61.9138,67.3445,72.9279,63.7068,60.1383,60.1383,56.6401,54.9179,54.0636,54.9179,54.0636,56.6401,56.6401,55.7768,54.9179,54.0636,51.528,51.528,51.528,53.2138,58.3803,59.2571,58.3803,55.7768,51.528,48.212,46.5823
1986-09-01 00:00:00,2,91.5741,88.5352,82.5626,76.7331,73.873,73.873,77.6946,73.873,75.7756,74.8223,72.9279,71.9869,71.05,70.1173,68.2645,66.4286,67.3445,67.3445,60.1383,64.6098,66.4286,63.7068,62.8082,64.6098,61.9138,64.6098,72.9279,74.8223,64.6098,58.3803,
1986-08-01 00:00:00,2,82.5626,81.581,80.6034,83.5482,80.6034,79.6297,80.6034,78.6601,79.6297,79.6297,77.6946,78.6601,79.6297,77.6946,80.6034,79.6297,85.5312,95.6797,91.5741,94.6476,92.5948,93.6193,97.7553,109.438,117.101,104.072,103.01,104.072,101.952,92.5948,91.5741
1986-07-01 00:00:00,2,81.581,82.5626,82.5626,82.5626,86.5286,91.5741,91.5741,85.5312,82.5626,81.581,81.581,79.6297,79.6297,78.6601,75.7756,81.581,78.6601,77.6946,79.6297,80.6034,79.6297,76.7331,78.6601,83.5482,90.5573,106.207,100.897,93.6193,90.5573,84.5377,83.5482
1986-06-01 00:00:00,2,99.846,101.952,105.138,105.138,104.072,99.846,96.7157,96.7157,94.6476,94.6476,94.6476,93.6193,93.6193,92.5948,92.5948,91.5741,90.5573,89.5443,91.5741,88.5352,87.5299,87.5299,86.5286,82.5626,84.5377,84.5377,84.5377,84.5377,85.5312,82.5626,
1986-05-01 00:00:00,2,123.93,114.722,114.722,110.205,111.329,109.085,107.969,106.857,105.748,104.644,106.857,107.969,118.148,132.177,139.382,138.77,127.21,112.701,109.438,105.138,105.138,105.138,107.28,118.21,112.701,107.28,103.01,101.952,98.7988,98.7988,99.846
1986-04-01 00:00:00,2,144.254,136.966,132.177,129.803,126.269,127.443,125.098,128.621,127.443,123.93,121.606,122.767,129.803,127.443,125.098,122.767,118.148,120.45,123.93,121.606,118.148,117.002,114.722,115.86,115.86,114.722,118.148,127.443,136.966,135.764,
1986-03-01 00:00:00,2,198.588,205.425,227.807,261.277,276.29,271.758,256.827,258.307,230.657,208.182,202.681,182.49,172.009,169.42,163.005,159.195,155.415,150.421,157.932,165.561,172.009,159.195,152.911,151.665,166.844,174.61,172.009,152.911,147.944,154.161,149.181
1986-02-01 00:00:00,2,296.213,223.553,205.425,224.968,319.758,398.936,402.358,360.283,326.135,303.996,277.807,237.834,226.386,245.083,293.119,405.789,421.346,474.565,507.475,478.186,470.953,419.608,334.164,274.777,248.002,232.087,224.968,223.553,,,
1986-01-01 00:00:00,2,388.729,366.912,373.581,332.553,296.213,315.002,302.434,318.17,342.257,453.029,494.591,503.783,435.335,513.03,558.173,600.633,610.424,520.467,433.578,361.936,300.875,256.827,248.002,229.231,210.95,202.681,199.949,220.732,256.827,282.372,293.119
1985-12-01 00:00:00,2,144.254,145.481,145.481,161.732,204.052,222.141,226.386,208.182,169.42,143.031,125.098,106.857,99.1773,97.0178,104.644,94.8738,91.6874,97.0178,110.205,115.86,109.085,144.254,149.181,149.181,165.561,179.851,204.052,243.627,324.537,412.679,392.121
1985-11-01 00:00:00,2,102.446,103.543,121.606,175.915,227.807,313.422,303.996,232.087,166.844,141.811,119.297,106.857,100.263,95.9438,87.4947,78.2993,72.3574,75.3092,76.3017,74.321,71.3821,73.337,83.3667,86.4566,90.6332,103.543,109.085,156.672,161.732,143.031,
1985-10-01 00:00:00,2,113.587,118.148,122.767,121.606,115.86,111.329,107.969,118.148,117.002,112.456,107.969,97.0178,91.6874,89.583,84.3926,82.3449,82.3449,86.4566,86.4566,79.3045,87.4947,100.263,97.0178,88.5369,79.3045,79.3045,85.4225,107.969,99.1773,105.748,103.543
1985-09-01 00:00:00,2,99.1773,95.9438,99.1773,98.0956,112.456,95.9438,98.0956,112.456,117.002,113.587,105.748,101.352,100.263,99.1773,113.587,98.0956,91.6874,87.4947,91.6874,98.0956,93.8077,94.8738,98.0956,112.456,120.45,132.177,134.564,121.606,111.329,111.329,
1985-08-01 00:00:00,2,115.86,113.587,113.587,113.587,111.329,113.587,113.587,111.329,111.329,111.329,112.456,105.748,107.969,106.857,106.857,103.543,103.543,104.644,106.857,110.205,102.446,104.644,106.857,103.543,103.543,100.263,103.543,103.543,105.748,102.446,100.263
1985-07-01 00:00:00,2,139.382,143.031,122.767,122.767,125.098,128.621,128.621,125.098,126.269,123.93,122.767,123.93,122.767,126.269,122.767,120.45,121.606,118.148,117.002,121.606,122.767,117.002,119.297,112.456,115.86,118.148,120.45,117.002,113.587,114.722,114.722
1985-06-01 00:00:00,2,168.131,151.665,156.672,163.005,169.42,161.732,163.005,160.462,157.932,152.911,147.944,150.421,152.911,152.911,149.181,144.254,139.382,145.481,139.382,139.382,139.382,139.382,139.382,139.382,141.811,155.415,141.811,139.382,140.595,136.966,
1985-05-01 00:00:00,2,190.483,194.522,197.229,204.052,213.73,210.95,206.802,198.588,191.827,186.473,185.142,185.142,186.473,187.807,181.169,178.536,177.224,174.61,173.308,173.308,170.713,170.713,169.42,170.713,168.131,165.561,169.42,168.131,164.282,161.732,160.462
1985-04-01 00:00:00,2,445.924,400.646,315.002,283.899,265.752,258.307,255.349,250.932,267.25,261.277,245.083,246.541,242.175,236.393,230.657,229.231,226.386,227.807,230.657,237.834,222.141,205.425,197.229,195.874,193.173,191.827,194.522,198.588,187.807,189.143,
1985-03-01 00:00:00,2,500.099,503.783,537.328,472.758,412.679,390.424,407.508,392.121,470.953,476.374,433.578,460.171,541.098,569.651,554.363,498.261,449.472,505.628,612.388,604.543,550.563,472.758,431.824,383.658,334.164,340.633,310.269,300.875,330.945,345.512,416.139
1985-02-01 00:00:00,2,1290.1,1122.69,944.795,746.498,618.294,509.324,472.758,461.963,463.756,461.963,480,463.756,470.953,467.35,353.693,316.584,313.422,308.697,290.035,277.807,271.758,262.766,273.266,345.512,419.608,388.729,398.936,449.472,,,
1985-01-01 00:00:00,2,440.619,424.829,345.512,270.252,242.175,236.393,237.834,236.393,352.052,658.135,680.392,656.124,520.467,579.275,541.098,440.619,423.086,541.098,561.99,529.812,583.14,596.731,668.222,634.133,602.587,752.797,887.135,1039.63,1220.64,,
1984-12-01 00:00:00,2,194.522,185.142,204.052,206.802,250.932,243.627,245.083,229.231,291.576,397.229,426.574,393.821,405.789,337.394,373.581,412.679,560.08,581.206,526.067,371.91,315.002,388.729,402.358,324.537,276.29,220.732,210.95,262.766,332.553,390.424,412.679
1984-11-01 00:00:00,2,81.3273,78.2993,77.2984,68.4822,73.337,61.871,72.3574,68.4822,65.622,62.802,60.0228,59.1056,55.4833,60.0228,62.802,64.6775,58.193,61.871,62.802,64.6775,118.148,243.627,290.035,383.658,356.983,277.807,199.949,173.308,193.173,202.681,
1984-10-01 00:00:00,2,101.352,95.9438,93.8077,88.5369,83.3667,80.3138,79.3045,75.3092,66.571,74.321,75.3092,84.3926,87.4947,72.3574,80.3138,73.337,80.3138,83.3667,95.9438,113.587,126.269,128.621,122.767,110.205,103.543,98.0956,100.263,101.352,92.7456,81.3273,83.3667
1984-09-01 00:00:00,2,87.4947,89.583,94.8738,82.3449,89.583,88.5369,90.6332,115.86,168.131,201.314,177.224,143.031,126.269,115.86,111.329,103.543,106.857,106.857,100.263,94.8738,97.0178,106.857,112.456,109.085,100.263,93.8077,94.8738,100.263,104.644,105.748,
1984-08-01 00:00:00,2,78.2993,79.3045,78.2993,78.2993,77.2984,75.3092,67.5244,74.321,75.3092,72.3574,69.4445,70.4111,69.4445,74.321,73.337,72.3574,71.3821,72.3574,72.3574,72.3574,68.4822,73.337,73.337,76.3017,82.3449,93.8077,99.1773,94.8738,94.8738,87.4947,84.3926
1984-07-01 00:00:00,2,90.6332,84.3926,86.4566,88.5369,88.5369,88.5369,87.4947,86.4566,82.3449,80.3138,84.3926,84.3926,85.4225,83.3667,83.3667,80.3138,78.2993,81.3273,80.3138,79.3045,80.3138,81.3273,78.2993,71.3821,85.4225,81.3273,79.3045,78.2993,79.3045,78.2993,83.3667
1984-06-01 00:00:00,2,103.543,104.644,101.352,94.8738,93.8077,99.1773,98.0956,100.263,98.0956,100.263,98.0956,90.6332,93.8077,94.8738,100.263,97.0178,94.8738,91.6874,92.7456,91.6874,91.6874,88.5369,90.6332,90.6332,88.5369,89.583,90.6332,93.8077,95.9438,91.6874,
1984-05-01 00:00:00,2,126.269,126.269,129.803,139.382,141.811,130.988,129.803,128.621,127.443,122.767,119.297,117.002,117.002,113.587,115.86,114.722,117.002,118.148,120.45,119.297,115.86,117.002,114.722,113.587,112.456,107.969,107.969,106.857,107.969,103.543,103.543
1984-04-01 00:00:00,2,168.131,169.42,160.462,197.229,224.968,227.807,212.338,183.815,177.224,169.42,154.161,144.254,143.031,143.031,139.382,136.966,134.564,135.764,133.369,129.803,129.803,129.803,127.443,128.621,128.621,126.269,127.443,128.621,130.988,125.098,
1984-03-01 00:00:00,2,144.254,141.811,138.172,136.966,134.564,141.811,151.665,166.844,168.131,159.195,156.672,151.665,168.131,181.169,183.815,181.169,166.844,152.911,143.031,139.382,135.764,139.382,165.561,169.42,155.415,141.811,133.369,132.177,128.621,126.269,136.966
1984-02-01 00:00:00,2,236.393,222.141,213.73,208.182,206.802,199.949,197.229,194.522,195.874,197.229,194.522,193.173,186.473,189.143,187.807,183.815,175.915,172.009,181.169,182.49,185.142,181.169,174.61,168.131,170.713,173.308,173.308,174.61,154.161,,
1984-01-01 00:00:00,2,370.242,350.413,332.553,326.135,305.56,294.665,299.318,313.422,307.127,303.996,293.119,271.758,271.758,252.402,237.834,249.465,213.73,222.141,226.386,217.922,216.521,213.73,227.807,252.402,267.25,259.791,283.899,299.318,300.875,291.576,258.307
1983-12-01 00:00:00,2,334.164,321.348,412.679,514.886,503.783,416.139,539.212,571.572,447.697,409.229,483.634,554.363,644.098,738.125,750.696,700.834,630.161,592.837,596.731,565.817,511.176,505.628,503.783,507.475,487.277,556.267,594.783,558.173,501.94,470.953,431.824
1983-11-01 00:00:00,2,195.874,185.142,193.173,261.277,282.372,274.777,248.002,212.338,182.49,182.49,206.802,315.002,507.475,498.261,524.198,571.572,577.346,539.212,435.335,405.789,451.25,492.759,472.758,465.552,454.811,388.729,330.945,324.537,400.646,385.345,
1983-10-01 00:00:00,2,155.415,146.711,138.172,134.564,129.803,141.811,146.711,141.811,143.031,147.944,150.421,157.932,163.005,223.553,313.422,361.936,342.257,303.996,276.29,261.277,253.874,229.231,308.697,395.524,387.036,366.912,310.269,256.827,224.968,208.182,204.052
1983-09-01 00:00:00,2,113.587,119.297,118.148,118.148,122.767,132.177,144.254,155.415,157.932,154.161,149.181,144.254,151.665,154.161,150.421,147.944,159.195,159.195,152.911,146.711,145.481,169.42,164.282,155.415,157.932,197.229,216.521,201.314,177.224,161.732,
1983-08-01 00:00:00,2,145.481,151.665,147.944,150.421,149.181,139.382,126.269,123.93,125.098,123.93,152.911,166.844,175.915,163.005,144.254,139.382,129.803,130.988,132.177,132.177,129.803,128.621,132.177,133.369,129.803,129.803,132.177,121.606,120.45,112.456,110.205
1983-07-01 00:00:00,2,197.229,190.483,186.473,181.169,170.713,174.61,174.61,170.713,170.713,165.561,164.282,161.732,166.844,161.732,161.732,159.195,156.672,156.672,159.195,164.282,190.483,213.73,220.732,204.052,190.483,182.49,174.61,164.282,163.005,159.195,160.462
1983-06-01 00:00:00,2,428.322,526.067,535.445,483.634,388.729,376.93,334.164,297.764,282.372,259.791,250.932,243.627,234.955,232.087,219.325,215.124,212.338,215.124,213.73,206.802,204.052,201.314,206.802,206.802,202.681,202.681,199.949,195.874,194.522,193.173,
1983-05-01 00:00:00,2,376.93,335.778,311.844,290.035,277.807,267.25,261.277,258.307,253.874,255.349,274.777,249.465,243.627,242.175,239.278,236.393,234.955,230.657,237.834,227.807,226.386,233.52,232.087,230.657,226.386,226.386,227.807,229.231,237.834,280.848,329.339
1983-04-01 00:00:00,2,356.983,313.422,280.848,276.29,271.758,268.75,285.429,358.632,438.855,428.322,368.576,496.425,624.218,606.501,577.346,494.591,423.086,370.242,322.941,307.127,290.035,279.326,283.899,293.119,363.592,449.472,431.824,440.619,433.578,419.608,
1983-03-01 00:00:00,2,454.811,453.029,440.619,435.335,558.173,628.178,684.464,686.504,618.294,522.331,442.385,402.358,378.608,365.251,388.729,383.658,353.693,335.778,324.537,330.945,345.512,375.254,435.335,456.596,421.346,360.283,330.945,308.697,350.413,393.821,383.658
1983-02-01 00:00:00,2,548.665,567.733,727.703,812.971,837.443,719.401,694.681,642.101,596.731,837.443,1058.98,1225.74,1210.46,1003.7,862.164,738.125,624.218,541.098,535.445,511.176,483.634,444.153,360.283,356.983,345.512,383.658,383.658,423.086,,,
1983-01-01 00:00:00,2,567.733,630.161,614.355,630.161,672.27,531.688,492.759,648.099,682.427,612.388,511.176,461.963,478.186,513.03,577.346,560.08,533.565,498.261,569.651,824.063,919.27,942.465,857.651,780.295,719.401,700.834,654.114,608.461,554.363,520.467,516.744
1982-12-01 00:00:00,2,107.969,104.644,105.748,113.587,139.382,151.665,144.254,146.711,159.195,164.282,169.42,166.844,144.254,127.443,111.329,115.86,141.811,224.968,273.266,265.752,274.777,274.777,276.29,283.899,327.736,356.983,368.576,388.729,392.121,426.574,664.181
1982-11-01 00:00:00,2,139.382,111.329,102.446,85.4225,91.6874,87.4947,87.4947,86.4566,87.4947,89.583,90.6332,127.443,128.621,114.722,114.722,135.764,166.844,189.143,198.588,185.142,190.483,191.827,182.49,151.665,134.564,120.45,114.722,113.587,111.329,110.205,
1982-10-01 00:00:00,2,84.3926,86.4566,92.7456,97.0178,104.644,135.764,129.803,132.177,132.177,118.148,110.205,121.606,130.988,144.254,149.181,163.005,149.181,132.177,127.443,117.002,118.148,128.621,125.098,113.587,111.329,110.205,101.352,105.748,117.002,134.564,143.031
1982-09-01 00:00:00,2,91.6874,88.5369,87.4947,87.4947,87.4947,83.3667,86.4566,81.3273,85.4225,87.4947,90.6332,88.5369,85.4225,88.5369,91.6874,87.4947,89.583,89.583,88.5369,83.3667,88.5369,92.7456,98.0956,95.9438,86.4566,83.3667,79.3045,74.321,82.3449,95.9438,
1982-08-01 00:00:00,2,103.543,101.352,98.0956,103.543,99.1773,98.0956,98.0956,98.0956,100.263,99.1773,99.1773,98.0956,98.0956,97.0178,95.9438,98.0956,95.9438,97.0178,97.0178,93.8077,94.8738,95.9438,90.6332,93.8077,91.6874,95.9438,101.352,97.0178,91.6874,88.5369,89.583
1982-07-01 00:00:00,2,123.93,128.621,130.988,132.177,130.988,128.621,128.621,128.621,127.443,125.098,121.606,115.86,109.085,117.002,118.148,119.297,119.297,113.587,111.329,115.86,114.722,114.722,114.722,112.456,111.329,107.969,110.205,107.969,105.748,103.543,104.644
1982-06-01 00:00:00,2,150.421,156.672,150.421,155.415,139.382,143.031,144.254,144.254,145.481,140.595,139.382,140.595,138.172,134.564,138.172,141.811,134.564,138.172,123.93,127.443,132.177,134.564,133.369,134.564,135.764,129.803,128.621,130.988,130.988,134.564,
1982-05-01 00:00:00,2,175.915,185.142,187.807,190.483,190.483,186.473,177.224,165.561,166.844,169.42,168.131,166.844,161.732,160.462,154.161,152.911,151.665,156.672,161.732,155.415,143.031,144.254,146.711,154.161,157.932,168.131,182.49,178.536,168.131,152.911,150.421
1982-04-01 00:00:00,2,293.119,330.945,313.422,293.119,276.29,259.791,245.083,234.955,234.955,227.807,230.657,232.087,230.657,227.807,236.393,271.758,282.372,282.372,255.349,230.657,209.564,199.949,199.949,199.949,193.173,189.143,190.483,186.473,181.169,177.224,
1982-03-01 00:00:00,2,262.766,322.941,321.348,316.584,291.576,273.266,250.932,307.127,380.289,409.229,414.408,438.855,461.963,500.099,478.186,444.153,421.346,393.821,348.777,375.254,356.983,319.758,311.844,310.269,388.729,430.072,375.254,337.394,326.135,319.758,296.213
1982-02-01 00:00:00,2,483.634,438.855,381.972,360.283,350.413,370.242,397.229,461.963,451.25,402.358,360.283,318.17,297.764,273.266,261.277,253.874,236.393,237.834,224.968,229.231,215.124,219.325,215.124,210.95,209.564,213.73,222.141,249.465,,,
1982-01-01 00:00:00,2,271.758,258.307,264.258,431.824,640.106,771.8,848.649,746.498,546.77,469.15,453.029,494.591,513.03,472.758,380.289,311.844,300.875,291.576,283.899,337.394,424.829,470.953,565.817,698.781,808.549,1034.82,1061.4,947.128,778.168,650.102,550.563
1981-12-01 00:00:00,2,274.777,294.665,290.035,288.497,267.25,234.955,230.657,209.564,198.588,291.576,363.592,371.91,409.229,430.072,433.578,454.811,560.08,565.817,467.35,414.408,361.936,316.584,271.758,258.307,226.386,198.588,229.231,347.143,318.17,302.434,282.372
1981-11-01 00:00:00,2,115.86,110.205,109.085,107.969,113.587,140.595,159.195,150.421,132.177,140.595,246.541,385.345,409.229,414.408,383.658,334.164,286.962,232.087,220.732,195.874,419.608,632.146,507.475,383.658,376.93,337.394,428.322,449.472,360.283,286.962,
1981-10-01 00:00:00,2,57.2851,74.321,82.3449,70.4111,61.871,67.5244,72.3574,62.802,73.337,84.3926,91.6874,79.3045,92.7456,98.0956,106.857,141.811,190.483,195.874,185.142,149.181,149.181,169.42,159.195,134.564,118.148,109.085,106.857,112.456,134.564,123.93,120.45
1981-09-01 00:00:00,2,68.4822,66.571,74.321,73.337,74.321,80.3138,74.321,67.5244,70.4111,72.3574,75.3092,71.3821,69.4445,70.4111,69.4445,70.4111,71.3821,73.337,72.3574,73.337,69.4445,53.7004,68.4822,68.4822,65.622,67.5244,62.802,51.9367,46.7628,53.7004,
1981-08-01 00:00:00,2,66.571,64.6775,62.802,64.6775,68.4822,68.4822,72.3574,64.6775,64.6775,63.7375,75.3092,63.7375,62.802,66.571,69.4445,70.4111,61.871,70.4111,81.3273,91.6874,80.3138,75.3092,73.337,70.4111,65.622,68.4822,68.4822,68.4822,64.6775,67.5244,79.3045
1981-07-01 00:00:00,2,87.4947,78.2993,74.321,74.321,72.3574,68.4822,72.3574,77.2984,70.4111,70.4111,70.4111,69.4445,67.5244,65.622,68.4822,68.4822,69.4445,69.4445,67.5244,65.622,65.622,65.622,66.571,65.622,64.6775,64.6775,61.871,61.871,64.6775,64.6775,65.622
1981-06-01 00:00:00,2,84.3926,84.3926,81.3273,80.3138,79.3045,79.3045,87.4947,95.9438,114.722,121.606,105.748,89.583,83.3667,86.4566,89.583,91.6874,101.352,98.0956,94.8738,105.748,111.329,99.1773,98.0956,94.8738,100.263,95.9438,93.8077,92.7456,87.4947,79.3045,
1981-05-01 00:00:00,2,95.9438,97.0178,90.6332,86.4566,86.4566,88.5369,101.352,86.4566,84.3926,82.3449,78.2993,76.3017,87.4947,83.3667,78.2993,76.3017,77.2984,73.337,72.3574,77.2984,78.2993,78.2993,79.3045,76.3017,72.3574,71.3821,74.321,74.321,78.2993,80.3138,82.3449
1981-04-01 00:00:00,2,156.672,150.421,141.811,134.564,128.621,122.767,110.205,113.587,110.205,114.722,110.205,111.329,101.352,94.8738,101.352,105.748,105.748,99.1773,95.9438,91.6874,87.4947,89.583,87.4947,88.5369,89.583,90.6332,86.4566,84.3926,88.5369,90.6332,
1981-03-01 00:00:00,2,112.456,110.205,97.0178,93.8077,91.6874,93.8077,103.543,123.93,128.621,122.767,127.443,135.764,118.148,115.86,106.857,101.352,94.8738,100.263,119.297,169.42,185.142,223.553,193.173,177.224,150.421,136.966,115.86,121.606,135.764,143.031,149.181
1981-02-01 00:00:00,2,246.541,230.657,216.521,201.314,190.483,177.224,175.915,179.851,182.49,186.473,182.49,191.827,181.169,183.815,178.536,173.308,159.195,155.415,139.382,130.988,130.988,121.606,127.443,112.456,122.767,117.002,109.085,103.543,,,
1981-01-01 00:00:00,2,246.541,245.083,233.52,213.73,189.143,174.61,155.415,145.481,134.564,138.172,255.349,326.135,363.592,463.756,501.94,554.363,531.688,481.816,412.679,310.269,261.277,237.834,233.52,261.277,355.337,356.983,400.646,400.646,431.824,388.729,302.434
1980-12-01 00:00:00,2,173.308,212.338,243.627,283.899,307.127,352.052,397.229,435.335,469.15,410.953,383.658,265.752,245.083,224.968,293.119,433.578,516.744,417.872,316.584,279.326,280.848,268.75,262.766,190.483,163.005,150.421,150.421,147.944,143.031,166.844,223.553
1980-11-01 00:00:00,2,79.3045,81.3273,75.3092,57.2851,58.193,66.571,66.571,68.4822,88.5369,111.329,111.329,123.93,226.386,240.725,212.338,155.415,125.098,114.722,110.205,100.263,107.969,105.748,110.205,119.297,172.009,182.49,174.61,147.944,120.45,130.988,
1980-10-01 00:00:00,2,94.8738,98.0956,89.583,84.3926,79.3045,75.3092,70.4111,75.3092,80.3138,83.3667,84.3926,86.4566,82.3449,91.6874,94.8738,95.9438,80.3138,76.3017,87.4947,84.3926,78.2993,70.4111,74.321,74.321,69.4445,81.3273,76.3017,74.321,79.3045,69.4445,71.3821
