DataHora,NivelConsistencia,Vazao01,Vazao02,Vazao03,Vazao04,Vazao05,Vazao06,Vazao07,Vazao08,Vazao09,Vazao10,Vazao11,Vazao12,Vazao13,Vazao14,Vazao15,Vazao16,Vazao17,Vazao18,Vazao19,Vazao20,Vazao21,Vazao22,Vazao23,Vazao24,Vazao25,Vazao26,Vazao27,Vazao28,Vazao29,Vazao30,Vazao31
2019-02-01 00:00:00,2,0.8268,0.8268,0.7765,0.7765,0.7765,0.7765,1.3576,1.5821,1.7545,1.5821,1.5821,2.0487,2.1085,2.0487,2.2896,2.474,2.5359,3.2336,4.6354,4.5668,4.0916,5.826,6.7653,6.4013,5.19,3.5596,3.0405,3.0405,,,
2019-01-01 00:00:00,2,1.9892,1.93,1.93,3.2336,5.0504,2.9766,2.7234,2.5359,2.3508,2.1687,1.93,1.8127,3.2984,2.1085,1.3576,1.3025,1.3025,1.1935,1.0862,1.0333,0.929,0.929,0.9809,0.9809,0.7765,0.7765,0.7765,1.1935,0.9809,0.929,0.8777
2018-12-01 00:00:00,2,8.0895,11.0415,8.8367,8.768,8.0895,7.7563,7.6242,7.6242,7.2967,7.0378,6.7653,6.3289,5.7548,5.2601,4.773,4.362,4.0244,3.6254,3.2336,2.7863,2.5359,2.1687,1.93,1.7545,1.9892,1.8712,1.93,3.1047,2.1085,2.9766,2.6606
2018-11-01 00:00:00,2,0.3114,0.3114,0.398,0.3542,0.398,0.398,0.398,2.1085,1.9892,2.2291,1.3025,1.1396,1.1935,1.3576,2.1687,2.6606,2.7863,3.494,4.2942,4.773,4.7041,4.5668,4.5668,4.5668,5.2601,5.8974,7.0378,8.0226,8.359,8.2914,
2018-10-01 00:00:00,2,0.229,0.229,0.229,0.229,0.229,0.229,0.3114,0.2696,0.229,0.229,0.229,0.229,0.229,0.229,0.229,0.229,0.229,0.1896,0.1896,0.1517,0.1517,0.1517,0.1517,0.1517,0.8268,0.7765,1.4691,3.6254,1.1396,0.398,0.229
2018-09-01 00:00:00,2,0.1517,0.1517,0.1517,0.1517,0.1517,0.1517,0.1517,0.1155,0.1155,0.1155,0.1155,0.1155,0.1155,0.1155,0.1896,0.1896,0.1896,0.1896,0.1896,0.229,0.229,0.229,0.229,0.229,0.229,0.229,0.229,0.229,0.229,0.229,
2018-08-01 00:00:00,2,0.1517,0.1517,0.1517,0.1517,0.3114,0.229,0.3542,0.2696,0.229,0.229,0.229,0.229,0.229,0.229,0.229,0.229,0.229,0.229,0.229,0.229,0.229,0.229,0.229,0.229,0.1896,0.1896,0.1896,0.1896,0.1896,0.1517,0.1517
2018-07-01 00:00:00,2,0.2696,0.2696,0.2696,0.2696,0.2696,0.2696,0.2696,0.2696,0.2696,0.2696,0.2696,0.229,0.229,0.229,0.229,0.229,0.229,0.229,0.229,0.229,0.229,0.1896,0.1896,0.1896,0.1896,0.1896,0.1896,0.1896,0.1896,0.1896,0.1517
2018-06-01 00:00:00,2,0.4427,0.4427,0.4427,0.4427,0.4427,0.4427,0.4427,0.6293,0.4882,0.4427,0.4427,0.4427,0.4427,0.398,0.398,0.398,0.398,0.398,0.398,0.3542,0.3542,0.3542,0.3542,0.3542,0.3542,0.3114,0.3114,0.3114,0.3114,0.3114,
2018-05-01 00:00:00,2,0.8777,0.8777,0.8268,0.8268,0.7765,0.7765,0.7765,0.7765,0.7269,0.7269,0.6778,0.6293,0.5816,0.5816,0.5816,0.5816,0.5345,0.5345,0.5345,0.7765,0.6778,0.6778,0.6293,0.6293,0.5816,0.5816,0.5345,0.5345,0.4882,0.4882,0.4427
2018-04-01 00:00:00,2,2.2291,2.1085,1.9892,1.93,1.8127,1.7545,1.7545,1.6392,1.6392,1.5821,1.5254,1.4691,1.4131,1.4131,1.3576,1.6967,1.4691,1.3025,1.2477,1.1935,1.1935,1.1396,1.0862,1.0862,1.0333,1.0333,0.9809,0.929,0.929,0.929,
2018-03-01 00:00:00,2,6.6923,8.224,9.5323,10.3148,10.5313,10.3148,10.3868,10.459,10.459,8.8367,12.158,9.8148,7.8226,6.8385,6.1125,5.6127,5.826,5.4712,4.9114,4.6354,4.4984,4.2264,3.8906,3.6914,3.5596,3.2336,2.9766,2.7234,2.7234,2.5982,2.2896
2018-02-01 00:00:00,2,2.7234,2.913,3.169,1.9892,2.7234,2.474,2.0487,1.93,1.9892,2.1687,2.2291,2.2291,2.2291,2.474,2.474,2.2896,2.2291,2.1687,2.0487,2.0487,2.913,9.322,10.5313,10.3868,7.4927,5.4712,4.2942,5.4007,,,
2018-01-01 00:00:00,2,1.0862,3.4285,2.4122,2.0487,2.0487,2.0487,2.6606,2.1085,2.1085,2.2896,2.4122,3.6254,4.362,4.1589,4.1589,4.0244,3.8906,3.6914,3.494,3.4285,3.1047,2.8495,2.2896,2.2896,2.1085,1.9892,1.8127,1.5821,1.3576,1.4131,1.6392
2017-12-01 00:00:00,2,0.4882,1.2477,0.9809,0.8777,0.7765,4.8421,0.8268,0.6778,0.6293,0.6293,0.6778,0.9809,1.5254,1.0862,1.3025,1.6392,1.6392,1.6967,2.0487,2.1085,1.8712,1.8712,1.8127,1.6967,1.5821,1.4691,1.3576,1.2477,1.1935,1.1396,1.0862
2017-11-01 00:00:00,2,0.0812,0.0212,0,0,0,0,0.0212,0,0.0212,0.0212,0.0495,0.0495,0.0495,0.0495,0.0212,0,0,0,0.0212,0.0212,0.1155,0.1896,0.229,0.1896,0.0812,0.0812,0.0812,0.0812,0.0812,0.0812,
2017-10-01 00:00:00,2,0.0495,0.0495,0.2696,0.1517,0.0812,0.0495,0.0212,0.0212,0.0212,0.0212,0.0212,0.0212,0.0212,0.0212,0.0212,0,0,0.0212,0.0212,0.0212,0.0212,0.0212,0.0212,0.0495,0.0495,0.0812,0.0812,0.1517,0.1517,0.1517,0.229
2017-09-01 00:00:00,2,0.0495,0.0495,0.0495,0.0495,0.0495,0.0495,0.0495,0.0495,0.0212,0.0212,0.0212,0.0212,0.0212,0.0212,0.0212,0.0212,0.0212,0.0212,0.0212,0,0,0,0,0,0,0,0,0,0,0.0495,
2017-08-01 00:00:00,2,0.1155,0.1155,0.1155,0.1155,0.1155,0.1155,0.1155,0.1155,0.1155,0.1155,0.1155,0.1155,0.1155,0.1155,0.1155,0.1155,0.1155,0.0812,0.0812,0.0812,0.0812,0.0812,0.0495,0.0495,0.0495,0.0495,0.0495,0.0495,0.0495,0.0495,0.0495
2017-07-01 00:00:00,2,0.398,0.3542,0.3542,0.3542,0.3542,0.3542,0.3114,0.3114,0.3114,0.3114,0.3114,0.3114,0.3114,0.2696,0.2696,0.2696,0.2696,0.229,0.229,0.229,0.229,0.229,0.229,0.229,0.229,0.229,0.229,0.229,0.1896,0.1517,0.1517
2017-06-01 00:00:00,2,0.5816,0.5345,0.5345,0.4882,0.4882,0.4882,0.4882,0.4427,0.4427,0.4427,0.398,0.398,0.398,0.4427,0.4427,0.398,0.398,0.398,0.398,0.398,0.4427,0.4427,0.4427,0.4427,0.4427,0.398,0.398,0.398,0.398,0.398,
2017-05-01 00:00:00,2,0.4882,0.4882,0.4882,0.4427,0.4427,0.4427,0.4427,0.398,0.398,0.398,0.398,0.3542,0.3542,0.3114,0.3114,0.3114,0.3114,0.3114,0.3114,2.0487,1.0333,0.6293,0.5816,0.5816,0.5816,0.5816,0.6293,0.6293,0.6293,0.6293,0.5816
2017-04-01 00:00:00,2,0.6778,0.6778,0.6778,0.6293,0.5816,0.5345,0.5345,0.4882,0.4882,0.4427,0.4427,0.4882,0.4882,0.4882,0.4427,0.4427,0.398,0.398,0.398,0.3542,0.3542,0.3542,0.3542,0.3114,0.3114,0.3114,0.3114,0.3542,0.929,0.4427,
2017-03-01 00:00:00,2,0.9809,0.929,0.8777,0.8268,0.8777,0.8777,0.8777,0.8777,0.8777,0.8268,0.8268,0.8268,0.8268,0.8268,0.7765,0.7765,0.7765,1.0333,0.8268,0.8268,0.8268,0.8268,0.8268,0.8268,0.7765,0.7765,0.7765,0.7765,0.7269,0.7269,0.7269
2017-02-01 00:00:00,2,1.0862,1.4691,2.6606,2.3508,2.3508,2.1687,2.1085,2.0487,2.2291,2.2291,2.2291,2.3508,2.2291,2.1687,2.0487,1.8127,1.6392,1.5821,1.4691,1.3576,1.2477,1.1396,1.0862,0.9809,0.929,0.9809,0.929,0.929,,,
2017-01-01 00:00:00,2,2.913,2.6606,2.1085,1.9892,1.93,1.8712,1.6392,1.5821,1.3576,1.3576,1.3025,1.3025,1.4131,1.8712,3.5596,2.913,1.93,1.8712,1.8127,1.6967,1.5821,1.5254,1.4691,1.5254,1.3576,1.3025,1.2477,1.2477,1.2477,1.1396,1.0862
2016-12-01 00:00:00,2,5.3303,5.1201,4.5668,5.5419,5.4007,4.4984,4.0916,4.0916,9.7439,10.3148,10.7491,10.9682,10.459,11.4844,11.4102,9.1826,8.2914,8.8367,9.392,9.7439,9.6027,9.4621,8.5628,7.8226,6.8385,5.5419,4.773,4.1589,6.1845,4.5668,1.7545
2016-11-01 00:00:00,2,0,0,0,0,0,0,0,0.5085,0.0321,0.3891,0.0321,0,7.5584,5.0504,4.2942,1.1935,0.9809,1.5821,1.4131,1.0333,0.8777,1.0333,1.0862,4.773,5.826,5.4007,5.2601,5.19,5.1201,5.3303,
2016-10-01 00:00:00,2,0.1199,0.1694,0.1694,0.2213,0.3315,0.2755,0.1694,0.0737,0.0321,0.0321,0.0321,0.0321,0.0321,0.0737,0.0737,0.0737,0.0737,0.0737,0.0321,0.0321,0.0321,0,0,0,0,0,0,0,0,0.0321,0
2016-09-01 00:00:00,2,0.1199,0.1199,0.1199,0.0737,0.0737,0.0737,0.0737,0.0737,0.0321,0.0321,0.0321,0.0321,0.0321,0,0,0,0,0,0,0,0,0,0,0,0,0.0321,0.0737,0.0737,0.0737,0.1199,
2016-08-01 00:00:00,2,0.0737,0.0737,0.0737,0.0737,0.1199,0.1199,0.1199,0.0737,0.0737,0.0737,0.1199,0.1199,0.1694,0.1694,0.2213,0.2213,0.2213,0.2213,0.2213,0.2213,0.2213,0.2213,0.2213,0.2213,0.2213,0.1694,0.1694,0.1694,0.1694,0.1694,0.1694
2016-07-01 00:00:00,2,0.3891,0.3315,0.2755,0.2755,0.2213,0.2213,0.2213,0.1694,0.1694,0.1694,0.1694,0.1694,0.1694,0.1694,0.1694,0.1694,0.1694,0.1694,0.1199,0.1199,0.1199,0.1199,0.1199,0.1199,0.1199,0.1199,0.0737,0.0737,0.0737,0.0737,0.0737
2016-06-01 00:00:00,2,0.3891,0.3891,0.4481,0.4481,0.4481,0.4481,0.5085,0.5701,0.5701,0.5701,0.5701,0.5701,0.5701,0.5085,0.5085,0.5085,0.4481,0.4481,0.4481,0.4481,0.3891,0.3891,0.3891,0.3891,0.3315,0.3315,0.3315,0.3315,0.3315,0.2755,
2016-05-01 00:00:00,2,0.6329,0.5701,0.7615,0.7615,0.7615,0.7615,0.7615,0.7615,0.6967,0.6329,0.6329,0.6329,0.6329,0.6329,0.6329,0.5701,0.5701,0.5701,0.5085,0.5085,0.5085,0.5085,0.5085,0.5085,0.4481,0.3891,0.3891,0.3891,0.3891,0.3891,0.3891
2016-04-01 00:00:00,2,1.2387,1.2387,1.2387,1.1683,1.1683,1.1683,1.1683,1.0295,0.9613,0.9613,0.9613,0.8938,0.8938,0.8938,0.8938,0.8272,0.7615,0.6967,0.6967,0.6329,0.5701,0.5701,0.5701,0.5701,0.5701,0.5085,0.5085,0.5085,0.5085,0.7615,
2016-03-01 00:00:00,2,2.2238,2.407,2.2238,2.2238,5.3187,3.2912,2.7174,2.9066,2.3457,2.9066,2.6548,2.5304,2.2846,2.2846,2.0431,1.9241,1.8063,1.6898,1.632,1.5175,1.4608,1.4044,1.4044,1.3484,1.2928,1.9835,1.4608,1.4044,1.3484,1.2928,1.2387
2016-02-01 00:00:00,2,11.4844,9.0438,5.956,4.8316,4.1499,3.6834,3.356,3.2265,3.0979,2.9702,2.7174,2.4686,2.3457,2.3457,2.407,2.5925,2.5304,2.407,2.9066,4.9007,5.4593,4.6939,3.6834,2.7803,1.8651,5.2486,5.3889,2.0431,2.2846,,
2016-01-01 00:00:00,2,1.3484,1.2387,1.0985,1.2928,1.1683,1.1683,1.1683,1.0985,1.2928,1.4608,1.6898,1.9241,2.0431,2.2846,2.9066,3.7494,5.4593,11.4844,23.0018,23.6692,20.6852,19.8101,18.0088,11.4102,7.4927,6.243,5.0394,12.4609,17.0022,17.1688,15.2818
2015-12-01 00:00:00,2,0.6967,0.6329,0.6329,0.8938,1.1683,1.8651,1.7479,1.632,1.5175,1.3484,1.1683,1.2928,1.4044,1.9835,3.0339,3.2912,3.0979,3.4863,3.4863,3.2265,2.2846,2.1031,1.8651,1.6898,1.5175,1.4044,1.3484,1.4044,1.7479,1.7479,1.4608
2015-11-01 00:00:00,2,0.3891,0.3315,0.3315,0.2755,0.2755,0.2755,0.2755,0.2755,0.2213,0.2213,0.2213,0.2213,0.2213,0.2213,0.2213,0.2213,0.2755,0.5701,0.8272,1.1683,0.9613,0.8272,0.8272,0.8272,1.0985,0.9613,0.8938,0.8272,0.7615,0.7615,
2015-10-01 00:00:00,2,0.3891,0.3891,0.3891,0.3891,0.3315,0.3315,0.3315,0.3315,0.2755,0.2755,0.2755,0.2755,0.2755,0.2755,0.2755,0.2213,0.2213,0.2213,0.2213,0.1694,0.1694,0.1694,0.1694,0.2213,0.2213,0.2213,0.2213,0.2213,0.2213,0.2213,0.3891
2015-09-01 00:00:00,2,0.3315,0.3315,0.3315,0.2755,0.2755,0.2755,0.2755,0.2755,0.3891,0.8272,1.0985,1.0985,1.0985,1.0985,1.0985,1.0295,1.0295,0.8938,0.7615,0.6967,0.6329,0.5701,0.5701,0.5085,0.5085,0.4481,0.4481,0.4481,0.3891,0.3891,
2015-08-01 00:00:00,2,0.6329,0.6329,0.6329,0.6329,0.5701,0.5701,0.5701,0.5085,0.5085,0.5085,0.5085,0.5085,0.4481,0.4481,0.4481,0.4481,0.4481,0.4481,0.4481,0.4481,0.4481,0.4481,0.4481,0.4481,0.3891,0.3891,0.3891,0.3891,0.3891,0.3891,0.3891
2015-07-01 00:00:00,2,0.9613,0.9613,0.9613,0.8938,0.8938,0.8938,0.8938,0.8938,0.8938,0.8938,0.8938,0.8938,0.8938,0.8938,0.8938,0.8938,0.8938,0.8272,0.8272,0.8272,0.8272,0.8272,0.7615,0.7615,0.7615,0.7615,0.6967,0.6967,0.6967,0.6329,0.6329
2015-06-01 00:00:00,2,1.4044,1.4044,1.6898,1.5175,1.5175,1.4608,1.4044,1.4044,1.3484,1.3484,1.3484,1.2928,1.2928,1.2928,1.2387,1.1683,1.1683,1.0985,1.0985,1.0985,1.0985,1.0985,1.0295,1.0295,1.0295,1.0295,1.0295,1.0295,0.9613,0.9613,
2015-05-01 00:00:00,2,1.4608,1.4044,1.4044,1.4044,1.4044,1.8063,1.5175,1.5175,1.5175,1.5175,1.8063,1.632,1.632,1.632,1.632,1.5746,1.5746,1.5746,1.5175,1.5175,1.5175,1.4608,1.4044,1.4044,1.3484,1.2928,1.2928,1.2928,1.4044,1.4044,1.4044
2015-04-01 00:00:00,2,6.0275,6.4597,5.2486,4.6939,3.7494,4.3525,3.6175,3.2265,2.9702,2.7803,2.5925,2.4686,2.3457,2.2238,2.1633,2.1031,2.0431,1.9835,1.9241,1.9241,1.8651,1.8651,1.8063,1.7479,1.7479,1.6898,1.632,1.5175,1.5175,1.4608,
2015-03-01 00:00:00,2,1.632,1.632,1.632,1.632,1.5746,1.5175,1.4608,1.4608,1.4608,4.0826,3.7494,2.9702,2.8433,2.8433,3.0339,3.356,4.4205,10.9682,6.3151,5.5298,5.7422,6.0992,6.3151,6.8236,6.9701,7.1023,7.2318,7.6242,7.2318,6.6777,6.6777
2015-02-01 00:00:00,2,0.9728,0.9083,0.9083,0.9083,1.1039,5.8133,2.0431,2.4686,1.8651,2.3457,3.2265,2.5304,1.5175,1.5175,1.4608,1.4608,1.4608,2.1031,1.3484,1.3484,1.4044,1.4608,1.632,1.632,1.7479,1.7479,1.6898,1.632,,,
2015-01-01 00:00:00,2,2.491,2.3661,2.3661,2.3661,2.2441,2.1842,2.3047,2.0087,1.8678,1.7241,1.653,1.653,1.5824,1.5824,1.5124,1.5124,1.4428,1.3739,1.3055,1.1705,1.038,0.9728,0.9083,0.9083,1.2377,0.9728,1.1039,1.5824,1.038,1.038,0.9728
2014-12-01 00:00:00,2,2.3661,1.4428,1.3055,1.2377,1.1705,1.3739,1.7241,1.4428,1.4428,1.5824,1.8678,1.7241,1.8678,3.7412,2.8826,2.7493,2.2441,2.2441,2.2441,2.3661,2.3661,2.5545,2.8826,3.0188,3.0188,3.0188,2.9504,2.9504,2.8156,2.7493,2.6187
2014-11-01 00:00:00,2,1.9403,0.6583,0.4234,0.4234,0.4234,0.4234,0.3676,0.4805,0.4234,0.4234,0.4234,0.4234,0.4234,0.4805,0.6583,0.5387,0.5387,0.5387,0.5387,0.5387,0.5387,0.5387,0.6583,1.038,0.9083,0.9083,0.6583,1.2377,1.4428,1.1705,
2014-10-01 00:00:00,2,0.3676,0.3676,0.3676,0.3676,0.3676,0.3132,0.3132,0.3132,0.3132,0.2603,0.2603,0.2091,0.2091,0.2091,0.16,0.16,0.16,0.16,0.16,0.1133,0.2091,0.9728,0.4234,0.3132,0.2091,0.2603,0.3676,0.3132,0.3132,2.5545,0.7816
2014-09-01 00:00:00,2,0.4234,0.4234,0.4234,0.3676,0.3676,0.3676,0.3676,0.3676,0.3132,0.3132,0.3132,0.3132,0.3132,0.3132,0.3132,0.3132,0.2603,0.2091,0.2091,0.2091,0.2091,0.2091,0.2091,0.2091,0.2091,0.2603,0.2091,0.16,0.16,0.16,
2014-08-01 00:00:00,2,0.598,0.598,0.598,0.598,0.598,0.598,0.598,0.598,0.598,0.598,0.598,0.598,0.598,0.5387,0.5387,0.5387,0.5387,0.5387,0.5387,0.5387,0.5387,0.5387,0.5387,0.5387,0.5387,0.4805,0.4805,0.4805,0.4805,0.4805,0.4234
2014-07-01 00:00:00,2,0.5387,0.5387,0.4805,0.4805,0.4805,0.4805,0.4805,0.4234,0.4234,0.4234,0.4234,0.4234,0.4234,0.4234,0.4234,0.3676,0.3676,0.3676,0.3676,0.3676,0.3676,0.3676,0.3132,0.3132,0.8446,0.7816,0.7195,0.6583,0.6583,0.598,0.598
2014-06-01 00:00:00,2,,,,,0.6583,0.6583,0.598,0.598,0.598,0.598,0.598,0.598,0.598,0.598,0.598,0.598,0.598,0.598,0.5387,0.5387,0.5387,0.5387,0.5387,0.5387,0.5387,0.5387,0.5387,0.5387,0.5387,0.5387,
2014-05-01 00:00:00,2,,,,,,,,,,,,,,,,,,,,,,,,,,,,,,,
2014-04-01 00:00:00,2,,,,,,,,,,,,,,,,,,,,,,,,,,,,,,,
2014-03-01 00:00:00,2,,,,,,,,,,,,,,,,,,,,,,,,,,,,,,,
2014-02-01 00:00:00,2,,,,,,,,,,,,,,,,,,,,,,,,,,,,,,,
2014-01-01 00:00:00,2,,,,,,,,,,,,,,,,,,,,,,,,,,,,,,,
2013-12-01 00:00:00,2,3.0188,2.8826,3.0188,3.2283,2.491,2.2441,2.2441,2.1842,3.0188,3.8939,3.9712,3.9712,4.252,4.0493,4.0493,4.4193,,,,,,,,,,,,,,,
2013-11-01 00:00:00,2,0.9728,1.3055,1.9403,1.5824,1.5124,1.5124,1.3739,1.3739,1.3739,1.3739,1.7241,1.7241,1.653,1.4428,1.4428,1.4428,1.5824,1.5824,1.5124,1.4428,1.3739,1.4428,1.5824,1.653,1.653,1.5824,1.5824,1.8678,2.125,2.9504,
2013-10-01 00:00:00,2,0.8446,0.8446,0.7816,0.7816,0.7816,0.7816,0.7816,0.7816,0.7816,0.7816,0.7816,0.7816,0.7816,0.8446,0.9083,0.8446,0.7816,0.7816,0.7816,0.7816,0.7816,0.7816,0.7816,0.7816,0.9083,0.8446,0.8446,0.7816,0.7816,0.7816,0.7816
2013-09-01 00:00:00,2,0.8446,0.8446,0.8446,0.8446,0.8446,0.8446,0.8446,0.8446,0.8446,0.8446,0.8446,0.8446,0.8446,0.8446,0.8446,0.8446,0.8446,0.8446,0.8446,0.8446,0.8446,0.8446,0.8446,0.8446,0.8446,0.9083,0.8446,0.8446,0.8446,0.8446,
2013-08-01 00:00:00,2,1.3055,1.2377,1.2377,1.2377,1.2377,1.1705,1.2377,1.1039,1.1039,1.1039,1.1039,1.038,1.038,0.9728,0.9728,0.9083,0.9083,0.9083,0.9083,0.9083,0.8446,0.9083,0.9083,0.9083,0.8446,0.8446,0.8446,0.7816,0.8446,0.8446,0.8446
2013-07-01 00:00:00,2,2.1404,2.1404,2.0815,2.0233,2.0233,2.0233,2.0233,2.0233,1.9659,1.9659,1.9092,2.1842,1.8678,1.7957,1.7241,1.7241,1.653,1.653,1.653,1.5824,1.5824,1.5824,1.5124,1.5124,1.4428,1.4428,1.3739,1.3739,1.3055,1.3055,1.3055
2013-06-01 00:00:00,2,1.9659,2.0815,1.9659,4.4369,4.3807,4.2689,4.2133,4.1579,4.0787,4.0001,3.9221,2.9036,2.6377,2.573,2.5091,2.3833,2.3215,2.3215,2.2604,2.2,2.2,2.2,2.2,2.2,2.2,2.2,2.2,2.1404,2.1404,2.1404,
2013-05-01 00:00:00,2,2.1404,2.1404,2.1404,2.1404,2.1404,2.1404,2.0815,2.0815,2.0815,2.0815,2.0233,1.9659,1.9659,1.9092,1.9092,1.8532,1.798,1.798,1.798,1.798,1.7435,1.6897,1.6897,1.6897,1.5845,1.533,1.533,1.6368,1.6897,1.6897,1.6897
2013-04-01 00:00:00,2,2.7031,2.836,3.2517,2.9718,3.1104,4.0787,4.0787,3.8449,3.3234,3.1807,3.1807,3.0407,3.0407,3.0407,2.9718,2.9036,2.836,2.836,2.7692,2.7692,2.7031,2.7031,2.6377,2.6377,2.573,2.573,2.4458,2.4458,2.2604,2.1404,
2013-03-01 00:00:00,2,2.3833,6.7816,3.469,3.3959,3.3959,3.2517,3.1807,3.1807,3.1104,3.1104,3.1104,3.1104,3.1807,3.1104,3.0407,3.1807,3.2517,3.1104,3.0407,3.0407,3.0407,3.0407,3.0407,3.0407,3.0407,3.0407,3.0407,2.9718,2.9036,2.836,2.7031
2013-02-01 00:00:00,2,14.8802,17.4196,20.5972,15.7679,11.8572,10.822,10.6038,10.459,9.6027,7.6242,6.2154,5.4833,4.894,4.3247,3.9221,3.7683,3.6173,3.3959,3.2517,2.9718,2.836,2.7031,2.6377,2.573,2.3833,2.3833,2.2604,2.2604,,,
2013-01-01 00:00:00,2,1.4823,1.4823,1.4823,1.4324,1.4324,1.4324,1.4324,1.6368,1.8532,1.8532,1.9092,1.9092,2.1404,2.2,2.1404,2.2,2.2604,2.2604,2.2,2.5091,2.836,2.9036,2.7031,2.7031,3.7683,5.4833,6.5913,6.4026,8.359,10.459,12.6132
2012-12-01 00:00:00,2,1.1042,1.0604,1.0604,1.0604,1.0604,1.2402,1.2871,1.2402,1.3832,1.4324,1.4324,1.5845,1.6897,1.5845,1.5845,1.9092,1.9092,1.8532,1.798,1.7435,1.7435,1.6897,1.6897,1.6368,1.6368,1.5845,1.5845,1.533,1.533,1.4823,1.4823
2012-11-01 00:00:00,2,1.1487,1.1487,1.1487,1.1487,1.1941,1.1487,1.1487,1.1487,1.1042,1.1042,1.1042,1.1042,1.1042,1.0604,1.0604,1.0604,1.1042,1.1487,1.1042,1.1042,1.0604,1.0604,1.1042,1.1042,1.1042,1.1042,1.1042,1.1042,1.1042,1.1042,
2012-10-01 00:00:00,2,1.5845,1.5845,1.5845,1.533,1.4823,1.4823,1.4823,1.4324,1.4324,1.4324,1.4324,1.4324,1.4324,1.4324,1.3832,1.3832,1.3832,1.3347,1.3347,1.3347,1.3347,1.3347,1.4324,1.3832,1.3347,1.2871,1.2871,1.533,1.2402,1.1941,1.1941
2012-09-01 00:00:00,2,1.9659,1.9659,1.9092,1.9092,1.8532,1.798,1.7435,1.7435,1.7435,1.6897,1.6368,1.6368,1.5845,1.5845,1.533,1.4823,1.4324,1.4324,1.4324,1.4823,1.5845,1.5845,1.5845,1.4823,1.4823,1.4823,1.5845,1.6368,1.6897,1.6897,
2012-08-01 00:00:00,2,1.9659,1.9659,1.9092,1.9092,1.8532,1.798,1.7435,1.7435,1.7435,1.6897,1.6368,1.6368,1.5845,1.5845,1.533,1.4823,1.4324,1.4324,1.4324,1.4823,1.5845,1.5845,1.5845,1.4823,1.4823,1.4823,1.5845,1.6368,1.6897,1.6897,1.6897
2012-07-01 00:00:00,2,3.469,3.469,3.3959,3.3959,3.3234,3.2517,3.2517,3.1807,3.1104,3.0407,2.9036,2.836,2.6377,2.5091,2.3833,2.3215,2.3215,2.3215,2.4458,2.3215,2.3215,2.2604,2.2,2.2,2.1404,2.1404,2.1404,2.0815,2.0233,2.0233,1.9659
2012-06-01 00:00:00,2,4.0001,3.9221,3.9221,3.8449,3.8449,4.1579,4.1579,4.1579,4.0787,4.0001,4.0001,3.9221,3.8449,3.7683,3.7683,3.6925,3.6925,3.6173,3.6173,3.6173,3.6173,3.5428,3.5428,3.5428,3.5428,3.5428,3.5428,3.5428,3.469,3.7683,
2012-05-01 00:00:00,2,5.0103,5.0103,4.9521,4.894,4.894,4.8362,4.7785,4.7211,4.7211,4.6639,4.6068,4.6068,4.55,4.55,4.4933,4.4933,4.4369,4.3807,4.2689,4.2133,4.1579,4.1579,4.0787,4.0787,4.0787,4.0787,4.0787,4.0001,4.0001,4.0001,4.0001
2012-04-01 00:00:00,2,6.2154,6.2154,6.2154,6.2154,6.2154,6.2154,6.1534,6.1534,6.0299,5.9071,5.7244,5.6638,5.5433,5.3639,5.3045,5.2453,5.2453,5.1862,5.1274,5.1274,5.0688,5.0103,4.9521,4.894,4.8362,4.9521,5.0103,5.0103,5.1274,5.0103,
2012-03-01 00:00:00,2,12.2335,12.2335,12.2335,12.2335,12.2335,12.2335,12.0073,11.7077,11.115,10.822,10.3148,9.7439,5.3045,5.1862,5.0103,5.0103,5.3639,5.5433,5.6638,5.1862,5.1862,5.2453,5.2453,5.846,5.846,5.7851,6.1534,6.4026,6.34,6.2776,6.2776
2012-02-01 00:00:00,2,20.5972,20.1588,19.7232,19.118,18.2631,17.5874,17.0855,16.0944,15.2013,15.0405,14.4023,14.3231,14.3231,14.244,14.244,14.1651,14.0075,13.8505,13.8505,13.7722,13.7722,13.616,13.616,13.5381,13.5381,13.3826,13.2277,12.9194,12.6896,,
2012-01-01 00:00:00,2,20.9498,33.2091,33.608,33.2091,32.4184,31.6372,31.2501,31.2501,31.2501,30.8654,32.0266,30.8654,30.1032,29.7256,28.9775,28.2389,23.3343,21.839,21.482,21.3931,21.3042,21.2154,21.2154,21.1268,21.1268,21.0382,21.0382,21.0382,20.9498,20.8615,20.8615
2011-12-01 00:00:00,2,4.0001,3.6173,3.3234,3.3234,4.2133,4.6639,4.894,5.1274,6.718,6.34,5.9071,5.7851,5.7851,5.846,5.7851,5.7244,6.4026,6.2776,10.822,11.7077,11.4844,19.8971,19.8101,19.3767,19.2904,19.2042,19.6364,19.5498,19.5498,19.4632,19.3767
2011-11-01 00:00:00,2,3.7683,3.7683,3.469,2.9036,2.7031,2.6377,2.573,2.5091,2.3833,2.3215,2.2604,2.2,2.573,5.3639,5.3045,5.2453,3.3959,2.7031,4.0001,3.7683,3.6173,3.5428,3.1807,3.0407,2.9036,2.836,2.836,5.4235,5.3639,5.1862,
2011-10-01 00:00:00,2,1.6368,1.5845,1.5845,1.5845,1.6897,1.6368,1.6368,1.6368,1.6897,1.7435,1.6897,1.6368,1.6368,1.6368,1.9659,2.573,3.9221,3.1807,2.9718,4.4369,5.1862,5.6035,5.9071,5.9071,5.6638,5.6035,5.2453,5.0688,4.7785,4.4933,4.0787
2011-09-01 00:00:00,2,2.0815,2.0233,2.0233,2.0233,2.0233,1.9659,1.9659,1.9659,1.9659,1.8532,1.9092,1.9092,1.9092,1.9092,1.9092,1.9092,2.1404,1.798,1.798,1.7435,1.7435,1.6897,1.6897,1.6897,1.6368,1.6368,1.6368,1.6368,1.6368,1.6368,
2011-08-01 00:00:00,2,2.7692,2.7692,2.7692,2.7692,2.7692,2.7692,2.7692,2.7692,2.7031,2.7031,2.6377,2.6377,2.6377,2.573,2.5091,2.3833,2.3833,2.3215,2.3833,2.2604,2.2,2.2,2.2,2.2,2.2,2.2,2.2,2.1404,2.0815,2.0815,2.0815
2011-07-01 00:00:00,2,3.3959,3.3959,3.3959,3.2517,3.2517,3.3234,3.2517,3.2517,3.2517,3.2517,3.2517,3.1104,3.1104,3.1104,3.1104,3.1104,3.1104,3.1104,2.9718,2.9718,2.9718,2.9718,2.9718,2.9718,2.836,2.836,2.836,2.836,2.836,2.836,2.836
2011-06-01 00:00:00,2,4.7785,4.7211,4.6639,4.6639,4.6068,4.55,4.55,4.4933,4.4933,4.4933,4.4369,4.4369,4.3807,4.3247,4.2689,4.2133,4.2133,4.1579,4.0787,4.0787,4.0787,3.9221,3.9221,3.6173,3.3959,3.6173,3.469,3.5428,3.5428,3.469,
2011-05-01 00:00:00,2,6.718,6.6546,6.4653,6.4026,6.34,6.2776,5.9684,5.846,5.846,5.7851,5.7851,5.7244,5.7244,5.7244,5.6638,5.6035,5.4833,5.4833,5.3639,5.3045,5.1862,5.1274,5.1274,5.0688,5.0103,4.9521,4.9521,4.894,4.8362,4.8362,4.7785
2011-04-01 00:00:00,2,11.115,10.895,10.6038,13.3051,19.2904,13.7722,13.8505,13.616,13.3051,12.9963,12.385,12.0826,11.9322,11.5587,10.9682,10.0282,9.322,8.6994,8.0895,7.6242,7.3619,7.1023,6.4653,6.4653,6.5282,6.5913,6.718,6.718,6.718,6.718,
2011-03-01 00:00:00,2,3.2517,3.2517,3.2517,3.3234,4.0001,5.0688,8.9746,13.5381,14.8802,14.6407,36.4665,46.6746,44.8095,40.7511,40.312,39.0089,39.0089,39.0089,38.1519,36.4665,36.051,35.2272,34.4128,30.1032,25.3794,21.5711,20.4215,18.9461,15.7679,12.766,11.4844
2011-02-01 00:00:00,2,8.9746,8.4947,8.359,8.0226,7.6242,7.2318,6.8454,5.7851,5.3639,5.0688,4.7785,4.4933,4.0787,3.7683,3.3959,3.3234,3.3234,3.2517,3.2517,3.2517,3.2517,3.3234,3.469,3.3234,3.3234,3.2517,3.2517,3.2517,,,
2011-01-01 00:00:00,2,13.2277,12.6132,12.9963,15.2013,16.4229,17.0022,16.0944,12.4609,13.1504,13.2277,13.3051,14.3231,18.9461,18.0088,15.6054,13.4603,13.0733,12.766,12.3092,12.537,12.158,12.158,12.0826,12.0073,11.7824,11.4844,10.9682,10.6038,10.1712,9.7439,9.322
2010-12-01 00:00:00,2,12.4609,5.4235,5.1862,4.8362,5.0103,5.5433,5.3045,5.6638,5.6035,5.4235,5.1862,4.7785,4.55,4.55,9.5323,11.9322,6.0299,5.5433,5.4235,5.3639,5.1862,4.6639,4.55,4.55,4.4369,4.4933,13.2277,11.7824,8.9746,14.1651,15.4434
2010-11-01 00:00:00,2,3.9221,4.0001,3.3234,3.469,3.2517,4.0787,4.1579,3.9221,3.9221,3.7683,3.9221,4.0001,3.8449,3.8449,4.2133,4.3247,4.3247,4.2133,4.0787,4.0001,3.9221,4.7211,5.0103,5.3639,5.3045,5.6035,6.34,6.2776,5.9684,5.7244,
2010-10-01 00:00:00,2,1.2871,1.2402,1.2402,1.2402,1.2402,1.2871,1.3832,1.2871,1.5845,1.6897,1.6897,1.6368,1.6368,1.5845,1.533,1.4823,1.3832,1.3832,1.5845,1.533,1.4823,1.3832,1.2871,1.2871,1.2402,1.1941,2.0815,2.0233,3.0407,3.2517,2.9718
2010-09-01 00:00:00,2,1.3832,1.3832,1.3347,1.3347,1.3347,1.2871,1.3347,1.3347,1.3347,1.3347,1.3347,1.3347,1.3347,1.3347,1.3347,1.2871,1.2871,1.2871,1.2871,1.2871,1.2871,1.2871,1.2871,1.2871,1.2871,1.2871,1.2871,1.2871,1.3832,1.3347,
2010-08-01 00:00:00,2,1.5845,1.5845,1.5845,1.5845,1.5845,1.5845,1.5845,1.5845,1.5845,1.533,1.533,1.533,1.533,1.533,1.4823,1.4823,1.4823,1.4823,1.4823,1.4823,1.4823,1.4823,1.4823,1.4823,1.4823,1.4823,1.4324,1.4324,1.3832,1.3832,1.3832
2010-07-01 00:00:00,2,1.8532,1.8532,1.8532,1.8532,1.8532,1.798,1.798,1.798,1.798,1.798,1.798,1.798,1.798,1.798,1.798,1.798,1.798,1.798,1.798,1.7435,1.7435,1.6897,1.6897,1.6897,1.6897,1.6368,1.6368,1.6368,1.5845,1.5845,1.5845
2010-06-01 00:00:00,2,2.1404,2.1404,2.1404,2.0815,2.0815,2.0815,2.0815,2.0815,2.0815,2.0233,2.0233,2.0233,2.0233,1.9659,1.9659,1.9659,1.9659,1.9659,1.9659,1.9659,1.9092,1.9092,1.9092,1.9092,1.9092,1.9092,1.9092,1.9092,1.9092,1.8532,
2010-05-01 00:00:00,2,2.2604,2.2604,2.2604,2.2604,2.2604,2.2,2.2,2.2,2.1404,2.1404,2.1404,2.2,2.3833,2.3833,2.2604,2.2,2.2,2.2,2.1404,2.4458,2.2604,2.2604,2.2604,2.2604,2.2604,2.2604,2.2,2.2,2.2,2.1404,2.1404
2010-04-01 00:00:00,2,4.0001,4.0001,4.0001,4.0001,4.0787,4.0787,4.0001,3.8449,3.8449,3.7683,3.7683,3.6925,3.6173,3.469,3.3234,2.9718,2.7692,2.6377,2.6377,2.573,2.5091,2.4458,2.3833,2.3833,2.3215,2.3215,2.3215,2.2604,2.2604,2.2604,
2010-03-01 00:00:00,2,2.5091,4.6639,6.5282,6.4026,6.4026,6.34,8.224,7.8891,7.5584,7.2967,7.0378,6.718,6.1534,5.6638,5.6638,5.6638,5.6638,5.2453,4.8362,4.55,4.1579,4.0787,4.0001,4.0001,3.9221,3.9221,3.9221,3.9221,3.9221,3.9221,4.0001
2010-02-01 00:00:00,2,4.8362,4.6068,4.3807,3.9221,3.7683,3.7683,3.7683,3.6925,3.6173,3.6173,3.6173,3.5428,3.5428,3.3959,3.3959,3.3234,5.1274,3.1104,6.2154,6.0299,5.4833,5.0688,4.55,4.1579,3.5428,2.9718,2.3833,1.6897,,,
2010-01-01 00:00:00,2,9.6027,9.2522,8.4947,8.0226,7.6902,7.4272,6.0299,7.2318,7.4927,7.3619,7.4927,7.6242,7.6242,7.4927,7.2318,6.718,6.2776,5.7851,5.7244,5.5433,5.3639,5.6638,5.9684,5.846,5.7244,5.4235,5.2453,5.1862,5.0688,5.0688,5.0103
2009-12-01 00:00:00,2,2.4458,4.0001,4.7785,4.7211,8.5628,21.5711,20.9498,21.3042,21.7496,18.6891,18.4332,18.4332,18.4332,18.2631,17.5034,13.4603,10.0996,9.6732,9.0438,7.8891,6.9094,6.2776,5.7851,5.5433,6.4026,7.1023,7.4927,7.6242,7.6242,7.8226,8.0226
2009-11-01 00:00:00,2,6.4026,6.34,6.1534,5.5433,4.3807,4.0787,3.6925,3.0407,2.6377,2.7692,3.9221,4.6639,8.4947,8.9056,5.1274,5.846,5.7244,4.6068,4.0787,3.1104,2.5091,2.4458,2.3833,2.3833,2.3833,2.3833,2.3833,2.3833,2.3833,2.573,
2009-10-01 00:00:00,2,3.2517,2.6377,2.6377,2.573,2.573,2.5091,2.4458,2.4458,2.4458,2.4458,2.3833,2.3833,2.5091,2.6377,2.5091,2.5091,2.836,3.6173,3.9221,4.9521,6.0299,6.0299,6.0299,6.0299,6.0299,5.9684,6.4653,6.34,6.34,6.2776,6.4026
2009-09-01 00:00:00,2,3.2517,3.6173,3.2517,2.9718,3.1104,3.5428,3.469,3.5428,3.3959,3.3234,3.2517,3.1104,2.836,2.836,2.836,2.7692,2.7031,2.6377,2.6377,2.573,2.7692,2.7031,2.7692,3.1807,3.1807,3.1807,3.1104,3.1104,3.1104,3.2517,
2009-08-01 00:00:00,2,3.6173,3.6173,3.6173,3.6173,3.5428,3.5428,3.5428,3.469,3.3959,3.2517,3.2517,3.1807,2.9718,2.9718,2.9718,3.1807,3.1807,3.1807,3.1104,3.1104,3.1104,3.1104,3.1104,3.3959,3.9221,3.9221,3.9221,3.3959,2.6377,2.7692,2.836
2009-07-01 00:00:00,2,4.9521,4.9521,4.9521,4.894,4.894,4.7785,4.7211,4.7211,4.6639,4.6639,4.6639,4.6639,4.55,4.4933,4.4933,4.4369,4.4369,4.4369,4.4369,4.3807,4.2689,4.2133,4.2133,4.1579,4.0787,4.0001,3.9221,3.8449,3.8449,3.7683,3.6925
2009-06-01 00:00:00,2,5.9071,5.846,5.7244,5.7244,5.7244,5.6638,5.5433,5.6638,5.7244,5.6638,5.5433,5.4235,5.4235,5.4235,5.4235,5.4235,5.4235,5.4235,5.4235,5.3639,5.2453,5.2453,5.1862,5.1862,5.0688,5.0103,4.9521,4.894,4.894,4.894,
2009-05-01 00:00:00,2,7.7563,7.6902,7.6242,7.8226,7.6902,7.6242,7.5584,7.4927,7.4272,7.3619,7.3619,7.2967,7.2318,7.2318,7.2318,7.1023,7.0378,6.9735,6.9735,6.9094,6.9094,6.718,6.4026,6.2776,6.1534,6.1534,6.1534,6.9735,6.718,6.5282,6.4026
2009-04-01 00:00:00,2,10.2429,10.1712,10.3148,18.6037,15.8494,13.8505,15.0405,15.0405,13.929,12.6896,12.385,11.7077,10.3868,10.5313,10.1712,10.3148,10.3868,10.0996,9.7439,9.6732,9.6027,9.9569,10.2429,10.0996,10.0996,9.9569,13.3826,9.2522,8.768,8.5628,
2009-03-01 00:00:00,2,14.4816,14.0075,13.3051,12.6896,11.8572,11.0415,10.7491,10.6038,10.5313,10.5313,10.6764,10.459,10.3868,10.1712,10.0996,10.3148,9.8148,10.3868,10.3148,10.1712,10.0996,10.0282,9.9569,9.8858,9.8148,9.8148,9.7439,9.6732,9.8858,10.459,10.3868
2009-02-01 00:00:00,2,31.2501,31.2501,32.8125,28.2389,20.8615,19.5498,19.3767,18.6037,17.4196,16.9191,16.3406,16.0126,15.9309,19.118,21.839,21.5711,19.118,19.118,19.8101,19.9842,19.4632,18.1782,16.8361,13.929,14.4023,14.1651,14.0862,13.7722,,,
2009-01-01 00:00:00,2,117.917,112.02,72.5873,41.6364,48.0983,38.1519,31.6372,26.4339,21.5711,19.3767,17.3359,16.2584,15.2818,13.0733,12.766,12.537,12.158,12.0826,12.4609,15.4434,33.2091,64.6059,39.0089,61.8673,51.9986,45.7373,42.9821,46.6746,41.1926,36.051,31.2501
2008-12-01 00:00:00,2,5.6638,5.4833,5.3045,4.0787,4.0001,3.7683,3.6925,3.5428,3.5428,3.5428,3.5428,3.3959,3.3234,3.0407,4.6639,6.34,7.5584,38.1519,37.3045,39.0089,38.1519,32.4184,38.1519,37.727,35.2272,32.0266,32.4184,52.4968,52.4968,52.9973,84.7904
2008-11-01 00:00:00,2,2.9718,2.9718,2.836,2.573,2.5091,2.4458,2.3833,2.3215,2.2604,2.7031,4.0787,4.4933,5.0688,5.6638,5.6638,5.4235,5.6035,12.6896,10.3148,9.8148,6.5282,6.4026,5.9684,5.7244,5.6638,5.9071,6.34,6.1534,5.9684,5.846,
2008-10-01 00:00:00,2,4.2689,4.1579,4.0787,4.0001,3.9221,3.9221,3.8449,3.7683,3.6925,3.6925,3.6173,3.6173,3.6173,3.469,3.3234,3.1807,3.1104,3.0407,2.9718,2.7692,2.4458,2.4458,2.3833,2.3833,2.3833,2.3215,2.3215,2.2604,2.2604,2.2,2.2
2008-09-01 00:00:00,2,2.836,2.4458,2.3833,2.3833,2.3833,2.3833,2.3833,2.3833,2.3833,2.3215,2.3215,2.3215,2.3215,2.2604,2.2,2.2,2.1404,2.5091,3.3959,3.2517,3.0407,3.7683,3.9221,4.2133,4.0787,5.6638,5.7244,5.9684,5.1862,4.6639,
2008-08-01 00:00:00,2,3.3234,3.3234,3.3234,3.3234,3.3234,3.3959,3.3234,3.3234,3.3234,3.2517,3.2517,3.1807,3.1807,3.1104,3.1104,3.1104,3.0407,3.0407,3.0407,2.9718,2.9036,2.9036,2.836,2.7692,2.7692,2.7031,2.6377,2.573,2.5091,2.573,2.573
2008-07-01 00:00:00,2,4.3247,4.3247,4.2689,4.2133,4.2133,4.1579,4.1579,4.0787,4.0787,4.0001,4.0001,3.9221,3.9221,3.9221,3.9221,3.8449,3.8449,3.7683,3.7683,3.6925,3.6925,3.6173,3.6173,3.5428,3.5428,3.469,3.469,3.469,3.469,3.3959,3.3959
2008-06-01 00:00:00,2,5.2453,5.1862,5.1862,5.0103,5.0103,4.9521,4.894,4.894,4.894,4.8362,4.7785,4.7785,4.7211,4.7211,4.7211,4.7211,4.6639,4.6068,4.6068,4.55,4.55,4.4933,4.4369,4.4369,4.4369,4.4369,4.4369,4.4369,4.3807,4.3807,
2008-05-01 00:00:00,2,7.4927,7.2318,7.2318,7.1669,6.7816,6.8454,7.0378,6.8454,6.4026,6.2776,6.1534,6.0916,6.0299,6.0299,6.5913,7.2318,7.1669,5.846,5.846,5.846,5.7851,5.7244,5.6638,5.6035,5.5433,5.4235,5.3639,5.3639,5.3045,5.3045,5.2453
2008-04-01 00:00:00,2,14.4023,14.4816,13.7722,13.0733,12.9194,14.7204,38.5792,17.2523,19.032,18.2631,18.0088,17.7556,16.9191,15.8494,14.1651,12.9194,12.537,11.7824,11.0415,10.5313,10.0282,9.6732,9.2522,9.0438,8.9056,8.6994,8.5628,8.1567,7.8226,7.6242,
2008-03-01 00:00:00,2,13.1504,17.1688,14.6407,15.3626,13.929,12.6896,12.158,15.5243,19.8101,12.6896,11.9322,11.7077,12.9194,14.4816,18.6891,20.5093,21.1268,19.9842,20.1588,21.5711,24.0065,22.6716,20.5093,19.2904,17.5874,17.0855,15.3626,14.0862,12.9963,12.6896,14.3231
2008-02-01 00:00:00,2,31.2501,28.607,25.7285,39.8753,36.051,35.6379,34.8188,30.8654,29.3504,20.3338,19.032,18.6037,18.0935,16.9191,15.4434,12.6132,11.3362,10.5313,9.4621,8.6994,8.0895,7.7563,7.6242,7.5584,10.0996,10.6038,8.9746,8.9056,9.8148,,
2008-01-01 00:00:00,2,3.1104,2.9718,2.9036,2.9036,2.9036,2.9036,2.836,7.6242,5.0103,4.6068,3.469,3.0407,3.7683,3.469,3.3234,3.2517,3.1104,3.3959,5.6035,10.6764,12.537,7.2967,7.2967,7.2318,7.6902,8.0226,8.4947,10.3148,16.3406,24.6882,35.2272
2007-12-01 00:00:00,2,2.7692,2.7031,2.5091,2.7031,2.3215,2.3215,2.3215,2.2,5.0103,4.3807,5.7851,5.3045,4.7785,5.1862,4.7785,4.55,4.55,4.4369,3.8449,3.3234,7.3619,6.4653,8.768,10.6764,8.5628,7.6902,7.1669,5.9684,5.1274,3.8449,3.5428
2007-11-01 00:00:00,2,2.0815,2.0233,2.1404,2.573,2.5091,2.6377,2.7692,2.7692,2.7692,2.7692,2.7692,2.7031,3.469,3.3234,3.1807,2.7692,2.6377,2.5091,2.3833,2.3833,2.6377,2.5091,2.3833,2.3833,2.3833,3.3959,2.6377,2.9718,3.2517,3.5428,
2007-10-01 00:00:00,2,2.4458,2.4458,2.4458,2.3833,2.3215,2.3215,2.2604,2.2604,2.2,2.1404,2.1404,2.1404,2.1404,2.1404,2.0815,2.0233,1.9659,1.9659,1.9659,2.0233,2.0233,2.0233,2.1404,2.1404,2.2,2.2604,2.3833,2.3215,2.2604,2.2,2.1404
2007-09-01 00:00:00,2,3.0407,3.0407,3.0407,3.0407,3.0407,3.0407,3.0407,2.9718,2.9036,2.9036,2.9036,2.836,2.7692,2.7692,2.7031,2.6377,2.573,2.573,2.5091,2.5091,2.5091,2.5091,2.4458,2.3833,2.3833,2.3833,2.3833,2.3833,2.3833,2.3833,
2007-08-01 00:00:00,2,5.2453,4.7785,4.4933,4.4933,4.4369,4.4369,4.3807,4.3247,4.2133,4.1579,4.0787,4.0001,3.9221,3.9221,3.8449,3.7683,3.6925,3.6173,3.5428,3.469,3.469,3.469,3.469,3.3959,3.3234,3.3234,3.3234,3.3234,3.2517,3.1807,3.1104
2007-07-01 00:00:00,2,5.0688,5.0688,5.0103,5.0103,4.9521,4.894,4.894,4.894,4.8362,4.7785,4.7785,4.7785,4.7211,4.6639,4.6639,4.6068,4.6068,4.55,4.55,4.55,4.4933,4.4369,4.3807,4.3247,4.3247,4.2689,4.2689,4.2689,4.55,5.1862,5.4833
2007-06-01 00:00:00,2,6.6546,6.4653,6.4026,6.4026,6.5282,6.4026,6.2776,6.2154,6.0916,6.0916,5.9684,5.846,5.846,5.846,5.7244,5.6638,5.6035,5.5433,5.4833,5.4833,5.4235,5.3045,5.3045,5.2453,5.2453,5.2453,5.2453,5.1862,5.1274,5.1274,
2007-05-01 00:00:00,2,8.2914,8.1567,8.0226,7.8226,7.6902,7.8226,7.2967,7.2318,7.1669,7.1023,7.0378,6.9094,6.8454,6.7816,6.718,6.6546,6.5913,6.5913,6.4653,6.4026,6.34,6.34,6.34,6.4026,6.5282,6.5913,6.4653,6.7816,6.9735,6.9735,6.7816
2007-04-01 00:00:00,2,10.459,10.3148,10.0282,9.8148,9.6027,9.392,9.2522,9.322,9.7439,9.392,9.6732,9.6732,9.5323,9.4621,9.2522,8.8367,9.1131,9.1826,8.9056,8.768,8.768,8.768,8.6994,8.6994,8.768,8.6994,8.5628,8.4268,8.4268,8.4268,
2007-03-01 00:00:00,2,19.3767,18.6037,18.0935,17.5034,16.9191,16.2584,14.8002,14.4816,14.0862,13.7722,13.3051,12.9963,12.6896,12.537,12.2335,12.0073,11.9322,11.8572,11.7824,18.0088,16.9191,14.0075,13.3051,13.2277,13.1504,12.766,12.4609,12.0826,11.5587,11.115,10.822
2007-02-01 00:00:00,2,59.7189,63.5034,91.9034,73.7652,68.5388,68.5388,74.9526,73.1751,62.4103,57.0865,52.4968,49.5432,45.7373,42.9821,46.6746,42.9821,41.6364,38.1519,37.727,38.5792,36.8843,35.6379,32.8125,29.7256,27.5098,25.3794,21.6603,21.482,,,
2007-01-01 00:00:00,2,18.4332,18.4332,19.2904,19.7232,19.7232,20.1588,20.1588,20.1588,20.5972,20.5972,21.9285,22.6716,28.607,32.4184,36.4665,28.607,38.1519,39.0089,39.4409,45.7373,46.6746,44.8095,41.6364,38.5792,32.8125,31.2501,27.5098,25.3794,23.6692,59.7189,52.9973
2006-12-01 00:00:00,2,14.1651,8.631,8.5628,9.322,9.392,8.4268,8.0226,14.9603,18.6037,19.2904,19.2904,18.4332,20.1588,20.1588,19.2904,19.2904,25.0326,25.0326,21.0382,21.0382,25.0326,25.0326,23.3343,20.1588,20.1588,19.2904,19.2904,18.4332,18.8604,18.8604,18.4332
2006-11-01 00:00:00,2,2.5091,2.5091,3.6173,4.2689,5.846,11.4844,7.5584,4.7785,4.6068,5.6638,5.846,5.7244,5.846,7.7563,6.34,5.846,5.7244,5.7244,4.7785,7.8891,6.0916,4.7785,4.7785,3.5428,2.6377,3.6173,3.6173,4.0787,4.3807,5.1862,
2006-10-01 00:00:00,2,2.6377,2.6377,2.573,2.573,2.573,2.6377,2.6377,2.9036,2.9036,2.836,2.9718,3.3234,3.3234,3.3234,4.0787,4.0787,4.0787,4.8362,4.9521,4.8362,4.8362,4.7785,4.7211,4.0787,3.6925,3.469,3.1807,2.9718,2.836,2.7692,2.5091
2006-09-01 00:00:00,2,2.1404,2.1404,2.4458,2.5091,2.3833,2.2604,2.2604,2.2604,2.2,2.1404,2.0233,2.0233,1.9659,1.9659,1.9092,1.9092,1.8532,1.8532,1.798,2.6377,2.6377,2.573,3.6173,5.1274,5.0103,4.6639,4.0787,2.6377,2.836,2.9718,
2006-08-01 00:00:00,2,2.4458,2.836,2.6377,2.573,2.5091,2.4458,2.4458,2.4458,2.4458,2.4458,2.3833,2.3215,2.3215,2.3215,2.2604,2.2604,2.2,2.2,2.1404,2.1404,2.1404,2.0233,2.0233,2.0233,2.0233,2.0233,2.0233,2.0233,2.1404,2.1404,2.1404
2006-07-01 00:00:00,2,3.2517,3.1807,3.1104,3.0407,3.0407,3.0407,3.0407,2.9718,2.9718,2.9718,2.9718,2.9036,2.9036,2.9036,2.9036,2.9036,2.9036,2.836,2.836,2.836,2.7692,2.7692,2.6377,2.573,2.5091,2.573,2.5091,2.573,2.5091,2.4458,2.4458
2006-06-01 00:00:00,2,3.6173,3.5428,3.5428,3.5428,3.469,3.469,3.469,3.469,3.3959,3.3959,3.3959,3.3959,3.3234,3.3234,3.2517,3.2517,3.2517,3.2517,3.2517,3.1807,3.1807,3.1807,3.1807,3.1104,3.1104,3.1104,3.1807,3.1104,3.1807,3.469,
2006-05-01 00:00:00,2,4.55,4.4369,4.3807,4.3247,4.2133,4.1579,4.1579,4.1579,4.1579,4.2133,5.7851,4.3247,4.2133,4.1579,4.0001,4.0001,4.0001,3.9221,3.9221,3.8449,3.8449,3.8449,4.0001,4.6068,4.0001,3.9221,3.8449,3.7683,3.6925,3.6173,3.6173
2006-04-01 00:00:00,2,7.1669,6.5913,6.4026,6.1534,5.9684,5.846,7.5584,6.5282,6.0916,5.9071,5.7244,6.2154,6.7816,5.4833,5.3639,5.4235,6.5913,5.7244,5.3045,5.2453,5.0688,4.9521,4.8362,4.7785,4.7211,4.7211,4.6639,4.6068,4.55,4.55,
2006-03-01 00:00:00,2,7.1023,8.2914,9.0438,9.1131,10.0282,10.6038,11.9322,10.2429,9.8148,9.2522,10.2429,10.2429,10.5313,9.9569,10.459,12.6896,11.0415,10.3868,11.7824,10.822,10.459,10.3868,8.9056,8.224,9.9569,8.5628,10.7491,10.3868,8.4268,7.5584,7.6902
2006-02-01 00:00:00,2,6.9094,8.0226,7.9558,7.7563,7.6242,6.9735,5.846,5.1862,4.8362,4.3807,4.0787,19.2042,17.2523,8.4268,7.8226,8.0226,8.1567,7.8891,7.7563,7.3619,6.5913,5.6035,5.846,6.0916,6.0916,6.34,6.4653,7.1669,,,
2006-01-01 00:00:00,2,5.7244,5.3045,5.3045,5.1862,5.846,6.4653,6.718,8.5628,7.9558,7.6902,7.4272,6.718,5.7851,5.2453,4.894,4.6639,4.4933,4.2689,4.1579,4.0001,3.8449,3.6173,3.3959,3.3959,3.2517,3.1807,3.0407,3.0407,3.1807,7.1669,6.8454
2005-12-01 00:00:00,2,6.4026,6.2776,8.359,7.4272,7.2318,6.7816,8.8367,12.2335,8.9056,11.1886,12.0073,13.616,13.3051,14.1651,14.9603,14.5611,14.5611,14.6407,14.4816,13.8505,12.8426,10.459,9.9569,8.9746,7.8226,6.9094,6.2776,5.9071,5.9071,5.6035,6.0299
2005-11-01 00:00:00,2,3.3959,5.9684,4.7211,4.55,4.3807,4.1579,3.8449,3.5428,3.1807,3.1807,8.0895,6.4653,5.4833,4.7785,4.3247,3.9221,4.8362,5.1862,4.9521,6.8454,7.2967,7.1669,7.2967,6.9094,7.1669,8.4268,8.2914,7.6242,7.2318,6.7816,
2005-10-01 00:00:00,2,3.3234,3.1807,3.1807,3.0407,3.0407,4.0787,2.6377,2.5091,2.5091,2.6377,2.6377,2.5091,2.3833,2.3833,2.2604,2.2604,2.1404,2.1404,2.0233,3.7683,2.836,2.9036,2.7031,2.5091,2.5091,2.5091,2.5091,2.4458,2.3833,2.3833,3.7683
2005-09-01 00:00:00,2,3.1104,3.0407,3.0407,3.0407,3.0407,3.0407,2.9718,2.9718,2.9036,2.9036,2.7692,2.7692,2.6377,2.6377,2.5091,2.5091,2.3833,3.9221,3.9221,4.3807,4.6639,3.7683,3.6173,3.5428,3.3234,4.0787,3.9221,3.9221,3.7683,3.469,
2005-08-01 00:00:00,2,4.1579,4.0787,4.0001,3.9221,3.9221,3.8449,3.7683,3.7683,3.6925,3.6925,3.6173,3.6173,3.6173,3.6173,3.5428,3.6173,3.6173,3.5428,3.469,3.469,3.3234,3.1807,3.1807,3.1807,3.1807,3.1807,3.1104,3.1104,3.1104,3.1104,3.1104
2005-07-01 00:00:00,2,5.3045,5.2453,5.1862,5.1274,5.0688,5.0103,4.9521,4.894,4.894,4.894,4.8362,4.8362,4.7785,4.7211,4.7211,4.6639,4.6639,4.6639,4.6639,4.55,4.55,4.4933,4.4369,4.4369,4.4369,4.3807,4.3247,4.3247,4.3247,4.2689,4.2133
2005-06-01 00:00:00,2,7.3619,7.1023,6.9735,6.8454,6.5913,6.4653,6.34,6.2154,6.1534,6.0299,6.0299,6.0299,6.0299,5.9684,5.846,5.7244,5.7244,5.6638,5.6638,5.846,5.846,5.846,5.7851,5.7244,5.7244,5.6035,5.4833,5.4235,5.3639,5.3045,
2005-05-01 00:00:00,2,10.3868,9.6732,9.6732,9.392,9.0438,8.631,8.224,8.0895,7.8891,7.5584,7.4272,7.3619,7.2318,7.0378,6.9735,6.8454,6.7816,6.718,6.6546,6.5913,6.5282,6.4653,6.4653,6.718,7.0378,8.224,8.4268,8.5628,8.359,8.0895,7.6902
2005-04-01 00:00:00,2,17.5034,15.5243,14.244,13.616,12.6132,11.7824,11.1886,10.7491,10.3868,10.0282,9.7439,9.392,9.1826,9.0438,8.768,8.631,8.4268,8.2914,8.1567,8.0895,7.9558,7.9558,7.8891,7.7563,7.6902,7.4927,7.8226,8.0895,8.5628,11.6331,
2005-03-01 00:00:00,2,7.2967,8.224,16.5878,24.0065,36.4665,37.727,38.1519,60.7884,50.0295,39.4409,35.2272,35.2272,28.9775,25.3794,21.3931,33.2091,28.607,21.6603,21.1268,21.5711,21.7496,21.839,21.1268,20.2463,19.7232,19.5498,19.5498,19.3767,19.2904,19.2042,18.6891
2005-02-01 00:00:00,2,28.607,45.7373,38.1519,36.051,28.2389,23.6692,20.9498,19.3767,18.0088,15.7679,13.4603,12.158,11.2623,9.7439,9.7439,9.1826,8.4947,8.9746,7.8891,7.8226,8.224,7.7563,7.4272,7.2967,7.1023,7.0378,6.9094,7.2318,,,
2005-01-01 00:00:00,2,11.3362,11.2623,11.115,10.6038,16.3406,16.2584,16.0126,15.6054,17.2523,19.2904,21.0382,23.3343,23.3343,20.3338,11.0415,11.0415,11.0415,10.822,10.0996,8.768,8.4268,8.631,8.9746,8.9746,8.9746,8.9056,16.6704,18.2631,16.5878,17.7556,21.482
2004-12-01 00:00:00,2,2.573,2.7031,2.6377,2.2604,1.9659,2.0233,2.1404,2.5091,2.9718,5.0688,5.1274,8.4947,7.2318,2.836,5.0688,5.4833,5.9684,4.8362,4.4933,4.4369,5.7244,10.5313,13.929,14.0862,18.0935,17.7556,10.459,10.459,10.459,10.3868,11.3362
2004-11-01 00:00:00,2,2.2,2.2,2.1404,1.9092,1.798,1.8532,1.8532,1.8532,1.8532,1.798,1.6897,1.5845,1.5845,1.533,1.4823,1.4823,1.533,2.573,2.4458,2.3215,2.2604,2.2,2.1404,2.0233,1.9659,1.8532,1.798,1.7435,1.6897,3.6925,
2004-10-01 00:00:00,2,1.7435,1.6897,1.6897,1.6897,1.7435,1.798,1.798,1.798,1.6897,1.6897,1.7435,1.798,1.9092,1.9092,1.9659,1.9092,1.9092,1.8532,1.9092,1.9092,1.9092,1.798,1.798,1.8532,1.8532,2.4458,2.2,2.0815,3.1807,2.3833,2.2604
2004-09-01 00:00:00,2,2.4458,2.3833,2.3833,2.3833,2.3833,2.3833,2.2604,2.2604,2.2604,2.1404,2.1404,2.0815,2.0233,1.9659,1.9659,1.9092,2.0233,2.0815,2.0233,2.0233,1.9659,1.9659,1.9659,1.9659,1.9092,1.8532,1.798,1.798,1.798,1.7435,
2004-08-01 00:00:00,2,3.6173,3.6173,3.6173,3.5428,3.5428,3.469,3.3959,3.3959,3.2517,3.1807,3.1807,3.1104,3.0407,3.0407,3.0407,3.0407,3.0407,3.0407,2.9718,2.9036,2.9036,2.836,2.836,2.7692,2.6377,2.6377,2.573,2.573,2.573,2.573,2.573
2004-07-01 00:00:00,2,3.5428,3.5428,3.5428,3.469,3.469,3.469,3.3959,3.3234,3.3234,5.9071,5.6035,5.4235,5.5433,5.0103,4.6639,4.2689,4.0001,3.9221,3.8449,4.0001,4.55,4.8362,4.894,4.7785,4.3807,4.1579,4.0787,4.0001,3.7683,3.6925,3.6925
2004-06-01 00:00:00,2,4.7211,4.7211,4.6068,4.6639,4.7211,4.6639,4.55,4.4933,4.4369,4.4369,4.4369,4.3807,4.3807,4.3247,4.2689,4.2689,4.2133,4.1579,4.0787,4.0001,4.0001,3.9221,4.0001,4.0001,3.9221,3.8449,3.8449,3.7683,3.6925,3.6173,
2004-05-01 00:00:00,2,6.0916,5.9684,5.846,5.7244,5.7244,5.6035,5.4833,5.4833,5.3639,5.3045,5.2453,5.2453,5.1862,5.1862,5.1274,5.0688,5.0688,5.0103,4.9521,4.9521,5.3639,5.3639,5.2453,5.0688,4.9521,4.894,4.894,4.894,4.7785,4.7785,4.7785
2004-04-01 00:00:00,2,9.7439,8.9746,8.5628,8.0226,9.0438,8.9056,8.6994,10.1712,9.2522,13.3826,9.392,10.6038,9.6027,9.1131,10.6764,8.5628,8.0895,7.8891,7.6242,7.1669,6.8454,6.718,6.5282,6.2776,6.0916,6.2776,7.6902,6.718,6.5282,6.2776,
2004-03-01 00:00:00,2,18.0088,16.2584,19.5498,49.0592,27.1488,28.2389,24.3462,21.5711,18.6891,17.8399,17.3359,16.6704,18.6037,17.4196,17.5874,20.7733,22.3438,19.6364,19.3767,19.4632,19.4632,19.2042,18.7747,18.0935,16.8361,16.2584,14.7204,13.616,11.7824,10.895,10.3148
2004-02-01 00:00:00,2,4.6198,4.7652,4.9113,4.8381,4.6924,4.6198,5.4285,5.6529,6.4116,6.7196,15.0405,19.4632,13.1504,10.5313,12.2335,12.0073,10.3148,10.0282,9.8858,16.2584,16.1764,16.5878,16.9191,16.9191,16.5053,15.9309,16.3406,17.9243,19.032,,
2004-01-01 00:00:00,2,4.4033,4.7652,5.2798,6.797,7.579,8.4555,7.2644,7.8164,8.8593,9.6763,9.9238,8.1349,6.797,6.6424,10.84,8.6974,5.728,5.2058,4.6924,4.4033,4.3315,4.2599,4.6924,7.2644,7.579,7.8164,7.8958,7.5001,6.7196,5.728,4.9846
2003-12-01 00:00:00,2,4.9113,5.6529,7.2644,6.5653,8.7783,7.108,6.8745,6.6424,6.5653,6.9522,5.6529,4.7652,4.2599,3.556,4.6198,4.9113,4.1174,3.4868,3.1445,2.9422,2.8086,2.6761,2.9422,2.9422,2.9422,2.9422,6.9522,5.5779,4.3315,4.1886,3.4179
2003-11-01 00:00:00,2,2.4795,2.5447,2.5447,2.4795,2.4145,2.3498,2.2855,2.2214,2.3498,2.6103,2.6761,2.5447,2.4145,2.2214,2.1577,2.2855,2.2855,2.2855,2.3498,2.6103,2.6761,2.9422,2.9422,2.9422,2.8753,2.7422,2.6761,3.0768,3.556,3.9052,
2003-10-01 00:00:00,2,2.9422,2.8086,2.7422,2.6761,2.6103,2.5447,2.4145,2.6103,2.6103,2.6103,2.6103,2.6103,2.6761,2.6103,2.6103,2.5447,2.4795,2.3498,2.2855,2.2214,2.1577,2.1577,2.0943,2.4795,2.6761,2.7422,2.5447,2.4145,2.3498,2.2855,2.2214
2003-09-01 00:00:00,2,4.2599,3.9757,3.695,5.2058,4.6198,4.1174,3.556,3.2807,3.2807,3.1445,2.9422,2.9422,2.9422,3.0094,3.0768,3.0768,3.0094,3.0094,3.0768,2.9422,2.8753,2.7422,2.6761,2.6761,2.6103,2.5447,2.5447,2.6103,2.6103,2.6103,
2003-08-01 00:00:00,2,3.9052,3.8349,3.7648,3.7648,3.695,3.695,3.6254,3.6254,3.6254,3.556,3.556,3.556,3.4868,3.4868,3.4868,3.4868,3.4868,3.4179,3.4179,3.4179,3.4179,3.3492,3.2807,3.2807,3.2125,3.2807,3.3492,3.4179,3.556,4.7652,4.5475
2003-07-01 00:00:00,2,4.5475,4.5475,4.5475,4.5475,4.4753,4.4753,4.4033,4.4033,4.4033,4.3315,4.2599,4.2599,5.2798,5.0582,4.8381,4.6924,4.6198,4.6198,4.5475,4.4033,4.4033,4.3315,4.3315,4.2599,4.2599,4.1174,4.1174,4.1174,4.1174,4.0465,3.9757
2003-06-01 00:00:00,2,5.728,5.6529,5.6529,5.6529,5.5779,5.5779,5.4285,5.4285,5.3541,5.2798,5.2058,5.2058,5.2058,5.1319,5.0582,5.0582,5.0582,5.0582,4.9846,4.9846,4.9113,4.8381,4.7652,4.7652,4.7652,4.7652,4.6924,4.6924,4.6198,4.5475,
2003-05-01 00:00:00,2,7.03,6.8745,6.797,6.8745,7.108,8.6974,10.5375,9.9238,9.4299,8.6167,8.2149,7.7371,7.5001,7.3429,7.2644,6.9522,6.7196,6.6424,6.5653,6.5653,6.4884,6.4116,6.335,6.2586,6.1061,6.0302,5.8788,5.8788,5.9544,5.9544,5.8033
2003-04-01 00:00:00,2,14.0533,13.3311,12.3825,11.4511,10.6885,9.6763,14.2961,11.4511,10.1623,10.0066,9.8412,9.8412,9.7587,12.8547,11.2975,10.6129,10.2371,9.7587,9.2663,8.6167,8.536,8.4555,8.2149,7.9754,7.8164,7.7371,7.579,7.3429,7.2644,7.1862,
2003-03-01 00:00:00,2,5.6529,6.2586,8.1349,7.3429,6.5653,6.6424,6.4116,6.8745,7.2644,7.7371,7.8958,7.5001,10.9159,5.9544,13.7312,17.7103,16.441,18.9151,18.6553,18.7418,19.7872,21.4696,21.0237,20.2267,19.6995,18.6553,18.3103,17.1999,16.023,14.7847,14.4585
2003-02-01 00:00:00,2,30.8654,24.7234,24.5314,23.6716,22.5489,21.0237,19.612,18.9151,17.4546,14.2151,13.013,11.9923,10.992,10.4622,10.312,9.6763,9.8412,16.2735,39.8753,35.2272,19.4372,15.1125,14.7847,14.3773,13.3311,11.6051,9.7587,7.579,,,
2003-01-01 00:00:00,2,10.6885,19.2628,19.0019,23.2919,22.4585,21.2018,25.3794,26.7902,26.0801,24.9158,24.6273,23.8621,22.7301,22.0977,20.4032,18.2243,19.2628,20.2267,22.8208,37.727,30.8654,44.8095,46.2048,43.8911,43.8911,41.6364,42.0826,37.3045,33.2091,35.2272,38.5792
2002-12-01 00:00:00,2,3.3492,2.6103,2.4145,2.3498,2.2855,2.2855,3.695,2.7422,2.2855,4.9846,5.2798,6.9522,7.579,8.7783,12.226,12.3042,10.84,10.2371,10.387,10.312,10.0066,8.6167,7.03,6.4884,5.6529,5.2058,6.5653,6.5653,5.8788,4.9846,6.335
2002-11-01 00:00:00,2,5.1319,4.3315,4.0465,3.6254,4.0465,4.4753,5.3541,5.4285,4.8381,4.2599,3.6254,4.1174,3.9052,2.8753,2.6761,2.5447,2.4795,2.2855,2.2855,2.2214,2.2214,2.2214,4.1886,5.0582,6.8745,6.797,5.5779,5.2058,3.9052,4.0465,
2002-10-01 00:00:00,2,3.0768,2.9422,2.8086,2.6103,2.5447,2.5447,2.4795,2.4145,2.2855,2.2855,2.2214,2.1577,2.0943,2.0312,1.9685,1.9061,1.844,1.7823,1.7823,1.7823,1.7823,1.7823,1.7823,1.7823,1.721,1.721,1.721,1.7823,2.0312,3.3492,4.8381
2002-09-01 00:00:00,2,2.3498,2.5447,2.7422,2.8753,3.0768,3.1445,3.2125,3.1445,3.0768,3.0768,2.9422,2.9422,2.8086,2.6761,2.6761,2.6103,2.5447,2.4795,2.4795,2.4145,2.4145,2.3498,3.4179,4.0465,4.5475,5.1319,4.7652,3.9052,3.556,3.3492,
2002-08-01 00:00:00,2,3.3492,3.4179,3.3492,3.3492,3.2125,3.2807,3.2807,3.2125,3.1445,3.0768,3.0094,2.9422,2.9422,2.8753,2.8753,2.8753,2.8086,2.8086,2.8086,2.7422,2.8086,2.7422,2.7422,2.7422,2.7422,2.6761,2.6761,2.6103,2.6103,2.6103,2.6761
2002-07-01 00:00:00,2,3.8349,3.8349,3.8349,3.8349,3.7648,3.695,3.695,3.695,3.695,3.6254,3.6254,4.4753,4.2599,4.2599,4.1886,4.1174,4.0465,3.9757,3.9052,3.8349,3.695,3.6254,3.6254,3.6254,3.695,3.6254,3.556,3.4179,3.2807,3.2807,3.2125
2002-06-01 00:00:00,2,4.7652,4.7652,4.6924,4.6198,4.6198,4.6198,4.5475,4.5475,4.5475,4.4753,4.4033,4.4033,4.4033,4.3315,4.3315,4.2599,4.1174,4.0465,4.1174,4.0465,4.0465,3.9757,3.9757,3.9052,3.9052,3.9052,3.9052,3.9052,3.8349,3.8349,
2002-05-01 00:00:00,2,5.5031,5.4285,5.3541,5.4285,5.4285,6.0302,6.797,14.7847,14.6214,10.387,5.9544,5.728,5.6529,5.5779,5.3541,5.3541,5.2798,5.2058,5.2058,5.1319,5.1319,5.0582,5.1319,5.2058,5.0582,4.9846,4.8381,4.7652,4.7652,4.7652,4.7652
2002-04-01 00:00:00,2,10.7642,9.9238,9.5941,8.8593,8.295,7.8958,7.579,7.8164,8.8593,9.1031,8.6974,9.1031,8.0551,7.7371,7.5001,7.2644,7.1862,6.9522,6.7196,6.5653,6.4884,6.4116,6.2586,6.2586,6.1061,5.9544,5.8033,5.8033,5.6529,5.5779,
2002-03-01 00:00:00,2,34.0092,32.8125,29.7256,25.7285,23.5766,21.7383,20.1386,17.9669,16.1899,15.0304,13.5708,12.6968,11.9923,11.221,10.6129,10.5375,10.387,10.84,11.3742,12.0701,12.148,12.4609,12.0701,11.9923,12.8547,13.2514,12.9338,12.5394,12.226,12.0701,11.221
2002-02-01 00:00:00,2,13.1718,13.8921,16.2735,15.5248,14.703,14.5399,12.226,11.9923,12.226,15.6076,20.846,30.8654,22.4585,20.4032,20.0506,18.1384,17.4546,16.946,18.1384,21.6486,21.5591,19.0019,23.2919,27.1488,23.4816,37.727,34.0092,32.8125,,,
2002-01-01 00:00:00,2,20.2267,20.3149,20.7572,20.7572,19.8749,19.0019,17.5398,14.6214,12.3825,10.84,9.5941,7.4214,6.797,6.335,6.5653,6.6424,6.4116,9.9238,23.7668,21.7383,16.1899,15.8565,17.0305,17.8813,18.3964,22.6395,16.8616,15.8565,14.0533,13.2514,14.1342
2001-12-01 00:00:00,2,4.2599,4.5475,4.8381,3.9052,3.9052,3.3492,3.0768,2.9422,3.6254,3.6254,3.2125,2.8753,2.5447,7.1862,4.7652,4.9846,11.6051,11.9923,15.9397,13.3311,14.5399,15.0304,15.1948,15.3596,16.1064,15.5248,16.1064,14.7847,21.0237,22.8208,20.6686
2001-11-01 00:00:00,2,1.66,1.66,1.7823,1.66,1.7823,1.9685,1.9061,1.9061,2.2214,2.4145,2.0943,1.9061,1.9061,2.4145,2.6103,2.6103,2.8086,4.7652,5.8033,6.5653,6.6424,6.4884,6.5653,6.7196,6.1061,5.1319,4.6198,4.1174,3.556,3.9757,
2001-10-01 00:00:00,2,1.7823,1.844,2.0312,2.6103,2.3498,3.0768,2.8753,2.6761,3.2125,4.1886,4.1886,3.4179,3.0094,2.7422,2.6103,2.4145,2.3498,2.2214,2.0312,3.1445,2.3498,2.2214,2.1577,2.1577,1.9685,1.9061,1.844,1.844,1.7823,1.721,1.721
2001-09-01 00:00:00,2,2.2855,2.2855,2.2214,2.0312,1.9685,1.9685,1.9685,1.844,1.7823,1.7823,1.7823,1.721,1.66,1.66,1.844,1.9685,2.0312,1.9061,1.9061,1.721,1.66,1.66,1.66,1.66,1.66,1.66,1.66,1.66,1.66,1.66,
2001-08-01 00:00:00,2,1.9061,1.9061,1.9061,1.844,1.844,1.7823,1.7823,1.7823,1.7823,1.7823,1.7823,1.7823,1.7823,1.7823,1.7823,1.721,1.721,1.721,1.721,1.721,1.721,1.721,1.721,1.721,1.9685,1.9685,1.9061,1.9061,1.9061,2.0312,2.0943
2001-07-01 00:00:00,2,2.0943,2.0943,2.0943,2.0943,2.0943,2.0312,2.0312,2.0312,1.9685,2.0312,1.9685,1.9685,1.9685,1.9685,1.9685,1.9685,1.9685,1.9685,1.9685,1.9685,1.9685,1.9685,1.9685,1.9685,1.9685,1.9685,1.9061,1.9061,1.9061,1.9061,1.9061
2001-06-01 00:00:00,2,2.6103,2.6103,2.5447,2.4795,2.4795,2.4795,2.4795,2.3498,2.3498,2.3498,2.2855,2.3498,2.3498,2.2855,2.2214,2.2214,2.2214,2.2214,2.2214,2.1577,2.1577,2.1577,2.1577,2.1577,2.1577,2.1577,2.0943,2.0943,2.0943,2.0943,
2001-05-01 00:00:00,2,2.4145,2.3498,2.3498,2.3498,2.2855,2.3498,2.4145,2.3498,2.2855,2.3498,2.2855,2.2855,2.2855,2.2855,2.2855,2.2855,3.0094,3.4179,3.4179,3.1445,3.0094,2.9422,2.7422,2.6103,2.6103,2.7422,2.7422,2.7422,2.7422,2.6761,2.6761
2001-04-01 00:00:00,2,3.8349,3.6254,3.2807,3.4179,3.4868,3.6254,3.556,3.3492,3.2125,3.2125,3.1445,3.0768,3.0094,3.0768,3.0094,2.9422,3.0094,3.0094,2.8753,2.7422,2.6761,2.6761,2.6761,2.6761,2.5447,2.5447,2.5447,2.5447,2.5447,2.5447,
2001-03-01 00:00:00,2,3.6254,3.556,3.556,3.4868,3.4179,4.0465,5.728,5.6529,5.3541,4.7652,4.7652,4.7652,6.5653,7.579,8.6974,8.8593,8.295,6.1823,5.2058,4.7652,4.4753,4.3315,4.1886,3.9757,3.695,3.6254,3.4868,3.4868,3.4179,3.8349,3.9052
2001-02-01 00:00:00,2,5.6529,5.2798,5.0582,4.9113,4.6924,4.6198,5.5031,5.2058,5.0582,4.9113,4.9846,4.6198,4.3315,5.728,7.658,8.0551,7.7371,6.8745,5.8788,5.2058,4.6924,4.4033,4.2599,4.1174,3.8349,3.7648,3.695,3.6254,,,
2001-01-01 00:00:00,2,12.5394,12.4609,14.703,13.6509,14.8665,16.693,18.5689,20.4916,20.4916,19.2628,17.3696,15.3596,13.013,11.6823,9.2663,7.7371,6.9522,6.4884,6.0302,5.728,5.5031,5.3541,6.4884,6.6424,8.6167,9.5119,9.6763,8.6167,7.4214,10.4622,5.9544
2000-12-01 00:00:00,2,6.797,6.797,7.3429,7.7371,6.335,6.797,6.0302,5.5031,4.9846,4.5475,5.5031,5.0582,4.6198,4.1886,4.0465,4.1886,4.1886,6.2586,12.8547,11.9146,11.9146,12.3825,11.6051,11.2975,11.1445,11.6823,12.3042,12.226,11.2975,9.348,11.4511
2000-11-01 00:00:00,2,2.8086,2.6761,2.4795,2.6103,2.6103,3.2807,4.2599,6.5653,6.9522,6.1061,4.8381,4.4753,4.3315,5.4285,10.84,14.6214,12.3825,12.4609,12.8547,11.2975,10.0066,9.0217,7.9754,6.6424,5.8788,5.728,5.728,6.6424,6.1061,6.8745,
2000-10-01 00:00:00,2,3.6254,3.8349,3.556,3.3492,3.2807,3.2125,3.0768,3.0094,2.9422,2.9422,2.9422,2.8086,2.7422,2.7422,2.6761,2.6103,2.5447,2.5447,2.5447,2.5447,2.4795,2.4795,2.4795,2.4795,2.4795,2.4795,2.4145,2.4795,2.4145,2.4795,2.6761
2000-09-01 00:00:00,2,4.4753,5.4285,6.0302,5.8788,5.5779,5.3541,5.8788,6.1061,5.8033,5.3541,5.2058,5.2058,5.2058,4.7652,4.4753,4.4033,4.3315,4.3315,4.3315,4.1174,3.9052,3.7648,3.695,3.6254,3.4868,3.4179,3.6254,3.7648,3.7648,3.6254,
2000-08-01 00:00:00,2,4.9846,4.9113,4.9113,4.9113,4.9846,4.9113,4.9113,4.8381,4.7652,4.6924,4.6198,4.5475,4.4753,4.4033,4.6924,4.3315,4.3315,4.3315,4.3315,4.3315,4.2599,3.9757,3.7648,3.7648,3.8349,3.7648,3.7648,3.8349,3.8349,4.5475,4.6198
2000-07-01 00:00:00,2,5.8033,5.728,5.6529,5.6529,5.6529,5.5779,5.5779,5.5779,5.5031,5.5031,5.4285,5.3541,5.3541,5.3541,5.3541,5.2798,5.2798,5.2058,5.2058,5.2058,5.1319,5.1319,5.1319,5.1319,5.1319,5.2058,5.4285,5.3541,5.2798,5.2058,5.0582
2000-06-01 00:00:00,2,7.2644,7.1862,7.1862,7.1862,7.108,6.9522,6.8745,6.797,6.7196,6.7196,6.7196,6.5653,6.5653,6.4884,6.4884,6.4116,6.4116,6.2586,6.2586,6.1823,6.1823,6.1061,6.1061,6.0302,5.9544,5.9544,5.8788,5.8033,5.8033,5.8033,
2000-05-01 00:00:00,2,9.7587,9.5941,9.4299,9.2663,9.1031,8.9405,8.7783,8.6974,8.6974,8.6974,8.536,8.3752,8.2149,8.1349,8.0551,7.9754,7.9754,7.8958,7.8164,7.658,7.579,7.579,7.5001,7.5001,7.5001,7.4214,7.4214,7.3429,7.4214,7.5001,7.3429
2000-04-01 00:00:00,2,16.8616,16.1064,15.3596,14.703,14.1342,13.2514,12.7757,12.618,12.3825,12.148,12.0701,11.9923,11.9923,11.837,11.7596,11.4511,11.2975,11.0682,10.992,10.7642,10.84,11.0682,11.3742,11.6051,11.6051,11.2975,10.9159,10.5375,10.2371,9.9238,
2000-03-01 00:00:00,2,17.625,15.6076,14.5399,14.0533,13.7312,13.3311,12.8547,14.2961,12.618,13.7312,19.4372,20.0506,18.4826,21.6486,21.7383,23.7668,35.2272,29.3504,24.6273,25.3794,31.6372,30.1032,27.1488,26.4339,25.7285,43.8911,23.6716,22.0077,20.6686,19.1757,17.8813
2000-02-01 00:00:00,2,26.0801,36.4665,32.8125,37.727,36.4665,36.051,34.8188,36.051,43.8911,47.1468,45.7373,41.1926,43.8911,41.6364,38.152,35.2272,31.6372,28.2389,24.3397,21.9178,21.4696,20.1386,18.5689,17.3696,16.1899,15.5248,15.9397,15.4421,15.1125,,
2000-01-01 00:00:00,2,11.9923,11.6823,15.2771,17.2847,16.5249,16.6089,16.946,17.2847,17.1999,16.2735,14.8665,13.3311,12.0701,9.9238,9.5941,8.8593,8.295,8.6167,12.3042,10.5375,10.6885,9.6763,8.8593,8.4555,8.536,8.6167,8.6167,9.2663,10.4622,15.6904,23.3867
1999-12-01 00:00:00,2,16.023,13.013,10.9159,8.8593,8.295,7.5001,7.579,15.9397,16.023,14.2151,15.4421,15.5248,15.7734,17.1999,17.2847,22.6395,20.9348,18.5689,18.2243,18.0526,17.3696,15.8565,13.8921,13.6509,12.4609,11.7596,13.8921,13.4908,14.6214,12.7757,11.9923
1999-11-01 00:00:00,2,2.8086,2.8086,2.5447,2.4795,2.4145,5.5779,5.9544,9.6763,7.5001,8.2149,8.0551,7.7371,13.2514,9.8412,9.2663,9.2663,8.3752,6.797,5.8788,18.6553,20.58,16.1899,14.7847,18.6553,24.5314,21.7383,18.8284,17.8813,18.7418,17.5398,
1999-10-01 00:00:00,2,2.2855,2.2855,2.8086,5.9544,3.6254,2.9422,2.8086,2.8086,2.6761,2.6761,2.5447,2.5447,2.4145,2.4145,2.2855,2.2855,2.1577,2.1577,2.1577,2.1577,2.2855,2.2855,2.2855,2.2855,2.1577,2.1577,3.2125,3.8349,3.695,3.3492,3.0768
1999-09-01 00:00:00,2,2.8086,2.8086,2.8086,2.8086,2.8086,2.8086,2.8086,2.6761,2.6761,2.6761,2.5447,2.5447,2.8086,2.8086,2.8086,2.9422,2.9422,2.8086,2.8086,2.8086,2.6761,2.6761,2.6761,2.6761,2.5447,2.5447,2.5447,2.4145,2.4145,2.4145,
1999-08-01 00:00:00,2,3.6254,3.6254,3.4868,3.4868,3.4868,3.4868,3.4868,3.4868,3.3492,3.3492,3.3492,3.3492,3.3492,3.3492,3.2125,3.2125,3.2125,3.2125,3.2125,3.2125,3.0768,3.0768,3.0768,3.0768,3.0768,3.0768,3.0768,3.0768,2.9422,2.9422,2.9422
1999-07-01 00:00:00,2,4.7652,4.7652,4.6198,4.6198,4.6198,4.4753,4.4753,4.1886,4.1886,4.1886,4.1886,4.1886,4.1886,4.1886,4.1886,4.1886,4.1886,4.1886,4.1886,4.4753,4.4753,4.4753,4.6198,4.6198,4.1174,3.9052,3.7648,3.7648,3.7648,3.7648,3.6254
1999-06-01 00:00:00,2,5.5031,5.3541,5.3541,5.3541,5.3541,5.3541,5.3541,5.3541,5.3541,5.2058,5.2058,5.2058,5.2058,5.2058,5.2058,5.2058,5.2058,5.3541,5.3541,5.2058,5.2058,5.0582,5.0582,4.9113,4.9113,4.7652,4.7652,4.7652,4.6198,4.7652,
1999-05-01 00:00:00,2,6.7196,6.6424,6.5653,6.5653,6.4116,6.4116,6.4116,6.4116,6.4116,6.4116,6.4116,6.4116,6.2586,6.2586,6.1061,6.1061,5.9544,5.9544,5.8033,5.8033,5.8033,5.6529,5.6529,5.6529,5.6529,5.6529,5.6529,5.6529,5.5031,5.5031,5.5031
1999-04-01 00:00:00,2,11.9923,11.3742,10.9159,10.312,10.0066,9.6763,9.348,9.1031,8.9405,8.6974,8.4555,8.295,8.1349,7.9754,7.8164,7.9754,8.1349,8.1349,7.9754,7.8164,7.658,7.658,7.5001,7.4214,7.3429,7.1862,7.108,7.03,6.8745,6.8745,
1999-03-01 00:00:00,2,19.2628,24.9158,23.7668,20.9348,20.0506,20.2267,24.244,57.6082,43.4354,61.8673,66.2773,64.0534,60.2525,56.5671,50.5183,43.4354,37.727,32.4184,27.5098,23.3867,21.6486,19.8749,18.2243,18.2243,17.4546,16.6089,15.2771,14.4585,14.0533,13.2514,12.618
1999-02-01 00:00:00,2,9.5119,9.5941,8.9405,8.1349,6.8745,6.335,7.5001,5.728,5.5031,5.2798,5.0582,5.0582,4.8381,7.3429,5.728,5.4285,5.1319,4.9113,5.0582,5.3541,4.8381,4.6198,4.4753,4.1886,4.9113,6.1823,14.5399,13.9726,,,
1999-01-01 00:00:00,2,7.03,16.023,17.0305,17.3696,17.7957,18.7418,18.6553,18.3964,17.7957,16.7773,16.1064,14.6214,13.013,10.9159,9.1846,8.2149,7.5001,10.992,6.7196,6.0302,5.9544,6.1061,5.9544,5.8033,5.2058,5.0582,4.9113,5.5031,7.7371,8.2149,8.8593
1998-12-01 00:00:00,2,8.8593,15.6904,11.837,10.5375,11.9146,13.6509,15.0304,15.3596,15.0304,14.703,14.0533,12.3825,9.348,9.0217,8.6974,8.3752,7.8958,11.4511,9.7587,8.6167,7.2644,6.797,6.4884,6.2586,6.797,7.1862,6.2586,5.5031,5.8788,8.4555,7.8164
1998-11-01 00:00:00,2,8.4555,7.3429,6.5653,9.4299,8.3752,8.536,8.2149,7.7371,7.4214,7.8958,14.7847,14.6214,8.3752,9.8412,9.348,8.6167,7.5001,6.4884,7.3429,8.9405,7.658,9.8412,7.5001,6.4884,5.2798,4.8381,4.5475,4.4753,6.6424,7.8164,
1998-10-01 00:00:00,2,2.2855,2.6761,2.8086,2.5447,2.4145,2.2855,2.4145,2.2855,2.2855,2.4145,2.2855,2.4145,2.4145,2.4145,2.4145,2.5447,2.5447,2.5447,2.6761,2.6761,2.6761,2.5447,2.4145,2.2855,2.2855,2.1577,2.4145,2.4145,2.6761,3.0768,4.1886
1998-09-01 00:00:00,2,2.9422,2.9422,2.9422,2.8086,2.8086,2.8086,2.8086,2.6761,2.6761,2.6761,2.6761,2.6761,2.5447,2.5447,2.5447,2.4145,2.4145,2.4145,2.2855,2.2855,2.2855,2.2855,2.2855,2.1577,2.1577,2.1577,2.2855,2.2855,2.2855,2.2855,
1998-08-01 00:00:00,2,3.4868,3.4868,3.4868,3.4868,3.4868,3.4868,3.4868,3.6254,3.7648,3.9052,4.0465,4.1886,4.0465,3.9052,3.6254,3.4868,3.3492,3.3492,3.3492,3.2125,3.2125,3.2125,3.2125,3.0768,3.0768,3.0768,3.0768,2.9422,2.9422,2.9422,2.9422
1998-07-01 00:00:00,2,4.4753,4.4753,4.4753,4.4753,4.1886,4.1886,4.1886,4.1886,4.0465,4.0465,4.0465,3.9052,3.9052,3.9052,3.9052,3.9052,3.9052,3.9052,3.7648,3.7648,3.7648,3.6254,3.6254,3.6254,3.6254,3.6254,3.6254,3.6254,3.6254,3.4868,3.4868
1998-06-01 00:00:00,2,10.5375,10.5375,10.2371,9.7587,9.2663,8.7783,7.658,6.4116,5.8033,5.8033,5.6529,5.6529,5.5031,5.5031,5.3541,5.3541,5.2058,5.2058,5.0582,5.0582,4.9113,4.9113,4.9113,4.7652,4.7652,4.6198,4.6198,4.6198,4.4753,4.4753,
1998-05-01 00:00:00,2,7.9754,7.658,7.1862,6.4116,6.1061,6.2586,6.4116,6.1061,5.9544,5.6529,5.5031,5.5031,5.3541,5.3541,5.3541,5.2058,5.2058,5.2058,5.2058,5.0582,5.0582,5.0582,5.0582,4.9113,4.9113,4.9113,4.9113,4.9113,7.03,10.5375,10.5375
1998-04-01 00:00:00,2,7.8164,8.6167,8.1349,7.8164,7.5001,7.03,6.8745,6.8745,6.5653,6.5653,6.5653,6.4116,6.2586,6.1061,6.1061,6.1061,5.9544,6.1061,6.1061,6.4116,6.1061,5.9544,5.8033,5.6529,5.5031,5.5031,5.3541,5.2058,7.8164,8.1349,
1998-03-01 00:00:00,2,16.1064,14.2961,12.8547,11.7596,10.6885,9.5941,9.1031,8.6167,8.4555,8.1349,7.9754,7.8164,7.5001,7.3429,7.5001,7.5001,9.4299,8.1349,7.658,7.5001,7.3429,7.658,8.7783,8.4555,8.6167,8.1349,7.9754,7.5001,7.3429,8.1349,7.9754
1998-02-01 00:00:00,2,9.5941,9.4299,8.6167,8.1349,7.5001,7.3429,7.1862,7.03,6.8745,6.8745,6.8745,6.8745,9.4299,9.2663,9.2663,23.1025,23.8621,52.9973,23.8621,22.5489,22.5489,24.0528,25.0326,27.8732,22.7301,21.4696,19.5246,17.1151,,,
1998-01-01 00:00:00,2,15.4421,14.4585,13.4908,12.5394,10.992,10.387,10.0876,10.6885,11.2975,14.2961,14.2961,14.1342,14.1342,24.8196,24.4355,19.1757,15.1125,16.1064,14.1342,13.9726,13.8116,13.4908,13.8116,13.6509,13.9726,16.1064,14.9484,14.2961,12.6968,10.992,10.387
1997-12-01 00:00:00,2,15.9397,16.946,16.6089,16.2735,15.7734,15.2771,13.6509,12.6968,15.4421,14.7847,14.4585,19.1757,19.35,19.5246,20.0506,20.9348,22.3682,24.0528,39.0089,44.3491,39.0089,36.4665,35.6379,35.6379,34.8188,34.8188,25.7285,22.7301,21.4696,11.7596,8.6167
1997-11-01 00:00:00,2,5.6529,4.9113,4.0465,3.9052,3.6254,3.4868,3.4179,3.3492,3.2125,3.2125,3.0768,3.0768,2.8086,2.9422,4.6198,5.2058,5.2058,5.0582,4.9113,4.9113,3.6254,6.2586,6.2586,6.2586,24.244,24.0528,22.9115,20.9348,24.4355,23.6716,
1997-10-01 00:00:00,2,4.4753,4.1886,4.1886,4.1886,4.0465,3.9052,3.7648,3.6254,3.4868,3.4868,3.3492,3.3492,3.2125,3.0768,3.0768,3.2125,3.0768,3.2125,3.0768,3.0768,4.9113,5.8033,6.7196,7.8164,8.9405,9.1031,9.2663,9.4299,8.4555,7.5001,6.2586
1997-09-01 00:00:00,2,3.9052,3.9052,3.9052,3.9052,3.7648,3.7648,3.6254,3.6254,3.6254,3.6254,3.6254,3.4868,3.4868,3.4868,3.4868,3.6254,3.6254,3.6254,3.6254,3.6254,4.0465,5.2058,5.3541,5.5031,5.9544,6.4116,6.1061,5.8033,4.9113,4.4753,
1997-08-01 00:00:00,2,5.2058,5.2058,5.0582,5.0582,5.0582,5.0582,5.0582,4.9113,4.9113,4.9113,4.9113,4.7652,4.7652,4.7652,4.6198,4.6198,4.6198,4.4753,4.4753,4.4753,4.4753,4.1886,4.1886,4.1886,4.1886,4.1886,4.0465,4.0465,4.0465,3.9052,3.9052
1997-07-01 00:00:00,2,6.797,6.797,6.6424,6.7196,6.5653,6.335,5.8033,5.6529,5.8033,5.8033,5.8033,5.9544,5.9544,5.9544,5.9544,5.9544,5.8033,5.8033,5.8033,5.8033,5.8033,5.8033,5.8033,5.6529,5.5031,5.3541,5.3541,5.3541,5.3541,5.3541,5.3541
1997-06-01 00:00:00,2,11.4511,11.4511,11.4511,11.0682,10.0066,11.2975,10.992,10.992,10.7642,10.6885,9.9238,10.0066,8.6974,8.536,10.2371,10.2371,10.0066,9.7587,9.348,9.0217,8.536,8.1349,8.6167,8.2149,7.658,7.4214,7.3429,7.2644,7.1862,6.9522,
1997-05-01 00:00:00,2,10.6129,10.1623,9.5119,9.2663,9.1031,8.9404,8.8593,8.536,8.4555,8.3752,8.295,8.295,7.7371,8.0551,7.8958,7.8164,7.579,7.8164,8.295,8.1349,8.1349,8.1349,7.9754,7.9754,7.8164,7.8164,7.7371,9.2663,8.8593,10.5375,11.4511
1997-04-01 00:00:00,2,11.7596,13.0923,14.9484,14.6214,14.6214,14.4585,14.4585,14.6214,14.3773,13.4109,12.5394,12.3825,12.226,12.0701,11.6051,11.221,10.5375,10.2371,10.2371,10.312,10.7642,10.9159,11.221,11.4511,11.221,12.148,11.9923,11.4511,10.6129,10.992,
1997-03-01 00:00:00,2,21.1127,19.1757,18.7418,30.1032,33.608,36.4665,35.6379,34.8188,36.4665,34.4128,32.0266,30.1032,25.7285,23.8621,23.2919,22.0077,21.828,21.828,17.1999,15.6076,13.3311,12.6968,13.7312,13.2514,12.618,12.226,11.837,11.528,10.5375,10.0066,10.312
1997-02-01 00:00:00,2,24.6273,24.244,24.0528,23.4816,23.4816,22.4585,21.828,21.4696,21.0237,17.5398,14.0533,13.013,12.8547,11.6823,10.5375,11.2975,11.6823,10.992,12.0701,12.4609,12.226,12.226,12.226,15.6904,11.2975,15.2771,19.5246,23.5766,,,
1997-01-01 00:00:00,2,24.0528,23.1972,24.0528,24.7234,24.7234,24.9158,28.607,32.0266,27.1488,25.3794,26.0801,25.7285,24.7234,24.0528,23.6716,23.6716,23.1972,22.7301,23.1025,23.1972,23.7668,19.1757,14.1342,18.7418,17.0305,16.1899,21.1127,23.1972,26.4339,27.5098,24.8196
1996-12-01 00:00:00,2,18.3103,14.703,17.2847,15.2771,12.8547,12.8547,12.8547,12.8547,13.013,12.9338,12.0701,2.9422,12.0701,19.5246,19.35,10.1623,8.536,11.528,10.84,10.9159,65.7178,63.5034,69.1101,67.9699,29.7256,18.3964,61.3267,66.2773,62.4103,59.1877,66.2773
1996-11-01 00:00:00,2,2.2855,3.4179,5.2058,5.2058,5.5779,4.1174,3.4868,3.0768,2.4145,2.4795,2.1577,1.9685,1.9685,1.721,1.844,1.721,2.0312,4.3315,3.2807,8.536,13.6509,13.4109,17.1151,32.4184,33.608,52.4968,24.0528,23.1025,24.3397,19.8749,
1996-10-01 00:00:00,2,1.844,1.7823,1.7823,1.844,2.0312,1.7823,1.9685,1.9061,1.9061,1.9061,1.9061,1.9061,1.9061,1.7823,1.66,1.66,1.66,1.66,1.66,1.66,1.66,1.66,1.66,1.721,1.66,1.66,1.66,2.2214,2.0312,1.844,1.7823
1996-09-01 00:00:00,2,1.7823,1.7823,1.7823,1.9685,2.1577,2.2855,2.6103,2.6761,2.8086,2.8086,2.8086,9.7587,6.335,9.5119,3.9757,2.6103,2.4795,2.4145,2.4145,1.66,1.66,2.0312,2.0312,2.0312,1.9061,1.9061,1.9061,1.9061,1.9061,1.9061,
1996-08-01 00:00:00,2,2.0312,1.9685,1.9685,2.0943,2.0943,1.9685,1.9061,1.9061,1.9061,1.9061,1.9061,1.9061,1.9061,1.9061,2.0943,2.4145,2.4145,2.4145,2.4145,2.1577,2.1577,2.0943,2.0312,2.0312,2.0312,2.0312,1.9061,1.9061,1.9061,1.844,1.844
1996-07-01 00:00:00,2,2.5447,2.5447,2.5447,2.4795,2.4145,2.2855,2.2855,2.2855,2.2855,2.2855,2.2855,2.2855,2.2214,2.2214,2.2214,2.1577,2.1577,2.1577,2.1577,2.1577,2.1577,2.1577,2.1577,2.1577,2.0943,2.0312,2.0312,2.0312,2.0312,2.0312,2.0312
1996-06-01 00:00:00,2,2.8086,2.8086,2.8086,2.8086,2.8086,2.8086,2.5447,2.8086,2.6761,2.6761,2.6761,2.6761,2.6103,2.5447,2.5447,2.5447,2.5447,2.5447,2.5447,2.5447,2.5447,2.5447,2.5447,2.4795,2.4145,2.4145,2.4145,2.4145,2.4795,2.5447,
1996-05-01 00:00:00,2,3.2807,3.2125,3.2125,3.2125,3.1445,3.1445,3.0768,3.0768,3.0768,3.0768,3.0768,3.0768,3.0094,3.0768,3.0768,3.0768,3.2125,3.2125,3.2125,2.9422,3.0768,3.2807,3.3492,3.2125,3.2125,3.0094,3.0094,3.0094,2.9422,2.9422,2.9422
1996-04-01 00:00:00,2,3.9052,3.8349,3.695,3.6254,3.6254,3.6254,3.4179,3.2125,3.2125,3.1445,3.0768,3.0094,4.1174,3.556,4.4753,3.8349,3.8349,5.1319,6.0302,5.8788,5.2058,4.8381,4.0465,3.9052,3.8349,3.6254,3.6254,3.6254,3.4868,3.3492,
1996-03-01 00:00:00,2,4.9113,4.6198,4.4033,4.6198,4.9113,5.5779,5.728,5.5779,5.3541,5.0582,4.9113,5.4285,5.5031,5.1319,5.5031,5.2058,5.1319,5.0582,5.0582,4.9846,4.4753,4.3315,3.8349,3.9052,8.1349,5.728,5.5031,4.9113,4.4033,4.1886,4.1174
1996-02-01 00:00:00,2,5.5031,5.3541,5.2798,5.2058,5.4285,6.1061,6.4884,6.9522,7.2644,6.8745,6.5653,6.1823,5.8033,5.8033,5.6529,4.7652,4.7652,4.7652,4.6924,4.6924,4.5475,4.3315,2.9422,4.1174,4.6198,4.4753,4.6924,5.6529,5.4285,,
1996-01-01 00:00:00,2,34.4128,39.4409,36.8843,32.4184,31.6372,31.6372,25.3794,24.1484,23.6716,23.4816,22.9136,20.58,18.4826,17.625,15.3596,14.9484,13.7312,12.8547,10.7642,10.2371,9.5119,8.536,7.9754,7.658,7.3429,6.9522,6.4884,6.2586,5.9544,5.6529,5.5779
1995-12-01 00:00:00,2,6.1823,5.4285,4.6924,4.7652,5.8788,11.4511,5.9544,5.2798,4.5475,3.9757,3.6254,7.1862,4.6198,6.1823,7.7371,10.312,10.4622,10.312,10.0066,9.6763,9.348,8.0551,7.7371,8.2149,9.4299,8.2149,22.0977,21.0237,22.9115,30.8654,32.0266
1995-11-01 00:00:00,2,3.4179,3.8349,7.2644,8.4555,8.2149,5.9544,5.6529,5.2058,4.5475,7.9754,11.6051,10.9159,10.7642,10.9159,10.7642,9.8412,6.6424,5.6529,5.6529,9.1846,10.5375,10.0876,8.4555,6.1823,5.8033,5.2798,4.8381,4.5475,4.2599,5.8788,
1995-10-01 00:00:00,2,2.8753,2.8753,2.8753,2.8753,2.8086,2.7422,2.8086,2.8086,3.2125,3.2125,3.556,3.556,3.8349,3.6254,3.6254,3.6254,3.6254,3.2807,3.2125,3.2125,3.2125,3.4868,3.7648,3.6254,3.2125,3.2125,2.9422,2.8086,2.5447,2.6761,3.4868
1995-09-01 00:00:00,2,2.9422,2.9422,2.9422,2.9422,2.9422,2.9422,2.9422,2.8086,2.8086,2.8086,2.8086,2.7422,2.7422,2.6761,2.6761,2.6761,2.6761,5.728,3.8349,3.7648,3.6254,5.5031,5.0582,5.1319,4.9846,3.4179,3.0768,3.0094,2.9422,2.9422,
1995-08-01 00:00:00,2,3.8349,3.8349,3.7648,3.7648,3.695,3.6254,3.6254,3.6254,3.6254,3.6254,3.6254,3.6254,3.4868,3.4868,3.4868,3.4868,3.3492,3.3492,3.3492,3.3492,3.2807,3.2807,3.2807,3.2807,3.2125,3.1445,3.1445,3.0768,3.0768,3.0768,2.9422
1995-07-01 00:00:00,2,5.6529,5.6529,5.5779,5.5779,5.5779,5.5031,4.9113,4.9113,4.8381,4.8381,4.7652,4.7652,4.6198,4.5475,4.3315,4.1886,4.1174,4.1886,4.1886,4.1886,4.1886,4.0465,4.0465,4.0465,4.0465,4.0465,4.0465,4.0465,4.0465,4.0465,3.9052
1995-06-01 00:00:00,2,6.5653,6.4884,6.1823,6.0302,6.2586,5.9544,5.8033,5.8033,5.728,5.728,5.6529,5.6529,5.6529,5.6529,5.6529,5.5031,5.3541,5.3541,5.2798,5.2798,5.2798,5.2798,5.2798,5.2058,5.0582,5.0582,5.2798,5.3541,5.3541,5.4285,
1995-05-01 00:00:00,2,6.7196,6.5653,6.5653,6.7196,7.03,6.9522,6.7196,6.797,8.0551,8.0551,7.7371,12.3042,9.7587,6.6424,7.108,6.797,6.9522,6.4116,5.0582,5.8788,6.7196,7.03,6.8745,6.797,7.2644,9.0217,7.8958,7.1862,6.797,6.5653,6.5653
1995-04-01 00:00:00,2,14.8665,16.7773,15.6904,15.3596,14.7847,13.4109,10.992,10.5375,9.8412,9.5119,9.1031,8.4555,8.4555,8.4555,9.8412,10.6129,10.6885,9.5941,8.0551,7.658,7.108,6.4884,7.03,7.658,7.579,7.658,7.8164,7.579,7.3429,7.108,
1995-03-01 00:00:00,2,9.4299,8.1349,7.8164,11.837,10.6885,10.6129,9.9238,8.8593,8.4555,8.6167,8.3752,8.0551,7.2644,6.4884,16.3572,15.4421,15.0304,14.5399,14.4585,14.3773,14.0533,13.0923,10.992,10.312,12.3042,12.4609,15.4421,16.023,14.5399,13.5708,12.7757
1995-02-01 00:00:00,2,6.2586,6.7196,7.4214,7.5001,7.5001,7.5001,11.2975,16.693,17.1151,15.8565,14.2151,14.6214,13.3311,18.7418,19.8749,34.8188,20.7572,17.0305,15.6076,15.1125,16.1064,15.6904,15.7734,15.9397,15.2771,14.6214,14.2961,9.9238,,,
1995-01-01 00:00:00,2,15.8565,15.0304,16.2735,15.6076,14.9484,16.023,15.6904,15.4421,14.703,14.1342,13.4908,11.6823,9.348,8.0551,7.8164,7.5001,6.6424,6.1061,5.9544,5.8033,5.5779,5.4285,5.4285,5.5031,5.3541,5.3541,5.3541,5.3541,5.3541,6.6424,6.5653
1994-12-01 00:00:00,2,13.5708,20.2267,19.9627,16.946,19.5246,18.9151,19.0888,11.4511,11.3742,10.6129,10.5375,10.387,10.7642,7.7371,6.1823,5.728,8.6974,5.8033,9.7587,9.1846,8.6974,8.295,21.6486,23.1972,21.2018,32.4184,24.8196,25.0326,24.3397,23.1025,17.625
1994-11-01 00:00:00,2,3.0768,3.2125,3.0094,2.4145,2.2855,2.2855,2.2855,2.2855,2.2855,2.2855,2.2855,2.2855,2.2855,2.4145,2.4145,2.8086,3.2125,3.2125,3.3492,3.0768,2.6103,5.2798,4.8381,4.1886,3.9757,3.7648,3.6254,3.4868,82.8999,64.0534,
1994-10-01 00:00:00,2,3.0768,3.1445,3.2807,3.2125,3.2125,3.0768,3.3492,3.3492,3.2125,3.1445,3.1445,3.0768,2.8753,2.8086,2.8086,2.8086,3.1445,3.4179,3.1445,3.3492,2.8086,2.8086,2.6761,2.5447,2.5447,2.4145,2.4145,2.4145,2.5447,2.7422,2.8753
1994-09-01 00:00:00,2,4.0465,3.556,3.556,3.3492,3.3492,3.2125,3.2125,3.2125,3.4868,3.695,3.695,3.695,3.695,3.6254,3.6254,3.0768,3.0768,3.0768,3.2125,3.2125,3.2125,3.2125,3.2125,3.2125,3.2125,3.2125,3.2125,3.2125,3.0768,3.0768,
1994-08-01 00:00:00,2,4.8381,4.8381,4.7652,4.7652,4.7652,4.6924,4.6198,4.6198,4.6198,4.6198,4.6198,4.6198,4.5475,4.5475,4.5475,4.5475,4.5475,4.4753,4.4033,4.4033,4.4033,4.3315,4.3315,4.2599,4.2599,4.1886,4.1886,4.1174,4.0465,4.0465,4.0465
1994-07-01 00:00:00,2,6.8745,6.6424,6.4116,6.4116,6.4116,6.4116,6.2586,6.2586,6.2586,6.2586,5.9544,5.9544,5.9544,5.8788,5.8033,5.8033,5.8033,5.8033,5.8033,5.728,5.728,5.6529,5.6529,5.5031,5.5031,5.3541,5.2798,5.2058,4.9846,4.9846,4.9113
1994-06-01 00:00:00,2,8.9405,8.8593,8.536,8.295,8.0551,7.9754,7.8164,7.658,7.579,7.5001,7.4214,7.3429,7.1862,7.03,7.03,7.03,7.03,6.8745,6.8745,6.5653,6.5653,6.5653,6.4884,6.4116,6.4116,6.4116,6.7196,7.03,6.9522,6.9522,
1994-05-01 00:00:00,2,8.1349,7.8958,7.658,7.579,7.4214,7.3429,7.3429,7.3429,7.2644,7.2644,7.108,7.03,7.03,7.03,6.8745,7.108,14.3773,15.6076,7.8958,8.295,9.1846,9.2663,8.8593,8.295,9.8412,11.221,10.0066,10.387,10.6885,10.6885,10.312
1994-04-01 00:00:00,2,17.4546,17.7957,17.1151,15.1125,14.0533,12.6968,16.946,13.6509,11.2975,11.0682,10.4622,9.5119,8.4555,8.2149,8.1349,9.5941,9.348,9.2663,9.2663,9.2663,9.1846,9.2663,9.2663,9.2663,8.9405,8.8593,8.6167,8.4555,8.295,8.295,
1994-03-01 00:00:00,2,6.4884,6.335,18.6553,13.9726,4.4753,13.2514,24.4355,24.8196,24.8196,24.5314,23.9574,33.2091,32.0266,30.8654,24.9158,23.3867,20.4032,37.727,42.9821,42.5312,36.4665,35.6379,22.0977,24.9158,27.8732,23.9574,23.8621,23.3867,23.1972,23.3867,21.5591
1994-02-01 00:00:00,2,23.1025,21.291,18.4826,18.0526,17.5398,17.1151,16.3572,15.6076,14.8665,9.8412,9.5119,9.2663,9.2663,9.2663,9.1031,9.0217,8.8593,8.6167,7.8958,7.8164,7.2644,7.108,9.2663,9.2663,6.8745,6.4116,6.2586,6.1061,,,
1994-01-01 00:00:00,2,4.3315,4.1174,3.9052,6.1823,11.4511,12.8547,17.8813,17.7957,13.8921,13.6509,16.946,15.2771,15.9397,20.4032,18.2243,12.4609,10.7642,8.9404,7.108,6.797,19.5246,17.7957,18.1384,17.9669,18.1384,18.1384,17.625,16.946,16.693,16.441,15.6904
1993-12-01 00:00:00,2,2.8753,2.4795,2.0943,1.9685,4.1174,3.695,3.2807,2.9422,2.8086,3.0768,2.5447,2.7422,2.6761,2.5447,2.3498,2.2855,2.5447,2.6103,2.2855,2.2855,2.6103,4.9113,5.5031,5.728,5.5031,5.5031,4.6924,4.5475,4.4753,3.9052,5.8033
1993-11-01 00:00:00,2,2.2855,2.2855,2.2855,2.2855,2.2214,2.1577,2.4795,2.3498,2.3498,2.2855,2.2855,2.2855,2.2855,2.0943,1.9061,1.9061,1.844,1.7823,2.3498,1.9685,1.9061,2.2855,2.2855,2.6103,2.2855,3.2807,2.9422,3.0768,3.1445,3.2125,
1993-10-01 00:00:00,2,3.8349,3.6254,3.556,3.4179,3.4179,3.4179,3.1445,2.9422,2.4795,2.4145,2.4145,2.4145,2.4145,2.4145,2.2855,2.2855,2.2855,2.2855,2.1577,2.1577,2.2855,2.2855,2.2855,2.2855,2.2855,2.2855,2.6103,3.2125,2.7422,2.4145,2.4145
1993-09-01 00:00:00,2,2.6761,2.8086,2.8086,2.6761,2.6761,2.6761,2.5447,2.5447,2.5447,2.4795,2.4795,2.4795,2.4795,2.4795,2.4795,2.4795,2.4145,2.4145,2.4795,2.4795,2.4145,2.4145,2.4145,2.8086,4.1886,4.6924,7.7371,3.4179,3.2807,3.6254,
1993-08-01 00:00:00,2,4.1886,4.1886,4.1886,4.0465,3.9757,3.9052,3.9052,3.7648,3.556,3.556,3.4868,3.4868,3.4179,3.4179,3.3492,3.3492,3.3492,3.2807,3.2125,3.2125,3.2125,3.2125,3.2125,3.1445,3.1445,3.1445,3.0094,2.7422,2.7422,2.7422,2.7422
1993-07-01 00:00:00,2,4.7652,4.7652,4.6198,4.6198,4.6198,4.6198,4.6198,4.4753,4.4753,4.4753,4.4753,4.4753,4.4033,4.3315,4.3315,4.3315,4.3315,4.3315,4.3315,4.3315,4.3315,4.3315,4.2599,4.1174,4.0465,3.9757,3.9052,3.9052,3.9052,3.9052,4.0465
1993-06-01 00:00:00,2,4.8381,4.9113,4.7652,4.6924,4.7652,4.7652,5.2058,5.5031,5.8788,5.5779,5.2058,5.0582,4.9846,4.9846,4.7652,4.6924,4.6198,4.6198,4.6198,4.4753,4.4753,4.4753,4.4753,4.4753,4.3315,4.3315,4.3315,4.5475,4.7652,4.7652,
1993-05-01 00:00:00,2,5.5779,5.5779,5.5779,5.5031,4.9846,6.2586,6.0302,4.9846,5.6529,5.6529,5.5779,5.3541,5.2798,5.2798,5.1319,5.2798,5.2798,5.1319,4.9113,4.8381,4.8381,4.8381,4.7652,4.6198,4.6198,4.6198,4.6198,4.6198,4.6198,4.7652,4.7652
1993-04-01 00:00:00,2,7.1862,7.1862,9.7587,12.148,11.0682,8.2149,6.9522,6.6424,8.0551,8.0551,8.1349,12.8547,13.1718,5.728,4.9846,5.3541,5.8033,6.4884,6.7196,6.9522,6.7196,6.2586,6.4116,3.9757,3.4868,5.728,8.2149,5.9544,5.9544,5.6529,
1993-03-01 00:00:00,2,14.2961,13.9726,13.7312,12.7757,10.9159,9.6763,9.2663,9.0217,8.1349,7.8958,7.4214,8.8593,8.3752,7.1862,7.1862,6.9522,6.6424,6.5653,6.5653,6.335,5.728,6.9522,6.6424,6.4116,6.1823,5.8788,5.728,5.5031,5.9544,6.797,6.6424
1993-02-01 00:00:00,2,6.4884,6.2586,6.2586,14.3773,17.4546,18.8284,17.7103,17.7957,17.1151,15.3596,15.2771,15.0304,14.0533,12.6968,15.5248,16.946,15.9397,15.5248,14.7847,14.4585,14.7847,14.5399,13.9726,13.6509,13.2514,12.7757,12.4609,13.3311,,,
1993-01-01 00:00:00,2,9.348,9.1031,8.1349,8.536,10.0066,14.0533,11.7596,11.221,10.312,9.1031,8.7783,8.4555,8.295,8.295,8.536,8.2149,12.226,18.2243,13.4109,11.528,12.4609,12.7757,11.6823,10.9159,10.0876,10.0876,9.6763,8.2149,7.658,7.2644,6.8745
1992-12-01 00:00:00,2,4.4753,6.9522,7.108,6.7196,9.348,24.8196,23.2919,17.9669,12.6968,15.5248,16.7773,23.7668,25.0326,22.3682,18.6553,16.3572,20.6686,20.58,20.1386,18.1384,17.2847,16.7773,16.5249,16.2735,13.2514,11.4511,10.84,18.3103,14.0533,11.528,10.5375
1992-11-01 00:00:00,2,8.6167,8.9405,9.6763,10.312,27.5098,38.5792,26.7902,23.2919,21.1127,18.7418,17.8813,16.023,14.4585,14.9484,8.6167,7.658,7.108,6.8745,6.0302,5.728,5.728,5.5031,5.3541,5.3541,5.3541,5.0582,4.9846,4.7652,4.8381,4.8381,
1992-10-01 00:00:00,2,5.5779,5.2058,5.2058,4.9113,8.536,10.7642,9.8412,6.9522,7.03,9.1031,8.9405,7.3429,6.6424,6.4116,6.0302,5.1319,4.9113,4.6198,4.4753,4.4753,4.1886,4.0465,3.9052,3.695,4.1886,3.9757,4.0465,3.8349,3.9757,4.2599,7.8958
1992-09-01 00:00:00,2,3.9052,3.9052,3.9052,3.7648,3.7648,4.8381,5.0582,5.1319,4.9113,4.6198,4.4753,4.3315,4.1886,4.1886,7.9754,7.8958,5.1319,6.4884,6.797,6.335,5.8788,5.728,5.3541,4.7652,5.1319,5.8788,5.5779,5.8788,6.4116,6.1823,
1992-08-01 00:00:00,2,4.9113,4.8381,4.7652,4.7652,4.7652,4.6198,4.6198,4.6198,4.5475,4.4753,4.4753,4.4753,4.4033,5.5779,5.6529,4.1886,4.1886,4.0465,4.1174,4.1174,4.1886,4.4753,4.1174,4.1886,4.0465,4.0465,4.0465,4.0465,4.0465,3.9052,3.9052
1992-07-01 00:00:00,2,6.0302,6.0302,6.0302,6.0302,5.8033,5.8033,5.8033,5.8033,5.8033,5.8033,5.8033,5.8033,5.6529,5.5779,5.6529,5.5779,5.5031,5.4285,5.3541,5.2058,5.2058,5.2058,5.1319,5.1319,5.1319,5.0582,5.0582,5.0582,5.0582,4.8381,4.9113
1992-06-01 00:00:00,2,8.295,8.1349,7.9754,7.8958,7.8164,7.8164,7.7371,7.579,7.5001,7.2644,7.1862,7.108,7.108,7.108,6.8745,6.8745,6.8745,6.797,6.797,6.7196,6.7196,6.7196,6.7196,6.6424,6.5653,6.4116,6.4116,6.4116,6.4116,6.1823,
1992-05-01 00:00:00,2,11.9146,11.221,10.992,10.84,10.6129,11.4511,10.9159,10.992,11.1445,10.7642,10.4622,10.0876,9.4299,9.2663,9.2663,9.2663,9.2663,9.1846,9.2663,9.348,9.1846,9.4299,9.5941,10.6129,10.312,9.6763,9.4299,8.8593,8.536,8.536,8.3752
1992-04-01 00:00:00,2,13.8116,14.6214,11.837,11.528,11.2975,11.1445,10.992,10.9159,10.5375,10.5375,10.5375,10.4622,10.387,10.1623,9.8412,11.221,18.6553,18.2243,16.693,15.0304,14.5399,13.4109,13.013,13.9726,13.4908,11.4511,11.2975,11.0682,10.9159,10.992,
1992-03-01 00:00:00,2,20.2267,21.7383,23.6716,22.0977,21.828,21.6486,21.3803,21.0237,20.846,22.4585,20.2267,19.6995,19.4372,18.1384,17.5398,16.693,16.023,15.6904,18.3964,18.1384,17.8813,17.7957,17.4546,17.1151,16.441,15.4421,15.3596,14.7847,15.1125,13.3311,13.6509
1992-02-01 00:00:00,2,67.4033,38.152,36.051,117.172,71.4188,68.5388,78.5711,97.2553,79.1824,66.2773,63.5034,60.7884,55.023,53.5002,47.6214,45.2722,41.6364,39.0089,33.608,31.6372,29.3504,27.8732,24.244,22.9136,22.0077,20.7572,20.2267,20.4916,19.9627,,
1992-01-01 00:00:00,2,8.536,7.3429,5.8788,5.2798,10.7642,12.5394,11.837,12.226,10.7642,11.837,9.7587,7.7371,7.579,9.1846,7.4214,8.1349,10.0066,12.8547,14.0533,22.6395,23.6716,36.051,97.2553,39.4409,28.9775,26.0801,25.3794,47.6213,56.5671,65.7178,70.2598
1991-12-01 00:00:00,2,2.5447,3.2125,6.335,5.8788,4.6924,3.4868,3.0768,3.6254,5.0582,6.1823,3.9757,2.8753,3.6254,2.6103,18.8284,12.4609,10.0876,10.312,10.4622,10.1623,10.0876,11.1445,10.1623,9.4299,9.1846,7.2644,7.03,5.5031,4.6924,3.9757,8.7783
1991-11-01 00:00:00,2,2.6761,2.5447,2.9422,3.9757,3.9757,3.556,3.4179,3.2125,3.1445,2.8753,2.8086,2.5447,2.5447,3.0768,3.1445,3.2125,3.2125,3.0768,3.1445,3.695,3.1445,2.7422,2.6103,2.4795,2.3498,2.6103,2.1577,2.0943,7.3429,1.7823,
1991-10-01 00:00:00,2,4.6924,4.6924,5.1319,4.6924,4.3315,7.8958,4.9113,6.0302,6.4116,5.6529,4.6924,7.8958,3.7648,3.4868,3.4179,3.1445,3.556,6.335,5.8033,5.3541,7.9754,11.3742,3.2807,3.0094,2.6761,2.6761,2.6103,2.5447,2.5447,2.4795,2.3498
1991-09-01 00:00:00,2,2.8086,2.7422,2.6761,2.6761,2.6761,2.6103,2.5447,2.5447,2.5447,2.5447,2.4795,2.4795,2.4795,2.4795,2.4145,2.4145,2.4145,2.4145,2.4145,2.5447,2.6761,2.8086,2.6761,2.6761,2.6761,2.7422,2.8753,3.3492,3.2125,3.2125,
1991-08-01 00:00:00,2,3.4868,3.4868,3.3492,3.2807,3.2807,3.2125,3.2125,3.2125,3.2125,3.2125,3.0768,3.0768,3.0768,3.0768,3.0768,3.0768,3.0768,3.0094,3.0094,2.9422,2.9422,2.9422,2.9422,2.9422,2.9422,2.8086,2.8086,2.8086,3.0768,2.9422,2.9422
1991-07-01 00:00:00,2,4.1886,4.1886,4.1886,4.1886,4.1886,4.0465,4.0465,3.9757,3.9052,3.9052,3.9052,3.9052,3.8349,3.8349,3.8349,3.7648,3.7648,3.7648,3.7648,3.7648,3.7648,3.7648,3.6254,3.6254,3.556,3.4868,3.4868,3.4868,3.4868,3.4868,3.4868
1991-06-01 00:00:00,2,5.5031,5.4285,5.3541,5.3541,5.3541,5.3541,5.2798,5.2058,5.2058,5.0582,5.0582,5.0582,4.9846,4.9113,4.9113,4.8381,4.8381,4.8381,4.7652,4.6924,4.6198,4.3315,4.3315,4.3315,4.3315,4.3315,4.1886,4.1886,4.1886,4.1886,
1991-05-01 00:00:00,2,7.4214,7.2644,6.8745,6.7196,6.5653,6.4884,6.4116,6.335,6.1823,6.1061,6.1061,5.9544,5.8788,5.8788,5.8033,6.335,6.5653,6.6424,6.7196,6.7196,6.7196,6.8745,7.108,6.8745,6.4884,6.2586,6.1061,5.9544,5.728,5.5779,5.5031
1991-04-01 00:00:00,2,20.58,19.35,18.4826,16.7773,17.7103,17.4546,17.2847,16.5249,15.9397,14.8665,13.8116,12.4609,11.1445,10.2371,9.5941,9.1031,8.7783,8.3752,8.2149,7.8958,7.7371,7.579,7.4214,7.2644,7.1862,7.108,7.108,7.108,7.5001,7.5001,
1991-03-01 00:00:00,2,17.4546,17.1999,16.441,15.4421,14.3773,14.5399,13.5708,13.1718,12.7757,11.9146,10.7642,9.4299,8.8593,8.2149,7.7371,7.3429,7.03,6.7196,6.5653,6.4116,6.4116,6.5653,22.2779,21.9178,22.4585,20.1386,19.7872,19.0888,19.0019,18.9151,19.35
1991-02-01 00:00:00,2,22.7301,23.9574,24.3397,23.6716,22.4585,22.0077,21.1127,15.6076,18.1384,17.2847,15.8565,15.5248,15.1948,14.2961,13.3311,12.3825,11.6051,11.3742,18.5689,19.612,18.4826,17.5398,17.7103,17.3696,17.5398,17.4546,17.3696,17.3696,,,
1991-01-01 00:00:00,2,2.7422,1.9685,1.844,12.3825,15.1948,15.1125,10.5375,8.0551,11.9146,11.837,10.6885,10.7642,10.387,10.84,13.3311,22.5489,21.4696,19.8749,18.6553,18.6553,19.2628,20.1386,19.7872,19.0019,17.5398,17.4546,16.1899,19.9627,33.608,26.0801,22.7301
1990-12-01 00:00:00,2,2.3498,2.7422,2.2855,1.844,1.66,1.66,1.5994,1.5994,1.66,1.9061,2.0312,1.9685,1.9685,2.0943,2.0312,2.2855,2.0943,1.9685,1.844,2.0943,2.1577,1.66,1.7823,1.721,1.66,1.5994,1.5393,7.4214,6.4116,8.9405,9.1846
1990-11-01 00:00:00,2,2.5178,2.5178,2.5714,3.8137,2.8433,6.0699,5.2904,3.9323,3.0654,3.0095,2.8433,18.6553,9.6763,5.6529,3.0768,2.1577,2.0312,2.1577,2.2855,2.1577,2.7422,2.2214,2.0312,1.9685,1.9685,2.1577,2.2855,2.6103,2.6103,2.4795,
1990-10-01 00:00:00,2,2.7884,2.7884,3.0654,3.1215,3.0095,2.8984,2.8433,2.8433,2.7884,2.7337,2.6794,2.6794,2.6252,2.5714,2.6252,2.5714,2.5714,2.5714,2.5714,2.5714,2.5714,3.1215,3.2346,3.0654,3.2346,2.8984,2.7884,2.7337,2.6794,2.5714,2.5714
1990-09-01 00:00:00,2,3.3486,3.4059,3.3486,3.4635,3.3486,3.2914,3.2346,3.1215,3.1215,3.0654,3.0095,3.0095,2.8984,2.8433,3.0654,4.1719,4.1117,3.9919,3.5213,3.3486,3.1215,3.1215,2.9538,2.9538,2.9538,2.9538,2.8984,2.8433,2.8433,2.8433,
1990-08-01 00:00:00,2,3.3486,3.3486,3.2914,3.2914,3.2914,3.2346,3.2346,3.2346,3.2346,3.1215,3.1215,3.1215,3.1779,3.1215,3.1215,3.1215,3.1215,3.1215,3.2914,3.3486,3.3486,3.3486,3.2914,3.2346,3.2346,3.2346,3.2346,3.2346,3.2346,3.3486,3.4059
1990-07-01 00:00:00,2,3.5793,3.8137,3.8729,3.7548,3.6961,3.8137,3.9323,4.293,3.9919,4.0517,3.9323,3.8729,3.9919,3.9323,3.8729,3.8137,3.8137,3.6961,3.6961,3.5793,3.5793,3.5793,3.4635,3.4635,3.4635,3.4635,3.4635,3.4635,3.4635,3.4059,3.3486
1990-06-01 00:00:00,2,4.293,4.293,4.293,4.1117,4.0517,4.0517,3.9323,3.8729,3.8137,3.8137,3.8137,3.8137,3.8137,3.8137,3.8137,3.8137,3.8137,3.8137,3.8137,3.8137,3.7548,3.6961,3.6961,3.6961,3.6961,3.6961,3.6961,3.6961,3.5793,3.5793,
1990-05-01 00:00:00,2,4.5376,4.5376,4.9105,6.4021,6.136,5.742,5.4829,5.2266,4.9105,4.8479,4.7855,5.8726,7.0106,6.136,5.4185,5.163,5.0364,5.0996,4.9734,4.9105,4.5376,4.7232,4.6611,4.5993,4.5376,4.5376,4.4762,4.4149,4.3538,4.3538,4.3538
1990-04-01 00:00:00,2,6.5362,6.2687,6.004,5.8726,5.8072,5.9382,5.9382,5.8072,5.5474,5.4185,6.2023,5.8726,5.742,5.6121,5.4829,5.2904,5.4829,5.4185,5.4185,5.8072,5.6769,5.5474,5.2266,5.0996,4.9105,4.8479,4.7855,4.6611,4.6611,4.5376,
1990-03-01 00:00:00,2,17.8813,17.1999,16.8616,15.4421,14.2151,8.9116,8.6951,8.7671,7.6321,7.2163,6.8063,6.6035,6.6035,6.4021,6.2687,6.0699,7.079,8.0533,9.5688,10.2371,10.312,10.312,9.0567,8.124,8.5515,9.0567,8.6951,7.9123,7.6321,7.3543,6.9423
1990-02-01 00:00:00,2,7.3543,7.2163,6.5362,6.136,6.004,5.8072,5.6121,5.5474,5.4185,5.2904,5.0996,7.2163,6.7385,7.6321,23.1972,17.7103,13.1718,12.618,10.7642,11.221,11.6051,9.7904,18.3964,18.1384,14.9484,16.693,16.5249,18.1384,,,
1990-01-01 00:00:00,2,16.693,15.7734,23.1025,34.8188,42.0826,38.1519,41.6364,43.4354,43.4354,41.6364,39.4409,33.608,28.607,24.3397,21.8809,19.0888,17.0305,13.7312,11.221,10.0131,9.2023,8.9116,8.0533,7.6321,7.2163,7.0106,8.1949,8.4799,8.1949,7.7019,7.2852
1989-12-01 00:00:00,2,5.4185,4.7232,4.3538,4.1117,3.8729,3.6376,3.4635,3.2346,3.1215,3.1215,3.1779,4.1117,5.3544,8.4799,13.5708,17.625,16.946,14.3773,14.5399,15.1125,25.3794,28.607,23.9574,23.4816,23.8621,23.7668,22.5367,21.3224,19.0019,19.35,19.612
1989-11-01 00:00:00,2,2.7884,2.7337,2.6252,2.6252,3.6961,3.9323,3.5213,3.1215,2.8984,3.5213,4.2323,10.0876,15.9397,15.0304,15.1125,13.4908,11.528,8.5515,10.6885,9.7904,9.2754,7.9827,7.3543,8.4084,8.9841,8.6232,8.1949,8.9841,5.5474,5.8726,
1989-10-01 00:00:00,2,2.7884,2.7884,2.7884,2.7884,2.7884,2.7337,2.7337,2.7884,2.7884,2.7884,2.6794,2.6252,2.6794,2.6794,2.7337,2.7884,2.7884,2.7884,3.2346,3.1215,3.0095,3.0095,3.0095,3.0095,3.0095,3.0095,3.0095,2.8984,2.8433,2.8433,2.8433
1989-09-01 00:00:00,2,3.1215,3.0654,3.0095,3.0095,3.0095,2.9538,3.4059,3.5213,3.2914,3.1779,3.0654,3.1215,2.9538,2.8984,2.8984,2.8433,2.7884,2.7884,2.7884,2.7884,2.8984,2.9538,2.8984,2.7884,2.7884,2.6794,2.6794,2.6794,2.7337,2.7884,
1989-08-01 00:00:00,2,3.8137,3.6961,3.6961,3.6961,3.6961,3.4635,3.3486,3.3486,3.2914,3.2346,3.2346,3.2346,3.1215,3.1215,3.1215,3.1215,3.0654,3.0654,3.0095,3.0095,3.0095,3.0095,3.0095,2.9538,2.9538,3.0095,3.2914,3.2914,3.2914,3.2346,3.1779
1989-07-01 00:00:00,2,3.6961,3.6961,3.6376,3.5793,3.5213,3.5213,4.1117,4.5376,4.4149,4.1117,3.8729,3.8137,3.7548,3.6961,3.6376,3.5793,3.5213,3.4635,3.4059,3.4059,3.4059,3.3486,3.3486,3.3486,3.3486,3.3486,3.2914,3.2914,3.2914,3.2914,3.6961
1989-06-01 00:00:00,2,3.6961,3.6961,3.6961,3.6961,3.6961,3.6376,3.5793,3.5793,3.5793,3.5793,3.5793,3.9919,4.2323,4.1719,3.8729,4.1117,3.9323,3.8729,3.8729,3.8137,3.7548,3.6961,3.6961,3.6961,3.6961,4.0517,4.1719,3.9919,3.8729,3.7548,
1989-05-01 00:00:00,2,4.5376,4.293,4.0517,4.0517,4.1117,4.1719,4.1117,4.1117,4.1117,3.9919,3.9919,3.9323,3.9323,3.9323,3.9323,3.8729,3.8137,3.8137,3.8137,3.8137,3.8137,3.8137,3.8137,3.8137,3.7548,3.7548,3.6961,3.6961,3.6961,3.6961,3.6961
1989-04-01 00:00:00,2,5.742,5.6769,5.6769,5.3544,5.2266,5.163,6.6709,7.4235,4.9105,4.9105,4.9105,4.9105,4.9105,4.9105,4.9105,4.9105,4.9105,4.9105,4.6611,4.5993,4.4762,4.5376,4.5376,4.5376,4.5376,4.5376,4.4149,4.293,4.293,4.4762,
1989-03-01 00:00:00,2,9.2754,17.2847,14.6214,14.2961,14.6214,14.9484,14.1342,12.5394,12.3042,17.7957,12.3042,18.1384,18.5689,19.5246,19.2628,15.0304,14.4585,14.5399,14.1342,13.7312,9.6425,9.3485,8.3371,7.6321,7.2852,7.0106,6.6709,6.4021,6.2023,6.136,5.9382
1989-02-01 00:00:00,2,4.1719,4.0517,3.8729,4.7855,5.4829,10.0876,9.3485,9.1295,10.0131,9.4953,14.703,16.023,14.1342,15.1948,19.2628,19.2628,18.8284,18.7418,17.625,16.946,15.6904,16.1064,15.3596,14.0533,12.618,10.387,10.0876,10.387,,,
1989-01-01 00:00:00,2,6.6709,5.6121,5.4829,9.4953,13.4908,13.9726,14.1342,14.1342,16.023,15.0304,24.1484,43.4354,16.946,17.4546,15.2771,13.4908,12.6968,8.9116,8.9116,9.7164,7.9123,7.2163,6.8742,6.136,5.742,5.2904,4.293,4.2323,4.6611,4.5993,4.4762
1988-12-01 00:00:00,2,4.0517,3.9323,3.8137,3.7548,3.6961,3.5213,3.2346,3.1215,3.0095,6.4691,21.2296,19.4372,14.9484,10.5375,8.1949,10.2371,13.4908,10.9159,7.079,10.9159,8.7671,10.84,9.2754,11.6051,12.3825,13.5708,12.618,12.0701,11.2975,9.1295,7.2163
1988-11-01 00:00:00,2,4.2323,4.1117,4.0517,4.7855,5.6769,5.3544,4.7232,4.4762,4.4149,4.5993,4.3538,3.8137,3.4635,3.2914,3.2346,3.1215,3.1215,3.1215,2.8984,2.7337,2.6794,3.1215,6.7385,6.0699,5.9382,5.163,5.0364,4.9734,4.5993,4.293,
1988-10-01 00:00:00,2,3.6961,3.6961,3.4635,3.2914,3.1215,3.5793,4.0517,3.7548,3.5793,3.2914,3.1215,3.1215,3.1779,3.4059,3.4059,3.2346,3.3486,3.2914,3.6961,4.8479,4.9105,5.5474,5.6769,5.8726,8.2659,7.7019,7.3543,6.004,4.7232,4.3538,4.293
1988-09-01 00:00:00,2,2.8984,2.8984,2.8984,2.8984,2.8984,2.8984,2.7884,2.7884,2.7337,2.6794,2.6794,2.6794,2.6794,2.6794,2.6794,2.6794,2.6794,2.6794,2.6794,2.5714,2.5714,2.5714,2.4645,2.4645,2.4645,2.4645,2.4645,2.4645,2.4645,3.5213,
1988-08-01 00:00:00,2,3.3486,3.3486,3.3486,3.3486,3.2914,3.2914,3.2914,3.2914,3.2914,3.2914,3.2346,3.2346,3.2346,3.2346,3.2346,3.1215,3.1215,3.1215,3.1215,3.0654,3.0095,3.0095,3.0095,3.0095,3.0095,3.0095,3.0095,2.9538,2.9538,2.8984,2.8984
1988-07-01 00:00:00,2,4.293,4.293,4.293,4.293,4.2323,4.1719,3.9323,3.6961,3.6961,3.6961,3.6376,3.6376,3.5793,3.5793,3.4635,3.4635,3.4635,3.4635,3.4635,3.4635,3.4635,3.4635,3.4635,3.4635,3.4635,3.4635,3.3486,3.3486,3.3486,3.3486,3.3486
1988-06-01 00:00:00,2,4.6611,4.6611,4.6611,4.6611,4.7855,4.7855,4.6611,4.6611,4.6611,4.5993,4.4149,4.4149,4.4149,4.4149,4.293,4.293,4.293,4.2323,4.1719,4.1719,4.1117,4.1117,4.1117,4.4149,4.4149,4.4149,4.3538,4.293,4.293,4.293,
1988-05-01 00:00:00,2,5.163,4.9734,4.293,4.293,4.293,4.293,4.293,4.293,4.293,4.293,4.293,4.293,4.293,4.293,4.4149,4.7232,4.6611,4.6611,4.6611,4.5993,4.5993,4.5376,4.6611,4.6611,4.5376,4.6611,4.5993,4.9105,4.9105,4.8479,4.7232
1988-04-01 00:00:00,2,6.4691,6.4021,6.3353,6.5362,6.8742,7.0106,6.8742,6.6709,6.3353,6.2687,6.136,6.004,5.8726,6.2687,7.4929,7.6321,7.2163,7.079,7.079,7.2852,7.2852,6.5362,6.4021,6.0699,6.136,6.136,5.8726,5.6121,5.4185,5.4185,
1988-03-01 00:00:00,2,16.023,15.7734,20.4916,21.4152,18.3964,16.441,18.1384,17.7957,16.441,16.1064,15.1125,13.8116,12.4609,11.3742,9.4218,8.2659,8.5515,8.4799,8.6951,9.8645,8.6951,8.1949,7.7719,7.4929,7.2163,7.0106,6.8742,6.8063,6.6709,6.6035,6.4691
1988-02-01 00:00:00,2,6.4021,7.079,7.4235,8.124,15.9397,17.2847,17.4546,18.1384,19.5246,19.35,22.5367,23.4816,23.2919,23.2919,24.6273,30.1032,34.4128,30.8654,27.1488,24.3397,23.1025,22.3489,21.4152,24.7234,18.8284,16.8616,14.7847,13.013,14.5399,,
1988-01-01 00:00:00,2,16.441,13.7312,12.5394,12.7757,11.6823,11.6823,10.9159,11.2975,18.6553,18.8284,17.1151,17.2847,16.946,16.5249,16.441,16.023,14.2151,12.3825,9.7164,8.1949,7.7719,7.079,6.6709,6.2687,6.136,5.8726,5.6121,5.3544,4.9105,4.293,5.8072
1987-12-01 00:00:00,2,4.6611,3.9323,3.7548,5.4185,5.4185,11.1445,13.0923,9.7164,14.6214,14.4585,20.4032,23.1025,22.1614,16.1064,14.3773,14.2961,24.3397,24.3397,24.9158,23.5766,21.4152,15.8565,13.4908,24.0528,23.8621,21.9743,19.9627,19.0888,17.4546,14.2151,18.5689
1987-11-01 00:00:00,2,2.9538,2.8984,2.7884,2.6252,2.5714,2.6794,2.8984,2.6252,2.6794,2.7884,2.7884,2.8433,2.3587,2.2022,2.2541,3.2346,5.0364,6.8063,7.4929,7.079,5.163,4.5376,3.3486,3.0654,2.9538,2.7884,2.8433,9.8645,6.0699,5.9382,
1987-10-01 00:00:00,2,2.5714,2.4645,2.4645,2.4645,2.4645,2.4645,2.3587,2.2022,2.3587,2.3587,2.3587,2.3587,2.3063,2.2541,2.2541,2.2541,2.2541,2.2022,2.1506,2.1506,2.2022,2.2541,2.4645,3.5793,3.4059,3.4635,3.2914,2.9538,2.5714,3.1215,3.1215
1987-09-01 00:00:00,2,2.4645,2.4115,2.3587,2.3587,2.3587,2.3587,2.3587,2.4115,2.4645,2.5714,2.5714,2.4645,2.4645,2.4645,2.4645,2.4645,2.4115,2.3587,3.8137,4.0517,3.6961,3.3486,3.2914,3.1215,3.1215,3.0095,2.8433,2.6794,2.6252,2.5714,
1987-08-01 00:00:00,2,2.7884,2.7884,2.7884,2.7884,2.7884,2.7884,2.7884,2.7337,2.7884,2.7884,2.7337,2.7337,2.6794,2.6794,2.6794,2.6794,2.6794,2.5714,2.5714,2.5714,2.5714,2.5714,2.5714,2.5714,2.5714,2.5714,2.5714,2.5178,2.5178,2.5178,2.4645
1987-07-01 00:00:00,2,3.1215,2.8433,3.0095,2.9538,2.8984,2.8984,2.8984,2.8984,3.0095,3.2914,3.4635,3.2914,3.2346,3.1779,3.1215,3.0095,3.0095,3.5213,3.4635,2.8984,2.8433,2.8433,2.8433,2.7884,2.7884,2.7884,2.7884,2.7884,2.7884,2.7884,2.7884
1987-06-01 00:00:00,2,3.9919,3.7548,3.6961,3.5793,3.4635,3.4635,3.3486,3.4635,3.4059,3.4635,3.3486,3.2346,3.2346,3.2346,3.2346,3.1215,3.1215,3.1215,3.1215,3.1215,3.1215,3.1215,3.1215,3.1215,3.1215,3.2346,3.1215,3.1215,3.1215,3.1215,
1987-05-01 00:00:00,2,3.9919,3.7548,3.6961,3.6961,3.6961,3.5213,3.4635,3.3486,3.4635,3.5793,3.4635,3.3486,3.3486,3.3486,3.2914,3.2346,3.2346,3.2346,4.0517,4.3538,3.6961,3.5793,3.4635,3.4059,3.9323,4.0517,3.9919,4.2323,6.9423,4.7232,4.3538
1987-04-01 00:00:00,2,3.9323,3.8137,3.6961,5.0996,7.9827,12.5394,12.148,10.992,10.9159,10.0131,9.7164,7.842,6.4691,5.4185,4.9105,4.6611,4.5376,4.293,4.1719,4.1719,4.1117,3.9919,3.9323,3.8137,3.8137,3.8137,3.6961,3.6961,3.6961,4.1117,
1987-03-01 00:00:00,2,4.0517,4.0517,3.9919,3.8729,3.8137,3.7548,3.6961,3.6376,6.4691,6.136,6.8742,6.8063,6.4691,5.2904,6.0699,5.6769,5.742,5.0364,4.5993,4.5993,10.1623,11.1445,7.4929,5.6121,5.2266,4.8479,4.5993,4.293,4.1719,4.0517,4.1117
1987-02-01 00:00:00,2,17.2847,16.946,11.3742,9.1295,7.2163,6.6709,6.136,5.9382,5.8072,6.3353,7.1476,7.6321,6.8742,6.8742,6.5362,6.136,5.9382,5.8726,6.2687,6.136,5.8072,5.6121,5.0996,4.8479,4.5376,4.5993,4.2323,4.0517,,,
1987-01-01 00:00:00,2,31.6372,28.9775,27.5098,24.4355,22.0678,21.2296,15.5248,13.8921,12.0701,9.8645,7.2163,6.5362,5.9382,5.6121,5.2904,4.9734,5.4829,6.7385,9.7164,12.6968,12.8547,13.2514,13.3311,12.6968,12.226,9.6425,17.0305,17.5398,17.0305,17.7957,17.5398
1986-12-01 00:00:00,2,4.3538,6.5362,5.8072,5.0996,4.293,3.5793,3.0654,2.9538,2.8984,3.0095,3.2346,3.2914,3.1215,3.2914,5.0996,6.7385,5.8072,5.4185,4.4762,3.8729,3.7548,3.2346,6.6709,4.5376,6.8063,7.7719,9.4953,9.7164,20.8596,24.244,32.8125
1986-11-01 00:00:00,2,2.6794,2.6794,2.8433,2.8433,2.8433,3.0654,2.8984,2.9538,2.8984,2.9538,2.8433,6.136,5.6121,5.0364,4.7855,4.0517,3.5793,3.2914,3.0654,2.9538,2.8984,2.7884,2.7884,2.7337,2.6794,2.7337,2.8433,2.8984,4.4762,4.7232,
1986-10-01 00:00:00,2,3.6961,3.6376,3.5213,3.3486,3.2914,3.1779,3.1215,3.1215,3.3486,3.2914,2.9538,2.8984,3.0654,3.0095,2.9538,2.8433,2.8433,2.8984,2.8433,2.7884,2.7884,2.7884,2.7884,2.7884,2.8433,2.8433,2.7884,2.7884,2.7884,2.7884,2.7337
1986-09-01 00:00:00,2,4.2323,4.0517,3.9323,3.8137,3.8137,3.8137,3.6961,3.6961,3.5213,3.4635,3.4635,3.4635,3.4635,3.4635,3.4635,3.4059,3.4059,3.4059,3.3486,3.3486,3.3486,3.2914,3.2346,3.2346,3.2346,3.2346,3.2346,3.1779,3.2914,3.5213,
1986-08-01 00:00:00,2,4.7232,4.6611,4.6611,4.5993,4.4762,4.4149,4.293,4.293,4.293,4.293,4.293,4.1719,4.1719,4.1117,4.0517,4.0517,4.0517,4.1117,4.1719,4.0517,4.0517,5.742,6.8742,5.9382,5.3544,5.4829,5.6121,5.2266,4.8479,4.5376,4.6611
1986-07-01 00:00:00,2,5.163,5.0364,5.0364,5.163,5.2266,5.2266,5.2266,5.2266,5.163,5.0364,4.9105,4.7855,4.7855,4.7855,4.7855,4.7232,4.7232,4.7232,4.6611,4.6611,4.5993,4.6611,4.7855,5.4185,5.6769,5.5474,5.3544,5.0364,4.9734,5.0996,4.7855
1986-06-01 00:00:00,2,6.4021,6.4691,6.3353,6.2023,6.136,6.0699,6.004,5.9382,5.9382,5.9382,5.8072,5.8072,5.8072,5.742,5.6769,5.6121,5.5474,5.5474,5.4185,5.4185,5.4185,5.4185,5.3544,5.3544,5.3544,5.2904,5.2904,5.2904,5.2266,5.163,
1986-05-01 00:00:00,2,8.4084,8.0533,8.1949,7.5624,7.3543,7.2163,7.1476,7.0106,7.0106,7.079,7.0106,7.0106,10.4622,9.4953,9.2023,8.6951,7.9827,7.6321,7.3543,7.079,7.0106,7.079,6.9423,6.7385,6.6035,6.5362,6.4691,6.4021,6.4021,6.3353,6.2023
1986-04-01 00:00:00,2,9.0567,8.7671,8.6951,8.5515,8.4084,8.2659,8.1949,8.0533,7.9123,7.842,7.842,7.7719,9.2023,8.6951,8.3371,8.2659,8.1949,7.842,7.5624,7.5624,7.5624,7.4235,7.3543,7.2852,7.4235,7.6321,8.4799,10.4622,9.7164,9.3485,
1986-03-01 00:00:00,2,18.6553,20.0506,17.7957,17.0305,17.1151,17.0305,17.1999,16.3572,15.8565,14.5399,13.6509,12.5394,11.4511,11.2975,10.9159,10.5375,10.2371,10.0131,9.9387,9.8645,9.7904,9.7904,9.5688,9.7904,10.1623,10.0876,9.8645,9.7904,9.6425,9.4953,9.2754
1986-02-01 00:00:00,2,12.618,11.3742,10.84,11.9146,12.3825,15.1948,16.1064,17.4546,19.4372,20.6751,19.8749,18.0526,15.8565,15.1948,15.6076,18.5689,20.4916,30.8654,30.8654,31.2501,40.7511,41.6364,39.4409,37.3045,30.4831,25.7285,23.3867,21.0444,,,
1986-01-01 00:00:00,2,20.4032,20.6751,21.3224,20.6751,18.5689,19.0888,19.1757,23.5766,24.1484,23.3867,25.0121,36.051,36.4665,38.5792,41.6364,64.6059,42.0826,34.8188,30.8654,28.607,24.9158,23.3867,21.137,18.6553,16.441,14.2151,14.2151,14.3773,14.5399,14.1342,13.7312
1985-12-01 00:00:00,2,11.9146,9.0567,7.7019,15.6076,17.3696,16.023,16.1064,15.6904,14.0533,9.8645,7.6321,6.6709,5.6769,5.3544,6.6709,8.1949,6.6709,6.2023,6.0699,5.3544,6.0699,8.4084,11.0682,11.221,10.6885,12.3042,13.7312,17.7957,17.1151,17.9669,19.4372
1985-11-01 00:00:00,2,6.136,6.6709,8.4799,15.2771,13.3311,12.5394,12.4609,9.9387,7.7719,6.7385,5.8726,5.4185,5.0364,4.4149,4.3538,4.1117,3.9323,3.8729,3.8137,3.1215,2.9538,3.8729,6.0699,6.4691,6.8063,11.4511,12.148,16.693,16.6089,14.2151,
1985-10-01 00:00:00,2,7.2852,6.004,6.6709,6.8742,6.4021,5.742,5.4829,5.742,6.2687,5.9382,5.3544,5.0996,4.8479,4.7232,4.5993,4.4762,4.5376,4.7232,4.1719,4.0517,3.9323,5.0996,5.4829,4.9105,4.9105,5.4829,5.0364,4.9734,5.2266,6.9423,6.4691
1985-09-01 00:00:00,2,5.163,5.0996,5.0364,5.0364,5.0364,5.163,5.4829,5.9382,5.6121,5.3544,5.2266,5.163,5.0364,4.9734,4.9105,4.8479,4.6611,4.6611,4.5993,4.4762,4.4149,4.4149,4.2323,8.124,10.0876,9.8645,8.0533,6.6035,4.2323,7.9123,
1985-08-01 00:00:00,2,6.4021,6.3353,6.2023,6.2023,6.2023,6.2023,6.136,6.0699,6.0699,6.004,5.9382,5.9382,5.9382,5.8726,5.8072,5.742,5.6769,5.5474,5.5474,5.5474,5.5474,5.5474,5.742,5.8726,5.6769,5.5474,5.5474,5.4829,5.4185,5.3544,5.2904
1985-07-01 00:00:00,2,7.6321,7.5624,7.4235,7.4235,7.2852,7.2163,7.1476,7.1476,7.1476,7.1476,7.079,7.0106,6.8742,6.8742,6.8742,6.8742,6.8742,6.8063,6.7385,6.7385,6.7385,6.6035,6.6035,6.6035,6.6035,6.4691,6.4691,6.4691,6.4691,6.4691,6.4691
1985-06-01 00:00:00,2,8.2659,8.1949,8.124,8.3371,8.5515,8.4084,8.2659,8.124,7.9827,7.9827,7.9827,7.9827,7.842,7.842,7.842,7.842,7.7719,7.7019,7.7019,7.6321,7.5624,7.5624,7.5624,7.4929,7.4235,8.8393,8.5515,10.992,8.9116,7.9123,
1985-05-01 00:00:00,2,10.387,10.2371,10.387,10.387,10.387,10.2371,10.0876,9.9387,9.7904,9.7164,9.7164,9.7164,9.8645,9.7164,9.5688,9.3485,9.2023,9.0567,8.9116,8.8393,8.8393,8.8393,8.9116,8.8393,8.6951,8.5515,8.5515,8.4084,8.2659,8.2659,8.2659
1985-04-01 00:00:00,2,16.946,16.1899,15.6904,14.9484,14.5399,14.2961,14.1342,13.7312,13.3311,13.0923,12.8547,12.5394,12.3825,12.3042,12.148,11.9146,11.7596,11.528,11.4511,11.7596,12.0701,11.837,11.6051,11.2975,11.1445,10.992,10.9159,10.7642,10.6885,10.5375,
1985-03-01 00:00:00,2,23.3867,24.1484,23.6716,23.008,21.7875,19.6995,19.35,19.0019,19.0888,19.35,24.3397,34.4128,33.2091,27.8732,27.5098,27.5098,24.8196,24.0528,23.3867,23.2919,25.0121,29.3504,31.2501,30.4831,27.8732,24.7234,23.1025,21.0444,20.2267,18.3964,17.625
1985-02-01 00:00:00,2,56.5671,55.5353,54.0054,50.5183,46.6746,25.0121,39.8753,39.4409,38.1519,34.8188,29.3504,30.1032,29.7256,28.9775,26.7902,24.7234,23.1972,21.9743,20.3149,18.7418,17.7957,16.946,16.5249,20.9519,20.3149,19.0019,18.5689,19.7872,,,
1985-01-01 00:00:00,2,19.6995,21.8809,23.5766,22.9136,21.6012,19.6995,18.1384,16.2735,17.4546,19.4372,20.4916,22.4428,25.3794,62.4103,49.0592,59.1877,56.5671,52.4968,44.3491,48.0983,72.5873,58.1324,58.6589,60.7884,69.1101,62.4103,55.5353,55.5353,58.6589,59.7189,58.1324
1984-12-01 00:00:00,2,5.5474,6.0699,10.387,9.5688,8.9116,8.9841,9.7164,11.6823,13.9726,15.1125,12.8547,11.9146,13.3311,12.0701,14.703,15.6904,22.8192,30.4831,32.4184,30.8654,27.1488,24.6273,22.9136,20.7673,19.612,23.4816,18.8284,15.5248,14.7847,15.6076,17.7103
1984-11-01 00:00:00,2,3.1779,3.1215,3.1215,3.0654,3.0095,2.9538,2.8984,2.8984,2.8984,2.8984,2.7884,2.8984,2.7884,2.7884,2.7884,2.7337,2.6794,2.6794,2.6794,2.6794,4.5993,22.6308,18.7418,11.7596,10.312,8.0533,6.3353,6.2023,6.2687,5.6769,
1984-10-01 00:00:00,2,3.9919,3.8137,3.7548,3.6961,3.6376,3.5213,3.4635,3.4059,3.3486,3.2346,3.2346,3.3486,3.2914,3.3486,3.2346,3.2346,3.3486,3.4059,9.9387,11.3742,6.4021,4.8479,4.1719,3.9919,4.3538,3.8137,3.6961,3.5793,3.4635,3.2914,3.2346
1984-09-01 00:00:00,2,6.0699,4.9105,4.4149,4.2323,3.9919,3.9323,3.9919,5.163,8.6951,9.8645,9.7164,7.5624,5.9382,5.0996,4.5376,4.5376,4.5993,4.4762,4.293,4.2323,4.7232,4.9734,4.6611,4.3538,4.1117,3.9919,4.1117,4.4149,4.5993,4.2323,
1984-08-01 00:00:00,2,3.7548,3.7548,3.7548,3.6961,3.6961,3.6961,3.6376,3.5793,3.5793,3.5213,3.4635,3.4059,3.3486,3.4059,3.4635,3.4635,3.4635,3.4635,3.4635,3.4635,3.4635,3.4635,3.5213,3.8137,3.8729,6.2687,6.8063,6.0699,5.0364,4.0517,6.6035
1984-07-01 00:00:00,2,4.0517,4.0517,4.0517,4.0517,4.0517,4.0517,4.0517,4.0517,3.9323,3.9323,3.9323,3.9323,3.9323,3.9323,3.8729,3.8137,3.8137,3.8137,3.7548,3.6961,3.6961,3.6961,3.6961,3.6961,3.6961,3.6961,3.6961,3.7548,3.8137,3.8137,3.8137
1984-06-01 00:00:00,2,4.5993,4.5993,4.5376,4.5376,4.5376,4.5376,4.4762,4.4762,4.4149,4.4149,4.4149,4.4149,4.4149,4.4149,4.3538,4.293,4.293,4.293,4.293,4.1719,4.1719,4.1719,4.1117,4.1117,4.0517,4.0517,4.1117,4.0517,4.0517,4.0517,
1984-05-01 00:00:00,2,5.8072,6.004,6.3353,6.2687,6.004,5.8726,5.8072,5.6769,5.6121,5.5474,5.5474,5.4829,5.4185,5.4185,5.2904,5.2904,5.3544,5.3544,5.2904,5.2904,5.2266,5.163,5.0996,5.0364,5.0364,5.0364,4.9105,4.7855,4.7232,4.7232,4.6611
1984-04-01 00:00:00,2,7.1476,7.079,9.3485,10.2371,9.9387,9.7164,10.0876,10.5375,9.5688,8.4084,7.7719,7.4929,7.2163,7.2852,7.2852,6.8063,6.6709,6.6035,6.4021,6.2023,6.2023,6.136,6.0699,6.0699,6.0699,6.0699,6.0699,6.004,5.9382,5.9382,
1984-03-01 00:00:00,2,7.6321,7.4929,7.4235,7.4235,7.2852,7.3543,7.5624,8.8393,9.2754,9.2754,9.7164,9.7164,10.2371,12.5394,12.3825,11.6051,10.0876,9.2754,8.5515,8.0533,7.7719,8.1949,8.9841,8.6232,8.2659,7.7719,7.6321,7.4929,7.2163,7.079,7.0106
1984-02-01 00:00:00,2,14.6214,12.6968,11.4511,10.6129,9.4953,9.6425,9.2023,9.4218,9.2023,9.0567,9.1295,9.3485,9.2754,9.0567,8.8393,8.6951,8.5515,8.3371,8.2659,8.2659,8.4084,8.4084,8.3371,8.2659,8.0533,8.124,8.0533,7.9123,7.7719,,
1984-01-01 00:00:00,2,18.1384,17.2847,16.8616,16.023,15.1948,14.3773,14.2961,14.6214,14.8665,15.0304,14.6214,14.1342,13.8921,12.618,11.9146,11.6051,10.992,10.6885,10.387,10.1623,11.1445,10.4622,10.1623,11.0682,12.148,13.8921,14.7847,15.1948,15.9397,16.441,15.7734
1983-12-01 00:00:00,2,15.5248,17.4546,21.6012,24.5314,25.0121,24.9158,27.1488,30.8654,32.4184,34.8188,34.4128,33.608,30.8654,28.9775,26.7902,24.9158,24.244,26.7902,29.3504,24.9158,25.3794,27.1488,23.1025,23.1025,23.008,22.5367,22.2551,21.6012,20.5831,19.612,18.6553
1983-11-01 00:00:00,2,9.701,14.0571,13.9731,13.8891,18.9426,24.3397,18.8524,10.4784,12.3181,10.8723,12.8094,24.3397,29.3504,26.0801,32.4184,36.4665,34.4128,30.8654,27.5098,24.7234,23.2919,20.8596,19.8749,18.0526,19.612,19.7872,19.1757,18.5689,17.625,16.3572,
1983-10-01 00:00:00,2,5.9081,5.7715,5.7034,5.568,5.4333,5.4333,5.2994,5.2994,5.7715,6.0454,5.9767,6.3921,10.9515,9.701,11.1103,16.1955,24.1484,28.2389,27.1488,25.3794,22.1614,19.3043,19.1233,17.6894,17.6894,17.6894,16.7192,14.7335,12.0742,10.4,9.4706
1983-09-01 00:00:00,2,6.0454,5.9767,5.9767,5.9767,5.9767,5.9767,6.1144,6.2529,6.3921,6.4619,6.4619,6.6022,6.6726,7.8957,8.9382,9.9327,11.1103,10.9515,10.6355,9.3177,8.7122,8.3387,7.0273,7.1703,6.6022,6.8139,6.7432,6.3921,6.2529,6.0454,
1983-08-01 00:00:00,2,7.8224,7.6764,7.6764,7.5309,7.3862,7.3862,7.2421,7.2421,7.2421,7.2421,7.0987,7.0987,7.0273,6.956,6.956,6.956,6.8139,6.8139,6.6726,6.6726,6.6726,6.956,6.956,6.8139,6.7432,6.6022,6.532,6.3921,6.2529,6.1835,6.1144
1983-07-01 00:00:00,2,9.3177,9.1655,9.0895,9.0138,8.8627,8.8627,8.7874,8.7122,8.7122,8.5623,8.4876,8.4131,8.2645,8.2645,8.2645,8.2645,8.1165,8.1165,8.1165,8.5623,9.4706,10.0102,9.7781,9.2415,8.9382,8.4876,8.3387,8.1904,8.1165,7.9691,7.8224
1983-06-01 00:00:00,2,15.3315,15.2458,14.9038,14.3944,13.7217,13.3882,13.0567,12.3997,12.0742,11.5899,11.2696,11.0308,10.7932,10.7143,10.7143,10.5569,10.4,10.4,10.3218,10.1657,10.0879,9.8553,9.7781,9.7781,9.7781,9.6241,9.6241,9.4706,9.4706,9.3941,
1983-05-01 00:00:00,2,24.1484,22.6308,20.8596,19.1233,17.512,16.5442,15.6758,14.9038,14.479,14.0571,13.6381,13.3882,13.0567,12.8917,12.7272,12.5632,12.3997,12.3181,12.1554,12.0742,11.9932,11.8314,11.7508,11.6703,12.3181,12.3181,12.4814,12.3997,16.9825,17.1586,15.4174
1983-04-01 00:00:00,2,18.3134,17.8671,17.6006,17.2468,16.6316,16.2825,17.2468,19.2137,19.6677,21.0444,21.9743,22.725,23.008,22.5367,21.9743,21.6943,21.3224,20.0327,18.5825,17.7782,17.2468,16.6316,16.4568,16.2825,18.7623,20.0327,19.85,23.4816,26.0801,25.7285,
1983-03-01 00:00:00,2,27.1488,23.008,26.0801,34.4128,38.1519,37.727,39.8753,39.8753,38.5792,36.8843,33.608,31.2501,29.7256,26.4339,27.1488,25.3794,24.1484,23.7668,23.2919,22.6308,22.2551,21.6943,21.4152,21.3224,20.9519,19.6677,19.3043,19.0329,18.7623,18.4927,18.4927
1983-02-01 00:00:00,2,39.4409,35.2272,55.5353,26.0801,41.1926,50.0295,52.4968,52.9973,56.05,61.8673,66.8391,62.4103,61.3267,59.7189,56.5671,54.0054,49.5432,44.8095,41.6364,38.1519,37.727,30.4831,28.2389,27.8732,26.7902,24.9158,24.8196,24.9158,,,
1983-01-01 00:00:00,2,33.608,36.8843,40.7511,42.9821,87.344,75.5498,56.05,52.9973,46.6746,35.2272,42.9821,40.312,34.4128,34.4128,37.3045,36.8843,32.8125,37.727,51.9986,47.1468,52.4968,56.5671,45.2722,50.0295,30.4831,51.0093,45.7373,42.0826,40.312,41.6364,38.1519
1982-12-01 00:00:00,2,3.4534,4.5775,6.1144,7.8224,10.4,6.532,5.7715,5.7715,5.7034,5.4333,5.2994,4.7719,1.6157,3.8816,3.6966,11.2696,10.8723,16.0218,10.6355,11.9932,11.1899,11.0308,11.5899,10.5569,10.8723,10.4,10.7143,10.3218,16.2825,26.7902,65.7178
1982-11-01 00:00:00,2,10.5569,4.5131,3.9437,3.8197,3.5745,3.5138,3.5138,3.3932,3.3332,3.3332,3.3332,3.4534,3.758,3.6354,11.0308,7.0273,6.6022,7.5309,4.7719,4.7069,6.956,7.5309,5.7034,4.4489,3.9437,3.758,3.3932,3.2141,3.2735,3.5745,
1982-10-01 00:00:00,2,3.9437,3.8816,5.1663,4.9682,4.6421,4.385,4.1945,4.5775,4.9025,5.2994,5.034,4.9025,5.8397,4.9025,5.2327,4.7719,4.385,4.3213,3.8197,4.5775,8.2645,5.7034,5.034,4.5775,4.9025,6.7432,5.2994,4.4489,4.2578,4.3213,4.3213
1982-09-01 00:00:00,2,5.034,4.9682,4.9682,4.9682,4.9025,4.8371,4.8371,4.7719,4.7069,4.6421,4.5775,4.5775,4.5131,4.385,4.2578,4.0687,4.0061,4.0061,4.0061,4.0061,4.0687,4.0687,4.0687,4.1315,4.1315,4.0687,3.9437,3.9437,4.0687,3.9437,
1982-08-01 00:00:00,2,6.1144,6.1144,6.1144,6.1144,5.9767,5.9767,5.9767,5.9767,5.7715,5.7034,5.7715,5.7715,5.7034,5.568,5.5005,5.4333,5.4333,5.4333,5.4333,5.4333,5.3663,5.2994,5.2327,5.1663,5.1663,5.1663,5.1663,5.1663,5.1663,5.034,5.034
1982-07-01 00:00:00,2,7.3141,7.3141,7.3141,7.3141,7.2421,7.2421,7.1703,7.1703,7.0987,7.0987,7.0987,7.0987,7.0987,7.0987,7.0987,7.0987,6.8139,6.8139,6.8139,6.6726,6.6726,6.6022,6.532,6.2529,6.2529,6.2529,6.1835,6.1144,6.1144,6.1144,6.1144
1982-06-01 00:00:00,2,11.1103,10.9515,10.6355,10.1657,10.0102,9.701,9.4706,9.3177,9.1655,8.9382,8.8627,8.7122,8.5623,8.5623,8.4876,8.4131,8.3387,8.1904,7.8957,7.6036,7.2421,7.0273,6.956,6.956,6.956,6.956,6.956,6.956,6.956,6.956,
1982-05-01 00:00:00,2,11.2696,10.5569,10.0879,10.0102,9.9327,9.7781,9.7781,9.6241,9.6241,9.6241,9.6241,9.5473,9.5473,9.5473,9.3177,10.0102,10.0102,10.0102,9.7781,9.701,10.0102,10.4784,10.8723,11.2696,11.4295,11.5096,11.6703,11.9122,11.5899,11.4295,11.2696
1982-04-01 00:00:00,2,24.5314,24.1484,23.4816,23.1025,22.6308,21.8809,21.5081,21.3224,21.4152,20.7673,20.5831,20.3074,20.1241,19.85,19.4858,19.2137,18.9426,18.7623,18.4927,18.224,17.6894,17.0705,16.1086,14.8186,13.7217,12.8917,12.3997,12.0742,11.7508,11.5096,
1982-03-01 00:00:00,2,16.2825,15.7621,16.2825,17.2468,18.4927,19.395,21.4152,22.9136,24.0528,28.607,24.4355,23.7668,23.4816,23.2919,23.1972,23.6716,34.0092,32.8125,36.051,37.727,40.7511,44.3491,47.1468,41.1926,36.8843,36.051,35.2272,33.608,31.6372,28.607,24.9158
1982-02-01 00:00:00,2,52.9973,49.5432,48.5775,45.7373,42.5312,36.051,34.8188,30.8654,27.1488,24.3397,23.1025,21.3224,19.7588,18.8524,18.3134,17.6006,17.1586,16.6316,16.1086,15.8486,15.5895,15.1601,14.9891,14.9038,14.1412,13.8054,13.6381,13.4714,,,
1982-01-01 00:00:00,2,19.4858,19.4858,20.0327,20.2157,21.9743,22.0678,22.5367,23.008,22.8192,22.9136,22.9136,23.3867,23.5766,23.1972,23.008,23.5766,24.244,23.4816,23.2919,23.8621,40.7511,39.0089,42.0826,50.5183,49.5432,94.5605,76.7512,82.2744,73.1751,69.6838,55.023
1981-12-01 00:00:00,2,19.4858,20.8596,26.4339,24.4355,23.1972,21.4152,19.4858,17.8671,18.224,18.9426,19.7588,21.4152,22.2551,23.3867,23.5766,22.9136,22.2551,21.5081,20.0327,18.7623,17.6894,16.4568,16.0218,15.7621,15.0746,14.7335,21.5081,22.0678,20.2157,18.8524,18.3134
1981-11-01 00:00:00,2,4.8371,5.034,5.034,5.2327,5.7715,6.1144,6.4619,6.6022,6.6022,6.8139,20.8596,19.85,18.8524,17.8671,17.2468,16.4568,16.0218,15.5034,14.3944,13.3052,15.8486,16.5442,17.3351,19.85,23.2919,27.5098,24.9158,23.8621,21.7875,42.9821,
1981-10-01 00:00:00,2,2.2457,2.3553,4.7069,5.1,3.9437,3.2735,3.096,2.8631,2.7482,2.6912,2.6912,17.9562,18.1346,10.7143,8.3387,8.4876,8.7874,8.4131,8.1904,8.1165,7.8224,6.3921,5.2994,4.7069,4.5131,4.9682,5.2327,5.034,4.9025,4.8371,4.8371
1981-09-01 00:00:00,2,2.6345,2.6345,2.6345,2.6345,2.5781,2.5781,2.5781,2.5781,2.5781,2.5781,2.4661,2.4661,2.4105,2.4105,2.3553,2.3553,2.3553,2.3553,2.3003,2.3003,2.2457,2.2457,2.2457,2.2457,2.2457,2.2457,2.3003,2.3003,2.3003,2.2457,
1981-08-01 00:00:00,2,2.979,2.9209,2.9209,2.9209,2.8631,2.8055,2.8055,2.8055,2.7482,2.7482,2.6912,2.6912,2.6912,2.6345,2.6345,2.6345,2.5781,3.1549,4.3213,3.6966,3.4534,3.3332,3.2735,3.2735,2.979,2.9209,2.8631,2.8055,2.7482,2.7482,2.7482
1981-07-01 00:00:00,2,3.3932,3.3932,3.3332,3.3332,3.3332,3.3332,3.3332,3.3332,3.3332,3.2735,3.2735,3.2735,3.2735,3.2141,3.2141,3.1549,3.1549,3.096,3.096,3.096,3.0374,3.0374,3.0374,3.0374,3.0374,3.0374,3.0374,3.0374,3.0374,3.0374,3.0374
1981-06-01 00:00:00,2,4.3213,4.8371,5.034,5.034,4.9025,4.7719,4.7069,4.6421,4.6421,4.5131,4.5131,4.5131,4.3213,4.2578,4.1945,4.0687,4.0061,3.8816,3.8816,3.8197,3.758,3.758,3.758,3.6966,3.6966,3.6354,3.5138,3.4534,3.4534,3.3932,
1981-05-01 00:00:00,2,4.5775,4.7069,4.5775,4.5131,4.5131,4.4489,4.385,4.3213,4.2578,4.2578,4.1945,3.8816,3.8816,3.6966,3.6966,3.6966,3.6966,3.6966,3.6966,3.6966,3.6966,3.6966,3.6966,3.8816,3.8816,3.9437,3.9437,4.0061,4.0061,4.0687,4.0687
1981-04-01 00:00:00,2,11.2696,11.0308,11.0308,10.6355,9.4706,7.7493,7.3141,7.0273,6.8849,6.6726,6.4619,6.1835,5.7715,5.568,5.034,4.9025,4.7719,4.7719,4.7069,4.6421,4.6421,4.4489,4.385,4.385,4.385,4.3213,4.1945,4.0687,4.0687,4.3213,
1981-03-01 00:00:00,2,4.5131,4.5131,4.5131,4.4489,4.7069,4.8371,5.034,5.6356,7.9691,6.6022,5.8397,5.6356,5.4333,5.2994,5.1,4.9682,4.7069,4.4489,4.2578,5.6356,11.1103,9.3177,8.0427,7.3862,6.8139,7.3862,8.0427,8.7874,9.701,10.4784,10.7932
1981-02-01 00:00:00,2,11.4295,7.7493,10.4784,10.0879,9.6241,9.3177,8.9382,8.6372,8.2645,7.8957,7.7493,7.5309,7.4585,7.2421,7.0273,6.6022,6.1835,5.7034,5.3663,5.2327,5.1,4.9682,4.9025,4.8371,4.7069,4.6421,4.5775,4.5131,,,
1981-01-01 00:00:00,2,5.9081,5.7034,5.5005,5.4333,5.2327,5.1,4.9682,4.9025,4.7069,4.2578,3.5745,7.3141,11.0308,15.3315,16.9825,17.4235,17.6894,17.9562,18.224,18.5825,18.6723,19.2137,18.9426,18.3134,17.7782,14.6486,11.2696,10.9515,10.6355,10.1657,10.1657
1980-12-01 00:00:00,2,15.8486,16.6316,19.1232,18.8524,18.7623,19.1232,19.4858,19.9413,20.2157,20.5831,20.8596,21.137,21.4152,21.0444,20.1241,19.4858,18.9426,18.403,16.9825,15.5034,14.0571,12.6451,11.5899,10.6355,10.0102,8.6372,7.2421,5.6356,6.3224,7.4585,6.532
1980-11-01 00:00:00,2,2.4105,2.4105,2.3553,2.3553,2.3553,2.3003,2.2457,4.0687,4.3213,5.1,4.9682,4.7069,4.385,11.7508,11.4295,11.0308,10.7932,10.5569,10.2437,9.9327,10.5569,14.3099,14.0571,15.4174,17.6894,17.1586,16.1955,15.3315,14.7335,15.0746,
1980-10-01 00:00:00,2,4.1315,3.8816,3.6354,3.5138,3.3932,3.3332,3.2735,3.2141,3.2735,3.5138,3.8197,4.1945,4.7719,5.4333,5.1663,4.8371,4.4489,4.385,4.1945,3.8197,3.6354,3.4534,3.2141,3.096,2.9209,2.8055,2.6912,2.6345,2.5781,2.4661,2.4661
