DataHora,NivelConsistencia,Vazao01,Vazao02,Vazao03,Vazao04,Vazao05,Vazao06,Vazao07,Vazao08,Vazao09,Vazao10,Vazao11,Vazao12,Vazao13,Vazao14,Vazao15,Vazao16,Vazao17,Vazao18,Vazao19,Vazao20,Vazao21,Vazao22,Vazao23,Vazao24,Vazao25,Vazao26,Vazao27,Vazao28,Vazao29,Vazao30,Vazao31
2023-04-01 00:00:00,2,7.6119,7.2531,6.9034,6.4512,6.3407,6.1226,6.015,7.4913,10.2367,8.8734,7.2531,6.3407,6.5628,8.7427,8.7427,7.3717,6.7889,6.5628,7.2531,8.4843,7.3717,6.7889,6.5628,6.4512,6.4512,7.1356,9.1379,9.817,10.5216,9.817,
2023-03-01 00:00:00,2,8.23,8.1044,7.9797,8.3567,8.3567,7.4913,7.1356,11.551,11.1037,11.4009,11.2518,11.1037,10.8106,10.2367,9.5423,8.613,7.6119,7.2531,6.9034,6.6753,10.3786,18.7944,14.4304,10.3786,7.3717,6.6753,6.4512,8.8734,7.4913,7.3717,7.2531
2023-02-01 00:00:00,2,12.7894,12.631,11.551,10.8106,10.2367,9.9559,9.817,18.0251,15.2899,12.9488,12.3172,12.4736,13.5969,14.2616,12.0077,43.8855,32.6328,48.2554,25.5581,12.9488,11.4009,10.2367,10.0957,9.817,9.4065,8.7427,8.4843,8.3567,,,
2023-01-01 00:00:00,2,18.9893,35.2828,42.0863,15.9962,17.6468,24.207,50.2097,31.3485,37.4809,52.2014,43.8855,29.8428,16.537,12.631,12.1619,11.4009,11.1037,10.6656,20.9969,23.5459,24.4295,17.8354,14.0939,17.0872,22.0404,16.9027,16.9027,16.9027,14.2616,13.2708,12.9488
2022-12-01 00:00:00,2,12.0077,23.1104,23.3276,11.2518,9.2717,7.9797,9.1379,9.0052,8.8734,8.3567,7.8561,7.1356,7.3717,15.1159,8.7427,6.7889,6.5628,6.4512,6.2311,7.8561,58.0471,13.9272,8.23,8.4843,8.3567,8.7427,9.4065,9.6791,9.9559,9.9559,11.2518
2022-11-01 00:00:00,2,5.0919,5.9085,7.7335,7.1356,5.4923,4.6138,4.4294,4.7074,5.3907,10.6656,7.6119,11.8544,16.1755,10.8106,42.0863,11.8544,7.7335,6.7889,6.015,5.3907,4.8021,4.7074,4.6138,4.5211,7.2531,9.2717,16.1755,13.1093,12.7894,13.1093,
2022-10-01 00:00:00,2,5.4923,5.4923,5.4923,6.7889,13.1093,10.5216,4.9943,4.4294,4.0725,3.7313,3.5665,3.4056,3.3266,3.1716,3.0204,2.9463,2.9463,2.9463,3.8151,6.7889,5.5948,5.3907,5.5948,6.3407,6.1226,5.0919,4.7074,4.6138,4.6138,6.5628,12.3172
2022-09-01 00:00:00,2,3.0955,3.0955,3.0955,3.0955,3.0955,3.0955,2.9463,2.9463,2.9463,2.9463,2.9463,2.9463,2.9463,2.9463,3.0204,3.0955,3.0955,3.0955,3.0955,3.0955,3.1716,3.2486,3.2486,3.1716,3.1716,3.3266,3.6484,5.6984,5.8029,5.4923,
2022-08-01 00:00:00,2,3.7313,3.7313,3.7313,3.7313,3.7313,3.7313,3.7313,3.7313,3.7313,3.8151,3.8999,3.7313,3.7313,3.6484,3.5665,3.5665,3.4856,3.4856,3.4056,3.4056,3.4056,3.3266,3.2486,3.2486,3.2486,3.2486,3.1716,3.1716,3.0955,3.0955,3.0955
2022-07-01 00:00:00,2,4.5211,4.5211,4.4294,4.4294,4.3387,4.3387,4.249,4.249,4.249,4.249,4.249,4.249,4.249,4.1603,4.1603,4.0725,4.0725,3.9857,3.9857,3.8999,3.8999,3.8999,3.8151,3.8151,3.8151,3.7313,3.7313,3.7313,3.7313,3.7313,3.7313
2022-06-01 00:00:00,2,5.3907,5.3907,5.3907,5.2901,5.2901,5.1905,5.1905,5.1905,5.1905,5.0919,5.0919,5.0919,5.0919,4.9943,4.9943,4.9943,4.9943,4.8977,4.8977,4.8977,4.8021,4.8021,4.8021,4.8021,4.7074,4.7074,4.6138,4.6138,4.6138,4.6138,
2022-05-01 00:00:00,2,6.2311,6.1226,6.015,6.015,6.3407,6.7889,6.6753,6.6753,6.5628,6.4512,6.3407,6.2311,6.2311,6.2311,6.2311,7.3717,8.4843,7.1356,6.9034,6.015,5.5948,5.5948,5.4923,5.3907,5.3907,5.3907,5.3907,5.3907,5.3907,5.3907,5.3907
2022-04-01 00:00:00,2,7.8561,8.4843,9.5423,9.4065,9.2717,8.3567,7.8561,7.7335,7.7335,8.613,8.8734,7.9797,7.8561,8.8734,9.4065,8.23,7.6119,7.3717,7.2531,7.1356,6.9034,6.7889,6.6753,6.6753,6.6753,6.5628,6.4512,6.4512,6.3407,6.2311,
2022-03-01 00:00:00,2,12.631,12.1619,11.8544,11.551,11.4009,11.2518,11.1037,10.8106,10.8106,10.3786,9.9559,9.6791,9.4065,9.4065,9.4065,9.1379,9.0052,8.7427,8.613,8.3567,8.3567,8.3567,8.23,8.1044,8.1044,7.9797,7.8561,7.8561,8.4843,7.9797,7.8561
2022-02-01 00:00:00,2,18.7944,18.6005,18.6005,18.6005,18.9893,19.5805,20.1812,20.587,32.6328,43.8855,53.5499,58.7545,53.5499,46.9734,45.415,60.5411,62.3535,62.3535,67.9451,94.8397,62.3535,38.0413,24.207,15.9962,14.6002,13.2708,13.2708,13.2708,,,
2022-01-01 00:00:00,2,17.8646,24.5726,33.75,20.1891,28.2652,57.3439,75.3597,86.105,108.703,114.504,104.917,67.9451,39.4614,33.9443,18.4077,17.6468,16.3557,15.641,14.4304,12.9488,11.8544,11.551,10.9566,10.2367,9.9559,9.817,9.817,10.0957,12.0077,17.0872,18.9893
2021-12-01 00:00:00,2,5.6464,5.8622,5.7537,5.6464,5.7537,6.8957,9.721,19.4087,15.4237,13.7076,13.163,12.4577,11.4442,11.2804,15.2269,15.4237,13.5246,12.2851,11.118,10.6395,10.6395,10.4829,10.3277,9.721,8.8528,8.3015,8.8528,12.114,17.4782,17.6731,17.2657
2021-11-01 00:00:00,2,22.9613,19.6033,13.5246,10.9571,8.0339,5.6464,14.455,23.3623,18.6339,14.8379,12.2851,10.9571,10.0215,8.7129,7.3884,6.6571,6.3088,6.3088,6.5397,6.3088,6.083,6.1953,6.3088,6.1953,6.083,5.8622,5.6464,5.6464,5.6464,5.6464,
2021-10-01 00:00:00,2,2.1892,2.0719,8.7129,5.6464,6.1953,5.6464,6.1953,6.1953,10.9571,15.4237,35.9034,27.4369,13.343,8.4373,7.1394,6.7757,7.5149,16.4313,29.725,19.4087,20.9747,19.9935,18.441,18.2485,20.1891,21.5674,20.7778,22.9613,22.9613,23.1616,23.5632
2021-09-01 00:00:00,2,2.3105,2.3105,2.3105,2.3105,2.1892,2.1892,2.1892,2.1301,2.0719,2.0719,2.0719,1.9586,1.9586,1.9586,1.9586,1.9034,1.8491,1.8491,1.8491,1.8491,1.8491,1.8491,1.8491,1.9034,1.8491,2.1301,2.1301,2.0148,2.5,2.1892,
2021-08-01 00:00:00,2,2.6988,2.6988,2.6988,2.6988,2.6988,2.6988,2.6315,2.5652,2.5652,2.5652,2.5652,2.5652,2.5652,2.5,2.4358,2.4358,3.7532,3.4301,3.1994,2.9069,2.7671,2.6988,2.6988,2.5652,2.5652,2.5652,2.5,2.4358,2.3726,2.3105,2.3105
2021-07-01 00:00:00,2,3.2752,3.2752,3.2752,3.2752,3.2752,3.1994,3.1246,3.1246,3.1246,3.1246,3.051,2.9784,2.9784,2.9784,2.9784,2.9784,2.9784,2.9784,2.9784,2.9069,2.9069,2.8365,2.8365,2.8365,2.8365,2.8365,2.8365,2.8365,2.7671,2.6988,2.6988
2021-06-01 00:00:00,2,12.6318,10.4829,4.8322,4.8322,4.8322,4.7359,4.6407,4.6407,4.5467,4.4539,4.3623,4.2718,4.2718,4.2718,4.0944,3.9215,3.6708,3.5894,3.5894,3.5894,3.5894,3.5894,3.5894,3.5092,3.5092,3.4301,3.4301,3.2752,3.2752,3.2752,
2021-05-01 00:00:00,2,4.2718,4.2718,4.0944,4.0074,3.9215,3.9215,3.8368,3.7532,3.7532,3.7532,3.7532,3.7532,3.7532,3.7532,3.7532,3.6708,3.5894,3.5894,3.5894,3.5894,3.5894,3.5894,3.5894,3.5894,3.5894,3.5894,3.5092,3.4301,3.4301,3.4301,3.4301
2021-04-01 00:00:00,2,5.8622,5.6464,5.5404,5.4356,5.4356,5.2296,5.0285,5.0285,4.9298,4.8322,4.8322,4.8322,4.7359,4.6407,4.6407,4.5467,4.4539,4.4539,4.4539,4.4539,4.4539,4.4539,4.4539,4.6407,4.6407,4.4539,4.4539,4.3623,4.2718,4.2718,
2021-03-01 00:00:00,2,16.2266,21.3695,8.167,8.0339,7.7717,8.167,10.0215,9.4261,9.4261,9.4261,9.1367,8.8528,8.5744,7.9022,7.2633,7.0169,6.8957,6.7757,6.6571,6.5397,6.3088,6.1953,5.8622,5.6464,5.6464,5.6464,6.3088,6.7757,6.5397,6.3088,6.083
2021-02-01 00:00:00,2,5.6464,5.6464,5.5404,5.5404,5.7537,6.083,6.4237,6.6571,7.2633,6.083,5.6464,5.7537,6.083,7.5149,9.4261,10.1739,10.6395,39.176,21.9641,19.0206,14.455,11.6095,11.6095,14.8379,31.1975,22.362,19.2145,16.2266,,,
2021-01-01 00:00:00,2,18.6339,36.9887,53.5499,35.9034,22.5615,22.1629,22.362,33.75,28.2652,22.362,19.0206,15.4237,14.0783,13.343,12.9844,12.2851,11.6095,10.3277,9.1367,8.8528,8.7129,8.167,7.5149,7.2633,7.1394,7.0169,6.8957,6.6571,6.3088,5.972,5.8622
2020-12-01 00:00:00,2,4.7359,32.6822,26.4076,26.2026,25.1817,23.3623,21.7656,19.6033,17.2657,32.6822,34.6086,32.4694,30.5649,30.1445,29.725,29.725,29.5157,29.0978,28.681,28.681,29.3066,29.5157,88.2505,31.6205,20.385,18.2485,17.6731,16.8453,15.8221,15.0316,14.8379
2020-11-01 00:00:00,2,4.8322,5.6464,5.6464,7.2633,6.1953,5.6464,5.5404,5.6464,8.3015,6.083,5.1284,33.75,36.9887,35.687,29.3066,19.6033,10.3277,9.721,9.721,9.4261,8.8528,6.8957,5.6464,5.4356,4.9298,4.5467,4.3623,4.2718,4.2718,4.4539,
2020-10-01 00:00:00,2,2.1301,2.0719,2.0148,1.9586,1.9586,1.9034,1.8491,1.8491,2.0719,2.2494,2.4358,2.4358,2.4358,2.4358,2.4358,3.1994,3.5894,3.5894,3.4301,3.3521,3.1994,3.051,2.9784,4.4539,4.8322,4.3623,4.2718,4.0944,3.9215,3.9215,4.7359
2020-09-01 00:00:00,2,2.9784,2.9069,2.8365,2.8365,2.8365,2.8365,2.6988,2.6988,2.6988,2.6988,2.6315,2.5652,2.5652,2.5652,2.5,2.3726,2.3105,2.3105,2.3105,2.3105,2.3105,2.3726,2.4358,2.5652,2.5652,2.4358,2.3726,2.3105,2.2494,2.1892,
2020-08-01 00:00:00,2,3.4301,3.4301,3.3521,3.2752,3.2752,3.2752,3.2752,3.2752,3.2752,3.2752,3.2752,3.2752,3.2752,3.2752,3.2752,3.2752,3.1994,3.1246,3.1246,3.1246,3.2752,4.0074,4.4539,4.0944,3.7532,3.6708,3.3521,3.2752,3.1994,3.1246,3.051
2020-07-01 00:00:00,2,3.9215,3.9215,4.0074,4.0944,4.0074,3.9215,3.9215,3.9215,3.9215,3.8368,3.7532,3.7532,3.7532,3.7532,3.7532,3.7532,3.7532,3.7532,3.7532,3.7532,3.5894,3.5894,3.5894,3.5894,3.5894,3.5092,3.4301,3.4301,3.4301,3.4301,3.4301
2020-06-01 00:00:00,2,5.2296,5.1284,5.0285,5.0285,5.0285,4.8322,4.8322,4.8322,4.8322,4.6407,4.6407,4.6407,4.6407,4.6407,4.6407,4.6407,4.6407,4.6407,4.4539,4.4539,4.4539,4.5467,4.4539,4.3623,4.2718,4.0944,4.0944,4.0944,4.0944,3.9215,
2020-05-01 00:00:00,2,6.3088,6.083,6.083,6.083,6.083,5.972,5.8622,6.8957,6.6571,6.083,5.8622,5.8622,5.8622,5.972,6.3088,6.3088,6.083,5.8622,5.7537,5.6464,5.6464,10.9571,8.7129,6.1953,5.6464,5.5404,5.5404,5.4356,5.4356,5.332,5.2296
2020-04-01 00:00:00,2,24.3701,16.4313,11.6095,10.9571,10.6395,10.3277,11.7762,13.5246,11.7762,10.9571,10.9571,10.7976,10.6395,10.6395,10.3277,10.3277,10.3277,10.1739,10.3277,10.1739,9.8706,9.5728,8.8528,8.0339,7.2633,6.7757,6.7757,6.7757,6.5397,6.4237,
2020-03-01 00:00:00,2,48.5786,58.4003,48.2554,46.3386,21.172,26.2026,19.0206,17.4782,16.8453,15.2269,14.2659,13.343,12.9844,12.9844,12.8074,12.8074,12.4577,12.114,11.6095,10.9571,25.1817,30.5649,26.2026,18.2485,13.7076,11.9444,11.118,10.6395,9.8706,9.5728,13.5246
2020-02-01 00:00:00,2,19.2145,16.0236,13.7076,13.5246,21.172,40.057,39.176,35.4709,24.9783,17.6731,19.2145,24.3701,56.6448,59.8234,22.362,21.5674,28.473,82.7252,22.7612,16.0236,24.5726,18.441,18.441,14.2659,19.6033,39.176,20.7778,111.102,47.2923,,
2020-01-01 00:00:00,2,3.1246,4.0074,4.4539,5.4356,13.5246,15.4237,9.8706,13.5246,9.4261,10.9571,24.3701,24.3701,20.385,11.118,11.9444,10.6395,9.8706,17.4782,12.6318,10.6395,9.4261,8.9941,10.6395,38.0796,167.879,43.8412,21.172,20.385,29.3066,20.5813,19.9935
2019-12-01 00:00:00,2,3.1246,7.7717,7.1394,4.3623,3.9215,10.7976,4.9298,3.8368,3.2752,7.7717,29.5157,17.2657,10.3277,7.6426,6.3088,5.7537,5.5404,5.4356,5.332,5.0285,4.7359,5.1284,4.9298,13.8922,10.9571,8.8528,7.2633,4.9298,3.5092,3.2752,3.1994
2019-11-01 00:00:00,2,2.6315,2.2494,2.1301,2.0148,1.9034,1.8491,2.8365,5.2296,3.1994,4.0074,3.5894,2.9784,2.8365,2.5652,5.1284,7.3884,4.6407,5.1284,5.6464,4.4539,4.0074,3.6708,6.1953,5.332,4.0944,3.9215,3.4301,2.9069,3.2752,2.9784,
2019-10-01 00:00:00,2,3.2752,2.5652,2.2494,2.1892,2.1301,2.0148,1.8491,1.7435,2.3105,2.1892,2.1301,2.0148,1.8491,1.6921,1.5921,1.5435,1.4959,1.4491,1.6416,3.6708,2.7671,2.7671,2.6988,2.5652,2.7671,2.6988,2.6315,2.3726,2.2494,3.8368,5.8622
2019-09-01 00:00:00,2,1.7435,1.6416,1.6416,1.5921,1.5435,1.5435,1.4959,1.4491,1.4491,1.4491,1.3583,1.3583,1.3583,1.3583,1.3583,1.2711,1.2711,1.2711,1.2711,1.2711,1.2711,1.2288,1.1874,1.1874,1.4959,3.1246,11.7762,5.972,5.0285,4.0074,
2019-08-01 00:00:00,2,1.7435,1.7435,1.7435,1.7435,1.7435,1.7958,1.7958,1.7435,1.7435,1.7435,1.6921,1.6416,1.6416,1.6416,1.6416,1.6416,1.6416,1.6416,1.5921,1.5921,1.7435,1.8491,1.7958,1.7435,1.7435,1.7435,1.7435,1.7435,1.7435,1.7435,1.7435
2019-07-01 00:00:00,2,1.9586,1.9586,1.9586,1.9586,1.9034,1.8491,1.8491,1.8491,1.8491,1.8491,1.8491,1.8491,1.8491,1.7958,1.7958,1.7958,1.7435,1.7435,1.7435,1.7435,1.7435,1.7435,1.7435,1.7435,1.7435,1.7435,1.7435,1.7435,1.7435,1.7435,1.7435
2019-06-01 00:00:00,2,2.4358,2.4358,2.3726,2.3726,2.3105,2.3105,2.3105,2.3105,2.3105,2.3105,2.3105,2.3726,2.4358,2.4358,2.4358,2.4358,2.3726,2.3105,2.3105,2.2494,2.1892,2.1892,2.1892,2.1892,2.1892,2.1301,2.0719,2.0719,2.0719,2.0148,
2019-05-01 00:00:00,2,2.9784,2.9784,3.1994,3.4301,3.3521,3.1246,2.9784,2.9784,2.9784,2.9784,2.9069,2.8365,2.8365,2.8365,2.9069,4.0944,3.5894,3.4301,3.3521,3.1246,2.9784,2.9069,2.8365,2.6988,2.6988,2.6315,2.5652,2.5,2.4358,2.4358,2.4358
2019-04-01 00:00:00,2,4.0944,4.0074,3.9215,4.0074,4.0944,3.9215,3.9215,3.8368,3.7532,3.6708,3.5894,3.5894,3.5092,3.5894,3.7532,4.9298,5.5404,4.6407,4.4539,4.1825,3.9215,3.5894,3.3521,3.051,2.6988,2.4358,2.3105,2.1892,3.2752,3.1246,
2019-03-01 00:00:00,2,7.6426,5.6464,5.6464,7.2633,6.3088,5.6464,5.5404,5.1284,4.8322,4.8322,5.6464,5.1284,4.4539,4.1825,4.1825,4.1825,6.3088,5.6464,6.7757,6.8957,12.2851,21.3695,12.6318,7.3884,4.4539,4.3623,4.2718,4.2718,4.1825,4.0944,4.0944
2019-02-01 00:00:00,2,2.7671,2.6988,2.6315,2.5652,2.8365,4.9298,6.1953,6.8957,5.972,4.7359,3.7532,3.4301,3.4301,5.1284,4.2718,5.0285,18.2485,16.8453,8.5744,5.2296,13.8922,10.7976,6.083,4.9298,4.4539,4.1825,7.9022,6.7757,,,
2019-01-01 00:00:00,2,11.7762,10.0215,8.9941,7.6426,6.1953,5.0285,4.4539,4.1825,4.0074,3.8368,3.6708,3.5092,3.4301,3.3521,3.2752,3.1994,3.6708,3.9215,3.7532,3.6708,3.5092,3.4301,3.3521,3.2752,3.2752,3.2752,4.8322,3.1994,2.9069,2.8365,2.8365
2018-12-01 00:00:00,2,5.0285,9.5728,17.6731,12.9844,14.455,11.7762,7.3884,6.1953,5.6464,5.5404,5.4356,5.4356,5.4356,5.6464,7.5149,6.7757,5.5404,5.4356,5.332,5.2296,5.1284,6.1953,6.083,5.4356,6.1953,10.1739,12.114,14.455,12.114,11.6095,10.9571
2018-11-01 00:00:00,2,2.8365,2.8365,3.1246,3.3521,4.0944,4.5467,3.7532,3.9215,7.9022,7.7717,4.4539,3.8368,3.4301,2.9069,2.8365,12.9844,29.5157,15.4237,20.7778,20.7778,31.1975,27.4369,16.6375,23.3623,30.9864,24.1679,14.455,7.3884,5.332,5.0285,
2018-10-01 00:00:00,2,2.0148,2.0719,2.0148,1.9586,1.9586,2.0719,2.1892,3.1246,2.8365,2.4358,2.3105,2.2494,2.1892,2.1301,2.0148,1.9586,5.1284,4.4539,4.5467,4.0074,2.9784,2.3726,2.5652,2.9069,2.9784,3.5894,4.0944,3.6708,3.1994,2.9784,2.9069
2018-09-01 00:00:00,2,1.7958,1.7435,1.7435,1.8491,1.8491,1.8491,1.7958,1.7435,1.7435,1.7435,1.7435,1.7435,1.7435,2.6315,3.1994,3.5894,3.7532,3.5894,3.3521,2.9069,2.7671,2.4358,2.2494,2.1892,2.1301,2.0719,2.0148,1.9586,1.9034,1.8491,
2018-08-01 00:00:00,2,2.2494,3.1246,3.9215,4.5467,4.0944,4.0074,3.9215,3.9215,3.8368,3.7532,3.7532,3.7532,3.7532,3.6708,3.5092,3.4301,2.9784,2.9069,2.7671,2.5652,2.3105,2.3105,2.3105,2.1892,2.0719,2.0719,2.0148,1.9586,1.9034,1.8491,1.8491
2018-07-01 00:00:00,2,2.3105,2.3105,2.3105,2.3105,2.3105,2.3105,2.3105,2.3105,2.3105,2.3105,2.3105,2.2494,2.2494,2.2494,2.2494,2.2494,2.2494,2.2494,2.2494,2.2494,2.2494,2.2494,2.2494,2.2494,2.1892,2.1892,2.1892,2.1892,2.1892,2.1892,2.1892
2018-06-01 00:00:00,2,2.8365,2.8365,2.7671,2.6988,2.6988,2.6988,2.6988,2.6988,2.6988,2.6988,2.6988,2.6988,2.6988,2.6988,2.6988,2.6988,2.6988,2.8365,2.8365,2.8365,2.8365,2.7671,2.6988,2.6315,2.5652,2.5652,2.5,2.4358,2.4358,2.3726,
2018-05-01 00:00:00,2,3.5092,3.4301,3.4301,3.3521,3.2752,3.2752,3.2752,3.2752,3.2752,3.2752,3.2752,3.2752,3.2752,3.1994,3.1246,3.1246,3.1246,3.051,2.9784,2.9784,2.9784,2.9784,2.9784,2.9784,2.9069,2.9069,2.8365,2.8365,2.8365,2.8365,2.8365
2018-04-01 00:00:00,2,5.0285,4.6407,5.0285,5.4356,8.7129,11.7762,10.0215,7.3884,5.5404,5.4356,5.4356,5.4356,5.4356,5.4356,5.4356,5.4356,5.0285,4.6407,4.4539,4.3623,4.0944,3.9215,3.9215,3.8368,3.7532,3.7532,3.7532,3.6708,3.5894,3.5894,
2018-03-01 00:00:00,2,15.8221,9.5728,8.3015,7.9022,7.9022,7.2633,10.1739,24.1679,23.9661,12.6318,13.163,12.8074,10.1739,8.4373,10.0215,10.7976,11.118,10.7976,9.8706,8.4373,10.9571,9.721,8.8528,9.8706,8.8528,8.4373,7.7717,6.8957,5.972,5.5404,5.4356
2018-02-01 00:00:00,2,24.1679,4.9298,4.2718,4.0074,5.2296,10.1739,8.4373,7.3884,6.5397,5.972,5.1284,4.5467,4.1825,3.9215,3.7532,3.7532,3.6708,3.5894,3.5894,3.5894,4.2718,16.0236,10.0215,9.721,9.5728,9.4261,9.5728,10.4829,,,
2018-01-01 00:00:00,2,8.167,6.4237,5.1284,5.1284,70.6337,26.8185,17.4782,12.6318,9.5728,7.0169,6.3088,5.7537,5.6464,6.3088,7.3884,7.9022,6.5397,4.9298,4.1825,4.0944,4.0944,5.1284,4.2718,4.0944,3.9215,3.4301,2.9784,2.9069,3.1994,4.0944,18.2485
2017-12-01 00:00:00,2,29.9346,47.9334,14.8379,27.4369,39.8364,16.4313,17.2657,15.8221,13.7076,10.1739,7.9022,7.9022,6.5397,5.1284,4.7359,5.7537,8.0339,6.6571,5.6464,5.0285,4.9298,4.5467,10.4829,8.0339,4.7359,4.4539,4.2718,4.0074,4.1825,4.5467,4.5467
2017-11-01 00:00:00,2,1.5299,1.483,1.3918,1.3476,1.3476,1.3476,1.3043,1.2619,1.2619,1.3476,2.168,4.6224,3.9841,2.35,1.885,1.6764,1.483,1.3918,1.4369,5.4269,9.8183,7.5474,7.2897,7.8108,5.9719,5.0144,4.2503,4.2503,4.2503,4.8159,
2017-10-01 00:00:00,2,1.7787,1.4369,3.1738,5.0144,2.6073,2.1094,1.6764,1.5778,1.483,1.3918,1.3043,1.2619,1.2619,1.1797,1.14,1.101,1.101,1.101,1.063,1.0257,1.0257,1.0257,1.3043,2.6073,1.7787,1.3918,1.3043,1.483,1.6266,1.5778,1.5778
2017-09-01 00:00:00,2,1.2204,1.2619,1.2204,1.1797,1.1797,1.1797,1.14,1.101,1.101,1.14,1.14,1.14,1.101,1.101,1.101,1.063,1.0257,1.0257,1.0257,1.0257,1.0257,1.0257,1.0257,1.0257,0.9894,0.9538,0.9538,0.9894,1.0257,1.101,
2017-08-01 00:00:00,2,1.5778,1.5299,1.5299,1.5299,1.5299,1.5299,1.5299,1.5299,1.483,1.4369,1.4369,1.4369,1.4369,1.4369,1.4369,1.4369,1.4369,1.3918,1.3476,1.3476,1.3476,1.3476,1.3476,1.3476,1.3476,1.3476,1.3476,1.3043,1.2619,1.2204,1.1797
2017-07-01 00:00:00,2,1.9396,1.9396,1.9396,1.9396,1.9396,1.9396,1.9396,1.885,1.8314,1.8314,1.8314,1.7787,1.7271,1.7271,1.7271,1.7271,1.6764,1.6266,1.6266,1.6266,1.6266,1.5778,1.5299,1.5299,1.5299,1.5299,1.5299,1.5299,1.8314,1.7271,1.6764
2017-06-01 00:00:00,2,1.9396,1.9396,1.885,1.8314,1.8314,1.8314,1.8314,1.8314,1.7787,1.7271,1.7271,1.7787,4.5275,3.8978,3.8978,3.0991,2.6073,2.2883,2.2883,2.168,2.168,2.168,2.168,2.1094,2.0518,2.0518,2.0518,1.9952,1.9396,1.9396,
2017-05-01 00:00:00,2,2.5414,2.4765,2.4127,2.35,2.2276,2.168,2.1094,2.0518,1.9952,1.9396,1.9396,1.885,1.8314,1.7787,1.7271,1.7271,1.8314,1.9396,1.885,1.9952,3.9841,2.8817,2.6073,2.4765,2.4127,2.35,2.2276,2.1094,1.9952,1.9396,1.9396
2017-04-01 00:00:00,2,3.0991,2.8115,2.8115,2.7423,2.6073,2.4765,2.4127,2.2883,2.4127,2.2883,2.168,2.168,2.168,2.168,2.168,2.168,2.1094,2.0518,1.9952,1.9396,2.35,3.0255,3.0991,3.0991,3.0991,3.0255,2.9531,2.8817,2.7423,2.6073,
2017-03-01 00:00:00,2,4.2503,3.3266,2.8817,2.8115,2.8817,2.8115,2.8115,2.8817,3.2496,2.9531,2.6743,2.4127,2.35,2.4127,2.4127,2.35,2.2883,2.2883,2.2883,4.5275,3.1738,3.0991,3.0255,2.9531,2.8817,2.8115,5.5332,5.6409,4.8159,3.9841,3.484
2017-02-01 00:00:00,2,3.9841,4.2503,4.6224,4.6224,5.4269,5.4269,5.6409,5.6409,4.6224,3.7287,3.4047,3.2496,3.1738,3.0255,2.9531,2.8817,2.8115,2.7423,2.6743,2.6743,2.6073,2.5414,2.5414,2.5414,2.5414,2.8115,5.2181,5.0144,,,
2017-01-01 00:00:00,2,7.5474,6.9137,6.1992,5.7499,5.7499,5.6409,5.4269,4.8159,4.2503,4.0716,3.9841,4.2503,5.8602,5.9719,6.1992,6.3148,5.2181,4.4339,4.3415,4.1604,3.8978,3.7287,3.7287,3.7287,3.8978,3.8127,3.7287,3.7287,3.8127,3.8978,3.8978
2016-12-01 00:00:00,2,9.5136,5.9719,4.3415,3.646,6.0848,8.3548,6.6701,5.3218,4.8159,31.6205,40.2777,20.1891,27.4369,56.9938,88.6827,42.0516,33.75,29.5157,26.6129,25.9978,29.0978,31.4088,26.4076,20.1891,13.0249,8.9223,8.0799,8.6356,8.9223,8.3548,7.9446
2016-11-01 00:00:00,2,1.483,1.3918,1.3476,1.3476,2.35,2.4765,2.8817,2.6073,2.5414,2.8115,2.8817,3.3266,3.8978,7.5474,34.3936,23.1616,8.4945,6.5503,4.7185,3.9841,3.7287,3.9841,9.973,7.8108,6.7912,6.3148,5.2181,4.2503,3.5644,7.9446,
2016-10-01 00:00:00,2,2.35,2.2276,2.1094,1.9952,3.5644,3.484,3.3266,3.0255,2.8115,2.4127,2.4765,2.2883,2.1094,2.0518,2.0518,2.0518,1.9952,1.885,1.8314,1.7787,1.7271,1.6764,1.6266,1.6266,1.6764,1.885,1.8314,1.7787,1.6764,1.5778,1.5299
2016-09-01 00:00:00,2,2.4765,2.6073,2.2883,2.2883,2.2276,2.168,2.1094,1.9952,1.9396,1.885,1.8314,1.7787,1.6764,1.6266,1.6266,1.6266,1.5778,1.5299,1.5778,1.6266,1.6266,1.6266,1.5778,1.5299,1.8314,4.1604,2.5414,2.5414,2.4127,2.4127,
2016-08-01 00:00:00,2,2.4127,2.2883,2.2883,2.2883,2.2883,2.2276,2.168,2.168,2.168,2.168,2.168,2.168,2.168,2.1094,2.0518,2.5414,2.4127,2.2883,2.2276,2.168,2.1094,2.0518,1.9952,1.9396,1.9396,1.9396,1.885,1.885,1.8314,1.8314,1.9396
2016-07-01 00:00:00,2,3.0255,2.9531,2.9531,2.9531,2.9531,2.9531,2.8817,2.8115,2.8115,2.8115,2.8115,2.7423,2.6073,2.5414,2.5414,2.4765,2.4127,2.4127,2.4127,2.4127,2.5414,2.5414,2.4765,2.4127,2.4127,2.4127,2.4127,2.2883,2.2883,2.2883,2.35
2016-06-01 00:00:00,2,3.1738,4.4339,8.0799,7.0377,5.8602,4.7185,4.2503,4.5275,4.4339,4.4339,4.3415,4.2503,4.2503,4.2503,4.2503,3.8127,3.3266,3.1738,3.0991,3.0991,3.0991,2.9531,2.9531,3.4047,3.3266,3.2496,3.2496,3.1738,3.0991,3.0991,
2016-05-01 00:00:00,2,5.2181,4.6224,4.2503,3.9841,3.8127,3.7287,3.7287,3.7287,3.8127,3.8127,3.7287,3.646,3.5644,3.5644,3.484,3.4047,3.4047,3.4047,3.5644,3.484,3.4047,3.3266,3.2496,3.2496,3.1738,3.0991,3.0991,3.0991,3.0991,3.0991,3.0991
2016-04-01 00:00:00,2,4.9145,4.8159,4.7185,4.5275,4.4339,4.2503,4.2503,4.0716,4.0716,3.9841,3.8978,3.8978,3.7287,3.7287,3.7287,3.646,3.5644,3.5644,3.4047,3.4047,3.4047,3.4047,3.4047,3.3266,3.2496,3.2496,3.2496,3.1738,4.4339,5.5332,
2016-03-01 00:00:00,2,23.7645,13.9658,7.5474,7.6784,8.2167,8.4945,8.4945,13.7743,10.7693,8.9223,8.9223,9.3635,7.9446,7.6784,7.2897,6.7912,6.4319,6.1992,6.0848,5.8602,5.5332,5.3218,5.2181,7.9446,7.2897,9.8183,8.0799,6.3148,5.6409,5.3218,5.0144
2016-02-01 00:00:00,2,9.215,8.3548,7.6784,7.163,6.6701,6.4319,6.3148,5.9719,5.6409,5.2181,5.0144,4.9145,4.9145,4.9145,19.0206,10.6069,10.4461,14.9486,13.3963,11.6048,9.215,7.6784,7.2897,7.0377,6.9137,6.6701,6.5503,6.4319,6.1992,,
2016-01-01 00:00:00,2,5.2181,5.1156,6.3148,23.9661,9.5136,6.4319,5.1156,4.8159,4.7185,4.6224,4.4339,4.4339,4.9145,4.8159,5.9719,20.9747,131.203,49.5541,26.2026,22.9613,18.6339,17.8646,17.0432,13.3963,10.4461,9.3635,5.7499,3.646,11.4345,10.7693,9.6652
2015-12-01 00:00:00,2,8.3548,7.5474,7.8108,31.4088,21.172,21.172,20.5813,20.1891,19.0206,20.7778,22.362,20.7778,24.3701,23.7645,18.441,11.6048,6.9137,6.7912,7.163,6.9137,6.5503,6.5503,4.8159,4.6224,4.4339,4.5275,5.0144,5.0144,4.9145,4.7185,9.973
2015-11-01 00:00:00,2,1.885,1.7787,1.7271,1.7271,1.6764,1.5778,1.5778,6.5503,4.3415,5.2181,2.8115,2.1094,1.9952,2.35,2.4127,2.8817,5.1156,9.5136,12.4802,17.6731,37.4244,8.0799,6.1992,9.3635,9.8183,5.0144,4.2503,3.8978,3.5644,6.5503,
2015-10-01 00:00:00,2,1.7787,2.0518,3.484,2.6743,2.168,1.9952,1.885,1.7787,1.7271,1.6764,1.6266,1.5778,1.5299,1.483,1.4369,1.3918,1.3476,1.3043,1.2619,1.2619,1.2619,1.2619,2.7423,2.6073,2.2883,1.8314,1.5778,6.3148,3.5644,2.35,2.0518
2015-09-01 00:00:00,2,1.6764,1.6266,1.6266,1.6266,1.5778,1.6764,2.8817,4.8159,9.215,12.1252,12.8417,12.4802,10.7693,5.4269,3.646,3.3266,3.0255,2.9531,2.8115,2.6743,2.4765,2.168,1.9952,1.885,1.8314,1.7787,1.7271,1.7271,1.7271,1.8314,
2015-08-01 00:00:00,2,1.9952,1.9396,1.9396,1.885,1.8314,1.8314,1.8314,1.8314,1.8314,1.8314,1.8314,1.8314,1.7787,1.7271,1.7271,1.7271,1.7271,1.7271,1.7271,1.7271,1.7271,1.7271,1.7271,1.6764,1.6266,2.1094,1.9396,1.885,1.7787,1.7271,1.7271
2015-07-01 00:00:00,2,2.5414,2.5414,2.5414,2.4765,2.4127,2.4127,2.35,2.2883,2.2883,2.2276,2.168,2.168,2.168,2.168,2.168,2.168,2.168,2.1094,2.1094,2.0518,2.0518,2.0518,2.0518,2.0518,1.9952,1.9952,1.9396,1.9396,2.6743,2.35,2.1094
2015-06-01 00:00:00,2,3.0991,3.0255,3.0991,3.1738,3.0991,3.0255,2.9531,2.9531,2.8817,2.8115,2.8115,2.7423,2.6743,2.6743,2.6743,3.646,3.1738,3.0991,3.0255,2.8817,2.8115,2.8115,2.7423,2.6743,2.6743,2.6743,2.6743,2.6743,2.5414,2.5414,
2015-05-01 00:00:00,2,3.0991,4.5275,4.3415,4.1604,6.9137,17.0432,11.7766,7.8108,7.0377,5.3218,4.5275,5.3218,4.3415,3.9841,3.8978,3.8127,3.646,3.5644,3.5644,3.5644,3.7287,3.646,3.5644,3.5644,3.5644,3.484,3.3266,3.0991,3.0255,3.1738,3.0991
2015-04-01 00:00:00,2,10.1291,7.0377,5.9719,5.5332,5.3218,5.3218,5.2181,5.1156,5.0144,4.8159,4.3415,4.2503,4.0716,3.9841,3.8978,3.8127,3.7287,3.5644,3.5644,3.5644,3.5644,3.5644,3.5644,3.5644,3.484,3.4047,3.4047,3.3266,3.2496,3.1738,
2015-03-01 00:00:00,2,6.0848,4.0716,3.646,3.5644,4.1604,4.6224,3.646,13.3963,25.5892,28.681,20.5813,46.6555,19.2145,14.3538,9.973,7.2897,7.9446,6.1992,5.4269,5.1156,11.7766,11.6048,24.9783,25.9978,10.7693,8.0799,7.163,6.4319,5.9719,5.6409,13.7743
2015-02-01 00:00:00,2,7.4178,12.1252,5.2181,3.484,7.6784,8.6356,5.5332,3.646,22.1629,12.4802,12.4802,7.0377,4.9145,4.0716,3.646,3.484,23.3623,5.9719,3.484,6.0848,5.0144,3.9841,3.5644,3.3266,3.0991,3.0255,3.3266,7.8108,,,
2015-01-01 00:00:00,2,1.7271,1.6266,1.9396,1.6266,2.35,2.35,2.168,1.9396,1.7271,1.6764,1.7271,1.6266,1.5778,1.483,1.3918,1.3043,1.2204,1.1797,1.14,1.101,1.063,1.0257,1.101,1.2204,1.3043,2.4765,3.1738,3.0991,2.6073,2.4765,2.9531
2014-12-01 00:00:00,2,8.2167,6.5503,5.8602,4.5275,3.646,3.5644,3.484,3.1738,3.0991,2.9531,2.6743,2.5414,2.4765,2.4127,9.5136,6.3148,4.1604,2.8817,2.7423,2.8115,2.7423,3.2496,3.0255,3.4047,2.9531,2.6073,2.2276,2.0518,1.9952,1.885,1.8314
2014-11-01 00:00:00,2,1.4369,1.3918,1.3476,1.3043,1.2204,1.1797,2.2883,3.3266,3.2496,2.9531,2.4765,1.9396,1.8314,2.7423,2.4127,2.0518,1.9952,1.7787,1.5778,1.483,1.3918,1.3476,1.7787,2.4127,5.2181,5.9719,19.9935,34.8238,40.7199,40.2777,
2014-10-01 00:00:00,2,1.3476,1.3476,1.3043,1.2619,1.2204,1.1797,1.1797,1.14,1.101,1.063,1.0257,1.0257,1.0257,1.0257,1.0257,0.9894,0.9538,1.14,1.2619,1.2204,1.3476,1.3043,1.2619,1.2619,1.3043,1.7787,1.9952,1.9396,1.885,1.6266,1.483
2014-09-01 00:00:00,2,1.9396,1.885,1.7787,1.9952,1.9952,1.7787,1.6764,1.6266,1.6266,1.5778,1.5299,1.483,1.4369,1.4369,1.4369,1.3918,1.3918,1.3476,1.3918,1.3476,1.3476,1.3476,1.3476,1.3043,1.2619,1.2619,1.2619,1.3043,1.3476,1.3043,
2014-08-01 00:00:00,2,2.4127,2.2883,2.168,2.168,2.0518,2.0518,2.0518,2.0518,1.9952,1.9396,1.9396,1.9396,1.9396,1.9396,1.9396,1.9396,1.9396,2.0518,1.9952,1.9396,1.9396,1.9396,1.885,1.7787,1.7271,1.6764,1.5778,1.5778,1.9952,1.9396,1.9396
2014-07-01 00:00:00,2,1.9312,1.9312,1.9312,1.8833,1.8363,1.8363,1.8363,1.8363,1.8363,1.9312,1.9312,1.9312,1.8363,1.8363,1.8363,1.8363,1.8363,1.8363,1.8363,1.79,1.79,1.885,1.885,1.8314,2.0518,3.1738,4.2503,3.5644,2.9531,2.6743,2.5414
2014-06-01 00:00:00,2,2.3438,2.3991,2.5704,2.5125,2.3438,2.2893,2.1828,2.1308,2.1308,2.1308,2.1308,2.1308,2.2893,2.2356,2.1828,2.1308,2.1308,2.0797,2.0294,2.2356,2.1828,2.1308,2.1308,2.0797,2.0294,2.0294,2.0294,2.0294,1.9799,1.9312,
2014-05-01 00:00:00,2,2.5125,2.4554,2.4554,2.3991,2.3438,2.3438,2.2893,2.2893,2.3991,2.3991,2.3438,2.2893,2.2356,2.1828,2.1828,2.1308,2.0797,2.0797,2.2893,2.2893,2.2356,2.1828,2.1308,2.1308,2.0797,2.5704,4.6135,3.3044,2.5125,2.4554,2.3991
2014-04-01 00:00:00,2,3.0667,3.3044,3.4096,3.6221,3.5155,3.4096,3.3044,3.1329,2.9371,2.7497,3.9464,3.1329,2.9371,8.6561,5.3037,4.0559,3.1329,3.0014,3.0667,3.6221,3.1329,3.3044,3.5155,3.7295,3.4096,3.2,3.0667,2.8113,2.6293,2.5704,
2014-03-01 00:00:00,2,2.6891,2.6891,2.6891,2.5704,2.5125,2.5125,20.5119,17.3775,12.7723,9.4493,5.4209,4.1661,3.4096,3.2,3.0667,3.0014,2.8737,2.7497,2.6891,2.6293,2.5704,2.8737,3.0667,3.1329,3.0014,2.8737,2.8113,2.7497,2.6891,2.5704,3.1329
2014-02-01 00:00:00,2,3.0014,2.8737,2.7497,2.6891,2.6293,2.5704,2.5125,2.4554,2.4554,2.3991,2.3438,2.3438,2.2893,2.2356,2.3438,2.5704,2.7497,4.5007,3.8376,3.2,2.9371,2.6891,2.4554,2.3991,2.2893,2.2356,2.1308,2.0797,,,
2014-01-01 00:00:00,2,7.3711,8.3953,7.3711,6.0154,5.1872,4.8411,4.6135,4.3885,4.1661,4.0559,4.0559,4.0559,4.0559,3.8376,3.5155,3.3044,12.6293,7.6242,5.0712,6.0154,5.0712,11.4993,10.6682,8.1364,5.8953,4.9559,4.1661,3.6221,3.3044,3.1329,3.0667
2013-12-01 00:00:00,2,6.3787,13.2034,14.8115,7.4974,4.9559,4.727,4.9559,8.3953,6.1359,4.8411,5.5386,37.5682,12.9156,8.6561,7.7516,15.8566,11.9202,7.8794,6.1359,5.657,11.6392,8.0076,11.4993,18.4608,11.082,9.4493,11.4993,14.0753,10.2581,8.2656,8.2656
2013-11-01 00:00:00,2,2.1828,2.0797,2.0797,1.9312,1.8833,2.3991,3.8376,6.6237,4.727,3.3044,2.6293,2.3991,2.2356,2.1828,2.0797,2.0294,1.9799,3.0667,5.5386,3.3044,2.4554,2.1828,2.5704,3.2,10.3944,8.3953,7.7516,8.7872,7.2452,7.6242,
2013-10-01 00:00:00,2,3.0667,3.0667,4.1661,6.6237,7.3711,4.6135,3.5155,3.3044,3.3044,3.1329,3.0667,2.8737,2.5704,2.4554,2.3991,2.3438,3.0667,3.0014,3.6221,3.0014,2.5704,2.5125,2.5125,2.4554,2.3438,2.1308,2.0294,2.0294,2.0294,2.0294,2.2893
2013-09-01 00:00:00,2,2.1828,2.1308,2.1308,2.1828,2.7497,2.7497,2.5125,2.4554,2.3438,2.2893,2.2356,2.2356,2.1828,2.1308,2.0797,2.0294,2.0294,2.0294,2.0294,2.0294,2.0294,1.9799,1.9312,2.6293,4.9559,2.8113,2.4554,2.4554,2.9371,3.8376,
2013-08-01 00:00:00,2,2.5704,2.5704,2.5704,2.5125,2.4554,2.4554,2.4554,2.4554,2.4554,2.4554,2.3991,2.3438,2.3438,2.3438,2.3438,2.3438,2.3991,2.4554,2.3991,2.3438,2.3438,2.3438,2.3438,2.3438,2.3438,2.2893,2.2356,2.2356,2.2356,2.2356,2.2356
2013-07-01 00:00:00,2,3.2,3.1329,3.0667,3.0667,3.0667,3.0667,3.0667,3.0667,3.0014,2.9371,2.9371,2.9371,2.9371,2.9371,2.9371,2.9371,2.8737,2.8113,2.7497,2.6891,2.6293,2.5704,2.5704,2.5704,2.6891,2.6293,2.5704,2.5704,2.5704,2.5704,2.5704
2013-06-01 00:00:00,2,4.6135,4.277,4.3885,6.6237,6.3787,6.3787,6.501,5.0712,4.0559,3.9464,3.8376,3.8376,3.8376,3.8376,3.7295,3.6221,3.5155,3.4096,3.4096,3.4096,3.3044,3.2,3.2,3.2,3.2,3.2,3.2,3.4096,3.3044,3.2,
2013-05-01 00:00:00,2,4.277,4.277,4.1661,4.0559,3.8376,3.8376,3.8376,3.8376,3.7295,3.6221,3.6221,3.6221,3.6221,3.6221,3.6221,3.5155,3.4096,3.5155,3.6221,3.5155,3.4096,3.4096,3.6221,4.1661,5.4209,6.6237,7.2453,8.0076,8.0076,8.2656,5.7759
2013-04-01 00:00:00,2,6.3787,6.1359,6.3787,6.501,7.4974,7.3711,6.6237,11.9202,8.2656,7.2453,6.747,6.6237,6.747,8.9187,6.9951,6.6237,6.501,6.0154,5.5386,5.4209,5.3037,5.0712,4.8411,4.727,4.6135,4.5007,4.3885,4.277,4.277,4.277,
2013-03-01 00:00:00,2,8.9187,14.0753,11.6392,6.8708,6.9951,6.8708,6.747,6.3787,5.7759,5.657,6.2571,8.5255,8.7872,8.1364,6.6237,5.657,5.3037,5.5386,5.4209,5.1872,5.0712,4.9559,8.6561,6.501,6.1359,5.5386,7.2453,17.6854,9.1831,6.747,6.501
2013-02-01 00:00:00,2,19.0866,16.0072,15.2574,12.2027,13.4926,33.4012,30.3959,17.8399,9.583,8.6561,8.2656,7.3711,6.8708,6.6237,6.501,6.2571,6.0154,5.8953,5.657,5.3037,5.1872,5.0712,4.9559,4.8411,4.727,4.727,5.8953,9.4493,,,
2013-01-01 00:00:00,2,3.0014,2.9371,2.9371,2.9371,2.9371,2.9371,2.9371,2.9371,8.3953,6.0154,7.6242,12.7723,15.7063,8.5255,7.7516,28.8318,24.757,16.3095,18.3051,18.1497,22.6114,8.0076,7.3711,6.747,6.6237,9.583,18.6168,23.1026,15.1084,12.4868,36.6527
2012-12-01 00:00:00,2,3.9464,3.8376,3.6221,3.3044,3.2,3.1329,3.0667,3.3044,3.8376,4.8411,4.727,6.9951,10.6682,8.5255,6.6237,5.5386,4.9559,4.3885,4.277,5.0712,8.1364,16.0072,7.3711,5.7759,4.6135,4.277,3.8376,3.5155,3.4096,3.3044,3.1329
2012-11-01 00:00:00,2,4.1661,2.8737,3.8376,6.1359,6.2571,4.6135,3.5155,3.4096,3.0014,3.3044,4.5007,5.0712,4.1661,4.0559,3.9464,10.1222,6.9951,4.9559,4.0559,3.8376,4.1661,3.7295,3.5155,3.4096,3.5155,5.7759,7.2452,6.6237,6.501,4.727,
2012-10-01 00:00:00,2,2.6891,2.6293,2.5704,2.5125,2.4554,2.4554,2.3991,2.3438,2.3438,2.3438,3.0667,4.1661,3.9464,3.7295,3.6221,3.4096,3.0667,2.8737,2.7497,3.1329,3.2,4.9559,4.0559,3.4096,3.0014,2.8113,2.6293,2.4554,2.3438,4.5007,4.1661
2012-09-01 00:00:00,2,3.0014,2.9371,2.9371,2.9371,2.8737,2.8113,2.8113,2.8113,2.8113,2.7497,2.6891,2.6293,2.5704,2.5704,2.5704,2.5704,2.5704,2.5704,2.5704,2.5704,2.6293,2.6293,2.5704,2.5704,2.5704,6.501,4.8411,3.1329,2.9371,2.7497,
2012-08-01 00:00:00,2,4.277,4.277,4.277,4.277,4.1661,4.0559,3.9464,3.8376,3.8376,3.8376,3.8376,3.8376,3.8376,3.8376,4.0559,4.0559,4.0559,3.9464,3.8376,3.8376,3.8376,3.5155,3.2,3.2,3.2,3.2,3.2,3.2,3.1329,3.0667,3.0667
2012-07-01 00:00:00,2,5.657,5.5386,5.4209,5.4209,5.4209,5.4209,5.4209,5.4209,5.4209,5.3037,5.1872,5.0712,4.9559,4.9559,4.9559,4.9559,4.9559,4.9559,4.9559,4.8411,4.727,4.5007,4.5007,4.5007,4.5007,4.3885,4.277,4.277,4.277,4.277,4.277
2012-06-01 00:00:00,2,6.3787,6.2571,6.1359,6.1359,6.3787,8.3953,10.6682,7.6242,7.1199,6.6237,6.3787,6.501,6.501,6.3787,6.3787,6.2571,6.1359,6.1359,6.0154,5.8953,5.8953,7.6242,7.2453,6.3787,6.1359,6.0154,5.8953,5.7759,5.657,5.657,
2012-05-01 00:00:00,2,7.3711,7.4974,7.2453,6.747,6.6237,6.501,6.2571,6.501,6.9951,6.747,6.501,6.3787,6.3787,6.501,7.2453,7.7516,6.8708,6.6237,6.501,6.3787,6.2571,6.1359,6.1359,6.1359,6.0154,7.1199,6.8708,6.501,6.3787,6.3787,6.3787
2012-04-01 00:00:00,2,8.6561,8.3953,8.3953,8.6561,8.7872,8.6561,8.7872,8.3953,8.3953,8.3953,8.2656,8.1364,8.0076,7.8794,7.8794,7.7516,7.6242,7.4974,7.3711,7.2453,7.1199,6.9951,6.8708,7.2453,7.3711,6.9951,6.8708,6.8708,6.747,6.6237,
2012-03-01 00:00:00,2,8.5255,8.2656,7.8794,7.8794,7.8794,7.8794,7.7516,7.6242,7.6242,7.6242,7.4974,7.7516,7.7516,10.3944,10.5311,10.5311,11.9202,10.5311,10.3944,9.583,8.9187,8.3953,8.3953,8.1364,8.3953,15.2574,9.7172,8.6561,12.0613,11.4993,9.0507
2012-02-01 00:00:00,2,22.6114,16.9178,13.9291,13.0593,12.7723,12.7723,12.7723,12.3446,11.3598,12.2027,11.3598,15.4067,18.1497,12.7723,12.0613,11.082,10.8057,10.3944,10.1222,9.9868,9.8518,9.7172,9.583,9.316,9.1831,9.1831,9.0507,8.9187,8.7872,,
2012-01-01 00:00:00,2,46.9734,164.365,119.948,90.8587,95.7355,69.8604,51.8668,90.4215,64.9341,81.8905,31.6254,24.9239,23.2668,25.4261,20.0341,20.0341,18.6168,17.0707,15.5563,14.9598,14.8115,14.6636,13.9291,13.3478,13.2034,13.0593,12.7723,17.8399,23.4313,79.8215,27.4577
2011-12-01 00:00:00,2,30.6394,34.2344,33.5488,27.1983,12.9489,7.7424,7.6125,9.2249,15.5768,21.5604,15.4072,9.3645,8.404,6.976,62.3535,58.0471,26.1552,21.1769,23.3181,22.5304,15.5768,19.8556,17.4889,14.7358,12.6335,10.219,51.2009,46.6555,43.2273,44.1497,34.2344
2011-11-01 00:00:00,2,3.2421,3.0572,2.9663,2.8764,2.7876,2.6999,2.6132,2.8764,2.7876,2.6999,2.6132,2.6132,5.3091,4.6488,6.0023,12.166,7.7424,7.873,13.9127,9.2249,7.2281,7.2281,9.2249,11.4019,7.7424,7.7424,21.3683,45.0816,48.2554,33.5488,
2011-10-01 00:00:00,2,2.1962,2.1162,3.0572,2.6132,2.6132,2.6132,2.5276,2.5276,2.4431,2.4431,2.4431,4.8652,5.3091,4.2274,4.542,8.0045,7.6125,7.4835,5.5365,4.4362,4.4362,6.2405,6.976,6.2405,5.0853,4.0224,4.4362,3.8214,3.1491,3.3361,3.2421
2011-09-01 00:00:00,2,2.6132,2.6132,2.5276,2.4431,2.4431,2.4431,2.6999,2.4431,2.4431,2.6999,2.4431,2.4431,2.4431,2.6132,2.5276,2.4431,2.4431,2.4431,2.4431,2.4431,2.3597,2.3597,2.3597,2.2774,2.2774,2.2774,2.2774,2.1962,2.1962,2.1962,
2011-08-01 00:00:00,2,3.3361,3.3361,3.3361,3.3361,3.3361,3.3361,3.3361,3.3361,3.2421,3.1491,3.1491,3.1491,3.0572,2.9663,2.9663,2.9663,2.9663,2.9663,2.9663,2.9663,2.8764,2.7876,2.7876,2.7876,2.7876,2.7876,2.6132,2.6132,2.6132,2.6132,2.6132
2011-07-01 00:00:00,2,4.2274,4.1244,4.1244,4.0224,4.0224,4.0224,4.0224,3.9214,3.9214,3.9214,3.8214,3.8214,3.8214,3.7223,3.7223,3.7223,3.6243,3.6243,3.6243,3.5272,3.5272,3.5272,3.5272,3.5272,3.5272,3.5272,3.5272,3.5272,3.4312,3.4312,3.4312
2011-06-01 00:00:00,2,4.542,4.542,4.542,4.542,4.542,4.542,4.542,4.542,4.542,6.3609,5.7676,5.1967,4.8652,4.7565,4.542,4.542,4.542,4.542,4.542,4.542,4.4362,4.3313,4.3313,4.3313,4.3313,4.3313,4.4362,4.3313,4.2274,4.2274,
2011-05-01 00:00:00,2,5.6516,5.6516,5.5365,5.4224,5.4224,5.4224,5.4224,5.4224,5.3091,5.3091,5.1967,5.1967,5.1967,5.1967,5.1967,5.6516,5.3091,5.1967,5.0853,4.9748,4.9748,4.9748,4.9748,4.9748,4.8652,4.7565,4.7565,4.7565,4.6488,4.542,4.542
2011-04-01 00:00:00,2,9.6462,8.27,8.6744,14.5697,13.4275,10.8043,9.7882,8.6744,7.873,7.7424,7.4835,7.2281,7.1016,6.976,6.7274,6.4822,6.3609,6.3609,6.3609,6.2405,6.1209,6.1209,6.0023,5.8845,5.8845,5.7676,5.7676,5.6516,5.6516,5.6516,
2011-03-01 00:00:00,2,8.404,11.4019,21.1769,12.3211,13.4275,16.0899,22.3351,19.6695,18.0249,13.9127,10.6568,10.6568,11.1015,10.5101,10.6568,10.8043,9.931,9.2249,8.8108,8.27,8.1369,8.0045,7.7424,7.4835,7.3554,7.2281,7.1016,6.976,6.8513,15.2383,11.8581
2011-02-01 00:00:00,2,7.7424,7.6125,7.3554,6.976,6.8513,6.7274,6.6043,6.4822,6.3609,6.2405,6.1209,6.2405,10.3641,7.7424,5.5365,5.4224,5.4224,5.4224,5.4224,5.3091,5.1967,5.1967,5.1967,13.4275,6.6043,5.3091,5.3091,27.8316,,,
2011-01-01 00:00:00,2,23.3181,32.1935,25.7423,27.8316,33.3215,31.0804,22.5304,18.0249,14.4044,12.166,10.6568,11.4019,19.8556,66.0555,75.7603,47.6123,18.567,15.7471,53.2112,34.2344,14.4044,11.4019,10.9525,10.3641,9.7882,9.3645,9.086,8.948,8.8108,8.404,8.0045
2010-12-01 00:00:00,2,8.5388,8.6744,7.7424,7.7424,7.6125,8.5388,15.7471,15.4072,10.3641,7.7424,7.6125,7.4835,12.4769,12.166,31.0804,34.0053,21.9464,19.6695,17.3116,13.2672,9.5049,8.27,8.0045,8.5388,20.7961,23.7158,24.5188,33.0947,36.3227,14.4044,13.1077
2010-11-01 00:00:00,2,6.6043,5.3091,4.542,4.2274,4.3313,16.9591,30.6394,10.219,6.6043,4.7565,15.0701,16.2623,13.2672,8.8108,8.404,8.0045,10.3641,8.5388,7.2281,6.3609,6.8513,6.976,6.7274,12.6335,13.9127,11.5532,9.086,7.873,7.7424,7.873,
2010-10-01 00:00:00,2,3.4312,5.1967,3.2421,3.3361,3.1491,3.3361,3.1491,3.2421,3.1491,3.1491,3.0572,2.9663,2.8764,2.7876,2.7876,2.9663,4.4362,9.2249,9.086,5.3091,4.0224,3.6243,3.0572,2.9663,2.8764,7.2281,12.0117,8.5388,4.7565,4.1244,4.1244
2010-09-01 00:00:00,2,2.2774,2.2774,2.2774,2.2774,2.2774,2.2774,2.2774,2.8764,3.3361,3.5272,3.4312,3.3361,3.2421,3.2421,3.1491,2.8764,2.6132,2.3597,2.2774,2.2774,2.2774,2.2774,2.2774,2.2774,2.2774,2.2774,2.5276,3.4312,4.7565,3.7223,
2010-08-01 00:00:00,2,2.8764,2.8764,2.8764,2.8764,2.7876,2.7876,2.7876,2.6999,2.6999,2.6999,2.6999,2.6132,2.6132,2.6132,2.6132,2.6132,2.6132,2.6132,2.5276,2.5276,2.5276,2.5276,2.5276,2.4431,2.4431,2.4431,2.4431,2.4431,2.4431,2.4431,2.3597
2010-07-01 00:00:00,2,3.5272,3.5272,3.5272,3.5272,3.5272,3.5272,3.5272,3.5272,3.5272,3.4312,3.3361,3.3361,3.3361,3.3361,3.3361,3.3361,3.3361,3.3361,3.3361,3.3361,3.3361,3.3361,3.3361,3.2421,3.1491,3.1491,2.9663,2.9663,2.9663,2.9663,2.9663
2010-06-01 00:00:00,2,4.2274,4.1244,4.1244,4.1244,4.4362,4.3313,4.1244,4.0224,3.9214,3.9214,3.9214,3.9214,3.9214,3.9214,3.9214,3.9214,3.9214,3.9214,3.8214,3.8214,3.8214,3.7223,3.7223,3.7223,3.7223,3.7223,3.7223,3.6243,3.5272,3.5272,
2010-05-01 00:00:00,2,5.3091,5.3091,4.8652,4.6488,4.4362,4.3313,4.3313,4.2274,4.1244,5.1967,5.7676,5.3091,4.9748,4.8652,4.7565,4.7565,4.6488,4.542,4.542,6.976,5.8845,5.3091,5.0853,4.8652,4.7565,4.6488,4.4362,4.3313,4.3313,4.3313,4.3313
2010-04-01 00:00:00,2,5.8845,5.8845,5.8845,5.8845,6.2405,6.4822,7.873,10.6568,7.873,7.4835,6.7274,6.1209,5.8845,6.7274,6.1209,5.6516,5.4224,5.3091,5.1967,5.0853,4.9748,4.9748,4.9748,4.9748,4.8652,4.7565,4.7565,4.7565,4.7565,4.9748,
2010-03-01 00:00:00,2,7.873,8.27,13.1077,14.4044,9.7882,9.086,8.948,9.931,9.086,8.27,7.2281,6.6043,6.4822,9.2249,6.976,7.2281,8.6744,7.3554,6.8513,6.7274,6.7274,6.8513,6.6043,6.976,6.7274,6.6043,6.3609,6.3609,6.2405,6.1209,6.0023
2010-02-01 00:00:00,2,8.404,7.6125,7.2281,7.2281,6.976,6.7274,6.6043,6.4822,6.3609,6.1209,5.8845,5.7676,5.6516,5.8845,6.1209,6.0023,5.7676,5.6516,6.1209,7.2281,6.2405,5.7676,5.6516,5.6516,5.6516,5.6516,5.7676,6.0023,,,
2010-01-01 00:00:00,2,11.8581,11.2513,10.3641,9.7882,9.3645,11.1015,11.2513,11.8581,10.6568,9.7882,8.8108,8.5388,8.27,8.0045,13.4275,11.2513,9.7882,8.27,7.873,7.7424,17.8455,19.4841,20.6067,12.166,15.4072,19.4841,12.166,9.7882,9.086,8.6744,8.404
2009-12-01 00:00:00,2,12.3211,16.7838,11.5532,24.7211,31.3019,33.5488,29.3307,22.5304,29.3307,28.0439,15.9182,13.2672,12.166,12.7908,13.1077,12.3211,11.4019,10.6568,10.3641,10.3641,10.219,9.931,9.6462,9.086,34.2344,26.7792,15.4072,10.5101,20.0424,14.2397,12.6335
2009-11-01 00:00:00,2,8.8108,10.9525,10.8043,9.086,11.5532,9.931,7.2281,7.2281,10.219,13.4275,9.931,13.4275,14.5697,8.27,7.6125,9.086,10.0746,8.27,7.7424,7.1016,6.3609,6.0023,5.7676,5.5365,6.7274,5.8845,6.8513,6.0023,5.5365,7.873,
2009-10-01 00:00:00,2,6.2405,5.8845,6.8513,5.6516,4.9748,4.6488,5.0853,11.7053,14.4044,8.6744,6.0023,5.6516,5.3091,4.9748,6.6043,5.1967,15.5768,10.5101,14.2397,13.7502,10.9525,24.5188,17.3116,10.3641,8.404,12.4769,11.8581,9.931,9.2249,9.086,8.948
2009-09-01 00:00:00,2,4.2643,4.2643,4.2643,4.2643,4.4774,4.4774,4.4774,4.6953,4.5858,4.4774,4.2643,3.9537,3.8525,3.6538,3.6538,3.6538,3.5563,3.46,3.46,3.7526,3.5563,14.7358,9.6462,7.4835,7.1016,6.0023,4.9748,4.6488,4.4362,6.976,
2009-08-01 00:00:00,2,4.6953,4.6953,4.6953,4.5858,4.5858,4.4774,4.4774,4.4774,4.3703,4.3703,4.2643,4.2643,4.2643,4.2643,4.2643,4.2643,4.1596,4.1596,4.1596,4.1596,4.4774,4.806,5.1453,5.6142,6.2267,6.8683,6.1019,5.031,4.5858,4.4774,4.3703
2009-07-01 00:00:00,2,6.2267,5.9782,5.8557,5.8557,5.8557,5.8557,5.8557,5.7344,5.7344,5.7344,5.6142,5.6142,5.6142,5.4952,5.4952,5.4952,5.3774,5.3774,5.2608,5.2608,5.1453,5.1453,5.1453,5.1453,5.1453,5.031,4.9179,4.9179,4.806,4.6953,4.6953
2009-06-01 00:00:00,2,6.8683,6.8683,6.7377,6.6082,6.6082,6.6082,6.4799,6.4799,6.4799,6.4799,6.4799,6.3527,6.3527,6.3527,6.3527,6.3527,6.3527,6.2267,6.2267,6.1019,6.1019,6.1019,5.9782,5.9782,5.9782,5.9782,6.8683,8.9652,7.5387,6.4799,
2009-05-01 00:00:00,2,8.8175,8.6709,8.5254,8.5254,8.381,8.2378,8.2378,8.2378,8.2378,8.2378,8.2378,8.0957,8.0957,7.9547,7.9547,7.9547,7.9547,7.8149,7.6762,7.6762,7.5387,7.5387,7.4023,7.4023,7.4023,7.4023,7.2671,7.133,7.0001,7.0001,6.8683
2009-04-01 00:00:00,2,20.4179,15.2383,13.9127,12.4769,11.7053,11.4019,12.9489,15.2383,14.2397,13.4275,12.4769,12.0117,11.7053,13.2672,15.0701,12.166,11.4019,10.8043,10.5048,10.3458,10.1879,10.0311,9.721,9.5676,9.2642,9.1141,9.1141,9.1141,8.9652,8.8175,
2009-03-01 00:00:00,2,11.8581,11.5532,11.2513,10.9525,12.166,10.8043,11.1015,11.7053,11.2513,10.8043,10.5048,10.1879,9.8755,9.5676,9.2642,11.8581,13.5885,14.5697,12.4769,10.1879,9.8755,10.1879,18.3856,14.7358,13.5885,12.0117,11.5532,11.8581,14.4044,15.2383,20.0424
2009-02-01 00:00:00,2,28.8993,22.5304,21.1769,15.9182,14.7358,14.7358,17.4889,17.4889,17.6669,24.5188,20.4179,36.7932,32.8685,33.3215,26.9884,17.8455,16.2623,14.9026,14.2397,13.5885,14.5697,24.7211,22.9229,15.5768,15.2383,14.7358,13.9127,12.6335,,,
2009-01-01 00:00:00,2,56.9938,33.0947,28.0439,23.3181,28.8993,27.1983,21.7531,27.8316,20.9862,17.4889,16.2623,14.7358,18.3856,17.135,17.135,31.0804,25.7423,23.7158,22.3351,22.9229,36.7932,48.5785,33.3215,23.5166,21.7531,20.4179,24.7211,26.7792,23.3181,20.0424,18.9318
2008-12-01 00:00:00,2,4.3703,4.1596,6.3527,6.3527,4.6953,4.056,3.8525,3.8525,4.056,3.6538,3.46,9.1141,6.8683,9.2642,14.7358,64.1916,157.445,167.291,67.9451,27.1983,19.8556,18.567,16.9591,22.7264,17.6669,14.2397,57.3439,88.2505,69.8604,36.7932,55.2589
2008-11-01 00:00:00,2,4.4774,3.46,2.9968,6.1019,5.6142,4.806,8.381,6.7377,6.2267,8.381,7.0001,5.2608,5.4952,5.031,5.6142,5.9782,5.9782,37.0293,26.7792,10.6568,8.0957,7.0001,6.3527,5.7344,5.031,4.806,4.6953,5.3774,4.9179,4.5858,
2008-10-01 00:00:00,2,2.7337,2.9079,3.1784,2.8202,2.4817,2.4002,7.133,8.0957,4.5858,3.46,2.9968,2.9079,2.8202,2.7337,2.6485,2.5645,3.8525,4.056,8.381,7.0001,5.8557,4.056,3.46,3.2711,2.9079,2.6485,2.4817,2.4002,2.4002,2.4002,2.32
2008-09-01 00:00:00,2,3.8525,3.087,2.9079,2.6485,2.5645,2.4002,2.32,2.241,2.241,2.241,2.241,2.241,2.241,2.32,2.4002,6.1019,3.9537,3.2711,3.087,3.2711,2.8202,4.4774,4.6953,3.1784,2.7337,3.7526,3.9537,3.3649,3.1784,3.087,
2008-08-01 00:00:00,2,2.9079,2.8202,2.8202,2.8202,2.9079,2.9968,2.9079,2.9079,2.9079,2.9079,2.8202,2.8202,2.7337,2.7337,2.7337,2.7337,2.6485,2.5645,2.5645,2.4817,2.4817,2.4817,2.4817,2.4002,2.4002,2.4002,2.4002,2.32,2.32,2.241,4.5858
2008-07-01 00:00:00,2,3.7526,3.6538,3.6538,3.6538,3.6538,3.6538,3.5563,3.5563,3.5563,3.46,3.46,3.46,3.46,3.46,3.3649,3.3649,3.2711,3.2711,3.1784,3.1784,3.1784,3.087,3.087,2.9968,2.9968,2.9968,2.9079,2.9079,2.9079,2.9079,2.9079
2008-06-01 00:00:00,2,4.4774,4.4774,4.3703,4.3703,4.3703,4.2643,4.2643,4.2643,4.2643,4.1596,4.1596,4.056,4.056,3.9537,3.9537,3.8525,3.8525,3.8525,3.8525,3.8525,3.8525,3.7526,3.7526,3.8525,4.056,4.056,3.9537,3.8525,3.8525,3.7526,
2008-05-01 00:00:00,2,6.4799,6.2267,6.1019,5.9782,5.9782,5.8557,5.6142,5.3774,5.3774,5.2608,5.2608,5.1453,5.1453,5.1453,5.1453,5.1453,5.031,5.031,5.031,5.031,4.9179,4.806,4.6953,4.5858,4.5858,4.4774,4.4774,4.4774,4.3703,4.3703,4.3703
2008-04-01 00:00:00,2,7.6762,7.6762,7.4023,7.2671,10.8043,12.7908,13.9127,14.4044,17.8455,10.9525,18.0249,12.0117,9.8755,8.381,13.7502,9.2642,8.2378,7.9547,7.6762,7.5387,7.2671,7.133,7.5387,7.2671,6.7377,6.6082,6.3527,6.1019,5.9782,5.8557,
2008-03-01 00:00:00,2,11.4019,12.7908,12.0117,10.9525,6.8683,6.3527,7.6762,8.5254,11.5532,12.166,7.4023,9.2642,9.8755,22.5304,64.5623,91.7362,42.3142,18.7491,13.5885,12.0117,10.9525,9.8755,9.2642,10.1879,11.1015,9.4153,19.8556,15.7471,11.4019,9.8755,8.2378
2008-02-01 00:00:00,2,24.116,18.567,17.135,20.2298,26.5706,16.2623,15.5768,15.2383,12.6335,12.9489,12.6335,9.8755,7.9547,6.7377,7.4023,7.4023,7.0001,6.6082,18.2049,8.381,7.2671,10.1879,9.4153,8.9652,12.166,10.9525,8.0957,7.133,6.6082,,
2008-01-01 00:00:00,2,5.9782,5.7344,5.4952,4.9179,4.5858,7.0001,9.5676,8.2378,10.6568,9.2642,8.0957,7.6762,7.5387,7.2671,6.1019,5.2608,4.6953,4.9179,6.8683,8.381,10.3458,8.5254,7.9547,7.0001,5.7344,6.8683,6.2267,6.7377,10.5048,20.0424,23.7158
2007-12-01 00:00:00,2,3.2711,3.9537,4.5858,3.8525,14.7358,11.1015,15.0701,13.7502,8.9652,4.5858,3.6538,3.5563,3.7526,5.031,29.9823,14.5697,6.1019,5.031,4.5858,24.9241,78.5924,19.8556,6.3527,67.5651,19.8556,12.9489,10.5048,8.5254,7.5387,7.133,6.6082
2007-11-01 00:00:00,2,3.087,2.9079,2.7337,2.7337,2.9968,4.1596,3.2711,4.2643,4.056,3.3649,2.9968,3.2711,4.806,4.3703,3.46,2.9968,2.8202,2.7337,2.7337,3.8525,3.9537,3.9537,2.9968,2.8202,3.1784,12.0117,8.6709,6.7377,3.9537,3.46,
2007-10-01 00:00:00,2,2.241,2.1633,2.0868,2.0117,1.8651,1.7937,1.7237,1.7237,1.6549,1.6549,1.6549,1.6549,1.5874,1.5212,1.5212,1.4563,1.4563,1.4563,2.8202,14.9026,5.7344,3.7526,3.9537,3.6538,3.6538,4.806,6.6082,5.8557,6.4799,3.3649,3.087
2007-09-01 00:00:00,2,2.4817,2.4817,2.32,2.241,2.4002,2.4002,2.4002,2.32,2.241,2.0868,2.0868,2.0868,2.0117,2.0117,2.0117,2.0117,1.9377,1.9377,1.9377,1.8651,1.8651,1.7937,1.7237,1.7237,1.7237,1.7237,1.7237,1.7237,2.5645,2.8202,
2007-08-01 00:00:00,2,3.6538,3.087,2.7337,2.8202,2.9079,2.8202,2.8202,2.8202,2.7337,2.7337,2.7337,2.7337,2.7337,2.6485,2.5645,2.5645,2.5645,2.5645,2.5645,2.5645,2.5645,2.4817,2.4817,2.4817,2.4817,2.4002,2.4002,2.4002,2.241,2.241,2.241
2007-07-01 00:00:00,2,3.46,3.3649,3.2711,3.087,3.087,3.087,3.087,3.087,3.087,3.087,3.087,3.087,2.9079,2.9079,2.9079,2.9079,2.9079,2.9079,2.9079,2.9079,2.9079,2.9079,2.7337,2.8202,2.8202,2.8202,2.7337,3.2711,3.8525,3.46,3.5563
2007-06-01 00:00:00,2,4.1596,4.056,4.056,4.056,3.8525,3.8525,3.8525,3.7526,3.6538,3.6538,3.6538,3.5563,3.46,3.46,3.46,3.46,3.46,3.46,3.46,3.46,3.3649,3.3649,3.2711,3.2711,3.2711,3.2711,3.2711,3.2711,3.2711,3.2711,
2007-05-01 00:00:00,2,5.031,4.9179,4.6953,4.4774,4.4774,4.3703,4.2643,4.2643,4.3703,4.4774,4.4774,4.3703,4.2643,4.2643,4.1596,4.056,4.056,4.056,3.8525,3.8525,3.7526,3.9537,4.1596,5.1453,5.031,4.806,4.056,4.6953,4.4774,4.3703,4.2643
2007-04-01 00:00:00,2,5.2608,5.2608,4.9179,4.5858,4.806,4.806,5.031,5.1453,5.3774,6.3527,5.7344,5.2608,5.1453,4.806,4.6953,4.806,4.6953,4.6953,4.4774,4.3703,4.3703,4.6953,5.8557,6.3527,5.2608,5.1453,5.031,5.4952,5.4952,5.1453,
2007-03-01 00:00:00,2,8.381,7.9547,7.5387,7.2671,7.133,6.8683,6.4799,6.2267,5.9782,5.8557,5.8557,5.8557,5.8557,5.9782,6.1019,5.8557,6.1019,6.3527,6.6082,6.2267,6.2267,5.8557,5.7344,5.2608,5.2608,5.2608,5.2608,5.3774,5.1453,5.3774,5.3774
2007-02-01 00:00:00,2,17.135,16.6093,60.9015,37.5032,31.0804,20.7961,16.0899,12.166,16.9591,16.6093,20.4179,24.7211,15.7471,13.4275,11.5532,10.6568,10.0311,9.8755,9.721,8.9652,8.381,8.0957,7.8149,7.5387,7.8149,8.5254,8.9652,9.2642,,,
2007-01-01 00:00:00,2,7.4401,7.4401,8.7291,24.9241,13.0005,13.7828,11.8794,31.5239,28.4704,35.6214,21.3683,17.3116,16.6093,24.5188,27.4088,23.9156,32.4179,18.567,18.9318,15.8631,17.4889,33.5488,26.7792,19.4841,24.7211,35.6214,42.012,25.332,23.7158,22.1404,16.4355
2006-12-01 00:00:00,2,17.6669,7.7156,6.033,4.6995,4.1107,5.0138,4.9076,6.778,8.5796,7.9973,7.1707,6.033,5.2303,5.5657,6.778,8.4316,8.8802,7.8557,7.4401,5.5657,5.4524,5.1213,5.4524,6.778,10.8199,15.8631,15.22,15.4326,11.342,8.1405,7.8557
2006-11-01 00:00:00,2,2.1953,7.4401,27.6199,33.5488,7.4401,5.6803,5.0138,4.2032,4.4969,6.9074,7.0383,7.0383,7.5771,7.8557,7.8557,5.914,4.4969,4.4969,18.567,27.8316,9.8206,6.5237,5.914,5.3406,5.2303,4.9076,5.1213,5.5657,5.7964,13.1934,
2006-10-01 00:00:00,2,2.7074,3.0972,3.0177,2.861,2.7838,3.2586,3.1776,5.3406,5.4524,5.1213,5.0138,3.5906,3.9344,5.0138,4.4969,4.5975,4.6995,4.9076,4.9076,5.3406,5.4524,4.4969,4.0222,2.861,2.557,2.4098,2.266,2.1953,2.1255,2.1953,2.0565
2006-09-01 00:00:00,2,3.0972,3.0972,2.557,2.3375,2.3375,2.861,3.2586,2.9389,2.9389,2.7838,2.7838,2.6318,2.557,2.483,2.4098,2.3375,2.3375,2.4098,2.7074,6.778,7.0383,7.0383,4.8028,3.2586,3.5906,3.1776,2.9389,3.0177,2.7838,3.2586,
2006-08-01 00:00:00,2,2.7838,2.7838,3.1776,2.9389,2.861,2.7838,2.7074,2.6318,2.6318,2.557,2.3375,2.4098,2.4098,2.483,2.483,2.3375,2.4098,2.483,2.483,3.0177,3.761,3.9344,3.3405,2.7838,2.4098,2.483,2.483,2.557,3.9344,3.2586,2.7074
2006-07-01 00:00:00,2,3.2586,3.3405,3.2586,3.3405,3.2586,3.4231,3.0972,3.0972,3.0177,2.9389,3.0177,3.0972,2.9389,2.7838,2.7838,2.9389,2.9389,2.861,2.9389,2.7838,2.7838,2.861,2.7838,2.7838,2.7074,2.7838,2.7838,2.7838,2.861,2.861,2.7838
2006-06-01 00:00:00,2,3.6754,3.6754,3.6754,3.5906,3.5906,3.5065,3.4231,3.4231,3.4231,3.3405,3.5065,3.5065,3.4231,3.4231,3.2586,3.1776,3.2586,3.2586,3.0972,2.6318,2.7838,2.861,2.861,3.0972,3.1776,3.1776,3.5906,3.6754,3.3405,3.2586,
2006-05-01 00:00:00,2,5.1213,5.0138,4.8028,4.2997,4.0222,4.5975,4.4969,3.5065,4.2997,4.9076,5.7964,5.2303,4.2997,4.2997,4.3976,4.2997,4.2997,4.1107,3.9344,3.761,3.761,4.0222,4.2032,3.9344,4.0222,4.0222,4.2997,4.0222,3.9344,3.6754,3.6754
2006-04-01 00:00:00,2,5.0138,4.9076,4.6995,4.5975,4.3976,4.3976,4.3976,4.5975,4.9076,5.1213,8.1405,6.9074,6.6501,6.5237,6.2754,6.033,4.4969,4.2997,4.5975,5.1213,5.0138,4.9076,4.8028,4.6995,6.5237,6.033,5.914,5.914,5.1213,4.9076,
2006-03-01 00:00:00,2,14.1845,16.081,14.388,7.8557,7.3046,12.4322,12.8093,17.135,8.7291,10.147,10.9922,9.8206,7.9973,7.7156,8.4316,8.7291,9.1872,11.8794,12.4322,9.6598,9.5006,8.1405,7.3046,7.1707,6.9074,6.6501,6.5237,6.1535,5.6803,5.4524,5.2303
2006-02-01 00:00:00,2,34.2344,10.3128,8.8802,6.033,5.6803,5.5657,5.3406,6.033,6.033,14.8004,28.8993,29.9823,18.0249,23.7158,17.8455,13.1934,8.4316,7.0383,5.914,5.3406,5.2303,5.4524,5.4524,5.6803,6.5237,15.22,12.8093,8.4316,,,
2006-01-01 00:00:00,2,9.5006,8.5796,8.8802,9.5006,28.2569,27.1983,14.388,11.8794,10.3128,8.5796,7.9973,7.4401,7.1707,6.9074,6.6501,6.3988,6.1535,5.914,5.6803,5.4524,5.1213,5.1213,4.6995,4.6995,4.6995,4.5975,4.5975,8.1405,16.2623,11.8794,16.081
2005-12-01 00:00:00,2,8.8802,10.6492,9.1872,6.1535,5.6803,9.6598,23.5166,22.7264,18.7491,22.7264,33.3215,32.1935,39.0469,23.1202,23.1202,24.5188,19.2993,25.5368,26.7792,20.9862,14.388,9.1872,11.6986,10.3128,12.8093,13.0005,9.8206,8.7291,7.9973,7.8557,7.5771
2005-11-01 00:00:00,2,13.1934,6.1535,6.1535,7.4401,8.4316,8.8802,8.8802,9.1872,12.6199,10.147,6.778,6.778,6.6501,6.2754,6.033,4.8028,5.0138,6.1535,8.1405,28.8993,13.9827,7.0383,6.2754,8.4316,6.5237,6.6501,8.4316,8.8802,7.7156,7.5771,
2005-10-01 00:00:00,2,3.5906,4.0222,3.1776,3.0972,3.9344,4.0222,5.1213,4.6995,4.4969,4.3976,3.0972,4.2032,2.483,2.9389,2.7074,2.7074,2.6318,2.6318,2.6318,2.557,2.6318,2.6318,2.7838,2.7838,3.2586,3.8473,4.8028,3.2586,4.0222,3.4231,3.5065
2005-09-01 00:00:00,2,3.5906,3.5906,3.6754,3.6754,3.761,4.0222,4.0222,4.1107,3.9344,4.0222,3.4231,3.5065,3.4231,3.4231,3.4231,3.3405,4.0222,4.1107,4.3976,4.4969,4.3976,4.0222,4.2997,4.4969,6.778,18.9318,7.7156,7.4401,6.6501,5.5657,
2005-08-01 00:00:00,2,4.6995,4.6995,4.5975,4.4969,4.4969,4.3976,4.2997,4.2997,4.2997,4.4969,4.4969,4.4969,4.3976,4.2997,4.2997,4.2997,4.3976,4.2032,3.4231,3.4231,3.4231,3.0972,3.4231,3.9344,3.761,3.761,3.761,3.6754,3.761,3.5906,3.5906
2005-07-01 00:00:00,2,5.6803,5.5657,5.5657,5.5657,5.4524,5.2303,4.5975,4.9076,5.4524,5.5657,5.5657,5.4524,5.1213,5.1213,5.1213,5.0138,4.9076,5.1213,5.6803,5.2303,5.1213,5.1213,5.0138,5.0138,4.8028,5.0138,5.1213,5.1213,5.0138,5.0138,4.9076
2005-06-01 00:00:00,2,8.1405,7.8557,6.9074,6.6501,6.5237,6.2754,6.1535,6.033,6.033,6.033,6.1535,6.2754,6.1535,6.033,6.1535,6.2754,6.033,5.914,5.7964,6.2754,7.5771,9.0329,6.6501,6.3988,6.2754,5.914,5.914,5.7964,5.7964,5.6803,
2005-05-01 00:00:00,2,12.2462,10.6492,10.147,8.8802,8.4316,7.9973,7.5771,7.5771,7.4401,7.4401,7.3046,7.3046,7.4401,7.5771,7.1707,7.0383,7.0383,6.9074,6.778,6.3988,6.2754,6.033,11.1663,14.5933,16.3009,24.9241,17.4889,6.778,6.778,6.9074,8.4316
2005-04-01 00:00:00,2,10.3128,9.983,9.6598,9.3431,8.7291,8.5796,7.9973,7.4401,7.4401,7.5771,7.5771,7.5771,7.5771,7.5771,7.5771,7.5771,7.4401,7.3046,7.5771,7.5771,7.4401,7.4401,7.0383,7.9973,9.5006,8.4316,13.5846,9.8206,11.1663,19.2993,
2005-03-01 00:00:00,2,31.3019,16.4355,24.3171,60.5411,40.8134,23.7158,18.7491,16.081,15.22,14.8004,17.3116,10.147,9.8206,10.4801,13.3881,18.7491,15.4326,24.7211,23.7158,23.1202,22.7264,31.3019,21.9464,13.3881,16.4355,17.3116,16.6093,15.8631,12.8093,10.8199,12.2462
2005-02-01 00:00:00,2,12.2462,10.147,11.342,14.8004,14.1845,15.22,12.2462,11.342,10.3128,9.3431,9.3431,15.0093,17.4889,14.5933,8.8802,10.4801,10.147,18.0249,24.5188,11.5194,10.9922,9.5006,9.3431,10.9922,18.567,18.3856,21.3683,24.7211,,,
2005-01-01 00:00:00,2,16.7838,16.3009,11.342,9.0329,10.8199,13.5846,39.3387,60.9015,53.8897,13.0005,18.2049,19.6695,31.7465,15.8631,13.0005,31.9697,102.12,123.985,66.0555,29.9823,18.9318,17.135,22.7264,17.4889,12.2462,23.5166,48.5785,20.7961,15.6469,12.0619,12.8093
2004-12-01 00:00:00,2,6.1535,3.4231,3.5906,5.5657,8.1405,11.342,18.9318,11.1663,8.1405,8.8802,11.342,13.5846,8.1405,6.033,4.6995,3.8473,3.3405,3.5065,10.6492,13.3881,22.1404,36.0884,35.8546,29.9823,19.6695,9.6598,6.778,13.1934,18.9318,13.5846,13.5846
2004-11-01 00:00:00,2,2.7838,3.5065,3.2586,3.4231,3.0972,3.4231,4.9076,7.4401,3.4231,3.1776,2.7838,2.6318,2.4098,2.3375,2.266,2.3375,2.4098,3.5065,5.2303,8.1405,6.778,5.1213,2.9389,2.557,2.266,2.3375,2.9389,4.2997,6.3988,11.342,
2004-10-01 00:00:00,2,1.6644,1.7273,2.5513,4.6489,5.0138,3.6754,3.1776,2.6318,2.557,2.557,2.483,2.6318,3.3405,3.2586,3.0972,3.0177,2.861,2.7838,2.7074,2.6318,2.483,2.483,2.557,2.557,3.3405,4.1107,4.6995,3.3405,2.9389,2.7074,2.557
2004-09-01 00:00:00,2,2.7766,2.8533,2.8533,2.7006,2.3335,2.4778,2.5513,2.4052,2.3335,2.2626,2.1926,2.2626,2.3335,2.3335,2.1926,2.2626,2.2626,2.4052,2.4778,2.4052,2.2626,2.3335,2.1926,2.1235,1.9214,1.7911,1.6644,1.6024,1.6024,1.6024,
2004-08-01 00:00:00,2,3.6655,3.6655,3.5807,3.5807,3.5807,3.4967,3.4135,3.2494,3.1686,3.2494,3.2494,3.2494,3.0093,3.1686,3.0093,3.1686,3.2494,3.1686,3.1686,3.1686,3.2494,3.0886,3.0093,2.9309,2.8533,2.9309,2.9309,2.9309,2.8533,2.8533,2.7766
2004-07-01 00:00:00,2,4.2807,4.2807,4.1905,4.1905,3.9246,3.9246,3.7511,3.9246,4.1011,4.1905,13.5349,6.5568,5.029,4.5558,4.1011,4.2807,4.1011,4.1011,4.1905,5.1259,5.3217,5.3217,4.1905,4.1011,4.0125,4.0125,3.9246,3.7511,3.7511,3.5807,3.6655
2004-06-01 00:00:00,2,6.1338,9.668,9.367,8.6293,6.5568,5.5205,5.2234,5.029,4.8375,4.8375,4.6489,4.8375,4.8375,4.7428,4.8375,8.197,6.0299,4.4633,4.4633,4.3716,4.4633,4.4633,4.3716,4.3716,4.2807,4.1905,4.1905,4.1905,4.2807,4.2807,
2004-05-01 00:00:00,2,5.6209,5.5205,5.3217,5.3217,5.4208,5.4208,5.2234,5.1259,5.1259,5.029,5.029,5.029,4.9329,5.029,6.0299,7.2196,7.6331,5.2234,5.4208,5.824,6.45,5.6209,6.1338,5.6209,5.5205,5.3217,5.5205,5.2234,5.5205,6.2385,5.6209
2004-04-01 00:00:00,2,8.4843,8.197,9.2177,27.4952,11.7055,11.5439,9.5171,8.6293,8.3402,23.1715,10.9055,9.367,12.1951,9.8198,9.0693,8.4843,8.4843,8.3402,7.0836,6.2385,6.1338,6.1338,6.0299,5.824,5.7221,8.4843,7.3565,6.45,6.1338,6.0299,
2004-03-01 00:00:00,2,17.2808,14.3972,19.3694,23.5856,18.4096,19.7582,17.0952,14.7474,13.0267,12.0311,10.9055,10.1259,9.8198,9.668,9.2177,8.9218,8.9218,9.0693,9.668,14.5719,10.4353,10.2802,10.2802,9.9724,9.367,7.4944,8.197,10.2802,8.9218,8.197,8.9218
2004-02-01 00:00:00,2,4.9329,4.6489,5.1259,4.8375,4.8375,4.8375,4.5558,5.824,14.05,11.2231,13.3647,13.3647,8.4843,7.6331,13.8776,29.7515,31.5656,37.0337,30.2645,27.2498,18.2197,14.05,16.9102,43.2273,46.3386,67.9451,86.105,40.2204,24.6323,,
2004-01-01 00:00:00,2,5.2234,5.4208,5.5205,4.6489,4.3716,4.1011,4.1905,7.9133,58.7545,85.2539,66.0555,41.4106,67.9451,51.2009,16.726,28.4874,14.7474,11.7055,9.0693,9.9724,8.9218,8.4843,8.4843,8.197,7.2196,7.0836,6.9485,6.2385,6.0299,5.824,5.4208
2003-12-01 00:00:00,2,10.9055,18.9834,16.5425,15.9963,19.9536,23.3782,27.0054,15.6358,13.0267,13.0267,11.3831,6.5568,6.2385,6.0299,5.824,4.1011,3.5807,3.4967,4.0125,3.8374,4.1011,5.6209,5.1259,4.3716,4.2807,4.5558,5.7221,6.2385,4.8375,4.1905,4.2807
2003-11-01 00:00:00,2,1.3068,2.2626,5.5205,4.6489,2.4052,1.9878,3.6655,10.2802,5.5205,3.4967,2.4778,2.1926,2.1926,2.7766,2.2626,2.1235,2.2626,2.8533,5.2234,15.2782,13.7059,6.3439,4.7428,4.3716,3.4135,2.6255,4.1011,6.6811,6.0299,6.5568,
2003-10-01 00:00:00,2,2.1235,1.9214,1.7911,1.6644,1.5414,1.5414,1.4222,1.364,1.5414,1.7273,2.4778,2.8533,2.4052,2.2626,2.1235,1.7911,1.6644,1.5414,1.4222,1.364,1.3068,1.3068,1.1953,2.4778,2.8533,2.1235,1.7911,1.6644,1.3068,1.3068,1.3068
2003-09-01 00:00:00,2,2.4778,2.4778,2.3335,2.3335,2.2626,2.1235,2.1235,2.0552,1.9214,1.9878,1.9214,1.7911,1.9214,2.1926,2.5513,2.3335,2.4052,2.7766,2.4778,2.3335,2.1235,1.9214,1.7911,1.6644,1.5414,1.4813,1.5414,2.3335,2.9309,2.4778,
2003-08-01 00:00:00,2,2.4778,2.4778,2.4052,2.4052,2.3335,2.3335,2.1926,2.3335,2.2626,2.3335,2.2626,2.1926,2.1235,2.0552,2.5513,3.4967,2.7006,2.5513,2.4052,2.4052,2.2626,2.1235,1.9878,1.9878,2.0552,2.2626,2.7006,2.9309,3.0093,2.8533,2.7006
2003-07-01 00:00:00,2,2.6255,2.5513,2.5513,2.4778,2.4778,2.4778,2.5513,2.4778,2.4778,2.4052,2.4778,2.4778,3.1686,3.9246,3.3311,3.1686,2.9309,2.7766,2.6255,2.6255,2.5513,2.5513,2.4778,2.4778,2.4778,2.5513,2.4778,2.4778,2.4778,2.4778,2.4778
2003-06-01 00:00:00,2,3.2494,3.2494,3.2494,3.1686,3.1686,3.1686,3.0886,3.0886,3.0886,3.1686,3.0886,3.0886,3.0093,2.9309,2.9309,3.0093,2.8533,2.8533,2.8533,2.8533,2.7766,2.8533,2.9309,2.8533,2.7766,2.7766,2.7006,2.6255,2.6255,2.6255,
2003-05-01 00:00:00,2,3.9246,3.9246,4.0125,3.9246,3.9246,4.9329,5.6209,4.3716,3.4135,3.4967,4.1905,4.2807,4.1905,4.1011,4.1011,4.1011,3.9246,3.8374,3.8374,3.7511,3.7511,3.7511,3.6655,3.2494,3.2494,3.2494,3.3311,3.3311,3.4135,3.3311,3.4967
2003-04-01 00:00:00,2,6.0299,5.9266,5.6209,5.5205,5.5205,5.7221,5.9266,5.824,5.6209,5.5205,5.5205,5.3217,5.2234,5.2234,5.029,5.3217,4.6489,4.5558,4.1905,4.0125,3.8374,3.6655,3.4967,3.6655,4.1905,4.1905,4.1905,4.0125,4.0125,3.9246,
2003-03-01 00:00:00,2,5.029,4.8375,4.7428,4.4633,3.9246,3.9246,4.1011,6.0299,7.2196,7.0836,7.2196,8.9218,9.5171,15.2782,13.5349,21.7427,37.3182,32.8931,12.5254,9.367,25.5617,18.4096,18.2197,10.9055,9.367,8.3402,8.3402,7.3565,6.8144,6.5568,6.45
2003-02-01 00:00:00,2,11.7055,11.7055,11.3831,10.5912,9.5171,8.9218,7.7728,7.4944,6.8144,6.5568,6.3439,6.0299,5.824,5.9266,9.367,10.1259,8.9218,9.0693,9.367,9.0693,7.2196,6.1338,6.0299,5.6209,5.5205,5.5205,5.4208,5.3217,,,
2003-01-01 00:00:00,2,5.4208,5.9266,31.042,15.8157,13.3647,17.6543,30.0075,12.6917,16.1776,27.4952,21.7427,11.7055,13.0267,18.0305,17.842,15.1005,12.5254,13.0267,31.5656,37.6037,28.9898,42.3142,17.842,14.9236,9.367,10.1259,13.3647,11.7055,29.2426,46.6555,39.6316
2002-12-01 00:00:00,2,4.0125,3.8374,4.1011,5.5205,5.029,4.7428,10.5912,12.5254,14.05,11.8679,11.5439,25.5617,25.5617,21.5412,17.842,13.1953,12.8588,11.5439,8.6293,7.2196,8.7751,8.9218,8.7751,10.1259,10.4353,13.3647,10.1259,6.0299,5.824,5.9266,6.0299
2002-11-01 00:00:00,2,16.9591,14.0758,3.7526,3.8525,13.1077,29.9823,12.9489,7.0001,6.3527,4.5858,3.6538,4.6953,4.1596,3.6538,3.5563,3.8525,9.8755,29.5473,17.135,15.9182,15.9182,15.4072,12.9489,37.3182,24.6323,10.9055,8.6293,5.9266,5.4208,4.1011,
2002-10-01 00:00:00,2,2.6485,2.7337,2.8202,2.5645,2.4002,2.32,2.32,2.1633,2.0117,2.0117,1.7237,1.7237,1.5874,1.5212,1.4563,1.2694,1.2694,1.2098,1.1514,1.1514,1.2098,1.4563,2.241,2.241,2.0117,2.8202,2.4002,1.7937,1.8651,1.9377,3.8525
2002-09-01 00:00:00,2,1.8651,2.9968,3.2711,2.5645,2.32,2.241,2.1633,2.4002,2.4002,2.4817,2.241,2.0868,2.0117,1.9377,1.8651,1.7937,1.7937,1.7237,1.7237,1.6549,1.7237,4.2643,6.1019,7.5387,9.2642,7.0001,4.2643,3.3649,2.9968,2.7337,
2002-08-01 00:00:00,2,2.32,2.32,2.241,2.6485,2.8202,2.4817,2.4817,2.241,2.241,2.1633,2.0868,2.0868,2.0117,2.0117,1.8651,1.8651,1.8651,1.9377,1.9377,1.8651,1.8651,1.7937,1.7937,1.7937,1.8651,1.8651,1.7937,1.7937,1.8651,1.8651,1.8651
2002-07-01 00:00:00,2,2.8202,2.8202,3.2711,2.9079,2.9079,2.8202,2.8202,2.9079,2.7337,2.8202,3.087,3.5563,2.9079,2.9968,2.9968,2.9079,2.7337,2.6485,2.5645,2.5645,2.4817,2.5645,2.6485,2.6485,2.5645,2.6485,2.6485,2.5645,2.6485,2.4002,2.241
2002-06-01 00:00:00,2,3.6538,3.5563,3.46,3.46,3.5563,3.46,3.46,3.3649,3.3649,3.3649,3.2711,3.2711,3.1784,3.087,3.087,3.1784,3.087,2.9968,3.087,2.9968,2.9968,2.9079,3.087,2.9968,3.087,3.087,2.9968,2.9079,2.9079,2.9079,
2002-05-01 00:00:00,2,3.6538,3.5563,3.5563,3.5563,3.6538,4.9179,6.3527,5.2608,4.6953,4.4774,4.3703,4.1596,3.9537,3.8525,3.7526,3.6538,3.5563,3.5563,3.5563,3.5563,3.6538,3.7526,3.8525,3.9537,3.7526,3.5563,3.46,3.5563,3.6538,3.6538,3.6538
2002-04-01 00:00:00,2,6.1019,5.6142,5.4952,5.3774,5.1453,5.1453,5.031,8.2378,5.9782,5.7344,5.6142,5.4952,5.1453,4.5858,4.4774,4.5858,4.4774,4.5858,4.3703,4.2643,4.3703,4.2643,4.056,4.056,4.056,3.9537,3.8525,3.8525,3.8525,3.7526,
2002-03-01 00:00:00,2,8.381,9.1141,8.8175,8.381,7.9547,7.9547,6.3527,6.3527,6.1019,6.6082,6.8683,6.8683,6.3527,6.3527,18.9318,9.1141,7.6762,7.4023,7.4023,7.133,7.6762,10.6649,9.1141,7.6762,6.8683,7.4023,20.4179,10.6649,7.6762,6.6082,6.3527
2002-02-01 00:00:00,2,10.6649,21.1769,15.4072,14.7358,10.6649,9.1141,8.381,9.1141,9.8755,20.7961,33.3215,15.0701,10.6649,9.1141,8.381,13.7502,18.9318,15.4072,13.7502,10.6649,40.8134,24.116,15.4072,13.7502,12.166,9.1141,9.1141,8.381,,,
2002-01-01 00:00:00,2,20.7961,30.2008,34.2344,13.7502,13.4275,9.1141,8.381,7.6762,7.6762,7.4023,7.133,6.8683,7.133,10.6649,24.7211,50.2097,15.4072,18.9318,17.135,10.6649,11.4019,12.166,10.6649,7.6762,8.381,21.1769,34.2344,30.6394,13.7502,14.0758,12.166
2001-12-01 00:00:00,2,18.9318,16.2623,6.3527,5.3774,5.6142,5.4952,7.0001,5.4952,4.4774,4.1596,3.9537,3.46,3.46,5.1453,7.4023,12.166,26.5706,16.0899,12.166,18.3856,11.4019,9.1141,8.381,11.4019,11.2513,11.2513,12.166,17.135,20.7961,20.9862,17.135
2001-11-01 00:00:00,2,2.9968,3.2711,4.056,4.806,5.6142,7.2671,6.7377,6.3527,3.9537,4.6953,3.8525,2.9968,9.5676,12.3211,10.6649,12.9489,12.3211,9.1141,6.1019,7.0001,9.1141,5.1453,4.806,5.1453,4.056,3.5563,3.3649,3.2711,7.0001,24.116,
2001-10-01 00:00:00,2,1.9377,2.5645,8.381,5.4952,3.6538,2.5645,2.4002,2.32,2.32,2.241,2.1633,2.0117,1.9377,1.7937,1.7237,1.7937,1.9377,2.0117,2.1633,2.6485,4.5858,3.8525,2.8202,2.241,2.0117,1.7937,1.6549,1.6549,1.5212,1.5874,1.5874
2001-09-01 00:00:00,2,1.7237,1.6549,1.7237,1.4563,1.3927,1.3927,1.3927,1.2694,1.2694,1.2694,1.2694,1.2694,1.2694,1.3927,2.0117,3.2711,3.087,2.0117,1.9377,1.7937,1.7937,1.6549,1.6549,1.6549,1.7937,2.0868,2.0868,3.1784,2.241,1.9377,
2001-08-01 00:00:00,2,1.7937,1.7937,1.7937,1.7937,1.6549,1.6549,1.6549,1.6549,1.5212,1.5212,1.5212,1.5874,1.6549,1.6549,1.5874,1.4563,1.3927,1.3927,1.3927,1.3927,1.3304,1.3304,1.3927,2.9079,2.4817,2.241,2.0868,2.0117,1.9377,1.7937,1.7237
2001-07-01 00:00:00,2,2.1633,2.1633,2.0868,2.0868,2.0868,2.0868,2.0868,2.0868,2.0868,2.0868,2.0868,2.0868,2.1633,2.241,2.0868,1.7937,1.8651,1.9377,1.9377,1.9377,1.9377,1.9377,1.9377,1.9377,1.9377,2.1633,2.0868,2.0117,1.9377,1.9377,1.7937
2001-06-01 00:00:00,2,2.7337,2.7337,2.6485,2.5645,2.5645,2.4817,2.5645,2.5645,2.4817,2.32,2.241,2.241,2.1633,2.241,2.241,2.241,2.241,2.241,2.1633,2.1633,2.1633,2.1633,2.1633,2.241,2.241,2.1633,2.241,2.241,2.1633,2.1633,
2001-05-01 00:00:00,2,2.4002,2.4002,2.4002,2.4002,2.4002,2.4002,2.32,2.32,2.241,2.241,2.241,2.241,2.241,3.6538,3.3649,3.3649,6.3527,6.1019,5.3774,4.056,3.7526,2.9968,2.7337,2.7337,2.7337,2.9968,2.9968,3.087,3.087,2.9079,2.8202
2001-04-01 00:00:00,2,4.9179,4.3703,3.9537,3.6538,3.46,3.2711,3.1784,3.1784,3.087,3.087,3.5563,11.4019,7.2671,6.1019,4.5858,3.9537,4.2643,3.6538,3.46,3.3649,3.2711,3.1784,2.9079,2.8202,2.7337,2.5645,2.5645,2.4817,2.4817,2.5645,
2001-03-01 00:00:00,2,3.087,2.9079,2.9079,2.9079,3.6538,3.2711,3.46,3.5563,3.46,3.6538,4.5858,20.0424,13.7502,7.0001,5.6142,4.806,4.806,4.5858,3.8525,3.8525,3.8525,3.7526,3.6538,3.2711,3.1784,3.087,3.1784,3.2711,6.4799,12.3211,7.6762
2001-02-01 00:00:00,2,5.1453,9.8755,7.0001,5.031,7.6762,7.0001,6.1019,8.9652,8.381,7.0001,6.1019,5.4952,5.6142,6.2267,6.1019,6.3527,6.7377,5.6142,3.46,3.3649,3.46,3.46,3.46,3.46,3.46,3.3649,3.2711,3.087,,,
2001-01-01 00:00:00,2,20.7961,13.5885,63.8219,26.3626,29.5473,13.7502,9.8755,8.8175,13.7502,11.1015,10.1879,8.8175,7.8149,7.4023,7.6762,7.4023,7.133,6.1019,5.7344,5.1453,5.8557,6.3527,6.1019,5.9782,5.8557,5.6142,5.3774,5.1453,5.031,4.6953,4.806
2000-12-01 00:00:00,2,7.6762,7.6762,8.381,19.8556,33.3215,15.4072,12.7908,11.4019,10.6568,8.381,7.6762,7.2671,5.1453,4.056,4.4774,4.6953,5.1453,30.2008,17.6669,11.8581,9.1141,6.6082,6.6082,6.2267,5.8557,5.8557,9.4153,6.3527,5.2608,5.6142,14.0758
2000-11-01 00:00:00,2,3.087,2.9079,2.9079,3.087,4.4774,4.4774,4.4774,5.6142,5.1453,4.9179,4.806,4.056,3.3649,7.2671,11.8581,12.4769,10.3458,9.1141,9.1141,10.3458,9.1141,9.1141,9.8755,7.6762,6.3527,5.1453,4.5858,4.2643,4.5858,7.6762,
2000-10-01 00:00:00,2,3.2711,4.2643,4.2643,3.5563,3.3649,2.9079,2.7337,2.5645,2.4002,2.241,2.0868,1.9377,1.7937,1.7937,1.7937,1.7237,1.7237,1.6549,1.5874,1.5874,1.5874,6.3527,4.9179,3.087,2.5645,2.4817,2.5645,2.5645,3.087,2.9968,3.087
2000-09-01 00:00:00,2,3.8525,7.6762,8.381,7.133,5.3774,6.1019,5.9782,5.1453,4.056,3.8525,3.6538,3.46,3.3649,3.2711,3.087,2.9968,2.9079,2.7337,2.6485,2.5645,2.4002,2.32,2.32,2.241,2.241,2.4817,4.9179,4.056,3.46,3.2711,
2000-08-01 00:00:00,2,2.5454,2.2733,2.3396,2.6164,2.4756,2.407,2.3396,2.3396,2.3396,2.2082,2.2082,2.3396,2.2733,2.2082,2.2082,2.1443,2.1443,2.1443,2.3396,2.3396,2.3396,2.3396,2.2082,2.1443,2.0815,2.0815,2.1443,2.0815,3.5563,3.46,3.5563
2000-07-01 00:00:00,2,2.6164,2.6164,2.7621,2.7621,2.6886,2.6164,2.6164,2.6164,2.6164,2.6164,2.6164,2.5454,2.6164,2.6164,2.6164,3.0681,2.9126,2.7621,2.6886,2.6164,2.5454,2.6164,2.6164,2.6886,2.6886,2.7621,2.6886,2.6886,2.6164,2.6164,2.6164
2000-06-01 00:00:00,2,3.0681,3.2285,3.5647,3.4787,3.3941,3.3107,3.2285,3.1477,3.1477,3.0681,3.0681,3.0681,3.0681,2.9897,2.9897,2.9897,2.9897,2.9897,2.9897,2.8367,2.8367,2.8367,2.8367,2.8367,2.8367,2.7621,2.6886,2.6164,2.6164,2.6164,
2000-05-01 00:00:00,2,4.0142,4.0142,3.9216,3.9216,3.9216,3.9216,3.8304,3.7406,3.7406,4.4969,3.5647,3.3941,3.0681,3.1477,3.5647,3.5647,3.4787,3.3941,3.3107,3.0681,3.0681,3.1477,3.2285,3.5647,3.5647,3.3941,3.2285,3.1477,3.0681,3.3941,3.2285
2000-04-01 00:00:00,2,5.3406,5.2303,5.1213,5.1213,4.9076,4.6995,4.6995,4.6995,4.5975,4.4969,4.4969,5.6803,4.6995,4.8028,5.2303,4.9076,4.5975,4.6995,7.5771,6.9074,5.5657,5.1213,4.9076,4.4969,4.3976,4.2997,4.2997,4.2997,4.108,4.108,
2000-03-01 00:00:00,2,5.7964,5.6803,5.5657,5.4524,5.3406,5.1213,5.1213,7.4401,7.0383,6.778,6.9074,7.0383,7.4401,6.778,6.778,6.2754,6.2754,6.778,13.1934,49.8814,34.2344,12.0619,10.147,7.0383,5.6803,5.6803,6.5237,5.4524,5.2303,5.4524,5.4524
2000-02-01 00:00:00,2,17.135,19.6695,14.1845,12.2462,10.3128,27.8316,26.7792,53.5499,27.8316,21.7531,16.2623,13.1934,12.2462,11.342,10.4801,9.6598,8.1405,11.5194,10.6492,10.4801,8.1405,7.8557,8.1405,8.1405,8.1405,9.6598,9.6598,8.1405,6.778,,
2000-01-01 00:00:00,2,6.778,17.135,20.7961,17.135,17.135,9.983,6.778,5.5657,4.4969,4.2997,4.4969,5.1213,5.1213,5.1213,4.9076,6.778,17.135,17.135,10.4801,21.1769,15.22,13.1934,8.1405,6.5237,22.3351,18.9318,17.135,21.7531,18.0249,18.0249,20.0424
1999-12-01 00:00:00,2,6.5237,4.4969,4.2032,3.3107,6.778,5.914,6.778,11.342,10.147,6.778,17.135,14.1845,8.7291,9.6598,7.5771,6.778,5.5657,5.0138,4.4969,3.5647,5.5657,6.778,13.9827,12.2462,9.6598,5.5657,4.4969,6.033,5.5657,5.5657,5.1213
1999-11-01 00:00:00,2,2.4756,2.407,2.3396,2.0815,1.9594,1.9594,3.5647,5.5657,4.9076,5.7964,7.4401,5.5657,4.2997,4.4969,4.2997,3.8304,3.1477,3.3107,5.5657,7.4401,17.135,16.6093,8.1405,4.5975,3.9216,3.2285,3.2285,6.778,7.5771,7.4401,
1999-10-01 00:00:00,2,2.0199,2.0815,2.0815,2.0815,2.1443,2.0815,2.2082,2.1443,2.2082,2.3396,2.3396,2.4756,2.4756,1.9594,1.8417,1.7286,1.7286,1.7286,1.7286,3.3941,8.5796,6.778,4.9076,2.7621,2.6886,2.7621,3.652,3.5647,3.0681,2.7621,2.6164
1999-09-01 00:00:00,2,1.9594,1.9594,1.9594,1.9,1.8417,1.7286,2.2733,2.9126,2.9126,2.9126,2.9126,2.9126,2.6164,2.5454,2.4756,2.7621,2.6164,2.4756,2.3396,2.2082,2.0815,2.0815,9.6598,5.3406,3.0681,2.6886,2.6164,2.2733,2.2082,2.0815,
1999-08-01 00:00:00,2,2.4756,2.4756,2.5454,2.407,2.3396,2.2733,2.3396,2.3396,2.3396,2.2733,2.2082,2.2082,2.1443,2.0815,2.1443,2.2082,2.2082,2.2082,2.2082,2.2082,2.2082,2.1443,2.1443,2.1443,2.0815,2.0199,1.9594,1.9594,1.9594,1.9594,1.9594
1999-07-01 00:00:00,2,2.7621,2.7621,2.7621,2.7621,2.7621,2.8367,2.9126,2.9126,2.9126,2.9126,2.9897,3.0681,2.9897,2.9126,2.9126,2.8367,2.8367,2.7621,2.7621,2.6886,2.6164,2.6164,2.5454,2.4756,2.5454,2.9126,2.6886,2.5454,2.3396,2.3396,2.4756
1999-06-01 00:00:00,2,3.2285,3.2285,3.2285,3.2285,3.2285,3.3107,3.3107,3.3107,3.3107,3.3941,3.3941,3.3941,3.3941,3.3107,3.3107,3.3107,3.3107,3.2285,3.1477,3.1477,3.2285,3.1477,3.0681,2.9126,2.9126,2.9126,2.9126,2.9126,2.8367,2.7621,
1999-05-01 00:00:00,2,4.108,4.0142,4.108,4.108,4.108,4.0142,4.0142,4.4969,4.3976,4.2997,4.108,4.0142,3.9216,3.9216,3.8304,3.8304,3.7406,3.652,3.5647,3.5647,3.4787,3.4787,3.4787,3.4787,3.4787,3.4787,3.3941,3.3941,3.3941,3.3107,3.2285
1999-04-01 00:00:00,2,12.2462,8.8802,6.778,6.5237,6.1535,6.033,5.6803,5.5657,5.4524,5.4524,5.3406,5.3406,5.3406,5.3406,7.3046,6.9074,6.6501,5.914,5.4524,5.3406,5.2303,5.1213,4.9076,4.8028,4.6995,4.5975,4.4969,4.3976,4.2997,4.2032,
1999-03-01 00:00:00,2,10.3128,8.1405,10.4801,10.4801,8.8802,6.778,23.7158,16.2623,13.1934,24.7211,23.9156,15.22,18.9318,15.22,12.2462,9.6598,7.3046,7.1707,7.0383,6.9074,6.778,6.778,6.778,17.135,28.8993,20.7961,18.9318,12.2462,7.0383,6.9074,6.778
1999-02-01 00:00:00,2,6.1535,5.914,4.4969,4.2997,4.2032,4.2032,4.2997,8.1405,5.6803,5.3406,4.4969,4.2032,4.2032,4.108,4.108,4.2997,4.4969,5.1213,4.4969,4.3976,4.0142,3.652,3.7406,3.9216,7.0383,7.4401,8.1405,10.4801,,,
1999-01-01 00:00:00,2,18.9318,21.9464,17.135,22.1404,19.2993,17.135,17.3116,15.22,15.22,13.1934,8.8802,7.1707,6.778,6.5237,6.5237,6.778,6.5237,6.2754,5.914,5.4524,5.0138,4.9076,4.6995,4.3976,4.2997,4.2032,4.2032,12.6199,9.6598,6.6501,8.1405
1998-12-01 00:00:00,2,11.342,8.4316,5.5657,5.1213,4.6995,8.1405,14.1845,8.8802,9.5006,6.778,6.778,6.5237,6.3988,20.0424,9.6598,9.983,20.4179,9.6598,21.7531,10.147,6.778,8.8802,7.1707,6.6501,6.3988,6.2754,6.5237,12.4322,10.9922,9.6598,16.2623
1998-11-01 00:00:00,2,5.5657,4.4969,4.2032,9.6598,8.8802,5.5657,4.4969,4.3976,4.2997,5.0138,6.778,7.8557,5.0138,4.2997,4.2997,4.2032,3.9216,3.4787,3.2285,3.2285,3.2285,6.778,12.2462,6.778,6.5237,5.0138,29.9823,34.0053,9.6598,9.6598,
1998-10-01 00:00:00,2,2.7621,13.9827,6.033,4.0142,3.4787,3.2285,3.2285,5.0138,6.9074,6.1535,5.5657,5.3406,5.2303,5.0138,4.3976,3.5647,4.8028,8.1405,5.0138,3.7406,3.1477,2.7621,2.6886,2.7621,2.8367,2.8367,3.2285,3.2285,4.8028,6.778,6.778
1998-09-01 00:00:00,2,2.407,2.4756,2.4756,2.4756,2.407,2.3396,2.2733,2.2733,2.2733,2.2082,2.2082,2.2082,2.2082,2.1443,2.0815,2.0199,2.1443,2.407,2.3396,2.2733,2.0815,2.0199,1.9594,1.9,1.9,1.9,1.9,1.9,1.9,2.7621,
1998-08-01 00:00:00,2,2.4756,2.4756,2.6164,2.6164,2.6164,3.4787,5.1213,5.7964,4.2997,4.2032,4.2997,3.9216,3.9216,3.5647,2.9126,2.7621,2.7621,2.6886,2.6886,2.6886,2.6164,2.6164,2.6164,2.5454,2.4756,2.407,2.3396,2.3396,2.3396,2.3396,2.3396
1998-07-01 00:00:00,2,3.0681,3.0681,3.0681,3.0681,3.0681,2.9897,2.9126,2.8367,2.7621,2.7621,2.7621,2.7621,2.7621,2.6886,2.6886,2.6886,2.6886,2.6164,2.6164,2.6164,2.6886,2.6886,2.6886,2.6886,2.6886,2.6886,2.6886,2.6886,2.6164,2.5454,2.4756
1998-06-01 00:00:00,2,6.1535,4.3976,4.2997,4.2032,4.108,4.108,4.108,4.0142,3.7406,3.5647,3.3941,3.4787,3.4787,3.4787,3.4787,3.3941,3.3941,3.3941,3.3107,3.2285,3.5647,3.3941,3.3941,3.3107,3.3107,3.3107,3.3107,3.2285,3.2285,3.1477,
1998-05-01 00:00:00,2,4.3976,4.108,3.9216,3.7406,6.1535,6.778,6.3988,5.7964,4.4969,4.2997,4.2032,4.108,3.9216,3.7406,3.652,3.652,3.5647,3.5647,3.5647,3.4787,3.4787,3.4787,3.4787,3.4787,3.3941,3.3941,3.3941,3.3941,4.2997,9.6598,6.778
1998-04-01 00:00:00,2,5.4524,5.4524,5.4524,5.3406,5.1213,4.8028,4.6995,4.6995,4.6995,4.6995,5.0138,4.6995,4.5975,4.4969,4.3976,4.2997,4.2032,4.108,4.108,4.4969,4.4969,4.2997,4.108,4.0142,3.9216,3.8304,3.7406,3.7406,4.9076,4.4969,
1998-03-01 00:00:00,2,6.6501,6.2754,6.033,5.914,5.7964,5.5657,5.2303,5.1213,5.0138,4.9076,4.8028,4.6995,4.6995,9.0329,8.1405,9.1872,8.1405,6.778,6.5237,5.3406,5.3406,7.4401,21.3683,8.8802,6.778,6.6501,6.5237,6.1535,5.5657,5.5657,5.4524
1998-02-01 00:00:00,2,4.4969,4.2997,4.108,3.9216,3.8304,6.778,6.778,5.5657,4.9076,6.2754,6.3988,6.033,5.7964,4.4969,5.0138,23.7158,19.8556,15.22,23.1202,16.2623,19.6695,22.7264,13.1934,11.342,9.6598,8.1405,7.1707,6.778,,,
1998-01-01 00:00:00,2,4.9076,5.0138,6.1535,6.9074,7.4401,9.5006,11.8794,13.9827,17.3116,18.0249,15.8631,16.6093,19.6695,19.6695,18.3856,20.0424,19.4841,16.7838,15.8631,14.8004,12.4322,10.4801,8.8802,7.9973,5.5657,15.22,8.1405,5.5657,5.3406,5.1213,4.9076
1997-12-01 00:00:00,2,7.4401,8.7291,8.4316,6.6501,6.3988,6.2754,5.4524,7.7156,8.1405,10.3128,6.1535,5.5657,5.5657,13.1934,9.8206,8.1405,14.1845,10.3128,6.778,8.1405,8.8802,6.6501,5.5657,5.4524,5.2303,5.1213,6.5237,6.2754,5.4524,5.4524,4.4969
1997-11-01 00:00:00,2,4.2997,4.108,3.9216,3.7406,3.5647,5.0138,10.4801,7.4401,5.5657,4.2997,4.2032,4.0142,4.108,5.5657,5.3406,4.9076,4.6995,4.2997,3.9216,5.5657,5.5657,5.5657,7.4401,5.2303,5.2303,5.0138,5.7964,9.0329,12.8093,13.1934,
1997-10-01 00:00:00,2,6.2754,8.5796,6.2754,5.7964,4.8028,4.2997,4.108,3.9216,3.8304,3.7406,3.7406,3.652,3.652,3.5647,3.5647,3.5647,3.5647,3.5647,3.652,3.7406,4.6995,8.1405,8.8802,5.7964,6.2754,6.778,12.8093,8.8802,5.5657,5.3406,5.2303
1997-09-01 00:00:00,2,3.3941,3.3941,3.3941,3.3941,3.3941,3.3941,3.3941,3.3941,3.3107,3.2285,3.2285,3.2285,3.2285,3.2285,3.5647,4.6995,4.6995,4.6995,5.0138,5.0138,15.22,8.8802,6.033,5.0138,4.4969,4.4969,14.1845,7.4401,5.4524,5.6803,
1997-08-01 00:00:00,2,4.108,4.2032,4.2032,4.2032,4.108,4.108,4.108,4.108,4.108,4.108,4.108,4.108,4.108,4.0142,3.9216,3.9216,3.9216,3.9216,3.9216,3.7406,3.7406,3.652,3.652,3.5647,3.5647,3.5647,3.5647,3.5647,3.652,3.5647,3.3941
1997-07-01 00:00:00,2,5.1213,5.1213,5.1213,5.1213,5.0138,5.0138,5.0138,4.9076,4.9076,4.9076,4.8028,4.6995,4.5975,4.5975,4.5975,4.4969,4.4969,4.4969,4.4969,4.4969,4.3976,4.4969,4.4969,4.4969,4.4969,4.4969,4.3976,4.3976,4.3976,4.3976,4.2997
1997-06-01 00:00:00,2,6.033,6.033,5.7964,5.7964,6.5237,13.9827,8.4316,6.6501,6.2754,6.033,5.7964,5.7964,7.0383,7.0383,6.778,6.6501,6.5237,6.3988,6.1535,5.914,5.7964,5.6803,5.5657,5.4524,5.4524,5.3406,5.3406,5.2303,5.1213,5.1213,
1997-05-01 00:00:00,2,7.0383,6.9074,6.9074,6.778,6.6501,6.5237,6.5237,6.3988,6.3988,6.3988,6.3988,6.3988,6.2754,6.1535,6.1535,6.1535,6.033,6.033,5.914,5.914,5.914,5.914,6.9074,6.778,6.6501,6.5237,6.3988,6.3988,6.2754,6.1535,6.033
1997-04-01 00:00:00,2,10.4801,18.0249,15.22,10.147,9.6598,9.5006,8.7291,8.4316,8.1405,7.8557,7.5771,7.4401,7.4401,7.3046,7.3046,7.1707,7.0383,7.0383,7.0383,7.0383,8.7291,8.1405,8.1405,8.1405,7.9973,7.7156,7.7156,11.1663,7.7156,7.0383,
1997-03-01 00:00:00,2,16.7838,39.3387,24.3171,16.7838,18.0249,20.2298,14.1845,11.6986,11.1663,10.147,9.6598,9.5006,13.9827,11.342,12.4322,13.1934,15.8631,10.9922,9.8206,9.1872,8.8802,8.7291,8.2853,8.1405,7.9973,7.8557,7.7156,7.9973,8.1405,9.6598,9.8206
1997-02-01 00:00:00,2,16.7838,15.22,13.5846,12.2462,11.6986,11.5194,11.5194,11.342,11.1663,11.1663,10.9922,10.9922,10.4801,9.3431,9.0329,9.0329,9.0329,8.8802,8.7291,8.4316,8.1405,8.1405,8.1405,13.1934,13.9827,9.8206,9.6598,12.6199,,,
1997-01-01 00:00:00,2,45.3943,118.451,142.944,123.477,51.8668,97.0869,53.5499,64.1916,30.2008,39.3387,43.8412,43.8412,30.6394,32.1935,27.8316,26.7792,28.8993,21.9464,21.5604,14.5933,22.1404,16.9591,15.8631,15.22,14.388,13.9827,13.7828,12.8093,12.4322,12.4322,17.3116
1996-12-01 00:00:00,2,6.033,7.8557,8.2853,9.0329,8.5796,8.1405,8.1405,15.8631,16.6093,7.5771,8.1405,21.1769,20.0424,11.1663,22.3351,14.8004,13.7828,8.8802,7.0383,22.3351,24.7211,23.7158,20.7961,20.6067,25.7423,18.3856,18.9318,16.2623,31.0804,21.7531,32.1935
1996-11-01 00:00:00,2,4.5975,4.108,7.4401,15.4326,23.5166,7.4401,5.5657,4.3976,4.0142,3.7406,3.4787,3.3107,3.3107,3.3107,10.147,8.1405,6.6501,6.5237,22.7264,21.7531,34.6944,74.9603,53.5499,27.8316,11.5194,9.6598,8.1405,7.0383,6.5237,6.5237,
1996-10-01 00:00:00,2,3.0681,2.9126,2.9126,3.3107,3.2285,3.2285,3.4787,3.4787,3.3941,3.3107,3.2285,2.9897,2.8367,2.7621,2.7621,2.7621,2.7621,2.8367,2.8367,2.7621,2.7621,3.3941,3.2285,2.9897,5.3406,6.778,7.7156,7.1707,5.5657,4.108,3.5647
1996-09-01 00:00:00,2,2.9126,2.9126,2.9126,4.0142,7.0383,7.3046,6.6501,5.914,4.4969,4.108,4.0142,3.9216,6.033,5.3406,4.3976,3.9216,4.0142,3.9216,3.9216,3.7406,3.652,3.5647,3.3107,2.9897,3.0681,3.0681,3.0681,3.0681,3.0681,3.0681,
1996-08-01 00:00:00,2,3.3941,3.3941,3.3941,3.3941,3.3941,3.3941,3.3107,3.3107,3.2285,3.2285,3.2285,3.5647,3.4787,3.3941,3.5647,3.5647,3.4787,3.3941,3.3941,3.2285,3.1477,3.0681,2.9897,2.9126,2.9126,2.9126,2.9126,2.9126,2.9126,2.9126,2.9126
1996-07-01 00:00:00,2,4.2032,4.108,4.108,3.9216,3.652,3.652,3.7406,3.7406,3.7406,3.652,3.5647,3.4787,3.3941,3.2285,3.1477,3.3107,3.4787,3.5647,3.5647,3.4787,3.4787,3.3941,3.3941,3.3107,3.3107,3.2285,3.2285,3.3107,3.3941,3.8304,3.5647
1996-06-01 00:00:00,2,4.4969,4.4969,4.5975,4.6995,4.5975,4.5975,4.4969,4.4969,4.4969,4.3976,4.2997,4.2997,4.108,4.108,4.108,4.108,4.0142,4.0142,4.0142,4.0142,3.9216,3.9216,3.9216,3.9216,3.8304,3.8304,3.8304,3.9216,3.9216,4.2997,
1996-05-01 00:00:00,2,5.3406,5.2303,6.6501,5.914,5.5657,5.3406,5.2303,5.1213,5.0138,4.9076,4.9076,4.9076,4.9076,4.9076,4.8028,4.9076,4.9076,5.7964,5.4524,5.3406,5.2303,5.2303,11.5194,6.778,6.5237,6.1535,5.5657,5.1213,4.9076,4.6995,4.5975
1996-04-01 00:00:00,2,6.5237,6.5237,6.2754,6.2754,6.1535,6.033,5.7964,5.6803,5.6803,5.5657,5.5657,5.4524,9.5006,6.6501,6.6501,6.6501,10.6492,11.8794,8.5796,6.6501,6.2754,6.033,5.7964,5.7964,5.6803,5.5657,5.5657,5.5657,5.5657,5.4524,
1996-03-01 00:00:00,2,6.2754,6.2754,13.1934,12.4322,36.0884,13.1934,12.2462,9.3431,8.4316,8.1405,7.9973,8.2853,9.983,8.1405,7.8557,8.1405,9.6598,11.342,9.1872,8.8802,21.7531,15.8631,15.22,13.1934,8.1405,7.8557,7.5771,7.3046,7.0383,6.9074,6.778
1996-02-01 00:00:00,2,7.0383,7.0383,15.4326,13.1934,11.8794,16.4355,17.3116,15.4326,17.3116,13.3881,32.8685,15.8631,11.1663,10.3128,11.5194,8.8802,8.4316,8.1405,8.1405,8.4316,8.5796,8.4316,7.9973,7.3046,7.0383,6.9074,7.0383,6.9074,6.5237,,
1996-01-01 00:00:00,2,16.2623,19.1153,19.8556,20.9862,13.1934,14.1845,28.0439,13.7828,20.2298,18.7491,24.9241,17.135,12.4322,11.342,11.342,11.342,10.8199,10.4801,12.6199,26.1552,26.7792,15.22,13.0005,10.4801,9.5006,8.7291,8.2853,7.9973,7.5771,7.1707,7.0383
1995-12-01 00:00:00,2,4.6995,4.9076,4.9076,5.4524,19.4841,7.7156,6.033,5.1213,10.6492,6.1535,4.8028,5.0138,33.7768,29.7645,18.3856,12.2462,8.1405,7.9973,17.135,12.8093,18.7491,18.0249,12.0619,50.5391,34.0053,43.5337,27.8316,28.2569,35.6214,25.332,18.7491
1995-11-01 00:00:00,2,7.0383,8.1405,10.147,11.342,7.4401,5.5657,4.8028,4.3976,4.2032,4.0142,4.0142,6.3988,9.5006,12.0619,7.0383,6.2754,5.3406,5.4524,7.8557,6.9074,4.9076,4.4969,4.2997,13.1934,10.6492,6.9074,5.6803,5.0138,4.9076,4.8028,
1995-10-01 00:00:00,2,3.2285,3.2285,3.3941,2.8367,2.7621,2.7621,3.4787,3.4787,9.1872,6.033,7.7156,6.778,6.033,6.6501,12.2462,11.6986,8.1405,5.7964,4.9076,4.2032,10.4801,8.4316,5.7964,5.0138,4.2032,4.0142,3.8304,3.9216,3.8304,3.9216,5.4524
1995-09-01 00:00:00,2,2.3396,2.3396,2.3396,2.3396,2.3396,2.3396,2.407,2.3396,2.3396,2.3396,2.3396,2.3396,2.3396,2.3396,2.407,2.407,2.4756,3.4787,3.4787,2.9897,2.7621,2.7621,2.8367,2.8367,2.8367,2.8367,2.9126,3.5647,3.3941,3.2285,
1995-08-01 00:00:00,2,3.1477,3.0681,3.0681,2.9897,2.9897,2.9897,3.0681,2.9897,2.8367,2.7621,2.7621,2.7621,2.7621,2.6886,2.6164,2.6164,2.6164,2.6164,2.6164,2.6164,2.6886,2.7621,2.6164,2.6164,2.5454,2.5454,2.5454,2.5454,2.5454,2.4756,2.3396
1995-07-01 00:00:00,2,3.8304,3.8304,3.8304,3.7406,3.7406,3.7406,3.7406,3.7406,3.5647,3.5647,3.5647,3.4787,3.3941,3.3941,3.3107,3.3107,3.2285,3.1477,3.1477,3.1477,3.1477,3.2285,3.2285,3.2285,3.2285,3.1477,3.1477,3.1477,3.0681,3.0681,3.1477
1995-06-01 00:00:00,2,4.5975,4.4969,4.3976,4.2997,4.2997,4.2032,4.2032,4.2032,4.2032,4.2032,4.2032,4.2032,4.108,4.108,4.108,4.108,4.108,4.108,4.108,4.108,4.108,4.108,4.0142,4.0142,4.0142,4.108,4.0142,3.9216,3.9216,3.9216,
1995-05-01 00:00:00,2,5.2303,5.2303,5.1213,5.1213,5.1213,5.0138,4.9076,6.033,5.5657,5.4524,9.3431,6.778,6.778,6.1535,5.4524,5.3406,5.3406,5.3406,5.0138,5.0138,5.0138,5.1213,5.1213,5.3406,5.3406,5.2303,5.1213,4.9076,4.6995,4.6995,4.6995
1995-04-01 00:00:00,2,8.8802,7.4401,7.5771,6.778,6.5237,6.2754,6.1535,6.033,6.033,6.033,6.033,6.033,10.6492,8.1405,6.3988,5.914,5.7964,5.6803,5.4524,5.4524,6.778,6.778,7.9973,8.4316,8.7291,6.2754,6.033,5.914,5.7964,5.5657,
1995-03-01 00:00:00,2,6.9074,6.778,5.5657,6.5237,6.3988,6.778,8.1405,8.1405,6.778,6.3988,6.033,5.7964,5.5657,6.778,18.0249,13.7828,10.4801,7.1707,6.778,6.5237,6.5237,6.778,6.778,15.4326,12.2462,8.8802,6.3988,6.033,6.3988,6.3988,11.1663
1995-02-01 00:00:00,2,8.8802,18.2049,15.22,13.1934,11.342,7.0383,15.22,15.22,15.22,15.22,16.6093,18.0249,15.6469,15.6469,37.5032,24.116,16.2623,13.5846,15.22,14.1845,22.1404,15.0093,9.5006,9.0329,8.7291,8.5796,8.4316,8.1405,,,
1995-01-01 00:00:00,2,8.1405,7.7156,8.1405,9.6598,14.8004,15.8631,11.342,10.9922,10.6492,10.3128,9.6598,8.5796,7.7156,6.6501,5.5657,4.6995,4.4969,4.4969,4.4969,4.4969,5.5657,6.778,7.9973,6.778,6.778,7.8557,10.4801,13.1934,11.342,9.6598,8.1405
1994-12-01 00:00:00,2,7.8557,20.0424,4.3976,4.2997,4.0142,4.108,16.4355,15.8631,7.4401,7.3046,6.2754,4.2997,4.2032,3.7406,3.5647,3.4787,17.135,17.135,14.1845,6.1535,5.1213,5.4524,82.7252,80.646,58.7545,19.8556,18.0249,14.8004,13.7828,13.1934,11.342
1994-11-01 00:00:00,2,3.9216,3.5647,3.5647,4.4969,3.3107,2.9897,2.8367,2.9126,18.7491,6.9074,5.5657,4.4969,3.5647,3.5647,7.5771,5.5657,4.3976,3.5647,3.5647,10.4801,5.914,5.1213,4.5975,4.4969,3.8304,3.652,3.5647,3.4787,4.3976,6.778,
1994-10-01 00:00:00,2,2.407,2.407,2.3396,2.3396,2.3396,2.3396,3.4787,4.4969,3.4787,2.9126,2.9126,2.8367,2.6164,2.5454,2.5454,2.5454,2.5454,2.5454,3.8304,3.9216,9.6598,8.1405,7.3046,4.0142,3.5647,3.0681,5.2303,5.914,4.4969,4.108,3.9216
1994-09-01 00:00:00,2,3.0681,2.9897,2.9897,2.9897,2.9897,2.9126,2.8367,2.8367,2.8367,2.8367,2.8367,2.8367,2.8367,2.7621,2.7621,2.6886,2.6886,2.6886,2.7621,2.9126,2.7621,2.6886,2.6164,2.6164,2.6164,2.6164,2.4756,2.6164,2.5454,2.4756,
1994-08-01 00:00:00,2,3.652,3.5647,3.5647,3.5647,3.5647,3.5647,3.5647,3.5647,3.4787,3.4787,3.4787,3.4787,3.4787,3.4787,3.4787,3.4787,3.3941,3.3941,3.3941,3.3941,3.3107,3.3107,3.2285,3.2285,3.2285,3.2285,3.2285,3.2285,3.2285,3.2285,3.2285
1994-07-01 00:00:00,2,4.3976,4.2997,4.2997,4.2997,4.2997,4.2997,4.2997,4.2997,4.2997,4.2997,4.2032,4.108,4.108,4.108,4.0142,4.0142,3.9216,3.9216,3.9216,3.9216,3.9216,3.8304,3.8304,3.8304,3.8304,3.8304,3.7406,3.7406,3.7406,3.7406,3.7406
1994-06-01 00:00:00,2,5.1213,5.1213,5.1213,4.9076,4.9076,4.9076,4.9076,4.9076,4.9076,4.9076,4.6995,4.6995,4.5975,4.4969,4.4969,4.4969,4.4969,4.4969,4.4969,4.4969,4.4969,4.6995,4.6995,4.8028,4.9076,4.6995,4.6995,4.5975,4.4969,4.3976,
1994-05-01 00:00:00,2,5.7964,5.5657,5.5657,5.5657,5.4524,5.4524,5.3406,5.3406,5.3406,5.1213,5.1213,5.0138,5.0138,5.0138,5.0138,18.7491,13.5846,10.147,6.9074,6.5237,6.2754,6.2754,6.2754,6.033,5.6803,5.5657,5.5657,6.1535,5.7964,5.5657,5.5657
1994-04-01 00:00:00,2,7.7156,16.2623,8.1405,7.8557,7.4401,7.4401,7.3046,6.778,6.5237,6.2754,6.2754,6.2754,6.033,6.033,14.8004,13.9827,8.8802,6.6501,6.3988,6.1535,5.914,5.914,5.914,6.033,6.2754,6.2754,6.2754,6.1535,6.1535,6.033,
1994-03-01 00:00:00,2,8.1405,10.4801,16.2623,13.3881,13.1934,21.7531,25.1277,14.388,9.983,9.6598,9.6598,9.6598,9.6598,9.6598,9.3431,9.6598,9.6598,18.0249,8.1405,8.1405,8.1405,8.1405,8.1405,13.9827,11.342,9.6598,8.1405,7.8557,7.5771,7.4401,7.4401
1994-02-01 00:00:00,2,9.5006,8.8802,8.7291,7.8557,7.5771,7.3046,7.1707,7.0383,6.778,6.6501,6.5237,6.5237,6.5237,6.778,29.7645,10.147,9.1872,8.4316,6.6501,6.033,5.914,5.4524,4.4969,4.4969,4.4969,4.4969,5.1213,21.7531,,,
1994-01-01 00:00:00,2,10.9922,11.342,11.342,27.8316,35.8546,19.8556,14.1845,13.0005,13.3881,25.5368,27.1983,28.2569,29.5473,35.6214,34.0053,24.116,14.388,13.3881,11.8794,15.22,29.7645,26.7792,26.7792,26.7792,25.5368,23.3181,20.6067,13.3881,11.342,9.983,9.983
1993-12-01 00:00:00,2,4.6995,4.5975,4.3976,4.2997,4.108,4.0142,3.7406,3.5647,3.3941,16.2623,8.7291,7.5771,6.6501,6.1535,5.4524,4.2997,4.108,4.5975,4.108,4.108,4.2997,7.8557,6.6501,6.5237,6.3988,6.2754,6.1535,5.914,5.3406,5.4524,7.3046
1993-11-01 00:00:00,2,4.5975,4.3976,4.2032,4.0142,3.7406,3.5647,9.3431,8.4316,6.778,5.4524,4.3976,3.5647,3.5647,3.5647,3.5647,3.5647,3.5647,8.1405,8.2853,6.778,6.778,6.778,6.778,5.5657,4.4969,4.4969,4.4969,6.778,5.3406,4.6995,
1993-10-01 00:00:00,2,11.8794,13.3881,10.4801,8.8802,24.5188,23.3181,15.22,6.778,5.4524,5.2303,5.0138,4.8028,4.5975,4.2997,3.9216,4.108,4.0142,3.9216,3.9216,3.9216,3.9216,3.9216,3.9216,4.2997,8.4316,8.2853,10.6492,7.3046,5.914,5.1213,4.6995
1993-09-01 00:00:00,2,3.652,3.5647,3.5647,3.4787,3.4787,3.3941,3.3941,3.3941,3.4787,3.4787,3.7406,4.4969,4.5975,4.3976,4.108,3.8304,3.8304,3.7406,3.7406,3.7406,3.8304,4.4969,4.9076,7.0383,5.6803,4.3976,4.108,4.108,4.0142,3.9216,
1993-08-01 00:00:00,2,4.3976,4.3976,4.3976,4.3976,4.3976,4.2997,4.2997,4.2997,4.108,4.108,4.108,4.108,4.108,4.108,4.108,4.108,4.108,4.108,4.108,4.8028,4.8028,4.5975,4.4969,4.4969,4.3976,4.3976,4.2997,4.2032,4.108,4.0142,3.8304
1993-07-01 00:00:00,2,5.1213,5.0138,5.0138,5.0138,5.0138,4.9076,4.9076,4.9076,4.9076,4.8028,4.8028,4.8028,4.8028,4.8028,4.8028,4.6995,4.5975,4.5975,4.5975,4.4969,4.4969,4.3976,4.3976,4.3976,4.3976,4.3976,4.3976,4.3976,4.3976,4.3976,4.3976
1993-06-01 00:00:00,2,8.4316,8.4316,8.2853,8.2853,7.9973,7.5771,7.0383,6.9074,6.778,6.5237,6.5237,6.3988,6.3988,6.2754,6.1535,6.033,5.914,5.914,5.914,5.914,5.7964,5.7964,5.6803,5.5657,5.4524,5.4524,5.3406,5.3406,5.3406,5.3406,
1993-05-01 00:00:00,2,7.4401,7.4401,7.4401,7.4401,7.4401,7.5771,7.5771,7.4401,7.4401,7.3046,7.3046,7.3046,7.1707,7.0383,7.1707,7.0383,7.0383,7.0383,6.778,6.778,6.5237,6.5237,6.3988,6.3988,6.3988,6.3988,6.3988,6.3988,6.2754,6.2754,6.5237
1993-04-01 00:00:00,2,32.6429,30.2008,13.5846,13.1934,12.6199,12.8093,13.0005,13.1934,13.1934,13.3881,13.1934,13.0005,12.8093,12.6199,11.1663,9.8206,9.6598,9.5006,9.0329,8.5796,8.2853,8.1405,7.9973,7.8557,7.7156,7.5771,7.4401,7.4401,7.4401,7.4401,
1993-03-01 00:00:00,2,25.9485,16.4355,15.0093,13.3881,12.6199,11.1663,10.4801,9.8206,9.6598,9.6598,10.3128,11.8794,14.388,12.4322,10.3128,9.3431,9.0329,9.3431,12.2462,10.6492,11.342,10.9922,9.5006,8.8802,8.5796,8.5796,28.2569,11.8794,10.8199,10.3128,11.342
1993-02-01 00:00:00,2,9.1872,9.0329,9.3431,16.9591,16.081,29.3307,13.0005,11.5194,10.9922,11.342,11.1663,9.983,10.9922,24.7211,18.7491,17.3116,15.8631,10.6492,10.4801,10.147,10.3128,15.22,15.0093,14.8004,14.8004,19.2993,23.9156,20.7961,,,
1993-01-01 00:00:00,2,9.0329,9.0329,18.2049,33.7768,43.2273,40.8134,48.5785,21.7531,15.22,15.22,11.6986,17.3116,32.1935,20.7961,11.342,11.342,23.1202,12.2462,11.5194,14.1845,19.2993,40.5164,28.8993,20.0424,17.135,14.1845,11.1663,10.8199,10.147,9.8206,9.5006
1992-12-01 00:00:00,2,8.2853,16.6093,13.5846,10.4801,7.9973,7.3046,7.3046,8.8802,7.9973,7.3046,10.4801,36.5577,48.9027,17.4889,15.0093,13.0005,11.6986,11.6986,17.4889,13.3881,11.5194,10.8199,10.4801,10.147,9.983,10.3128,17.135,12.8093,13.9827,13.1934,9.0329
1992-11-01 00:00:00,2,36.0884,44.7699,30.4198,17.135,18.9318,9.1872,8.1405,6.778,75.3598,48.9027,37.9793,30.8596,9.6598,9.5006,9.0329,8.5796,7.9973,11.342,16.081,28.0439,19.8556,17.3116,11.6986,11.5194,9.3431,8.1405,7.8557,7.9973,8.4316,8.4316,
1992-10-01 00:00:00,2,5.7964,5.5657,5.3406,5.1213,5.1213,5.1213,5.1213,5.2303,5.4524,5.5657,5.3406,5.0138,4.6995,4.6995,4.6995,4.4969,4.4969,4.4969,4.4969,4.4969,5.2303,5.5657,6.1535,10.4801,6.6501,6.2754,5.914,5.5657,5.5657,7.4401,50.5391
1992-09-01 00:00:00,2,4.6995,4.6995,4.5975,4.5975,4.8028,14.1845,17.8455,13.3881,8.1405,5.5657,5.5657,5.4524,5.3406,5.3406,5.3406,5.3406,5.3406,5.2303,5.1213,7.7156,6.2754,5.4524,5.2303,4.8028,4.5975,4.5975,5.2303,17.8455,8.8802,6.1535,
1992-08-01 00:00:00,2,4.8028,4.8028,4.8028,4.8028,4.8028,4.8028,4.8028,4.8028,4.6995,4.6995,4.5975,4.4969,4.4969,4.5975,4.5975,4.4969,4.4969,4.4969,4.4969,4.4969,4.5975,4.5975,4.5975,4.5975,4.5975,4.5975,4.5975,4.5975,4.4969,4.6995,4.6995
1992-07-01 00:00:00,2,5.5657,5.5657,5.4524,5.3406,5.3406,5.2303,5.2303,5.2303,5.2303,5.6803,5.6803,5.6803,5.5657,5.4524,5.3406,5.1213,5.1213,5.0138,5.0138,4.9076,4.9076,4.9076,4.9076,4.9076,4.9076,4.9076,4.9076,4.9076,4.8028,4.8028,4.8028
1992-06-01 00:00:00,2,6.778,6.5237,6.3988,6.2754,6.2754,6.1535,6.1535,6.033,5.914,5.7964,5.7964,5.7964,5.7964,5.7964,5.7964,5.7964,5.7964,5.6803,5.6803,5.6803,5.7964,5.7964,5.7964,5.7964,5.7964,5.7964,5.7964,5.7964,5.6803,5.6803,
1992-05-01 00:00:00,2,7.7156,7.8557,14.8004,10.3128,9.8206,10.9922,17.135,10.8199,8.1405,8.1405,7.9973,7.8557,7.8557,7.7156,7.5771,7.5771,7.5771,7.5771,7.5771,7.8557,8.5796,8.1405,7.8557,7.3046,7.1707,7.1707,7.0383,7.0383,7.0383,7.0383,7.0383
1992-04-01 00:00:00,2,7.5771,7.4401,17.135,12.2462,8.5796,8.2853,8.2853,8.5796,8.4316,8.4316,8.2853,8.2853,7.9973,7.3046,9.8206,9.8206,10.3128,9.983,9.6598,8.1405,7.9973,8.1405,8.2853,8.1405,13.9827,12.2462,16.6093,10.4801,8.1405,7.8557,
1992-03-01 00:00:00,2,13.0005,12.0619,11.342,11.1663,10.9922,10.6492,10.3128,10.147,9.3431,8.8802,8.8802,10.4801,10.147,9.1872,8.8802,8.7291,8.5796,8.7291,9.3431,16.081,9.5006,9.1872,9.0329,8.8802,8.7291,8.7291,8.4316,8.4316,8.4316,8.4316,8.1405
1992-02-01 00:00:00,2,28.8993,28.8993,30.6394,32.1935,33.3215,27.8316,26.7792,26.3626,24.116,18.7491,17.6669,17.135,17.135,16.9591,16.6093,16.4355,16.081,13.9827,11.8794,11.5194,11.342,11.1663,10.9922,10.147,10.147,22.5304,15.0093,14.5933,14.8004,,
1992-01-01 00:00:00,2,21.8993,19.3321,8.6566,18.7144,27.2498,16.9196,12.9367,11.342,9.8198,12.7741,11.4982,11.342,12.9367,102.12,35.6214,25.7423,11.342,10.4801,25.7423,28.8993,23.7158,23.7158,88.6827,99.3595,78.1847,32.1935,28.6846,32.1935,35.6214,28.8993,28.8993
1991-12-01 00:00:00,2,5.7265,10.1183,7.6804,6.3562,4.4729,4.1773,5.7265,9.9687,9.087,9.9687,17.5081,11.342,12.2903,9.8198,7.0077,7.5442,7.0077,7.5442,16.3407,18.308,47.9334,10.4197,9.8198,8.2334,7.6804,7.0077,6.7445,11.342,12.6121,11.342,19.3321
1991-11-01 00:00:00,2,5.481,13.2641,23.2407,10.4197,6.3562,5.3595,5.7265,5.7265,5.7265,6.4847,6.4847,6.7445,7.2743,7.0077,7.0077,22.1202,6.1016,9.5244,8.3737,8.5148,8.6566,5.7265,4.7782,5.9757,5.7265,5.7265,4.4729,4.4729,4.4729,5.1195,
1991-10-01 00:00:00,2,7.5442,7.2743,6.8757,5.481,4.7782,5.481,6.4847,7.5442,7.2743,6.2285,5.6033,5.1195,4.3732,4.081,3.9858,3.8916,3.8916,3.8916,3.7066,3.526,3.526,3.4374,3.3498,3.178,3.0937,3.0937,3.0937,2.9285,2.8476,3.0106,3.178
1991-09-01 00:00:00,2,2.689,2.689,2.689,2.6114,2.6114,2.5349,2.4595,2.4595,2.3852,2.312,2.312,2.2399,2.2399,2.2399,2.1689,2.099,2.099,2.099,2.099,2.099,2.0303,2.099,2.312,2.5349,3.0106,4.3732,5.3595,4.7782,5.1195,7.0077,
1991-08-01 00:00:00,2,3.3498,3.2634,3.2634,3.2634,3.178,3.178,3.0937,3.0937,3.0106,3.0106,3.0106,2.9285,2.9285,2.9285,2.9285,2.8476,2.8476,2.8476,2.7678,2.8476,2.8476,2.7678,2.7678,2.7678,2.7678,2.7678,2.7678,2.7678,2.7678,2.689,2.689
1991-07-01 00:00:00,2,4.1773,4.081,3.9858,3.8916,3.7986,3.7986,3.7066,3.7066,3.7066,3.7066,3.6158,3.6158,3.7066,3.7986,3.7986,3.7986,3.7066,3.7066,3.7066,3.6158,3.6158,3.526,3.526,3.526,3.526,3.4374,3.4374,3.3498,3.3498,3.3498,3.3498
1991-06-01 00:00:00,2,5.0009,5.0009,4.8832,4.8832,4.8832,4.8832,4.8832,4.8832,4.7782,4.8832,4.8832,4.7782,4.7782,4.7782,4.7782,4.7782,4.7782,4.7782,4.6753,4.6753,4.6753,4.6753,4.6753,4.6753,4.5736,4.5736,4.4729,4.4729,4.3732,4.2747,
1991-05-01 00:00:00,2,8.0939,7.8174,7.5442,7.2743,6.8757,6.2285,6.2285,6.1016,5.9757,5.9757,5.9757,5.8507,5.7265,5.7265,5.7265,5.6033,5.6033,5.481,5.3595,5.3595,5.3595,5.481,5.3595,5.2391,5.1195,5.1195,5.1195,5.0009,5.0009,5.1195,5.0009
1991-04-01 00:00:00,2,11.342,25.3248,18.1064,16.1563,11.342,8.5148,8.3737,8.3737,8.3737,8.6566,8.6566,8.6566,8.6566,8.3737,8.3737,8.3737,8.0939,7.9553,7.8174,7.9553,8.2334,7.9553,7.6804,7.5442,7.2743,7.1406,33.4315,16.9196,8.3737,8.2334,
1991-03-01 00:00:00,2,12.9367,12.1305,16.1563,12.7741,12.1305,17.5081,14.7712,9.8198,9.3778,8.7993,8.0939,20.383,15.8061,16.3407,23.0144,16.3407,11.342,10.4197,9.8198,9.5244,14.6011,13.5943,12.4509,13.1001,13.9272,32.359,36.468,11.6552,10.8775,11.0316,11.0316
1991-02-01 00:00:00,2,15.4585,12.6121,11.6552,26.7621,20.5964,12.4509,12.9367,12.7741,35.3491,17.3109,12.7741,13.5943,35.9064,18.1064,15.8061,20.1706,64.5623,41.1115,56.6448,27.4952,12.7741,12.4509,12.4509,50.5391,12.7741,12.2903,15.9808,15.1135,,,
1991-01-01 00:00:00,2,4.4729,4.4729,4.5736,19.3321,47.6123,35.6272,14.6011,8.6566,9.087,10.4197,17.1147,35.6272,23.9258,19.3321,20.8108,26.7621,60.5411,47.2923,43.5337,39.3387,17.7065,15.632,14.6011,14.6011,13.1001,28.4874,29.7515,55.2589,120.951,42.6175,23.468
1990-12-01 00:00:00,2,5.1195,4.4729,3.526,3.2634,3.0937,2.9285,2.9285,2.9285,2.9285,2.9285,2.9285,2.9285,7.6804,12.9367,12.1305,7.6804,4.5736,4.5736,5.7265,9.9687,11.342,12.9367,12.9367,11.9713,5.7265,5.6033,8.3737,12.7741,13.7604,9.087,4.4729
1990-11-01 00:00:00,2,2.9285,3.8916,2.7678,3.0937,2.7678,3.4374,3.4374,3.3498,2.8476,2.7678,2.7678,2.689,2.6114,2.6114,2.6114,2.1689,2.1689,2.1689,2.1689,2.2399,2.4595,2.4595,2.5349,7.1406,15.9808,7.5442,7.0077,12.6121,10.7242,5.6033,
1990-10-01 00:00:00,2,2.7678,2.7678,2.7678,2.7678,2.7678,2.7678,2.7678,2.7678,2.6114,2.5349,2.3852,2.3852,2.3852,3.2634,2.8476,2.7678,2.7678,2.7678,5.7265,13.1001,10.5716,5.3595,3.6158,3.526,4.3732,4.1773,3.8916,3.3498,3.178,2.9285,2.9285
1990-09-01 00:00:00,2,3.9858,3.8916,3.526,3.4374,3.3498,3.2634,3.2634,3.178,3.0937,2.9285,2.8476,2.9285,2.9285,3.178,13.5943,6.3562,5.1195,4.3732,4.1773,4.1773,4.1773,4.1773,4.1773,3.9858,3.526,3.3498,3.0937,2.8476,2.7678,2.7678,
1990-08-01 00:00:00,2,3.7986,3.4374,3.3498,3.2634,3.2634,3.2634,3.2634,3.0937,3.0937,3.0937,2.9285,2.9285,2.9285,2.8476,2.8476,2.8476,2.8476,3.526,3.6158,3.4374,3.4374,3.2634,3.2634,3.0937,3.0937,3.0106,3.178,3.526,3.7986,3.7986,3.7986
1990-07-01 00:00:00,2,3.2634,3.2634,3.2634,3.2634,3.2634,9.8198,9.087,6.3562,5.1195,3.6158,3.6158,3.6158,3.6158,3.6158,3.6158,3.6158,3.526,3.4374,3.3498,3.3498,3.2634,3.2634,3.2634,3.2634,3.2634,3.2634,3.2634,3.2634,3.6158,5.3595,4.4729
1990-06-01 00:00:00,2,3.6158,3.6158,3.526,3.526,3.526,3.4374,3.4374,3.2634,3.3498,3.3498,3.4374,3.526,3.526,3.526,3.526,3.4374,3.4374,3.4374,3.4374,3.4374,3.2634,3.2634,3.2634,3.2634,3.2634,3.2634,3.2634,3.2634,3.2634,3.2634,
1990-05-01 00:00:00,2,4.2747,4.8832,8.3737,5.2391,4.4729,4.1773,4.081,3.9858,3.9858,3.6158,3.6158,3.7066,4.081,3.7066,3.7066,3.6158,4.1773,4.2747,4.2747,4.1773,4.081,4.081,3.9858,3.8916,3.8916,3.7986,3.7066,3.6158,3.6158,3.6158,3.6158
1990-04-01 00:00:00,2,3.9858,3.526,3.526,3.4374,3.4374,3.7066,4.4729,5.481,6.2285,9.9687,14.7712,8.5148,9.5244,10.8775,13.4289,19.7492,25.089,17.9059,11.6552,20.383,10.5716,6.3562,5.6033,5.481,5.3595,5.3595,5.2391,5.2391,5.0009,4.5736,
1990-03-01 00:00:00,2,5.7265,5.6033,5.2391,5.0009,5.481,6.4847,5.9757,4.4729,3.9858,3.7986,4.7782,4.7782,4.7782,4.5736,4.2747,4.2747,5.2391,6.8757,7.1406,10.4197,12.1305,17.1147,18.5107,17.9059,14.2628,10.1183,7.2743,5.3595,4.7782,4.5736,4.3732
1990-02-01 00:00:00,2,3.8916,3.7986,3.7066,3.6158,3.526,3.526,3.4374,3.4374,6.7445,6.1016,5.6033,5.0009,11.4982,9.5244,9.6717,8.7993,8.0939,6.3562,5.6033,4.8832,4.1773,3.8916,12.6121,11.9713,11.342,11.1864,12.6121,14.9421,,,
1990-01-01 00:00:00,2,14.9421,19.7492,17.5081,13.4289,10.1183,9.087,7.8174,7.1406,6.8757,6.4847,6.3562,6.1016,5.9757,5.9757,5.7265,5.2391,5.1195,4.8832,4.5736,4.5736,4.4729,4.4729,4.2747,4.2747,4.081,6.8757,6.4847,5.6033,4.4729,4.1773,4.081
1989-12-01 00:00:00,2,6.2285,5.8507,5.481,4.3732,4.081,3.7986,3.7066,3.6158,3.4374,3.3498,4.4729,9.8198,13.4289,37.6037,18.7144,9.3778,7.0077,4.8832,7.0077,10.5716,51.8668,18.7144,12.1305,11.4982,9.9687,8.3737,9.087,8.0939,6.6142,5.9757,13.4289
1989-11-01 00:00:00,2,3.6158,3.526,3.526,3.7986,3.7986,3.7986,3.6158,3.526,3.526,3.526,6.3562,5.0009,9.8198,7.6804,5.1195,4.081,3.9858,3.9858,3.9858,4.7782,9.3778,14.9421,20.8108,11.0316,5.9757,5.6033,5.6033,5.6033,5.6033,8.5148,
1989-10-01 00:00:00,2,5.6033,4.3732,3.3498,3.2634,3.4374,3.6158,3.7066,3.7066,9.8198,6.3562,4.5736,16.3407,8.2334,4.6753,4.3732,4.2747,6.6142,5.2391,4.3732,3.7986,3.526,5.0009,8.0939,10.5716,5.6033,4.081,3.6158,3.7066,3.526,3.526,3.6158
1989-09-01 00:00:00,2,3.7986,3.7066,3.6158,3.4374,3.2634,3.2634,3.178,3.178,3.178,3.0937,3.0937,3.0937,3.0937,3.0937,8.2334,5.2391,5.0009,5.0009,5.0009,5.0009,4.8832,3.8916,2.8476,2.8476,2.689,2.689,5.7265,5.9757,13.7604,7.4088,
1989-08-01 00:00:00,2,5.8507,5.7265,5.6033,5.1195,4.6753,4.2747,4.081,3.6158,3.6158,3.6158,3.6158,3.6158,3.3498,3.3498,3.3498,3.3498,3.2634,3.2634,3.2634,3.2634,3.2634,3.2634,3.2634,3.526,3.2634,3.2634,3.4374,3.4374,8.3737,7.0077,3.8916
1989-07-01 00:00:00,2,4.1773,4.1773,3.9858,3.9858,3.9858,3.9858,3.9858,4.1773,4.4729,4.2747,4.1773,4.1773,4.081,3.9858,3.8916,3.7066,3.7066,3.7066,3.7066,3.6158,3.6158,3.526,3.526,3.526,3.526,3.526,3.526,3.9858,3.9858,7.2743,7.5442
1989-06-01 00:00:00,2,4.1773,4.1773,4.1773,4.1773,4.1773,4.1773,4.1773,4.1773,4.1773,4.1773,4.3732,8.9428,8.3737,6.8757,4.4729,4.3732,4.3732,4.3732,4.2747,4.2747,4.2747,4.2747,4.2747,4.3732,10.1183,5.2391,5.0009,4.4729,4.2747,4.1773,
1989-05-01 00:00:00,2,5.481,5.481,5.3595,5.2391,5.0009,5.0009,5.0009,4.8832,4.7782,4.7782,4.6753,4.5736,4.5736,4.5736,4.5736,4.5736,4.3732,4.2747,4.1773,4.1773,3.9858,3.7986,3.7066,3.7986,3.9858,4.081,4.1773,4.1773,4.1773,4.1773,4.1773
1989-04-01 00:00:00,2,7.0077,7.0077,7.0077,7.0077,7.5442,7.2743,7.2743,7.2743,7.2743,7.2743,7.6804,7.5442,7.4088,7.2743,7.2743,7.5442,7.4088,7.2743,7.2743,7.5442,7.5442,7.2743,7.1406,7.0077,5.7265,5.6033,5.481,5.481,5.481,5.481,
1989-03-01 00:00:00,2,7.5442,13.2641,9.6717,9.232,9.232,27.4952,19.3321,17.9059,27.2498,32.359,12.1305,8.3737,12.9367,28.7381,18.9192,17.3109,22.5652,11.6552,10.2686,9.3778,8.9428,8.3737,8.2334,8.0939,7.9553,7.8174,7.5442,7.2743,7.2743,7.1406,7.1406
1989-02-01 00:00:00,2,5.3595,5.3595,5.9757,8.6566,9.8198,9.8198,10.5716,19.5401,7.5442,7.6804,40.8134,26.0387,13.1001,12.9367,18.7144,15.8061,16.9196,14.9421,13.1001,9.8198,7.9553,7.8174,12.6121,13.1001,12.4509,10.5716,7.9553,7.8174,,,
1989-01-01 00:00:00,2,6.6142,8.6566,11.8129,13.7604,17.1147,12.4509,9.087,9.232,10.5716,11.6552,10.5716,9.5244,8.7993,8.0939,15.4585,9.3778,9.232,8.6566,7.4088,7.5442,9.3778,5.7265,5.9757,5.9757,5.7265,5.7265,5.7265,5.7265,8.3737,6.3562,5.6033
1988-12-01 00:00:00,2,8.3737,10.1183,12.2903,10.5716,6.1016,5.6033,5.3595,4.8832,9.5244,14.6011,13.7604,11.342,11.342,14.4316,11.8129,27.2498,11.6552,9.9687,8.9428,8.9428,12.2903,22.7893,26.0387,14.4316,13.7604,29.2426,12.7741,9.6717,9.3778,8.0939,7.0077
1988-11-01 00:00:00,2,5.7265,7.0077,7.0077,7.0077,8.6566,9.5244,7.6804,7.2743,8.5148,7.5442,5.1195,5.0009,4.7782,5.0009,5.0009,5.6033,4.5736,4.5736,4.5736,5.3595,5.481,5.7265,7.8174,25.5617,15.4585,7.2743,19.9594,11.8129,7.6804,7.0077,
1988-10-01 00:00:00,2,6.1016,5.1195,3.8916,3.4374,27.4952,16.3407,11.8129,8.0939,5.3595,4.3732,3.9858,8.6566,8.5148,5.7265,5.7265,4.8832,3.4374,2.7678,3.178,3.9858,4.6753,4.6753,4.7782,4.8832,4.5736,3.9858,5.1195,5.2391,5.2391,5.7265,5.8507
1988-09-01 00:00:00,2,2.8476,2.8476,2.9285,2.9285,2.9285,2.8476,2.8476,2.8476,2.8476,2.7678,2.7678,2.7678,2.7678,2.7678,2.7678,2.7678,2.7678,2.689,2.6114,2.6114,2.6114,2.6114,2.6114,2.6114,2.6114,2.6114,2.6114,2.6114,2.4595,2.312,
1988-08-01 00:00:00,2,3.2634,3.2634,3.2634,3.2634,3.2634,3.3498,3.3498,3.3498,3.3498,3.3498,3.3498,3.2634,3.2634,3.2634,3.178,3.178,3.178,3.178,3.178,3.0937,3.0937,3.0106,3.0106,2.9285,2.9285,2.9285,2.8476,2.8476,2.8476,2.8476,2.8476
1988-07-01 00:00:00,2,3.8916,3.8916,3.8916,3.8916,3.7986,3.7986,3.7066,3.6158,3.6158,3.6158,3.6158,3.6158,3.6158,3.6158,3.6158,3.6158,3.6158,3.526,3.526,3.526,3.526,3.526,3.526,3.526,3.2634,3.178,3.0937,3.0937,3.0937,3.0937,3.0937
1988-06-01 00:00:00,2,4.7782,4.6753,4.5736,4.5736,4.4729,4.4729,4.4729,4.4729,4.3732,4.3732,4.3732,4.3732,4.2747,4.2747,4.2747,4.1773,4.1773,4.1773,4.081,3.9858,3.9858,3.8916,3.8916,3.8916,3.8916,3.9858,3.9858,3.9858,3.9858,3.9858,
1988-05-01 00:00:00,2,5.481,5.3595,5.2391,5.1195,5.1195,5.1195,5.1195,5.1195,5.1195,4.8832,4.7782,4.6753,4.5736,4.5736,4.5736,4.5736,4.5736,5.1195,5.7265,5.481,5.2391,5.0009,4.7782,4.5736,4.5736,4.8832,5.3595,5.2391,4.8832,4.7782,4.7782
1988-04-01 00:00:00,2,5.7265,7.4088,9.087,7.1406,9.087,8.5148,7.4088,6.3562,6.2285,5.9757,5.9757,5.8507,5.9757,16.9196,9.9687,8.0939,7.0077,7.8174,7.4088,5.9757,5.9757,5.8507,5.7265,5.7265,5.7265,5.7265,5.481,6.2285,5.9757,5.7265,
1988-03-01 00:00:00,2,7.8174,7.8174,12.9367,17.1147,25.089,13.7604,10.5716,9.232,8.5148,8.3737,8.0939,7.9553,7.5442,7.1406,7.0077,7.1406,13.9272,11.8129,12.2903,10.5716,8.2334,8.0939,7.6804,7.0077,7.0077,6.7445,6.4847,6.2285,5.9757,5.8507,5.7265
1988-02-01 00:00:00,2,6.2285,5.9757,28.2377,21.4607,17.5081,14.2628,12.6121,15.9808,79.8215,47.2923,39.6316,31.042,23.6964,16.3407,13.5943,12.1305,12.9367,19.5401,21.4607,11.8129,12.1305,15.2857,14.9421,14.9421,11.342,9.5244,9.087,8.6566,8.2334,,
1988-01-01 00:00:00,2,12.7741,13.4289,11.342,8.3737,11.0316,10.1183,10.4197,10.7242,12.1305,21.0264,23.2407,23.468,24.6205,16.1563,11.1864,9.232,8.5148,7.5442,6.8757,6.6142,6.1016,5.7265,5.6033,5.3595,5.1195,4.8832,4.7782,4.5736,4.6753,4.6753,10.5716
1987-12-01 00:00:00,2,2.8476,2.8476,4.3732,5.2391,5.6033,12.1305,11.0316,18.9192,11.6552,10.7242,10.1183,9.6717,9.5244,9.6717,9.5244,5.8507,5.3595,3.7066,3.9858,13.1001,15.2857,11.8129,9.3778,7.1406,5.8507,5.6033,5.481,5.2391,5.2391,5.2391,5.1195
1987-11-01 00:00:00,2,6.7445,4.1773,3.9858,3.8916,3.7986,3.7066,3.526,3.178,2.9285,3.0937,3.0106,2.9285,2.8476,2.8476,2.9285,4.7782,11.8129,7.0077,4.3732,3.9858,3.7066,3.526,4.3732,3.8916,3.4374,2.9285,3.0937,2.8476,2.7678,2.7678,
1987-10-01 00:00:00,2,3.2634,3.2634,3.2634,3.2634,3.2634,3.0937,3.0937,2.9285,2.8476,2.7678,2.7678,2.8476,3.526,3.2634,2.9285,2.6114,2.3852,2.3852,2.9285,3.3498,3.0937,8.0939,5.1195,3.8916,3.7986,3.7066,3.6158,8.6566,7.5442,7.5442,8.9428
1987-09-01 00:00:00,2,3.0106,2.9285,2.9285,3.0937,3.0937,5.9757,4.5736,4.5736,5.1195,5.1195,4.6753,4.081,3.3498,3.2634,3.178,3.0937,3.0937,5.1195,8.7993,5.8507,4.3732,3.9858,4.2747,7.1406,7.6804,5.481,4.6753,3.7066,3.6158,3.4374,
1987-08-01 00:00:00,2,3.4374,3.4374,3.4374,3.3498,3.3498,3.3498,3.4374,3.4374,3.3498,3.3498,3.3498,3.3498,3.3498,3.3498,3.3498,3.3498,3.3498,3.6158,3.526,3.4374,3.4374,3.3498,3.2634,3.2634,3.0937,3.0937,3.0937,3.0937,3.0937,3.0106,3.0106
1987-07-01 00:00:00,2,4.1773,4.081,4.081,4.081,4.081,4.081,3.9858,3.9858,3.9858,3.9858,3.9858,3.9858,3.9858,3.7986,3.7066,3.7066,3.7066,3.6158,3.6158,3.6158,3.526,3.526,3.526,3.526,3.526,3.526,3.526,3.526,3.4374,3.4374,3.4374
1987-06-01 00:00:00,2,5.481,5.1195,5.0009,4.7782,4.7782,4.7782,4.7782,4.6753,4.7782,4.8832,4.6753,4.6753,4.6753,4.5736,4.4729,4.3732,4.3732,4.5736,4.4729,4.3732,4.3732,4.3732,4.3732,4.5736,4.5736,4.5736,4.3732,4.2747,4.1773,4.1773,
1987-05-01 00:00:00,2,5.2391,5.7265,5.7265,5.6033,5.481,5.481,5.3595,5.2391,5.2391,5.1195,5.0009,5.0009,5.0009,4.7782,4.7782,5.2391,5.2391,5.2391,5.2391,7.4088,6.3562,5.6033,5.2391,9.232,13.1001,10.5716,5.7265,6.3562,8.0939,6.6142,5.8507
1987-04-01 00:00:00,2,5.8507,5.7265,5.7265,6.4847,7.1406,9.5244,9.8198,9.8198,9.5244,9.5244,9.9687,8.2334,7.6804,7.0077,5.7265,5.7265,5.7265,5.7265,5.6033,5.481,5.481,5.3595,5.2391,5.2391,5.9757,5.8507,5.6033,5.481,5.2391,5.2391,
1987-03-01 00:00:00,2,5.2391,5.2391,4.8832,4.7782,5.3595,9.5244,5.7265,7.0077,21.0264,15.2857,15.2857,17.1147,32.6255,17.3109,14.6011,12.4509,10.2686,8.9428,9.087,9.8198,10.1183,9.9687,9.232,7.9553,7.6804,7.0077,6.7445,6.7445,6.4847,6.1016,5.9757
1987-02-01 00:00:00,2,5.9757,5.8507,6.3562,6.7445,6.7445,6.1016,5.9757,5.9757,5.7265,14.6011,9.9687,8.6566,7.0077,7.0077,7.4088,8.6566,9.8198,11.1864,10.8775,7.6804,6.7445,6.2285,6.1016,5.8507,5.7265,5.6033,5.481,5.2391,,,
1987-01-01 00:00:00,2,32.359,21.4607,13.9272,13.7604,10.8775,10.1183,9.232,8.7993,8.6566,8.3737,15.9808,13.4289,8.5148,8.2334,8.0939,8.0939,24.3879,12.1305,9.8198,25.3248,12.1305,10.7242,12.1305,9.8198,9.087,8.3737,8.2334,8.2334,7.6804,7.1406,6.6142
1986-12-01 00:00:00,2,12.6121,8.7993,7.2743,5.6033,5.2391,14.0946,13.5943,9.9687,7.4088,6.4847,6.7445,6.7445,6.7445,7.0077,7.0077,8.0939,9.3778,10.1183,7.0077,5.0009,4.3732,9.087,42.6175,31.042,29.7515,33.7023,39.9254,38.7562,32.359,29.7515,29.7515
1986-11-01 00:00:00,2,2.2399,2.4595,2.7678,2.6114,2.689,2.5349,2.5349,2.4595,2.3852,2.3852,2.5349,7.0077,8.9428,7.0077,4.081,4.081,4.081,3.9858,3.3498,2.6114,2.4595,2.0303,2.0303,2.1689,2.5349,8.0939,7.8174,8.0939,8.0939,26.5199,
1986-10-01 00:00:00,2,3.0937,3.0106,2.9285,2.7678,2.689,2.5349,2.5349,2.4595,2.4595,2.312,2.312,2.2399,2.5349,2.7678,2.5349,2.4595,2.5349,2.3852,2.312,2.2399,2.312,2.7678,3.178,3.178,2.9285,2.689,2.6114,2.4595,2.5349,2.5349,2.3852
1986-09-01 00:00:00,2,3.8916,3.7986,3.6158,3.526,3.4374,3.3498,3.2634,3.2634,3.2634,3.2634,3.178,3.178,3.178,3.178,3.0937,3.0937,3.0937,3.0937,3.0937,3.0106,3.0106,3.0106,2.8476,2.7678,2.7678,2.689,2.689,2.8476,3.0937,3.0106,
1986-08-01 00:00:00,2,5.157,5.9016,4.4487,3.8916,3.7986,3.7066,3.6158,3.6158,3.6158,3.6158,3.526,3.526,3.526,3.6158,5.9016,5.0364,4.4487,4.3343,3.9976,9.8198,9.9724,14.05,8.197,5.6494,5.0364,4.9168,4.7982,4.4487,4.3343,4.1087,3.9976
1986-07-01 00:00:00,2,3.6158,3.6158,7.6331,6.4175,5.6494,5.6494,5.5248,5.157,4.221,4.1087,3.9976,3.7986,3.7986,3.7066,3.6158,3.6158,3.6158,3.6158,3.526,3.4374,3.4374,3.4374,4.6807,8.7751,9.2177,7.9133,4.5642,4.221,3.8916,3.7986,3.7986
1986-06-01 00:00:00,2,5.0364,4.7982,4.4487,4.3343,4.3343,4.221,4.221,4.221,4.221,4.221,4.1087,4.1087,4.1087,4.1087,3.9976,3.9976,3.9976,3.8916,3.7066,3.6158,3.6158,3.6158,3.6158,3.6158,3.6158,3.6158,3.6158,3.526,3.526,3.526,
1986-05-01 00:00:00,2,5.2786,4.6807,4.5642,4.5642,4.4487,4.4487,4.4487,4.4487,4.3343,4.4487,4.6807,7.4944,7.4944,7.4944,6.4175,4.9168,4.7982,4.6807,4.6807,4.5642,4.6807,5.157,5.0364,4.9168,4.7982,4.5642,4.4487,4.3343,4.221,4.3343,4.6807
1986-04-01 00:00:00,2,5.5248,5.4012,5.157,5.157,4.9168,4.9168,4.7982,4.6807,4.6807,4.6807,4.6807,8.3402,6.5488,5.5248,5.2786,5.4012,6.5488,6.0291,5.4012,5.0364,4.9168,4.9168,4.9168,4.9168,4.7982,4.6807,4.6807,7.3565,6.5488,5.2786,
1986-03-01 00:00:00,2,6.6811,7.2196,9.5171,8.197,8.7751,7.6331,7.4944,7.6331,8.197,7.9133,6.9485,6.5488,6.2871,6.0291,5.2786,5.9016,5.9016,7.2196,6.5488,5.9016,5.9016,5.775,5.775,5.9016,7.6331,6.5488,6.4175,9.8198,7.3565,6.4175,5.775
1986-02-01 00:00:00,2,7.6331,7.4944,7.9133,8.3402,26.7621,21.7427,12.8588,10.1259,8.9218,8.197,7.9133,8.197,10.5912,10.748,9.9724,9.8198,12.0311,10.1259,8.7751,8.0547,7.6331,7.3565,7.2196,7.0836,6.8144,10.1259,8.197,7.6331,,,
1986-01-01 00:00:00,2,16.1776,17.2808,11.8679,9.668,9.0693,10.2802,10.1259,11.2231,14.3972,19.9536,15.9963,20.3464,43.2273,31.829,19.9536,16.9102,14.3972,12.3598,11.0639,10.5912,10.1259,13.3647,9.9724,9.367,8.7751,8.4843,9.367,13.1953,10.748,8.6293,8.0547
1985-12-01 00:00:00,2,10.1259,7.7728,7.4944,6.5488,5.9016,5.9016,5.2786,4.221,4.1087,3.9976,3.9976,3.9976,4.6807,5.4012,6.6811,10.5912,9.2177,6.5488,5.4012,5.157,5.4012,5.6494,12.6917,10.5912,8.6293,9.5171,9.8198,19.5635,22.3511,20.3464,14.2232
1985-11-01 00:00:00,2,15.1005,15.8157,14.9236,27.0054,14.9236,10.5912,8.0547,7.2196,6.4175,6.0291,5.6494,5.2786,5.0364,4.7982,4.6807,4.5642,4.4487,4.221,3.9976,3.9976,6.6811,5.2786,9.367,6.0291,6.1576,6.0291,10.1259,11.2231,8.197,11.7055,
1985-10-01 00:00:00,2,7.7728,5.157,6.4175,5.157,5.0364,4.7982,4.221,9.9724,5.2786,4.4487,4.3343,4.3343,4.3343,4.221,4.1087,3.7986,3.6158,4.6807,4.1087,3.6158,3.6158,3.6158,4.5642,5.6494,15.8157,9.668,7.4944,6.0291,6.1576,6.8144,7.2196
1985-09-01 00:00:00,2,4.221,4.221,4.1087,4.1087,4.1087,5.6494,7.4944,5.6494,4.7982,4.5642,3.9976,3.9976,4.1087,3.9976,3.9976,3.9976,3.8916,3.7986,3.7066,3.7066,3.7066,3.7066,4.9168,4.9168,5.9016,5.775,5.4012,5.5248,10.9055,8.4843,
1985-08-01 00:00:00,2,4.6807,4.7982,4.7982,4.7982,4.7982,4.7982,4.6807,4.6807,4.6807,4.6807,4.6807,4.4487,4.4487,4.4487,4.3343,4.3343,4.3343,4.221,4.221,4.221,4.3343,4.3343,4.6807,4.4487,4.4487,4.3343,4.3343,4.221,4.221,4.221,4.221
1985-07-01 00:00:00,2,5.6494,5.4012,5.4012,5.4012,5.4012,5.4012,5.4012,5.4012,5.4012,5.4012,5.4012,5.2786,5.157,5.157,5.157,5.157,5.157,5.157,5.157,5.157,5.157,5.157,4.9168,4.9168,4.9168,4.9168,4.9168,4.7982,4.6807,4.6807,4.6807
1985-06-01 00:00:00,2,6.4175,6.4175,6.6811,6.4175,6.4175,6.4175,6.4175,6.2871,6.1576,6.1576,6.0291,5.9016,5.9016,5.9016,5.9016,5.9016,5.9016,5.9016,5.9016,5.9016,5.9016,5.9016,5.775,5.6494,5.6494,5.6494,5.6494,5.6494,5.6494,5.6494,
1985-05-01 00:00:00,2,7.7728,7.7728,7.7728,7.7728,8.0547,7.9133,7.4944,7.3565,7.2196,7.2196,7.2196,7.2196,7.2196,7.2196,7.0836,6.9485,6.9485,6.8144,6.6811,6.6811,6.4175,7.0836,6.9485,6.9485,6.8144,6.6811,6.6811,6.5488,6.4175,6.4175,6.4175
1985-04-01 00:00:00,2,11.3831,10.748,10.1259,9.5171,9.5171,9.2177,9.0693,8.9218,9.5171,10.1259,9.9724,9.8198,9.5171,9.0693,8.6293,8.4843,8.4843,14.7474,10.1259,9.0693,8.9218,8.4843,8.197,8.0547,8.0547,7.7728,7.7728,8.0547,7.9133,7.7728,
1985-03-01 00:00:00,2,31.3033,19.7582,13.5349,13.3647,13.3647,13.0267,12.0311,13.1953,15.8157,17.842,13.1953,14.9236,11.5439,23.7937,17.6543,17.2808,14.3972,32.6255,18.0305,14.5719,14.05,13.8776,11.7055,11.5439,10.9055,10.748,10.748,11.5439,10.748,13.7059,15.8157
1985-02-01 00:00:00,2,24.0023,22.3511,20.1497,14.7474,13.8776,14.05,14.05,13.8776,14.5719,19.7582,16.5425,13.0267,12.5254,10.9055,10.2802,9.9724,9.367,8.9218,8.9218,8.6293,8.7751,9.2177,14.2232,27.7416,9.367,14.9236,16.5425,16.726,,,
1985-01-01 00:00:00,2,14.9236,12.8588,10.2802,9.0693,8.197,7.9133,7.7728,9.367,28.4874,25.3248,12.0311,10.9055,10.1259,10.9055,14.9236,11.7055,15.8157,17.2808,16.726,20.742,16.5425,15.4566,18.7914,20.1497,26.7621,63.0856,67.1862,58.4003,30.5226,32.6255,31.042
1984-12-01 00:00:00,2,6.5488,7.3565,8.3402,7.6331,7.2196,7.2196,7.0836,9.367,12.5254,10.1259,9.367,8.197,16.5425,17.842,13.8776,15.4566,14.9236,13.5349,12.0311,9.2177,8.9218,7.9133,6.6811,6.2871,6.1576,5.9016,6.9485,12.1951,13.1953,24.6323,32.359
1984-11-01 00:00:00,2,2.9285,2.7678,2.6114,2.6114,2.6114,2.6114,2.6114,2.4595,2.0303,2.1689,2.2399,2.689,3.2634,3.7986,2.9285,2.9285,2.8476,2.6114,2.6114,4.6807,16.1776,18.7914,19.3694,17.2808,9.2177,9.5171,10.748,9.8198,7.6331,5.9016,
1984-10-01 00:00:00,2,3.8916,3.7986,3.6158,3.2634,3.2634,3.2634,3.2634,3.178,3.0937,3.0937,3.2634,3.178,3.0106,2.9285,2.9285,2.9285,2.9285,3.0937,3.2634,5.6494,4.7982,4.221,3.9976,3.8916,3.9976,3.9976,3.9976,3.7986,3.0937,2.9285,2.9285
1984-09-01 00:00:00,2,9.2177,5.2786,4.3343,4.221,4.1087,3.9976,5.4012,5.4012,8.197,6.8144,4.5642,4.221,4.1087,3.7986,3.7986,3.7986,3.7986,3.9976,4.221,4.221,9.2177,8.9218,5.2786,4.1087,3.8916,3.8916,5.4012,5.0364,4.1087,3.9976,
1984-08-01 00:00:00,2,3.6158,3.6158,3.6158,3.6158,3.526,3.4374,3.4374,3.3498,3.2634,3.2634,3.2634,3.178,3.0937,3.0937,3.0937,5.9016,7.2196,6.5488,4.4487,4.3343,3.9976,3.7986,3.9976,4.9168,5.0364,5.6494,5.2786,4.6807,4.4487,4.5642,9.668
1984-07-01 00:00:00,2,3.8425,4.4487,4.4487,4.4487,4.3343,3.9976,3.9976,3.9976,3.9976,3.9976,3.9976,3.9976,3.7986,3.7986,3.7986,3.7986,3.7986,3.7066,3.6158,3.6158,3.6158,3.6158,3.6158,3.6158,3.6158,3.6158,3.6158,3.6158,3.6158,3.6158,3.6158
1984-06-01 00:00:00,2,4.3326,4.3326,4.3326,4.3326,4.3326,4.3326,4.3326,4.3326,4.3326,4.3326,4.2323,4.1332,4.1332,4.1332,4.1332,4.1332,4.1332,4.1332,4.1332,4.0352,3.9383,3.9383,3.9383,3.9383,3.9383,3.9383,3.9383,3.8425,3.7479,3.7479,
1984-05-01 00:00:00,2,5.0663,18.7144,10.0051,7.8639,6.6988,6.21,5.6241,5.3976,5.1756,5.1756,5.0663,5.0663,4.9581,4.9581,4.9581,4.9581,4.9581,5.0663,5.1756,5.0663,4.9581,4.851,4.7451,4.7451,4.6403,4.5366,4.5366,4.5366,4.434,4.3326,4.3326
1984-04-01 00:00:00,2,5.3976,5.3976,5.3976,5.5103,10.3093,8.2723,7.4656,6.3305,5.9723,5.739,5.6241,5.6241,5.6241,5.5103,5.3976,5.3976,5.3976,5.3976,5.3976,5.286,5.1756,5.0663,4.9581,4.9581,4.9581,4.9581,4.9581,4.9581,4.9581,4.9581,
1984-03-01 00:00:00,2,5.8551,5.739,5.6241,5.6241,5.6241,6.8238,7.4656,7.8639,8.135,6.8238,6.8238,6.8238,6.8238,6.8238,6.21,6.0906,6.0906,6.0906,6.0906,5.9723,5.8551,5.8551,5.739,5.6241,5.6241,5.6241,5.6241,5.6241,5.6241,5.6241,5.6241
1984-02-01 00:00:00,2,8.6906,8.4106,8.2723,7.9989,7.5972,7.5972,7.335,7.335,7.5972,7.5972,7.5972,7.4656,7.335,7.0772,7.0772,7.335,8.6906,10.4631,8.8322,7.4656,6.8238,6.4522,6.3305,6.21,6.0906,6.21,5.9723,5.8551,5.8551,,
1984-01-01 00:00:00,2,10.7739,10.7739,10.7739,10.6179,10.4631,10.6179,10.0051,9.557,9.557,9.4098,9.1188,8.975,8.975,8.975,8.4106,7.73,7.335,7.335,7.335,7.73,8.135,8.8322,10.7739,11.5701,13.2446,14.8446,14.8446,14.8446,14.6625,13.418,10.3093
1983-12-01 00:00:00,2,7.335,8.4106,11.0891,12.3937,12.061,12.061,19.1251,14.3015,16.3407,40.8134,51.8668,36.468,27.9891,23.6964,22.5652,16.9196,16.7255,17.1147,16.3407,15.7716,14.3015,12.7308,12.7308,12.7308,13.418,15.7716,20.1706,15.9602,13.0722,12.3937,10.931
1983-11-01 00:00:00,2,6.8238,7.9989,10.0051,11.7327,9.557,9.1188,8.6906,7.8639,7.335,8.135,8.975,11.5701,14.1226,9.557,9.2638,8.8322,8.55,8.135,7.2055,7.5972,7.8639,10.3093,15.584,11.0891,9.557,8.975,8.6906,8.2723,7.8639,7.4656,
1983-10-01 00:00:00,2,9.2638,7.73,6.8238,6.8238,6.575,6.575,6.575,10.931,18.9192,7.5972,8.4106,8.55,8.135,17.1147,17.1147,13.5925,8.4106,7.73,9.557,12.3937,9.8546,12.3937,17.5081,11.2483,10.7739,10.3093,8.975,7.4656,6.8238,7.0772,6.8238
1983-09-01 00:00:00,2,5.3976,5.3976,5.3976,5.6241,7.4656,8.2723,8.6906,7.9989,7.8639,7.335,6.8238,6.8238,7.2055,8.135,8.135,8.135,8.135,6.6988,8.55,9.557,8.8322,14.4815,15.0279,16.7255,15.7716,13.5925,9.4098,7.9989,9.7053,10.6179,
1983-08-01 00:00:00,2,6.6988,6.6988,6.575,6.4522,6.3305,6.3305,6.3305,6.3305,6.3305,6.3305,6.3305,6.3305,6.3305,6.3305,6.21,5.9723,5.8551,5.8551,5.8551,5.8551,9.2638,8.135,7.5972,7.4656,6.6988,5.8551,5.8551,5.6241,5.6241,5.6241,6.0906
1983-07-01 00:00:00,2,7.5972,7.5972,7.4656,7.335,7.2055,7.2055,7.335,7.335,7.2055,7.2055,7.0772,6.95,6.95,6.95,6.95,6.95,6.8238,6.8238,6.8238,8.135,11.2483,10.7739,8.8322,7.335,7.0772,6.95,6.95,6.95,6.95,6.95,6.8238
1983-06-01 00:00:00,2,20.8108,15.3975,12.3937,11.0891,10.7739,10.3093,10.0051,9.8546,9.7053,9.557,9.4098,9.2638,9.2638,9.2638,9.2638,9.2638,8.975,8.6906,8.4106,8.135,8.135,8.135,8.135,8.135,7.8639,7.8639,7.8639,7.73,7.5972,7.5972,
1983-05-01 00:00:00,2,10.1567,10.1567,9.8546,9.557,9.557,9.557,9.557,9.557,9.2638,9.1188,8.975,8.975,8.975,8.975,8.975,8.975,8.975,8.6906,8.6906,8.6906,8.6906,8.4106,8.4106,8.135,8.4106,8.4106,8.4106,8.4106,11.5701,12.2268,12.061
1983-04-01 00:00:00,2,12.061,12.061,11.5701,11.0891,11.0891,11.8963,58.7545,26.5199,15.3975,13.9448,14.1226,16.7255,20.1706,18.5107,15.3975,12.9009,12.7308,12.3937,12.061,11.7327,11.4087,11.4087,11.7327,12.7308,12.2268,12.061,11.0891,11.0891,11.0891,10.4631,
1983-03-01 00:00:00,2,13.5925,48.9027,19.5401,12.2268,15.0279,17.9059,14.4815,13.7681,13.7681,13.418,12.7308,12.3937,12.061,15.584,12.9009,11.7327,11.2483,11.0891,14.3015,43.8412,31.042,17.3109,14.8446,15.2122,15.2122,15.2122,13.9448,27.0054,19.3321,13.5925,12.7308
1983-02-01 00:00:00,2,14.4815,14.4815,14.4815,14.4815,14.4815,14.4815,14.4815,14.4815,16.3407,17.3109,38.4665,32.359,31.3033,28.7381,20.5964,14.8446,14.8446,14.1226,12.9009,12.7308,11.7327,11.0891,10.7739,10.7739,10.7739,11.4087,12.061,16.3407,,,
1983-01-01 00:00:00,2,19.9594,82.3074,42.3142,35.9064,31.3033,33.7023,35.3491,30.7818,23.2407,16.5326,11.7327,13.9448,14.1226,15.584,17.5081,14.8446,12.9009,12.5617,14.4815,16.3407,15.2122,31.3033,63.4533,29.7515,17.9059,16.7255,16.1499,15.0279,14.4815,14.4815,14.4815
1982-12-01 00:00:00,2,3.3809,3.7479,4.1332,9.1188,7.8639,5.6241,5.6241,5.6241,4.5366,4.1332,4.1332,4.1332,4.1332,5.0663,11.7327,11.7327,12.2268,32.8931,21.0264,18.7144,18.308,18.308,18.308,28.4874,29.7515,20.383,16.3407,15.7716,15.7716,16.3407,17.5081
1982-11-01 00:00:00,2,7.4656,6.21,5.1756,4.1332,2.7826,2.7017,2.7017,2.7017,22.5652,27.2498,8.975,7.5972,5.6241,5.6241,7.335,7.335,7.5972,7.8639,8.135,8.4106,6.21,5.6241,3.9383,3.8425,3.5621,3.3809,3.3809,3.3809,3.3809,3.3809,
1982-10-01 00:00:00,2,3.292,3.5621,4.7451,4.9581,4.9581,7.335,9.557,9.557,10.1567,10.1567,10.1567,10.6179,18.9192,18.9192,18.308,6.0906,5.6241,5.6241,5.5103,5.3976,5.1756,5.1756,4.9581,4.7451,4.7451,4.7451,5.1756,7.0772,43.8412,20.383,14.4815
1982-09-01 00:00:00,2,3.8425,3.7479,3.7479,3.6545,3.5621,3.5621,3.4709,3.4709,3.3809,3.3809,3.292,3.292,3.292,3.2042,3.2042,3.2042,3.2042,3.2042,3.2042,3.2042,3.2042,3.292,3.4709,3.5621,3.5621,3.4709,3.4709,3.3809,3.292,3.2042,
1982-08-01 00:00:00,2,4.7451,4.5366,4.5366,4.0352,3.7479,3.7479,3.7479,3.7479,4.1332,4.1332,4.3326,4.3326,4.434,4.3326,4.3326,4.3326,4.3326,4.5366,4.5366,4.3326,4.3326,4.3326,4.2323,4.1332,4.1332,4.1332,4.0352,3.9383,3.9383,3.9383,3.9383
1982-07-01 00:00:00,2,5.6241,5.5103,5.3976,5.1756,5.0663,4.9581,4.9581,4.9581,4.9581,5.0663,4.9581,4.9581,4.9581,5.0663,5.3976,5.3976,5.3976,5.3976,5.3976,5.5103,5.3976,5.3976,5.3976,5.3976,5.1756,5.1756,5.1756,4.7451,4.7451,5.1756,5.739
1982-06-01 00:00:00,2,,6.4522,6.3305,6.3305,6.21,6.3305,6.4522,6.575,6.4522,6.3305,6.0906,5.9723,5.8551,5.8551,5.739,5.739,5.8551,5.739,5.739,5.6241,5.6241,5.5103,5.5103,5.5103,5.3976,5.5103,5.739,5.739,5.6241,5.6241,
