DataHora,NivelConsistencia,Vazao01,Vazao02,Vazao03,Vazao04,Vazao05,Vazao06,Vazao07,Vazao08,Vazao09,Vazao10,Vazao11,Vazao12,Vazao13,Vazao14,Vazao15,Vazao16,Vazao17,Vazao18,Vazao19,Vazao20,Vazao21,Vazao22,Vazao23,Vazao24,Vazao25,Vazao26,Vazao27,Vazao28,Vazao29,Vazao30,Vazao31
2023-04-01 00:00:00,2,7.4101,7.4101,7.4101,7.4101,7.4101,7.4101,7.2485,7.2485,7.9048,7.5734,7.4101,7.2485,7.2485,7.0884,7.0884,7.0884,7.0884,7.0884,7.2485,7.0884,6.9299,6.7731,6.7731,6.7731,6.4642,6.6178,6.4642,6.6178,10.0262,22.2874,
2023-03-01 00:00:00,2,9.1147,8.9371,8.7611,9.2939,9.2939,8.2426,7.9048,12.7844,12.372,12.5774,12.372,12.372,11.9656,11.3676,10.5918,9.4746,8.4138,8.0729,7.5734,7.4101,11.5654,20.7122,16.0704,11.5654,8.2426,7.4101,7.0884,9.8408,8.2426,8.2426,7.9048
2023-02-01 00:00:00,2,14.2758,14.0582,12.7844,11.9656,11.3676,10.9766,10.9766,19.9442,17.0035,14.2758,13.6276,13.8421,15.1611,15.8409,13.4145,48.4983,36.0791,53.524,28.2064,14.2758,12.5774,11.3676,11.1713,10.9766,10.4017,9.6569,9.4746,9.2939,,,
2023-01-01 00:00:00,2,27.6158,39.2191,46.6543,17.7188,19.4394,26.7404,55.7714,34.6793,41.554,57.7207,48.4983,33.0229,18.4474,14.0582,13.4145,12.5774,12.372,11.7648,23.3664,26.1638,27.0308,19.6911,15.6128,18.9405,24.4682,18.6932,18.6932,18.6932,15.8409,14.7155,14.2758
2022-12-01 00:00:00,2,17.4789,33.8479,34.1243,16.534,13.6276,11.5654,13.4145,13.203,12.9929,12.168,11.5654,10.4017,10.7834,22.0213,12.7844,9.8408,9.6569,9.4746,9.1147,11.5654,84.8832,20.4547,11.9656,12.372,12.168,12.7844,13.8421,14.0582,14.4949,14.4949,16.534
2022-11-01 00:00:00,2,16.3015,12.9929,22.0213,15.6128,10.7834,7.0884,3.9664,16.0704,25.3096,22.555,17.7188,10.5918,6.9299,3.7809,78.6866,55.4485,31.123,22.555,17.2405,9.6569,7.0884,6.9299,6.7731,6.6178,10.5918,13.6276,23.6397,19.1892,18.6932,19.1892,
2022-10-01 00:00:00,2,2.5873,2.9093,2.7463,10.7834,15.6128,11.1713,8.7611,6.0132,3.5991,3.2466,2.9093,2.9093,2.9093,2.7463,2.9093,2.9093,2.9093,2.7463,2.9093,5.5789,3.9664,3.2466,3.076,3.076,2.9093,3.076,3.076,3.076,10.2132,7.5734,16.3015
2022-09-01 00:00:00,2,3.076,2.9093,2.9093,2.7463,2.7463,2.9093,2.7463,2.9093,2.7463,2.9093,2.7463,2.9093,2.7463,2.7463,2.5873,2.4322,2.4322,2.4322,2.281,2.4322,2.4322,12.168,7.4101,5.3651,3.2466,2.9093,3.076,3.076,7.9048,3.2466,
2022-08-01 00:00:00,2,2.9093,3.076,3.076,2.9093,3.076,3.076,2.9093,3.076,2.9093,3.076,2.9093,2.9093,2.9093,3.076,2.9093,2.9093,3.076,2.9093,3.076,2.9093,3.076,2.9093,3.076,2.9093,2.9093,2.9093,3.076,2.9093,2.9093,3.076,2.9093
2022-07-01 00:00:00,2,3.076,2.9093,2.9093,2.7463,2.9093,2.7463,2.9093,2.9093,2.7463,2.9093,2.7463,2.7463,2.7463,2.9093,2.7463,2.7463,2.7463,2.9093,2.7463,2.7463,2.7463,2.9093,3.076,3.076,3.076,2.9093,2.9093,3.076,2.9093,3.076,2.9093
2022-06-01 00:00:00,2,4.5445,4.3482,4.1555,3.9664,3.9664,3.7809,3.9664,3.7809,3.7809,3.7809,3.7809,3.9664,3.7809,3.5991,3.7809,3.7809,3.421,3.421,3.421,3.421,3.421,3.421,3.421,3.2466,3.2466,3.076,3.2466,3.076,3.076,3.076,
2022-05-01 00:00:00,2,5.7961,6.0132,6.0132,6.0132,6.0132,7.5734,6.1619,6.1619,6.1619,6.1619,5.7961,5.7961,5.5789,5.3651,5.3651,5.1547,5.3651,5.3651,5.1547,5.3651,5.1547,5.3651,5.1547,5.1547,5.1547,5.3651,5.1547,4.9478,4.7444,4.7444,4.5445
2022-04-01 00:00:00,2,7.7383,8.4138,9.4746,9.2939,9.1147,8.2426,7.7383,7.5734,7.5734,8.4138,8.7611,7.7383,7.4101,7.5734,7.4101,7.5734,7.4101,7.4101,7.2485,7.2485,7.0884,6.7731,6.1619,6.3123,6.1619,6.1619,6.3123,6.1619,6.0132,6.0132,
2022-03-01 00:00:00,2,12.5774,10.2132,9.2939,9.4746,9.2939,9.4746,9.2939,9.1147,9.2939,9.2939,9.2939,9.2939,9.2939,9.1147,8.7611,8.7611,8.7611,8.5867,8.4138,8.2426,8.2426,8.2426,8.0729,7.9048,7.9048,7.9048,7.7383,7.7383,8.4138,7.9048,7.7383
2022-02-01 00:00:00,2,13.8421,11.5654,10.7834,9.6569,8.9371,8.2426,16.0704,29.4046,45.1349,58.7032,73.3436,76.5352,58.0476,45.7408,35.7977,28.2064,22.555,44.5317,33.0229,24.4682,20.4547,17.0035,13.8421,11.3676,30.5867,23.9144,21.4933,17.7188,,,
2022-01-01 00:00:00,2,18.6932,23.9144,33.8479,24.7473,21.4933,45.1349,76.8925,124.739,383.207,221.978,136.524,92.3599,76.5352,60.3523,50.9916,42.1443,33.0229,25.3096,21.2315,17.4789,14.7155,11.5654,10.2132,8.0729,7.5734,7.7383,28.8027,22.555,19.4394,17.4789,16.0704
2021-12-01 00:00:00,2,,,,,,,,,,,,,,,,,,,,,,,,,,,,,,,
2021-11-01 00:00:00,2,,,,,,,,,,,,,,,,,,,,,,,,,,,,,,,
2021-10-01 00:00:00,2,,,,,,,,,,,,,,,,,,,,,,,,,,,,,,,
2021-09-01 00:00:00,2,,,,,,,,,,,,,,,,,,,,,,,,,,,,,,,
2021-08-01 00:00:00,2,,,,,,,,,,,,,,,,,,,,,,,,,,,,,,,
2021-07-01 00:00:00,2,,,,,,,,,,,,,,,,,,,,,,,,,,,,,,,
2021-06-01 00:00:00,2,,,,,,,,,,,,,,,,,,,,,,,,,,,,,,,
2021-05-01 00:00:00,2,,,,,,,,,,,,,,,,,,,,,,,,,,,,,,,
2021-04-01 00:00:00,2,,,,,,,,,,,,,,,,,,,,,,,,,,,,,,,
2021-03-01 00:00:00,2,,,,,,,,,,,,,,,,,,,,,,,,,,,,,,,
2021-02-01 00:00:00,2,,,,,,,,,,,,,,,,,,,,,,,,,,,,,,,
2021-01-01 00:00:00,2,,,,,,,,,,,,,,,,,,,,,,,,,,,,,,,
2020-12-01 00:00:00,2,,,,,,,,,,,,,,,,,,,,,,,,,,,,,,,
2020-11-01 00:00:00,2,,,,,,,,,,,,,,,,,,,,,,,,,,,,,,,
2020-10-01 00:00:00,2,1.6843,1.5842,1.486,1.486,1.5842,1.486,1.486,1.486,1.486,1.486,1.486,1.486,1.486,1.486,4.1644,3.2645,5.7058,3.7706,3.2645,2.6643,4.57,9.1948,7.868,6.0015,9.5362,12.773,10.2303,8.5235,7.868,4.8467,12.2137
2020-09-01 00:00:00,2,1.6843,1.6843,1.6843,1.6843,1.7863,1.8901,1.8901,1.6843,1.6843,1.5842,1.5842,1.5842,1.486,1.6843,1.6843,1.5842,1.6843,1.5842,1.5842,1.6843,1.5842,1.486,1.5842,1.486,1.5842,1.6843,1.486,1.486,1.486,1.486,
2020-08-01 00:00:00,2,1.6843,1.6843,1.6843,1.6843,1.6843,1.6843,1.6843,1.6843,1.6843,1.6843,1.6843,1.6843,1.5842,1.6843,1.5842,1.6843,1.6843,1.6843,1.5842,1.6843,1.5842,2.5488,2.7813,1.8901,1.8901,1.8901,1.6843,1.7863,1.8901,1.7863,1.6843
2020-07-01 00:00:00,2,1.7863,1.6843,1.6843,1.6843,1.6843,1.7863,1.6843,1.6843,1.5842,1.6843,1.6843,1.6843,1.6843,1.6843,1.6843,1.5842,1.6843,1.5842,1.5842,1.6843,1.6843,1.6843,1.6843,1.5842,1.6843,1.6843,1.6843,1.5842,1.6843,1.5842,1.6843
2020-06-01 00:00:00,2,1.8901,1.8901,1.8901,1.7863,1.8901,1.8901,1.8901,1.8901,1.8901,1.8901,1.8901,1.8901,1.8901,1.8901,1.8901,1.7863,1.8901,1.8901,1.8901,1.8901,1.8901,1.8901,1.8901,1.7863,1.8901,1.8901,1.8901,1.8901,1.6843,1.8901,
2020-05-01 00:00:00,2,3.2645,3.2645,3.3889,3.2645,3.2645,3.2645,3.1415,3.2645,3.2645,3.2645,3.2645,3.2645,3.2645,3.1415,3.02,3.02,2.8999,2.7813,2.6643,2.5488,2.5488,2.3226,2.3226,2.103,2.103,1.8901,1.8901,1.8901,1.8901,1.8901,1.8901
2020-04-01 00:00:00,2,3.5147,3.5147,3.5147,8.1938,4.8467,3.5147,3.5147,3.5147,3.5147,3.3889,3.5147,3.3889,3.2645,3.2645,3.3889,3.5147,3.2645,3.3889,3.2645,3.3889,3.2645,3.2645,3.2645,3.2645,3.2645,3.2645,3.2645,3.2645,3.2645,3.2645,
2020-03-01 00:00:00,2,28.4712,68.8098,67.4332,71.589,66.7483,51.6211,48.4983,39.2191,33.2972,30.0534,24.3667,22.6572,18.853,17.8148,17.8148,14.8347,11.8452,10.2303,8.8572,6.9155,4.57,3.5147,3.5147,3.5147,3.5147,3.5147,3.5147,3.5147,3.5147,3.5147,3.5147
2020-02-01 00:00:00,2,23.5061,19.9131,31.123,24.3667,20.9948,18.853,28.733,24.6562,22.0978,29.523,33.2972,30.8545,26.1224,22.6572,19.9131,17.304,15.3171,24.3667,20.4512,17.8148,15.8053,13.9141,13.9141,12.773,12.2137,26.7178,27.3182,23.2219,25.8266,,
2020-01-01 00:00:00,2,6.3018,22.6572,24.6562,41.8488,33.2972,22.0978,16.7988,50.3646,52.8873,31.6622,19.3803,10.2303,25.5321,19.9131,13.15,9.7083,23.5061,19.3803,12.3993,8.5235,23.7917,13.3398,18.853,108.692,117.165,39.7988,19.9131,11.6622,44.231,36.0791,31.6622
2019-12-01 00:00:00,2,10.7605,6.3018,6.0015,5.4147,5.1283,11.6622,11.6622,6.9155,6.1511,15.5605,17.5587,29.2589,31.6622,27.3182,21.2685,18.3311,14.3581,13.5304,11.2989,18.3311,23.5061,17.304,12.3993,8.8572,7.5464,7.2288,7.2288,7.2288,6.6065,6.3018,6.3018
2019-11-01 00:00:00,2,5.4147,3.9005,3.5147,3.2645,3.2645,3.2645,5.4147,4.0318,9.5362,20.9948,24.9469,25.2389,19.3803,12.3993,30.5867,26.1224,17.304,11.4801,7.5464,12.5857,7.868,6.3018,10.2303,20.4512,18.0722,12.029,5.1283,3.7706,16.7988,19.9131,
2019-10-01 00:00:00,2,3.02,2.5488,2.3226,2.3226,2.3226,2.3226,2.3226,2.212,2.103,2.103,1.8901,1.8901,1.7863,1.8901,1.6843,1.7863,1.6843,1.7863,1.6843,8.0304,5.1283,3.7706,5.7058,3.5147,9.0255,7.2288,4.7077,3.642,3.5147,17.304,12.5857
2019-09-01 00:00:00,2,2.7813,2.5488,2.3226,2.103,2.103,1.8901,1.8901,1.8901,1.8901,1.8901,1.8901,1.8901,1.7863,1.8901,1.6843,1.6843,1.6843,1.7863,1.6843,1.6843,1.6843,1.5842,1.5842,1.5842,1.5842,12.3993,17.8148,7.7067,3.5147,3.2645,
2019-08-01 00:00:00,2,1.8901,1.6843,1.6843,1.8901,1.8901,1.7863,1.6843,1.6843,1.6843,1.6843,1.6843,1.6843,1.6843,1.5842,1.6843,1.6843,1.6843,1.6843,1.6843,1.6843,1.5842,1.486,1.486,1.5842,1.486,1.486,3.7706,7.868,6.0015,4.0318,3.2645
2019-07-01 00:00:00,2,2.3226,2.212,2.3226,2.212,2.3226,2.3226,2.212,2.103,2.212,2.103,2.103,2.103,2.103,2.103,1.9957,1.9957,1.8901,1.8901,1.8901,1.9957,1.8901,1.9957,1.8901,1.9957,1.8901,1.8901,1.8901,1.8901,1.8901,1.8901,1.9957
2019-06-01 00:00:00,2,3.2645,2.8999,3.02,3.02,3.02,2.8999,2.8999,2.7813,2.7813,2.8999,2.8999,3.02,3.02,2.8999,2.8999,2.7813,2.7813,2.7813,2.7813,2.7813,2.6643,2.5488,2.4349,2.4349,2.3226,2.3226,2.3226,2.3226,2.3226,2.3226,
2019-05-01 00:00:00,2,5.4147,5.4147,5.1283,4.9869,4.8467,4.9869,4.8467,4.9869,4.9869,4.8467,4.8467,4.8467,4.8467,5.1283,4.9869,4.8467,4.8467,4.7077,8.5235,11.2989,8.3582,5.5597,5.1283,4.8467,4.7077,4.2983,4.0318,3.7706,3.5147,3.3889,3.2645
2019-04-01 00:00:00,2,5.5597,5.5597,5.4147,5.4147,5.4147,5.2709,5.2709,5.4147,5.2709,5.4147,5.1283,5.4147,5.2709,5.2709,5.2709,20.4512,20.9948,15.5605,11.6622,7.868,5.7058,5.4147,5.4147,5.4147,5.2709,5.2709,5.4147,5.4147,5.2709,5.2709,
2019-03-01 00:00:00,2,6.6065,5.2709,4.4335,4.2983,4.2983,4.2983,4.0318,4.0318,4.0318,4.0318,4.0318,11.1185,6.0015,5.5597,5.5597,5.4147,5.4147,5.4147,5.4147,24.0786,28.4712,25.2389,20.9948,15.8053,11.4801,8.3582,5.8531,5.5597,5.5597,5.5597,5.5597
2019-02-01 00:00:00,2,4.1644,4.2983,4.0318,4.0318,4.1644,4.1644,10.4061,6.3018,4.8467,4.2983,4.1644,4.1644,4.2983,7.0717,6.0015,5.5597,19.3803,19.9131,12.5857,6.9155,5.5597,5.5597,5.1283,4.2983,4.1644,4.2983,4.1644,9.0255,,,
2019-01-01 00:00:00,2,18.3311,13.15,10.2303,6.3018,5.5597,5.5597,5.5597,5.7058,5.5597,5.4147,5.4147,5.4147,5.2709,5.2709,5.1283,5.1283,5.1283,5.1283,4.8467,4.8467,4.7077,4.8467,4.7077,4.57,4.4335,4.2983,4.2983,4.2983,4.2983,4.2983,4.2983
2018-12-01 00:00:00,2,13.5304,11.6622,16.0515,11.2989,8.3582,7.2288,26.1224,14.8347,10.9391,8.6899,6.6065,5.5597,5.5597,5.5597,5.5597,5.4147,5.4147,5.4147,5.4147,8.6899,6.0015,5.5597,17.304,11.2989,9.1948,6.3018,29.7878,27.0174,24.9469,23.2219,22.3769
2018-11-01 00:00:00,2,3.2645,3.9005,3.3889,6.6065,16.5483,22.0978,25.5321,22.0978,28.9956,23.5061,18.5913,15.3171,11.1185,5.4147,3.5147,3.7706,3.7706,3.642,3.5147,16.7988,36.6438,18.853,9.1948,7.7067,5.2709,3.5147,3.5147,3.5147,6.3018,12.3993,
2018-10-01 00:00:00,2,3.02,4.0318,3.5147,3.5147,27.3182,19.9131,15.3171,11.6622,5.2709,3.5147,3.7706,3.5147,3.2645,3.02,13.7218,15.8053,14.3581,9.8814,6.0015,3.5147,3.5147,3.5147,3.2645,3.02,11.1185,10.2303,6.0015,3.7706,3.5147,3.5147,3.3889
2018-09-01 00:00:00,2,2.212,2.3226,2.3226,2.3226,2.212,2.3226,2.3226,2.3226,2.3226,2.212,2.212,2.3226,2.212,2.3226,2.3226,22.6572,19.3803,16.2992,12.773,12.9611,22.9389,17.304,11.2989,7.5464,3.9005,3.642,3.5147,3.5147,3.5147,3.2645,
2018-08-01 00:00:00,2,3.02,4.0318,10.5829,6.9155,4.1644,3.5147,3.3889,3.3889,3.2645,3.2645,3.2645,3.1415,3.2645,3.02,2.7813,2.7813,2.5488,2.5488,2.3226,2.4349,2.3226,2.3226,2.3226,2.3226,2.3226,2.3226,2.103,2.212,2.3226,2.3226,2.3226
2018-07-01 00:00:00,2,3.3889,3.2645,3.2645,3.2645,3.2645,3.2645,3.2645,3.02,3.02,3.02,3.02,3.02,3.02,3.02,3.02,3.02,3.02,2.8999,3.02,3.02,2.8999,2.7813,2.7813,2.7813,2.7813,2.7813,2.7813,2.7813,2.7813,2.6643,2.6643
2018-06-01 00:00:00,2,3.7706,3.642,3.5147,3.5147,3.5147,3.5147,3.3889,3.3889,3.5147,3.2645,3.2645,3.2645,3.2645,3.5147,3.3889,3.2645,3.2645,3.2645,3.2645,3.2645,3.2645,3.2645,3.2645,3.2645,3.2645,3.2645,3.3889,3.3889,3.2645,3.2645,
2018-05-01 00:00:00,2,3.02,3.02,3.02,3.02,3.02,3.2645,3.3889,3.5147,3.642,3.5147,3.5147,3.3889,3.5147,3.5147,3.5147,3.5147,3.5147,3.2645,3.3889,3.5147,3.5147,3.5147,3.5147,3.5147,3.5147,3.5147,3.5147,3.7706,3.5147,3.5147,3.5147
2018-04-01 00:00:00,2,5.5597,5.7058,5.4147,5.4147,5.4147,5.2709,5.2709,5.2709,4.8467,4.8467,4.7077,4.57,4.7077,4.2983,4.1644,3.642,3.5147,3.5147,3.5147,3.5147,3.3889,3.2645,3.2645,3.02,3.1415,3.02,3.02,3.02,3.02,3.02,
2018-03-01 00:00:00,2,9.1948,8.1938,13.9141,11.1185,13.9141,13.15,12.2137,11.6622,11.6622,31.6622,29.2589,15.3171,12.3993,11.6622,13.5304,28.733,47.2664,45.4375,28.9956,18.853,12.773,9.8814,7.868,7.2288,6.7605,6.3018,6.1511,6.0015,6.1511,6.0015,5.7058
2018-02-01 00:00:00,2,8.1938,4.8467,3.5147,3.5147,10.2303,17.8148,35.5171,16.0515,10.5829,29.523,21.5436,13.9141,9.7083,8.8572,7.868,7.5464,7.5464,7.5464,14.8347,14.8347,15.8053,16.2992,13.5304,11.2989,9.7083,9.5362,9.1948,9.1948,,,
2018-01-01 00:00:00,2,6.0015,3.3889,3.2645,3.5147,42.1443,22.0978,11.2989,4.7077,3.5147,3.5147,3.5147,3.3889,3.2645,3.2645,3.2645,3.2645,3.2645,3.2645,3.2645,3.2645,3.1415,3.02,5.8531,3.3889,3.1415,3.1415,3.02,3.02,3.02,3.02,21.5436
2017-12-01 00:00:00,2,58.3751,65.3849,21.5436,36.0791,27.9236,19.9131,10.9391,4.0318,3.5147,3.5147,3.7706,3.5147,3.5147,3.2645,3.2645,3.2645,26.1224,17.304,5.5597,3.5147,3.3889,3.2645,3.2645,3.2645,3.5147,3.5147,29.7878,16.7988,7.868,4.7077,18.3311
2017-11-01 00:00:00,2,4.2983,3.3889,3.2645,3.2645,3.2645,3.2645,3.1415,3.02,3.02,3.02,3.02,3.7706,3.2645,3.2645,3.2645,3.2645,3.2645,3.02,5.1283,7.5464,8.5235,8.8572,5.4147,3.3889,3.2645,3.2645,3.2645,5.1283,3.3889,3.2645,
2017-10-01 00:00:00,2,2.8999,2.8999,2.7813,8.1938,6.4536,3.9005,3.3889,3.2645,3.2645,3.2645,3.2645,3.1415,3.02,3.02,3.02,3.02,3.02,3.02,3.02,3.02,3.02,3.02,3.02,3.02,3.02,3.02,4.2983,8.5235,8.3582,6.9155,6.1511
2017-09-01 00:00:00,2,1.2032,1.2954,1.2032,1.2032,1.1131,1.1131,1.2032,1.2032,1.1131,1.2032,1.1131,1.2032,1.1131,1.1131,1.1131,1.1131,1.0251,0.9394,0.9394,0.9394,0.9394,0.9394,0.9394,0.9394,0.9394,0.9394,0.9394,0.9394,0.9394,0.9394,
2017-08-01 00:00:00,2,1.8901,1.8901,1.8901,1.8901,1.8901,1.6843,1.486,1.5842,1.3897,1.486,1.3897,1.486,1.486,1.486,1.2954,1.486,1.2954,1.3897,1.2954,1.2954,1.3897,1.2954,1.3897,1.2954,1.2954,1.2954,1.2954,1.2954,1.2032,1.2032,1.2954
2017-07-01 00:00:00,2,2.8999,2.8999,2.7813,2.7813,2.6643,2.5488,2.5488,2.5488,2.3226,2.3226,2.212,2.3226,2.3226,2.212,2.103,2.103,2.103,2.103,2.103,2.103,2.103,2.103,1.9957,1.9957,1.9957,1.8901,1.8901,1.8901,1.8901,1.9957,1.8901
2017-06-01 00:00:00,2,3.02,3.02,3.02,2.8999,3.02,3.02,2.8999,3.02,3.02,3.02,2.8999,2.8999,7.3871,4.0318,3.3889,3.02,3.02,3.02,3.02,3.02,3.02,3.02,2.8999,2.8999,3.02,2.7813,2.7813,2.7813,2.7813,2.8999,
2017-05-01 00:00:00,2,2.8999,3.02,2.8999,3.02,2.8999,2.7813,2.7813,2.7813,2.7813,2.7813,2.7813,2.7813,2.7813,2.7813,2.7813,2.8999,3.5147,3.642,3.5147,6.3018,4.2983,3.7706,3.7706,3.7706,3.3889,3.2645,3.1415,3.1415,3.02,3.02,3.02
2017-04-01 00:00:00,2,3.5147,3.5147,3.3889,3.3889,3.2645,3.2645,3.2645,3.2645,3.2645,3.2645,3.2645,3.02,3.02,3.02,3.02,3.02,3.02,3.02,3.02,3.02,3.02,3.02,3.02,3.02,3.02,3.02,2.8999,3.02,3.02,2.8999,
2017-03-01 00:00:00,2,7.5464,6.3018,5.7058,4.57,4.57,4.4335,6.3018,7.2288,6.3018,5.1283,4.7077,4.57,4.2983,4.2983,4.2983,4.2983,4.0318,4.1644,4.2983,9.365,7.7067,6.7605,6.0015,4.8467,4.57,4.57,4.0318,3.7706,3.642,3.5147,3.5147
2017-02-01 00:00:00,2,6.9155,6.6065,6.7605,6.9155,6.6065,6.6065,6.6065,6.6065,6.7605,6.6065,6.6065,6.6065,6.6065,6.6065,6.7605,6.6065,6.3018,6.1511,6.0015,5.1283,4.57,4.2983,4.2983,4.2983,4.2983,4.2983,7.2288,8.5235,,,
2017-01-01 00:00:00,2,19.3803,19.3803,19.3803,17.8148,17.8148,17.5587,15.8053,13.15,12.773,12.3993,12.3993,12.3993,27.6203,34.9579,24.3667,20.4512,19.3803,16.2992,13.9141,13.15,12.3993,11.2989,10.5829,8.6899,7.868,7.868,7.7067,7.5464,7.2288,7.2288,7.0717
2016-12-01 00:00:00,2,11.1185,7.7067,8.1938,14.3581,13.9141,22.3769,17.5587,12.773,8.8572,38.3546,49.74,58.7032,50.9916,115.13,134.912,66.0655,50.9916,36.6438,22.3769,20.4512,20.4512,20.4512,19.3803,19.3803,19.3803,24.9469,20.9948,19.3803,19.1159,19.3803,19.3803
2016-11-01 00:00:00,2,1.8901,1.8901,1.9957,1.8901,25.8266,19.9131,16.5483,13.5304,11.6622,9.5362,8.0304,7.868,7.868,27.3182,28.4712,22.0978,13.5304,6.0015,5.7058,4.8467,4.57,4.57,25.5321,24.6562,21.5436,20.4512,18.5913,16.7988,25.5321,22.0978,
2016-10-01 00:00:00,2,1.8901,1.8901,1.8901,3.3889,4.0318,2.6643,2.3226,2.3226,2.103,2.103,2.103,2.103,2.103,1.8901,1.9957,1.8901,1.8901,1.9957,1.8901,1.8901,1.8901,2.3226,1.9957,1.8901,1.8901,1.8901,1.8901,1.8901,1.8901,1.8901,1.8901
2016-09-01 00:00:00,2,2.103,1.9957,1.8901,1.8901,1.8901,1.8901,1.9957,1.8901,1.8901,1.9957,1.8901,1.8901,1.8901,1.8901,1.8901,1.9957,1.8901,1.8901,1.8901,1.8901,1.8901,1.7863,1.8901,1.8901,1.8901,2.5488,1.8901,1.8901,1.8901,1.8901,
2016-08-01 00:00:00,2,2.103,1.8901,1.9957,1.8901,1.8901,1.8901,1.9957,1.8901,1.8901,1.8901,1.8901,1.8901,1.8901,1.8901,1.8901,2.5488,2.4349,2.4349,2.4349,2.3226,2.4349,2.3226,2.4349,2.3226,2.3226,2.212,2.103,2.212,2.103,2.103,2.103
2016-07-01 00:00:00,2,2.6643,2.6643,2.7813,2.7813,2.7813,2.6643,2.7813,2.7813,2.6643,2.7813,2.7813,2.7813,2.7813,2.7813,2.7813,2.6643,2.5488,2.3226,2.3226,2.212,2.3226,2.103,2.212,2.103,2.103,2.103,2.103,2.103,2.103,2.103,2.103
2016-06-01 00:00:00,2,2.6643,19.9131,21.2685,17.0507,13.5304,9.1948,4.57,3.2645,3.1415,3.02,3.02,2.7813,2.7813,2.7813,2.7813,2.6643,2.7813,2.7813,2.7813,2.7813,2.7813,2.7813,2.7813,2.6643,2.6643,2.7813,2.6643,2.7813,2.7813,2.7813,
2016-05-01 00:00:00,2,3.5147,3.2645,3.2645,3.2645,3.02,3.02,3.02,3.02,3.02,3.02,3.02,2.8999,2.7813,2.7813,2.7813,2.7813,2.7813,2.7813,2.7813,2.7813,2.7813,2.7813,2.7813,2.6643,2.6643,2.7813,2.7813,2.6643,2.7813,2.6643,2.6643
2016-04-01 00:00:00,2,9.8814,6.7605,6.0015,5.5597,5.4147,5.1283,4.9869,4.8467,4.9869,5.1283,5.1283,4.8467,4.8467,4.8467,4.57,4.2983,3.7706,3.5147,3.5147,3.2645,3.2645,3.2645,3.2645,3.2645,3.02,3.02,3.02,3.02,6.1511,4.57,
2016-03-01 00:00:00,2,26.7178,21.8201,17.304,18.3311,35.5171,22.0978,17.304,12.773,9.365,7.3871,6.1511,6.0015,12.9611,34.9579,39.2191,31.123,24.6562,17.304,10.9391,6.7605,6.1511,6.0015,6.0015,6.1511,6.0015,6.0015,24.9469,24.3667,22.3769,18.5913,15.3171
2016-02-01 00:00:00,2,5.7058,5.7058,5.5597,5.4147,5.4147,5.7058,5.4147,5.4147,5.4147,5.4147,5.2709,20.9948,18.853,12.9611,10.2303,8.5235,7.5464,23.7917,31.6622,23.2219,17.304,12.9611,9.0255,6.0015,5.7058,22.6572,30.5867,44.231,36.0791,,
2016-01-01 00:00:00,2,19.9131,17.0507,31.6622,35.5171,26.1224,19.9131,16.7988,13.7218,10.5829,7.5464,6.3018,6.3018,25.2389,20.9948,40.0897,82.3138,174.371,264.756,162.275,88.5967,51.6211,39.5086,30.0534,22.3769,18.853,15.8053,12.773,9.365,7.5464,6.9155,6.3018
2015-12-01 00:00:00,2,18.3311,17.8148,18.3311,27.3182,50.3646,45.4375,35.5171,27.3182,21.8201,18.853,20.9948,20.4512,17.304,24.6562,19.9131,17.304,15.3171,13.9141,13.15,11.2989,9.1948,7.868,6.6065,6.3018,6.3018,6.0015,6.0015,5.7058,5.7058,5.5597,24.3667
2015-11-01 00:00:00,2,12.029,5.7058,3.5147,3.5147,3.2645,11.2989,9.5362,47.8811,44.833,22.6572,19.9131,17.8148,16.7988,16.7988,16.7988,16.7988,20.9948,31.123,56.0948,62.0157,39.5086,22.3769,20.7223,19.9131,17.304,15.3171,14.8347,13.9141,13.9141,13.5304,
2015-10-01 00:00:00,2,2.6643,3.1415,5.2709,4.0318,3.2645,3.02,2.8999,2.6643,2.6643,2.5488,2.4349,2.4349,2.3226,2.212,2.212,2.103,2.103,1.9957,1.8901,1.8901,1.8901,1.8901,4.1644,4.0318,3.5147,2.7813,2.4349,9.7083,24.6562,20.1815,16.7988
2015-09-01 00:00:00,2,3.02,3.02,3.02,3.02,2.8999,7.2288,17.8148,26.4195,30.5867,27.0174,23.2219,21.2685,24.9469,22.6572,19.3803,17.304,12.773,10.0554,8.1938,6.0015,4.2983,3.2645,3.02,2.8999,2.7813,2.6643,2.6643,2.6643,2.6643,2.7813,
2015-08-01 00:00:00,2,2.7813,2.6643,2.6643,2.5488,2.5488,2.5488,2.5488,2.5488,2.5488,2.5488,2.5488,2.5488,2.4349,2.3226,2.3226,2.3226,2.3226,2.3226,2.3226,2.3226,2.3226,2.3226,2.3226,2.3226,2.212,2.8999,3.1415,3.02,3.02,3.02,3.02
2015-07-01 00:00:00,2,3.2645,3.2645,2.8999,2.6643,2.7813,2.7813,2.7813,2.7813,2.7813,2.7813,2.7813,2.7813,2.6643,2.7813,2.7813,2.7813,2.6643,2.7813,2.7813,2.7813,2.6643,2.5488,2.6643,2.5488,2.5488,2.7813,2.6643,2.6643,3.642,3.2645,2.8999
2015-06-01 00:00:00,2,3.9005,3.9005,3.7706,3.7706,3.5147,3.5147,3.5147,3.5147,3.5147,3.5147,3.3889,3.2645,3.2645,3.2645,3.2645,3.2645,3.2645,3.2645,3.3889,3.2645,3.2645,3.2645,3.2645,3.2645,3.2645,3.2645,3.2645,3.2645,3.2645,3.2645,
2015-05-01 00:00:00,2,4.57,4.4335,4.2983,4.2983,4.1644,4.0318,3.7706,3.7706,3.7706,3.9005,3.7706,3.7706,3.9005,3.9005,3.7706,3.7706,3.7706,3.7706,3.7706,3.7706,3.7706,3.7706,3.9005,3.7706,3.7706,3.7706,3.7706,3.7706,3.7706,3.7706,3.9005
2015-04-01 00:00:00,2,7.5464,7.5464,7.2288,7.2288,7.2288,6.9155,6.9155,6.4536,6.3018,6.3018,6.0015,5.7058,5.7058,5.1283,4.8467,4.7077,4.8467,4.8467,4.8467,4.7077,4.8467,4.8467,4.7077,4.8467,4.57,4.8467,4.7077,4.7077,4.57,4.57,
2015-03-01 00:00:00,2,9.365,6.9155,3.02,3.02,3.9005,3.5147,3.3889,25.5321,55.4485,83.779,61.3486,87.85,63.3566,42.4405,26.1224,20.9948,18.5913,13.9141,11.2989,9.1948,18.0722,17.8148,38.0677,39.5086,16.2992,12.3993,10.9391,9.8814,9.0255,8.5235,7.5464
2015-02-01 00:00:00,2,10.7605,16.2992,8.3582,6.3018,11.1185,12.2137,8.6899,6.4536,27.9236,16.7988,16.7988,10.4061,8.0304,6.9155,6.4536,6.3018,29.2589,9.1948,6.3018,9.365,8.0304,6.9155,6.4536,6.1511,5.8531,5.7058,6.1511,11.2989,,,
2015-01-01 00:00:00,2,3.2645,3.2645,3.2645,3.2645,3.2645,3.2645,3.2645,3.2645,3.2645,3.2645,3.1415,3.2645,3.1415,3.02,3.02,3.02,2.8999,2.8999,2.7813,2.8999,2.7813,2.7813,2.7813,2.7813,2.7813,2.7813,6.0015,5.8531,5.2709,5.1283,5.7058
2014-12-01 00:00:00,2,10.5695,8.5839,6.2419,6.412,8.2056,8.2056,6.7574,5.4173,4.9438,4.6373,4.3382,4.3382,5.2577,7.1095,7.6502,6.7574,5.9068,5.0998,5.0998,5.4173,5.4173,5.0998,4.9438,4.6373,4.3382,4.0466,3.7627,3.4866,3.6237,3.6237,3.4866
2014-11-01 00:00:00,2,2.3453,2.3453,2.2291,2.0035,1.787,1.787,1.787,1.8941,2.3453,3.0875,3.4866,3.3516,3.7627,5.4173,5.7419,4.1914,3.4866,2.9585,2.7068,2.4636,2.3453,2.2291,2.7068,4.1914,6.7574,8.3939,11.1949,20.744,22.6638,13.6296,
2014-10-01 00:00:00,2,2.0035,1.8941,1.8941,2.0035,1.8941,1.8941,1.8941,1.8941,1.8941,1.8941,1.8941,1.787,1.787,1.8941,1.8941,1.8941,1.787,1.8941,1.4801,1.787,2.3453,2.5842,2.3453,2.2291,2.2291,2.4636,2.9585,3.0875,2.9585,2.5842,2.3453
2014-09-01 00:00:00,2,2.1152,2.1152,2.0035,2.0035,2.1152,2.1152,2.0035,2.1152,2.1152,2.1152,2.0035,2.0035,2.0035,1.8941,2.0035,1.8941,2.0035,1.8941,2.0035,1.8941,2.0035,1.8941,2.0035,1.8941,1.8941,2.0035,1.8941,2.0035,2.0035,1.8941,
2014-08-01 00:00:00,2,2.5842,2.4636,2.4636,2.3453,2.3453,2.2291,2.2291,2.1152,2.1152,2.1152,2.1152,2.1152,2.0035,2.1152,2.1152,2.1152,2.1152,2.0035,2.1152,2.1152,2.1152,2.1152,2.1152,2.0035,2.1152,2.0035,2.1152,2.0035,2.1152,2.1152,2.1152
2014-07-01 00:00:00,2,2.3453,2.3453,2.3453,2.3453,2.2291,2.2291,2.2291,2.2291,2.3453,2.2291,2.2291,2.3453,2.2291,2.2291,2.3453,2.2291,2.2291,2.2291,2.2291,2.3453,2.3453,2.3453,2.2291,2.1152,2.5842,3.4866,3.9037,3.6237,3.3516,3.0875,2.8316
2014-06-01 00:00:00,2,2.4636,2.4636,2.3453,2.3453,2.3453,2.3453,2.3453,2.3453,2.3453,2.3453,2.3453,2.3453,2.2291,2.2291,2.2291,2.2291,2.3453,2.3453,2.3453,2.2291,2.2291,2.3453,2.3453,2.3453,2.3453,2.3453,2.3453,2.3453,2.3453,2.3453,
2014-05-01 00:00:00,2,2.7068,2.5842,2.7068,2.5842,2.7068,2.5842,2.5842,2.5842,2.5842,2.5842,2.4636,2.5842,2.5842,2.4636,2.4636,2.4636,2.4636,2.4636,2.4636,2.4636,2.4636,2.4636,2.5842,2.4636,2.4636,2.4636,2.4636,2.4636,2.4636,2.4636,2.4636
2014-04-01 00:00:00,2,2.9585,2.9585,2.9585,2.9585,2.9585,2.8316,2.8316,2.8316,2.8316,2.8316,2.8316,2.8316,2.8316,2.7068,2.7068,2.7068,2.7068,2.7068,2.5842,2.7068,2.7068,2.7068,2.5842,2.5842,2.7068,2.7068,2.7068,2.7068,2.7068,2.5842,
2014-03-01 00:00:00,2,4.9438,5.2577,4.9438,4.4868,4.1914,6.7574,12.0036,12.2033,8.2056,6.5838,5.9068,5.5787,4.9438,4.1914,3.9037,3.7627,3.6237,3.4866,3.3516,3.2185,3.2185,2.9585,3.0875,3.0875,3.0875,3.0875,2.9585,2.9585,2.9585,2.9585,2.9585
2014-02-01 00:00:00,2,4.1914,4.0466,3.9037,3.7627,3.7627,3.6237,3.6237,3.4866,3.3516,3.3516,3.2185,3.2185,3.0875,3.3516,3.7627,3.9037,4.7896,5.9068,5.2577,4.3382,3.9037,3.6237,3.4866,3.3516,3.2185,3.2185,3.4866,4.3382,,,
2014-01-01 00:00:00,2,10.5695,9.3595,7.6502,6.7574,6.0735,5.7419,5.5787,5.2577,5.0998,5.0998,4.7896,4.6373,4.4868,4.3382,4.3382,4.1914,5.2577,7.8337,8.5839,7.1095,7.2881,10.16,11.4064,9.5573,7.8337,6.2419,5.5787,5.0998,4.7896,4.6373,4.3382
2013-12-01 00:00:00,2,9.9576,12.0036,11.1949,8.7754,6.9326,6.2419,6.412,6.7574,6.2419,6.0735,10.364,14.0461,10.16,8.0188,7.4683,7.8337,7.8337,6.9326,7.1095,8.5839,8.5839,8.0188,13.0122,15.9686,12.6057,13.217,17.2926,19.1088,14.4666,10.7765,10.364
2013-11-01 00:00:00,2,3.0875,3.0875,3.0875,3.0875,3.0875,4.3382,5.9068,5.7419,5.0998,4.4868,3.7627,3.4866,3.3516,3.2185,3.2185,3.0875,3.2185,3.4866,3.6237,3.6237,3.4866,3.4866,4.3382,5.9068,7.8337,8.0188,8.2056,8.3939,7.4683,7.6502,
2013-10-01 00:00:00,2,3.3516,3.3516,4.0466,3.4866,14.891,9.7567,6.0735,3.6237,3.6237,3.4866,3.3516,3.3516,3.3516,3.2185,3.2185,3.0875,3.6237,3.3516,6.0735,3.4866,3.2185,3.0875,3.0875,3.0875,3.0875,3.0875,3.0875,3.0875,2.9585,3.0875,3.0875
2013-09-01 00:00:00,2,3.0875,3.0875,3.2185,3.0875,3.0875,3.2185,3.2185,3.0875,3.0875,3.0875,3.0875,3.0875,3.0875,3.0875,3.0875,3.0875,2.9585,2.9585,2.9585,3.0875,3.0875,3.0875,3.0875,2.9585,4.7896,3.4866,3.3516,3.4866,3.3516,3.3516,
2013-08-01 00:00:00,2,3.4866,3.4866,3.3516,3.3516,3.3516,3.3516,3.2185,3.3516,3.3516,3.2185,3.2185,3.3516,3.3516,3.2185,3.2185,3.0875,3.2185,3.2185,3.2185,3.0875,3.2185,3.0875,3.2185,3.2185,3.0875,3.0875,3.2185,3.0875,3.2185,3.2185,3.0875
2013-07-01 00:00:00,2,3.7627,3.7627,3.6237,3.6237,3.4866,3.4866,3.3516,3.3516,3.4866,3.4866,3.4866,3.4866,3.4866,3.4866,3.3516,3.4866,3.4866,3.4866,3.4866,3.4866,3.4866,3.4866,3.4866,3.4866,3.3516,3.4866,3.4866,3.3516,3.4866,3.3516,3.3516
2013-06-01 00:00:00,2,3.6237,3.7627,3.6237,20.9811,18.6494,17.0697,14.2559,11.4064,8.7754,6.7574,5.9068,5.5787,5.0998,4.9438,4.9438,4.9438,4.6373,4.6373,4.6373,4.4868,4.3382,4.1914,4.0466,4.1914,4.0466,4.0466,3.9037,4.0466,3.9037,3.9037,
2013-05-01 00:00:00,2,6.7574,6.5838,6.5838,6.2419,6.2419,5.9068,6.0735,6.0735,5.5787,5.4173,5.0998,5.0998,4.7896,4.9438,4.7896,4.7896,4.7896,4.4868,4.4868,4.3382,4.0466,4.1914,4.0466,3.9037,4.0466,4.0466,4.0466,4.0466,4.0466,3.7627,3.6237
2013-04-01 00:00:00,2,15.9686,13.217,12.404,12.2033,12.0036,12.2033,12.0036,11.805,10.5695,10.7765,10.364,10.16,9.5573,8.9686,8.5839,8.3939,8.5839,8.5839,8.5839,8.2056,8.0188,7.8337,7.6502,7.8337,7.8337,7.2881,6.9326,6.7574,6.9326,6.9326,
2013-03-01 00:00:00,2,6.0735,23.1521,18.8787,12.0036,8.3939,6.7574,6.5838,6.0735,5.9068,5.9068,5.7419,5.5787,5.7419,5.7419,5.9068,5.7419,5.7419,5.7419,5.7419,5.5787,5.7419,5.5787,5.7419,5.5787,12.404,20.744,23.6436,20.744,22.6638,20.2725,18.1936
2013-02-01 00:00:00,2,61.3486,47.5735,40.6734,32.2043,25.1375,63.3567,43.0347,33.8479,29.523,25.1375,21.2189,18.8787,16.6265,12.2033,10.5695,9.1633,7.6502,6.5838,6.5838,6.412,6.2419,6.2419,6.0735,6.2419,6.0735,6.0735,6.0735,5.9068,,,
2013-01-01 00:00:00,2,3.3516,3.2185,3.2185,3.0875,3.2185,3.2185,3.0875,3.0875,25.1375,22.4209,28.733,41.554,35.7977,31.123,27.1736,26.4042,32.7493,29.523,27.9499,23.3974,21.4577,21.2189,21.2189,21.2189,21.2189,22.1789,64.7066,60.0213,54.8047,49.1179,74.4027
2012-12-01 00:00:00,2,5.9068,5.5787,5.0998,4.3382,4.1914,4.0466,3.7627,3.6237,3.4866,3.4866,3.3516,3.3516,3.4866,9.3595,7.2881,5.5787,4.9438,4.7896,4.0466,4.0466,3.7627,3.6237,3.7627,3.6237,3.3516,3.3516,3.3516,3.4866,3.3516,3.3516,3.3516
2012-11-01 00:00:00,2,4.3382,4.3382,4.3382,4.1914,4.3382,4.1914,4.3382,4.1914,4.1914,4.1914,4.0466,4.0466,3.9037,23.1521,21.2189,18.1936,16.187,13.6296,10.364,20.038,16.8476,14.891,14.0461,10.7765,8.7754,8.2056,11.4064,13.8374,10.5695,7.8337,
2012-10-01 00:00:00,2,4.4868,4.4868,4.4868,4.4868,4.4868,4.4868,4.3382,4.4868,4.4868,4.4868,4.4868,4.4868,4.4868,4.3382,4.4868,4.4868,4.4868,4.3382,4.4868,4.3382,4.4868,4.4868,4.4868,4.4868,4.4868,4.4868,4.4868,4.3382,4.4868,4.4868,4.4868
2012-09-01 00:00:00,2,5.4173,5.4173,5.2577,5.2577,5.0998,5.0998,5.0998,4.9438,4.9438,4.9438,4.9438,4.9438,4.9438,4.6373,4.6373,4.4868,4.4868,4.4868,4.4868,4.4868,4.3382,4.3382,4.3382,4.3382,4.4868,4.4868,4.4868,4.4868,4.6373,4.4868,
2012-08-01 00:00:00,2,5.4173,5.4173,5.5787,5.4173,5.4173,5.2577,5.4173,5.4173,5.4173,5.4173,5.4173,5.4173,5.4173,5.0998,5.2577,5.5787,5.4173,5.5787,5.7419,5.5787,5.5787,5.5787,5.7419,5.5787,5.5787,5.5787,5.5787,5.5787,5.4173,5.5787,5.5787
2012-07-01 00:00:00,2,7.1095,6.9326,7.1095,7.1095,6.9326,6.0735,6.2419,6.0735,6.0735,5.9068,5.9068,5.7419,5.9068,5.9068,5.9068,5.9068,5.7419,5.5787,5.7419,5.7419,5.5787,5.7419,5.7419,5.5787,5.7419,5.7419,5.5787,5.5787,5.4173,5.4173,5.4173
2012-06-01 00:00:00,2,8.7754,8.7754,8.5839,8.3939,8.3939,8.3939,8.3939,8.3939,8.2056,8.2056,8.2056,8.2056,7.8337,7.8337,7.8337,7.8337,7.8337,7.6502,7.8337,7.6502,7.6502,7.6502,7.6502,7.4683,7.4683,7.4683,7.2881,7.1095,7.1095,7.1095,
2012-05-01 00:00:00,2,10.16,10.16,9.7567,9.9576,9.7567,10.16,9.7567,9.7567,9.5573,9.5573,22.9075,23.6436,20.9811,17.967,14.891,12.8085,10.7765,9.3595,8.9686,8.9686,8.9686,8.7754,8.7754,8.7754,8.7754,8.5839,8.7754,8.7754,8.7754,8.5839,8.7754
2012-04-01 00:00:00,2,22.9075,21.4577,20.744,19.5717,18.6494,16.8476,16.6265,15.9686,15.7512,15.3192,14.891,14.0461,13.8374,13.6296,13.4228,13.4228,13.217,13.0122,12.6057,12.404,12.404,12.2033,11.805,11.6074,10.985,10.5695,10.5695,10.364,10.364,10.364,
2012-03-01 00:00:00,2,18.1936,17.967,17.7413,17.2926,17.0697,16.6265,15.9686,15.7512,14.891,14.891,14.2559,14.2559,14.4666,14.4666,14.2559,25.1375,24.1383,21.9376,20.038,19.1088,18.8787,16.6265,16.4062,16.4062,15.9686,20.5078,18.8787,18.8787,25.8951,25.8951,23.6436
2012-02-01 00:00:00,2,61.3486,43.6316,33.0229,24.8865,23.8906,23.6436,23.3974,23.3974,23.3974,23.3974,23.3974,25.1375,27.6903,26.9163,24.1383,23.1521,22.6638,20.9811,20.5078,20.2725,19.5717,19.1088,19.3398,19.1088,19.1088,18.8787,18.421,18.1936,18.1936,,
2012-01-01 00:00:00,2,81.5842,161.369,218.637,207.743,115.13,88.2231,114.318,105.912,81.5842,81.5842,68.1204,50.052,50.3646,46.6543,42.7373,40.3812,32.4764,24.6363,23.3974,21.6972,21.2189,21.2189,21.2189,20.9811,20.9811,20.744,20.5078,20.744,129.368,98.0962,82.3138
2011-12-01 00:00:00,2,12.6057,12.2033,12.2033,15.1046,14.0461,12.8085,12.6057,12.8085,12.6057,25.6418,22.6638,20.038,17.2926,30.3197,70.1951,95.0233,83.4119,49.74,29.7878,26.4042,21.2189,18.421,15.9686,14.891,22.9075,18.6494,14.891,15.1046,14.6783,24.1383,40.6734
2011-11-01 00:00:00,2,4.7896,4.7896,4.7896,4.7896,4.6373,4.6373,4.6373,4.7896,4.6373,4.7896,4.4868,4.6373,4.6373,4.4868,33.2972,27.9499,22.4209,20.038,18.421,17.967,13.6296,13.0122,17.5165,23.6436,20.744,17.967,14.4666,13.217,12.8085,12.6057,
2011-10-01 00:00:00,2,2.2291,2.1152,2.2291,2.1152,2.1152,2.1152,2.1152,2.2291,2.1152,2.1152,2.0035,4.6373,3.7627,3.6237,3.6237,16.6265,8.9686,6.412,4.9438,4.3382,4.0466,4.0466,4.0466,6.412,4.6373,4.1914,22.9075,20.2725,14.891,7.4683,4.9438
2011-09-01 00:00:00,2,2.4636,2.4636,2.3453,2.3453,2.3453,2.4636,2.3453,2.2291,2.3453,2.3453,2.3453,2.2291,2.2291,2.2291,2.2291,2.2291,2.2291,2.2291,2.2291,2.2291,2.1152,2.2291,2.2291,2.2291,2.2291,2.2291,2.1152,2.2291,2.2291,2.1152,
2011-08-01 00:00:00,2,3.0875,3.0875,2.9585,2.9585,2.9585,2.8316,2.9585,2.8316,2.9585,2.8316,2.8316,2.8316,2.7068,2.7068,2.7068,2.5842,2.7068,2.7068,2.5842,2.5842,2.7068,2.4636,2.4636,2.4636,2.4636,2.4636,2.4636,2.3453,2.3453,2.4636,2.4636
2011-07-01 00:00:00,2,4.1914,4.1914,4.1914,4.1914,4.1914,4.1914,4.0466,4.0466,4.0466,3.9037,4.0466,3.9037,3.9037,3.9037,3.6237,3.6237,3.7627,3.6237,3.7627,3.6237,3.6237,3.7627,3.6237,3.4866,3.3516,3.3516,3.2185,3.2185,3.0875,3.0875,3.0875
2011-06-01 00:00:00,2,4.9438,4.7896,4.7896,4.7896,4.9438,4.7896,4.7896,4.7896,4.7896,4.7896,4.6373,4.6373,4.6373,4.4868,4.6373,4.3382,4.4868,4.4868,4.4868,4.3382,4.3382,4.3382,4.3382,4.1914,4.3382,4.1914,4.3382,4.3382,4.3382,4.1914,
2011-05-01 00:00:00,2,7.8337,7.6502,7.6502,7.6502,7.6502,7.4683,7.2881,7.1095,7.1095,6.9326,6.9326,6.2419,5.9068,5.7419,5.7419,5.7419,5.5787,5.4173,5.5787,5.5787,5.4173,5.4173,5.2577,5.0998,5.2577,5.2577,5.0998,5.0998,5.0998,4.9438,5.0998
2011-04-01 00:00:00,2,14.2559,12.404,12.404,17.2926,21.6972,17.5165,13.8374,12.0036,11.805,11.805,11.805,10.985,10.7765,10.985,10.7765,10.5695,10.16,9.3595,9.1633,8.9686,8.7754,8.7754,8.5839,8.3939,8.2056,8.2056,8.2056,8.2056,8.2056,8.0188,
2011-03-01 00:00:00,2,15.5347,21.6972,25.8951,33.5722,25.1375,58.3751,84.5146,90.4721,76.5352,52.5699,33.2972,24.6363,24.1383,29.2589,23.6436,23.3974,21.9376,20.744,19.1088,19.1088,19.1088,17.7413,16.8476,15.3192,14.0461,12.6057,10.985,10.985,10.985,13.217,15.5347
2011-02-01 00:00:00,2,15.7512,15.5347,15.5347,15.3192,15.3192,15.1046,14.891,14.4666,14.6783,14.4666,14.4666,14.2559,13.8374,13.6296,13.4228,13.217,12.8085,12.8085,12.6057,12.404,12.404,12.2033,12.2033,12.0036,12.0036,11.805,11.805,25.1375,,,
2011-01-01 00:00:00,2,49.1179,22.1789,19.8044,17.7413,24.3869,27.6903,21.9376,19.1088,17.5165,17.0697,16.8476,17.0697,19.5717,22.6638,19.1088,18.6494,17.0697,18.8787,23.3974,20.038,18.6494,17.0697,16.8476,16.6265,16.6265,16.6265,15.9686,15.7512,15.9686,15.7512,15.5347
2010-12-01 00:00:00,2,16.6265,16.4062,16.6265,16.4062,16.6265,16.6265,18.421,23.3974,21.6972,19.5717,19.1088,17.5165,16.8476,16.6265,23.1521,22.1789,20.9811,18.8787,17.5165,16.6265,16.8476,16.8476,16.6265,19.1088,27.1736,33.2972,23.6436,60.3523,89.7205,61.0159,83.0454
2010-11-01 00:00:00,2,5.7922,6.6574,5.7922,4.8148,5.9616,16.7988,24.3667,14.5957,19.1088,25.1375,33.0229,25.3892,22.4209,20.744,19.1088,18.8787,54.8047,27.1736,21.4577,20.5078,23.6436,26.1493,21.2189,20.2725,19.5717,27.1736,22.9075,19.1088,17.2926,16.8476,
2010-10-01 00:00:00,2,3.9067,4.8148,4.8148,3.9067,3.7624,3.6201,3.6201,3.7624,3.7624,3.7624,3.7624,3.7624,3.6201,3.6201,3.4798,4.8148,9.3118,12.0641,9.3118,5.9616,4.8148,4.0531,3.7624,3.4798,3.3417,6.4808,8.9124,5.6246,4.5042,4.5042,4.973
2010-09-01 00:00:00,2,2.6831,2.6831,2.6831,2.6831,2.8104,2.8104,2.6831,2.6831,2.5579,3.6201,3.2057,3.0717,3.0717,2.94,2.8104,2.6831,2.6831,2.5579,2.5579,2.5579,2.5579,2.5579,2.5579,2.435,2.5579,2.5579,2.6831,3.9067,4.8148,4.0531,
2010-08-01 00:00:00,2,2.8104,2.6831,2.6831,2.8104,2.8104,2.8104,2.6831,2.8104,2.6831,2.6831,2.6831,2.8104,2.8104,2.6831,2.6831,2.8104,2.6831,2.5579,2.8104,2.6831,2.8104,2.8104,2.8104,2.6831,2.6831,2.8104,2.8104,2.5579,2.6831,2.6831,2.8104
2010-07-01 00:00:00,2,4.2015,4.2015,3.9067,3.9067,3.6201,3.9067,3.7624,3.4798,3.3417,3.3417,3.2057,3.0717,3.0717,2.94,3.0717,2.94,2.94,2.8104,2.8104,2.8104,2.6831,2.8104,2.8104,2.8104,2.8104,2.6831,2.8104,2.6831,2.6831,2.6831,2.8104
2010-06-01 00:00:00,2,8.3257,7.943,7.016,6.4808,6.4808,6.1329,6.1329,5.9616,5.9616,6.1329,6.1329,6.1329,5.9616,5.9616,5.9616,5.4589,5.295,5.4589,5.295,5.295,5.133,5.295,5.295,4.973,4.8148,4.6585,4.5042,4.5042,4.5042,4.5042,
2010-05-01 00:00:00,2,9.9231,9.9231,9.7177,9.7177,9.514,9.1113,8.9124,8.9124,8.9124,8.7152,8.9124,8.7152,8.9124,8.7152,8.9124,8.7152,8.9124,8.7152,8.7152,8.5196,8.3257,8.3257,8.3257,8.3257,8.3257,8.3257,8.3257,8.1335,8.3257,8.3257,8.1335
2010-04-01 00:00:00,2,10.5489,10.3387,10.3387,10.3387,10.1301,10.3387,10.3387,10.1301,10.1301,10.3387,10.3387,10.1301,9.9231,10.1301,10.1301,9.9231,9.9231,9.9231,10.1301,9.9231,10.1301,9.9231,9.9231,9.9231,10.1301,9.9231,9.9231,9.9231,10.1301,9.7177,
2010-03-01 00:00:00,2,14.122,13.8874,13.8874,13.6542,13.6542,13.8874,13.6542,13.8874,13.8874,13.6542,13.6542,13.6542,19.3803,15.8053,14.3581,13.8874,13.1924,12.9637,12.7365,12.2867,12.0641,12.0641,11.6234,11.6234,11.4054,11.4054,11.1889,10.7607,10.5489,10.3387,10.3387
2010-02-01 00:00:00,2,15.0752,15.0752,14.8347,15.0752,14.8347,14.5957,14.3581,14.3581,14.3581,14.3581,14.3581,14.122,14.3581,14.122,14.122,14.122,13.8874,14.3581,13.8874,14.122,14.3581,14.3581,14.122,14.122,14.3581,14.122,14.122,14.122,,,
2010-01-01 00:00:00,2,15.0752,15.0752,14.5957,14.5957,14.5957,14.5957,14.3581,14.3581,14.3581,14.122,14.122,13.8874,14.122,14.122,13.8874,13.6542,13.8874,14.122,14.122,13.8874,13.6542,13.8874,13.8874,14.122,20.7223,24.0786,20.9948,17.0507,15.0752,14.8347,15.0752
2009-12-01 00:00:00,2,20.4512,31.6622,26.4195,24.0786,76.8925,92.3599,126.27,120.222,109.49,91.9814,84.1466,69.1553,50.9916,42.4405,27.9236,23.2219,20.7223,18.853,17.8148,16.5483,16.2992,15.8053,25.5321,19.3803,16.7988,15.0752,15.0752,14.8347,15.0752,15.0752,15.0752
2009-11-01 00:00:00,2,12.642,12.642,18.648,14.1928,12.8958,12.642,12.642,21.6581,18.648,15.81,12.8958,12.642,12.642,12.642,12.642,90.4721,84.5146,76.5352,59.0318,50.052,32.4764,22.6572,20.7223,20.7223,17.5587,28.4712,24.0786,20.9948,18.0722,22.9389,
2009-10-01 00:00:00,2,6.7406,6.9415,6.9415,6.9415,6.9415,6.9415,9.2927,20.7374,17.7782,8.1922,6.9415,6.7406,6.7406,6.7406,6.9415,19.5332,30.2467,43.9309,23.8642,15.81,13.1515,12.642,18.9414,14.9932,12.642,12.3901,20.1319,16.0859,12.8958,12.3901,12.3901
2009-09-01 00:00:00,2,7.3497,7.3497,7.1445,7.1445,7.1445,7.3497,7.1445,7.1445,7.3497,7.1445,7.3497,7.3497,7.1445,7.1445,7.1445,6.9415,6.9415,6.9415,6.9415,6.9415,6.9415,7.1445,7.1445,6.9415,6.9415,6.9415,6.7406,6.9415,6.7406,6.9415,
2009-08-01 00:00:00,2,7.5571,7.7667,7.7667,7.7667,7.7667,7.5571,7.5571,7.5571,7.5571,7.7667,7.7667,7.7667,7.5571,7.7667,7.7667,7.3497,7.5571,7.3497,7.3497,7.3497,7.3497,7.3497,7.3497,7.3497,7.3497,7.3497,7.1445,7.3497,7.3497,7.3497,7.1445
2009-07-01 00:00:00,2,7.9784,7.9784,7.9784,7.7667,7.7667,7.5571,7.5571,7.7667,7.7667,7.5571,7.7667,7.7667,7.5571,7.9784,7.5571,7.7667,7.5571,7.7667,7.5571,7.7667,7.7667,7.5571,7.5571,7.7667,7.7667,7.7667,7.5571,7.7667,7.5571,7.7667,7.7667
2009-06-01 00:00:00,2,8.1922,8.1922,7.9784,7.9784,7.9784,8.1922,7.9784,7.9784,7.9784,8.1922,8.1922,8.1922,8.1922,8.1922,7.9784,7.9784,7.9784,7.9784,7.9784,7.9784,8.1922,7.9784,7.9784,7.9784,7.9784,7.9784,7.9784,7.9784,7.9784,7.9784,
2009-05-01 00:00:00,2,9.0684,9.2927,8.8463,8.8463,8.8463,8.6261,8.8463,8.8463,8.6261,8.6261,8.6261,8.4081,8.4081,8.6261,8.4081,8.6261,8.4081,8.4081,8.4081,8.4081,8.4081,8.6261,8.4081,8.6261,8.4081,8.4081,8.4081,8.1922,8.4081,8.1922,8.1922
2009-04-01 00:00:00,2,16.0859,15.81,15.2637,15.2637,14.4578,13.9297,13.409,13.409,12.8958,12.642,11.8921,11.1594,11.4017,10.9191,10.9191,10.9191,10.9191,10.9191,10.6808,9.9777,9.7473,9.7473,9.7473,9.519,9.519,9.519,9.519,9.2927,9.2927,9.519,
2009-03-01 00:00:00,2,19.8317,18.0664,18.0664,18.0664,17.7782,17.207,16.9241,16.6429,16.6429,21.6581,18.9414,18.3563,17.7782,17.4918,17.4918,16.6429,16.3635,16.3635,16.3635,16.3635,16.9241,16.3635,16.3635,16.3635,16.3635,16.0859,16.0859,16.0859,16.0859,16.0859,16.0859
2009-02-01 00:00:00,2,20.4338,18.0664,18.0664,17.7782,17.7782,16.9241,16.9241,18.3563,18.0664,18.0664,18.0664,18.0664,17.7782,17.7782,18.0664,17.7782,17.7782,17.207,17.207,16.9241,35.6761,54.8047,79.4079,78.3267,57.3943,47.8811,33.1006,23.2257,,,
2009-01-01 00:00:00,2,139.788,92.3599,75.1114,55.4485,49.4287,45.4375,37.1801,30.5982,36.05,55.1263,83.779,104.728,115.942,105.122,84.5146,66.4066,54.1632,48.8078,36.802,25.1605,18.9414,19.2365,19.2365,18.9414,18.3563,18.0664,18.0664,18.0664,18.0664,18.648,23.8642
2008-12-01 00:00:00,2,8.6261,8.4081,8.4081,8.6261,6.7406,6.7406,6.7406,6.7406,6.7406,6.9415,18.9414,34.5635,54.8047,100.032,184.074,218.637,205.609,221.978,127.04,47.5735,54.8047,44.833,35.6761,24.834,18.9414,17.207,40.9663,27.4904,20.7374,19.2365,19.2365
2008-11-01 00:00:00,2,4.1703,4.1703,4.1703,12.8958,21.0426,15.536,13.9297,12.8958,12.642,12.642,18.9414,16.0859,14.1928,18.9414,20.1319,15.536,13.1515,20.4338,24.834,16.0859,13.409,11.6459,10.2101,13.1515,11.1594,10.2101,9.9777,9.7473,9.0684,8.8463,
2008-10-01 00:00:00,2,5.2399,5.2399,5.2399,5.2399,5.0749,5.0749,5.0749,5.2399,5.2399,13.6475,8.1877,5.9229,5.4072,5.2399,5.0749,5.2399,5.0749,5.2399,13.6684,10.9191,9.0684,7.5571,5.3979,4.5089,4.3384,4.1703,4.1703,4.0047,4.1703,4.0047,4.0047
2008-09-01 00:00:00,2,4.9121,4.9121,4.7517,4.9121,4.7517,4.7517,4.5937,4.438,4.5937,4.438,4.438,4.438,4.438,4.438,4.2846,4.438,4.2846,4.2846,4.438,4.438,11.4584,7.2052,5.4072,5.4072,5.2399,5.2399,5.2399,5.2399,5.2399,5.2399,
2008-08-01 00:00:00,2,5.2399,5.0749,5.2399,5.2399,5.2399,4.9121,5.0749,4.9121,5.0749,5.0749,5.0749,5.0749,5.0749,5.0749,5.4072,5.0749,5.2399,5.2399,4.9121,5.2399,5.2399,5.4072,5.4072,5.0749,5.2399,5.2399,5.2399,4.9121,5.0749,5.2399,5.0749
2008-07-01 00:00:00,2,5.4072,5.2399,5.4072,5.2399,5.2399,5.2399,5.0749,5.4072,5.4072,5.4072,5.4072,5.2399,5.2399,5.0749,5.2399,5.0749,5.2399,5.0749,5.2399,4.9121,5.0749,5.0749,4.9121,5.2399,5.0749,4.9121,5.0749,5.0749,5.2399,5.0749,5.2399
2008-06-01 00:00:00,2,6.6423,6.6423,6.459,6.2781,6.0994,5.9229,5.4072,5.5768,5.4072,5.2399,5.4072,5.4072,5.4072,5.0749,5.0749,4.9121,4.9121,4.9121,4.7517,4.7517,4.438,4.7517,4.7517,5.4072,5.4072,5.0749,5.4072,5.2399,5.2399,5.2399,
2008-05-01 00:00:00,2,13.396,12.8993,12.654,11.6934,11.6934,11.6934,11.2256,10.9948,10.9948,10.5396,10.7661,10.5396,10.5396,10.7661,10.5396,10.0927,10.0927,10.0927,10.0927,10.0927,10.0927,9.8725,9.4384,9.4384,9.2246,8.3908,8.1877,7.3973,7.2052,7.2052,7.2052
2008-04-01 00:00:00,2,18.8078,17.9453,17.3801,16.8229,25.9995,42.1443,34.4015,25.6658,19.9853,19.3927,18.2309,17.9453,17.9453,17.6617,16.5472,16.5472,16.2736,16.2736,16.2736,15.4646,15.7323,14.1565,13.901,13.901,13.6475,13.6475,13.6475,13.6475,13.6475,13.396,
2008-03-01 00:00:00,2,22.1206,28.3876,27.696,25.6658,24.0259,22.4334,20.5857,18.5184,17.1005,15.7323,15.7323,28.9956,45.7408,85.2523,155.117,151.618,87.1053,48.4983,39.2191,33.2972,28.9956,27.0118,27.0118,26.335,25.9995,24.6762,24.6762,27.3529,27.696,24.6762,21.5009
2008-02-01 00:00:00,2,58.3751,46.0447,42.1443,54.8047,57.7207,50.9916,51.6211,50.9916,41.2598,35.7977,30.8545,27.696,25.3341,23.3832,21.5009,19.9853,17.9453,20.2846,24.3501,22.4334,21.5009,20.5857,19.3927,24.0259,35.5171,33.8479,23.0647,19.3927,17.9453,,
2008-01-01 00:00:00,2,14.6737,14.1565,13.6475,13.396,13.1466,12.1695,16.5472,20.8889,20.2846,21.1939,24.3501,22.4334,18.8078,16.5472,13.901,12.1695,11.2256,10.9948,12.1695,13.901,14.4141,13.901,13.6475,13.901,17.6617,20.8889,17.3801,16.0019,31.3922,63.3567,72.2892
2007-12-01 00:00:00,2,5.9229,5.7487,5.7487,6.0994,7.0154,7.9868,9.2246,10.5396,9.8725,8.1877,6.6423,6.6423,6.8277,21.8098,17.6617,14.4141,12.4107,11.4584,11.4584,11.4584,18.8078,26.335,40.6734,94.6414,67.4332,46.6543,23.7036,18.5184,16.8229,16.2736,14.9353
2007-11-01 00:00:00,2,5.4072,5.0749,4.9121,5.2399,5.9229,6.0994,6.2781,6.6423,6.8277,6.2781,6.6423,9.4384,12.4107,11.4584,8.3908,6.459,5.5768,5.4072,6.2781,7.7881,7.7881,6.2781,5.4072,5.4072,6.6423,9.6544,10.3151,8.596,7.0154,6.0994,
2007-10-01 00:00:00,2,3.5534,3.2778,3.0119,3.0119,3.0119,2.8827,2.7559,2.6317,2.51,2.3907,2.3907,2.3907,2.2741,2.2741,2.3907,2.2741,2.2741,2.6317,6.6423,12.654,12.4107,8.8034,7.7881,7.3973,6.8277,6.8277,7.5916,9.4384,10.3151,8.3908,6.2781
2007-09-01 00:00:00,2,2.8827,2.8827,2.7559,2.7559,2.7559,2.8827,2.7559,2.8827,2.7559,2.8827,2.7559,2.7559,2.7559,2.7559,2.7559,2.7559,2.7559,2.7559,2.7559,2.6317,2.7559,2.7559,2.7559,2.7559,2.6317,2.7559,2.7559,2.7559,3.1436,3.5534,
2007-08-01 00:00:00,2,3.1436,3.1436,3.0119,3.0119,3.0119,2.8827,2.7559,2.7559,2.6317,2.7559,2.6317,2.7559,2.8827,2.6317,2.6317,2.6317,2.6317,2.51,2.51,2.3907,2.51,2.3907,2.51,2.3907,2.3907,2.3907,2.3907,2.51,2.51,2.51,2.7559
2007-07-01 00:00:00,2,3.6949,3.6949,3.2778,3.2778,3.2778,3.2778,3.1436,3.1436,3.2778,3.0119,3.0119,2.7559,2.8827,2.7559,2.8827,2.8827,2.8827,2.7559,2.8827,2.7559,2.8827,2.7559,2.8827,3.0119,3.0119,2.8827,2.8827,3.6949,3.5534,3.4144,3.1436
2007-06-01 00:00:00,2,5.4072,5.4072,5.4072,5.4072,5.2399,5.4072,5.5768,5.4072,5.4072,5.4072,5.2399,5.2399,5.0749,4.9121,4.5937,3.985,3.8387,3.985,3.8387,3.8387,3.985,3.8387,3.985,3.6949,3.8387,3.985,3.8387,3.6949,3.6949,3.6949,
2007-05-01 00:00:00,2,6.8277,6.6423,6.8277,6.459,6.459,6.459,6.2781,5.5768,5.4072,5.5768,5.4072,5.4072,5.5768,5.2399,5.0749,5.2399,5.0749,5.2399,5.2399,5.2399,5.0749,5.2399,5.0749,7.3973,5.5768,5.2399,5.0749,5.9229,5.4072,5.4072,5.4072
2007-04-01 00:00:00,2,7.3973,6.2781,5.5768,5.4072,5.4072,5.5768,5.4072,5.4072,12.4107,10.3151,24.0259,40.6734,21.5009,16.8229,14.1565,11.2256,10.7661,9.0129,7.7881,7.3973,7.2052,7.2052,7.0154,7.0154,7.2052,7.2052,7.2052,7.0154,7.0154,7.0154,
2007-03-01 00:00:00,2,11.6934,11.4584,11.2256,11.2256,10.5396,10.5396,10.5396,10.3151,10.5396,10.0927,9.8725,9.8725,10.0927,9.6544,9.4384,9.4384,9.4384,9.4384,9.2246,9.2246,9.2246,9.2246,9.0129,9.0129,9.0129,9.0129,8.596,8.596,8.596,8.596,8.8034
2007-02-01 00:00:00,2,62.685,51.9368,46.9601,21.1939,17.1005,21.5009,18.2309,14.9353,14.4141,13.901,14.1565,19.3927,27.0118,19.0993,16.8229,14.6737,14.1565,12.4107,11.4584,11.6934,11.4584,11.4584,11.9304,11.6934,11.6934,12.654,11.9304,11.4584,,,
2007-01-01 00:00:00,2,46.0447,34.4015,22.4334,20.5857,18.5184,16.2736,14.6737,13.901,13.6475,11.9304,11.6934,12.654,15.4646,31.6622,40.9663,56.4188,51.9368,43.9309,35.5171,21.1939,17.9453,30.0534,30.5867,22.1206,19.688,37.4961,49.74,49.74,36.9272,73.3435,75.1114
2006-12-01 00:00:00,2,55.1263,28.9956,18.8078,16.0019,14.9353,25.6658,23.0647,51.3061,38.3546,69.1553,88.5967,67.7766,50.9916,47.2664,51.9368,47.2664,27.696,20.2846,17.6617,15.4646,15.4646,15.4646,15.4646,45.4375,100.032,91.2258,81.2202,57.3943,48.4983,61.6819,50.6778
2006-11-01 00:00:00,2,5.4072,35.7977,77.2502,91.2258,64.0305,33.0229,19.9853,25.6658,17.6617,12.8993,19.0993,22.4334,19.0993,15.7323,11.9304,9.4384,9.6544,8.3908,8.3908,6.6423,6.6423,6.459,6.2781,6.459,6.2781,6.459,6.459,14.4141,12.1695,12.1695,
2006-10-01 00:00:00,2,2.8827,2.7559,2.6317,2.7559,2.7559,2.7559,2.7559,7.7881,10.7661,9.8725,12.1695,7.0154,6.2781,5.0749,4.7517,4.7517,4.438,25.0042,34.1243,21.5009,18.2309,13.6475,19.688,14.1565,10.0927,8.8034,7.3973,6.6423,5.5768,5.5768,5.5768
2006-09-01 00:00:00,2,2.8827,2.8827,2.7559,3.2778,3.0119,2.8827,2.8827,2.8827,2.8827,2.7559,2.7559,2.7559,2.6317,2.6317,2.7559,2.7559,2.8827,2.6317,3.6949,3.0119,4.1336,3.4144,6.0994,7.7881,7.5916,4.7517,2.8827,2.7559,2.8827,2.8827,
2006-08-01 00:00:00,2,4.2846,4.9121,4.5937,4.438,4.1336,4.1336,3.985,4.1336,4.2846,4.1336,4.1336,4.1336,3.985,3.4144,2.8827,2.8827,2.8827,2.7559,2.7559,2.7559,2.7559,2.7559,2.6317,2.7559,2.6317,2.6317,2.6317,2.6317,3.1436,3.0119,3.0119
2006-07-01 00:00:00,2,4.438,4.5937,4.438,4.438,4.5937,4.5937,4.5937,4.438,4.2846,4.438,4.2846,4.2846,4.1336,4.2846,4.2846,4.1336,4.1336,4.2846,4.2846,4.2846,4.2846,4.1336,4.1336,3.985,3.985,4.1336,4.1336,4.1336,4.1336,4.1336,4.2846
2006-06-01 00:00:00,2,4.9121,5.0749,4.9121,4.9121,4.9121,4.9121,4.7517,4.9121,4.7517,4.5937,4.438,4.5937,4.5937,4.5937,4.5937,4.5937,4.5937,4.5937,4.438,4.2846,4.438,4.438,4.438,4.5937,4.5937,4.438,5.2399,5.0749,4.7517,4.5937,
2006-05-01 00:00:00,2,6.8277,6.6423,7.2052,7.2052,7.0154,6.8277,7.0154,7.0154,7.2052,7.0154,6.6423,6.459,6.6423,5.9229,5.5768,5.4072,5.4072,5.0749,5.2399,4.9121,5.0749,5.2399,4.9121,5.2399,5.0749,4.9121,4.9121,4.9121,4.9121,4.9121,5.0749
2006-04-01 00:00:00,2,9.2246,8.3908,8.1877,7.5916,7.5916,7.3973,7.2052,7.3973,7.3973,7.2052,7.2052,7.2052,7.0154,7.3973,7.2052,7.0154,7.0154,7.0154,7.2052,7.2052,7.0154,6.8277,7.0154,6.8277,6.6423,7.0154,6.6423,6.8277,6.6423,6.6423,
2006-03-01 00:00:00,2,11.4584,11.2256,10.7661,10.7661,10.3151,9.8725,9.8725,9.6544,9.6544,9.0129,9.8725,9.6544,9.0129,9.2246,10.3151,17.9453,20.2846,16.5472,55.4485,19.0993,14.6737,16.5472,13.396,12.1695,11.2256,18.5184,23.3832,17.6617,13.6475,10.9948,10.7661
2006-02-01 00:00:00,2,80.8567,35.2371,20.5857,17.3801,14.6737,12.8993,11.2256,10.7661,10.7661,11.4584,17.9453,61.3486,50.3646,28.733,20.2846,25.3341,52.5699,33.2972,21.8098,16.8229,13.901,14.1565,13.1466,12.8993,12.654,12.654,11.6934,11.4584,,,
2006-01-01 00:00:00,2,16.8229,59.6909,20.5857,19.688,49.74,23.7036,19.0993,16.5472,14.9353,13.901,14.1565,14.4141,14.1565,13.901,14.1565,13.901,13.901,13.1466,11.9304,9.6544,8.596,8.3908,8.3908,8.3908,8.596,8.3908,8.1877,19.0993,16.8229,13.396,33.2972
2005-12-01 00:00:00,2,3.9526,3.7996,8.3526,6.6488,5.4138,4.2643,35.0395,20.0917,15.1017,11.8952,96.9403,56.7434,42.4405,43.3328,63.0206,69.1553,63.0206,51.6211,46.6543,51.9368,65.7249,50.052,32.2043,21.8098,18.5184,17.6617,24.0259,20.2846,18.2309,16.8229,16.8229
2005-11-01 00:00:00,2,8.5496,7.7707,8.1571,11.0256,13.0118,11.8952,9.9692,8.748,13.239,9.7621,8.1571,7.2027,6.1094,5.933,12.7859,11.6758,10.1777,7.9632,6.1094,11.6758,16.3056,11.8952,9.7621,7.7707,14.1604,29.5655,12.1159,6.1094,4.746,3.9526,
2005-10-01 00:00:00,2,5.0764,4.9103,4.2643,4.1075,4.1075,3.9526,11.4577,7.7707,4.746,4.1075,4.1075,4.1075,3.7996,3.6486,3.4996,2.9242,2.7857,2.6494,2.5153,2.3835,2.254,2.254,2.254,2.254,2.254,2.254,5.5852,4.746,5.933,5.933,7.5798
2005-09-01 00:00:00,2,3.4996,3.6486,3.6486,3.6486,3.6486,3.4996,4.2643,5.2442,4.746,4.2643,3.9526,3.7996,3.4996,3.3526,3.0649,2.9242,2.9242,5.4138,5.0764,4.5836,3.6486,3.0649,2.9242,2.9242,2.9242,19.3142,10.1777,8.748,5.5852,5.2442,
2005-08-01 00:00:00,2,4.9103,4.746,4.746,4.5836,4.5836,4.5836,4.423,4.423,4.2643,4.2643,4.2643,4.2643,4.2643,4.1075,4.2643,4.2643,4.2643,4.1075,4.1075,4.1075,3.9526,3.9526,3.9526,3.9526,3.9526,3.9526,3.7996,3.7996,3.6486,3.6486,3.6486
2005-07-01 00:00:00,2,5.2442,5.2442,5.2442,5.0764,5.0764,5.0764,4.9103,5.0764,5.0764,5.0764,5.0764,5.0764,5.0764,5.0764,5.0764,5.0764,5.2442,5.2442,5.5852,5.5852,5.2442,5.0764,4.9103,4.9103,4.9103,4.9103,4.9103,5.2442,5.933,5.5852,5.0764
2005-06-01 00:00:00,2,8.9479,7.2027,6.1094,7.0164,5.933,5.933,5.7582,5.7582,5.4138,5.4138,5.5852,5.7582,5.933,5.933,5.933,5.7582,5.5852,5.5852,5.4138,5.5852,5.933,5.7582,5.5852,5.4138,5.2442,5.2442,5.2442,5.4138,5.2442,5.0764,
2005-05-01 00:00:00,2,12.3379,9.3521,7.9632,7.3905,7.0164,6.8318,6.8318,6.6488,6.6488,6.6488,6.4673,6.2876,6.2876,6.1094,6.1094,6.1094,6.1094,5.933,5.933,7.9632,7.9632,8.1571,16.7955,29.2703,28.3906,30.1587,24.6808,18.8014,12.1159,11.8952,11.0256
2005-04-01 00:00:00,2,9.9692,9.9692,9.1493,9.1493,8.748,8.3526,8.5496,8.3526,7.9632,7.7707,7.7707,7.5798,7.3905,7.2027,7.0164,7.0164,7.0164,7.0164,7.0164,6.8318,6.8318,6.8318,7.0164,7.2027,7.5798,8.748,9.9692,9.5564,11.241,14.1604,
2005-03-01 00:00:00,2,53.5178,42.4582,49.9731,118.741,79.1952,76.3631,21.9442,19.3142,18.8014,14.3939,14.3939,13.9282,13.6972,13.0118,13.0118,13.0118,13.239,14.8646,14.3939,13.6972,13.239,12.5613,12.1159,11.6758,11.6758,12.1159,12.5613,12.1159,12.1159,11.8952,10.5989
2005-02-01 00:00:00,2,11.6758,11.241,10.8116,12.1159,14.3939,19.8314,23.2995,13.4675,12.5613,11.6758,11.4577,12.7859,13.9282,12.7859,12.5613,12.1159,12.1159,11.6758,12.1159,11.6758,22.2132,16.55,11.6758,11.4577,14.6286,23.2995,30.4568,64.6123,,,
2005-01-01 00:00:00,2,12.1159,11.0256,9.9692,11.6758,13.6972,14.1604,27.809,33.7972,18.5466,15.8205,19.8314,22.7542,18.0406,13.0118,12.1159,22.2132,28.6829,27.5196,41.7949,29.2703,24.1252,19.3142,16.3056,16.55,15.3401,14.6286,14.8646,13.6972,12.7859,13.9282,12.1159
2004-12-01 00:00:00,2,7.5798,5.4138,4.5836,4.9103,6.4673,12.1159,15.8205,12.1159,11.8952,10.5989,11.0256,11.241,9.9692,7.7707,6.2876,5.4138,4.9103,7.2027,11.4577,15.3401,25.8043,35.6661,40.8064,47.8844,47.1946,37.5674,24.6808,13.4675,16.3056,18.0406,13.6972
2004-11-01 00:00:00,2,2.9242,2.9242,2.9242,2.7857,2.7857,2.7857,4.423,5.5852,4.2643,3.4996,3.2077,2.9242,2.9242,2.7857,2.6494,2.6494,3.0649,4.1075,5.933,6.8318,5.4138,3.9526,3.4996,3.0649,2.9242,2.7857,3.2077,4.2643,6.8318,9.1493,
2004-10-01 00:00:00,2,2.1269,2.1269,2.6494,4.746,4.1075,4.1075,4.1075,4.1075,4.1075,4.1075,4.1075,4.1075,4.1075,4.1075,4.2643,3.4996,3.2077,2.9242,2.9242,3.0649,2.9242,2.9242,2.9242,2.7857,2.9242,5.0764,4.423,4.1075,3.6486,3.4996,3.4996
2004-09-01 00:00:00,2,2.9242,2.9242,2.9242,2.9242,2.6494,2.6494,2.6494,2.6494,2.6494,2.6494,2.6494,2.6494,2.6494,2.6494,2.6494,2.6494,2.6494,2.6494,2.6494,2.6494,2.6494,2.6494,2.3835,2.3835,2.1269,2.1269,2.1269,2.1269,2.1269,2.1269,
2004-08-01 00:00:00,2,4.1075,4.1075,3.9526,4.1075,3.9526,3.7996,3.7996,3.7996,3.7996,3.6486,3.6486,3.4996,3.4996,3.4996,3.4996,3.3526,3.3526,3.3526,3.3526,3.3526,3.2077,3.2077,3.2077,3.2077,3.2077,3.2077,3.2077,3.2077,3.2077,3.2077,3.2077
2004-07-01 00:00:00,2,5.0764,5.0764,5.0764,5.0764,5.0764,4.9103,4.746,4.746,4.9103,6.8318,8.9479,7.2027,5.933,5.5852,5.2442,5.0764,4.9103,4.746,5.0764,5.933,6.1094,5.5852,5.0764,4.9103,4.746,4.5836,4.423,4.423,4.2643,4.1075,4.2643
2004-06-01 00:00:00,2,9.3521,10.5989,9.3521,8.748,7.9632,7.0164,6.4673,6.2876,6.1094,6.1094,5.933,5.7582,5.7582,5.7582,6.1094,7.3905,7.9632,6.6488,5.933,5.5852,5.5852,5.4138,5.4138,5.2442,5.2442,5.2442,5.2442,5.2442,5.2442,5.2442,
2004-05-01 00:00:00,2,6.8318,6.6488,6.4673,6.1094,6.1094,6.1094,6.1094,6.1094,6.2876,6.2876,6.2876,6.2876,6.4673,6.4673,6.4673,7.2027,6.6488,6.1094,6.4673,6.4673,6.1094,6.1094,6.1094,6.1094,6.1094,6.1094,6.1094,6.2876,7.5798,8.3526,7.9632
2004-04-01 00:00:00,2,11.241,11.241,11.0256,11.241,14.1604,15.5797,15.3401,14.8646,14.8646,14.3939,13.9282,13.9282,19.0572,12.7859,12.1159,11.6758,10.8116,9.9692,9.1493,8.748,8.1571,7.9632,7.5798,7.5798,7.3905,7.3905,7.2027,7.2027,7.2027,7.2027,
2004-03-01 00:00:00,2,23.2995,20.6156,35.0395,48.2305,23.5737,12.3379,14.1604,15.1017,13.239,12.5613,12.1159,12.1159,11.6758,11.6758,12.5613,12.5613,12.1159,11.6758,11.6758,11.6758,11.241,11.241,11.241,10.8116,10.8116,10.8116,10.8116,10.8116,10.8116,11.0256,11.6758
2004-02-01 00:00:00,2,6.4673,6.4673,6.8318,6.8318,6.4673,6.4673,6.1094,7.2027,13.0118,10.8116,16.7955,14.8646,14.3939,13.9282,13.9282,13.0118,17.5391,14.3939,13.4675,12.5613,20.6156,16.7955,16.3056,58.2422,27.2312,42.7911,160.466,87.0488,37.8874,,
2004-01-01 00:00:00,2,7.7707,9.1493,10.1777,7.9632,7.5798,6.1094,7.5798,13.239,123.221,101.905,54.5965,35.6661,80.4192,43.1248,24.6808,39.8256,19.0572,12.1159,11.6758,11.241,10.3876,9.5564,9.9692,9.5564,8.748,7.9632,7.5798,7.5798,6.8318,6.4673,6.1094
2003-12-01 00:00:00,2,9.5564,17.7893,11.8952,17.2901,20.3531,36.2963,54.9576,25.8043,15.5797,12.5613,9.9692,7.9632,21.6764,12.3379,9.9692,7.7707,6.1094,6.1094,4.423,4.423,4.423,14.3939,7.9632,11.6758,9.7621,9.9692,10.1777,9.3521,8.748,7.9632,9.3521
2003-11-01 00:00:00,2,1.88,2.3835,4.5836,3.0649,2.7857,2.7857,3.9526,14.1604,5.7582,4.423,2.9242,2.1269,1.7603,2.1269,1.6432,1.6432,1.6432,1.6432,1.7603,15.8205,15.1017,3.4996,3.2077,2.7857,2.7857,2.7857,3.2077,11.0256,9.7621,9.5564,
2003-10-01 00:00:00,2,2.1269,2.1269,2.1269,2.0022,1.88,1.7603,1.7603,1.88,2.1269,2.7857,3.3526,3.2077,2.7857,2.6494,2.3835,2.254,2.1269,2.0022,2.254,2.1269,1.88,1.88,1.88,2.9242,2.6494,2.1269,2.1269,1.88,1.88,1.88,1.88
2003-09-01 00:00:00,2,2.7857,2.6494,2.5153,2.5153,2.3835,2.3835,2.254,2.254,2.254,2.254,2.254,2.254,2.254,2.254,2.3835,2.3835,2.5153,2.5153,2.5153,2.3835,2.254,2.1269,2.0022,2.0022,2.1269,2.1269,2.1269,2.254,2.1269,2.1269,
2003-08-01 00:00:00,2,2.6494,2.6494,2.6494,2.5153,2.5153,2.5153,2.3835,2.3835,2.3835,2.254,2.254,2.254,2.254,2.3835,2.7857,3.6486,3.4996,2.9242,2.6494,2.6494,2.5153,2.5153,2.3835,2.3835,2.254,2.254,2.3835,2.6494,2.7857,2.9242,2.7857
2003-07-01 00:00:00,2,2.6494,2.6494,2.6494,2.6494,2.7857,2.9242,2.7857,2.5153,2.6494,2.6494,2.5153,2.6494,3.0649,3.4996,3.3526,3.2077,3.0649,2.9242,2.9242,2.7857,2.7857,3.0649,2.7857,2.5153,2.6494,2.6494,2.6494,2.6494,2.6494,2.6494,2.7857
2003-06-01 00:00:00,2,3.4996,3.4996,3.4996,3.4996,3.3526,3.3526,3.2077,3.3526,3.4996,3.3526,3.3526,3.2077,3.0649,3.0649,3.2077,3.2077,3.2077,3.0649,3.0649,2.9242,2.7857,3.0649,3.0649,3.0649,2.9242,2.9242,2.7857,2.6494,2.7857,2.7857,
2003-05-01 00:00:00,2,3.7996,3.7996,4.1075,4.2643,4.5836,5.0764,5.2442,4.746,4.2643,4.1075,4.1075,4.1075,4.1075,4.1075,4.1075,4.2643,4.1075,3.9526,3.9526,3.9526,3.9526,3.9526,3.7996,3.4996,3.6486,3.7996,3.6486,3.6486,3.9526,3.7996,3.4996
2003-04-01 00:00:00,2,6.1094,5.933,7.5798,9.3521,9.3521,9.5564,9.9692,7.2027,6.8318,6.6488,7.0164,6.2876,6.1094,5.7582,5.5852,5.5852,5.4138,5.4138,5.2442,5.0764,5.0764,4.9103,4.746,4.5836,4.5836,4.423,4.2643,4.2643,4.1075,3.7996,
2003-03-01 00:00:00,2,5.7582,5.7582,5.933,5.7582,5.2442,3.9526,3.6486,3.3526,5.933,6.1094,6.2876,5.7582,7.2027,7.0164,9.9692,8.9479,14.1604,9.9692,10.8116,11.241,9.3521,13.9282,15.5797,11.8952,9.3521,7.3905,7.0164,7.2027,6.6488,6.1094,5.7582
2003-02-01 00:00:00,2,15.3401,13.0118,10.1777,8.748,8.3526,7.5798,7.3905,6.6488,7.5798,5.4138,5.2442,5.7582,5.5852,5.2442,5.5852,12.1159,8.1571,8.1571,8.9479,7.2027,6.2876,5.933,5.7582,5.4138,4.423,4.1075,3.9526,3.7996,,,
2003-01-01 00:00:00,2,12.3379,10.3876,92.1315,53.8766,24.9602,19.3142,69.2361,37.2483,23.0263,17.2901,22.2132,14.1604,14.8646,16.3056,24.4025,21.9442,23.5737,26.9439,29.2703,32.5695,23.5737,21.4095,16.55,13.9282,18.5466,20.6156,15.3401,12.7859,11.6758,26.9439,26.6575
2002-12-01 00:00:00,2,10.1777,9.5564,8.748,10.5989,7.2027,9.1493,19.0572,14.8646,16.0625,31.0557,30.7558,67.6833,74.7598,33.7972,23.2995,20.3531,25.5219,20.0917,14.6286,11.8952,12.5613,12.3379,11.4577,14.8646,11.6758,13.9282,10.1777,9.3521,8.748,15.3401,11.8952
2002-11-01 00:00:00,2,3.6486,2.9242,2.7857,4.1075,6.6488,11.0256,9.5564,6.2876,4.9103,4.1075,4.1075,4.5836,4.746,4.2643,3.7996,4.1075,7.7707,11.8952,11.6758,12.1159,13.239,11.4577,11.6758,19.8314,23.2995,13.239,9.1493,8.5496,7.2027,5.933,
2002-10-01 00:00:00,2,3.3526,3.7996,3.3526,3.3526,3.2077,2.9242,3.0649,2.9242,2.7857,2.6494,2.7857,2.7857,2.6494,2.5153,2.5153,2.3835,2.254,2.254,2.1269,2.0022,2.0022,1.88,9.9692,9.7621,7.3905,7.3905,12.1159,9.3521,7.3905,5.933,4.5836
2002-09-01 00:00:00,2,3.6486,4.746,4.9103,4.1075,3.4996,3.3526,3.6486,3.7996,3.6486,3.4996,3.3526,3.2077,3.2077,3.0649,2.9242,2.7857,2.7857,2.7857,2.7857,2.7857,2.9242,6.8318,10.1777,12.5613,14.3939,9.3521,6.2876,4.1075,3.6486,3.4996,
2002-08-01 00:00:00,2,3.3526,3.3526,3.6486,3.9526,4.1075,3.7996,3.4996,3.3526,3.2077,3.2077,3.2077,3.2077,3.2077,3.0649,2.9242,2.9242,2.9242,2.9242,2.9242,2.7857,2.9242,2.9242,2.9242,2.9242,2.9242,2.9242,2.9242,2.7857,2.7857,2.7857,2.7857
2002-07-01 00:00:00,2,4.1075,4.1075,4.1075,3.9526,3.9526,3.9526,3.9526,3.9526,3.9526,4.2643,4.423,4.423,4.423,4.5836,4.423,4.2643,4.1075,4.1075,3.9526,3.7996,3.7996,3.7996,3.7996,3.7996,3.7996,3.6486,3.6486,3.4996,3.3526,3.3526,3.3526
2002-06-01 00:00:00,2,4.746,4.746,4.746,4.746,4.746,4.746,4.5836,4.5836,4.5836,4.5836,4.5836,4.5836,4.5836,4.746,4.5836,4.423,4.423,4.423,4.2643,4.2643,4.2643,4.2643,4.1075,4.1075,4.1075,4.2643,4.2643,4.2643,4.1075,4.1075,
2002-05-01 00:00:00,2,5.2442,5.2442,5.2442,5.2442,5.4138,7.3905,9.1493,7.7707,6.8318,6.4673,6.4673,6.1094,5.7582,5.5852,5.5852,5.4138,5.2442,5.2442,5.2442,5.2442,5.2442,5.5852,5.5852,5.7582,5.5852,5.2442,5.0764,4.9103,4.9103,4.746,4.746
2002-04-01 00:00:00,2,7.9632,7.7707,7.5798,7.2027,7.0164,7.0164,7.5798,9.3521,9.3521,7.9632,8.1571,7.5798,7.0164,7.0164,6.8318,6.4673,6.2876,6.1094,5.933,5.933,5.7582,5.7582,5.5852,5.5852,5.4138,5.2442,5.2442,5.2442,5.2442,5.2442,
2002-03-01 00:00:00,2,14.8646,13.9282,13.239,12.5613,12.1159,11.8952,11.241,10.8116,10.3876,10.1777,9.9692,9.5564,9.1493,9.9692,12.5613,13.6972,12.1159,11.4577,12.1159,11.0256,14.3939,16.7955,12.7859,10.1777,10.1777,10.3876,10.8116,10.3876,9.3521,8.9479,8.5496
2002-02-01 00:00:00,2,22.2132,30.1587,27.2312,20.3531,18.5466,19.3142,16.3056,19.8314,28.3906,32.2648,28.0993,19.5722,15.3401,13.4675,15.8205,24.6808,39.176,44.1311,35.0395,29.8616,31.3566,39.176,35.3524,29.2703,25.5219,20.0917,17.7893,16.3056,,,
2002-01-01 00:00:00,2,23.8489,22.2132,19.8314,17.2901,16.55,16.0625,13.239,11.0256,10.3876,9.3521,8.5496,8.748,10.3876,15.5797,22.4832,24.1252,21.6764,22.7542,24.1252,20.8792,16.3056,14.1604,12.5613,12.3379,19.0572,28.3906,29.2703,24.4025,19.0572,23.0263,23.0263
2001-12-01 00:00:00,2,45.1448,38.5299,28.0993,11.6758,10.1777,9.3521,6.2876,6.1094,5.933,5.933,5.933,5.7582,5.933,5.933,5.933,11.8952,25.2405,42.4582,45.8248,20.3531,11.6758,11.6758,9.7621,12.7859,11.8952,12.1159,10.5989,19.3142,26.0877,28.6829,26.6575
2001-11-01 00:00:00,2,13.9282,11.4577,14.1604,10.3876,18.8014,11.4577,9.1493,7.9632,38.5299,18.5466,11.0256,7.7707,13.0118,17.7893,11.8952,9.5564,10.1777,7.9632,7.7707,7.2027,6.1094,6.1094,5.933,7.9632,6.1094,5.933,5.7582,5.933,10.5989,18.0406,
2001-10-01 00:00:00,2,3.0649,2.9242,11.8952,9.7621,7.7707,6.2876,5.5852,4.2643,12.7859,11.4577,7.9632,4.2643,3.4996,3.0649,2.9242,3.0649,2.9242,2.7857,2.7857,18.8014,17.7893,12.1159,9.9692,7.2027,5.0764,3.2077,2.9242,2.6494,2.3835,2.3835,7.7707
2001-09-01 00:00:00,2,2.0022,2.1269,1.88,2.0022,1.88,1.88,2.0022,2.0022,1.88,1.88,1.7603,1.7603,1.6432,1.7603,10.1777,11.4577,9.5564,8.1571,6.2876,4.423,3.2077,2.9242,2.5153,7.7707,9.7621,8.1571,6.8318,5.933,4.423,3.2077,
2001-08-01 00:00:00,2,2.254,2.1269,2.1269,2.1269,2.1269,2.1269,2.1269,2.0022,2.0022,2.1269,2.0022,2.0022,2.0022,2.1269,2.0022,2.0022,2.0022,2.0022,2.0022,2.0022,2.0022,2.0022,2.0022,3.3526,4.2643,3.3526,2.3835,2.1269,2.1269,2.0022,2.0022
2001-07-01 00:00:00,2,2.254,2.1269,2.254,2.3835,2.254,2.1269,2.254,2.1269,2.254,2.254,2.1269,2.1269,2.0022,2.1269,2.1269,2.0022,2.0022,2.0022,2.0022,1.88,1.88,2.0022,3.2077,2.5153,2.254,2.1269,2.254,2.1269,2.1269,2.1269,2.1269
2001-06-01 00:00:00,2,2.9242,2.6494,2.7857,2.7857,2.7857,2.7857,2.7857,2.7857,2.6494,2.6494,2.5153,2.5153,2.6494,2.5153,2.5153,2.3835,2.3835,2.3835,2.254,2.3835,2.254,2.3835,2.3835,2.3835,2.254,2.254,2.254,2.254,2.254,2.1269,
2001-05-01 00:00:00,2,2.9242,2.9242,2.9242,2.6494,2.6494,2.6494,2.7857,2.7857,2.7857,2.6494,2.6494,2.5153,2.5153,7.9632,6.6488,5.4138,8.748,6.8318,4.9103,3.4996,3.0649,3.0649,2.9242,2.9242,3.0649,2.7857,3.0649,2.6494,2.6494,2.6494,2.7857
2001-04-01 00:00:00,2,9.5564,7.5798,6.2876,4.5836,4.423,4.423,4.2643,4.2643,4.2643,3.9526,4.1075,3.9526,3.7996,3.9526,4.1075,3.9526,3.9526,3.7996,3.6486,3.6486,3.6486,3.4996,3.4996,3.3526,3.0649,3.0649,3.0649,3.2077,3.0649,2.9242,
2001-03-01 00:00:00,2,4.2643,3.9526,3.9526,4.2643,17.2901,6.8318,5.933,4.9103,7.3905,10.3876,21.6764,51.7356,36.9301,33.1815,14.8646,9.5564,11.241,8.3526,11.8952,9.3521,7.5798,6.2876,5.4138,4.746,4.2643,4.1075,4.2643,4.5836,9.5564,15.5797,12.7859
2001-02-01 00:00:00,2,5.7582,5.5852,5.5852,7.3905,5.933,7.0164,7.5798,8.5496,7.5798,6.8318,5.933,5.5852,5.0764,4.5836,4.423,4.423,3.9526,3.9526,4.1075,4.1075,3.9526,3.7996,3.9526,7.5798,5.933,4.423,4.1075,4.1075,,,
2001-01-01 00:00:00,2,51.1621,57.7115,79.3377,120.967,81.8372,47.5391,35.9808,32.875,18.8014,23.2995,11.6758,8.9479,12.7859,9.5564,7.7707,7.2027,7.2027,7.0164,7.2027,7.0164,7.0164,9.7621,17.7893,11.4577,8.9479,6.6488,6.2876,6.4673,6.1094,6.1094,5.7582
2000-12-01 00:00:00,2,41.1974,40.5379,58.4558,72.8043,62.2264,43.8718,35.3958,29.0209,20.7023,14.0861,23.0959,18.1505,11.015,9.1821,7.6518,7.1032,6.5687,35.3958,34.4586,20.7023,12.5181,10.1862,8.4049,7.4674,7.1032,6.7453,8.7905,12.5181,12.0819,20.1827,41.1974
2000-11-01 00:00:00,2,7.8378,6.5687,5.5439,7.2845,13.1823,22.0209,31.398,36.6588,34.7701,30.499,27.8567,14.7774,9.38,9.9825,34.1482,20.9638,18.1505,17.9017,11.015,12.5181,10.3913,8.9856,7.2845,5.7105,4.4263,4.2738,13.1823,11.2256,16.1938,28.7283,
2000-10-01 00:00:00,2,9.7802,14.5457,12.5181,9.7802,8.2144,6.9234,5.5439,4.5806,4.2738,4.2738,4.2738,3.9744,4.1231,3.9744,3.9744,3.9744,4.1231,4.2738,4.1231,4.2738,3.9744,7.2845,11.2256,9.5794,7.6518,8.0253,6.3938,5.5439,10.3913,12.5181,9.9825
2000-09-01 00:00:00,2,5.8788,5.379,8.597,11.2256,9.7802,8.0253,9.7802,8.2144,5.8788,4.7367,4.2738,4.2738,4.1231,3.8275,3.9744,3.9744,3.8275,3.9744,3.8275,3.6825,3.9744,3.6825,3.5395,3.5395,3.3984,5.379,10.1862,9.1821,7.4674,6.2205,
2000-08-01 00:00:00,2,2.7235,2.8543,2.8543,2.8543,2.7235,2.5948,2.5948,2.5948,2.7235,2.7235,2.7235,2.8543,2.7235,2.7235,2.8543,2.7235,2.8543,2.8543,2.7235,2.7235,2.7235,2.5948,2.5948,2.7235,2.7235,2.7235,2.5948,2.5948,5.379,4.5806,4.7367
2000-07-01 00:00:00,2,3.1223,3.2594,3.2594,3.3984,3.1223,3.1223,2.8543,2.8543,2.8543,2.9873,2.8543,2.8543,2.8543,2.7235,2.7235,2.7235,2.8543,3.1223,2.7235,2.7235,2.8543,2.7235,2.8543,2.5948,2.7235,2.7235,2.7235,2.5948,2.7235,2.7235,2.7235
2000-06-01 00:00:00,2,3.9744,3.8275,4.1231,4.1231,3.8275,3.9744,3.8275,3.8275,3.9744,3.8275,3.6825,3.8275,3.8275,3.6825,3.5395,3.6825,3.6825,3.6825,3.6825,3.5395,3.6825,3.5395,3.5395,3.6825,3.5395,3.5395,3.5395,3.3984,3.3984,3.3984,
2000-05-01 00:00:00,2,4.8946,4.8946,4.8946,4.8946,4.5806,4.2738,4.4263,4.1231,4.1231,4.2738,4.2738,4.1231,4.1231,3.9744,4.1231,4.1231,4.2738,3.9744,3.9744,4.1231,3.9744,4.1231,4.2738,3.9744,3.9744,3.8275,3.8275,3.6825,3.6825,4.1231,3.8275
2000-04-01 00:00:00,2,6.0488,5.7105,5.8788,5.8788,5.7105,5.7105,5.7105,5.7105,5.7105,5.5439,5.7105,11.015,9.5794,8.2144,7.1032,5.8788,7.8378,6.9234,6.2205,8.2144,7.1032,5.7105,5.8788,5.5439,5.5439,5.2158,4.7367,4.4263,4.4263,4.7367,
2000-03-01 00:00:00,2,7.4674,7.4674,7.2845,7.2845,7.4674,7.4674,7.4674,7.2845,6.9234,7.1032,12.5181,12.2993,11.015,10.5978,9.1821,7.8378,8.0253,7.6518,15.48,72.4025,51.1621,32.3059,15.9546,11.015,8.4049,7.6518,7.2845,6.3938,5.8788,5.5439,5.5439
2000-02-01 00:00:00,2,27.5682,20.442,14.7774,11.4377,10.8057,9.7802,14.3153,49.3915,59.5785,70.4045,45.2305,36.9769,32.0022,24.4641,14.7774,11.015,9.5794,11.2256,9.38,9.5794,9.38,8.597,7.8378,7.4674,11.2256,9.5794,9.38,8.597,7.4674,,
2000-01-01 00:00:00,2,5.5439,26.4247,54.0394,38.9053,14.3153,9.5794,7.4674,6.7453,5.5439,5.0543,4.5806,4.4263,4.1231,3.9744,3.9744,12.0819,32.9161,61.8457,66.4669,46.9489,36.9769,34.7701,32.3059,29.6091,29.3145,37.2959,88.6316,118.741,78.9238,55.865,42.5274
1999-12-01 00:00:00,2,6.5687,6.0488,5.379,8.2144,11.4377,11.4377,13.4063,14.0861,13.1823,12.2993,13.1823,15.7167,14.7774,12.5181,11.8658,10.8057,9.7802,8.9856,8.0253,6.9234,5.8788,5.7105,5.5439,43.1978,47.6424,25.019,10.8057,8.9856,7.6518,6.2205,5.5439
1999-11-01 00:00:00,2,6.7453,6.5687,6.7453,6.3938,6.2205,7.6518,12.0819,14.7774,12.5181,12.9596,10.8057,8.0253,9.5794,7.8378,6.2205,4.7367,3.8275,3.5395,3.3984,8.7905,9.7802,22.288,13.8582,9.7802,7.1032,6.0488,8.9856,11.2256,8.7905,7.1032,
1999-10-01 00:00:00,2,2.7235,2.5948,2.7235,2.7235,2.7235,2.5948,2.5948,2.7235,2.4682,2.4682,2.3438,2.4682,2.4682,2.2217,2.1018,2.1018,2.2217,2.1018,2.1018,7.6518,8.597,9.7802,11.015,8.9856,8.2144,7.8378,9.5794,8.0253,7.4674,6.9234,6.7453
1999-09-01 00:00:00,2,2.1018,2.1018,2.1018,2.1018,1.9843,1.8691,1.9843,1.8691,1.9843,1.8691,1.7563,1.8691,1.7563,6.9234,5.7105,5.7105,4.5806,3.5395,2.7235,2.7235,2.4682,4.4263,7.8378,6.2205,4.8946,3.8275,2.7235,2.4682,2.5948,2.5948,
1999-08-01 00:00:00,2,2.4682,2.4682,2.4682,2.7235,2.5948,2.5948,2.5948,2.7235,2.7235,2.4682,2.5948,2.5948,2.4682,2.5948,2.7235,2.5948,2.7235,2.4682,2.3438,2.3438,2.5948,2.5948,2.7235,2.5948,2.4682,2.2217,2.1018,2.2217,2.2217,2.1018,2.2217
1999-07-01 00:00:00,2,3.2594,3.2594,3.3984,3.3984,3.2594,3.1223,3.1223,3.1223,2.9873,2.9873,2.9873,3.2594,3.2594,3.1223,3.1223,2.9873,2.8543,2.7235,2.9873,2.8543,2.9873,2.9873,2.9873,3.1223,2.9873,2.7235,2.5948,2.5948,2.4682,2.3438,2.4682
1999-06-01 00:00:00,2,3.6825,3.5395,3.5395,3.5395,3.5395,3.3984,3.2594,3.3984,3.3984,3.3984,3.3984,3.3984,3.3984,3.3984,3.3984,3.2594,3.2594,3.3984,3.3984,3.3984,3.3984,3.1223,3.2594,3.2594,3.3984,3.3984,3.2594,3.3984,3.5395,3.3984,
1999-05-01 00:00:00,2,3.9744,3.8275,3.9744,4.1231,3.8275,4.1231,4.4263,4.1231,3.9744,3.8275,3.9744,3.8275,3.9744,3.9744,3.8275,3.6825,3.6825,3.8275,3.6825,3.8275,3.6825,3.6825,3.3984,3.2594,3.2594,3.3984,3.2594,3.3984,3.3984,3.3984,3.5395
1999-04-01 00:00:00,2,5.5439,4.4263,4.1231,4.1231,3.9744,4.1231,3.9744,4.1231,4.1231,4.1231,3.6825,3.9744,4.1231,4.1231,4.1231,3.9744,3.9744,4.1231,4.1231,3.8275,3.8275,3.6825,3.8275,3.9744,3.6825,4.1231,3.8275,3.8275,4.1231,4.1231,
1999-03-01 00:00:00,2,14.3974,14.1579,16.3459,13.445,13.2093,12.2762,18.6038,15.3645,13.2093,14.3974,18.0962,22.2441,24.3895,17.1625,14.3153,11.4377,10.1862,8.597,7.6518,7.4674,7.2845,7.2845,7.2845,12.0819,11.4377,10.3913,7.6518,7.2845,6.7453,6.0488,5.379
1999-02-01 00:00:00,2,4.5212,4.3384,4.5212,4.7057,6.0428,4.5212,4.3384,4.7057,4.3384,4.3384,4.3384,5.0798,4.5212,4.5212,4.7057,4.3384,4.1574,4.5212,4.3384,4.1574,3.9781,3.9781,4.3384,3.9781,10.459,15.6085,12.7408,16.3459,,,
1999-01-01 00:00:00,2,24.9328,26.3032,26.5793,29.9431,25.4789,19.8866,19.1145,17.592,13.445,10.2366,10.2366,9.5763,8.712,8.9263,10.9069,12.2762,10.459,8.2871,7.659,7.2468,6.4385,5.4604,5.4604,5.4604,5.8472,5.653,7.2468,11.5869,12.508,9.7953,9.1418
1998-12-01 00:00:00,2,6.8399,6.0428,5.2693,4.892,5.0798,8.9263,14.3974,14.3974,11.3592,9.7953,8.9263,7.4523,7.0427,8.9263,14.8791,17.091,14.6378,14.1579,24.1188,28.2497,14.6378,12.0454,10.459,9.1418,8.712,8.9263,12.7408,16.0992,13.6817,15.6085,20.4052
1998-11-01 00:00:00,2,9.3585,9.7953,10.2366,10.0154,9.3585,8.712,7.8671,7.2468,7.0427,7.659,8.712,8.9263,8.0765,7.2468,6.6385,6.0428,5.8472,5.653,5.653,5.4604,5.2693,6.2399,7.659,7.2468,5.653,5.2693,6.0428,7.659,8.712,7.8671,
1998-10-01 00:00:00,2,3.9781,6.2399,5.0798,5.2693,4.5212,4.3384,4.5212,4.7057,5.2693,4.7057,4.5212,6.8399,6.4385,6.2399,6.0428,5.2693,6.6385,5.8472,4.7057,4.892,4.3384,4.7057,4.892,4.3384,3.9781,3.9781,4.5212,5.2693,6.6385,8.2871,9.1418
1998-09-01 00:00:00,2,2.9431,2.7779,2.7779,2.6148,2.6148,2.6148,2.6148,2.9431,2.7779,2.7779,2.6148,2.7779,2.6148,2.6148,2.6148,2.7779,2.4541,2.2958,2.14,2.2958,2.14,2.14,2.2958,2.14,2.14,2.14,2.14,2.14,4.5212,3.9781,
1998-08-01 00:00:00,2,2.9779,2.9779,2.7608,2.7608,2.7608,4.13,4.892,5.4604,5.653,4.892,4.7057,4.1574,3.4516,2.9431,2.9431,2.9431,2.7779,3.1105,2.9431,2.7779,2.7779,2.7779,2.7779,2.9431,2.7779,3.1105,2.9431,2.7779,2.9431,3.1105,3.1105
1998-07-01 00:00:00,2,3.4258,3.6563,3.6563,3.6563,3.4258,3.1996,3.4258,3.4258,3.4258,3.4258,2.9779,2.9779,2.7608,2.9779,2.7608,2.9779,3.1996,2.9779,3.1996,3.1996,2.9779,2.9779,3.1996,2.9779,2.7608,2.9779,2.7608,3.1996,2.9779,2.9779,2.7608
1998-06-01 00:00:00,2,10.2687,9.6491,8.4438,7.2858,7.0041,6.1782,5.3828,5.1248,4.8704,4.6197,4.8704,4.6197,5.1248,4.13,3.6563,3.6563,3.8911,3.8911,3.4258,3.6563,3.4258,3.6563,3.1996,3.1996,2.9779,3.4258,3.1996,3.4258,2.9779,2.9779,
1998-05-01 00:00:00,2,5.1248,5.1248,4.8704,5.1248,5.3828,5.1248,4.8704,5.3828,5.3828,5.1248,5.1248,4.8704,5.1248,4.8704,5.1248,5.1248,4.8704,5.3828,4.8704,4.6197,5.1248,4.8704,5.1248,4.6197,5.1248,5.1248,5.1248,5.3828,4.6197,15.2446,12.521
1998-04-01 00:00:00,2,10.5826,8.1498,6.7255,6.7255,7.0041,6.4502,6.4502,7.2858,7.0041,6.4502,7.8587,7.5707,6.7255,6.1782,6.4502,6.7255,6.4502,5.9096,5.9096,5.6445,4.8704,4.6197,4.8704,4.3729,4.13,3.8911,3.8911,3.8911,3.6563,4.3729,
1998-03-01 00:00:00,2,11.2183,10.8991,9.9575,9.9575,10.2687,9.9575,8.4438,8.1498,7.8587,7.5707,7.5707,7.5707,11.8646,12.521,9.3435,7.8587,7.5707,7.8587,7.5707,9.6491,8.1498,7.8587,7.8587,7.5707,7.5707,7.8587,7.5707,7.8587,8.1498,7.5707,7.8587
1998-02-01 00:00:00,2,6.4502,6.7255,7.0041,6.7255,6.4502,6.4502,10.2687,7.2858,7.8587,11.2183,10.8991,12.521,11.2183,10.5826,17.7487,17.3844,49.74,30.9511,45.7408,43.6316,49.1179,53.8433,53.8433,57.0685,49.74,43.3328,23.8586,12.521,,,
1998-01-01 00:00:00,2,5.1248,4.6197,5.6445,6.4502,5.6445,5.3828,10.2687,7.8587,23.4619,42.1443,38.7073,84.1466,90.4721,93.1184,72.2892,43.9309,43.6316,17.7487,16.3045,13.8637,11.2183,10.5826,10.8991,9.9575,9.6491,19.9792,12.853,9.6491,7.5707,7.2858,6.4502
1997-12-01 00:00:00,2,16.3045,13.8637,11.2183,9.9575,8.1498,7.0041,5.3828,6.1782,7.8587,5.9096,5.1248,5.1248,20.7393,24.1859,17.7487,15.2446,16.3045,15.5956,13.1875,11.5402,10.2687,9.0407,7.5707,5.3828,5.1248,5.6445,5.3828,5.1248,4.8704,4.8704,4.8704
1997-11-01 00:00:00,2,4.8704,4.8704,15.5956,12.521,8.7408,6.7255,5.3828,5.1248,5.9096,5.1248,7.8587,5.9096,5.1248,4.8704,6.1782,5.1248,5.1248,5.1248,5.1248,5.6445,5.1248,5.1248,6.4502,5.1248,23.8586,17.0222,16.6622,21.1223,27.1528,19.9792,
1997-10-01 00:00:00,2,2.9912,2.7611,2.875,2.875,2.7611,2.875,2.7611,3.2304,2.7611,2.875,2.7611,2.5403,2.6496,2.5403,2.5403,9.315,10.3788,7.1771,6.2974,4.7104,3.2304,2.9912,2.7611,23.8464,28.1462,17.0222,12.1916,9.3435,7.5707,5.6445,5.3828
1997-09-01 00:00:00,2,2.9912,3.1096,3.2304,2.9912,2.9912,2.9912,5.635,4.7104,4.14,3.1096,2.875,2.6496,2.6496,2.6496,2.875,2.875,2.6496,2.6496,2.5403,2.3287,23.8464,13.6632,9.1091,6.6424,5.635,6.1283,4.8587,3.8686,3.8686,3.2304,
1997-08-01 00:00:00,2,3.7363,3.6064,3.6064,3.6064,3.6064,3.6064,3.4787,3.4787,3.4787,3.4787,3.4787,3.4787,3.3534,3.3534,3.3534,3.3534,3.3534,3.2304,3.2304,3.2304,3.2304,3.1096,3.1096,3.1096,3.1096,3.1096,3.1096,2.9912,2.9912,2.9912,2.9912
1997-07-01 00:00:00,2,4.4206,4.4206,4.4206,4.4206,4.4206,4.2791,4.2791,4.14,4.14,4.14,4.0031,4.0031,4.0031,4.0031,4.0031,4.0031,4.0031,4.0031,4.0031,4.0031,4.0031,4.0031,4.0031,3.8686,3.8686,3.8686,3.8686,3.8686,3.7363,3.7363,3.7363
1997-06-01 00:00:00,2,5.1623,4.8587,4.4206,4.14,5.3176,7.1771,7.1771,6.1283,5.4751,5.4751,5.7972,5.7972,5.635,5.635,5.635,5.635,5.4751,5.1623,5.0094,4.8587,4.8587,4.8587,4.7104,4.7104,4.7104,4.7104,4.5643,4.5643,4.5643,4.4206,
1997-05-01 00:00:00,2,6.4688,6.2974,5.9616,5.7972,5.7972,5.635,5.635,5.635,5.635,5.635,5.4751,5.4751,5.4751,5.3176,5.3176,5.1623,5.1623,5.1623,5.1623,5.1623,5.3176,5.4751,5.635,5.635,5.7972,5.7972,5.7972,5.7972,5.7972,5.7972,5.4751
1997-04-01 00:00:00,2,11.0446,14.6844,13.6632,10.1614,8.1144,7.5451,7.36,7.1771,6.8184,6.6424,6.6424,6.4688,6.4688,6.2974,6.2974,6.1283,6.1283,5.9616,5.9616,5.9616,6.1283,6.4688,6.8184,7.1771,6.6424,6.4688,8.1144,10.1614,8.7043,6.8184,
1997-03-01 00:00:00,2,13.915,21.2704,22.8631,17.6824,16.0126,19.7351,20.6494,16.0126,11.2712,9.315,9.1091,9.5231,9.5231,9.7336,11.0446,12.6788,12.4384,10.5984,9.1091,8.3087,7.7326,7.5451,7.36,7.1771,6.9966,6.8184,6.8184,6.8184,6.9966,7.5451,8.3087
1997-02-01 00:00:00,2,20.0376,16.2851,13.1664,11.5,10.1614,9.9463,9.9463,9.5231,9.1091,9.1091,9.1091,9.1091,8.9056,8.5054,7.9223,7.7326,7.9223,8.7043,9.315,8.7043,7.7326,7.5451,8.7043,11.7312,14.4256,13.915,12.4384,11.2712,,,
1997-01-01 00:00:00,2,77.2753,179.179,172.473,158.669,114.37,85.6361,70.0073,54.0394,38.9053,32.0022,28.1462,25.1896,24.1788,22.2191,20.0376,19.7351,20.6494,19.1371,16.8371,16.2851,15.7423,14.9454,14.9454,15.2088,15.2088,16.2851,18.2574,17.6824,14.6844,14.9454,19.1371
1996-12-01 00:00:00,2,9.1091,8.9056,8.7043,8.3087,7.5451,7.7326,7.5451,7.1771,6.8184,6.4688,6.8184,36.3416,37.9369,35.3958,35.3958,35.3958,32.6105,35.0825,32.6105,32.3059,37.9369,58.4558,76.4556,75.2317,70.4045,72.8043,77.2753,74.4195,70.4045,65.3009,58.8292
1996-11-01 00:00:00,2,7.1771,8.7043,10.8204,13.915,13.1664,9.315,6.4688,5.1623,4.4206,3.8686,3.4787,3.3534,3.6064,4.0031,5.0094,6.1283,6.2974,8.3087,13.1664,22.54,145.623,73.6104,41.5286,36.3416,34.4586,32.6105,22.54,17.6824,14.6844,10.1614,
1996-10-01 00:00:00,2,2.875,2.875,2.9912,2.9912,2.9912,2.875,2.7611,2.875,2.9912,2.9912,2.9912,2.875,2.7611,2.7611,2.6496,2.6496,2.5403,2.4334,2.4334,2.4334,2.3287,2.7611,3.3534,3.4787,3.1096,3.8686,6.6424,8.5054,7.36,5.635,5.7972
1996-09-01 00:00:00,2,3.637,3.637,2.875,3.6064,4.8587,6.1283,7.1771,6.6424,5.1623,4.14,3.7363,3.8686,3.8686,3.7363,3.6064,3.6064,3.6064,3.6064,3.4787,3.3534,3.2304,3.1096,2.9912,2.9912,2.9912,2.9912,2.9912,2.9912,2.9912,2.9912,
1996-08-01 00:00:00,2,2.8951,2.8951,2.8951,2.8951,2.7535,2.7535,2.7535,2.7535,2.7535,2.7535,2.8951,2.8951,3.0391,3.0391,3.1853,3.1853,3.1853,3.0391,3.0391,3.0391,2.8951,2.7535,2.6141,2.4771,2.4771,2.4771,2.4771,2.4771,2.3426,2.3426,2.3426
1996-07-01 00:00:00,2,3.9488,3.7919,3.637,3.4843,3.4843,3.3337,3.3337,3.3337,3.3337,3.3337,3.1853,3.0391,3.0391,3.0391,3.0391,3.0391,3.0391,2.8951,2.8951,2.8951,2.8951,2.8951,2.8951,2.8951,2.8951,2.8951,2.8951,2.8951,2.8951,2.8951,3.0391
1996-06-01 00:00:00,2,4.2688,4.2688,4.2688,4.1078,4.1078,4.1078,4.1078,4.1078,4.1078,4.1078,3.9488,3.9488,3.9488,3.9488,3.9488,3.9488,3.9488,3.9488,3.9488,3.9488,3.9488,3.9488,3.9488,3.9488,3.9488,3.9488,3.9488,3.9488,3.9488,3.9488,
1996-05-01 00:00:00,2,4.5967,4.5967,4.5967,4.5967,4.5967,4.5967,4.5967,4.5967,4.5967,4.5967,4.4318,4.4318,4.2688,4.2688,4.2688,4.4318,4.4318,4.2688,4.7636,5.6264,6.9099,8.8854,8.2759,7.1001,6.7214,5.6264,4.7636,4.7636,4.7636,4.5967,4.2688
1996-04-01 00:00:00,2,5.4502,4.9324,4.5967,4.5967,4.5967,4.5967,4.5967,4.5967,4.7636,5.1032,5.2757,5.4502,6.166,6.166,5.4502,7.4855,11.6825,12.5918,9.2994,7.1001,6.166,5.4502,5.2757,4.9324,4.9324,4.7636,4.5967,4.5967,4.5967,4.5967,
1996-03-01 00:00:00,2,6.9099,8.2759,10.1455,12.8225,15.4484,14.2352,11.4586,9.5087,8.4775,8.2759,8.4775,8.8854,8.8854,8.4775,8.4775,9.2994,10.7956,11.4586,10.3607,11.6825,14.9592,13.9964,11.0152,9.9317,9.2994,8.4775,7.8775,7.292,6.7214,5.9844,5.6264
1996-02-01 00:00:00,2,7.6807,8.2759,9.0916,10.1455,11.0152,11.6825,11.4586,11.0152,11.4586,15.4484,19.8057,17.7116,13.9964,12.1344,10.7956,9.7194,9.0916,8.0759,7.4855,7.6807,8.0759,8.0759,7.4855,7.292,7.8775,8.2759,8.0759,7.4855,6.9099,,
1996-01-01 00:00:00,2,27.7044,29.5056,24.4995,37.7218,18.7491,16.1916,15.2032,17.9692,28.3007,38.3805,27.4078,51.5719,39.7088,22.8061,17.2,14.7166,13.0546,12.1344,11.4586,10.5774,10.5774,28.0021,13.2881,12.5918,10.3607,9.5087,8.8854,8.6807,8.0759,7.6807,7.4855
1995-12-01 00:00:00,2,6.7214,6.166,6.5345,6.166,5.9844,22.2504,9.0916,6.9099,8.2759,8.6807,6.5345,9.7194,13.9964,50.4853,25.3609,16.1916,11.6825,10.7956,9.9317,10.5774,19.8057,14.7166,11.4586,32.9018,21.9742,57.4922,49.765,26.8178,21.1525,28.6004,19.5398
1995-11-01 00:00:00,2,7.4855,9.2994,12.5918,14.4752,10.5774,8.2759,6.9099,5.9844,5.4502,4.9324,4.5967,7.6807,8.4775,8.4775,7.8775,11.4586,9.5087,7.4855,7.4855,8.6807,6.5345,5.8045,5.2757,4.9324,18.2279,11.2362,9.0916,7.4855,7.1001,7.4855,
1995-10-01 00:00:00,2,5.9844,4.7636,3.7919,3.4843,3.4843,3.3337,3.1853,7.1001,4.9324,9.0916,6.9099,5.1032,5.6264,4.4318,4.1078,10.3607,8.2759,29.5056,12.1344,7.8775,12.1344,8.6807,7.4855,6.166,5.4502,4.9324,4.4318,4.1078,3.9488,3.9488,6.7214
1995-09-01 00:00:00,2,3.1853,3.0391,3.0391,3.0391,3.1853,3.0391,3.1853,2.8951,3.0391,2.8951,2.8951,3.0391,3.0391,3.0391,3.0391,3.0391,2.8951,3.0391,3.4843,3.7919,3.4843,3.4843,3.4843,3.637,3.4843,3.3337,3.3337,3.1853,3.3337,3.4843,
1995-08-01 00:00:00,2,3.4843,3.4843,3.4843,3.637,3.4843,3.4843,3.4843,3.4843,3.4843,3.4843,3.3337,3.3337,3.1853,3.1853,3.3337,3.3337,3.3337,3.1853,3.3337,3.1853,3.1853,3.3337,3.3337,3.1853,3.1853,3.0391,3.1853,3.0391,3.1853,3.0391,3.0391
1995-07-01 00:00:00,2,4.7636,4.7636,4.5967,4.5967,4.5967,4.5967,4.4318,4.4318,4.4318,4.2688,4.2688,4.4318,4.2688,4.2688,4.2688,4.2688,4.1078,4.1078,4.1078,4.1078,4.1078,3.9488,3.9488,3.9488,3.9488,3.7919,3.7919,3.7919,3.637,3.637,3.637
1995-06-01 00:00:00,2,5.2757,5.1032,5.1032,5.1032,5.1032,5.1032,5.1032,4.9324,4.9324,4.9324,4.9324,4.9324,4.9324,4.9324,4.9324,4.7636,4.7636,4.7636,4.7636,4.7636,4.9324,4.7636,4.7636,5.2757,5.1032,4.9324,4.9324,5.2757,5.1032,4.9324,
1995-05-01 00:00:00,2,6.166,6.166,5.9844,5.8045,5.8045,5.8045,5.8045,8.0759,6.7214,6.7214,7.292,7.6807,7.1001,6.9099,6.3494,6.166,5.9844,5.8045,6.7214,6.3494,6.166,5.9844,5.9844,5.9844,6.3494,5.9844,5.8045,5.8045,5.6264,5.4502,5.4502
1995-04-01 00:00:00,2,8.2759,9.0916,10.7956,9.5087,8.6807,8.0759,7.4855,7.292,7.1001,7.1001,6.9099,6.9099,6.9099,6.7214,7.4855,8.2759,7.1001,6.5345,6.166,5.9844,6.166,6.3494,11.2362,15.9426,10.7956,9.2994,8.0759,7.4855,6.9099,6.5345,
1995-03-01 00:00:00,2,7.8775,7.6807,7.292,7.1001,7.6807,7.292,8.0759,11.2362,11.2362,9.9317,8.8854,7.8775,7.292,6.9099,6.9099,41.0518,30.7267,19.2751,12.8225,10.3607,9.2994,8.6807,8.2759,9.7194,12.5918,12.3624,21.9742,12.8225,10.5774,9.5087,8.6807
1995-02-01 00:00:00,2,16.9461,15.4484,14.7166,15.2032,12.5918,9.9317,8.6807,19.2751,14.7166,23.0856,16.6933,14.2352,12.1344,11.6825,11.2362,12.3624,21.4253,17.7116,13.0546,13.5229,27.1123,16.4418,13.9964,11.0152,9.7194,9.0916,8.4775,8.0759,,,
1995-01-01 00:00:00,2,16.2799,31.9308,35.4426,66.7483,30.4199,16.9461,13.0546,11.0152,10.3607,9.2994,8.4775,8.0759,10.5774,7.8775,7.292,6.9099,6.7214,6.3494,6.166,5.8045,6.5345,10.5774,9.2994,10.3607,7.8775,10.5774,8.0759,29.5056,17.7116,12.1344,18.4879
1994-12-01 00:00:00,2,7.1587,9.8877,7.9533,6.3865,5.6377,4.9139,5.1523,6.1342,23.4122,18.5822,21.6542,14.3712,9.8877,6.1342,5.1523,41.088,16.2799,18.9175,28.8908,19.2543,13.1339,17.2569,50.6778,70.5427,50.9916,43.99,68.4648,65.0455,40.2684,28.8908,18.9175
1994-11-01 00:00:00,2,7.1587,6.3865,5.3936,5.1523,4.9139,4.2168,3.9907,3.3324,3.3324,4.9139,4.6785,3.7679,3.5484,3.3324,4.6785,13.4405,10.1728,7.1587,5.8846,5.3936,9.6048,10.7492,8.4948,7.4212,6.1342,5.8846,5.3936,5.1523,4.6785,6.1342,
1994-10-01 00:00:00,2,2.3085,2.3085,2.1159,2.1159,1.9277,2.1159,2.5054,5.8846,4.2168,3.7679,3.12,2.9113,2.7063,2.7063,2.7063,2.3085,2.5054,2.5054,2.5054,7.4212,5.1523,5.1523,6.1342,4.4461,3.7679,3.12,2.9113,10.1728,7.4212,10.1728,8.7689
1994-09-01 00:00:00,2,3.12,3.12,2.7063,2.9113,2.7063,2.9113,2.7063,2.7063,2.5054,2.5054,2.5054,2.5054,2.7063,2.9113,2.7063,2.3085,2.5054,2.5054,2.5054,2.5054,2.5054,2.3085,2.3085,2.1159,2.1159,2.1159,2.1159,2.1159,2.1159,2.3085,
1994-08-01 00:00:00,2,3.9907,3.9907,3.7679,3.7679,3.5484,3.3324,3.3324,3.3324,3.3324,3.5484,3.5484,3.3324,3.3324,3.5484,3.7679,3.5484,3.5484,3.5484,3.5484,3.5484,3.3324,3.3324,3.3324,3.3324,3.12,3.12,3.12,3.12,3.12,3.12,3.3324
1994-07-01 00:00:00,2,5.3936,5.3936,5.3936,4.9139,5.1523,5.1523,4.9139,4.9139,4.9139,4.9139,4.9139,4.9139,4.6785,4.6785,4.6785,4.6785,4.9139,4.4461,4.6785,4.4461,4.6785,4.4461,4.2168,4.2168,4.2168,4.2168,4.4461,4.2168,4.2168,4.2168,3.9907
1994-06-01 00:00:00,2,6.6414,6.3865,6.3865,6.1342,6.1342,6.1342,5.8846,5.8846,5.8846,5.3936,5.6377,5.3936,5.3936,5.3936,5.3936,5.3936,5.3936,5.3936,5.3936,5.3936,5.3936,5.1523,5.6377,5.8846,5.6377,6.1342,6.1342,5.8846,5.6377,5.6377,
1994-05-01 00:00:00,2,7.686,7.686,7.686,7.1587,7.1587,7.4212,6.8988,6.6414,6.6414,6.6414,6.6414,6.6414,6.6414,6.6414,6.6414,6.6414,5.8846,6.6414,6.6414,6.6414,6.6414,6.6414,6.6414,6.6414,6.6414,6.3865,6.6414,6.6414,6.6414,6.6414,6.6414
1994-04-01 00:00:00,2,11.6289,12.2252,11.3336,11.3336,11.926,13.7489,12.5262,11.3336,10.4599,9.8877,25.205,24.4838,22.7047,20.6167,19.5926,19.2543,22.7047,21.6542,19.9325,19.2543,18.5822,15.9575,15.3179,14.3712,12.8291,12.5262,11.3336,9.8877,9.0454,8.7689,
1994-03-01 00:00:00,2,7.9533,12.5262,28.1433,13.7489,12.2252,22.3531,20.9611,15.6368,27.0316,46.6543,30.7816,21.3069,17.9164,15.3179,15.9575,18.9175,15.6368,15.6368,20.2739,14.0592,13.7489,14.0592,12.5262,13.7489,13.1339,12.8291,13.4405,25.9317,17.5859,14.685,12.8291
1994-02-01 00:00:00,2,15.3179,14.3712,13.4405,12.8291,12.2252,11.6289,11.3336,11.0404,10.7492,10.7492,10.7492,10.4599,10.1728,9.8877,9.8877,9.8877,13.1339,14.685,12.2252,10.4599,9.6048,9.0454,8.4948,7.9533,7.686,7.4212,7.4212,7.4212,,,
1994-01-01 00:00:00,2,9.0454,16.9296,12.8291,11.6289,26.6637,43.99,40.2684,25.205,33.0908,23.4122,28.8908,56.4188,44.4087,56.4188,58.0476,52.253,48.1894,34.2614,24.1252,18.9175,17.2569,22.7047,65.3849,59.3611,39.8602,39.8602,37.0334,25.5677,20.2739,17.9164,16.6039
1993-12-01 00:00:00,2,11.3336,11.0404,10.7492,9.8877,9.324,8.7689,8.4948,7.4212,6.8988,5.8846,5.1523,5.1523,4.9139,4.6785,4.4461,8.7689,8.4948,7.686,7.1587,8.7689,8.4948,8.2229,7.4212,7.1587,7.1587,8.4948,8.4948,7.686,7.1587,7.1587,6.8988
1993-11-01 00:00:00,2,5.6377,3.12,2.3085,9.8877,15.3179,9.6048,16.9296,23.0577,15.6368,9.8877,6.6414,5.8846,5.8846,5.6377,5.3936,5.1523,5.1523,5.1523,15.9575,13.7489,11.3336,9.324,7.4212,5.3936,4.2168,15.9575,22.0029,17.5859,14.685,12.2252,
1993-10-01 00:00:00,2,8.7689,11.3336,11.0404,9.8877,19.9325,29.6434,22.0029,18.9175,15.9575,13.1339,10.4599,8.2229,6.1342,4.9139,4.4461,4.6785,4.4461,4.2168,4.2168,4.2168,4.4461,4.6785,4.4461,4.6785,25.9317,27.4009,29.2665,17.5859,13.7489,11.3336,7.9533
1993-09-01 00:00:00,2,4.4461,4.2168,4.2168,4.2168,4.2168,4.2168,3.9907,3.9907,3.9907,3.9907,3.9907,4.6785,5.3936,5.1523,5.1523,5.1523,5.1523,5.1523,5.1523,5.1523,5.1523,4.9139,7.9533,10.4599,7.686,5.3936,4.6785,4.6785,5.6377,6.8988,
1993-08-01 00:00:00,2,5.3936,5.3936,5.3936,5.1523,5.1523,5.1523,5.1523,5.1523,5.1523,5.1523,5.1523,5.1523,5.1523,5.1523,4.9139,4.9139,4.9139,4.9139,5.3936,5.6377,5.6377,5.3936,5.3936,5.3936,5.1523,5.1523,4.9139,4.9139,4.6785,4.6785,4.6785
1993-07-01 00:00:00,2,5.8846,5.8846,5.8846,5.6377,5.6377,5.6377,5.3936,5.3936,5.3936,5.3936,5.3936,5.3936,5.3936,5.3936,5.3936,5.3936,5.3936,5.3936,5.3936,5.3936,5.3936,5.3936,5.3936,5.3936,5.3936,5.3936,5.3936,5.3936,5.3936,5.3936,5.3936
1993-06-01 00:00:00,2,8.4948,8.2229,7.686,7.9533,9.0454,9.6048,9.0454,8.2229,7.4212,7.1587,6.8988,6.8988,6.6414,6.6414,6.6414,6.8988,6.6414,6.6414,6.6414,6.8988,6.6414,6.6414,6.3865,6.3865,6.1342,5.8846,5.8846,5.8846,5.8846,5.8846,
1993-05-01 00:00:00,2,15.0006,12.5262,11.3336,10.4599,10.1728,10.1728,9.8877,9.8877,9.8877,9.8877,9.6048,9.0454,7.9533,6.8988,6.6414,6.3865,6.3865,6.6414,6.6414,6.3865,6.3865,6.6414,7.1587,6.8988,6.8988,6.6414,6.6414,6.8988,6.6414,6.8988,7.686
1993-04-01 00:00:00,2,22.3531,26.6637,23.0577,17.2569,15.3179,14.685,14.3712,14.685,15.3179,15.0006,14.685,14.0592,13.7489,14.0592,15.9575,17.2569,15.9575,14.3712,13.1339,11.926,11.3336,10.7492,10.4599,10.7492,10.7492,10.4599,9.8877,9.6048,11.0404,14.3712,
1993-03-01 00:00:00,2,30.7816,28.8908,24.1252,17.5859,15.0006,14.0592,13.1339,12.8291,12.5262,12.5262,13.7489,19.5926,22.7047,16.2799,13.7489,13.4405,14.3712,14.0592,13.1339,13.4405,15.3179,15.9575,14.685,14.0592,13.4405,14.3712,15.0006,15.3179,18.5822,20.6167,19.2543
1993-02-01 00:00:00,2,12.5262,11.6289,15.0006,19.9325,22.0029,22.3531,18.5822,15.3179,14.0592,13.1339,13.7489,14.3712,13.4405,15.0006,18.9175,20.9611,18.5822,15.9575,15.0006,16.6039,18.5822,18.2485,17.9164,17.9164,20.2739,26.297,30.4009,30.0215,,,
1993-01-01 00:00:00,2,14.0592,13.7489,24.1252,43.5723,45.6711,36.634,34.2614,29.2665,22.7047,18.5822,17.2569,19.9325,20.2739,17.2569,14.0592,12.5262,11.6289,15.0006,19.5926,20.6167,21.3069,25.5677,28.5164,20.2739,15.6368,14.3712,13.7489,13.1339,12.8291,12.5262,12.5262
1992-12-01 00:00:00,2,9.0454,13.1339,15.6368,12.2252,10.4599,9.324,9.0454,9.6048,9.0454,9.0454,15.0006,20.6167,16.6039,13.4405,12.8291,12.5262,11.926,11.926,13.4405,17.2569,17.2569,13.4405,12.2252,11.926,12.2252,15.9575,18.9175,21.3069,24.1252,17.2569,15.0006
1992-11-01 00:00:00,2,30.4009,24.4838,22.7047,21.3069,71.589,56.7434,34.2614,32.3162,33.4798,34.654,24.4838,18.9175,15.3179,13.4405,12.2252,10.7492,9.8877,12.8291,16.6039,18.2485,17.9164,15.9575,15.9575,13.7489,11.926,9.8877,9.324,9.0454,8.7689,8.4948,
1992-10-01 00:00:00,2,7.1587,6.1342,5.6377,5.1523,5.1523,4.9139,4.6785,5.6377,6.3865,6.3865,5.6377,5.6377,4.6785,4.6785,4.6785,4.6785,3.7679,3.7679,3.7679,3.7679,3.7679,41.4995,17.5859,27.7715,17.9164,12.2252,9.8877,8.4948,9.324,7.686,48.4983
1992-09-01 00:00:00,2,5.3936,5.3936,5.3936,5.6377,7.686,9.6048,11.0404,11.3336,7.9533,6.6414,6.1342,6.1342,5.8846,5.6377,5.3936,6.3865,7.4212,6.8988,6.8988,6.8988,6.8988,6.3865,6.3865,5.8846,5.3936,5.1523,11.6289,11.6289,11.3336,9.324,
1992-08-01 00:00:00,2,5.3936,5.3936,5.3936,5.3936,5.3936,5.3936,5.3936,5.3936,5.3936,5.3936,5.3936,5.3936,5.1523,5.1523,5.3936,5.6377,5.6377,5.3936,5.3936,5.3936,5.6377,5.8846,5.6377,5.3936,5.3936,5.3936,5.3936,5.3936,5.3936,5.3936,5.3936
1992-07-01 00:00:00,2,6.3865,6.3865,6.3865,6.1342,6.1342,6.1342,6.1342,6.1342,6.1342,6.1342,6.1342,6.1342,6.1342,6.1342,6.1342,6.1342,6.1342,5.8846,5.8846,5.8846,5.8846,5.6377,5.6377,5.3936,5.3936,5.3936,5.3936,5.3936,5.3936,5.3936,5.3936
1992-06-01 00:00:00,2,7.4212,7.4212,7.4212,7.1587,7.1587,7.1587,7.1587,6.8988,6.8988,6.8988,6.8988,6.8988,6.8988,6.6414,6.6414,6.3865,6.3865,6.3865,6.3865,6.6414,6.6414,6.6414,6.6414,6.3865,6.3865,6.3865,6.3865,6.3865,6.3865,6.3865,
1992-05-01 00:00:00,2,11.926,11.926,12.5262,14.0592,15.6368,15.6368,15.9575,14.685,12.5262,10.7492,9.8877,9.324,9.0454,8.7689,8.4948,8.4948,8.4948,8.2229,8.2229,10.1728,11.3336,9.324,9.0454,8.7689,8.4948,8.4948,7.9533,7.686,7.4212,7.4212,7.4212
1992-04-01 00:00:00,2,9.324,9.0454,8.7689,8.7689,8.4948,8.4948,8.7689,9.0454,9.0454,9.0454,9.0454,8.7689,8.7689,8.7689,9.8877,12.5262,12.2252,9.6048,9.0454,8.7689,8.4948,8.7689,8.7689,14.3712,22.3531,21.6542,19.2543,15.0006,12.5262,11.926,
1992-03-01 00:00:00,2,15.3179,15.6368,17.2569,15.0006,12.2252,12.2252,11.926,11.6289,11.6289,11.6289,11.6289,15.0006,18.2485,14.3712,12.2252,11.3336,10.7492,10.4599,10.4599,10.1728,10.1728,10.1728,9.8877,9.6048,9.6048,9.6048,10.1728,11.0404,11.0404,10.7492,10.4599
1992-02-01 00:00:00,2,46.6543,47.2664,43.99,40.6777,46.0447,43.5723,39.8602,34.654,32.3162,27.7715,22.0029,15.9575,15.0006,12.8291,12.2252,12.5262,12.8291,12.5262,11.6289,11.6289,11.6289,11.6289,11.6289,11.0404,10.4599,25.205,20.9611,28.1433,25.5677,,
1992-01-01 00:00:00,2,15.9575,15.0006,14.685,12.2252,17.9164,22.0029,14.685,14.0592,13.7489,15.9575,13.1339,15.3179,15.6368,85.6219,104.728,58.0476,55.1263,52.253,46.3492,44.4087,49.74,95.4057,81.5842,78.6866,76.1785,75.1114,67.0905,57.7207,51.6211,49.74,47.8811
1991-12-01 00:00:00,2,5.3936,17.5859,14.0592,10.4599,8.2229,6.8988,6.6414,6.3865,7.686,9.8877,15.0006,9.6048,16.9296,11.6289,9.324,7.686,7.9533,8.2229,10.1728,23.768,22.7047,15.9575,14.3712,12.2252,11.0404,11.3336,11.0404,9.8877,8.4948,8.2229,15.3179
1991-11-01 00:00:00,2,6.6414,28.1433,22.7047,14.0592,9.324,6.8988,6.3865,5.8846,5.6377,12.5262,9.6048,11.3336,12.5262,12.2252,18.5822,15.3179,10.4599,11.926,15.9575,13.4405,10.1728,8.4948,7.1587,6.1342,6.1342,5.8846,5.6377,4.9139,4.6785,5.1523,
1991-10-01 00:00:00,2,11.3336,11.0404,10.1728,8.2229,7.1587,8.2229,9.8877,11.3336,10.7492,9.324,8.2229,7.686,6.6414,6.1342,5.8846,5.8846,6.1342,5.6377,5.6377,5.6377,5.6377,5.1523,5.1523,5.1523,4.6785,4.6785,4.6785,4.6785,4.4461,3.3324,4.4461
1991-09-01 00:00:00,2,3.5484,3.5484,3.5484,3.5484,3.5484,3.3324,3.3324,3.3324,3.12,3.12,3.12,2.9113,3.3324,3.12,3.3324,3.3324,3.3324,5.1523,3.5484,3.3324,3.3324,8.4948,5.1523,3.7679,3.5484,9.6048,9.0454,4.6785,9.0454,4.4461,
1991-08-01 00:00:00,2,4.4461,4.4461,4.4461,4.2168,4.2168,4.2168,4.2168,4.2168,3.9907,3.9907,3.9907,3.9907,3.9907,3.9907,3.7679,3.7679,3.7679,3.7679,3.7679,3.7679,3.7679,3.7679,3.7679,3.7679,3.5484,3.5484,3.5484,3.5484,3.5484,3.5484,3.5484
1991-07-01 00:00:00,2,5.6377,5.3936,5.3936,5.1523,5.1523,5.1523,4.9139,4.9139,4.9139,4.9139,4.9139,4.9139,4.9139,4.9139,5.1523,5.1523,4.9139,4.9139,4.9139,4.9139,4.9139,4.6785,4.6785,4.6785,4.6785,4.6785,4.6785,4.4461,4.4461,4.4461,4.4461
1991-06-01 00:00:00,2,6.6414,6.6414,6.6414,6.6414,6.6414,6.6414,6.3865,6.3865,6.3865,6.3865,6.3865,6.3865,6.3865,6.3865,6.3865,6.3865,6.3865,6.3865,6.3865,6.3865,6.1342,6.1342,6.1342,6.1342,6.1342,6.1342,6.1342,5.8846,5.8846,5.6377,
1991-05-01 00:00:00,2,10.7492,9.324,8.7689,8.7689,8.4948,8.4948,8.4948,8.4948,8.4948,8.2229,8.2229,7.9533,7.9533,7.686,7.686,7.4212,7.4212,7.1587,7.1587,7.1587,7.1587,7.4212,7.1587,6.8988,6.8988,6.8988,6.6414,6.6414,6.6414,6.6414,6.6414
1991-04-01 00:00:00,2,15.0006,16.6039,17.2569,15.9575,14.685,13.1339,11.6289,10.7492,10.4599,10.1728,10.1728,10.1728,10.1728,10.1728,10.1728,10.1728,9.8877,9.8877,9.8877,9.6048,9.6048,9.6048,9.6048,11.0404,15.9575,22.7047,26.6637,25.9317,20.6167,14.0592,
1991-03-01 00:00:00,2,16.9296,15.3179,16.6039,18.2485,18.2485,16.9296,14.0592,11.6289,10.7492,10.4599,12.8291,16.9296,17.9164,17.2569,14.685,11.6289,10.4599,9.8877,9.6048,12.2252,18.2485,21.3069,23.0577,26.6637,30.4009,31.1634,26.6637,20.6167,16.2799,15.0006,14.685
1991-02-01 00:00:00,2,30.4009,28.8908,26.297,19.9325,15.9575,15.9575,15.9575,18.2485,19.2543,17.9164,17.2569,17.9164,18.2485,18.5822,22.0029,32.7029,46.0447,50.6778,43.99,30.4009,20.2739,18.9175,21.3069,21.6542,17.9164,15.3179,16.2799,17.9164,,,
1991-01-01 00:00:00,2,4.2168,4.2168,4.9139,8.4948,24.4838,35.4426,23.0577,14.3712,15.0006,19.5926,20.6167,26.297,36.634,41.088,43.99,52.5699,57.0685,46.3492,33.0908,26.6637,25.205,23.4122,25.9317,31.9308,33.87,43.99,70.5427,97.3251,81.9487,43.1557,33.4798
1990-12-01 00:00:00,2,3.7679,3.7679,3.7679,3.3324,3.3324,2.9113,2.9113,2.9113,2.9113,9.8877,6.3865,3.9907,3.7679,3.7679,3.7679,5.6377,9.0454,7.686,8.7689,8.7689,6.3865,5.3936,5.3936,5.8846,6.8988,11.3336,14.3712,11.3336,9.324,7.4212,4.9139
1990-11-01 00:00:00,2,3.7679,3.7679,3.9907,3.7679,3.7679,4.6785,3.7679,3.7679,3.7679,3.7679,3.7679,3.5484,3.3324,3.7679,3.7679,3.7679,3.7679,10.1728,6.8988,11.0404,9.324,12.5262,15.0006,16.9296,11.3336,10.7492,12.2252,8.2229,5.3936,3.7679,
1990-10-01 00:00:00,2,3.3324,3.3324,3.3324,3.5484,3.3324,3.3324,3.3324,3.3324,3.3324,3.3324,3.3324,3.3324,3.3324,3.3324,3.3324,3.3324,3.3324,3.3324,3.7679,3.3324,3.3324,3.3324,3.5484,3.3324,3.3324,3.3324,3.7679,3.7679,3.3324,3.7679,3.9907
1990-09-01 00:00:00,2,4.2168,3.9907,3.7679,3.7679,3.7679,3.7679,3.7679,3.7679,3.7679,3.7679,3.7679,3.7679,3.7679,3.7679,3.7679,4.2168,3.7679,3.7679,3.3324,3.3324,3.3324,3.9907,3.3324,3.3324,3.3324,3.3324,3.3324,3.9907,3.7679,3.3324,
1990-08-01 00:00:00,2,3.7679,3.7679,3.7679,3.7679,3.7679,3.7679,3.7679,3.7679,3.7679,3.7679,3.7679,3.7679,3.7679,3.7679,3.7679,3.7679,3.7679,3.7679,3.7679,3.7679,3.3324,3.3324,3.3324,3.3324,3.3324,3.3324,3.3324,3.7679,3.7679,3.7679,6.6414
1990-07-01 00:00:00,2,3.7679,3.3324,3.12,3.3324,3.3324,9.0454,4.2168,3.7679,3.7679,3.7679,5.8846,3.7679,3.7679,3.7679,3.7679,3.7679,3.7679,3.7679,3.7679,3.7679,3.7679,3.7679,3.7679,3.7679,3.7679,3.7679,3.7679,10.7492,6.3865,3.9907,3.7679
1990-06-01 00:00:00,2,3.5484,3.3324,3.3324,3.5484,3.5484,3.3324,3.3324,3.12,3.3324,3.3324,3.3324,3.12,3.3324,3.3324,3.3324,3.3324,3.3324,3.12,3.3324,3.3324,2.9113,2.9113,3.3324,3.12,2.9113,2.9113,2.9113,2.9113,2.9113,2.9113,
1990-05-01 00:00:00,2,4.4461,4.6785,15.3179,11.3336,8.2229,7.1587,6.1342,5.8846,5.3936,5.1523,4.9139,4.6785,5.6377,5.1523,4.9139,4.6785,4.6785,4.6785,5.6377,4.9139,4.4461,4.2168,3.9907,3.7679,3.7679,3.5484,3.7679,3.7679,3.7679,3.7679,3.5484
1990-04-01 00:00:00,2,6.8988,6.3865,5.8846,5.6377,6.3865,7.4212,7.4212,9.6048,6.1342,5.6377,5.6377,12.2252,7.4212,6.3865,8.7689,6.6414,6.1342,6.6414,9.0454,11.926,12.2252,11.0404,9.0454,7.1587,6.3865,5.6377,5.3936,5.1523,4.9139,4.6785,
1990-03-01 00:00:00,2,11.6289,8.2229,7.1587,6.1342,5.6377,8.7689,9.8877,8.2229,8.2229,5.8846,5.3936,4.9139,4.6785,4.6785,11.3336,15.3179,13.7489,21.3069,12.2252,9.324,7.686,13.1339,12.2252,14.3712,15.9575,15.0006,12.8291,10.1728,12.8291,9.0454,7.686
1990-02-01 00:00:00,2,3.9907,3.7679,3.7679,3.5484,3.9907,3.9907,3.7679,3.7679,3.7679,14.0592,7.4212,6.8988,5.6377,11.3336,6.8988,5.8846,6.6414,5.6377,5.3936,6.6414,5.3936,6.6414,6.3865,20.9611,13.7489,14.0592,12.5262,10.1728,,,
1990-01-01 00:00:00,2,12.8291,13.4405,18.9175,15.0006,12.2252,10.1728,8.7689,7.686,7.4212,6.8988,6.6414,6.3865,6.3865,5.3936,5.6377,5.1523,5.1523,4.6785,4.6785,4.2168,3.9907,3.9907,3.9907,3.7679,3.5484,7.9533,7.1587,5.8846,5.1523,4.6785,4.4461
1989-12-01 00:00:00,2,10.4599,8.7689,7.4212,6.1342,5.6377,4.9139,4.6785,4.4461,4.2168,4.9139,5.8846,7.1587,7.9533,16.9296,16.6039,20.6167,13.7489,10.7492,8.7689,9.324,90.4721,52.253,25.205,15.9575,12.5262,10.7492,10.4599,10.1728,9.324,8.4948,8.7689
1989-11-01 00:00:00,2,3.12,3.12,2.9113,5.1523,3.7679,3.5484,3.5484,3.5484,3.9907,6.3865,6.6414,12.5262,21.3069,16.2799,12.2252,8.7689,6.6414,6.3865,7.1587,6.6414,11.6289,23.4122,40.2684,26.6637,16.9296,11.3336,8.7689,8.4948,9.0454,10.4599,
1989-10-01 00:00:00,2,7.9533,6.3865,5.1523,4.4461,4.4461,3.9907,3.7679,3.7679,5.8846,8.2229,4.4461,11.0404,7.9533,5.8846,4.9139,8.4948,6.6414,4.9139,4.4461,3.9907,3.5484,5.1523,9.0454,6.3865,5.3936,4.4461,3.7679,3.7679,3.9907,3.7679,3.5484
1989-09-01 00:00:00,2,2.9113,2.9113,2.9113,2.9113,2.9113,2.9113,2.9113,2.9113,2.9113,2.9113,2.9113,2.9113,2.9113,2.9113,2.9113,2.9113,2.9113,2.9113,2.9113,3.3324,3.3324,3.3324,3.3324,3.3324,3.7679,4.2168,6.1342,4.6785,12.2252,12.8291,
1989-08-01 00:00:00,2,6.6414,6.1342,4.6785,3.7679,3.7679,3.7679,3.7679,3.3324,3.3324,3.12,2.9113,2.9113,2.9113,2.9113,2.9113,2.9113,2.9113,2.9113,2.9113,2.9113,2.9113,2.5054,2.5054,2.5054,2.5054,2.5054,2.5054,8.2229,4.6785,3.9907,3.7679
1989-07-01 00:00:00,2,3.3324,3.3324,3.3324,3.3324,3.3324,3.3324,3.3324,3.3324,3.3324,3.3324,3.3324,3.3324,3.3324,3.3324,3.3324,3.3324,3.3324,3.3324,3.3324,3.7679,3.7679,3.3324,3.3324,3.3324,3.3324,3.3324,3.3324,5.6377,6.6414,7.686,7.686
1989-06-01 00:00:00,2,3.7679,3.7679,3.5484,3.7679,3.7679,3.7679,3.3324,3.7679,5.1523,4.9139,4.2168,3.7679,3.7679,3.7679,3.7679,3.3324,3.3324,3.3324,3.3324,3.3324,3.3324,3.3324,4.2168,6.3865,4.6785,4.2168,3.7679,3.3324,3.3324,3.3324,
1989-05-01 00:00:00,2,3.7679,3.7679,3.7679,3.7679,3.7679,3.7679,3.7679,3.7679,3.7679,3.5484,3.5484,3.3324,3.3324,3.3324,3.3324,3.3324,3.12,3.12,3.5484,3.3324,3.7679,3.3324,3.7679,3.7679,3.3324,2.9113,3.7679,3.7679,3.12,3.3324,3.7679
1989-04-01 00:00:00,2,5.6377,5.6377,5.1523,4.9139,4.6785,4.6785,8.4948,5.3936,5.1523,4.9139,5.6377,5.1523,5.1523,4.9139,4.6785,4.6785,4.6785,4.2168,4.2168,7.1587,5.1523,4.6785,4.6785,4.2168,4.2168,4.2168,3.7679,3.7679,3.7679,3.7679,
1989-03-01 00:00:00,2,5.3936,5.8846,5.8846,5.3936,9.8877,9.6048,10.7492,10.4599,9.8877,14.3712,9.6048,9.0454,9.324,15.3179,18.2485,14.0592,11.6289,9.0454,7.9533,9.324,8.2229,7.686,5.8846,6.8988,6.3865,6.1342,5.6377,5.6377,5.6377,5.1523,5.1523
1989-02-01 00:00:00,2,4.2168,4.2168,4.9139,4.4461,4.6785,10.4599,10.1728,9.324,14.0592,15.0006,18.2485,21.6542,20.6167,10.4599,15.0006,11.926,16.2799,10.4599,8.4948,7.9533,6.8988,6.3865,8.4948,10.1728,7.9533,7.9533,7.686,5.3936,,,
1989-01-01 00:00:00,2,7.1587,11.6289,21.6542,16.2799,17.2569,10.7492,10.1728,9.0454,9.6048,11.6289,14.3712,11.3336,9.324,8.4948,9.324,8.7689,7.686,9.0454,11.0404,7.9533,6.1342,6.3865,5.8846,5.3936,4.6785,4.6785,5.8846,4.9139,4.6785,4.6785,4.2168
1988-12-01 00:00:00,2,9.0407,8.7408,9.0407,7.8587,6.7255,5.9096,5.1248,4.8704,4.8704,11.2183,8.4438,6.7255,6.1782,7.2858,7.2858,11.7581,6.7255,8.1498,7.2858,6.4502,16.5139,19.8004,21.8835,14.6563,15.885,17.1523,13.1758,11.5402,9.6491,8.4438,8.1498
1988-11-01 00:00:00,2,7.2858,8.7408,6.7255,16.5139,12.3176,11.7581,9.9575,8.4438,8.1498,8.7408,6.1782,3.8911,5.1248,10.5826,13.7605,10.5826,7.8587,6.1782,5.3828,4.6197,7.0041,6.4502,11.2183,14.3552,11.5402,9.3435,7.5707,15.885,11.7581,9.3435,
1988-10-01 00:00:00,2,7.0041,5.3828,5.1248,4.3729,9.9575,9.0407,10.8991,7.5707,5.9096,4.6197,4.3729,4.3729,7.0041,5.6445,4.3729,10.8991,4.3729,3.8911,4.3729,5.3828,4.8704,8.4438,5.9096,4.8704,4.3729,5.3828,9.3435,7.0041,4.3729,6.4502,6.7255
1988-09-01 00:00:00,2,2.5485,2.9779,2.9779,2.9779,2.9779,2.7608,2.5485,2.5485,2.5485,2.5485,2.5485,2.5485,2.5485,2.5485,2.5485,2.5485,2.5485,2.5485,2.5485,2.5485,2.5485,2.5485,2.5485,2.1389,2.1389,2.1389,2.1389,2.1389,5.1248,11.2183,
1988-08-01 00:00:00,2,3.4258,3.4258,3.4258,3.4258,3.4258,3.6563,3.4258,3.4258,3.4258,3.4258,3.4258,3.4258,3.4258,3.4258,3.4258,3.4258,3.4258,3.4258,3.4258,3.8911,3.8911,3.8911,2.9779,2.9779,2.9779,2.9779,2.9779,2.9779,2.9779,2.9779,2.9779
1988-07-01 00:00:00,2,4.3729,4.3729,4.3729,4.3729,4.3729,4.13,3.8911,3.8911,3.8911,3.8911,4.3729,4.3729,3.8911,3.8911,3.8911,3.8911,3.8911,3.8911,3.8911,3.4258,3.4258,3.4258,3.4258,3.4258,3.4258,3.4258,3.4258,3.4258,3.4258,3.4258,3.4258
1988-06-01 00:00:00,2,6.4502,6.4502,6.4502,6.4502,6.4502,5.3828,5.6445,5.3828,5.3828,5.1248,5.3828,5.3828,5.3828,5.3828,5.3828,5.3828,4.8704,4.8704,4.8704,4.8704,4.8704,4.8704,4.8704,4.8704,4.8704,4.6197,4.6197,4.8704,4.6197,4.3729,
1988-05-01 00:00:00,2,7.0041,7.0041,7.0041,7.0041,6.4502,6.4502,6.4502,6.4502,6.4502,6.4502,6.1782,5.9096,5.9096,5.9096,5.9096,5.9096,5.9096,9.6491,7.5707,7.5707,7.0041,6.4502,6.4502,6.4502,5.9096,9.0407,7.8587,7.5707,7.0041,7.0041,7.0041
1988-04-01 00:00:00,2,8.1498,10.5826,13.4669,11.5402,11.2183,12.8872,11.2183,11.2183,9.3435,8.7408,8.1498,8.1498,8.1498,8.1498,8.1498,16.8319,12.8872,11.7581,11.2183,10.5826,9.6491,8.7408,8.7408,8.7408,8.1498,7.8587,7.5707,8.1498,7.5707,7.0041,
1988-03-01 00:00:00,2,9.3435,9.3435,29.4049,20.1418,31.0125,21.8835,19.1244,14.9598,12.3176,11.2183,10.5826,9.9575,9.9575,9.3435,9.3435,9.3435,17.8002,13.7605,19.1244,18.4576,10.2687,9.6491,9.3435,8.7408,8.1498,7.5707,8.1498,8.4438,8.7408,8.1498,7.5707
1988-02-01 00:00:00,2,19.1244,16.8319,22.596,17.8002,16.8319,17.8002,24.0478,40.6734,40.0897,44.231,42.4405,35.6053,30.6075,31.0125,20.8317,17.4751,22.2386,16.8319,28.2214,13.4669,14.0567,13.7605,13.7605,12.0366,11.2183,12.3176,11.7581,10.8991,10.5826,,
1988-01-01 00:00:00,2,18.7898,14.6563,13.1758,12.3176,13.1758,12.6011,14.3552,12.6011,13.1758,29.4049,21.5306,17.4751,18.4576,16.1982,13.4669,11.5402,10.2687,9.3435,8.7408,8.1498,7.8587,7.5707,7.2858,7.0041,6.4502,5.9096,5.9096,5.9096,11.2183,8.1498,19.1244
1987-12-01 00:00:00,2,3.8992,3.4643,4.5729,11.5421,11.5421,13.8565,25.3237,19.3928,19.3928,34.1187,18.7898,16.1982,18.7898,24.787,17.4751,14.6563,12.8872,10.5826,21.5306,19.4612,18.1278,14.0567,11.7581,10.2687,9.0407,10.2687,15.2658,9.9575,8.7408,8.7408,10.2687
1987-11-01 00:00:00,2,6.73,5.2704,4.3456,3.8992,3.4643,3.0416,3.0416,3.0416,3.4643,4.8028,4.3456,3.8992,3.4643,3.6802,3.4643,11.5421,10.7,7.7466,5.5079,4.8028,3.8992,2.8352,3.4643,3.4643,3.0416,3.0416,3.6802,4.5729,4.5729,4.121,
1987-10-01 00:00:00,2,3.4643,3.0416,3.0416,3.0416,3.0416,3.0416,3.0416,3.0416,2.8352,2.6321,2.6321,2.6321,2.6321,2.6321,2.2369,2.2369,2.2369,2.2369,2.6321,8.795,5.0354,8.795,7.2341,7.7466,4.8028,4.121,3.8992,12.9772,14.7489,7.4893,8.53
1987-09-01 00:00:00,2,2.6321,2.6321,2.6321,3.0416,3.0416,3.0416,3.4643,3.4643,3.6802,3.4643,3.4643,3.0416,3.0416,3.0416,3.0416,2.6321,2.6321,6.981,7.4893,5.7477,5.2704,4.8028,11.2598,5.7477,7.7466,5.7477,5.0354,4.3456,3.8992,3.6802,
1987-08-01 00:00:00,2,2.8352,2.8352,2.8352,2.8352,2.8352,3.0416,3.4643,3.4643,3.0416,3.0416,3.0416,3.0416,2.8352,2.8352,2.6321,3.0416,3.0416,2.6321,3.0416,3.0416,3.0416,3.4643,3.4643,3.0416,3.0416,2.6321,2.6321,2.6321,3.0416,3.0416,2.6321
1987-07-01 00:00:00,2,3.8992,3.8992,3.6802,3.6802,3.6802,3.6802,3.6802,3.6802,3.6802,3.6802,3.6802,3.6802,3.6802,3.6802,3.6802,3.6802,3.6802,3.6802,3.4643,3.4643,3.2513,3.2513,3.2513,3.0416,3.0416,3.0416,3.0416,3.0416,3.0416,3.0416,3.0416
1987-06-01 00:00:00,2,5.9899,5.7477,5.5079,5.2704,5.0354,4.8028,4.8028,4.5729,4.8028,4.5729,4.5729,4.3456,4.3456,4.3456,4.3456,4.3456,4.3456,4.3456,4.3456,4.3456,4.3456,4.3456,4.3456,4.3456,4.3456,4.3456,4.121,4.121,3.8992,3.8992,
1987-05-01 00:00:00,2,5.2704,5.2704,5.2704,5.0354,5.0354,5.0354,5.0354,4.8028,4.8028,4.5729,4.8028,4.8028,4.3456,4.3456,4.3456,4.3456,4.5729,4.8028,6.2344,7.7466,6.981,5.9899,7.2341,9.3304,8.53,6.73,5.9899,6.4811,7.2341,6.981,6.2344
1987-04-01 00:00:00,2,8.2669,8.0058,7.7466,8.795,10.147,14.7489,12.6871,11.826,10.147,10.147,8.53,8.0058,7.2341,6.981,6.981,6.981,6.73,6.2344,5.7477,5.5079,5.2704,5.2704,5.5079,5.7477,5.9899,5.5079,5.2704,5.2704,5.0354,5.0354,
1987-03-01 00:00:00,2,,5.7477,5.7477,5.2704,8.0058,8.53,6.981,13.8565,26.0046,32.6717,40.0468,27.3787,41.5623,20.6788,16.264,14.45,17.1892,15.0491,11.826,10.9791,14.7489,15.3508,12.6871,11.5421,10.4227,9.8731,9.3304,8.795,8.2669,8.53,8.795
