DataHora,NivelConsistencia,Vazao01,Vazao02,Vazao03,Vazao04,Vazao05,Vazao06,Vazao07,Vazao08,Vazao09,Vazao10,Vazao11,Vazao12,Vazao13,Vazao14,Vazao15,Vazao16,Vazao17,Vazao18,Vazao19,Vazao20,Vazao21,Vazao22,Vazao23,Vazao24,Vazao25,Vazao26,Vazao27,Vazao28,Vazao29,Vazao30,Vazao31
2023-04-01 00:00:00,2,8.0256,8.0256,8.0256,7.7365,7.5934,7.5934,7.7365,9.5721,9.5721,9.2543,9.0963,8.7822,8.4707,8.3159,8.3159,8.1716,8.1716,8.1716,8.0256,8.0256,8.0256,8.0256,7.8805,7.8805,7.8805,7.7365,7.7365,7.7365,7.5934,7.5934,
2023-03-01 00:00:00,2,11.1973,11.0321,10.8676,10.8676,10.7036,10.7036,10.5402,11.5292,13.3937,13.2216,12.8789,12.7083,12.5382,12.1997,12.0313,11.8634,11.8634,11.696,11.5292,11.5292,11.5292,11.1973,11.0321,9.4129,8.7822,8.7822,8.6261,8.4707,8.3159,8.1716,8.0256
2023-02-01 00:00:00,2,16.9397,16.7579,16.5766,16.3957,16.3957,16.3957,20.6666,43.0597,56.3474,57.31,52.0632,42.6088,31.7115,27.7747,23.1772,23.9628,18.2246,14.9656,13.9132,13.5664,12.8789,12.7083,12.5382,12.1997,12.0313,11.696,11.5292,11.1973,,,
2023-01-01 00:00:00,2,17.3046,23.373,37.0676,43.0597,51.1218,69.1437,83.301,78.0829,57.5512,50.6527,46.2462,43.9648,40.5935,37.723,34.9021,34.2583,33.8307,32.9793,32.1328,31.2915,29.0048,27.1643,23.373,21.24,20.2863,19.5307,18.4099,17.6712,17.3046,17.3046,17.1219
2022-12-01 00:00:00,2,9.8924,9.7319,9.5721,10.2151,14.262,17.8552,19.719,19.1554,18.9684,18.9684,18.7818,18.5956,18.5956,18.2246,15.3203,11.8634,9.7319,19.719,24.7545,26.9615,29.2111,29.0048,23.373,17.1219,15.1427,14.4372,13.9132,13.7395,13.7395,13.5664,12.8789
2022-11-01 00:00:00,2,5.6976,5.6976,5.6976,5.5701,5.5701,5.4436,5.4436,5.4436,5.4436,5.3182,5.3182,5.3182,5.3182,7.0311,13.7395,13.2216,13.05,12.8789,12.7083,12.0313,12.0313,11.5292,11.1973,10.8676,10.2151,9.2543,8.7822,8.9389,9.0963,9.7319,
2022-10-01 00:00:00,2,1.8425,1.8425,1.8425,1.7592,1.7592,1.7592,1.7592,1.6774,1.6774,1.6774,1.6774,1.6774,1.597,1.597,1.597,1.597,1.597,1.5181,1.5181,1.5181,1.5181,1.5181,2.9495,6.6201,6.3513,6.0866,6.0866,5.9559,5.9559,5.8262,5.6976
2022-09-01 00:00:00,2,2.9495,2.9495,2.9495,2.85,2.85,2.7518,2.6548,2.6548,2.6548,2.5592,2.5592,2.5592,2.4648,2.3718,2.3718,2.3718,2.2802,2.1899,2.101,2.101,2.101,2.3718,2.1899,2.101,2.101,2.0134,1.9273,1.9273,1.9273,1.9273,
2022-08-01 00:00:00,2,3.6812,3.6812,3.573,3.573,3.573,3.573,3.573,3.466,3.466,3.466,3.466,3.3602,3.3602,3.3602,3.2557,3.2557,3.2557,3.1524,3.1524,3.1524,3.1524,3.1524,3.0503,3.0503,3.0503,3.0503,3.0503,3.0503,3.0503,3.0503,3.0503
2022-07-01 00:00:00,2,4.3552,4.3552,4.24,4.24,4.1259,4.1259,4.0129,4.0129,4.0129,4.0129,4.0129,4.0129,4.0129,3.9011,3.9011,3.9011,3.9011,3.7906,3.7906,3.6812,3.7906,3.7906,3.7906,3.7906,3.7906,3.6812,3.6812,3.6812,3.6812,3.6812,3.6812
2022-06-01 00:00:00,2,5.0708,5.0708,5.0708,5.0708,5.0708,4.9487,4.9487,4.9487,4.9487,4.8278,4.8278,4.8278,4.8278,4.7079,4.7079,4.7079,4.7079,4.7079,4.7079,4.7079,4.5892,4.5892,4.5892,4.5892,4.4717,4.4717,4.3552,4.3552,4.3552,4.3552,
2022-05-01 00:00:00,2,7.3102,7.3102,7.1702,7.0311,7.0311,6.8931,6.7561,6.7561,6.6201,6.6201,6.6201,6.4852,6.4852,6.2184,6.2184,6.2184,6.0866,6.0866,5.9559,5.9559,5.9559,5.8262,5.8262,5.6976,5.6976,5.5701,5.4436,5.3182,5.3182,5.3182,5.3182
2022-04-01 00:00:00,2,8.0256,8.0256,8.0256,8.0256,7.8805,7.8805,7.8805,7.8805,8.6261,8.6261,8.4707,8.4707,8.4707,8.3159,8.3159,8.1716,8.0256,7.8805,7.8805,7.8805,7.7365,7.5934,7.5934,7.5934,7.5934,7.4513,7.4513,7.3102,7.3102,7.3102,
2022-03-01 00:00:00,2,16.3957,16.2153,16.2153,16.0354,15.8559,15.6769,15.6769,15.4984,14.9656,14.6129,14.6129,13.9132,13.7395,13.5664,12.8789,12.1997,11.8634,11.5292,11.1973,11.1973,10.5402,10.3773,10.0534,9.5721,9.0963,8.7822,8.7822,8.4707,8.4707,8.3159,8.0256
2022-02-01 00:00:00,2,20.6666,20.4763,20.2863,20.2863,20.0968,20.0968,20.0968,20.0968,20.0968,19.719,19.1554,18.7818,18.4099,18.4099,18.4099,18.2246,18.2246,18.2246,18.0397,17.6712,17.4877,17.4877,17.3046,17.3046,17.1219,16.7579,16.3957,16.3957,,,
2022-01-01 00:00:00,2,18.2246,10.7036,8.1716,8.9389,9.7319,48.5538,76.7906,86.9995,120.698,114.437,103.255,71.6721,39.0418,30.4554,27.7747,26.557,26.3553,25.9529,25.9529,25.9529,25.3521,24.9533,24.9533,24.3579,24.1602,23.9628,23.9628,23.7659,23.373,22.7867,21.432
2021-12-01 00:00:00,2,10.8676,8.7822,8.4707,8.6261,8.3159,8.3159,8.0256,15.6769,14.9656,14.6129,14.4372,14.262,13.9132,13.7395,13.5664,13.05,26.7591,27.1643,25.9529,24.7545,23.9628,22.7867,22.0102,22.2037,22.0102,21.6243,21.432,21.432,21.24,20.6666,20.0968
2021-11-01 00:00:00,2,19.719,18.5956,18.2246,18.2246,18.0397,18.0397,18.0397,17.6712,17.1219,22.3977,19.9077,16.0354,13.7395,12.8789,12.8789,12.8789,12.7083,12.7083,12.3687,12.3687,12.0313,11.696,11.696,11.5292,11.3629,11.1973,11.1973,13.9132,24.556,23.5693,
2021-10-01 00:00:00,2,2.1899,2.9495,7.8805,6.2184,6.2184,5.9559,6.3513,7.0311,11.3629,17.3046,31.7115,25.7523,14.262,9.0963,7.4513,7.1702,8.7822,20.8573,27.5709,26.7591,25.9529,25.1525,24.3579,25.552,32.9793,27.1643,23.5693,22.0102,21.24,20.8573,20.2863
2021-09-01 00:00:00,2,2.2802,2.2802,2.2802,2.2802,2.1899,2.1899,2.1899,2.101,2.0134,2.0134,2.0134,1.9273,1.9273,1.9273,1.9273,1.8425,1.7592,1.7592,1.7592,1.7592,1.7592,1.7592,1.8425,1.8425,1.8425,2.101,2.101,2.0134,2.3718,2.1899,
2021-08-01 00:00:00,2,2.7518,2.7518,2.7518,2.7518,2.7518,2.6548,2.6548,2.5592,2.5592,2.5592,2.5592,2.5592,2.5592,2.4648,2.4648,2.5592,3.6812,3.466,3.2557,2.9495,2.7518,2.7518,2.6548,2.5592,2.5592,2.5592,2.4648,2.4648,2.3718,2.2802,2.2802
2021-07-01 00:00:00,2,3.3602,3.3602,3.3602,3.3602,3.2557,3.2557,3.1524,3.1524,3.1524,3.1524,3.0503,3.0503,3.0503,3.0503,3.0503,3.0503,3.0503,3.0503,2.9495,2.9495,2.9495,2.85,2.85,2.85,2.85,2.85,2.85,2.85,2.7518,2.7518,2.7518
2021-06-01 00:00:00,2,9.8924,8.4707,5.194,5.0708,4.9487,4.8278,4.7079,4.7079,4.5892,4.5892,4.4717,4.4717,4.4717,4.4717,4.24,4.1259,3.7906,3.6812,3.6812,3.6812,3.6812,3.6812,3.6812,3.573,3.573,3.466,3.466,3.3602,3.3602,3.3602,
2021-05-01 00:00:00,2,4.5892,4.5892,4.4717,4.3552,4.24,4.24,4.1259,4.1259,4.1259,4.1259,4.1259,4.1259,4.0129,4.1259,4.1259,4.1259,4.0129,4.0129,4.0129,3.9011,3.9011,3.9011,3.9011,3.9011,3.9011,3.9011,3.7906,3.7906,3.7906,3.7906,4.4717
2021-04-01 00:00:00,2,5.3182,5.3182,5.3182,5.194,5.194,5.194,5.194,5.0708,5.0708,5.0708,4.9487,4.9487,4.8278,4.8278,4.8278,4.8278,4.7079,4.7079,4.8278,4.8278,4.8278,4.9487,4.9487,4.9487,4.9487,4.8278,4.7079,4.7079,4.5892,4.5892,
2021-03-01 00:00:00,2,9.2543,8.4707,8.1716,8.0256,8.0256,8.0256,7.8805,7.7365,7.5934,7.4513,7.3102,7.0311,7.0311,6.7561,6.6201,6.6201,6.4852,6.3513,6.3513,6.0866,6.0866,5.9559,5.8262,5.8262,5.6976,5.5701,5.4436,5.3182,5.3182,5.3182,5.3182
2021-02-01 00:00:00,2,13.7395,13.7395,13.5664,13.2216,13.05,12.8789,12.7083,12.5382,12.3687,12.1997,12.5382,11.696,11.3629,11.1973,11.1973,10.8676,10.5402,10.5402,10.3773,10.3773,10.2151,10.2151,9.8924,9.5721,9.5721,9.5721,9.2543,9.2543,,,
2021-01-01 00:00:00,2,19.5307,20.0968,20.0968,19.9077,19.3428,17.8552,16.3957,15.8559,24.7545,25.3521,24.556,24.1602,23.9628,23.9628,22.3977,19.5307,17.6712,16.3957,16.3957,15.6769,15.6769,15.6769,15.4984,14.789,14.789,14.6129,14.4372,14.4372,14.262,13.9132,13.7395
2020-12-01 00:00:00,2,7.6765,7.6765,7.6765,7.6765,7.6765,8.8339,9.7469,9.7469,16.2346,18.1732,13.9664,12.1289,10.6976,9.134,8.9834,8.6855,8.6855,8.8339,8.9834,8.9834,8.8339,8.8339,13.5949,17.0049,16.2346,16.6189,19.3562,21.3591,20.9555,20.1528,19.7537
2020-11-01 00:00:00,2,5.945,6.4577,6.4577,7.3979,6.7208,6.4577,6.3278,6.4577,8.1024,6.7208,11.948,22.1707,18.1732,15.0922,13.2254,13.7804,11.7676,9.7469,8.8339,8.6855,8.5381,8.3918,7.9594,7.6765,7.6765,7.6765,8.8339,9.5921,8.2466,7.9594,
2020-10-01 00:00:00,2,2.2609,2.178,2.0965,2.0965,2.0965,2.0162,1.9373,1.9373,2.178,2.3452,2.6056,2.6056,2.6056,2.6056,2.6056,3.356,3.7611,3.7611,3.658,3.5561,3.356,3.2578,3.1609,3.1609,5.945,5.5723,5.5723,5.4503,5.3295,5.3295,5.8196
2020-09-01 00:00:00,2,3.1609,3.0652,2.9707,2.9707,2.9707,2.9707,2.8776,2.8776,2.8776,2.8776,2.7856,2.695,2.695,2.695,2.6056,2.5175,2.4307,2.4307,2.4307,2.4307,2.4307,2.5175,2.6056,2.695,2.695,2.6056,2.5175,2.4307,2.3452,2.3452,
2020-08-01 00:00:00,2,3.658,3.658,3.5561,3.4554,3.4554,3.4554,3.4554,3.4554,3.4554,3.4554,3.4554,3.4554,3.4554,3.4554,3.4554,3.4554,3.356,3.2578,3.2578,3.2578,3.4554,4.1855,4.7429,4.2946,3.9709,3.8654,3.5561,3.4554,3.356,3.2578,3.2578
2020-07-01 00:00:00,2,4.1855,4.1855,4.1855,4.2946,4.1855,4.1855,4.1855,4.1855,4.1855,4.0776,3.9709,3.9709,3.9709,3.9709,3.9709,3.9709,3.9709,3.9709,3.9709,3.9709,3.7611,3.7611,3.7611,3.7611,3.7611,3.658,3.658,3.658,3.658,3.658,3.658
2020-06-01 00:00:00,2,5.5723,5.4503,5.3295,5.3295,5.3295,5.0914,5.0914,5.0914,5.0914,4.8579,4.8579,4.8579,4.8579,4.8579,4.8579,4.8579,4.8579,4.8579,4.7429,4.7429,4.7429,4.7429,4.7429,4.629,4.5164,4.2946,4.2946,4.2946,4.2946,4.1855,
2020-05-01 00:00:00,2,6.5887,6.4577,6.4577,6.4577,6.4577,6.3278,6.1991,7.2603,6.9883,6.4577,6.1991,6.1991,6.1991,6.3278,6.5887,6.5887,6.4577,6.1991,6.0715,5.945,5.945,11.5877,9.134,6.5887,5.945,5.8196,5.8196,5.6954,5.6954,5.5723,5.5723
2020-04-01 00:00:00,2,25.6834,17.3927,12.3104,11.5877,11.2296,10.8736,12.4924,14.3398,12.4924,11.5877,11.5877,11.4084,11.2296,11.2296,10.8736,10.8736,10.8736,10.6976,10.8736,10.6976,10.3765,10.0596,9.2856,8.5381,7.6765,7.1238,7.1238,7.1238,6.854,6.7208,
2020-03-01 00:00:00,2,51.1671,61.6551,50.9278,48.7838,22.3745,27.5823,19.953,18.3694,17.7821,16.0431,15.0922,14.1529,13.5949,13.5949,13.4099,13.4099,13.0414,12.8579,12.3104,11.5877,26.5241,32.111,27.5823,19.158,14.5272,12.6749,11.7676,11.2296,10.3765,10.0596,14.3398
2020-02-01 00:00:00,2,25.474,25.8931,29.2918,52.6075,88.7042,56.4858,34.9791,28.0078,18.5659,17.0049,17.0049,19.3562,64.6475,67.9199,30.5867,22.7833,29.9379,87.109,24.0179,16.8117,25.8931,19.3562,19.3562,15.0922,20.7542,41.3108,21.9673,117.191,49.7345,,
2020-01-01 00:00:00,2,6.1991,5.945,6.5887,7.1238,7.3979,7.9594,10.0596,12.1289,13.4099,11.0513,10.2176,9.7469,10.3765,9.9027,7.9594,6.854,7.1238,6.5887,7.6765,7.9594,8.2466,17.0049,22.1707,88.9706,172.761,121.705,29.077,21.7642,21.9673,19.158,16.2346
2019-12-01 00:00:00,2,7.8174,7.6765,7.3979,6.3278,5.6954,5.8196,6.4577,7.2603,5.0914,6.5887,20.9555,18.5659,10.0596,8.3918,7.9594,7.8174,7.6765,7.6765,8.2466,13.2254,8.2466,6.5887,6.3278,6.3278,6.3278,6.3278,6.1991,6.1991,6.1991,6.1991,6.1991
2019-11-01 00:00:00,2,4.5164,4.7429,4.629,4.5164,5.0914,6.5887,8.2466,7.6765,7.1238,6.5887,6.3278,6.3278,6.3278,5.5723,9.4383,8.8339,8.2466,7.9594,7.8174,7.5366,7.3979,7.2603,7.2603,7.1238,7.1238,7.1238,6.9883,6.9883,6.9883,7.2603,
2019-10-01 00:00:00,2,2.0965,2.0162,2.0162,1.8597,1.8597,1.8597,1.8597,2.0965,3.9709,3.8654,3.7611,3.7611,3.5561,3.4554,3.356,3.1609,3.2578,3.1609,3.1609,3.0652,4.1855,4.8579,5.0914,5.0914,4.8579,4.8579,4.7429,4.629,4.5164,4.4049,4.4049
2019-09-01 00:00:00,2,1.9373,1.9373,1.9373,1.8597,1.8597,1.8597,1.8597,1.8597,1.8597,1.7834,1.7834,1.7834,1.7086,1.7086,1.7086,1.7086,1.6351,1.6351,1.6351,1.6351,1.6351,1.5629,1.5629,1.5629,1.5629,1.7834,2.2609,2.2609,2.0965,2.0965,
2019-08-01 00:00:00,2,2.2609,2.2609,2.2609,2.2609,2.178,2.178,2.178,2.178,2.178,2.178,2.0965,2.0965,2.0965,2.0965,2.0965,2.0965,2.0965,2.0965,2.0965,2.0162,2.0162,2.0162,2.0162,1.9373,1.9373,1.9373,1.9373,1.9373,1.9373,1.9373,1.9373
2019-07-01 00:00:00,2,2.7856,2.7856,2.7856,2.7856,2.7856,2.695,2.695,2.695,2.6056,2.6056,2.6056,2.6056,2.6056,2.6056,2.5175,2.5175,2.5175,2.5175,2.4307,2.4307,2.4307,2.4307,2.3452,2.3452,2.3452,2.3452,2.3452,2.3452,2.3452,2.2609,2.2609
2019-06-01 00:00:00,2,4.1855,3.9709,3.8654,3.658,3.5561,3.5561,3.4554,3.356,3.356,3.356,3.2578,3.2578,3.1609,3.1609,3.1609,3.0652,3.0652,3.0652,2.9707,2.9707,2.8776,2.9707,2.8776,2.8776,2.8776,2.8776,2.7856,2.7856,2.7856,2.7856,
2019-05-01 00:00:00,2,8.2466,7.6765,6.854,5.5723,4.8579,4.5164,4.4049,3.9709,3.7611,3.658,3.5561,3.5561,3.356,3.2578,3.5561,11.4084,12.6749,11.4084,10.5366,9.7469,9.7469,9.134,8.8339,7.8174,7.3979,7.1238,6.4577,6.0715,5.0914,5.0914,4.7429
2019-04-01 00:00:00,2,5.0914,5.5723,5.8196,5.6954,5.6954,5.6954,5.6954,5.5723,5.5723,5.5723,5.5723,5.4503,6.4577,8.9834,14.3398,15.852,15.852,14.9034,14.3398,13.9664,13.5949,12.1289,10.8736,10.3765,9.7469,9.5921,9.134,9.134,8.8339,8.5381,
2019-03-01 00:00:00,2,9.7469,9.134,9.134,10.2176,10.0596,10.0596,9.9027,9.7469,9.7469,9.7469,11.2296,10.6976,10.2176,10.0596,9.5921,9.5921,9.4383,10.6976,9.7469,7.6765,7.1238,7.1238,6.3278,6.3278,5.945,5.6954,5.5723,5.3295,5.3295,5.2099,5.0914
2019-02-01 00:00:00,2,5.3295,5.3295,5.2099,5.2099,5.2099,5.0914,5.0914,5.0914,5.0914,5.0914,5.0914,5.0914,5.0914,7.1238,29.077,24.8479,22.1707,19.3562,17.0049,18.7629,17.7821,13.9664,11.5877,11.0513,10.6976,10.2176,10.0596,9.9027,,,
2019-01-01 00:00:00,2,14.3398,17.7821,17.7821,17.5872,17.1986,16.2346,16.0431,14.3398,11.4084,10.3765,10.0596,9.9027,9.4383,8.8339,8.3918,8.1024,7.6765,7.3979,7.2603,6.9883,6.854,6.7208,6.3278,6.3278,6.1991,5.945,5.945,5.6954,5.6954,5.3295,5.3295
2018-12-01 00:00:00,2,10.0596,14.7151,16.2346,16.2346,15.852,15.852,17.0049,15.2815,12.8579,10.6976,9.7469,8.8339,7.8174,6.0715,4.9741,4.4049,4.2946,4.1855,4.1855,4.0776,3.9709,3.9709,4.8579,10.0596,9.4383,7.9594,12.8579,10.3765,8.2466,6.5887,9.5921
2018-11-01 00:00:00,2,3.0652,2.9707,2.9707,2.9707,2.7856,3.356,3.9709,6.3278,10.3765,9.4383,9.2856,9.134,8.8339,8.5381,11.7676,20.1528,7.3979,7.5366,7.8174,10.5366,21.3591,28.4345,18.1732,17.1986,16.6189,15.0922,11.2296,8.8339,7.8174,7.2603,
2018-10-01 00:00:00,2,2.4307,2.6056,3.356,3.356,3.1609,2.9707,2.9707,2.8776,2.7856,2.6056,2.5175,2.5175,2.3452,2.695,2.6056,2.6056,2.4307,2.695,6.5887,5.945,3.9709,3.356,3.0652,2.9707,4.0776,3.658,3.4554,3.4554,3.356,3.2578,3.1609
2018-09-01 00:00:00,2,2.0965,2.0965,2.0162,1.9373,1.7834,1.7834,1.7834,1.9373,2.3452,2.3452,2.3452,2.2609,2.2609,2.178,2.4307,2.9707,2.7856,3.356,2.9707,2.9707,2.8776,2.7856,2.695,2.6056,2.6056,2.6056,2.6056,2.5175,2.4307,2.4307,
2018-08-01 00:00:00,2,2.3452,3.2578,4.1855,4.7429,4.2946,4.1855,4.1855,4.1855,4.0776,3.9709,3.9709,3.9709,3.9709,3.8654,3.658,3.658,3.1609,3.0652,2.8776,2.695,2.4307,2.4307,2.4307,2.3452,2.178,2.178,2.0965,2.178,2.178,2.0965,2.0965
2018-07-01 00:00:00,2,2.4307,2.4307,2.4307,2.4307,2.4307,2.4307,2.4307,2.4307,2.4307,2.4307,2.4307,2.3452,2.3452,2.3452,2.3452,2.3452,2.3452,2.3452,2.3452,2.3452,2.3452,2.3452,2.3452,2.3452,2.3452,2.3452,2.3452,2.3452,2.3452,2.3452,2.3452
2018-06-01 00:00:00,2,2.9707,2.9707,2.8776,2.8776,2.8776,2.8776,2.8776,2.8776,2.8776,2.8776,2.8776,2.8776,2.8776,2.8776,2.8776,2.8776,2.8776,2.9707,2.9707,2.9707,2.9707,2.8776,2.8776,2.7856,2.695,2.695,2.6056,2.6056,2.6056,2.5175,
2018-05-01 00:00:00,2,3.658,3.658,3.658,3.5561,3.4554,3.4554,3.4554,3.4554,3.4554,3.4554,3.4554,3.4554,3.4554,3.356,3.2578,3.2578,3.2578,3.2578,3.1609,3.1609,3.1609,3.1609,3.1609,3.1609,3.0652,3.0652,2.9707,2.9707,2.9707,2.9707,2.9707
2018-04-01 00:00:00,2,10.6976,10.0596,9.7469,9.4383,9.4383,9.134,10.5366,7.8174,5.8196,5.6954,5.6954,5.6954,5.6954,5.6954,5.6954,5.6954,5.3295,4.8579,4.7429,4.629,4.2946,4.1855,4.1855,4.0776,3.9709,3.9709,3.9709,3.8654,3.7611,3.7611,
2018-03-01 00:00:00,2,24.2249,24.2249,22.5787,20.1528,16.6189,15.4712,17.0049,17.3927,13.4099,13.0414,13.5949,11.4084,10.2176,10.8736,15.852,16.2346,15.0922,14.5272,14.3398,16.0431,17.5872,17.5872,18.1732,17.5872,16.0431,13.9664,13.0414,12.6749,12.4924,11.948,11.2296
2018-02-01 00:00:00,2,17.7821,8.8339,12.1289,7.9594,8.2466,22.1707,15.4712,10.0596,8.1024,6.854,10.5366,15.4712,7.6765,6.3278,5.8196,5.5723,5.2099,5.0914,5.5723,9.134,10.0596,23.8113,12.8579,9.4383,7.9594,7.1238,15.0922,17.0049,,,
2018-01-01 00:00:00,2,6.3278,6.3278,6.3278,7.3979,27.7949,29.7222,26.3134,27.158,27.158,26.9464,25.474,23.8113,22.5787,22.3745,23.399,25.0563,25.474,27.158,27.158,26.7351,26.3134,31.0208,35.4245,32.33,26.3134,21.3591,18.5659,16.6189,14.3398,15.4712,13.7804
2017-12-01 00:00:00,2,15.4784,43.3881,25.6834,19.7537,18.9603,16.2346,13.4099,10.0596,9.134,8.8339,8.5381,8.5381,7.6765,7.6765,7.3979,7.1238,6.854,6.3278,6.0715,5.8196,5.6954,5.945,8.5381,7.5366,6.1991,5.8196,5.5723,5.4503,6.0715,6.3278,7.1238
2017-11-01 00:00:00,2,1.8863,1.8863,1.8863,1.8863,1.8083,1.8083,1.8083,1.8083,1.7318,1.7318,1.7318,1.7318,1.7318,1.7318,1.6567,1.6567,1.5832,1.5111,2.0465,5.117,10.1722,9.8428,8.5735,11.3628,8.2683,5.7452,6.1374,6.6781,8.2683,10.6753,
2017-10-01 00:00:00,2,2.9334,2.6526,2.5618,2.3843,2.2978,2.2978,2.1289,2.0465,1.9657,1.8863,1.7318,1.7318,1.7318,1.7318,1.6567,1.6567,1.5832,1.5832,1.5111,1.5111,1.4405,1.4405,1.4405,1.4405,1.3714,1.3714,1.4405,2.2126,2.0465,1.8863,1.8863
2017-09-01 00:00:00,2,0.8185,0.8185,0.8185,0.8185,0.7649,0.7649,0.7649,0.7649,0.7649,0.7649,0.713,0.713,0.713,0.713,0.713,0.6626,0.6626,0.6139,0.6139,0.6139,0.6139,0.5668,0.5668,0.5668,0.5668,0.5215,0.5215,0.5215,0.5215,0.8185,
2017-08-01 00:00:00,2,1.0487,1.0487,1.0487,1.0487,1.0487,0.9888,0.9888,0.9888,0.9888,0.9888,0.9888,0.9888,0.9888,0.9888,0.9888,0.9888,0.9305,0.9305,0.9305,0.9305,0.9305,0.9305,0.9305,0.9305,0.9305,0.8737,0.8737,0.8737,0.8737,0.8185,0.8185
2017-07-01 00:00:00,2,1.4405,1.4405,1.3714,1.3714,1.3714,1.3038,1.3038,1.3038,1.3038,1.3038,1.3038,1.3038,1.3038,1.2377,1.2377,1.2377,1.2377,1.2377,1.2377,1.1732,1.1732,1.1732,1.1102,1.1102,1.1102,1.1102,1.1102,1.1102,1.0487,1.0487,1.0487
2017-06-01 00:00:00,2,2.4724,2.4724,2.4724,2.3843,2.3843,2.2978,2.2978,2.2126,2.2126,2.2126,2.1289,2.1289,2.0465,2.0465,2.0465,1.8863,1.8083,1.7318,1.7318,1.6567,1.5832,1.5832,1.5111,1.5111,1.5111,1.4405,1.4405,1.4405,1.4405,1.4405,
2017-05-01 00:00:00,2,1.3038,1.2377,1.2377,1.1732,1.1732,1.1732,1.1732,1.1102,1.1102,1.1102,1.1102,1.1102,1.0487,1.0487,1.0487,1.0487,0.9888,0.9888,0.9888,0.9888,3.8499,2.6526,2.7448,2.6526,2.6526,2.5618,2.5618,2.5618,2.5618,2.5618,2.4724
2017-04-01 00:00:00,2,2.6526,2.6526,2.5618,2.4724,2.3843,2.3843,2.2978,2.2126,2.2126,2.2126,2.1289,2.1289,2.0465,2.0465,2.0465,1.8863,1.8863,1.8863,1.8083,1.8083,1.7318,1.7318,1.5832,1.4405,1.4405,1.4405,1.4405,1.3714,1.3038,1.3038,
2017-03-01 00:00:00,2,3.429,3.429,3.3271,3.3271,3.1275,2.9334,2.7448,2.6526,2.5618,2.3843,2.3843,2.2978,2.2126,2.2126,2.2126,2.1289,2.1289,2.3843,3.8499,3.7426,3.5322,3.5322,3.3271,3.1275,3.0298,2.9334,2.8384,2.7448,2.7448,2.6526,2.6526
2017-02-01 00:00:00,2,6.9561,6.6781,6.4052,5.8746,5.49,5.3644,5.3644,5.117,4.8748,4.6378,4.6378,4.4061,4.2922,4.1796,3.9584,3.9584,3.8499,3.8499,3.7426,3.7426,3.7426,3.6367,3.5322,3.5322,3.429,3.429,3.429,3.429,,,
2017-01-01 00:00:00,2,6.5411,6.4052,6.1374,5.8746,6.1374,5.617,5.49,9.6799,11.0167,10.6753,13.5381,10.3387,13.1638,14.3004,17.5329,14.3004,10.3387,10.8454,10.0069,9.3578,8.1176,7.8198,7.5269,7.239,7.9681,7.5269,7.3823,7.239,7.239,7.0969,6.9561
2016-12-01 00:00:00,2,6.9561,6.2707,5.617,5.49,5.3644,5.3644,5.2401,5.117,5.3644,9.0404,21.7642,18.3863,17.5329,20.3529,25.8931,33.8704,31.2383,25.8931,21.3591,12.4293,7.5269,5.617,5.49,5.49,6.1374,8.4203,8.2683,7.9681,7.5269,6.9561,6.6781
2016-11-01 00:00:00,2,1.53,1.53,1.53,1.8969,1.8969,1.8214,1.8214,1.8969,1.8969,1.8969,1.8969,2.0512,3.4253,15.0641,25.676,22.9882,27.7949,24.4323,20.1467,16.2866,9.6799,6.6781,8.5735,8.4203,7.239,6.0054,5.117,4.6378,5.617,7.6727,
2016-10-01 00:00:00,2,1.3231,1.3231,1.4599,1.7469,1.6012,1.53,1.53,1.4599,1.4599,1.4599,1.3909,1.3231,1.3231,1.3231,1.7469,1.8969,1.8214,1.7469,1.6735,1.6735,1.7469,2.1298,2.0512,1.8969,1.9735,2.3719,2.2095,1.8214,1.6735,1.6012,1.53
2016-09-01 00:00:00,2,1.8969,2.1298,2.2902,1.8969,1.8214,1.7469,1.7469,1.7469,1.6735,1.6735,1.6012,1.6012,1.53,1.4599,1.4599,1.4599,1.3231,1.3231,1.3231,1.3231,1.2565,1.2565,1.1911,1.1911,1.6735,1.4599,1.4599,1.3909,1.3231,1.3231,
2016-08-01 00:00:00,2,1.9735,1.9735,1.8969,1.8969,1.7469,1.7469,1.7469,1.6735,1.6012,1.6012,1.6012,1.53,1.53,1.53,1.53,1.53,1.53,1.53,1.4599,1.4599,1.4599,1.4599,1.4599,1.3909,1.3909,1.6012,1.6012,1.53,1.53,1.53,1.53
2016-07-01 00:00:00,2,2.6227,2.6227,2.6227,2.5381,2.5381,2.5381,2.5381,2.4545,2.4545,2.4545,2.3719,2.3719,2.3719,2.3719,2.2902,2.2902,2.2902,2.2095,2.2095,2.1298,2.1298,2.1298,2.1298,2.1298,2.0512,2.0512,2.0512,2.0512,1.9735,1.9735,1.9735
2016-06-01 00:00:00,2,2.5381,4.1984,7.1787,7.2992,6.5863,5.4554,4.1984,3.8051,3.4253,3.4253,3.3326,3.2407,3.1496,3.0595,2.882,2.882,2.882,2.882,2.882,2.7946,2.7946,2.7946,2.7082,2.7082,2.7082,2.7082,2.7082,2.7082,2.6227,2.6227,
2016-05-01 00:00:00,2,4.4,3.8051,3.8051,3.4253,3.4253,3.3326,3.2407,3.2407,3.2407,3.1496,3.0595,3.0595,2.9703,2.9703,2.882,2.882,2.882,2.882,2.882,2.7946,2.7946,2.7082,2.7082,2.7082,2.7082,2.6227,2.5381,2.5381,2.5381,2.4545,2.4545
2016-04-01 00:00:00,2,4.1984,4.0988,4.0001,3.8051,3.8051,3.6135,3.6135,3.6135,3.6135,3.4253,3.2407,3.2407,3.2407,3.2407,3.1496,3.0595,3.0595,2.882,2.882,2.7946,2.7082,2.6227,2.5381,2.5381,2.5381,2.3719,2.2902,2.5381,4.1984,6.0117,
2016-03-01 00:00:00,2,8.037,6.5863,6.1252,7.2992,14.755,13.8409,15.2195,15.689,11.7877,10.392,9.8509,11.0823,8.7988,7.5424,6.1252,5.7869,5.4554,5.2381,5.1306,4.9179,4.7084,4.502,4.4,6.7034,6.1252,8.2883,6.8211,5.3464,4.8128,4.502,4.2988
2016-02-01 00:00:00,2,6.7034,6.7034,6.5863,6.1252,5.4554,4.6048,4.0001,3.8051,3.6135,3.3326,2.9703,3.8051,4.0988,3.8051,5.0239,6.3543,8.5422,10.392,10.8044,9.8509,7.9124,7.5424,6.2394,5.8989,5.7869,7.7884,6.1252,11.7877,14.755,,
2016-01-01 00:00:00,2,3.7206,4.4371,7.1794,11.1603,8.6277,5.6454,4.6917,4.1905,4.0701,3.9517,3.8352,3.9517,4.6917,5.0884,7.1794,25.9453,104.052,39.8047,28.5228,22.9339,17.7792,13.2428,11.3627,10.392,10.392,12.3628,11.7877,11.2222,11.5038,8.7988,7.1787
2015-12-01 00:00:00,2,9.1229,5.6454,7.3374,7.3374,8.464,8.301,8.6277,7.022,6.5546,6.5546,8.6277,8.9572,8.6277,9.2893,7.6558,5.9425,5.2246,5.0884,5.0884,4.9541,4.9541,4.9541,4.8219,4.8219,4.6917,4.6917,4.6917,4.1905,4.1905,4.0701,3.9517
2015-11-01 00:00:00,2,3.2817,3.2817,3.2817,3.1767,3.0737,3.0737,3.2817,7.022,6.4004,5.2246,5.0884,4.1905,5.7915,4.6917,4.1905,3.8352,3.608,6.4004,5.6454,4.8219,11.334,12.5656,12.9224,15.107,10.3007,8.464,8.301,8.301,8.301,10.8147,
2015-10-01 00:00:00,2,1.9823,2.1459,3.2817,3.2817,2.5866,2.3167,2.2304,2.0632,1.826,1.5346,1.4661,1.3994,1.3994,1.3344,1.3344,1.2711,1.0915,1.0915,1.035,0.927,0.8256,0.8256,0.7773,0.7306,0.7306,0.6856,0.7306,8.7921,3.9517,3.4973,3.2817
2015-09-01 00:00:00,2,1.2711,1.2711,1.1497,1.0915,1.0915,1.2711,2.1459,2.9725,17.936,9.6239,5.7915,4.9541,5.2246,5.6454,4.4371,3.2817,2.1459,1.826,1.6768,1.6048,1.6048,1.5346,1.5346,1.5346,1.5346,1.4661,1.4661,1.5346,1.9823,1.9823,
2015-08-01 00:00:00,2,1.3344,1.3344,1.3344,1.3344,1.3344,1.2711,1.2711,1.2711,1.2711,1.2711,1.2711,1.2096,1.2711,1.6768,1.5346,1.5346,1.4661,1.4661,1.3994,1.3994,1.3994,1.3994,1.3994,1.3994,1.3994,1.9823,1.9823,1.5346,1.3994,1.3994,1.3994
2015-07-01 00:00:00,2,2.4948,2.4048,2.3167,2.3167,2.2304,1.9823,1.9823,1.9823,1.9823,1.9033,1.826,1.7505,1.7505,1.6768,1.5346,1.5346,1.5346,1.4661,1.4661,1.4661,1.4661,1.3994,1.3994,1.3994,1.3994,1.3994,1.3344,1.3344,1.3344,1.3344,1.3344
2015-06-01 00:00:00,2,2.4948,3.4973,3.2817,3.2817,3.2817,3.1767,3.1767,3.0737,3.0737,2.9725,2.9725,2.8732,2.8732,2.8732,2.8732,3.2817,3.2817,3.0737,3.0737,2.8732,2.8732,3.2817,3.0737,2.8732,2.8732,2.7758,2.6803,2.5866,2.5866,2.5866,
2015-05-01 00:00:00,2,3.608,4.3128,4.1905,4.1905,4.0701,4.9541,4.9541,4.4371,4.1905,3.9517,4.1905,4.1905,3.9517,3.7206,3.608,3.608,3.4973,3.3886,3.2817,2.8732,2.4948,2.3167,2.2304,2.1459,2.0632,1.9823,1.9823,1.9823,2.3167,2.3167,2.2304
2015-04-01 00:00:00,2,4.4371,4.4371,4.3128,4.3128,4.3128,4.3128,4.6917,4.6917,4.4371,4.4371,4.4371,4.4371,4.3128,4.1905,4.1905,4.0701,4.0701,4.0701,3.9517,3.9517,4.1905,4.6917,4.1905,4.0701,3.9517,3.9517,3.9517,3.8352,3.7206,3.7206,
2015-03-01 00:00:00,2,5.2246,4.9541,4.8219,4.5634,4.4371,4.3128,5.7915,24.2937,18.9015,34.7528,22.263,15.2923,12.7437,11.6831,11.6831,12.9224,9.1229,6.4004,4.9541,4.9541,6.4004,7.022,6.8655,7.6558,6.7097,5.5031,5.2246,4.9541,4.6917,4.6917,4.4371
2015-02-01 00:00:00,2,1.826,1.7505,2.2304,3.0737,4.6917,4.9541,3.7206,9.7922,22.263,16.7919,9.6239,5.2246,4.6917,4.0701,3.4973,3.2817,7.022,4.6917,5.7915,6.7097,6.0943,5.3628,5.0884,4.9541,4.5634,5.5031,5.5031,5.2246,,,
2015-01-01 00:00:00,2,1.3344,1.2711,1.2711,1.2096,2.8732,3.2817,2.3167,1.9823,1.6048,1.2711,1.035,0.927,0.927,1.035,0.9802,0.8755,0.8256,0.7773,0.7773,0.7306,0.7306,0.7306,0.8256,1.035,1.3994,1.3994,1.4661,1.9823,3.4973,1.7505,1.6048
2014-12-01 00:00:00,2,5.8512,3.6074,2.4212,2.2057,2.0662,1.8635,1.7977,1.7327,1.6687,1.6056,1.6056,1.5434,1.7327,2.569,2.7969,2.4947,2.4947,2.4212,2.3485,2.4212,2.569,1.7977,1.6056,1.5434,1.5434,1.5434,1.4821,1.4218,1.3624,1.304,1.304
2014-11-01 00:00:00,2,1.8635,1.6056,1.3624,1.08,1.0265,1.08,1.08,1.0265,1.08,1.4821,1.6687,1.5434,1.5434,2.7201,2.8744,2.6442,2.4947,2.1355,2.0662,1.9302,1.8635,1.7327,1.7977,1.9302,2.1355,3.0319,4.8673,12.7918,13.3419,13.7602,
2014-10-01 00:00:00,2,1.19,1.08,1.0265,1.0265,0.974,0.974,0.974,0.974,0.9226,0.9226,0.9226,0.9226,0.8722,0.8229,0.7747,0.7747,0.7747,0.7276,1.19,1.3624,1.3624,1.3624,1.4821,1.3624,1.19,1.3624,1.9302,2.1355,2.0662,1.9978,1.9978
2014-09-01 00:00:00,2,1.4821,1.4821,1.4821,1.4821,1.4218,1.4218,1.4218,1.4218,1.3624,1.3624,1.3624,1.304,1.304,1.304,1.304,1.2465,1.2465,1.2465,1.2465,1.19,1.19,1.19,1.1345,1.1345,1.08,1.08,1.08,1.08,1.1345,1.3624,
2014-08-01 00:00:00,2,1.9978,1.9978,1.9978,1.9978,1.9302,1.9302,1.9302,1.8635,1.7327,1.6687,1.6687,1.6687,1.6687,1.6687,1.6687,1.6687,1.6056,1.6056,1.6056,1.6056,1.6056,1.5434,1.5434,1.5434,1.5434,1.4821,1.4821,1.4821,1.4821,1.4821,1.4821
2014-07-01 00:00:00,2,1.6687,1.6687,1.6687,1.6687,1.6687,1.6687,1.6687,1.6687,1.6687,1.6687,1.6687,1.6687,1.6687,1.7327,1.7327,1.7327,1.7327,1.7327,1.7327,1.7327,1.7327,1.7327,1.7327,1.7327,1.8635,2.6442,3.5229,3.4392,2.7201,2.0662,1.9978
2014-06-01 00:00:00,2,3.3562,3.1118,3.0319,2.8744,2.8744,2.7201,2.4947,2.4947,2.4212,2.4212,2.4212,2.2767,2.2057,2.1355,2.1355,2.0662,1.9978,1.9978,1.9978,1.9978,1.9302,1.9302,1.9302,1.8635,1.8635,1.7977,1.7327,1.6687,1.6687,1.6687,
2014-05-01 00:00:00,2,2.7969,2.7201,2.7201,2.6442,2.6442,2.569,2.4947,2.4947,2.4212,2.3485,2.3485,2.3485,2.2767,2.2767,2.2767,2.2767,2.2767,2.2057,2.2057,2.2057,2.1355,2.1355,2.1355,2.1355,2.3485,3.9529,4.7727,4.4012,3.8654,3.6074,3.4392
2014-04-01 00:00:00,2,3.6074,3.4392,3.3562,3.274,3.274,3.1925,2.8744,2.7969,2.7201,2.6442,2.569,2.4947,2.569,2.8744,2.9528,2.8744,2.7969,2.7201,2.8744,3.1118,3.274,3.274,3.3562,3.1925,3.0319,2.8744,2.8744,2.7969,2.7969,2.7969,
2014-03-01 00:00:00,2,4.3101,4.4012,4.0411,3.3562,3.1118,3.6074,7.7878,7.0101,5.2527,4.9626,4.7727,4.4012,4.2197,4.1301,3.9529,3.8654,3.6074,3.4392,3.3562,3.274,3.5229,3.9529,3.6927,3.3562,3.0319,3.0319,2.9528,2.8744,2.8744,2.9528,3.1925
2014-02-01 00:00:00,2,4.2197,3.8654,3.6927,3.5229,3.1925,2.7969,2.7201,2.569,2.3485,2.3485,2.2767,2.2057,2.2057,2.4212,3.3562,4.4012,5.7498,7.2292,6.1595,4.7727,3.6927,3.3562,3.274,3.274,3.1925,3.1118,3.0319,3.1925,,,
2014-01-01 00:00:00,2,7.6748,6.6863,6.2635,6.1595,5.9533,5.649,4.9626,4.7727,4.5855,4.5855,4.7727,4.6787,4.5855,4.4012,4.2197,4.3101,5.8512,11.5861,18.3586,19.9457,19.6244,18.9875,17.4301,15.3349,11.7178,7.3396,6.1595,5.7498,5.4495,4.7727,4.4012
2013-12-01 00:00:00,2,12.3849,14.6112,11.4549,8.9511,7.7878,7.4507,7.3396,7.2292,7.1193,7.0101,6.5796,9.801,8.0156,6.1595,5.649,7.4507,7.4507,7.1193,6.9015,6.6863,6.7936,8.2458,11.8501,10.5523,8.5957,7.7878,7.6748,9.5552,10.6796,8.1304,7.1193
2013-11-01 00:00:00,2,2.4947,2.4947,2.4212,2.4212,2.4212,2.6442,3.7787,4.4012,3.9529,3.1925,2.7969,2.4212,2.3485,2.0662,1.8635,1.9302,2.7201,2.8744,3.5229,3.1118,2.9528,3.274,7.4507,11.5861,11.0647,10.2996,9.3118,8.9511,7.5625,6.2635,
2013-10-01 00:00:00,2,3.7787,3.7787,6.2635,7.4507,7.6748,6.7936,6.7936,6.3683,5.9533,5.5489,5.2527,5.0586,4.8673,4.7727,4.6787,4.7727,5.649,5.0586,4.5855,4.4012,4.3101,4.2197,4.7727,4.1301,3.6074,3.3562,2.8744,2.7201,2.6442,2.569,2.569
2013-09-01 00:00:00,2,2.9528,2.8744,2.8744,3.0319,3.6927,3.6074,3.5229,3.4392,3.4392,3.3562,3.3562,3.274,3.1925,3.1118,3.0319,3.0319,2.9528,2.9528,2.9528,2.8744,2.8744,2.8744,3.4392,7.1193,4.8673,3.6927,3.5229,3.274,3.5229,3.6074,
2013-08-01 00:00:00,2,3.3562,3.274,3.274,3.1925,3.1925,3.1118,3.1118,3.1118,3.0319,3.0319,3.0319,2.9528,2.9528,2.9528,2.8744,2.8744,2.9528,3.1118,3.1118,3.0319,3.0319,2.9528,2.8744,2.8744,2.8744,2.9528,3.1118,3.0319,3.0319,2.9528,2.9528
2013-07-01 00:00:00,2,4.5855,4.4012,4.3101,4.2197,4.1301,4.1301,4.0411,3.9529,3.8654,3.7787,3.7787,3.6927,3.6927,3.6927,3.6074,3.6074,3.6074,3.6074,3.5229,3.5229,3.5229,3.5229,3.5229,3.6074,4.3101,3.9529,3.6074,3.5229,3.4392,3.4392,3.3562
2013-06-01 00:00:00,2,4.9626,4.7727,4.6787,5.0586,5.0586,4.9626,4.7727,4.5855,4.5855,4.493,4.4012,4.4012,4.3101,4.2197,4.2197,4.2197,4.1301,4.1301,4.0411,4.0411,4.0411,3.9529,3.9529,3.9529,3.8654,3.8654,3.8654,4.1301,4.8673,4.6787,
2013-05-01 00:00:00,2,4.7727,4.7727,4.7727,4.7727,4.6787,4.6787,4.6787,4.5855,4.5855,4.5855,4.5855,4.493,4.493,4.493,4.493,4.4012,4.4012,4.4012,4.4012,4.3101,4.3101,4.3101,4.3101,4.5855,5.7498,6.2635,5.9533,6.7936,7.6748,6.2635,5.1553
2013-04-01 00:00:00,2,6.4736,6.3683,6.4736,6.9015,7.6748,9.191,8.5957,9.4332,11.1942,11.1942,11.0647,11.8501,11.4549,13.0658,11.7178,10.0492,9.6778,9.5552,8.1304,6.5796,6.3683,6.1595,5.9533,5.649,5.3508,5.1553,5.0586,4.9626,4.9626,4.8673,
2013-03-01 00:00:00,2,11.983,19.9457,17.8921,14.1833,8.7136,6.3683,6.1595,6.1595,6.0561,5.8512,6.0561,6.4736,6.2635,6.1595,6.3683,7.1193,6.9015,6.6863,6.5796,6.4736,6.2635,6.0561,7.1193,6.6863,5.9533,6.5796,9.191,11.5861,8.1304,6.1595,6.4736
2013-02-01 00:00:00,2,25.702,23.0952,15.3349,13.9007,13.6203,20.5943,19.9457,19.146,18.2026,17.5836,15.0438,13.7602,9.801,8.7136,8.0156,7.6748,7.5625,7.4507,6.4736,5.4495,5.2527,5.2527,5.1553,5.1553,5.0586,6.1595,7.1193,7.7878,,,
2013-01-01 00:00:00,2,3.6927,3.4392,3.4392,3.6074,3.6927,3.4392,3.274,4.7727,6.3683,5.9533,7.4507,9.0707,8.5957,7.2292,7.7878,14.468,21.416,18.9875,11.3243,7.6748,8.5957,8.9511,8.832,8.7136,8.9511,12.6556,9.5552,10.9357,11.3243,11.7178,30.2746
2012-12-01 00:00:00,2,4.6787,5.2527,5.0586,5.0586,4.4012,4.1301,4.0411,5.4495,16.2205,8.9511,7.9014,7.2292,7.1193,8.0156,6.3683,5.5489,5.1553,4.7727,4.4012,4.7727,6.9015,8.2458,7.3396,6.1595,4.8673,4.1301,4.0411,4.2197,4.493,4.0411,3.7787
2012-11-01 00:00:00,2,2.7201,2.8744,4.4012,4.6787,4.493,4.4012,4.3101,4.1301,4.3101,5.9533,6.0561,5.0586,4.493,4.3101,4.7727,8.7136,9.9248,8.9511,8.2458,7.9014,11.1942,8.4785,6.1595,4.9626,4.9626,10.1741,7.2292,6.2635,5.2527,4.493,
2012-10-01 00:00:00,2,3.274,3.1925,3.1118,3.1118,3.0319,3.0319,2.9528,2.8744,2.8744,2.8744,2.7969,2.7969,3.4392,3.3562,3.274,3.274,3.1925,3.1925,3.1925,3.1118,3.4392,3.8654,3.9529,3.6074,3.5229,3.274,2.8744,2.7201,2.569,2.4947,2.4212
2012-09-01 00:00:00,2,3.5229,3.5229,3.5229,3.5229,3.5229,3.4392,3.4392,3.4392,3.3562,3.3562,3.3562,3.3562,3.274,3.274,3.1925,3.1118,3.1118,3.1118,3.1118,3.0319,3.274,3.274,3.3562,3.3562,3.3562,3.6927,3.6927,3.6074,3.4392,3.3562,
2012-08-01 00:00:00,2,4.2197,4.2197,4.2197,4.2197,4.2197,4.1301,4.0411,3.9529,3.9529,3.9529,3.9529,3.9529,3.9529,3.9529,4.0411,4.0411,4.0411,4.0411,3.9529,3.8654,3.8654,3.7787,3.7787,3.6927,3.6927,3.6927,3.6074,3.6074,3.6074,3.6074,3.5229
2012-07-01 00:00:00,2,5.9533,5.9533,5.9533,5.8512,5.7498,5.8512,6.0561,5.9533,5.9533,5.8512,5.649,5.4495,5.2527,5.2527,5.1553,5.1553,5.0586,4.8673,4.8673,4.7727,4.6787,4.6787,4.5855,4.493,4.493,4.493,4.4012,4.4012,4.3101,4.3101,4.3101
2012-06-01 00:00:00,2,6.0561,6.3683,6.3683,6.2635,6.6863,8.7136,9.4332,9.5552,8.5957,8.4785,8.3619,8.3619,8.4785,8.9511,8.5957,8.4785,8.2458,8.1304,7.7878,7.2292,7.9014,7.2292,6.3683,6.2635,6.1595,6.1595,6.1595,6.0561,6.0561,5.9533,
2012-05-01 00:00:00,2,6.3683,6.2635,6.2635,6.1595,6.1595,6.1595,6.0561,6.0561,6.0561,6.0561,5.9533,5.9533,5.9533,6.0561,8.5957,9.9248,9.3118,9.0707,7.2292,6.4736,6.3683,6.3683,6.2635,6.2635,6.2635,6.1595,6.4736,6.2635,6.2635,6.0561,6.0561
2012-04-01 00:00:00,2,12.7918,12.3849,11.5861,11.0647,9.9248,8.9511,8.7136,8.7136,8.5957,8.3619,8.2458,8.1304,8.1304,8.0156,8.0156,8.3619,8.1304,7.9014,7.9014,7.7878,7.6748,7.6748,8.2458,7.7878,7.4507,7.3396,7.1193,6.6863,6.5796,6.4736,
2012-03-01 00:00:00,2,8.3619,8.2458,8.2458,8.1304,8.0156,7.7878,7.4507,7.3396,7.2292,7.1193,7.1193,7.2292,7.6748,8.832,10.0492,11.0647,11.4549,11.7178,10.8074,10.6796,10.6796,9.9248,10.9357,16.0716,17.4301,17.1247,15.9232,14.7549,14.1833,13.9007,13.3419
2012-02-01 00:00:00,2,19.4644,17.4301,16.5199,15.1891,13.4808,12.1164,12.2504,12.52,12.1164,12.6556,13.2036,12.7918,12.1164,11.7178,12.7918,12.1164,11.3243,10.5523,10.1741,9.9248,9.5552,9.5552,9.4332,9.3118,9.3118,8.7136,8.7136,8.5957,8.4785,,
2012-01-01 00:00:00,2,29.8986,48.4949,68.2135,64.9212,44.7285,50.5349,54.0043,41.5008,50.7635,68.2135,59.7329,50.0788,42.9958,29.1517,23.7801,22.9251,21.9148,20.5943,19.3049,18.0471,17.2771,16.2205,15.4812,14.8991,14.6112,14.468,19.146,29.1517,41.0774,40.2353,24.4725
2011-12-01 00:00:00,2,13.9007,13.6203,13.4808,13.4808,13.3419,13.0658,13.2036,14.1833,14.1833,14.0418,13.6203,13.6203,24.9966,26.7737,31.2225,32.7618,30.842,29.8986,23.7801,15.9232,14.6112,13.7602,14.0418,13.3419,12.2504,15.628,33.9344,46.4867,33.7379,23.9525,22.2497
2011-11-01 00:00:00,2,3.274,3.4392,3.4392,3.274,3.1925,2.9528,2.8744,3.3562,3.3562,3.1925,3.1118,3.9529,10.1741,10.0492,10.0492,9.801,8.0156,7.0101,5.649,5.649,5.5489,5.5489,5.7498,7.1193,7.0101,8.5957,22.5864,34.7247,25.3484,14.1833,
2011-10-01 00:00:00,2,1.9978,1.9978,2.4212,2.6442,2.7201,3.1118,3.0319,3.0319,2.9528,2.9528,2.8744,3.3562,3.6074,3.6927,4.3101,6.1595,6.2635,9.5552,5.3508,4.493,3.9529,3.6927,3.7787,5.7498,5.7498,4.5855,4.2197,3.6927,3.4392,3.274,3.1118
2011-09-01 00:00:00,2,2.7201,2.6442,2.6442,2.6442,2.569,2.569,2.569,2.4947,2.4947,2.4212,2.3485,2.3485,2.3485,2.2767,2.2767,2.2767,2.2057,2.2057,2.2057,2.2057,2.1355,2.1355,2.1355,2.1355,2.2057,2.0662,2.0662,2.0662,1.9978,1.9978,
2011-08-01 00:00:00,2,3.6074,3.6074,3.6927,3.9529,3.9529,3.7787,3.7787,3.6927,3.6927,3.6074,3.6074,3.6074,3.5229,3.5229,3.5229,3.5229,3.5229,3.4392,3.4392,3.3562,3.274,3.1925,3.1925,3.1118,3.1118,3.0319,2.8744,2.8744,2.7201,2.7201,2.6442
2011-07-01 00:00:00,2,4.493,4.493,4.493,4.4012,4.4012,4.4012,4.3101,4.3101,4.3101,4.3101,4.2197,4.2197,4.2197,4.1301,4.1301,4.1301,4.0411,4.0411,4.0411,4.0411,3.9529,3.9529,3.8654,3.8654,3.7787,3.6927,3.6927,3.6927,3.6927,3.6074,3.6074
2011-06-01 00:00:00,2,6.0561,5.649,5.1553,5.0586,4.9626,4.8673,4.8673,5.1553,5.2527,6.0561,6.1595,5.8512,5.7498,5.7498,5.5489,5.5489,5.4495,5.3508,5.2527,5.1553,5.0586,4.9626,4.8673,4.8673,4.7727,4.7727,4.6787,4.6787,4.5855,4.493,
2011-05-01 00:00:00,2,6.4736,6.4736,6.4736,6.4736,6.4736,6.4736,6.4736,6.3683,6.3683,6.3683,6.3683,6.3683,6.2635,6.2635,6.2635,6.5796,7.1193,7.2292,7.0101,6.7936,6.6863,6.5796,6.4736,6.4736,6.4736,6.3683,6.3683,6.3683,6.3683,6.2635,6.2635
2011-04-01 00:00:00,2,12.6556,10.2996,9.6778,11.3243,10.6796,9.9248,8.5957,8.3619,8.2458,8.1304,8.0156,8.0156,7.7878,7.6748,7.4507,7.4507,7.3396,7.2292,7.2292,7.1193,7.0101,7.0101,6.9015,6.9015,6.7936,6.6863,6.5796,6.5796,6.4736,6.4736,
2011-03-01 00:00:00,2,8.9511,10.8074,13.3419,13.7602,17.1247,19.3049,25.1723,24.1254,21.9148,17.2771,14.468,12.6556,15.7754,26.954,24.2987,17.7376,12.1164,10.8074,9.801,9.3118,8.7136,8.4785,8.2458,7.6748,7.3396,7.1193,7.5625,7.5625,7.3396,7.2292,10.6796
2011-02-01 00:00:00,2,7.9014,7.6748,6.7936,6.2635,5.9533,5.8512,5.8512,5.649,5.4495,5.2527,5.1553,5.0586,4.9626,4.9626,4.8673,4.7727,5.4495,5.3508,5.2527,5.1553,5.1553,5.3508,7.4507,9.3118,8.832,8.3619,7.7878,8.4785,,,
2011-01-01 00:00:00,2,20.1072,19.4644,19.9457,19.146,17.4301,16.3699,13.4808,11.7178,11.5861,11.4549,11.983,12.52,16.6703,35.9229,32.7618,28.0448,21.416,17.1247,12.7918,12.1164,11.3243,10.6796,10.2996,9.4332,8.4785,8.1304,8.5957,8.7136,8.3619,8.1304,8.0156
2010-12-01 00:00:00,2,11.8501,10.9357,11.8501,12.6556,11.983,11.7178,11.8501,12.9285,12.2504,11.3243,10.9357,10.8074,11.7178,13.4808,13.3419,13.2036,11.0647,10.9357,11.1942,10.5523,9.9248,8.9511,9.6778,10.9357,12.3849,14.3254,17.7376,23.6082,30.6525,31.9887,16.5199
2010-11-01 00:00:00,2,4.9626,5.8512,7.1193,6.4736,6.6863,11.983,14.1833,8.4785,9.6778,15.7754,15.628,11.3243,8.832,11.4549,11.983,11.5861,11.983,9.9248,6.2635,5.8512,7.7878,15.3349,18.0471,22.5864,28.4119,28.0448,22.4178,17.5836,15.0438,12.7918,
2010-10-01 00:00:00,2,5.5489,5.4495,5.4495,5.7498,7.9014,8.7136,8.4785,11.4549,11.983,11.8501,11.7178,11.7178,11.5861,11.4549,11.5861,14.1833,15.7754,11.5861,8.832,7.5625,6.4736,5.1553,4.1301,3.8654,4.2197,4.4012,4.9626,4.493,4.2197,4.1301,4.5855
2010-09-01 00:00:00,2,3.1118,3.1118,3.1118,3.1118,3.1118,3.1118,3.1118,3.1925,4.5855,4.7727,4.493,4.2197,4.1301,3.8654,3.6074,3.4392,3.3562,3.3562,3.274,3.1925,3.1925,3.1925,3.1925,3.1118,3.6927,4.3101,4.8673,5.8512,6.3683,5.7498,
2010-08-01 00:00:00,2,3.9529,3.8654,3.7787,3.7787,3.7787,3.7787,3.6927,3.6927,3.6927,3.6074,3.6074,3.6074,3.6074,3.6074,3.6074,3.6074,3.5229,3.5229,3.5229,3.4392,3.4392,3.4392,3.4392,3.3562,3.3562,3.274,3.274,3.1925,3.1925,3.1925,3.1925
2010-07-01 00:00:00,2,4.493,4.493,4.493,4.4012,4.4012,4.4012,4.4012,4.3101,4.3101,4.3101,4.3101,4.2197,4.2197,4.2197,4.2197,4.1301,4.1301,4.1301,4.0411,4.0411,4.0411,4.0411,3.9529,3.9529,3.8654,3.8654,3.8654,3.8654,3.9529,3.9529,3.9529
2010-06-01 00:00:00,2,5.2527,5.2527,5.2527,5.2527,5.2527,5.5489,5.4495,5.4495,5.4495,5.3508,5.3508,5.2527,5.1553,5.1553,5.0586,5.0586,4.9626,4.8673,4.7727,4.7727,4.6787,4.6787,4.5855,4.5855,4.5855,4.5855,4.493,4.493,4.493,4.493,
2010-05-01 00:00:00,2,5.8512,5.7498,5.649,5.5489,5.4495,5.4495,5.4495,5.3508,5.3508,5.5489,5.649,5.4495,5.3508,5.2527,5.2527,5.2527,5.3508,6.0561,6.6863,6.4736,6.3683,6.2635,6.2635,6.2635,6.1595,6.4736,6.3683,6.1595,5.9533,5.5489,5.2527
2010-04-01 00:00:00,2,7.4507,7.1193,7.1193,7.6748,8.4785,10.9357,13.9007,10.0492,7.9014,7.3396,7.2292,7.1193,7.1193,7.0101,7.0101,6.9015,6.5796,6.4736,6.1595,6.1595,5.9533,5.9533,5.8512,5.8512,5.7498,5.649,5.649,5.5489,5.5489,5.5489,
2010-03-01 00:00:00,2,9.6778,11.0647,12.52,12.6556,12.9285,11.5861,12.52,11.7178,9.191,8.4785,7.9014,7.7878,7.6748,7.7878,8.7136,10.1741,10.5523,9.6778,10.0492,10.9357,11.0647,9.801,8.4785,8.4785,8.0156,7.5625,7.4507,7.2292,7.2292,7.1193,7.1193
2010-02-01 00:00:00,2,9.9248,9.6778,9.4332,9.191,9.0707,9.0707,8.832,8.7136,8.5957,8.4785,8.3619,8.1304,8.1304,8.0156,7.7878,7.5625,7.5625,7.9014,12.1164,9.5552,8.5957,8.2458,7.6748,8.2458,9.0707,8.5957,8.832,9.4332,,,
2010-01-01 00:00:00,2,21.5818,14.8991,13.4808,12.52,12.2504,12.7918,18.3586,15.628,12.3849,11.1942,10.5523,10.1741,9.9248,9.9248,12.1164,12.52,12.52,12.2504,10.5523,18.3586,19.4644,19.7848,19.4644,16.5199,15.628,16.2205,13.3419,11.983,11.1942,10.6796,10.1741
2009-12-01 00:00:00,2,12.7918,16.3699,17.2771,18.672,23.0952,31.2225,29.7112,25.3484,21.416,20.5943,17.7376,13.6203,13.3419,18.3586,19.146,14.1833,12.3849,11.5861,14.468,11.8501,11.4549,11.0647,11.1942,10.9357,11.3243,18.2026,15.3349,16.8212,25.702,25.525,28.0448
2009-11-01 00:00:00,2,9.6778,12.3849,13.3419,16.8212,9.9248,8.7136,8.3619,8.832,11.5861,16.9727,16.6703,10.2996,10.4257,8.7136,15.7754,17.8921,13.9007,8.7136,8.2458,7.7878,7.4507,7.2292,7.0101,7.0101,6.9015,6.7936,6.9015,7.2292,8.3619,9.801,
2009-10-01 00:00:00,2,5.1464,4.8544,4.8544,5.5456,5.2451,5.0483,6.7004,12.9195,12.367,9.801,7.9014,7.5625,7.4507,7.5625,9.3118,8.4785,9.191,13.6203,9.6778,9.5552,10.4257,18.0471,23.4367,15.9232,11.4549,32.3744,19.7848,16.9727,15.628,11.7178,10.0492
2009-09-01 00:00:00,2,5.0483,4.951,4.8544,4.951,5.1464,5.1464,5.1464,5.7494,5.1464,4.7585,4.4752,4.3822,4.1985,4.3822,5.0483,5.0483,5.0483,5.0483,5.0483,5.0483,5.6471,11.4223,9.3714,6.4843,6.4843,5.4447,5.0483,4.8544,4.8544,5.956,
2009-08-01 00:00:00,2,5.3446,5.3446,5.3446,5.2451,5.2451,5.2451,5.2451,5.1464,5.1464,5.1464,5.1464,5.0483,5.0483,5.0483,4.951,4.951,4.8544,4.8544,4.8544,4.8544,5.0483,5.0483,4.951,5.2451,6.2709,7.8202,6.7004,5.8523,5.5456,5.4447,5.2451
2009-07-01 00:00:00,2,7.0294,7.0294,6.9191,6.9191,6.8094,6.8094,6.7004,6.592,6.2709,6.2709,6.1653,6.1653,6.1653,6.1653,6.0603,6.0603,5.956,5.956,5.8523,5.7494,5.7494,5.7494,5.6471,5.6471,5.5456,5.5456,5.5456,5.4447,5.4447,5.4447,5.3446
2009-06-01 00:00:00,2,7.9357,7.9357,7.8202,7.8202,7.7053,7.591,7.591,7.4774,7.3644,7.3644,7.3644,7.3644,7.2521,7.2521,7.2521,7.2521,7.1404,7.1404,7.0294,6.9191,6.9191,6.8094,6.8094,6.8094,6.8094,7.2521,7.4774,7.591,7.2521,7.1404,
2009-05-01 00:00:00,2,10.2498,10.3777,10.5062,10.3777,10.1225,9.8697,9.6193,9.3714,9.1259,9.1259,9.1259,9.004,9.004,9.004,9.004,9.004,8.8828,8.8828,8.7622,8.6423,8.7622,8.4042,8.4042,8.4042,8.4042,8.2862,8.1687,8.1687,8.0519,8.0519,7.9357
2009-04-01 00:00:00,2,22.5895,17.8149,14.9239,13.7652,13.1991,12.6421,17.8149,17.8149,19.7387,14.9239,13.9081,13.6228,12.7805,12.367,12.6421,12.2304,11.9587,11.6894,11.5555,11.4223,11.2897,11.2897,11.1576,11.1576,11.1576,10.765,10.6353,10.5062,10.5062,10.3777,
2009-03-01 00:00:00,2,13.481,13.059,12.9195,12.5043,17.0355,17.5015,17.0355,16.7274,15.9665,16.5741,25.0446,15.2191,11.8237,11.8237,11.1576,12.5043,19.5755,24.8661,16.4214,14.1955,13.1991,12.9195,15.2191,16.2692,21.5668,16.1176,12.5043,14.9239,21.5668,21.3981,22.5895
2009-02-01 00:00:00,2,18.1304,18.6074,25.2236,17.0355,16.2692,16.4214,16.8812,19.7387,21.5668,26.6729,27.9659,30.4279,37.8548,41.9021,28.7151,22.2466,19.7387,16.8812,16.5741,16.5741,17.3457,26.3077,19.5755,20.2312,24.688,18.6074,15.5164,13.9081,,,
2009-01-01 00:00:00,2,67.7202,36.8157,36.1974,28.1525,29.4717,31.3956,24.688,24.8661,23.8051,21.3981,18.7675,19.4129,21.0622,21.5668,21.2299,17.5015,17.1903,18.6074,27.2242,30.044,32.3746,32.1779,32.5718,30.6205,27.7797,25.2236,27.9659,28.7151,27.5941,26.3077,25.583
2008-12-01 00:00:00,2,3.5792,3.3253,3.16,3.2423,3.16,3.0786,3.0786,3.0786,3.3253,2.9979,3.0786,3.6654,6.7004,13.481,25.7635,69.2881,360.256,116.507,42.5552,32.5718,26.8562,24.5105,22.5895,22.2466,21.3981,21.2299,26.3077,55.6725,75.4228,70.605,72.4643
2008-11-01 00:00:00,2,3.84,3.5792,3.4938,3.4092,3.6654,3.5792,5.5456,5.0483,5.3446,6.2709,5.4447,4.1985,4.1985,8.4042,11.6894,7.8202,6.4843,7.2521,11.2897,8.4042,5.8523,5.5456,5.5456,7.0294,6.2709,5.7494,5.1464,4.1985,3.9285,3.5792,
2008-10-01 00:00:00,2,3.2423,3.2423,2.9181,2.9979,2.9979,2.9979,3.4938,6.0603,5.7494,4.7585,3.84,3.4092,3.2423,3.16,2.9979,2.9979,3.16,4.4752,4.951,3.84,3.4938,3.3253,3.16,3.0786,3.0786,2.9979,2.9979,2.9181,2.8391,2.8391,2.7609
2008-09-01 00:00:00,2,5.8523,5.4447,4.8544,4.1985,3.84,3.2423,3.2423,3.16,3.0786,3.0786,3.0786,3.0786,2.9979,2.9979,2.9979,2.9181,2.9181,2.9181,2.9181,2.9181,3.6654,5.3446,4.951,4.1078,3.84,3.7523,5.2451,4.6633,3.5792,3.3253,
2008-08-01 00:00:00,2,3.3253,3.3253,3.2423,3.2423,3.2423,3.2423,3.2423,3.2423,3.2423,3.16,3.16,3.16,3.16,3.16,3.0786,3.0786,3.0786,3.0786,3.0786,2.9979,2.9979,2.9979,2.9979,2.9181,2.9181,2.9181,2.9181,2.9181,2.9181,2.9181,5.7494
2008-07-01 00:00:00,2,4.3822,4.3822,4.29,4.29,4.29,4.29,4.1985,4.0178,4.0178,4.0178,3.9285,3.9285,3.9285,3.9285,3.9285,3.84,3.84,3.7523,3.7523,3.7523,3.6654,3.6654,3.5792,3.5792,3.5792,3.4938,3.4938,3.4092,3.4092,3.3253,3.3253
2008-06-01 00:00:00,2,5.0483,5.0483,5.0483,5.0483,5.0483,5.0483,5.0483,5.0483,4.951,4.951,4.951,4.951,4.951,4.951,4.951,4.951,4.8544,4.8544,4.8544,4.8544,4.8544,4.8544,4.8544,5.0483,5.0483,4.951,4.951,4.951,4.951,4.8544,
2008-05-01 00:00:00,2,6.8094,6.8094,6.8094,6.7004,6.7004,6.7004,6.4843,6.3773,6.2709,6.2709,6.2709,6.2709,6.2709,6.2709,6.1653,6.1653,6.1653,6.1653,6.1653,6.0603,6.0603,5.956,5.8523,5.6471,5.5456,5.4447,5.2451,5.2451,5.2451,5.1464,5.0483
2008-04-01 00:00:00,2,8.4042,8.2862,8.0519,8.0519,13.6228,14.1955,12.6421,11.4223,22.9344,12.9195,10.3777,9.9958,9.7442,9.7442,10.5062,9.495,9.004,9.004,8.5229,8.2862,8.1687,8.0519,7.9357,7.7053,7.4774,7.3644,7.2521,6.9191,6.8094,6.8094,
2008-03-01 00:00:00,2,8.4042,11.1576,10.5062,7.8202,6.8094,6.3773,6.3773,7.591,8.0519,8.8828,15.2191,23.2812,32.3746,21.9057,33.365,38.4835,26.6729,15.8159,13.9081,11.5555,10.5062,10.1225,9.7442,10.2498,11.5555,10.5062,9.9958,19.0892,11.5555,9.495,8.6423
2008-02-01 00:00:00,2,20.7283,14.0515,10.6353,17.9724,22.2466,20.895,17.658,18.2889,17.0355,16.1176,14.1955,10.765,8.7622,8.5229,8.1687,7.9357,7.591,7.3644,9.495,9.2483,8.1687,8.5229,8.4042,7.9357,8.6423,10.3777,9.2483,7.8202,7.2521,,
2008-01-01 00:00:00,2,19.9024,14.0515,9.6193,7.9357,6.592,6.8094,11.9587,13.7652,13.3398,11.1576,10.2498,9.9958,9.6193,6.7004,5.5456,5.4447,5.3446,5.3446,5.3446,7.8202,9.3714,8.7622,8.4042,7.591,7.1404,11.1576,9.004,7.3644,7.591,30.4279,31.3956
2007-12-01 00:00:00,2,1.6906,1.6264,1.5632,1.6264,1.7557,1.9566,2.5312,3.7523,6.4843,4.29,3.84,2.9979,3.16,3.3253,3.4092,3.5792,3.7523,3.9285,7.0294,97.056,51.3874,35.9922,33.5644,33.166,28.3395,17.0355,10.3777,9.2483,7.7053,7.2521,7.1404
2007-11-01 00:00:00,2,2.3824,1.8218,1.5632,1.5009,2.3824,3.0786,3.6654,4.29,4.7585,4.8544,5.0483,5.1464,10.5062,8.2862,4.29,3.3253,2.6835,2.5312,2.3092,2.9979,3.3253,3.16,3.0786,2.9979,2.9181,4.7585,3.9285,2.7609,1.8887,1.6906,
2007-10-01 00:00:00,2,2.3092,2.2369,2.2369,2.1655,2.095,2.095,2.0253,1.9566,1.8887,1.8218,1.8218,1.6906,1.6906,1.6264,1.5632,1.5632,1.5009,1.5009,5.8523,7.9357,3.84,4.5689,6.4843,7.0294,7.3644,7.4774,7.7053,7.4774,3.84,3.3253,2.8391
2007-09-01 00:00:00,2,2.0885,2.0885,1.9987,2.095,2.095,2.095,2.095,2.095,2.0253,2.0253,2.0253,2.0253,2.0253,2.0253,2.0253,1.9566,1.9566,1.9566,1.9566,1.9566,1.9566,1.8887,1.8887,1.8887,1.8887,1.8887,1.8887,7.7053,3.4092,2.3824,
2007-08-01 00:00:00,2,2.7436,2.6473,2.6473,2.6473,2.6473,2.6473,2.6473,2.6473,2.6473,2.5519,2.4573,2.4573,2.4573,2.4573,2.4573,2.4573,2.4573,2.3637,2.3637,2.271,2.271,2.271,2.271,2.271,2.1793,2.1793,2.1793,2.0885,2.0885,2.0885,2.0885
2007-07-01 00:00:00,2,2.9388,2.9388,2.9388,2.9388,2.8408,2.8408,2.8408,2.7436,2.7436,2.7436,2.7436,2.6473,2.6473,2.6473,2.6473,2.6473,2.6473,2.6473,2.6473,2.6473,2.5519,2.4573,2.4573,2.4573,2.4573,2.4573,2.9388,3.4413,3.4413,3.3392,2.9388
2007-06-01 00:00:00,2,3.7521,3.7521,3.7521,3.7521,3.6477,3.6477,3.5441,3.4413,3.3392,3.3392,3.3392,3.2379,3.2379,3.2379,3.2379,3.1374,3.0377,3.0377,3.0377,3.0377,3.0377,3.0377,2.9388,2.9388,2.9388,2.9388,2.9388,2.9388,2.9388,2.9388,
2007-05-01 00:00:00,2,5.0598,4.8351,4.613,4.3936,4.1769,4.0697,3.9631,3.9631,3.9631,3.9631,3.9631,3.9631,3.8572,3.8572,3.7521,3.7521,3.5441,3.5441,3.5441,3.5441,3.5441,3.5441,3.4413,3.4413,3.4413,3.6477,3.9631,4.2849,4.2849,4.0697,3.9631
2007-04-01 00:00:00,2,4.613,4.613,4.503,4.503,4.503,4.503,4.3936,4.9472,5.9838,6.102,5.7491,5.2871,4.8351,4.613,4.503,4.613,4.503,4.503,4.503,4.503,4.503,5.1732,5.7491,5.5169,4.8351,4.503,4.8351,5.2871,5.4017,5.2871,
2007-03-01 00:00:00,2,8.0693,7.0682,6.8233,6.5806,6.4601,6.2208,5.8662,5.6327,5.5169,5.4017,5.4017,5.4017,5.2871,5.4017,5.6327,5.4017,5.2871,5.5169,6.2208,6.7017,6.7017,6.8233,6.7017,6.3402,5.8662,5.2871,4.8351,4.613,4.613,4.613,4.613
2007-02-01 00:00:00,2,20.5887,20.4275,24.3819,25.7386,23.2103,18.5188,16.2018,14.2593,12.099,10.438,11.8179,17.2733,17.5826,12.099,10.438,9.6314,9.1029,8.972,8.7116,8.1967,7.5646,7.3153,7.0682,6.8233,7.1915,7.8159,9.8984,10.8473,,,
2007-01-01 00:00:00,2,10.438,12.5238,19.1498,25.3977,21.5624,14.9989,13.5292,14.4065,16.0502,20.1061,25.7386,28.8576,30.6287,32.4262,34.066,36.2837,31.8843,21.5624,16.9654,14.1125,18.362,25.568,21.7258,15.5974,17.8933,21.5624,24.2137,28.1567,30.4504,32.0647,25.2276
2006-12-01 00:00:00,2,16.812,10.574,6.5806,5.7491,5.5169,5.5169,11.2607,16.2018,13.3844,13.6745,12.809,10.9847,9.6314,9.8984,10.0326,11.1225,10.7104,8.4532,7.1915,6.4601,5.9838,5.8662,11.3993,18.5188,17.5826,16.3538,18.2054,21.2366,17.1192,11.1225,10.1673
2006-11-01 00:00:00,2,3.5441,4.9472,6.9455,9.7646,8.972,6.3402,6.8233,6.3402,5.5169,5.7491,5.8662,6.102,6.3402,6.8233,6.5806,5.8662,5.9838,6.102,6.5806,7.4397,8.4532,8.4532,7.5646,6.4601,5.0598,4.3936,4.0697,4.9472,9.8984,16.812,
2006-10-01 00:00:00,2,2.8408,2.9388,2.8408,2.8408,2.7436,2.9388,3.6477,4.503,4.7237,4.8351,5.0598,5.0598,4.7237,4.3936,4.1769,3.8572,3.5441,3.9631,9.1029,14.8503,11.6779,7.0682,5.4017,4.3936,4.0697,3.5441,3.3392,3.0377,2.8408,2.7436,2.6473
2006-09-01 00:00:00,2,2.5519,2.8408,3.3392,3.4413,3.1374,3.0377,3.0377,3.0377,2.8408,2.7436,2.5519,2.3637,2.271,2.1793,2.0885,2.0885,1.9987,1.9987,2.1793,3.5441,5.2871,5.7491,5.2871,4.2849,3.8572,3.3392,3.1374,3.0377,2.9388,2.9388,
2006-08-01 00:00:00,2,2.6473,2.9388,3.1374,2.9388,2.7436,2.7436,2.6473,2.5519,2.4573,2.4573,2.3637,2.3637,2.271,2.271,2.271,2.271,2.1793,2.1793,2.1793,2.1793,2.3637,2.3637,2.3637,2.271,2.271,2.1793,2.1793,2.271,2.5519,2.6473,2.5519
2006-07-01 00:00:00,2,3.1374,3.1374,3.0377,2.9388,2.9388,3.0377,3.0377,2.9388,2.9388,2.9388,2.8408,2.8408,2.7436,2.7436,2.7436,2.7436,2.7436,2.6473,2.6473,2.6473,2.5519,2.5519,2.5519,2.5519,2.5519,2.5519,2.4573,2.4573,2.4573,2.4573,2.4573
2006-06-01 00:00:00,2,3.3392,3.3392,3.2379,3.2379,3.2379,3.2379,3.2379,3.2379,3.2379,3.2379,3.1374,3.1374,3.2379,3.2379,3.2379,3.1374,3.1374,3.1374,3.1374,3.1374,3.1374,3.0377,3.0377,3.0377,3.0377,3.2379,3.3392,3.2379,3.1374,3.1374,
2006-05-01 00:00:00,2,4.8351,5.1732,5.0598,4.613,4.2849,4.1769,4.0697,4.0697,4.0697,4.3936,4.613,4.3936,4.1769,4.0697,3.9631,3.9631,3.8572,3.6477,3.6477,3.5441,3.5441,3.5441,3.5441,3.5441,3.5441,3.5441,3.4413,3.4413,3.4413,3.4413,3.3392
2006-04-01 00:00:00,2,5.1732,5.1732,5.1732,5.0598,5.0598,4.9472,4.9472,5.1732,6.102,6.7017,6.102,5.7491,5.5169,5.1732,4.9472,4.8351,4.9472,5.0598,4.9472,4.9472,4.7237,4.613,4.503,4.503,4.503,4.3936,4.2849,4.2849,4.2849,4.503,
2006-03-01 00:00:00,2,7.9423,8.8416,7.1915,6.9455,6.5806,6.8233,7.69,8.1967,7.3153,6.5806,13.9661,11.1225,7.4397,7.0682,8.3247,7.8159,8.4532,8.4532,8.972,7.3153,7.1915,7.0682,6.9455,6.5806,6.4601,6.2208,5.8662,5.6327,5.2871,5.1732,5.1732
2006-02-01 00:00:00,2,9.8984,9.3662,8.4532,7.3153,6.7017,6.2208,5.7491,5.1732,5.1732,5.9838,9.7646,12.809,15.4473,10.8473,7.8159,7.3153,6.7017,6.2208,5.8662,5.7491,5.6327,5.6327,5.4017,5.2871,6.102,6.7017,6.3402,6.7017,,,
2006-01-01 00:00:00,2,8.4532,9.8984,9.2343,9.4985,15.2975,17.7378,19.786,14.8503,9.8984,8.8416,8.3247,8.0693,7.69,7.3153,6.9455,6.5806,6.3402,6.3402,6.3402,6.2208,6.102,5.9838,5.7491,5.4017,5.1732,5.1732,5.0598,8.3247,8.1967,8.4532,9.1029
2005-12-01 00:00:00,2,8.4532,10.1673,10.1673,8.1967,6.9455,6.4601,9.3662,11.3993,15.148,10.3024,48.6785,44.5107,30.0946,22.8783,23.5436,19.4672,13.9661,12.6662,11.2607,12.5238,12.9523,12.9523,11.8179,10.1673,9.6314,11.3993,9.8984,7.5646,8.3247,7.9423,7.4397
2005-11-01 00:00:00,2,15.2975,9.1029,6.9455,8.8416,17.2733,12.2402,7.8159,8.8416,22.3825,8.7116,8.3247,8.3247,7.0682,5.9838,5.6327,5.2871,5.0598,7.3153,9.1029,16.812,11.5384,7.8159,7.8159,7.69,7.9423,23.878,21.3993,13.24,9.1029,8.4532,
2005-10-01 00:00:00,2,4.503,3.9631,3.7521,3.7521,3.6477,3.6477,3.8572,3.5441,3.3392,3.1374,3.0377,2.9388,2.8408,2.7436,2.6473,2.6473,2.5519,2.5519,2.5519,2.5519,2.4573,2.4573,2.4573,2.4573,2.5519,4.9472,4.8351,4.8351,6.2208,5.9838,8.0693
2005-09-01 00:00:00,2,3.3392,3.3392,3.3392,3.2379,3.2379,3.2379,3.4413,5.1732,4.3936,3.8572,3.7521,3.4413,3.2379,3.1374,3.1374,3.0377,3.0377,7.8159,6.4601,5.7491,4.7237,3.9631,5.1732,5.5169,5.4017,8.1967,7.3153,6.4601,5.1732,4.7237,
2005-08-01 00:00:00,2,4.9472,4.9472,4.8351,4.7237,4.7237,4.613,4.3936,4.1769,4.0697,3.9631,4.0697,3.8572,3.9631,4.8351,5.2871,5.1732,4.8351,4.613,4.2849,4.2849,4.0697,4.0697,3.9631,3.8572,3.7521,3.6477,3.5441,3.5441,3.4413,3.4413,3.3392
2005-07-01 00:00:00,2,5.2871,5.1732,5.1732,5.1732,5.0598,4.9472,5.0598,5.2871,5.1732,5.1732,5.1732,5.0598,5.0598,4.9472,4.9472,4.8351,4.8351,4.7237,4.7237,5.1732,5.5169,5.8662,5.6327,5.6327,5.5169,5.4017,5.2871,5.2871,5.1732,5.0598,5.0598
2005-06-01 00:00:00,2,7.1915,7.0682,6.8233,6.7017,6.5806,6.5806,6.4601,6.3402,6.3402,6.3402,6.2208,6.102,5.9838,5.8662,5.8662,5.7491,5.7491,5.6327,5.6327,6.102,6.9455,7.5646,6.7017,6.3402,6.102,5.6327,5.4017,5.4017,5.4017,5.2871,
2005-05-01 00:00:00,2,13.8201,9.7646,8.1967,7.9423,7.8159,7.5646,7.5646,7.3153,7.0682,7.0682,6.9455,6.8233,6.7017,6.5806,6.5806,6.3402,6.3402,6.3402,6.2208,6.102,6.102,6.102,8.3247,12.6662,8.972,11.6779,10.9847,9.1029,7.8159,7.5646,7.3153
2005-04-01 00:00:00,2,9.1029,8.972,8.8416,8.8416,8.7116,8.1967,8.0693,7.8159,7.5646,7.5646,7.4397,7.4397,7.4397,7.3153,7.3153,7.3153,7.3153,8.4532,8.5822,8.0693,7.69,7.5646,7.4397,7.4397,7.3153,7.5646,11.6779,9.2343,9.1029,14.9989,
2005-03-01 00:00:00,2,16.812,15.148,17.5826,43.1427,25.9094,21.0741,15.748,13.5292,13.24,12.6662,12.9523,13.9661,12.809,11.5384,11.1225,11.3993,11.6779,12.2402,12.5238,11.6779,11.5384,17.5826,21.2366,18.2054,16.2018,18.6761,12.9523,11.5384,10.3024,9.7646,9.2343
2005-02-01 00:00:00,2,11.6779,10.9847,10.7104,12.809,16.0502,26.5958,19.6265,13.24,10.574,10.0326,9.6314,20.7502,14.2593,10.7104,9.6314,8.972,11.6779,26.9407,46.682,36.4701,22.0536,10.9847,9.8984,9.7646,9.6314,18.362,16.0502,15.4473,,,
2005-01-01 00:00:00,2,11.8179,13.24,12.809,8.8416,10.1673,14.2593,11.5384,19.786,16.3538,13.8201,11.9582,11.5384,13.6745,15.748,14.554,11.5384,23.7106,78.4956,44.3146,24.7193,20.2666,20.4275,24.0457,16.9654,12.099,18.5188,27.8079,18.6761,16.0502,14.554,12.809
2004-12-01 00:00:00,2,7.0682,6.8233,6.102,5.1732,4.8351,6.2208,6.102,6.7017,6.8233,6.9455,7.3153,7.8159,5.8662,4.503,3.9631,3.3392,3.3392,3.2379,5.9838,10.438,17.4278,25.3977,35.9116,64.5035,40.4396,22.3825,15.748,14.9989,15.148,14.8503,11.6779
2004-11-01 00:00:00,2,2.1793,2.3637,2.3637,2.1793,2.0885,2.271,2.4573,2.4573,2.3637,2.1793,2.0885,1.9987,1.91,1.8222,1.7356,1.91,2.271,2.9388,4.0697,4.503,3.6477,2.8408,2.3637,2.0885,1.91,1.91,2.5519,4.1769,10.8473,13.24,
2004-10-01 00:00:00,2,1.91,2.6473,2.6473,5.2871,5.4017,4.613,3.8572,3.2379,2.9388,2.6473,2.6473,3.8572,4.1769,3.7521,3.2379,3.0377,2.9388,2.8408,2.5519,2.4573,2.4573,2.4573,2.4573,2.3637,2.3637,3.2379,4.2849,3.2379,2.7436,2.6473,2.5519
2004-09-01 00:00:00,2,2.8408,2.7436,2.7436,2.7436,2.7436,2.6473,2.6473,2.5519,2.5519,2.5519,2.5519,2.5519,2.5519,2.5519,2.4573,2.4573,2.4573,2.4573,2.8408,2.9388,2.8408,2.5519,2.3637,2.1793,2.1793,2.0885,1.9987,1.9987,1.91,1.91,
2004-08-01 00:00:00,2,4.2849,4.2849,4.2849,4.1769,4.1769,4.1769,4.0697,3.9631,3.8572,3.8572,3.8572,3.7521,3.7521,3.6477,3.5441,3.5441,3.4413,3.4413,3.3392,3.3392,3.2379,3.2379,3.2379,3.1374,3.0377,3.0377,3.0377,2.9388,2.9388,2.8408,2.8408
2004-07-01 00:00:00,2,4.9472,4.9472,4.8351,4.8351,4.8351,4.613,4.613,4.503,4.503,4.8351,7.5646,6.9455,6.3402,5.9838,5.1732,5.1732,5.1732,5.0598,5.0598,4.9472,4.9472,4.8351,4.8351,4.8351,4.7237,4.7237,4.7237,4.7237,4.7237,4.613,4.613
2004-06-01 00:00:00,2,13.24,11.3993,11.8179,11.1225,9.8984,8.972,8.4532,7.9423,7.1915,6.7017,6.4601,6.102,6.102,6.102,12.099,9.8984,7.3153,6.7017,6.4601,6.4601,6.3402,6.102,5.9838,5.6327,5.5169,5.4017,5.1732,5.1732,5.0598,5.0598,
2004-05-01 00:00:00,2,7.5646,7.5646,7.5646,7.3153,7.3153,7.3153,7.1915,7.0682,6.9455,6.9455,6.8233,6.8233,6.8233,6.8233,7.0682,8.1967,7.8159,7.1915,6.5806,6.8233,6.5806,6.5806,6.5806,6.5806,6.4601,6.4601,6.4601,6.3402,6.3402,7.4397,7.0682
2004-04-01 00:00:00,2,9.1029,9.4985,8.7116,8.972,30.9861,22.5475,13.3844,11.2607,10.438,10.438,23.5436,14.1125,13.0959,12.2402,13.3844,22.8783,11.6779,11.1225,9.7646,9.1029,8.8416,8.7116,8.5822,8.4532,8.0693,7.9423,7.9423,7.8159,7.69,7.5646,
2004-03-01 00:00:00,2,17.4278,14.8503,20.5887,20.1061,17.5826,18.9915,15.5974,13.0959,12.2402,11.6779,11.5384,10.8473,10.3024,10.1673,10.3024,10.7104,10.1673,10.3024,12.099,11.9582,9.8984,9.7646,9.3662,9.2343,9.1029,8.8416,8.8416,9.3662,8.972,10.3024,9.1029
2004-02-01 00:00:00,2,6.8233,8.4532,8.5822,7.4397,7.0682,6.5806,6.5806,7.4397,21.0741,14.554,14.7019,15.148,15.5974,15.5974,19.3083,38.9152,37.0308,29.7398,16.6589,16.5062,20.4275,26.5958,18.5188,19.1498,18.5188,21.0741,74.0817,45.1002,23.2103,,
2004-01-01 00:00:00,2,5.2871,11.9582,14.1125,11.5384,8.0693,8.4532,7.0682,7.0682,97.9916,56.0368,34.2494,28.3315,25.568,21.8895,27.6339,21.0741,15.8989,11.9582,10.574,9.3662,9.1029,8.972,9.3662,10.1673,9.6314,8.7116,8.3247,7.9423,7.5646,7.3153,6.9455
2003-12-01 00:00:00,2,11.9582,17.1192,12.809,16.6589,21.2366,26.0806,30.9861,19.6265,14.4065,13.5292,11.3993,10.574,9.2343,7.69,7.0682,6.5806,6.3402,5.9838,5.8662,5.5169,5.1732,10.1673,7.9423,7.4397,6.9455,6.5806,5.9838,5.2871,7.3153,6.2208,5.4017
2003-11-01 00:00:00,2,1.8222,2.3637,5.9838,5.8662,5.7491,5.6327,5.2871,7.5646,6.4601,4.1769,3.7521,3.1374,2.3637,2.4573,2.3637,2.0885,2.7436,3.2379,3.8572,8.1967,11.9582,7.9423,4.8351,3.9631,3.3392,3.0377,3.2379,4.3936,8.4532,11.8179,
2003-10-01 00:00:00,2,1.9987,1.9987,1.91,1.8222,1.7356,1.7356,1.7356,1.7356,1.8222,2.1793,2.6473,2.9388,2.6473,2.3637,2.0885,1.9987,1.91,1.65,1.4822,1.4822,1.4822,1.4822,1.5655,3.3392,3.6477,3.5441,3.0377,1.9987,1.91,1.8222,1.8222
2003-09-01 00:00:00,2,2.6473,2.5519,2.5519,2.4573,2.4573,2.3637,2.3637,2.3637,2.3637,2.3637,2.3637,2.271,2.271,2.271,2.271,2.5519,2.4573,2.271,2.271,2.271,2.1793,2.0885,2.0885,1.91,1.91,1.91,1.91,1.91,1.91,1.9987,
2003-08-01 00:00:00,2,2.8408,2.8408,2.8408,2.8408,2.8408,2.8408,2.7436,2.7436,2.7436,2.7436,2.6473,2.6473,2.5519,2.5519,2.5519,2.4573,2.3637,2.3637,2.271,2.271,2.271,2.271,2.271,2.1793,2.1793,2.8408,2.8408,2.7436,2.6473,2.6473,2.6473
2003-07-01 00:00:00,2,3.3392,3.3392,3.3392,3.3392,3.2379,3.2379,3.2379,3.2379,3.2379,3.2379,3.2379,3.1374,6.102,6.102,5.6327,5.1732,5.1732,5.1732,4.9472,4.613,4.503,4.2849,3.9631,3.9631,3.5441,3.2379,3.0377,2.9388,2.9388,2.8408,2.8408
2003-06-01 00:00:00,2,4.2849,4.2849,4.1769,4.1769,4.1769,4.0697,4.0697,3.9631,3.9631,3.8572,3.8572,3.6477,3.6477,3.6477,3.6477,3.6477,3.6477,3.6477,3.5441,3.5441,3.5441,3.5441,3.5441,3.4413,3.4413,3.3392,3.3392,3.3392,3.3392,3.3392,
2003-05-01 00:00:00,2,5.0598,5.0598,5.1732,6.2208,6.102,5.5169,5.6327,5.7491,5.5169,5.4017,5.1732,5.0598,4.9472,4.9472,4.9472,4.9472,4.9472,4.8351,4.8351,4.8351,4.7237,4.7237,4.613,4.613,4.613,4.503,4.503,4.503,4.3936,4.3936,4.2849
2003-04-01 00:00:00,2,7.8159,7.5646,7.5646,7.4397,7.4397,7.4397,7.3153,7.3153,7.3153,7.69,7.5646,7.3153,7.1915,7.0682,6.9455,6.7017,6.5806,6.4601,6.3402,6.102,5.7491,5.5169,5.4017,5.2871,5.1732,5.0598,5.0598,4.9472,4.7237,4.613,
2003-03-01 00:00:00,2,5.6327,5.7491,5.8662,6.102,5.5169,4.9472,4.9472,4.9472,10.0326,7.69,6.8233,6.7017,8.8416,11.1225,17.7378,22.0536,34.9857,18.5188,10.0326,10.1673,10.8473,22.8783,22.5475,14.4065,10.574,9.7646,9.1029,9.1029,8.7116,8.3247,8.0693
2003-02-01 00:00:00,2,18.9915,14.554,13.5292,11.6779,10.8473,10.1673,10.0326,9.7646,9.1029,8.8416,8.7116,7.9423,7.9423,7.8159,7.69,22.2179,14.1125,10.574,10.3024,9.3662,8.8416,8.3247,7.5646,7.4397,7.0682,6.7017,6.2208,5.8662,,,
2003-01-01 00:00:00,2,13.5292,17.8933,36.6568,19.1498,15.8989,13.24,23.3768,18.9915,14.554,19.9459,26.0806,33.1525,15.748,15.148,16.812,14.1125,12.809,12.3818,24.0457,19.4672,16.2018,18.5188,17.4278,18.0492,18.0492,17.5826,17.1192,15.2975,18.2054,24.2137,20.912
2002-12-01 00:00:00,2,4.8351,4.503,4.0697,5.6327,5.6327,7.0682,24.3819,15.2975,12.099,9.6314,15.5974,28.8576,27.4602,27.1136,26.5958,26.5958,27.4602,26.2521,23.2103,21.0741,16.812,15.5974,16.9654,20.5887,18.6761,14.9989,13.8201,13.0959,12.6662,16.2018,13.3844
2002-11-01 00:00:00,2,6.2208,6.3402,3.9631,2.9388,3.9631,4.8351,4.503,3.9631,3.8572,3.6477,8.4532,13.0959,4.8351,5.0598,5.4017,5.2871,5.0598,11.8179,7.5646,17.5826,12.809,14.554,29.2097,33.3347,17.1192,11.2607,8.0693,6.9455,6.2208,5.4017,
2002-10-01 00:00:00,2,2.3637,2.4573,2.3637,2.1793,2.0885,1.9987,1.8222,1.7356,1.65,1.5655,1.4822,1.4822,1.4,1.319,1.319,1.2393,1.2393,1.1609,1.0838,1.0838,1.319,1.7356,1.91,1.8222,1.65,2.1793,2.8408,2.271,1.7356,1.91,3.3392
2002-09-01 00:00:00,2,2.1793,2.0885,1.91,1.91,1.91,1.91,1.8222,1.8222,1.8222,1.8222,1.7356,1.7356,1.7356,1.7356,1.7356,1.7356,1.7356,1.7356,1.7356,1.7356,1.8222,2.0885,2.6473,5.4017,6.7017,5.5169,3.7521,3.5441,3.1374,2.3637,
2002-08-01 00:00:00,2,2.3637,2.271,2.271,2.271,2.4573,2.271,2.1793,2.1793,2.0885,2.0885,1.9987,1.9987,1.91,1.91,1.91,1.91,1.91,1.8222,1.8222,1.8222,1.7356,1.7356,1.7356,1.65,1.65,1.65,1.65,1.65,1.65,1.65,1.7356
2002-07-01 00:00:00,2,2.7436,2.7436,2.7436,2.7436,2.6473,2.6473,2.6473,2.6473,2.6473,2.6473,2.5519,2.5519,2.5519,2.5519,2.4573,2.4573,2.4573,2.4573,2.4573,2.4573,2.4573,2.4573,2.4573,2.3637,2.3637,2.3637,2.3637,2.3637,2.4573,2.3637,2.3637
2002-06-01 00:00:00,2,3.6477,3.6477,3.6477,3.5441,3.5441,3.5441,3.4413,3.4413,3.4413,3.3392,3.3392,3.2379,3.1374,3.0377,3.0377,3.0377,3.0377,2.9388,2.9388,2.9388,2.9388,2.9388,2.9388,2.8408,2.8408,2.8408,2.8408,2.8408,2.8408,2.8408,
2002-05-01 00:00:00,2,4.503,4.3936,4.2849,4.2849,4.8351,4.8351,4.8351,4.9472,5.1732,5.0598,4.9472,4.9472,4.9472,4.7237,4.613,4.503,4.1769,3.9631,3.9631,3.7521,3.7521,4.0697,4.2849,4.0697,3.6477,3.6477,3.6477,3.5441,3.5441,3.4413,3.2379
2002-04-01 00:00:00,2,6.3402,6.102,5.8662,5.7491,5.6327,5.6327,5.4017,8.3247,12.5238,11.6779,10.8473,10.0326,7.3153,6.7017,6.4601,5.9838,5.1732,5.0598,4.9472,4.9472,4.9472,4.8351,4.8351,4.7237,4.7237,4.7237,4.613,4.613,4.613,4.613,
2002-03-01 00:00:00,2,10.3024,9.8984,9.6314,9.3662,9.3662,9.2343,8.972,8.8416,9.8984,9.2343,10.1673,9.6314,9.4985,8.972,9.4985,9.4985,8.0693,7.4397,7.69,7.69,17.4278,11.9582,9.3662,8.0693,8.3247,8.1967,8.1967,8.0693,7.4397,6.7017,6.3402
2002-02-01 00:00:00,2,12.9523,31.5242,23.878,12.6662,11.5384,10.9847,11.2607,12.2402,13.0959,17.4278,15.4473,12.5238,10.7104,9.3662,9.1029,15.148,24.8885,29.7398,23.2103,27.9821,21.7258,19.9459,18.0492,16.0502,15.148,12.6662,11.2607,10.574,,,
2002-01-01 00:00:00,2,13.3844,12.099,11.5384,10.7104,12.099,16.2018,16.3538,14.554,9.2343,6.9455,6.5806,6.5806,6.7017,9.4985,12.6662,11.8179,11.1225,13.0959,13.3844,13.9661,12.3818,11.9582,11.5384,11.2607,10.8473,12.2402,13.24,10.574,8.972,9.8984,10.438
2001-12-01 00:00:00,2,25.2276,21.2366,18.0492,12.3818,7.69,5.1732,7.1915,9.6314,11.2607,10.0326,7.5646,6.7017,6.3402,6.2208,12.2402,30.8073,38.5364,41.9788,37.5936,30.0946,21.3993,15.148,9.6314,9.8984,10.7104,11.5384,12.2402,12.809,15.2975,16.3538,14.7019
2001-11-01 00:00:00,2,4.3936,3.2379,8.4532,6.4601,5.7491,9.1029,7.4397,5.9838,4.0697,3.7521,3.4413,4.2849,10.7104,9.8984,8.0693,8.0693,7.9423,7.5646,7.0682,6.3402,5.9838,5.4017,4.613,4.0697,3.5441,3.1374,2.9388,2.6473,3.7521,8.0693,
2001-10-01 00:00:00,2,2.1793,2.271,7.0682,5.2871,3.4413,2.7436,2.1793,1.9987,1.91,1.91,1.8222,1.7356,1.7356,1.65,1.5655,1.5655,1.5655,6.5806,5.0598,4.7237,4.1769,3.6477,2.8408,2.3637,2.0885,1.9987,1.8222,1.7356,1.7356,1.7356,2.4573
2001-09-01 00:00:00,2,1.9987,1.91,1.91,1.91,1.91,1.8222,1.8222,1.8222,1.8222,1.8222,1.7356,1.7356,1.7356,1.7356,3.1374,5.1732,5.1732,4.0697,2.9388,2.0885,1.9987,1.9987,1.9987,1.9987,3.0377,2.7436,2.4573,2.271,2.1793,2.1793,
2001-08-01 00:00:00,2,1.5655,1.5655,1.5655,1.5655,1.5655,1.4822,1.4822,1.4822,1.4822,1.4,1.4,1.4,1.4,1.4,1.4,1.4,1.2393,1.2393,1.2393,1.2393,1.2393,1.2393,1.5655,7.9423,10.3024,2.7436,2.6473,2.3637,2.3637,2.1793,1.9987
2001-07-01 00:00:00,2,1.91,1.91,1.8222,1.8222,1.8222,1.8222,1.8222,1.8222,1.8222,1.8222,1.7356,1.7356,1.7356,1.7356,1.7356,1.7356,1.7356,1.7356,1.7356,1.7356,1.7356,1.7356,1.7356,1.9987,1.8222,1.8222,1.7356,1.7356,1.65,1.5655,1.5655
2001-06-01 00:00:00,2,2.9388,2.8408,2.7436,2.7436,2.7436,2.6473,2.6473,2.5519,2.5519,2.5519,2.4573,2.3637,2.271,2.1793,2.1793,2.1793,2.1793,2.0885,2.0885,2.0885,1.9987,1.9987,1.9987,1.9987,1.9987,1.91,1.91,1.91,1.91,1.91,
2001-05-01 00:00:00,2,2.6473,2.5519,2.5519,2.4573,2.4573,2.4573,2.3637,2.271,2.271,2.271,2.1793,2.1793,2.3637,3.4413,3.6477,3.7521,5.6327,5.7491,4.1769,3.2379,3.0377,2.9388,3.3392,3.9631,3.9631,3.8572,3.6477,3.3392,3.1374,3.1374,3.0377
2001-04-01 00:00:00,2,5.5169,4.8351,4.503,6.8233,10.9847,7.4397,5.7491,4.9472,4.2849,4.2849,4.0697,4.503,4.2849,4.1769,3.9631,3.5441,4.8351,4.3936,3.8572,3.2379,3.1374,3.0377,2.9388,2.8408,2.7436,2.7436,2.6473,2.6473,2.6473,2.6473,
2001-03-01 00:00:00,2,2.7436,2.7436,2.6473,2.6473,2.6473,2.7436,2.9388,2.9388,3.2379,5.1732,4.8351,20.912,17.4278,9.7646,6.2208,5.4017,4.613,4.3936,4.2849,4.7237,4.613,4.1769,3.9631,3.7521,3.4413,3.1374,3.0377,3.9631,7.69,12.099,7.5646
2001-02-01 00:00:00,2,5.0598,4.613,4.613,4.613,4.503,4.3936,5.0598,5.1732,6.2208,5.7491,4.8351,4.2849,4.0697,5.2871,5.2871,4.9472,4.7237,4.613,4.3936,3.9631,3.5441,3.3392,3.1374,2.9388,2.9388,2.9388,2.8408,2.8408,,,
2001-01-01 00:00:00,2,18.8336,16.5062,37.2182,15.148,10.7104,8.7116,7.9423,7.1915,7.1915,7.3153,6.4601,5.9838,5.6327,5.2871,5.1732,4.9472,4.8351,4.7237,4.503,4.2849,6.5806,8.0693,5.8662,7.3153,10.574,8.7116,6.7017,4.8351,4.7237,4.613,5.0598
2000-12-01 00:00:00,2,8.5822,10.9847,8.5822,9.1029,9.6314,9.1029,8.8416,7.9423,5.9838,4.7237,4.613,4.2849,4.1769,3.9631,3.8572,3.8572,3.8572,27.6339,26.2521,9.7646,8.5822,7.0682,6.4601,6.102,5.4017,8.7116,10.9847,8.972,8.1967,8.8416,13.6745
2000-11-01 00:00:00,2,3.7521,3.6477,3.2379,3.0377,5.0598,3.6477,3.4413,4.2849,4.2849,3.5441,2.8408,2.4573,2.271,3.8572,9.1029,8.3247,7.1915,5.7491,5.1732,9.6314,7.1915,5.1732,5.0598,4.9472,4.8351,4.3936,4.1769,3.9631,3.7521,4.8351,
2000-10-01 00:00:00,2,3.8572,3.7521,3.5441,3.1374,2.9388,2.5519,2.4573,2.3637,2.4573,2.271,2.0885,2.0885,1.9987,1.8222,1.65,1.65,1.5655,1.4,1.4,1.4,2.271,3.7521,3.5441,2.9388,2.6473,2.4573,1.8222,1.2393,2.0885,3.6477,3.7521
2000-09-01 00:00:00,2,6.5806,5.8662,9.2343,8.1967,6.7017,5.1732,5.5169,5.7491,5.1732,4.7237,3.9631,3.6477,3.5441,3.4413,3.4413,3.3392,3.2379,3.1374,2.9388,2.9388,2.8408,2.8408,2.7436,2.6473,2.7436,4.8351,4.613,4.3936,4.1769,3.9631,
2000-08-01 00:00:00,2,2.5519,2.5519,3.6477,3.9631,3.9631,3.8572,3.8572,3.8572,3.8572,3.7521,3.7521,3.7521,3.7521,3.6477,3.5441,3.5441,3.0377,2.9388,2.7436,2.6473,2.6473,2.5519,2.3637,2.3637,2.271,2.271,2.1793,2.1793,2.7436,3.1374,2.9388
2000-07-01 00:00:00,2,3.0377,3.0377,3.0377,3.0377,3.0377,2.9388,2.9388,2.9388,2.8408,2.8408,2.8408,2.8408,2.7436,2.7436,2.7436,2.7436,2.9388,3.3392,3.3392,3.1374,2.9388,2.9388,2.9388,2.9388,2.8408,2.8408,2.7436,2.6473,2.6473,2.6473,2.5519
2000-06-01 00:00:00,2,3.8572,3.9631,3.9631,3.9631,3.9631,3.8572,3.7521,3.7521,3.7521,3.6477,3.6477,3.6477,3.6477,3.5441,3.5441,3.5441,3.5441,3.4413,3.4413,3.4413,3.4413,3.4413,3.3392,3.3392,3.3392,3.2379,3.2379,3.2379,3.1374,3.1374,
2000-05-01 00:00:00,2,5.1732,5.1732,5.0598,5.0598,5.0598,4.9472,4.9472,4.8351,4.8351,4.7237,4.7237,4.7237,4.7237,4.7237,4.613,4.613,4.503,4.3936,4.3936,4.3936,4.2849,4.2849,4.2849,4.2849,4.1769,4.1769,4.0697,3.9631,3.9631,3.9631,3.9631
2000-04-01 00:00:00,2,8.1967,7.69,7.5646,7.3153,7.0682,6.9455,6.8233,6.5806,6.7017,6.7017,6.7017,6.5806,6.5806,8.5822,13.24,8.0693,6.9455,6.7017,6.5806,7.1915,6.9455,6.4601,6.102,5.9838,5.7491,5.7491,5.5169,5.4017,5.1732,5.1732,
2000-03-01 00:00:00,2,7.8159,7.5646,7.3153,6.9455,6.7017,6.4601,8.972,8.8416,8.7116,8.5822,8.3247,9.8984,13.9661,9.3662,9.2343,9.1029,8.8416,10.9847,26.5958,28.6819,18.0492,12.5238,9.7646,8.972,8.7116,8.1967,9.6314,8.4532,9.6314,11.8179,8.972
2000-02-01 00:00:00,2,14.554,11.3993,15.5974,12.6662,12.2402,13.24,15.5974,18.362,18.9915,15.4473,12.5238,11.5384,12.809,14.4065,9.6314,8.8416,9.3662,15.4473,12.809,9.6314,8.972,8.7116,8.5822,8.3247,10.1673,9.4985,9.6314,8.8416,8.1967,,
2000-01-01 00:00:00,2,14.1125,21.5624,23.7106,17.2733,16.2018,17.4278,18.362,11.3993,9.4985,8.7116,8.0693,7.5646,7.3153,7.0682,7.1915,8.5822,11.3993,16.2018,12.2402,16.0502,16.812,15.2975,10.7104,10.8473,12.9523,11.8179,19.786,27.9821,24.2137,24.0457,23.2103
1999-12-01 00:00:00,2,4.7237,4.0697,3.8572,4.0697,7.0682,6.2208,11.2607,9.6314,10.9847,14.554,22.8783,15.2975,11.2607,11.2607,10.8473,10.0326,7.3153,6.4601,5.8662,7.3153,8.0693,8.8416,6.5806,7.1915,8.5822,6.7017,6.102,6.102,6.4601,22.3825,10.7104
1999-11-01 00:00:00,2,2.9388,2.6473,2.5519,2.4573,2.3637,2.5519,3.6477,6.8233,6.3402,6.5806,8.4532,6.2208,5.6327,5.7491,4.8351,4.3936,3.6477,3.5441,3.5441,6.9455,8.7116,8.0693,7.1915,7.4397,5.6327,4.8351,4.613,8.3247,6.2208,6.102,
1999-10-01 00:00:00,2,2.4573,2.4573,2.4573,2.4573,2.4573,2.4573,2.4573,2.4573,2.3637,2.3637,2.271,2.1793,2.0885,2.0885,1.9987,1.9987,1.91,1.91,2.1793,4.2849,9.1029,5.6327,4.3936,3.7521,3.1374,3.6477,4.7237,4.7237,3.8572,3.2379,3.1374
1999-09-01 00:00:00,2,2.4573,2.4573,2.4573,2.4573,2.3637,2.3637,2.3637,2.3637,2.3637,2.3637,2.3637,2.3637,2.9388,3.1374,3.1374,3.2379,3.1374,3.0377,2.9388,2.7436,2.8408,4.7237,5.7491,5.0598,4.503,3.0377,2.9388,2.6473,2.5519,2.4573,
1999-08-01 00:00:00,2,3.3392,3.3392,3.3392,3.3392,3.3392,3.2379,3.2379,3.2379,3.2379,3.1374,3.1374,3.1374,3.0377,2.9388,2.8408,2.7436,2.7436,2.6473,2.5519,2.5519,2.5519,2.5519,2.5519,2.5519,2.5519,2.5519,2.5519,2.5519,2.5519,2.5519,2.4573
1999-07-01 00:00:00,2,3.9631,3.8572,3.8572,3.8572,3.7521,3.7521,3.7521,3.8572,3.9631,3.9631,3.8572,3.8572,3.8572,3.8572,3.8572,3.8572,3.7521,3.7521,3.7521,3.6477,3.5441,3.4413,3.4413,3.4413,3.4413,3.4413,3.3392,3.3392,3.3392,3.3392,3.3392
1999-06-01 00:00:00,2,4.613,4.613,4.613,4.503,4.503,4.503,4.613,4.613,4.613,4.613,4.613,4.613,4.613,4.613,4.9472,4.9472,4.9472,4.8351,4.8351,4.7237,4.7237,4.613,4.503,4.3936,4.2849,4.1769,4.1769,4.0697,4.0697,3.9631,
1999-05-01 00:00:00,2,5.8662,5.6327,5.4017,5.4017,5.4017,5.5169,5.5169,5.6327,5.9838,5.6327,5.5169,5.4017,5.2871,5.0598,5.0598,5.0598,4.9472,4.9472,4.9472,4.8351,4.8351,4.8351,4.8351,4.8351,4.8351,4.7237,4.7237,4.7237,4.7237,4.613,4.613
1999-04-01 00:00:00,2,8.4532,8.0693,7.69,7.5646,7.4397,7.3153,7.1915,6.9455,6.9455,6.7017,6.4601,6.3402,6.2208,6.102,9.1029,10.8473,9.8984,8.4532,7.3153,7.0682,6.8233,6.4601,6.3402,7.0682,6.5806,6.2208,5.9838,5.8662,5.7491,5.7491,
1999-03-01 00:00:00,2,19.6265,15.2975,17.4278,14.2593,9.8984,8.8416,10.438,39.1049,26.9407,28.5066,24.7193,20.1061,33.5171,26.0806,14.2593,12.3818,11.2607,10.438,9.8984,9.7646,9.4985,8.972,11.2607,12.9523,14.1125,10.0326,9.1029,8.7116,8.5822,8.4532,10.0326
1999-02-01 00:00:00,2,7.3153,6.7017,6.2208,6.102,5.9838,5.7491,6.102,13.24,8.0693,6.9455,6.5806,6.4601,6.5806,7.0682,6.8233,6.2208,6.4601,9.1029,8.8416,7.0682,6.3402,5.9838,6.2208,6.2208,7.0682,7.8159,8.0693,9.6314,,,
1999-01-01 00:00:00,2,13.24,12.809,16.9654,35.5405,24.2137,16.5062,15.5974,13.8201,11.5384,10.1673,9.6314,8.8416,8.7116,8.4532,8.1967,9.6314,9.1029,8.4532,7.8159,7.4397,6.9455,6.7017,6.5806,6.3402,6.2208,6.102,6.3402,7.4397,9.2343,8.8416,7.69
1998-12-01 00:00:00,2,7.5646,6.9455,6.102,5.6327,5.2871,10.574,17.7378,12.6662,8.7116,7.5646,7.4397,6.9455,6.4601,9.8984,22.0536,20.4275,29.5628,12.2402,12.099,12.3818,8.972,8.3247,7.3153,7.3153,7.3153,12.099,9.1029,11.2607,10.3024,9.4985,10.8473
1998-11-01 00:00:00,2,10.1673,11.6779,7.9423,12.2402,11.9582,8.7116,6.8233,6.2208,6.102,6.3402,6.2208,8.0693,6.8233,6.102,6.102,5.7491,5.2871,5.1732,5.0598,4.9472,6.7017,10.1673,6.4601,5.8662,5.4017,5.1732,13.9661,22.3825,13.5292,8.7116,
1998-10-01 00:00:00,2,3.8572,5.2871,8.5822,5.4017,4.9472,4.503,4.1769,4.0697,5.2871,7.0682,5.7491,5.1732,4.9472,4.8351,4.613,5.0598,6.2208,7.9423,6.9455,5.4017,4.8351,4.7237,4.503,4.2849,4.0697,3.9631,4.1769,5.0598,8.0693,10.1673,6.102
1998-09-01 00:00:00,2,6.2208,5.4017,4.9472,4.3936,4.2849,4.0697,3.9631,3.9631,3.9631,3.8572,3.8572,3.7521,3.7521,3.6477,3.6477,3.6477,3.7521,3.8572,3.8572,3.7521,3.7521,3.6477,3.5441,3.3392,3.3392,3.2379,3.2379,3.1374,3.1374,3.5441,
1998-08-01 00:00:00,2,4.0697,4.0697,4.503,4.7237,5.1732,5.6327,9.2343,8.3247,7.69,7.1915,6.3402,6.102,5.7491,5.4017,5.1732,5.0598,4.9472,4.8351,4.7237,4.503,4.2849,4.2849,4.2849,4.1769,4.1769,4.0697,4.0697,3.9631,3.9631,3.9631,4.1769
1998-07-01 00:00:00,2,5.1732,5.0598,4.9472,4.8351,4.8351,4.7237,4.503,4.2849,4.1769,4.1769,4.0697,4.0697,3.9631,3.9631,3.8572,3.8572,3.7521,3.6477,3.6477,3.6477,3.6477,3.7521,3.7521,3.8572,3.8572,3.9631,3.9631,3.9631,4.0697,4.0697,4.0697
1998-06-01 00:00:00,2,8.3247,7.3153,6.9455,6.7017,6.4601,6.2208,6.102,5.9838,5.8662,5.8662,5.8662,5.7491,5.7491,5.6327,5.6327,5.6327,5.6327,5.5169,5.5169,5.5169,5.5169,5.5169,5.4017,5.4017,5.4017,5.2871,5.2871,5.2871,5.1732,5.1732,
1998-05-01 00:00:00,2,6.102,5.9838,5.8662,5.8662,8.972,8.1967,7.4397,6.9455,6.3402,6.2208,6.102,6.102,5.9838,6.102,5.9838,5.9838,5.9838,5.9838,5.9838,5.8662,5.8662,5.8662,5.7491,5.7491,5.7491,5.6327,5.6327,5.5169,9.3662,11.2607,12.099
1998-04-01 00:00:00,2,9.7646,9.3662,8.972,8.5822,8.1967,7.9423,7.8159,7.69,7.69,7.5646,8.0693,7.5646,7.4397,7.1915,7.1915,7.0682,6.9455,7.3153,7.8159,7.5646,7.1915,7.0682,6.9455,6.7017,6.5806,6.3402,6.2208,6.102,6.4601,6.2208,
1998-03-01 00:00:00,2,11.2607,10.574,10.1673,9.8984,9.8984,9.3662,9.2343,8.8416,8.8416,8.7116,8.7116,8.5822,9.2343,10.0326,10.3024,11.6779,9.7646,8.8416,9.1029,10.3024,14.554,19.9459,23.7106,26.9407,9.4985,9.6314,9.1029,8.8416,8.7116,9.2343,10.574
1998-02-01 00:00:00,2,9.8984,9.1029,8.8416,8.8416,8.7116,8.5822,9.7646,10.3024,8.7116,10.1673,9.7646,8.7116,8.5822,8.3247,11.8179,17.2733,32.4262,21.5624,23.3768,17.2733,19.9459,23.2103,25.9094,16.812,14.8503,13.8201,12.6662,11.8179,,,
1998-01-01 00:00:00,2,7.4397,7.5646,7.8159,8.972,11.3993,15.5974,19.6265,21.3993,37.5936,29.2097,19.6265,18.0492,29.7398,26.2521,24.2137,20.4275,19.9459,26.0806,30.6287,32.6074,15.748,14.554,13.3844,11.8179,11.8179,12.809,12.6662,13.24,13.24,10.9847,10.0326
1997-12-01 00:00:00,2,10.7104,9.6314,7.5646,7.1915,6.9455,7.1915,7.4397,8.0693,8.8416,7.69,8.3247,11.8179,11.3993,15.748,15.4473,16.0502,16.5062,16.9654,13.9661,12.6662,11.9582,10.0326,9.4985,10.1673,10.438,10.1673,10.0326,10.1673,8.4532,8.0693,7.4397
1997-11-01 00:00:00,2,4.1769,3.9631,3.8572,3.7521,3.6477,3.6477,4.613,7.4397,5.9838,5.0598,4.3936,3.9631,3.6477,4.0697,5.9838,7.3153,6.9455,6.5806,6.5806,11.3993,9.3662,8.972,8.0693,6.7017,5.8662,7.69,11.5384,12.3818,13.5292,14.554,
1997-10-01 00:00:00,2,6.3402,6.3402,6.102,5.8662,5.7491,6.2208,5.9838,5.9838,5.9838,5.8662,5.7491,5.7491,5.5169,5.4017,5.1732,5.1732,5.0598,4.8351,4.3936,4.1769,6.9455,17.2733,13.5292,9.7646,7.3153,6.5806,6.102,6.3402,6.102,5.5169,4.613
1997-09-01 00:00:00,2,6.102,5.8662,5.8662,5.8662,5.7491,5.6327,5.6327,5.5169,5.5169,5.4017,5.4017,5.2871,5.0598,4.9472,5.6327,6.7017,7.5646,7.0682,6.2208,5.4017,12.809,12.6662,10.9847,8.1967,6.8233,7.5646,10.1673,8.0693,7.1915,6.5806,
1997-08-01 00:00:00,2,5.003,5.003,4.8931,4.8931,4.8931,4.8931,4.7837,4.7837,4.7837,4.6749,4.6749,4.6749,4.5666,4.5666,4.459,4.459,4.459,4.459,4.3519,4.3519,4.3519,4.2455,4.2455,4.2455,4.2455,4.1397,4.1397,4.2455,4.1397,4.0345,4.0345
1997-07-01 00:00:00,2,6.1324,6.1324,6.1324,6.0171,6.0171,5.9023,5.9023,5.9023,5.788,5.788,5.788,5.6743,5.6743,5.6743,5.5611,5.5611,5.4484,5.4484,5.4484,5.3362,5.3362,5.3362,5.2246,5.2246,5.2246,5.1135,5.1135,5.1135,5.003,5.003,5.003
1997-06-01 00:00:00,2,7.0723,6.8345,6.7162,6.4812,8.2889,12.7276,10.7157,8.2889,7.5536,7.4326,7.192,7.3121,7.797,7.4326,8.5375,8.5375,7.797,7.4326,7.3121,7.0723,6.9532,6.7162,6.7162,6.5985,6.4812,6.3644,6.3644,6.2482,6.2482,6.1324,
1997-05-01 00:00:00,2,8.7878,8.413,8.2889,8.1653,8.0421,8.0421,7.9193,7.9193,7.797,7.797,7.6751,7.6751,7.6751,7.6751,7.6751,7.5536,7.5536,7.4326,7.4326,7.3121,7.3121,7.4326,7.6751,8.9135,9.0397,8.6624,8.5375,8.413,8.1653,7.6751,7.3121
1997-04-01 00:00:00,2,12.8645,20.2478,19.5792,14.3923,11.7788,10.9793,10.5845,10.4536,10.1931,9.934,9.6765,9.6765,9.5483,9.2932,9.1662,9.1662,9.1662,9.0397,8.9135,9.0397,9.6765,9.5483,9.4206,10.0633,9.6765,9.0397,9.0397,11.9133,10.5845,8.7878,
1997-03-01 00:00:00,2,16.9895,25.158,32.6382,21.2664,23.1817,31.4405,16.1028,14.9576,13.0017,12.4548,11.9133,12.591,12.3189,12.591,11.7788,15.2421,21.61,13.9717,12.4548,11.9133,11.5109,11.2444,10.9793,10.5845,10.1931,9.8051,9.1662,8.7878,8.7878,10.8473,11.9133
1997-02-01 00:00:00,2,26.0762,22.6533,20.7548,16.6827,15.0997,14.2518,15.0997,14.6743,13.9717,13.4155,12.3189,11.6446,14.8158,14.1116,13.2772,12.4548,12.1833,14.8158,22.8289,16.6827,13.2772,11.5109,11.3774,13.9717,24.7942,17.4646,16.8284,15.0997,,,
1997-01-01 00:00:00,2,66.5891,145.457,145.808,145.808,132.01,83.5743,66.8516,50.1396,47.8013,46.1894,35.2899,30.4553,27.194,28.7116,22.8289,20.9248,19.7455,19.5792,19.248,19.248,18.7552,18.592,25.8916,31.4405,31.2425,32.2371,38.6584,28.5202,19.4133,19.9124,25.158
1996-12-01 00:00:00,2,6.4812,9.6765,17.784,13.0017,8.7878,7.6751,6.8345,6.5985,6.4812,6.4812,8.2889,10.1931,14.2518,15.2421,15.9586,11.2444,9.8051,10.0633,8.413,11.1117,16.9895,19.9124,13.4155,12.4548,20.0799,14.9576,12.4548,11.1117,12.8645,12.4548,18.7552
1996-11-01 00:00:00,2,5.003,8.6624,7.6751,23.5366,24.0726,10.8473,7.9193,5.6743,4.7837,4.3519,3.8259,3.62,3.7226,4.2455,5.3362,5.2246,4.8931,4.6749,6.2482,9.1662,33.2432,62.9556,28.3293,15.8147,10.4536,8.7878,8.0421,6.9532,6.3644,6.1324,
1996-10-01 00:00:00,2,3.117,3.2162,3.4167,4.5666,5.3362,4.2455,3.8259,3.3161,3.117,3.2162,3.3161,3.0186,3.0186,2.9208,2.7276,2.6322,2.4437,2.2585,2.1672,2.9208,3.9299,5.1135,4.6749,3.9299,3.4167,5.3362,7.0723,7.797,5.9023,4.1397,3.62
1996-09-01 00:00:00,2,4.5666,4.0345,3.8259,4.3519,7.9193,7.5536,11.9133,6.8345,5.9023,5.1135,4.8931,4.2455,4.8931,4.3519,4.0345,4.3519,5.003,4.2455,3.9299,3.7226,3.62,3.3161,3.3161,3.4167,3.62,3.2162,3.117,3.117,3.117,3.117,
1996-08-01 00:00:00,2,3.4167,3.4167,3.518,3.518,3.518,3.518,3.62,3.7226,3.3161,3.0186,3.117,3.117,3.2162,3.2162,3.3161,3.4167,3.3161,3.3161,3.2162,3.117,3.117,3.3161,3.518,3.8259,4.0345,4.1397,4.1397,4.2455,4.3519,4.5666,4.5666
1996-07-01 00:00:00,2,4.0345,3.9299,3.7226,3.7226,3.7226,3.7226,3.7226,3.62,3.62,3.518,3.4167,3.4167,3.3161,3.3161,3.2162,3.2162,3.2162,3.2162,3.2162,3.117,3.117,3.117,3.117,3.0186,3.0186,3.0186,3.3161,3.3161,3.3161,3.4167,3.4167
1996-06-01 00:00:00,2,4.0345,4.0345,4.0345,4.0345,4.0345,3.9299,3.9299,3.9299,3.8259,3.8259,3.7226,3.7226,3.62,3.62,3.62,3.518,3.518,3.518,3.518,3.518,3.518,3.4167,3.4167,3.4167,3.4167,3.2162,3.117,3.117,4.2455,5.003,
1996-05-01 00:00:00,2,4.3519,4.3519,4.3519,4.2455,4.2455,4.1397,4.1397,4.0345,3.9299,4.0345,4.0345,3.9299,3.9299,3.9299,3.9299,4.0345,4.0345,4.0345,4.0345,3.8259,3.9299,5.9023,9.5483,6.7162,5.003,4.8931,4.7837,4.5666,4.3519,4.2455,4.1397
1996-04-01 00:00:00,2,5.4484,5.4484,5.2246,5.1135,4.8931,4.7837,4.6749,4.5666,4.5666,4.5666,4.459,4.459,5.788,5.3362,5.003,4.6749,6.9532,9.0397,6.8345,5.4484,5.2246,5.003,4.8931,4.6749,4.5666,4.5666,4.459,4.459,4.459,4.3519,
1996-03-01 00:00:00,2,5.9023,6.7162,9.934,7.4326,9.934,12.591,10.9793,7.797,7.3121,7.192,7.192,7.6751,8.2889,7.5536,6.8345,6.5985,6.3644,6.9532,8.2889,10.1931,8.2889,9.1662,8.1653,7.797,7.4326,6.9532,6.5985,6.3644,6.0171,5.6743,5.5611
1996-02-01 00:00:00,2,6.7162,9.0397,7.797,9.1662,9.5483,8.2889,7.797,9.2932,8.1653,7.0723,9.6765,11.5109,10.7157,10.8473,9.2932,8.0421,7.192,6.9532,6.8345,6.5985,6.4812,6.4812,6.7162,7.0723,8.5375,7.6751,7.0723,6.4812,6.0171,,
1996-01-01 00:00:00,2,21.0953,20.0799,22.8289,19.7455,23.1817,30.2597,27.5705,24.7942,19.0832,15.2421,27.7595,49.4338,21.4379,16.8284,14.1116,11.5109,9.934,10.8473,9.8051,10.7157,16.6827,21.0953,19.0832,12.0481,9.5483,9.0397,8.413,8.1653,7.797,7.4326,7.0723
1995-12-01 00:00:00,2,4.7837,4.5666,4.459,8.5375,7.4326,6.5985,5.788,4.5666,4.2455,4.1397,4.7837,4.0345,9.5483,21.0953,10.8473,8.5375,7.192,6.3644,6.2482,6.5985,11.5109,50.8492,43.9227,14.8158,22.6533,62.4428,52.5193,47.8013,48.7316,28.7116,25.5238
1995-11-01 00:00:00,2,6.2482,6.9532,6.4812,8.1653,8.0421,5.9023,4.7837,4.1397,4.1397,4.0345,4.5666,4.1397,8.1653,9.934,6.4812,5.1135,4.8931,4.7837,7.5536,5.788,5.2246,4.7837,4.459,11.1117,10.8473,9.6765,6.4812,5.788,5.4484,5.003,
1995-10-01 00:00:00,2,4.2455,4.3519,3.8259,3.62,3.4167,3.518,5.003,5.003,10.1931,6.7162,5.003,4.3519,4.1397,5.6743,7.3121,6.1324,5.1135,4.6749,4.3519,4.3519,7.797,6.0171,5.6743,4.7837,4.3519,4.0345,3.8259,3.7226,3.7226,3.8259,5.3362
1995-09-01 00:00:00,2,2.6322,2.6322,2.5375,2.5375,2.5375,2.3507,2.3507,2.3507,2.2585,2.2585,2.1672,2.1672,1.9872,1.9872,1.9872,2.0767,6.9532,5.9023,4.7837,4.0345,3.8259,3.7226,3.4167,3.4167,3.3161,3.3161,5.3362,5.5611,5.9023,4.7837,
1995-08-01 00:00:00,2,3.518,3.518,3.518,3.4167,3.4167,3.4167,3.4167,3.4167,3.4167,3.3161,3.3161,3.3161,3.3161,3.3161,3.3161,3.2162,3.2162,3.2162,3.2162,3.2162,3.2162,3.117,3.117,3.117,3.0186,3.0186,2.9208,2.9208,2.9208,2.8239,2.8239
1995-07-01 00:00:00,2,4.2455,4.2455,4.1397,4.1397,4.1397,4.1397,4.1397,4.0345,4.0345,4.1397,4.1397,4.1397,4.1397,4.0345,4.0345,3.9299,3.9299,3.9299,3.9299,3.8259,3.8259,3.8259,3.7226,3.7226,3.62,3.62,3.62,3.62,3.62,3.518,3.518
1995-06-01 00:00:00,2,5.2246,5.1135,5.1135,5.1135,5.1135,5.003,5.003,5.003,4.8931,4.8931,4.8931,4.7837,4.6749,4.6749,4.5666,4.459,4.459,4.459,4.3519,4.3519,4.2455,4.5666,4.5666,4.5666,4.6749,4.6749,4.5666,4.459,4.3519,4.2455,
1995-05-01 00:00:00,2,5.788,5.5611,5.5611,5.5611,5.4484,5.6743,6.1324,7.0723,6.5985,6.8345,6.3644,6.2482,5.9023,5.9023,5.6743,5.4484,5.2246,5.5611,5.5611,5.788,5.9023,6.5985,6.5985,5.9023,6.3644,6.0171,5.5611,5.4484,5.3362,5.2246,5.2246
1995-04-01 00:00:00,2,13.9717,11.7788,8.413,8.0421,7.5536,7.4326,7.0723,7.0723,6.9532,6.9532,6.7162,6.7162,10.1931,8.1653,7.0723,6.7162,6.5985,6.3644,6.3644,6.2482,6.4812,7.3121,10.5845,8.0421,7.4326,6.9532,6.4812,6.2482,6.0171,5.9023,
1995-03-01 00:00:00,2,8.2889,6.4812,6.2482,6.0171,6.1324,7.192,11.9133,12.7276,8.7878,7.192,6.5985,6.4812,6.2482,9.4206,14.5332,13.4155,9.6765,7.192,7.0723,6.5985,7.4326,20.9248,14.5332,9.6765,15.6711,15.0997,10.1931,8.413,7.5536,7.192,9.8051
1995-02-01 00:00:00,2,9.1662,12.1833,9.5483,10.4536,7.3121,7.5536,7.4326,27.5705,22.8289,32.2371,22.8289,34.4657,29.2886,27.7595,14.3923,14.9576,12.1833,10.0633,10.0633,17.1473,16.2474,10.9793,9.4206,8.7878,8.2889,8.0421,8.5375,8.1653,,,
1995-01-01 00:00:00,2,6.8345,9.4206,7.797,8.9135,9.6765,7.9193,6.8345,6.1324,5.4484,5.003,5.003,5.1135,7.9193,6.3644,5.1135,4.7837,4.6749,4.5666,4.1397,4.2455,5.788,6.5985,9.2932,8.0421,5.5611,10.8473,11.7788,9.2932,7.192,11.3774,11.1117
1994-12-01 00:00:00,2,3.7226,4.7837,4.0345,3.7226,3.8259,6.1324,8.0421,14.1116,9.6765,6.3644,5.1135,4.459,4.2455,4.3519,4.8931,12.1833,5.788,5.5611,6.1324,7.4326,5.6743,7.3121,39.9509,42.1401,22.6533,12.0481,9.5483,8.413,7.6751,7.192,6.8345
1994-11-01 00:00:00,2,3.7226,3.62,3.62,3.4167,3.0186,3.3161,3.3161,3.4167,3.62,4.2455,3.518,3.3161,3.3161,4.1397,3.8259,3.62,3.518,3.4167,3.7226,5.788,5.5611,5.1135,4.0345,4.0345,3.9299,3.7226,3.62,3.7226,4.8931,4.7837,
1994-10-01 00:00:00,2,3.4167,3.3161,3.3161,3.3161,3.3161,3.3161,3.8259,4.2455,3.8259,3.62,3.4167,3.4167,3.4167,3.3161,3.3161,3.3161,3.3161,3.4167,3.7226,4.0345,4.5666,5.3362,4.1397,3.8259,3.518,3.4167,4.1397,4.459,4.1397,3.9299,3.7226
1994-09-01 00:00:00,2,4.0345,4.0345,3.9299,3.9299,3.9299,3.9299,3.9299,3.9299,3.9299,3.9299,3.9299,3.8259,3.8259,3.8259,3.7226,3.7226,3.62,3.62,3.62,3.62,3.62,3.62,3.518,3.518,3.4167,3.4167,3.4167,3.518,3.4167,3.4167,
1994-08-01 00:00:00,2,5.3362,5.2246,5.1135,5.1135,5.003,5.003,4.7837,4.7837,4.6749,4.6749,4.5666,4.459,4.3519,4.1397,4.1397,4.1397,4.1397,4.1397,4.1397,4.1397,4.1397,4.2455,4.2455,4.1397,4.1397,4.0345,4.0345,4.0345,4.0345,4.0345,4.0345
1994-07-01 00:00:00,2,5.6743,5.6743,5.6743,5.6743,5.5611,5.5611,5.5611,5.3362,5.3362,5.3362,5.3362,5.3362,5.3362,5.2246,5.2246,5.2246,5.1135,5.003,5.1135,5.1135,5.1135,5.003,5.1135,5.3362,5.3362,5.3362,5.2246,5.2246,5.2246,5.2246,5.2246
1994-06-01 00:00:00,2,6.5985,6.5985,6.5985,6.3644,6.3644,6.3644,6.3644,6.2482,6.2482,6.2482,6.1324,6.1324,6.1324,6.1324,6.1324,6.1324,6.0171,6.0171,5.9023,5.9023,5.9023,5.9023,5.9023,5.788,5.788,5.788,5.788,5.6743,5.6743,5.5611,
1994-05-01 00:00:00,2,6.2482,6.1324,6.0171,5.9023,5.788,6.1324,6.5985,6.3644,6.1324,5.9023,5.788,5.5611,6.0171,5.9023,8.2889,17.1473,14.2518,13.2772,11.5109,8.9135,7.6751,7.6751,7.4326,7.3121,7.192,7.0723,6.9532,6.8345,6.8345,6.7162,6.5985
1994-04-01 00:00:00,2,12.1833,9.8051,11.1117,10.9793,9.8051,9.5483,9.1662,9.2932,9.934,9.2932,10.1931,10.8473,11.2444,10.3232,9.5483,8.7878,8.5375,8.2889,7.9193,7.797,7.797,7.797,7.9193,7.5536,7.5536,7.4326,7.3121,7.0723,6.7162,6.4812,
1994-03-01 00:00:00,2,9.4206,9.5483,11.1117,14.1116,35.2899,21.61,19.0832,16.2474,13.4155,12.4548,11.6446,10.7157,10.5845,12.3189,10.7157,9.4206,10.3232,12.4548,10.1931,9.8051,12.7276,10.3232,11.2444,15.2421,10.4536,24.7942,11.2444,11.9133,10.4536,9.1662,12.8645
1994-02-01 00:00:00,2,21.61,19.0832,17.3057,16.1028,13.9717,10.1931,9.6765,9.5483,9.4206,9.2932,9.2932,9.1662,9.1662,9.0397,8.9135,8.9135,8.7878,8.7878,8.6624,7.9193,7.5536,7.4326,7.5536,8.413,8.9135,8.413,9.4206,11.2444,,,
1994-01-01 00:00:00,2,13.8322,12.1833,33.8524,41.2592,32.8394,25.3407,26.2613,18.9189,15.2421,20.4163,30.848,28.9034,41.6988,33.8524,46.1894,13.9717,12.8645,12.3189,11.5109,10.9793,12.7276,15.2421,15.6711,17.9445,19.7455,16.5373,14.9576,13.554,11.6446,10.0633,8.9135
1993-12-01 00:00:00,2,8.5375,7.4326,7.5536,8.1653,9.2932,11.3774,13.9717,15.6711,17.9445,19.4133,16.1028,14.8158,21.7826,18.7552,15.8147,15.2421,15.6711,15.8147,18.7552,21.7826,20.2478,17.624,15.9586,16.1028,15.6711,15.3848,15.2421,15.3848,15.3848,14.2518,14.1116
1993-11-01 00:00:00,2,6.2482,6.8345,7.6751,6.9532,6.2482,5.6743,5.3362,5.5611,6.3644,6.7162,6.2482,5.5611,6.4812,5.6743,6.9532,6.1324,5.9023,5.9023,6.5985,8.1653,7.9193,7.4326,7.6751,6.9532,6.4812,6.2482,5.9023,6.7162,9.5483,8.7878,
1993-10-01 00:00:00,2,6.5985,6.1324,8.6624,13.2772,18.9189,35.497,31.2425,28.9034,27.382,23.8934,20.5853,16.9895,14.9576,13.1393,11.3774,10.8473,7.9193,6.4812,8.5375,8.0421,7.6751,7.4326,7.192,6.9532,6.9532,6.7162,6.4812,6.3644,6.2482,6.1324,6.0171
1993-09-01 00:00:00,2,4.459,4.459,4.459,4.459,4.459,4.459,4.3519,4.3519,4.3519,4.3519,4.3519,4.2455,4.2455,4.2455,4.2455,4.2455,4.2455,4.2455,4.459,4.459,4.5666,4.7837,4.6749,4.5666,4.8931,4.7837,5.003,5.2246,5.788,5.788,
1993-08-01 00:00:00,2,4.7837,4.6749,4.5666,4.5666,4.5666,4.459,4.459,4.2455,4.1397,4.1397,4.1397,4.1397,5.1135,5.1135,5.1135,5.1135,5.003,5.003,5.003,5.1135,5.1135,4.7837,4.6749,4.5666,4.5666,4.5666,4.5666,4.459,4.459,4.459,4.459
1993-07-01 00:00:00,2,7.5536,6.9532,6.7162,6.4812,6.2482,6.2482,6.1324,6.0171,5.9023,5.6743,5.3362,5.3362,5.3362,5.2246,5.2246,5.2246,5.2246,5.2246,5.2246,5.1135,5.1135,5.1135,5.1135,5.1135,5.1135,5.003,5.003,4.8931,4.8931,4.7837,4.7837
1993-06-01 00:00:00,2,6.7162,6.5985,6.5985,6.5985,6.4812,6.4812,6.4812,6.4812,6.3644,6.3644,6.3644,6.3644,6.3644,6.3644,6.3644,6.3644,6.3644,6.3644,6.3644,6.3644,6.3644,6.2482,6.2482,6.2482,6.1324,6.0171,5.9023,5.788,5.788,5.6743,
1993-05-01 00:00:00,2,9.5483,9.5483,9.4206,7.9193,9.2932,7.6751,11.1117,10.5845,10.5845,10.4536,10.3232,10.0633,10.4536,9.2932,8.7878,8.6624,8.0421,7.797,7.797,7.6751,7.6751,7.5536,7.5536,7.4326,7.4326,7.4326,7.4326,7.0723,6.9532,6.8345,6.7162
1993-04-01 00:00:00,2,8.413,7.9193,7.9193,7.9193,8.413,7.9193,8.7878,9.1662,10.1931,10.8473,8.413,10.3232,10.0633,9.934,8.6624,9.934,9.6765,9.5483,9.2932,12.591,12.8645,10.9793,10.5845,10.3232,10.1931,10.0633,9.934,9.6765,9.1662,8.9135,
1993-03-01 00:00:00,2,13.554,10.7157,17.624,12.1833,11.2444,10.4536,9.1662,8.413,7.6751,9.2932,10.4536,18.1056,14.1116,11.6446,9.0397,8.1653,7.6751,15.3848,17.624,15.3848,12.3189,11.3774,11.2444,11.1117,10.8473,10.5845,10.4536,10.4536,10.7157,10.1931,9.934
1993-02-01 00:00:00,2,7.5536,7.797,8.1653,11.1117,14.3923,19.4133,13.2772,11.3774,14.1116,11.6446,13.693,15.3848,15.3848,18.7552,14.8158,10.4536,11.2444,11.7788,13.4155,14.5332,14.9576,17.4646,13.9717,10.8473,9.934,9.2932,12.4548,12.591,,,
1993-01-01 00:00:00,2,8.6624,9.1662,8.2889,9.934,12.1833,16.9895,18.1056,16.8284,17.3057,16.5373,14.8158,12.8645,11.6446,11.6446,10.4536,11.9133,14.5332,15.9586,18.9189,17.1473,13.2772,10.8473,11.3774,10.3232,10.4536,9.934,10.3232,9.2932,8.9135,8.5375,8.1653
1992-12-01 00:00:00,2,8.0421,8.9135,9.4206,9.1662,9.5483,13.9717,16.2474,18.1056,19.7455,21.0953,21.4379,25.3407,28.5202,12.3189,11.5109,12.591,11.6446,9.934,12.591,10.9793,12.591,15.0997,17.9445,16.1028,12.8645,10.0633,9.5483,9.4206,9.2932,8.7878,8.5375
1992-11-01 00:00:00,2,7.192,7.3121,8.7878,9.934,10.1931,10.5845,10.3232,10.1931,10.3232,9.6765,8.9135,8.7878,8.5375,7.797,9.0397,9.6765,11.2444,10.3232,10.3232,9.2932,8.413,8.2889,9.5483,9.0397,8.2889,7.9193,7.797,7.797,7.6751,7.6751,
1992-10-01 00:00:00,2,6.2482,6.9532,6.9532,8.1653,7.6751,9.4206,9.0397,8.5375,8.0421,7.4326,6.8345,8.2889,7.797,7.5536,7.5536,8.9135,8.1653,8.1653,7.6751,7.9193,8.1653,9.6765,10.5845,10.7157,10.3232,9.4206,8.7878,8.0421,7.3121,6.9532,6.8345
1992-09-01 00:00:00,2,4.6749,4.7837,5.003,5.3362,5.6743,6.3644,8.5375,8.2889,7.797,7.5536,7.5536,7.3121,7.192,7.192,7.0723,6.9532,6.8345,6.8345,6.7162,7.0723,7.3121,7.3121,7.5536,7.797,8.0421,7.4326,7.192,6.7162,6.3644,6.1324,
1992-08-01 00:00:00,2,6.0171,6.0171,5.788,5.788,5.788,5.788,5.6743,5.6743,5.3362,5.3362,5.3362,5.3362,5.2246,5.2246,5.2246,5.1135,5.1135,5.1135,5.1135,5.003,5.003,4.8931,4.8931,4.8931,5.4484,5.3362,5.1135,4.8931,4.7837,4.6749,4.6749
1992-07-01 00:00:00,2,6.8345,6.8345,6.8345,6.7162,6.7162,6.7162,6.5985,6.5985,6.4812,6.4812,6.4812,6.4812,6.3644,6.3644,6.3644,6.3644,6.3644,6.3644,6.2482,6.2482,6.2482,6.2482,6.2482,6.1324,6.1324,6.1324,6.1324,6.1324,6.0171,6.0171,6.0171
1992-06-01 00:00:00,2,10.0633,9.6765,9.2932,8.6624,8.2889,8.2889,8.1653,8.0421,7.9193,7.9193,7.9193,7.797,7.797,7.6751,7.5536,7.5536,7.5536,7.4326,7.4326,7.3121,7.3121,7.3121,7.192,7.192,7.0723,7.0723,7.0723,6.9532,6.9532,6.9532,
1992-05-01 00:00:00,2,8.1653,8.6624,15.5278,10.7157,15.8147,15.0997,14.6743,14.2518,13.4155,12.8645,11.7788,10.9793,10.1931,9.5483,9.1662,9.934,9.0397,8.5375,8.2889,7.797,9.5483,9.5483,9.4206,9.4206,9.4206,9.2932,9.2932,9.1662,9.1662,9.0397,8.9135
1992-04-01 00:00:00,2,10.0633,12.591,16.6827,15.3848,12.3189,14.8158,15.9586,18.2672,14.8158,12.8645,13.0017,11.9133,11.6446,11.6446,11.5109,11.9133,11.5109,12.1833,10.9793,10.3232,9.934,9.6765,9.5483,10.4536,10.8473,10.1931,9.6765,9.6765,9.1662,8.5375,
1992-03-01 00:00:00,2,13.9717,13.8322,13.554,13.554,14.2518,15.5278,15.5278,15.0997,14.2518,13.8322,13.2772,12.8645,12.7276,12.4548,12.0481,11.9133,11.6446,11.5109,11.7788,13.1393,15.2421,14.3923,12.8645,12.591,12.1833,11.5109,10.9793,10.5845,10.1931,10.0633,9.934
1992-02-01 00:00:00,2,15.5278,16.2474,16.8284,16.6827,16.3922,15.9586,15.5278,15.5278,15.9586,16.1028,17.1473,18.4293,19.248,19.4133,17.784,16.6827,15.9586,15.5278,15.2421,14.9576,15.2421,15.8147,16.9895,16.8284,15.9586,15.5278,15.2421,15.0997,14.2518,,
1992-01-01 00:00:00,2,43.028,57.898,49.4338,44.3726,36.5396,37.3818,36.3302,34.8769,34.2608,31.4405,27.5705,25.7074,23.8934,23.5366,22.8289,22.1294,22.4781,21.0953,20.5853,18.592,18.1056,17.4646,17.3057,17.1473,16.9895,16.8284,16.5373,16.5373,16.3922,15.9586,15.5278
1991-12-01 00:00:00,2,8.413,9.5483,10.3232,12.4548,13.8322,14.6743,15.5278,16.3922,17.784,20.5853,19.4133,21.2664,23.8934,27.0065,25.7074,23.0051,21.2664,23.8934,28.9034,37.5934,43.6984,40.1679,33.0411,28.7116,27.0065,24.9759,23.7147,27.0065,33.0411,41.2592,43.9227
1991-11-01 00:00:00,2,9.2932,8.9135,9.0397,10.0633,9.0397,8.413,8.1653,7.9193,7.797,7.5536,7.5536,7.4326,7.3121,7.3121,7.192,7.0723,6.9532,6.8345,6.9532,6.8345,7.0723,6.9532,7.3121,7.4326,8.413,8.9135,9.2932,9.0397,8.413,7.9193,
1991-10-01 00:00:00,2,10.3232,12.4548,11.3774,10.3232,11.7788,14.1116,14.9576,13.554,13.9717,11.5109,10.1931,9.0397,7.9193,7.5536,7.3121,7.5536,7.5536,8.6624,9.2932,10.3232,10.0633,9.1662,8.2889,7.5536,7.0723,6.9532,7.6751,7.5536,8.0421,8.6624,10.0633
1991-09-01 00:00:00,2,6.0171,6.0171,6.0171,5.9023,5.9023,5.9023,5.788,5.788,5.788,5.788,5.788,5.6743,5.6743,5.5611,5.5611,5.5611,5.788,5.788,5.6743,5.5611,5.788,6.0171,5.788,6.0171,6.7162,7.0723,6.9532,6.4812,6.3644,7.3121,
1991-08-01 00:00:00,2,7.797,7.6751,7.4326,7.3121,7.0723,6.9532,6.8345,6.7162,6.7162,6.5985,6.5985,6.5985,6.4812,6.4812,6.4812,6.4812,6.4812,6.4812,6.3644,6.3644,6.3644,6.3644,6.3644,6.2482,6.2482,6.2482,6.1324,6.1324,6.1324,6.1324,7.3121
1991-07-01 00:00:00,2,8.2889,8.2889,8.2889,8.2889,8.2889,8.2889,8.2889,8.1653,8.1653,8.1653,8.1653,8.1653,8.1653,8.1653,8.1653,8.1653,8.1653,8.0421,8.0421,8.0421,8.0421,8.0421,8.0421,8.0421,8.0421,7.9193,7.9193,7.9193,7.9193,7.9193,7.9193
1991-06-01 00:00:00,2,9.1662,9.0397,9.0397,8.9135,8.9135,8.7878,8.7878,8.7878,8.7878,8.7878,8.7878,8.6624,8.6624,8.6624,8.6624,8.6624,8.6624,8.6624,8.5375,8.5375,8.5375,8.5375,8.5375,8.5375,8.413,8.413,8.413,8.413,8.413,8.413,
1991-05-01 00:00:00,2,12.4548,12.3189,12.0481,11.6446,11.5109,11.6446,11.2444,11.1117,10.8473,10.7157,10.5845,10.5845,10.4536,10.3232,10.0633,10.3232,10.1931,10.1931,9.934,9.8051,9.8051,9.6765,9.6765,9.5483,9.5483,9.4206,9.4206,9.4206,9.2932,9.2932,9.1662
1991-04-01 00:00:00,2,33.6489,29.6756,27.5705,25.7074,23.5366,20.5853,19.248,17.784,16.6827,16.6827,15.3848,14.6743,14.2518,13.693,13.0017,14.8158,15.3848,13.0017,13.554,14.6743,15.6711,17.4646,18.9189,16.2474,15.0997,14.8158,13.8322,13.1393,13.2772,12.7276,
1991-03-01 00:00:00,2,20.0799,19.4133,16.6827,20.9248,26.2613,32.8394,27.7595,21.0953,17.3057,15.9586,15.2421,13.0017,11.7788,10.7157,9.934,13.0017,14.9576,17.9445,23.8934,28.9034,32.4374,36.3302,41.2592,40.6031,30.4553,23.8934,19.7455,18.1056,31.4405,36.1212,36.3302
1991-02-01 00:00:00,2,31.4405,26.0762,23.3589,19.7455,18.1056,27.949,36.9598,46.1894,39.0874,43.251,57.6493,51.8011,52.0401,52.2795,47.3387,37.8055,46.1894,51.3243,67.1144,62.699,59.3987,54.4526,51.5625,46.4184,39.0874,34.0564,29.2886,21.2664,,,
1991-01-01 00:00:00,2,2.9859,3.2595,3.9186,5.8358,8.0259,9.7672,12.6967,14.3768,23.0014,25.8887,28.4978,36.9001,54.0272,60.1986,72.1304,85.8326,96.7941,102.804,114.891,122.394,100.115,83.3288,87.0953,72.7219,78.217,91.4128,79.6139,72.9931,65.0226,53.0002,41.2592
1990-12-01 00:00:00,2,5.0073,5.4179,4.9058,4.4058,3.9186,3.9186,3.8227,4.4058,5.3146,4.9058,4.2094,5.5217,5.5217,5.0073,7.1307,8.5975,7.5753,7.5753,6.3681,9.2952,8.3678,7.9127,6.8014,5.8358,5.3146,13.4502,9.7672,7.6874,6.5839,4.8048,4.015
1990-11-01 00:00:00,2,3.445,3.8227,4.7043,10.9701,7.1307,7.3522,6.8014,6.4758,6.4758,6.1539,6.3681,5.8358,5.5217,5.2117,4.9058,4.9058,4.6043,4.2094,4.015,3.9186,3.9186,5.4179,5.8358,5.1093,5.626,5.0073,5.4179,4.4058,3.9186,3.8227,
1990-10-01 00:00:00,2,2.9859,3.0765,3.352,3.2595,2.9859,2.9859,2.896,2.8067,2.8067,2.718,2.63,2.63,2.8067,3.1677,2.9859,2.896,2.8067,2.456,3.1677,3.1677,3.6327,4.3073,4.2094,3.6327,3.1677,2.9859,2.718,2.63,2.63,2.8067,2.456
1990-09-01 00:00:00,2,3.7275,3.6327,3.1677,2.8067,2.718,2.718,3.1677,4.3073,5.0073,9.1781,8.1395,7.1307,6.1539,5.626,4.5048,3.2595,3.445,3.1677,3.0765,2.896,3.1677,3.0765,3.352,2.9859,2.896,2.8067,2.718,2.718,2.63,2.8067,
1990-08-01 00:00:00,2,2.896,2.8067,2.8067,2.896,2.896,2.8067,2.8067,2.8067,2.718,2.718,2.718,2.8067,2.8067,2.8067,2.8067,2.896,2.896,2.896,2.896,3.0765,2.9859,2.896,2.8067,2.8067,2.8067,3.0765,3.2595,3.7275,3.9186,3.7275,3.6327
1990-07-01 00:00:00,2,3.5386,2.9859,2.9859,2.9859,3.2595,3.445,4.1119,4.5048,4.4058,3.8227,3.5386,3.7275,3.352,3.1677,2.9859,3.6327,3.5386,3.5386,3.445,3.445,3.445,3.352,3.2595,3.0765,2.9859,2.9859,2.9859,2.9859,2.896,2.896,2.896
1990-06-01 00:00:00,2,2.8067,2.8067,2.8067,2.8067,2.718,2.718,2.896,3.0765,2.896,2.8067,2.896,3.0765,3.0765,3.1677,2.9859,3.352,3.1677,2.9859,2.896,2.8067,2.8067,2.896,2.9859,3.1677,3.2595,3.0765,3.445,3.7275,4.2094,4.1119,
1990-05-01 00:00:00,2,4.2094,4.1119,4.015,4.015,4.015,3.9186,3.9186,3.9186,3.8227,3.8227,3.7275,3.7275,3.7275,3.6327,3.6327,3.6327,3.5386,3.5386,3.445,3.445,3.352,3.445,3.6327,3.445,3.352,3.2595,3.1677,2.9859,2.9859,2.896,2.8067
1990-04-01 00:00:00,2,5.4179,5.8358,5.1093,4.7043,4.5048,4.2094,3.9186,3.7275,3.6327,3.5386,3.6327,4.2094,5.1093,5.3146,4.5048,3.9186,3.8227,3.8227,4.1119,4.5048,4.7043,4.8048,5.1093,5.5217,5.626,5.0073,4.9058,4.9058,4.6043,4.2094,
1990-03-01 00:00:00,2,2.63,2.896,2.896,3.0765,3.0765,2.896,2.8067,3.2595,3.9186,4.9058,4.3073,3.352,4.2094,4.3073,4.6043,4.4058,5.4179,4.015,3.7275,3.6327,4.3073,4.2094,5.4179,3.9186,3.7275,3.2595,3.7275,4.3073,4.8048,4.2094,3.9186
1990-02-01 00:00:00,2,3.9186,3.7275,3.6327,3.5386,3.5386,3.445,3.445,3.352,3.2595,3.2595,3.1677,3.1677,3.0765,3.0765,2.9859,3.1677,3.352,3.6327,3.7275,3.7275,4.3073,3.9186,4.4058,4.9058,5.4179,5.3146,4.9058,4.6043,,,
1990-01-01 00:00:00,2,12.548,25.1057,14.8491,11.4602,11.3372,10.0052,9.0613,7.5753,7.3522,7.1307,7.0206,6.2608,5.9414,5.8358,5.626,5.4179,5.1093,4.9058,4.7043,4.6043,4.5048,4.4058,4.4058,4.3073,4.3073,4.2094,4.2094,4.1119,4.1119,4.015,3.9186
1989-12-01 00:00:00,2,10.8484,8.5975,5.9414,5.2117,5.0073,4.7043,4.1119,3.9186,3.8227,4.1119,4.8048,6.0474,8.9448,9.886,11.8309,12.6967,12.1062,7.3522,16.6314,19.1874,21.1515,11.3372,10.3646,9.1781,7.2413,6.3681,17.8064,27.0807,18.3195,9.886,8.0259
1989-11-01 00:00:00,2,7.1307,6.9108,6.5839,6.2608,6.1539,5.9414,5.9414,6.3681,6.1539,5.9414,5.1093,4.9058,4.7043,4.7043,4.3073,4.3073,5.1093,5.4179,5.7307,5.1093,4.9058,5.0073,5.2117,5.4179,5.626,5.9414,6.1539,6.6925,7.5753,8.1395,
1989-10-01 00:00:00,2,3.8227,4.7043,4.7043,5.8358,5.4179,4.9058,4.7043,5.626,6.4758,7.2413,7.1307,7.4636,8.2535,8.4825,7.3522,7.5753,7.3522,5.626,4.9058,4.7043,6.2608,8.2535,9.886,11.0922,14.3768,15.9741,15.9741,12.548,10.2445,9.0613,7.6874
1989-09-01 00:00:00,2,3.7275,3.6327,3.6327,3.5386,3.5386,3.445,3.445,3.2595,3.2595,3.1677,3.1677,3.1677,3.0765,2.9859,2.9859,2.9859,2.9859,2.9859,2.9859,2.9859,2.896,2.896,2.896,2.896,2.896,2.8067,2.8067,2.9859,3.0765,3.2595,
1989-08-01 00:00:00,2,5.3146,4.7043,4.1119,3.9186,3.8227,3.6327,3.5386,3.5386,3.445,3.445,3.445,3.352,3.352,3.2595,3.2595,3.2595,3.2595,3.2595,3.1677,3.1677,3.1677,3.1677,3.0765,3.0765,2.9859,2.896,3.6327,5.8358,6.5839,4.6043,3.6327
1989-07-01 00:00:00,2,3.9186,3.9186,3.7275,3.8227,3.7275,3.7275,3.6327,3.6327,3.7275,3.7275,3.6327,3.5386,3.5386,3.5386,3.5386,3.5386,3.5386,3.5386,3.5386,3.9186,3.445,3.445,3.445,3.352,3.352,3.352,3.5386,3.7275,3.7275,3.7275,6.8014
1989-06-01 00:00:00,2,5.0073,4.9058,4.8048,4.7043,4.6043,4.5048,4.5048,4.5048,4.5048,4.7043,5.2117,5.9414,5.4179,5.0073,4.9058,5.1093,5.0073,5.2117,4.9058,4.8048,5.3146,5.626,5.626,5.9414,6.9108,8.5975,7.7998,7.2413,5.7307,4.4058,
1989-05-01 00:00:00,2,5.5217,8.1395,7.1307,6.9108,6.4758,6.1539,5.7307,5.5217,5.3146,5.3146,5.2117,5.2117,5.2117,5.1093,5.0073,5.0073,5.0073,4.9058,4.9058,4.9058,4.9058,4.8048,4.8048,4.8048,4.6043,4.7043,4.6043,4.5048,4.7043,5.3146,5.1093
1989-04-01 00:00:00,2,5.3146,5.2117,5.2117,5.1093,5.1093,5.1093,5.0073,5.0073,5.0073,4.9058,4.9058,4.9058,5.2117,5.7307,6.0474,6.1539,5.9414,5.7307,5.626,6.0474,6.0474,5.8358,5.7307,5.626,5.8358,5.8358,5.626,5.7307,5.4179,5.2117,
1989-03-01 00:00:00,2,5.9414,5.0073,5.9414,5.4179,6.0474,7.9127,8.2535,7.7998,6.6925,9.1781,19.0125,9.886,10.4851,20.2494,15.9741,12.6967,11.8309,11.0922,10.1247,8.8287,7.5753,7.2413,6.2608,6.0474,5.9414,5.8358,5.8358,5.626,5.5217,5.4179,5.4179
1989-02-01 00:00:00,2,9.4127,9.1781,10.3646,9.0613,8.4825,8.1395,8.1395,7.6874,7.9127,8.7129,10.3646,11.2145,24.7177,18.6648,29.5273,23.9489,16.1375,12.6967,14.5335,11.5835,13.2982,11.2145,10.9701,10.0052,8.5975,8.0259,7.5753,7.2413,,,
1989-01-01 00:00:00,2,8.8287,9.886,10.727,11.3372,12.548,15.0078,16.4661,19.8929,23.0014,18.1478,10.0052,9.1781,8.5975,8.1395,8.0259,8.0259,9.2952,12.846,11.707,10.8484,11.707,10.3646,9.4127,12.1062,11.0922,10.0052,9.2952,8.8287,8.2535,7.7998,7.9127
1988-12-01 00:00:00,2,10.9701,10.3646,9.5305,9.1781,8.3678,8.4825,9.1781,10.3646,11.0922,9.4127,8.9448,8.9448,9.886,11.0922,12.548,14.8491,15.0078,15.8114,18.8383,17.1311,15.3273,13.4502,13.4502,13.4502,14.8491,14.691,14.691,13.1468,12.6967,11.707,11.3372
1988-11-01 00:00:00,2,6.5839,6.0474,6.2608,7.1307,8.7129,9.886,10.8484,11.0922,11.707,12.1062,10.4851,8.9448,8.2535,7.4636,6.4758,6.5839,6.8014,6.2608,5.7307,5.5217,6.4758,7.1307,7.3522,7.1307,8.5975,8.2535,10.2445,13.7564,12.2528,11.4602,
1988-10-01 00:00:00,2,6.6925,5.9414,5.5217,5.0073,5.8358,5.5217,5.2117,6.5839,6.2608,6.1539,6.3681,6.1539,5.9414,5.5217,5.2117,4.8048,4.5048,5.626,7.1307,8.4825,9.2952,7.9127,6.8014,5.9414,5.4179,5.5217,6.0474,6.8014,7.7998,8.0259,7.3522
1988-09-01 00:00:00,2,3.8227,3.8227,3.7275,3.7275,3.7275,3.7275,3.6327,3.445,3.1677,3.1677,3.0765,3.0765,2.896,2.896,2.896,2.896,2.8067,2.8067,2.718,2.718,2.63,2.63,2.63,2.63,2.63,2.63,2.896,2.896,4.3073,6.8014,
1988-08-01 00:00:00,2,4.5048,4.4058,4.3073,4.4058,4.4058,4.3073,4.3073,4.5048,4.5048,4.4058,4.4058,4.4058,4.2094,4.015,3.9186,3.7275,3.7275,3.7275,3.8227,3.8227,3.6327,3.5386,3.5386,3.445,3.352,3.2595,3.1677,3.0765,3.0765,3.1677,3.1677
1988-07-01 00:00:00,2,5.0073,5.0073,5.0073,5.0073,5.0073,5.0073,4.9058,4.9058,4.9058,4.9058,4.9058,4.9058,4.9058,4.9058,4.8048,4.8048,4.8048,4.8048,4.8048,4.8048,4.7043,4.7043,4.7043,4.7043,4.7043,4.6043,4.6043,4.6043,4.3073,4.1119,4.015
1988-06-01 00:00:00,2,6.0474,6.0474,5.9414,5.8358,5.7307,5.7307,5.626,5.626,5.5217,5.5217,5.5217,5.4179,5.4179,5.4179,5.4179,5.3146,5.3146,5.3146,5.3146,5.3146,5.3146,5.2117,5.2117,5.2117,5.2117,5.2117,5.1093,5.1093,5.1093,5.0073,
1988-05-01 00:00:00,2,8.7129,8.7129,8.5975,8.4825,8.4825,8.3678,8.2535,8.1395,8.2535,7.9127,7.6874,7.4636,7.1307,7.0206,6.9108,6.9108,6.8014,6.8014,6.6925,6.4758,6.3681,6.2608,6.2608,6.2608,6.2608,6.2608,6.2608,6.1539,6.1539,6.1539,6.1539
1988-04-01 00:00:00,2,8.9448,8.3678,7.7998,7.4636,7.1307,7.0206,6.8014,6.5839,6.4758,7.0206,7.6874,11.4602,10.0052,16.3015,15.3273,14.8491,14.5335,14.3768,14.2207,13.603,12.548,11.8309,11.5835,11.2145,10.3646,9.886,9.4127,9.2952,9.1781,8.9448,
1988-03-01 00:00:00,2,12.9961,11.707,11.2145,10.6059,10.1247,9.6487,9.5305,9.7672,10.4851,10.4851,10.8484,10.4851,10.2445,9.7672,9.2952,9.6487,10.4851,11.5835,12.6967,12.2528,11.707,11.5835,11.9551,11.3372,10.8484,10.6059,10.4851,10.2445,9.7672,9.2952,9.2952
1988-02-01 00:00:00,2,8.4825,8.3678,8.1395,8.0259,8.5975,10.8484,12.1062,14.8491,14.0652,17.6366,17.9768,14.3768,12.9961,15.8114,15.1672,18.1478,19.8929,19.5389,20.4286,22.0688,23.7582,23.5681,20.4286,22.8136,26.2837,19.0125,22.0688,23.3786,15.8114,,
1988-01-01 00:00:00,2,14.0652,15.3273,14.8491,12.6967,15.1672,12.846,16.4661,19.7156,21.1515,21.7,21.5166,14.2207,12.2528,9.886,8.8287,8.4825,8.2535,7.4636,7.6874,7.5753,7.4636,7.3522,7.2413,7.1307,6.9108,6.8014,7.3522,8.7129,9.0613,9.1781,8.8287
1987-12-01 00:00:00,2,4.3073,5.3146,6.9108,8.3678,9.1781,10.4851,12.4001,14.5335,13.4502,12.9961,16.7973,18.6648,18.3195,21.3337,23.5681,21.1515,18.3195,15.3273,19.0125,23.7582,27.2814,26.0859,27.4827,29.7349,31.4162,30.3612,27.6846,23.1897,19.1874,15.3273,14.0652
1987-11-01 00:00:00,2,5.9414,5.7307,5.626,5.5217,5.4179,5.4179,5.3146,5.2117,5.3146,5.3146,5.2117,5.0073,5.0073,5.1093,4.9058,5.0073,5.626,4.9058,5.0073,5.8358,6.3681,6.6925,7.2413,6.6925,6.2608,5.9414,5.7307,5.1093,4.7043,4.3073,
1987-10-01 00:00:00,2,6.0474,5.9414,5.9414,5.8358,5.8358,5.8358,6.1539,6.2608,6.0474,5.9414,6.3681,6.5839,6.5839,6.1539,5.9414,5.9414,5.9414,5.9414,5.8358,5.7307,5.7307,9.4127,8.8287,8.3678,8.0259,7.5753,7.2413,12.2528,9.0613,8.9448,7.1307
1987-09-01 00:00:00,2,6.0474,6.0474,6.0474,6.1539,6.2608,6.5839,7.0206,6.8014,6.5839,6.4758,6.4758,6.3681,6.2608,6.3681,6.4758,6.8014,6.4758,11.5835,10.0052,9.0613,8.8287,8.7129,8.4825,7.5753,7.0206,6.4758,6.2608,6.2608,6.1539,6.1539,
1987-08-01 00:00:00,2,6.4758,6.4758,6.4758,6.4758,6.5839,6.5839,6.4758,6.4758,6.4758,6.3681,6.3681,6.3681,6.3681,6.3681,6.3681,6.3681,6.3681,6.3681,6.3681,6.2608,6.2608,6.2608,6.2608,6.1539,6.1539,6.1539,6.1539,6.1539,6.1539,6.0474,6.0474
1987-07-01 00:00:00,2,7.4636,7.3522,7.3522,7.2413,7.2413,7.1307,7.1307,7.1307,7.0206,7.0206,7.0206,6.9108,6.8014,6.9108,6.6925,6.5839,6.5839,6.4758,6.4758,6.5839,6.5839,6.5839,6.5839,6.5839,6.4758,6.4758,6.4758,6.4758,6.4758,6.4758,6.4758
1987-06-01 00:00:00,2,8.3678,8.2535,8.2535,8.1395,8.0259,7.9127,7.7998,7.6874,7.5753,7.5753,7.4636,7.4636,7.4636,7.5753,7.6874,7.5753,7.5753,7.5753,7.4636,7.4636,7.5753,7.5753,7.6874,7.6874,7.5753,7.5753,7.4636,7.6874,7.6874,7.5753,
1987-05-01 00:00:00,2,8.7129,8.7129,8.5975,8.5975,8.5975,8.4825,8.7129,8.5975,8.5975,8.4825,8.4825,8.5975,8.8287,8.7129,8.7129,8.7129,8.4825,8.7129,10.727,10.3646,9.2952,8.9448,8.7129,9.6487,11.9551,10.9701,10.0052,9.5305,9.2952,8.8287,8.8287
1987-04-01 00:00:00,2,13.603,13.2982,12.548,12.4001,12.1062,11.8309,11.707,11.5835,11.5835,11.3372,11.3372,11.707,12.4001,14.0652,13.1468,12.9961,12.4001,12.1062,12.2528,11.707,11.707,11.5835,11.3372,11.2145,10.9701,10.6059,9.6487,9.2952,9.0613,8.7129,
1987-03-01 00:00:00,2,11.3372,10.727,10.1247,9.7672,10.4851,11.4602,13.2982,14.2207,20.7888,29.1138,28.2937,23.3786,21.1515,15.6494,13.7564,12.548,12.2528,12.9961,13.2982,13.2982,12.4001,11.8309,11.707,11.707,11.5835,11.3372,11.2145,11.0922,11.707,11.8309,14.0652
1987-02-01 00:00:00,2,12.4001,14.3768,14.8491,13.1468,14.3768,13.1468,15.9741,19.3628,16.6314,14.2207,14.2207,13.603,15.1672,17.4675,16.9639,14.691,13.7564,12.6967,15.1672,17.4675,16.4661,15.0078,13.9105,13.1468,13.9105,12.9961,12.6967,12.548,,,
1987-01-01 00:00:00,2,28.4978,25.6921,14.5335,22.6265,19.3628,15.488,14.8491,12.846,12.9961,31.2041,16.6314,15.3273,12.9961,19.7156,13.9105,14.8491,15.8114,14.8491,13.1468,12.6967,11.9551,17.299,13.9105,13.603,13.4502,12.6967,14.3768,11.9551,15.0078,13.4502,12.4001
1986-12-01 00:00:00,2,13.4502,9.7672,8.1395,6.4758,5.9414,6.8014,9.5305,11.2145,9.4127,7.2413,6.5839,6.2608,7.2413,9.1781,10.2445,11.0922,10.6059,7.9127,6.1539,6.0474,8.8287,38.2672,47.3695,62.6842,83.3288,88.0471,69.2133,64.363,51.1687,43.9278,33.1334
1986-11-01 00:00:00,2,2.63,2.896,3.1677,3.0765,3.1677,3.2595,3.352,3.352,3.1677,3.7275,5.8358,10.0052,11.3372,7.6874,5.4179,4.8048,4.3073,4.015,3.7275,3.5386,3.5386,3.6327,3.6327,4.4058,4.7043,3.9186,5.1093,7.5753,8.7129,11.5835,
1986-10-01 00:00:00,2,3.6327,3.5386,3.445,3.2595,3.0765,2.9859,2.9859,2.896,2.8067,2.718,2.718,2.63,2.9859,3.2595,2.9859,2.896,2.9859,2.8067,2.718,2.63,2.718,3.2595,3.7275,3.7275,3.352,3.1677,2.9859,2.896,2.9859,2.9859,2.8067
1986-09-01 00:00:00,2,5.4179,5.2117,4.6043,4.1119,4.015,3.9186,3.8227,3.8227,3.8227,3.8227,3.7275,3.7275,3.7275,3.7275,3.6327,3.6327,3.6327,3.6327,3.6327,3.5386,3.5386,3.5386,3.352,3.2595,3.2595,3.1677,3.1677,3.352,3.6327,3.5386,
1986-08-01 00:00:00,2,5.4179,6.2608,5.8358,5.1093,4.7043,4.6043,4.5048,4.5048,4.3073,4.2094,4.1119,4.015,3.9186,4.4058,5.5217,5.9414,5.626,5.0073,4.6043,8.1395,15.1672,16.3015,11.2145,7.2413,6.2608,6.0474,5.9414,5.7307,5.626,5.626,5.5217
1986-07-01 00:00:00,2,4.2094,6.0474,8.1395,6.8014,5.3146,5.7307,5.9414,5.1093,4.8048,4.7043,4.7043,4.7043,4.5048,4.4058,4.4058,4.4058,4.4058,4.4058,4.4058,4.4058,4.5048,4.9058,6.3681,8.2535,8.4825,7.0206,5.8358,4.9058,4.7043,4.6043,4.7043
1986-06-01 00:00:00,2,5.9414,5.626,5.2117,5.0073,5.0073,5.0073,4.9058,4.9058,4.9058,4.9058,4.8048,4.8048,4.8048,4.8048,4.7043,4.6043,4.6043,4.5048,4.4058,4.3073,4.2094,4.2094,4.3073,4.3073,4.2094,4.2094,4.2094,4.2094,4.1119,4.1119,
1986-05-01 00:00:00,2,5.8358,5.626,5.5217,5.4179,5.3146,5.2117,5.1093,5.1093,5.1093,5.2117,5.5217,7.5753,9.7672,8.4825,7.1307,6.3681,5.8358,5.5217,5.3146,5.3146,5.5217,5.8358,5.7307,5.4179,5.2117,5.0073,5.0073,4.9058,4.9058,5.0073,5.5217
1986-04-01 00:00:00,2,7.1307,6.8014,6.6925,6.4758,6.1539,6.0474,6.0474,6.0474,5.9414,5.9414,6.8014,8.2535,8.0259,7.3522,7.0206,7.1307,7.2413,6.9108,6.4758,6.1539,6.0474,5.9414,5.9414,5.8358,5.9414,5.8358,5.8358,6.5839,7.0206,6.1539,
1986-03-01 00:00:00,2,7.3385,26.0859,17.8064,15.3273,12.9961,10.727,10.3646,12.2528,12.4001,10.1247,9.2952,8.8287,8.0259,7.4636,7.2413,7.1307,7.3522,7.6874,7.2413,7.5753,7.6874,7.1307,7.0206,8.2535,9.6487,9.7672,10.8484,11.0922,9.6487,8.5975,7.7998
1986-02-01 00:00:00,2,6.5206,6.6816,20.9671,12.4734,9.9775,7.5059,5.8899,7.8445,10.1628,14.0991,11.6857,8.8896,10.7256,11.881,12.2749,10.1628,8.7124,8.188,7.5059,7.3385,7.0075,7.0075,6.6816,6.6816,6.6816,6.3609,6.0455,5.8899,,,
1986-01-01 00:00:00,2,13.0753,9.6102,8.5364,8.0157,7.0075,6.6816,10.1628,9.4283,10.7256,8.8896,16.8787,25.6155,34.8329,52.389,41.6632,27.452,28.9148,29.3382,32.8121,28.9148,30.623,27.6591,26.6296,27.452,23.0521,22.2849,20.412,17.0993,14.0991,10.1628,7.1724
1985-12-01 00:00:00,2,6.5206,6.3609,5.8899,5.7355,5.431,5.431,5.2809,4.9848,4.8389,4.6945,4.41,4.27,4.1315,3.9946,3.9946,3.7253,3.7253,3.7253,3.4624,3.4624,3.5931,4.41,5.5826,5.8899,6.8439,6.8439,10.1628,13.8923,26.8343,24.4192,22.0947
1985-11-01 00:00:00,2,7.5059,10.7256,14.0991,21.3404,13.8923,9.4283,7.0075,6.5206,6.0455,5.7355,5.431,5.431,5.1321,4.8389,4.5515,4.1315,3.8592,3.4624,3.8592,4.9848,4.8389,5.5826,5.5826,3.9946,3.9946,5.1321,4.8389,6.3609,6.2026,6.0455,
1985-10-01 00:00:00,2,6.5206,5.8899,14.307,6.2026,6.3609,5.5826,5.2809,4.8389,5.431,5.431,4.27,3.7253,3.5931,3.5931,3.206,4.27,3.9946,4.27,3.9946,3.9946,5.2809,5.431,8.188,9.7933,13.0753,16.2226,9.9775,10.1628,11.881,15.3613,12.673
1985-09-01 00:00:00,2,4.27,4.27,4.27,4.27,4.27,4.1315,3.9946,3.9946,3.9946,3.9946,3.9946,3.7253,3.7253,3.7253,3.7253,3.5931,3.4624,3.4624,3.4624,3.3334,3.206,3.206,3.5931,3.7253,5.8899,7.1724,6.5206,7.5059,6.8439,6.8439,
1985-08-01 00:00:00,2,5.431,5.431,5.431,5.431,5.1321,5.1321,5.1321,5.1321,5.1321,5.1321,5.1321,5.1321,4.8389,4.8389,4.8389,5.1321,4.8389,4.8389,4.8389,4.8389,4.8389,4.8389,5.5826,5.1321,4.8389,4.5515,4.5515,4.5515,4.27,4.27,4.27
1985-07-01 00:00:00,2,6.3609,6.3609,6.0455,6.0455,6.0455,6.0455,6.0455,5.8899,6.0455,6.0455,6.0455,6.0455,5.8899,5.7355,5.7355,5.7355,5.7355,5.7355,5.7355,5.7355,5.7355,5.7355,5.7355,5.7355,5.431,5.431,5.431,5.431,5.431,5.431,5.431
1985-06-01 00:00:00,2,7.3385,7.3385,7.3385,7.3385,7.3385,7.1724,7.0075,7.0075,7.0075,7.0075,7.0075,7.0075,6.6816,6.6816,6.6816,6.6816,6.6816,6.6816,6.6816,6.6816,6.6816,6.3609,6.3609,6.3609,6.3609,6.3609,6.3609,6.3609,6.3609,6.3609,
1985-05-01 00:00:00,2,9.9775,10.7256,11.6857,12.0774,10.3493,9.6102,9.4283,9.068,8.8896,8.7124,8.5364,8.3616,8.3616,8.3616,8.188,8.0157,8.0157,7.6746,7.6746,7.8445,8.0157,7.8445,8.3616,8.0157,8.0157,8.0157,7.6746,7.6746,7.6746,7.6746,7.5059
1985-04-01 00:00:00,2,13.8923,16.8787,15.79,17.3209,15.1484,14.0991,16.659,17.5435,15.3613,12.4734,14.0991,15.1484,12.673,12.4734,12.0774,11.881,11.1063,10.9154,12.4734,11.881,11.4915,11.2984,11.1063,10.5369,10.9154,10.7256,10.5369,10.5369,10.1628,9.7933,
1985-03-01 00:00:00,2,20.9671,19.1275,21.7162,22.2849,29.7641,24.4192,19.5,20.9671,21.9051,22.0947,19.8628,18.443,17.0993,16.659,17.7669,17.7669,17.9914,16.8787,16.8787,17.5435,17.9914,17.9914,16.659,17.5435,17.9914,18.2167,14.7257,13.278,12.0774,10.7256,9.9775
1985-02-01 00:00:00,2,43.3833,34.154,23.2455,23.8295,24.8154,21.3404,21.1534,17.0993,27.6591,30.8392,28.704,21.9051,16.8787,12.2749,12.2749,15.1484,15.79,10.1628,14.5158,8.5364,14.9366,30.4073,41.6632,28.0752,29.5508,28.704,26.6296,21.3404,,,
1985-01-01 00:00:00,2,21.7162,17.3209,16.2226,15.1484,13.0753,12.2749,12.4734,17.7669,39.0158,29.1262,26.4255,20.412,12.4734,17.5435,23.4395,19.3575,20.0452,14.307,18.443,22.0947,17.3209,28.4938,34.8329,43.8798,52.6561,86.8037,79.1307,91.4078,73.2564,57.0014,38.3057
1984-12-01 00:00:00,2,17.1342,13.5473,11.192,13.5473,10.7424,7.4588,6.5195,9.2528,13.2231,8.4263,25.0545,29.1147,26.3107,20.0844,20.2749,20.6579,29.335,21.2377,15.2141,13.0622,15.7288,13.2231,14.8747,19.1427,19.3296,22.2181,30.8952,28.6761,39.659,42.683,28.9148
1984-11-01 00:00:00,2,1.981,1.981,1.7502,1.7502,1.8648,1.6373,2.3392,2.837,4.0314,4.45,3.2243,2.9648,2.7105,2.4615,2.7105,3.3559,5.0225,5.0225,4.5916,8.1008,25.8893,15.044,12.1129,9.5883,9.5883,13.0622,15.7288,22.0206,19.7056,21.2377,
1984-10-01 00:00:00,2,2.7105,3.0939,3.2243,3.3559,3.8941,4.1699,3.4887,3.2243,3.0939,2.837,2.837,2.7105,1.981,1.7502,2.4615,2.9648,2.9648,3.0939,3.2243,4.45,5.0225,4.5916,3.7578,3.2243,3.2243,2.837,2.7105,2.7105,2.4615,2.2183,1.981
1984-09-01 00:00:00,2,7.1425,9.4202,6.9855,7.9392,8.7548,9.5883,10.4389,14.5383,12.584,9.7571,8.2632,6.8293,5.9099,5.7597,5.3146,4.7342,3.0939,2.837,2.7105,2.4615,2.3392,2.2183,1.981,1.981,1.6373,2.3392,2.5853,2.837,2.5853,2.837,
1984-08-01 00:00:00,2,3.3559,3.2243,3.2243,3.0939,2.9648,3.4887,3.8941,3.8941,3.3559,3.2243,3.6227,4.1699,3.6227,3.2243,3.2243,2.837,2.9648,4.1699,6.061,5.7597,5.462,5.462,6.8293,6.674,8.7548,6.213,5.168,3.2243,4.1699,6.061,10.2675
1984-07-01 00:00:00,2,4.3094,4.3094,4.1699,4.0314,4.0314,4.0314,4.0314,3.8941,3.7578,3.7578,3.7578,3.7578,3.4887,3.4887,3.4887,3.4887,3.4887,3.3559,3.2243,3.2243,3.2243,2.9648,2.9648,2.9648,2.9648,2.7105,2.7105,2.5853,2.4615,2.4615,2.2183
1984-06-01 00:00:00,2,5.3146,5.0225,4.8779,4.5916,4.5916,4.3094,4.3094,4.1699,3.8941,3.7578,3.6227,3.4887,3.4887,3.4887,3.4887,4.3094,4.5916,4.5916,4.5916,4.5916,4.5916,4.5916,4.5916,4.3094,4.3094,4.3094,4.3094,4.3094,4.3094,4.0314,
1984-05-01 00:00:00,2,9.2528,16.6016,13.7106,10.2675,7.9392,7.6182,7.3002,6.8293,6.3658,6.061,6.061,6.3658,6.3658,6.213,6.061,6.061,6.061,6.061,6.674,6.3658,6.3658,6.061,5.7597,5.7597,5.7597,5.7597,5.6104,5.6104,5.6104,5.6104,5.6104
1984-04-01 00:00:00,2,5.6104,5.6104,5.9099,6.674,6.3658,6.3658,6.061,6.061,6.213,6.3658,6.674,6.061,6.061,5.7597,5.462,5.6104,5.9099,6.061,6.061,5.7597,5.7597,5.7597,6.061,5.7597,5.7597,5.462,5.462,5.7597,5.7597,6.061,
1984-03-01 00:00:00,2,6.8293,6.8293,7.6182,7.6182,6.9855,7.6182,9.4202,8.9201,8.5902,9.2528,16.2503,11.8028,9.0861,8.7548,8.2632,8.1008,7.9392,7.6182,7.6182,7.3002,6.8293,6.674,6.5195,6.3658,6.061,6.061,6.061,5.7597,5.7597,5.7597,5.7597
1984-02-01 00:00:00,2,9.2528,9.2528,8.9201,8.9201,8.7548,8.5902,8.5902,10.0967,10.0967,9.7571,9.2528,8.9201,8.9201,8.9201,8.9201,8.9201,8.5902,8.5902,8.2632,8.2632,8.2632,7.9392,7.9392,7.6182,7.6182,7.6182,7.6182,7.3002,7.1425,,
1984-01-01 00:00:00,2,17.4928,15.5565,14.8747,13.8746,13.5473,13.0622,12.584,12.584,13.5473,12.4262,12.4262,13.3848,12.4262,12.2692,13.5473,12.1129,11.192,10.611,10.2675,9.7571,10.8915,10.4389,14.0394,19.3296,17.4928,14.8747,12.4262,9.5883,9.4202,9.2528,9.2528
1983-12-01 00:00:00,2,12.902,16.4256,13.3848,12.7426,16.4256,19.3296,29.335,19.3296,24.4354,51.9933,63.7963,61.1245,57.3451,43.9687,38.9167,40.1569,33.6431,26.5225,29.1147,24.8475,19.1427,19.5173,21.2377,43.4526,27.1616,21.2377,20.466,12.584,17.3131,15.7288,15.3849
1983-11-01 00:00:00,2,13.7106,14.3712,14.2049,16.0757,16.7784,14.5383,13.0622,12.7426,12.1129,12.584,13.3848,14.3712,15.7288,16.0757,17.1342,20.466,19.1427,16.9559,14.5383,15.7288,16.2503,17.1342,23.4173,23.4173,31.3468,35.0514,31.5735,22.4162,11.4958,9.2528,
1983-10-01 00:00:00,2,7.4588,6.8293,6.5195,6.674,6.061,8.9201,9.7571,10.611,14.3712,8.7548,8.1008,7.6182,8.7548,18.771,21.4324,15.9019,9.4202,8.7548,10.4389,11.6489,10.0967,11.3435,10.0967,9.0861,8.1008,9.2528,7.9392,8.2632,8.5902,7.7783,7.6182
1983-09-01 00:00:00,2,5.7597,5.7597,5.7597,6.061,6.213,6.674,7.1425,7.3002,7.4588,6.3658,7.4588,8.7548,9.4202,9.4202,10.611,15.9019,17.3131,19.7056,17.6733,14.0394,10.4389,11.4958,9.5883,9.2528,8.5902,8.2632,9.2528,8.7548,7.6182,7.7783,
1983-08-01 00:00:00,2,8.2632,8.2632,7.9392,7.9392,7.6182,7.6182,7.6182,7.6182,7.3002,7.3002,6.9855,6.9855,6.9855,6.674,5.9099,6.9855,6.674,6.674,6.061,5.9099,5.7597,5.7597,5.6104,5.462,5.3146,5.9099,6.213,6.061,5.9099,5.7597,5.7597
1983-07-01 00:00:00,2,12.1129,11.6489,11.192,10.8915,10.8915,10.611,10.611,10.2675,9.9265,9.9265,9.5883,9.5883,9.2528,9.2528,8.9201,8.9201,8.4263,8.2632,8.4263,9.2528,9.4202,9.5883,9.5883,9.2528,9.0861,8.9201,8.7548,8.4263,8.2632,8.2632,8.2632
1983-06-01 00:00:00,2,17.4928,17.4928,13.7106,15.9019,15.2141,15.5565,14.0394,12.902,12.7426,13.2231,12.2692,11.9575,11.6489,11.4958,11.192,10.7424,10.4389,10.0967,9.7571,9.5883,10.4389,9.7571,9.2528,9.2528,10.611,10.8915,10.8915,10.611,10.7424,11.0413,
1983-05-01 00:00:00,2,10.5418,10.4052,10.4052,10.4052,10.1341,9.9996,9.8658,9.6003,9.6003,9.6003,9.3378,9.3378,9.0781,9.0781,9.0781,9.3378,9.2076,9.0781,9.0781,8.8213,8.8213,8.8213,8.5674,8.5674,8.3164,8.3164,8.0684,8.0684,11.9461,16.3989,41.4058
1983-04-01 00:00:00,2,13.7213,13.7213,13.7213,13.4187,11.9461,11.8026,39.7752,25.9042,17.5555,15.1155,14.4893,21.9349,18.4005,20.849,18.2303,18.5714,17.8916,17.5555,17.056,16.2363,14.1801,12.674,11.8026,12.2352,12.8216,12.2352,11.9461,11.6597,11.3761,11.2353,
1983-03-01 00:00:00,2,21.0284,43.5399,42.1125,18.0606,28.8964,30.5445,24.5523,20.3142,27.8847,38.3982,39.3141,30.9621,24.5523,17.056,12.9699,20.1371,17.5555,11.9461,14.6448,18.915,25.9042,32.4414,17.056,20.4918,21.5705,19.4351,21.7524,18.2303,18.2303,15.9128,14.8011
1983-02-01 00:00:00,2,19.6097,21.9349,21.5705,18.4005,21.2085,16.7262,18.5714,14.9579,19.4351,24.9356,40.0066,53.9035,58.0324,91.7115,53.5909,19.2611,19.6097,19.4351,14.4893,14.0265,13.7213,12.2352,9.8658,15.5919,17.056,21.5705,16.8908,12.9699,,,
1983-01-01 00:00:00,2,22.4859,25.7093,41.6408,32.2284,18.7429,34.8205,35.702,28.2877,23.0424,20.1371,20.1371,24.9356,33.2988,32.869,33.9477,26.6895,34.383,31.8041,20.849,23.9816,21.9349,21.7524,20.6701,17.3884,19.7849,21.5705,21.3892,19.4351,18.2303,14.9579,16.5623
1982-12-01 00:00:00,2,8.3164,9.0781,11.6597,11.8026,9.0781,12.9699,9.0781,8.4415,14.0265,17.3884,16.7262,11.5176,8.8213,8.5674,12.0903,13.4187,16.8908,13.4187,16.0742,16.3989,26.2957,26.4923,16.3989,39.7752,24.1713,27.2845,22.6708,25.9042,31.1718,44.2606,46.0104
1982-11-01 00:00:00,2,6.1928,5.2254,7.2238,6.9893,5.6473,5.2254,9.0781,17.7233,16.5623,13.8736,8.8213,6.8732,6.9893,6.3043,6.4165,11.8026,8.9493,7.8233,6.4165,5.6473,4.9174,4.5183,4.5183,4.4207,4.0384,3.7608,3.945,5.3296,6.5295,7.9455,
1982-10-01 00:00:00,2,2.4928,2.8108,3.1436,3.491,3.2291,3.67,5.6473,4.0384,10.2693,8.0684,9.9996,11.5176,15.2736,18.4005,14.3344,13.4187,12.8216,10.5418,9.3378,8.3164,6.4165,5.2254,4.1327,3.945,3.945,3.7608,6.6433,18.0606,7.4614,7.4614,6.6433
1982-09-01 00:00:00,2,3.58,3.3155,3.2291,3.2291,3.1436,3.0591,3.0591,3.0591,3.0591,2.8926,2.8926,2.8926,2.8926,2.8926,2.8926,2.7299,2.7299,2.7299,2.7299,2.7299,2.7299,2.7299,2.7299,2.6499,2.5709,2.5709,2.5709,2.5709,2.5709,2.4157,
1982-08-01 00:00:00,2,4.5183,4.5183,4.5183,4.5183,4.4207,4.3238,4.3238,4.3238,4.3238,4.3238,4.3238,4.3238,4.3238,4.3238,4.3238,4.1327,4.1327,4.1327,4.1327,3.945,3.945,3.945,3.8525,3.7608,3.7608,3.7608,3.67,3.58,3.58,3.58,3.58
1982-07-01 00:00:00,2,5.1219,5.1219,5.1219,5.4347,5.6473,5.3296,5.3296,5.1219,5.1219,5.1219,5.3296,5.2254,5.1219,5.1219,5.1219,5.1219,5.3296,5.4347,5.2254,5.1219,5.1219,5.1219,5.3296,5.1219,4.9174,4.9174,4.7162,4.6169,4.5183,5.2254,5.3296
1982-06-01 00:00:00,2,6.6433,6.6433,6.4165,6.1928,6.1928,6.0821,6.0821,7.9455,7.5813,7.3422,7.1062,6.9893,6.0821,5.8631,5.7548,5.7548,6.5295,5.7548,5.5406,5.5406,5.3296,5.5406,5.3296,5.5406,5.5406,5.5406,5.3296,5.3296,5.2254,5.1219,
1982-05-01 00:00:00,2,7.5813,7.5813,7.5813,7.3422,7.3422,7.3422,7.2238,7.1062,7.1062,7.1062,6.9893,6.8732,6.6433,6.6433,6.6433,6.6433,6.6433,6.7579,6.4165,6.4165,6.7579,6.6433,6.8732,6.6433,8.4415,8.0684,7.8233,7.3422,6.8732,6.6433,6.6433
1982-04-01 00:00:00,2,15.5919,13.1188,12.2352,11.6597,14.0265,12.674,11.0952,10.5418,9.9996,9.9996,9.6003,9.4687,9.3378,9.3378,11.0952,10.4052,9.9996,9.3378,8.5674,8.0684,8.0684,8.0684,8.0684,7.8233,7.8233,7.8233,7.7019,7.5813,7.5813,7.5813,
1982-03-01 00:00:00,2,10.4052,10.4052,10.2693,10.8171,12.3808,12.674,14.8011,23.9816,24.3615,32.6549,48.3866,51.1157,45.4722,38.1706,37.9435,37.7169,33.7308,31.1718,29.5102,19.7849,15.1155,14.6448,17.8916,12.9699,11.2353,14.4893,21.9349,25.7093,17.7233,22.6708,19.7849
1982-02-01 00:00:00,2,12.2352,11.8026,12.0903,12.0903,11.8026,11.0952,10.5418,10.4052,10.4052,10.8171,10.4052,8.9493,8.6939,8.4415,8.3164,8.6939,9.3378,9.0781,8.4415,8.8213,8.4415,9.0781,7.8233,7.5813,9.6003,11.8026,12.2352,10.2693,,,
1982-01-01 00:00:00,2,23.0424,28.0859,70.4292,99.9532,33.0836,25.1282,22.3016,16.3989,17.3884,21.0284,29.5102,30.3365,22.6708,24.1713,15.7521,14.8011,14.8011,11.8026,11.3761,12.9699,17.3884,18.4005,14.8011,22.8563,31.382,23.0424,14.8011,13.2684,13.2684,12.5271,12.5271
1981-12-01 00:00:00,2,13.4187,16.0742,19.6097,18.915,15.5919,17.8916,19.7849,18.5714,18.7429,15.5919,13.1188,13.1188,12.0903,11.8026,11.2353,10.5418,10.8171,46.3048,42.1125,35.9237,31.8041,27.0856,25.7093,23.6042,23.0424,21.5705,20.3142,17.7233,16.3989,15.1155,13.7213
1981-11-01 00:00:00,2,10.4052,15.1155,15.4325,17.8916,20.849,19.4351,20.6701,23.4163,23.4163,23.0424,23.9816,24.9356,29.5102,29.5102,25.515,26.0997,23.0424,25.3213,26.4923,24.9356,26.8873,33.7308,36.3688,29.305,23.0424,27.8847,19.7849,14.0265,11.5176,16.5623,
1981-10-01 00:00:00,2,2.7299,2.9754,2.8108,2.8926,3.1436,3.491,4.1327,3.58,3.58,3.58,4.3238,3.945,3.8525,5.9722,5.4347,7.5813,7.7019,7.2238,6.3043,5.5406,6.0821,5.4347,6.3043,7.1062,5.1219,5.2254,6.7579,4.6169,5.4347,6.6433,7.1062
1981-09-01 00:00:00,2,3.2291,3.2291,3.2291,3.2291,3.0591,3.0591,3.0591,3.0591,3.0591,2.8926,2.8926,2.8926,2.8926,2.8926,2.7299,2.7299,2.7299,2.7299,2.8926,2.8926,2.7299,2.9754,2.8108,2.7299,2.7299,2.9754,3.3155,4.2279,3.8525,2.7299,
1981-08-01 00:00:00,2,3.7608,3.67,3.58,3.58,3.58,3.58,3.58,3.58,3.58,3.58,3.58,3.58,3.58,3.7608,3.67,3.67,3.58,3.8525,4.2279,3.945,3.7608,3.8525,3.58,3.58,3.58,3.491,3.4028,3.4028,3.2291,3.2291,3.2291
1981-07-01 00:00:00,2,4.9174,5.6473,5.7548,5.5406,5.4347,5.2254,4.8164,4.5183,4.5183,4.3238,4.2279,4.1327,4.1327,4.0384,3.945,3.945,4.2279,3.8525,3.8525,4.0384,3.7608,3.7608,3.8525,3.7608,3.8525,4.2279,3.945,3.7608,3.7608,3.7608,3.8525
1981-06-01 00:00:00,2,3.3823,3.3823,3.4342,3.5397,3.869,4.5871,4.9105,4.0994,3.8128,3.6473,3.3308,3.2295,5.1219,4.9174,4.7162,5.9722,6.4165,6.1928,5.9722,5.8631,5.4347,5.3296,5.0192,4.9174,4.7162,4.7162,4.9174,4.7162,4.7162,4.7162,
1981-05-01 00:00:00,2,5.2486,5.044,4.9105,4.6506,4.3387,3.869,3.8128,3.702,3.702,3.5933,3.4867,3.4342,3.3823,3.3823,3.3823,3.3823,3.2799,3.2799,3.2799,3.2799,3.3308,3.1796,3.1796,3.0814,3.1796,3.9831,3.8128,3.8128,3.702,3.5933,3.4867
1981-04-01 00:00:00,2,5.6018,4.9105,4.5241,4.4,4.4,4.2781,4.2781,4.1584,4.1584,4.041,4.041,4.041,4.041,3.9258,3.7571,3.702,3.5933,3.5933,3.4867,3.4867,3.4867,3.869,3.9258,3.7571,3.5933,3.869,4.9769,5.6018,7.5166,8.2396,
1981-03-01 00:00:00,2,4.4,4.5871,4.9769,5.1798,5.3881,5.8954,5.8954,6.5928,9.3066,11.2432,10.5707,8.0547,7.5166,5.8211,4.4,8.1468,10.2447,11.5898,8.333,7.6932,6.7548,5.9704,5.2486,4.9769,4.4618,5.6018,6.046,6.5928,5.9704,5.8954,5.8211
1981-02-01 00:00:00,2,8.5221,8.1468,7.9633,7.3426,6.7548,8.9087,7.7826,6.6735,6.4334,6.7548,7.6932,6.7548,6.199,5.8211,5.3881,6.046,5.6743,5.044,4.9105,4.9105,4.8446,5.1116,5.2486,5.044,4.9105,4.7794,5.044,4.8446,,,
1981-01-01 00:00:00,2,22.7021,23.9998,16.46,10.0311,8.1468,7.9633,7.7826,9.6127,7.4293,9.9254,12.9209,11.5898,16.7561,13.9499,13.8184,15.4512,13.0467,27.9754,9.9254,8.1468,10.9035,12.7959,13.1733,12.6717,10.9035,14.7562,14.2153,13.1733,12.0628,11.1292,8.9087
1980-12-01 00:00:00,2,41.9087,53.3026,44.6971,35.4466,28.1849,22.3401,40.8265,38.2019,19.912,45.5568,35.4466,46.7201,50.3273,109.901,39.7628,27.3532,14.4841,11.8247,9.8204,12.4258,23.9998,21.8042,14.8935,11.7068,10.5707,9.0071,7.9633,7.0028,11.3579,9.51,44.6971
1980-11-01 00:00:00,2,2.891,2.891,2.891,2.891,2.8446,2.9852,3.5933,3.9831,5.2486,4.5241,5.8954,7.0028,8.2396,18.4473,18.6064,4.9105,5.6018,5.6018,6.2765,5.6743,5.4587,4.6506,5.8954,7.2567,8.9087,11.1292,8.811,7.1714,12.304,15.4512,
1980-10-01 00:00:00,2,3.1796,3.1796,3.1796,3.0814,3.0814,3.0814,3.2799,3.3308,3.2295,3.1796,8.9087,7.7826,6.7548,6.7548,6.2765,4.5871,4.1584,3.8128,3.5397,3.3823,3.2799,3.4342,4.1584,8.714,7.6932,5.1798,3.6473,3.2799,3.1796,3.1796,2.891
