DataHora,NivelConsistencia,Vazao01,Vazao02,Vazao03,Vazao04,Vazao05,Vazao06,Vazao07,Vazao08,Vazao09,Vazao10,Vazao11,Vazao12,Vazao13,Vazao14,Vazao15,Vazao16,Vazao17,Vazao18,Vazao19,Vazao20,Vazao21,Vazao22,Vazao23,Vazao24,Vazao25,Vazao26,Vazao27,Vazao28,Vazao29,Vazao30,Vazao31
2023-04-01 00:00:00,2,38.3993,37.287,36.9192,36.5529,35.8249,34.7441,34.3869,34.3869,35.4631,36.1881,37.287,38.027,37.6563,37.6563,61.9344,49.8345,39.1483,37.6563,41.0469,42.2037,37.287,35.1029,34.3869,33.3244,32.9733,31.9292,43.7667,53.6295,50.2505,56.7968,
2023-03-01 00:00:00,2,49.8345,49.0068,49.0068,47.7759,46.1549,45.353,44.1611,85.6461,56.7968,51.9287,49.4199,47.7759,53.2022,49.8345,46.1549,44.1611,42.2037,41.8166,42.9823,43.7667,44.9543,45.353,45.353,45.7532,42.5923,39.5251,38.3993,37.287,38.7731,39.9033,39.1483
2023-02-01 00:00:00,2,125.706,79.2329,76.3014,70.9759,65.7163,63.3482,77.7648,92.6433,98.7121,95.6697,92.1405,80.7054,85.1498,118.857,154.256,191.074,101.77,95.1641,84.1588,80.7054,68.5768,65.7163,63.3482,60.9948,59.5899,56.3335,53.2022,50.6679,,,
2023-01-01 00:00:00,2,106.386,180.904,138.514,101.77,108.965,116.24,322.406,238.509,204.2,199.618,182.029,151.522,123.592,111.036,102.281,90.1338,77.7648,115.196,154.804,154.256,146.621,132.084,117.809,92.6433,143.369,117.286,111.554,106.386,128.357,151.522,174.735
2022-12-01 00:00:00,2,86.1428,74.8427,64.2937,68.0987,82.6758,66.1916,66.1916,63.3482,60.0576,49.4617,46.7558,62.4051,77.2765,92.6433,70.0146,48.5569,49.4617,50.824,51.7356,52.65,272.652,117.809,130.485,101.77,83.664,65.7163,97.6962,96.682,88.6337,80.2141,84.1588
2022-11-01 00:00:00,2,47.205,50.3692,53.5669,44.0757,35.3432,29.4338,24.5206,22.9172,30.6847,66.6675,49.9151,37.9289,46.7558,62.4051,143.369,75.3284,58.1906,41.8629,37.9289,34.0619,30.2668,28.1916,29.8498,31.9443,33.6366,56.7968,70.495,67.144,65.2415,97.1889,
2022-10-01 00:00:00,2,25.3289,22.9172,33.2121,44.0757,55.4087,44.0757,30.6847,27.3685,24.5206,22.5192,20.5472,19.3787,17.8389,17.0772,16.321,15.5707,14.8263,14.8263,14.4564,27.3685,40.9831,38.7975,34.0619,29.0187,30.6847,28.6047,23.3164,19.7669,37.4959,29.8498,53.1081
2022-09-01 00:00:00,2,16.6984,16.321,16.321,15.9451,15.5707,15.5707,15.5707,15.5707,15.5707,15.1977,15.1977,15.1977,14.8263,14.4564,14.0881,13.7214,16.321,16.6984,16.6984,16.321,15.9451,15.5707,15.1977,14.8263,14.8263,14.4564,18.6062,31.9443,30.6847,29.4338,
2022-08-01 00:00:00,2,20.5472,20.5472,20.1564,19.7669,19.3787,19.3787,19.3787,19.3787,19.3787,19.7669,20.9392,22.1224,20.5472,19.3787,18.9918,18.9918,18.6062,18.2219,17.8389,17.4574,17.8389,17.8389,17.8389,17.4574,18.2219,17.8389,17.8389,17.4574,17.4574,17.4574,17.0772
2022-07-01 00:00:00,2,24.5206,24.1181,24.1181,24.1181,23.7166,23.7166,23.7166,23.3164,23.3164,23.3164,23.3164,22.9172,22.9172,22.9172,22.9172,22.5192,22.5192,22.1224,22.1224,22.1224,22.1224,22.5192,22.1224,21.7268,21.7268,21.7268,21.3324,20.9392,20.9392,20.5472,20.5472
2022-06-01 00:00:00,2,31.1036,31.1036,30.6847,30.2668,29.8498,29.4338,29.4338,29.0187,29.0187,29.0187,29.8498,29.8498,29.4338,28.6047,28.1916,27.7796,27.7796,27.7796,27.3685,27.3685,27.3685,26.9585,26.5495,26.1416,25.7347,25.3289,25.3289,25.3289,24.9242,24.9242,
2022-05-01 00:00:00,2,37.0636,36.6322,36.2017,35.772,35.3432,48.1056,41.4226,40.1065,38.3628,37.0636,36.6322,35.772,35.772,35.3432,35.3432,35.772,38.7975,39.233,35.772,34.0619,33.6366,33.2121,32.7886,32.7886,32.7886,32.7886,32.7886,32.366,31.9443,31.5235,31.5235
2022-04-01 00:00:00,2,51.7356,57.2608,53.5669,64.2937,60.9948,57.7254,54.9473,49.4617,53.1081,55.4087,53.5669,50.3692,49.9151,49.4617,66.1916,51.7356,49.4617,45.8595,43.6316,42.3039,41.8629,41.4226,40.9831,40.1065,39.6693,40.1065,39.6693,38.7975,37.4959,37.4959,
2022-03-01 00:00:00,2,88.1346,83.664,79.7232,77.2765,74.8427,72.905,70.495,68.0987,65.7163,65.2415,63.3482,61.9344,65.7163,69.0555,63.8207,61.4643,58.1906,56.7968,54.9473,53.5669,52.65,51.7356,46.3073,50.3692,49.4617,48.5569,58.1906,55.8708,54.9473,54.0264,52.1925
2022-02-01 00:00:00,2,108.449,94.6591,114.675,105.872,93.1466,108.449,108.449,116.763,189.372,196.193,297.072,195.623,139.59,119.907,158.098,197.333,185.412,165.827,154.804,143.369,199.047,161.955,129.42,120.958,119.382,109.482,100.239,90.6348,,,
2022-01-01 00:00:00,2,91.1362,94.1544,123.592,107.932,85.1498,97.1889,211.106,524.614,995.422,1176.85,1018.08,576.78,244.567,189.372,142.288,130.485,125.706,132.084,126.236,107.932,101.259,93.1466,83.664,78.743,75.8147,78.2537,80.7054,69.5348,71.4574,86.1428,85.1498
2021-12-01 00:00:00,2,29.4338,29.8498,30.2668,29.8498,29.8498,32.366,98.2039,117.809,115.718,99.7297,91.6381,87.1378,81.6896,107.417,96.1756,93.1466,85.6461,116.24,95.1641,76.7887,65.2415,59.1229,54.4865,52.65,47.6549,45.8595,46.3073,70.495,91.6381,116.24,86.6401
2021-11-01 00:00:00,2,40.9831,68.5768,73.3886,50.3692,46.7558,36.6322,49.4617,95.6697,111.036,88.6337,71.4574,60.9948,54.9473,49.0089,42.3039,36.6322,34.0619,32.7886,33.2121,33.6366,32.366,31.9443,32.366,32.7886,31.9443,31.1036,29.8498,29.4338,29.4338,29.4338,
2021-10-01 00:00:00,2,11.5564,11.2017,25.7347,38.3628,30.6847,31.1036,30.6847,32.366,43.1883,67.144,126.766,168.047,111.036,58.1906,40.9831,36.2017,37.0636,59.1229,115.718,131.551,104.844,106.901,62.8763,69.5348,51.2795,52.65,74.8427,51.2795,44.5206,38.7975,36.6322
2021-09-01 00:00:00,2,11.9128,11.9128,11.9128,11.9128,11.9128,11.5564,11.5564,11.2017,10.8489,10.8489,10.8489,10.498,10.149,10.149,10.149,10.149,9.8021,9.4571,9.4571,9.4571,9.4571,9.4571,9.4571,9.8021,9.8021,10.149,11.2017,10.8489,11.5564,12.2711,
2021-08-01 00:00:00,2,14.0881,14.0881,14.0881,14.0881,14.0881,14.0881,13.7214,13.7214,13.3563,13.3563,13.3563,13.3563,13.3563,13.3563,12.9929,12.6311,15.5707,18.9918,17.4574,15.9451,14.8263,14.0881,14.0881,13.7214,13.3563,13.3563,13.3563,12.9929,12.6311,12.2711,11.9128
2021-07-01 00:00:00,2,17.0772,17.0772,17.0772,17.0772,17.0772,16.6984,16.321,16.321,16.321,16.321,15.9451,15.5707,15.5707,15.5707,15.5707,15.5707,15.5707,15.5707,15.5707,15.1977,15.1977,14.8263,14.8263,14.8263,14.8263,14.8263,14.8263,14.8263,14.4564,14.0881,14.0881
2021-06-01 00:00:00,2,32.366,30.2668,28.1916,26.5495,25.7347,24.9242,24.1181,23.7166,23.3164,23.3164,23.3164,23.3164,23.3164,22.9172,22.5192,22.1224,21.7268,18.9918,18.6062,18.6062,18.6062,18.6062,18.6062,18.6062,18.2219,18.2219,17.8389,17.4574,17.0772,17.0772,
2021-05-01 00:00:00,2,24.1181,24.1181,23.7166,23.7166,23.7166,23.3164,22.9172,22.5192,22.5192,22.5192,22.1224,22.1224,22.1224,21.7268,22.5192,22.9172,22.9172,22.9172,22.5192,21.7268,21.7268,20.9392,20.9392,20.9392,21.3324,21.3324,20.9392,20.9392,20.9392,20.5472,20.5472
2021-04-01 00:00:00,2,34.0619,32.7886,31.5235,31.1036,30.6847,30.2668,29.0187,28.6047,28.1916,27.7796,27.3685,27.3685,26.9585,26.5495,26.1416,26.1416,25.3289,25.3289,25.3289,25.3289,25.3289,27.3685,27.3685,26.9585,26.5495,26.1416,25.7347,24.9242,24.5206,24.1181,
2021-03-01 00:00:00,2,67.621,58.1906,49.0089,46.7558,44.5206,43.6316,50.824,60.0576,57.2608,55.4087,65.2415,55.4087,49.0089,48.5569,48.1056,47.6549,47.205,46.3073,45.8595,44.5206,41.4226,38.3628,36.6322,35.772,35.3432,34.9152,34.4881,41.8629,37.9289,36.6322,35.3432
2021-02-01 00:00:00,2,33.2121,31.9443,31.5235,31.5235,31.9443,33.2121,35.3432,37.0636,39.233,38.3628,33.2121,32.366,33.2121,37.9289,47.205,55.4087,58.6564,130.485,179.218,117.286,96.1756,74.8427,98.7121,96.1756,93.6503,91.1362,87.1378,74.3575,,,
2021-01-01 00:00:00,2,93.1466,150.431,250.692,164.166,138.514,91.6381,97.1889,156.45,98.2039,95.1641,107.417,88.6337,84.1588,77.7648,74.8427,71.9394,68.0987,58.1906,53.5669,49.9151,47.6549,46.3073,44.5206,43.6316,41.8629,40.9831,39.233,37.9289,37.0636,35.772,34.4881
2020-12-01 00:00:00,2,26.5495,82.1825,83.1696,67.621,54.9473,54.4865,54.4865,57.2608,128.889,133.687,111.554,104.33,79.2329,75.8147,68.5768,55.4087,50.824,115.196,85.1498,71.4574,58.6564,51.2795,157.548,183.719,128.357,112.593,98.2039,94.6591,114.154,75.3284,66.1916
2020-11-01 00:00:00,2,21.7268,23.3164,25.7347,28.6047,30.6847,26.9585,25.3289,25.3289,30.6847,33.2121,25.7347,79.7232,159.198,164.719,148.796,77.7648,65.7163,91.6381,66.1916,60.9948,51.7356,44.9661,41.8629,45.4125,40.1065,34.9152,31.5235,29.4338,27.3685,26.5495,
2020-10-01 00:00:00,2,9.8021,9.4571,9.1143,9.1143,8.7736,8.7736,8.4351,8.4351,8.7736,9.8021,10.498,11.2017,11.2017,11.2017,11.2017,12.6311,15.1977,16.321,15.9451,15.1977,14.8263,14.0881,13.7214,16.321,20.9392,20.9392,19.7669,18.9918,18.2219,17.8389,19.3787
2020-09-01 00:00:00,2,13.7214,13.3563,12.9929,12.9929,12.9929,12.9929,12.6311,12.2711,12.2711,12.2711,11.9128,11.9128,11.5564,11.5564,11.5564,11.2017,10.498,10.498,10.498,10.498,10.498,10.498,10.8489,11.2017,11.5564,11.2017,10.8489,10.498,10.498,10.149,
2020-08-01 00:00:00,2,15.5707,15.5707,15.1977,15.1977,14.8263,14.8263,14.8263,14.8263,14.8263,14.8263,14.8263,14.8263,14.8263,14.8263,14.8263,14.8263,14.8263,14.4564,14.0881,14.0881,14.4564,16.321,18.9918,19.3787,17.8389,16.6984,15.9451,15.1977,14.8263,14.4564,14.0881
2020-07-01 00:00:00,2,17.8389,17.8389,17.8389,18.2219,18.2219,17.8389,17.8389,17.8389,17.8389,17.4574,17.0772,17.0772,17.0772,17.0772,17.0772,17.0772,17.0772,17.0772,17.0772,17.0772,16.6984,16.321,16.321,16.321,16.321,15.9451,15.5707,15.5707,15.5707,15.5707,15.5707
2020-06-01 00:00:00,2,23.7166,23.3164,22.9172,22.9172,22.9172,22.5192,21.7268,21.7268,21.7268,21.3324,20.9392,20.9392,20.9392,20.9392,20.9392,20.9392,20.9392,20.9392,20.5472,20.1564,20.1564,20.1564,20.5472,20.1564,19.7669,18.9918,18.6062,18.6062,18.6062,18.2219,
2020-05-01 00:00:00,2,29.0187,28.1916,27.3685,27.3685,27.3685,27.3685,26.9585,28.6047,30.6847,29.0187,26.9585,26.5495,26.5495,26.9585,27.7796,28.6047,28.1916,26.9585,26.1416,25.7347,25.7347,36.2017,45.4125,34.4881,26.9585,25.3289,24.9242,24.9242,24.5206,24.5206,24.1181
2020-04-01 00:00:00,2,109.482,116.24,76.3014,72.422,67.621,59.1229,56.3335,61.9344,70.495,61.9344,56.3335,64.7673,59.5899,53.1081,51.2795,59.5899,54.0264,50.3692,48.5569,48.1056,47.205,45.4125,44.5206,38.3628,34.9152,31.9443,30.6847,30.6847,30.2668,29.4338,
2020-03-01 00:00:00,2,158.648,170.829,181.467,165.273,175.295,116.24,105.357,100.239,94.1544,85.1498,78.2537,76.3014,75.8147,74.8427,70.495,64.7673,61.9344,59.5899,59.1229,62.8763,62.8763,160.3,100.239,75.3284,66.6675,60.9948,58.1906,56.3335,54.4865,53.5669,77.2765
2020-02-01 00:00:00,2,109.482,115.718,113.113,96.682,122.01,149.886,179.78,132.618,104.844,88.6337,87.6359,90.6348,130.485,288.83,171.386,139.052,108.449,155.352,122.01,85.6461,79.7232,114.675,91.1362,78.2537,73.3886,118.857,112.593,134.757,183.156,,
2020-01-01 00:00:00,2,29.4338,34.0619,36.6322,70.9759,53.5669,56.7968,71.9394,62.8763,63.8207,49.0089,49.0089,46.3073,57.2608,85.1498,67.144,51.7356,51.7356,104.844,86.1428,62.8763,72.422,71.4574,68.0987,195.623,619.608,796.519,179.218,116.24,184.283,139.052,117.809
2019-12-01 00:00:00,2,35.772,31.5235,39.233,33.2121,28.6047,48.1056,59.5899,47.205,37.4959,38.3628,83.1696,200.19,113.633,54.0264,46.7558,43.6316,42.7457,41.8629,41.4226,39.6693,38.3628,40.5444,39.233,88.1346,72.422,60.5259,52.1925,39.233,31.5235,30.2668,29.8498
2019-11-01 00:00:00,2,20.1564,20.9392,18.6062,18.6062,15.5707,11.5564,14.8263,29.4338,31.1036,30.6847,29.0187,25.7347,24.1181,20.9392,53.5669,49.9151,49.9151,44.9661,68.5768,48.1056,34.9152,32.366,52.65,37.4959,33.2121,28.1916,24.5206,21.7268,21.7268,42.3039,
2019-10-01 00:00:00,2,15.1977,13.7214,11.9128,10.498,9.8021,9.1143,8.7736,8.4351,14.0881,14.0881,14.0881,12.6311,11.9128,11.2017,10.498,9.1143,8.4351,8.0988,7.7648,17.8389,19.3787,14.0881,15.5707,21.7268,16.6984,14.4564,27.3685,16.321,18.2219,20.1564,21.7268
2019-09-01 00:00:00,2,9.1143,9.1143,8.7736,8.4351,8.4351,8.4351,8.0988,8.0988,8.4351,8.0988,7.7648,7.7648,7.4333,7.1041,7.1041,6.7775,6.4535,6.4535,6.4535,6.1322,6.1322,5.8137,5.8137,5.8137,5.8137,6.1322,35.772,45.8595,19.3787,17.0772,
2019-08-01 00:00:00,2,10.8489,10.8489,10.498,10.8489,11.2017,11.2017,11.5564,11.5564,11.5564,11.2017,10.8489,10.498,9.8021,9.8021,9.8021,9.4571,9.4571,9.1143,9.1143,8.7736,12.6311,12.2711,11.9128,11.2017,11.2017,11.2017,10.498,10.498,9.8021,9.4571,9.4571
2019-07-01 00:00:00,2,13.3563,13.3563,13.3563,13.3563,12.9929,12.9929,12.9929,12.6311,12.6311,12.6311,12.9929,12.9929,12.6311,12.6311,12.6311,12.2711,12.2711,12.2711,11.9128,11.9128,11.9128,11.5564,11.5564,11.5564,11.5564,11.2017,11.2017,11.2017,11.2017,11.2017,11.2017
2019-06-01 00:00:00,2,16.6984,16.6984,16.321,16.321,15.9451,15.9451,15.9451,15.9451,15.9451,15.9451,15.9451,16.321,16.6984,16.321,15.9451,15.5707,15.5707,15.5707,15.5707,15.5707,15.1977,15.1977,15.1977,14.8263,14.8263,14.4564,14.4564,14.4564,14.0881,13.7214,
2019-05-01 00:00:00,2,19.3787,19.3787,20.5472,21.7268,21.3324,20.1564,19.3787,19.3787,19.3787,19.3787,18.9918,18.6062,18.6062,18.6062,18.9918,24.9242,22.5192,21.7268,21.3324,20.1564,19.3787,18.9918,18.6062,17.8389,17.8389,17.8389,17.4574,17.0772,16.6984,16.6984,16.6984
2019-04-01 00:00:00,2,24.9242,24.5206,24.1181,24.5206,24.9242,24.1181,24.1181,23.7166,23.3164,22.9172,22.5192,22.5192,22.1224,22.5192,23.3164,29.0187,31.9443,27.7796,26.5495,25.3289,24.1181,22.5192,21.3324,19.7669,17.8389,16.6984,15.9451,15.5707,20.9392,20.1564,
2019-03-01 00:00:00,2,50.824,47.205,43.1883,40.5444,35.772,32.7886,31.9443,29.8498,28.6047,28.6047,32.7886,29.8498,26.5495,25.3289,25.3289,25.3289,35.772,32.7886,38.3628,38.7975,65.2415,110.518,67.144,41.4226,26.5495,26.1416,25.7347,25.7347,25.3289,24.9242,24.9242
2019-02-01 00:00:00,2,19.3787,19.3787,18.6062,19.3787,33.2121,33.2121,33.2121,55.4087,43.6316,35.772,26.9585,24.5206,23.3164,29.0187,30.6847,30.6847,71.4574,75.3284,52.65,40.9831,88.1346,85.1498,60.9948,43.6316,37.4959,35.3432,43.6316,49.4617,,,
2019-01-01 00:00:00,2,89.6333,68.5768,58.1906,51.7356,47.205,43.6316,41.4226,38.3628,35.772,33.2121,31.9443,30.6847,28.1916,27.7796,26.9585,25.7347,31.9443,30.6847,31.5235,32.366,33.2121,34.9152,31.1036,26.5495,23.7166,22.9172,26.9585,24.9242,22.9172,21.7268,20.1564
2018-12-01 00:00:00,2,54.4865,88.1346,110,82.1825,58.1906,49.9151,72.422,60.9948,61.9344,47.6549,42.7457,34.0619,31.9443,40.9831,30.6847,28.1916,28.1916,28.1916,33.2121,37.9289,34.0619,31.5235,50.3692,35.3432,42.7457,70.9759,75.3284,78.2537,75.8147,104.33,110
2018-11-01 00:00:00,2,16.8843,28.9045,36.8632,29.7154,22.6609,35.5695,31.3565,26.5116,65.0454,60.9828,46.2824,35.5695,28.5015,24.18,21.1709,41.7193,36.8632,32.6041,28.1002,47.2114,113.234,166.382,105.357,92.1405,78.743,76.3014,60.0576,50.824,45.4125,41.8629,
2018-10-01 00:00:00,2,17.2306,27.7005,23.038,18.2817,16.8843,14.8504,14.1895,13.5375,12.8946,12.2608,11.9475,13.5375,13.2149,14.5189,15.5199,18.2817,17.2306,26.5116,28.1002,43.528,41.7193,39.9333,16.1979,14.1895,15.1841,19.7109,36.4304,31.7708,27.3025,21.1709,17.2306
2018-09-01 00:00:00,2,11.9475,11.6365,11.0217,11.0217,11.6365,10.4168,10.1181,10.1181,9.822,9.822,9.822,9.5284,9.822,9.2374,16.5401,23.4169,24.9503,24.5643,20.8031,19.7109,24.18,21.9122,17.579,14.8504,13.5375,12.5765,11.6365,11.0217,16.1979,17.579,
2018-08-01 00:00:00,2,11.3279,13.5375,16.8843,24.5643,38.1701,26.9062,21.1709,26.5116,21.9122,21.5407,21.1709,21.1709,21.1709,21.1709,20.4371,19.7109,18.2817,16.5401,16.1979,15.1841,14.1895,13.5375,12.8946,12.8946,12.2608,12.2608,12.2608,12.2608,12.2608,12.2608,11.9475
2018-07-01 00:00:00,2,14.5189,14.1895,14.1895,14.1895,14.1895,13.5375,13.5375,13.5375,13.5375,13.2149,12.8946,13.2149,13.5375,13.5375,13.2149,12.8946,12.8946,12.5765,12.5765,12.2608,12.2608,12.2608,12.2608,11.9475,11.9475,11.9475,11.9475,11.9475,11.6365,11.6365,11.6365
2018-06-01 00:00:00,2,16.8843,16.8843,16.5401,16.5401,16.5401,16.5401,18.9924,19.7109,18.9924,18.2817,18.2817,17.579,16.8843,16.5401,16.1979,16.1979,15.8578,15.8578,15.8578,15.8578,16.1979,15.8578,15.5199,15.5199,15.5199,15.1841,15.1841,14.8504,14.8504,14.5189,
2018-05-01 00:00:00,2,21.9122,21.9122,21.1709,20.8031,20.4371,20.073,20.8031,20.4371,20.4371,20.073,19.7109,19.7109,19.3507,20.4371,21.1709,20.073,19.7109,19.7109,21.1709,20.8031,20.4371,19.7109,18.9924,18.2817,18.2817,18.2817,17.9293,17.9293,17.579,17.9293,17.2306
2018-04-01 00:00:00,2,36.4304,34.7146,33.4437,39.4903,45.3588,46.2824,39.9333,37.2973,35.1413,33.0231,31.3565,30.5327,29.7154,29.3091,28.9045,28.1002,28.5015,28.1002,27.7005,26.5116,26.1187,25.7275,25.338,24.9503,24.9503,24.18,23.7976,23.4169,23.038,22.2857,
2018-03-01 00:00:00,2,83.1231,51.9359,45.8199,43.528,43.528,40.3776,54.8326,124.389,123.233,67.321,69.6095,67.7777,54.8326,63.6864,77.9504,85.0176,97.0144,124.389,75.6178,60.9828,61.8819,73.7603,74.224,65.4995,55.6359,48.1458,43.528,41.2707,39.0488,38.1701,37.2973
2018-02-01 00:00:00,2,77.5349,48.2371,35.9992,42.6209,49.5572,76.5494,98.4714,70.9886,57.4091,52.8964,49.0854,45.8199,42.1694,38.1701,34.7146,32.1867,30.1232,28.1002,30.9438,57.8538,60.086,85.9675,85.0176,58.2991,51.9359,51.4575,51.9359,56.5213,,,
2018-01-01 00:00:00,2,45.1113,36.5334,30.0721,30.0721,354,155.05,114.049,75.4009,60.2422,46.4433,40.3271,36.9494,46.4433,38.6273,36.9494,43.3532,43.3532,45.998,45.998,45.554,44.6698,52.8083,60.2422,55.1393,44.6698,36.1188,31.255,28.131,23.9991,25.8532,88.3487
2017-12-01 00:00:00,2,153.85,315.561,145.497,134.874,146.091,102.181,73.807,61.7836,91.6376,81.8321,43.7908,43.7908,36.9494,30.0721,28.131,33.2563,44.2297,37.7856,32.4514,29.6809,28.9029,26.985,56.5522,44.2297,28.131,26.6061,25.8532,24.3667,25.4791,26.985,26.985
2017-11-01 00:00:00,2,7.4946,7.2362,6.9805,6.4773,6.4773,6.4773,6.4773,6.23,5.9855,6.23,8.2857,15.3807,20.7674,15.7031,10.2197,8.5545,7.7557,6.9805,6.7275,15.0603,64.8855,57.6879,49.1415,67.4895,48.2371,31.255,26.6061,29.6809,45.554,33.6609,
2017-10-01 00:00:00,2,6.23,7.4946,16.6821,33.6609,25.1066,15.0603,11.9696,9.9361,8.2857,7.7557,7.2362,7.2362,6.9805,6.7275,6.4773,6.23,5.9855,5.744,5.5054,5.2699,4.8081,4.8081,5.5054,9.0998,10.7939,7.7557,6.4773,6.7275,7.4946,7.7557,7.4946
2017-09-01 00:00:00,2,6.4773,6.4773,6.4773,6.7275,6.4773,6.23,6.23,6.23,5.9855,5.9855,5.744,5.744,5.744,5.5054,5.5054,5.2699,5.2699,5.2699,5.0374,5.0374,4.8081,4.8081,4.8081,4.8081,4.8081,4.8081,4.8081,4.8081,4.8081,4.8081,
2017-08-01 00:00:00,2,9.0998,9.0998,8.8259,8.8259,8.5545,8.5545,8.2857,8.2857,8.2857,8.2857,8.0194,8.0194,8.0194,7.7557,7.7557,7.7557,7.7557,7.7557,7.4946,7.4946,7.4946,7.4946,7.2362,7.2362,7.4946,7.4946,7.2362,7.2362,7.2362,6.9805,6.7275
2017-07-01 00:00:00,2,11.3772,11.3772,11.0844,11.0844,10.7939,11.0844,11.0844,11.0844,11.0844,11.0844,11.0844,10.7939,10.5056,10.2197,10.2197,10.2197,10.2197,9.9361,9.9361,9.6549,9.6549,9.3762,9.6549,9.9361,9.6549,9.9361,9.6549,9.6549,9.3762,9.3762,9.3762
2017-06-01 00:00:00,2,12.8746,12.8746,13.4887,12.8746,12.5708,12.2691,12.2691,11.6723,11.6723,11.6723,11.3772,11.3772,15.7031,24.7358,21.4735,18.6917,17.3444,15.3807,14.1112,13.7989,13.4887,13.1806,12.8746,12.5708,12.5708,12.2691,12.2691,11.9696,11.6723,11.6723,
2017-05-01 00:00:00,2,15.3807,14.7419,14.1112,14.1112,13.4887,13.4887,14.1112,13.4887,14.7419,15.3807,14.4255,13.4887,12.2691,12.2691,11.9696,11.6723,12.8746,12.5708,12.2691,17.3444,25.1066,19.7214,18.0143,17.0123,15.7031,14.7419,14.4255,14.1112,13.7989,13.4887,12.8746
2017-04-01 00:00:00,2,19.3764,18.6917,17.3444,16.6821,16.0275,16.0275,15.7031,15.7031,18.6917,17.6784,16.6821,16.3538,16.0275,15.7031,15.3807,15.0603,14.4255,14.4255,14.1112,13.7989,13.4887,13.4887,14.1112,14.7419,14.1112,13.4887,13.4887,14.7419,16.3538,16.0275,
2017-03-01 00:00:00,2,35.6195,30.5173,28.243,27.7918,28.243,27.7918,27.7918,28.243,30.0601,28.6955,26.8929,25.5539,25.1101,25.5539,25.5539,25.1101,24.6676,24.6676,42.7765,29.2911,22.9066,24.3667,21.4735,20.0683,19.3764,18.6917,18.0143,32.8531,28.9029,24.3667,20.7674
2017-02-01 00:00:00,2,34.215,35.6195,37.5065,37.5065,41.8098,41.8098,43.2612,43.2612,37.5065,32.8202,30.9756,30.0601,29.6041,28.6955,28.6955,28.243,27.7918,27.3417,26.8929,26.8929,26.4453,26.4453,26.4453,26.4453,26.4453,27.7918,40.8468,39.8876,,,
2017-01-01 00:00:00,2,34.215,31.4351,32.3574,32.8202,43.7468,40.3667,38.456,36.0897,34.215,32.8202,45.6982,57.1792,52.636,64.8855,76.4666,71.1633,61.2691,47.6637,37.5065,33.284,30.5173,28.243,26.8929,25.5539,25.1101,28.243,26.8929,24.2265,33.284,33.749,33.749
2016-12-01 00:00:00,2,55.6579,43.7468,36.0897,27.7918,39.8876,51.635,37.9807,32.8202,29.6041,142.533,178.743,94.3936,124.968,249.155,292.115,285.561,140.759,100.504,79.6786,67.4895,59.2183,55.1523,51.635,47.171,43.7468,60.2422,55.1523,54.6475,69.5848,45.2091,38.456
2016-11-01 00:00:00,2,6.8377,6.4825,6.4825,6.8377,19.0419,16.5321,14.0844,21.6082,19.8913,16.5321,14.893,16.1196,20.7468,35.1503,122.078,115.19,62.8147,41.3278,34.215,28.6955,22.9111,20.7468,58.7074,58.7074,49.6427,46.6792,40.8468,35.6195,31.8957,55.6579,
2016-10-01 00:00:00,2,13.6829,12.8859,12.4905,11.7058,14.4877,14.4877,10.9298,11.7058,11.3167,10.1629,9.4055,8.6582,8.6582,8.2885,8.6582,8.6582,10.5452,10.1629,9.783,9.4055,9.0306,7.9215,14.0844,10.9298,9.4055,12.4905,10.9298,9.4055,7.9215,7.196,7.196
2016-09-01 00:00:00,2,16.9462,15.709,14.893,12.8859,10.9298,10.1629,9.783,9.4055,9.0306,10.9298,10.1629,9.4055,9.0306,8.6582,8.2885,7.9215,7.9215,7.5573,7.5573,7.9215,7.9215,7.9215,7.5573,7.5573,8.6582,16.1196,19.4658,14.4877,14.0844,13.6829,
2016-08-01 00:00:00,2,12.4905,12.4905,12.0971,12.0971,12.0971,11.7058,11.7058,11.3167,10.9298,10.9298,10.9298,10.9298,10.9298,10.9298,10.9298,12.4905,12.4905,11.7058,11.7058,11.3167,10.9298,10.9298,10.5452,10.1629,10.1629,9.783,9.783,9.783,9.4055,9.4055,9.0306
2016-07-01 00:00:00,2,17.3621,17.3621,16.9462,16.9462,16.5321,16.1196,16.1196,15.709,15.3001,15.3001,14.893,14.893,14.4877,14.0844,14.0844,14.0844,13.2834,13.2834,12.8859,13.2834,13.2834,13.6829,13.6829,13.2834,13.2834,13.2834,13.2834,13.2834,12.8859,12.8859,12.8859
2016-06-01 00:00:00,2,13.8085,20.0709,21.8275,41.0312,37.5065,30.9756,24.2265,24.2265,23.7867,23.3482,22.9111,21.6082,20.7468,20.3183,19.8913,19.8913,19.0419,19.0419,18.6195,18.1988,18.1988,18.1988,18.1988,18.6195,18.1988,18.1988,17.7796,17.3621,17.3621,17.3621,
2016-05-01 00:00:00,2,40.0084,31.0838,23.1669,21.3852,20.0709,19.2056,19.2056,18.3491,17.9243,17.9243,17.5018,17.5018,17.9243,17.5018,17.0816,16.6639,16.6639,15.8355,15.8355,16.6639,16.6639,16.6639,15.8355,15.8355,15.0171,14.6116,14.6116,14.2088,14.2088,14.2088,13.8085
2016-04-01 00:00:00,2,31.0838,30.1251,29.6484,27.2916,26.3616,25.4392,25.4392,24.5244,23.6174,22.7184,21.8275,21.3852,20.945,20.0709,20.0709,19.6372,19.2056,19.2056,18.3491,18.3491,18.3491,17.5018,17.5018,17.5018,17.0816,16.6639,16.6639,16.6639,19.2056,48.8857,
2016-03-01 00:00:00,2,86.7922,64.4903,50.4939,62.3759,157.954,84.0149,80.7023,76.8661,52.6566,47.2897,43.0945,46.2325,52.6566,59.7497,53.7457,47.2897,41.0312,37.4778,37.9809,35.4813,32.5346,32.0493,31.5657,43.0945,40.0084,51.0326,76.3206,49.4204,37.9809,34.9861,33.0216
2016-02-01 00:00:00,2,63.4316,57.0436,50.4939,46.7604,44.1348,42.0599,41.0312,38.4855,36.9763,35.4813,33.0216,34.4925,36.4764,34.4925,43.0945,52.6566,68.2183,79.6031,68.7536,51.5726,49.4204,48.8857,45.1809,38.9916,35.978,47.2897,57.5977,80.1524,109.522,,
2016-01-01 00:00:00,2,26.3616,24.5244,34.0006,83.4613,69.8265,47.2897,34.0006,28.2289,25.4392,23.6174,21.8275,21.8275,30.1251,31.5657,34.9861,110.681,430.748,576.78,159.802,161.654,124.151,108.943,92.3912,78.5064,76.8661,77.4122,80.7023,92.9542,115.921,96.3445,77.959
2015-12-01 00:00:00,2,49.4204,50.4939,75.2316,114.17,98.6159,96.9115,79.6031,90.1446,73.0615,57.0436,81.8041,62.3759,54.84,95.2122,60.7979,45.1809,37.9809,57.0436,59.7497,58.1529,47.2897,41.0312,42.0599,30.1251,24.5244,33.0216,32.5346,28.2289,24.5244,21.8275,25.4392
2015-11-01 00:00:00,2,17.5018,17.5018,17.5018,17.0816,16.6639,16.6639,17.5018,64.4903,36.4764,25.4392,24.5244,20.945,27.2916,23.1669,24.5244,21.8275,41.0312,48.3524,53.7457,59.2267,85.6795,62.3759,44.1348,78.5064,63.4316,41.0312,30.1251,24.9808,21.8275,31.0838,
2015-10-01 00:00:00,2,12.2346,13.0161,17.5018,17.5018,14.6116,13.411,13.0161,12.6239,11.4645,10.3315,9.96,9.96,9.96,9.5917,9.5917,9.2265,8.5063,8.5063,8.5063,7.7999,7.4521,7.4521,7.4521,7.1079,7.1079,7.1079,7.1079,39.4992,20.0709,18.3491,17.5018
2015-09-01 00:00:00,2,9.2265,9.2265,8.8647,8.5063,8.5063,9.2265,61.8492,66.0837,76.3206,43.0945,27.2916,24.0699,25.4392,26.8257,22.272,17.5018,13.0161,11.4645,11.0838,10.7061,10.7061,10.3315,10.3315,10.3315,10.3315,9.96,9.96,10.3315,12.2346,12.2346,
2015-08-01 00:00:00,2,9.5917,9.5917,9.5917,9.5917,9.5917,9.2265,9.2265,9.2265,9.2265,9.2265,9.2265,9.2265,9.2265,11.0838,10.3315,10.3315,9.96,9.96,9.96,9.96,9.96,9.96,9.96,9.96,9.96,12.2346,12.2346,10.3315,9.96,9.96,9.96
2015-07-01 00:00:00,2,15.425,15.0171,15.0171,14.2088,14.2088,13.411,13.8085,12.2346,12.2346,11.8481,11.4645,11.0838,11.0838,11.0838,10.3315,10.3315,10.3315,9.96,9.96,9.96,9.96,9.96,9.96,9.96,9.96,9.96,9.5917,9.5917,9.5917,9.5917,9.5917
2015-06-01 00:00:00,2,20.0709,19.2056,21.3852,26.3616,23.6174,20.945,20.0709,19.2056,18.3491,17.5018,17.5018,17.0816,16.6639,16.6639,16.2485,16.6639,17.5018,17.5018,17.0816,17.0816,17.5018,17.5018,17.5018,17.0816,16.6639,16.2485,16.2485,16.2485,15.8355,15.8355,
2015-05-01 00:00:00,2,23.1669,23.1669,22.7184,22.7184,23.1669,49.4204,52.6566,46.2325,34.0006,29.6484,28.2289,31.0838,28.7003,26.3616,24.9808,24.0699,23.6174,23.1669,23.1669,23.1669,22.7184,22.272,21.8275,21.3852,20.945,20.0709,20.0709,19.6372,19.2056,22.7184,21.3852
2015-04-01 00:00:00,2,26.3616,26.3616,26.3616,25.8995,25.8995,25.8995,26.8257,28.2289,27.2916,26.3616,26.3616,26.3616,26.3616,25.4392,24.9808,24.9808,24.5244,24.5244,24.0699,23.6174,26.3616,33.0216,30.1251,27.7593,35.978,30.6036,28.2289,25.4392,23.6174,23.1669,
2015-03-01 00:00:00,2,29.9718,21.7952,19.9008,19.6329,18.8335,22.6171,20.4386,78.6281,133.071,150.599,179.103,117.091,85.6795,73.6031,69.8265,73.0615,68.2183,48.3524,34.9861,29.6484,33.0216,40.0084,41.5448,43.0945,43.614,37.4778,32.5346,30.6036,29.1735,28.2289,27.2916
2015-02-01 00:00:00,2,28.2396,29.1032,23.722,22.6171,36.486,34.685,31.1376,29.3922,123.453,66.3628,52.4488,38.3043,29.1032,24.837,22.6171,21.7952,28.2396,34.0887,35.5833,38.3043,33.1979,24.2783,21.5225,19.3657,18.8335,17.7778,35.2834,36.1846,,,
2015-01-01 00:00:00,2,12.6893,11.7133,13.4309,16.217,16.7342,17.2545,17.2545,15.1922,13.1828,11.7133,10.9915,10.2788,9.8088,9.5755,9.3432,9.3432,9.5755,9.112,8.882,8.6531,8.1989,8.1989,8.6531,10.2788,13.4309,15.703,25.3982,16.7342,13.6799,16.217,15.703
2014-12-01 00:00:00,2,43.8585,38.3043,27.6667,20.4386,30.5536,33.7913,29.3922,22.8924,19.6329,18.5685,17.5158,16.4752,17.2545,24.2783,31.7236,27.3811,24.5574,20.4386,19.3657,20.9792,21.5225,20.4386,19.6329,18.8335,17.7778,16.217,14.938,14.1806,12.9356,12.6893,12.4439
2014-11-01 00:00:00,2,9.3432,9.3432,9.112,8.1989,7.0848,7.0848,7.0848,6.6482,7.9736,10.9915,13.6799,13.6799,12.1994,18.0407,25.3982,17.7778,14.1806,12.4439,10.9915,10.0433,9.3432,8.6531,9.112,12.9356,20.7086,34.0887,31.7236,59.6583,152.548,60.9881,
2014-10-01 00:00:00,2,7.7495,8.1989,7.7495,7.3051,7.0848,6.6482,6.2171,5.7917,5.5812,5.5812,5.5812,5.3723,5.1649,5.1649,4.9591,4.9591,4.755,4.755,5.3723,6.432,8.1989,10.0433,9.8088,8.6531,8.4254,8.6531,10.9915,12.1994,11.9559,10.5153,9.3432
2014-09-01 00:00:00,2,8.2284,8.2284,7.9881,9.6937,9.4468,9.2009,8.9561,8.7124,8.2284,8.2284,7.9881,7.7491,7.5113,7.5113,7.2747,7.0394,7.0394,6.8054,6.8054,6.8054,6.5728,6.5728,6.3415,6.2171,6.2171,6.2171,6.0037,6.0037,6.432,7.0848,
2014-08-01 00:00:00,2,12.7349,11.9619,11.4511,11.1971,10.9441,10.692,10.4409,10.1908,9.9418,9.6937,9.6937,9.6937,9.4468,9.2009,9.2009,9.2009,8.9561,9.6937,9.9418,9.6937,9.4468,8.9561,8.9561,8.7124,8.4698,8.2284,8.2284,7.9881,7.7491,8.7124,8.4698
2014-07-01 00:00:00,2,10.692,10.692,10.692,10.4409,10.4409,10.4409,10.1908,10.1908,10.1908,10.4409,10.9441,10.9441,10.692,10.692,10.692,10.9441,10.9441,10.692,10.4409,10.1908,10.1908,10.1908,9.9418,9.9418,10.4409,14.0407,18.9039,17.8028,16.1723,14.8342,13.7779
2014-06-01 00:00:00,2,13.5159,13.5159,13.7779,14.0407,13.5159,13.5159,12.9944,12.9944,12.7349,12.2187,11.9619,11.9619,12.2187,11.9619,11.9619,11.706,11.706,11.706,11.706,11.4511,11.706,11.706,11.706,11.706,11.4511,11.1971,11.1971,11.1971,10.9441,10.692,
2014-05-01 00:00:00,2,15.6348,15.3671,15.1003,14.8342,14.5689,14.3044,13.7779,13.5159,16.9843,15.1003,14.0407,13.2547,13.2547,12.9944,12.9944,12.7349,12.4764,12.4764,12.2187,12.2187,12.7349,12.4764,12.2187,12.2187,12.2187,14.0407,19.4585,18.9039,15.3671,14.3044,13.5159
2014-04-01 00:00:00,2,18.9039,19.7368,19.4585,29.555,24.275,19.1808,17.2564,16.1723,15.1003,16.4423,22.8402,20.5756,18.077,22.555,26.6003,22.2704,20.8565,19.4585,18.9039,18.6276,20.0158,18.077,16.7129,17.8028,20.5756,19.7368,18.077,16.7129,16.1723,15.9032,
2014-03-01 00:00:00,2,22.2704,25.1428,23.6993,22.2704,19.7368,19.1808,47.5929,67.5573,42.4781,32.5598,28.6631,26.6003,24.853,21.1381,18.3519,17.8028,17.2564,16.4423,16.1723,15.6348,15.1003,15.6348,21.4202,20.0158,17.8028,17.2564,16.7129,16.4423,16.7129,19.7368,19.7368
2014-02-01 00:00:00,2,19.7368,19.1808,18.6276,18.077,17.8028,17.2564,16.9843,16.4423,16.1723,15.6348,15.3671,15.1003,14.8342,14.5689,16.9843,18.077,18.3519,28.3669,26.3077,21.703,19.1808,17.5292,16.4423,15.9032,15.3671,15.1003,14.8342,18.3519,,,
2014-01-01 00:00:00,2,51.1639,47.5929,38.7077,32.5598,29.8533,27.4812,26.3077,25.1428,24.275,23.9869,23.126,22.2704,21.703,20.8565,20.2954,19.7368,19.1808,32.5598,41.8457,37.1543,28.9599,40.2716,57.7631,47.2704,40.5856,31.0513,27.4812,24.275,22.8402,21.9864,20.8565
2013-12-01 00:00:00,2,39.0197,56.1008,57.43,45.9842,35.3044,29.555,28.0711,32.8629,30.152,27.4812,29.2572,81.403,53.7875,40.2716,34.9976,35.6116,38.3962,33.7751,30.4513,37.7744,44.3848,33.7751,43.1121,101.701,61.1114,57.43,69.2712,127.483,88.4792,52.473,46.9483
2013-11-01 00:00:00,2,14.3044,14.8342,14.3044,14.3044,14.0407,15.6348,26.6003,28.9599,24.5637,22.555,18.3519,16.9843,16.1723,15.6348,15.1003,14.5689,14.5689,15.1003,17.5292,16.4423,17.8028,14.5689,19.1808,21.4202,35.9193,38.7077,36.2274,42.1617,36.5359,32.8629,
2013-10-01 00:00:00,2,20.2954,19.7368,29.2572,41.5301,47.5929,33.1665,23.9869,21.1381,22.8402,21.9864,20.8565,19.4585,18.3519,17.2564,16.7129,16.9843,19.1808,19.4585,21.9864,21.9864,21.1381,18.3519,18.077,17.8028,17.5292,16.4423,15.9032,15.1003,14.5689,14.3044,14.3044
2013-09-01 00:00:00,2,15.1003,15.1003,14.8342,16.7129,18.3519,18.077,16.9843,16.1723,15.9032,15.3671,15.1003,15.1003,14.8342,14.5689,14.3044,14.3044,14.0407,14.5689,14.8342,14.5689,14.3044,14.0407,13.7779,14.5689,20.5756,18.9039,17.8028,16.4423,19.4585,22.555,
2013-08-01 00:00:00,2,18.3519,18.077,17.8028,17.5292,17.5292,17.2564,17.2564,16.9843,16.9843,16.9843,16.7129,16.4423,16.4423,16.4423,16.1723,16.4423,19.1808,19.1808,19.1808,18.9039,18.6276,18.3519,18.077,16.9843,15.9032,15.9032,15.9032,15.9032,15.3671,15.1003,15.1003
2013-07-01 00:00:00,2,22.8402,22.2704,21.703,21.4202,21.4202,21.1381,20.8565,20.5756,20.5756,20.2954,20.2954,20.0158,20.0158,20.0158,19.7368,19.7368,19.7368,19.4585,19.1808,18.9039,18.6276,18.9039,18.6276,18.3519,18.6276,19.1808,19.7368,19.1808,18.6276,18.3519,18.3519
2013-06-01 00:00:00,2,30.4513,28.6631,28.0711,29.2572,28.6631,28.3669,28.0711,27.7759,27.4812,26.6003,25.7242,25.4332,25.4332,25.1428,24.853,24.275,23.9869,23.6993,23.6993,23.4124,23.126,23.126,22.8402,22.8402,22.555,22.555,22.555,22.555,22.8402,23.6993,
2013-05-01 00:00:00,2,28.6631,28.3669,28.0711,27.7759,27.4812,27.187,26.8934,26.3077,26.0156,25.7242,25.4332,25.1428,25.1428,25.1428,24.853,24.5637,24.853,25.4332,25.4332,25.1428,24.853,24.5637,25.4332,26.6003,27.7759,27.4812,27.187,31.3521,44.3848,44.7039,34.3854
2013-04-01 00:00:00,2,38.7077,37.1543,46.6265,43.4297,44.066,57.7631,47.2704,48.8864,55.4382,56.7648,45.3433,43.1121,40.2716,53.4584,44.066,40.2716,40.2716,36.8449,34.9976,34.08,33.1665,32.5598,31.955,31.3521,30.7511,30.4513,30.152,29.8533,29.555,29.2572,
2013-03-01 00:00:00,2,48.3999,82.1018,66.5458,49.4296,41.0422,35.6016,34.354,34.0441,32.5068,30.389,33.735,40.7161,39.7423,37.815,34.0441,31.8975,31.5942,31.5942,29.7915,28.0195,27.4357,27.1452,37.815,31.8975,30.9899,29.7915,42.6838,58.2473,51.8563,38.7752,40.2716
2013-02-01 00:00:00,2,205.069,117.096,94.28,71.1645,63.3105,206.02,100.202,61.3953,51.1596,48.3999,45.3481,42.6838,39.0968,37.4965,36.2301,34.9762,33.4267,32.8126,31.8975,30.9899,29.7915,29.1974,28.3126,27.7272,27.1452,26.5668,28.6067,39.7423,,,
2013-01-01 00:00:00,2,20.448,19.1229,18.0813,18.8609,20.448,19.3859,17.8235,17.5668,36.2301,31.2916,33.4267,49.4296,48.7424,43.6775,33.1193,54.3159,95.7492,67.8549,59.4999,47.3763,62.0316,46.0214,39.0968,33.4267,31.8975,52.5557,121.056,169.181,82.1018,62.0316,160.355
2012-12-01 00:00:00,2,27.4357,27.4357,28.0195,32.5068,32.5068,28.6067,24.2892,24.8531,29.494,42.025,43.3455,41.6966,47.0365,46.3591,38.7752,30.389,28.9016,26.8555,24.8531,22.6199,30.0898,46.3591,42.025,35.9154,29.1974,22.6199,22.071,21.5261,24.8531,23.1725,20.448
2012-11-01 00:00:00,2,22.345,23.4503,25.4207,29.494,35.9154,36.2301,30.389,26.5668,24.0086,24.2892,26.8555,28.0195,26.8555,25.1364,26.2789,34.354,45.3481,35.9154,26.2789,31.5942,37.1787,28.9016,25.1364,25.7058,28.3126,65.8944,49.7743,42.6838,37.4965,32.5068,
2012-10-01 00:00:00,2,18.6,17.8235,17.3112,17.0566,16.2994,15.5521,15.3052,15.0595,15.0595,14.8149,14.5715,15.8001,17.3112,19.6499,20.9851,20.448,20.1809,18.8609,17.5668,18.6,18.6,20.448,23.4503,23.4503,21.5261,20.1809,18.3401,17.0566,16.5507,17.8235,21.5261
2012-09-01 00:00:00,2,19.6499,19.3859,19.1229,18.8609,18.6,18.6,18.3401,18.0813,17.8235,17.5668,17.5668,17.3112,17.3112,17.0566,17.0566,17.0566,17.0566,16.8031,16.5507,16.2994,16.8031,17.8235,18.6,18.3401,19.3859,24.2892,27.1452,24.2892,20.716,19.3859,
2012-08-01 00:00:00,2,23.9497,23.9497,23.9497,23.9497,23.9497,23.5426,22.7328,22.7328,22.3301,22.3301,22.3301,22.3301,22.3301,22.3301,22.7328,23.137,23.137,22.7328,22.3301,21.929,21.929,21.929,21.5261,21.2551,20.9851,20.9851,20.716,20.716,20.716,20.448,20.1809
2012-07-01 00:00:00,2,31.0288,31.0288,30.5243,30.5243,30.0225,29.5235,29.5235,29.0274,29.0274,28.534,28.534,28.097,27.6762,27.6762,27.6762,27.2567,27.2567,27.2567,27.6762,27.2567,26.8386,26.4217,26.0063,25.5922,25.5922,25.5922,25.1795,24.7681,24.3582,24.3582,24.3582
2012-06-01 00:00:00,2,35.6916,35.6916,35.6916,35.1628,35.1628,36.2229,38.3745,40.567,41.6783,39.4656,38.3745,38.3745,38.3745,37.8327,36.7569,35.6916,34.6367,33.5924,33.0743,32.5588,35.1628,37.8327,37.2935,36.2229,34.6367,33.0743,32.0461,31.5361,31.5361,31.0288,
2012-05-01 00:00:00,2,40.567,41.6783,40.015,37.8327,36.7569,35.1628,35.6916,35.6916,35.1628,36.7569,37.2935,36.7569,36.2229,38.9188,48.553,50.3256,44.5002,40.567,38.3745,37.2935,36.7569,35.6916,35.6916,35.6916,35.6916,45.6461,50.9212,44.5002,40.015,37.8327,36.7569
2012-04-01 00:00:00,2,60.7613,55.7689,51.5191,47.9668,45.072,59.4999,80.0115,72.503,55.7689,49.1415,46.8017,45.072,43.9309,42.7997,42.7997,43.9309,43.9309,41.6783,40.567,38.9188,37.8327,37.8327,39.4656,40.567,40.567,41.6783,43.9309,42.2378,39.4656,38.9188,
2012-03-01 00:00:00,2,46.8017,46.2227,45.072,44.5002,43.9309,42.7997,42.2378,42.2378,42.7997,43.3641,45.072,52.7218,61.3953,62.67,70.4984,75.8854,70.4984,65.2452,60.1295,55.7689,52.7218,50.9212,50.9212,50.9212,59.4999,71.1645,65.8944,59.4999,70.4984,77.2527,69.1724
2012-02-01 00:00:00,2,114.741,102.454,100.202,95.0137,84.2099,74.5263,68.5126,78.6281,68.5126,79.3188,78.6281,77.9394,110.851,87.0483,73.1754,64.5982,61.3953,60.1295,58.2473,57.6243,56.3851,55.7689,57.6243,60.1295,58.2473,55.1549,52.7218,50.3256,47.9668,,
2012-01-01 00:00:00,2,160.355,561.341,781.248,1032.36,590.159,302.662,430.748,509.808,323.43,340.147,317.92,221.419,177.257,151.688,143.184,138.16,133.197,125.06,117.884,109.308,104.722,99.4554,92.8183,89.9178,87.0483,85.6251,80.7063,117.096,161.23,179.069,149.974
2011-12-01 00:00:00,2,89.1975,82.8025,67.1993,61.3953,58.2473,53.9338,79.3188,84.9165,61.3953,87.0483,130.738,84.9165,70.4984,160.355,276.044,392.486,245.201,150.831,160.355,147.416,129.921,110.079,125.06,99.4554,103.208,89.1975,173.652,216.567,207.924,216.567,169.181
2011-11-01 00:00:00,2,19.5541,19.1638,17.2373,16.8572,16.1022,15.7274,15.3544,17.2373,16.1022,14.614,14.2467,13.8814,35.6916,35.6916,53.9338,59.4999,66.5458,61.3953,41.6783,30.0225,27.2567,21.5293,24.3582,23.5426,21.929,26.8386,170.965,268.739,216.567,120.26,
2011-10-01 00:00:00,2,13.8814,13.8814,13.8814,15.3544,16.1022,15.7274,15.7274,15.3544,15.3544,15.3544,14.9833,33.5924,30.5243,25.5922,26.0063,43.9309,50.9212,62.67,47.9668,32.0461,25.1795,22.7328,22.3301,29.0274,27.2567,25.1795,23.137,23.9497,23.5426,22.3301,20.3394
2011-09-01 00:00:00,2,15.7274,15.7274,16.1022,16.8572,16.4788,16.1022,15.3544,15.3544,14.9833,14.9833,14.614,14.2467,14.2467,15.7274,15.3544,15.3544,15.3544,15.3544,14.9833,14.614,14.2467,13.8814,13.8814,13.518,13.518,13.518,13.1566,13.1566,13.1566,13.1566,
2011-08-01 00:00:00,2,20.7345,20.3394,19.946,19.5541,21.5293,21.1311,20.3394,19.946,19.5541,19.1638,19.1638,18.7752,19.1638,18.3882,18.3882,18.3882,18.0029,18.0029,17.6192,17.2373,16.8572,16.8572,16.8572,16.8572,16.4788,16.4788,16.1022,16.1022,16.1022,15.7274,15.7274
2011-07-01 00:00:00,2,26.4217,26.4217,26.0063,26.0063,25.5922,25.1795,25.1795,24.7681,24.3582,23.9497,23.5426,23.5426,23.137,22.7328,22.7328,22.7328,22.7328,22.3301,22.3301,21.929,21.929,21.5293,21.929,22.3301,22.3301,21.929,22.3301,21.929,21.5293,21.5293,21.5293
2011-06-01 00:00:00,2,29.0274,29.5235,29.5235,29.0274,28.534,28.097,27.6762,28.097,28.097,37.2935,37.8327,36.2229,33.5924,30.5243,30.0225,29.5235,29.5235,29.0274,27.6762,27.2567,27.2567,27.2567,27.2567,27.2567,26.8386,26.8386,27.2567,27.2567,26.8386,26.4217,
2011-05-01 00:00:00,2,38.3745,37.8327,37.2935,37.8327,37.2935,36.7569,35.6916,35.1628,34.6367,34.1132,33.5924,34.1132,34.1132,33.5924,33.0743,33.5924,35.1628,34.1132,33.0743,33.0743,33.0743,33.0743,32.5588,32.0461,31.0288,30.5243,30.0225,30.0225,30.0225,29.5235,29.5235
2011-04-01 00:00:00,2,74.5263,62.0316,58.8725,62.67,113.18,94.28,72.503,59.4999,57.0036,57.6243,58.2473,55.7689,51.5191,53.9338,52.7218,52.1193,51.5191,46.8017,44.5002,43.9309,42.7997,42.7997,42.2378,41.6783,40.567,40.015,39.4656,40.015,40.015,39.4656,
2011-03-01 00:00:00,2,99.4554,87.7627,119.466,95.7492,92.0903,143.184,155.136,174.551,142.342,115.524,89.9178,77.9394,94.28,110.079,92.8183,103.208,106.244,87.7627,74.5263,68.5126,63.9533,60.7613,58.8725,57.0036,55.7689,55.1549,52.7218,50.9212,52.1193,53.9338,77.2527
2011-02-01 00:00:00,2,57.6243,57.6243,57.0036,54.5432,52.7218,50.9212,49.7324,48.553,46.8017,45.6461,46.8017,47.9668,46.2227,44.5002,43.3641,41.6783,41.1214,40.567,40.567,41.6783,41.6783,39.4656,40.015,44.5002,52.7218,44.5002,45.072,100.202,,,
2011-01-01 00:00:00,2,175.563,118.02,145.619,182.878,186.051,202.251,126.954,86.5656,72.3699,61.9122,55.3177,53.3993,60.5689,233.963,217.869,221.278,167.403,197.521,145.718,110.851,92.0903,83.5052,80.0115,75.2048,71.8327,69.1724,67.1993,65.2452,62.67,60.7613,58.8725
2010-12-01 00:00:00,2,32.1821,59.2377,43.6446,43.062,50.2642,65.3233,75.2713,76.7395,44.2305,36.3248,31.0906,28.5959,32.5489,52.1359,72.3699,161.302,105.126,53.3993,44.2305,53.3993,37.4148,30.7297,30.3703,37.9647,57.9188,98.5022,108.504,203.35,198.966,156.33,110.21
2010-11-01 00:00:00,2,24.1625,32.9172,31.0906,24.8273,21.8866,37.9647,141.802,86.5656,50.2642,85.7925,107.655,83.4904,52.1359,49.6466,44.2305,41.3336,114.521,78.2194,47.2076,34.7147,33.2869,52.7661,39.6344,52.7661,132.442,109.355,111.926,59.9018,44.2305,35.7847,
2010-10-01 00:00:00,2,17.5796,21.2511,25.8364,19.6914,18.1743,17.8761,17.8761,17.5796,18.776,18.1743,18.1743,18.4743,17.8761,17.5796,17.5796,15.554,33.2869,61.9122,55.3177,31.8168,25.1621,20.6222,18.776,17.2849,16.4114,16.4114,52.7661,30.7297,23.5042,20.6222,24.1625
2010-09-01 00:00:00,2,13.3485,13.3485,13.0812,13.0812,12.8159,12.8159,12.8159,15.2718,20,18.1743,16.1238,15.2718,14.9915,14.4363,13.8886,13.3485,13.0812,12.8159,12.5525,12.5525,12.5525,12.8159,12.5525,12.0316,12.2911,12.2911,12.0316,14.1615,25.1621,21.568,
2010-08-01 00:00:00,2,17.5796,17.5796,16.9919,16.9919,16.7008,16.7008,16.4114,16.4114,16.1238,16.1238,16.1238,15.838,15.838,15.838,15.838,15.554,15.554,15.554,15.2718,15.2718,15.2718,14.9915,14.713,14.713,14.713,14.4363,14.1615,14.1615,13.8886,13.6176,13.6176
2010-07-01 00:00:00,2,21.2511,21.2511,21.2511,21.568,21.2511,21.2511,20.9358,20.6222,20.6222,20.3102,20.3102,20.3102,20,20.3102,20.3102,20.6222,20.3102,20,19.6914,19.6914,19.6914,19.3846,18.776,18.4743,18.4743,18.1743,18.1743,17.8761,17.8761,17.8761,17.8761
2010-06-01 00:00:00,2,24.8273,24.4941,24.4941,24.4941,24.4941,24.4941,24.4941,24.1625,24.1625,23.8325,23.8325,23.8325,23.8325,23.8325,23.8325,23.5042,23.1774,22.8522,22.8522,22.5287,22.2068,22.2068,21.8866,21.568,21.8866,21.8866,21.8866,21.568,21.568,21.2511,
2010-05-01 00:00:00,2,32.1821,30.3703,27.8967,27.2037,26.1759,25.8364,25.4984,25.1621,24.8273,25.1621,32.9172,30.7297,29.3011,27.8967,26.8596,26.5169,25.8364,25.4984,25.4984,32.1821,32.9172,29.656,27.8967,27.2037,26.5169,26.5169,26.1759,25.8364,25.4984,25.4984,24.8273
2010-04-01 00:00:00,2,36.8681,34.7147,34.1847,36.8681,47.2076,48.4208,100.142,60.5689,49.0321,39.0746,35.248,33.6581,33.2869,32.5489,31.8168,31.0906,30.7297,30.7297,30.3703,30.0124,29.656,29.3011,28.9477,28.5959,27.5495,27.5495,27.5495,27.2037,27.5495,27.5495,
2010-03-01 00:00:00,2,63.2676,70.2248,66.0146,112.788,108.504,88.1204,107.655,112.788,78.9637,66.0146,59.9018,57.2639,54.6752,55.3177,56.6121,49.6466,68.8095,52.1359,49.0321,52.1359,47.8126,55.3177,47.8126,50.2642,45.4117,43.062,42.4826,37.9647,35.7847,35.2481,34.7147
2010-02-01 00:00:00,2,51.5089,47.8126,46.6058,44.8195,45.4117,44.2305,42.4826,41.3336,41.3336,41.3336,44.2305,41.9065,38.518,36.3248,35.7847,34.7147,34.7147,35.248,52.7661,47.2076,39.0746,37.4148,35.7847,36.8681,36.8681,39.6344,39.0746,38.518,,,
2010-01-01 00:00:00,2,116.265,95.2572,74.5415,66.0146,73.8147,77.478,104.288,104.288,77.478,67.4061,57.9188,66.0146,54.6752,56.6121,55.9634,96.8741,70.9368,59.2377,51.5089,50.2642,96.0642,103.453,117.141,149.478,112.788,117.141,86.5656,72.3699,60.5689,56.6121,54.0357
2009-12-01 00:00:00,2,54.6752,114.521,90.4739,82.7287,168.37,181.826,191.389,154.36,146.58,190.316,114.521,87.3416,75.2713,74.5415,148.509,91.2641,74.5415,70.9368,77.478,68.8095,66.0146,69.5156,63.9499,54.6752,62.5884,85.0223,68.1063,69.5156,165.326,144.661,131.521
2009-11-01 00:00:00,2,49.6466,46.0072,94.4529,73.8147,63.9499,52.7661,46.6058,47.2076,45.4117,54.6752,53.3993,55.9634,59.9018,55.9634,47.8126,66.7088,112.788,70.2248,54.0357,46.0072,42.4826,39.0746,35.7847,34.7147,39.0746,37.9647,38.518,37.9647,36.8681,39.0746,
2009-10-01 00:00:00,2,30.7407,24.6472,44.9933,29.5966,24.1179,21.031,20.0367,39.1821,74.9704,72.5924,41.0866,27.3562,24.6472,22.5552,27.9102,33.0761,65.6279,104.064,76.5529,77.3396,64.1152,84.5543,168.046,89.4969,53.8926,130.602,140.854,70.2248,62.5884,61.9122,54.6752
2009-09-01 00:00:00,2,21.5348,21.031,20.5316,21.031,22.5552,22.5552,21.031,19.5461,19.06,18.5784,18.1012,18.1012,18.1012,17.6287,16.2385,15.3351,14.8905,14.4507,14.8905,14.8905,15.3351,81.318,72.5924,48.3468,37.3108,26.2602,19.5461,16.6973,15.3351,15.3351,
2009-08-01 00:00:00,2,23.0719,22.5552,22.0428,22.5552,22.5552,22.0428,21.5348,21.5348,21.031,20.5316,20.0367,20.5316,20.5316,20.0367,20.0367,20.0367,20.0367,20.5316,20.0367,20.5316,20.5316,21.031,22.0428,23.5928,32.4864,36.6945,33.0761,28.4683,24.6472,23.0719,22.0428
2009-07-01 00:00:00,2,36.6945,34.8682,34.267,33.0761,32.4864,31.9006,31.3187,30.7407,31.3187,30.1666,30.1666,30.1666,29.5966,29.0304,28.4683,27.9102,28.4683,28.4683,27.9102,27.3562,27.3562,26.8062,26.8062,26.2602,26.2602,26.2602,25.7184,25.1808,24.6472,24.1179,23.5928
2009-06-01 00:00:00,2,40.4481,39.8133,39.1821,37.9309,38.5547,38.5547,38.5547,38.5547,37.9309,37.3108,36.6945,36.082,36.6945,37.3108,36.082,36.6945,36.6945,35.4732,34.8682,34.267,33.6696,33.6696,33.0761,32.4864,32.4864,32.4864,36.082,44.3332,42.3744,41.0866,
2009-05-01 00:00:00,2,53.1874,53.1874,53.8926,53.8926,52.4856,51.7872,50.4007,49.0279,47.669,46.9948,47.669,46.9948,46.3241,46.3241,46.3241,46.3241,46.3241,45.657,45.657,44.9933,44.3332,43.6767,43.0238,43.0238,42.3744,42.3744,42.3744,41.7287,41.0866,41.0866,40.4481
2009-04-01 00:00:00,2,144.459,124.112,98.829,88.6658,82.9302,119.44,146.456,132.69,122.235,106.72,86.1901,81.318,78.1293,101.434,97.9663,82.1226,73.382,69.4655,66.389,64.1152,62.6154,61.1287,60.3902,58.923,57.4691,56.0285,55.3132,54.6012,53.8926,53.8926,
2009-03-01 00:00:00,2,79.7177,74.1747,72.5924,69.4655,87.0124,78.1293,98.829,102.308,86.1901,81.318,91.1678,81.318,67.9209,74.1747,98.829,118.514,162.805,113.013,92.0075,72.5924,67.9209,82.1226,123.172,108.504,104.064,105.832,104.064,119.44,127.898,133.656,142.471
2009-02-01 00:00:00,2,132.69,179.793,183.048,129.807,105.832,95.3954,97.9663,104.064,115.751,240.452,149.472,200.777,323.514,286.604,261.28,263.772,198.528,115.751,103.185,97.1065,92.0075,98.829,208.725,113.923,128.851,120.369,99.6945,87.0124,,,
2009-01-01 00:00:00,2,474.629,373.942,232.065,179.793,255.086,278.915,195.171,160.726,156.598,135.597,114.836,100.563,104.947,101.434,160.726,177.635,184.139,119.44,127.898,145.456,205.305,295.674,261.28,228.505,149.472,148.464,172.283,221.447,184.139,136.571,113.013
2008-12-01 00:00:00,2,25.7184,24.6472,23.0718,26.8062,24.1179,22.0428,21.031,20.5316,25.7184,23.0718,22.0428,21.5348,67.1534,86.1901,82.9302,548.254,923.327,1368.21,972.986,304.849,191.836,146.456,137.548,148.464,138.527,109.4,240.452,458.456,422.971,342.591,298.285
2008-11-01 00:00:00,2,18.1012,22.0428,19.06,24.1179,39.8133,36.082,40.4481,37.9309,39.8133,54.6012,44.9933,35.4732,30.7407,37.3108,76.5529,62.6154,54.6012,88.6658,139.51,83.7408,53.1874,42.3744,37.3108,39.1821,41.0866,34.8682,28.4683,35.4732,30.1666,27.9102,
2008-10-01 00:00:00,2,20.0367,19.5461,19.5461,18.5784,19.06,18.1012,22.0428,42.3744,40.4481,28.4683,22.5552,20.5316,18.5784,16.6973,15.7844,14.8905,15.7844,17.1607,49.0279,51.0922,29.0304,27.3562,23.0719,21.031,19.5461,17.6287,16.6973,15.7844,15.3351,14.8905,14.8905
2008-09-01 00:00:00,2,19.06,16.6973,15.7844,14.8905,14.4507,14.4507,14.4507,14.4507,14.8905,14.4507,14.4507,14.4507,14.4507,14.4507,14.4507,28.4683,33.0761,26.8062,24.1179,21.5348,20.5316,30.1666,37.9309,27.3562,22.5552,20.5316,20.5316,34.8682,26.2602,22.5552,
2008-08-01 00:00:00,2,18.5784,18.5784,18.1012,17.6287,18.1012,18.1012,17.6287,18.1012,17.6287,17.6287,17.6287,17.1607,17.1607,17.6287,17.6287,17.6287,17.1607,17.1607,16.6973,16.6973,16.6973,16.2385,16.2385,16.2385,15.7844,15.7844,15.3351,15.3351,14.8905,14.4507,14.4507
2008-07-01 00:00:00,2,20.5316,20.5316,20.5316,20.0367,20.0367,19.5461,19.5461,19.5461,19.5461,20.0367,20.0367,19.5461,19.5461,19.5461,19.06,19.06,19.06,19.06,19.06,18.5784,18.5784,18.1012,18.1012,18.5784,18.5784,18.5784,19.06,18.5784,18.1012,18.1012,18.5784
2008-06-01 00:00:00,2,28.4683,28.4683,28.4683,28.4683,28.4683,27.9102,27.9102,28.4683,27.9102,27.3562,27.3562,27.3562,27.3562,27.3562,27.3562,26.2602,26.2602,26.2602,25.7184,25.1808,25.1808,24.6472,24.6472,24.6472,26.2602,25.7184,24.6472,24.1179,24.1179,24.1179,
2008-05-01 00:00:00,2,39.8133,39.1821,39.1821,37.9309,36.6945,35.4732,36.082,34.8682,34.267,34.267,34.267,34.267,33.6696,36.6945,33.0761,33.0761,33.0761,32.4864,32.4864,32.4864,32.4864,31.9006,31.9006,31.3187,31.3187,30.7407,30.1666,30.1666,29.5966,29.0304,29.0304
2008-04-01 00:00:00,2,58.1944,55.3132,53.8926,51.0922,50.4007,104.064,102.308,104.947,106.72,96.2495,157.626,104.947,78.922,64.8699,61.1287,67.1534,58.923,58.923,56.7471,51.0922,49.7126,48.3468,47.669,45.657,44.3332,43.0238,41.7287,41.0866,39.8133,39.8133,
2008-03-01 00:00:00,2,54.6012,85.3707,74.1747,61.8704,52.4856,47.669,48.3468,51.0922,53.1874,56.0285,59.655,78.922,136.571,143.464,415.256,550.426,341.214,161.764,127.898,108.504,92.0075,82.9302,82.1226,81.318,79.7177,77.3396,71.0227,79.7177,88.6658,78.922,70.2425
2008-02-01 00:00:00,2,189.625,161.764,110.299,151.495,186.326,161.764,146.456,171.22,132.69,115.751,99.6945,86.1901,80.5163,73.382,67.9209,62.6154,57.4691,50.4007,76.5529,70.2425,66.389,63.3637,61.1287,55.3132,96.2495,123.172,76.5529,61.1287,55.3132,,
2008-01-01 00:00:00,2,35.4732,33.6696,32.4864,31.9006,31.9006,33.0761,41.7287,61.8704,65.6279,57.4691,73.382,75.7693,58.923,54.6012,44.9933,38.5547,35.4732,33.0761,33.6696,41.0866,44.3332,42.3744,42.3744,41.0866,43.0238,67.9209,57.4691,47.669,49.7126,156.598,241.659
2007-12-01 00:00:00,2,21.5348,21.031,20.5316,21.5348,23.0719,27.9102,29.5966,37.9309,38.5547,32.4864,25.7184,22.5552,26.2602,37.3108,53.8926,58.923,45.657,37.9309,60.3902,122.235,165.942,140.494,117.59,126,110.299,74.9704,58.923,52.4856,44.9933,40.4481,37.3108
2007-11-01 00:00:00,2,20.0367,18.5784,17.6287,17.6287,21.031,22.5552,22.0428,23.5928,25.1808,24.1179,21.5348,27.9102,43.0238,46.9948,34.8682,24.6472,21.031,19.06,20.0367,26.8062,30.7407,24.6472,20.0367,19.5461,19.06,31.3187,39.1821,34.267,27.3562,23.0719,
2007-10-01 00:00:00,2,13.1603,12.3248,11.1095,10.7146,10.7146,10.7146,10.3251,9.9408,9.1883,8.8202,8.4576,8.4576,8.4576,8.1006,8.4576,8.4576,8.1006,8.1006,11.5095,40.4481,53.1874,34.8682,27.9102,27.9102,25.1808,24.1179,25.1808,30.7407,38.5547,34.8682,24.6472
2007-09-01 00:00:00,2,13.5855,13.5855,13.5855,13.1603,13.5855,13.5855,13.5855,12.3248,12.3248,11.9146,11.5094,11.5094,11.1095,11.5094,11.5094,11.1095,10.7146,10.7146,10.3251,10.3251,9.9408,9.9408,9.5618,9.5618,9.5618,9.5618,9.5618,9.5618,10.3251,12.3248,
2007-08-01 00:00:00,2,18.5784,17.6287,17.1607,17.1607,17.1607,17.1607,17.1607,17.1607,17.1607,17.1607,16.2385,16.6973,16.2385,15.7844,16.2385,16.2385,16.2385,15.7844,15.7844,15.3351,14.8905,15.3351,14.8905,14.8905,14.4507,14.0157,14.4507,13.5855,13.5855,13.5855,13.5855
2007-07-01 00:00:00,2,19.06,19.5461,19.06,19.06,19.06,18.5784,18.5784,18.5784,18.1012,18.1012,18.1012,17.6287,17.6287,17.6287,17.6287,17.1607,17.6287,17.6287,17.1607,17.1607,17.1607,16.6973,15.7844,16.2385,16.2385,16.2385,16.2385,23.0718,22.5552,22.5552,20.5316
2007-06-01 00:00:00,2,25.1808,24.6472,24.6472,24.6472,24.1179,24.1179,23.5928,22.5552,22.5552,22.0428,22.0428,21.5348,21.5348,21.031,21.031,21.031,20.5316,20.0367,20.0367,20.0367,20.0367,20.0367,19.5461,19.5461,19.5461,19.5461,19.5461,19.5461,19.5461,19.06,
2007-05-01 00:00:00,2,34.267,32.4864,31.3187,29.5966,28.4683,26.8062,26.2602,26.2602,26.2602,26.2602,25.7184,26.2602,25.7184,25.1808,25.1808,24.6472,24.1179,23.0718,23.0718,23.0718,23.5928,23.5928,23.0718,22.5552,22.5552,23.0718,25.1808,27.9102,28.4683,27.3562,26.2602
2007-04-01 00:00:00,2,30.1666,30.7407,30.1666,29.5966,29.5966,29.5966,29.0304,28.4683,37.9309,41.0866,39.1821,36.082,32.4864,30.7407,29.5966,30.1666,30.1666,29.5966,29.5966,29.5966,29.0304,31.3187,37.9309,38.5547,33.6696,30.1666,29.5966,34.267,36.082,34.8682,
2007-03-01 00:00:00,2,51.7872,48.3468,45.657,44.3332,43.0238,42.3744,39.8133,37.3108,36.6945,35.4732,35.4732,35.4732,35.4732,34.8682,37.3108,36.082,34.267,34.8682,39.1821,44.3332,43.6767,44.9933,44.9933,43.0238,39.8133,36.6945,33.0761,30.7407,30.1666,30.7407,30.7407
2007-02-01 00:00:00,2,147.863,120.512,154.222,169.447,169.447,130.397,111.868,100.722,85.6324,71.9787,64.7809,96.2084,137.489,86.522,71.1617,66.3502,60.1771,59.4251,59.4251,55.7302,51.4411,48.6699,47.3109,45.9696,43.991,51.0922,51.7872,57.4691,,,
2007-01-01 00:00:00,2,66.3502,71.9787,96.2084,165.042,169.447,107.171,88.2811,90.8951,99.8131,144.721,156.364,132.409,142.641,170.555,208.609,235.545,223.15,157.439,122.466,98.9073,84.7471,168.342,169.447,109.041,94.4247,148.916,134.433,193.276,175.013,235.545,180.647
2006-12-01 00:00:00,2,128.397,86.522,47.3109,38.9117,36.4801,36.4801,36.4801,124.431,84.7471,91.7727,87.4161,80.3843,60.9335,67.1413,63.2289,69.5406,78.669,60.1771,49.3561,44.6461,40.1546,38.9117,38.9117,123.447,120.512,110.923,104.389,139.541,139.541,77.8177,67.1413
2006-11-01 00:00:00,2,17.9076,30.1682,36.4801,57.934,72.8,40.7828,43.991,45.9696,36.4801,37.0813,38.2971,39.5309,40.7828,43.3404,47.3109,37.6869,39.5309,39.5309,42.0527,45.3056,53.5659,57.934,52.145,47.3109,35.8835,29.6218,27.4826,26.4407,40.7828,97.1049,
2006-10-01 00:00:00,2,18.7799,19.2233,19.2233,18.7799,18.3414,17.9076,21.0443,28.543,30.7191,31.8348,29.6218,28.543,30.7191,36.4801,35.2915,30.7191,28.0105,22.9409,29.6218,99.8131,96.2084,51.4411,40.1546,29.6218,28.543,23.9175,22.9409,21.0443,19.2233,18.3414,17.4785
2006-09-01 00:00:00,2,16.6349,17.4785,20.5819,23.4269,21.5114,20.1243,20.1243,20.1243,19.2233,18.3414,17.0543,15.8106,15.0056,14.6104,14.22,13.8345,13.454,13.454,13.454,15.8106,33.5426,37.0813,38.9117,30.1682,26.4407,23.4269,20.5819,20.1243,19.2233,19.6714,
2006-08-01 00:00:00,2,16.6349,18.3414,21.0443,20.1243,18.3414,18.3414,17.9076,17.4785,16.6349,16.2203,15.8106,15.8106,15.4057,15.0056,15.0056,15.0056,14.6104,14.6104,14.22,14.22,15.0056,15.8106,15.8106,15.4057,15.0056,14.6104,14.22,14.6104,15.8106,17.9076,17.4785
2006-07-01 00:00:00,2,20.5819,20.5819,20.1243,19.6714,19.6714,19.6714,20.1243,19.6714,19.6714,19.6714,19.2233,18.7799,18.3414,18.3414,18.3414,17.9076,17.9076,17.9076,17.4785,17.4785,17.0543,17.0543,17.0543,17.0543,16.6349,16.6349,16.6349,16.2203,16.2203,16.2203,16.2203
2006-06-01 00:00:00,2,21.9832,21.9832,21.5114,21.5114,21.5114,21.5114,21.0443,21.5114,21.5114,21.5114,21.0443,20.5819,21.0443,21.0443,21.0443,21.0443,20.5819,21.0443,20.5819,20.5819,20.5819,20.1243,20.1243,20.1243,20.1243,20.5819,21.9832,21.5114,21.0443,20.5819,
2006-05-01 00:00:00,2,30.7191,34.121,34.121,31.8348,29.0801,27.4826,26.9593,26.9593,26.4407,28.0105,30.1682,30.1682,28.0105,26.9593,26.4407,26.4407,25.9267,24.4128,23.9175,23.4269,23.4269,23.4269,23.4269,23.4269,23.4269,23.4269,22.9409,22.9409,22.9409,22.9409,22.4597
2006-04-01 00:00:00,2,38.2971,37.0813,35.8835,34.704,33.5426,32.9688,32.3995,33.5426,35.2915,45.9696,41.4155,38.2971,37.0813,34.704,32.9688,31.8348,32.3995,33.5426,32.9688,32.9688,31.8348,30.7191,30.1682,29.6218,29.6218,29.0801,28.543,28.0105,28.543,28.543,
2006-03-01 00:00:00,2,57.934,63.2289,75.2896,60.1771,52.8532,72.8,76.128,67.9368,61.6943,70.349,83.8661,80.3843,63.2289,55.0044,60.9335,65.5634,64.0027,76.128,108.104,70.349,76.128,64.7809,55.7302,54.2829,52.145,50.7417,49.3561,47.3109,43.3404,41.4155,40.1546
2006-02-01 00:00:00,2,137.489,77.8177,65.5634,51.4411,43.991,39.5309,37.6869,35.2915,35.8835,42.6943,52.8532,109.041,149.971,103.467,99.8131,87.4161,68.7365,55.7302,47.3109,40.7828,38.9117,40.1546,41.4155,39.5309,47.3109,50.7417,48.6699,45.9696,,,
2006-01-01 00:00:00,2,55.7302,67.1413,82.1167,98.9073,153.155,180.647,120.512,132.409,89.1492,67.1413,59.4251,52.8532,52.8532,51.4411,48.6699,46.638,45.9696,42.6943,43.3404,40.7828,39.5309,38.2971,35.2915,35.2915,34.121,32.3995,30.7191,41.4155,70.349,78.669,76.128
2005-12-01 00:00:00,2,48.6699,45.9696,76.9708,58.6773,48.6699,42.6943,130.397,109.98,101.634,84.7471,231.8,312.262,275.542,186.348,263.689,196.775,120.512,98.0045,87.4161,140.572,109.041,107.171,80.3843,63.2289,52.145,94.4247,83.8661,68.7365,60.1771,56.4604,55.7302
2005-11-01 00:00:00,2,102.549,64.0027,50.0467,58.6773,94.4247,85.6324,57.195,49.3561,113.768,67.1413,55.7302,60.1771,47.3109,40.7828,43.3404,36.4801,37.6869,46.638,52.145,119.54,142.641,70.349,47.9882,64.0027,58.6773,79.5245,168.342,91.7728,61.6943,45.9696,
2005-10-01 00:00:00,2,29.6218,27.4826,26.4407,25.4174,28.0105,39.5309,33.5426,26.4407,24.9128,24.4128,22.4597,21.5114,20.5819,19.6714,18.7799,17.9076,19.2233,16.2203,17.9076,17.4785,17.0543,16.2203,18.3414,21.0443,24.9128,27.4826,30.7191,33.5426,39.5309,50.0467,59.425
2005-09-01 00:00:00,2,21.5114,21.9832,22.9409,21.9832,21.9832,21.5114,21.5114,32.3995,30.7191,27.4826,24.9128,23.4269,21.9832,20.5819,21.0443,21.9832,22.4597,24.4128,32.9688,33.5426,28.543,26.4407,25.9267,27.4826,28.543,73.6256,59.425,50.7417,44.6461,35.2915,
2005-08-01 00:00:00,2,30.1682,29.6218,28.543,28.543,28.0105,27.4826,27.4826,26.9593,25.9267,25.9267,25.9267,25.9267,25.9267,25.4174,25.4174,25.9267,25.9267,25.4174,24.9128,24.9128,24.4128,24.4128,24.4128,24.4128,23.9175,23.9175,23.4269,22.9409,22.4597,22.4597,21.9832
2005-07-01 00:00:00,2,31.2747,31.8348,31.8348,31.2747,30.7191,30.7191,30.1682,30.1682,30.7191,31.2747,31.2747,31.2747,31.2747,30.7191,30.7191,30.1682,31.8348,31.8348,32.9688,34.704,32.3995,30.7191,30.1682,29.6218,30.1682,29.6218,30.1682,29.6218,35.8835,36.4801,31.2747
2005-06-01 00:00:00,2,42.0527,41.4155,40.7828,40.1546,38.9117,38.2971,38.2971,37.6869,37.0813,36.4801,35.8835,35.8835,35.2915,35.2915,34.704,34.704,34.704,34.121,33.5426,32.9688,35.8835,35.2915,35.2915,32.9688,32.3995,32.3995,31.8348,32.9688,31.8348,31.2747,
2005-05-01 00:00:00,2,85.6324,60.9335,50.7417,45.9696,43.991,42.0527,42.0527,41.4155,40.1546,40.1546,40.1546,38.9117,38.2971,37.6869,37.0813,37.0813,37.0813,36.4801,36.4801,36.4801,35.8835,37.0813,52.145,68.7365,82.1167,95.315,79.5245,55.7302,47.9882,45.3056,43.991
2005-04-01 00:00:00,2,64.7809,61.6943,58.6773,57.195,54.2829,53.5659,52.8532,51.4411,49.3561,47.9882,47.3109,46.638,45.9696,43.991,43.3404,42.6943,42.6943,42.6943,42.6943,42.0527,41.4155,40.7828,42.0527,42.6943,45.3056,47.3109,60.9335,59.4251,56.4604,85.6324,
2005-03-01 00:00:00,2,188.647,130.397,137.489,474.629,403.801,205.032,149.971,128.397,115.68,105.313,110.923,106.24,98.0045,84.7471,79.5245,96.2084,91.7727,128.397,125.418,103.467,112.817,105.313,91.7727,73.6256,157.439,107.171,77.8177,74.4554,68.7365,67.9368,63.2289
2005-02-01 00:00:00,2,80.3843,78.669,96.2084,119.54,148.916,113.768,84.7471,70.349,64.7809,61.6943,122.466,137.489,119.54,78.669,65.5634,83.8661,93.5376,205.032,169.447,98.0045,80.3843,71.9787,64.7809,60.9335,62.4594,115.68,117.604,176.135,,,
2005-01-01 00:00:00,2,76.128,69.5406,63.2289,58.6773,68.7365,76.9707,86.522,152.091,180.647,126.408,98.9073,133.419,153.155,120.512,84.7471,72.8,179.515,372.109,398.125,250.749,153.155,127.401,202.66,143.68,110.923,185.203,149.971,119.54,104.389,92.6536,82.9893
2004-12-01 00:00:00,2,55.0044,35.2915,29.0801,25.4174,35.8835,44.6461,113.768,71.1617,78.669,64.7809,65.5634,69.5406,67.9368,51.4411,40.7828,34.121,31.2747,28.0105,66.3502,73.6256,119.54,207.415,230.557,274.216,313.654,252.031,197.947,84.7471,79.5245,124.431,89.1492
2004-11-01 00:00:00,2,19.2233,23.9175,24.4128,22.9409,19.6714,17.9076,18.3414,37.6869,28.543,21.9832,20.1243,17.9076,17.9076,17.4785,16.2203,16.2203,16.6349,21.0443,29.6218,43.991,37.6869,25.9267,21.9832,19.6714,17.9076,17.0543,16.6349,22.4597,31.2747,55.7302,
2004-10-01 00:00:00,2,14.22,14.22,14.6104,23.4269,37.6869,27.4826,22.4597,19.6714,18.7799,17.9076,17.4785,20.1243,25.4174,23.9175,24.4128,23.4269,21.0443,20.1243,19.2233,18.3414,17.9076,17.4785,17.0543,17.4785,17.4785,21.9832,25.9267,26.9593,23.4269,20.5819,19.2233
2004-09-01 00:00:00,2,20.5819,19.6714,19.6714,19.6714,19.6714,19.6714,19.6714,19.2233,19.2233,18.7799,18.3414,18.3414,18.3414,17.9076,17.9076,17.4785,17.4785,17.9076,17.9076,18.3414,18.7799,18.3414,17.4785,16.6349,16.2203,15.8106,15.4057,15.0056,14.6104,14.6104,
2004-08-01 00:00:00,2,26.4407,25.9267,25.9267,25.9267,25.9267,25.4174,24.4128,24.9128,24.9128,24.4128,24.4128,24.4128,24.9128,24.4128,23.9175,23.9175,23.9175,24.4128,23.9175,23.9175,23.4269,22.9409,22.4597,22.4597,21.9832,21.5114,21.5114,21.0443,21.0443,21.0443,20.5819
2004-07-01 00:00:00,2,31.2747,31.2747,31.2747,30.7191,30.1682,31.2747,29.0801,29.0801,29.6218,29.6218,57.934,48.6699,37.6869,34.704,32.3995,31.2747,30.1682,29.0801,28.543,34.121,37.6869,35.2915,31.8348,30.1682,29.0801,28.0105,27.4826,26.9593,26.9593,26.4407,26.4407
2004-06-01 00:00:00,2,49.3561,67.1413,60.1771,53.5659,52.145,43.991,40.7828,38.2971,37.6869,37.0813,36.4801,35.2915,34.704,35.2915,35.8835,36.4801,37.6869,38.9117,37.0813,35.2915,34.704,33.5426,32.9688,32.3995,31.8348,31.8348,31.8348,31.8348,31.8348,31.8348,
2004-05-01 00:00:00,2,43.3404,41.4155,40.1546,40.1546,39.5309,39.5309,39.5309,38.2971,38.2971,37.6869,37.0813,36.4801,36.4801,36.4801,36.4801,42.6943,50.7417,43.3404,40.7828,40.1546,43.991,42.6943,40.1546,38.2971,37.0813,36.4801,37.0813,37.0813,40.7828,53.5659,47.9882
2004-04-01 00:00:00,2,57.934,54.2829,55.7302,148.916,139.541,131.402,100.722,73.6256,62.4594,67.1413,88.2811,95.315,97.1049,82.1167,67.9368,73.6256,65.5634,72.8,60.9335,55.0044,51.4411,50.0467,48.6699,47.3109,46.638,49.3561,49.3561,47.3109,45.9696,44.6461,
2004-03-01 00:00:00,2,114.723,98.0045,192.115,200.298,151.03,147.863,120.512,102.549,89.1492,81.2484,76.9707,76.9707,76.128,75.2896,69.5406,74.4554,70.349,64.0027,66.3502,72.8,82.1167,67.9368,57.934,57.195,53.5659,50.7417,50.0467,57.934,59.4251,75.2896,57.934
2004-02-01 00:00:00,2,38.9117,38.2971,50.0467,43.3404,38.9117,34.704,32.9688,37.6869,88.2811,82.1167,87.4161,108.104,78.669,64.7809,88.2811,211.007,181.782,182.92,131.402,97.1049,108.104,147.863,108.104,126.408,138.514,159.598,234.294,266.306,187.496,,
2004-01-01 00:00:00,2,36.4801,51.4411,90.8951,57.195,47.9882,39.5309,38.2971,43.991,193.276,612.756,472.594,234.294,255.895,241.836,209.807,230.557,156.364,107.171,86.522,75.2896,68.7365,64.0027,64.0027,65.5634,60.9335,55.7302,51.4411,47.9882,45.9696,42.6943,40.7828
2003-12-01 00:00:00,2,54.2829,76.9707,76.128,65.5634,95.315,157.439,205.032,165.042,99.8131,78.669,67.9368,56.4604,54.2829,52.8532,50.7417,41.4155,37.6869,31.8348,28.0105,32.3995,31.2747,67.1413,55.0044,57.195,45.9696,43.3404,43.991,43.3404,45.3056,40.7828,39.5309
2003-11-01 00:00:00,2,13.454,15.0056,35.8835,34.121,22.4597,18.7799,46.638,60.1771,32.9688,23.9175,21.0443,21.5114,19.6714,18.3414,16.6349,16.2203,17.0543,16.2203,24.4128,73.6256,60.1771,47.9882,37.0813,28.0105,24.4128,22.9409,26.9593,34.121,36.4801,37.6869,
2003-10-01 00:00:00,2,13.1194,13.1194,13.1194,12.2573,11.425,10.6225,10.2324,11.425,12.2573,13.1194,21.1385,20.3179,17.5633,16.3724,14.9333,13.5617,13.1194,12.2573,11.425,10.6225,9.8497,13.1194,11.8374,11.02,20.7263,19.6714,17.0543,15.4057,14.6104,13.8345,13.8345
2003-09-01 00:00:00,2,16.3724,16.81,15.8852,14.9333,14.9333,14.4686,14.0114,14.0114,14.0114,14.0114,14.0114,14.0114,13.5617,13.5617,14.0114,14.4686,14.9333,14.9333,14.9333,14.9333,14.4686,13.5617,12.6846,11.425,13.1194,12.2573,13.1194,13.5617,13.1194,13.1194,
2003-08-01 00:00:00,2,16.3724,15.8852,15.8852,15.8852,15.4055,14.9333,14.9333,14.4686,14.4686,14.0114,14.0114,14.0114,14.0114,14.0114,14.4686,21.1385,23.6889,18.7214,16.81,15.8852,15.8852,14.9333,14.9333,14.4686,14.0114,13.5617,14.4686,14.9333,17.1847,17.5633,17.1847
2003-07-01 00:00:00,2,16.3724,16.3724,16.3724,16.3724,15.8852,17.9455,18.3316,14.9333,15.8852,15.8852,15.8852,15.4055,16.81,20.7263,21.5543,19.5122,18.7214,17.9455,17.5633,17.5633,16.81,17.9455,19.1149,14.4686,15.8852,16.3724,16.3724,15.8852,15.8852,15.8852,16.81
2003-06-01 00:00:00,2,21.5543,21.1385,20.7263,21.5543,20.7263,20.3179,19.5122,19.5122,21.1385,20.7263,20.3179,19.5122,19.1149,17.9455,18.7214,19.9132,19.9132,19.1149,17.9455,19.9132,15.4055,18.3316,19.1149,18.7214,18.7214,17.1847,17.9455,15.4055,16.81,16.81,
2003-05-01 00:00:00,2,23.2546,22.824,24.1268,25.9152,26.8312,28.7068,33.1373,30.6401,27.2947,25.0137,24.5685,24.5685,25.4626,25.4626,25.4626,25.4626,25.9152,24.1268,23.6889,24.1268,24.1268,24.5685,23.6889,21.5543,21.9739,22.824,22.824,21.9739,23.2546,24.1268,21.1385
2003-04-01 00:00:00,2,38.3985,37.318,35.7237,35.7237,34.6785,34.6785,42.291,44.592,38.3985,47.5465,38.3985,34.6785,34.1612,31.6282,31.6282,31.1324,30.1513,29.1847,28.7068,28.7068,27.7618,27.2947,25.9152,26.8312,25.9152,25.4626,25.0137,24.5685,25.0137,25.0137,
2003-03-01 00:00:00,2,28.2325,27.7618,28.7068,29.1847,28.2325,27.7618,25.4626,25.9152,35.7237,50.5873,41.7244,35.1993,40.6018,54.3496,81.7689,121.464,171.415,133.695,84.0879,67.0708,66.3709,69.9039,97.7855,82.5386,60.8928,51.2058,46.9487,45.7634,40.6018,39.4931,37.8565
2003-02-01 00:00:00,2,125.17,82.5386,74.2537,66.3709,58.8942,53.714,50.5873,48.1478,45.176,42.861,42.291,39.4931,37.318,35.7237,35.7237,64.9812,62.2421,48.1478,54.9886,48.7525,43.4345,39.4931,36.2516,33.1373,32.1277,31.1324,30.1513,29.1847,,,
2003-01-01 00:00:00,2,49.3606,49.9722,162.897,173.575,102.844,83.3116,240.017,162.897,101.145,81.7689,127.042,132.735,95.2997,101.993,117.808,97.7855,88.8145,95.2997,153.553,152.53,113.311,127.042,139.52,99.4588,73.5204,70.6206,91.222,81.7689,77.97,193.834,214.944
2002-12-01 00:00:00,2,28.7068,24.5685,25.0137,41.1613,31.6282,30.6401,56.9261,108.894,89.6137,91.222,76.4735,188.367,234.008,160.799,102.844,92.031,116.902,101.993,75.7303,58.2348,52.453,57.5787,55.631,72.7905,70.6206,76.4735,53.0818,45.176,40.0457,52.453,54.3496
2002-11-01 00:00:00,2,27.7618,46.3543,31.1324,23.6889,20.3179,57.5787,62.2421,37.8565,29.1847,23.6889,20.7263,24.1268,25.9152,24.5685,21.5543,18.3316,28.2325,60.8928,67.7741,56.9261,76.4735,66.3709,56.9261,72.0638,154.579,88.0185,49.3606,49.9722,41.7244,34.1612,
2002-10-01 00:00:00,2,15.8852,17.1847,16.81,15.8852,14.9333,14.0114,13.5617,12.2573,11.8374,11.425,10.6225,10.2324,9.8497,9.4745,9.1067,8.7463,8.7463,8.0478,7.7096,7.3789,7.3789,11.02,13.5617,13.1194,11.8374,10.6225,21.1385,18.3316,12.6846,11.425,16.3724
2002-09-01 00:00:00,2,12.2573,18.3316,21.1385,17.9455,14.9333,14.0114,14.0114,15.8852,15.4055,14.4686,14.0114,13.1194,13.1194,12.6846,12.2573,11.8374,11.425,11.8374,11.425,11.02,11.425,13.1194,24.5685,35.1993,40.6018,41.7244,28.2325,22.3971,18.7214,17.1847,
2002-08-01 00:00:00,2,14.0114,13.5617,14.4686,14.9333,17.9455,15.8852,14.9333,14.0114,13.5617,13.1194,13.1194,13.5617,12.6846,13.1194,12.2573,12.2573,12.2573,12.2573,11.8374,11.8374,11.425,12.2573,11.8374,11.8374,11.8374,11.8374,11.8374,11.8374,10.6225,11.8374,11.02
2002-07-01 00:00:00,2,16.81,16.81,16.81,16.3724,16.3724,16.3724,15.8852,15.8852,15.8852,16.81,17.9455,17.9455,17.9455,18.3316,18.7214,17.9455,17.1847,16.81,16.3724,15.8852,15.4055,15.4055,15.4055,15.4055,15.4055,15.4055,14.9333,14.9333,14.0114,14.0114,14.0114
2002-06-01 00:00:00,2,19.5122,19.5122,19.1149,19.5122,19.5122,19.5122,19.1149,18.7214,18.7214,18.7214,18.3316,18.7214,18.7214,19.5122,19.5122,18.3316,17.9455,18.3316,17.9455,17.5633,17.5633,17.1847,17.1847,16.81,16.81,17.1847,17.1847,17.1847,17.1847,16.81,
2002-05-01 00:00:00,2,21.5543,21.1385,21.1385,21.5543,21.9739,22.3971,40.6018,33.6475,28.7068,26.8312,26.8312,25.4626,24.1268,23.2546,22.824,22.3971,21.5543,21.5543,21.1385,21.1385,21.1385,22.3971,22.824,23.6889,23.2546,21.5543,21.1385,19.9132,19.9132,19.9132,19.5122
2002-04-01 00:00:00,2,33.6475,32.1277,31.1324,30.1513,29.1847,28.7068,28.2325,35.1993,43.4345,31.1324,34.6785,31.6282,29.6662,28.2325,29.1847,26.3714,25.9152,25.4626,24.5685,24.1268,23.6889,24.1268,23.2546,22.824,22.3971,21.9739,21.5543,21.5543,21.5543,21.5543,
2002-03-01 00:00:00,2,62.2421,58.2348,54.9886,51.8277,48.7525,49.9722,46.9487,44.592,42.861,41.1613,41.1613,40.0457,37.318,36.783,46.3543,57.5787,53.714,43.4345,52.453,45.176,45.7634,75.7303,59.557,42.291,41.7244,42.291,43.4345,44.592,39.4931,36.783,36.2516
2002-02-01 00:00:00,2,67.0708,121.464,123.31,92.8433,68.4807,84.8674,68.4807,62.2421,105.418,128.927,132.735,88.8145,65.6744,56.9261,52.453,80.2394,126.104,202.163,148.471,133.695,105.418,156.64,160.799,121.464,116,85.6503,74.9903,68.4807,,,
2002-01-01 00:00:00,2,100.3,92.8433,86.4364,72.7905,66.3709,69.1906,59.557,46.3543,43.4345,39.4931,35.7237,34.1612,36.783,48.7525,82.5386,103.699,89.6137,85.6503,100.3,94.4777,71.3405,59.557,53.714,48.1478,52.453,109.771,122.385,115.1,76.4735,78.7231,112.421
2001-12-01 00:00:00,2,109.771,113.311,72.0638,44.0115,34.6785,29.6662,33.1373,42.861,39.4931,31.1324,25.9152,22.824,21.9739,24.1268,29.6662,82.5386,151.511,142.476,81.7689,66.3709,72.7905,61.5658,54.3496,55.631,53.714,52.453,56.2769,64.9812,96.1251,117.808,114.204
2001-11-01 00:00:00,2,17.5633,19.1149,21.1385,48.1478,47.5465,63.6049,49.3606,30.6401,43.4345,30.1513,25.0137,21.9739,44.592,59.557,49.3606,44.592,56.2769,53.0818,37.8565,32.1277,30.6401,27.7618,25.4626,27.2947,26.8312,22.824,21.1385,28.7068,35.1993,57.5787,
2001-10-01 00:00:00,2,13.1194,18.7214,31.1324,40.6018,26.8312,21.5543,17.9455,16.3724,16.81,17.5633,16.81,15.8852,14.9333,14.0114,13.1194,12.6846,11.8374,11.8374,13.5617,19.5122,33.1373,22.824,20.7263,17.9455,16.81,14.4686,13.1194,12.6846,11.425,11.425,11.8374
2001-09-01 00:00:00,2,14.0114,13.5617,12.6846,12.6846,12.2573,11.8374,11.8374,11.425,10.6225,10.6225,10.6225,10.6225,10.2324,9.8497,19.9132,22.824,25.4626,17.1847,14.0114,13.1194,11.8374,10.6225,11.02,12.2573,12.2573,13.5617,13.5617,13.1194,14.4686,13.5617,
2001-08-01 00:00:00,2,11.8374,11.425,11.02,10.6225,11.02,10.6225,9.8497,9.4745,10.6225,11.02,11.425,11.425,11.425,11.02,11.02,10.6225,10.6225,10.2324,10.2324,10.6225,10.6225,10.6225,10.6225,16.81,20.7263,19.9132,17.1847,16.81,15.8852,15.8852,14.0114
2001-07-01 00:00:00,2,12.6846,12.6846,12.2573,12.2573,11.8374,11.425,11.8374,12.2573,12.6846,13.1194,13.1194,12.6846,12.2573,13.1194,14.0114,14.0114,13.1194,12.6846,12.2573,11.8374,12.6846,13.1194,14.0114,14.4686,14.0114,13.5617,13.1194,12.2573,11.8374,11.425,11.8374
2001-06-01 00:00:00,2,19.5122,19.1149,18.3316,17.9455,17.5633,17.1847,16.81,16.81,16.81,16.81,16.3724,15.8852,15.8852,14.4686,14.0114,13.5617,14.0114,14.4686,14.0114,14.0114,14.0114,13.5617,13.1194,12.6846,12.2573,11.8374,11.8374,12.2573,12.2573,11.8374,
2001-05-01 00:00:00,2,16.81,16.3724,16.3724,15.8852,15.8852,15.4055,15.4055,15.4055,15.4055,15.4055,15.4055,15.4055,16.81,18.7214,19.5122,22.3971,33.6475,38.9441,31.6282,23.6889,20.7263,19.9132,19.5122,19.1149,19.1149,21.5543,22.3971,21.9739,21.1385,20.7263,19.9132
2001-04-01 00:00:00,2,38.3985,32.6307,29.1847,25.0137,23.2546,27.2947,26.3714,23.2546,22.824,22.3971,22.3971,22.3971,27.2947,29.1847,25.9152,25.4626,26.8312,25.4626,22.3971,21.1385,20.7263,20.3179,19.5122,18.7214,18.3316,17.9455,17.5633,17.1847,17.1847,16.81,
2001-03-01 00:00:00,2,19.5122,18.7214,19.1149,21.9739,25.0137,25.4626,27.2947,26.8312,25.9152,28.7068,33.6475,33.1373,72.0638,56.9261,41.7244,36.783,31.6282,30.6401,24.5685,25.0137,25.0137,24.5685,25.9152,24.5685,21.5543,21.9739,21.5543,25.9152,36.2516,52.453,50.5873
2001-02-01 00:00:00,2,35.7237,36.2516,35.1993,33.1373,35.7237,37.318,35.1993,34.1612,44.0115,39.4931,34.1612,31.6282,29.1847,29.1847,32.6307,31.1324,29.6662,28.2325,25.9152,25.0137,25.0137,25.0137,24.1268,23.2546,23.2546,23.2546,21.9739,19.9132,,,
2001-01-01 00:00:00,2,127.983,158.713,231.029,219.28,141.487,101.993,75.7303,67.0708,68.4807,67.7741,60.8928,56.2769,51.2058,46.3543,43.4345,41.1613,40.0457,38.3985,36.2516,35.7237,51.2058,63.6049,58.8942,54.3496,50.5873,45.7634,42.861,41.1613,40.0457,38.3985,36.783
2000-12-01 00:00:00,2,68.4807,74.2537,68.4807,85.6503,112.421,91.222,58.8942,49.3606,42.861,38.9441,44.592,42.861,35.7237,33.1373,31.1324,29.6662,57.5787,127.042,133.695,83.3116,65.6744,72.0638,73.5204,71.3405,56.2769,44.0115,61.5658,72.0638,61.5658,69.1906,98.6205
2000-11-01 00:00:00,2,22.3971,22.3971,22.3971,20.7263,18.3316,29.1847,30.6401,39.4931,33.6475,31.6282,27.2947,21.9739,25.9152,51.8277,77.2201,72.7905,64.2914,67.0708,54.9886,45.7634,46.3543,42.861,41.1613,38.3985,33.1373,29.6662,35.7237,44.592,41.7244,50.5873,
2000-10-01 00:00:00,2,21.5543,30.1513,33.1373,26.8312,21.9739,19.9132,18.7214,18.3316,17.5633,16.3724,15.8852,14.9333,14.4686,13.5617,13.5617,13.1194,12.6846,12.6846,12.6846,12.2573,13.5617,17.5633,20.7263,19.5122,17.1847,15.4055,14.9333,16.81,19.1149,21.9739,23.6889
2000-09-01 00:00:00,2,23.6889,31.6282,41.1613,44.0115,36.783,31.1324,30.1513,29.6662,27.2947,25.4626,24.5685,23.2546,21.5543,21.1385,20.3179,19.9132,19.5122,19.5122,19.1149,18.3316,17.5633,16.81,16.81,16.3724,15.8852,16.3724,16.81,21.5543,23.2546,21.1385,
2000-08-01 00:00:00,2,18.3316,17.9455,18.3316,18.3316,18.3316,18.7214,18.3316,18.3316,17.9455,17.1847,16.81,16.81,16.81,16.3724,16.3724,16.3724,16.3724,15.8852,15.8852,15.8852,15.8852,15.8852,15.4055,14.9333,14.9333,14.4686,14.4686,15.4055,19.1149,22.3971,21.9739
2000-07-01 00:00:00,2,19.1149,19.1149,19.1149,19.1149,19.1149,19.1149,19.1149,19.1149,19.1149,18.7214,18.7214,18.7214,18.7214,19.1149,19.1149,20.7263,22.3971,21.9739,20.7263,19.9132,19.5122,19.1149,19.1149,19.1149,19.1149,20.3179,20.7263,19.9132,19.1149,18.7214,18.7214
2000-06-01 00:00:00,2,23.2546,23.2546,23.6889,24.1268,24.1268,23.6889,23.2546,23.2546,23.2546,23.2546,22.824,22.3971,22.3971,22.3971,21.9739,21.9739,21.5543,21.5543,21.5543,21.1385,21.1385,21.1385,20.7263,20.7263,20.3179,20.3179,19.9132,19.9132,19.5122,19.1149,
2000-05-01 00:00:00,2,29.6662,29.6662,29.1847,29.1847,28.7068,28.7068,28.2325,27.7618,27.2947,28.7068,29.1847,27.7618,27.2947,26.8312,26.3714,26.3714,25.9152,25.4626,25.0137,24.5685,25.0137,25.0137,25.4626,25.4626,25.0137,25.0137,24.5685,24.5685,24.1268,24.1268,23.6889
2000-04-01 00:00:00,2,43.4345,40.6018,40.0457,38.3985,36.783,36.2516,36.2516,36.2516,35.7237,35.7237,35.7237,40.0457,44.0115,43.4345,42.861,42.291,38.9441,35.7237,35.1993,37.8565,39.4931,36.783,33.6475,32.6307,31.6282,31.1324,30.6401,30.1513,30.1513,29.6662,
2000-03-01 00:00:00,2,34.1612,32.6307,35.1993,36.2516,34.1612,35.1993,37.8565,41.7244,50.5873,53.714,60.8928,58.2348,55.631,54.3496,51.8277,49.3606,45.7634,48.1478,96.9536,146.46,117.808,74.9903,59.557,51.2058,49.3606,48.1478,51.2058,50.5873,48.1478,49.9723,48.1478
2000-02-01 00:00:00,2,141.487,123.31,98.6205,75.7303,69.9039,67.0708,87.2258,109.771,106.282,102.844,96.1251,81.0025,73.5204,60.2232,48.7525,47.5465,51.8277,54.3496,62.9218,60.2232,54.9886,54.3496,55.631,53.0818,49.3606,46.3543,44.0115,43.4345,37.8565,,
2000-01-01 00:00:00,2,61.5658,56.9261,133.695,98.6205,77.97,73.5204,66.3709,56.2769,47.5465,45.176,41.1613,36.783,34.1612,33.1373,32.6307,38.3985,50.5873,67.0708,65.6744,75.7303,78.7231,74.9903,63.6049,49.3606,48.7525,67.7741,74.9903,92.031,329.315,266.295,249.155
1999-12-01 00:00:00,2,41.7244,35.7237,30.6401,31.6282,68.4807,61.5658,71.3405,84.0879,77.2201,73.5204,66.3709,87.2258,92.8433,73.5204,69.1906,64.9812,58.8942,53.0818,37.8565,38.9441,44.592,46.9487,48.7525,71.3405,74.2537,55.631,45.176,44.592,48.1478,56.9261,60.2232
1999-11-01 00:00:00,2,16.81,15.8852,14.9333,14.0114,14.0114,17.5633,31.1324,46.9487,42.861,47.5465,52.453,51.8277,44.0115,34.6785,31.1324,28.2325,24.1268,22.3971,21.5543,34.1612,116,96.1251,66.3709,44.0115,40.0457,34.6785,38.3985,54.9886,59.557,48.1478,
1999-10-01 00:00:00,2,14.0114,13.5617,13.1194,14.0114,14.4686,14.4686,14.4686,14.4686,14.0114,13.5617,13.1194,12.6846,12.2573,11.8374,11.425,11.02,11.02,11.02,11.8374,19.1149,51.2058,51.2058,48.1478,46.3543,23.6889,25.4626,28.2325,26.8312,22.824,19.9132,18.3316
1999-09-01 00:00:00,2,12.6846,12.6846,12.2573,12.2573,11.8374,11.8374,11.8374,11.8374,11.8374,11.425,11.425,12.2573,14.9333,18.7214,19.5122,17.9455,17.1847,16.81,16.3724,15.4055,14.9333,15.8852,21.5543,30.6401,28.2325,21.1385,18.3316,16.3724,15.4055,14.4686,
1999-08-01 00:00:00,2,17.5633,17.1847,17.1847,16.81,16.81,16.3724,16.3724,15.8852,15.8852,15.8852,15.8852,15.4055,14.9333,14.9333,14.4686,14.4686,14.4686,14.9333,14.9333,15.4055,14.9333,14.4686,14.4686,14.0114,14.0114,13.5617,13.5617,13.5617,13.5617,13.1194,13.1194
1999-07-01 00:00:00,2,19.9132,19.9132,19.9132,19.9132,19.9132,19.5122,19.9132,20.3179,20.7263,21.5543,21.9739,21.1385,20.7263,20.3179,20.3179,19.9132,19.9132,19.9132,19.5122,19.1149,19.1149,18.7214,18.7214,18.7214,18.7214,18.7214,18.7214,18.7214,18.3316,18.3316,17.9455
1999-06-01 00:00:00,2,21.9739,21.9739,21.9739,21.5543,21.1385,21.5543,21.9739,22.3971,22.824,22.824,23.2546,23.2546,23.6889,23.6889,23.2546,23.2546,22.824,22.824,22.3971,21.9739,22.3971,22.824,23.2546,21.5543,21.1385,21.1385,20.7263,20.7263,20.7263,20.3179,
1999-05-01 00:00:00,2,28.2325,27.7618,26.8312,25.9152,25.0137,24.5685,24.1268,23.2546,22.3971,22.3971,25.4626,27.2947,25.4626,24.5685,24.5685,24.1268,24.1268,23.6889,24.1268,24.5685,23.6889,22.824,22.824,23.2546,21.9739,21.5543,21.5543,21.1385,21.5543,21.9739,22.3971
1999-04-01 00:00:00,2,54.9886,51.2058,45.7634,40.0457,36.783,34.6785,33.6475,32.6307,32.1277,31.6282,30.6401,29.6662,28.2325,27.2947,27.2947,41.7244,41.7244,38.3985,38.3985,34.6785,31.1324,30.6401,29.6662,29.1847,28.2325,26.8312,26.8312,27.7618,28.7068,29.1847,
1999-03-01 00:00:00,2,92.031,84.0879,85.6503,72.0638,87.2258,50.5873,61.5658,209.221,161.847,118.717,130.825,129.874,143.467,116.902,106.282,67.0708,47.5465,49.3606,46.9487,45.176,42.291,41.1613,40.6018,51.8277,207.801,144.462,81.7689,48.1478,47.5465,51.8277,57.5787
1999-02-01 00:00:00,2,44.592,35.7237,33.1373,30.1513,28.7068,28.2325,36.2516,54.9886,47.5465,34.6785,30.6401,33.1373,31.1324,28.7068,33.1373,30.6401,33.1373,32.6307,34.1612,32.1277,29.6662,28.7068,27.2947,26.8312,34.1612,33.6475,29.1847,70.6206,,,
1999-01-01 00:00:00,2,108.894,138.542,115.1,147.464,142.476,97.7855,95.2997,91.222,77.2201,48.7525,51.2058,48.1478,43.4345,41.1613,46.3543,60.8928,58.2348,42.291,38.3985,35.7237,35.7237,25.9152,27.7618,25.4626,28.2325,27.7618,27.7618,45.7634,69.9039,49.9722,44.592
1998-12-01 00:00:00,2,35.1993,31.6282,26.8312,23.6889,23.2546,27.2947,65.6744,76.4735,61.5658,46.9487,47.5465,37.8565,34.6785,32.6307,57.5787,91.222,73.5204,67.7741,69.1906,181.629,77.2201,62.2421,54.3496,47.5465,41.1613,43.4345,44.0115,84.8674,68.4807,64.2914,91.222
1998-11-01 00:00:00,2,44.2512,46.6214,49.0464,49.6612,47.2225,44.2512,39.6764,35.8565,34.2722,35.3249,40.7993,44.2512,41.3659,36.3917,33.2337,30.6998,28.7373,27.7776,27.3033,26.8325,25.902,25.902,35.8565,40.2361,28.2325,25.9152,25.9152,33.1373,44.0115,41.1613,
1998-10-01 00:00:00,2,24.9861,33.7512,35.8565,30.2038,23.1984,20.2127,20.2127,20.628,21.047,21.4699,26.3654,28.7373,26.3654,23.6397,22.3267,22.7607,32.7198,41.9361,38.5675,29.2225,24.5336,23.6397,22.7607,21.8964,20.2127,19.3933,20.2127,24.5336,27.7776,38.0183,44.2512
1998-09-01 00:00:00,2,19.3933,20.628,19.8011,18.5891,17.4112,16.645,16.2677,16.2677,16.2677,15.8942,15.8942,15.5246,15.5246,15.1588,14.7969,14.7969,15.1588,15.8942,15.8942,15.5246,15.1588,14.439,14.0849,13.7347,13.7347,13.7347,14.0849,15.8942,16.645,16.2677,
1998-08-01 00:00:00,2,18.5891,18.5891,18.5891,18.5891,18.5891,19.8011,24.5336,36.3917,39.6764,34.2722,31.7027,29.2225,26.8325,24.9861,23.1984,21.8964,21.4699,20.628,20.2127,19.8011,19.3933,18.9893,18.5891,18.5891,18.5891,18.1926,17.8,17.4112,17.4112,17.0262,17.0262
1998-07-01 00:00:00,2,24.5336,24.0848,24.0848,23.6398,23.1984,23.1984,22.7607,22.3267,21.8964,21.4699,21.4699,21.047,21.047,20.628,20.628,20.2127,20.2127,20.2127,20.2127,19.8011,19.3933,19.3933,19.3933,19.3933,19.3933,19.3933,18.9893,18.5891,18.5891,18.5891,18.5891
1998-06-01 00:00:00,2,47.8271,36.9304,32.2095,30.2038,29.7113,28.7373,27.7776,27.7776,27.3033,26.8325,26.3654,26.3654,25.902,25.902,25.4422,25.4422,25.4422,24.9861,24.9861,24.5336,24.5336,24.5336,24.5336,24.5336,24.5336,24.5336,24.5336,24.0848,24.0848,24.0848,
1998-05-01 00:00:00,2,29.2225,29.2225,29.2225,32.2095,33.7512,32.7198,31.1995,30.2038,29.7113,29.2225,29.2225,28.7373,26.3654,24.0848,23.1984,23.6398,24.0848,25.4422,26.3654,26.3654,25.902,25.902,25.902,25.902,25.4422,25.4422,25.4422,25.4422,26.3654,36.9304,51.5259
1998-04-01 00:00:00,2,42.5097,44.2512,43.6672,40.7993,38.0183,36.9304,36.3917,35.8565,35.8565,35.8565,35.8565,35.8565,35.8565,35.3249,34.2722,33.2337,33.7512,34.2722,34.7968,33.7512,33.2337,32.2095,31.1995,30.2038,29.7113,29.2225,29.2225,29.2225,29.2225,29.2225,
1998-03-01 00:00:00,2,53.4211,50.9009,48.435,46.6214,44.8386,44.2512,43.0867,41.3659,40.2361,40.2361,40.7993,40.2361,40.2361,40.7993,41.3659,48.435,50.9009,45.4294,41.9361,41.3659,40.7993,72.5588,98.3919,77.746,54.0596,46.6214,45.4294,45.4294,45.4294,43.0867,40.7993
1998-02-01 00:00:00,2,45.4294,43.6672,42.5097,41.3659,40.2361,39.6764,40.2361,42.5097,44.8386,45.4294,43.0867,41.9361,41.3659,43.0867,63.3504,103.193,138.576,136.298,146.44,139.721,124.077,121.91,116.57,112.376,95.0755,77.746,66.8263,57.9612,,,
1998-01-01 00:00:00,2,38.5675,34.2722,41.9361,51.5259,52.1543,61.9831,85.431,93.4363,120.834,143.171,124.077,112.376,142.024,156.447,132.914,145.346,156.447,128.461,120.834,117.63,99.2288,84.6481,70.3846,60.6292,59.9572,76.9952,76.2477,61.3045,54.7015,51.5259,49.0464
1997-12-01 00:00:00,2,81.5483,66.1245,56.6473,48.435,42.5097,39.1202,48.435,62.6651,68.2398,74.0246,72.5588,66.1245,91.0013,109.276,95.8999,91.0013,97.558,84.6481,66.8263,58.6232,54.0596,50.9009,52.786,64.039,63.3504,57.3026,55.3467,51.5259,47.2225,43.0867,40.2361
1997-11-01 00:00:00,2,23.1984,22.7607,22.7607,22.7607,22.3267,22.3267,22.3267,37.4726,43.6672,32.7198,24.5336,22.3267,22.7607,24.9861,29.2225,33.7512,30.6998,26.8325,25.4422,24.5336,29.7113,39.6764,47.2225,42.5097,34.7968,34.7968,43.0867,80.0177,107.231,100.069,
1997-10-01 00:00:00,2,33.7512,34.2722,33.7512,30.6998,28.2556,27.3033,26.3654,24.9861,24.0848,23.6398,23.1984,22.7607,22.3267,21.047,19.8011,19.8011,19.8011,20.628,21.8964,26.3654,51.5259,66.1245,57.3026,51.5259,46.6214,41.9361,40.2361,39.6764,35.8565,28.7373,24.5336
1997-09-01 00:00:00,2,24.5336,24.0848,24.0848,23.6398,23.6398,23.6398,23.6398,23.6398,23.6398,23.1984,22.3267,22.3267,22.3267,22.3267,22.3267,22.7607,24.0848,25.4422,26.3654,33.2337,61.9831,59.2885,39.6764,36.3917,34.7968,34.2722,36.3917,37.4726,35.8565,33.7512,
1997-08-01 00:00:00,2,30.2038,29.7113,29.7113,29.2225,29.2225,29.2225,28.7373,28.7373,28.2556,28.2556,27.7776,27.7776,27.7776,27.3033,27.3033,26.8325,26.8325,26.8325,26.3654,26.3654,25.902,25.902,25.4422,25.4422,25.4422,24.9861,24.9861,24.5336,24.5336,24.5336,24.5336
1997-07-01 00:00:00,2,35.8565,35.8565,35.8565,35.8565,35.8565,35.3249,34.2722,34.2722,33.7512,33.2337,33.2337,32.7198,32.7198,32.7198,32.2095,32.2095,32.2095,32.2095,32.2095,32.2095,32.2095,32.2095,32.2095,31.7027,31.7027,31.7027,31.1995,31.1995,30.6998,30.6998,30.6998
1997-06-01 00:00:00,2,42.5097,40.2361,37.4726,34.2722,33.7512,54.7015,63.3504,52.786,46.0237,43.0867,46.6214,47.8271,45.4294,44.8386,45.4294,46.6214,46.0237,43.0867,41.3659,40.2361,39.6764,39.1202,38.5675,38.0183,38.0183,38.0183,37.4726,37.4726,36.9304,36.3917,
1997-05-01 00:00:00,2,54.0596,51.5259,49.0464,47.8271,47.2225,46.6214,46.0237,45.4294,45.4294,45.4294,44.8386,44.2512,44.2512,44.2512,43.0867,41.9361,41.3659,41.9361,42.5097,42.5097,42.5097,43.0867,44.8386,45.4294,46.6214,47.2225,47.2225,47.8271,47.2225,47.2225,46.0237
1997-04-01 00:00:00,2,72.5831,114.464,126.26,91.8098,68.9514,62.6651,59.9572,58.6232,56.6473,54.0596,53.4211,53.4211,52.786,51.5259,50.9009,50.2794,49.6612,49.0464,48.435,47.8271,49.0464,51.5259,54.0596,58.6232,55.9953,51.5259,52.786,83.8683,80.7814,57.3026,
1997-03-01 00:00:00,2,86.8185,149.742,204.506,162.136,117.63,147.537,178.55,150.851,102.195,78.6695,71.7317,76.908,78.6695,76.908,81.3456,99.2255,108.251,91.5019,76.908,69.2047,64.2739,62.0241,60.5532,59.098,56.9448,56.235,55.5291,54.1293,55.5291,59.098,63.5106
1997-02-01 00:00:00,2,176.162,146.44,113.418,98.2447,84.9763,80.4491,81.3456,78.6695,74.2995,73.439,73.439,74.2995,73.439,70.0425,65.8992,62.7654,63.5106,65.8992,76.908,75.1644,64.2739,59.098,62.7654,80.4491,113.418,119.761,105.203,96.2961,,,
1997-01-01 00:00:00,2,195.677,680.383,1361.74,1453.6,1061.17,753.587,612.756,505.612,350.425,269.742,244.325,209.63,198.182,190.712,169.083,153.078,169.083,165.593,139.721,130.679,131.794,121.91,120.834,122.991,122.991,122.991,144.257,154.197,129.568,107.231,139.721
1996-12-01 00:00:00,2,44.7784,55.5291,71.7317,76.908,73.439,62.7654,49.3554,44.1407,53.4353,54.8272,48.6894,84.9763,114.464,103.193,104.196,101.201,84.0619,73.439,76.908,144.257,191.948,232.043,217.423,159.849,150.851,139.721,120.834,100.211,121.91,129.568,117.63
1996-11-01 00:00:00,2,44.1407,57.6586,65.0842,90.5564,103.193,76.908,49.3554,37.989,32.2509,29.0098,24.9274,22.9899,24.4365,25.4226,30.6113,41.6309,42.8776,44.7784,74.2995,115.515,209.63,359.391,332.793,183.371,102.195,73.439,60.5532,54.1293,48.0275,45.4201,
1996-10-01 00:00:00,2,20.215,19.768,20.215,20.6665,20.6665,20.215,19.3255,19.3255,20.215,21.1224,20.6665,20.215,18.8874,18.8874,18.8874,18.4538,18.0246,17.1798,17.1798,16.7642,16.3531,16.7642,22.5164,24.9274,22.5164,21.1224,35.0678,59.8236,59.8236,41.0136,36.8081
1996-09-01 00:00:00,2,16.7642,17.1798,18.8874,21.1224,31.1536,37.3965,49.3554,50.6994,39.7914,30.6113,25.9221,26.426,27.4467,26.426,24.9274,24.9274,24.9274,24.9274,24.4365,23.9499,22.9899,22.0473,21.1224,21.1224,20.6665,20.215,20.6665,21.1224,20.6665,21.1224,
1996-08-01 00:00:00,2,20.6665,20.215,20.215,20.215,19.768,19.3255,18.8874,18.8874,18.8874,18.8874,19.3255,20.215,20.6665,21.5826,21.5826,22.0473,22.0473,21.5826,21.5826,21.1224,20.6665,19.768,18.4538,17.6,17.6,17.1798,16.7642,16.7642,16.7642,16.3531,16.3531
1996-07-01 00:00:00,2,26.9342,26.9342,25.4226,24.4365,23.9499,23.4677,23.4677,23.4677,23.4677,22.9899,22.5164,21.5826,21.5826,21.1224,20.6665,20.6665,20.6665,20.6665,20.215,20.215,20.215,20.215,19.768,19.768,20.215,20.215,19.768,19.768,19.768,20.215,20.6665
1996-06-01 00:00:00,2,30.0732,30.0732,30.0732,29.0098,29.0098,28.4845,28.4845,28.4845,28.4845,28.4845,27.9635,27.9635,27.9635,27.4467,27.4467,27.4467,27.4467,27.4467,27.4467,27.4467,27.9635,27.9635,27.4467,27.4467,27.4467,27.4467,27.4467,27.4467,26.9342,26.9342,
1996-05-01 00:00:00,2,32.2509,32.2509,32.2509,31.7002,31.7002,31.7002,31.7002,31.7002,31.7002,31.7002,31.7002,30.6113,30.0732,30.0732,29.5394,30.0732,30.6113,31.1536,29.0098,37.989,39.7914,60.5532,62.0241,51.3773,48.0275,44.1407,33.3651,33.3651,33.3651,33.3651,30.0732
1996-04-01 00:00:00,2,37.989,36.8081,32.2509,31.7002,32.2509,32.2509,32.2509,32.2509,32.2509,35.6437,35.6437,36.8081,39.7914,48.0275,36.8081,37.989,70.0425,96.2961,74.2995,52.0593,46.7157,39.1865,37.3965,34.496,33.9285,33.9285,32.8059,31.7002,31.7002,31.7002,
1996-03-01 00:00:00,2,44.7784,48.0275,64.2739,73.439,102.195,104.196,82.2465,67.5428,57.6586,54.8272,55.5291,59.098,60.5532,57.6586,55.5291,58.3763,68.3715,77.7865,73.439,64.2739,97.2682,104.196,77.7865,68.3715,64.2739,58.3763,54.1293,50.0254,46.7157,43.5072,39.7914
1996-02-01 00:00:00,2,51.3774,52.7453,56.9448,64.2739,71.7317,76.0339,78.6695,75.1644,72.5831,80.449,127.358,128.461,98.2446,86.8185,75.1644,67.5428,62.7654,56.235,51.3774,49.3554,54.1293,55.5291,51.3774,48.0275,50.6994,54.1293,55.5291,52.0593,47.3696,,
1996-01-01 00:00:00,2,150.851,154.197,162.136,154.197,127.358,112.376,111.338,111.338,148.638,212.213,259.723,254.074,191.948,135.166,106.215,93.4063,85.8952,79.557,84.9763,145.346,170.254,137.435,104.196,84.0619,73.439,66.7187,63.5106,59.8236,57.6586,55.5291,53.4353
1995-12-01 00:00:00,2,39.1865,38.5857,41.6309,48.0275,65.8992,69.2047,54.8272,45.4201,41.0136,41.0136,44.7784,59.098,174.973,232.043,164.437,101.201,74.2995,72.5831,76.0339,71.7317,87.7463,119.761,118.693,145.346,170.254,277.462,343.325,282.31,241.571,196.928,156.447
1995-11-01 00:00:00,2,46.0659,51.3774,61.2867,75.1644,65.0842,50.0254,41.0136,33.9285,31.7002,30.0732,29.0098,42.8776,56.9448,70.0425,65.8992,54.1293,50.6994,49.3554,52.7453,54.1293,47.3696,39.7914,39.7914,70.8848,81.3456,70.0425,59.8236,48.0275,42.8776,41.0136,
1995-10-01 00:00:00,2,31.7002,26.426,27.4467,26.9342,23.4677,27.4467,36.8081,40.4004,50.0254,56.235,45.4201,35.6437,32.8059,40.4004,63.5106,93.4063,79.557,50.0254,39.1865,36.8081,50.6994,62.0241,54.8272,44.7784,35.0678,28.4845,27.4467,26.426,25.4226,25.9221,35.0678
1995-09-01 00:00:00,2,15.9465,15.9465,15.9465,15.9465,15.9465,15.9465,15.5445,15.1471,15.1471,15.1471,15.1471,14.7543,14.366,14.366,14.7543,14.366,14.366,15.1471,15.5445,20.215,23.4677,22.0473,20.6665,19.768,18.8874,18.8874,18.8874,19.3255,22.0473,32.2509,
1995-08-01 00:00:00,2,22.0473,21.5826,21.5826,21.1224,21.1224,20.6665,20.6665,20.6665,20.6665,20.215,19.768,19.768,19.3255,19.3255,19.3255,19.3255,19.3255,18.8874,18.8874,18.4538,18.4538,18.4538,18.0246,17.6,16.7642,16.3531,16.3531,15.9465,15.9465,15.9465,15.9465
1995-07-01 00:00:00,2,27.4467,26.426,26.426,26.426,26.426,26.426,25.9221,25.9221,25.9221,25.9221,25.9221,25.9221,25.4226,24.9274,23.9499,23.4677,23.4677,23.9499,23.9499,23.4677,23.4677,23.9499,23.4677,23.4677,23.4677,22.9899,22.5164,22.0473,22.0473,22.0473,22.0473
1995-06-01 00:00:00,2,32.8059,32.2509,32.2509,31.7002,31.1536,30.6113,30.0732,30.0732,30.0732,29.5394,29.0098,29.0098,28.4845,27.9635,27.9635,28.4845,27.9635,27.4467,27.4467,27.4467,27.4467,27.4467,28.4845,29.5394,30.0732,31.1536,30.6113,29.5394,28.4845,27.9635,
1995-05-01 00:00:00,2,39.1865,37.989,37.3965,36.8081,36.2238,36.2238,39.1865,45.4201,45.4201,41.6309,44.7784,47.3696,43.5072,40.4004,39.1865,37.989,37.3965,36.8081,36.8081,36.8081,36.2238,35.6437,35.6437,36.8081,37.989,37.989,36.2238,35.0678,34.496,33.3651,33.3651
1995-04-01 00:00:00,2,79.557,79.557,57.6586,48.6894,46.0659,43.5072,43.5072,43.5072,44.1407,42.2522,39.7914,39.7914,39.7914,39.7914,39.7914,39.1865,39.1865,37.989,38.5857,39.7914,48.6894,68.3715,78.6695,76.034,70.8848,46.0659,40.4004,40.4004,40.4004,40.4004,
1995-03-01 00:00:00,2,46.7157,41.0136,40.4004,40.4004,40.4004,41.0136,54.8272,77.7865,59.8236,48.0275,42.8776,39.7914,45.4201,101.201,166.753,80.449,57.6586,55.5291,50.6994,48.0275,49.3554,66.7187,72.5831,91.5019,101.201,84.0619,67.5428,55.5291,52.0593,47.3696,45.4201
1995-02-01 00:00:00,2,90.5564,96.2961,91.5019,75.1644,59.8236,48.6894,76.0339,108.251,126.26,136.298,129.568,115.515,98.2446,99.2255,162.136,172.606,120.834,95.3284,92.4519,105.203,106.215,82.2465,64.2739,57.6586,53.4353,50.0254,47.3696,48.0275,,,
1995-01-01 00:00:00,2,61.2867,64.2739,63.5106,117.63,70.8848,69.2047,61.2867,50.0254,42.2522,42.2522,43.5072,40.4004,36.8081,35.0678,34.496,32.8059,32.2509,31.1536,30.6113,31.1536,31.7002,35.0678,36.8081,39.1865,44.7784,45.4201,54.8272,63.5106,56.235,73.439,88.6786
1994-12-01 00:00:00,2,34.4558,32.0556,28.6026,26.3997,23.7586,27.4912,41.457,64.2739,66.7187,51.2041,36.3072,30.3069,28.6026,26.9429,40.1407,61.8703,77.7865,66.7187,67.5428,68.3715,54.9088,69.2047,285.561,409.511,274.251,187.025,104.196,72.5831,70.0425,61.2867,60.5532
1994-11-01 00:00:00,2,25.8614,23.7586,24.2768,25.3282,24.8,22.2346,21.7367,21.2439,23.7586,31.4678,30.8848,24.2768,22.2346,24.2768,33.8484,35.6852,29.1657,25.3282,26.9429,34.4558,40.7965,35.6852,29.1657,28.0444,26.3997,25.8614,24.8,24.2768,24.2768,30.3069,
1994-10-01 00:00:00,2,15.307,15.307,15.307,15.307,15.307,15.307,15.307,22.2346,21.7367,17.0402,16.1631,15.7324,15.307,15.307,15.7324,16.599,16.599,24.8,26.3997,26.3997,34.4558,40.1407,36.3072,24.8,21.2439,20.2737,20.2737,26.3997,30.3069,28.6026,28.0444
1994-09-01 00:00:00,2,17.9382,20.2737,19.7963,19.7963,19.7963,19.7963,18.8569,18.3949,18.3949,18.3949,18.3949,18.3949,18.3949,18.3949,17.9382,17.9382,17.4866,17.4866,17.4866,17.4866,17.4866,17.4866,17.4866,17.4866,17.4866,17.4866,17.0402,16.1631,15.307,15.307,
1994-08-01 00:00:00,2,22.7375,21.7367,21.2439,20.7563,20.7563,21.2439,21.7367,21.7367,20.7563,20.7563,20.7563,20.7563,20.2737,18.8569,18.3949,18.3949,17.4866,17.9382,18.3949,18.8569,19.324,19.324,19.324,17.9382,18.3949,18.3949,18.3949,17.9382,17.9382,17.9382,17.4866
1994-07-01 00:00:00,2,30.3069,30.3069,30.8848,30.3069,30.3069,29.7338,29.7338,29.1657,28.6026,28.0444,27.4912,26.9429,26.3997,26.3997,25.8614,25.3282,25.3282,24.8,24.2768,23.7586,24.8,24.8,25.3282,23.7586,23.2456,25.8614,25.8614,24.8,24.2768,24.2768,24.2768
1994-06-01 00:00:00,2,33.8484,33.8484,33.8484,33.8484,33.2459,33.2459,32.0556,30.8848,30.3069,30.3069,29.7338,29.7338,30.3069,29.7338,30.3069,29.7338,29.7338,29.7338,29.7338,29.7338,30.3069,30.8848,31.4678,30.8848,30.3069,29.7338,29.7338,30.3069,30.8848,30.3069,
1994-05-01 00:00:00,2,42.1224,41.457,40.7965,41.457,41.457,41.457,40.7965,40.1407,40.7965,40.7965,40.1407,38.8436,38.2023,38.2023,50.4771,91.5019,111.338,88.6786,65.0842,46.2145,44.147,46.2145,46.9131,42.7925,40.1407,37.5658,36.3072,36.9341,36.3072,35.0681,36.3072
1994-04-01 00:00:00,2,70.0425,85.8952,79.557,64.2739,58.73,56.4234,54.9088,53.4129,52.6719,51.9357,50.4771,50.4771,49.7549,49.0374,53.4129,67.5428,65.0842,54.9088,57.1876,62.6669,61.0783,51.9357,49.0374,48.3246,47.6165,48.3246,49.0374,47.6165,45.5206,43.4674,
1994-03-01 00:00:00,2,78.6695,67.5428,81.3456,92.4519,91.5019,154.197,190.712,153.078,109.276,85.8952,78.6695,86.8185,96.2961,87.7463,76.0339,66.7187,60.2909,65.0842,88.6786,96.2961,87.7463,79.557,76.0339,106.215,121.91,95.3284,75.1644,67.5428,63.4681,61.8703,62.6669
1994-02-01 00:00:00,2,76.034,71.7317,66.7187,63.4681,61.8703,59.5082,57.9565,57.1876,57.9565,56.4234,54.1585,49.0374,49.0374,74.2995,114.464,102.195,69.2047,58.73,53.4129,48.3246,46.9131,45.5206,44.147,44.8314,46.9131,55.6638,69.2047,83.152,,,
1994-01-01 00:00:00,2,76.908,65.8992,127.358,272.652,221.368,185.804,142.024,100.211,108.251,216.115,262.568,307.096,313.86,315.561,300.397,225.344,156.447,127.358,114.464,135.166,194.43,203.234,191.948,240.199,251.271,190.712,134.038,114.464,111.338,98.2446,83.152
1993-12-01 00:00:00,2,31.4678,33.2459,38.2023,36.3072,42.1224,43.4674,34.4558,29.1657,29.7338,73.439,77.7865,97.2682,80.4491,77.7865,65.8992,57.1876,42.7925,37.5658,35.6852,35.0681,49.0374,61.8703,48.3246,45.5206,44.8314,47.6165,46.9131,44.147,46.9131,46.9131,45.5206
1993-11-01 00:00:00,2,29.7338,26.3997,44.8314,84.9763,48.3246,41.457,51.2041,67.5428,56.4234,44.147,36.9341,38.2023,31.4678,28.0444,26.3997,25.3282,24.2768,24.2768,38.2023,44.147,43.4674,30.8848,29.7338,29.1657,29.1657,29.7338,51.2041,49.0374,40.1407,33.8484,
1993-10-01 00:00:00,2,38.2023,59.5082,61.8703,55.6638,51.9357,184.586,96.2961,59.5082,43.4674,36.9341,30.8848,28.6026,28.6026,26.9429,24.8,24.2768,24.2768,23.2456,22.7375,21.7367,21.2439,20.7563,23.2456,25.3282,46.2145,77.7865,83.152,74.2995,46.9131,36.9341,32.0556
1993-09-01 00:00:00,2,24.8,23.7586,22.7375,22.2346,22.2346,22.2346,22.2346,20.7563,20.7563,21.2439,22.7375,24.8,26.3997,25.8614,24.8,24.2768,24.2768,22.7375,21.7367,22.2346,23.7586,24.8,28.0444,35.0681,36.3072,31.4678,28.6026,26.9429,26.3997,35.6852,
1993-08-01 00:00:00,2,28.6026,28.6026,28.6026,28.6026,28.0444,28.0444,28.0444,27.4912,27.4912,27.4912,27.4912,27.4912,27.4912,27.4912,26.9429,26.9429,26.3997,26.3997,26.9429,30.8848,30.3069,29.7338,29.7338,28.6026,28.6026,27.4912,27.4912,26.3997,25.3282,25.3282,25.3282
1993-07-01 00:00:00,2,32.0556,32.0556,32.0556,30.8848,30.8848,30.8848,29.7338,29.7338,29.1657,29.1657,29.1657,29.1657,29.1657,28.6026,28.6026,28.6026,28.6026,28.6026,28.6026,28.6026,28.6026,28.6026,28.6026,28.6026,28.6026,28.6026,28.6026,28.6026,28.6026,28.6026,28.6026
1993-06-01 00:00:00,2,44.8314,47.6165,41.457,40.1407,45.5206,53.4129,51.2041,46.9131,40.7965,38.2023,38.2023,36.9341,36.9341,35.6852,35.6852,36.9341,36.9341,35.6852,36.3072,36.9341,36.3072,35.6852,35.6852,34.4558,34.4558,32.6483,32.0556,32.0556,32.0556,32.0556,
1993-05-01 00:00:00,2,86.8185,71.7317,64.2739,57.9565,54.9088,54.9088,53.4129,53.4129,53.4129,53.4129,52.6719,49.7549,46.9131,38.8436,36.3072,35.0681,34.4558,35.0681,36.3072,35.6852,34.4558,33.8484,38.8436,36.9341,37.5658,36.9341,35.6852,36.9341,36.3072,35.6852,38.2023
1993-04-01 00:00:00,2,103.193,144.257,143.182,100.211,84.9763,80.449,77.7865,78.6695,81.3456,83.152,80.449,76.908,74.2995,73.439,80.449,93.4063,91.5019,79.557,73.439,67.5428,61.8703,58.73,56.4234,56.4234,59.5082,57.9565,54.1585,52.6719,51.9357,70.8848,
1993-03-01 00:00:00,2,149.742,137.435,120.834,101.201,82.2465,77.7865,73.439,69.2047,69.2047,65.0842,71.7317,77.7865,144.257,94.3652,77.7865,69.2047,77.7865,77.7865,73.439,69.2047,77.7865,91.5019,80.4491,77.7865,73.439,73.439,84.9763,77.7865,89.6152,114.464,106.215
1993-02-01 00:00:00,2,68.3715,65.0842,61.0783,106.215,111.338,127.358,111.338,86.8185,77.7865,73.439,69.2047,82.2465,71.7317,73.439,91.5019,116.57,108.251,91.5019,80.4491,80.4491,102.195,99.2255,98.2447,96.2961,95.3284,113.418,143.171,150.85,,,
1993-01-01 00:00:00,2,77.7865,72.5831,76.908,203.234,279.074,203.234,189.479,178.55,132.914,109.276,86.8185,101.201,116.57,101.201,82.2465,69.2047,65.0842,61.0783,106.215,106.215,118.693,111.338,172.606,127.358,86.8185,80.449,76.0339,73.439,69.2047,69.2047,66.7187
1992-12-01 00:00:00,2,45.5206,53.4129,96.2961,70.8848,59.5082,52.6719,46.2145,51.9357,51.9357,45.5206,51.9357,121.91,99.2255,76.0339,70.0425,68.3715,65.0842,63.4681,66.7187,82.2465,106.215,77.7865,65.8992,65.0842,64.2739,66.7187,111.338,89.6152,150.851,102.195,82.2465
1992-11-01 00:00:00,2,121.91,184.586,178.55,127.358,157.577,204.506,156.447,131.794,177.354,214.811,149.742,110.305,89.6152,74.2995,69.2047,61.8703,52.6719,53.4129,90.5564,90.5564,109.276,79.557,93.4063,76.908,70.8848,56.4234,50.4771,49.7549,47.6165,46.2145,
1992-10-01 00:00:00,2,44.147,42.1224,38.8436,36.3072,32.0556,28.6026,26.9429,25.3282,28.0444,35.0681,39.4897,37.5658,33.8484,27.4912,27.4912,27.4912,28.0444,28.6026,28.6026,29.7338,29.7338,116.57,72.5831,111.338,88.6786,30.3069,28.6026,40.1407,42.7925,41.457,114.464
1992-09-01 00:00:00,2,29.1657,28.6026,28.6026,29.7338,32.6483,54.9088,49.0374,72.5831,45.5206,38.2023,32.6483,32.6483,32.6483,30.8848,29.7338,29.7338,41.457,38.2023,36.3072,37.5658,37.5658,35.6852,34.4558,33.2459,30.8848,27.4912,27.4912,66.7187,75.1644,49.7549,
1992-08-01 00:00:00,2,29.7338,29.7338,28.6026,28.6026,28.6026,28.6026,28.6026,28.6026,28.6026,28.6026,28.6026,28.6026,28.6026,27.4912,26.9429,30.8848,30.3069,30.3069,29.1657,28.6026,30.3069,31.4678,30.8848,29.7338,29.7338,29.7338,29.7338,29.7338,28.6026,28.6026,29.7338
1992-07-01 00:00:00,2,34.4558,34.4558,34.4558,33.8484,32.6483,32.6483,32.6483,33.2459,33.2459,33.2459,33.2459,32.6483,32.6483,33.2459,32.6483,33.2459,33.2459,32.0556,32.0556,32.0556,32.0556,30.8848,30.3069,29.7338,29.7338,29.7338,29.7338,29.7338,29.7338,29.7338,29.7338
1992-06-01 00:00:00,2,39.4897,39.4897,39.4897,39.4897,38.8436,38.8436,38.2023,38.2023,37.5658,36.9341,38.2023,36.9341,36.9341,36.3072,36.3072,35.0681,35.0681,34.4558,34.4558,35.0681,35.6852,35.6852,35.6852,35.0681,35.0681,35.0681,34.4558,34.4558,34.4558,34.4558,
1992-05-01 00:00:00,2,64.2739,64.2739,65.8992,69.2047,84.0619,84.9763,85.8952,84.9763,72.5831,60.2909,54.9088,51.2041,49.0374,47.6165,46.2145,46.2145,45.5206,44.8314,44.147,43.4674,69.2047,51.9357,49.0374,47.6165,46.2145,46.2145,44.147,42.7925,41.457,39.4897,39.4897
1992-04-01 00:00:00,2,51.9357,49.0374,48.3246,47.6165,46.2145,46.2145,46.9131,47.6165,49.7549,49.0374,48.3246,48.3246,47.6165,46.2145,48.3246,61.0783,76.908,52.6719,49.7549,47.6165,46.2145,46.2145,47.6165,47.6165,119.761,121.91,112.376,91.5019,68.3715,65.0842,
1992-03-01 00:00:00,2,84.0619,79.557,91.5019,94.3652,65.0842,66.7187,63.4681,64.2739,62.6669,62.6669,62.6669,61.8703,106.215,86.8185,67.5428,62.6669,58.73,56.4234,56.4234,55.6638,54.9088,54.9088,53.4129,52.6719,51.2041,51.2041,51.9357,60.2909,59.5082,58.73,58.73
1992-02-01 00:00:00,2,172.606,182.161,203.234,220.049,236.105,229.353,203.234,182.161,170.254,159.849,148.638,130.679,106.215,96.2961,84.9763,80.4491,76.034,76.034,73.439,72.5831,70.0425,67.5428,64.2739,62.6669,62.6669,66.7187,77.7865,96.2961,101.201,,
1992-01-01 00:00:00,2,121.91,74.2995,73.439,80.4491,92.4519,149.742,86.8185,66.7187,65.0842,84.9763,77.7865,60.2909,65.0842,293.763,434.66,336.288,194.43,166.753,163.284,120.834,131.794,191.948,263.996,537.452,619.608,355.793,247.093,198.182,177.354,180.954,179.75
1991-12-01 00:00:00,2,35.0681,44.8314,53.4129,37.5658,35.0681,33.2459,32.6483,48.3246,73.439,78.6695,78.6695,61.8703,80.4491,68.3715,61.0783,55.6638,45.5206,45.5206,61.0783,82.2465,128.461,130.679,98.2447,75.1644,65.8992,62.6669,50.4771,54.9088,73.439,101.201,138.576
1991-11-01 00:00:00,2,28.0444,70.0425,93.4063,54.1585,49.7549,40.7965,35.6852,35.6852,36.9341,37.5658,46.2145,46.2145,44.8314,43.4674,69.2047,104.196,65.0842,46.2145,73.439,61.0783,64.2739,47.6165,46.9131,33.8484,31.4678,34.4558,30.3069,39.4897,37.5658,34.4558,
1991-10-01 00:00:00,2,63.4681,58.73,59.5082,49.7549,36.9341,41.457,49.0374,59.5082,62.6669,52.6719,46.2145,43.4674,37.5658,33.2459,32.6483,32.0556,31.4678,31.4678,30.8848,29.1657,28.6026,28.0444,27.4912,26.3997,25.3282,25.3282,25.3282,24.2768,22.7375,24.2768,24.2768
1991-09-01 00:00:00,2,21.7367,21.7367,21.7367,21.2439,21.2439,20.7563,20.2737,20.2737,19.7963,18.8569,18.8569,18.3949,17.9382,17.9382,17.9382,17.4866,17.0402,16.599,17.0402,17.0402,16.599,16.599,17.4866,20.2737,21.7367,29.1657,45.5206,41.457,33.8484,52.6719,
1991-08-01 00:00:00,2,26.9429,26.9429,26.3997,26.3997,25.8614,25.8614,25.3282,25.3282,24.8,24.2768,24.2768,24.2768,23.7586,23.7586,23.7586,23.2456,23.2456,23.2456,22.7375,22.7375,23.2456,22.7375,22.7375,22.7375,22.2346,22.2346,22.2346,22.2346,22.2346,22.2346,21.7367
1991-07-01 00:00:00,2,33.8484,33.2459,32.6483,31.4678,30.8848,30.8848,30.3069,30.3069,30.3069,30.3069,29.7338,29.7338,29.7338,30.3069,30.8848,30.8848,30.3069,30.3069,30.3069,29.7338,29.7338,29.1657,28.6026,28.6026,28.6026,28.0444,28.0444,27.4912,27.4912,27.4912,27.4912
1991-06-01 00:00:00,2,40.7965,40.7965,40.1407,40.1407,40.1407,40.1407,39.4897,39.4897,38.8436,39.4897,39.4897,38.8436,38.8436,38.8436,38.8436,38.8436,38.8436,38.8436,38.2023,38.2023,38.2023,37.5658,37.5658,37.5658,37.5658,36.9341,36.9341,36.3072,35.6852,35.0681,
1991-05-01 00:00:00,2,70.0425,59.5082,53.4129,52.6719,52.6719,51.9357,51.9357,51.2041,51.2041,50.4771,49.7549,49.0374,48.3246,47.6165,46.9131,46.2145,45.5206,44.8314,43.4674,42.7925,43.4674,44.8314,44.147,42.7925,42.1224,41.457,41.457,40.7965,40.7965,41.457,40.7965
1991-04-01 00:00:00,2,86.8185,97.2682,106.215,101.201,93.4063,84.9763,74.2995,66.7187,63.4681,62.6669,62.6669,61.8703,61.8703,61.0783,61.0783,61.0783,61.0783,60.2909,59.5082,59.5082,58.73,58.73,58.73,57.9565,78.6695,124.077,157.577,166.753,147.537,98.2446,
1991-03-01 00:00:00,2,111.338,92.4519,95.3284,110.305,111.338,109.276,93.4063,73.439,65.8992,64.2739,61.8703,98.2446,109.276,108.251,99.2255,76.0339,65.0842,60.2909,58.73,57.9565,98.2446,128.461,130.679,150.851,179.75,194.43,180.954,139.721,104.196,93.4063,90.5564
1991-02-01 00:00:00,2,193.93,175.671,174.396,140.306,97.1554,99.1531,92.4519,104.196,120.834,113.418,102.195,108.251,110.305,110.305,115.515,157.577,256.891,310.47,303.739,221.368,134.038,111.338,121.91,139.721,119.761,92.4519,92.4519,108.251,,,
1991-01-01 00:00:00,2,24.9374,25.5004,24.9374,35.2155,75.4316,247.622,174.396,95.1749,75.4316,114.678,123.344,127.777,204.973,246.092,253.78,287.194,364.818,324.127,225.121,166.829,155.745,148.535,132.276,189.954,197.979,217.83,336.288,554.781,645.016,302.066,210.645
1990-12-01 00:00:00,2,32.0382,25.5004,23.2806,21.1467,20.1124,18.6021,18.6021,18.1098,20.6268,20.6268,20.1124,19.6034,19.1,32.0382,46.2202,54.5057,60.0753,47.6837,46.2202,61.7085,42.6462,33.2939,32.0382,34.5699,37.1825,49.1664,94.1911,76.3277,59.2657,53.7287,34.5699
1990-11-01 00:00:00,2,15.7325,17.142,16.6665,22.2028,26.0686,33.2939,25.5004,21.1467,20.1124,20.1124,20.1124,20.1124,27.8049,28.9885,22.2028,15.274,14.3743,14.8213,14.8213,14.8213,18.1098,22.2028,19.6034,34.5699,128.896,111.497,76.3277,50.6682,65.0301,52.9565,
1990-10-01 00:00:00,2,17.6231,16.6665,15.7325,15.274,14.3743,13.9332,13.9332,13.9332,13.9332,13.9332,13.0683,13.4978,16.6665,19.6034,18.6021,17.6231,17.6231,17.6231,18.6021,56.8647,54.5057,43.3513,31.418,30.1929,27.2209,31.418,27.8049,22.739,19.1,18.1098,17.142
1990-09-01 00:00:00,2,20.6268,24.9374,28.9885,24.9374,23.8275,22.739,22.2028,20.6268,20.1124,18.1098,18.1098,17.6231,17.6231,17.6231,17.6231,44.0613,38.5187,35.2155,24.9374,21.1467,20.1124,18.6021,18.6021,18.1098,20.6268,20.6268,20.1124,18.6021,18.6021,18.6021,
1990-08-01 00:00:00,2,24.9374,23.8275,23.8275,21.672,20.1124,18.6021,18.6021,19.1,19.1,19.6034,21.1467,20.6268,20.1124,20.1124,19.1,18.6021,19.1,21.1467,27.8049,26.0686,24.3798,22.739,20.6268,20.6268,20.1124,20.1124,20.6268,21.672,24.9374,23.2806,20.6268
1990-07-01 00:00:00,2,19.1,19.1,19.1,19.1,19.6034,45.4957,35.8661,28.3941,25.5004,24.3798,23.8275,23.2806,23.2806,23.2806,22.739,22.739,22.2028,22.2028,22.2028,22.2028,21.672,21.672,19.6034,19.6034,19.1,19.1,18.6021,21.672,24.3798,27.2209,26.6421
1990-06-01 00:00:00,2,21.1467,21.1467,20.6268,20.6268,20.6268,20.1124,20.1124,20.1124,20.1124,20.1124,19.6034,19.1,19.1,19.1,19.1,19.1,19.1,19.1,19.6034,19.6034,19.6034,19.1,19.1,18.6021,18.6021,18.1098,18.1098,18.1098,17.6231,17.6231,
1990-05-01 00:00:00,2,19.6034,33.2939,87.4259,58.4607,47.6837,34.5699,30.8029,28.3941,27.2209,26.6421,26.0686,28.3941,28.9885,27.8049,27.2209,30.8029,29.5881,28.3941,27.8049,27.2209,26.0686,24.9374,23.8275,22.2028,21.672,21.672,21.672,21.672,21.672,21.672,21.1467
1990-04-01 00:00:00,2,30.1929,28.9885,28.3941,26.6421,33.2939,35.8661,41.2507,39.8748,34.5699,33.9294,46.2202,50.6682,42.6462,37.1825,35.2155,37.8481,75.4316,75.4316,70.1495,62.532,50.6682,44.7761,33.2939,30.1929,29.5881,28.3941,26.6421,23.2806,22.2028,20.6268,
1990-03-01 00:00:00,2,41.946,33.9294,25.5004,21.672,24.3798,44.0613,44.7761,36.5218,27.8049,24.9374,21.672,22.2028,23.2806,28.9885,39.1943,37.8481,44.0613,50.6682,65.8719,48.4227,43.3513,72.7703,95.1749,61.7085,58.4607,54.5057,44.7761,59.2657,43.3513,35.8661,32.6635
1990-02-01 00:00:00,2,23.8275,23.2806,22.739,22.739,22.2028,22.739,21.1467,20.1124,18.6021,24.9374,33.9294,32.0382,32.0382,49.1664,37.1825,47.6837,33.9294,28.9885,26.6421,30.8029,27.8049,22.739,35.2155,53.7287,38.5187,41.2507,46.2202,53.7287,,,
1990-01-01 00:00:00,2,70.1495,144.984,146.163,110.445,98.1521,73.6529,60.0753,55.2873,48.4227,45.4957,44.7761,43.3513,40.5603,33.9294,32.6635,32.0382,30.8029,30.1929,28.9885,27.8049,27.2209,26.0686,25.5004,24.9374,24.3798,30.8029,46.2202,36.5218,30.8029,26.6421,23.8275
1989-12-01 00:00:00,2,58.4607,45.4957,37.1825,33.2939,29.5881,27.2209,26.6421,26.0686,25.5004,23.8275,24.3798,37.1825,52.189,82.7244,125.553,148.535,83.6559,64.1928,50.6682,52.189,354,246.092,130.018,83.6559,62.532,58.4607,53.7287,52.9565,46.2202,42.6462,52.189
1989-11-01 00:00:00,2,25.5004,21.672,19.6034,21.1467,22.739,23.8275,22.739,22.2028,22.2028,22.2028,39.8748,30.1929,84.5918,71.0186,47.6837,35.2155,32.0382,28.9885,31.418,30.8029,44.7761,52.9565,134.55,103.2,69.2849,49.1664,39.1943,46.2202,57.6603,60.8896,
1989-10-01 00:00:00,2,54.5057,34.5699,27.8049,25.5004,23.8275,23.2806,24.3798,23.8275,22.2028,52.189,41.946,56.8647,66.7183,36.5218,28.9885,27.2209,44.7761,35.8661,26.6421,26.0686,23.8275,21.672,41.946,52.9565,40.5603,28.9885,26.0686,26.0686,30.1929,28.9885,26.0686
1989-09-01 00:00:00,2,22.739,20.6268,20.1124,20.1124,19.6034,19.1,19.1,18.6021,18.6021,17.6231,17.6231,17.142,16.6665,16.6665,20.6268,20.6268,19.6034,19.1,18.6021,18.1098,17.6231,17.6231,17.6231,18.6021,17.6231,16.1966,17.142,33.2939,54.5057,64.1928,
1989-08-01 00:00:00,2,46.9496,34.5699,27.2209,22.2028,20.6268,20.6268,20.1124,20.1124,20.1124,20.1124,20.1124,19.6034,19.6034,18.6021,18.1098,18.1098,17.6231,17.142,17.142,17.142,17.142,17.142,17.142,17.142,17.6231,18.1098,17.6231,24.3798,26.6421,26.0686,25.5004
1989-07-01 00:00:00,2,22.739,22.2028,21.672,21.672,22.2028,20.6268,21.1467,30.1929,27.8049,23.8275,22.739,21.1467,21.1467,21.1467,20.6268,20.6268,20.6268,20.6268,20.6268,20.1124,20.1124,19.6034,19.6034,18.6021,18.6021,18.6021,18.1098,18.1098,19.1,21.1467,25.5004
1989-06-01 00:00:00,2,21.672,21.672,21.672,21.672,21.672,21.1467,21.1467,20.6268,20.6268,20.6268,22.2028,37.1825,40.5603,30.1929,22.739,23.2806,23.2806,22.739,22.739,22.2028,21.672,21.672,21.672,21.672,22.739,30.8029,28.9885,27.2209,24.3798,23.8275,
1989-05-01 00:00:00,2,25.5004,25.5004,25.5004,25.5004,25.5004,25.5004,26.0686,26.0686,26.0686,25.5004,24.3798,23.8275,23.8275,23.8275,23.8275,23.8275,23.2806,23.2806,22.739,22.739,22.739,22.739,22.739,22.739,22.2028,22.2028,22.2028,22.2028,21.672,21.672,21.672
1989-04-01 00:00:00,2,33.9294,33.2939,32.0382,31.418,31.418,31.418,32.0382,33.9294,32.6635,31.418,30.1929,30.1929,30.8029,31.418,30.8029,30.8029,30.1929,29.5881,28.3941,29.5881,30.8029,32.0382,30.1929,28.3941,27.2209,26.0686,26.0686,26.0686,25.5004,25.5004,
1989-03-01 00:00:00,2,38.5187,39.1943,49.9149,49.1664,46.2202,72.7703,92.2365,82.7244,89.3371,107.315,90.2992,60.0753,65.0301,128.896,149.726,101.168,98.1521,71.0186,56.8647,52.9565,51.4262,48.4227,46.2202,44.0613,40.5603,38.5187,38.5187,37.1825,35.8661,35.2155,34.5699
1989-02-01 00:00:00,2,26.0686,27.2209,31.418,53.7287,50.6682,45.4957,33.9294,27.2209,31.418,65.0301,135.693,127.777,79.9564,77.2282,110.445,91.2657,85.5321,80.8746,75.4316,71.8922,52.9565,47.6837,41.946,65.0301,59.2657,47.6837,44.7761,43.3513,,,
1989-01-01 00:00:00,2,60.8896,58.4607,65.0301,77.2282,103.2,67.5693,52.9565,49.9149,55.2873,76.3277,59.2657,57.6603,47.6837,48.4227,56.8647,49.9149,45.4957,41.2507,38.5187,38.5187,38.5187,32.0382,32.0382,29.5881,27.8049,26.0686,26.0686,29.5881,28.9885,28.3941,26.0686
1988-12-01 00:00:00,2,54.5057,65.8719,60.8896,49.9149,39.8748,33.9294,30.1929,27.8049,26.0686,31.418,63.3601,65.0301,65.0301,49.1664,41.946,65.0301,73.6529,78.1331,58.4607,63.3601,73.6529,156.96,126.663,104.222,111.497,120.063,94.1911,63.3601,54.5057,47.6837,43.3513
1988-11-01 00:00:00,2,39.8748,39.8748,39.8748,55.2873,65.8719,68.4248,54.5057,40.5603,38.5187,38.5187,33.9294,30.1929,27.8049,27.2209,49.9149,46.9496,35.8661,27.8049,25.5004,24.9374,31.418,37.1825,43.3513,98.1521,70.1495,41.946,41.946,87.4259,68.4248,43.3513,
1988-10-01 00:00:00,2,43.3513,41.946,28.9885,21.672,21.672,69.2849,56.8647,41.2507,33.9294,27.8049,24.9374,23.8275,25.5004,37.8481,33.9294,30.1929,25.5004,24.3798,20.1124,20.6268,25.5004,25.5004,35.2155,33.9294,27.2209,24.3798,27.2209,35.2155,38.5187,55.2873,52.9565
1988-09-01 00:00:00,2,17.142,17.142,16.6665,16.6665,16.6665,16.6665,16.6665,16.6665,16.6665,16.1966,15.7325,15.274,15.274,15.274,14.8213,14.8213,14.8213,14.8213,15.7325,15.7325,15.274,15.274,15.274,14.8213,14.8213,14.3743,14.3743,14.3743,15.274,19.6034,
1988-08-01 00:00:00,2,19.1,19.1,19.1,19.6034,19.6034,20.1124,21.1467,20.1124,20.1124,19.6034,19.6034,19.1,19.1,19.1,19.1,19.1,17.6231,17.6231,17.6231,17.142,17.6231,18.6021,20.1124,18.6021,17.6231,17.6231,17.6231,17.142,17.142,17.142,17.142
1988-07-01 00:00:00,2,20.6268,20.6268,20.6268,21.1467,21.1467,20.6268,20.6268,20.6268,20.6268,20.6268,21.672,22.2028,22.2028,22.2028,21.672,21.672,20.6268,20.6268,20.6268,20.6268,20.6268,20.6268,20.1124,19.6034,19.6034,18.1098,17.6231,18.1098,18.1098,18.6021,19.1
1988-06-01 00:00:00,2,31.418,31.418,30.1929,29.5881,29.5881,29.5881,28.9885,27.8049,26.0686,26.6421,26.0686,26.0686,26.0686,26.0686,25.5004,24.9374,24.3798,24.3798,24.3798,24.3798,23.8275,23.8275,23.8275,23.2806,23.2806,22.739,22.2028,22.2028,22.2028,21.672,
1988-05-01 00:00:00,2,36.5218,35.2155,33.9294,33.2939,32.6635,32.6635,32.0382,31.418,31.418,31.418,30.8029,30.8029,30.1929,29.5881,29.5881,29.5881,32.6635,36.5218,36.5218,34.5699,32.6635,32.0382,30.8029,30.1929,29.5881,32.0382,35.8661,35.2155,33.2939,32.6635,32.0382
1988-04-01 00:00:00,2,44.0613,52.9565,60.8896,59.2657,47.6837,45.4957,44.0613,38.5187,35.2155,32.0382,33.9294,36.5218,35.8661,71.0186,59.2657,52.9565,45.4957,46.2202,46.2202,44.0613,41.946,40.5603,39.1943,37.1825,36.5218,36.5218,36.5218,37.8481,40.5603,39.1943,
1988-03-01 00:00:00,2,52.189,44.7761,118.978,110.445,202.163,123.344,84.5918,72.7703,59.2657,55.2873,52.189,49.9149,47.6837,45.4957,44.7761,44.0613,73.6529,77.2282,67.5693,56.8647,53.7287,46.2202,42.6462,41.2507,40.5603,38.5187,38.5187,37.1825,39.1943,37.1825,36.5218
1988-02-01 00:00:00,2,58.4607,67.5693,109.397,103.2,98.1521,158.18,146.163,152.122,217.83,390.614,252.234,199.369,147.347,122.247,109.397,91.2657,93.2116,104.222,106.28,109.397,95.1749,73.6529,64.1928,58.4607,55.2873,53.7287,62.532,52.9565,54.5057,,
1988-01-01 00:00:00,2,97.1554,88.3793,69.2849,55.2873,49.9149,63.3601,69.2849,56.0736,64.1928,88.3793,104.222,108.354,105.249,61.7085,56.8647,56.8647,55.2873,46.2202,43.3513,37.8481,36.5218,35.8661,34.5699,34.5699,32.0382,30.1929,29.5881,28.3941,44.7761,32.6635,66.7183
1987-12-01 00:00:00,2,23.2806,22.2028,22.739,53.7287,50.6682,149.726,126.663,143.808,103.2,102.182,99.1531,92.2365,89.3371,105.249,107.315,82.7244,54.5057,44.7761,82.7244,164.338,131.145,101.168,72.7703,66.7183,60.8896,54.5057,49.1664,44.0613,39.1943,42.6462,49.1664
1987-11-01 00:00:00,2,41.946,35.2155,26.6421,23.2806,21.672,22.2028,21.672,19.6034,21.1467,23.8275,23.2806,21.1467,18.6021,17.6231,18.1098,20.1124,69.2849,52.189,35.2155,27.2209,22.739,19.6034,17.6231,22.2028,21.672,20.1124,23.2806,27.8049,25.5004,25.5004,
1987-10-01 00:00:00,2,21.1467,19.6034,19.6034,19.1,19.1,19.6034,19.1,19.1,18.6021,18.6021,17.6231,17.6231,16.6665,16.1966,15.7325,15.7325,15.7325,16.1966,17.6231,23.2806,24.9374,29.5881,39.1943,28.3941,26.0686,23.8275,23.2806,33.9294,60.8896,50.6682,45.4957
1987-09-01 00:00:00,2,19.1,18.6021,18.6021,19.6034,19.6034,23.2806,27.8049,27.2209,24.3798,24.3798,23.8275,22.2028,22.2028,21.672,21.1467,19.6034,20.6268,23.2806,50.6682,48.4227,27.8049,26.6421,27.2209,43.3513,46.9496,40.5603,33.2939,27.8049,23.2806,22.739,
1987-08-01 00:00:00,2,20.6268,19.6034,20.6268,20.1124,20.1124,20.6268,22.739,22.2028,21.672,21.1467,21.1467,20.6268,20.6268,20.1124,20.1124,20.1124,21.1467,19.6034,20.1124,22.2028,22.2028,20.1124,20.1124,20.6268,20.6268,20.1124,19.6034,19.6034,20.6268,20.1124,19.6034
1987-07-01 00:00:00,2,27.2209,26.6421,26.0686,26.0686,26.0686,25.5004,25.5004,25.5004,25.5004,25.5004,25.5004,25.5004,25.5004,24.9374,24.9374,24.9374,24.9374,24.9374,24.9374,24.3798,23.2806,23.2806,22.739,22.2028,20.6268,20.6268,20.6268,20.6268,20.6268,20.6268,20.6268
1987-06-01 00:00:00,2,41.946,40.5603,38.5187,37.1825,36.5218,34.5699,33.2939,32.0382,32.6635,32.6635,32.0382,30.8029,30.8029,29.5881,29.5881,29.5881,30.1929,30.8029,29.5881,30.8029,30.8029,29.5881,30.1929,29.5881,30.1929,29.5881,29.5881,28.3941,27.8049,27.8049,
1987-05-01 00:00:00,2,36.5218,36.5218,35.8661,35.8661,35.2155,34.5699,34.5699,34.5699,33.2939,32.0382,30.8029,35.2155,31.418,30.1929,29.5881,30.1929,31.418,32.6635,35.2155,54.5057,52.9565,43.3513,40.5603,64.1928,65.0301,52.189,41.2507,41.2507,49.1664,50.6682,44.7761
1987-04-01 00:00:00,2,56.0736,55.2873,54.5057,54.5057,60.0753,73.6529,91.2657,85.5321,79.9564,78.1331,60.8896,59.2657,52.189,48.4227,48.4227,49.1664,48.4227,44.7761,41.946,39.1943,37.1825,36.5218,37.1825,38.5187,41.946,40.5603,37.1825,36.5218,35.2155,35.2155,
1987-03-01 00:00:00,2,46.9496,46.2202,44.0613,43.3513,43.3513,45.4957,45.4957,49.1664,150.922,176.95,186.012,155.745,184.706,152.122,92.2365,85.5321,88.3793,82.7244,78.1331,77.2282,81.7973,95.1749,90.2992,87.4259,86.4768,77.2282,68.4248,65.0301,61.7085,60.8896,59.2657
1987-02-01 00:00:00,2,55.2873,52.9565,50.6682,54.5057,42.6462,44.7761,45.4957,45.4957,47.6837,59.2657,76.3276,71.8922,63.3601,59.2657,67.5693,80.8746,116.82,121.153,102.182,82.7244,62.532,52.189,49.1664,46.2202,49.1664,48.4227,46.9496,46.9496,,,
1987-01-01 00:00:00,2,210.645,140.306,110.445,88.3793,78.1331,76.3276,69.2849,67.5693,65.8719,65.0301,65.8719,68.4248,72.7703,66.7183,56.8647,59.2657,105.249,126.663,112.553,92.2365,76.3276,67.5693,65.8719,66.7183,70.1495,67.5693,64.1928,61.7085,59.2657,58.4607,57.6603
1986-12-01 00:00:00,2,85.5321,55.2873,49.9149,36.5218,33.2939,30.8029,44.0613,61.7085,58.4607,41.2507,35.8661,34.5699,33.2939,46.9496,52.9565,57.6603,63.3601,48.4227,34.5699,30.8029,35.2155,64.1928,161.863,274.251,307.096,292.115,274.251,298.733,283.934,252.234,288.83
1986-11-01 00:00:00,2,14.3743,13.9332,18.1098,16.1966,17.142,17.142,17.6231,18.1098,17.6231,16.6665,24.3798,41.2507,70.1495,49.1664,31.418,26.6421,24.3798,22.2028,21.1467,19.1,18.6021,19.6034,19.6034,20.1124,28.9885,20.6268,22.2028,35.2155,47.6837,45.4957,
1986-10-01 00:00:00,2,19.6034,19.1,19.1,17.6231,17.142,16.1966,16.1966,15.7325,15.7325,14.8213,14.8213,14.3743,14.3743,18.1098,17.142,14.8213,16.6665,15.274,14.8213,14.3743,13.9332,15.7325,19.6034,21.1467,19.1,17.142,16.6665,15.7325,15.7325,16.1966,15.7325
1986-09-01 00:00:00,2,23.8275,23.2806,22.739,22.2028,21.672,21.672,20.6268,20.6268,20.6268,20.6268,20.1124,20.1124,20.1124,20.1124,19.6034,19.6034,19.6034,19.6034,19.6034,19.1,19.1,19.1,18.6021,17.6231,17.6231,17.142,17.142,16.6665,19.6034,19.1,
1986-08-01 00:00:00,2,25.5004,34.5699,33.2939,29.5881,25.5004,24.9374,24.3798,24.3798,23.8275,22.739,22.2028,21.672,21.672,20.6268,27.8049,32.0382,31.418,28.3941,24.9374,24.9374,69.2849,98.1521,73.6529,42.6462,34.5699,32.6635,31.418,29.5881,27.2209,25.5004,24.3798
1986-07-01 00:00:00,2,22.739,22.739,45.4957,41.946,29.5881,27.8049,35.2155,28.3941,26.6421,24.9374,25.5004,25.5004,24.9374,23.8275,23.8275,23.8275,23.8275,23.8275,23.8275,23.8275,23.8275,24.3798,28.9885,41.2507,49.1664,40.5603,34.5699,27.2209,25.5004,24.9374,24.9374
1986-06-01 00:00:00,2,32.6635,31.418,28.9885,27.2209,27.2209,27.2209,26.6421,26.6421,26.6421,26.6421,26.0686,26.0686,26.0686,26.0686,26.0686,24.9374,24.9374,24.9374,23.8275,23.2806,22.739,22.739,22.739,23.2806,22.739,22.739,22.739,22.739,22.2028,22.2028,
1986-05-01 00:00:00,2,32.0382,30.8029,30.1929,29.5881,28.9885,28.3941,27.8049,27.8049,27.8049,27.8049,28.9885,30.8029,53.7287,50.6682,39.8748,36.5218,32.0382,30.8029,28.9885,28.3941,28.9885,31.418,31.418,29.5881,28.3941,27.2209,27.2209,26.6421,26.6421,26.6421,27.8049
1986-04-01 00:00:00,2,39.1943,37.1825,36.5218,35.2155,33.9294,32.6635,32.6635,32.6635,32.0382,32.0382,31.418,43.3513,45.4957,40.5603,38.5187,37.1825,39.8748,37.8481,35.8661,33.9294,32.6635,32.0382,32.0382,31.418,32.0382,31.418,31.418,31.418,40.5603,33.9294,
1986-03-01 00:00:00,2,47.6837,53.7287,97.1554,86.4768,76.3277,61.7085,52.189,60.8896,73.6529,57.6603,50.6682,49.1664,45.4957,40.5603,39.1943,39.1943,37.1825,43.3513,39.1943,38.5187,44.0613,38.5187,37.8481,38.5187,52.9565,50.6682,55.2873,63.3601,55.2873,47.6837,44.7761
1986-02-01 00:00:00,2,58.4607,54.5057,49.9149,62.532,117.897,142.637,140.306,126.663,115.747,82.7244,55.2873,54.5057,68.4248,69.2849,87.4259,92.2365,78.1331,118.978,113.614,90.2992,69.2849,58.4607,52.9565,56.8647,55.2873,51.4262,56.0736,49.9149,,,
1986-01-01 00:00:00,2,126.663,121.153,101.168,67.5693,57.6603,76.3277,73.6529,92.2365,149.726,154.533,136.84,147.347,261.571,258.442,282.31,179.52,121.153,102.182,85.5321,70.1495,72.7703,78.1331,71.8922,63.3601,58.4607,61.7085,66.7183,70.1495,68.4248,64.1928,61.7085
1985-12-01 00:00:00,2,67.5693,55.2873,60.8896,62.532,67.5693,56.8647,52.9565,52.9565,42.6462,37.8481,34.5699,32.6635,31.418,30.1929,30.8029,37.1825,55.2873,48.4227,39.1943,35.2155,36.5218,52.9565,110.445,92.2365,73.6529,66.7183,63.3601,82.7244,107.315,173.125,134.55
1985-11-01 00:00:00,2,82.7244,79.0425,104.222,135.693,191.275,105.249,73.6529,49.9149,43.3513,33.9294,33.2939,31.418,29.5881,25.5004,26.0686,26.0686,24.3798,22.739,21.672,22.2028,27.2209,26.6421,31.418,30.8029,41.2507,44.7761,43.3513,123.344,85.5321,71.8922,
1985-10-01 00:00:00,2,44.0613,36.5218,39.8748,41.946,32.6635,30.1929,27.8049,26.6421,30.1929,28.3941,25.5004,23.8275,23.8275,23.2806,21.672,21.672,21.672,25.5004,23.8275,22.739,21.672,21.672,21.672,35.2155,130.018,100.158,73.6529,54.5057,46.2202,48.4227,49.9149
1985-09-01 00:00:00,2,24.3798,23.8275,26.0686,23.2806,29.5881,42.6462,41.2507,32.6635,26.0686,29.5881,28.3941,27.2209,26.6421,26.0686,25.5004,25.5004,24.9374,24.3798,23.8275,23.8275,23.2806,23.2806,23.2806,31.418,34.5699,38.5187,39.1943,32.0382,41.2507,55.2873,
1985-08-01 00:00:00,2,28.3941,28.3941,28.3941,28.3941,28.3941,27.8049,27.8049,26.6421,26.6421,25.5004,25.5004,24.9374,24.9374,24.9374,24.3798,24.3798,23.8275,23.8275,23.2806,22.739,22.2028,22.2028,22.739,24.9374,26.0686,25.5004,24.9374,24.9374,24.3798,24.3798,24.3798
1985-07-01 00:00:00,2,34.5699,33.9294,32.6635,32.6635,32.6635,32.6635,32.6635,32.0382,32.0382,32.6635,32.6635,32.0382,32.0382,32.0382,32.0382,32.0382,32.0382,31.418,31.418,31.418,31.418,31.418,30.8029,29.5881,29.5881,29.5881,28.9885,28.9885,28.9885,28.9885,28.9885
1985-06-01 00:00:00,2,38.5187,37.8481,37.1825,37.8481,38.5187,37.8481,37.1825,36.5218,36.5218,36.5218,36.5218,36.5218,36.5218,36.5218,36.5218,36.5218,36.5218,36.5218,35.8661,35.8661,35.2155,35.2155,35.2155,35.2155,34.5699,34.5699,34.5699,34.5699,34.5699,34.5699,
1985-05-01 00:00:00,2,52.189,52.189,52.9565,53.7287,52.9565,52.9565,52.189,49.9149,48.4227,48.4227,47.6837,47.6837,46.2202,46.2202,46.2202,44.7761,44.7761,44.0613,44.0613,43.3513,43.3513,42.6462,49.1664,46.2202,41.946,40.5603,39.8748,38.5187,38.5187,38.5187,37.8481
1985-04-01 00:00:00,2,103.2,98.1521,85.5321,76.3277,68.4248,65.8719,65.0301,63.3601,62.532,68.4248,65.8719,65.0301,65.0301,63.3601,60.8896,60.0753,56.8647,92.2365,80.8746,73.6529,61.7085,60.8896,56.0736,55.2873,54.5057,54.5057,53.7287,53.7287,53.7287,52.9565,
1985-03-01 00:00:00,2,234.008,176.95,132.276,143.808,133.411,122.247,111.497,143.808,199.369,149.726,131.145,127.777,124.447,121.153,117.897,154.533,154.533,186.012,169.336,133.411,122.247,101.168,94.1911,90.2992,85.5321,78.1331,85.5321,92.2365,100.158,114.678,110.445
1985-02-01 00:00:00,2,222.192,178.233,158.18,135.693,127.777,122.247,120.063,117.897,124.447,134.55,141.469,126.663,118.978,110.445,97.1554,73.6529,63.3601,59.2657,56.8647,55.2873,53.7287,55.2873,105.249,158.18,166.829,170.595,160.631,149.726,,,
1985-01-01 00:00:00,2,175.671,107.315,90.2992,73.6529,60.0753,57.6603,56.8647,73.6529,132.276,207.801,117.897,85.5321,80.8746,90.2992,92.2365,102.182,132.276,154.533,143.808,142.637,154.533,139.147,144.984,150.922,168.08,368.456,539.605,778.715,421.036,287.194,253.78
1984-12-01 00:00:00,2,56.0736,50.6682,51.4262,82.7244,73.6529,52.189,48.4227,53.7287,69.2849,102.182,102.182,95.1749,93.2116,106.28,106.28,154.533,173.125,122.247,103.2,74.54,64.1928,59.2657,54.5057,56.0736,55.2873,55.2873,76.3277,91.2657,126.663,255.33,256.884
1984-11-01 00:00:00,2,21.1467,20.6268,20.6268,20.1124,20.1124,19.6034,20.1124,17.142,16.6665,18.1098,17.142,16.6665,22.739,29.5881,31.418,28.3941,24.9374,22.739,26.6421,71.8922,161.863,114.678,197.979,134.55,90.2992,65.8719,79.0425,168.08,90.2992,61.7085,
1984-10-01 00:00:00,2,25.5004,25.5004,23.2806,21.672,20.6268,20.6268,20.6268,20.6268,20.6268,20.6268,20.6268,20.6268,21.1467,21.672,20.6268,21.1467,21.672,21.672,21.1467,69.2849,49.1664,41.946,32.6635,29.5881,34.5699,33.2939,30.1929,27.8049,24.9374,23.2806,21.672
1984-09-01 00:00:00,2,36.2483,30.766,27.36,24.6738,23.6381,25.7317,34.3711,51.5342,53.8258,50.7814,36.2483,32.5436,26.2689,25.2,24.1532,23.1285,22.126,21.633,23.6381,23.1285,23.6381,36.8851,36.2483,31.353,24.6738,27.8049,30.8029,33.9294,29.5881,26.6421,
1984-08-01 00:00:00,2,21.1456,21.1456,21.1456,21.1456,21.1456,21.1456,21.1456,21.1456,20.6637,20.6637,19.7166,19.7166,19.2513,19.2513,19.7166,22.6245,30.1845,31.9455,29.0381,24.6738,23.6381,23.1285,23.1285,23.1285,24.6738,27.9138,29.6085,26.8117,25.2,28.4732,48.5561
1984-07-01 00:00:00,2,23.6381,25.2,25.2,24.6738,23.6381,23.6381,22.6245,22.6245,22.6245,23.1285,23.1285,23.1285,23.1285,23.1285,22.6245,22.6245,22.126,21.1456,21.633,22.126,21.633,21.1456,21.1456,20.6637,21.1456,21.1456,20.6637,20.6637,20.6637,21.1456,21.1456
1984-06-01 00:00:00,2,23.6381,23.6381,23.6381,23.6381,23.6381,23.6381,23.6381,23.1285,23.1285,22.6245,23.1285,23.6381,24.6738,24.6738,24.1532,24.1532,23.6381,23.6381,22.6245,22.6245,22.6245,22.6245,22.6245,22.6245,22.6245,22.6245,22.6245,22.6245,23.6381,23.6381,
1984-05-01 00:00:00,2,32.5436,31.9455,58.5581,40.1519,37.5274,35.617,35.617,32.5436,34.3711,30.766,29.0381,29.0381,29.0381,29.0381,27.36,29.6085,27.9138,30.766,35.617,31.9455,29.0381,29.0381,28.4732,26.2689,25.7317,25.7317,25.7317,25.2,25.7317,25.7317,23.6381
1984-04-01 00:00:00,2,34.9913,31.9455,31.9455,37.5274,95.183,64.3302,51.5342,43.557,38.8286,36.2483,32.5436,35.617,34.3711,33.7564,33.7564,34.3711,32.5436,30.766,29.0381,28.4732,28.4732,28.4732,28.4732,27.9138,27.9138,28.4732,28.4732,28.4732,28.4732,28.4732,
1984-03-01 00:00:00,2,33.1472,32.5436,32.5436,31.9455,31.353,41.4974,41.4974,47.8253,39.4875,41.4974,43.557,54.6007,53.0564,42.1784,41.4974,38.8286,36.8851,34.9913,33.7564,34.9913,33.1472,32.5436,32.5436,32.5436,32.5436,31.353,30.766,29.6085,28.4732,30.766,40.1519
1984-02-01 00:00:00,2,51.5342,48.5561,48.5561,47.1001,44.9576,44.2545,47.8253,47.1001,47.8253,44.9576,43.557,42.8649,42.8649,42.1784,41.4974,40.1519,38.8286,44.2545,46.3804,43.557,40.8219,38.8286,37.5274,36.2483,36.2483,36.2483,36.2483,34.3711,32.5436,,
1984-01-01 00:00:00,2,95.183,89.1267,90.1223,82.3119,80.4145,82.3119,77.6096,80.4145,80.4145,71.2581,64.3302,61.8233,53.0564,51.5342,50.7814,48.5561,51.5342,50.7814,46.3804,46.3804,66.8868,66.0291,67.75,86.173,108.986,110.086,94.1598,74.8544,73.0452,66.8868,55.3811
1983-12-01 00:00:00,2,48.5561,50.0341,123.719,105.718,92.1301,92.1301,122.553,128.44,169.378,191.092,359.391,346.867,258.442,217.83,174.891,113.42,85.1995,71.2581,68.6188,66.8868,66.8868,82.3119,97.2459,139.384,169.378,210.645,188.367,127.252,115.67,105.718,100.382
1983-11-01 00:00:00,2,48.5561,48.5561,72.1489,103.567,99.3308,64.3302,48.5561,43.557,42.1784,43.557,63.4891,56.1671,92.1301,92.1301,102.499,102.499,92.1301,68.6188,60.1797,77.6096,85.1995,82.3119,102.499,94.1598,82.3119,71.2581,62.6534,56.1671,53.8258,49.2923,
1983-10-01 00:00:00,2,39.4875,37.5274,36.8851,36.2483,36.2483,35.617,35.617,36.2483,38.1752,40.1519,43.557,46.3804,47.1001,54.6007,113.42,92.1301,53.8258,43.557,41.4974,134.465,98.2856,94.1598,101.438,96.2117,85.1995,62.6534,53.8258,50.7814,47.1001,44.9576,50.7814
1983-09-01 00:00:00,2,32.5436,31.9455,31.9455,38.1752,47.8253,44.9576,42.1784,44.2545,41.4974,41.4974,40.1519,40.1519,38.8286,40.8219,49.2923,47.1001,42.1784,41.4974,42.8649,64.3302,60.1797,57.7556,56.1671,82.3119,115.67,71.2581,55.3811,44.9576,42.8649,42.8649,
1983-08-01 00:00:00,2,40.1519,40.1519,40.1519,38.8286,38.1752,38.1752,38.1752,38.1752,38.1752,38.1752,38.1752,38.1752,38.1752,38.1752,38.1752,36.2483,35.617,35.617,35.617,35.617,49.2923,44.2545,40.1519,39.4875,36.8851,35.617,35.617,34.9913,33.7564,33.1472,32.5436
1983-07-01 00:00:00,2,47.8253,47.8253,47.8253,47.8253,47.8253,45.6663,44.2545,44.2545,43.557,42.8649,42.8649,41.4974,41.4974,41.4974,41.4974,41.4974,41.4974,40.8219,41.4974,54.6007,68.6188,58.5581,50.0341,44.2545,42.8649,41.4974,41.4974,41.4974,41.4974,41.4974,41.4974
1983-06-01 00:00:00,2,124.891,92.1301,73.0452,69.493,68.6188,66.0291,62.6534,60.9987,59.3661,56.9586,56.9586,56.1671,54.6007,53.0564,52.2925,52.2925,51.5342,51.5342,50.0341,50.0341,50.0341,49.2923,48.5561,48.5561,46.3804,47.1001,47.1001,47.8253,47.8253,47.8253,
1983-05-01 00:00:00,2,67.75,66.0291,65.1769,65.1769,65.1769,64.3302,63.4891,62.6534,61.8233,61.8233,60.9987,56.1671,56.1671,56.1671,56.1671,56.1671,56.1671,56.1671,55.3811,55.3811,54.6007,53.8258,52.2925,53.0564,52.2925,53.0564,51.5342,52.2925,62.6534,107.891,135.687
1983-04-01 00:00:00,2,92.1301,87.1521,82.3119,82.3119,82.3119,90.1223,388.746,318.975,159.941,119.087,82.3119,80.4145,130.834,134.465,123.719,111.192,97.2459,87.1521,82.3119,82.3119,77.6096,73.0452,82.3119,91.1234,91.1234,84.2314,81.3604,82.3119,76.6857,69.493,
1983-03-01 00:00:00,2,170.748,246.092,193.834,135.687,132.039,130.834,152.067,117.942,95.183,77.6096,73.0452,73.0452,75.7673,115.67,102.499,93.1422,92.1301,77.6096,73.0452,217.83,216.385,187.01,122.553,100.382,92.1301,85.1995,82.3119,210.645,191.092,124.891,102.499
1983-02-01 00:00:00,2,165.301,130.834,126.069,144.391,122.553,119.087,107.891,90.1223,117.942,161.273,207.801,200.764,168.013,244.567,275.855,146.928,105.718,77.6096,73.0452,73.0452,73.0452,73.0452,73.0452,73.0452,68.6188,68.6188,75.7673,178.964,,,
1983-01-01 00:00:00,2,176.283,228.067,285.561,235.504,182.968,193.834,213.507,207.801,149.486,122.553,87.1521,73.0452,85.1995,107.891,116.804,105.718,87.1521,82.3119,159.941,152.067,173.505,250.692,207.801,177.639,255.33,240.017,213.507,169.378,130.834,82.3119,79.474
1982-12-01 00:00:00,2,30.1845,29.0381,41.4974,53.0564,58.5581,51.5342,63.4891,51.5342,51.5342,49.2923,45.6663,42.1784,34.3711,36.8851,56.1671,129.634,121.392,162.61,133.249,112.303,100.382,127.252,116.804,128.44,226.592,165.301,145.657,158.615,176.283,219.28,217.83
1982-11-01 00:00:00,2,44.9576,36.8851,33.1472,29.6085,27.36,26.2689,25.2,24.6738,64.3302,77.6096,77.6096,47.1001,38.8286,40.1519,60.1797,71.2581,67.75,89.1267,71.2581,47.8253,39.4875,36.8851,34.3711,31.9455,30.1845,29.0381,28.4732,30.1845,34.3711,31.353,
1982-10-01 00:00:00,2,20.1874,21.1456,25.2,30.1845,29.6085,26.8117,47.8253,50.7814,48.5561,60.9987,66.0291,70.3728,95.183,101.438,71.2581,47.1001,42.8649,33.1472,30.1845,28.4732,27.36,29.0381,33.1472,28.4732,27.36,28.4732,27.9138,51.5342,134.465,117.942,68.6188
1982-09-01 00:00:00,2,24.6738,24.1532,23.6381,23.1285,22.6245,22.6245,22.126,21.633,21.633,21.1456,21.1456,20.6637,20.6637,20.6637,20.1874,20.1874,20.1874,20.1874,20.1874,20.1874,20.1874,20.1874,21.1456,22.6245,22.6245,21.633,21.633,21.633,21.1456,20.6637,
1982-08-01 00:00:00,2,33.1472,31.9455,30.1845,29.6085,29.0381,29.0381,29.0381,28.4732,27.9138,27.36,26.8117,26.8117,27.36,27.9138,27.9138,27.9138,27.9138,27.9138,27.9138,27.36,26.8117,25.7317,25.2,25.2,24.6738,24.6738,24.6738,24.1532,24.1532,25.2,25.2
1982-07-01 00:00:00,2,35.617,35.617,34.3711,33.1472,32.5436,31.9455,30.766,31.353,31.353,31.9455,31.353,30.766,30.766,33.1472,34.9913,32.5436,31.9455,31.9455,31.353,31.353,31.9455,30.766,30.1845,30.1845,29.6085,29.0381,29.0381,29.0381,28.4732,29.0381,31.353
1982-06-01 00:00:00,2,41.4974,40.8219,40.1519,40.1519,39.4875,39.4875,40.1519,41.4974,41.4974,40.1519,38.8286,38.1752,37.5274,36.8851,36.2483,36.2483,36.8851,36.2483,36.2483,35.617,35.617,34.9913,34.9913,34.9913,34.3711,34.3711,35.617,36.2483,35.617,34.9913,
1982-05-01 00:00:00,2,50.7814,48.5561,48.5561,47.1001,46.3804,45.6663,44.9576,44.9576,44.9576,44.2545,44.2545,44.2545,43.557,42.8649,42.8649,42.8649,42.8649,42.8649,42.8649,42.8649,42.8649,42.8649,42.1784,42.1784,42.1784,48.5561,55.3811,48.5561,44.2545,42.8649,42.1784
1982-04-01 00:00:00,2,144.391,98.2856,80.4145,73.0452,68.6188,68.6188,68.6188,68.6188,64.3302,62.6534,60.1797,58.5581,56.9586,64.3302,64.3302,60.1797,56.1671,56.1671,56.1671,54.6007,53.8258,52.2925,51.5342,50.7814,50.0341,48.5561,50.7814,50.0341,48.5561,48.5561,
1982-03-01 00:00:00,2,99.3308,111.192,80.4145,73.0452,68.6188,64.3302,64.3302,111.192,101.438,115.67,100.382,96.2117,166.654,255.33,207.801,152.067,124.891,134.465,154.67,124.891,100.382,105.718,119.087,133.249,119.087,102.499,100.382,122.553,128.44,104.64,92.1301
1982-02-01 00:00:00,2,83.2689,86.173,73.0452,71.2581,75.7673,95.183,94.1598,80.4145,59.3661,56.9586,53.8258,50.7814,48.5561,48.5561,48.5561,48.5561,47.1001,45.6663,44.9576,44.2545,44.9576,43.557,41.4974,47.8253,54.6007,53.8258,71.2581,104.64,,,
1982-01-01 00:00:00,2,62.6534,77.6096,178.964,426.852,263.142,191.092,150.774,124.891,82.3119,66.8868,173.505,159.941,173.505,136.914,120.237,90.1223,71.2581,64.3302,64.3302,64.3302,77.6096,110.086,128.44,176.283,241.53,212.074,129.634,119.087,107.891,89.1267,82.3119
1981-12-01 00:00:00,2,48.5561,50.7814,60.1797,64.3302,47.1001,47.8253,46.3804,148.204,136.914,178.964,143.131,119.087,140.628,113.42,115.67,87.1521,255.33,260.004,192.46,100.382,71.2581,64.3302,64.3302,66.8868,68.6188,59.3661,103.567,87.1521,73.0452,64.3302,58.5581
1981-11-01 00:00:00,2,46.3804,38.1752,34.3711,36.2483,41.4974,38.8286,31.9455,58.5581,63.4891,92.1301,91.1234,192.46,229.546,155.979,135.687,92.1301,73.0452,68.6188,68.6188,97.2459,159.941,106.802,73.0452,56.9586,53.0564,68.6188,87.1521,64.3302,52.2925,52.2925,
1981-10-01 00:00:00,2,26.2689,23.1285,23.1285,22.6245,22.6245,32.5436,34.3711,37.5274,24.6738,21.633,24.1532,29.6085,42.1784,34.9913,33.1472,38.1752,35.617,33.1472,29.0381,36.8851,81.3604,52.2925,36.8851,30.766,36.2483,52.2925,45.6663,60.1797,51.5342,44.9576,53.0564
1981-09-01 00:00:00,2,23.1285,23.1285,23.1285,23.1285,23.1285,23.1285,23.1285,22.6245,21.633,20.6637,20.6637,20.6637,20.1874,19.7166,19.2513,20.1874,20.6637,20.6637,20.6637,20.6637,19.7166,19.7166,19.7166,19.7166,19.7166,19.7166,19.7166,40.1519,35.617,21.633,
1981-08-01 00:00:00,2,24.6738,24.6738,24.6738,24.6738,24.1532,24.1532,24.1532,24.1532,23.6381,23.6381,23.6381,23.6381,23.6381,24.1532,26.8117,26.2689,25.7317,26.8117,46.3804,40.1519,35.617,26.8117,25.7317,25.2,24.6738,24.1532,23.6381,23.6381,23.6381,22.6245,22.6245
1981-07-01 00:00:00,2,28.4732,28.4732,28.4732,28.4732,27.9138,27.9138,27.36,27.36,27.36,27.36,27.36,27.36,26.8117,26.8117,26.2689,24.6738,24.6738,24.1532,23.6381,23.6381,23.6381,23.6381,23.6381,23.6381,23.6381,25.7317,25.7317,25.7317,25.7317,25.2,25.2
1981-06-01 00:00:00,2,33.7564,33.7564,32.5436,30.766,32.5436,32.5436,35.617,50.0341,33.7564,33.7564,32.5436,31.353,30.766,30.1845,30.1845,32.5436,36.2483,40.8219,40.8219,36.2483,35.617,41.4974,36.2483,33.1472,31.353,30.1845,28.4732,28.4732,28.4732,28.4732,
1981-05-01 00:00:00,2,50.456,43.1056,40.3015,37.5274,34.9913,34.3711,33.7564,33.7564,33.1472,32.5436,31.353,29.6085,29.0381,27.9138,29.6085,30.1845,30.1845,30.1845,30.1845,30.1845,30.1845,30.1845,30.1845,30.1845,30.1845,30.1845,30.1845,30.766,36.8851,38.8286,34.9913
1981-04-01 00:00:00,2,55.8854,50.456,47.458,45.9878,43.1056,42.3972,41.6937,40.9951,40.3015,39.6128,39.6128,39.6128,39.6128,38.2503,38.2503,36.9077,36.9077,35.5852,35.5852,36.9077,36.9077,36.2439,35.5852,35.5852,35.5852,35.5852,35.5852,36.9077,98.113,85.4555,
1981-03-01 00:00:00,2,43.8188,43.8188,43.8188,42.3972,42.3972,49.6994,70.8911,66.5742,85.4555,103.174,86.4032,76.2197,65.7244,57.4789,53.5302,49.6994,52.7546,63.2025,143.488,88.3117,70.8911,59.9041,52.7546,48.9475,48.2003,48.2003,49.6994,53.5302,55.8854,58.2827,67.4285
1981-02-01 00:00:00,2,74.4256,67.4285,66.5742,63.2025,60.7218,64.0385,188.367,100.125,78.9442,71.768,82.6386,79.8612,70.0187,61.5441,54.3106,51.9836,51.2175,51.2175,48.2003,48.2003,48.2003,50.456,51.9836,48.9475,47.458,48.9475,45.9878,43.8188,,,
1981-01-01 00:00:00,2,195.211,191.092,121.391,88.3117,70.0187,71.768,63.2025,59.0911,62.371,130.498,120.273,131.656,162.066,120.273,116.947,113.661,107.299,93.1586,78.9442,74.4256,70.0187,71.768,115.847,105.228,127.049,137.516,127.049,93.1586,76.2197,75.3204,71.768
1980-12-01 00:00:00,2,55.0956,139.891,210.645,213.507,182.968,247.622,153.273,107.299,97.1136,105.228,90.2375,80.7826,283.934,368.456,279.074,173.687,105.228,76.2197,70.0187,67.4285,62.371,59.9041,56.6798,53.5302,62.371,66.5742,62.371,64.0385,87.3553,125.908,139.891
1980-11-01 00:00:00,2,16.7823,16.7823,16.7823,16.7823,16.7823,16.7823,16.7823,16.7823,25.7426,28.0784,31.7393,95.1275,153.273,85.4555,56.6798,43.8188,35.5852,41.6937,33.6393,47.458,61.5441,56.6798,44.537,57.4789,80.7826,71.768,45.9878,38.9291,33.6393,33.0008,
1980-10-01 00:00:00,2,22.399,22.399,21.8607,21.3279,21.3279,20.8005,20.8005,20.2787,20.2787,20.2787,20.8005,31.1162,61.5441,45.9878,32.3675,26.3186,24.0466,22.9428,21.3279,20.2787,20.2787,20.2787,20.2787,26.9,25.7426,21.8607,19.2516,19.2516,18.2469,17.2648,16.7823
