DataHora,NivelConsistencia,Vazao01,Vazao02,Vazao03,Vazao04,Vazao05,Vazao06,Vazao07,Vazao08,Vazao09,Vazao10,Vazao11,Vazao12,Vazao13,Vazao14,Vazao15,Vazao16,Vazao17,Vazao18,Vazao19,Vazao20,Vazao21,Vazao22,Vazao23,Vazao24,Vazao25,Vazao26,Vazao27,Vazao28,Vazao29,Vazao30,Vazao31
2023-04-01 00:00:00,2,57.8974,60.3588,64.5545,54.6814,52.3193,52.3193,52.3193,53.1019,57.0863,65.4075,60.3588,60.3588,54.6814,54.6814,67.9941,90.1474,67.9941,57.0863,63.7061,63.7061,67.1273,56.2799,53.1019,50.7685,49.237,49.237,46.976,46.976,78.7498,85.3214,
2023-03-01 00:00:00,2,74.1893,70.622,70.622,71.507,68.8655,67.1273,67.1273,68.8655,110.581,95.245,77.8287,92.1083,89.1734,85.3214,75.0924,68.8655,67.1273,62.8623,62.0231,68.8655,74.1893,92.9145,83.4217,85.3214,66.2651,62.8623,58.7132,57.0863,72.3966,72.3966,61.1886
2023-02-01 00:00:00,2,158.489,118.189,112.253,106.449,99.9808,94.4654,99.1846,114.781,150.783,151.738,138.618,124.257,125.135,115.629,108.92,193.073,221.49,146.993,148.883,126.898,111.416,99.9808,94.4654,92.1083,90.1474,84.3693,81.5396,77.8287,,,
2023-01-01 00:00:00,2,193.073,221.49,285.823,175.412,144.178,159.464,219.244,288.341,364.079,321.94,324.591,220.366,197.335,174.396,153.654,133.153,115.629,150.783,108.92,131.353,155.58,180.53,208.165,149.832,180.53,222.617,143.245,149.832,155.58,162.404,232.867
2022-12-01 00:00:00,2,119.909,113.935,100.78,81.5396,104.003,97.6005,95.245,92.9145,99.9808,79.6753,66.2651,91.1257,101.581,92.1083,110.581,76,63.7061,57.8974,70.622,61.1886,177.452,319.299,134.057,144.178,107.27,82.4784,90.1474,110.581,111.416,99.1846,213.673
2022-11-01 00:00:00,2,70.622,60.3588,48.4785,65.4075,53.8893,41.1627,35.7953,33.0173,36.7426,40.6372,80.6052,55.4783,51.5415,62.0231,127.784,149.832,96.8126,67.9941,51.5415,42.5863,38.1834,35.7953,33.9326,29.8987,37.2202,49.237,62.8623,99.1846,99.9808,118.189,
2022-10-01 00:00:00,2,36.2676,32.5637,30.3361,34.8586,56.2799,69.7415,50.7685,38.6689,35.7953,33.0173,30.3361,28.1765,25.6757,25.2687,23.6683,22.885,22.113,20.9764,21.3524,21.3524,26.0856,43.3056,46.2321,45.4931,38.6689,39.6478,34.8586,31.219,30.7762,44.0298,40.1412
2022-09-01 00:00:00,2,23.2752,23.2752,22.4976,22.4976,22.113,22.113,22.113,22.113,22.113,21.7313,21.7313,21.3524,21.3524,21.3524,20.6033,20.6033,20.233,22.113,23.6683,23.6683,22.4976,22.885,22.885,30.3361,28.603,24.8644,23.6683,25.2687,47.7248,40.1412,
2022-08-01 00:00:00,2,28.603,28.603,28.603,26.9137,26.9137,27.7528,26.9137,26.0856,26.0856,26.0856,26.0856,26.0856,29.8987,28.1765,26.0856,26.0856,26.0856,26.0856,25.2687,24.4629,24.0642,25.2687,25.2687,25.2687,24.8644,24.8644,24.0642,24.4629,24.4629,24.4629,24.4629
2022-07-01 00:00:00,2,33.9326,34.3943,33.4737,33.0173,33.0173,33.0173,33.0173,33.0173,32.5637,32.1128,32.1128,32.1128,32.1128,32.1128,30.7762,31.6646,31.219,30.7762,30.3361,30.3361,30.3361,30.3361,30.3361,29.8987,29.4641,29.4641,28.603,28.603,28.603,29.0322,28.603
2022-06-01 00:00:00,2,41.872,41.1627,39.6478,40.1412,39.157,39.6478,39.6478,39.157,38.6689,39.157,38.1834,39.157,39.157,39.157,39.157,39.157,37.2202,36.7426,36.7426,35.7953,35.7953,35.7953,35.7953,35.7953,35.3256,35.3256,35.7953,33.9326,33.9326,33.9326,
2022-05-01 00:00:00,2,48.4785,52.3193,47.7248,46.976,53.1019,70.622,59.5336,53.8893,52.3193,47.7248,47.7248,47.7248,47.7248,46.2321,46.2321,45.4931,57.0863,48.4785,46.976,46.2321,44.0298,44.0298,45.4931,43.3056,42.5863,41.872,41.872,42.5863,41.872,41.872,41.872
2022-04-01 00:00:00,2,71.507,73.2907,76,77.8287,83.4217,72.3966,67.1273,67.9941,73.2907,78.7498,84.3693,70.622,66.2651,67.1273,71.507,75.0924,66.2651,62.0231,58.7132,57.0863,55.4783,52.3193,53.8893,52.3193,53.1019,53.1019,51.5415,50.7685,50.7685,49.237,
2022-03-01 00:00:00,2,119.048,114.781,110.581,102.386,99.9808,96.8126,94.4654,94.4654,94.4654,99.9808,89.1734,93.6885,96.8126,100.78,91.1257,85.3214,80.6052,79.6753,76.9121,76,74.1893,70.622,70.622,71.507,67.1273,67.1273,66.2651,66.2651,74.1893,92.1083,72.3966
2022-02-01 00:00:00,2,148.883,141.386,144.178,153.654,139.538,125.135,148.883,159.464,196.266,207.07,344.771,389.569,228.286,178.475,158.489,263.592,321.94,277.085,274.61,209.262,283.314,342.05,222.617,165.367,147.937,146.052,134.964,123.382,,,
2022-01-01 00:00:00,2,111.416,117.333,153.654,181.562,147.937,110.581,268.465,700.95,1339.33,1401.23,1223.88,1054.8,657.097,336.636,228.286,186.756,167.356,165.367,169.354,178.475,147.937,126.898,116.479,110.581,102.386,100.78,97.6005,100.78,99.1846,103.193,110.581
2021-12-01 00:00:00,2,39.157,41.872,43.3056,51.5415,44.0298,40.1412,80.6052,146.052,169.354,132.251,81.5396,62.8623,107.27,177.452,110.581,107.27,106.449,124.257,131.353,110.581,87.2387,71.507,66.2651,61.1886,56.2799,51.5415,49.237,50.0003,50.0003,50.7685,112.253
2021-11-01 00:00:00,2,53.8893,105.631,94.4654,70.622,46.976,44.0298,41.1627,39.157,63.7061,91.1257,85.3214,67.1273,61.1886,56.2799,50.7685,45.4931,40.6372,37.2202,36.2676,47.7248,50.0003,48.4785,40.1412,36.7426,33.9326,32.1128,38.1834,60.3588,57.8974,40.6372,
2021-10-01 00:00:00,2,10.7824,37.7005,30.3361,67.1273,50.7685,42.5863,37.7005,29.8987,37.2202,42.5863,46.976,100.78,144.178,91.1257,54.6814,48.4785,41.872,37.7005,49.237,155.58,138.618,122.51,99.1846,73.2907,50.0003,53.1019,81.5396,77.8287,51.5415,40.1412,36.7426
2021-09-01 00:00:00,2,13.1354,13.1354,13.4434,13.4434,13.1354,13.1354,12.8304,12.8304,12.2298,11.352,11.352,11.352,11.352,11.352,11.352,11.352,11.0656,10.7824,10.7824,10.5024,10.5024,10.2255,9.6813,9.6813,9.4139,9.4139,9.1498,9.1498,16.3519,14.0686,
2021-08-01 00:00:00,2,17.3752,17.3752,16.6901,17.3752,17.3752,17.3752,17.3752,17.0312,17.0312,16.0168,16.0168,16.0168,16.0168,15.6846,15.6846,15.3554,15.6846,17.7222,16.6901,15.6846,15.6846,15.3554,15.3554,15.0292,15.0292,14.0686,13.7545,13.7545,13.4434,13.1354,13.1354
2021-07-01 00:00:00,2,21.3524,22.113,22.113,21.7313,21.3524,20.9764,20.6033,20.233,20.233,20.6033,20.6033,19.8656,19.1395,19.1395,18.425,18.425,19.5011,19.1395,18.0722,18.7808,18.7808,18.0722,17.7222,17.7222,17.7222,18.0722,18.0722,18.0722,18.425,17.7222,17.7222
2021-06-01 00:00:00,2,29.8987,32.1128,39.6478,33.0173,30.3361,28.603,27.7528,26.9137,26.0856,26.4983,26.4983,26.0856,25.6757,25.6757,25.6757,25.2687,24.4629,24.0642,24.0642,23.6683,24.0642,23.6683,23.6683,23.2752,22.885,22.4976,22.4976,22.4976,22.885,22.4976,
2021-05-01 00:00:00,2,28.1765,28.1765,27.3319,26.9137,26.9137,26.9137,26.9137,26.4983,26.0856,25.6757,25.2687,24.8644,24.8644,24.8644,25.2687,26.0856,26.0856,26.9137,25.6757,25.6757,24.8644,24.4629,24.0642,24.0642,24.0642,24.0642,24.4629,24.4629,23.6683,24.4629,23.6683
2021-04-01 00:00:00,2,40.6372,38.6689,37.2202,36.7426,37.7005,37.7005,36.2676,36.2676,37.2202,34.8586,33.9326,33.4737,33.0173,31.6646,31.219,31.219,30.7762,30.3361,29.8987,29.8987,29.8987,30.7762,30.3361,30.3361,29.4641,29.4641,29.4641,29.4641,28.603,28.1765,
2021-03-01 00:00:00,2,76.9121,66.2651,58.7132,54.6814,51.5415,50.0003,61.1886,106.449,88.2039,86.2778,88.2039,73.2907,60.3588,57.0863,60.3588,53.1019,51.5415,48.4785,50.0003,50.0003,48.4785,43.3056,41.1627,40.1412,39.157,40.6372,39.157,41.872,45.4931,44.0298,41.1627
2021-02-01 00:00:00,2,34.8586,34.8586,34.3943,34.8586,40.1412,44.0298,98.3912,113.093,67.9941,78.7498,69.7415,90.1474,75.0924,114.781,110.581,100.78,81.5396,112.253,174.396,136.786,100.78,139.538,133.153,114.781,100.78,92.1083,86.2778,92.1083,,,
2021-01-01 00:00:00,2,77.8287,110.581,211.462,200.557,159.464,119.048,93.6885,137.701,151.738,104.003,120.773,121.64,96.8126,98.3912,84.3693,87.2387,75.0924,69.7415,61.1886,54.6814,51.5415,49.237,46.976,45.4931,44.0298,41.872,40.6372,39.6478,37.7005,37.2202,36.7426
2020-12-01 00:00:00,2,26.9123,32.1265,88.7381,75.4283,57.5284,49.3426,47.4154,48.0525,101.581,189.903,160.441,125.135,104.003,99.9808,74.5878,62.6633,54.024,88.7381,111.416,94.437,72.924,75.4283,112.253,207.07,182.595,134.964,132.251,108.094,119.909,95.408,73.753
2020-11-01 00:00:00,2,49.3426,53.3393,39.0341,33.6477,53.3393,48.0525,35.7435,29.6863,26.4661,37.9175,58.9681,42.5039,42.5039,108.094,94.437,108.92,73.753,108.094,105.631,72.1007,56.8167,46.7834,39.5998,36.2797,40.1706,35.7435,31.629,30.1649,27.8185,26.9123,
2020-10-01 00:00:00,2,11.8967,11.3604,11.0979,10.8392,10.8392,10.3329,9.6011,10.5842,10.8392,11.6267,12.1705,12.1705,12.7297,12.4482,15.4398,15.4398,18.4772,17.4275,16.7486,16.0861,17.7733,15.7609,15.4398,17.4275,23.0594,38.4733,69.6651,56.8167,37.9175,29.6863,28.2785
2020-09-01 00:00:00,2,14.1958,13.5976,13.3044,13.0151,12.7297,12.1705,11.8967,11.6267,11.0979,11.0979,11.0979,10.5842,10.3329,10.3329,10.0853,9.8414,9.8414,9.6011,9.3645,9.3645,8.902,9.3645,11.0979,14.5008,16.0861,15.1228,14.1958,13.5976,12.7297,12.4482,
2020-08-01 00:00:00,2,17.086,17.086,17.086,17.086,17.086,16.7486,16.4153,16.4153,16.4153,16.4153,16.0861,16.4153,16.0861,15.7609,15.7609,15.4398,15.1228,14.8098,14.5008,14.1958,13.8947,14.5008,15.7609,21.4627,21.0745,18.4772,17.086,16.0861,15.7609,15.1228,14.8098
2020-07-01 00:00:00,2,25.1549,25.5874,25.5874,24.7268,24.3033,23.8842,23.8842,23.4696,23.0594,22.6536,21.8553,21.8553,21.8553,21.8553,21.4627,21.0745,20.6906,20.6906,20.311,20.311,19.9357,19.5647,19.198,18.8355,18.4772,18.1231,18.1231,17.7733,17.4275,17.4275,17.086
2020-06-01 00:00:00,2,35.2123,35.2123,34.6859,34.1644,34.1644,33.6477,33.1359,32.6288,32.6288,32.6288,32.1265,31.629,30.6482,30.1649,29.6863,28.7431,28.2785,28.7431,28.7431,28.7431,27.8185,27.8185,27.3631,26.9123,26.0245,26.0245,26.0245,25.5874,25.1549,25.1549,
2020-05-01 00:00:00,2,43.701,43.0999,42.5039,41.913,41.3272,41.3272,41.3272,43.0999,48.695,46.1566,42.5039,40.7464,40.1706,39.5998,41.3272,43.701,43.701,42.5039,41.913,40.1706,39.5998,39.0341,37.9175,37.9175,41.913,49.3426,47.4154,40.7464,37.3666,36.2797,35.7435
2020-04-01 00:00:00,2,107.27,142.314,121.64,97.3683,93.472,78.8484,68.8646,85.0589,113.093,86.8865,80.5934,78.8484,78.8484,70.4713,64.1801,77.1267,73.753,63.4189,58.9681,56.1104,54.7141,53.3393,51.9858,50.6536,49.9955,48.695,47.4154,46.1566,46.1566,44.9185,
2020-03-01 00:00:00,2,207.598,224.642,301.019,205.368,262.884,183.637,144.26,129.281,117.936,115.626,102.313,91.9259,78.4445,80.2956,84.0723,78.4445,80.2956,78.4445,72.1597,62.0793,75.7141,140.45,160.93,113.935,91.5603,79.718,72.924,68.0698,64.9468,62.6633,62.6633
2020-02-01 00:00:00,2,142.35,132.036,129.281,132.96,159.928,156.939,303.639,186.831,136.684,132.96,136.684,149.083,129.281,128.367,134.816,158.929,163.952,146.181,176.275,125.645,93.9524,87.9489,91.9259,90.9222,93.9524,142.35,162.942,147.146,231.618,,
2020-01-01 00:00:00,2,9.1578,11.4503,47.8687,61.2783,88.9337,69.5579,67.8538,82.1715,84.0723,76.6181,59.6943,47.8687,41.2277,78.4445,93.9524,100.184,190.048,156.939,140.45,127.457,117.936,122.947,108.852,303.639,584.237,682.681,471.615,191.126,285.503,248.246,163.952
2019-12-01 00:00:00,2,28.6867,38.0898,40.1208,42.2016,36.1087,41.155,42.2016,40.6363,43.2606,46.512,48.7413,269.31,277.876,152.99,138.561,82.1715,69.5579,56.5973,42.5105,45.144,59.6943,84.0723,67.8538,43.8159,43.8159,43.1604,42.5105,35.1489,31.7661,28.578,25.1007
2019-11-01 00:00:00,2,29.5703,35.6213,30.9194,17.6579,15.6242,12.4972,12.2027,12.795,18.7188,34.1777,32.2969,28.6867,23.6522,23.2534,23.2534,28.2497,68.3393,45.4158,59.3812,56.3262,49.8745,35.137,34.1777,51.0199,37.093,31.3754,29.5703,25.2793,22.0762,27.3851,
2019-10-01 00:00:00,2,20.5517,17.6579,15.6242,14.3338,13.0962,11.9115,11.6236,11.339,10.7799,11.339,18.7188,17.6579,17.6579,13.7084,12.795,10.7799,10.2342,9.702,9.1831,9.1831,10.7799,18.3619,16.289,16.9669,21.3075,17.6579,16.289,23.6522,18.3619,22.0762,27.8158
2019-09-01 00:00:00,2,11.3172,11.3172,11.0045,11.0045,10.6973,10.3956,10.3956,10.0994,10.0994,9.9533,9.8086,9.8086,9.5231,9.5231,9.1049,8.8327,8.6985,8.5656,8.4341,8.4341,8.3038,8.1748,8.1748,7.9206,7.9206,8.3038,9.8086,11.3172,19.9052,29.5703,
2019-08-01 00:00:00,2,12.4511,12.2181,11.9875,11.9875,11.9875,12.4511,12.6866,12.6866,12.4511,12.2181,11.9875,11.7593,11.3102,10.8707,10.4409,10.2296,10.2296,10.2296,10.2296,10.2296,10.0206,10.0206,10.8707,14.7579,14.3876,13.8432,12.9653,12.6243,12.289,11.9594,11.7968
2019-07-01 00:00:00,2,17.0678,16.7901,16.5149,16.2423,16.2423,15.7045,15.7045,15.1767,15.1767,15.1767,14.9166,14.9166,14.6589,14.6589,14.6589,14.1511,13.9008,13.6531,13.6531,13.6531,13.6531,13.4078,13.4078,13.4078,13.1649,12.9246,12.6866,12.6866,12.2181,12.2181,12.2181
2019-06-01 00:00:00,2,21.5381,21.5381,21.2221,21.8566,22.8279,22.1778,22.1778,21.5381,21.5381,21.2221,20.9087,20.9087,20.9087,20.9087,20.5979,20.2897,19.6809,19.0824,18.787,18.4941,18.4941,18.4941,18.2038,18.2038,18.2038,17.916,17.916,17.6307,17.348,17.348,
2019-05-01 00:00:00,2,30.6725,29.1507,27.6716,26.948,26.948,26.948,26.5902,25.8825,25.5326,24.8407,24.8407,24.8407,24.8407,24.8407,26.948,29.9063,34.6656,31.4495,28.4058,29.5271,28.0374,26.948,24.8407,24.1593,23.4884,22.8279,22.5015,22.1778,22.1778,22.1778,22.1778
2019-04-01 00:00:00,2,32.2373,31.8421,31.0597,31.8421,33.8453,36.3388,35.0798,34.2541,33.4393,37.1918,41.1664,40.7137,36.3388,31.0597,31.4495,36.764,52.869,63.8716,52.349,40.7137,36.764,32.6353,30.2881,30.2881,29.5271,29.1507,28.7769,27.6716,26.948,28.7769,
2019-03-01 00:00:00,2,67.3979,58.2265,55.512,51.8318,46.8154,46.8154,44.4128,41.6218,38.0558,35.9164,34.2541,54.9777,66.8029,47.7961,45.3655,42.541,43.0048,65.6216,61.0129,54.4462,71.0293,82.5603,69.2004,56.5892,47.7961,42.541,39.8167,37.1918,35.0798,34.2541,33.0359
2019-02-01 00:00:00,2,,,,,,,,,,,,,,57.483,64.2856,54.5217,69.4825,110.955,79.7957,55.1075,60.5259,118.077,97.2365,65.0354,51.8318,46.3293,54.4462,55.512,,,
2019-01-01 00:00:00,2,123.706,89.1946,72.7406,56.8062,52.2003,46.001,41.9243,40.2426,38.5999,36.4698,33.9034,32.9065,31.4427,29.0867,26.8342,26.3961,26.3961,26.8342,31.4427,29.5495,26.3961,31.9264,34.4082,30.4878,,,,,,,
2018-12-01 00:00:00,2,43.0672,79.9095,100.921,120.584,71.9676,55.4676,52.2003,76.6761,59.5378,56.8062,47.2053,40.2426,39.6907,41.3594,46.001,34.4082,31.9264,30.9631,30.0166,29.0867,34.9172,32.9065,39.1431,38.0609,39.1431,44.8143,78.2833,78.2833,83.2189,113.476,151.738
2018-11-01 00:00:00,2,21.8444,23.8528,36.9959,38.0609,26.3961,27.2765,38.5999,35.948,48.4274,79.094,68.1728,48.4274,40.2426,30.9631,28.1733,50.9248,69.6767,54.8051,39.6907,30.0166,61.6344,176.431,157.517,102.798,93.6075,91.8278,76.6761,57.4823,48.4274,43.6452,
2018-10-01 00:00:00,2,19.1998,18.4796,26.3961,27.2765,21.8444,20.6872,18.4796,17.4285,17.0859,16.4122,15.4304,15.7539,16.4122,16.4122,16.4122,21.069,21.4547,21.8444,30.9631,35.948,43.6452,32.4143,25.1062,20.6872,20.3095,22.238,32.9065,49.6671,41.9243,33.4028,25.962
2018-09-01 00:00:00,2,15.4304,15.1108,14.4829,13.8701,13.8701,13.8701,13.2722,12.6893,12.4034,12.1212,12.1212,12.1212,11.8427,11.8427,15.1108,18.4796,30.9631,32.9065,30.9631,29.5495,30.4878,26.3961,21.4547,21.4547,19.1998,17.775,16.4122,15.1108,14.4829,19.9356,
2018-08-01 00:00:00,2,14.4829,14.1746,14.4829,23.8528,34.9172,42.4935,30.9631,32.9065,32.4143,25.962,23.0374,20.6872,19.9356,18.8377,17.775,17.775,17.0859,17.0859,19.9356,20.6872,19.9356,18.1253,17.0859,16.4122,16.4122,15.7539,15.4304,15.4304,15.1108,15.4304,15.4304
2018-07-01 00:00:00,2,18.1253,18.1253,18.1253,17.775,17.4285,17.4285,17.0859,17.0859,17.0859,16.7471,16.7471,16.7471,16.7471,16.7471,16.7471,16.4122,16.4122,16.0811,16.0811,15.7539,15.7539,15.4304,15.4304,15.1108,15.1108,14.7949,14.7949,14.7949,14.4829,14.4829,14.4829
2018-06-01 00:00:00,2,22.6357,22.238,22.238,21.8444,21.4547,21.069,20.6872,25.962,25.5321,24.2665,23.8528,22.6357,22.238,21.4547,21.069,20.6872,20.3095,19.9356,20.3095,19.9356,19.9356,19.9356,19.9356,19.5657,19.1998,19.1998,19.1998,19.1998,18.4796,18.4796,
2018-05-01 00:00:00,2,29.5495,29.0867,29.0867,31.4427,28.1733,27.2765,26.3961,26.3961,26.3961,26.3961,25.962,25.5321,25.5321,25.5321,25.962,25.5321,25.5321,25.962,27.7229,28.1733,27.2765,26.3961,25.5321,24.6843,24.2665,23.8528,23.8528,23.8528,23.8528,23.4431,23.0374
2018-04-01 00:00:00,2,43.6452,42.4935,41.3594,41.3594,43.6452,54.1472,57.4823,51.5603,44.2275,42.4935,39.1431,38.0609,36.9959,36.9959,35.948,34.9172,34.4082,33.9034,39.1431,41.3594,38.0609,37.5263,36.9959,34.9172,32.9065,31.9264,31.4427,30.9631,30.0166,30.0166,
2018-03-01 00:00:00,2,107.577,99.0632,86.6048,91.8278,99.0632,79.9095,86.6048,120.584,110.504,131.166,105.651,112.48,91.8278,75.0878,77.4774,76.6761,101.857,149.832,116.492,80.7297,68.9224,89.1946,90.9452,85.7511,70.4357,60.931,58.8481,50.9248,49.6671,48.4274,46.001
2018-02-01 00:00:00,2,144.178,97.2251,64.4942,57.4823,56.1347,73.5183,113.476,112.48,92.7152,63.0551,58.8481,63.0551,58.8481,49.6671,43.6452,40.7988,38.0609,36.9959,34.9172,43.0672,83.2189,79.094,110.504,92.7152,81.5547,71.9676,55.4676,86.6048,,,
2018-01-01 00:00:00,2,64.4942,54.8051,55.4676,52.2003,68.1728,218.125,134.964,120.584,100.921,70.4357,56.8062,53.4937,52.2003,53.4937,50.9248,49.045,54.1472,54.8051,44.8143,40.7988,33.9034,33.9034,31.9264,36.4698,41.3594,36.9959,33.9034,33.4028,30.4878,33.9034,70.4357
2017-12-01 00:00:00,2,76.6761,312.737,264.807,146.052,209.262,175.412,125.812,83.2189,99.0632,147.937,100.921,73.5183,72.7406,54.1472,49.045,53.4937,124.756,85.7511,57.4823,49.045,42.4935,39.6907,60.2321,56.1347,44.8143,38.0609,39.6907,60.2321,53.4937,43.0672,53.4937
2017-11-01 00:00:00,2,14.4829,13.8701,12.4034,11.0291,9.9951,9.4997,9.4997,9.4997,9.0185,9.2573,9.4997,11.0291,15.1108,30.0166,23.0374,15.7539,12.9789,11.0291,10.5049,12.6893,46.001,75.0878,65.2206,54.8051,64.4942,43.6452,35.4305,30.9631,36.4698,47.8141,
2017-10-01 00:00:00,2,7.3667,9.5189,13.6703,22.0333,36.9043,22.6357,14.4829,13.8701,11.5678,10.7652,9.7456,9.0185,8.3232,7.8772,7.6594,7.0268,6.4249,6.4249,6.2311,6.2311,6.0406,6.0406,6.2311,6.4249,7.2342,9.0185,8.5515,9.9951,13.5693,18.4796,15.4304
2017-09-01 00:00:00,2,8.6185,8.1882,8.1882,8.1882,8.1882,8.1882,8.1882,7.9779,7.7709,7.7709,7.7709,7.5672,7.5672,7.3667,7.3667,7.1694,6.9753,6.9753,6.7844,6.7844,6.7844,6.5966,6.5966,6.4119,6.4119,6.2304,6.2304,6.052,6.2304,6.2304,
2017-08-01 00:00:00,2,11.7437,11.7437,11.4827,11.4827,11.4827,10.9711,10.9711,10.9711,10.7205,10.9711,10.4733,10.4733,10.2296,10.2296,10.2296,10.2296,9.9893,9.9893,9.9893,9.9893,9.7524,9.7524,9.7524,9.5189,9.2888,9.2888,9.2888,9.062,9.062,8.8386,8.6185
2017-07-01 00:00:00,2,15.1547,15.1547,14.8505,14.8505,14.55,14.55,14.2531,14.2531,14.2531,14.2531,14.2531,14.2531,14.2531,13.6703,13.6703,13.6703,13.6703,13.3844,13.102,13.102,13.102,12.8232,12.548,12.548,12.2764,12.2764,12.0083,12.0083,12.0083,12.0083,11.7437
2017-06-01 00:00:00,2,16.7314,16.4086,16.0896,16.7314,16.7314,16.0896,16.0896,16.0896,15.4626,15.4626,15.4626,14.8505,16.7314,24.4016,27.3493,29.1245,26.4866,21.6525,19.8079,18.4023,18.0605,17.3884,16.7314,16.7314,16.0896,16.0896,15.7742,15.4626,15.4626,15.4626,
2017-05-01 00:00:00,2,20.169,19.4507,18.4023,18.0605,18.0605,18.0605,17.3884,17.3884,17.3884,17.3884,16.7314,16.0896,15.4626,15.1547,15.1547,15.1547,16.4086,17.3884,16.7314,17.3884,20.9029,27.3493,26.4866,23.5961,22.0333,20.534,18.7479,18.0605,17.3884,17.3884,16.7314
2017-04-01 00:00:00,2,27.3493,23.9968,22.8067,21.6525,20.9029,20.169,20.169,20.169,19.8079,21.6525,21.6525,20.9029,20.169,19.4507,18.7479,18.4023,18.0605,17.7225,17.3884,17.3884,17.058,16.7314,17.3884,18.0605,18.4023,17.3884,17.3884,17.3884,18.7479,20.9029,
2017-03-01 00:00:00,2,37.4274,32.393,27.3493,27.3493,26.4866,25.6403,29.1245,29.1245,40.109,45.218,33.3653,28.6744,25.6403,23.5961,22.418,21.6525,21.2757,20.9029,36.9043,59.9752,47.0028,36.9043,30.9668,27.3493,24.8105,23.1994,22.418,23.9968,44.6322,36.9043,31.9134
2017-02-01 00:00:00,2,27.3493,31.9134,49.447,48.2157,45.8083,73.2987,100.091,62.7986,48.829,41.7714,37.9549,35.8714,33.8578,30.9668,29.5787,29.1245,27.3493,26.4866,25.6403,24.8105,24.4016,23.1994,22.8067,22.418,21.6525,21.6525,27.3493,36.9043,,,
2017-01-01 00:00:00,2,45.8083,41.2127,39.023,39.5638,45.8083,61.3772,50.0697,48.2157,43.4743,43.4743,43.4743,62.7986,70.1995,85.6413,88.2484,86.5052,75.6757,64.9672,55.2197,45.8083,41.7714,38.4867,35.8714,34.8559,33.8578,34.8559,35.3615,34.3547,30.9668,29.1245,27.3493
2016-12-01 00:00:00,2,86.5052,61.3772,45.8083,39.023,68.6799,67.9275,57.2291,46.4033,43.4743,41.2127,268.465,229.428,131.353,192.014,298.508,361.293,250.392,142.314,105.859,86.5052,74.8783,67.9275,64.9672,62.7986,55.8848,61.3772,70.9668,70.9668,65.6999,58.5925,52.6071
2016-11-01 00:00:00,2,10.0248,10.0248,9.5676,9.5676,15.0713,23.026,20.7437,21.4877,24.6323,25.8824,23.4211,20.3779,21.4877,28.9538,30.808,147.937,100.091,61.3772,43.4743,37.9549,34.3547,28.2285,27.7868,51.9657,63.5166,44.6322,37.4274,34.3547,33.8578,88.2484,
2016-10-01 00:00:00,2,13.6161,12.5186,12.2533,13.0601,14.187,17.2685,19.3051,17.9314,15.9898,14.187,13.3363,12.5186,12.5186,11.9916,11.9916,11.9916,11.9916,12.5186,13.0601,13.3363,13.0601,11.9916,11.9916,13.0601,14.7727,15.0713,14.187,13.3363,12.5186,10.9803,10.4957
2016-09-01 00:00:00,2,11.9916,11.9916,11.7335,12.5186,14.187,13.6161,13.0601,12.5186,11.9916,11.9916,12.2533,11.9916,11.9916,11.4789,10.9803,10.7363,10.7363,10.4957,10.4957,10.4957,10.4957,10.7363,10.7363,10.4957,11.2279,16.3036,16.6213,17.2685,16.6213,15.9898,
2016-08-01 00:00:00,2,15.6798,15.6798,15.3736,15.3736,15.3736,15.3736,15.0713,14.7727,14.7727,14.478,14.187,13.8997,13.8997,13.6161,13.6161,13.6161,13.8997,13.6161,13.6161,13.6161,13.6161,13.3363,13.3363,13.0601,12.7875,12.5186,12.5186,12.2533,11.9916,11.9916,11.7335
2016-07-01 00:00:00,2,20.3779,20.7437,20.7437,20.3779,20.0162,20.0162,20.0162,19.3051,18.9556,18.6102,18.6102,18.6102,18.6102,18.2688,18.2688,17.9314,17.598,16.9429,16.6213,16.6213,16.6213,16.6213,16.6213,16.6213,16.6213,16.6213,16.6213,16.3036,15.9898,15.9898,15.6798
2016-06-01 00:00:00,2,20.0162,22.2484,35.2505,59.1339,56.3192,49.658,38.972,36.2897,29.4105,28.9538,28.054,26.7377,25.4613,25.0446,24.6323,23.026,23.026,23.026,22.2484,22.2484,21.8659,21.8659,21.4877,21.4877,21.4877,21.4877,21.4877,21.4877,20.7437,20.7437,
2016-05-01 00:00:00,2,55.629,44.1101,36.8165,35.2505,33.7275,27.6108,27.172,26.3079,25.8824,25.4613,25.4613,25.0446,25.4613,25.4613,24.6323,24.6323,24.2243,24.2243,23.8205,25.4613,28.9538,26.3079,24.6323,23.4211,23.026,22.2484,22.2484,21.4877,21.4877,20.7437,20.0162
2016-04-01 00:00:00,2,42.3525,40.64,40.0791,38.4258,36.8165,35.7677,34.7381,33.7275,32.7357,31.7626,30.808,29.8718,28.9538,28.9538,28.054,27.172,26.3079,26.7377,26.3079,25.8824,25.4613,24.6323,24.6323,24.2243,23.8205,23.8205,23.026,22.2484,25.0446,40.0791,
2016-03-01 00:00:00,2,122.51,104.1,68.8923,62.0362,110.352,149.832,99.0664,83.1131,80.4801,65.0272,56.3192,57.7157,72.087,83.1131,78.7545,68.8923,57.7157,52.2588,48.389,46.5244,44.706,42.3525,40.0791,41.2059,94.1895,76.2103,70.4782,65.7889,56.3192,50.9479,44.1101
2016-02-01 00:00:00,2,117.939,93.2327,62.0362,59.1339,52.9222,49.0209,48.389,47.1408,45.9132,43.5192,41.2059,41.7767,56.3192,47.1408,50.3003,88.5415,77.0525,68.8923,74.5435,71.2797,58.422,57.7157,53.5909,52.2588,52.2588,56.3192,100.061,100.061,95.1524,,
2016-01-01 00:00:00,2,26.3079,30.808,32.7357,68.108,93.2327,75.374,59.1339,36.8165,29.8718,26.3079,25.0446,24.6323,32.7357,37.8845,41.2059,88.5415,368.275,510.148,321.94,226.011,173.383,133.153,114.648,98.0785,82.2295,83.1131,107.197,119.048,133.153,136.786,125.135
2015-12-01 00:00:00,2,45.9132,68.108,62.0362,83.1131,121.64,106.159,94.1895,91.3378,108.242,74.5435,64.271,68.108,62.0362,76.2103,98.0785,66.5563,51.6007,47.1408,74.5435,62.7756,52.9222,52.2588,48.389,45.9132,44.1101,41.7767,38.972,36.2897,32.7357,28.5017,24.6323
2015-11-01 00:00:00,2,15.9898,15.3736,11.9916,13.0601,13.8997,12.2533,11.4789,31.7626,60.574,37.8845,30.808,23.026,18.2688,17.2685,25.4613,26.7377,24.2243,37.8845,48.389,63.5205,76.2103,81.3518,52.2588,56.3192,74.5435,60.574,42.9333,36.8165,28.054,25.0446,
2015-10-01 00:00:00,2,11.7335,11.7335,12.7875,14.187,18.6102,14.7727,13.0601,11.9916,11.4789,11.2279,10.9803,10.0248,9.7945,9.5676,9.1238,8.6932,8.6932,8.2758,8.2758,7.8713,7.4796,7.4796,8.6932,9.1238,10.4957,10.0248,10.4957,10.4957,37.3481,28.9538,20.0162
2015-09-01 00:00:00,2,11.9916,11.2279,10.4957,10.2585,10.0248,10.4957,12.5186,17.2685,29.4105,50.9479,79.6143,42.3525,38.972,32.7357,32.7357,28.9538,24.6323,21.4877,17.9314,16.9429,15.9898,14.7727,14.187,13.6161,13.0601,12.5186,11.9916,11.9916,11.4789,11.9916,
2015-08-01 00:00:00,2,13.8997,13.6161,12.7875,12.5186,12.2533,12.2533,11.9916,11.9916,11.9916,11.7335,11.7335,11.7335,11.7335,11.7335,11.4789,11.4789,11.2279,11.2279,10.9803,10.9803,10.9803,10.9803,10.9803,10.7363,10.7363,10.7363,10.9803,11.4789,12.7875,13.0601,12.5186
2015-07-01 00:00:00,2,17.9314,17.9314,17.598,17.2685,17.2685,16.9429,16.6213,16.6213,16.9429,16.9429,16.6213,15.9898,15.9898,15.6798,15.3736,15.3736,15.0713,15.0713,14.7727,14.7727,14.478,14.478,14.478,14.187,14.187,13.8997,13.8997,14.7727,16.6213,15.3736,14.7727
2015-06-01 00:00:00,2,23.4211,23.8205,23.8205,28.054,28.054,26.3079,23.026,22.2484,20.7437,20.0162,19.3051,19.6586,19.3051,18.6102,18.6102,18.6102,18.6102,20.0162,20.7437,20.0162,19.3051,19.3051,19.3051,19.3051,18.9556,18.6102,18.2688,18.2688,18.2688,18.2688,
2015-05-01 00:00:00,2,24.6323,24.6323,24.6323,25.4613,25.4613,25.4613,50.9479,52.2588,45.9132,40.0791,30.808,30.808,33.2292,28.054,26.3079,25.4613,24.6323,24.6323,25.4613,24.6323,24.2243,23.8205,23.4211,23.026,23.026,22.2484,21.8659,21.4877,21.4877,22.2484,24.2243
2015-04-01 00:00:00,2,69.6824,61.3023,54.9443,46.5244,42.9333,40.0791,38.972,37.8845,36.8165,35.7677,34.7381,33.2292,32.7357,31.7626,30.3376,28.9538,28.5017,28.054,27.172,26.3079,26.3079,33.2292,32.2468,30.3376,29.8718,34.7381,32.7357,26.7377,25.4613,25.4613,
2015-03-01 00:00:00,2,44.7201,42.4223,37.5086,28.721,27.3879,26.5197,28.2725,41.2998,147.952,142.375,174.198,185.426,172.372,109.294,82.2295,63.5205,56.3192,57.7157,51.6007,44.706,41.2059,50.9479,97.0969,171.363,151.738,84.8984,63.5205,56.3192,50.9479,47.7624,56.3192
2015-02-01 00:00:00,2,22.4208,26.0917,39.1074,32.944,31.9763,67.1794,77.1985,47.6923,118.337,163.279,106.363,76.3989,52.0421,44.7201,38.5701,30.5562,32.944,44.7201,49.5294,54.6276,53.3257,47.089,37.5086,30.0912,26.5197,26.5197,26.5197,31.0254,,,
2015-01-01 00:00:00,2,16.354,16.0315,16.0315,18.0231,20.5203,20.8926,23.6084,23.2085,19.7875,17.3441,15.3977,14.1746,13.5851,12.4497,12.4497,11.3716,11.3716,10.8538,10.8538,10.35,9.3841,9.3841,9.6204,10.8538,14.7788,19.0702,26.5197,19.4269,24.0122,25.6677,23.6084
2014-12-01 00:00:00,2,81.2698,63.5406,53.3257,45.3057,39.6489,55.2855,57.2866,39.1074,34.4272,27.8282,26.5197,25.6677,25.2478,28.721,52.6816,50.1508,42.9901,31.9763,28.721,27.8282,33.9286,33.9286,33.4342,30.5562,25.6677,24.0122,20.8926,20.152,18.7173,17.6817,16.6803
2014-11-01 00:00:00,2,12.1748,12.4497,12.1748,11.9035,9.8601,8.9217,9.6204,9.1512,8.4729,12.1748,16.6803,19.4269,17.3441,15.0864,18.3683,33.4342,25.2478,18.3683,15.3977,13.0102,12.4497,11.9035,14.7788,12.4497,15.0864,30.5562,48.3002,51.4071,146.083,151.721,
2014-10-01 00:00:00,2,9.8601,10.6001,10.8538,10.1033,9.6204,9.1512,8.4729,8.0375,7.6155,7.4095,7.4095,7.2067,7.2067,6.811,6.811,6.618,6.4283,6.4283,6.4283,7.6155,9.3841,12.1748,14.1746,11.9035,11.3716,10.8538,12.1748,16.354,16.354,15.7128,12.7281
2014-09-01 00:00:00,2,11.6358,11.3716,11.6358,12.1748,12.4497,12.4497,12.1748,12.1748,11.3716,11.1109,10.8538,10.35,10.1033,10.1033,9.8601,9.3841,9.3841,9.1512,9.1512,8.9217,8.9217,8.6956,8.6956,8.4729,8.2535,8.2535,8.0375,7.8249,8.2535,8.6956,
2014-08-01 00:00:00,2,20.152,19.4269,17.6817,16.6803,17.6817,15.3977,15.0864,14.4749,14.1746,13.8781,13.8781,13.5851,13.2958,13.2958,13.0102,12.7281,12.7281,13.0102,13.5851,14.1746,13.8781,13.0102,12.7281,12.1748,11.6358,11.6358,11.3716,11.1109,10.8538,11.3716,11.6358
2014-07-01 00:00:00,2,14.7788,14.7788,14.4749,14.4749,14.1746,14.1746,13.8781,13.8781,13.8781,13.8781,13.8781,14.4749,14.4749,14.4749,14.1746,13.8781,13.8781,13.8781,13.5851,13.2958,13.2958,13.2958,13.2958,13.0102,12.1748,13.2958,20.5203,28.721,29.6303,24.4201,21.6488
2014-06-01 00:00:00,2,19.0702,19.4269,19.4269,19.7875,20.152,19.4269,19.0702,18.7173,19.0702,18.3683,17.6817,17.0103,17.0103,17.0103,17.0103,17.0103,16.6803,16.6803,16.354,16.0315,15.7128,16.0315,16.354,16.0315,16.0315,15.7128,15.7128,15.3977,15.0864,15.0864,
2014-05-01 00:00:00,2,22.0328,21.6488,20.8926,20.5203,20.152,19.7875,19.7875,19.4269,18.7173,22.4208,22.4208,19.7875,18.3683,18.3683,18.3683,18.0231,17.3441,17.3441,17.3441,17.3441,17.6817,17.3441,17.0103,17.0103,16.6803,17.6817,21.6488,27.3879,26.9518,22.8127,20.5203
2014-04-01 00:00:00,2,38.0372,30.5562,33.4342,39.1074,44.7201,38.5701,29.1736,26.5197,24.4201,23.2085,24.4201,30.0912,33.4342,26.5197,29.1736,35.9487,35.4372,32.944,29.6303,27.3879,28.721,29.6303,26.9518,30.0912,31.0254,31.0254,28.721,26.9518,24.8319,23.2085,
2014-03-01 00:00:00,2,24.8319,36.4643,41.2998,34.9301,26.9518,25.6677,27.8282,96.9485,94.2231,81.2698,52.6816,40.7452,35.4372,29.6303,27.8282,25.2478,24.0122,23.6084,22.8127,22.0328,22.0328,21.2687,22.4208,27.8282,27.3879,26.5197,24.8319,23.2085,22.4208,22.0328,25.2478
2014-02-01 00:00:00,2,30.0912,28.721,27.8282,26.5197,25.2478,24.8319,24.0122,23.6084,23.2085,22.4208,21.2687,21.2687,20.5203,19.7875,20.8926,21.6488,24.0122,27.8282,35.4372,38.0372,29.6303,26.0917,24.0122,22.0328,21.6488,20.5203,19.7875,19.4269,,,
2014-01-01 00:00:00,2,81.2698,74.8142,64.9819,55.9479,50.1508,44.1391,40.7452,36.9843,34.9301,32.944,31.9763,34.4272,33.9286,31.0254,29.1736,28.2725,27.8282,41.2998,64.2589,72.4734,53.9744,67.1794,82.0987,94.2231,82.9326,64.2589,50.1508,39.6489,35.9487,34.4272,31.4988
2013-12-01 00:00:00,2,57.2866,59.3293,70.1758,85.4636,60.0195,49.5294,43.5624,53.9744,57.2866,47.089,45.3057,76.3989,147.952,82.9326,55.9479,49.5294,55.9479,58.6437,48.3002,42.4223,78.003,59.3293,57.2866,92.4312,135.989,98.7908,104.439,101.592,114.263,94.2231,74.8142
2013-11-01 00:00:00,2,26.0917,23.6084,22.0328,20.152,19.0702,18.7173,22.4208,34.9301,40.1949,41.2998,36.4643,31.0254,24.0122,21.2687,20.5203,19.7875,19.0702,19.7875,20.152,21.6488,23.6084,21.2687,20.8926,27.8282,33.4342,54.6276,58.6437,71.7027,61.4139,47.089,
2013-10-01 00:00:00,2,30.0912,28.721,28.2725,43.5624,64.9819,61.4139,41.2998,33.4342,31.9763,31.4988,30.5562,30.0912,26.0917,24.8319,22.8127,22.8127,24.0122,26.9518,39.6489,36.9843,34.4272,28.721,28.721,32.4581,28.2725,24.4201,23.2085,20.8926,19.7875,19.4269,20.5203
2013-09-01 00:00:00,2,18.0231,18.0231,17.6817,17.6817,19.0702,22.4208,24.0122,22.8127,21.2687,20.152,19.4269,19.0702,18.3683,18.0231,18.0231,17.6817,17.3441,17.3441,17.3441,17.3441,17.3441,17.0103,16.6803,16.0315,16.6803,35.4372,31.4988,23.6084,21.6488,23.6084,
2013-08-01 00:00:00,2,24.0122,24.0122,23.6084,23.2085,22.8127,22.4208,22.4208,22.0328,21.6488,21.6488,21.6488,21.2687,20.8926,20.8926,20.8926,20.8926,20.8926,20.8926,21.2687,21.6488,21.2687,20.8926,20.8926,20.8926,20.152,19.7875,19.4269,19.0702,18.7173,18.7173,18.3683
2013-07-01 00:00:00,2,32.4581,31.4988,30.0912,29.6303,29.1736,29.1736,29.1736,28.721,28.2725,27.8282,27.3879,27.3879,27.3879,27.3879,26.9518,26.9518,26.5197,26.5197,26.0917,26.0917,25.6677,25.2478,25.2478,24.8319,24.4201,25.2478,25.6677,26.0917,25.2478,24.8319,24.4201
2013-06-01 00:00:00,2,48.9126,45.3057,41.2998,52.0421,68.6681,53.9744,45.3057,41.8589,39.6489,38.0372,36.9843,36.4643,35.4372,34.4272,34.4272,34.4272,33.9286,33.4342,32.944,32.944,32.944,32.4581,31.9763,31.9763,31.4988,31.0254,31.4988,30.5562,31.0254,31.9763,
2013-05-01 00:00:00,2,39.6489,39.1074,39.1074,38.5701,38.0372,37.5086,36.4643,35.9487,34.9301,34.9301,34.4272,34.4272,34.4272,33.9286,33.4342,33.4342,33.4342,33.4342,33.4342,33.9286,33.9286,33.4342,33.4342,33.9286,35.9487,41.8589,41.8589,40.7452,51.4071,78.003,64.2589
2013-04-01 00:00:00,2,54.6276,52.6816,56.6149,64.9819,74.8142,85.4636,90.6594,95.1265,90.6594,116.29,100.653,70.9369,63.5406,74.8142,86.3172,64.9819,58.6437,53.9744,51.4071,48.9126,48.3002,46.4901,45.3057,44.7201,44.1391,43.5624,42.9902,41.8589,40.7452,39.6489,
2013-03-01 00:00:00,2,64.9819,88.0392,114.263,97.8671,81.2698,62.1181,55.2854,58.6437,58.6437,52.6816,50.1508,62.827,70.9369,72.4734,63.5406,52.6816,46.4901,52.0421,57.2866,46.4901,42.9902,41.8589,50.7767,57.9628,57.9628,49.5294,53.3257,86.3172,107.332,73.2488,60.0195
2013-02-01 00:00:00,2,262.75,187.5,170.191,134.364,113.257,147.952,191.679,124.606,91.5428,79.6266,71.7027,67.9213,60.7144,57.2866,54.6276,52.0421,50.7767,48.9126,47.089,44.7201,43.5624,42.4223,40.7452,40.1949,38.5701,38.5701,38.0372,47.089,,,
2013-01-01 00:00:00,2,28.721,27.3879,24.8319,23.6084,24.0122,28.2725,26.0917,25.2478,30.5562,48.3002,47.6923,75.6041,80.4458,78.003,60.0195,50.1508,135.989,136.893,102.536,92.4312,87.1757,92.4312,69.4195,53.9744,48.9126,100.653,166.226,190.631,167.213,108.307,134.187
2012-12-01 00:00:00,2,42.4223,36.4643,37.5086,36.4643,55.2854,45.3057,34.4272,31.9763,35.4372,44.1391,67.1794,53.3257,60.0195,67.1794,60.0195,47.6923,39.6489,36.9843,34.9301,36.4643,36.4643,39.6489,65.7097,47.089,40.1949,33.4342,27.8282,36.9843,33.4342,36.4643,31.4988
2012-11-01 00:00:00,2,32.944,30.0912,34.9301,36.4643,45.3057,54.6276,47.6923,39.1074,35.9487,31.9763,35.4372,39.6489,39.1074,36.9843,33.9286,42.4223,55.9479,65.7097,45.3057,36.4643,36.9843,47.6923,36.9843,31.9763,32.4581,52.0421,96.035,62.827,61.4139,52.6816,
2012-10-01 00:00:00,2,26.9518,25.2478,24.8319,24.0122,23.6084,22.4208,21.6488,21.2687,21.2687,20.8926,20.5203,20.5203,23.6084,24.8319,29.6303,29.6303,28.2725,28.2725,24.8319,24.8319,26.9518,25.6677,31.0254,34.4272,31.9763,29.1736,27.3879,24.4201,23.6084,23.2085,26.5197
2012-09-01 00:00:00,2,28.2725,27.3879,26.9518,26.5197,26.5197,26.0917,26.0917,25.6677,25.2478,24.8319,24.8319,24.4201,24.4201,24.0122,23.6084,24.0122,24.0122,23.6084,23.6084,22.8127,22.8127,24.0122,26.0917,26.0917,25.6677,28.2725,38.5701,38.0372,31.0254,27.8282,
2012-08-01 00:00:00,2,33.9286,33.4342,33.4342,33.4342,33.9286,33.4342,32.4581,31.9763,31.4988,31.4988,31.4988,31.4988,31.4988,31.4988,31.4988,31.9763,32.4581,32.4581,31.9763,31.0254,31.0254,31.0254,30.5562,30.0912,29.6303,29.6303,29.1736,29.1736,29.1736,28.721,28.721
2012-07-01 00:00:00,2,43.5624,43.5624,42.9901,42.9901,42.4223,41.8589,41.2998,41.2998,40.7452,40.1949,40.1949,39.6489,39.1074,38.5701,38.5701,38.5701,38.0372,38.0372,38.5701,38.5701,38.0372,37.5086,36.9843,35.9487,35.9487,35.9487,35.4372,34.9301,34.9301,33.9286,33.9286
2012-06-01 00:00:00,2,50.7767,50.1508,49.5294,50.1508,48.9126,50.1508,52.0421,54.6276,59.3293,57.2866,53.9744,53.9744,53.3257,53.9744,52.6816,51.4071,49.5294,47.6923,46.4901,45.8956,45.3057,52.6816,53.9744,51.4071,50.1508,47.089,45.8956,44.7201,44.139,44.139,
2012-05-01 00:00:00,2,55.2855,57.9628,58.6437,54.6276,52.0421,50.7767,48.9126,50.7767,49.5294,49.5294,52.6816,52.0421,50.7767,50.7767,57.9628,75.6041,66.4422,60.0195,54.6276,52.6816,52.0421,50.7767,50.1508,50.1508,49.5294,50.7767,74.8142,68.6681,57.9628,54.6276,52.0421
2012-04-01 00:00:00,2,89.781,81.2698,76.3989,69.4196,65.7097,61.4139,100.653,121.448,87.1757,71.7027,67.1794,64.2589,62.1181,60.7144,59.3293,60.0195,63.5406,60.0195,57.9628,55.9479,53.9744,52.6816,53.9744,55.9479,57.2866,57.2866,60.0195,62.827,57.2866,54.6276,
2012-03-01 00:00:00,2,66.4422,64.9819,64.2589,62.827,62.1181,60.7144,60.0195,58.6437,59.3293,60.0195,61.4139,64.9819,80.4458,90.6594,85.4636,109.287,104.439,95.1265,88.9076,81.2698,76.3989,72.4734,70.1758,72.4734,70.1758,94.2231,103.485,83.7713,82.9326,111.262,106.363
2012-02-01 00:00:00,2,170.191,146.082,135.989,111.262,107.332,105.398,95.1265,101.592,100.653,99.7194,118.337,123.548,145.152,139.622,114.263,94.2231,88.0392,85.4636,82.9326,81.2698,80.4458,78.003,78.003,82.9326,85.4636,78.8124,76.3989,71.7027,69.4196,,
2012-01-01 00:00:00,2,336.697,589.625,1128.76,1036.86,948.392,554.037,421.513,501.685,545.708,385.16,415.6,302.556,229.954,180.284,167.213,175.206,167.213,161.327,161.327,144.224,135.989,126.737,120.406,115.274,112.257,110.272,107.332,112.257,196.96,239.129,249.638
2011-12-01 00:00:00,2,127.811,116.29,162.301,110.272,84.615,78.8124,74.0291,80.4458,77.1985,70.1758,126.737,125.669,108.307,94.2231,184.392,456.219,460.835,274.925,286.089,303.84,198.023,157.453,147.016,146.082,119.369,107.332,178.245,297.446,257.948,262.75,214.278
2011-11-01 00:00:00,2,30.0912,28.721,26.5197,24.4201,23.6084,23.2085,22.0328,21.6488,22.0328,21.6488,21.2687,20.152,33.9286,52.6816,61.4139,68.6681,78.003,62.827,50.7767,41.8589,39.1074,36.9843,41.8589,55.9479,48.3002,48.3002,82.0987,249.638,240.287,169.196,
2011-10-01 00:00:00,2,17.0103,16.6803,16.354,17.0103,19.4269,22.0328,22.0328,20.5203,20.152,19.7875,20.8926,26.5197,39.6489,36.4643,34.9301,49.5294,63.5406,70.9369,64.9819,50.1508,36.9843,31.9763,30.0912,35.9487,41.8589,36.4643,32.4581,32.944,32.4581,32.4581,31.4988
2011-09-01 00:00:00,2,21.6488,21.6488,21.6488,20.8926,20.5203,20.5203,20.152,19.7875,19.7875,19.0702,19.0702,18.7173,18.3683,21.2687,18.7173,20.8926,20.8926,20.8926,20.152,19.7875,19.7875,19.0702,18.7173,18.3683,17.6817,17.6817,17.6817,17.6817,17.3441,17.3441,
2011-08-01 00:00:00,2,26.9518,26.5197,26.0917,25.6677,25.6677,25.6677,26.0917,26.0917,25.6677,25.6677,25.2478,24.8319,24.8319,24.4201,24.4201,24.0122,23.6084,23.2085,22.8127,22.4208,22.0328,22.4208,22.0328,22.4208,22.4208,22.4208,22.0328,22.0328,22.0328,21.6488,21.6488
2011-07-01 00:00:00,2,33.9286,33.4342,33.4342,33.4342,32.944,32.4581,31.9763,31.4988,31.0254,31.0254,30.5562,30.0912,30.0912,29.6303,29.1736,29.1736,29.1736,29.1736,29.1736,28.721,28.2725,28.2725,27.8282,27.8282,27.8282,27.3879,27.8282,27.8282,27.3879,27.8282,27.3879
2011-06-01 00:00:00,2,36.9843,36.9843,36.9843,36.4643,36.4643,35.9487,35.9487,34.9301,34.9301,39.1074,48.3002,48.3002,42.4223,38.5701,38.0372,37.5086,36.4643,36.4643,35.9487,35.4372,34.4272,34.9301,34.9301,34.4272,34.4272,34.4272,33.9286,33.9286,33.9286,33.9286,
2011-05-01 00:00:00,2,45.8956,45.3057,44.7201,44.7201,44.1391,44.1391,43.5624,43.5624,42.4223,41.2998,41.2998,40.7452,41.2998,41.2998,40.7452,40.1949,41.2998,42.9902,41.8589,41.2998,44.1391,42.4223,40.7452,40.1949,39.1074,39.1074,38.5701,38.0372,37.5086,36.9843,36.9843
2011-04-01 00:00:00,2,102.536,82.0987,65.7097,64.2589,96.9485,117.311,91.5428,81.2698,74.0291,60.0195,60.7144,58.6437,57.9628,60.0195,59.3293,55.9479,55.2855,53.3257,52.6816,51.4071,50.1508,49.5294,50.7767,49.5294,48.9126,47.6923,47.089,46.4901,47.089,46.4901,
2011-03-01 00:00:00,2,124.606,101.592,116.29,124.606,103.485,121.448,173.192,194.84,159.385,153.622,118.337,102.536,87.1757,96.9485,112.257,103.485,119.369,103.485,82.9326,74.8142,71.7027,66.4422,64.9819,63.5406,62.1181,61.4139,60.0195,59.3293,57.9628,60.0195,71.7027
2011-02-01 00:00:00,2,63.5406,62.1181,62.827,61.4139,58.6437,57.2866,54.6276,53.3257,52.6816,51.4071,50.7767,51.4071,53.3257,50.1508,48.9126,47.089,47.089,45.3057,44.7201,45.8956,47.6923,47.089,44.7201,46.4901,50.7767,52.6816,51.4071,53.9744,,,
2011-01-01 00:00:00,2,253.185,204.458,217.596,272.471,265.166,252,266.377,186.462,126.737,115.274,111.262,103.485,106.363,164.258,303.84,249.638,213.177,166.226,145.152,140.537,111.262,96.9485,89.781,86.3172,82.0987,78.003,76.3989,74.8142,70.9369,68.6681,64.2589
2010-12-01 00:00:00,2,60.0195,89.781,82.0987,60.0195,72.4734,98.7907,117.311,119.369,100.653,91.5428,80.4458,67.1794,60.0195,61.4139,81.2698,170.191,185.426,104.439,81.2698,68.6681,60.7144,57.2866,55.2855,61.4139,67.1794,88.0392,134.364,133.259,239.129,208.798,176.216
2010-11-01 00:00:00,2,43.5624,50.7767,57.2866,55.9479,54.6276,52.6816,125.669,166.226,98.7908,78.003,97.8671,92.4312,93.3246,86.3172,69.4195,79.6266,114.263,115.274,80.4458,61.4139,75.6041,129.974,135.087,101.592,125.669,179.263,157.453,107.332,78.003,68.6681,
2010-10-01 00:00:00,2,33.4342,30.0912,28.721,30.0912,31.0254,29.6303,27.8282,27.8282,27.8282,28.2725,28.721,26.9518,24.8319,23.6084,23.2085,23.2085,24.4201,52.6816,97.8671,74.8142,47.6923,31.9763,30.5562,30.0912,25.2478,26.0917,42.4223,53.9744,40.1949,34.9301,34.9301
2010-09-01 00:00:00,2,19.7875,19.4269,19.4269,19.4269,19.0702,19.0702,18.7173,19.0702,20.8926,29.6303,27.3879,24.4201,22.8127,22.0328,21.2687,20.5203,20.152,19.4269,19.0702,18.7173,18.7173,18.3683,18.3683,18.3683,18.0231,18.3683,18.3683,20.152,27.3879,39.6489,
2010-08-01 00:00:00,2,25.2478,25.2478,24.4201,24.4201,24.0122,24.0122,24.0122,23.6084,23.6084,23.2085,23.2085,23.2085,23.2085,22.8127,22.8127,22.8127,22.4208,22.4208,22.4208,22.0328,22.0328,22.0328,21.6488,21.6488,21.6488,21.2687,20.8926,20.5203,20.152,20.152,19.7875
2010-07-01 00:00:00,2,30.0912,30.0912,30.0912,29.6303,29.6303,29.6303,29.1736,29.1736,28.721,28.721,28.721,28.721,28.721,28.721,28.721,28.721,29.1736,28.721,28.721,28.721,28.2725,27.8282,27.8282,27.3879,26.9518,26.5197,26.5197,26.0917,26.0917,25.6677,25.6677
2010-06-01 00:00:00,2,36.9843,36.9843,35.9487,36.4643,36.4643,35.9487,35.9487,35.9487,35.4372,33.9286,33.9286,33.9286,33.4342,33.4342,33.4342,33.4342,32.944,32.4581,31.9763,31.9763,31.9763,31.4988,31.0254,31.4988,31.0254,31.0254,31.0254,31.0254,30.5562,30.0912,
2010-05-01 00:00:00,2,42.9901,45.3057,44.139,42.9901,41.2998,39.1074,39.1074,38.0372,37.5086,39.6489,45.8956,50.1508,46.4901,42.9901,41.2998,40.7452,39.6489,38.5701,38.0372,42.9901,51.4071,50.7767,48.9126,44.139,40.7452,39.1074,39.1074,38.5701,38.0372,37.5086,37.5086
2010-04-01 00:00:00,2,52.6816,52.0421,51.4071,52.0421,55.2854,67.1794,93.3246,107.332,72.4734,58.6437,53.9744,51.4071,49.5294,47.089,45.3057,47.089,46.4901,45.8956,44.7201,44.1391,43.5624,43.5624,42.9902,42.9902,42.4223,41.2998,40.1949,39.6489,39.6489,40.7452,
2010-03-01 00:00:00,2,91.5428,92.4312,97.8671,117.311,116.29,127.811,102.536,149.831,99.7194,76.3989,68.6681,63.5406,61.4139,58.6437,61.4139,62.1181,82.0987,85.4636,71.7027,67.1794,71.7027,74.0291,62.827,62.827,63.5406,58.6437,55.9479,55.2855,53.9744,53.3257,52.6816
2010-02-01 00:00:00,2,71.7027,67.9213,66.4422,64.2589,67.1794,64.9819,62.1181,60.0195,60.0195,64.2589,63.5406,63.5406,57.9628,54.6276,56.6149,54.6276,50.1508,47.089,64.2589,73.2488,64.2589,57.2866,53.9744,50.1508,50.7767,54.6276,57.9628,57.2866,,,
2010-01-01 00:00:00,2,164.258,96.035,88.0392,78.003,74.0291,83.7713,121.448,145.152,135.989,121.448,88.0392,81.2698,86.3172,76.3989,75.6041,97.8671,100.653,89.781,76.3989,70.1758,90.6594,141.455,126.737,215.382,166.226,143.298,135.989,110.272,85.4636,78.003,75.6041
2009-12-01 00:00:00,2,78.003,96.035,129.974,151.721,205.539,210.982,216.488,205.539,179.263,214.278,183.361,111.262,97.8671,96.035,159.385,150.775,119.369,95.1265,95.1265,97.8671,98.7907,96.035,91.5428,82.0987,80.4458,81.2698,117.311,124.606,167.213,234.522,174.198
2009-11-01 00:00:00,2,70.1758,88.0392,114.263,112.257,89.781,72.4734,63.5406,61.4139,65.7097,67.9213,79.6266,93.3246,99.7195,86.3172,74.0291,71.7027,148.89,113.257,82.0987,70.1758,60.7144,55.9479,51.4071,50.1508,48.9126,53.9744,52.6816,55.2854,52.6816,55.9479,
2009-10-01 00:00:00,2,40.7452,40.1949,39.1074,53.9744,45.3057,38.5701,36.9843,38.5701,67.1794,87.1757,62.1181,52.0421,41.8589,37.5086,41.2998,52.6816,64.9819,86.3172,100.653,96.035,142.375,183.361,159.385,129.974,104.439,136.893,149.831,111.262,88.0392,78.003,70.9369
2009-09-01 00:00:00,2,37.5086,36.9843,35.4372,35.4372,35.4372,34.9301,36.9843,36.4643,39.1074,36.9843,35.4372,33.9286,32.944,32.4581,31.9763,31.0254,30.5562,30.0912,29.6303,30.0912,30.5562,61.4139,98.7907,80.4458,62.827,52.6816,47.089,40.7452,36.9843,35.9487,
2009-08-01 00:00:00,2,39.1074,39.1074,38.5701,38.5701,38.5701,38.5701,38.0372,37.5086,36.9843,36.4643,35.9487,35.4372,35.4372,34.9301,34.9301,34.9301,34.9301,34.9301,34.4272,34.4272,33.9286,34.4272,34.4272,38.0372,41.8589,48.9126,54.6276,50.1508,47.089,41.2998,38.5701
2009-07-01 00:00:00,2,55.2854,53.3257,50.7767,49.5294,48.9126,48.3002,47.6923,47.6923,47.089,47.089,46.4901,45.8956,45.8956,45.8956,45.3057,44.7201,43.5624,43.5624,43.5624,43.5624,43.5624,42.9902,42.9902,42.4223,42.4223,41.8589,41.8589,41.2998,40.7452,40.1949,39.6489
2009-06-01 00:00:00,2,57.2866,55.9479,55.2855,54.6276,54.6276,53.9744,56.6149,55.9479,55.2855,53.9744,53.3257,53.3257,54.6276,53.9744,53.3257,53.3257,53.3257,52.6816,48.9126,51.4071,50.7767,50.1508,50.1508,49.5294,49.5294,49.5294,51.4071,61.4139,67.1794,63.5406,
2009-05-01 00:00:00,2,71.7027,72.4734,70.9369,70.9369,70.1758,69.4196,68.6681,67.1794,67.9213,67.1794,67.9213,72.4734,70.9369,71.7027,69.4196,65.7097,64.2589,62.827,62.1181,62.1181,61.4139,60.0195,59.3293,60.0195,60.0195,59.3293,58.6437,58.6437,57.9628,57.2866,57.2866
2009-04-01 00:00:00,2,179.263,176.216,134.364,112.257,107.332,97.8671,183.361,178.245,150.775,149.831,117.311,107.332,101.592,96.9485,121.448,111.262,99.7194,94.2231,90.6594,86.3172,83.7713,82.0987,81.2698,80.4458,78.8124,78.003,76.3989,75.6041,70.9369,72.4734,
2009-03-01 00:00:00,2,105.398,97.8671,95.1265,93.3247,106.363,109.287,115.274,138.71,135.989,103.485,97.8671,106.363,90.6594,90.6594,86.3172,85.4636,91.5428,190.631,135.989,91.5428,88.0392,83.7713,120.406,149.831,150.775,145.152,119.369,134.364,155.532,159.385,169.196
2009-02-01 00:00:00,2,196.96,219.821,203.379,187.5,142.375,134.364,131.064,129.974,122.495,175.206,195.899,173.192,248.46,318.115,308.997,199.089,154.576,142.375,131.064,124.606,119.369,119.369,223.176,210.982,158.418,162.301,140.537,120.406,,,
2009-01-01 00:00:00,2,456.219,456.219,308.997,237.973,271.247,322.057,262.75,181.307,174.198,169.196,143.298,131.064,126.737,135.087,153.622,187.5,212.079,208.798,168.204,166.226,168.204,279.863,306.414,272.471,189.585,171.189,180.284,205.539,217.596,181.307,196.96
2008-12-01 00:00:00,2,31.0254,28.721,31.0254,31.0254,30.0912,29.6303,27.3879,26.5197,26.0917,27.8282,28.721,28.2725,41.8589,82.0987,100.653,267.591,722.69,1305.66,1569.41,805.409,265.166,188.541,171.189,140.537,167.213,148.89,167.213,453.154,574.254,445.529,371.022
2008-11-01 00:00:00,2,19.0702,19.7875,20.8926,24.0122,36.4643,57.2866,53.9744,55.9479,52.0421,62.827,74.8142,53.9744,44.7201,46.4901,48.9126,48.9126,82.0987,135.989,109.287,102.536,65.7097,51.4071,49.5294,47.089,44.139,44.139,41.8589,38.5701,38.0372,36.9843,
2008-10-01 00:00:00,2,28.2725,26.5197,25.6677,25.2478,24.8319,24.0122,23.2085,23.2085,52.6816,43.5624,38.5701,31.0254,24.4201,24.4201,23.2085,22.4208,22.0328,23.2085,28.721,60.7144,44.139,31.4988,30.0912,28.721,25.6677,23.6084,21.6488,20.5203,19.7875,19.0702,19.0702
2008-09-01 00:00:00,2,30.0912,32.4581,30.0912,26.9518,23.6084,21.2687,20.8926,20.5203,20.152,20.5203,20.5203,19.7875,19.0702,18.7173,19.0702,19.7875,39.6489,37.5086,37.5086,32.4581,31.4988,30.5562,38.0372,39.1074,31.9763,26.9518,30.5562,32.4581,31.4988,30.0912,
2008-08-01 00:00:00,2,25.2478,25.2478,24.8319,24.8319,24.8319,26.9518,28.2725,27.8282,26.5197,24.8319,24.8319,24.4201,24.0122,24.0122,23.6084,23.2085,22.8127,22.4208,22.0328,21.6488,21.2687,20.8926,20.8926,20.8926,20.8926,20.5203,20.152,20.152,19.7875,19.4269,28.2725
2008-07-01 00:00:00,2,33.4342,32.944,32.4581,32.4581,31.9763,31.4988,31.0254,31.0254,31.0254,30.5562,30.0912,30.0912,30.0912,29.6303,29.6303,29.1736,29.1736,28.721,28.721,28.2725,27.8282,27.8282,27.8282,27.3879,27.3879,27.3879,26.9518,26.9518,26.5197,26.0917,25.6677
2008-06-01 00:00:00,2,38.0372,38.0372,39.1074,39.1074,38.5701,38.0372,37.5086,36.9843,36.4643,36.4643,35.4372,35.4372,35.4372,34.9301,34.4272,33.9286,33.9286,33.9286,33.9286,33.9286,34.4272,34.4272,33.9286,33.9286,39.1074,38.5701,35.9487,34.9301,33.9286,33.4342,
2008-05-01 00:00:00,2,50.1508,51.4071,50.7767,50.7767,50.1508,49.5294,48.9126,47.6923,46.4901,45.3057,44.139,44.139,44.139,44.139,44.139,43.5624,42.9901,42.9901,42.9901,42.9901,42.4223,41.8589,41.2998,40.7452,40.1949,39.1074,39.1074,38.5701,38.5701,38.5701,38.0372
2008-04-01 00:00:00,2,69.4196,65.7097,63.5406,62.1181,67.9213,110.272,110.272,102.536,129.974,96.9485,96.035,135.087,96.035,78.8124,88.0392,100.653,70.9369,68.6681,69.4196,62.1181,60.7144,59.3293,58.6437,57.9628,57.2866,55.2855,53.9744,52.0421,50.7767,50.7767,
2008-03-01 00:00:00,2,65.7097,84.615,99.7194,85.4636,68.6681,60.7144,57.2866,61.4139,64.2589,65.7097,71.7027,74.0291,114.263,147.952,330.007,535.785,485.794,229.954,150.775,131.064,112.257,96.035,88.0392,86.3172,96.9485,97.8671,88.9076,90.6594,104.439,88.0392,76.3989
2008-02-01 00:00:00,2,247.285,232.233,154.576,152.67,204.458,183.361,184.392,166.226,159.385,145.152,120.406,103.485,96.035,99.7194,84.615,75.6041,66.4422,64.2589,65.7097,96.035,84.615,71.7027,80.4458,82.9326,100.653,155.532,111.262,76.3989,67.9213,,
2008-01-01 00:00:00,2,48.3002,45.3057,43.5624,42.4223,41.8589,42.9901,44.7201,62.827,68.6681,71.7027,75.6041,96.035,113.257,76.3989,60.7144,55.2855,45.8956,42.9901,51.4071,52.6816,56.6149,70.9369,64.9819,70.9369,62.827,66.4422,75.6041,62.827,62.1181,128.89,335.354
2007-12-01 00:00:00,2,26.1587,23.9889,24.4153,26.1587,27.5058,29.8259,32.7341,44.5548,54.2939,48.0942,38.9563,29.8259,30.3012,38.4171,57.5346,81.2792,75.1472,49.3041,50.529,102.158,207.709,228.818,152.67,157.453,173.192,123.562,80.4996,75.9006,63.6046,56.227,51.1471
2007-11-01 00:00:00,2,27.9623,25.2795,24.4153,22.732,24.4153,30.3012,29.8259,29.3544,32.24,33.7336,30.3012,27.5058,44.5548,67.1083,58.8572,36.298,29.8259,26.604,24.8455,27.5058,41.7086,39.4992,27.053,26.1587,25.2795,25.2795,53.657,50.529,41.1506,31.7497,
2007-10-01 00:00:00,2,17.6765,16.9551,15.9011,13.8947,14.2197,14.2197,13.8947,13.5735,12.6322,11.7248,11.4299,11.1387,11.1387,11.1387,10.8513,11.1387,11.1387,10.8513,10.8513,18.7868,80.4996,62.2294,33.7336,38.9563,35.2609,31.7497,32.24,33.7336,46.3076,55.5789,39.4992
2007-09-01 00:00:00,2,16.6,16.6,16.9551,16.9551,16.6,16.6,16.6,16.2487,16.2487,16.2487,15.5573,15.2173,14.881,14.881,15.2173,14.881,14.5485,14.2197,13.8947,13.8947,13.5735,13.256,12.9422,12.9422,12.9422,12.6322,12.326,12.6322,12.9422,14.2197,
2007-08-01 00:00:00,2,23.9889,23.5662,22.732,22.732,22.732,22.3206,21.9129,21.509,21.1089,20.7124,20.3198,20.3198,19.9309,19.9309,19.9309,19.9309,19.5458,19.1644,19.1644,18.7868,18.7868,18.4129,18.0428,18.0428,18.0428,18.0428,17.6765,17.3139,16.6,16.6,16.2487
2007-07-01 00:00:00,2,25.2795,25.7173,25.7173,25.2795,25.2795,24.8455,24.8455,24.8455,24.4153,23.9889,23.9889,23.5662,23.1472,23.5662,23.1472,23.1472,22.732,23.5662,23.1472,22.732,22.3206,21.9129,21.509,21.509,21.509,21.1088,21.1088,21.9129,23.9889,29.8259,28.8866
2007-06-01 00:00:00,2,33.7336,32.7341,32.24,32.7341,32.24,31.7497,31.7497,30.7803,29.8259,29.8259,29.3544,28.8866,28.8866,28.4225,27.9623,27.9623,27.5058,26.604,26.604,27.053,26.604,26.604,26.1587,26.1587,25.7173,25.7173,25.7173,25.7173,25.7173,25.7173,
2007-05-01 00:00:00,2,46.8994,43.978,42.2703,40.5964,38.4171,36.8221,34.2389,35.2609,34.7481,34.7481,34.7481,34.2389,34.7481,33.7336,33.232,33.232,32.7341,31.2631,30.3012,30.7803,30.7803,31.2631,30.7803,30.3012,29.8259,29.8259,30.7803,35.2609,38.4171,37.35,35.7776
2007-04-01 00:00:00,2,42.2703,40.5964,40.0459,38.9563,38.4171,37.8817,37.8817,41.1506,43.405,52.3945,53.0239,49.3041,49.3041,48.0942,46.8994,46.8994,43.978,40.5964,43.405,40.0459,37.8817,39.4992,43.405,54.9345,48.6973,41.7086,38.9563,38.9563,50.529,45.7196,
2007-03-01 00:00:00,2,67.1083,61.5474,57.5346,56.8789,55.5789,54.2939,53.0239,51.7689,50.529,49.3041,48.6973,48.6973,48.0942,45.7196,45.1353,44.5548,46.3076,52.3945,54.9345,56.227,56.227,55.5789,64.9948,57.5346,49.9146,49.3041,49.3041,60.1948,46.8994,45.1353,43.405
2007-02-01 00:00:00,2,178.245,147.952,140.341,140.341,176.216,151.721,144.224,118.247,122.488,95.5515,102.158,117.201,139.183,135.743,106.05,88.4652,81.2792,78.9515,79.7237,77.4185,76.6577,71.4368,65.6956,63.6046,66.4001,67.1083,70.706,75.9006,,,
2007-01-01 00:00:00,2,98.3508,100.244,113.07,129.015,207.709,168.204,133.478,108.029,122.488,147.016,201.229,185.426,145.152,198.023,219.821,283.591,294.906,259.145,162.301,135.743,119.299,140.341,180.284,170.191,130.123,164.258,162.301,252,214.278,236.82,261.546
2006-12-01 00:00:00,2,151.721,136.885,78.9515,59.5241,51.1471,56.8789,59.5241,85.2338,136.885,145.152,124.642,118.247,92.7997,77.4185,81.2792,93.7117,90.1034,97.4124,84.4354,72.1714,66.4001,59.5241,72.9097,81.2792,145.152,133.478,122.488,132.354,123.562,114.095,99.2946
2006-11-01 00:00:00,2,24.8455,27.5058,38.9563,48.6973,72.9097,62.9151,42.2703,59.5241,53.0239,41.1506,42.2703,47.4949,49.3041,49.9146,52.3945,58.8572,51.1471,41.1506,43.978,43.405,56.227,74.3976,57.5346,56.227,59.5241,42.8358,38.4171,37.35,48.0942,62.2294,
2006-10-01 00:00:00,2,21.9129,21.1088,21.9129,23.1472,25.7173,24.4153,23.1472,25.2795,31.2631,37.35,34.2389,32.24,31.2631,36.8221,43.978,35.7776,33.232,30.3012,27.5058,39.4992,118.247,80.4996,47.4949,35.2609,34.7481,31.7497,27.5058,24.8455,26.1587,24.4153,23.5662
2006-09-01 00:00:00,2,22.3206,21.9129,23.9889,30.3012,31.7497,26.604,26.604,26.604,26.604,24.8455,23.5662,21.9129,20.3198,19.5458,19.1644,18.4129,18.0428,17.6765,17.6765,17.6765,23.5662,28.8866,45.1353,45.1353,34.7481,32.7341,27.9623,25.2795,23.9889,22.3206,
2006-08-01 00:00:00,2,21.509,22.3206,26.1587,29.3544,24.8455,24.4153,23.9889,23.1472,22.732,21.509,21.1088,20.7124,20.7124,19.9309,19.5458,19.9309,19.5458,19.5458,19.1644,18.7868,19.1644,20.7124,21.1088,20.7124,19.9309,19.5458,19.1644,18.7868,19.5458,22.3206,24.4153
2006-07-01 00:00:00,2,28.4225,28.4225,27.9623,27.5058,27.9623,27.5058,27.053,26.604,26.604,26.1587,25.7173,25.2795,24.8455,24.4153,24.4153,23.9889,23.9889,23.9889,23.5662,23.1472,22.732,22.3206,22.732,22.732,22.3206,22.3206,21.9129,21.9129,21.509,21.509,21.509
2006-06-01 00:00:00,2,31.2631,31.2631,30.7803,30.3012,30.3012,29.8259,29.8259,29.3544,29.8259,29.3544,29.8259,28.8866,29.3544,28.8866,28.4225,28.4225,28.4225,27.9623,27.9623,27.5058,27.053,27.5058,27.5058,27.053,27.5058,27.5058,28.4225,31.2631,30.7803,29.3544,
2006-05-01 00:00:00,2,37.8817,42.8358,46.8994,44.5548,40.0459,37.35,36.298,35.7776,35.2609,34.7481,38.4171,41.7086,38.4171,36.8221,35.2609,34.7481,34.7481,34.2389,34.2389,33.7336,34.2389,32.7341,32.7341,32.7341,33.232,33.7336,33.7336,33.232,33.232,32.24,31.7497
2006-04-01 00:00:00,2,52.3945,49.9146,49.9146,49.3041,48.0942,46.3076,46.3076,45.7196,46.3076,59.5241,56.8789,51.7689,50.529,47.4949,46.3076,43.405,42.2703,42.8358,45.7196,45.7196,43.978,42.8358,42.2703,40.5964,39.4992,38.9563,38.4171,37.8817,38.4171,37.8817,
2006-03-01 00:00:00,2,64.2978,68.5361,100.244,80.4996,63.6046,69.2557,90.1034,81.2792,72.1714,67.1083,86.842,98.3508,82.8498,60.8692,61.5474,72.9097,73.6518,69.2557,97.4124,98.3508,83.6407,77.4185,72.1714,63.6046,57.5346,56.227,98.3508,67.8203,56.227,53.0239,51.7689
2006-02-01 00:00:00,2,103.123,116.16,80.4996,73.6518,58.8572,53.0239,49.9146,47.4949,46.3076,53.0239,59.5241,84.4354,157.453,140.341,99.2946,110.029,93.7117,73.6518,64.2978,58.194,54.2939,52.3945,50.529,51.1471,52.3945,54.2939,63.6046,64.9948,,,
2006-01-01 00:00:00,2,66.4001,69.9789,78.9515,102.158,116.16,213.177,170.191,130.123,129.015,95.5515,76.6577,70.706,66.4001,63.6046,60.8692,58.8572,57.5346,55.5789,54.2938,53.0239,51.1471,49.9146,48.0942,45.7196,46.8994,45.7196,44.5548,45.7196,67.1083,90.1034,82.0626
2005-12-01 00:00:00,2,59.5241,58.194,82.0626,81.2792,68.5361,59.5241,72.1714,139.183,99.2946,103.123,178.245,352.991,303.84,228.818,216.488,220.937,169.196,119.299,100.244,121.42,151.721,109.026,100.244,82.8498,72.9097,74.3976,108.029,88.4652,75.9006,71.4368,71.4368
2005-11-01 00:00:00,2,64.2978,99.2946,62.9151,60.8692,81.2792,108.029,77.4185,60.1948,62.9151,93.7117,66.4001,62.2294,64.2978,52.3945,46.8994,48.0942,50.529,49.9146,58.194,86.036,158.418,118.247,72.1714,69.2557,77.4185,72.9097,153.622,146.082,81.2792,67.8203,
2005-10-01 00:00:00,2,40.5964,38.4171,34.7481,32.7341,31.7497,30.7803,32.24,46.3076,42.8358,31.7497,29.8259,26.604,26.1587,24.8455,24.4153,23.5662,23.1472,21.9129,21.9129,21.1089,20.7124,21.1089,20.3198,20.7124,21.509,22.3206,27.053,27.9623,28.8866,36.8221,47.4949
2005-09-01 00:00:00,2,28.4225,26.604,26.604,27.9623,28.8866,28.8866,28.4225,30.3012,40.5964,35.7776,31.2631,29.8259,28.4225,27.5058,27.5058,27.053,26.604,30.7803,40.0459,47.4949,42.8358,35.7776,30.7803,30.3012,29.3544,40.5964,81.2792,74.3976,61.5474,46.8994,
2005-08-01 00:00:00,2,38.4171,37.35,35.7776,35.7776,35.2609,34.7481,34.2389,34.2389,33.7336,33.232,33.7336,34.7481,34.7481,35.2609,36.298,37.35,34.7481,35.2609,35.7776,34.7481,33.7336,32.24,31.2631,35.7776,30.7803,29.8259,29.3544,30.3012,31.2631,29.8259,29.3544
2005-07-01 00:00:00,2,43.978,43.405,42.8358,42.2703,41.7086,41.1506,40.5964,40.5964,40.5964,40.5964,40.5964,40.5964,40.5964,40.0459,39.4992,38.9563,38.9563,38.9563,38.4171,38.9563,42.2703,44.5548,42.8358,40.5964,38.9563,39.4992,38.9563,43.405,48.0942,44.5548,40.0459
2005-06-01 00:00:00,2,56.227,54.9345,53.657,53.0239,51.7689,50.529,49.9146,49.9146,49.3041,48.0942,48.0942,46.8994,46.8994,46.3076,45.7196,45.7196,45.1353,45.1353,45.1353,45.1353,48.0942,52.3945,58.194,49.9146,47.4949,45.7196,45.1353,45.1353,43.978,43.978,
2005-05-01 00:00:00,2,138.031,91.8929,71.4368,62.9151,58.8572,56.227,54.9345,54.9345,53.657,52.3945,53.0239,51.7689,51.1471,49.9146,49.3041,48.6973,48.6973,48.0942,48.0942,47.4949,47.4949,46.8994,50.529,82.8498,96.4793,116.16,132.354,82.8498,64.9948,60.8692,58.8572
2005-04-01 00:00:00,2,80.4996,75.9006,74.3976,72.1714,69.979,67.8203,67.1083,65.6956,64.2978,62.9151,60.8692,60.1948,59.5241,57.5346,57.5346,56.227,55.5789,54.9345,56.227,56.8789,54.2939,53.657,53.657,56.227,56.227,61.5474,62.2294,93.7117,65.6956,79.7237,
2005-03-01 00:00:00,2,198.023,178.245,143.298,320.741,424.483,288.596,172.189,145.152,129.015,116.16,109.026,124.642,108.029,98.3508,89.2824,94.6289,106.05,118.247,142.375,126.817,107.037,111.037,134.608,115.125,82.0626,168.204,151.721,108.029,90.9914,80.4996,84.4354
2005-02-01 00:00:00,2,101.198,90.9914,86.842,110.029,120.357,135.743,146.083,106.05,86.036,75.9006,72.1714,100.244,135.743,142.375,103.123,82.8498,78.1832,87.6517,113.07,172.189,136.885,87.6517,75.9006,72.1714,69.9789,86.036,140.341,111.037,,,
2005-01-01 00:00:00,2,94.6289,94.6289,83.1128,79.7456,72.4679,77.274,90.0952,98.3508,218.708,182.333,105.069,110.029,174.198,162.301,109.026,80.5797,78.9166,286.089,500.086,388.015,187.5,152.67,129.015,241.447,167.213,126.817,130.123,203.379,143.298,133.478,114.095
2004-12-01 00:00:00,2,59.1273,47.971,36.0465,27.8303,28.7323,38.1639,81.4189,105.069,76.4603,72.4679,73.2562,88.3184,81.4189,69.3645,51.7517,42.6143,39.2494,37.0963,36.5692,77.274,102.158,207.709,254.372,255.561,289.853,231.092,145.152,101.198,83.9674,98.3508,112.051
2004-11-01 00:00:00,2,20.837,21.5982,31.062,24.8061,20.837,19.0039,19.7252,26.9453,40.3529,27.3857,24.3907,20.837,19.7252,19.0039,18.2984,17.6086,17.2695,21.9849,25.2256,35.0145,45.544,36.5692,27.3857,23.5724,20.837,19.3625,17.9515,17.6086,21.5982,39.2494,
2004-10-01 00:00:00,2,15.952,15.952,16.6031,21.5982,32.5115,37.6278,29.1897,24.8061,21.9849,20.837,20.837,20.837,25.2256,30.5875,27.3857,26.9453,25.2256,21.5982,20.837,21.2156,20.837,19.7252,19.7252,19.3625,20.4624,21.2156,24.8061,32.5115,28.7323,23.9795,21.9849
2004-09-01 00:00:00,2,23.5724,22.7705,22.3757,21.9849,21.9849,21.5982,21.2156,21.2156,20.837,20.837,20.4624,20.0918,19.7252,19.7252,19.3625,19.3625,19.3625,19.3625,19.3625,20.0918,20.837,20.0918,19.7252,19.0039,18.2984,17.6086,17.6086,17.2695,16.6031,16.2756,
2004-08-01 00:00:00,2,32.5115,31.5408,31.062,30.5875,30.1172,30.1172,29.6513,29.6513,29.1897,28.7323,28.2792,28.2792,27.8303,27.8303,27.3857,27.8303,27.3857,27.3857,27.3857,26.9453,26.5091,26.5091,25.6492,25.2256,24.8061,24.8061,24.3907,23.9795,23.9795,23.9795,23.5724
2004-07-01 00:00:00,2,36.5692,35.5283,35.0145,34.5051,34.5051,34.0002,34.0002,33.4996,33.4996,34.0002,38.7044,68.6011,47.3573,41.4745,38.1639,36.5692,36.0465,35.5283,34.0002,35.5283,44.9489,43.1911,39.2494,36.0465,34.5051,34.0002,33.4996,33.0033,32.5115,32.5115,32.024
2004-06-01 00:00:00,2,49.2125,47.3573,66.341,59.8266,58.4327,55.0324,51.7517,44.9489,43.1911,42.0422,41.4745,40.9114,39.2494,39.2494,39.7989,40.3529,40.9114,43.1911,43.1911,40.3529,39.2494,38.7044,38.1639,37.0963,37.0963,37.0963,36.5692,36.5692,36.0465,36.5692,
2004-05-01 00:00:00,2,49.2125,47.971,46.7482,46.7482,45.544,44.9489,45.544,44.9489,44.3584,43.7724,43.1911,43.1911,42.0422,42.0422,41.4745,44.3584,51.7517,53.7058,49.2125,47.971,47.3573,51.1098,47.971,44.9489,43.1911,42.0422,42.0422,43.1911,43.1911,55.0324,57.743
2004-04-01 00:00:00,2,69.3645,63.3966,59.1273,62.6729,86.5624,157.453,107.037,93.7117,72.4679,75.6517,109.026,121.42,103.123,102.158,81.4189,71.6845,76.4603,67.8428,70.1328,62.6729,57.743,55.7028,53.7058,52.3984,51.7517,53.0497,55.7028,54.3667,52.3984,50.4727,
2004-03-01 00:00:00,2,175.206,130.123,125.727,202.303,181.307,141.455,129.015,109.026,98.3508,88.3184,82.2633,79.7456,78.9166,77.274,76.4603,74.0497,80.5797,74.0497,68.6011,73.2562,84.8273,81.4189,69.3645,63.3966,62.6729,59.1273,57.0581,57.0581,67.0894,62.6729,71.6845
2004-02-01 00:00:00,2,49.2125,47.3573,51.7517,60.5309,51.7517,47.3573,44.3584,44.9489,51.7517,100.244,85.6923,108.029,115.125,97.4124,74.0497,182.333,196.96,176.216,147.952,111.037,116.16,143.298,148.89,135.743,186.462,175.206,233.376,361.264,335.354,,
2004-01-01 00:00:00,2,43.7724,55.0324,98.3508,90.0952,59.1273,55.7028,49.8402,46.1438,74.8481,390.879,574.254,339.389,228.818,324.698,214.278,200.158,192.73,138.031,100.244,86.5624,78.9166,72.4679,70.9062,71.6845,71.6845,66.341,61.954,57.743,54.3667,52.3984,50.4727
2003-12-01 00:00:00,2,53.7058,78.0928,109.026,83.1128,79.7456,147.016,232.233,271.247,152.67,102.158,94.6289,76.4603,65.5975,67.8428,63.3966,61.954,50.4727,43.7724,38.1639,35.5283,34.0002,44.9489,77.274,60.5309,57.743,47.3573,46.7482,47.971,46.7482,49.8402,43.7724
2003-11-01 00:00:00,2,13.7933,15.0042,20.0918,35.5283,32.024,22.7705,19.7252,22.7705,50.4727,48.5894,33.4996,26.0771,20.837,21.9849,19.3625,18.2984,17.2695,20.4624,26.9453,33.4996,74.8482,88.3184,52.3983,36.5692,28.7323,25.2256,23.9795,26.5091,53.7059,38.1639,
2003-10-01 00:00:00,2,18.2984,17.2695,16.2756,15.6323,15.3163,14.6958,13.7933,12.9243,13.2103,14.3912,17.9515,23.5724,22.7705,20.0918,17.9515,16.6031,15.3163,14.3912,13.4999,13.4999,12.9243,11.5496,10.7682,13.7933,14.3912,19.7252,19.7252,16.6031,15.0042,13.4999,13.2103
2003-09-01 00:00:00,2,21.2156,20.837,20.0918,19.3625,19.0039,18.6491,17.6086,17.6086,17.2695,17.2695,17.2695,17.2695,16.9344,16.9344,16.6031,17.2695,17.9515,18.2984,18.6491,18.6491,17.6086,16.9344,16.2756,15.6323,14.6958,14.6958,15.3163,15.0042,15.0042,15.6323,
2003-08-01 00:00:00,2,20.837,22.7705,21.9849,21.2156,20.837,20.4624,20.0918,19.7252,19.3625,19.3625,19.0039,19.3625,19.3625,19.0039,19.0039,20.0918,26.0771,29.6513,23.9795,22.3757,20.0918,19.3625,19.3625,20.0918,19.3625,19.0039,19.3625,21.5982,22.3757,21.9849,21.9849
2003-07-01 00:00:00,2,23.5724,23.5724,22.7705,23.1694,22.7705,23.1694,23.5724,23.1694,21.9849,21.9849,21.9849,21.9849,21.9849,23.1694,30.1172,28.2792,25.6492,23.9795,23.5724,23.1694,22.7705,22.3757,23.1694,21.5982,21.9849,21.2156,21.5982,20.837,21.2156,20.4624,21.2156
2003-06-01 00:00:00,2,29.1897,29.6513,28.7323,28.7323,29.6513,28.2792,27.8303,26.9453,27.3857,27.3857,27.8303,26.9453,26.9453,26.5091,25.2256,26.5091,26.5091,25.2256,26.0771,24.3907,25.2256,23.9795,24.3907,24.3907,23.9795,23.5724,23.1694,23.5724,23.9795,23.5724,
2003-05-01 00:00:00,2,34.5051,33.0033,34.0002,35.0145,36.0465,40.9114,45.544,46.1438,40.9114,37.0963,35.0145,35.0145,35.0145,34.5051,35.0145,33.4996,33.0033,33.0033,33.0033,32.5115,32.024,31.5408,32.5115,32.5115,31.5408,30.5875,30.5875,30.1172,31.062,32.024,31.062
2003-04-01 00:00:00,2,51.7517,50.4727,48.5894,48.5894,48.5894,49.8402,54.3667,59.8266,56.3781,70.1328,65.5975,57.0581,49.8402,47.3573,45.544,43.7724,44.3584,43.1911,42.0422,40.9114,40.3529,39.7989,39.2494,38.1639,37.6279,38.7044,37.0963,36.5692,35.5283,35.0145,
2003-03-01 00:00:00,2,42.6143,40.9114,40.9114,42.6143,42.0422,40.9114,39.2494,38.7044,46.7482,57.0581,60.5309,53.7058,53.7058,66.341,74.8481,138.031,187.5,232.233,155.532,104.093,84.8273,97.4124,99.2946,116.16,90.0952,71.6845,64.8589,61.24,59.1273,56.3781,53.7058
2003-02-01 00:00:00,2,190.631,121.42,95.5515,90.0952,79.7456,73.2562,64.1253,66.341,63.3966,59.8266,58.4327,57.0581,54.3667,52.3984,49.8402,61.954,95.5515,72.4679,67.8428,75.6517,63.3966,57.743,53.7058,50.4727,47.971,46.1438,44.9489,43.1911,,,
2003-01-01 00:00:00,2,71.6845,65.5975,148.89,232.233,104.093,127.914,145.152,243.775,155.532,108.029,157.453,178.245,142.375,119.299,139.183,175.206,172.189,151.721,162.301,220.937,170.191,147.016,176.216,147.016,110.029,99.2946,92.7997,71.6845,94.6289,164.258,237.973
2002-12-01 00:00:00,2,38.7044,31.5408,28.7323,28.2792,46.7482,36.0465,38.1639,114.095,130.123,94.6289,95.5515,147.952,231.092,217.596,157.453,130.123,150.775,152.67,105.069,85.6923,70.1328,75.6517,80.5797,75.6517,110.029,80.5797,83.1128,59.1273,53.7058,52.3984,57.0581
2002-11-01 00:00:00,2,20.837,40.3529,52.3984,37.6279,27.3857,30.5875,83.9674,58.4327,40.3529,32.5115,26.9453,24.3907,30.5875,29.6513,28.2792,25.2256,24.3907,33.4996,61.954,60.5309,64.1253,75.6517,66.341,57.0581,133.478,153.622,76.4603,54.3667,49.8402,44.3584,
2002-10-01 00:00:00,2,20.837,19.3625,19.7252,19.3625,18.2984,17.9515,17.2695,16.2756,15.3163,15.0042,14.3912,13.4999,13.2103,12.6421,12.0885,11.8173,11.2855,11.2855,10.5149,10.2651,10.0189,10.2651,12.0885,17.6086,15.952,15.6323,19.7252,24.3907,21.2156,15.6323,16.6031
2002-09-01 00:00:00,2,15.952,20.0918,25.6492,25.6492,21.5982,18.2984,17.6086,17.6086,19.3625,18.6491,17.9515,16.9344,16.2756,15.952,15.6323,15.0042,14.6958,14.3912,14.0904,14.0904,13.7933,14.0904,16.6031,31.062,44.9489,49.2125,45.544,32.024,23.9795,21.9849,
2002-08-01 00:00:00,2,18.6491,17.9515,17.9515,17.9515,18.6491,19.0039,19.0039,18.2984,17.2695,16.9344,16.6031,15.952,15.6323,15.6323,15.6323,15.6323,15.3163,15.3163,15.0042,15.0042,15.0042,14.6958,14.0904,14.0904,14.0904,14.0904,14.0904,14.0904,14.0904,14.0904,14.6958
2002-07-01 00:00:00,2,21.5982,21.5982,21.5982,21.2156,20.837,21.2156,20.837,20.837,20.4624,20.4624,21.2156,21.9849,21.9849,21.9849,22.3757,21.9849,21.5982,21.2156,20.837,20.4624,20.0918,19.7252,19.7252,19.7252,19.3625,19.3625,19.0039,19.0039,19.0039,19.0039,18.6491
2002-06-01 00:00:00,2,26.5091,26.9453,26.0771,26.0771,25.2256,25.2256,25.2256,24.8061,24.8061,24.3907,24.3907,24.3907,23.9795,23.9795,23.9795,23.5724,23.5724,23.1694,23.1694,23.1694,22.7705,22.3757,22.3757,22.3757,21.9849,21.9849,21.9849,21.9849,21.9849,21.5982,
2002-05-01 00:00:00,2,33.6045,33.6045,33.1152,33.1152,33.1152,33.6045,40.8268,46.7482,43.7724,37.6278,36.0465,35.5283,34.0001,32.024,31.5408,31.062,30.5875,29.6513,29.1897,29.6513,29.1897,32.024,30.1172,30.5875,31.062,29.6513,28.7323,28.2792,27.3857,26.9453,26.5091
2002-04-01 00:00:00,2,51.1292,49.9281,48.1529,46.987,45.2646,44.6976,44.134,45.2646,48.7411,54.1934,48.7411,45.8352,44.6976,43.574,42.4645,41.3692,39.7526,39.2209,38.6926,38.1679,37.1291,37.1291,36.6149,36.1044,36.6149,35.0938,35.0938,34.5938,34.0974,33.6045,
2002-03-01 00:00:00,2,89.781,84.615,78.1013,74.423,72.258,70.8322,70.1246,65.9523,62.5718,60.5857,61.2442,59.2791,58.6311,58.6311,65.2692,82.9326,78.8475,77.3587,70.1246,72.9762,71.5434,71.5434,90.6594,68.0227,61.2442,72.9762,81.2698,80.4458,60.5857,54.1934,51.735
2002-02-01 00:00:00,2,103.485,90.6594,162.301,123.548,96.9485,82.9326,103.485,80.4458,100.653,153.622,147.952,136.893,80.4458,80.4458,72.9762,80.4458,131.064,222.055,242.61,172.189,143.298,188.541,194.84,179.263,157.453,126.737,103.485,98.7907,,,
2002-01-01 00:00:00,2,154.576,128.89,131.064,114.263,93.3247,94.2231,100.653,70.8322,63.9135,61.9063,54.1934,50.5269,49.3328,54.8168,83.7713,144.224,143.298,109.287,131.064,147.016,118.337,86.3172,72.258,68.0227,69.4204,91.5428,137.8,140.537,123.548,89.781,115.274
2001-12-01 00:00:00,2,111.262,184.392,135.989,73.6978,54.8168,46.4094,41.3692,54.8168,68.0227,48.7411,41.3692,35.0938,32.1471,32.1471,36.6149,49.9281,174.198,259.145,150.775,82.9326,103.485,101.592,75.1517,79.6266,78.8475,74.423,75.8839,84.615,98.7908,163.279,164.258
2001-11-01 00:00:00,2,14.7705,14.7705,43.0175,41.3692,65.9523,68.0227,65.9523,50.5269,41.9151,50.5269,36.6149,29.3278,38.1679,87.1757,82.0987,61.2442,67.329,91.5428,61.9063,49.9281,44.6976,44.6976,37.6467,37.1291,43.0175,36.6149,31.1932,28.8704,53.5735,49.9281,
2001-10-01 00:00:00,2,17.5045,18.2237,20.4671,37.1291,44.6976,30.7215,24.0726,20.8534,19.3293,20.4671,22.4345,21.2434,18.9572,17.8623,17.1502,16.7996,16.1089,15.4325,14.7705,18.5887,23.6577,34.5938,30.2534,24.0726,21.6369,20.8534,17.8623,16.1089,15.4325,14.4449,14.4449
2001-09-01 00:00:00,2,17.8623,16.7995,16.4524,16.1089,15.7689,15.0997,14.1228,14.1228,13.4894,13.1781,12.8703,12.5662,12.5662,12.2656,15.7689,20.4671,30.2534,26.6363,20.8534,18.5887,17.1502,15.4325,14.7705,15.7689,16.7995,17.5045,18.5887,18.2237,17.8623,17.5045,
2001-08-01 00:00:00,2,14.7705,14.7705,15.0997,14.4449,14.4449,14.4449,14.4449,14.1228,13.4894,13.8043,13.8043,13.8043,13.4894,13.4894,13.1781,13.1781,13.1781,12.8703,12.8703,12.8703,12.8703,12.8703,12.5662,18.5887,27.5193,26.2001,23.2464,20.0843,18.9572,18.5887,18.2237
2001-07-01 00:00:00,2,16.4524,16.4524,16.4524,16.7995,16.7995,16.4524,16.4524,16.4524,16.4524,16.4524,16.1089,16.1089,16.1089,16.1089,16.1089,16.1089,16.1089,16.4524,16.7995,17.1502,16.7995,16.7995,16.7995,16.4524,16.7995,16.7995,16.7995,16.4524,15.7689,15.0997,14.7705
2001-06-01 00:00:00,2,24.9129,24.491,23.6577,22.4345,22.4345,22.0339,21.6369,21.2434,20.8534,21.2434,20.8534,20.0843,20.0843,20.4671,20.0843,20.0843,19.3293,18.9572,18.9572,18.5887,18.5887,18.5887,18.5887,18.2237,18.2237,17.8623,17.8623,17.1502,16.7996,16.7996,
2001-05-01 00:00:00,2,21.2434,20.8534,20.8534,20.4671,20.0843,19.705,19.705,19.705,19.705,19.3293,19.3293,19.3293,19.3293,22.4345,24.0726,24.9129,30.7215,51.735,47.5682,34.0974,26.6363,25.7675,24.9129,24.0726,24.0726,24.0726,29.3278,27.5193,27.5193,26.2001,25.7675
2001-04-01 00:00:00,2,54.1934,44.134,38.6926,35.5973,28.8704,29.3278,38.6926,29.3278,29.3278,28.4165,27.9661,27.9661,28.4165,39.2209,34.5938,31.6683,32.1471,35.0938,30.2534,27.076,26.2001,26.2001,24.9129,24.0726,23.6577,22.8387,22.4345,22.0339,21.6369,21.6369,
2001-03-01 00:00:00,2,27.5193,28.4165,32.6293,28.8704,30.2534,31.1932,40.288,31.6683,31.1932,40.8268,53.5735,54.1934,85.4636,89.781,64.5896,45.8352,41.9151,38.6926,35.5973,32.6293,32.1471,30.7215,31.1932,29.7889,28.8704,27.9661,27.076,27.076,36.6149,52.9572,75.8838
2001-02-01 00:00:00,2,45.8352,44.6976,45.8352,42.4645,40.8268,48.1529,45.2646,43.0175,43.0175,56.7082,47.5682,45.2646,43.574,42.4645,41.3692,40.288,38.1679,37.1291,38.6926,35.0938,31.6683,31.1932,30.2534,29.7889,30.7215,29.7889,28.8704,27.9661,,,
2001-01-01 00:00:00,2,135.087,172.189,212.079,373.831,199.089,145.152,99.7194,83.7713,78.1013,87.1757,76.6195,72.258,66.6389,59.9306,55.4438,52.9572,50.5269,49.9281,45.8352,44.6976,45.2646,78.8475,75.8838,68.7198,65.2692,59.9306,54.8168,52.3443,51.1292,49.3328,46.4094
2000-12-01 00:00:00,2,75.8839,88.9076,88.9076,76.6195,126.737,142.375,78.8475,65.9523,57.3456,49.3328,48.7411,61.2442,46.987,42.4645,40.288,38.1679,36.1044,101.592,195.899,127.811,75.8839,82.9326,90.6594,87.1757,84.615,55.4438,54.8168,92.4312,82.0987,68.7198,96.9485
2000-11-01 00:00:00,2,28.4165,26.6363,23.2464,21.2434,23.2464,33.6045,43.0175,47.5682,46.4094,38.1679,33.6045,28.8704,27.076,37.6467,86.3172,98.7907,77.3587,78.8475,82.0987,54.8168,61.2442,54.8168,51.735,51.1292,45.2646,38.1679,36.1044,52.3443,57.9866,46.987,
2000-10-01 00:00:00,2,25.7675,27.9661,45.2646,38.6926,29.7889,26.2001,24.0726,23.6577,22.8387,21.2434,20.4671,19.3293,18.5887,17.8623,16.7996,16.4524,16.1089,15.7689,15.4325,15.0997,15.0997,15.0997,18.5887,24.491,24.0726,19.3293,17.1502,16.7996,15.7689,18.2237,25.3384
2000-09-01 00:00:00,2,26.2001,33.1152,45.2646,57.3456,53.5735,41.3692,37.6467,38.1679,37.1291,32.1471,31.6683,30.2534,28.4165,26.6363,26.2001,25.3384,24.9129,24.491,24.491,23.6577,22.8387,21.6369,21.2434,20.8534,20.0843,20.0843,20.8534,22.0339,31.1932,27.5193,
2000-08-01 00:00:00,2,23.6577,22.8387,22.4345,23.2464,22.8387,23.6577,23.2464,23.2464,22.8387,22.0339,21.6369,21.2434,21.2434,20.8534,20.8534,20.8534,20.4671,20.4671,20.0843,20.0843,20.0843,20.0843,20.0843,19.3293,18.5887,18.5887,18.2237,17.8623,20.8534,26.2001,29.3278
2000-07-01 00:00:00,2,24.0726,24.0726,24.0726,24.0726,24.0726,24.0726,24.0726,24.0726,24.0726,24.0726,23.6577,23.6577,23.2464,23.6577,24.0726,24.491,27.5193,28.8704,27.076,25.3384,24.491,24.491,24.0726,24.0726,24.0726,24.491,26.2001,25.7675,24.491,24.0726,23.6577
2000-06-01 00:00:00,2,29.7889,29.3278,29.3278,30.7215,30.2534,30.2534,29.7889,29.3278,29.3278,29.3278,28.8704,28.4165,27.9661,27.9661,27.9661,27.5193,27.5193,27.076,27.076,27.076,26.6363,26.6363,26.2001,26.2001,25.7675,25.7675,25.3384,25.3384,24.9129,24.491,
2000-05-01 00:00:00,2,37.1291,37.1291,37.1291,36.6149,36.6149,36.1044,36.1044,35.0938,34.5938,34.5938,37.6467,36.1044,34.5938,34.0974,33.6045,33.1152,33.1152,32.6293,31.6683,31.1931,31.1931,31.6683,31.6683,32.1471,31.6683,31.6683,31.1931,30.7215,30.7215,30.2534,30.2534
2000-04-01 00:00:00,2,57.9866,51.735,51.1292,49.9281,47.5682,45.8352,45.8352,45.8352,45.2646,44.6976,44.6976,44.6976,55.4438,56.0742,53.5735,54.1934,52.9572,45.8352,44.134,44.6976,50.5269,48.7411,44.134,41.3692,40.8268,39.2209,39.2209,38.1679,38.1679,37.6467,
2000-03-01 00:00:00,2,58.6311,56.7081,53.5735,51.1292,50.5269,49.3328,48.7411,53.5735,75.1517,69.4204,76.6195,86.3172,101.592,87.1757,68.0227,75.1517,65.2692,68.7198,68.7198,157.453,187.5,109.287,83.7713,68.7198,61.9063,62.5718,58.6311,68.7198,60.5857,61.2442,63.9135
2000-02-01 00:00:00,2,189.585,156.492,147.016,115.274,96.035,98.7907,111.262,158.418,214.278,187.5,147.016,111.262,100.653,96.035,83.7713,75.8838,71.5434,71.5434,102.536,88.0392,74.423,67.329,65.2692,61.2442,63.2409,66.6389,68.7198,69.4204,61.2442,,
2000-01-01 00:00:00,2,71.5434,78.8475,148.89,154.576,132.158,110.272,94.2231,79.6266,65.9523,57.9866,52.9572,49.9281,48.1529,46.987,45.2646,43.0175,50.5269,71.5434,90.6594,72.9762,108.307,88.0392,96.035,65.2692,56.7081,62.5718,98.7908,220.937,324.698,306.414,242.61
1999-12-01 00:00:00,2,51.1292,45.8352,37.6467,33.6045,38.1679,75.1517,63.2409,65.9523,101.592,75.1517,80.4458,131.064,107.332,78.8475,86.3172,75.1517,62.5718,52.3443,46.987,45.8352,49.3328,58.6311,56.7082,62.5718,107.332,79.6266,59.9306,51.735,57.3456,61.2442,77.3587
1999-11-01 00:00:00,2,21.6369,20.0843,18.9572,18.2237,16.7996,17.8623,24.0726,49.3328,63.9135,53.5735,44.6976,49.3328,51.735,44.6976,41.9151,35.5973,31.1932,27.9661,25.3384,33.1152,52.9572,127.811,75.1517,61.2442,61.2442,52.9572,45.2646,43.574,78.1013,61.2442,
1999-10-01 00:00:00,2,16.4524,15.7689,15.4325,15.0997,16.7996,16.7996,16.4524,16.4524,16.4524,16.1089,15.0997,14.7705,14.4449,13.8043,13.4894,13.1781,12.5662,12.2656,12.5662,14.1228,27.5193,63.9135,56.0742,46.987,32.1471,27.076,34.0974,35.0938,31.1932,25.7675,23.6577
1999-09-01 00:00:00,2,14.7705,14.7705,14.1228,14.1228,13.8043,13.8043,13.4894,13.4894,13.4894,13.4894,13.1781,13.1781,15.0997,18.5887,23.2464,21.6369,19.705,19.705,18.9572,18.2237,17.1502,16.7996,19.3293,28.4165,40.288,26.2001,22.8387,19.705,17.8623,17.1502,
1999-08-01 00:00:00,2,20.4671,20.0843,19.705,19.705,19.3293,18.9572,18.9572,18.5887,18.2237,18.2237,18.2237,18.2237,17.5045,17.1502,16.7996,16.4524,16.4524,16.4524,17.1502,17.5045,17.5045,17.1502,16.4524,16.4524,16.1089,15.7689,15.7689,15.7689,15.7689,15.4325,15.0997
1999-07-01 00:00:00,2,23.2464,22.8387,22.8387,22.8387,22.8387,22.4345,22.4345,23.2464,23.6577,23.6577,25.3384,24.9129,23.6577,23.6577,23.2464,23.2464,22.8387,22.8387,22.4345,22.0339,22.0339,21.6369,21.6369,21.2434,21.2434,21.2434,21.6369,21.6369,21.2434,20.8534,20.8534
1999-06-01 00:00:00,2,27.076,27.076,26.2001,26.2001,26.6363,26.2001,26.2001,26.2001,26.2001,26.2001,26.6363,26.2001,26.2001,26.6363,26.6363,27.5193,27.5193,27.9661,27.9661,25.7675,25.7675,25.7675,25.7675,25.3384,24.491,24.0726,24.0726,23.6577,23.6577,23.6577,
1999-05-01 00:00:00,2,34.5938,34.0974,33.6045,33.1152,32.6293,32.6293,32.6293,32.6293,34.0974,37.1291,35.0938,34.0974,33.1152,32.1471,31.6683,30.7215,30.2534,30.2534,30.2534,29.7889,29.3278,28.8704,28.4165,28.4165,27.9661,27.9661,27.9661,28.4165,27.9661,27.5193,27.5193
1999-04-01 00:00:00,2,68.0227,63.2409,60.5857,51.735,48.7411,48.1529,46.4094,46.4094,44.6976,46.987,45.8352,43.0175,41.3692,41.3692,40.8268,40.8268,43.0175,44.6976,49.9281,45.2646,43.0175,40.288,39.7527,38.6926,37.6467,37.6467,36.6149,35.5973,35.5973,34.5938,
1999-03-01 00:00:00,2,94.2231,107.332,87.1757,90.6594,74.423,65.2692,82.9326,108.307,214.278,156.492,228.818,207.709,147.952,126.737,105.398,84.615,73.6979,68.7198,63.9135,61.2442,57.9866,56.0742,55.4438,59.9306,133.259,135.989,80.4458,65.2692,61.2442,56.0742,60.5857
1999-02-01 00:00:00,2,57.3456,53.5735,48.7411,42.4645,38.6926,38.1679,40.8268,45.2646,65.9523,54.8168,44.6976,39.7527,39.2209,37.6467,37.1291,36.1044,38.6926,43.574,42.4645,49.3328,40.8268,37.1291,35.0938,35.0938,39.7527,56.7082,74.423,69.4204,,,
1999-01-01 00:00:00,2,113.257,140.537,139.622,137.8,165.241,138.71,141.455,127.811,101.592,75.8839,68.7198,62.5718,57.3456,56.7081,57.9866,76.6195,79.6266,61.9063,53.5735,49.3328,46.4094,46.987,44.6976,41.9151,39.7526,37.6467,38.1679,41.9151,61.2442,71.5434,59.2791
1998-12-01 00:00:00,2,52.3443,50.5269,42.4645,36.6149,33.6045,34.5938,43.574,43.574,75.1517,62.5718,52.9572,49.3328,42.4645,41.3692,42.4645,65.2692,94.2231,72.258,72.9762,132.158,121.448,78.8475,60.5857,62.5718,49.3328,46.987,61.2442,77.3587,96.035,77.3587,78.1013
1998-11-01 00:00:00,2,56.0742,57.3456,61.9063,65.2692,63.9135,57.9866,55.4438,45.2646,43.0175,40.8268,44.6976,56.7082,56.7082,48.7411,41.3692,39.2209,34.5938,33.6045,32.1471,31.1932,31.1932,29.3278,30.2534,56.7082,45.2646,37.6467,38.1679,38.1679,57.9866,68.0227,
1998-10-01 00:00:00,2,20.4671,40.288,44.6976,45.2646,33.1152,26.2001,25.3384,25.7675,26.6363,26.2001,27.5193,37.1291,35.0938,31.6683,28.4165,27.9661,28.8704,50.5269,54.1934,44.6976,31.1931,30.2534,29.3278,28.4165,26.6363,24.491,24.491,26.2001,29.7889,35.0938,58.6311
1998-09-01 00:00:00,2,21.6369,26.2001,26.2001,24.0726,22.8387,21.6369,20.8534,20.0843,20.8534,20.4671,20.0843,19.705,19.705,19.705,18.9572,18.5887,18.9572,19.3293,20.8534,19.705,19.3293,18.5887,18.2237,17.5045,17.5045,17.1502,17.5045,17.8623,22.0339,20.0843,
1998-08-01 00:00:00,2,23.6577,23.6577,23.6577,23.2464,23.6577,23.6577,25.7675,35.0938,54.1934,46.4094,40.8268,39.2209,35.0938,33.1152,30.2534,28.4165,27.076,26.6363,25.7675,25.3384,24.491,24.0726,23.6577,23.6577,23.6577,23.2464,22.4345,22.0339,22.0339,21.6369,21.2434
1998-07-01 00:00:00,2,30.7215,30.7215,30.2534,30.2534,29.7889,28.8704,29.3278,28.4165,27.9661,27.5193,27.076,26.6363,26.6363,26.2001,26.2001,25.7675,25.3384,25.3384,25.3384,25.3384,24.9129,24.491,24.491,24.491,24.491,24.0726,24.491,23.6577,23.6577,23.6577,23.6577
1998-06-01 00:00:00,2,71.5434,51.1292,43.0175,38.6926,38.1679,37.1291,35.5973,35.0938,34.5938,34.0974,33.1152,33.6045,32.6293,32.6293,32.6293,32.1471,32.1471,31.6683,31.6683,31.1932,30.7215,31.1932,31.1932,31.1932,31.1932,30.7215,30.7215,30.7215,30.2534,30.2534,
1998-05-01 00:00:00,2,36.6149,36.6149,36.6149,36.6149,44.134,41.9151,40.288,38.1679,37.6467,37.1291,37.1291,36.6149,36.1044,30.7215,29.7889,29.3278,29.7889,30.7215,32.6293,33.6045,33.1152,32.6293,33.1152,32.6293,32.6293,32.1471,32.1471,31.6683,32.1471,33.6045,56.7082
1998-04-01 00:00:00,2,51.735,55.4438,55.4438,54.1934,49.9281,46.987,46.4094,45.8352,45.2646,44.6976,45.8352,45.2646,45.2646,45.2646,44.134,42.4645,41.3692,43.0175,43.574,43.574,41.9151,41.3692,39.7527,38.6926,37.6467,37.1291,36.6149,37.1291,37.1291,36.6149,
1998-03-01 00:00:00,2,70.1246,64.5896,63.2409,59.2791,57.9866,56.0742,55.4438,52.9572,51.1292,50.5269,51.1292,51.1292,50.5269,51.1292,51.1292,52.3443,67.329,61.9063,53.5735,52.9572,51.1292,51.1292,122.495,124.606,78.1013,61.2442,57.3456,56.7082,57.9866,57.3456,51.735
1998-02-01 00:00:00,2,59.2791,56.0742,54.8168,52.9572,51.735,50.5269,49.9281,51.735,54.8168,57.3456,57.3456,52.3443,53.5735,51.1292,56.7082,96.9485,151.721,178.245,153.622,192.73,149.831,152.67,147.016,141.455,138.71,104.439,93.3247,76.6195,,,
1998-01-01 00:00:00,2,50.5269,46.987,39.7527,57.3456,64.5896,59.2791,85.4636,117.311,107.332,175.206,163.279,135.087,136.893,196.96,174.198,145.152,195.899,175.206,135.087,153.622,138.71,113.257,102.536,78.8475,75.1517,76.6195,112.257,83.7713,72.9762,65.2692,64.5896
1997-12-01 00:00:00,2,116.29,92.4312,75.8838,67.329,56.7082,51.735,47.5682,70.8322,84.615,87.1757,98.7907,85.4636,82.0987,137.8,136.893,107.332,120.406,124.606,92.4312,77.3587,71.5434,65.2692,63.9135,68.0227,89.781,71.5434,72.258,68.0227,63.2409,57.3456,51.735
1997-11-01 00:00:00,2,29.3278,28.8704,28.8704,28.8704,28.4165,27.9661,27.9661,27.9661,61.9063,49.9281,34.0974,28.4165,27.5193,29.3278,33.6045,39.7527,44.6976,34.5938,33.1152,31.6683,30.2534,43.0175,55.4438,62.5718,46.987,41.9151,45.8352,60.5857,131.064,137.8,
1997-10-01 00:00:00,2,41.9151,43.574,43.0175,41.9151,36.1044,35.0938,33.6045,32.6293,30.7215,30.2534,29.7889,28.8704,28.4165,27.9661,25.7675,24.491,24.9129,25.3384,26.6363,27.9661,37.6467,85.4636,81.2698,65.2692,64.5896,54.8168,51.735,49.9281,50.5269,40.8268,33.1152
1997-09-01 00:00:00,2,30.7215,30.7215,30.2534,30.2534,29.7889,29.3278,29.7889,29.3278,29.7889,29.7889,28.8704,27.9661,27.9661,27.9661,27.9661,28.4165,29.3278,31.1932,33.1152,33.1152,48.7411,100.653,54.8168,46.4094,45.2646,42.4645,44.134,46.987,47.5682,43.574,
1997-08-01 00:00:00,2,38.1679,37.6467,37.6467,37.1291,37.1291,36.6149,36.6149,36.1044,36.1044,35.5973,35.5973,35.0938,35.0938,34.5938,34.5938,34.0974,34.0974,33.6045,33.6045,33.1152,33.1152,32.6293,32.6293,32.1471,32.1471,31.6683,31.6683,31.1932,31.1932,31.1932,31.1932
1997-07-01 00:00:00,2,45.2646,45.2646,45.2646,45.2646,45.2646,44.6976,44.134,43.0175,43.0175,42.4645,41.9151,41.3692,41.3692,41.3692,40.8268,40.8268,40.8268,40.288,40.288,40.288,40.288,40.8268,40.8268,40.288,39.7526,39.7526,39.7526,39.2209,39.2209,38.6926,38.6926
1997-06-01 00:00:00,2,56.0742,51.735,49.3328,45.2646,41.3692,43.574,88.9076,73.6979,61.2442,55.4438,53.5735,63.2409,57.9866,56.7082,56.0742,57.9866,59.2791,56.7082,52.9572,51.735,50.5269,49.3328,48.7411,48.1529,47.5682,48.1529,47.5682,46.987,46.987,46.4094,
1997-05-01 00:00:00,2,68.7198,67.329,63.2409,61.2442,59.9306,59.2791,58.6311,57.9866,57.3456,57.3456,57.3456,56.0742,55.4438,55.4438,55.4438,52.9572,52.3443,52.3443,53.5735,54.1934,53.5735,52.9572,54.8168,57.9866,57.3456,59.2791,59.2791,59.9306,60.5857,59.2791,59.9306
1997-04-01 00:00:00,2,82.0987,98.7907,170.191,141.455,94.2231,82.0987,76.6195,75.1517,72.9762,70.1246,67.329,68.0227,66.6389,65.9523,64.5896,63.9135,63.2409,62.5718,61.9063,60.5857,60.5857,62.5718,67.329,69.4204,76.6195,66.6389,63.9135,68.7198,134.364,77.3587,
1997-03-01 00:00:00,2,117.311,103.485,234.522,237.973,156.492,135.989,207.709,210.982,156.492,103.485,95.1265,87.1757,104.439,96.035,96.9485,107.332,136.893,134.364,101.592,92.4312,83.7713,79.6266,77.3587,75.8838,72.9762,71.5434,70.8322,70.1246,67.329,71.5434,76.6195
1997-02-01 00:00:00,2,199.089,213.177,146.082,136.893,113.257,102.536,99.7194,104.439,95.1265,92.4312,93.3247,92.4312,94.2231,90.6594,86.3172,80.4458,78.8475,80.4458,85.4636,105.398,86.3172,77.3587,72.258,83.7713,114.263,157.453,139.622,125.669,,,
1997-01-01 00:00:00,2,148.89,289.853,1070.08,1717.43,1387.04,931.534,717.065,626.18,496.894,308.997,305.126,260.344,229.954,231.092,216.488,185.426,180.284,213.177,181.307,157.453,159.385,158.418,142.375,152.67,149.831,150.775,149.831,190.631,178.245,141.455,127.811
1996-12-01 00:00:00,2,55.7028,57.0581,80.5797,98.3508,96.4793,90.0952,70.1328,56.3781,55.7028,75.6517,63.3966,59.8266,142.375,144.224,119.299,140.341,117.201,97.4124,88.3184,103.123,223.176,224.3,297.446,215.382,169.196,188.541,154.576,147.016,110.029,176.216,144.224
1996-11-01 00:00:00,2,49.2125,60.5309,82.2633,82.2633,138.031,124.642,74.8481,53.0497,43.7724,38.1639,35.0145,28.2199,29.6513,31.5408,32.5115,43.1911,59.1273,49.8402,61.24,119.299,160.354,305.126,473.242,297.446,152.67,108.029,80.5797,73.2562,64.1253,58.4327,
1996-10-01 00:00:00,2,26.2431,24.7894,25.2712,25.7558,26.2431,25.7558,24.7894,24.3105,24.3105,26.7333,26.2431,25.7558,24.7894,23.3611,23.8343,23.3611,22.8907,22.4232,21.4971,21.9587,20.5829,20.5829,21.9587,33.0033,30.5875,26.7333,26.2431,57.743,89.2042,64.8589,42.0422
1996-09-01 00:00:00,2,21.0385,21.0385,21.9587,24.7894,28.2199,47.3573,47.3573,74.0497,55.7029,45.544,33.4996,31.5408,34.5051,35.0145,31.5408,31.062,31.5408,31.5408,31.062,30.5875,29.6513,28.2199,27.2261,26.2431,26.7333,25.7558,24.7894,27.2261,25.7558,26.7333,
1996-08-01 00:00:00,2,26.2431,25.7558,25.7558,25.7558,24.7894,24.7894,24.3105,23.8343,23.8343,23.8343,23.8343,24.7894,25.7558,26.7333,27.7217,27.2261,28.2199,27.7217,27.2261,26.7333,26.2431,25.7558,23.8343,22.4232,22.4232,21.9587,21.4971,21.0385,21.0385,21.0385,20.5829
1996-07-01 00:00:00,2,33.0033,34.5051,33.0033,31.062,30.5875,30.1172,29.6513,29.1897,29.6513,29.1897,28.7208,27.7217,27.2261,26.7333,26.2431,26.2431,25.7558,26.2431,25.7558,25.7558,25.7558,25.7558,24.7894,24.7894,25.2712,25.2712,25.2712,24.7894,24.7894,24.7894,26.2431
1996-06-01 00:00:00,2,34.5051,34.0002,34.5051,34.0002,32.5115,32.024,31.5408,31.062,30.5875,30.5875,32.024,31.5408,31.062,31.062,31.062,30.1172,29.6513,29.6513,29.6513,30.1172,30.5875,30.5875,30.1172,29.6513,29.6513,28.7208,29.1897,28.2199,28.2199,29.6513,
1996-05-01 00:00:00,2,38.7044,36.5692,37.6279,36.5692,39.2494,37.0963,36.5692,36.0465,35.5283,35.0145,35.0145,35.0145,35.5283,34.0002,33.4996,34.5051,35.0145,36.5692,42.6143,45.544,41.4745,40.9114,55.7028,78.9166,53.0497,45.544,40.3529,38.7044,37.6279,35.5283,35.0145
1996-04-01 00:00:00,2,47.971,45.544,46.1438,43.1911,43.1911,42.0422,40.3529,41.4745,39.7989,43.1911,42.6143,40.9114,44.9489,64.8589,52.3984,47.3573,53.7058,90.9915,90.9915,67.8428,53.7058,47.971,45.544,43.1911,42.0422,40.9114,39.7989,39.2494,38.1639,38.1639,
1996-03-01 00:00:00,2,50.4727,47.971,56.3781,80.5797,79.7456,135.743,97.4124,84.8273,65.5975,61.24,58.4327,62.6729,66.341,66.341,60.5309,60.5309,67.0894,80.5797,89.2042,74.0497,67.8428,136.885,96.4793,76.4603,73.2562,67.8428,61.24,57.0581,53.0497,49.8402,47.971
1996-02-01 00:00:00,2,57.0581,55.0324,59.8266,64.8589,74.0497,82.2633,83.9674,88.3184,77.274,81.4189,92.7997,174.198,114.095,102.158,89.2042,76.4603,71.6845,67.0894,57.0581,55.7028,53.0497,63.3966,58.4327,54.3667,51.7517,58.4327,60.5309,61.24,53.7058,,
1996-01-01 00:00:00,2,164.258,165.241,172.189,182.333,157.453,124.642,121.42,122.488,121.42,194.84,260.344,303.84,257.948,174.198,127.914,108.029,98.3508,90.0952,83.9674,99.2946,205.539,172.189,133.478,99.2946,86.5624,75.6517,71.6845,67.8428,64.1253,61.954,59.8266
1995-12-01 00:00:00,2,44.3584,42.0422,42.0422,47.971,55.7028,83.9674,69.3645,53.0497,46.7482,43.7724,45.544,51.7517,74.0497,281.103,232.233,139.183,88.3184,75.6517,82.2633,83.9674,74.0497,113.07,144.224,119.299,188.541,185.426,395.194,359.879,271.247,259.145,181.307
1995-11-01 00:00:00,2,45.544,53.7058,57.743,74.8481,88.3184,58.4327,51.7517,39.2494,36.0465,34.0002,32.024,31.5408,59.1273,64.1253,85.6923,61.954,57.743,53.7058,53.7058,60.5309,58.4327,46.7482,41.4745,45.544,102.158,78.9166,74.8481,58.4327,47.971,46.1438,
1995-10-01 00:00:00,2,42.0422,29.1897,28.7208,31.5408,27.7217,24.3105,34.0002,45.544,43.1911,63.3966,60.5309,40.9114,37.6279,34.5051,51.1098,83.1128,117.201,64.1253,47.3573,39.2494,41.4745,65.5975,70.1328,52.3984,46.1438,32.5115,30.5875,29.6513,28.2199,27.7217,29.1897
1995-09-01 00:00:00,2,17.4801,17.4801,17.0495,17.4801,17.4801,17.4801,17.0495,16.6222,16.6222,16.6222,16.6222,16.6222,15.7776,15.3603,16.1983,15.7776,15.3603,15.7776,17.0495,17.0495,25.7558,25.2712,23.3611,21.9587,21.0385,20.5829,20.5829,20.5829,21.4971,26.2431,
1995-08-01 00:00:00,2,23.8343,23.8343,23.8343,23.3611,22.4232,22.4232,22.4232,22.4232,22.4232,21.9587,21.4971,21.4971,21.0385,21.4971,21.0385,20.5829,20.1303,20.1303,20.1303,20.1303,20.5829,20.1303,19.6808,19.6808,18.7911,18.3509,17.9139,17.9139,17.4801,17.4801,17.4801
1995-07-01 00:00:00,2,30.1172,29.6513,28.7208,29.1897,29.1897,28.7208,28.7208,28.2199,28.2199,28.2199,28.2199,28.2199,28.2199,27.7217,26.7333,25.7558,25.2712,26.2431,26.2431,26.2431,25.7558,25.7558,26.2431,25.7558,25.7558,25.2712,24.7894,24.3105,24.3105,23.8343,23.8343
1995-06-01 00:00:00,2,36.0465,35.5283,35.5283,35.0145,34.5051,34.0001,33.4996,33.0033,33.0033,32.5115,32.024,32.024,31.5408,31.062,30.1172,31.062,31.062,30.5875,30.1172,30.1172,30.1172,30.1172,29.6513,32.5115,32.5115,33.4996,34.5051,33.0033,32.024,31.062,
1995-05-01 00:00:00,2,44.3584,42.6143,41.4745,40.9115,39.7989,39.7989,39.7989,44.9489,53.0497,46.7482,44.9489,51.7517,51.7517,44.3584,43.7724,42.0422,40.9115,40.9115,40.3529,40.3529,39.7989,39.2494,38.7044,39.7989,40.3529,43.1911,40.3529,38.7044,38.1639,37.0963,36.5692
1995-04-01 00:00:00,2,83.9674,90.0952,83.9674,67.8428,60.5309,55.7028,53.7058,53.0497,51.7517,55.7028,53.7058,49.2125,50.4727,59.1273,57.0581,49.8402,47.971,46.1438,45.544,44.3584,43.1911,43.7724,59.1273,83.9674,83.1128,68.6011,55.7028,51.7517,46.7482,44.9489,
1995-03-01 00:00:00,2,57.743,54.3667,52.3984,51.1098,55.0324,66.341,74.0497,105.069,85.6923,64.8589,55.0324,50.4727,47.3573,61.954,172.189,167.213,111.037,72.4679,65.5975,59.8266,59.1273,61.954,97.4124,83.9674,134.608,117.201,91.8929,75.6517,63.3966,59.1273,57.743
1995-02-01 00:00:00,2,108.029,114.095,122.488,104.093,83.1128,66.341,54.3667,122.488,140.341,166.226,169.196,151.721,134.608,110.029,130.123,253.185,180.284,124.642,112.051,115.125,139.183,123.562,83.9674,74.8481,68.6011,63.3966,60.5309,59.1273,,,
1995-01-01 00:00:00,2,75.6517,77.274,78.9166,107.037,119.299,86.5624,78.9166,65.5975,53.7059,49.8402,46.7482,44.9489,46.7482,53.7059,45.544,39.2494,37.0963,35.0145,33.4996,35.5283,36.5692,40.9115,44.9489,45.544,50.4727,58.4327,54.3667,77.274,78.9166,61.954,111.037
1994-12-01 00:00:00,2,44.3584,41.4745,38.1639,33.4996,32.024,26.7333,38.7044,59.8266,93.7117,74.0497,55.0324,43.7724,36.0465,33.4996,32.5115,43.1911,66.341,72.4679,77.274,81.4189,70.1328,64.1253,196.96,527.577,371.022,193.784,166.226,169.196,140.341,99.2946,81.4189
1994-11-01 00:00:00,2,31.5408,28.7208,26.7333,27.7217,31.062,26.7333,25.7558,25.2712,24.3105,30.5875,39.7989,30.5875,26.2431,26.2431,30.1172,44.9489,35.0145,31.5408,27.7217,34.0002,45.544,44.3584,35.5283,32.024,31.5408,30.1172,29.6513,29.1897,35.0145,35.0145,
1994-10-01 00:00:00,2,18.3509,17.9139,17.9139,17.9139,17.9139,17.9139,19.2344,18.3509,28.7208,24.7894,23.3611,22.4232,22.4232,21.9587,21.0385,19.6808,21.0385,32.024,24.3105,23.3611,34.5051,32.024,44.3584,32.5115,25.7558,24.3105,23.3611,23.8343,36.0465,33.0033,33.0033
1994-09-01 00:00:00,2,23.3611,24.3105,23.3611,22.8907,23.3611,23.3611,22.8907,22.8907,22.4232,22.4232,21.9587,21.4971,21.9587,21.9587,21.4971,21.4971,21.4971,21.4971,21.0385,21.0385,20.5829,20.5829,20.5829,20.1303,20.1303,19.2344,18.7911,18.7911,18.3509,18.3509,
1994-08-01 00:00:00,2,30.1172,30.1172,29.6513,29.6513,28.2199,28.2199,27.7217,27.7217,27.7217,27.2261,27.2261,27.2261,26.7333,26.7333,26.2431,26.2431,23.8343,26.7333,27.2261,26.7333,26.2431,25.7558,25.2712,25.2712,25.2712,24.7894,24.7894,24.7894,24.3105,24.3105,25.2712
1994-07-01 00:00:00,2,36.0465,35.5283,36.0465,35.5283,35.5283,35.5283,35.0145,35.0145,34.5051,33.4996,32.5115,32.5115,32.5115,32.024,32.024,32.5115,32.024,33.0033,32.024,32.5115,32.024,32.024,32.5115,32.5115,32.5115,32.024,32.024,31.5408,31.062,31.5408,30.5875
1994-06-01 00:00:00,2,43.1911,43.1911,42.0422,41.4745,41.4745,40.9114,40.3529,40.3529,39.2494,38.1639,37.6279,37.6279,37.0963,37.0963,37.0963,36.5692,36.0465,36.0465,36.5692,37.0963,36.0465,36.0465,36.5692,40.3529,40.9114,41.4745,40.3529,38.1639,37.0963,36.5692,
1994-05-01 00:00:00,2,44.9489,43.7724,43.1911,43.1911,43.7724,43.7724,43.1911,42.6143,42.0422,43.1911,42.6143,42.0422,40.3529,40.3529,39.7989,62.6729,121.42,113.07,78.0928,60.5309,55.7028,53.7058,60.5309,56.3781,50.4727,49.2125,45.544,44.9489,46.1438,44.9489,43.1911
1994-04-01 00:00:00,2,66.341,78.9166,98.3508,71.6845,64.8589,59.8266,58.4327,57.0582,55.0324,55.7029,53.7059,52.3983,53.0497,51.7517,51.1098,59.8266,78.9166,59.8266,56.3781,62.6729,68.6011,60.5309,50.4727,51.7517,50.4727,49.8402,51.7517,51.1098,48.5894,47.3573,
1994-03-01 00:00:00,2,93.7117,74.8481,67.8428,98.3508,95.5515,96.4793,199.089,180.284,136.885,97.4124,83.9674,81.4189,99.2946,102.158,84.8273,76.4603,65.5975,61.24,74.0497,107.037,97.4124,88.3184,79.7456,79.7456,135.743,121.42,83.9674,74.8481,68.6011,64.8589,65.5975
1994-02-01 00:00:00,2,83.1128,78.0928,73.2562,67.8428,66.341,63.3966,61.954,59.8266,60.5309,60.5309,58.4327,55.7029,48.5894,53.7059,97.4124,136.885,85.6923,63.3966,60.5309,52.3983,49.8402,48.5894,46.7482,46.7482,47.971,49.8402,64.8589,78.0928,,,
1994-01-01 00:00:00,2,76.4603,90.9915,89.2042,166.226,279.863,226.554,148.89,194.84,132.354,148.89,260.344,246.113,327.348,274.925,316.805,262.75,185.426,140.341,127.914,115.125,157.453,219.821,183.361,193.784,262.75,227.685,159.385,122.488,118.247,116.16,93.7117
1993-12-01 00:00:00,2,40.3529,37.0963,44.3584,49.2125,40.9114,60.5309,47.971,38.1639,34.0002,38.7044,130.123,119.299,105.069,70.9062,57.0581,53.0497,45.544,43.1911,49.2125,46.7482,49.8402,64.1253,67.0894,54.3667,53.0497,56.3781,54.3667,55.7028,58.4327,58.4327,58.4327
1993-11-01 00:00:00,2,36.5692,34.5051,33.0033,66.341,75.6517,54.3667,60.5309,68.6011,72.4679,61.954,51.7517,42.0422,39.2494,36.0465,34.0002,33.0033,31.5408,30.1172,32.024,44.9489,65.5975,44.9489,38.1639,37.0963,38.7044,39.7989,60.5309,64.1253,57.743,42.6143,
1993-10-01 00:00:00,2,56.3781,43.1911,66.341,71.6845,56.3781,165.241,154.576,90.9915,59.1273,48.5894,43.1911,34.0002,36.5692,34.5051,32.5115,31.062,30.5875,30.5875,29.6513,29.1897,28.7208,26.2431,29.6513,29.6513,41.4745,61.24,82.2633,99.2946,62.6729,47.3573,37.6279
1993-09-01 00:00:00,2,28.2199,28.2199,26.7333,25.7558,25.2712,26.7333,26.2431,25.2712,25.2712,25.7558,26.7333,28.7208,31.5408,33.0033,31.062,30.5875,29.6513,29.6513,26.7333,26.7333,27.7217,30.1172,31.062,37.6278,47.971,41.4745,36.5692,34.0001,33.0033,33.0033,
1993-08-01 00:00:00,2,33.4996,33.4996,33.4996,32.5115,32.5115,32.5115,32.5115,31.062,31.5408,31.062,30.5875,30.1172,30.1172,30.5875,31.062,31.5408,32.024,31.062,32.024,33.0033,33.4996,35.0145,35.0145,34.0001,33.4996,33.0033,32.5115,31.5408,30.1172,29.6513,28.2199
1993-07-01 00:00:00,2,38.7044,38.1639,38.1639,37.6279,37.6279,37.0963,37.0963,36.5692,36.5692,36.5692,36.0465,36.5692,36.0465,35.5283,35.0145,35.5283,35.0145,34.5051,34.5051,34.5051,34.0002,33.4996,33.4996,33.0033,32.5115,33.0033,33.4996,33.4996,34.0002,34.0002,33.4996
1993-06-01 00:00:00,2,47.971,57.0582,56.3781,49.2125,47.3573,57.743,60.5309,61.954,53.7059,49.8402,48.5894,47.3573,46.1438,45.544,44.9489,44.9489,44.3584,43.7724,43.7724,43.7724,43.7724,43.1911,43.7724,42.6143,42.0422,42.6143,41.4745,39.7989,39.7989,39.2494,
1993-05-01 00:00:00,2,89.2042,96.4793,83.9674,76.4603,70.9061,69.3645,68.6011,67.8428,67.8428,67.8428,67.0894,65.5975,61.954,56.3781,49.8402,51.7517,51.1098,50.4727,50.4727,49.8402,49.2125,47.3573,46.7482,46.1438,45.544,45.544,44.3584,43.1911,43.1911,43.1911,43.1911
1993-04-01 00:00:00,2,109.026,108.029,174.198,124.642,90.9914,87.4378,82.2633,81.4189,83.9674,86.5624,88.3184,82.2633,78.9166,77.274,76.4603,90.0952,105.069,89.2042,79.7456,74.8482,68.6011,62.6729,60.5309,58.4327,59.8266,64.1253,58.4327,55.7029,55.0324,54.3667,
1993-03-01 00:00:00,2,151.721,154.576,130.123,118.247,92.7997,79.7456,74.8482,70.9061,67.0894,65.5975,67.8428,71.6845,108.029,116.16,98.3508,78.9166,76.4603,81.4189,79.7456,74.8482,76.4603,87.4378,90.9914,83.1128,79.7456,76.4603,82.2633,85.6923,86.5624,105.069,116.16
1993-02-01 00:00:00,2,66.341,64.8589,64.1253,74.8481,111.037,133.478,138.031,103.123,84.8273,83.9674,73.2562,71.6845,106.05,143.298,150.775,127.914,115.125,91.8929,86.5624,83.1128,82.2633,106.05,125.727,109.026,100.244,95.5515,131.236,159.385,,,
1993-01-01 00:00:00,2,82.2633,69.3645,67.8428,161.327,319.427,265.166,192.73,220.937,148.89,136.885,124.642,118.247,146.082,123.562,91.8929,81.4189,74.0497,110.029,102.158,107.037,125.727,154.576,172.189,200.158,134.608,108.029,89.2042,79.7456,76.4603,72.4679,70.1328
1992-12-01 00:00:00,2,51.1098,52.3984,79.7456,124.642,90.0952,67.8428,55.7028,53.7058,73.2562,81.4189,93.7117,185.426,253.185,223.176,124.642,92.7997,82.2633,91.8929,122.488,153.622,118.247,108.029,82.2633,72.4679,65.5975,63.3966,148.89,139.183,147.016,181.307,106.05
1992-11-01 00:00:00,2,146.083,147.016,217.596,165.241,121.42,244.943,182.333,125.727,116.16,274.925,214.278,125.727,101.198,81.4189,67.8428,68.6011,61.954,59.1273,85.6923,84.8273,114.095,87.4378,89.2042,81.4189,72.4679,70.1328,58.4327,55.7029,55.0324,53.0497,
1992-10-01 00:00:00,2,53.7059,47.3573,44.3584,42.6143,42.0422,39.7989,38.1639,37.0963,39.2494,44.3584,49.8402,41.4745,38.7044,37.0963,35.5283,34.5051,33.4996,32.5115,31.5408,30.5875,29.6513,43.1911,96.4793,62.6729,105.069,71.6845,53.7059,55.7029,51.7517,53.7059,53.0497
1992-09-01 00:00:00,2,36.5692,36.0465,33.0033,32.5115,34.5051,49.8402,58.4327,61.24,80.5797,54.3667,46.1438,39.7989,38.7044,37.6279,37.6279,36.5692,40.3529,51.1098,43.7724,42.0422,51.1098,47.3573,40.9114,38.1639,36.0465,35.5283,35.5283,55.0324,111.037,72.4679,
1992-08-01 00:00:00,2,33.7413,33.7413,33.1689,32.6001,32.6001,32.6001,32.6001,32.6001,32.6001,32.6001,32.6001,32.6001,32.6001,32.0349,30.9159,32.6001,34.8973,34.8973,34.3175,33.1689,33.7413,35.4807,35.4807,34.8973,33.7413,33.7413,33.7413,33.7413,33.1689,32.6001,33.1689
1992-07-01 00:00:00,2,39.6653,39.6653,39.6653,39.0569,37.8505,37.2527,37.2527,37.8505,37.8505,37.8505,37.8505,37.8505,37.2527,37.8505,37.8505,37.8505,37.8505,37.2527,36.6584,36.6584,36.6584,36.0678,34.8973,34.3175,33.7413,33.7413,33.7413,33.7413,33.7413,33.7413,33.7413
1992-06-01 00:00:00,2,45.2984,45.2984,45.2984,45.2984,44.6588,44.6588,44.0225,43.3896,43.3896,42.7602,42.7602,42.7602,42.1343,42.1343,41.5118,40.8928,40.2773,39.6653,39.6653,39.6653,40.2773,40.8928,40.8928,40.2773,40.2773,40.2773,39.6653,39.6653,39.6653,39.6653,
1992-05-01 00:00:00,2,74.3346,73.5638,74.3346,76.665,86.2535,96.2595,97.9669,97.9669,91.205,76.665,66.023,60.9284,57.3841,55.296,53.9201,52.5572,52.5572,51.8807,51.2075,49.871,62.3684,70.5108,58.0866,55.296,53.9201,52.5572,51.8807,49.871,48.5477,46.588,45.2984
1992-04-01 00:00:00,2,63.8209,58.0866,55.9888,54.6064,53.9201,52.5572,53.237,53.9201,55.296,56.6849,55.9888,55.296,54.6064,53.9201,53.9201,61.6468,77.4478,75.8852,58.7923,55.9888,53.9201,52.5572,53.237,54.6064,90.3726,138.031,134.608,118.247,92.8785,76.665,
1992-03-01 00:00:00,2,107.037,93.7195,97.1118,106.05,93.7195,75.1084,74.3346,72.796,72.796,72.0312,72.0312,71.2695,92.8785,112.051,89.543,75.1084,69.7552,66.023,64.5518,63.8209,63.093,63.093,62.3684,60.9284,59.5012,58.7923,58.7923,63.8209,68.2531,67.5067,67.5067
1992-02-01 00:00:00,2,202.303,202.303,218.708,240.287,259.145,266.377,249.638,222.055,202.303,189.585,177.23,161.327,136.885,116.16,104.093,94.5633,89.543,87.0715,85.4383,83.8167,81.4063,79.0223,75.8852,72.796,72.0312,73.5638,81.4063,97.9669,112.051,,
1992-01-01 00:00:00,2,149.831,116.16,84.6261,87.0715,97.9669,134.608,140.341,89.543,75.1084,84.6261,93.7195,80.6087,71.2695,187.5,405.34,448.572,314.193,208.798,188.541,165.241,143.298,180.284,255.561,437.961,654.675,577.655,352.991,257.948,216.488,204.458,206.623
1991-12-01 00:00:00,2,39.6653,44.6588,55.296,53.237,41.5118,39.0569,37.8505,45.2984,67.5066,86.2534,90.3725,81.4063,79.814,86.2534,74.3346,67.5066,58.7923,51.8807,59.5012,80.6087,117.201,147.952,133.478,100.549,81.4063,73.5638,65.2859,60.2132,72.0312,97.9669,134.608
1991-11-01 00:00:00,2,27.6492,79.814,87.0715,73.5638,64.5518,54.6064,47.2379,42.7602,48.5477,54.6064,67.5066,54.6064,56.6849,56.6849,58.0866,73.5638,99.6856,65.2859,66.023,78.2336,71.2695,65.2859,53.9201,47.2379,37.2527,37.2527,37.2527,39.0569,44.0225,41.5118,
1991-10-01 00:00:00,2,86.2534,81.4063,73.5638,81.4063,52.5572,45.2984,60.9284,67.5066,86.2534,78.2336,61.6468,59.5012,54.6064,45.2984,42.7602,42.1343,41.5118,41.5118,42.1343,40.8928,38.4519,34.8973,33.7413,31.4736,31.4736,30.362,30.362,29.2655,28.1841,28.1841,28.1841
1991-09-01 00:00:00,2,28.7229,28.7229,28.1841,28.1841,27.6492,27.6492,27.1181,26.5909,26.5909,25.5482,24.5213,24.5213,23.5102,23.5102,23.5102,23.0106,23.0106,22.0237,22.0237,22.5151,22.0237,21.5363,22.0237,24.0137,28.1841,28.7229,45.2984,71.2695,42.1343,45.9415,
1991-08-01 00:00:00,2,35.4807,35.4807,34.8973,34.3175,34.3175,33.7413,33.7413,33.1689,32.6001,32.0349,31.4736,31.4736,31.4736,30.9159,30.9159,30.9159,30.362,30.362,30.362,29.8118,29.8118,30.362,29.8118,29.8118,29.2655,29.2655,29.2655,29.2655,29.2655,29.2655,28.7229
1991-07-01 00:00:00,2,45.2984,44.0225,42.7602,42.1343,40.8928,40.2773,40.2773,39.6653,39.6653,39.6653,39.0569,39.0569,39.0569,38.4519,40.8928,40.2773,40.2773,39.6653,39.6653,39.0569,39.0569,38.4519,37.8505,37.2527,37.2527,37.2527,36.6584,36.6584,36.0678,36.0678,36.0678
1991-06-01 00:00:00,2,53.237,53.9201,53.237,52.5572,52.5572,53.237,51.8807,51.8807,51.2075,51.2075,51.8807,51.2075,50.5376,51.2075,51.2075,51.2075,51.2075,50.5376,51.2075,49.871,49.871,49.871,49.2077,49.871,49.2077,48.5477,48.5477,47.8911,47.2379,46.588,
1991-05-01 00:00:00,2,96.2595,88.7163,70.5108,69.7552,69.0026,68.2531,68.2531,67.5066,66.7633,66.7633,66.023,64.5518,63.8209,63.093,61.6468,60.9284,59.5012,60.2132,57.3841,56.6849,55.9888,57.3841,60.2132,56.6849,55.9888,53.9201,53.9201,53.9201,53.237,53.9201,53.9201
1991-04-01 00:00:00,2,116.16,111.037,139.183,138.031,127.914,118.247,106.05,90.3725,84.6261,82.2068,82.2068,81.4063,80.6087,80.6087,79.814,79.814,79.814,79.814,78.2336,78.2336,77.4478,76.665,76.665,76.665,75.8852,122.488,193.784,215.382,220.937,171.189,
1991-03-01 00:00:00,2,152.67,139.183,108.029,138.031,147.016,142.375,143.298,106.05,89.543,84.6261,83.8167,79.0223,161.327,125.727,151.721,110.029,91.205,79.814,77.4478,76.665,75.8852,163.279,161.327,167.213,200.158,232.233,236.82,205.539,151.721,122.488,121.42
1991-02-01 00:00:00,2,215.382,175.206,153.622,139.183,152.67,133.478,116.16,125.727,143.298,162.301,133.478,134.608,145.152,143.298,143.298,152.67,225.426,362.651,362.651,348.885,199.089,145.152,145.152,163.279,182.333,127.914,116.16,124.642,,,
1991-01-01 00:00:00,2,42.7602,39.0569,34.8973,36.0678,83.8167,235.67,240.287,145.152,92.8785,97.9669,127.914,203.379,350.251,299.997,291.113,351.62,431.948,433.448,289.853,220.937,182.333,176.216,205.539,174.198,241.447,249.638,371.022,606.912,772.237,629.711,263.957
1990-12-01 00:00:00,2,55.9888,39.0569,30.9159,26.5909,23.5102,19.6281,18.699,19.6281,21.5363,23.5102,25.5482,28.1841,34.8973,37.8505,58.7923,65.2859,73.5638,66.7633,52.5572,72.796,72.0312,51.8807,41.5118,39.0569,44.0225,56.6849,108.029,101.415,86.2535,83.0103,57.3841
1990-11-01 00:00:00,2,18.2409,17.3374,18.699,25.0328,33.7413,36.6584,37.2527,28.7229,25.5482,21.053,22.0237,20.5739,22.5151,34.3175,40.2773,24.0137,19.6281,16.4513,15.5827,14.7319,22.5151,25.5482,25.5482,26.5909,68.2531,123.562,75.1084,49.871,42.7602,74.3346,
1990-10-01 00:00:00,2,20.0989,18.699,18.699,18.699,19.1614,17.787,18.699,18.2409,17.787,16.8922,16.4513,16.4513,15.5827,18.2409,25.5482,18.699,29.8118,20.5739,20.0989,24.0137,68.2531,55.296,45.2984,34.8973,28.1841,34.3175,43.3896,32.6,26.5909,22.5151,19.6281
1990-09-01 00:00:00,2,26.5909,27.1181,30.362,34.8973,27.6492,25.0328,23.5102,22.5151,22.5151,21.053,20.5739,20.0989,19.6281,19.6281,38.4519,69.0026,60.9284,40.8928,32.0349,29.8118,25.0328,22.5151,22.0237,21.053,21.053,22.0237,23.0106,23.0106,22.0237,21.053,
1990-08-01 00:00:00,2,30.9159,29.2655,28.1841,26.5909,24.0137,21.5363,20.5739,21.053,21.5363,21.5363,23.0106,24.0137,23.0106,23.0106,21.053,26.0676,34.8973,31.4736,30.9159,30.362,29.8118,29.8118,28.1841,21.5363,22.5151,22.0237,21.5363,22.5151,24.5213,27.1181,26.5909
1990-07-01 00:00:00,2,21.5363,21.5363,21.053,21.053,21.053,39.0569,51.2075,40.2773,32.6,29.8118,28.7229,27.6492,27.6492,27.6492,27.1181,26.5909,26.0676,26.0676,26.0676,26.0676,25.5482,25.0328,23.5102,22.0237,21.5363,21.5363,21.053,22.5151,27.1181,30.9159,32.6
1990-06-01 00:00:00,2,28.7229,27.1181,26.0676,26.0676,25.5482,25.5482,25.5482,25.5482,25.0328,25.0328,24.5213,24.5213,23.5102,23.5102,23.0106,23.0106,23.0106,23.0106,24.5213,24.0137,23.5102,23.0106,23.0106,23.0106,22.5151,22.5151,22.0237,22.0237,21.5363,21.5363,
1990-05-01 00:00:00,2,32.0349,38.4519,63.8209,88.7163,58.7923,54.6064,51.8807,47.2379,42.1343,36.0678,34.3175,36.0678,38.4519,40.2773,39.0569,38.4519,38.4519,37.8505,37.2527,36.0678,34.8973,34.3175,33.7413,31.4736,31.4736,30.362,29.8118,29.2655,29.2655,28.7229,28.7229
1990-04-01 00:00:00,2,42.7602,39.0569,36.6584,35.4807,39.6653,41.5118,45.9415,53.9201,45.2984,40.8928,42.7602,66.7633,58.0866,47.8911,44.0225,43.3896,48.5477,72.796,71.2695,76.665,66.7633,55.296,47.2379,44.0225,42.1343,40.2773,39.6653,36.6584,34.8973,32.6,
1990-03-01 00:00:00,2,57.3841,49.2077,41.5118,37.2527,38.4519,45.9415,57.3841,44.6588,42.1343,35.4807,33.1689,29.8118,28.7229,37.8505,42.1343,44.6588,49.2077,55.296,63.8209,63.8209,55.9888,69.7552,86.2535,80.6087,82.2068,77.4478,66.023,63.8209,69.7552,53.237,46.588
1990-02-01 00:00:00,2,36.0678,36.0678,34.8973,34.8973,34.3175,34.3175,33.7413,31.4736,29.8118,32.6,44.0225,50.5376,48.5477,60.2132,66.7633,63.8209,63.8209,48.5477,37.8505,39.6653,43.3896,35.4807,42.7602,66.7633,60.2132,56.6849,58.0866,69.0026,,,
1990-01-01 00:00:00,2,97.9669,139.183,180.284,170.191,153.622,122.488,95.41,78.2336,70.5108,65.2859,61.6468,62.3684,59.5012,55.9888,53.237,50.5376,47.8911,46.588,45.2984,43.3896,42.1343,40.8928,39.6653,38.4519,37.8505,41.5118,57.3841,63.8209,51.8807,44.0225,39.0569
1989-12-01 00:00:00,2,75.8852,67.5067,53.237,45.2984,40.2773,36.0678,34.3175,33.7413,32.6001,31.4736,30.362,37.8505,55.296,83.0103,129.015,172.189,152.67,95.41,74.3346,65.2859,232.233,390.879,248.46,139.183,94.5633,77.4478,72.0312,67.5067,63.8209,56.6849,59.5012
1989-11-01 00:00:00,2,29.2655,27.1181,24.5213,26.5909,29.2655,30.9159,27.6492,25.0328,27.6492,29.8118,34.3175,45.2984,82.2068,129.015,71.2695,52.5572,43.3896,39.6653,42.7602,42.7602,39.0569,61.6468,112.051,153.622,112.051,76.665,56.6849,53.9201,65.2859,75.1084,
1989-10-01 00:00:00,2,66.023,54.6064,42.1343,32.6001,28.7229,27.6492,27.6492,27.6492,27.6492,27.6492,63.8209,49.871,87.0715,66.7633,43.3896,37.2527,46.588,55.296,44.0225,34.3175,29.8118,27.1181,29.2655,51.2075,59.5012,48.5477,36.0678,31.4736,36.6584,42.7602,32.6001
1989-09-01 00:00:00,2,33.1689,28.1841,26.0676,24.0137,23.0106,22.5151,21.5363,21.053,21.053,21.053,20.5739,21.053,21.053,20.0989,19.1614,18.699,23.5102,26.5909,23.5102,21.053,19.6281,19.1614,18.699,18.699,18.699,18.699,19.6281,22.0237,32.6,74.3346,
1989-08-01 00:00:00,2,58.0866,51.2075,41.5118,31.4736,28.1841,26.5909,25.5482,25.0328,24.5213,24.0137,23.5102,23.0106,22.5151,22.5151,22.0237,22.0237,21.5363,21.053,21.053,21.053,21.053,21.053,21.053,21.053,21.053,21.5363,22.0237,25.5482,29.8118,39.0569,40.8928
1989-07-01 00:00:00,2,30.362,30.362,30.362,29.8118,28.7229,28.7229,28.7229,32.0349,37.8505,34.3175,33.1689,32.0349,28.7229,28.1841,27.1181,26.0676,26.0676,26.0676,25.5482,25.5482,25.0328,24.5213,24.5213,24.0137,22.5151,22.5151,22.0237,24.0137,26.0676,30.9159,28.7229
1989-06-01 00:00:00,2,24.0137,25.0328,25.0328,25.0328,25.5482,26.0676,26.0676,26.0676,26.5909,29.8118,33.7413,40.2773,47.2379,42.1343,34.3175,30.9159,30.362,30.362,29.8118,29.2655,28.7229,28.7229,28.1841,28.1841,27.1181,27.6492,27.6492,41.5118,33.1689,30.9159,
1989-05-01 00:00:00,2,29.2655,31.4736,37.8505,40.2773,33.7413,30.9159,29.8118,29.2655,29.2655,28.7229,28.1841,27.6492,27.6492,27.1181,26.0676,26.0676,26.0676,25.5482,25.5482,25.5482,26.0676,26.0676,25.5482,25.0328,25.5482,26.0676,25.5482,25.0328,24.0137,23.5102,23.5102
1989-04-01 00:00:00,2,45.2984,44.6588,43.3896,43.3896,42.7602,42.7602,42.7602,42.1343,42.1343,42.1343,41.5118,40.8928,42.7602,41.5118,36.0678,37.2527,37.8505,35.4807,34.3175,34.3175,36.6584,37.8505,34.3175,32.0349,30.9159,30.9159,30.362,29.8118,29.2655,28.1841,
1989-03-01 00:00:00,2,53.237,54.6064,66.7633,70.5108,70.5108,60.9284,125.727,104.093,84.6261,126.817,143.298,95.41,71.2695,104.093,208.798,112.051,93.7195,87.8924,80.6087,70.5108,67.5067,65.2859,60.9284,58.0866,55.296,53.9201,51.8807,49.2077,48.5477,47.2379,46.588
1989-02-01 00:00:00,2,36.0678,38.4519,45.2984,60.2132,57.3841,60.2132,69.7552,75.1084,83.8167,69.0026,90.3726,158.418,113.07,86.2535,132.354,135.743,92.8785,99.6856,95.41,81.4063,64.5518,54.6064,63.093,66.7633,81.4063,59.5012,56.6849,53.9201,,,
1989-01-01 00:00:00,2,55.296,66.7633,96.2595,116.16,132.354,97.1118,72.0312,68.2531,70.5108,79.0223,88.7163,73.5638,62.3684,57.3841,59.5012,77.4478,63.093,58.0866,53.237,50.5376,49.2077,47.2379,45.9415,41.5118,39.0569,37.2527,36.0678,37.8505,42.1343,39.0569,35.4807
1988-12-01 00:00:00,2,51.8807,69.0026,71.2695,69.0026,54.6064,45.2984,41.5118,37.8505,35.4807,34.8973,45.2984,86.2535,73.5638,53.9201,69.7552,75.8852,111.037,76.665,63.8209,63.8209,80.6087,132.354,159.385,143.298,117.201,106.05,153.622,83.8167,69.0026,60.9284,55.9888
1988-11-01 00:00:00,2,60.2132,61.6468,49.2077,49.871,68.2531,81.4063,75.1084,61.6468,54.6064,48.5477,48.5477,42.1343,37.8505,37.2527,39.0569,60.2132,55.9888,47.2379,37.8505,37.2527,37.2527,44.6588,51.2075,55.9888,116.16,73.5638,50.5376,53.9201,89.543,64.5518,
1988-10-01 00:00:00,2,58.0866,53.9201,39.6653,33.1689,26.5909,55.9888,80.6087,79.0223,57.3841,42.7602,34.3175,31.4736,30.362,33.7413,38.4519,36.0678,31.4736,26.5909,26.0676,26.5909,32.6,35.4807,40.8928,47.8911,44.0225,37.8505,36.6584,51.2075,51.2075,53.237,69.7552
1988-09-01 00:00:00,2,21.053,21.053,21.053,21.053,20.5739,20.0989,20.0989,20.0989,19.6281,19.6281,19.1614,19.1614,19.1614,19.1614,18.699,18.699,18.2409,18.2409,18.699,17.787,17.3374,17.3374,16.8922,16.4513,16.4513,16.4513,16.0148,15.5827,15.5827,25.5482,
1988-08-01 00:00:00,2,23.0106,23.0106,23.0106,22.5151,22.5151,22.5151,24.0137,25.0328,23.5102,23.0106,23.0106,23.0106,22.5151,22.0237,21.5363,21.053,21.053,21.053,21.5363,21.053,20.5739,21.053,21.053,21.053,21.053,21.053,21.053,21.053,21.053,21.053,21.053
1988-07-01 00:00:00,2,28.1841,27.6492,27.6492,27.6492,26.5909,26.0676,26.0676,26.0676,25.5482,25.0328,25.5482,28.1841,26.0676,26.0676,25.5482,25.0328,25.0328,24.5213,24.5213,24.0137,24.5213,24.0137,24.0137,24.0137,23.5102,23.5102,23.5102,24.0137,23.0106,23.5102,23.0106
1988-06-01 00:00:00,2,40.2773,39.6653,39.0569,37.8505,37.2527,37.2527,37.2527,36.0678,34.3175,33.1689,33.1689,33.1689,33.1689,32.6001,32.6001,32.0349,31.4736,31.4736,31.4736,31.4736,30.9159,30.362,29.8118,29.8118,28.7229,28.7229,28.7229,28.1841,28.1841,28.1841,
1988-05-01 00:00:00,2,46.588,45.2984,43.3896,42.7602,40.8928,40.8928,40.8928,40.2773,39.6653,39.6653,39.0569,38.4519,39.0569,37.8505,37.2527,37.2527,37.2527,44.0225,47.2379,44.6588,42.1343,40.8928,39.6653,38.4519,37.8505,37.2527,42.7602,46.588,42.7602,40.8928,40.8928
1988-04-01 00:00:00,2,51.2075,53.237,69.7552,73.5638,62.3684,55.9888,63.093,57.3841,53.9201,51.2075,47.8911,46.588,46.588,60.2132,102.285,75.8852,58.7923,55.9888,60.2132,55.9888,54.6064,51.8807,50.5376,47.8911,45.9415,46.588,45.2984,46.588,48.5477,53.237,
1988-03-01 00:00:00,2,65.2859,61.6468,112.051,170.191,209.889,190.631,141.455,96.2595,83.8167,75.8852,70.5108,67.5067,65.2859,63.093,60.9284,59.5012,76.665,98.8249,89.543,86.2535,74.3346,73.5638,60.2132,58.0866,55.9888,53.237,52.5572,51.8807,51.8807,49.871,48.5477
1988-02-01 00:00:00,2,83.0103,76.665,79.0223,136.885,123.562,147.016,168.204,181.307,182.333,283.591,400.978,265.166,204.458,154.576,145.152,123.562,105.069,122.488,127.914,131.236,108.029,89.543,83.0103,90.3726,79.814,71.2695,69.7552,69.0026,69.0026,,
1988-01-01 00:00:00,2,94.5633,119.299,95.41,85.4383,70.5108,69.0026,110.029,78.2336,78.2336,95.41,144.224,152.67,125.727,121.42,97.9669,80.6087,71.2695,64.5518,60.9284,58.7923,55.296,53.9201,49.871,49.2077,47.2379,45.9415,50.5376,60.9284,51.8807,48.5477,48.5477
1987-12-01 00:00:00,2,34.8973,33.1689,31.4736,49.871,71.2695,66.023,125.727,147.952,165.241,144.224,133.478,141.455,125.727,139.183,148.89,100.549,84.6261,73.5638,114.095,180.284,168.204,181.307,146.083,90.3725,82.2068,78.2336,72.0312,60.9284,59.5012,60.2132,66.7633
1987-11-01 00:00:00,2,59.5012,53.9201,41.5118,32.6001,29.2655,26.5909,24.0137,22.0237,26.5909,28.7229,29.2655,27.1181,26.0676,23.5102,23.0106,27.1181,50.5376,83.8167,57.3841,51.2075,33.7413,29.8118,26.5909,26.5909,33.1689,32.6001,33.7413,43.3896,51.8807,48.5477,
1987-10-01 00:00:00,2,28.1841,26.0676,25.0328,24.5213,24.0137,24.0137,24.0137,23.5102,23.5102,22.0237,22.0237,21.053,21.053,19.1614,18.699,18.2409,18.699,20.5739,21.053,20.0989,21.053,49.2077,51.8807,39.0569,34.3175,30.362,28.1841,28.7229,48.5477,62.3684,58.7923
1987-09-01 00:00:00,2,22.5151,21.053,20.5739,20.5739,22.0237,23.5102,26.0676,31.4736,30.362,28.1841,27.6492,26.0676,25.0328,23.0106,24.0137,24.0137,24.0137,23.5102,36.0678,61.6468,48.5477,38.4519,33.1689,42.1343,58.7923,51.2075,44.0225,33.7413,33.1689,29.8118,
1987-08-01 00:00:00,2,26.0676,26.0676,26.0676,26.0676,26.0676,25.0328,25.5482,26.0676,26.0676,26.5909,25.5482,25.0328,24.5213,24.0137,23.5102,23.0106,22.5151,22.5151,23.0106,24.0137,26.5909,25.5482,24.0137,23.5102,24.0137,23.5102,23.0106,23.0106,23.0106,22.5151,22.5151
1987-07-01 00:00:00,2,34.8973,36.0678,34.8973,34.8973,34.3175,34.3175,33.7413,33.1689,31.4736,31.4736,31.4736,31.4736,31.4736,30.9159,30.9159,30.362,29.2655,29.8118,29.2655,28.7229,28.7229,28.7229,28.7229,28.1841,28.1841,27.6492,26.0676,26.0676,26.0676,26.0676,26.0676
1987-06-01 00:00:00,2,52.5572,47.2379,43.3896,43.3896,42.1343,41.5118,41.5118,40.2773,43.3896,44.0225,43.3896,42.1343,40.2773,39.0569,39.0569,38.4519,37.8505,37.8505,38.4519,39.0569,39.6653,38.4519,37.2527,37.2527,37.2527,37.2527,37.2527,36.6584,36.0678,35.4807,
1987-05-01 00:00:00,2,45.2984,46.588,47.2379,45.9415,44.6588,45.9415,44.0225,45.9415,45.9415,44.6588,42.1343,40.8928,44.0225,42.7602,40.8928,40.2773,40.8928,43.3896,47.2379,59.5012,72.796,62.3684,51.2075,49.2077,69.0026,69.7552,59.5012,50.5376,51.2075,65.2859,59.5012
1987-04-01 00:00:00,2,53.9201,52.5572,52.5572,57.3841,74.3346,77.4478,90.3726,91.205,80.6087,83.8167,110.029,95.41,74.3346,63.093,58.0866,55.296,53.9201,52.5572,52.5572,51.2075,51.2075,49.871,49.871,48.5477,53.9201,51.8807,49.871,45.9415,44.6588,44.6588,
1987-03-01 00:00:00,2,49.871,45.9415,45.2984,44.0225,45.2984,52.5572,52.5572,65.2859,152.67,219.821,279.863,184.392,160.354,180.284,119.299,105.069,95.41,92.8785,79.814,79.0223,80.6087,91.205,92.8785,75.8852,69.0026,64.5518,60.9284,59.5012,58.7923,57.3841,55.296
1987-02-01 00:00:00,2,65.2859,58.7923,58.0866,60.2132,63.093,58.0866,60.9284,59.5012,55.296,62.3684,88.7163,77.4478,66.023,66.023,69.0026,69.0026,82.2068,120.357,146.082,151.721,100.549,70.5108,63.8209,61.6468,55.9888,54.6064,53.9201,51.8807,,,
1987-01-01 00:00:00,2,288.596,201.229,147.016,123.562,122.488,106.05,90.3726,80.6087,74.3346,73.5638,81.4063,109.026,104.093,83.8167,72.796,66.023,69.0026,136.885,119.299,89.543,92.0403,81.4063,78.2336,84.6261,75.8852,79.0223,71.2695,66.023,74.3346,82.2068,73.5638
1986-12-01 00:00:00,2,48.5477,79.814,59.5012,54.6064,45.2984,42.1343,39.6653,50.5376,70.5108,63.8209,51.8807,55.296,47.8911,54.6064,68.2531,75.1084,72.0312,78.2336,55.9888,45.9415,44.0225,42.1343,102.285,233.376,287.341,371.022,361.264,323.376,411.189,332.676,350.251
1986-11-01 00:00:00,2,19.1614,18.699,21.053,22.5151,22.5151,21.053,21.053,24.0137,22.0237,21.053,22.5151,26.5909,47.8911,75.8852,53.237,40.8928,34.8973,30.362,28.7229,28.1841,25.5482,24.5213,24.5213,24.5213,24.0137,39.0569,27.6492,30.362,53.237,47.2379,
1986-10-01 00:00:00,2,25.0328,25.0328,25.0328,24.5213,23.0106,21.5363,21.5363,21.053,20.5739,20.5739,20.0989,20.0989,19.6281,21.5363,24.0137,23.0106,22.5151,22.0237,21.053,20.5739,20.0989,19.1614,23.0106,25.5482,26.0676,24.5213,21.053,21.5363,20.5739,20.0989,19.6281
1986-09-01 00:00:00,2,32.6001,32.0349,31.4736,30.362,29.8118,29.2655,28.7229,28.1841,28.7229,27.1181,26.5909,26.0676,26.0676,25.5482,25.5482,25.0328,25.0328,24.5213,23.5102,23.5102,23.0106,22.5151,22.5151,22.0237,22.0237,22.0237,22.0237,22.5151,23.5102,24.5213,
1986-08-01 00:00:00,2,32.6001,37.8505,44.6588,39.6653,34.8973,32.6001,31.4736,31.4736,29.8118,29.2655,28.7229,28.1841,28.1841,28.1841,28.1841,37.2527,45.9415,39.0569,34.3175,31.4736,30.362,71.2695,105.069,65.2859,51.8807,44.6588,43.3896,42.1343,39.0569,35.4807,33.7413
1986-07-01 00:00:00,2,30.362,30.362,29.2655,58.0866,45.9415,37.8505,39.6653,41.5118,35.4807,33.7413,33.1689,32.6001,31.4736,31.4736,31.4736,30.9159,29.2655,29.2655,29.2655,29.2655,28.7229,28.7229,29.2655,36.6584,55.9888,58.7923,46.588,39.6653,36.6584,33.1689,32.6001
1986-06-01 00:00:00,2,40.8928,45.2984,42.7602,39.6653,37.8505,36.6584,36.6584,36.0678,35.4807,34.8973,34.8973,34.8973,34.8973,34.3175,34.3175,33.7413,33.7413,33.7413,33.7413,32.6001,32.6001,32.0349,32.0349,31.4736,31.4736,31.4736,31.4736,31.4736,31.4736,30.9159,
1986-05-01 00:00:00,2,44.6588,42.1343,40.8928,40.2773,39.6653,39.0569,38.4519,38.4519,37.8505,37.8505,37.2527,39.0569,51.2075,87.0715,59.5012,49.871,45.9415,44.0225,42.1343,40.8928,40.8928,43.3896,45.2984,43.3896,42.1343,39.6653,39.0569,37.8505,37.2527,37.2527,36.6584
1986-04-01 00:00:00,2,56.6849,52.5572,51.2075,49.871,48.5477,47.8911,46.588,45.9415,45.2984,45.2984,44.0225,45.2984,61.6468,58.0866,51.8807,49.2077,49.871,51.2075,47.8911,45.9415,44.6588,43.3896,44.0225,45.2984,44.0225,43.3896,43.3896,44.0225,45.9415,51.8807,
1986-03-01 00:00:00,2,65.2859,70.5108,98.8249,102.285,87.0715,90.3726,79.814,82.2068,87.8924,87.0715,73.5638,68.2531,63.093,60.9284,58.0866,57.3841,55.9888,55.296,58.0866,55.9888,59.5012,60.9284,55.9888,57.3841,64.5518,69.7552,61.6468,61.6468,77.4478,60.2132,56.6849
1986-02-01 00:00:00,2,72.796,69.0026,67.5067,78.2336,123.562,160.354,149.831,118.247,113.07,92.8785,85.4383,77.4478,81.4063,90.3726,89.543,102.285,101.415,127.914,145.152,117.201,95.41,84.6261,74.3346,71.2695,71.2695,68.2531,69.7552,72.796,,,
1986-01-01 00:00:00,2,133.478,143.298,124.642,103.157,83.8167,83.8167,95.41,104.093,202.303,190.631,193.784,149.831,189.585,301.275,332.676,254.372,168.204,124.642,118.247,102.285,97.9669,120.357,99.6856,85.4383,80.6087,77.4478,79.0223,83.8167,107.037,91.205,81.4063
1985-12-01 00:00:00,2,114.095,94.5633,74.3346,81.4063,93.7195,84.6261,71.2695,60.2132,63.093,53.237,50.5376,47.2379,44.6588,42.7602,45.9415,58.7923,58.0866,82.2068,64.5518,51.8807,48.5477,91.205,147.016,116.16,91.205,89.543,88.7163,109.026,175.206,226.554,177.23
1985-11-01 00:00:00,2,52.2877,78.0536,118.247,115.125,227.685,169.196,97.9669,74.3346,66.7633,55.296,49.871,47.2379,44.0225,41.5118,39.0569,38.4519,35.4807,34.8973,34.3175,34.8973,36.0678,41.5118,44.6588,57.3841,58.0866,64.5518,64.5518,116.16,113.07,81.4063,
1985-10-01 00:00:00,2,58.0399,49.5293,47.5118,55.8459,48.1794,39.2756,36.3258,35.1796,32.9449,38.676,33.4964,32.3982,31.3192,29.7366,30.2593,29.2186,27.6931,28.7053,30.2593,31.8563,29.7366,30.7869,29.2186,34.6137,58.781,126.817,93.4432,77.1934,58.781,56.5723,56.5723
1985-09-01 00:00:00,2,32.9449,32.9449,32.3982,32.3982,32.3982,35.1796,48.8519,54.4079,45.5383,39.8801,36.9061,35.1796,35.1796,34.0527,32.9449,31.8563,31.3192,30.7869,30.2593,30.2593,29.7366,29.2186,28.7053,32.9449,43.6085,46.8491,44.2469,46.1913,41.1035,53.6963,
1985-08-01 00:00:00,2,38.0812,37.4913,37.4913,37.4913,37.4913,37.4913,36.9061,36.9061,36.3258,34.6137,35.1796,35.1796,35.1796,35.1796,34.0527,34.0527,34.0527,34.0527,33.4964,33.4964,33.4964,33.4964,33.4964,35.7503,37.4913,34.6137,34.0527,33.4964,33.4964,32.9449,32.9449
1985-07-01 00:00:00,2,44.2469,43.6085,43.6085,42.975,42.975,42.975,42.975,42.3463,42.3463,42.3463,41.7225,41.1035,40.4894,41.1035,41.1035,41.1035,41.1035,41.1035,40.4894,40.4894,40.4894,39.8801,39.8801,39.8801,39.2756,38.676,38.676,38.676,38.676,38.676,38.676
1985-06-01 00:00:00,2,50.2115,50.8987,50.8987,51.5908,51.5908,51.5908,50.2115,48.8519,48.1794,47.5118,47.5118,48.1794,47.5118,47.5118,47.5118,47.5118,47.5118,47.5118,46.8491,46.1912,46.1912,46.1912,46.1912,45.5383,45.5383,45.5383,45.5383,44.8902,44.8902,44.2469,
1985-05-01 00:00:00,2,69.6759,68.06,68.06,70.4912,69.6759,68.8655,67.2596,65.6735,64.8879,64.1072,63.3315,65.6735,64.1072,67.2596,62.5608,61.0341,60.2781,59.5271,58.781,58.0399,57.3036,55.8459,58.781,63.3315,56.5723,55.8459,55.1245,54.4079,53.6963,52.2877,51.5907
1985-04-01 00:00:00,2,168.204,144.224,112.051,103.123,97.2755,94.3937,93.4432,89.6916,89.6916,95.3493,102.179,91.5574,90.622,86.0204,84.215,80.6641,78.0536,111.037,114.095,96.3098,89.6916,82.4295,78.0536,75.4879,73.8024,72.9672,72.1369,70.4912,71.3116,69.6759,
1985-03-01 00:00:00,2,307.704,282.346,180.284,209.889,189.585,157.453,154.576,135.743,195.899,217.596,182.333,163.279,188.541,141.455,147.016,164.258,192.73,224.3,260.344,207.709,164.258,148.89,132.354,122.488,114.095,110.029,108.029,121.42,119.299,146.082,169.196
1985-02-01 00:00:00,2,281.103,249.638,236.82,170.191,148.89,135.743,135.743,139.183,124.642,149.831,151.721,147.016,124.642,107.037,97.2755,92.4978,88.7663,84.215,81.5443,76.3381,76.3381,74.6427,125.727,189.585,196.96,348.885,244.943,198.023,,,
1985-01-01 00:00:00,2,201.229,140.341,110.029,86.9307,74.6427,68.8655,68.8655,79.7889,164.258,239.129,161.327,113.07,92.4978,125.727,106.05,107.037,101.188,145.152,158.418,173.192,178.245,153.622,129.015,147.952,189.585,385.16,656.475,807.379,535.785,467.02,318.115
1984-12-01 00:00:00,2,70.4912,64.8879,69.6759,91.5574,101.188,77.1934,62.5608,64.8879,108.029,125.727,186.462,122.488,101.188,101.188,130.123,151.721,190.631,168.204,122.488,103.123,89.6916,74.6427,67.2596,63.3315,59.5271,60.2781,68.8655,110.029,109.026,186.462,215.382
1984-11-01 00:00:00,2,24.7705,26.2105,23.3731,22.9167,22.0181,21.5759,21.5759,22.4651,21.5759,20.2773,20.2773,20.2773,22.4651,27.1942,33.4964,32.9449,26.2105,25.2458,27.6931,29.2186,155.532,157.453,160.354,188.541,126.817,87.846,90.622,150.775,132.354,83.3197,
1984-10-01 00:00:00,2,31.3192,28.7053,27.1942,26.6999,26.6999,25.2458,24.7705,24.3,24.3,22.9167,23.3731,28.7053,31.3192,28.1968,25.7257,24.3,24.3,26.6999,27.6931,39.8801,72.1369,52.2877,46.1913,36.9061,34.6137,44.2469,39.2756,34.0527,30.7869,27.6931,26.2105
1984-09-01 00:00:00,2,54.4079,51.5907,35.7503,33.4964,30.2593,30.2593,29.7366,39.2756,62.5608,72.1369,56.5723,41.1035,38.676,34.0527,32.3982,30.2593,28.7053,27.6931,27.1942,29.2186,34.6137,39.8801,57.3036,44.2469,38.0812,34.6137,38.0812,40.4894,36.9061,32.9449,
1984-08-01 00:00:00,2,24.3,24.3,24.3,24.3,24.3,23.8342,23.8342,22.9167,22.0181,22.0181,22.0181,21.5759,21.1383,21.1383,21.1383,21.5759,27.6931,34.6137,36.3258,30.2593,27.6931,26.2105,27.1942,30.2593,34.0527,46.1913,38.0812,36.9061,33.4964,29.7366,32.9449
1984-07-01 00:00:00,2,28.7053,29.2186,30.2593,30.2593,28.7053,28.7053,28.1968,26.6999,26.2105,26.2105,25.7257,25.7257,25.7257,25.7257,25.7257,25.7257,25.7257,25.7257,25.7257,25.2458,24.7705,24.3,24.3,24.7705,24.3,24.3,24.3,24.3,24.3,24.7705,24.7705
1984-06-01 00:00:00,2,30.7869,30.7869,29.7366,30.7869,30.7869,29.7366,29.7366,29.7366,29.7366,29.7366,29.2186,29.2186,29.2186,29.7366,29.7366,29.2186,29.2186,28.7053,28.7053,28.1968,26.6999,26.6999,26.6999,26.2105,26.2105,26.2105,26.2105,26.2105,26.2105,26.2105,
1984-05-01 00:00:00,2,41.7225,39.8801,61.0341,58.781,46.1913,42.975,43.6085,44.2469,39.8801,39.2756,38.0812,36.9061,36.3258,35.7503,35.7503,34.0527,36.3258,35.7503,39.8801,42.975,38.676,36.3258,34.6137,35.7503,34.0527,32.9449,32.9449,32.3982,31.8563,30.7869,31.3192
1984-04-01 00:00:00,2,50.8987,44.2469,41.7225,45.5383,95.3493,110.029,71.3116,59.5271,54.4079,48.1794,45.5383,42.975,43.6085,43.6085,42.975,42.3463,44.8902,41.1035,39.8801,39.2756,38.676,38.676,38.0812,37.4913,37.4913,37.4913,36.9061,37.4913,40.4894,49.5293,
1984-03-01 00:00:00,2,42.3463,42.3463,42.975,41.1035,41.7225,48.1794,54.4079,49.5293,55.1245,57.3036,54.4079,55.1245,65.6735,59.5271,52.2877,48.8519,48.1794,45.5383,43.6085,42.3463,43.6085,46.1912,43.6085,42.3463,41.1035,40.4894,39.2756,38.676,38.0812,37.4913,45.5383
1984-02-01 00:00:00,2,68.8655,64.8879,61.7949,61.7949,58.781,57.3036,55.1245,58.0399,58.0399,61.7949,60.2781,58.0399,55.1245,54.4079,52.9895,51.5908,50.8987,49.5293,58.781,59.5271,52.9895,53.6963,49.5293,47.5118,46.8491,46.1912,53.6963,46.8491,44.2469,,
1984-01-01 00:00:00,2,100.203,99.2218,105.069,101.188,94.3937,85.1152,110.029,113.07,96.3098,86.9307,81.5443,76.3381,71.3116,69.6759,67.2596,64.8879,62.5608,61.7949,61.0341,60.2781,63.3315,83.3197,86.0204,98.2461,124.642,123.562,117.201,105.069,98.2461,89.6916,69.6759
1983-12-01 00:00:00,2,64.1072,64.1072,115.125,154.576,113.07,99.2218,98.2461,144.224,144.224,252,298.72,373.831,307.704,244.943,223.176,179.263,132.354,148.89,122.488,126.817,114.095,124.642,148.89,138.031,165.241,213.177,291.113,180.284,143.298,121.42,110.029
1983-11-01 00:00:00,2,61.7949,58.0399,64.8879,104.093,112.051,93.4432,70.4912,61.0341,56.5723,54.4079,58.0399,68.06,92.4978,102.179,114.095,140.341,139.183,103.123,82.4295,135.743,163.279,113.07,117.201,135.743,107.037,93.4432,80.6641,77.1934,70.4912,67.2596,
1983-10-01 00:00:00,2,59.5271,55.8459,50.8987,48.8519,48.1794,47.5118,46.8491,46.8491,48.1794,54.4079,57.3036,58.0399,57.3036,69.6759,122.488,112.051,84.215,66.464,67.2596,93.4432,157.453,94.3937,100.203,125.727,103.123,84.215,72.9672,65.6735,63.3315,61.0341,61.0341
1983-09-01 00:00:00,2,58.0399,57.3036,57.3036,58.781,63.3315,67.2595,70.4912,69.6759,68.8655,68.06,67.2595,65.6735,67.2595,70.4912,71.3116,69.6759,68.06,65.6735,64.8879,68.06,72.1369,70.4912,71.3116,90.622,119.299,120.357,75.4879,64.1072,57.3036,56.5723,
1983-08-01 00:00:00,2,68.06,67.2596,66.464,66.464,64.8879,64.1072,64.1072,64.1072,63.3315,62.5608,62.5608,62.5608,62.5608,62.5608,62.5608,61.7949,61.7949,61.7949,61.0341,61.0341,61.0341,63.3315,64.8879,62.5608,61.7949,60.2781,60.2781,59.5271,58.781,58.781,58.781
1983-07-01 00:00:00,2,76.3381,78.0536,76.3381,72.9672,72.9672,72.1369,72.1369,72.1369,71.3116,71.3116,70.4912,69.6759,69.6759,69.6759,68.8655,68.8655,68.8655,70.4912,72.9672,78.9187,86.9307,86.9307,78.9187,74.6427,72.9672,70.4912,69.6759,68.8655,68.8655,68.8655,68.06
1983-06-01 00:00:00,2,195.899,150.775,113.07,101.188,101.188,100.203,94.3937,92.4978,90.622,87.846,86.0204,86.0204,85.1152,83.3197,80.6641,80.6641,80.6641,79.7889,79.7889,79.7889,78.9188,78.9188,78.0536,78.0536,77.1934,75.4879,75.4879,75.4879,75.4879,75.4879,
1983-05-01 00:00:00,2,100.203,98.2461,97.2755,96.3098,96.3098,96.3098,95.3493,93.4432,92.4978,92.4978,91.5574,90.622,89.6916,89.6916,90.622,91.5574,92.4978,90.622,86.9307,85.1152,85.1152,85.1152,84.215,84.215,84.215,84.215,85.1152,89.6916,98.2461,120.357,172.189
1983-04-01 00:00:00,2,114.095,113.07,111.037,103.123,99.2218,96.3098,185.426,431.948,246.113,169.196,132.354,135.743,147.016,157.453,144.224,124.642,119.299,116.16,113.07,110.029,108.029,108.029,109.026,122.488,133.478,124.642,115.125,117.201,117.201,104.093,
1983-03-01 00:00:00,2,200.158,248.46,282.346,206.623,161.327,149.831,162.301,166.226,135.743,126.817,111.037,107.037,109.026,140.341,138.031,112.051,110.029,101.188,110.029,190.631,259.145,240.287,165.241,138.031,122.488,113.07,125.727,198.023,247.285,170.191,129.015
1983-02-01 00:00:00,2,200.158,163.279,152.67,148.89,146.083,134.608,131.236,124.642,122.488,233.376,382.314,305.126,277.389,226.554,306.414,232.233,152.67,141.455,127.914,120.357,117.201,109.026,106.05,102.158,100.203,103.123,123.562,204.458,,,
1983-01-01 00:00:00,2,215.382,199.089,268.807,316.805,200.158,171.189,281.103,339.389,200.158,159.385,156.492,140.341,129.015,136.885,164.258,161.327,136.885,117.201,195.899,298.72,271.247,281.103,261.546,242.61,276.156,263.957,253.185,237.973,190.631,141.455,157.453
1982-12-01 00:00:00,2,49.5293,50.2115,53.6963,67.2595,69.6759,73.8025,61.034,69.6759,64.8879,68.8655,59.5271,54.4079,51.5908,50.2115,57.3036,79.7889,126.817,130.123,173.192,124.642,136.885,167.213,155.532,149.831,279.863,167.213,165.241,162.301,173.192,253.185,253.185
1982-11-01 00:00:00,2,69.6759,60.2781,55.1245,52.2877,50.2115,51.5908,52.2877,52.2877,68.06,95.3493,86.0204,64.1072,59.5271,55.846,54.4079,62.5607,69.6759,101.188,91.5573,71.3116,62.5607,60.2781,58.781,50.8987,47.5118,48.1794,46.8491,46.8491,48.1794,49.5293,
1982-10-01 00:00:00,2,25.5916,25.1196,27.5266,34.897,40.7373,34.3395,33.7868,79.7456,52.4772,67.401,83.9674,82.2633,92.7997,140.341,119.299,68.1997,52.4772,45.759,41.9635,38.9345,36.5984,35.4593,37.1752,44.4743,34.897,34.3395,40.1315,37.1752,76.4603,160.354,112.051
1982-09-01 00:00:00,2,31.6238,30.571,30.0517,29.5372,29.0275,28.5224,28.0222,27.5266,27.0358,27.0358,26.5497,26.5497,26.0683,26.0683,25.5916,25.5916,25.5916,25.5916,25.5916,25.5916,25.5916,25.1196,25.5916,27.0358,29.5372,28.0222,27.0358,27.0358,27.0358,26.0683,
1982-08-01 00:00:00,2,41.348,42.5839,38.9344,37.7568,36.5984,36.5984,36.5984,36.0265,36.0265,34.3395,34.3395,33.7868,33.7868,34.897,35.4593,35.4593,35.4593,35.4593,34.897,34.897,33.7868,33.2389,32.1574,31.6238,31.6238,31.095,31.095,30.571,30.571,30.571,32.1574
1982-07-01 00:00:00,2,43.8393,45.1142,44.4743,41.9635,41.348,41.348,38.9345,38.9345,39.5306,38.9345,40.7373,38.9345,38.9345,38.9345,43.8393,43.8393,38.9345,40.7373,40.1315,39.5306,40.1315,40.1315,38.3432,38.3432,37.7568,37.1752,36.0265,36.5984,36.0265,36.0265,36.5984
1982-06-01 00:00:00,2,52.4771,51.0941,51.0941,50.41,50.41,49.7308,49.7308,51.0941,53.1761,51.7832,49.7308,48.3872,47.7228,47.0633,46.4087,45.759,45.759,46.4087,45.759,45.1142,45.1142,44.4743,43.8393,43.8393,43.8393,43.2091,43.2091,46.4087,45.759,44.4743,
1982-05-01 00:00:00,2,65.035,63.4827,67.401,60.4383,58.946,58.946,57.4737,56.745,56.745,56.745,56.745,56.0213,55.3026,55.3026,53.88,53.88,53.88,52.4771,52.4771,52.4771,52.4771,53.88,52.4771,51.7832,52.4771,62.7141,69.0035,66.6073,56.745,53.88,53.88
1982-04-01 00:00:00,2,119.299,142.375,107.037,90.9915,87.4378,84.8273,82.2633,83.9674,82.2633,77.274,76.4647,75.6155,75.6155,73.9321,80.5797,102.158,95.5515,80.5797,73.0981,70.6262,69.8123,68.1998,66.6073,65.8186,64.2563,62.7141,62.7141,62.7141,61.1919,61.1919,
1982-03-01 00:00:00,2,148.89,119.299,125.727,108.029,94.6289,80.5797,78.9166,98.3508,142.375,133.478,134.608,123.562,207.709,287.341,227.685,187.5,147.952,125.727,147.016,169.196,158.418,131.236,125.727,127.914,154.576,136.885,111.037,103.123,125.727,140.341,112.051
1982-02-01 00:00:00,2,102.158,98.3508,90.9914,87.4378,93.7117,93.7117,110.029,93.7117,83.1128,78.0928,73.9321,71.4451,69.8123,69.0035,64.2563,65.035,62.7141,58.2074,60.4383,58.946,57.4737,58.2074,57.4737,65.035,71.4451,76.4603,86.5624,93.7117,,,
1982-01-01 00:00:00,2,79.7456,83.9674,167.213,382.314,527.577,308.997,233.376,171.189,144.224,120.357,138.031,190.631,183.361,191.679,144.224,122.488,101.198,93.7117,88.3184,84.8273,84.8273,94.6289,104.093,142.375,220.937,276.156,205.539,154.576,127.914,112.051,107.037
1981-12-01 00:00:00,2,75.6155,72.269,79.7456,83.1128,65.8186,61.9505,73.0981,79.7456,160.354,158.418,202.303,171.189,164.258,173.192,147.952,125.727,139.183,297.446,242.61,160.354,118.247,98.3508,88.3184,82.2633,76.4647,88.3184,78.9166,182.333,136.885,104.093,93.7117
1981-11-01 00:00:00,2,60.4383,55.3026,45.759,43.8393,53.88,58.2074,48.3872,60.4383,97.4124,95.5515,129.015,158.418,232.233,214.278,163.279,125.727,95.5515,81.4189,96.4793,93.7117,141.455,247.285,127.914,87.4378,71.4451,80.5797,88.3184,90.9914,69.0035,71.4451,
1981-10-01 00:00:00,2,32.1574,29.0275,27.5266,28.0222,26.5497,27.0358,37.1752,43.2091,45.1142,36.0265,29.5372,29.0275,33.7868,47.0633,40.1315,43.2091,51.0941,55.3026,39.5306,38.3432,66.6073,88.3184,77.274,63.4827,36.0265,50.41,69.8123,84.8273,74.7713,58.2074,51.7832
1981-09-01 00:00:00,2,26.5497,26.5497,26.5497,27.0358,27.0358,26.5497,26.0683,25.5916,25.5916,24.6524,22.8301,22.8301,23.2786,22.3862,21.9469,21.9469,21.9469,21.9469,22.3862,22.3862,21.9469,21.9469,21.5124,21.0824,20.6571,20.6571,21.0824,22.3862,43.8393,39.5306,
1981-08-01 00:00:00,2,27.5266,27.5266,28.5224,28.5224,28.5224,28.5224,28.0222,27.5266,27.5266,27.5266,27.5266,27.0358,27.0358,27.5266,28.5224,31.095,30.0517,30.0517,34.897,44.4743,43.8393,34.3395,32.1574,30.571,29.5372,28.5224,28.5224,28.5224,28.0222,27.0358,26.5497
1981-07-01 00:00:00,2,36.0265,35.4593,34.897,34.3395,33.7868,33.7868,33.2389,33.2389,33.2389,33.2389,34.3395,33.7868,33.2389,32.6957,32.6957,32.1574,32.1574,31.6238,31.6238,31.095,30.571,30.0517,30.0517,30.0517,30.0517,29.5372,29.5372,29.5372,29.5372,29.5372,27.5266
1981-06-01 00:00:00,2,47.7228,41.9635,40.1315,38.3432,38.9344,38.9344,42.5839,51.7832,59.6897,45.759,41.348,39.5306,38.9344,38.3432,38.3432,37.7568,41.9635,49.7308,53.1761,51.0941,43.2091,45.759,47.7228,43.8393,39.5306,38.9344,38.3432,37.1752,37.1752,36.5984,
1981-05-01 00:00:00,2,69.0035,56.745,51.7832,47.0633,46.4087,45.759,43.8393,43.2091,42.5839,42.5839,41.348,41.348,40.7373,40.1315,38.9344,38.9344,38.9344,38.3432,38.3432,38.9344,39.5306,39.5306,38.9344,38.3432,38.3432,38.3432,38.9344,43.2091,43.2091,43.2091,53.88
1981-04-01 00:00:00,2,83.1128,62.7141,58.2074,56.0213,54.5888,53.1761,51.0941,50.41,49.7308,49.7308,48.3872,47.7228,47.0633,45.759,45.759,45.1142,45.759,46.4087,46.4087,44.4743,43.8393,42.5839,42.5839,41.9635,41.348,41.348,41.348,40.7373,58.2074,99.2946,
1981-03-01 00:00:00,2,53.88,53.1761,51.7832,50.41,49.7308,65.035,87.4378,95.5515,98.3508,139.183,118.247,90.0952,95.5515,75.6155,64.2563,58.946,56.0213,56.745,70.6262,126.817,90.0952,75.6155,70.6262,62.7141,58.946,58.2074,59.6897,63.4827,68.1998,66.6073,75.6155
1981-02-01 00:00:00,2,104.093,110.029,90.9915,83.1128,78.0928,77.274,208.798,161.327,121.42,85.6923,94.6289,103.123,90.0952,77.274,72.269,68.1998,65.8186,65.035,67.401,61.1919,60.4383,59.6897,61.9505,58.2074,57.4737,58.2074,56.745,54.5888,,,
1981-01-01 00:00:00,2,183.361,199.089,163.279,126.817,96.4793,83.9674,79.7456,73.0981,73.9321,77.274,162.301,153.622,184.392,179.263,161.327,153.622,164.258,157.453,125.727,102.158,91.8929,108.029,168.204,165.241,141.455,183.361,185.426,166.226,129.015,108.029,99.2946
1980-12-01 00:00:00,2,51.9489,139.251,202.303,267.591,244.943,259.145,239.129,152.387,141.592,119.141,117.012,101.707,113.857,382.314,424.483,256.754,162.301,124.642,106.05,92.7997,83.9674,81.4189,76.4603,70.6262,70.6262,79.7456,78.9166,87.4378,112.051,151.721,167.213
1980-11-01 00:00:00,2,20.874,21.29,20.874,21.29,20.874,20.874,20.874,22.5648,32.6349,41.0814,42.288,49.2666,180.284,149.95,82.2301,56.8303,46.6616,51.9489,47.3057,41.0814,84.8748,63.4593,48.6081,54.709,84.8748,102.691,80.4924,54.709,44.7585,42.288,
1980-10-01 00:00:00,2,27.108,26.163,25.2362,24.7796,24.3276,23.8801,23.4372,23.4372,23.4372,23.8801,23.8801,25.6973,52.6316,64.9867,47.3057,37.0078,32.1093,29.551,27.108,26.163,25.2362,23.8801,24.3276,24.3276,27.108,38.1481,27.5874,24.7796,22.9987,22.1354,21.29
