DataHora,NivelConsistencia,Vazao01,Vazao02,Vazao03,Vazao04,Vazao05,Vazao06,Vazao07,Vazao08,Vazao09,Vazao10,Vazao11,Vazao12,Vazao13,Vazao14,Vazao15,Vazao16,Vazao17,Vazao18,Vazao19,Vazao20,Vazao21,Vazao22,Vazao23,Vazao24,Vazao25,Vazao26,Vazao27,Vazao28,Vazao29,Vazao30,Vazao31
2023-04-01 00:00:00,2,77.7286,76.6933,77.7286,73.6178,71.5927,69.588,68.5934,67.6039,81.9191,86.1882,82.979,75.6631,71.5927,71.5927,75.6631,108.675,88.3519,73.6178,73.6178,78.7687,81.9191,73.6178,67.6039,65.6405,64.6666,62.7347,59.8765,85.1136,129.529,100.592,
2023-03-01 00:00:00,2,96.0753,94.9578,96.0753,90.5348,88.3519,86.1882,86.1882,88.3519,132.449,127.588,100.592,197.085,116.981,113.394,98.3246,92.7368,87.2676,81.9191,79.8139,81.9191,89.4409,99.4562,108.675,114.585,88.3519,79.8139,76.6933,76.6933,85.1136,94.9578,78.7687
2023-02-01 00:00:00,2,237.311,167.271,150.189,142.258,132.449,127.588,151.185,165.246,199.171,173.372,193.964,160.2,163.224,161.207,143.246,199.171,305.408,202.306,184.65,170.317,149.193,131.474,125.504,118.185,114.585,106.343,104.029,99.4562,,,
2023-01-01 00:00:00,2,243.773,243.773,321.165,277.607,230.878,275.403,388.951,670.859,501.066,473.203,410.047,331.363,285.347,290.896,226.606,193.964,167.271,151.185,147.206,247.015,287.564,297.579,277.607,230.878,239.462,314.396,249.18,198.127,244.853,241.616,255.695
2022-12-01 00:00:00,2,159.194,155.181,128.558,100.592,114.585,127.588,113.394,146.215,118.185,104.029,113.394,94.9578,145.224,138.321,136.359,104.029,82.979,81.9191,97.1976,99.4562,208.6,370.357,207.549,161.207,140.287,104.029,125.504,132.449,156.183,127.588,179.509
2022-11-01 00:00:00,2,71.5927,80.864,65.6405,69.588,70.5878,57.9978,49.8146,45.4647,60.8239,52.4925,90.5348,81.9191,63.698,84.0439,135.379,197.085,143.246,96.0753,71.5927,58.9345,53.3963,48.9332,46.3232,54.3056,50.7016,75.6631,73.6178,116.981,131.474,181.562,
2022-10-01 00:00:00,2,48.9332,43.7651,42.9241,94.9578,70.5878,90.5348,73.6178,54.3056,48.9332,45.4647,42.0889,38.8079,35.6238,34.0688,32.5389,32.5389,31.0345,28.8264,28.1034,41.2597,34.0688,63.698,57.0666,59.8765,52.4925,54.3056,48.0575,43.7651,39.6191,45.4647,57.9978
2022-09-01 00:00:00,2,33.3007,32.5389,31.0345,31.0345,31.0345,31.0345,30.292,31.0345,31.0345,31.0345,31.0345,31.0345,31.0345,31.0345,29.5559,30.292,29.5559,29.5559,29.5559,28.8264,29.5559,31.7835,32.5389,40.4364,40.4364,35.6238,39.6191,36.4106,45.4647,57.9978,
2022-08-01 00:00:00,2,38.8079,38.8079,38.8079,38.8079,38.8079,39.6191,39.6191,39.6191,39.6191,38.0027,37.2036,35.6238,37.2036,37.2036,35.6238,35.6238,35.6238,35.6238,34.8431,34.0688,34.0688,33.3007,34.0688,34.0688,34.0688,34.0688,34.0688,34.0688,34.0688,34.0688,32.5389
2022-07-01 00:00:00,2,44.612,44.612,43.7651,43.7651,43.7651,43.7651,42.0889,42.9241,42.9241,42.0889,42.0889,41.2597,38.8079,38.8079,38.8079,38.8079,39.6191,38.8079,38.8079,38.8079,38.8079,38.8079,39.6191,38.8079,38.8079,38.8079,38.8079,38.8079,39.6191,39.6191,39.6191
2022-06-01 00:00:00,2,55.2205,54.3056,53.3963,54.3056,52.4925,51.5942,50.7016,50.7016,48.9332,48.9332,48.0575,50.7016,50.7016,49.8146,49.8146,50.7016,48.9332,48.9332,48.0575,47.1875,47.1875,47.1875,47.1875,47.1875,46.3232,46.3232,43.7651,43.7651,44.612,45.4647,
2022-05-01 00:00:00,2,63.698,63.698,63.698,60.8239,111.026,90.5348,82.979,73.6178,67.6039,65.6405,63.698,63.698,63.698,61.7766,61.7766,61.7766,69.588,65.6405,65.6405,64.6666,59.8765,59.8765,58.9345,59.8765,57.9978,56.1408,57.9978,57.0666,56.1408,56.1408,56.1408
2022-04-01 00:00:00,2,94.9578,100.592,105.184,97.1976,106.343,94.9578,90.5348,90.5348,87.2676,99.4562,114.585,92.7368,86.1882,86.1882,90.5348,94.9578,88.3519,86.1882,77.7286,75.6631,74.6379,72.6027,73.6178,69.588,66.6196,67.6039,67.6039,65.6405,66.6196,64.6666,
2022-03-01 00:00:00,2,168.285,163.224,155.181,149.193,145.224,143.246,139.303,133.424,126.62,124.273,123.047,119.394,123.047,133.424,125.504,119.394,113.394,107.507,105.184,99.4562,99.4562,94.9578,96.0753,94.9578,90.5348,90.5348,89.4409,86.1882,90.5348,120.607,94.9578
2022-02-01 00:00:00,2,214.927,204.4,190.851,213.87,206.499,183.62,205.449,272.101,299.813,401.821,434.891,503.501,343.899,261.145,233.019,359.965,378.473,380.797,345.043,294.235,345.043,433.702,320.035,238.386,215.984,208.6,193.964,178.484,,,
2022-01-01 00:00:00,2,163.224,171.334,286.455,229.809,181.562,181.562,295.349,717.12,924.49,956.936,1029.52,902.965,870.837,573.711,393.623,359.965,345.043,264.424,266.613,255.695,223.41,203.353,182.59,167.271,158.189,151.185,145.224,143.246,144.234,151.185,200.215
2021-12-01 00:00:00,2,70.5878,63.698,58.9345,65.6405,58.9345,195.003,143.246,183.62,202.306,171.334,108.675,84.0439,202.306,231.948,158.189,142.258,141.272,140.287,170.317,138.321,108.675,93.8449,86.1882,82.979,77.7286,70.5878,66.6196,61.7766,81.9191,142.258,181.562
2021-11-01 00:00:00,2,70.5878,140.287,125.504,93.8449,65.6405,54.3056,48.9332,64.6666,119.394,88.3519,132.449,68.5934,94.9578,90.5348,69.588,58.9345,53.3963,49.8146,48.9332,62.7347,65.6405,63.698,57.9978,52.4925,47.1875,45.4647,79.8139,71.5927,74.6379,57.0666,
2021-10-01 00:00:00,2,18.0843,50.7016,40.4364,86.1882,66.6196,58.9345,49.8146,39.6191,49.8146,57.0666,61.7766,131.474,181.562,109.848,66.6196,55.2205,48.9332,47.1875,73.6178,197.085,179.509,148.199,94.9578,71.5927,62.7347,63.698,77.7286,108.675,67.6039,54.3056,48.9332
2021-09-01 00:00:00,2,18.7021,18.7021,19.3274,18.7021,18.7021,18.7021,18.0843,17.474,16.8713,16.8713,16.2762,16.2762,16.2762,16.8713,17.474,16.8713,16.8713,16.2762,15.6888,15.6888,15.1092,15.1092,13.9739,13.9739,13.9739,13.9739,13.9739,21.2471,17.474,23.9068,
2021-08-01 00:00:00,2,22.5628,22.5628,21.9014,23.2313,23.2313,23.2313,23.2313,22.5628,22.5628,22.5628,22.5628,22.5628,23.2313,21.9014,21.2471,21.9014,34.0688,24.5892,24.5892,28.1034,24.5892,23.9068,21.2471,21.2471,19.96,20.5999,19.96,18.7021,18.0843,18.0843,18.7021
2021-07-01 00:00:00,2,28.1034,29.5559,29.5559,28.8264,28.8264,28.1034,27.3871,26.6775,26.6775,27.3871,27.3871,26.6775,25.2785,25.2785,23.9068,23.9068,25.9746,25.2785,23.2313,24.5892,24.5892,23.9068,23.2313,23.2313,23.2313,23.9068,23.9068,23.9068,24.5892,23.2313,23.2313
2021-06-01 00:00:00,2,34.8431,41.2597,59.8765,46.3232,41.2597,38.0027,36.4106,35.6238,34.0688,34.8431,34.8431,34.0688,33.3007,33.3007,34.0688,33.3007,31.7835,31.0345,31.7835,31.0345,31.7835,31.0345,31.0345,30.292,30.292,29.5559,29.5559,29.5559,30.292,30.292,
2021-05-01 00:00:00,2,37.2036,37.2036,36.4106,35.6238,35.6238,35.6238,35.6238,35.6238,34.8431,34.0688,33.3007,32.5389,32.5389,32.5389,33.3007,34.0688,34.0688,35.6238,34.0688,34.0688,32.5389,32.5389,31.7835,31.7835,31.7835,31.7835,32.5389,32.5389,31.0345,32.5389,31.0345
2021-04-01 00:00:00,2,57.9978,54.3056,51.5942,51.5942,53.3963,54.3056,51.5942,51.5942,54.3056,49.8146,47.1875,46.3232,45.4647,42.9241,42.0889,42.0889,42.0889,41.2597,40.4364,40.4364,40.4364,40.4364,39.6191,39.6191,38.8079,38.8079,38.8079,39.6191,38.0027,37.2036,
2021-03-01 00:00:00,2,98.3246,86.1882,78.7687,73.6178,68.5934,66.6196,81.9191,165.246,131.474,129.529,125.504,101.733,81.9191,75.6631,81.9191,69.588,66.6196,62.7347,64.6666,65.6405,66.6196,58.9345,57.0666,55.2205,53.3963,57.0666,54.3056,54.3056,63.698,61.7766,57.9978
2021-02-01 00:00:00,2,45.4647,46.3232,45.4647,46.3232,58.9345,64.6666,168.285,193.964,105.184,129.529,115.781,152.182,125.504,196.044,181.562,158.189,115.781,123.047,201.26,178.484,127.588,213.87,185.681,153.181,130.501,108.675,101.733,124.273,,,
2021-01-01 00:00:00,2,78.7687,101.733,215.984,266.613,203.353,164.234,107.507,152.182,220.223,134.401,156.183,172.353,129.529,136.359,107.507,116.981,93.8449,91.6334,79.8139,70.5878,66.6196,63.698,60.8239,58.9345,57.9978,55.2205,54.3056,52.4925,48.9332,48.9332,48.0575
2020-12-01 00:00:00,2,30.8947,34.2567,88.3446,93.3768,76.4744,65.8701,63.0275,70.6557,107.718,246.078,215.294,167.148,145.016,139.572,94.389,81.3837,66.8225,86.3456,154.907,133.087,99.4788,109.795,98.4571,268.894,264.714,180.684,186.377,140.658,149.398,132.012,94.389
2020-11-01 00:00:00,2,50.9766,61.1447,47.3624,60.2072,57.4099,57.4099,41.1542,34.2567,30.8947,49.1637,77.452,55.5582,55.5582,141.745,123.464,142.834,96.4193,141.745,138.487,94.389,74.5259,61.1447,51.8873,47.3624,52.8009,46.4662,41.1542,38.5417,35.1065,32.5681,
2020-10-01 00:00:00,2,16.6258,15.8818,15.8818,15.1439,15.8818,13.6872,11.5528,15.8818,15.8818,15.8818,15.8818,15.1439,18.1312,16.6258,28.4144,23.5685,28.4144,20.4308,18.8923,18.1312,26.7816,20.4308,20.4308,20.4308,34.2567,41.1542,72.5863,66.8225,44.683,35.1065,39.4092
2020-09-01 00:00:00,2,23.5685,23.5685,21.9898,21.2078,21.2078,21.2078,20.4308,20.4308,20.4308,19.6589,18.1312,18.1312,17.3756,17.3756,15.8818,15.8818,15.8818,15.8818,15.8818,15.1439,15.1439,16.6258,18.1312,23.5685,28.4144,25.9716,22.7768,21.9898,18.8923,18.1312,
2020-08-01 00:00:00,2,30.0639,29.2371,30.0639,29.2371,29.2371,29.2371,26.7816,25.9716,26.7816,26.7816,25.9716,26.7816,25.9716,25.9716,25.9716,25.166,25.166,24.365,23.5685,23.5685,21.9898,32.5681,27.5959,32.5681,35.1065,32.5681,28.4144,26.7816,26.7816,25.9716,25.166
2020-07-01 00:00:00,2,38.5417,38.5417,40.28,39.4092,37.6777,36.8171,36.8171,35.96,35.1065,35.1065,35.1065,35.1065,35.1065,34.2567,34.2567,34.2567,34.2567,33.4105,33.4105,33.4105,33.4105,33.4105,33.4105,32.5681,31.7295,31.7295,31.7295,31.7295,30.0639,29.2371,29.2371
2020-06-01 00:00:00,2,49.1637,49.1637,49.1637,49.1637,47.3624,45.5731,46.4662,46.4662,46.4662,44.683,44.683,43.796,43.796,42.0316,42.0316,42.0316,40.28,40.28,42.0316,41.1542,41.1542,40.28,40.28,40.28,40.28,38.5417,38.5417,38.5417,38.5417,38.5417,
2020-05-01 00:00:00,2,60.2072,59.2721,57.4099,55.5582,56.4827,57.4099,54.6364,59.2721,64.9201,63.9725,58.3397,56.4827,54.6364,54.6364,54.6364,59.2721,60.2072,58.3397,56.4827,54.6364,54.6364,53.7173,51.8873,62.0848,64.9201,63.9725,64.9201,56.4827,51.8873,49.1637,49.1637
2020-04-01 00:00:00,2,120.285,176.151,167.148,125.591,117.12,107.718,89.3471,120.285,148.301,122.403,102.555,127.725,110.837,99.4788,90.3516,112.924,105.647,90.3516,83.3622,78.4317,76.4744,74.5259,69.6939,71.6199,68.7344,67.7773,64.9201,63.9725,62.0848,61.1447,
2020-03-01 00:00:00,2,272.037,324.429,343.045,294.254,312.501,282.571,219.987,182.957,163.794,156.013,143.925,125.591,122.403,122.403,115.019,104.615,101.528,97.4372,93.3768,124.527,196.702,188.663,238.909,153.803,117.12,103.584,96.4193,91.358,88.3446,88.3446,86.3456
2020-02-01 00:00:00,2,181.82,157.121,184.096,159.34,239.93,270.989,327.698,287.869,197.856,156.013,151.598,273.087,185.236,272.037,378.662,221.163,202.48,177.282,230.611,176.151,140.658,136.323,172.765,134.164,130.938,128.794,187.519,221.163,236.869,,
2020-01-01 00:00:00,2,38.1247,159.749,69.5346,98.9226,127.606,108.713,87.1739,110.909,105.432,103.255,75.6839,66.4931,60.48,82.9645,109.81,124.236,290.785,199.322,150.444,104.343,133.256,153.922,177.439,476.469,779.224,602.525,409.272,232.799,286.808,318.996,216.465
2019-12-01 00:00:00,2,67.5044,110.909,77.7526,78.7905,86.1183,93.5516,101.085,94.6218,72.5984,94.6218,80.873,160.918,299.075,202.064,175.062,116.431,80.873,66.4931,59.4871,64.4782,98.9226,123.116,114.217,105.432,110.909,76.7171,62.4738,54.4948,49.6492,45.9382,40.6468
2019-11-01 00:00:00,2,38.1247,42.374,36.489,26.7461,22.136,22.7675,19.1146,18.5374,34.104,45.9382,44.1378,37.3023,32.5596,46.8522,40.6468,75.6839,70.5534,61.4755,69.5346,97.8444,67.5044,55.4915,86.1183,79.8306,60.48,48.7077,40.6468,34.8899,69.5346,56.4974,
2019-10-01 00:00:00,2,26.0603,22.136,19.1146,17.4101,15.7865,14.2439,14.2439,14.2439,13.7476,13.7476,24.716,20.2961,20.9004,19.7008,16.8599,15.2633,14.2439,12.782,12.3126,12.3126,12.3126,23.4079,19.7008,18.5374,28.1449,23.4079,19.1146,22.136,28.858,45.0334,50.6
2019-09-01 00:00:00,2,14.7491,14.7491,14.2439,13.7476,13.7476,13.7476,13.7476,13.2603,12.3126,12.782,12.782,12.3126,12.782,12.3126,12.3126,12.782,12.3126,11.8522,11.8522,10.9581,11.4007,11.4007,11.8522,11.4007,10.9581,15.2633,22.7675,28.1449,54.4948,34.8899,
2019-08-01 00:00:00,2,17.4101,17.4101,16.8599,17.4101,17.4101,16.8599,17.9692,17.9692,17.9692,17.9692,17.9692,17.4101,16.8599,16.3187,15.7865,15.2633,15.2633,14.7491,15.2633,15.2633,15.2633,14.7491,15.7865,16.8599,17.4101,16.8599,15.7865,14.7491,15.2633,14.7491,14.7491
2019-07-01 00:00:00,2,21.5137,21.5137,20.9004,20.2961,20.2961,20.2961,20.2961,20.2961,20.2961,19.7008,19.7008,19.7008,19.7008,20.2961,20.2961,19.7008,19.1146,19.1146,18.5374,19.1146,18.5374,18.5374,18.5374,18.5374,18.5374,17.9692,17.9692,17.4101,17.4101,17.4101,17.4101
2019-06-01 00:00:00,2,27.441,27.441,26.7461,31.8011,28.858,28.858,28.858,27.441,26.7461,26.7461,26.7461,26.7461,26.7461,26.7461,25.3836,25.3836,24.716,24.716,24.0574,24.0574,23.4079,23.4079,23.4079,23.4079,22.7675,23.4079,22.7675,22.136,22.136,22.136,
2019-05-01 00:00:00,2,38.9563,43.2513,43.2513,37.3023,37.3023,36.489,35.6849,34.104,34.104,33.3272,32.5596,31.8011,31.8011,31.8011,35.6849,53.5073,47.7754,44.1378,40.6468,38.1247,38.1247,35.6849,33.3272,31.8011,31.0516,30.3113,29.5801,28.1449,30.3113,28.1449,27.441
2019-04-01 00:00:00,2,40.6468,39.797,39.797,41.5058,41.5058,47.7754,50.6,48.7077,48.7077,46.8522,53.5073,56.4974,47.7754,41.5058,42.374,60.48,114.217,102.169,76.7171,60.48,50.6,45.0334,42.374,40.6468,39.797,39.797,38.9563,36.489,35.6849,34.104,
2019-03-01 00:00:00,2,100.003,85.0649,72.5984,66.4931,67.5044,58.4971,58.4971,53.5073,48.7077,45.9382,52.529,51.5599,89.2914,65.4844,55.4915,53.5073,67.5044,87.1739,76.7171,73.6245,108.713,166.787,105.432,82.9645,67.5044,58.4971,52.529,48.7077,45.9382,45.0334,41.5058
2019-02-01 00:00:00,2,27.5044,26.0328,24.5869,54.3997,39.9747,67.6398,65.7163,51.634,68.6053,60.0088,47.0851,39.1013,35.6441,50.7181,57.1916,59.067,85.3866,116.503,113.313,74.4504,73.4701,148.132,122.931,83.3779,62.8506,53.4749,68.6053,69.5346,,,
2019-01-01 00:00:00,2,157.93,114.863,92.6355,88.7179,70.6759,61.5838,55.104,52.3575,47.8791,43.5286,39.3104,39.3104,38.483,35.2296,32.8495,31.2921,30.5224,30.5224,36.8451,33.6371,36.8451,36.8451,41.8251,37.6612,36.0345,36.8451,33.6371,30.5224,33.6371,32.8495,32.8495
2018-12-01 00:00:00,2,79.1021,87.7448,171.451,143.584,105.635,62.4796,77.2104,92.6355,78.1549,75.3296,61.5838,54.1836,59.7782,55.104,49.6554,45.2532,40.9814,38.483,37.6612,37.6612,41.8251,39.3104,44.3882,71.601,78.1549,60.691,100.588,115.899,125.324,112.797,153.482
2018-11-01 00:00:00,2,31.2921,32.0679,32.0679,49.6554,39.3104,32.0679,38.483,50.5511,67.9175,99.5853,91.6524,65.1853,50.5511,42.6742,37.6612,60.691,53.2681,77.2104,56.9593,58.8338,126.382,201.607,219.512,130.634,129.568,126.382,104.621,77.2104,63.3785,55.104,
2018-10-01 00:00:00,2,22.4673,21.0879,22.4673,38.483,29.7587,26.0328,23.8737,23.1671,21.7742,21.0879,20.4087,21.7742,20.4087,21.0879,21.7742,32.8495,29.0011,39.3104,32.8495,56.0293,52.3575,43.5286,32.8495,26.7654,52.3575,54.1836,40.9814,51.4518,54.1836,45.2532,35.2296
2018-09-01 00:00:00,2,15.5952,15.5952,15.5952,14.8017,14.4079,14.4079,14.016,13.2384,14.016,14.016,13.2384,12.8527,12.8527,13.2384,34.4305,23.8737,31.2921,40.1432,36.0345,37.6612,59.7782,38.483,38.483,28.2496,21.7742,18.4132,16.7995,15.9948,15.9948,16.7995,
2018-08-01 00:00:00,2,15.5952,15.1975,15.1975,28.2496,36.0345,51.4518,43.5286,32.8495,39.3104,31.2921,26.0328,24.5869,22.4673,20.4087,20.4087,17.7625,17.7625,19.7364,23.1671,22.4673,22.4673,20.4087,19.0712,17.7625,17.2046,15.9948,16.7995,15.5952,15.5952,15.5952,15.1975
2018-07-01 00:00:00,2,20.4087,21.0879,20.4087,20.4087,19.7364,19.0712,18.4132,18.4132,17.7625,17.7625,17.2046,17.2046,17.2046,17.2046,17.7625,17.2046,17.2046,17.2046,16.7995,16.3963,15.9948,16.3963,15.1975,15.5952,15.5952,15.1975,15.1975,17.7625,15.5952,15.5952,15.1975
2018-06-01 00:00:00,2,28.2496,28.2496,27.5044,27.5044,27.5044,27.5044,27.5044,27.5044,30.5224,30.5224,30.5224,29.7587,27.5044,28.2496,27.5044,24.5869,24.5869,23.8737,23.8737,23.8737,23.8737,23.8737,23.8737,23.8737,24.5869,23.1671,21.7742,22.4673,21.7742,21.0879,
2018-05-01 00:00:00,2,34.4305,33.6371,32.0679,31.2921,30.5224,30.5224,29.7587,30.5224,29.7587,29.0011,29.0011,29.0011,29.7587,28.2496,28.2496,29.0011,29.0011,29.7587,30.5224,35.2296,32.0679,32.0679,29.0011,28.2496,27.5044,28.2496,27.5044,30.5224,29.7587,29.7587,29.0011
2018-04-01 00:00:00,2,55.104,53.2681,51.4518,55.104,52.3575,71.601,66.0931,60.691,56.9593,52.3575,49.6554,46.1233,45.2532,47.8791,44.3882,43.5286,41.8251,40.9814,40.1432,39.3104,39.3104,39.3104,38.483,38.483,37.6612,37.6612,38.483,36.8451,36.0345,35.2296,
2018-03-01 00:00:00,2,133.844,138.154,112.797,114.863,152.375,102.6,102.6,179.456,232.799,188.709,166.915,159.047,125.324,98.5853,92.6355,100.588,122.163,165.785,165.785,106.651,92.6355,106.651,113.828,103.609,90.6717,75.3296,73.4598,65.1853,62.4796,57.8942,56.0293
2018-02-01 00:00:00,2,160.165,134.919,98.5853,87.7448,95.5995,112.797,156.815,145.77,104.621,82.9172,77.2104,77.2104,74.3933,67.0039,54.1836,50.5511,49.6554,44.3882,41.8251,55.104,89.6936,150.165,129.568,120.067,115.899,100.588,81.9595,95.5995,,,
2018-01-01 00:00:00,2,86.7741,67.0039,60.691,71.601,104.621,249.164,186.385,122.163,117.979,90.6717,69.7536,58.8338,52.3575,59.7782,61.5838,58.8338,57.8942,63.3785,52.3575,45.2532,40.1432,37.6612,33.6371,38.483,46.9987,39.3104,36.8451,34.4305,36.0345,38.483,81.0044
2017-12-01 00:00:00,2,81.9595,302.812,387.679,264.714,218.307,207.535,176.015,127.442,154.591,159.047,144.676,103.609,83.8776,68.8341,59.7782,58.8338,103.609,123.215,73.4598,56.9593,48.7647,45.2532,53.2681,65.1853,52.3575,47.8791,40.9814,52.3575,70.6759,50.5511,56.9593
2017-11-01 00:00:00,2,16.3963,15.1975,12.0877,10.957,9.8475,9.4826,10.5847,8.4037,9.1203,8.7606,8.7606,29.0011,15.1975,25.3066,28.2496,17.2046,13.2384,10.5847,10.2149,23.8737,26.0328,88.7179,88.7179,65.1853,85.8061,60.691,38.483,34.4305,41.8251,48.7647,
2017-10-01 00:00:00,2,12.4691,8.7606,39.3104,19.0712,48.7647,34.4305,19.0712,14.8017,13.6262,10.957,9.8475,8.7606,6.6624,7.6982,8.0495,8.4037,7.0046,6.6624,6.6624,6.6624,7.3499,7.3499,7.3499,7.0046,7.3499,7.0046,8.0495,30.5224,23.1671,16.7995,26.0328
2017-09-01 00:00:00,2,9.8475,9.1203,9.1203,8.4037,9.1203,8.7606,8.7606,8.7606,8.7606,8.7606,8.4037,8.4037,8.4037,8.0495,7.6982,9.4826,7.3499,8.7606,8.4037,7.0046,7.0046,7.3499,7.3499,7.3499,6.6624,5.3269,5.6555,5.9877,10.2149,9.1203,
2017-08-01 00:00:00,2,10.2149,10.2149,10.2149,9.8475,9.8475,9.8475,9.8475,9.4826,9.1203,9.1203,9.4826,8.7606,8.7606,8.7606,9.4826,9.8475,9.4826,9.4826,9.4826,9.4826,9.4826,9.4826,9.4826,9.1203,9.1203,9.1203,9.4826,9.4826,9.8475,9.4826,9.4826
2017-07-01 00:00:00,2,14.8017,14.4079,14.016,13.6262,13.6262,13.2384,13.2384,13.6262,15.5952,14.4079,13.2384,13.2384,13.2384,13.2384,13.2384,12.8527,12.8527,12.4691,12.0877,11.7085,11.3316,11.3316,11.3316,11.3316,11.3316,10.957,10.957,10.5847,10.5847,10.5847,10.5847
2017-06-01 00:00:00,2,16.3963,15.5952,15.5952,15.9948,15.5952,15.5952,15.5952,15.1975,14.8017,14.4079,14.4079,15.1975,26.0328,19.7364,31.2921,29.7587,29.7587,23.8737,19.0712,17.7625,18.4132,15.5952,15.5952,15.5952,15.1975,14.8017,14.8017,15.1975,15.1975,14.8017,
2017-05-01 00:00:00,2,23.8737,23.1671,21.0879,20.4087,20.4087,20.4087,19.7364,19.7364,20.4087,21.0879,15.9948,15.5952,15.5952,14.8017,14.4079,14.4079,14.8017,16.3963,15.5952,23.8737,21.7742,35.2296,32.8495,26.0328,21.7742,21.0879,18.4132,18.4132,17.2046,16.7995,16.3963
2017-04-01 00:00:00,2,34.4305,29.7587,27.5044,25.3066,24.5869,23.8737,23.8737,22.4673,23.1671,24.5869,23.1671,23.1671,23.1671,22.4673,22.4673,21.7742,21.7742,21.0879,21.0879,20.4087,19.7364,19.7364,21.7742,21.0879,21.7742,21.0879,22.4673,25.3066,26.0328,23.1671,
2017-03-01 00:00:00,2,45.2532,39.3104,36.0345,29.7587,31.2921,30.5224,30.5224,32.0679,46.1233,39.3104,40.1432,31.2921,29.0011,26.7654,23.1671,22.4673,22.4673,23.1671,83.8776,59.7782,62.4796,47.8791,39.3104,32.0679,29.7587,27.5044,26.7654,41.8251,49.6554,46.1233,39.3104
2017-02-01 00:00:00,2,29.7587,28.2496,38.483,46.9987,75.3296,124.269,159.047,89.6936,67.0039,53.2681,45.2532,43.5286,40.1432,36.8451,34.4305,32.0679,31.2921,29.7587,29.0011,28.2496,28.2496,26.7654,24.5869,23.1671,23.1671,29.0011,42.6742,39.3104,,,
2017-01-01 00:00:00,2,53.2681,48.7647,44.3882,44.3882,44.3882,56.0293,56.0293,49.6554,46.9987,54.1836,46.1233,55.104,72.529,123.215,171.451,121.114,98.5853,82.9172,65.1853,56.0293,52.3575,44.3882,40.9814,38.483,48.7647,40.1432,40.1432,40.1432,36.8451,35.2296,31.2921
2016-12-01 00:00:00,2,117.979,83.8776,58.8338,67.9175,220.718,123.215,87.7448,66.0931,54.1836,49.6554,200.426,291.058,166.915,419.585,351.88,374.169,320.081,193.376,131.702,105.635,91.6524,80.0519,75.3296,71.601,63.3785,75.3296,82.9172,78.1549,73.4598,86.7741,59.7782
2016-11-01 00:00:00,2,10.2149,10.2149,9.4826,9.1203,19.0712,15.9948,22.4673,23.8737,34.4305,38.483,33.6371,29.7587,29.0011,54.1836,65.1853,177.16,143.584,84.8405,60.691,47.8791,42.6742,34.4305,44.3882,55.104,91.6524,61.5838,46.9987,38.483,36.0345,102.6,
2016-10-01 00:00:00,2,15.1975,15.1975,13.2384,21.0879,16.7995,20.4087,22.4673,19.7364,17.2046,15.9948,13.6262,12.4691,12.0877,12.0877,12.8527,13.6262,14.016,14.8017,15.9948,15.1975,15.1975,19.0712,19.0712,13.6262,17.7625,15.9948,13.6262,14.016,14.4079,14.8017,12.8527
2016-09-01 00:00:00,2,19.0712,14.8017,15.1975,18.4132,16.3963,14.8017,13.6262,13.2384,12.8527,12.0877,12.4691,12.8527,12.4691,11.7085,11.7085,12.8527,11.3316,10.2149,10.5847,12.8527,12.0877,11.7085,11.7085,11.3316,12.4691,36.8451,26.0328,27.5044,21.7742,17.7625,
2016-08-01 00:00:00,2,15.9948,15.9948,15.9948,15.9948,15.9948,15.5952,15.5952,15.5952,15.1975,15.1975,14.8017,14.4079,14.016,14.016,13.6262,14.016,14.016,16.3963,16.3963,15.9948,15.1975,14.016,14.016,13.6262,13.6262,13.2384,13.2384,13.2384,13.2384,14.4079,14.016
2016-07-01 00:00:00,2,23.1671,23.1671,23.1671,22.4673,22.4673,21.7742,21.7742,21.7742,21.0879,20.4087,20.4087,19.7364,19.7364,19.0712,18.4132,17.7625,17.7625,17.2046,17.2046,16.7995,16.7995,17.2046,17.2046,17.7625,17.2046,17.2046,16.7995,16.7995,16.3963,16.3963,15.9948
2016-06-01 00:00:00,2,23.8737,28.2496,51.4518,71.601,66.0931,60.691,46.9987,40.1432,38.483,34.4305,34.4305,32.0679,30.5224,28.2496,27.5044,26.7654,26.0328,26.0328,26.7654,26.7654,24.5869,24.5869,24.5869,22.4673,25.3066,23.8737,23.8737,23.1671,23.1671,22.4673,
2016-05-01 00:00:00,2,64.2804,53.2681,44.3882,37.6612,32.0679,31.2921,30.5224,30.5224,30.5224,29.0011,27.5044,25.3066,25.3066,26.7654,26.0328,26.0328,27.5044,26.7654,28.2496,26.7654,25.3066,31.2921,27.5044,26.7654,26.7654,25.3066,26.7654,24.5869,23.8737,23.8737,23.8737
2016-04-01 00:00:00,2,51.4518,50.5511,47.8791,46.9987,42.6742,40.1432,39.3104,36.8451,36.8451,36.0345,35.2296,34.4305,32.8495,32.0679,31.2921,31.2921,33.6371,31.2921,29.7587,29.0011,28.2496,28.2496,27.5044,26.7654,26.7654,25.3066,26.0328,26.7654,32.8495,37.6612,
2016-03-01 00:00:00,2,124.269,124.269,81.9595,66.0931,109.714,232.799,128.504,102.6,109.714,76.2687,66.0931,66.0931,81.0044,87.7448,93.621,83.8776,77.2104,60.691,55.104,54.1836,52.3575,50.5511,46.9987,59.7782,105.635,99.5853,81.0044,106.651,69.7536,59.7782,55.104
2016-02-01 00:00:00,2,105.635,83.8776,76.2687,66.0931,61.5838,57.8942,56.0293,52.3575,50.5511,48.7647,46.9987,46.9987,60.691,55.104,54.1836,53.2681,86.7741,80.0519,126.382,103.609,72.529,73.4598,63.3785,56.9593,53.2681,70.6759,74.3933,82.9172,108.69,,
2016-01-01 00:00:00,2,36.0345,39.3104,33.6371,49.6554,90.6717,86.7741,60.691,44.3882,36.8451,32.0679,29.7587,29.7587,32.0679,41.8251,56.0293,81.9595,376.414,496.798,453.175,311.422,234.832,176.015,137.073,112.797,96.5924,143.584,203.974,140.32,268.894,171.451,151.269
2015-12-01 00:00:00,2,43.5286,69.7536,78.1549,77.2104,134.919,121.114,107.67,109.714,121.114,96.5924,81.0044,93.621,82.9172,76.2687,109.714,81.0044,69.7536,63.3785,75.3296,80.0519,69.7536,60.691,55.104,51.4518,43.5286,36.0345,36.8451,41.8251,36.8451,33.6371,32.0679
2015-11-01 00:00:00,2,21.0879,17.7625,16.3963,14.4079,14.8017,15.9948,21.7742,15.1975,40.1432,53.2681,34.4305,29.7587,23.8737,52.3575,32.0679,32.0679,40.1432,46.1233,59.7782,91.6524,85.8061,103.609,79.1021,98.5853,89.6936,81.9595,62.4796,40.9814,36.0345,23.1671,
2015-10-01 00:00:00,2,15.1975,15.5952,17.7625,17.2046,26.0328,20.4087,16.7995,15.1975,14.8017,14.016,13.6262,13.2384,12.8527,12.4691,11.7085,12.0877,11.3316,10.957,10.957,10.5847,10.2149,11.3316,21.0879,12.8527,13.6262,15.5952,15.1975,16.3963,20.4087,41.8251,30.5224
2015-09-01 00:00:00,2,14.8017,14.016,14.016,13.2384,12.8527,14.4079,19.0712,33.6371,46.9987,55.104,94.6091,61.5838,61.5838,36.8451,41.8251,39.3104,35.2296,27.5044,24.5869,21.0879,20.4087,17.7625,15.9948,16.3963,16.3963,15.9948,15.1975,14.4079,14.4079,14.016,
2015-08-01 00:00:00,2,18.4132,17.2046,16.7995,16.7995,16.3963,15.9948,15.9948,15.5952,15.5952,15.5952,15.5952,15.5952,15.5952,15.1975,14.8017,14.8017,14.4079,14.8017,14.8017,14.016,14.4079,14.016,14.016,16.7995,14.016,14.016,14.016,15.9948,18.4132,16.3963,15.1975
2015-07-01 00:00:00,2,23.8737,23.1671,22.4673,22.4673,21.7742,21.0879,21.0879,21.0879,21.0879,21.7742,21.0879,21.7742,21.0879,20.4087,20.4087,19.7364,19.0712,20.4087,18.4132,18.4132,18.4132,18.4132,17.2046,17.7625,17.2046,16.7995,20.4087,21.0879,23.8737,23.1671,19.7364
2015-06-01 00:00:00,2,31.2921,29.7587,29.0011,29.7587,34.4305,33.6371,30.5224,28.2496,28.2496,27.5044,26.7654,25.3066,25.3066,25.3066,24.5869,24.5869,25.3066,25.3066,26.7654,26.7654,26.0328,25.3066,25.3066,25.3066,25.3066,23.8737,23.1671,23.8737,23.8737,23.8737,
2015-05-01 00:00:00,2,32.8495,32.0679,30.5224,36.0345,37.6612,36.0345,53.2681,68.8341,59.7782,49.6554,44.3882,40.9814,40.9814,42.6742,37.6612,34.4305,32.8495,32.0679,32.8495,32.0679,32.8495,32.0679,30.5224,31.2921,28.2496,29.0011,29.0011,28.2496,26.7654,29.7587,30.5224
2015-04-01 00:00:00,2,78.1549,81.0044,72.529,61.5838,56.0293,52.3575,52.3575,52.3575,54.1836,48.7647,46.1233,44.3882,42.6742,40.9814,40.1432,37.6612,35.2296,35.2296,36.0345,35.2296,34.4305,34.4305,41.8251,40.9814,38.483,40.9814,40.1432,36.0345,33.6371,33.6371,
2015-03-01 00:00:00,2,69.7536,60.691,44.3882,38.483,38.483,35.2296,44.3882,47.8791,116.938,246.078,231.643,314.663,256.396,151.269,106.651,87.7448,77.2104,82.9172,75.3296,62.4796,68.8341,64.2804,102.6,251.226,208.726,126.382,86.7741,72.529,65.1853,61.5838,63.3785
2015-02-01 00:00:00,2,32.8495,26.7654,46.9987,41.8251,46.9987,100.588,99.5853,76.2687,81.9595,253.292,156.815,99.5853,70.6759,54.1836,44.3882,42.6742,41.8251,62.4796,67.0039,67.0039,67.9175,56.9593,45.2532,40.1432,32.8495,41.8251,36.0345,36.8451,,,
2015-01-01 00:00:00,2,22.4673,21.0879,23.1671,25.3066,28.2496,26.0328,32.0679,31.2921,28.2496,23.8737,20.4087,19.0712,18.4132,17.2046,17.2046,15.9948,15.5952,15.5952,15.1975,14.016,14.016,15.5952,15.9948,14.4079,27.5044,19.0712,56.9593,55.104,43.5286,33.6371,34.4305
2014-12-01 00:00:00,2,179.456,87.7447,72.529,56.0293,59.7782,53.2681,82.9172,54.1836,44.3883,39.3103,36.8451,33.6371,30.5224,60.691,70.6759,71.601,65.1853,47.8792,40.1432,57.8942,56.9593,48.7647,45.2532,40.9814,36.0345,34.4305,32.0679,28.2496,26.7654,23.8737,23.1671
2014-11-01 00:00:00,2,17.7625,17.7625,17.7625,17.7625,15.8553,13.4208,13.4208,13.4208,12.8324,20.4087,23.1671,29.0011,28.2496,28.2496,48.7647,46.9987,40.1432,31.2921,25.3066,21.088,19.0712,16.4835,44.3883,42.6742,28.2496,44.3883,68.8341,77.2104,119.022,235.85,
2014-10-01 00:00:00,2,13.4208,14.6221,15.8553,15.2348,14.0174,13.4208,12.8324,11.6807,11.1178,11.1178,10.5636,10.5636,10.5636,10.0185,10.0185,9.4824,9.4824,9.4824,9.4824,10.0185,12.2523,15.8553,19.0712,19.0712,17.1193,15.8553,17.1193,21.088,23.8737,23.1671,20.4087
2014-09-01 00:00:00,2,16.4835,17.1193,17.7625,17.1193,17.1193,18.4132,17.7625,16.4835,17.1193,16.4835,15.8553,15.2348,14.6221,14.6221,14.6221,14.0174,13.4208,13.4208,13.4208,12.8324,12.8324,12.8324,12.8324,12.2523,12.2523,12.2523,11.6807,11.6807,11.6807,12.2523,
2014-08-01 00:00:00,2,26.7654,26.7654,25.3066,23.8737,22.4673,21.7742,21.088,20.4087,19.0712,19.7364,19.7364,19.0712,18.4132,17.7625,17.7625,17.1193,17.7625,17.7625,17.7625,18.4132,20.4087,18.4132,17.7625,17.1193,17.1193,16.4835,15.8553,15.8553,15.8553,15.2348,15.8553
2014-07-01 00:00:00,2,20.4087,21.088,20.4087,20.4087,20.4087,19.7364,19.0712,19.7364,19.7364,19.0712,19.7364,19.7364,19.7364,21.088,19.7364,19.0712,19.0712,19.0712,19.7364,19.0712,19.0712,19.7364,18.4132,18.4132,23.1671,23.1671,29.0011,36.0345,40.9814,37.6613,30.5224
2014-06-01 00:00:00,2,26.0328,26.0328,26.7654,26.0328,26.0328,26.0328,25.3066,25.3066,23.8737,23.8737,23.8737,23.1671,23.1671,23.1671,22.4673,23.1671,23.1671,22.4673,22.4673,22.4673,22.4673,23.8737,23.8737,23.1671,22.4673,22.4673,21.088,21.7742,21.088,21.088,
2014-05-01 00:00:00,2,25.3066,27.5044,27.5044,26.7654,26.0328,26.0328,26.0328,26.0328,26.0328,26.0328,28.2496,26.0328,25.3066,25.3066,24.5869,23.8737,23.8737,23.8737,23.8737,23.8737,23.8737,23.8737,23.8737,23.1671,23.1671,23.1671,26.0328,26.7654,35.2296,32.0679,26.7654
2014-04-01 00:00:00,2,46.1233,50.5511,49.6554,55.104,60.691,44.3883,35.2296,31.2921,30.5224,28.2496,26.0328,31.2921,37.6613,31.2921,31.2921,49.6554,46.1233,39.3103,35.2296,32.8495,32.0679,35.2296,31.2921,32.8495,35.2296,34.4305,34.4305,31.2921,28.2496,26.0328,
2014-03-01 00:00:00,2,27.5044,40.1432,53.2681,41.8251,35.2296,30.5224,46.1233,66.0931,108.69,71.601,57.8942,49.6554,40.9814,36.0345,33.6371,31.2921,29.7587,26.7654,25.3066,26.0328,25.3066,25.3066,25.3066,29.0011,34.4305,29.7587,27.5044,25.3066,25.3066,24.5869,25.3066
2014-02-01 00:00:00,2,35.2296,35.2296,34.4305,32.8495,32.0679,30.5224,29.7587,28.2496,27.5044,27.5044,26.7654,24.5869,23.8737,23.1671,23.8737,22.4673,26.7654,35.2296,32.8495,43.5286,36.8451,30.5224,29.0011,26.7654,24.5869,23.8737,23.1671,22.4673,,,
2014-01-01 00:00:00,2,95.5995,102.6,80.0519,74.3933,62.4796,54.1836,50.5511,46.9987,45.2532,42.6742,43.5286,40.9814,38.483,36.0345,34.4305,33.6371,31.2921,36.0345,90.6717,81.9595,73.4598,82.9172,86.7741,111.767,88.7179,83.8776,62.4796,53.2681,47.8792,44.3883,41.8251
2013-12-01 00:00:00,2,61.5838,81.0044,66.0931,100.588,81.0044,64.2804,52.3575,70.6759,70.6759,62.4796,65.1853,113.828,191.039,123.215,79.1021,62.4796,69.7536,74.3933,63.3785,53.2681,55.104,107.67,82.9172,107.67,252.258,172.589,220.718,149.064,128.504,134.919,97.5876
2013-11-01 00:00:00,2,29.7587,28.2496,27.5044,25.3066,23.8737,24.5869,26.7654,40.1432,45.2532,52.3575,41.8251,33.6371,28.2496,29.0011,24.5869,23.8737,23.8737,27.5044,26.0328,27.5044,26.7654,26.0328,25.3066,27.5044,38.483,54.1836,66.0931,63.3785,67.9175,61.5838,
2013-10-01 00:00:00,2,34.4305,38.483,35.2296,40.9814,68.8341,86.7741,58.8338,43.5286,45.2532,37.6613,39.3103,34.4305,32.0679,30.5224,29.0011,28.2496,36.0345,44.3883,60.691,49.6554,46.9987,38.483,33.6371,36.8451,36.8451,30.5224,27.5044,25.3066,24.5869,23.8737,23.1671
2013-09-01 00:00:00,2,22.4673,22.4673,22.4673,23.8737,24.5869,25.3066,29.7587,27.5044,26.7654,25.3066,23.8737,23.8737,22.4673,21.7742,22.4673,22.4673,22.4673,22.4673,21.7742,21.7742,21.088,21.088,20.4087,19.7364,22.4673,26.7654,40.9814,29.7587,28.2496,28.2496,
2013-08-01 00:00:00,2,29.0011,29.0011,28.2496,28.2496,28.2496,27.5044,27.5044,27.5044,26.7654,26.7654,27.5044,27.5044,26.0328,26.0328,25.3066,25.3066,24.5869,24.5869,25.3066,26.7654,25.3066,25.3066,24.5869,24.5869,25.3066,24.5869,23.1671,23.1671,22.4673,23.8737,23.1671
2013-07-01 00:00:00,2,40.1432,39.3103,37.6613,36.8451,36.0345,36.0345,36.0345,35.2296,34.4305,34.4305,34.4305,32.8495,32.8495,33.6371,32.8495,32.8495,32.0679,31.2921,31.2921,31.2921,31.2921,30.5224,30.5224,30.5224,30.5224,30.5224,31.2921,31.2921,31.2921,30.5224,29.7587
2013-06-01 00:00:00,2,66.0931,56.9593,53.2681,70.6759,89.6936,73.4598,60.691,54.1836,50.5511,48.7647,47.8792,46.1233,44.3883,43.5286,42.6742,42.6742,41.8251,40.9814,40.9814,40.1432,40.1432,39.3103,39.3103,39.3103,39.3103,39.3103,38.483,38.483,38.483,40.1432,
2013-05-01 00:00:00,2,49.6554,48.7647,47.8792,46.9987,46.9987,44.3883,44.3883,44.3883,42.6742,42.6742,41.8251,40.9814,40.9814,40.9814,40.9814,40.9814,40.9814,40.9814,40.9814,41.8251,41.8251,40.9814,41.8251,42.6742,43.5286,46.9987,51.4518,57.8942,94.6091,87.7447,84.8405
2013-04-01 00:00:00,2,72.529,68.8341,69.7536,88.7179,81.0044,102.6,124.269,109.714,110.739,138.154,133.844,96.5924,85.8061,91.6524,100.588,87.7447,77.2104,68.8341,65.1853,62.4796,61.5838,58.8338,56.9593,56.0293,55.104,53.2681,53.2681,51.4518,50.5511,50.5511,
2013-03-01 00:00:00,2,88.7179,94.6091,133.844,120.067,99.5853,81.0044,72.529,71.601,83.8776,67.9175,62.4796,64.2804,86.7741,84.8405,79.1021,71.601,65.1853,60.691,63.3785,63.3785,54.1836,53.2681,90.6717,75.3296,71.601,73.4598,77.2104,132.772,134.919,108.69,82.9172
2013-02-01 00:00:00,2,289.994,268.894,258.47,188.709,150.165,151.269,241.976,164.658,115.899,101.592,94.6091,86.7741,80.0519,74.3933,70.6759,67.0039,65.1853,62.4796,59.7782,56.0293,54.1836,50.5511,50.5511,49.6554,47.8792,46.9987,46.9987,50.5511,,,
2013-01-01 00:00:00,2,39.3103,39.3103,38.483,33.6371,32.8495,36.0345,40.1432,35.2296,32.8495,46.1233,93.621,81.9595,123.215,95.5995,85.8061,69.7536,135.995,135.995,133.844,108.69,120.067,121.114,90.6717,74.3933,68.8341,87.7447,199.247,225.558,238.909,163.532,147.964
2012-12-01 00:00:00,2,60.691,52.3575,50.5511,55.104,59.7782,71.601,52.3575,47.8792,43.5286,57.8942,81.9595,80.0519,67.0039,79.1021,79.1021,67.9175,55.104,50.5511,50.5511,55.104,51.4518,50.5511,72.529,68.8341,50.5511,43.5286,41.8251,46.9987,54.1836,48.7647,44.3883
2012-11-01 00:00:00,2,44.3883,39.3103,68.8341,48.7647,66.0931,70.6759,71.601,62.4796,56.9593,55.104,52.3575,54.1836,68.8341,56.0293,53.2681,72.529,72.529,92.6355,68.8341,54.1836,59.7782,61.5838,55.104,46.9987,70.6759,68.8341,119.022,93.621,81.9595,75.3296,
2012-10-01 00:00:00,2,36.0345,34.4305,32.8495,32.8495,32.0679,31.2921,30.5224,29.7587,29.0011,29.0011,29.0011,33.6371,36.0345,35.2296,40.1432,39.3103,39.3103,36.8451,40.9814,36.8451,34.4305,40.9814,42.6742,41.8251,44.3883,39.3103,37.6613,31.2921,31.2921,27.5044,33.6371
2012-09-01 00:00:00,2,37.6613,36.8451,36.8451,36.0345,34.4305,34.4305,34.4305,34.4305,34.4305,33.6371,32.8495,32.8495,32.8495,31.2921,31.2921,31.2921,31.2921,31.2921,31.2921,31.2921,30.5224,33.6371,34.4305,35.2296,34.4305,51.4518,45.2532,50.5511,45.2532,38.483,
2012-08-01 00:00:00,2,44.3883,44.3883,44.3883,44.3883,44.3883,44.3883,43.5286,42.6742,41.8251,41.8251,41.8251,40.9814,40.9814,40.9814,40.9814,40.9814,40.9814,40.9814,40.9814,40.9814,40.1432,40.1432,40.1432,39.3103,39.3103,39.3103,39.3103,38.483,38.483,38.483,38.483
2012-07-01 00:00:00,2,56.9593,56.9593,56.0293,56.9593,56.0293,55.104,54.1836,53.2681,53.2681,53.2681,52.3575,53.2681,53.2681,51.4518,52.3575,51.4518,50.5511,50.5511,51.4518,51.4518,49.6554,49.6554,49.6554,48.7647,47.8792,47.8792,46.9987,46.9987,46.1233,46.1233,44.3883
2012-06-01 00:00:00,2,67.0039,67.0039,71.601,71.601,67.9175,72.529,95.5995,117.979,100.588,81.9595,76.2687,72.529,73.4598,73.4598,69.7536,66.0931,68.8341,66.0931,62.4796,62.4796,64.2804,64.2804,70.6759,69.7536,67.0039,63.3785,62.4796,60.691,58.8338,61.5838,
2012-05-01 00:00:00,2,76.2687,78.1549,79.1021,78.1549,72.529,71.601,70.6759,69.7536,70.6759,73.4598,74.3933,73.4598,67.9175,67.9175,115.899,104.621,95.5995,86.7741,77.2104,75.3296,72.529,69.7536,68.8341,66.0931,67.0039,72.529,73.4598,95.5995,79.1021,77.2104,69.7536
2012-04-01 00:00:00,2,130.634,125.324,120.067,99.5853,93.621,87.7447,110.739,138.154,153.482,103.609,93.621,87.7447,84.8405,83.8776,82.9172,81.0044,94.6091,86.7741,82.9172,81.0044,76.2687,75.3296,76.2687,77.2104,80.0519,80.0519,88.7179,84.8405,83.8776,79.1021,
2012-03-01 00:00:00,2,99.5853,90.6717,85.8061,83.8776,81.9595,81.0044,81.0044,81.0044,81.0044,80.0519,79.1021,105.635,142.494,140.32,125.324,173.729,152.375,130.634,129.568,110.739,106.651,102.6,98.5853,103.609,99.5853,115.899,133.844,115.899,117.979,135.995,154.591
2012-02-01 00:00:00,2,236.869,194.547,176.015,162.408,149.064,142.494,127.442,142.494,135.995,137.073,144.676,163.532,189.873,182.913,155.702,131.702,123.215,123.215,113.828,111.767,108.69,107.67,106.651,106.651,113.828,106.651,102.6,100.588,96.5924,,
2012-01-01 00:00:00,2,418.437,695.657,910.027,1162.41,897.884,740.657,564.365,622.422,658.827,505.145,490.854,434.576,346.352,287.869,241.976,239.93,244.025,227.988,214.702,202.79,186.385,184.069,170.314,161.286,155.702,150.165,144.676,189.873,243,287.869,350.773
2011-12-01 00:00:00,2,184.069,174.871,189.873,193.376,117.979,88.7179,85.8061,124.269,127.442,130.634,187.546,177.16,142.494,124.269,321.167,501.564,695.657,429.952,474.292,561.922,350.773,256.396,180.607,164.658,181.759,184.069,385.421,455.512,394.472,385.421,337.547
2011-11-01 00:00:00,2,40.9814,39.3103,36.0345,34.4305,32.8495,29.0011,27.5044,26.7654,27.5044,27.5044,26.7654,25.3066,40.1432,57.8942,85.8061,124.269,100.588,86.7741,70.6759,62.4796,54.1836,48.7647,91.6524,97.5876,78.1549,75.3296,194.547,302.812,334.258,254.326,
2011-10-01 00:00:00,2,20.4087,19.7364,20.4087,22.4673,22.4673,23.8737,25.3066,24.5869,23.8737,23.8737,23.8737,31.2921,23.8737,46.9987,47.8792,60.691,73.4598,79.1021,82.9172,67.0039,49.6554,41.8251,49.6554,46.9987,49.6554,50.5511,53.2681,48.7647,51.4518,46.9987,45.2532
2011-09-01 00:00:00,2,26.0328,25.3066,25.3066,26.7654,26.7654,26.0328,25.3066,24.5869,24.5869,23.8737,23.8737,23.8737,23.8737,23.8737,24.5869,25.3066,25.3066,24.5869,23.8737,23.8737,23.1671,23.1671,22.4673,21.088,21.088,21.088,21.088,20.4087,21.088,20.4087,
2011-08-01 00:00:00,2,34.4305,34.4305,32.8495,32.0679,32.0679,32.0679,32.0679,32.0679,32.0679,31.2921,31.2921,30.5224,30.5224,30.5224,30.5224,29.7587,29.0011,29.0011,29.0011,28.2496,28.2496,27.5044,26.7654,26.0328,27.5044,27.5044,27.5044,27.5044,26.7654,26.7654,26.0328
2011-07-01 00:00:00,2,44.3883,44.3883,44.3883,42.6742,42.6742,40.9814,40.9814,40.1432,40.1432,39.3103,39.3103,39.3103,39.3103,38.483,38.483,37.6613,36.8451,36.8451,36.8451,36.0345,35.2296,35.2296,36.0345,35.2296,35.2296,35.2296,36.0345,36.0345,36.0345,36.0345,34.4305
2011-06-01 00:00:00,2,47.8792,47.8792,47.8792,47.8792,46.9987,45.2532,46.1233,45.2532,45.2532,53.2681,56.9593,63.3785,55.104,53.2681,50.5511,48.7647,47.8792,47.8792,46.9987,46.9987,45.2532,45.2532,44.3883,44.3883,44.3883,44.3883,44.3883,44.3883,44.3883,44.3883,
2011-05-01 00:00:00,2,59.7782,59.7782,58.8338,56.9593,56.9593,56.9593,56.0293,56.0293,54.1836,54.1836,54.1836,53.2681,53.2681,53.2681,52.3575,52.3575,53.2681,56.0293,54.1836,53.2681,53.2681,56.0293,54.1836,52.3575,51.4518,50.5511,49.6554,47.8792,48.7647,48.7647,48.7647
2011-04-01 00:00:00,2,117.979,104.621,91.6524,82.9172,103.609,161.286,117.979,98.5853,86.7741,82.9172,80.0519,84.8405,80.0519,76.2687,76.2687,72.529,70.6759,68.8341,66.0931,67.0039,65.1853,64.2804,65.1853,65.1853,61.5838,61.5838,61.5838,61.5838,60.691,60.691,
2011-03-01 00:00:00,2,142.494,141.406,135.995,168.046,133.844,164.658,299.597,275.189,249.164,223.135,181.759,142.494,147.964,155.702,170.314,149.064,168.046,149.064,126.382,106.651,104.621,95.5995,89.6936,85.8061,84.8405,84.8405,81.0044,81.0044,79.1021,76.2687,80.0519
2011-02-01 00:00:00,2,91.6524,86.7741,84.8405,82.9172,78.1549,75.3296,73.4598,72.529,70.6759,68.8341,67.0039,68.8341,67.9175,67.9175,66.0931,63.3785,66.0931,60.691,63.3785,57.8942,59.7782,63.3785,61.5838,61.5838,67.0039,72.529,69.7536,70.6759,,,
2011-01-01 00:00:00,2,382.038,328.79,371.928,402.427,409.272,359.648,318.996,246.078,188.709,168.046,143.584,128.504,152.375,260.548,383.165,355.205,318.996,252.258,196.894,198.07,182.913,134.919,126.382,121.114,113.828,106.651,104.621,101.592,96.5924,92.6355,88.7179
2010-12-01 00:00:00,2,126.382,108.69,115.899,95.5995,102.6,163.532,163.532,156.815,145.77,107.67,88.7179,79.1021,75.3296,85.8061,112.797,234.832,279.402,198.07,147.964,119.022,122.163,98.5853,81.0044,79.1021,99.5853,121.114,181.759,192.207,312.501,265.758,259.509
2010-11-01 00:00:00,2,51.4518,72.529,67.9175,67.0039,56.9593,90.6717,125.324,198.07,145.77,144.676,128.504,149.064,119.022,105.635,97.5876,87.7447,131.702,181.759,123.215,89.6936,74.3933,134.919,224.346,129.568,144.676,254.326,243,199.247,123.215,97.5876,
2010-10-01 00:00:00,2,45.2532,37.6613,35.2296,36.8451,62.4796,36.8451,37.6613,52.3575,40.9814,42.6742,39.3103,33.6371,31.2921,30.5224,29.7587,29.7587,32.0679,65.1853,99.5853,99.5853,58.8338,49.6554,41.8251,59.7782,35.2296,32.8495,37.6613,81.0044,61.5838,45.2532,48.7647
2010-09-01 00:00:00,2,23.8737,24.5869,23.8737,23.8737,23.8737,22.4673,22.4673,25.3066,25.3066,30.5224,35.2296,30.5224,27.5044,26.7654,26.0328,25.3066,23.8737,23.8737,23.1671,21.7742,21.7742,22.4673,22.4673,22.4673,21.7742,21.088,23.1671,31.2921,31.2921,46.9987,
2010-08-01 00:00:00,2,33.6371,32.8495,32.8495,31.2921,31.2921,31.2921,31.2921,30.5224,29.7587,29.7587,29.7587,29.7587,29.0011,29.0011,28.2496,28.2496,28.2496,28.2496,28.2496,27.5044,27.5044,26.7654,26.7654,26.7654,26.7654,26.7654,26.0328,26.0328,25.3066,24.5869,25.3066
2010-07-01 00:00:00,2,39.3103,39.3103,38.483,37.6613,37.6613,37.6613,37.6613,37.6613,37.6613,37.6613,36.8451,36.0345,36.0345,37.6613,37.6613,36.8451,37.6613,37.6613,37.6613,36.8451,36.8451,36.0345,36.0345,35.2296,34.4305,34.4305,34.4305,34.4305,33.6371,33.6371,33.6371
2010-06-01 00:00:00,2,48.7647,48.7647,47.8792,47.8792,47.8792,48.7647,48.7647,48.7647,46.9987,45.2532,44.3883,44.3883,46.1233,45.2532,44.3883,44.3883,44.3883,43.5286,43.5286,42.6742,41.8251,41.8251,40.9814,40.9814,40.1432,41.8251,41.8251,40.1432,39.3103,39.3103,
2010-05-01 00:00:00,2,57.8942,63.3785,60.691,55.104,53.2681,51.4518,51.4518,51.4518,50.5511,56.9593,60.691,67.9175,63.3785,58.8338,56.0293,53.2681,52.3575,51.4518,52.3575,57.8942,62.4796,67.9175,60.691,57.8942,55.104,54.1836,53.2681,52.3575,51.4518,50.5511,50.5511
2010-04-01 00:00:00,2,69.7536,82.9172,75.3296,71.601,99.5853,90.6717,97.5876,140.32,101.592,81.9595,75.3296,69.7536,68.8341,67.0039,65.1853,64.2804,62.4796,60.691,60.691,59.7782,60.691,58.8338,58.8338,56.9593,56.9593,56.9593,55.104,55.104,53.2681,54.1836,
2010-03-01 00:00:00,2,119.022,140.32,185.226,223.135,146.866,168.046,185.226,172.589,162.408,117.979,104.621,91.6524,106.651,103.609,99.5853,90.6717,117.979,126.382,105.635,94.6091,96.5924,108.69,111.767,105.635,97.5876,86.7741,79.1021,76.2687,73.4598,74.3933,76.2687
2010-02-01 00:00:00,2,99.5853,93.621,88.7179,85.8061,84.8405,90.6717,83.8776,80.0519,77.2104,81.0044,87.7447,84.8405,77.2104,70.6759,70.6759,67.0039,67.0039,65.1853,85.8061,86.7741,84.8405,75.3296,70.6759,66.0931,66.0931,70.6759,83.8776,79.1021,,,
2010-01-01 00:00:00,2,268.894,221.926,173.729,143.584,142.494,153.482,166.915,185.226,177.16,132.772,115.899,106.651,107.67,112.797,107.67,111.767,135.995,120.067,107.67,102.6,119.022,161.286,181.759,224.346,231.643,191.039,182.913,144.676,121.114,108.69,101.592
2009-12-01 00:00:00,2,86.7741,101.592,152.375,152.375,206.346,323.341,302.812,304.96,293.188,262.629,267.848,186.385,145.77,141.406,161.286,209.918,152.375,129.568,127.442,133.844,125.324,130.634,129.568,110.739,104.621,110.739,127.442,207.535,227.988,357.425,303.886
2009-11-01 00:00:00,2,93.621,95.5995,145.77,164.658,134.919,104.621,88.7179,81.0044,83.8776,94.6091,96.5924,120.067,141.406,109.714,93.621,80.0519,131.702,123.215,94.6091,80.0519,71.601,67.0039,63.3785,60.691,58.8338,57.8942,61.5838,71.601,64.2804,75.3296,
2009-10-01 00:00:00,2,49.6554,57.8942,54.1836,57.8942,59.7782,53.2681,51.4518,62.4796,65.1853,98.5853,87.7447,64.2804,55.104,52.3575,50.5511,56.0293,86.7741,98.5853,138.154,131.702,127.442,269.941,219.512,208.726,131.702,150.165,226.772,169.179,125.324,110.739,97.5876
2009-09-01 00:00:00,2,46.9987,45.2532,44.3883,43.5286,42.6742,42.6742,46.9987,44.3883,46.9987,46.1233,43.5286,41.8251,40.9814,40.1432,39.3103,38.483,37.6613,37.6613,36.0345,36.0345,36.0345,97.5876,102.6,115.899,85.8061,72.529,68.8341,56.0293,49.6554,49.6554,
2009-08-01 00:00:00,2,47.8792,47.8792,47.8792,46.9987,46.9987,46.9987,46.1233,46.1233,45.2532,44.3883,43.5286,43.5286,43.5286,43.5286,43.5286,43.5286,42.6742,42.6742,42.6742,42.6742,43.5286,43.5286,43.5286,52.3575,50.5511,61.5838,61.5838,63.3785,56.0293,50.5511,48.7647
2009-07-01 00:00:00,2,74.3933,67.9175,65.1853,63.3785,62.4796,62.4796,61.5838,61.5838,60.691,59.7782,59.7782,58.8338,57.8942,57.8942,57.8942,56.9593,54.1836,55.104,55.104,54.1836,54.1836,54.1836,53.2681,54.1836,53.2681,51.4518,51.4518,51.4518,50.5511,50.5511,49.6554
2009-06-01 00:00:00,2,71.601,71.601,70.6759,69.7536,68.8341,68.8341,67.9175,70.6759,68.8341,67.9175,67.9175,67.0039,67.0039,67.9175,66.0931,65.1853,67.0039,67.0039,66.0931,65.1853,62.4796,62.4796,62.4796,61.5838,61.5838,62.4796,65.1853,88.7179,83.8776,83.8776,
2009-05-01 00:00:00,2,90.6717,92.6355,92.6355,94.6091,94.6091,90.6717,89.6936,87.7447,85.8061,84.8405,86.7741,90.6717,88.7179,84.8405,81.9595,81.0044,81.0044,80.0519,79.1021,79.1021,78.1549,77.2104,76.2687,75.3296,75.3296,75.3296,73.4598,73.4598,72.529,72.529,71.601
2009-04-01 00:00:00,2,249.164,240.953,192.207,154.591,140.32,138.154,179.456,234.832,200.426,196.894,179.456,137.073,129.568,125.324,141.406,156.815,131.702,119.022,115.899,110.739,107.67,104.621,101.592,100.588,97.5876,96.5924,95.5995,94.6091,93.621,92.6355,
2009-03-01 00:00:00,2,139.236,131.702,124.269,120.067,119.022,133.844,125.324,172.589,147.964,135.995,127.442,122.163,120.067,105.635,106.651,103.609,138.154,186.385,186.385,132.772,113.828,108.69,128.504,182.913,225.558,207.535,176.015,138.154,263.671,233.815,329.882
2009-02-01 00:00:00,2,206.346,253.292,327.698,270.989,199.247,178.307,171.451,166.915,181.759,253.292,283.629,220.718,318.996,428.797,386.55,310.343,232.799,193.376,174.871,168.046,153.482,146.866,192.207,249.164,199.247,207.535,195.719,149.064,,,
2009-01-01 00:00:00,2,520.722,508.73,445.018,326.608,383.165,447.345,369.689,279.402,247.106,226.772,199.247,171.451,164.658,166.915,166.915,223.135,247.106,234.832,208.726,206.346,220.718,339.744,391.072,336.45,291.058,227.988,277.294,279.402,301.74,248.135,201.607
2008-12-01 00:00:00,2,43.5286,39.3103,36.8451,36.0345,34.4305,38.483,32.0679,29.7587,33.6371,36.8451,36.0345,39.3103,43.5286,103.609,131.702,211.112,526.739,1393.64,1958.67,1537.93,461.363,274.137,241.976,207.535,214.702,200.426,255.361,469.582,670.212,618.682,484.926
2008-11-01 00:00:00,2,24.5869,24.5869,29.0011,26.7654,37.6613,64.2804,67.0039,56.0293,53.2681,52.3575,81.0044,72.529,62.4796,86.7741,92.6355,86.7741,82.9172,92.6355,95.5995,138.154,96.5924,68.8341,58.8338,53.2681,53.2681,53.2681,52.3575,54.1836,48.7647,50.5511,
2008-10-01 00:00:00,2,37.6613,34.4305,33.6371,32.8495,32.8495,32.0679,29.0011,26.7654,45.2532,54.1836,40.1432,33.6371,30.5224,29.0011,27.5044,25.3066,25.3066,30.5224,40.1432,57.8942,61.5838,45.2532,38.483,33.6371,28.2496,27.5044,25.3066,24.5869,23.1671,22.4673,23.8737
2008-09-01 00:00:00,2,32.8495,40.1432,33.6371,27.5044,26.0328,25.3066,23.8737,23.1671,23.1671,23.1671,23.1671,22.4673,21.7742,21.088,21.088,21.7742,34.4305,46.1233,41.8251,37.6613,32.0679,46.9987,42.6742,51.4518,40.9814,33.6371,38.483,51.4518,53.2681,42.6742,
2008-08-01 00:00:00,2,29.7587,29.0011,28.2496,28.2496,29.7587,33.6371,34.4305,32.0679,29.0011,29.0011,28.2496,28.2496,27.5044,26.7654,26.7654,26.0328,25.3066,25.3066,23.8737,24.5869,23.8737,23.8737,23.8737,23.8737,23.8737,23.1671,23.1671,22.4673,22.4673,21.7742,27.5044
2008-07-01 00:00:00,2,39.3103,39.3103,38.483,38.483,37.6613,37.6613,36.0345,36.0345,36.0345,36.0345,36.0345,36.0345,34.4305,34.4305,34.4305,34.4305,33.6371,33.6371,32.8495,32.8495,32.8495,32.8495,32.8495,33.6371,33.6371,32.8495,32.0679,31.2921,30.5224,30.5224,29.7587
2008-06-01 00:00:00,2,44.3883,45.2532,45.2532,46.1233,46.1233,44.3883,44.3883,44.3883,43.5286,42.6742,41.8251,41.8251,40.9814,40.9814,40.1432,40.1432,39.3103,39.3103,39.3103,40.1432,40.1432,40.1432,39.3103,39.3103,45.2532,46.1233,43.5286,41.8251,40.9814,40.1432,
2008-05-01 00:00:00,2,62.4796,61.5838,63.3785,62.4796,61.5838,59.7782,58.8338,58.8338,57.8942,55.104,53.2681,53.2681,53.2681,53.2681,52.3575,51.4518,51.4518,51.4518,49.6554,49.6554,49.6554,50.5511,49.6554,49.6554,47.8792,47.8792,46.9987,46.1233,46.1233,45.2532,44.3883
2008-04-01 00:00:00,2,88.7179,82.9172,79.1021,80.0519,111.767,131.702,149.064,163.532,186.385,159.047,139.236,151.269,128.504,104.621,101.592,126.382,96.5924,88.7179,87.7447,82.9172,79.1021,77.2104,76.2687,74.3933,74.3933,70.6759,68.8341,67.0039,65.1853,64.2804,
2008-03-01 00:00:00,2,90.6717,103.609,123.215,122.163,93.621,79.1021,78.1549,81.0044,80.0519,81.9595,106.651,134.919,173.729,177.16,285.747,603.765,529.15,383.165,208.726,173.729,142.494,126.382,114.863,110.739,120.067,122.163,111.767,110.739,90.6717,115.899,96.5924
2008-02-01 00:00:00,2,344.147,245.051,214.702,180.607,256.396,236.869,264.714,208.726,224.346,194.547,154.591,129.568,115.899,103.609,106.651,94.6091,82.9172,77.2104,87.7447,107.67,106.651,93.621,92.6355,104.621,173.729,205.159,165.785,107.67,89.6936,,
2008-01-01 00:00:00,2,54.1836,50.5511,46.9987,43.5286,40.1432,47.8792,53.2681,66.0931,83.8776,86.7741,80.0519,102.6,127.442,89.6936,70.6759,58.8338,52.3575,47.8792,47.8792,69.7536,61.5838,80.0519,81.9595,81.0044,79.1021,72.529,105.635,88.7179,80.0519,225.558,392.205
2007-12-01 00:00:00,2,36.0345,32.0679,31.2921,33.6371,36.0345,36.8451,41.8251,45.2532,75.3296,67.9175,58.8338,41.8251,36.0345,44.3883,58.8338,97.5876,120.067,73.4598,54.1836,81.9595,200.426,364.104,226.772,170.314,254.326,198.07,121.114,88.7179,73.4598,65.1853,58.8338
2007-11-01 00:00:00,2,37.6613,32.0679,30.5224,28.2496,37.6613,33.6371,37.6613,36.8451,37.6613,45.2532,38.483,35.2296,52.3575,67.0039,68.8341,48.7647,38.483,31.2921,29.7587,32.8495,33.6371,47.8792,38.483,34.4305,30.5224,32.0679,36.8451,66.0931,47.8792,46.9987,
2007-10-01 00:00:00,2,23.5332,25.0363,23.5332,23.5332,23.5332,19.8726,18.4495,17.7472,17.7472,16.3618,16.3618,15.679,15.003,15.003,15.003,15.003,14.334,14.334,33.6646,34.4773,91.6524,63.3785,47.8792,46.1233,46.1233,37.6613,40.1432,58.8338,53.2681,76.2687,50.5511
2007-09-01 00:00:00,2,23.5332,22.7897,22.7897,22.0519,22.7897,22.7897,22.7897,22.0519,20.5932,19.8726,19.8726,19.158,19.158,19.158,19.158,20.5932,19.8726,19.8726,19.8726,19.8726,20.5932,19.158,19.8726,20.5932,19.8726,19.158,18.4495,17.7472,16.3618,18.4495,
2007-08-01 00:00:00,2,32.8564,30.4595,28.8852,28.1053,28.1053,27.3304,27.3304,27.3304,26.5606,26.5606,26.5606,25.7958,25.7958,26.5606,25.0363,25.7958,25.7958,25.7958,25.0363,25.0363,25.7958,25.7958,25.0363,25.0363,25.0363,23.5332,24.282,23.5332,23.5332,23.5332,23.5332
2007-07-01 00:00:00,2,31.2538,31.2538,31.2538,31.2538,31.2538,31.2538,30.4595,30.4595,29.6699,29.6699,29.6699,29.6699,28.8852,28.8852,28.8852,28.8852,28.1053,28.1053,28.1053,28.8852,28.8852,28.1053,27.3304,27.3304,28.1053,27.3304,26.5606,31.2538,29.6699,32.8564,36.9418
2007-06-01 00:00:00,2,42.8399,41.9851,41.1343,41.1343,41.1343,40.2875,39.4448,39.4448,38.6063,36.1159,36.9418,36.1159,36.1159,36.1159,35.2944,35.2944,34.4773,33.6646,33.6646,33.6646,32.8564,32.8564,32.0528,32.0528,31.2538,32.0528,31.2538,31.2538,31.2538,31.2538,
2007-05-01 00:00:00,2,57.4999,57.4999,54.528,50.7064,47.1725,46.2983,44.5614,44.5614,42.8399,42.8399,42.8399,42.8399,42.8399,41.9851,41.1343,41.1343,40.2875,39.4448,39.4448,39.4448,37.7719,38.6063,37.7719,40.2875,41.9851,46.2983,43.6987,46.2983,47.1725,46.2983,44.5614
2007-04-01 00:00:00,2,53.5455,52.4951,50.7064,48.9321,48.0504,48.0504,48.9321,61.518,54.528,67.66,79.2574,63.5503,58.4985,55.5146,51.599,49.8174,56.5052,56.5052,54.528,52.4951,49.8174,48.9321,56.5052,64.5722,66.627,55.5146,52.4951,51.599,61.518,60.5076,
2007-03-01 00:00:00,2,97.9691,84.6652,79.2574,76.0528,76.0528,74.9914,70.7807,69.7368,67.66,65.5977,63.5503,63.5503,61.518,61.518,59.5011,59.5011,61.518,68.6966,73.9335,76.0528,79.2574,73.9335,72.879,70.7807,65.5977,63.5503,61.518,69.7368,66.627,59.5011,56.5052
2007-02-01 00:00:00,2,297.944,237.074,203.12,289.774,282.665,248.675,221.985,176.861,174.283,145.273,128.235,148.987,167.874,209.813,147.747,136.693,121.086,111.704,111.704,109.387,107.08,99.0977,91.2612,87.9489,86.8512,89.0499,93.485,117.548,,,
2007-01-01 00:00:00,2,131.844,133.053,171.712,183.347,263.558,290.792,213.853,172.996,161.521,213.853,255.598,288.756,205.791,237.074,283.678,368.151,384.282,398.379,279.629,235.693,191.2,197.801,261.563,278.619,213.853,249.661,244.007,314.424,289.774,336.331,389.691
2006-12-01 00:00:00,2,189.886,195.155,125.841,82.4922,78.1858,67.66,73.9335,117.548,199.128,256.59,191.2,164.055,146.509,116.373,135.477,155.225,131.844,140.355,119.904,97.9691,99.0977,87.9489,76.0528,79.2574,162.787,160.257,151.475,169.151,170.43,185.956,147.747
2006-11-01 00:00:00,2,36.9418,40.2875,54.528,65.5977,68.6966,89.0499,62.5323,73.9335,77.1176,60.5076,56.5052,61.518,61.518,65.5977,64.5722,73.9335,67.66,58.4985,60.5076,69.7368,64.5722,91.2612,74.9914,73.9335,72.879,59.5011,54.528,61.518,54.528,102.501,
2006-10-01 00:00:00,2,28.8852,26.5606,26.5606,26.5606,30.4595,30.4595,34.4773,32.8564,36.1159,43.6987,45.4279,41.1343,38.6063,41.1343,50.7064,45.4279,38.6063,37.7719,36.1159,38.6063,95.721,109.387,68.6966,53.5455,44.5614,38.6063,36.9418,37.7719,33.6646,32.0528,29.6699
2006-09-01 00:00:00,2,29.6699,26.5606,28.1053,32.8564,38.6063,33.6646,35.2944,32.8564,28.8852,28.1053,26.5606,26.5606,25.7958,25.0363,24.282,23.5332,22.0519,22.0519,22.0519,25.7958,34.4773,31.2538,51.599,54.528,53.5455,41.1343,38.6063,33.6646,30.4595,29.6699,
2006-08-01 00:00:00,2,29.6699,29.6699,30.4595,35.2944,35.2944,32.8564,31.2538,29.6699,29.6699,28.1053,27.3304,26.5606,26.5606,26.5606,26.5606,26.5606,26.5606,25.0363,25.0363,25.0363,25.0363,25.0363,26.5606,26.5606,25.7958,25.0363,24.282,25.0363,26.5606,25.7958,28.8852
2006-07-01 00:00:00,2,36.1159,35.2944,34.4773,34.4773,34.4773,35.2944,34.4773,34.4773,33.6646,32.8564,32.8564,32.0528,32.0528,31.2538,32.0528,31.2538,31.2538,32.0528,31.2538,31.2538,31.2538,31.2538,29.6699,29.6699,29.6699,28.8852,28.1053,27.3304,27.3304,27.3304,30.4595
2006-06-01 00:00:00,2,39.4448,39.4448,39.4448,38.6063,38.6063,37.7719,37.7719,36.9418,36.9418,36.9418,36.9418,36.9418,36.9418,36.1159,36.9418,36.9418,36.1159,36.1159,35.2944,35.2944,35.2944,36.1159,36.1159,35.2944,35.2944,35.2944,36.1159,37.7719,39.4448,37.7719,
2006-05-01 00:00:00,2,48.0504,48.9321,52.4951,58.4985,52.4951,48.9321,47.1725,46.2983,45.4279,44.5614,57.4999,56.5052,51.599,47.1725,47.1725,46.2983,46.2983,46.2983,46.2983,45.4279,42.8399,42.8399,41.9851,42.8399,41.9851,42.8399,41.9851,42.8399,41.1343,41.1343,41.1343
2006-04-01 00:00:00,2,68.6966,67.66,67.66,65.5977,63.5503,62.5323,61.518,59.5011,69.7368,77.1176,82.4922,70.7807,72.879,63.5503,60.5076,62.5323,59.5011,59.5011,59.5011,61.518,58.4985,56.5052,54.528,54.528,51.599,50.7064,48.9321,48.0504,46.2983,46.2983,
2006-03-01 00:00:00,2,97.9691,85.7566,122.271,110.544,91.2612,151.475,135.477,122.271,107.08,96.8436,148.987,157.736,141.581,101.364,96.8436,101.364,115.202,107.08,119.904,209.813,125.841,109.387,103.642,92.3715,81.4106,85.7566,121.086,99.0977,79.2574,74.9914,70.7807
2006-02-01 00:00:00,2,136.693,164.055,114.033,96.8436,83.5771,72.879,67.66,63.5503,59.5011,70.7807,71.8281,109.387,196.477,196.477,141.581,129.436,124.649,102.501,85.7566,78.1858,69.7368,66.627,64.5722,63.5503,66.627,74.9914,79.2574,84.6652,,,
2006-01-01 00:00:00,2,86.8512,94.6014,94.6014,146.509,209.813,268.559,268.559,182.046,191.2,140.355,110.544,99.0977,91.2612,86.8512,82.4922,79.2574,76.0528,73.9335,77.1176,73.9335,67.66,63.5503,62.5323,60.5076,58.4985,55.5146,54.528,55.5146,128.235,136.693,116.373
2005-12-01 00:00:00,2,74.9503,67.9784,85.8061,105.635,78.0028,67.9784,93.621,140.32,122.163,113.828,209.918,354.096,382.038,330.975,340.844,315.745,267.557,191.2,152.723,164.055,197.801,158.995,145.273,118.724,103.642,116.373,140.355,127.037,104.785,94.6014,90.154
2005-11-01 00:00:00,2,53.7823,111.767,81.0044,70.9402,89.6936,108.69,94.6091,75.9635,78.0028,113.828,83.8776,79.0288,74.9503,63.1312,58.398,59.3354,53.7823,59.3354,64.0916,122.163,160.165,160.165,94.6091,83.8776,89.6936,98.5853,127.442,187.546,113.828,85.8061,
2005-10-01 00:00:00,2,45.7817,40.6779,37.3823,35.7676,34.9687,33.3879,34.1754,45.7817,41.5153,37.3823,31.8303,29.5382,26.5671,26.5671,25.84,24.4047,23.6968,22.9955,22.9955,22.3008,21.6129,22.3008,22.3008,22.3008,22.3008,22.9955,26.5671,29.5382,35.7676,46.6505,51.9696
2005-09-01 00:00:00,2,31.8303,31.8303,31.8303,32.6062,32.6062,31.8303,31.8303,32.6062,40.6779,40.6779,34.9687,32.6062,31.0603,30.2963,29.5382,29.5382,29.5382,41.5153,43.2061,48.4035,47.5245,41.5153,37.3823,34.1754,33.3879,61.2241,85.8061,76.9811,62.1753,55.6142,
2005-08-01 00:00:00,2,42.3581,41.5153,40.6779,39.8458,39.8458,38.198,38.198,38.198,38.198,38.198,37.3823,37.3823,38.198,38.198,38.198,42.3581,39.8458,39.0192,39.0192,39.0192,37.3823,36.5721,35.7676,34.9687,33.3879,33.3879,33.3879,34.1754,34.9687,33.3879,33.3879
2005-07-01 00:00:00,2,50.1766,49.2876,48.4035,47.5245,46.6505,46.6505,46.6505,45.7817,46.6505,45.7817,45.7817,45.7817,45.7817,44.918,44.918,44.918,44.0594,44.0594,44.0594,44.0594,46.6505,48.4035,49.2876,46.6505,44.0594,42.3581,43.2061,44.0594,48.4035,51.0707,45.7817
2005-06-01 00:00:00,2,68.9613,67,65.0566,63.1312,62.1753,59.3354,59.3354,58.398,57.4654,56.5374,55.6142,54.6958,54.6958,53.7823,54.6958,52.8735,51.9696,51.9696,58.398,53.7823,60.2774,61.2241,68.9613,60.2774,57.4654,55.6142,53.7823,51.9696,51.9696,51.0707,
2005-05-01 00:00:00,2,134.919,126.382,91.6524,79.0288,72.9366,69.9485,67,66.026,65.0566,64.0916,63.1312,61.2241,62.1753,60.2774,58.398,58.398,57.4654,57.4654,56.5374,55.6142,55.6142,53.7823,55.6142,76.9811,115.899,129.568,155.702,111.767,93.621,75.9635,71.9362
2005-04-01 00:00:00,2,100.588,95.5995,90.6717,87.7447,85.8061,82.9172,81.9595,80.059,79.0288,79.0288,74.9503,72.9366,71.9362,70.9402,69.9485,68.9613,67,68.9613,68.9613,70.9402,67,66.026,66.026,68.9613,68.9613,68.9613,76.9811,106.651,100.588,104.621,
2005-03-01 00:00:00,2,211.112,225.558,229.205,355.205,526.739,436.892,252.258,192.207,169.179,150.165,140.32,149.064,134.919,125.324,114.863,126.382,134.919,146.866,171.451,156.815,140.32,146.866,143.584,135.995,137.073,143.584,206.346,155.702,122.163,107.67,101.592
2005-02-01 00:00:00,2,139.236,123.215,117.979,147.964,146.866,170.314,189.873,139.236,113.828,100.588,98.5853,90.6717,140.32,154.591,133.844,104.621,96.5924,110.739,176.015,208.726,168.046,113.828,95.5995,87.7447,85.8061,135.995,149.064,130.634,,,
2005-01-01 00:00:00,2,121.114,134.919,114.863,104.621,125.324,110.739,121.114,122.163,201.607,265.758,155.702,137.073,178.307,227.988,153.482,114.863,114.863,241.976,445.018,483.742,233.815,185.226,166.915,275.189,227.988,166.915,169.179,226.772,180.607,200.426,161.286
2004-12-01 00:00:00,2,59.3354,72.9366,47.5245,38.198,36.5721,40.6779,64.0916,144.676,94.6091,116.938,91.6524,102.6,105.635,90.6717,66.026,57.4654,51.0707,44.918,65.0566,79.0288,159.047,218.307,337.547,307.111,368.57,326.608,215.902,140.32,123.215,121.114,146.866
2004-11-01 00:00:00,2,24.4047,26.5671,33.3879,31.0603,25.84,23.6968,25.1191,27.3006,42.3581,37.3823,28.7862,25.1191,23.6968,21.6129,21.6129,20.2575,20.2575,31.0603,28.0403,39.0192,51.0707,47.5245,39.0192,30.2963,25.84,23.6968,21.6129,21.6129,25.1191,44.0594,
2004-10-01 00:00:00,2,19.5902,19.5902,22.9955,29.5382,31.0603,43.2061,38.198,30.2963,26.5671,24.4047,22.9955,25.1191,27.3006,38.198,34.1754,31.0603,30.2963,28.7862,25.1191,25.1191,23.6968,22.9955,22.3008,22.3008,22.3008,26.5671,27.3006,34.9687,35.7676,29.5382,25.84
2004-09-01 00:00:00,2,25.1191,24.4047,24.4047,24.4047,24.4047,24.4047,23.6968,22.9955,22.9955,22.9955,22.3008,22.3008,21.6129,21.6129,20.9317,21.6129,21.6129,21.6129,21.6129,22.9955,24.4047,23.6968,22.3008,21.6129,21.6129,20.9317,20.2575,19.5902,19.5902,19.5902,
2004-08-01 00:00:00,2,36.5721,35.7676,35.7676,34.9687,34.1754,34.1754,33.3879,32.6062,32.6062,31.8303,31.8303,31.0603,31.0603,30.2963,30.2963,31.0603,31.0603,31.0603,30.2963,30.2963,29.5382,29.5382,28.7862,28.0403,28.0403,28.0403,27.3006,27.3006,26.5671,25.84,25.84
2004-07-01 00:00:00,2,41.5153,41.5153,40.6779,40.6779,39.8458,39.8458,39.0192,38.198,38.198,39.0192,49.2876,65.0566,63.1312,50.1766,45.7817,43.2061,41.5153,40.6779,39.8458,43.2061,52.8735,52.8735,50.1766,47.5245,41.5153,39.8458,38.198,38.198,37.3823,36.5721,36.5721
2004-06-01 00:00:00,2,61.2241,57.4654,79.0288,76.9811,70.9402,67,58.398,53.7823,51.9696,51.0707,50.1766,49.2876,48.4035,46.6505,46.6505,49.2876,51.9696,57.4654,51.9696,51.9696,46.6505,46.6505,45.7817,44.0594,44.0594,43.2061,43.2061,43.2061,42.3581,42.3581,
2004-05-01 00:00:00,2,58.398,58.398,57.4654,55.6142,55.6142,57.4654,53.7823,53.7823,53.7823,51.9696,51.9696,51.0707,50.1766,50.1766,50.1766,50.1766,55.6142,65.0566,59.3354,56.5374,57.4654,55.6142,56.5374,53.7823,51.9696,51.0707,51.0707,51.0707,53.7823,60.2774,70.9402
2004-04-01 00:00:00,2,91.6524,81.9595,75.9635,73.9413,111.767,185.226,133.844,116.938,95.5995,82.9172,114.863,153.482,119.022,114.863,104.621,87.7447,83.8776,86.7741,84.8405,74.9503,70.9402,66.026,65.0566,64.0916,63.1312,68.9613,68.9613,67,64.0916,62.1753,
2004-03-01 00:00:00,2,247.106,174.871,142.494,257.433,240.953,172.589,165.785,142.494,123.215,109.714,101.592,97.5876,96.5924,93.621,94.6091,93.621,93.621,92.6355,83.8776,86.7741,95.5995,99.5853,92.6355,83.8776,76.9811,74.9503,71.9362,73.9413,76.9811,78.0028,86.7741
2004-02-01 00:00:00,2,63.1312,63.1312,64.0916,78.0028,67.9784,60.2774,56.5374,61.2241,74.9503,106.651,129.568,125.324,135.995,119.022,106.651,162.408,275.189,225.558,198.07,156.815,134.919,163.532,162.408,162.408,194.547,205.159,265.758,337.547,410.416,,
2004-01-01 00:00:00,2,65.5977,69.7368,133.053,151.475,100.229,90.154,81.4106,71.8281,139.132,383.165,566.812,507.535,355.205,356.315,361.875,301.74,283.629,191.039,141.406,115.899,103.609,94.6091,95.5995,93.621,89.6936,84.8405,81.0044,74.9503,70.9402,67.9784,65.0566
2003-12-01 00:00:00,2,56.5052,77.1176,127.037,118.724,90.154,184.65,303.074,366.011,232.936,150.23,122.271,122.271,87.9489,86.8512,83.5771,81.4106,66.627,64.5722,52.4951,47.1725,45.4279,87.9489,92.3715,89.0499,80.3324,68.6966,62.5323,71.8281,65.5977,61.518,63.5503
2003-11-01 00:00:00,2,21.3196,22.7897,35.2944,38.6063,48.0504,36.9418,30.4595,53.5455,45.4279,78.1858,50.7064,39.4448,32.8564,32.8564,27.3304,26.5606,26.5606,32.8564,32.8564,44.5614,68.6966,116.373,79.2574,52.4951,41.1343,34.4773,40.2875,32.0528,53.5455,54.528,
2003-10-01 00:00:00,2,22.7897,23.5332,22.7897,21.3196,20.5932,19.158,18.4495,17.7472,17.7472,19.158,22.7897,24.282,31.2538,28.8852,25.7958,23.5332,22.0519,20.5932,19.8726,19.158,17.0513,17.0513,15.679,19.8726,18.4495,19.8726,28.1053,23.5332,19.8726,17.7472,17.0513
2003-09-01 00:00:00,2,28.8852,28.8852,26.5606,27.3304,25.7958,25.0363,25.0363,25.0363,23.5332,23.5332,23.5332,22.7897,22.7897,22.7897,22.7897,22.7897,23.5332,23.5332,24.282,25.0363,23.5332,22.7897,22.0519,20.5932,20.5932,19.158,20.5932,20.5932,20.5932,20.5932,
2003-08-01 00:00:00,2,28.1053,28.8852,30.4595,28.8852,28.1053,28.1053,28.1053,27.3304,26.5606,26.5606,26.5606,26.5606,26.5606,26.5606,26.5606,26.5606,29.6699,39.4448,33.6646,28.8852,28.8852,26.5606,26.5606,26.5606,26.5606,25.7958,26.5606,27.3304,30.4595,29.6699,29.6699
2003-07-01 00:00:00,2,32.0528,32.0528,31.2538,32.0528,32.0528,31.2538,31.2538,32.8564,31.2538,29.6699,29.6699,29.6699,29.6699,30.4595,36.1159,37.7719,35.2944,33.6646,32.0528,31.2538,31.2538,30.4595,30.4595,30.4595,28.8852,28.1053,29.6699,29.6699,28.8852,28.8852,28.8852
2003-06-01 00:00:00,2,41.1343,41.1343,41.1343,40.2875,40.2875,40.2875,40.2875,40.2875,37.7719,39.4448,37.7719,36.9418,36.9418,36.9418,36.9418,36.1159,35.2944,36.1159,36.1159,35.2944,34.4773,35.2944,33.6646,34.4773,34.4773,33.6646,33.6646,33.6646,34.4773,32.0528,
2003-05-01 00:00:00,2,48.0504,47.1725,46.2983,48.0504,49.8174,59.5011,62.5323,64.5722,58.4985,52.4951,49.8174,48.0504,48.0504,48.0504,48.0504,47.1725,46.2983,46.2983,46.2983,46.2983,44.5614,44.5614,43.6987,43.6987,42.8399,42.8399,41.9851,41.9851,41.1343,41.1343,42.8399
2003-04-01 00:00:00,2,76.0528,72.879,70.7807,70.7807,71.8281,76.0528,79.2574,84.6652,82.4922,91.2612,94.6014,82.4922,72.879,68.6966,65.5977,64.5722,61.518,60.5076,58.4985,56.5052,55.5146,55.5146,54.528,53.5455,52.4951,52.4951,51.599,51.599,49.8174,48.9321,
2003-03-01 00:00:00,2,63.5503,60.5076,60.5076,60.5076,61.518,61.518,58.4985,58.4985,69.7368,74.9914,87.9489,78.1858,82.4922,93.485,111.704,161.521,244.007,313.388,247.689,161.521,133.053,123.459,141.581,175.571,136.693,104.785,96.8436,92.3715,90.154,84.6652,79.2574
2003-02-01 00:00:00,2,299.993,204.454,155.225,144.04,127.037,118.724,108.232,102.501,97.9691,93.485,89.0499,87.9489,82.4922,78.1858,100.229,121.086,121.086,122.271,119.904,127.037,105.931,92.3715,84.6652,76.0528,73.9335,69.7368,67.66,65.5977,,,
2003-01-01 00:00:00,2,100.229,93.485,174.283,294.874,272.573,216.556,260.567,367.08,269.561,191.2,278.619,261.563,263.558,203.12,220.625,454.679,387.526,358.542,344.757,342.647,326.905,296.92,283.678,258.577,193.834,172.996,167.874,232.936,156.479,224.712,340.539
2002-12-01 00:00:00,2,47.1725,42.8399,38.6063,34.4773,44.5614,47.1725,48.0504,95.721,165.326,110.544,134.264,169.151,299.993,298.968,244.007,184.65,217.91,226.077,172.996,129.436,101.364,148.987,124.649,128.235,139.132,133.053,127.037,94.6014,86.8512,92.3715,90.154
2002-11-01 00:00:00,2,26.2372,43.6108,63.6922,52.9966,41.1263,48.6781,71.0654,80.5354,56.5052,43.6987,44.5614,46.2983,35.2944,41.1343,38.6063,39.4448,32.0528,36.9418,60.5076,87.9489,83.5771,92.3715,93.485,94.6014,102.501,208.47,191.2,71.8281,64.5722,57.4999,
2002-10-01 00:00:00,2,26.2372,25.4982,24.764,25.4982,24.0349,23.3108,22.5918,21.1698,20.4669,19.0777,18.3917,17.0373,16.3692,15.7073,15.0519,14.4029,14.4029,13.1252,13.1252,12.4968,11.8756,13.1252,17.7115,19.0777,21.8781,23.3108,22.5918,20.4669,30.7707,23.3108,24.0349
2002-09-01 00:00:00,2,23.3108,30.7707,33.8826,35.4641,31.5421,26.2372,24.0349,24.764,25.4982,26.2372,24.0349,23.3108,21.8781,21.1698,20.4669,19.7695,19.7695,19.0777,18.3917,18.3917,17.7115,21.1698,20.4669,41.1263,62.7838,60.0769,60.0769,44.4464,34.6713,29.2411,
2002-08-01 00:00:00,2,25.4982,25.4982,25.4982,26.2372,26.2372,26.9811,28.4831,26.9811,25.4982,24.0349,24.764,23.3108,22.5918,23.3108,22.5918,21.8781,21.8781,21.8781,21.8781,21.1698,21.8781,20.4669,21.1698,20.4669,20.4669,20.4669,19.7695,19.7695,19.7695,19.7695,18.3917
2002-07-01 00:00:00,2,30.0036,30.0036,30.0036,29.2411,29.2411,29.2411,29.2411,29.2411,29.2411,28.4831,29.2411,30.7707,32.318,30.7707,31.5421,31.5421,30.7707,30.0036,29.2411,28.4831,28.4831,28.4831,27.7298,27.7298,27.7298,26.9811,26.9811,26.9811,26.2372,26.2372,25.4982
2002-06-01 00:00:00,2,35.4641,35.4641,34.6713,33.8826,33.8826,33.8826,33.8826,33.8826,33.0982,33.0982,32.318,32.318,32.318,33.0982,33.0982,31.5421,31.5421,31.5421,31.5421,31.5421,30.7707,30.7707,30.0036,30.0036,30.0036,30.0036,30.0036,30.0036,30.7707,30.0036,
2002-05-01 00:00:00,2,41.1263,39.4889,39.4889,39.4889,38.676,40.3057,45.2856,55.6276,60.0769,50.3953,47.8247,46.9748,44.4464,42.7789,41.1263,40.3057,39.4889,38.676,39.4889,39.4889,39.4889,41.1263,41.9507,40.3057,41.1263,38.676,37.867,37.062,36.261,36.261,36.261
2002-04-01 00:00:00,2,65.518,62.7838,59.1808,58.2877,55.6276,53.8703,52.9966,53.8703,55.6276,67.3555,60.0769,55.6276,53.8703,53.8703,51.259,51.259,49.535,49.535,47.8247,46.1284,45.2856,45.2856,44.4464,44.4464,42.7789,42.7789,41.9507,41.1263,41.1263,40.3057,
2002-03-01 00:00:00,2,126.377,114.69,107.851,97.2331,96.2311,94.2343,92.2473,84.3985,81.4973,80.5354,80.5354,75.7663,72.9374,72,77.6659,99.2443,106.724,101.265,94.2343,95.2315,91.2574,93.2396,110.116,92.2473,84.3985,88.3027,99.2443,97.2331,81.4973,72,68.2787
2002-02-01 00:00:00,2,169.951,132.352,213.147,183.12,138.413,110.116,131.15,127.565,152.04,287.688,249.087,207.582,147.038,118.159,132.352,101.265,203.439,324.235,348.736,269.258,238.75,257.116,279.466,273.332,227.259,195.231,147.038,139.635,,,
2002-01-01 00:00:00,2,225.835,202.064,172.56,189.818,133.557,131.15,131.15,104.48,88.3027,80.5354,70.1336,62.7838,58.2877,77.6659,94.2343,164.77,159.639,166.06,246.089,214.546,192.519,132.352,102.279,91.2574,100.253,138.413,192.519,179.137,181.789,138.413,142.089
2001-12-01 00:00:00,2,106.724,227.259,184.453,99.2443,67.3555,54.7473,46.9748,52.1261,66.4353,70.1336,51.259,43.6108,40.3057,39.4889,45.2856,72,188.473,324.235,249.087,116.999,96.2311,128.757,103.365,86.3455,74.8205,92.2473,93.2396,137.194,167.354,232.982,278.441
2001-11-01 00:00:00,2,18.3917,19.7695,37.867,48.6781,76.7147,76.7147,80.5354,64.6036,51.259,46.9748,45.2856,38.676,52.9966,73.8776,112.396,69.2047,77.6659,104.48,88.3027,69.2047,57.3978,52.9966,51.259,51.259,54.7473,49.535,44.4464,41.1263,48.6781,45.2856,
2001-10-01 00:00:00,2,22.5918,21.8781,30.7707,29.2411,53.8703,38.676,30.7707,34.6713,34.6713,26.2372,26.9811,26.2372,24.0349,21.8781,20.4669,19.7695,18.3917,17.7115,17.0373,24.0349,46.1284,44.4464,41.9507,32.318,27.7298,25.4982,23.3108,21.1698,19.7695,19.0777,19.0777
2001-09-01 00:00:00,2,20.4669,19.7695,19.0777,18.3917,17.7115,17.0373,16.3692,15.7073,15.7073,15.0519,15.0519,14.4029,14.4029,13.7606,30.7707,27.7298,31.5421,33.8826,28.4831,23.3108,21.8781,19.7695,17.7115,18.3917,20.4669,20.4669,22.5918,22.5918,21.8781,24.0349,
2001-08-01 00:00:00,2,18.3917,18.3917,18.3917,17.7115,17.0373,17.7115,17.7115,17.0373,17.0373,17.0373,17.0373,16.3692,16.3692,16.3692,16.3692,15.7073,15.7073,15.7073,15.7073,15.7073,15.7073,15.0519,15.7073,26.9811,27.7298,24.0349,29.2411,26.2372,24.0349,22.5918,21.1698
2001-07-01 00:00:00,2,20.4669,20.4669,20.4669,20.4669,20.4669,19.7695,19.7695,19.7695,19.7695,19.7695,19.7695,19.7695,19.0777,19.0777,18.3917,19.0777,18.3917,18.3917,19.0777,19.0777,19.7695,19.0777,18.3917,18.3917,18.3917,19.0777,19.7695,21.1698,20.4669,19.0777,19.0777
2001-06-01 00:00:00,2,30.0036,28.4831,27.7298,26.9811,27.7298,26.9811,26.9811,26.9811,26.2372,25.4982,25.4982,25.4982,25.4982,24.764,24.0349,24.0349,23.3108,23.3108,23.3108,22.5918,22.5918,22.5918,22.5918,22.5918,22.5918,21.8781,22.5918,20.4669,21.1698,21.1698,
2001-05-01 00:00:00,2,25.4982,24.764,24.764,24.0349,24.0349,23.3108,23.3108,24.0349,24.0349,23.3108,23.3108,22.5918,22.5918,22.5918,27.7298,30.7707,39.4889,41.1263,56.5111,42.7789,36.261,31.5421,30.7707,29.2411,29.2411,28.4831,33.8826,33.8826,32.318,31.5421,30.7707
2001-04-01 00:00:00,2,72,55.6276,46.9748,42.7789,39.4889,38.676,43.6108,38.676,34.6713,33.8826,33.0982,33.8826,33.8826,46.1284,42.7789,41.1263,37.867,37.867,40.3057,34.6713,33.0982,31.5421,30.7707,30.0036,29.2411,27.7298,26.9811,26.2372,25.4982,25.4982,
2001-03-01 00:00:00,2,34.6713,33.0982,35.4641,35.4641,40.3057,39.4889,45.2856,47.8247,46.1284,46.1284,82.4617,70.1336,74.8205,119.323,78.6197,56.5111,50.3953,46.9748,46.1284,44.4464,39.4889,39.4889,37.062,36.261,37.062,33.8826,33.0982,33.0982,43.6108,56.5111,83.4288
2001-02-01 00:00:00,2,55.6276,59.1808,53.8703,54.7473,52.9966,52.9966,61.8785,53.8703,52.9966,65.518,58.2877,52.1261,52.1261,53.8703,50.3953,53.8703,47.8247,44.4464,47.8247,43.6108,37.867,39.4889,36.261,36.261,41.1263,37.867,36.261,37.867,,,
2001-01-01 00:00:00,2,161.286,195.719,338.645,420.734,363.831,231.547,149.532,116.999,122.834,126.377,119.323,104.48,95.2315,89.2851,84.3985,75.7663,67.3555,63.6922,60.9761,58.2877,59.1808,88.3027,114.69,93.2396,84.3985,76.7147,71.0654,62.7838,60.0769,66.4353,57.3978
2000-12-01 00:00:00,2,75.9635,107.67,113.828,98.5853,117.979,193.376,144.676,145.77,73.9413,64.0916,58.398,78.0028,70.9402,57.4654,49.2876,46.6505,44.918,209.918,254.326,199.247,126.382,105.635,94.6091,78.0028,75.9635,73.9413,71.9362,92.6355,112.797,97.5876,99.5853
2000-11-01 00:00:00,2,30.2963,30.2963,26.5671,24.4047,25.84,31.0603,52.8735,56.5374,53.7823,48.4035,39.0192,34.1754,32.6062,45.7817,108.69,128.504,109.714,99.5853,107.67,78.0028,72.9366,70.9402,62.1753,59.3354,59.3354,48.4035,51.9696,60.2774,85.8061,70.9402,
2000-10-01 00:00:00,2,29.5382,30.2963,39.0192,46.6505,36.5721,31.0603,27.3006,25.1191,25.84,25.1191,22.9955,22.3008,20.9317,20.2575,19.5902,18.2768,17.631,16.3614,16.3614,18.2768,18.2768,18.9299,20.9317,21.6129,30.2963,23.6968,19.5902,18.2768,18.2768,18.2768,22.9955
2000-09-01 00:00:00,2,32.6062,36.5721,51.9696,64.0916,67.9784,54.6958,45.7817,44.918,47.5245,40.6779,39.0192,37.3823,34.1754,32.6062,31.8303,30.2963,30.2963,30.2963,29.5382,27.3006,26.5671,25.84,25.1191,23.6968,22.9955,22.9955,23.6968,25.1191,33.3879,31.8303,
2000-08-01 00:00:00,2,31.0603,30.2963,30.2963,30.2963,31.0603,31.8303,31.8303,31.0603,29.5382,28.0403,28.0403,27.3006,27.3006,26.5671,26.5671,26.5671,26.5671,25.84,25.84,25.84,25.1191,25.1191,25.1191,24.4047,24.4047,23.6968,22.9955,22.9955,28.7862,31.0603,35.7676
2000-07-01 00:00:00,2,30.2963,30.2963,29.5382,29.5382,29.5382,29.5382,30.2963,30.2963,30.2963,30.2963,30.2963,30.2963,30.2963,29.5382,30.2963,31.0603,32.6062,34.9687,34.9687,33.3879,33.3879,32.6062,31.8303,31.8303,31.8303,33.3879,33.3879,33.3879,32.6062,31.8303,31.0603
2000-06-01 00:00:00,2,38.198,37.3823,38.198,40.6779,46.6505,43.2061,41.5153,39.0192,39.0192,38.198,36.5721,36.5721,34.9687,34.9687,34.1754,34.1754,34.1754,34.1754,34.1754,33.3879,33.3879,33.3879,33.3879,32.6062,32.6062,31.8303,31.8303,31.0603,31.0603,30.2963,
2000-05-01 00:00:00,2,48.4035,48.4035,47.5245,47.5245,46.6505,46.6505,45.7817,45.7817,45.7817,45.7817,45.7817,46.6505,44.918,44.0594,43.2061,42.3581,41.5153,40.6779,39.8458,39.8458,39.8458,39.8458,39.8458,39.8458,39.8458,39.8458,39.0192,38.198,40.6779,39.0192,38.198
2000-04-01 00:00:00,2,78.0028,73.9413,69.9485,67,65.0566,63.1312,62.1753,60.2774,61.2241,60.2774,60.2774,62.1753,81.0044,80.0519,71.9362,71.9362,74.9503,64.0916,62.1753,64.0916,67.9784,65.0566,60.2774,57.4654,53.7823,51.9696,51.9696,50.1766,49.2876,49.2876,
2000-03-01 00:00:00,2,83.8776,78.0028,73.9413,71.9362,67.9784,65.0566,65.0566,72.9366,87.7447,115.899,113.828,155.702,166.915,140.32,109.714,122.163,108.69,99.5853,101.592,123.215,262.629,156.815,115.899,96.5924,88.7179,90.6717,82.9172,82.9172,81.9595,79.0288,87.7447
2000-02-01 00:00:00,2,298.527,249.164,231.643,185.226,146.866,139.236,185.226,206.346,310.343,285.747,230.423,169.179,145.77,138.154,127.442,109.714,101.592,103.609,132.772,124.269,108.69,96.5924,91.6524,87.7447,85.8061,92.6355,100.588,96.5924,88.7179,,
2000-01-01 00:00:00,2,112.797,116.938,177.16,226.772,193.376,162.408,133.844,122.163,104.621,91.6524,83.8776,80.0519,74.9503,62.1753,61.2241,56.5374,62.1753,86.7741,106.651,106.651,139.236,120.067,114.863,87.7447,83.8776,80.0519,123.215,307.111,417.289,433.419,370.808
1999-12-01 00:00:00,2,66.026,63.1312,49.2876,43.2061,52.8735,81.0044,92.6355,87.7447,130.634,104.621,96.5924,116.938,156.815,108.69,128.504,104.621,86.7741,71.9362,62.1753,62.1753,62.1753,62.1753,79.0288,92.6355,123.215,109.714,86.7741,70.9402,81.0044,79.0288,99.5853
1999-11-01 00:00:00,2,29.5382,28.0403,25.84,25.1191,20.9317,22.3008,40.6779,45.7817,88.7179,76.9811,55.6142,51.9696,61.2241,55.6142,54.6958,47.5245,40.6779,38.198,34.1754,55.6142,72.9366,133.844,142.494,94.6091,89.6936,80.0519,95.5995,58.398,97.5876,89.6936,
1999-10-01 00:00:00,2,20.2575,16.9924,17.631,19.5902,18.9299,19.5902,18.9299,18.9299,18.9299,17.631,17.631,16.9924,15.7378,15.7378,15.1219,14.5138,13.9136,13.3214,15.7378,15.7378,18.2768,51.0707,57.4654,52.8735,44.918,33.3879,39.0192,41.5153,41.5153,38.198,31.8303
1999-09-01 00:00:00,2,18.9299,18.2768,17.631,17.631,16.9924,16.9924,16.3614,16.3614,16.3614,16.3614,16.9924,16.3614,19.5902,19.5902,21.6129,25.1191,24.4047,22.9955,22.3008,22.3008,19.5902,18.9299,21.6129,28.0403,43.2061,32.6062,25.84,22.3008,21.6129,20.2575,
1999-08-01 00:00:00,2,24.4047,25.1191,25.1191,25.1191,24.4047,23.6968,23.6968,22.9955,23.6968,23.6968,22.9955,22.3008,22.3008,21.6129,21.6129,20.9317,20.9317,20.2575,22.3008,20.9317,21.6129,21.6129,21.6129,20.9317,21.6129,20.9317,20.2575,20.2575,20.2575,19.5902,18.9299
1999-07-01 00:00:00,2,29.5382,29.5382,29.5382,28.7862,28.7862,29.5382,29.5382,28.7862,28.7862,30.2963,29.5382,29.5382,30.2963,29.5382,28.7862,29.5382,28.7862,28.7862,29.5382,28.7862,28.0403,27.3006,27.3006,28.0403,26.5671,27.3006,28.0403,27.3006,27.3006,27.3006,26.5671
1999-06-01 00:00:00,2,33.3879,33.3879,33.3879,33.3879,33.3879,33.3879,32.6062,33.3879,33.3879,33.3879,33.3879,33.3879,33.3879,33.3879,33.3879,34.1754,34.9687,34.9687,34.1754,33.3879,33.3879,32.6062,31.8303,31.8303,31.0603,31.0603,30.2963,30.2963,30.2963,30.2963,
1999-05-01 00:00:00,2,44.918,44.0594,43.2061,43.2061,42.3581,42.3581,42.3581,41.5153,45.7817,47.5245,44.918,43.2061,41.5153,39.8458,39.8458,39.0192,38.198,37.3823,37.3823,37.3823,37.3823,36.5721,36.5721,36.5721,35.7676,35.7676,35.7676,34.9687,34.9687,34.9687,34.1754
1999-04-01 00:00:00,2,84.8405,82.9172,81.9595,67.9784,65.0566,61.2241,59.3354,58.398,60.2774,56.5374,55.6142,53.7823,52.8735,52.8735,51.9696,52.8735,64.0916,67.9784,62.1753,58.398,54.6958,52.8735,51.9696,49.2876,49.2876,49.2876,47.5245,45.7817,45.7817,44.918,
1999-03-01 00:00:00,2,96.5924,152.375,138.154,127.442,107.67,85.8061,146.866,184.069,283.629,254.326,309.264,345.249,248.135,217.104,172.589,131.702,109.714,107.67,103.609,88.7179,82.9172,79.0288,75.9635,90.6717,135.995,166.915,133.844,94.6091,86.7741,82.9172,79.0288
1999-02-01 00:00:00,2,68.9613,68.9613,59.3354,53.7823,49.2876,45.7817,50.1766,52.8735,67,70.9402,56.5374,49.2876,47.5245,47.5245,44.918,46.6505,51.9696,50.1766,49.2876,52.8735,50.1766,45.7817,43.2061,41.5153,55.6142,66.026,87.7447,86.7741,,,
1999-01-01 00:00:00,2,130.634,196.894,214.702,189.873,212.307,191.039,229.205,180.607,145.77,122.163,106.651,86.7741,79.0288,73.9413,75.9635,88.7179,105.635,85.8061,72.9366,66.026,61.2241,63.1312,60.2774,60.2774,54.6958,51.9696,51.0707,72.9366,70.9402,92.6355,78.0028
1998-12-01 00:00:00,2,82.9172,85.8061,66.026,51.9696,47.5245,51.9696,60.2774,83.8776,104.621,86.7741,67.9784,64.0916,55.6142,49.2876,53.7823,81.9595,121.114,119.022,113.828,99.5853,223.135,128.504,85.8061,76.9811,66.026,67,69.9485,106.651,126.382,101.592,120.067
1998-11-01 00:00:00,2,75.9635,74.9503,82.9172,114.863,100.588,107.67,79.0288,61.2241,54.6958,55.6142,66.026,68.9613,72.9366,67,55.6142,50.1766,46.6505,44.0594,41.5153,44.0594,45.7817,53.7823,51.9696,59.3354,60.2774,47.5245,55.6142,63.1312,134.919,110.739,
1998-10-01 00:00:00,2,25.1191,37.3823,43.2061,45.7817,40.6779,33.3879,33.3879,31.8303,33.3879,35.7676,37.3823,49.2876,40.6779,39.0192,37.3823,34.1754,36.5721,48.4035,62.1753,64.0916,51.0707,39.0192,34.9687,33.3879,28.0403,22.9955,32.6062,34.1754,38.198,42.3581,57.4654
1998-09-01 00:00:00,2,22.3008,24.4047,26.5671,25.84,24.4047,23.6968,22.3008,22.3008,21.6129,22.3008,22.9955,22.9955,22.3008,21.6129,20.9317,20.9317,18.9299,18.9299,19.5902,19.5902,18.9299,18.2768,17.631,18.9299,20.9317,20.9317,20.9317,21.6129,25.1191,28.0403,
1998-08-01 00:00:00,2,27.3006,26.5671,26.5671,26.5671,28.0403,29.5382,34.9687,40.6779,59.3354,57.4654,49.2876,47.5245,42.3581,38.198,35.7676,33.3879,31.8303,31.0603,29.5382,28.0403,27.3006,26.5671,25.84,25.84,24.4047,25.1191,24.4047,24.4047,22.9955,22.9955,21.6129
1998-07-01 00:00:00,2,34.9687,34.1754,34.1754,33.3879,33.3879,32.6062,34.1754,33.3879,31.8303,31.0603,30.2963,30.2963,30.2963,29.5382,30.2963,28.7862,28.7862,28.7862,28.7862,28.7862,28.0403,28.0403,28.7862,28.7862,27.3006,26.5671,26.5671,25.84,26.5671,27.3006,27.3006
1998-06-01 00:00:00,2,90.6717,65.0566,52.8735,47.5245,44.918,43.2061,41.5153,39.8458,39.8458,39.0192,39.0192,38.198,37.3823,37.3823,37.3823,37.3823,37.3823,36.5721,36.5721,35.7676,36.5721,35.7676,35.7676,35.7676,35.7676,36.5721,35.7676,35.7676,35.7676,34.9687,
1998-05-01 00:00:00,2,50.1766,45.7817,42.3581,41.5153,61.2241,59.3354,66.026,58.398,48.4035,45.7817,44.0594,42.3581,42.3581,40.6779,40.6779,39.8458,39.0192,38.198,38.198,38.198,38.198,39.0192,38.198,37.3823,36.5721,37.3823,36.5721,36.5721,35.7676,58.398,65.0566
1998-04-01 00:00:00,2,64.0916,83.8776,76.9811,69.9485,63.1312,60.2774,58.398,56.5374,56.5374,59.3354,65.0566,67,62.1753,58.398,56.5374,54.6958,52.8735,52.8735,53.7823,54.6958,54.6958,51.0707,48.4035,47.5245,46.6505,45.7817,45.7817,45.7817,49.2876,50.1766,
1998-03-01 00:00:00,2,100.588,92.6355,86.7741,81.9595,78.0028,75.9635,72.9366,70.9402,67.9784,67,65.0566,64.0916,71.9362,72.9366,79.0288,81.0044,79.0288,76.9811,68.9613,76.9811,72.9366,73.9413,92.6355,115.899,109.714,82.9172,73.9413,71.9362,67,67.9784,73.9413
1998-02-01 00:00:00,2,79.0288,73.9413,71.9362,67.9784,80.0519,62.1753,64.0916,69.9485,73.9413,73.9413,72.9366,70.9402,64.0916,62.1753,71.9362,86.7741,218.307,264.714,220.718,214.702,213.504,170.314,170.314,217.104,169.179,156.815,125.324,110.739,,,
1998-01-01 00:00:00,2,66.026,62.1753,58.398,75.9635,79.0288,89.6936,100.588,142.494,125.324,193.376,194.547,176.015,156.815,262.629,212.307,176.015,223.135,218.307,172.589,194.547,203.974,150.165,119.022,105.635,98.5853,99.5853,111.767,123.215,105.635,91.6524,88.7179
1997-12-01 00:00:00,2,161.286,124.269,108.69,106.651,82.9172,70.9402,66.026,119.022,130.634,117.979,128.504,123.215,101.592,217.104,196.894,156.815,156.815,166.915,134.919,112.797,138.154,115.899,96.5924,84.8405,81.9595,97.5876,94.6091,92.6355,83.8776,80.0519,72.9366
1997-11-01 00:00:00,2,41.5153,39.8458,38.198,37.3823,34.9687,35.7676,35.7676,38.198,44.0594,63.1312,51.9696,42.3581,40.6779,39.0192,39.0192,42.3581,49.2876,46.6505,39.0192,36.5721,35.7676,58.398,65.0566,71.9362,63.1312,54.6958,69.9485,78.0028,159.047,168.046,
1997-10-01 00:00:00,2,55.6142,54.6958,53.7823,52.8735,46.6505,42.3581,39.0192,39.8458,39.0192,36.5721,36.5721,34.9687,33.3879,32.6062,33.3879,34.9687,34.9687,39.8458,35.7676,34.1754,43.2061,80.0519,130.634,96.5924,67,55.6142,68.9613,60.2774,64.0916,52.8735,46.6505
1997-09-01 00:00:00,2,37.3823,37.3823,37.3823,36.5721,36.5721,36.5721,36.5721,36.5721,36.5721,36.5721,35.7676,35.7676,34.9687,34.9687,34.1754,34.1754,34.1754,36.5721,39.8458,37.3823,71.9362,83.8776,115.899,80.0519,56.5374,52.8735,60.2774,56.5374,66.026,58.398,
1997-08-01 00:00:00,2,46.6505,46.6505,46.6505,45.7817,45.7817,45.7817,44.918,45.7817,46.6505,44.918,44.918,44.918,44.0594,43.2061,43.2061,43.2061,42.3581,42.3581,43.2061,41.5153,42.3581,42.3581,42.3581,42.3581,42.3581,41.5153,41.5153,41.5153,40.6779,39.0192,37.3823
1997-07-01 00:00:00,2,59.3354,56.5374,57.4654,57.4654,57.4654,58.398,57.4654,57.4654,54.6958,54.6958,52.8735,52.8735,51.0707,51.9696,51.9696,50.1766,51.0707,51.0707,51.9696,51.0707,50.1766,51.0707,51.9696,52.8735,51.9696,51.0707,51.0707,51.0707,51.0707,49.2876,46.6505
1997-06-01 00:00:00,2,71.9362,68.9613,66.026,67.9784,67,86.7741,101.592,103.609,81.0044,73.9413,69.9485,67.9784,72.9366,73.9413,74.9503,75.9635,74.9503,74.9503,70.9402,67.9784,66.026,65.0566,65.0566,63.1312,65.0566,63.1312,60.2774,59.3354,58.398,58.398,
1997-05-01 00:00:00,2,91.6524,90.6717,84.8405,82.9172,79.0288,76.9811,75.9635,74.9503,75.9635,73.9413,72.9366,74.9503,73.9413,72.9366,71.9362,71.9362,71.9362,71.9362,72.9366,70.9402,70.9402,69.9485,70.9402,72.9366,73.9413,79.0288,79.0288,74.9503,84.8405,82.9172,76.9811
1997-04-01 00:00:00,2,109.714,180.607,198.07,156.815,143.584,114.863,106.651,102.6,98.5853,93.621,92.6355,91.6524,89.6936,88.7179,88.7179,87.7447,86.7741,84.8405,83.8776,83.8776,83.8776,84.8405,91.6524,87.7447,95.5995,93.621,86.7741,107.67,150.165,113.828,
1997-03-01 00:00:00,2,147.964,217.104,303.886,345.249,241.976,182.913,243,199.247,154.591,131.702,123.215,114.863,112.797,122.163,119.022,121.114,153.482,165.785,137.073,120.067,109.714,106.651,102.6,96.5924,93.621,92.6355,90.6717,90.6717,89.6936,93.621,93.621
1997-02-01 00:00:00,2,171.451,247.106,196.894,165.785,146.866,130.634,124.269,123.215,122.163,113.828,109.714,107.67,113.828,112.797,108.69,104.621,102.6,102.6,106.651,112.797,117.979,99.5853,92.6355,91.6524,105.635,143.584,165.785,178.307,,,
1997-01-01 00:00:00,2,215.203,294.874,774.364,2039.28,2193.84,1609.45,1137.4,924.915,762.725,530.356,406.988,368.57,316.828,306.035,276.241,250.195,165.785,317.911,269.941,219.512,208.726,188.709,172.589,182.913,191.039,169.179,162.408,208.726,207.535,159.047,157.93
1996-12-01 00:00:00,2,84.6652,79.2574,95.721,128.235,139.132,121.086,103.642,81.4106,74.9914,72.879,86.8512,82.4922,131.844,171.712,171.712,171.712,196.477,148.987,142.81,141.581,196.477,257.583,415.873,430.202,350.046,272.573,246.704,191.2,187.264,205.791,244.007
1996-11-01 00:00:00,2,109.387,90.154,137.911,125.841,183.347,178.154,114.033,93.485,61.518,58.4985,50.3691,47.0126,42.0831,42.0831,47.0126,52.922,134.264,188.574,185.956,197.801,217.91,367.08,479.435,433.523,255.598,174.283,134.264,115.202,101.364,92.3715,
1996-10-01 00:00:00,2,31.871,32.6322,30.3614,34.1673,35.719,35.719,40.4691,37.2867,34.1673,33.3977,31.871,30.3614,29.6132,32.6322,34.9411,37.2867,34.9411,31.114,26.6653,26.6653,31.871,31.114,27.3954,37.2867,35.719,29.6132,28.8694,54.6403,85.7566,77.1176,51.2168
1996-09-01 00:00:00,2,26.6653,29.6132,29.6132,35.719,38.8702,51.2168,59.5011,66.627,71.8281,52.922,53.7795,40.4691,42.8956,45.3551,43.7118,42.8956,41.2742,43.7118,37.2867,37.2867,35.719,34.9411,34.1673,31.871,31.114,38.8702,33.3977,34.9411,35.719,32.6322,
1996-08-01 00:00:00,2,34.9411,33.3977,32.6322,32.6322,33.3977,32.6322,31.871,31.871,31.114,31.871,34.1673,34.9411,34.9411,34.9411,38.8702,37.2867,36.5008,35.719,35.719,34.1673,34.1673,30.3614,31.114,29.6132,29.6132,30.3614,28.8694,29.6132,28.1301,29.6132,25.9399
1996-07-01 00:00:00,2,40.4691,47.0126,42.0831,41.2742,39.6677,40.4691,38.8702,38.8702,39.6677,38.8702,38.0765,37.2867,36.5008,35.719,35.719,34.9411,34.9411,34.9411,36.5008,35.719,35.719,34.9411,34.1673,34.1673,31.871,32.6322,32.6322,32.6322,31.871,33.3977,32.6322
1996-06-01 00:00:00,2,46.1821,47.0126,46.1821,45.3551,44.5317,44.5317,43.7118,42.8956,43.7118,42.8956,42.8956,42.8956,42.8956,42.0831,42.0831,42.0831,42.0831,41.2742,41.2742,40.4691,39.6677,39.6677,39.6677,38.8702,39.6677,39.6677,38.8702,38.8702,38.8702,39.6677,
1996-05-01 00:00:00,2,52.0677,51.2168,51.2168,51.2168,52.0677,51.2168,50.3691,49.5249,48.684,47.0126,47.0126,47.8466,47.0126,47.0126,47.0126,47.0126,48.684,48.684,52.0677,52.922,57.4999,52.922,72.879,84.6652,80.3324,60.5076,53.7795,51.2168,47.8466,48.684,47.8466
1996-04-01 00:00:00,2,64.5722,62.5323,61.518,59.5011,56.5052,55.5043,54.6403,53.7795,55.5043,51.2168,52.0677,53.7795,59.5011,80.3324,76.0528,77.1176,81.4106,104.785,118.724,116.373,104.785,87.9489,68.6966,64.5722,61.518,58.4985,53.7795,53.7795,52.922,52.0677,
1996-03-01 00:00:00,2,71.8281,68.6966,92.3715,100.229,137.911,121.086,147.747,125.841,105.931,94.6014,85.7566,117.548,110.544,103.642,94.6014,92.3715,97.9691,116.373,103.642,119.904,86.8512,127.037,139.132,119.904,104.785,101.364,85.7566,80.3324,74.9914,68.6966,66.627
1996-02-01 00:00:00,2,85.7566,85.7566,101.364,107.08,121.086,110.544,124.649,119.904,116.373,101.364,103.642,193.834,167.874,147.747,117.548,101.364,95.721,87.9489,83.5771,83.5771,83.5771,86.8512,109.387,81.4106,78.1858,74.9914,90.154,85.7566,79.2574,,
1996-01-01 00:00:00,2,256.59,339.486,270.565,272.573,249.661,262.56,284.692,155.225,192.516,258.577,437.959,455.798,391.86,301.019,226.077,180.746,157.736,146.509,134.264,150.23,217.91,262.56,197.801,151.475,127.037,112.868,107.08,100.229,94.6014,90.154,89.0499
1995-12-01 00:00:00,2,60.5076,51.2168,50.3691,53.7795,73.9335,96.8436,81.4106,61.518,56.5052,49.5249,53.7795,50.3691,102.501,501.034,341.592,216.556,136.693,110.544,108.232,114.033,104.785,134.264,167.874,165.326,220.625,257.583,584.628,498.751,388.608,424.679,325.861
1995-11-01 00:00:00,2,48.684,63.5503,71.8281,92.3715,90.154,84.6652,65.5977,53.7795,47.8466,42.8956,40.4691,40.4691,51.2168,63.5503,87.9489,79.2574,65.5977,61.518,97.9691,84.6652,80.3324,62.5323,52.922,58.4985,81.4106,102.501,87.9489,76.0528,66.627,61.518,
1995-10-01 00:00:00,2,46.1821,42.0831,39.6677,37.2867,38.0765,33.3977,39.6677,59.5011,69.7368,59.5011,73.9335,56.5052,49.5249,49.5249,52.0677,131.844,131.844,89.0499,72.879,61.518,71.8281,69.7368,95.721,78.1858,60.5076,52.0677,44.5317,37.2867,36.5008,37.2867,46.1821
1995-09-01 00:00:00,2,25.2193,25.2193,25.2193,24.5035,24.5035,23.7927,24.5035,24.5035,23.7927,23.7927,23.7927,23.7927,23.0868,23.7927,22.386,22.386,23.0868,27.3954,31.871,35.719,47.8466,39.6677,37.2867,37.2867,35.719,35.719,28.8694,28.8694,28.1301,29.6132,
1995-08-01 00:00:00,2,33.3977,33.3977,32.6322,32.6322,32.6322,32.6322,32.6322,32.6322,31.871,31.871,31.114,31.114,30.3614,30.3614,27.3954,27.3954,26.6653,28.1301,28.1301,28.8694,29.6132,28.1301,28.8694,28.8694,28.1301,27.3954,26.6653,26.6653,26.6653,25.9399,25.9399
1995-07-01 00:00:00,2,43.7118,42.0831,41.2742,42.0831,41.2742,41.2742,40.4691,39.6677,39.6677,39.6677,40.4691,40.4691,39.6677,39.6677,38.8702,39.6677,38.0765,37.2867,37.2867,37.2867,36.5008,36.5008,35.719,35.719,35.719,36.5008,36.5008,35.719,34.9411,33.3977,33.3977
1995-06-01 00:00:00,2,50.3691,47.8466,48.684,48.684,47.8466,47.0126,47.0126,47.0126,47.0126,43.7118,45.3551,45.3551,45.3551,44.5317,44.5317,44.5317,44.5317,43.7118,43.7118,43.7118,42.8956,43.7118,43.7118,43.7118,43.7118,45.3551,45.3551,44.5317,44.5317,43.7118,
1995-05-01 00:00:00,2,62.5323,60.5076,60.5076,58.4985,56.5052,54.6403,56.5052,61.518,70.7807,67.66,63.5503,64.5722,72.879,67.66,61.518,59.5011,57.4999,56.5052,55.5043,55.5043,55.5043,53.7795,55.5043,55.5043,55.5043,56.5052,56.5052,53.7795,52.922,51.2168,51.2168
1995-04-01 00:00:00,2,96.8436,123.459,125.841,99.0977,89.0499,79.2574,76.0528,76.0528,73.9335,76.0528,78.1858,71.8281,72.879,72.879,84.6652,71.8281,68.6966,65.5977,65.5977,63.5503,62.5323,62.5323,73.9335,100.229,103.642,99.0977,80.3324,69.7368,65.5977,63.5503,
1995-03-01 00:00:00,2,82.4922,78.1858,73.9335,79.2574,87.9489,100.229,91.2612,166.598,127.037,99.0977,82.4922,73.9335,69.7368,94.6014,212.504,250.649,189.886,124.649,103.642,94.6014,91.2612,90.154,118.724,133.053,187.264,216.556,153.973,123.459,99.0977,89.0499,87.9489
1995-02-01 00:00:00,2,128.235,171.712,137.911,137.911,118.724,91.2612,82.4922,79.2574,146.509,213.853,213.853,208.47,184.65,151.475,144.04,304.102,296.92,185.956,175.571,182.046,182.046,171.712,133.053,111.704,99.0977,93.485,89.0499,82.4922,,,
1995-01-01 00:00:00,2,109.387,103.642,119.904,124.649,155.225,135.477,115.202,105.931,83.5771,68.6966,68.6966,64.5722,68.6966,69.7368,67.66,60.5076,52.922,51.2168,51.2168,50.3691,52.922,55.5043,63.5503,70.7807,80.3324,82.4922,74.9914,92.3715,121.086,86.8512,116.373
1994-12-01 00:00:00,2,53.7795,60.5076,52.922,52.0677,38.0765,42.8956,69.7368,99.0977,119.904,90.154,87.9489,57.4999,48.684,43.7118,42.0831,60.5076,66.627,93.485,111.704,112.868,94.6014,100.229,230.187,416.972,544.817,366.011,278.619,251.637,204.454,156.479,122.271
1994-11-01 00:00:00,2,35.719,34.9411,36.5008,42.8956,35.719,35.719,30.3614,31.871,34.9411,34.9411,45.3551,39.6677,53.7795,34.1673,34.9411,47.8466,51.2168,29.6132,42.0831,52.0677,49.5249,59.5011,49.5249,35.719,39.6677,38.0765,36.5008,38.0765,40.4691,47.0126,
1994-10-01 00:00:00,2,26.6653,26.6653,26.6653,25.9399,25.9399,24.5035,30.3614,32.6322,33.3977,28.1301,30.3614,31.114,28.8694,28.1301,27.3954,28.1301,28.8694,27.3954,47.0126,35.719,42.8956,43.7118,50.3691,54.6403,46.1821,35.719,35.719,31.871,35.719,35.719,38.8702
1994-09-01 00:00:00,2,35.719,34.9411,33.3977,34.1673,33.3977,32.6322,32.6322,31.871,31.114,31.114,30.3614,30.3614,31.114,30.3614,31.114,30.3614,30.3614,30.3614,30.3614,29.6132,29.6132,28.8694,27.3954,28.8694,28.1301,28.1301,26.6653,26.6653,26.6653,26.6653,
1994-08-01 00:00:00,2,42.0831,42.0831,42.0831,42.8956,40.4691,40.4691,39.6677,40.4691,40.4691,39.6677,39.6677,38.8702,39.6677,37.2867,37.2867,38.8702,38.0765,38.8702,38.8702,35.719,35.719,35.719,35.719,35.719,34.9411,34.9411,34.9411,35.719,34.9411,34.9411,35.719
1994-07-01 00:00:00,2,52.0677,52.0677,52.0677,50.3691,50.3691,51.2168,51.2168,49.5249,47.8466,47.8466,47.0126,49.5249,48.684,48.684,47.8466,47.8466,47.8466,46.1821,48.684,47.0126,47.0126,43.7118,45.3551,45.3551,46.1821,42.0831,43.7118,44.5317,43.7118,42.8956,42.0831
1994-06-01 00:00:00,2,62.5323,61.518,60.5076,59.5011,59.5011,57.4999,57.4999,56.5052,55.5043,53.7795,52.922,52.922,53.7795,52.922,52.0677,52.0677,52.0677,52.0677,52.0677,47.0126,51.2168,52.0677,52.0677,52.0677,57.4999,59.5011,57.4999,57.4999,56.5052,52.922,
1994-05-01 00:00:00,2,64.5722,62.5323,63.5503,64.5722,63.5503,62.5323,61.518,59.5011,60.5076,61.518,60.5076,59.5011,58.4985,57.4999,71.8281,91.2612,119.904,142.81,122.271,89.0499,78.1858,78.1858,78.1858,78.1858,71.8281,65.5977,76.0528,68.6966,65.5977,72.879,63.5503
1994-04-01 00:00:00,2,114.033,123.459,130.639,117.548,102.501,95.721,87.9489,87.9489,84.6652,82.4922,79.2574,77.1176,77.1176,82.4922,73.9335,78.1858,93.485,90.154,81.4106,83.5771,102.501,91.2612,81.4106,77.1176,74.9914,72.879,73.9335,72.879,72.879,69.7368,
1994-03-01 00:00:00,2,111.704,127.037,99.0977,115.202,128.235,155.225,256.59,283.678,203.12,146.509,130.639,130.639,187.264,155.225,162.787,127.037,118.724,112.868,104.785,140.355,161.521,130.639,135.477,112.868,223.347,183.347,147.747,131.844,112.868,108.232,108.232
1994-02-01 00:00:00,2,128.235,117.548,112.868,101.364,95.721,93.485,89.0499,89.0499,86.8512,84.6652,84.6652,81.4106,78.1858,79.2574,110.544,164.055,131.844,89.0499,80.3324,74.9914,70.7807,68.6966,65.5977,65.5977,63.5503,64.5722,92.3715,111.704,,,
1994-01-01 00:00:00,2,95.06,126.16,105.2,208.364,385.245,323.135,261.427,199.072,232.695,217.753,302.264,360.343,477.867,367.08,446.86,355.351,283.678,209.813,191.2,182.046,185.956,315.46,270.565,234.314,301.019,295.897,248.675,174.283,160.257,156.479,141.581
1993-12-01 00:00:00,2,49.535,56.115,57.1028,60.0898,49.535,53.1758,58.0946,47.8247,43.6108,46.9748,123.788,152.909,143.046,97.2927,74.4736,65.1448,57.1028,64.1263,66.167,68.2223,98.4134,77.6459,91.7337,83,75.5276,74.4736,76.5851,80.8485,81.9226,85.1644,93.9482
1993-11-01 00:00:00,2,47.8247,41.1263,41.1263,47.8247,96.1749,67.1928,61.0933,105.2,89.5315,83,63.1115,56.115,47.8247,42.7789,41.9507,41.1263,43.6108,41.9507,38.676,41.9507,73.423,58.0946,46.1284,41.1263,42.7789,58.0946,59.0903,88.435,75.5276,62.1005,
1993-10-01 00:00:00,2,46.9748,60.0898,67.1928,86.2515,72.3758,110.933,201.717,185.971,205.699,60.0898,60.0898,54.1515,43.6108,41.9507,40.3057,39.4889,37.867,36.261,36.261,34.6713,33.8826,33.0982,33.0982,33.8826,38.676,56.115,93.9482,104.061,93.9482,81.9226,50.3953
1993-09-01 00:00:00,2,37.867,37.867,37.062,34.6713,33.0982,33.0982,33.0982,39.4889,32.318,33.0982,33.8826,38.676,38.676,41.1263,41.1263,38.676,37.867,37.867,38.676,34.6713,33.8826,37.062,40.3057,61.0933,75.5276,56.115,46.1284,46.9748,49.535,86.2515,
1993-08-01 00:00:00,2,44.4464,44.4464,44.4464,44.4464,44.4464,43.6108,41.9507,41.9507,41.9507,41.1263,40.3057,40.3057,39.4889,40.3057,41.1263,41.1263,42.7789,41.1263,41.1263,43.6108,44.4464,45.2856,46.1284,44.4464,44.4464,42.7789,41.9507,41.1263,41.1263,39.4889,38.676
1993-07-01 00:00:00,2,54.1515,53.1758,53.1758,52.2042,52.2042,51.2368,51.2368,51.2368,50.3953,50.3953,50.3953,50.3953,50.3953,49.535,48.6781,48.6781,47.8247,47.8247,47.8247,47.8247,46.9748,46.1284,46.1284,46.1284,45.2856,44.4464,44.4464,45.2856,46.1284,45.2856,45.2856
1993-06-01 00:00:00,2,63.1115,73.423,78.7101,72.3758,66.167,73.423,81.9226,85.1644,79.7777,71.3321,68.2223,66.167,64.1263,63.1115,62.1005,62.1005,62.1005,61.0933,60.0898,60.0898,60.0898,60.0898,60.0898,60.0898,58.0946,58.0946,58.0946,56.115,55.1312,54.1515,
1993-05-01 00:00:00,2,101.793,128.542,123.788,109.781,101.793,97.2927,95.06,93.9482,93.9482,93.9482,92.8394,91.7337,88.435,81.9226,73.423,70.2919,71.3321,70.2919,69.2553,69.2553,68.2223,66.167,65.1448,64.1263,63.1115,63.1115,62.1005,60.0898,60.0898,60.0898,60.0898
1993-04-01 00:00:00,2,123.788,146.727,219.102,152.909,129.737,119.076,109.781,106.341,109.781,110.933,119.076,114.407,101.793,106.341,96.1749,107.484,133.337,134.542,127.35,108.631,98.4134,88.435,84.0806,81.9226,80.8485,92.8394,84.0806,81.9226,78.7101,75.5276,
1993-03-01 00:00:00,2,241.488,229.962,203.043,157.897,135.749,126.16,110.933,102.926,99.5372,98.4134,95.06,104.061,115.57,164.184,143.046,128.542,104.061,96.1749,110.933,151.668,129.737,120.25,122.606,112.088,84.0806,90.631,101.793,129.737,112.088,108.631,107.484
1993-02-01 00:00:00,2,95.06,92.8394,90.631,100.664,151.668,182.081,187.272,184.672,134.542,120.25,117.905,123.788,162.922,183.376,234.065,185.971,161.663,139.386,116.736,107.484,101.793,143.046,167.983,141.824,146.727,133.337,212.376,212.376,,,
1993-01-01 00:00:00,2,122.606,101.793,104.061,154.153,330.509,386.336,293.998,204.37,212.376,180.788,167.983,161.663,187.272,162.922,140.604,120.25,112.088,121.427,145.497,128.542,151.668,196.436,220.452,254.411,205.699,165.448,133.337,119.076,110.933,106.341,101.793
1992-12-01 00:00:00,2,65.1448,73.423,85.1644,141.824,128.542,102.926,85.1644,80.8485,83,106.341,144.27,315.797,322.085,305.376,196.436,140.604,127.35,157.897,213.717,225.875,219.102,176.924,140.604,120.25,106.341,98.4134,171.802,221.805,187.272,260.423,173.079
1992-11-01 00:00:00,2,136.959,150.429,234.065,216.406,196.436,240.5,255.411,171.802,156.647,253.412,254.411,178.21,134.542,110.933,98.4134,90.631,79.7777,77.6459,98.4134,114.407,109.781,121.427,112.088,102.926,96.1749,93.9482,85.1644,77.6459,69.2553,67.1928,
1992-10-01 00:00:00,2,70.2919,60.0898,56.115,53.1758,51.2368,49.535,47.8247,46.9748,52.2042,63.1115,63.1115,53.1758,49.535,46.9748,44.4464,46.9748,46.1284,43.6108,41.1263,38.676,37.867,56.115,146.727,85.1644,109.781,102.926,67.1928,58.0946,66.167,64.1263,69.2553
1992-09-01 00:00:00,2,42.7789,43.6108,41.1263,41.1263,44.4464,60.0898,69.2553,69.2553,92.8394,73.423,57.1028,51.2368,47.8247,45.2856,46.9748,43.6108,52.2042,57.1028,61.0933,59.0903,62.1005,67.1928,60.0898,57.1028,53.1758,56.115,52.2042,76.5851,113.246,105.2,
1992-08-01 00:00:00,2,45.2856,46.1284,43.6108,42.7789,42.7789,42.7789,42.7789,43.6108,42.7789,42.7789,42.7789,41.9507,41.9507,42.7789,45.2856,44.4464,44.4464,44.4464,44.4464,43.6108,42.7789,44.4464,46.9748,44.4464,43.6108,43.6108,42.7789,41.9507,40.3057,37.062,39.4889
1992-07-01 00:00:00,2,50.3953,50.3953,49.535,50.3953,49.535,49.535,49.535,49.535,52.2042,50.3953,52.2042,51.2368,53.1758,51.2368,49.535,49.535,49.535,46.9748,46.9748,45.2856,46.1284,46.9748,44.4464,46.1284,46.1284,46.1284,46.1284,46.1284,46.1284,46.1284,46.1284
1992-06-01 00:00:00,2,63.1115,62.1005,61.0933,60.0898,60.0898,59.0903,59.0903,60.0898,59.0903,58.0946,55.1312,55.1312,55.1312,53.1758,55.1312,56.115,55.1312,57.1028,55.1312,56.115,55.1312,55.1312,55.1312,56.115,55.1312,54.1515,53.1758,53.1758,52.2042,51.2368,
1992-05-01 00:00:00,2,85.1644,75.5276,86.2515,98.4134,97.2927,112.088,133.337,119.076,114.407,97.2927,87.3417,80.8485,79.7777,77.6459,75.5276,69.2553,70.2919,70.2919,68.2223,67.1928,71.3321,106.341,80.8485,70.2919,71.3321,71.3321,69.2553,68.2223,66.167,64.1263,63.1115
1992-04-01 00:00:00,2,80.8485,80.8485,80.8485,108.631,134.542,100.664,89.5315,85.1644,86.2515,92.8394,89.5315,80.8485,78.7101,77.6459,76.5851,84.0806,99.5372,113.246,100.664,85.1644,78.7101,76.5851,76.5851,75.5276,104.061,141.824,134.542,126.16,110.933,97.2927,
1992-03-01 00:00:00,2,165.448,154.153,150.429,160.405,147.959,128.542,116.736,110.933,107.484,126.16,113.246,106.341,106.341,139.386,119.076,104.061,100.664,101.793,101.793,109.781,108.631,105.2,93.9482,91.7337,88.435,87.3417,89.5315,99.5372,90.631,86.2515,83
1992-02-01 00:00:00,2,269.495,229.962,244.458,363.571,389.612,401.671,360.343,302.264,254.411,239.513,243.467,201.717,180.788,162.922,155.399,143.046,139.386,135.749,130.934,127.35,124.973,120.25,117.905,114.407,110.933,120.25,144.27,184.672,197.753,,
1992-01-01 00:00:00,2,148.284,143.322,168.651,217.351,126.377,208.969,188.473,126.377,115.843,111.254,114.69,108.981,93.4922,189.818,326.291,383.066,237.304,234.42,243.105,220.168,314.752,327.344,362.495,595.848,706.558,700.374,540.27,342.165,289.884,277.613,288.857
1991-12-01 00:00:00,2,50.9325,57.3006,54.5427,57.3006,56.3766,50.9325,45.6647,76.7295,69.7291,110.116,131.15,105.6,114.69,118.159,107.851,91.3408,74.7081,71.7078,71.7078,96.7485,121.66,144.557,126.377,120.489,90.271,78.7677,69.7291,70.7163,88.1432,100.039,114.69
1991-11-01 00:00:00,2,32.538,35.6882,77.7465,125.193,95.6592,62.942,57.3006,52.7279,54.5427,57.3006,69.7291,68.7463,56.3766,62.942,72.7036,91.3408,132.352,80.8226,63.8983,72.7036,80.8226,69.7291,61.9903,55.4573,50.9325,51.8278,50.0421,48.2761,72.7036,56.3766,
1991-10-01 00:00:00,2,70.7163,69.7291,98.9386,93.4922,91.3408,65.8242,63.8983,88.1432,127.565,100.039,72.7036,66.7938,59.1626,64.859,50.0421,48.2761,47.4006,50.0421,53.6329,51.8278,48.2761,43.0991,41.4147,38.1098,38.1098,36.4899,36.4899,34.8922,33.317,33.317,33.317
1991-09-01 00:00:00,2,34.8922,36.4899,36.4899,36.4899,37.2971,36.4899,35.6882,34.8922,34.8922,34.8922,34.1017,33.317,33.317,32.538,32.538,32.538,33.317,33.317,34.8922,35.6882,38.928,39.7515,40.5805,40.5805,43.9491,62.942,90.271,80.8226,65.8242,56.3766,
1991-08-01 00:00:00,2,43.9491,43.9491,44.8043,44.8043,43.9491,43.0991,43.0991,42.2543,41.4147,41.4147,41.4147,40.5805,39.7515,38.928,38.928,38.1098,38.928,38.928,37.2971,38.1098,38.1098,38.1098,38.928,38.1098,38.1098,37.2971,37.2971,37.2971,36.4899,35.6882,36.4899
1991-07-01 00:00:00,2,52.7279,51.8278,52.7279,52.7279,50.9325,50.9325,51.8278,50.9325,49.1566,50.0421,48.2761,47.4006,48.2761,49.1566,50.0421,50.0421,49.1566,50.0421,50.0421,49.1566,50.0421,48.2761,48.2761,46.5301,46.5301,45.6647,45.6647,45.6647,44.8043,44.8043,44.8043
1991-06-01 00:00:00,2,64.859,64.859,63.8983,63.8983,62.942,61.9903,61.9903,61.9903,61.0432,61.0432,61.0432,61.0432,60.1006,59.1626,59.1626,59.1626,59.1626,59.1626,59.1626,57.3006,57.3006,55.4573,55.4573,54.5427,54.5427,55.4573,55.4573,54.5427,54.5427,53.6329,
1991-05-01 00:00:00,2,110.116,102.252,92.4145,89.2051,88.1432,82.8939,82.8939,80.8226,80.8226,82.8939,80.8226,77.7465,77.7465,77.7465,76.7295,75.7167,76.7295,77.7465,75.7167,74.7081,76.7295,77.7465,77.7465,74.7081,71.7078,70.7163,68.7463,67.7679,66.7938,65.8242,65.8242
1991-04-01 00:00:00,2,157.093,148.284,169.951,185.79,145.796,127.565,118.159,114.69,108.981,106.724,103.365,100.039,98.9386,94.5737,94.5737,96.7485,95.6592,89.2051,88.1432,86.0314,89.2051,89.2051,86.0314,80.8226,80.8226,87.0853,195.231,237.304,237.304,251.416,
1991-03-01 00:00:00,2,164.77,152.04,140.86,175.181,204.817,192.519,181.789,157.093,126.377,114.69,111.254,106.724,160.917,172.56,180.461,142.089,124.012,106.724,100.039,103.365,100.039,154.56,232.982,222.996,247.484,309.536,274.563,185.79,185.79,159.639,173.869
1991-02-01 00:00:00,2,302.264,256.412,218.758,189.818,179.137,191.167,154.56,159.639,169.951,187.13,196.592,171.254,168.651,185.79,172.56,214.546,257.413,372.209,380.89,387.427,327.344,202.064,162.198,160.917,230.115,195.231,148.284,152.04,,,
1991-01-01 00:00:00,2,67.7679,47.4006,43.9491,52.7279,74.7081,227.259,301.228,204.817,126.377,118.159,140.86,240.199,381.978,366.806,374.375,428.246,437.183,525.101,400.572,289.884,235.861,225.835,293.998,318.938,324.187,285.781,370.046,659.849,763.977,701.61,406.075
1990-12-01 00:00:00,2,61.0432,51.8278,39.7515,37.2971,35.6882,34.1017,33.317,30.9974,36.4899,27.9875,27.2502,50.9325,58.2293,65.8242,65.8242,65.8242,86.0314,80.8226,69.7291,62.942,80.8226,71.7078,51.8278,51.8278,46.5301,55.4573,97.8416,118.159,93.4922,69.7291,74.7081
1990-11-01 00:00:00,2,24.3634,22.9584,24.3634,24.3634,44.8043,45.6647,44.8043,37.2971,33.317,28.7309,28.7309,27.9875,25.7941,29.4804,41.4147,27.2502,24.3634,25.0756,22.9584,22.9584,30.9974,34.1017,30.236,38.1098,56.3766,131.15,104.48,64.859,61.9903,71.7078,
1990-10-01 00:00:00,2,29.4804,25.7941,24.3634,22.9584,23.6576,23.6576,22.9584,22.9584,22.9584,22.9584,22.9584,21.5799,20.9007,22.2658,27.2502,24.3634,22.9584,30.9974,24.3634,29.4804,42.2543,62.942,53.6329,41.4147,37.2971,38.1098,43.9491,41.4147,34.1017,30.236,26.519
1990-09-01 00:00:00,2,36.4899,44.8043,38.928,43.9491,42.2543,37.2971,34.1017,34.1017,33.317,33.317,31.7648,30.236,30.236,30.236,37.2971,46.5301,83.9357,56.3766,42.2543,36.4899,33.317,30.9974,29.4804,29.4804,29.4804,29.4804,29.4804,33.317,31.7648,30.9974,
1990-08-01 00:00:00,2,31.7648,33.317,32.538,30.9974,30.9974,30.9974,30.236,29.4804,26.519,26.519,26.519,27.9875,28.7309,27.2502,26.519,27.2502,26.519,31.7648,41.4147,43.0991,41.4147,38.1098,35.6882,33.317,32.538,31.7648,30.9974,31.7648,34.1017,38.1098,38.1098
1990-07-01 00:00:00,2,33.317,34.1017,36.4899,34.8922,34.1017,33.317,36.4899,56.3766,48.2761,41.4147,38.928,38.928,39.7515,38.1098,36.4899,35.6882,35.6882,34.8922,34.8922,35.6882,34.1017,33.317,33.317,32.538,31.7648,31.7648,30.236,30.236,30.236,30.236,31.7648
1990-06-01 00:00:00,2,42.2543,41.4147,38.928,38.928,38.1098,38.928,38.928,38.1098,36.4899,36.4899,35.6882,34.8922,35.6882,34.8922,34.8922,35.6882,34.8922,34.8922,34.8922,34.8922,34.8922,33.317,34.1017,34.1017,33.317,33.317,33.317,33.317,31.7648,30.9974,
1990-05-01 00:00:00,2,45.6647,61.0432,72.7036,108.981,82.8939,61.9903,55.4573,51.8278,50.9325,49.1566,51.8278,51.8278,55.4573,58.2293,58.2293,57.3006,57.3006,56.3766,55.4573,54.5427,52.7279,50.9325,50.0421,48.2761,46.5301,45.6647,44.8043,43.9491,43.0991,43.0991,42.2543
1990-04-01 00:00:00,2,61.0432,57.3006,54.5427,53.6329,64.859,55.4573,58.2293,64.859,66.7938,56.3766,62.942,82.8939,84.9815,62.942,57.3006,57.3006,55.4573,76.7295,95.6592,80.8226,88.1432,71.7078,64.859,58.2293,53.6329,50.9325,49.1566,46.5301,46.5301,45.6647,
1990-03-01 00:00:00,2,86.0314,72.7036,64.859,58.2293,56.3766,63.8983,60.1006,63.8983,59.1626,54.5427,50.0421,48.2761,42.2543,59.1626,56.3766,61.0432,74.7081,78.7677,94.5737,102.252,75.7167,80.8226,112.396,103.365,93.4922,100.039,93.4922,96.7485,97.8416,82.8939,68.7463
1990-02-01 00:00:00,2,53.6329,50.0421,48.2761,48.2761,47.4006,47.4006,46.5301,45.6647,47.4006,48.2761,52.7279,61.0432,61.0432,64.859,75.7167,105.6,96.7485,83.9357,65.8242,61.9903,57.3006,57.3006,54.5427,94.5737,93.4922,86.0314,80.8226,91.3408,,,
1990-01-01 00:00:00,2,147.038,193.873,269.495,282.712,261.427,181.789,150.784,127.565,115.843,107.851,102.252,100.039,91.3408,84.9815,79.7931,76.7295,70.7163,67.7679,65.8242,63.8983,61.0432,58.2293,58.2293,56.3766,56.3766,55.4573,64.859,76.7295,62.942,58.2293,55.4573
1989-12-01 00:00:00,2,91.3408,80.8226,62.942,56.3766,52.7279,48.2761,45.6647,43.9491,41.4147,38.928,56.3766,92.4145,160.917,185.79,243.105,311.62,208.969,147.038,115.843,133.557,380.89,427.132,301.228,184.453,137.194,118.159,115.843,106.724,101.144,93.4922,108.981
1989-11-01 00:00:00,2,41.4147,37.2971,30.9974,52.7279,44.8043,39.7515,41.4147,35.6882,33.317,38.1098,43.0991,52.7279,108.981,166.06,113.541,87.0853,71.7078,69.7291,59.1626,60.1006,58.2293,104.48,90.271,108.981,125.193,90.271,68.7463,66.7938,84.9815,111.254,
1989-10-01 00:00:00,2,82.8939,72.7036,53.6329,44.8043,40.5805,34.1017,38.1098,37.2971,34.8922,38.1098,49.1566,76.7295,71.7078,91.3408,61.9903,50.9325,67.7679,74.7081,65.8242,53.6329,40.5805,37.2971,38.928,50.9325,59.1626,59.1626,47.4006,43.9491,44.8043,50.0421,48.2761
1989-09-01 00:00:00,2,41.4147,37.2971,34.8922,32.538,31.7648,30.236,29.4804,29.4804,29.4804,28.7309,27.9875,30.236,27.9875,27.2502,25.7941,26.519,37.2971,36.4899,30.236,28.7309,26.519,26.519,25.7941,25.7941,25.7941,25.7941,28.7309,35.6882,68.7463,73.7037,
1989-08-01 00:00:00,2,50.0421,62.942,47.4006,40.5805,38.1098,35.6882,34.8922,34.1017,33.317,33.317,32.538,30.9974,31.7648,30.9974,30.236,30.236,29.4804,29.4804,29.4804,28.7309,29.4804,28.7309,29.4804,28.7309,29.4804,30.236,30.9974,38.928,43.0991,61.9903,52.7279
1989-07-01 00:00:00,2,38.928,38.1098,38.1098,36.4899,35.6882,35.6882,37.2971,38.928,46.5301,46.5301,42.2543,38.928,38.1098,36.4899,36.4899,36.4899,34.8922,34.8922,34.8922,34.8922,34.1017,33.317,33.317,33.317,33.317,32.538,31.7648,31.7648,33.317,33.317,43.0991
1989-06-01 00:00:00,2,31.7648,33.317,33.317,33.317,33.317,34.8922,34.8922,34.8922,35.6882,36.4899,44.8043,45.6647,45.6647,58.2293,48.2761,43.9491,41.4147,39.7515,38.928,38.1098,38.1098,38.1098,38.1098,38.1098,39.7515,50.0421,45.6647,54.5427,46.5301,41.4147,
1989-05-01 00:00:00,2,38.1098,40.5805,43.9491,60.1006,47.4006,42.2543,40.5805,38.928,39.7515,38.928,38.1098,37.2971,36.4899,37.2971,34.8922,35.6882,34.8922,34.8922,34.1017,34.1017,34.8922,34.8922,34.8922,34.1017,33.317,34.8922,34.8922,34.1017,32.538,31.7648,31.7648
1989-04-01 00:00:00,2,55.4573,55.4573,53.6329,51.8278,51.8278,52.7279,55.4573,51.8278,53.6329,50.0421,48.2761,47.4006,51.8278,50.9325,49.1566,48.2761,52.7279,49.1566,46.5301,45.6647,46.5301,52.7279,48.2761,43.0991,42.2543,41.4147,41.4147,40.5805,39.7515,38.1098,
1989-03-01 00:00:00,2,60.1006,58.2293,68.7463,76.7295,94.5737,100.039,197.955,155.825,113.541,134.766,139.635,124.012,101.144,101.144,247.484,230.115,148.284,119.323,98.9386,83.9357,80.8226,78.7677,73.7037,69.7291,67.7679,64.859,62.942,61.0432,59.1626,57.3006,55.4573
1989-02-01 00:00:00,2,38.928,38.928,47.4006,65.8242,73.7037,72.7036,84.9815,103.365,106.724,101.144,101.144,145.796,122.834,122.834,128.757,144.557,112.396,105.6,110.116,86.0314,69.7291,62.942,72.7036,73.7037,76.7295,72.7036,74.7081,63.8983,,,
1989-01-01 00:00:00,2,63.8983,77.7465,102.252,139.635,149.532,124.012,93.4922,81.8562,82.8939,94.5737,110.116,87.0853,75.7167,66.7938,72.7036,77.7465,75.7167,68.7463,61.9903,58.2293,59.1626,57.3006,53.6329,47.4006,45.6647,44.8043,42.2543,41.4147,48.2761,44.8043,42.2543
1988-12-01 00:00:00,2,56.3766,56.3766,87.0853,63.8983,55.4573,54.5427,43.9491,39.7515,37.2971,43.0991,49.1566,87.0853,93.4922,65.8242,70.7163,79.7931,108.981,95.6592,71.7078,65.8242,96.7485,124.012,179.137,149.532,210.359,124.012,144.557,95.6592,78.7677,68.7463,63.8983
1988-11-01 00:00:00,2,69.7291,67.7679,60.1006,72.7036,76.7295,91.3408,86.0314,71.7078,61.0432,50.0421,48.2761,50.0421,43.9491,38.1098,36.4899,56.3766,55.4573,44.8043,38.1098,34.1017,34.1017,37.2971,50.0421,50.9325,95.6592,82.8939,64.859,55.4573,67.7679,77.7465,
1988-10-01 00:00:00,2,58.2293,68.7463,55.4573,42.2543,38.1098,36.4899,100.039,83.9357,78.7677,54.5427,45.6647,39.7515,42.2543,43.9491,50.0421,46.5301,41.4147,36.4899,34.8922,37.2971,43.0991,43.9491,54.5427,60.1006,54.5427,48.2761,42.2543,59.1626,66.7938,60.1006,71.7078
1988-09-01 00:00:00,2,29.4804,29.4804,29.4804,28.7309,27.9875,29.4804,27.9875,28.7309,27.9875,27.9875,27.2502,27.2502,27.2502,25.7941,25.7941,25.7941,25.7941,25.7941,25.7941,25.7941,26.519,25.7941,25.7941,25.0756,24.3634,24.3634,24.3634,22.9584,23.6576,41.4147,
1988-08-01 00:00:00,2,38.928,36.4899,35.6882,35.6882,35.6882,34.8922,35.6882,35.6882,36.4899,35.6882,35.6882,35.6882,34.8922,34.1017,34.1017,34.1017,34.1017,33.317,33.317,33.317,33.317,33.317,34.1017,32.538,31.7648,31.7648,31.7648,31.7648,30.9974,30.236,29.4804
1988-07-01 00:00:00,2,43.9491,43.0991,43.9491,42.2543,43.0991,40.5805,40.5805,41.4147,40.5805,40.5805,40.5805,39.7515,40.5805,39.7515,38.928,38.928,38.1098,38.1098,38.1098,38.928,38.928,38.1098,38.1098,38.1098,38.1098,36.4899,37.2971,36.4899,36.4899,37.2971,34.8922
1988-06-01 00:00:00,2,57.3006,55.4573,54.5427,53.6329,53.6329,54.5427,53.6329,51.8278,50.9325,50.0421,49.1566,49.1566,48.2761,48.2761,48.2761,48.2761,47.4006,47.4006,46.5301,46.5301,47.4006,46.5301,46.5301,45.6647,44.8043,43.9491,43.9491,43.9491,43.9491,43.9491,
1988-05-01 00:00:00,2,67.7679,62.942,61.0432,60.1006,59.1626,58.2293,63.8983,57.3006,56.3766,58.2293,56.3766,55.4573,54.5427,54.5427,53.6329,54.5427,52.7279,55.4573,67.7679,63.8983,59.1626,56.3766,56.3766,53.6329,53.6329,57.3006,66.7938,61.9903,62.942,59.1626,59.1626
1988-04-01 00:00:00,2,72.7036,74.7081,90.271,111.254,112.396,88.1432,90.271,86.0314,77.7465,72.7036,68.7463,67.7679,68.7463,88.1432,110.116,112.396,87.0853,81.8562,79.7931,81.8562,75.7167,73.7037,69.7291,69.7291,68.7463,65.8242,64.859,62.942,64.859,70.7163,
1988-03-01 00:00:00,2,89.2051,86.0314,134.766,196.592,266.464,295.029,199.322,142.089,118.159,106.724,101.144,96.7485,93.4922,90.271,87.0853,84.9815,150.784,129.952,134.766,115.843,104.48,95.6592,87.0853,81.8562,79.7931,78.7677,76.7295,74.7081,75.7167,78.7677,73.7037
1988-02-01 00:00:00,2,100.039,129.952,106.724,167.354,197.955,215.947,246.021,262.433,241.65,267.473,487.01,336.856,271.52,224.414,176.497,160.917,138.413,183.12,159.639,157.093,145.796,122.834,113.541,118.159,111.254,100.039,96.7485,98.9386,94.5737,,
1988-01-01 00:00:00,2,180.461,210.359,155.825,138.413,112.396,107.851,131.15,122.834,128.757,131.15,179.137,247.484,202.064,177.815,152.04,114.69,104.48,93.4922,102.252,82.8939,78.7677,75.7167,72.7036,75.7167,71.7078,65.8242,65.8242,62.942,61.9903,70.7163,84.9815
1987-12-01 00:00:00,2,50.9325,45.6647,43.9491,55.4573,74.7081,104.48,126.377,238.75,251.416,218.758,202.064,193.873,204.817,252.414,210.359,154.56,112.396,96.7485,240.199,251.416,254.411,251.416,204.817,133.557,112.396,106.724,97.8416,90.271,82.8939,86.0314,83.9357
1987-11-01 00:00:00,2,71.7078,67.7679,50.9325,42.2543,37.2971,32.538,32.538,31.7648,30.9974,38.928,35.6882,36.4899,31.7648,30.236,29.4804,38.928,76.7295,87.0853,77.7465,58.2293,44.8043,38.928,37.2971,34.8922,42.2543,49.1566,60.1006,71.7078,93.4922,68.7463,
1987-10-01 00:00:00,2,37.2971,36.4899,35.6882,34.1017,33.317,33.317,33.317,32.538,32.538,31.7648,30.236,29.4804,29.4804,28.7309,27.2502,25.7941,25.0756,26.519,27.9875,27.9875,28.7309,44.8043,64.859,56.3766,45.6647,38.928,38.1098,38.1098,38.928,79.7931,73.7037
1987-09-01 00:00:00,2,34.1017,32.538,33.317,33.317,34.1017,34.1017,35.6882,37.2971,44.8043,40.5805,39.7515,38.1098,37.2971,34.8922,34.8922,34.8922,34.1017,33.317,47.4006,57.3006,61.0432,50.0421,53.6329,64.859,64.859,62.942,57.3006,48.2761,41.4147,40.5805,
1987-08-01 00:00:00,2,41.4147,39.7515,39.7515,38.928,38.928,38.928,38.928,39.7515,39.7515,39.7515,38.928,38.1098,37.2971,38.1098,35.6882,34.8922,34.8922,36.4899,35.6882,35.6882,35.6882,37.2971,36.4899,36.4899,35.6882,35.6882,34.8922,34.8922,34.8922,34.1017,34.1017
1987-07-01 00:00:00,2,49.1566,50.0421,49.1566,48.2761,47.4006,46.5301,47.4006,46.5301,46.5301,46.5301,46.5301,46.5301,46.5301,44.8043,44.8043,43.9491,43.0991,43.0991,42.2543,42.2543,43.0991,42.2543,41.4147,41.4147,41.4147,41.4147,40.5805,40.5805,40.5805,39.7515,40.5805
1987-06-01 00:00:00,2,68.7463,61.9903,59.1626,56.3766,57.3006,55.4573,55.4573,56.3766,65.8242,59.1626,61.0432,58.2293,55.4573,55.4573,54.5427,53.6329,54.5427,55.4573,54.5427,53.6329,52.7279,51.8278,52.7279,53.6329,52.7279,52.7279,51.8278,51.8278,51.8278,50.0421,
1987-05-01 00:00:00,2,63.8983,64.859,64.859,64.859,62.942,61.0432,61.0432,60.1006,61.9903,59.1626,59.1626,59.1626,58.2293,59.1626,57.3006,56.3766,58.2293,61.9903,61.0432,67.7679,84.9815,83.9357,68.7463,61.9903,71.7078,94.5737,77.7465,65.8242,64.859,70.7163,76.7295
1987-04-01 00:00:00,2,74.7081,74.7081,78.7677,95.6592,95.6592,112.396,128.757,122.834,108.981,112.396,135.978,121.66,110.116,90.271,82.8939,77.7465,74.7081,72.7036,71.7078,74.7081,71.7078,68.7463,66.7938,67.7679,74.7081,70.7163,69.7291,65.8242,63.8983,62.942,
1987-03-01 00:00:00,2,66.7938,66.7938,64.859,62.942,61.0432,63.8983,65.8242,65.8242,189.818,329.453,398.374,278.631,202.064,227.259,157.093,137.194,133.557,124.012,111.254,105.6,111.254,110.116,121.66,105.6,91.3408,87.0853,83.9357,80.8226,77.7465,74.7081,74.7081
1987-02-01 00:00:00,2,92.4145,82.8939,77.7465,79.7931,86.0314,81.8562,78.7677,77.7465,74.7081,98.9386,108.981,107.851,92.4145,82.8939,97.8416,92.4145,127.565,169.951,159.639,213.147,191.167,96.7485,86.0314,78.7677,79.7931,75.7167,69.7291,66.7938,,,
1987-01-01 00:00:00,2,364.649,283.734,197.955,164.77,147.038,134.766,121.66,108.981,101.144,111.254,106.724,131.15,131.15,120.489,104.48,89.2051,91.3408,150.784,158.365,137.194,133.557,114.69,102.252,105.6,105.6,105.6,118.159,107.851,101.144,112.396,107.851
1986-12-01 00:00:00,2,56.3766,101.144,83.9357,79.7931,58.2293,50.9325,47.4006,46.5301,72.7036,76.7295,64.859,75.7167,105.6,98.9386,91.3408,90.271,97.8416,86.0314,72.7036,57.3006,60.1006,55.4573,89.2051,281.691,391.798,437.183,420.458,417.13,467.625,419.348,403.872
1986-11-01 00:00:00,2,25.7941,25.7941,26.519,30.236,31.7648,29.4804,30.9974,33.317,34.1017,34.8922,31.7648,43.0991,69.7291,91.3408,70.7163,53.6329,46.5301,42.2543,38.1098,33.317,33.317,31.7648,31.7648,34.8922,33.317,38.928,43.9491,46.5301,75.7167,65.8242,
1986-10-01 00:00:00,2,34.8922,34.8922,34.1017,33.317,30.9974,30.236,29.4804,29.4804,28.7309,27.9875,27.2502,27.2502,27.2502,30.236,33.317,33.317,30.9974,29.4804,28.7309,27.2502,26.519,25.7941,27.9875,33.317,34.1017,33.317,30.236,28.7309,27.2502,27.2502,27.2502
1986-09-01 00:00:00,2,44.8043,43.0991,42.2543,42.2543,41.4147,41.4147,41.4147,41.4147,41.4147,39.7515,38.1098,38.1098,37.2971,36.4899,36.4899,36.4899,36.4899,34.8922,34.8922,34.1017,33.317,32.538,32.538,31.7648,31.7648,33.317,31.7648,31.7648,31.7648,32.538,
1986-08-01 00:00:00,2,46.5301,50.9325,55.4573,54.5427,49.1566,46.5301,44.8043,43.0991,43.0991,41.4147,41.4147,41.4147,41.4147,41.4147,41.4147,41.4147,54.5427,53.6329,48.2761,44.8043,43.0991,63.8983,98.9386,90.271,68.7463,60.1006,54.5427,54.5427,51.8278,48.2761,44.8043
1986-07-01 00:00:00,2,46.5301,46.5301,44.8043,61.9903,65.8242,55.4573,52.7279,56.3766,51.8278,48.2761,48.2761,47.4006,46.5301,49.1566,48.2761,46.5301,45.6647,44.8043,44.8043,43.9491,43.9491,43.9491,44.8043,54.5427,65.8242,77.7465,64.859,57.3006,50.9325,48.2761,46.5301
1986-06-01 00:00:00,2,56.3766,62.942,60.1006,58.2293,55.4573,55.4573,54.5427,53.6329,53.6329,53.6329,53.6329,52.7279,52.7279,53.6329,51.8278,50.9325,50.0421,50.0421,50.0421,50.0421,49.1566,48.2761,47.4006,47.4006,47.4006,47.4006,46.5301,46.5301,46.5301,46.5301,
1986-05-01 00:00:00,2,65.8242,62.942,60.1006,59.1626,59.1626,57.3006,57.3006,57.3006,57.3006,58.2293,55.4573,57.3006,81.8562,102.252,91.3408,71.7078,66.7938,63.8983,60.1006,59.1626,61.9903,63.8983,64.859,62.942,59.1626,58.2293,57.3006,56.3766,55.4573,54.5427,55.4573
1986-04-01 00:00:00,2,77.7465,76.7295,73.7037,72.7036,70.7163,68.7463,66.7938,66.7938,68.7463,67.7679,65.8242,79.7931,76.7295,82.8939,75.7167,72.7036,70.7163,71.7078,69.7291,66.7938,64.859,64.859,64.859,66.7938,64.859,64.859,67.7679,66.7938,64.859,70.7163,
1986-03-01 00:00:00,2,95.6592,112.396,135.978,187.13,145.796,122.834,121.66,127.565,128.757,127.565,111.254,97.8416,92.4145,88.1432,87.0853,82.8939,81.8562,81.8562,89.2051,81.8562,83.9357,89.2051,81.8562,77.7465,89.2051,92.4145,88.1432,86.0314,98.9386,93.4922,81.8562
1986-02-01 00:00:00,2,105.6,98.9386,97.8416,114.69,177.815,232.982,204.817,207.582,159.639,129.952,116.999,110.116,116.999,125.193,142.089,134.766,137.194,196.592,230.115,172.56,133.557,118.159,116.999,110.116,97.8416,98.9386,95.6592,101.144,,,
1986-01-01 00:00:00,2,213.147,188.473,185.79,145.796,142.089,176.497,166.06,177.815,363.571,314.752,295.029,243.105,218.758,386.336,390.705,347.491,243.105,181.789,155.825,142.089,144.557,143.322,133.557,120.489,113.541,107.851,108.981,147.038,137.194,131.15,118.159
1985-12-01 00:00:00,2,116.999,124.012,102.252,92.4145,114.69,116.999,98.9386,80.8226,78.7677,71.7078,64.859,61.9903,59.1626,56.3766,55.4573,84.9815,81.8562,97.8416,83.9357,58.2293,70.7163,112.396,234.42,187.13,127.565,137.194,131.15,208.969,276.595,284.757,268.483
1985-11-01 00:00:00,2,87.0853,89.2051,124.012,143.322,271.52,232.982,134.766,101.144,88.1432,71.7078,63.8983,62.942,58.2293,55.4573,54.5427,52.7279,50.9325,48.2761,46.5301,46.5301,51.8278,52.7279,68.7463,65.8242,82.8939,82.8939,79.7931,96.7485,143.322,104.48,
1985-10-01 00:00:00,2,80.8226,70.7163,67.7679,70.7163,70.7163,59.1626,55.4573,53.6329,51.8278,51.8278,53.6329,50.0421,48.2761,47.4006,45.6647,44.8043,43.9491,44.8043,47.4006,47.4006,47.4006,47.4006,50.9325,52.7279,72.7036,112.396,108.981,98.9386,81.8562,75.7167,83.9357
1985-09-01 00:00:00,2,51.8278,51.8278,51.8278,49.1566,50.9325,51.8278,61.0432,80.8226,68.7463,60.1006,60.1006,55.4573,54.5427,53.6329,51.8278,50.9325,50.0421,48.2761,48.2761,47.4006,47.4006,46.5301,46.5301,50.0421,60.1006,66.7938,61.9903,60.1006,62.942,61.0432,
1985-08-01 00:00:00,2,61.0432,61.0432,60.1006,60.1006,60.1006,59.1626,59.1626,59.1626,58.2293,57.3006,58.2293,58.2293,57.3006,56.3766,55.4573,55.4573,55.4573,54.5427,54.5427,55.4573,54.5427,53.6329,55.4573,55.4573,57.3006,57.3006,55.4573,54.5427,54.5427,55.4573,51.8278
1985-07-01 00:00:00,2,72.7036,71.7078,69.7291,70.7163,64.859,67.7679,66.7938,67.7679,68.7463,67.7679,67.7679,66.7938,66.7938,64.859,64.859,62.942,65.8242,65.8242,66.7938,66.7938,65.8242,65.8242,64.859,64.859,61.9903,62.942,61.9903,62.942,61.9903,62.942,65.8242
1985-06-01 00:00:00,2,83.9357,82.8939,83.9357,84.9815,84.9815,84.9815,83.9357,80.8226,75.7167,77.7465,78.7677,77.7465,77.7465,73.7037,76.7295,77.7465,75.7167,74.7081,74.7081,76.7295,75.7167,74.7081,74.7081,74.7081,74.7081,74.7081,73.7037,73.7037,73.7037,73.7037,
1985-05-01 00:00:00,2,106.724,119.323,111.254,114.69,111.254,106.724,104.48,102.252,97.8416,100.039,98.9386,102.252,102.252,104.48,100.039,97.8416,95.6592,95.6592,94.5737,92.4145,91.3408,92.4145,91.3408,98.9386,94.5737,91.3408,90.271,88.1432,84.9815,84.9815,83.9357
1985-04-01 00:00:00,2,227.259,241.65,173.869,155.825,150.784,145.796,140.86,139.635,138.413,139.635,149.532,140.86,144.557,137.194,125.193,128.757,129.952,180.461,163.482,155.825,135.978,125.193,120.489,113.541,115.843,116.999,119.323,115.843,108.981,106.724,
1985-03-01 00:00:00,2,464.222,390.705,290.911,270.507,267.473,232.982,246.021,227.259,230.115,318.938,267.473,247.484,313.707,232.982,261.427,253.412,264.447,393.988,429.361,404.973,274.563,238.75,211.752,189.818,180.461,175.181,171.254,196.592,187.13,225.835,268.483
1985-02-01 00:00:00,2,381.978,395.083,310.578,269.495,228.686,210.359,200.691,207.582,183.12,187.13,235.861,197.955,187.13,152.04,135.978,135.978,129.952,125.193,121.66,116.999,113.541,114.69,133.557,224.414,264.447,366.806,387.427,296.06,,,
1985-01-01 00:00:00,2,278.631,202.064,135.978,118.159,102.252,100.039,101.144,121.66,251.416,314.752,253.412,148.284,140.86,164.77,153.298,153.298,157.093,232.982,240.199,254.411,269.495,260.423,213.147,200.691,292.969,396.18,791.766,944.228,860.838,663.512,439.423
1984-12-01 00:00:00,2,93.4922,93.4922,106.724,154.56,133.557,116.999,98.9386,103.365,167.354,173.869,252.414,171.254,147.038,150.784,185.79,252.414,348.558,274.563,179.137,144.557,126.377,112.396,105.6,93.4922,87.0853,84.9815,97.8416,120.489,150.784,180.461,279.65
1984-11-01 00:00:00,2,36.4899,36.4899,34.8922,33.317,32.538,31.7648,30.9974,30.236,30.9974,29.4804,28.7309,30.236,30.236,34.8922,36.4899,41.4147,38.928,34.1017,39.7515,51.8278,100.039,220.168,199.322,246.021,167.354,115.843,119.323,152.04,176.497,120.489,
1984-10-01 00:00:00,2,46.5301,44.8043,42.2543,38.928,40.5805,38.928,37.2971,37.2971,35.6882,34.8922,36.4899,43.9491,46.5301,42.2543,38.928,36.4899,37.2971,38.1098,43.9491,63.8983,81.8562,77.7465,64.859,60.1006,59.1626,55.4573,58.2293,50.9325,43.9491,40.5805,37.2971
1984-09-01 00:00:00,2,62.942,78.7677,63.8983,50.0421,46.5301,43.0991,50.0421,57.3006,97.8416,97.8416,79.7931,64.859,54.5427,50.0421,47.4006,44.8043,44.8043,43.9491,42.2543,41.4147,53.6329,59.1626,66.7938,72.7036,62.942,50.0421,58.2293,58.2293,58.2293,50.9325,
1984-08-01 00:00:00,2,38.928,38.928,38.1098,38.1098,37.2971,37.2971,37.2971,36.4899,36.4899,36.4899,34.8922,34.8922,34.8922,34.1017,34.1017,33.317,38.928,50.0421,50.0421,47.4006,43.0991,41.4147,42.2543,46.5301,48.2761,70.7163,64.859,54.5427,51.8278,48.2761,44.8043
1984-07-01 00:00:00,2,43.9491,45.6647,45.6647,45.6647,45.6647,44.8043,44.8043,43.0991,42.2543,41.4147,41.4147,39.7515,41.4147,40.5805,40.5805,40.5805,39.7515,40.5805,38.928,39.7515,39.7515,38.928,38.928,38.1098,38.1098,38.1098,38.928,38.1098,38.1098,38.1098,38.1098
1984-06-01 00:00:00,2,50.0421,48.2761,48.2761,48.2761,49.1566,49.1566,50.9325,48.2761,46.5301,46.5301,46.5301,45.6647,45.6647,45.6647,46.5301,44.8043,44.8043,45.6647,45.6647,44.8043,43.9491,44.8043,44.8043,43.0991,43.0991,43.9491,43.0991,43.0991,43.0991,43.0991,
1984-05-01 00:00:00,2,62.942,56.3766,53.6329,90.271,68.7463,62.942,61.9903,61.9903,61.0432,57.3006,56.3766,55.4573,54.5427,54.5427,53.6329,52.7279,53.6329,54.5427,58.2293,61.0432,61.0432,54.5427,52.7279,51.8278,51.8278,52.7279,51.8278,50.9325,49.1566,49.1566,49.1566
1984-04-01 00:00:00,2,82.8939,74.7081,65.8242,84.9815,184.453,155.825,111.254,91.3408,84.9815,77.7465,70.7163,67.7679,67.7679,64.859,65.8242,64.859,62.942,65.8242,62.942,62.942,61.0432,61.9903,61.0432,60.1006,61.0432,59.1626,60.1006,60.1006,59.1626,65.8242,
1984-03-01 00:00:00,2,68.7463,67.7679,66.7938,66.7938,73.7037,71.7078,82.8939,80.8226,86.0314,91.3408,89.2051,88.1432,92.4145,97.8416,81.8562,75.7167,71.7078,68.7463,67.7679,64.859,64.859,72.7036,74.7081,66.7938,64.859,63.8983,62.942,61.9903,60.1006,60.1006,84.9815
1984-02-01 00:00:00,2,105.6,97.8416,96.7485,92.4145,91.3408,88.1432,87.0853,86.0314,89.2051,91.3408,104.48,89.2051,86.0314,82.8939,81.8562,78.7677,76.7295,78.7677,81.8562,89.2051,82.8939,80.8226,79.7931,76.7295,74.7081,74.7081,75.7167,74.7081,71.7078,,
1984-01-01 00:00:00,2,133.557,140.86,159.639,144.557,132.352,126.377,133.557,150.784,148.284,129.952,124.012,118.159,110.116,107.851,105.6,101.144,98.9386,95.6592,95.6592,94.5737,101.144,114.69,119.323,129.952,134.766,163.482,175.181,148.284,135.978,126.377,113.541
1983-12-01 00:00:00,2,105.6,112.396,232.982,232.982,172.56,162.198,192.519,196.592,202.064,357.121,396.18,489.302,428.246,379.802,322.085,273.547,222.996,188.473,179.137,168.651,173.869,181.789,215.947,222.996,214.546,266.464,353.905,302.264,211.752,172.56,157.093
1983-11-01 00:00:00,2,96.7485,81.8562,95.6592,105.6,133.557,126.377,100.039,84.9815,173.869,84.9815,79.7931,112.396,139.635,145.796,140.86,250.417,192.519,164.77,124.012,276.595,183.12,203.439,173.869,176.497,167.354,137.194,126.377,149.532,127.565,111.254,
1983-10-01 00:00:00,2,88.1432,73.7037,69.7291,67.7679,65.8242,64.859,63.8983,64.859,64.859,67.7679,90.271,79.7931,86.0314,105.6,137.194,138.413,104.48,92.4145,137.194,180.461,213.147,133.557,134.766,164.77,133.557,113.541,100.039,92.4145,92.4145,90.271,94.5737
1983-09-01 00:00:00,2,61.9903,61.0432,60.1006,60.1006,66.7938,73.7037,81.8562,82.8939,78.7677,79.7931,77.7465,74.7081,74.7081,80.8226,83.9357,82.8939,79.7931,76.7295,72.7036,72.7036,84.9815,86.0314,76.7295,92.4145,140.86,152.04,104.48,87.0853,84.9815,83.9357,
1983-08-01 00:00:00,2,78.7677,77.7465,76.7295,75.7167,74.7081,71.7078,71.7078,72.7036,71.7078,69.7291,69.7291,69.7291,68.7463,68.7463,68.7463,68.7463,67.7679,67.7679,66.7938,65.8242,66.7938,65.8242,75.7167,69.7291,68.7463,66.7938,64.859,64.859,63.8983,62.942,62.942
1983-07-01 00:00:00,2,91.3408,93.4922,96.7485,86.0314,87.0853,84.9815,84.9815,84.9815,83.9357,83.9357,82.8939,81.8562,80.8226,81.8562,79.7931,79.7931,79.7931,79.7931,83.9357,89.2051,103.365,114.69,101.144,90.271,87.0853,83.9357,80.8226,79.7931,79.7931,79.7931,78.7677
1983-06-01 00:00:00,2,296.06,243.105,163.482,132.352,128.757,134.766,121.66,118.159,115.843,112.396,106.724,107.851,106.724,105.6,100.039,97.8416,98.9386,97.8416,97.8416,97.8416,96.7485,95.6592,95.6592,94.5737,95.6592,90.271,90.271,90.271,90.271,90.271,
1983-05-01 00:00:00,2,132.352,127.565,125.193,124.012,124.012,122.834,122.834,120.489,118.159,118.159,116.999,115.843,113.541,112.396,113.541,115.843,116.999,116.999,111.254,105.6,106.724,105.6,105.6,103.365,105.6,104.48,105.6,105.6,121.66,133.557,193.873
1983-04-01 00:00:00,2,166.06,150.784,158.365,148.284,140.86,137.194,206.198,418.239,374.375,208.969,191.167,197.955,220.168,220.168,204.817,169.951,163.482,155.825,152.04,147.038,142.089,140.86,142.089,147.038,185.79,173.869,158.365,145.796,169.951,139.635,
1983-03-01 00:00:00,2,273.547,340.039,357.121,319.986,265.455,268.483,234.42,255.411,210.359,179.137,164.77,159.639,164.77,192.519,189.818,166.06,158.365,150.784,147.038,278.631,331.565,317.89,262.433,195.231,171.254,160.917,163.482,302.264,325.238,262.433,184.453
1983-02-01 00:00:00,2,268.483,243.105,224.414,224.414,208.969,177.815,171.254,164.77,163.482,334.737,586.308,474.448,436.064,367.885,368.965,342.165,270.507,203.439,189.818,171.254,171.254,163.482,153.298,148.284,147.038,167.354,169.951,287.831,,,
1983-01-01 00:00:00,2,291.94,265.455,347.491,384.155,285.781,227.259,314.752,413.807,285.781,277.613,206.198,169.951,162.198,172.56,221.58,221.58,204.817,159.639,306.415,539.1,452.914,441.665,401.671,361.418,430.477,416.022,359.268,326.291,286.806,247.484,203.439
1982-12-01 00:00:00,2,44.8043,45.6647,45.6647,59.1626,90.271,89.2051,76.7295,78.7677,74.7081,69.7291,65.8242,55.4573,50.0421,46.5301,46.5301,71.7078,116.999,138.413,187.13,148.284,137.194,175.181,199.322,181.789,298.125,303.301,214.546,200.691,217.351,291.94,301.228
1982-11-01 00:00:00,2,86.0314,65.8242,56.3766,50.9325,47.4006,45.6647,50.9325,48.2761,50.0421,104.48,82.8939,90.271,65.8242,55.4573,53.6329,52.7279,82.8939,91.3408,115.843,83.9357,69.7291,61.0432,63.8983,53.6329,39.7515,43.9491,41.4147,40.5805,39.7515,45.6647,
1982-10-01 00:00:00,2,34.8922,34.8922,38.1098,42.2543,59.1626,51.8278,42.2543,90.271,64.859,59.1626,98.9386,83.9357,104.48,133.557,143.322,93.4922,65.8242,56.3766,53.6329,49.1566,46.5301,46.5301,46.5301,48.2761,50.0421,46.5301,46.5301,46.5301,49.1566,144.557,135.978
1982-09-01 00:00:00,2,43.0991,40.5805,39.7515,39.7515,39.7515,39.7515,38.1098,38.1098,38.1098,37.2971,36.4899,35.6882,35.6882,35.6882,35.6882,35.6882,35.6882,36.4899,38.928,36.4899,35.6882,34.8922,34.8922,35.6882,35.6882,36.4899,41.4147,37.2971,38.1098,36.4899,
1982-08-01 00:00:00,2,48.2761,50.9325,50.0421,49.1566,48.2761,48.2761,48.2761,48.2761,46.5301,46.5301,45.6647,45.6647,45.6647,46.5301,46.5301,46.5301,46.5301,46.5301,46.5301,45.6647,45.6647,43.0991,43.0991,42.2543,42.2543,41.4147,41.4147,40.5805,41.4147,40.5805,41.4147
1982-07-01 00:00:00,2,59.1626,59.1626,58.2293,57.3006,57.3006,57.3006,56.3766,55.4573,53.6329,53.6329,53.6329,53.6329,53.6329,53.6329,58.2293,59.1626,57.3006,55.4573,54.5427,54.5427,54.5427,54.5427,53.6329,51.8278,50.0421,50.0421,49.1566,49.1566,48.2761,47.4006,48.2761
1982-06-01 00:00:00,2,73.7037,70.7163,68.7463,67.7679,67.7679,66.7938,65.8242,66.7938,68.7463,72.7036,67.7679,65.8242,64.859,64.859,64.859,62.942,64.859,64.859,64.859,64.859,63.8983,61.0432,61.0432,61.0432,61.0432,59.1626,59.1626,59.1626,60.1006,60.1006,
1982-05-01 00:00:00,2,87.0853,87.0853,87.0853,84.9815,84.9815,83.9357,83.9357,80.8226,80.8226,79.7931,76.7295,74.7081,76.7295,76.7295,74.7081,74.7081,74.7081,74.7081,73.7037,74.7081,73.7037,74.7081,73.7037,73.7037,73.7037,87.0853,91.3408,89.2051,79.7931,75.7167,74.7081
1982-04-01 00:00:00,2,199.322,207.582,157.093,129.952,121.66,118.159,115.843,116.999,116.999,108.981,111.254,104.48,107.851,105.6,122.834,149.532,135.978,118.159,106.724,101.144,96.7485,95.6592,95.6592,95.6592,93.4922,93.4922,90.271,89.2051,87.0853,87.0853,
1982-03-01 00:00:00,2,171.254,149.532,183.12,135.978,120.489,110.116,104.48,118.159,193.873,180.461,175.181,162.198,189.818,395.083,287.831,256.412,202.064,166.06,154.56,244.562,208.969,189.818,153.298,184.453,248.949,213.147,159.639,143.322,149.532,171.254,148.284
1982-02-01 00:00:00,2,133.557,129.952,125.193,120.489,128.757,139.635,140.86,129.952,111.254,105.6,100.039,95.6592,95.6592,93.4922,90.271,87.0853,86.0314,84.9815,83.9357,82.8939,78.7677,78.7677,78.7677,77.7465,87.0853,110.116,115.843,121.66,,,
1982-01-01 00:00:00,2,125.193,125.193,258.416,402.771,532.091,452.914,292.969,250.417,187.13,150.784,147.038,228.686,227.259,240.199,163.482,153.298,127.565,119.323,116.999,110.116,119.323,140.86,166.06,224.414,380.89,396.18,345.358,254.411,188.473,160.917,143.322
1981-12-01 00:00:00,2,110.116,103.365,103.365,106.724,91.3408,79.7931,87.0853,98.9386,148.284,208.969,250.417,231.547,215.947,225.835,171.254,187.13,173.869,326.291,300.193,218.758,150.784,126.377,116.999,106.724,95.6592,97.8416,114.69,285.781,259.419,167.354,133.557
1981-11-01 00:00:00,2,62.942,65.8242,57.3006,53.6329,70.7163,70.7163,65.8242,72.7036,121.66,120.489,183.12,225.835,283.734,313.707,207.582,171.254,119.323,101.144,97.8416,110.116,218.758,263.44,203.439,134.766,103.365,111.254,167.354,135.978,112.396,122.834,
1981-10-01 00:00:00,2,39.7515,37.2971,36.4899,36.4899,35.6882,34.8922,40.5805,47.4006,49.1566,42.2543,38.1098,38.1098,40.5805,49.1566,48.2761,60.1006,73.7037,64.859,52.7279,52.7279,71.7078,97.8416,76.7295,54.5427,45.6647,47.4006,61.0432,92.4145,94.5737,70.7163,62.942
1981-09-01 00:00:00,2,33.317,33.317,33.317,33.317,34.1017,33.317,33.317,32.538,31.7648,31.7648,29.4804,28.7309,28.7309,28.7309,27.9875,27.2502,27.2502,27.2502,27.9875,27.9875,27.9875,27.2502,27.2502,26.519,25.7941,25.7941,26.519,27.2502,43.0991,49.1566,
1981-08-01 00:00:00,2,38.1098,38.1098,38.1098,38.1098,38.1098,38.1098,38.1098,37.2971,37.2971,36.4899,36.4899,36.4899,36.4899,36.4899,37.2971,38.1098,38.1098,42.2543,44.8043,47.4006,53.6329,44.8043,39.7515,38.1098,37.2971,37.2971,35.6882,35.6882,35.6882,34.1017,33.317
1981-07-01 00:00:00,2,46.5301,46.5301,46.5301,46.5301,46.5301,45.6647,44.8043,44.8043,44.8043,44.8043,44.8043,44.8043,42.2543,39.7515,39.7515,39.7515,39.7515,38.928,38.928,39.7515,39.7515,38.928,38.1098,38.1098,38.1098,38.1098,38.928,38.928,38.928,39.7515,39.7515
1981-06-01 00:00:00,2,56.3766,53.6329,51.8278,51.8278,50.9325,51.8278,57.3006,64.859,63.8983,61.0432,55.4573,51.8278,52.7279,52.7279,52.7279,50.0421,54.5427,58.2293,64.859,64.859,58.2293,54.5427,55.4573,54.5427,51.8278,50.9325,50.9325,50.0421,50.0421,48.2761,
1981-05-01 00:00:00,2,93.4922,72.7036,66.7938,62.942,61.0432,58.2293,57.3006,55.4573,55.4573,53.6329,53.6329,53.6329,53.6329,53.6329,51.8278,50.9325,50.0421,50.0421,50.0421,50.0421,50.0421,50.0421,50.0421,50.0421,50.0421,49.1566,50.0421,52.7279,59.1626,61.9903,62.942
1981-04-01 00:00:00,2,110.116,82.8939,74.7081,72.7036,71.7078,68.7463,66.7938,64.859,64.859,64.859,64.859,62.942,61.9903,61.9903,60.1006,60.1006,59.1626,59.1626,61.0432,60.1006,57.3006,55.4573,55.4573,55.4573,55.4573,55.4573,55.4573,54.5427,79.7931,111.254,
1981-03-01 00:00:00,2,72.7036,70.7163,67.7679,65.8242,64.859,67.7679,84.9815,126.377,126.377,187.13,148.284,120.489,107.851,104.48,83.9357,76.7295,76.7295,76.7295,95.6592,162.198,133.557,98.9386,89.2051,81.8562,76.7295,74.7081,74.7081,78.7677,89.2051,84.9815,91.3408
1981-02-01 00:00:00,2,133.844,142.494,123.215,109.714,103.609,99.5853,170.314,220.718,142.494,120.067,111.767,119.022,112.797,100.588,93.621,89.6936,91.6524,94.6091,93.621,82.9172,81.0044,77.2104,77.2104,83.8776,78.1549,75.3296,75.3296,73.4598,,,
1981-01-01 00:00:00,2,195.719,214.702,213.504,149.064,119.022,102.6,101.592,96.5924,88.7179,162.408,237.888,239.93,265.758,274.137,259.509,232.799,218.307,226.772,161.286,135.995,125.324,132.772,174.871,212.307,189.873,211.112,223.135,214.702,178.307,140.32,137.073
1980-12-01 00:00:00,2,94.6091,147.964,238.909,267.848,298.527,316.828,311.422,255.361,172.589,169.179,153.482,134.919,133.844,336.45,435.733,333.162,213.504,147.964,126.382,112.797,103.609,100.588,96.5924,88.7179,84.8405,100.588,122.163,116.938,163.532,180.607,189.873
1980-11-01 00:00:00,2,30.8248,32.3538,32.3538,32.3538,31.5871,31.5871,30.8248,33.1248,46.005,57.1507,59.8012,85.8061,165.785,199.247,120.067,83.8776,69.7536,58.9146,62.4796,57.1507,75.3296,79.1021,92.6355,84.8405,95.5995,105.635,104.621,70.6759,73.4598,52.7971,
1980-10-01 00:00:00,2,40.2484,39.4411,37.8379,40.2484,38.6375,37.8379,37.0423,37.0423,36.2506,35.463,37.0423,40.2484,58.9146,79.1021,66.0931,51.0786,48.5262,44.3419,40.2484,40.2484,37.0423,36.2506,35.463,35.463,37.0423,47.6823,41.8746,38.6375,35.463,35.463,32.3538
