DataHora,NivelConsistencia,Vazao01,Vazao02,Vazao03,Vazao04,Vazao05,Vazao06,Vazao07,Vazao08,Vazao09,Vazao10,Vazao11,Vazao12,Vazao13,Vazao14,Vazao15,Vazao16,Vazao17,Vazao18,Vazao19,Vazao20,Vazao21,Vazao22,Vazao23,Vazao24,Vazao25,Vazao26,Vazao27,Vazao28,Vazao29,Vazao30,Vazao31
2023-04-01 00:00:00,2,1.1471,1.1471,1.1471,1.1091,1.1091,1.0717,1.0717,1.1091,1.3859,1.3859,1.1091,1.1091,1.1856,1.1091,1.1856,1.1471,1.1091,1.0348,1.1471,1.2642,1.1091,1.0717,1.0348,1.0717,1.0717,1.1091,1.1091,1.1091,1.2642,1.2642,
2023-03-01 00:00:00,2,1.5988,1.6429,1.5552,1.5552,1.5988,1.6875,1.7781,2.4138,1.8242,1.6875,1.6429,4.2374,1.8242,1.6429,1.5988,1.5988,1.5121,1.5552,1.7781,1.5121,1.5121,1.5121,1.5121,1.5121,1.5121,1.5121,1.5121,1.8707,1.2642,1.2246,1.2246
2023-02-01 00:00:00,2,2.7886,2.6252,2.466,2.4138,2.2601,2.1105,2.8439,3.2438,3.9152,2.5186,2.5186,2.6792,5.5557,3.5426,2.3108,2.2097,2.1105,2.0616,2.0131,1.9652,1.9652,1.9177,1.8242,1.6875,1.6429,1.6429,1.6429,1.5988,,,
2023-01-01 00:00:00,2,1.3042,6.7774,3.4218,3.6036,3.7893,9.1499,11.0386,8.9708,4.3693,16.2364,5.4827,4.2374,4.1722,4.2374,3.1854,2.7337,2.5186,2.6252,7.4253,3.2438,3.2438,4.2374,3.0127,2.8997,3.2438,5.1946,3.6651,2.7337,2.5717,2.466,2.8997
2022-12-01 00:00:00,2,2.2601,2.1599,3.1273,1.2246,1.4275,1.2246,1.4275,1.5552,1.0348,1.2642,1.5988,1.9652,1.8707,2.2097,1.2246,1.1091,1.2246,1.1471,1.3859,1.9177,4.9828,1.7326,1.2246,1.1856,1.2246,1.2642,2.3621,1.9177,1.4275,1.2246,1.2246
2022-11-01 00:00:00,2,0.759,0.7915,0.7915,0.759,0.7336,0.759,0.8925,0.8583,0.7915,0.759,0.7915,0.8583,0.8925,0.8583,0.7915,0.759,0.8246,0.759,0.7336,0.7068,0.6805,0.6044,0.5799,0.6805,0.8583,0.9273,1.0717,2.7886,1.6429,3.1854,
2022-10-01 00:00:00,2,0.6293,0.6293,0.6547,2.3621,1.0717,1.0348,0.7336,0.6293,0.6044,0.6044,0.6044,0.6044,0.6044,0.6044,0.6044,0.6044,0.6044,0.5558,0.5558,1.0348,0.9273,0.8925,0.8583,0.7915,0.759,0.7336,0.8246,1.0717,1.0348,0.9273,0.7915
2022-09-01 00:00:00,2,0.4864,0.4642,0.4642,0.4642,0.4642,0.4642,0.4642,0.4211,0.4211,0.4211,0.4211,0.4211,0.4211,0.4211,0.4211,0.4211,0.4211,0.4424,0.4424,0.4211,0.4211,0.4642,0.4642,0.4642,0.4642,0.4642,0.7336,1.0717,0.8925,0.7068,
2022-08-01 00:00:00,2,0.6044,0.6044,0.6044,0.6044,0.6044,0.6044,0.6044,0.6044,0.5799,0.5799,0.5799,0.5558,0.5558,0.5558,0.5558,0.5322,0.5322,0.5322,0.5322,0.5322,0.5322,0.5322,0.5322,0.5091,0.5091,0.5091,0.5091,0.5091,0.5091,0.5091,0.5091
2022-07-01 00:00:00,2,0.759,0.759,0.759,0.759,0.7336,0.7336,0.7336,0.7336,0.7068,0.7068,0.7068,0.7068,0.7068,0.7068,0.7068,0.7068,0.7068,0.6805,0.6805,0.6805,0.6547,0.6547,0.6547,0.6547,0.6547,0.6547,0.6547,0.6547,0.6547,0.6547,0.6547
2022-06-01 00:00:00,2,0.9626,0.9626,0.9626,0.9626,0.9626,0.9626,0.9626,0.9273,0.9273,0.8925,0.8583,0.8246,0.8246,0.8246,0.7915,0.759,0.759,0.759,0.759,0.759,0.759,0.759,0.759,0.759,0.759,0.759,0.759,0.759,0.759,0.759,
2022-05-01 00:00:00,2,1.1856,1.1856,1.1856,1.1856,1.1856,1.1856,1.3859,1.3042,1.2246,1.1856,1.1856,1.1856,1.1856,1.1856,1.1856,1.1856,1.1856,1.1856,1.1471,1.1091,1.1091,1.1091,1.1091,1.1091,1.1091,1.0717,1.0717,1.0717,1.0348,0.9984,0.9626
2022-04-01 00:00:00,2,2.8439,2.5717,2.4138,1.9652,1.8242,1.6875,1.5988,1.6429,1.7326,1.7326,1.6875,1.6875,1.5988,1.5988,1.5988,1.5988,1.5121,1.5121,1.5121,1.4696,1.4696,1.4696,1.4275,1.4275,1.4275,1.3859,1.3042,1.2642,1.1856,1.1856,
2022-03-01 00:00:00,2,2.7886,2.1599,2.7886,4.3693,2.5186,2.466,2.4138,2.3621,2.5717,2.3621,2.3621,2.466,2.466,2.5186,2.466,2.4138,2.3108,2.2601,2.1599,2.1599,2.2097,2.1599,2.1599,2.1599,2.1599,2.1105,2.1105,2.1599,2.2601,2.2601,2.2601
2022-02-01 00:00:00,2,5.9267,6.2306,4.2374,13.256,3.2438,9.7881,4.5027,6.0779,32.3876,9.0601,9.5124,10.6839,5.4101,5.7771,43.7161,29.2422,25.4825,17.0689,21.2322,6.0779,5.1236,9.5124,3.727,8.617,6.1541,3.0698,4.2374,2.8997,,,
2022-01-01 00:00:00,2,2.703,6.3905,6.9229,1.3452,2.4888,7.0576,12.1283,24.513,38.7464,37.61,55.29,37.61,34.5508,11.7608,6.2306,5.053,5.9267,5.053,4.3693,3.8521,3.4819,3.4819,3.4819,3.0698,2.956,2.7886,2.7337,2.7337,2.7886,2.8997,5.6291
2021-12-01 00:00:00,2,0.6314,0.6314,0.6314,0.6005,0.6005,4.3061,2.5419,1.5797,1.4379,1.3452,1.0389,0.9665,5.4832,2.2269,1.9218,2.2269,2.9763,2.0224,1.7244,1.5321,1.3452,1.3452,1.3452,1.3051,1.1505,1.1129,0.9665,1.0025,1.1886,1.5321,3.3689
2021-11-01 00:00:00,2,0.5701,1.6276,0.8269,0.8612,0.8269,0.8269,0.8269,0.7599,0.5109,0.3724,9.1452,2.703,1.9218,1.1886,1.0389,0.8958,0.8269,0.7599,0.9309,0.9665,0.8269,0.8958,0.7599,0.6947,0.6947,0.6314,1.1505,0.8269,0.6947,0.6628,
2021-10-01 00:00:00,2,0.6005,0.8269,1.3452,1.0025,0.7599,0.6628,0.9665,1.0025,0.8269,0.9665,1.3914,1.5797,1.0757,0.8958,0.9309,0.9309,0.8958,0.9309,1.4379,2.4358,1.2659,0.6947,0.5701,0.5402,1.227,0.7599,0.6947,0.5701,0.5109,0.5109,0.5109
2021-09-01 00:00:00,2,0.5402,0.5402,0.5109,0.4821,0.4821,0.4538,0.4538,0.4538,0.4538,0.4538,0.4538,0.4538,0.4538,0.4538,0.4538,0.4538,0.4538,0.4538,0.4538,0.4538,0.4538,0.4538,0.399,0.399,0.399,0.399,0.399,0.6314,0.6628,0.6628,
2021-08-01 00:00:00,2,0.5402,0.5402,0.5402,0.5402,0.5109,0.4821,0.4821,0.4538,0.4538,0.4538,0.4538,0.5109,0.5402,0.5402,0.5402,0.5402,0.6628,0.6314,0.6005,0.6005,0.6005,0.6005,0.6005,0.5402,0.5402,0.5402,0.5402,0.5402,0.5402,0.5402,0.5402
2021-07-01 00:00:00,2,0.6005,0.6005,0.6005,0.6005,0.6005,0.6005,0.6005,0.5701,0.5402,0.5402,0.5402,0.5402,0.5402,0.5402,0.5402,0.5402,0.5402,0.5402,0.5402,0.5402,0.5402,0.5402,0.5402,0.5402,0.5402,0.5402,0.5402,0.5402,0.5402,0.5402,0.5402
2021-06-01 00:00:00,2,1.1886,1.0757,1.0025,0.8612,0.8269,0.8269,0.8269,0.7932,0.7599,0.7599,0.7599,0.7599,0.7599,0.7599,0.7599,0.7599,0.727,0.727,0.6947,0.6628,0.6628,0.6628,0.6628,0.6628,0.6628,0.6628,0.6628,0.6314,0.6005,0.6005,
2021-05-01 00:00:00,2,0.9665,0.9309,0.9309,0.9309,0.9309,0.8958,0.8612,0.8269,0.8269,0.8269,0.8269,0.8269,0.8269,0.7932,0.7599,0.7599,0.7599,0.7599,0.7599,0.8269,0.7932,0.7599,0.7599,0.7599,0.7599,0.7599,0.7599,0.7599,0.7599,0.7599,0.7599
2021-04-01 00:00:00,2,1.3051,1.3051,1.2659,1.2659,1.2659,1.227,1.227,1.227,1.227,1.227,1.227,1.227,1.1886,1.1505,1.1505,1.1129,1.1129,1.1129,1.1129,1.1129,1.1129,1.1129,1.0757,1.0757,1.0389,1.0025,1.0025,1.0025,1.0025,1.0025,
2021-03-01 00:00:00,2,1.4848,1.3051,1.1886,1.1505,1.0389,1.3914,3.1993,13.6402,5.2931,2.9212,2.2269,1.9719,1.8225,1.6758,1.6758,1.5321,1.4379,1.3452,1.3051,1.3051,1.227,1.227,1.227,1.227,1.227,1.9719,1.8225,1.6758,1.5797,1.3914,1.3452
2021-02-01 00:00:00,2,0.3465,0.3465,0.3465,0.3465,0.399,0.7932,1.4379,1.7733,0.8612,0.727,0.6314,3.7724,1.5321,1.1129,0.9665,0.8269,0.8269,0.8612,5.1672,1.872,1.3914,2.4888,4.3664,1.6758,1.3452,1.3452,3.4831,1.9218,,,
2021-01-01 00:00:00,2,0.9665,1.227,1.3452,2.0224,1.0025,0.8269,0.8269,2.5419,1.4379,1.0757,0.9665,0.8958,1.0025,1.2659,0.9665,0.9665,0.8958,0.7599,0.6947,0.6314,0.5701,0.5701,0.5402,0.5402,0.5402,0.5402,0.5109,0.4538,0.399,0.399,0.399
2020-12-01 00:00:00,2,0.2114,0.2114,0.2114,0.2114,0.249,0.3465,0.3465,0.4261,0.3465,0.3465,0.3465,1.227,0.8612,0.4538,0.399,0.3211,0.2964,0.3465,1.9719,1.0757,0.6005,2.0731,1.0757,1.4848,2.7572,2.4358,1.0389,1.6758,0.9665,0.8612,0.6947
2020-11-01 00:00:00,2,0.5402,0.4538,0.3465,0.9665,0.5701,0.399,0.3465,0.3465,0.3211,0.3465,0.3465,0.3724,0.3465,0.3465,0.3465,0.4261,0.5109,0.399,0.4538,0.3465,0.3465,0.3465,0.3211,0.2964,0.249,0.249,0.2114,0.2114,0.2114,0.2114,
2020-10-01 00:00:00,2,0.2114,0.2114,0.2114,0.2114,0.2114,0.1955,0.1801,0.1801,0.1801,0.1801,0.2114,0.2114,0.2114,0.1955,0.1955,0.2114,0.249,0.249,0.249,0.2964,0.3724,0.4261,0.4261,0.399,0.4821,0.5402,0.399,0.399,0.399,0.4538,0.9665
2020-09-01 00:00:00,2,0.3465,0.3465,0.2964,0.2964,0.2964,0.2964,0.2964,0.2964,0.2964,0.2724,0.249,0.249,0.249,0.2114,0.2114,0.2114,0.2114,0.2114,0.2114,0.2114,0.3465,0.5109,0.4538,0.399,0.3724,0.3465,0.2964,0.2724,0.249,0.2114,
2020-08-01 00:00:00,2,0.4538,0.4538,0.4538,0.4261,0.4261,0.4261,0.399,0.399,0.399,0.399,0.399,0.399,0.399,0.399,0.399,0.399,0.3724,0.3724,0.3465,0.3465,0.3465,0.4538,0.5402,0.5109,0.4538,0.399,0.399,0.3724,0.3465,0.3465,0.3465
2020-07-01 00:00:00,2,0.5402,0.5402,0.5402,0.5402,0.5402,0.5402,0.5402,0.5109,0.5109,0.5109,0.5109,0.5109,0.5109,0.4821,0.4821,0.4821,0.4821,0.4821,0.4821,0.4538,0.4538,0.4538,0.4538,0.4538,0.4538,0.4538,0.4538,0.4538,0.4538,0.4538,0.4538
2020-06-01 00:00:00,2,0.6947,0.6947,0.6947,0.6947,0.6628,0.6628,0.6314,0.6314,0.6314,0.6314,0.6314,0.6314,0.6005,0.6005,0.6005,0.6005,0.6005,0.5701,0.5701,0.5701,0.5701,0.5701,0.5701,0.5701,0.5701,0.5402,0.5402,0.5402,0.5109,0.5109,
2020-05-01 00:00:00,2,0.8269,0.8269,0.8269,0.7599,0.7599,0.7599,0.7599,0.7599,0.7599,0.7599,0.7599,0.7599,0.7599,0.7599,0.8958,0.8269,0.8269,0.7599,0.7599,0.7599,0.727,0.6947,0.6947,0.7599,0.9309,0.8269,0.8269,0.7599,0.727,0.6947,0.6947
2020-04-01 00:00:00,2,1.1886,1.1886,1.2659,1.4848,1.3452,1.1886,1.1886,1.5321,1.2659,1.227,1.2659,1.227,1.1886,1.1505,1.1505,1.3452,1.1886,1.1129,1.0389,0.9665,0.8958,0.8958,0.8958,0.8958,0.8958,0.8612,0.8269,0.8269,0.8269,0.8269,
2020-03-01 00:00:00,2,2.2269,4.0669,2.7572,2.3832,2.3832,2.0731,1.7733,1.7244,1.7244,1.6758,1.6276,1.5321,1.4379,1.3452,1.3452,1.3452,1.2659,1.2659,1.3051,3.8309,2.0731,2.1241,1.6276,1.4848,1.3051,1.2659,1.2659,1.2659,1.4379,1.1886,1.1886
2020-02-01 00:00:00,2,1.9218,1.6758,1.6276,1.5321,1.8225,1.872,2.3832,1.7244,1.4848,1.3914,1.7244,6.7221,2.7572,4.1861,2.3832,2.2269,3.5406,2.3832,1.8225,1.7244,1.7244,1.6758,2.3308,1.7244,1.9218,1.9218,1.9218,1.8225,2.0224,,
2020-01-01 00:00:00,2,0.7599,0.7599,0.8269,0.8269,1.3452,0.8269,0.727,0.7599,0.9309,0.6947,0.6005,0.5701,0.5109,0.5402,0.5109,0.5109,1.8225,1.1129,0.7599,1.0757,1.3452,7.0576,2.4888,9.795,8.7888,3.0874,2.3308,1.9719,7.2606,2.9763,2.0731
2019-12-01 00:00:00,2,0.6314,1.3914,0.9665,0.6314,0.6314,0.9665,1.4848,1.1129,0.9309,3.2556,1.7244,1.6758,1.4379,1.3452,0.9665,0.8958,0.7599,0.6947,0.727,1.0757,1.4848,0.8958,0.7932,3.1432,1.6276,1.0389,0.8612,0.8269,0.7599,0.7599,0.7599
2019-11-01 00:00:00,2,0.8269,0.4538,0.3465,0.249,0.1955,0.2964,0.249,0.2114,0.1801,0.1801,0.1801,0.1801,0.1801,0.1955,0.249,0.3465,0.4261,0.3211,0.4261,0.8269,0.5109,0.399,0.9665,0.7599,0.5109,0.399,0.3211,0.2964,0.6947,0.6314,
2019-10-01 00:00:00,2,0.1224,0.1224,0.1224,0.1091,0.1091,0.1091,0.0962,0.0962,0.0962,0.0839,0.0721,0.0721,0.0721,0.1224,0.0962,0.0721,0.0608,0.0502,0.0502,0.0502,0.0502,0.0839,0.0839,0.0721,0.0721,0.0721,0.0721,0.0502,0.0721,0.165,1.7244
2019-09-01 00:00:00,2,0.1224,0.1224,0.1091,0.0962,0.0962,0.0839,0.0721,0.0721,0.0721,0.0839,0.0839,0.0839,0.0721,0.0721,0.0721,0.0721,0.0721,0.0608,0.0502,0.0502,0.0502,0.0502,0.0502,0.0502,0.0502,0.1504,0.6005,0.2724,0.1801,0.165,
2019-08-01 00:00:00,2,0.1801,0.1801,0.1801,0.1801,0.1801,0.1801,0.1801,0.1801,0.1801,0.1801,0.1801,0.1504,0.1504,0.1504,0.1504,0.1504,0.1504,0.1504,0.1224,0.1224,0.1224,0.1224,0.1224,0.1224,0.1224,0.1224,0.1224,0.1224,0.1224,0.1224,0.1224
2019-07-01 00:00:00,2,0.2964,0.2964,0.2964,0.2964,0.2964,0.2724,0.2724,0.249,0.249,0.249,0.249,0.249,0.249,0.2724,0.249,0.249,0.2114,0.2114,0.2114,0.2114,0.2114,0.2114,0.1801,0.1801,0.1801,0.1801,0.1801,0.1801,0.1801,0.1801,0.1801
2019-06-01 00:00:00,2,0.4261,0.4261,0.399,0.4821,0.4538,0.4538,0.4261,0.4261,0.4261,0.399,0.399,0.399,0.399,0.3465,0.3211,0.2964,0.2964,0.2964,0.2964,0.2964,0.2964,0.3465,0.3465,0.3465,0.3465,0.3465,0.3211,0.2964,0.249,0.2964,
2019-05-01 00:00:00,2,0.5109,0.5109,0.5109,0.5109,0.5109,0.5109,0.5109,0.5109,0.5109,0.4538,0.4538,0.4538,0.4261,0.399,3.1993,1.4848,0.9665,0.8269,0.6947,0.6314,0.5701,0.5402,0.5109,0.5109,0.5109,0.5109,0.5109,0.5109,0.5109,0.4538,0.4538
2019-04-01 00:00:00,2,0.5109,0.5109,0.5109,0.4821,0.4538,0.399,0.399,0.5701,0.6314,0.5701,0.5109,0.5109,0.5402,0.5701,1.0389,2.1753,1.3452,0.9665,0.7932,0.7599,0.6628,0.6314,0.6005,0.5701,0.5109,0.5109,0.5109,0.5109,0.5109,0.5109,
2019-03-01 00:00:00,2,1.3452,2.1241,1.0389,0.8958,0.8958,0.7599,0.7599,0.7599,0.6628,0.6314,0.6005,0.6005,0.5701,0.6314,0.6314,0.6947,0.6314,0.5701,0.5701,0.6005,2.703,1.4848,1.0757,0.8269,0.727,0.6947,0.6314,0.6314,0.5701,0.5701,0.5701
2019-02-01 00:00:00,2,0.249,0.2964,0.2964,0.8269,1.1129,0.8958,0.4261,0.5109,0.4538,0.2964,6.128,2.0224,1.2659,1.2659,0.8269,1.1886,3.0874,1.7733,1.4379,1.3452,1.3452,1.1505,0.9665,0.8958,0.7599,0.7932,0.8269,1.6276,,,
2019-01-01 00:00:00,2,1.3914,1.1886,1.3452,0.8958,0.8269,0.7932,0.6314,0.5701,0.5701,0.5701,0.5402,0.5109,0.5109,0.4538,0.399,0.399,0.399,0.3724,0.3724,0.3724,0.399,0.3465,0.3465,0.3465,0.2964,0.3465,0.399,0.3724,0.3465,0.2964,0.249
2018-12-01 00:00:00,2,1.1886,1.2659,4.246,1.6758,1.1505,0.8269,0.8269,0.7599,0.6947,0.6314,0.6314,0.5109,0.6628,0.5701,0.5109,0.5109,0.4538,0.4538,1.1886,0.8612,0.5701,0.5701,0.7599,0.5701,0.8612,0.5701,0.6628,1.3914,1.9218,1.9218,1.2659
2018-11-01 00:00:00,2,0.2964,0.2964,0.2964,0.3211,0.2964,0.2964,0.2964,0.4538,1.3914,1.3452,0.727,0.5701,0.5701,0.4538,0.3724,0.3724,0.4538,0.399,0.4538,0.6005,2.9212,1.9218,1.1129,0.9309,0.8958,0.7599,0.6628,0.6314,0.5701,0.5109,
2018-10-01 00:00:00,2,0.1224,0.1224,0.165,0.1504,0.1504,0.1504,0.1801,0.1955,0.1955,0.1955,0.1504,0.1504,0.1801,0.1801,0.1801,0.1955,0.2114,0.2114,0.249,0.5402,0.2724,0.2114,0.1955,0.1801,1.5321,2.4888,0.7599,0.6314,0.4538,0.399,0.3465
2018-09-01 00:00:00,2,0.0839,0.0721,0.0721,0.0721,0.0721,0.0721,0.0721,0.0721,0.0721,0.0721,0.0402,0.0309,0.0309,0.0402,0.0721,0.1801,0.1801,0.1801,0.1955,0.1801,0.1801,0.1801,0.1801,0.1504,0.1362,0.1224,0.1224,0.1224,0.1224,0.1224,
2018-08-01 00:00:00,2,0.0962,0.0962,0.0962,0.1801,0.2724,0.249,0.1801,0.165,0.165,0.165,0.165,0.165,0.1362,0.1224,0.1224,0.1224,0.1224,0.1224,0.1224,0.1224,0.1224,0.0962,0.0962,0.0962,0.0962,0.0962,0.0962,0.0962,0.0962,0.0962,0.0962
2018-07-01 00:00:00,2,0.1362,0.1362,0.1362,0.1362,0.1362,0.1362,0.1362,0.1362,0.1362,0.1224,0.1224,0.1224,0.1224,0.1224,0.1224,0.1224,0.1224,0.1224,0.1091,0.1091,0.1091,0.1091,0.0962,0.0962,0.0962,0.0962,0.0962,0.0962,0.0962,0.0962,0.0962
2018-06-01 00:00:00,2,0.2114,0.2114,0.2114,0.2114,0.2114,0.2114,0.2114,0.2114,0.2114,0.2114,0.1955,0.1801,0.1801,0.1801,0.165,0.165,0.165,0.165,0.165,0.1504,0.1504,0.1504,0.1504,0.1504,0.1504,0.1504,0.1504,0.1504,0.1362,0.1362,
2018-05-01 00:00:00,2,0.2964,0.2964,0.2964,0.2964,0.2964,0.2964,0.2964,0.2964,0.2964,0.2964,0.2964,0.2964,0.2964,0.2964,0.2964,0.2964,0.2964,0.2964,0.2964,0.2964,0.2964,0.2724,0.249,0.249,0.249,0.249,0.249,0.249,0.249,0.249,0.249
2018-04-01 00:00:00,2,0.5109,0.5109,0.5109,0.5109,0.5109,1.1129,0.6314,0.5701,0.5402,0.5109,0.5109,0.5109,0.5109,0.4821,0.4538,0.4538,0.399,0.399,0.3465,0.3724,0.399,0.399,0.3465,0.3465,0.3465,0.3465,0.3465,0.3465,0.3465,0.3465,
2018-03-01 00:00:00,2,3.0317,1.1886,1.1505,1.0757,0.9309,0.8958,0.7599,1.3051,1.6276,1.0389,2.3308,1.1886,0.9665,0.8958,0.8958,0.8958,0.9665,1.0757,0.8612,0.8958,0.9665,1.3452,0.9309,0.8269,0.8269,0.7599,0.727,0.6314,0.5701,0.5402,0.5109
2018-02-01 00:00:00,2,0.9665,0.9665,0.9309,0.6628,1.0025,1.3051,0.8958,0.7932,0.6947,0.6947,0.6947,0.6314,0.6314,0.5109,0.5109,0.4538,0.4538,0.4261,1.1886,1.1129,0.8269,0.6947,0.727,0.6947,2.1241,1.0025,0.9665,0.7932,,,
2018-01-01 00:00:00,2,1.0025,0.7599,0.8269,1.0389,2.2787,1.4379,1.3452,2.0224,1.0757,0.9309,0.8958,0.7932,0.6947,0.6947,0.6947,0.6314,0.6314,0.5701,0.5402,0.5109,0.5109,0.4821,0.399,0.399,0.399,0.399,0.3724,0.3724,0.3465,0.4538,0.8612
2017-12-01 00:00:00,2,1.9218,2.4358,1.1129,1.0389,1.0025,0.8269,0.9665,1.0025,1.6276,1.0389,0.9665,0.8958,0.7932,0.6628,0.6314,0.6314,0.8958,0.6947,0.6005,0.5701,0.4821,0.4261,0.399,0.399,0.3465,1.5321,6.6555,2.5419,1.0389,1.3914,0.7932
2017-11-01 00:00:00,2,0.249,0.1955,0.1504,0.1362,0.1224,0.0962,0.0962,0.0962,0.0962,0.0962,0.0962,0.2263,0.2114,0.1224,0.0839,0.0721,0.0721,0.0721,0.0721,0.6005,0.6947,0.3724,0.3465,0.3724,0.3465,0.249,0.2263,0.2964,0.2964,0.249,
2017-10-01 00:00:00,2,0.1362,0.1362,0.7599,0.5109,0.2724,0.2114,0.1091,0.0962,0.0962,0.0721,0.0721,0.0721,0.0721,0.0721,0.0502,0.0402,0.0309,0.0224,0.0148,0.0148,0.0148,0.0148,0.0148,0.0148,0.0148,0.0148,0.0148,0.0502,0.1224,0.4261,0.4538
2017-09-01 00:00:00,2,0.0721,0.0839,0.0839,0.0839,0.0839,0.0962,0.0962,0.0962,0.0962,0.0962,0.0962,0.0962,0.0962,0.0962,0.0962,0.0962,0.0962,0.0962,0.1091,0.0962,0.0962,0.0962,0.0839,0.0721,0.0721,0.0962,0.0839,0.0839,0.0839,0.1362,
2017-08-01 00:00:00,2,0.0962,0.0962,0.0962,0.0839,0.0839,0.0839,0.0839,0.0839,0.0839,0.0839,0.0839,0.0839,0.0839,0.0839,0.0839,0.0839,0.0839,0.0839,0.0839,0.0721,0.0721,0.0721,0.0721,0.0721,0.0721,0.0721,0.0721,0.0721,0.0721,0.0839,0.0721
2017-07-01 00:00:00,2,0.0962,0.0962,0.0962,0.0962,0.0962,0.0962,0.0962,0.0962,0.0962,0.0839,0.0839,0.0839,0.0839,0.0839,0.0839,0.0962,0.0839,0.0839,0.0839,0.0962,0.0962,0.0839,0.0962,0.0962,0.0839,0.0962,0.0839,0.0839,0.0839,0.0962,0.0962
2017-06-01 00:00:00,2,0.1091,0.1091,0.1224,0.1224,0.1091,0.0962,0.0962,0.0962,0.0962,0.0839,0.0721,0.0721,0.399,0.2964,0.2114,0.165,0.1504,0.1504,0.1504,0.1224,0.1224,0.1224,0.1224,0.1224,0.1224,0.1224,0.1224,0.1224,0.1224,0.1091,
2017-05-01 00:00:00,2,0.1504,0.1504,0.1504,0.1224,0.1224,0.1801,0.1955,0.165,0.1224,0.1224,0.1224,0.1224,0.1224,0.1224,0.0962,0.0962,0.1091,0.1224,0.1362,0.1955,0.2114,0.2724,0.1955,0.1955,0.1801,0.165,0.1504,0.1362,0.1224,0.0962,0.0962
2017-04-01 00:00:00,2,0.2114,0.2114,0.2114,0.1801,0.1955,0.1801,0.1955,0.1955,0.1955,0.1955,0.1801,0.1504,0.1504,0.1504,0.1504,0.1504,0.1504,0.1224,0.0962,0.0962,0.0962,0.0962,0.0962,0.1091,0.1091,0.1091,0.1224,0.1224,0.1224,0.1801,
2017-03-01 00:00:00,2,0.4821,1.2659,0.5109,0.399,0.3465,0.3211,0.2964,0.2964,0.2724,0.2964,0.2964,0.2964,0.249,0.2114,0.1801,0.2114,0.2114,0.2114,0.6628,0.3465,0.3465,0.3465,0.2724,0.249,0.249,0.2114,0.2114,0.2964,0.2724,0.2724,0.249
2017-02-01 00:00:00,2,0.2114,0.2114,0.2724,0.3465,0.6947,3.2556,1.0025,0.5701,0.6314,0.4538,0.4538,0.4538,0.4538,0.4261,0.3724,0.3465,0.3465,0.2964,0.249,0.249,0.2964,0.249,0.249,0.249,0.2724,0.3465,0.4261,0.6005,,,
2017-01-01 00:00:00,2,0.399,0.3465,0.2964,0.2964,0.249,0.249,0.249,0.249,0.249,0.249,0.1955,0.1801,1.6276,2.649,2.5954,0.9665,0.6314,0.5109,0.4821,0.399,0.3724,0.3724,0.3465,0.3465,0.3465,0.3465,0.3465,0.2964,0.2964,0.2724,0.2114
2016-12-01 00:00:00,2,0.6628,0.7599,0.3724,0.4261,2.8116,1.7244,0.727,0.4261,0.399,0.399,0.4538,0.4821,0.6628,0.7599,1.1886,1.3051,0.7599,0.6314,0.5109,0.4538,0.399,0.3465,0.3465,0.3211,0.2964,1.1129,0.6314,1.3914,0.6947,0.5109,0.4261
2016-11-01 00:00:00,2,0.0502,0.0502,0.0502,0.0402,0.0502,0.0721,0.0721,0.0962,0.0962,0.2724,0.2263,0.2263,0.1801,0.6005,1.1505,0.5109,0.3465,0.3465,0.3211,0.249,0.1801,0.1504,0.1955,0.2964,0.4821,0.249,0.1955,0.1801,0.165,1.872,
2016-10-01 00:00:00,2,0.0721,0.0721,0.0962,0.1801,0.1955,0.165,0.1504,0.1224,0.1224,0.1224,0.1224,0.0962,0.0721,0.0721,0.0721,0.0721,0.0721,0.0721,0.0721,0.0839,0.1091,0.0721,0.0721,0.0839,0.0721,0.0721,0.0608,0.0502,0.0502,0.0502,0.0502
2016-09-01 00:00:00,2,0.0721,0.0721,0.0721,0.0721,0.0721,0.0721,0.0721,0.0721,0.0721,0.0721,0.0721,0.0721,0.0608,0.0608,0.0608,0.0608,0.0608,0.0608,0.0608,0.0721,0.0721,0.0721,0.0721,0.0721,0.1091,0.0962,0.0962,0.0962,0.0721,0.0721,
2016-08-01 00:00:00,2,0.1224,0.1224,0.1801,0.1362,0.1224,0.1091,0.1091,0.1091,0.1091,0.1091,0.0962,0.0962,0.0962,0.0962,0.0962,0.1362,0.1224,0.1224,0.1091,0.1091,0.1091,0.0962,0.0962,0.0962,0.0839,0.0839,0.0839,0.0839,0.0721,0.0721,0.0721
2016-07-01 00:00:00,2,0.2114,0.2114,0.2114,0.2114,0.2114,0.2114,0.1801,0.1801,0.1801,0.1801,0.1801,0.1801,0.1801,0.1504,0.1504,0.1504,0.1504,0.1504,0.1504,0.1504,0.1504,0.1504,0.1504,0.1504,0.1504,0.1504,0.1224,0.1224,0.1224,0.1224,0.1224
2016-06-01 00:00:00,2,0.2114,0.2263,0.5701,0.8612,0.5402,0.3465,0.3211,0.2964,0.2964,0.2964,0.2964,0.2964,0.2964,0.249,0.249,0.249,0.249,0.249,0.249,0.249,0.2263,0.2114,0.2114,0.2114,0.2114,0.2114,0.2114,0.2114,0.2114,0.2114,
2016-05-01 00:00:00,2,0.399,0.3465,0.3465,0.2964,0.2724,0.249,0.249,0.249,0.2964,0.2724,0.249,0.249,0.249,0.249,0.249,0.249,0.249,0.2263,0.2263,0.6947,0.3465,0.2964,0.2964,0.249,0.249,0.249,0.249,0.2263,0.2263,0.2114,0.2114
2016-04-01 00:00:00,2,0.4538,0.4538,0.4261,0.4261,0.399,0.399,0.3465,0.3211,0.3211,0.2964,0.2964,0.2964,0.2964,0.2964,0.2964,0.2964,0.2964,0.2964,0.2724,0.249,0.249,0.249,0.249,0.249,0.249,0.249,0.249,0.249,0.2964,0.4538,
2016-03-01 00:00:00,2,1.3051,1.0389,0.8958,0.8612,1.4379,1.0389,0.8958,0.8958,0.7599,0.7599,0.6947,0.9665,0.9665,1.5797,0.8958,0.7932,0.8612,0.8269,0.8269,0.8269,0.8612,0.6947,0.5402,0.5402,0.6005,0.5402,0.5701,0.5701,0.5402,0.5109,0.4821
2016-02-01 00:00:00,2,1.5142,1.4186,1.2805,1.152,1.1113,1.0712,1.0712,0.9547,0.844,0.844,0.844,0.844,1.2805,0.8803,0.844,0.844,0.7056,2.0326,1.3719,0.9172,0.8803,0.844,0.8085,0.7735,0.7735,5.547,1.4379,1.0389,4.7321,,
2016-01-01 00:00:00,2,0.2412,0.2626,0.7735,1.563,0.7056,0.5182,0.4072,0.356,0.4894,0.4894,0.4339,0.4072,0.4072,0.7056,2.1608,4.1338,10.5082,3.1873,19.2177,12.8759,3.2374,2.6554,2.2919,1.87,1.7134,1.7134,1.7134,2.4711,7.9086,2.6554,2.0326
2015-12-01 00:00:00,2,1.152,0.7735,1.152,0.7392,0.5477,0.4072,0.2626,0.3812,0.3315,0.3078,0.9547,0.5477,0.7735,1.1933,0.6404,0.4894,0.4894,0.5182,0.4613,0.4613,0.4613,0.356,0.3078,0.3078,0.3078,0.3078,0.2848,0.2626,0.2626,0.2626,0.2626
2015-11-01 00:00:00,2,0.085,0.085,0.0599,0.0487,0.0386,0.0487,0.0599,0.0599,0.0386,0.0386,0.0386,0.0487,0.0599,0.085,0.1137,0.1137,0.072,0.0599,0.1137,0.2626,0.3078,0.2205,0.2007,0.5182,0.2848,0.2205,0.1816,0.1816,0.1816,1.0317,
2015-10-01 00:00:00,2,0.146,0.146,0.1294,0.1294,0.146,0.146,0.1294,0.1137,0.0989,0.0989,0.085,0.085,0.085,0.0487,0.0386,0.0386,0.0386,0.0386,0.0386,0.0386,0.0386,0.0386,0.1137,0.085,0.072,0.0599,0.0599,0.1634,0.146,0.1294,0.085
2015-09-01 00:00:00,2,0.085,0.085,0.085,0.072,0.0599,0.0599,0.0599,0.6404,1.9235,0.7735,0.4613,0.4072,0.5779,0.5477,0.3812,0.3078,0.2626,0.2205,0.2205,0.2205,0.2205,0.2007,0.1816,0.1816,0.1816,0.1634,0.1634,0.1634,0.1816,0.1816,
2015-08-01 00:00:00,2,0.146,0.146,0.146,0.146,0.146,0.146,0.146,0.146,0.1294,0.1294,0.1137,0.1137,0.1137,0.1137,0.1137,0.1137,0.1137,0.1137,0.1137,0.1137,0.1137,0.1137,0.1137,0.1137,0.0989,0.085,0.085,0.085,0.085,0.085,0.085
2015-07-01 00:00:00,2,0.2205,0.2205,0.2205,0.2205,0.2205,0.2205,0.2205,0.2205,0.2205,0.2205,0.2007,0.1816,0.1816,0.1816,0.1816,0.1816,0.1816,0.1816,0.1634,0.1634,0.146,0.146,0.146,0.146,0.146,0.146,0.1816,0.1634,0.1634,0.146,0.146
2015-06-01 00:00:00,2,0.356,0.3078,0.356,0.356,0.356,0.356,0.356,0.356,0.356,0.3078,0.3078,0.3078,0.3078,0.2848,0.2626,0.2626,0.2626,0.2626,0.2626,0.2626,0.2626,0.2626,0.2626,0.2626,0.2626,0.2412,0.2412,0.2412,0.2205,0.2205,
2015-05-01 00:00:00,2,0.356,0.356,0.356,0.356,0.356,0.4613,0.4613,0.4072,0.4072,0.356,0.5182,0.4613,0.3812,0.3812,0.356,0.356,0.356,0.356,0.356,0.356,0.356,0.356,0.356,0.356,0.356,0.3315,0.3315,0.3315,0.3812,0.356,0.356
2015-04-01 00:00:00,2,0.6727,0.6088,0.6088,0.5779,0.5779,0.5779,0.6404,0.5779,0.5477,0.5477,0.5477,0.5182,0.5182,0.4613,0.4613,0.4613,0.4613,0.4613,0.4613,0.4613,0.4613,0.4613,0.4613,0.4339,0.4072,0.4072,0.4072,0.4072,0.4072,0.4072,
2015-03-01 00:00:00,2,0.5182,0.5182,0.4613,0.4339,0.4339,0.4072,0.4072,1.2805,0.8803,3.2374,2.3362,2.3809,1.3259,0.9547,0.9929,0.9172,0.8085,1.1113,0.9547,0.8085,1.6626,1.1933,1.7134,2.6554,1.152,1.0712,0.8803,0.844,0.7735,0.7392,0.6727
2015-02-01 00:00:00,2,0.2626,0.2626,0.2626,0.2205,0.2848,0.8803,0.5779,0.4894,1.6626,0.9172,1.4186,0.9172,0.6088,0.4894,0.4613,0.5182,1.1933,0.8803,1.2805,0.8085,0.6088,0.4894,0.5182,0.4613,0.4613,0.4613,0.7735,0.7056,,,
2015-01-01 00:00:00,2,0.2626,0.2626,0.2848,0.2848,0.2848,0.2626,0.2626,0.2626,0.2626,0.2626,0.2412,0.1816,0.1816,0.146,0.1137,0.085,0.085,0.085,0.085,0.085,0.085,0.085,0.085,0.0989,0.2412,0.4072,0.7056,1.0317,0.5779,0.4339,0.3078
2014-12-01 00:00:00,2,0.9172,0.8803,0.9929,0.9547,0.9547,1.0317,0.844,0.6404,0.5182,0.4613,0.4339,0.3812,0.4072,0.6088,1.4186,0.7056,0.5477,0.5182,0.5182,0.5182,0.5182,0.4613,0.4339,0.4072,0.4072,0.4072,0.356,0.356,0.2848,0.2626,0.2626
2014-11-01 00:00:00,2,0.2848,0.2412,0.1634,0.146,0.146,0.146,0.3812,0.2848,0.2626,0.2205,0.1816,0.1816,0.1816,0.1816,1.2359,0.5477,0.3812,0.3315,0.2412,0.2205,0.1816,0.1816,0.2626,0.2412,0.4894,0.4894,0.6404,0.844,0.9547,1.1113,
2014-10-01 00:00:00,2,0.0599,0.0599,0.0599,0.0599,0.0599,0.0599,0.0599,0.0386,0.0386,0.0386,0.0386,0.0386,0.0386,0.0386,0.0386,0.0386,0.0386,0.0386,0.0599,0.0599,0.1137,0.1137,0.1137,0.1137,0.1137,0.2848,0.3812,0.3078,0.2848,0.2205,0.3078
2014-09-01 00:00:00,2,0.146,0.146,0.146,0.146,0.146,0.146,0.1294,0.1137,0.1137,0.1137,0.1137,0.1137,0.1137,0.1137,0.0989,0.085,0.085,0.085,0.085,0.085,0.085,0.085,0.085,0.085,0.085,0.085,0.085,0.085,0.0599,0.0599,
2014-08-01 00:00:00,2,0.2611,0.2393,0.2393,0.2182,0.1981,0.1981,0.1981,0.1981,0.1788,0.1604,0.1604,0.1604,0.1604,0.1604,0.1604,0.1604,0.1788,0.1981,0.1981,0.1981,0.1981,0.1816,0.1634,0.146,0.146,0.146,0.146,0.146,0.146,0.146,0.146
2014-07-01 00:00:00,2,0.1981,0.1788,0.1604,0.1604,0.1604,0.1604,0.1604,0.1604,0.1604,0.1604,0.1604,0.1604,0.1604,0.1604,0.1604,0.1604,0.1604,0.1429,0.1263,0.1263,0.1263,0.1263,0.1263,0.1263,0.1981,0.2611,0.3569,0.4097,0.3569,0.3074,0.2838
2014-06-01 00:00:00,2,0.2393,0.2838,0.2838,0.2611,0.2393,0.2393,0.2393,0.2393,0.2393,0.2393,0.2393,0.2182,0.2182,0.1981,0.1981,0.1981,0.1981,0.1981,0.1981,0.1981,0.1981,0.1981,0.1981,0.1981,0.1981,0.1981,0.1981,0.1981,0.1981,0.1981,
2014-05-01 00:00:00,2,0.2838,0.2838,0.2838,0.2838,0.2838,0.2838,0.2611,0.2393,0.2393,0.2393,0.2393,0.2182,0.2182,0.1981,0.1981,0.1981,0.1981,0.1981,0.1981,0.1981,0.1981,0.1981,0.1981,0.1981,0.1981,0.1981,0.3569,0.2838,0.2611,0.2393,0.2393
2014-04-01 00:00:00,2,0.3569,1.2805,0.686,0.4656,0.4373,0.3829,0.3829,0.3317,0.3317,0.3569,0.3569,0.3569,0.3829,0.3829,0.3829,0.3829,0.3829,0.3829,0.3829,0.3829,0.3317,0.3317,0.3317,0.3317,0.3317,0.3317,0.3317,0.3317,0.3074,0.2838,
2014-03-01 00:00:00,2,0.4656,0.4373,0.4373,0.4097,0.3569,0.3829,0.6522,0.686,0.4097,0.4373,0.4373,0.3829,0.3829,0.3569,0.3569,0.3317,0.3317,0.3317,0.3074,0.2838,0.3317,0.4097,0.4373,0.4373,0.3569,0.3317,0.3317,0.3074,0.2838,0.2838,0.3074
2014-02-01 00:00:00,2,0.4373,0.4373,0.4373,0.4373,0.4373,0.4097,0.4097,0.3569,0.3317,0.3317,0.3317,0.3074,0.3317,0.3317,0.6192,0.5869,0.5555,0.6522,0.6192,0.4656,0.3829,0.3829,0.3829,0.3829,0.3569,0.3317,0.3829,0.4656,,,
2014-01-01 00:00:00,2,1.2805,1.1487,0.9432,0.9042,0.866,0.7205,0.686,0.686,0.686,0.6522,0.5869,0.5555,0.5555,0.5247,0.5247,0.4948,0.5247,0.5555,0.6522,0.686,0.6192,2.075,1.765,0.9042,0.7205,0.686,0.686,0.5869,0.5247,0.4373,0.4373
2013-12-01 00:00:00,2,1.4186,0.8285,0.686,0.6522,0.5869,0.5555,0.6192,0.866,0.7918,0.686,3.0879,3.5444,1.2359,0.9432,0.8285,0.866,0.8285,0.7558,0.6522,0.6192,0.5869,0.6522,0.686,0.7205,7.6988,1.7134,1.6125,2.0326,1.3719,1.3259,1.8171
2013-11-01 00:00:00,2,0.3317,0.3317,0.3317,0.2838,0.2838,0.4097,0.6522,0.5869,0.5247,0.4948,0.3569,0.3317,0.3317,0.2838,0.2838,0.2838,0.2838,0.686,0.5869,0.4373,0.4373,0.4948,0.4948,0.5247,0.686,0.7918,0.7205,0.5247,0.4948,0.4948,
2013-10-01 00:00:00,2,0.3317,0.4656,0.4948,0.4948,0.5247,0.4373,0.4373,0.5869,0.8285,0.6192,0.5247,0.4948,0.4948,0.4948,0.4373,0.3569,0.5247,0.866,1.7134,0.9432,0.7558,0.5869,0.5247,0.4097,0.3829,0.3829,0.3569,0.3317,0.3317,0.3317,0.3317
2013-09-01 00:00:00,2,0.3074,0.3074,0.2838,0.3317,0.4656,0.3829,0.3569,0.3569,0.3317,0.3317,0.3317,0.2838,0.2838,0.2838,0.2838,0.2838,0.2838,0.2838,0.2838,0.2838,0.2838,0.2838,0.2838,0.2838,0.2838,0.3317,0.3317,0.3317,0.3317,0.3317,
2013-08-01 00:00:00,2,0.4373,0.4373,0.4373,0.4097,0.3829,0.3829,0.3829,0.3829,0.3829,0.3569,0.3317,0.3317,0.3317,0.3317,0.3317,0.3569,0.3569,0.3569,0.3569,0.3569,0.3317,0.3317,0.3317,0.3317,0.3317,0.3074,0.3074,0.3074,0.3074,0.3074,0.3074
2013-07-01 00:00:00,2,0.5555,0.5555,0.5247,0.5247,0.4948,0.4948,0.4948,0.4948,0.4948,0.4948,0.4948,0.4948,0.4948,0.4948,0.4948,0.4948,0.4948,0.4373,0.4656,0.4656,0.4948,0.4656,0.4373,0.4373,0.686,0.5247,0.4948,0.4948,0.4948,0.4656,0.4373
2013-06-01 00:00:00,2,0.8285,0.8285,1.1062,1.2805,1.1919,0.8285,0.8285,0.7918,0.7558,0.7558,0.686,0.686,0.686,0.686,0.686,0.686,0.686,0.7205,0.7205,0.7558,0.6192,0.6192,0.6192,0.6192,0.6192,0.6192,0.6192,0.6192,0.5869,0.5555,
2013-05-01 00:00:00,2,0.7558,0.7558,0.7205,0.686,0.686,0.686,0.6522,0.6522,0.6192,0.6192,0.6192,0.6192,0.6192,0.6192,0.6192,0.6192,0.6192,0.6192,0.6192,0.6192,0.6192,0.6192,0.5869,0.5869,0.5869,0.5555,0.5555,1.87,1.1487,0.9042,0.866
2013-04-01 00:00:00,2,1.0644,1.0644,1.0644,1.1062,3.1375,2.4711,2.0326,1.6125,1.4661,1.3719,1.4186,1.4661,1.4661,1.5142,1.3259,1.1919,1.0644,1.0644,0.9829,0.9432,0.9042,0.866,0.866,0.866,0.8285,0.7918,0.7918,0.7918,0.7558,0.7558,
2013-03-01 00:00:00,2,8.1917,2.4258,1.7134,1.3719,1.2359,1.2359,1.1919,1.1487,1.1487,1.1062,1.0644,1.0644,1.0644,1.0644,1.0232,0.9829,0.9042,0.866,0.8285,0.8285,0.8285,0.7918,1.3719,1.3719,1.1062,1.0232,1.1487,2.3809,1.3719,1.2359,1.0644
2013-02-01 00:00:00,2,3.0386,1.9777,2.075,2.2041,2.075,5.2902,2.5167,1.9777,1.7134,1.6125,1.4661,1.3719,1.2359,1.2359,1.1487,1.1062,1.0644,1.0644,0.9829,0.9829,0.9432,0.866,0.8285,0.8285,0.7918,0.7558,0.7558,0.866,,,
2013-01-01 00:00:00,2,0.866,0.7558,0.7558,0.686,0.686,0.6192,0.5869,0.7918,0.9042,0.9432,1.765,1.6626,1.4661,1.1487,1.1919,1.1487,1.4661,1.3719,1.3719,1.4186,1.4661,1.1487,0.9829,0.866,0.9042,4.3565,2.7022,2.0326,2.941,2.2919,4.1891
2012-12-01 00:00:00,2,0.686,0.6522,0.6192,0.6192,0.5555,0.5555,0.5555,0.5247,0.5247,0.866,0.9432,1.0232,0.9042,0.7205,0.686,0.6522,0.4948,0.4948,0.4948,0.7205,0.9042,1.0232,0.866,0.7558,0.7558,0.6522,0.6192,0.7558,1.2359,1.2359,0.9432
2012-11-01 00:00:00,2,0.3317,0.3317,1.2359,0.8285,0.7918,0.5247,0.866,0.866,1.1062,2.5626,1.4186,0.9829,0.9042,0.9432,1.0644,2.9897,1.765,1.2805,0.9432,0.7918,0.7558,0.7558,0.686,0.6192,0.8285,1.0644,0.9829,0.9042,0.7918,0.7558,
2012-10-01 00:00:00,2,0.4373,0.4373,0.4097,0.4097,0.3829,0.3829,0.3829,0.3829,0.3829,0.3829,0.3829,0.3829,0.4948,0.4948,0.4373,0.4097,0.3829,0.3829,0.4097,0.4373,0.4373,0.4373,0.4373,0.4373,0.3829,0.3829,0.3829,0.3569,0.3569,0.3569,0.3569
2012-09-01 00:00:00,2,0.5247,0.4948,0.4948,0.4948,0.4948,0.4948,0.4656,0.4656,0.4656,0.4656,0.4373,0.4373,0.4373,0.4373,0.4373,0.4373,0.4373,0.4373,0.4373,0.4373,0.4373,0.4373,0.4373,0.4373,0.4656,0.4656,0.4948,0.4656,0.4656,0.4373,
2012-08-01 00:00:00,2,0.6522,0.6522,0.6522,0.6522,0.6192,0.6192,0.6192,0.6192,0.6192,0.6192,0.6192,0.6192,0.6192,0.6192,0.6192,0.6192,0.5869,0.5869,0.5869,0.5869,0.5555,0.6192,0.5555,0.5555,0.5555,0.5555,0.5555,0.5555,0.5555,0.5247,0.5247
2012-07-01 00:00:00,2,0.866,0.8285,0.8285,0.8285,0.8285,0.8285,0.8285,0.8285,0.8285,0.8285,0.8285,0.8285,0.8285,0.8285,0.8285,0.8285,0.8285,0.8285,0.8285,0.7558,0.7558,0.7558,0.7558,0.7558,0.7558,0.686,0.686,0.686,0.686,0.6522,0.6522
2012-06-01 00:00:00,2,1.1487,1.4186,1.2359,1.0644,1.1487,1.5142,1.87,1.4186,1.4661,1.2359,1.1919,1.1487,1.1487,1.1062,1.0644,1.0644,1.0232,1.0232,1.0232,1.0232,1.0644,1.0644,1.0644,1.0644,1.0232,1.0232,1.0232,0.9432,0.9042,0.9042,
2012-05-01 00:00:00,2,1.8171,1.8171,1.765,1.765,1.6125,1.6626,1.4661,1.3259,1.2359,1.1919,1.1919,1.1919,1.1487,1.765,2.2478,1.563,1.4661,1.4186,1.2805,1.2359,1.2359,1.2359,1.2359,1.1487,1.1487,1.4661,1.1919,1.1919,1.1487,1.1062,1.1062
2012-04-01 00:00:00,2,1.6626,1.5142,1.5142,1.5142,1.563,1.6626,2.1608,1.765,1.6626,1.4186,1.4186,1.3719,1.3259,1.3259,1.3259,1.2359,1.6626,1.9235,1.8171,1.7134,1.6626,1.563,1.3719,1.3719,1.3719,1.3719,1.8171,1.87,1.765,1.8171,
2012-03-01 00:00:00,2,1.5142,1.5142,1.5142,1.4661,1.4661,1.563,1.7134,1.6125,1.563,1.6125,1.6125,1.7134,3.0386,1.8171,1.7134,2.4258,2.2478,2.075,1.8171,1.8171,1.765,1.7134,1.7134,1.7134,1.6125,1.6125,1.563,1.563,1.6125,1.8171,1.8171
2012-02-01 00:00:00,2,2.6554,2.4258,2.3362,2.1177,2.1177,2.1177,2.1608,2.0326,2.1608,2.2478,3.2879,2.7968,2.4711,2.4711,2.1177,2.1177,2.0326,1.87,2.0326,2.0326,2.0326,1.9777,1.9777,1.9235,1.87,1.8171,1.765,1.6626,1.6125,,
2012-01-01 00:00:00,2,17.7035,35.9293,21.9203,6.9476,5.7197,5.4727,10.5082,33.7335,10.1208,7.8384,6.6817,5.5341,4.9321,4.4695,4.3004,3.9697,3.7018,3.4925,3.4409,3.2879,3.0879,2.941,2.8927,2.7968,2.7022,2.6089,2.5626,2.8927,2.7022,2.8927,4.1891
2011-12-01 00:00:00,2,1.9777,1.7134,1.9235,1.6626,1.5142,1.2805,1.7134,1.9235,1.4186,1.9235,2.075,1.9777,1.6125,1.1919,16.2364,3.3386,12.5,3.4409,10.0438,8.8421,4.8148,5.1698,3.4925,3.0879,2.8927,2.7022,14.8174,9.8904,5.3507,4.5835,18.1313
2011-11-01 00:00:00,2,0.6522,0.5247,0.4948,0.4656,0.4373,0.4373,0.4097,0.3829,0.3829,0.3569,0.3317,0.3829,0.8285,0.686,1.2805,2.4258,1.3719,0.7205,0.6522,0.7205,0.6192,0.5869,2.5167,1.5142,1.0232,1.2359,5.8447,4.5264,2.9897,2.3809,
2011-10-01 00:00:00,2,0.2393,0.2611,0.2838,0.2838,0.2838,0.2838,0.2838,0.2838,0.3074,0.3317,0.3829,0.3829,0.4097,0.4373,0.4373,1.5142,1.1919,1.0232,0.686,0.6192,0.5247,0.5869,0.6192,0.6522,0.6522,0.5247,0.686,0.5869,0.4948,0.686,0.7918
2011-09-01 00:00:00,2,0.3829,0.3829,0.3569,0.3569,0.3829,0.3829,0.3569,0.3569,0.3317,0.3317,0.3317,0.3317,0.3074,0.3074,0.3074,0.3074,0.3074,0.3074,0.3074,0.3074,0.3074,0.2838,0.2838,0.2611,0.2393,0.2393,0.2393,0.2393,0.2393,0.2393,
2011-08-01 00:00:00,2,0.4948,0.4948,0.4948,0.4948,0.4948,0.4948,0.4656,0.4656,0.4373,0.4373,0.4373,0.4373,0.4373,0.4373,0.4373,0.4373,0.4373,0.4097,0.3829,0.3829,0.3829,0.3829,0.4097,0.3829,0.3829,0.3829,0.3829,0.3829,0.3829,0.3829,0.3829
2011-07-01 00:00:00,2,0.686,0.686,0.686,0.686,0.686,0.686,0.6522,0.6192,0.6192,0.6192,0.6192,0.6192,0.6192,0.6192,0.6192,0.6192,0.6192,0.6192,0.5869,0.5555,0.5555,0.5555,0.5555,0.5555,0.5555,0.5247,0.5247,0.4948,0.4948,0.4948,0.4948
2011-06-01 00:00:00,2,0.8285,0.8285,0.8285,0.7558,0.7558,0.7558,0.7558,0.7558,0.866,0.9829,0.9042,0.8285,0.7918,0.7918,0.7558,0.7558,0.7558,0.7558,0.7558,0.7558,0.7558,0.7558,0.7558,0.7558,0.7205,0.7205,0.7205,0.686,0.686,0.686,
2011-05-01 00:00:00,2,1.0232,1.0232,0.9829,0.9829,0.9829,0.9829,0.9829,0.9829,0.9432,0.9042,0.9042,0.9042,0.9042,0.9042,0.9042,0.9042,0.9042,0.9042,0.9042,0.9042,0.9042,0.9042,0.9042,0.9042,0.866,0.8285,0.8285,0.8285,0.8285,0.8285,0.8285
2011-04-01 00:00:00,2,1.3259,1.4186,1.563,1.6125,4.2446,1.9777,1.563,1.4661,1.4186,1.4186,1.4186,1.2805,1.2359,1.1919,1.1487,1.1919,1.1487,1.1487,1.1487,1.1062,1.1062,1.1062,1.1062,1.0644,1.0232,1.0644,1.0644,1.0644,1.0232,1.0232,
2011-03-01 00:00:00,2,1.2805,1.6626,1.5142,1.4661,1.5142,4.4695,3.7548,2.3362,4.4129,2.5167,2.2041,2.1608,1.9777,2.1608,2.1608,3.2879,4.6986,2.9897,2.3809,2.075,1.9777,1.9235,1.765,1.6626,1.6626,1.563,1.563,2.1608,1.7134,1.4661,1.4186
2011-02-01 00:00:00,2,1.1487,1.1487,1.1062,1.0644,1.0232,1.0644,0.9829,0.9829,0.9829,0.9829,0.9829,0.9829,0.9829,0.9829,0.9829,0.9432,0.9432,0.9042,0.9042,0.866,0.866,0.866,0.8285,0.866,1.3259,1.3719,1.0644,0.866,,,
2011-01-01 00:00:00,2,2.6089,2.7968,4.4129,4.9911,4.0242,2.941,2.2041,1.5142,1.5142,1.5142,1.4661,1.87,2.1177,3.1873,3.7548,2.8927,2.3362,2.1608,2.2919,2.075,1.87,1.8171,1.7134,1.6626,1.6125,1.5142,1.5142,1.563,1.5142,1.4661,1.4186
2010-12-01 00:00:00,2,1.3259,1.3259,1.3719,1.4186,1.4661,1.9235,8.0497,2.8446,2.2041,1.9235,1.8171,1.6626,1.9235,1.8171,1.9777,1.9777,1.9235,1.87,1.87,1.8171,1.765,1.7134,1.765,1.8171,1.6125,2.2919,2.1177,1.6125,1.765,1.6626,2.075
2010-11-01 00:00:00,2,0.9829,0.9432,0.8285,0.7918,0.686,1.765,2.1177,1.1919,1.0644,1.2359,1.2805,1.0644,1.0232,0.9829,0.9042,0.9829,1.765,1.1062,0.9829,0.8285,1.1919,4.9321,4.5264,2.4258,2.1177,2.2919,2.3809,1.7134,1.563,1.4661,
2010-10-01 00:00:00,2,0.8285,0.866,0.8285,0.7918,0.8285,0.9432,0.866,0.7918,0.7558,0.7205,0.686,0.6192,0.5869,0.5555,0.5555,0.5555,0.5555,1.9777,1.765,1.0232,0.9042,0.8285,0.6522,0.6192,0.6192,0.6192,0.5555,2.2919,0.9042,0.9042,0.9829
2010-09-01 00:00:00,2,0.5247,0.5247,0.5247,0.4948,0.4948,0.4948,0.4948,0.866,0.7918,0.7205,0.6192,0.6192,0.5869,0.5869,0.5869,0.5869,0.5869,0.5869,0.5869,0.5869,0.5247,0.4948,0.4948,0.4948,0.4948,0.4656,0.4656,0.7558,0.9042,0.8285,
2010-08-01 00:00:00,2,0.686,0.6522,0.6522,0.6192,0.6192,0.6192,0.5869,0.5555,0.5555,0.5555,0.5555,0.5555,0.5555,0.5247,0.4948,0.4948,0.4948,0.5247,0.5247,0.5247,0.5247,0.5555,0.5555,0.5555,0.5555,0.5247,0.5555,0.5555,0.5555,0.5247,0.5247
2010-07-01 00:00:00,2,0.7558,0.7558,0.7918,0.7918,0.7558,0.7558,0.7205,0.7205,0.7205,0.686,0.686,0.686,0.686,0.686,0.7205,0.7205,0.7205,0.7205,0.686,0.686,0.686,0.686,0.686,0.686,0.686,0.6522,0.686,0.686,0.686,0.686,0.686
2010-06-01 00:00:00,2,0.9042,0.9042,0.9042,0.9042,0.9042,0.9042,0.9042,0.866,0.866,0.8285,0.866,0.866,0.866,0.866,0.866,0.866,0.9042,0.866,0.9042,0.866,0.8285,0.7918,0.7558,0.7558,0.7558,0.7558,0.7918,0.7558,0.7558,0.7558,
2010-05-01 00:00:00,2,1.3719,1.1487,1.1919,1.0644,1.0644,1.0644,1.0644,1.0644,1.0644,1.3259,1.5142,1.3259,1.1062,1.0644,1.0644,1.1062,1.0644,1.1062,1.1487,1.3719,1.2805,1.1919,1.1487,1.1919,1.1487,1.1487,1.1487,1.1487,1.1062,1.0644,1.0644
2010-04-01 00:00:00,2,1.765,1.8171,1.87,2.0326,2.941,1.8171,1.7134,1.6626,1.7134,1.6125,1.5142,1.4661,1.4661,1.3259,1.3259,1.2805,1.2359,1.1919,1.1487,1.1487,1.1487,1.1487,1.1062,1.0644,1.1062,1.0644,1.0644,1.0644,1.0644,1.3259,
2010-03-01 00:00:00,2,4.4268,3.0874,11.2175,3.9485,2.7572,2.3832,11.2175,2.4711,2.7968,2.3362,2.2041,2.075,2.0326,2.0326,2.0326,2.0326,3.6491,2.1608,2.0326,2.0326,2.1177,2.1608,3.4409,2.0326,2.1177,2.4711,1.87,1.8171,1.8171,1.8171,1.8171
2010-02-01 00:00:00,2,1.2993,1.2088,1.1641,1.1009,1.1009,1.1009,1.1009,1.1324,1.1009,1.1009,1.0383,1.0383,1.0383,0.9763,0.9763,0.9763,0.9149,0.9149,1.1641,1.0383,1.0383,1.0383,0.9763,1.0383,1.0695,1.6758,1.9218,1.2539,,,
2010-01-01 00:00:00,2,2.9763,3.1432,2.4888,2.3308,2.2787,2.9763,6.128,3.9485,3.3122,2.0731,1.9218,1.8225,1.872,1.9719,1.872,1.7733,1.6758,1.5321,1.4848,1.6276,1.6276,2.3308,1.9719,2.0731,1.9719,1.872,1.2539,1.1009,1.1324,1.2993,1.2539
2009-12-01 00:00:00,2,1.4379,2.703,2.649,1.7733,7.3967,8.3654,4.1861,3.8309,4.9796,3.0317,2.2787,1.4848,1.4848,2.703,2.2787,1.8225,1.8225,1.7244,1.5321,1.3914,1.4848,5.1045,1.4848,1.4379,2.1241,1.6276,1.4379,9.4327,6.1934,14.4209,6.3247
2009-11-01 00:00:00,2,1.4379,1.3452,1.4848,1.1009,0.9763,0.9149,0.8845,0.8845,0.9455,1.0695,1.0383,0.9763,1.2993,1.1324,0.9149,0.8543,0.8543,0.8242,0.7944,0.7647,0.7058,0.6767,0.6478,0.6478,0.6192,0.6192,0.5907,0.6192,0.9149,1.2539,
2009-10-01 00:00:00,2,0.5067,0.4792,0.4519,1.2993,0.7647,0.6767,0.6767,1.0072,0.8845,0.7944,0.6767,0.6478,0.6192,0.6192,0.7944,0.6767,0.6478,1.1009,1.1009,3.5406,1.1641,6.7889,2.4888,1.7733,1.2993,1.7244,2.649,1.7733,1.2539,1.2539,1.3914
2009-09-01 00:00:00,2,0.5625,0.5625,0.5625,0.5907,0.6192,0.6192,0.6192,0.5625,0.5907,0.5625,0.5625,0.5067,0.5067,0.5067,0.5067,0.4792,0.4792,0.4792,0.4519,0.4519,0.4519,0.7647,0.9149,1.0383,0.7647,0.6767,0.5907,0.5067,0.4792,0.5067,
2009-08-01 00:00:00,2,0.6192,0.6478,0.6478,0.6478,0.6192,0.6192,0.6192,0.6192,0.6192,0.6192,0.5907,0.5907,0.5907,0.5907,0.6192,0.6192,0.6192,0.5907,0.5907,0.6192,0.6192,0.6192,0.6192,0.7647,0.7352,0.7352,0.7352,0.6767,0.6478,0.6192,0.6192
2009-07-01 00:00:00,2,0.9149,0.8543,0.8242,0.7944,0.8242,0.7944,0.7944,0.7944,0.7944,0.7647,0.7647,0.7944,0.7647,0.7352,0.7352,0.7352,0.7352,0.7352,0.7352,0.7352,0.7352,0.7352,0.7352,0.7352,0.7058,0.7058,0.7058,0.6767,0.6767,0.6192,0.6192
2009-06-01 00:00:00,2,0.8543,0.8543,0.8543,0.8242,0.8242,0.8543,0.8543,0.8543,0.8242,0.8242,0.8242,0.8242,0.8242,0.8242,0.8242,0.7944,0.7944,0.7944,0.7944,0.7944,0.8242,0.7944,0.7944,0.7944,0.7944,0.7944,1.3914,3.1432,1.1009,1.0072,
2009-05-01 00:00:00,2,1.0383,1.0695,1.1009,1.0695,1.0383,1.0383,1.0383,1.0383,1.0072,0.9763,0.9763,0.9763,0.9455,0.9149,0.9149,0.9455,0.9149,0.9149,0.9149,0.9149,0.9149,0.8845,0.8543,0.8845,0.8845,0.8543,0.8543,0.8543,0.8242,0.8242,0.8242
2009-04-01 00:00:00,2,1.9719,1.7244,1.6276,1.5321,1.5321,1.5797,1.9218,1.7244,1.6758,1.5321,1.2993,1.2539,1.2539,1.2539,1.3914,1.3452,1.2993,1.2539,1.2539,1.1641,1.1641,1.1009,1.1009,1.1009,1.1009,1.1009,1.0695,1.0383,1.0383,1.0383,
2009-03-01 00:00:00,2,1.5797,1.4848,1.3914,1.3452,1.2993,1.3452,1.7244,1.4848,1.3914,1.4379,1.3452,1.3452,1.3452,1.3452,1.3452,1.3452,1.4379,1.6276,1.5797,1.4848,1.3914,1.3452,1.3914,2.1241,1.6758,1.6276,1.7733,1.872,2.649,2.8116,4.4268
2009-02-01 00:00:00,2,1.9218,1.7733,4.9175,2.2269,1.9719,2.1241,2.0731,2.0224,2.1241,3.5406,2.0731,1.9218,2.3308,4.3664,2.9763,2.1241,2.0224,1.9218,1.8225,1.7244,2.2269,2.2787,2.5954,2.8663,3.7141,4.4268,1.7733,1.6758,,,
2009-01-01 00:00:00,2,2.1753,2.7572,2.4888,2.2787,6.128,4.1861,2.2269,2.1241,1.8225,1.7733,1.6758,1.5797,1.5321,1.3914,2.4888,1.6758,1.6276,1.8225,2.0224,1.7733,3.0874,2.4888,2.2269,2.0731,1.7733,2.3308,2.703,2.8116,2.3832,2.1753,2.0224
2008-12-01 00:00:00,2,0.5067,0.4519,0.3983,0.3983,0.3458,0.3458,0.3983,0.3719,0.4792,0.3719,0.3458,0.3458,0.9149,0.5907,1.0072,6.0628,8.6471,9.2887,5.9329,6.1934,1.6758,1.5797,3.3689,1.7244,1.9218,1.872,4.4875,11.0386,4.5484,4.1264,4.1264
2008-11-01 00:00:00,2,2.0224,0.6192,0.32,0.2946,0.2946,0.2946,0.5067,0.5345,1.1641,1.6276,1.0695,1.0695,1.0695,0.8845,0.8242,0.7352,0.7058,1.0695,0.7944,0.7058,0.6478,0.6192,0.5625,0.5625,0.5067,0.5067,0.5345,0.6767,0.6192,0.5625,
2008-10-01 00:00:00,2,0.5067,0.4519,0.4519,0.4519,0.4519,0.425,0.425,0.425,0.4519,0.3983,0.3983,0.3983,0.3458,0.32,0.2946,0.2946,0.32,0.3458,0.425,0.4792,0.425,0.3458,0.3458,0.2946,0.2946,0.2448,0.2448,0.2448,0.2448,0.1967,0.2946
2008-09-01 00:00:00,2,0.5345,0.4792,0.4519,0.4519,0.3983,0.3983,0.3719,0.3458,0.3458,0.3458,0.3458,0.3458,0.32,0.3458,0.3719,0.4792,0.6478,0.5907,0.5067,0.5067,0.5345,1.1324,0.6478,0.5067,0.5067,0.5067,0.5625,0.5907,0.5345,0.5067,
2008-08-01 00:00:00,2,0.4792,0.4519,0.4519,0.4519,0.5067,0.7944,0.6478,0.5625,0.5907,0.5345,0.5345,0.5067,0.4792,0.4792,0.4792,0.4792,0.4792,0.4519,0.4519,0.4519,0.4519,0.4519,0.4519,0.4519,0.4519,0.425,0.425,0.3983,0.3983,0.4792,0.5345
2008-07-01 00:00:00,2,0.7058,0.7058,0.6767,0.6767,0.6478,0.6478,0.6192,0.6192,0.6192,0.6192,0.6192,0.5907,0.5907,0.5907,0.5625,0.5625,0.5907,0.5625,0.5907,0.5907,0.5625,0.5345,0.5345,0.5345,0.5345,0.5067,0.5067,0.5067,0.5067,0.5067,0.5067
2008-06-01 00:00:00,2,0.7352,0.7647,0.7647,0.7647,0.7647,0.7352,0.7352,0.7352,0.7352,0.7352,0.7352,0.7058,0.7058,0.7058,0.6767,0.6767,0.6767,0.7058,0.7058,0.7058,0.6767,0.6767,0.6767,0.7352,0.7647,0.7352,0.7352,0.7058,0.6767,0.6767,
2008-05-01 00:00:00,2,1.0383,1.0383,1.0383,1.0383,1.0072,0.9763,0.9455,0.9455,0.9149,0.9149,0.9455,0.9149,0.9149,0.9149,0.8845,0.8845,0.8845,0.8845,0.9149,0.8543,0.8543,0.8242,0.8242,0.8242,0.8242,0.8242,0.7944,0.7944,0.7944,0.7647,0.7352
2008-04-01 00:00:00,2,1.3452,1.3452,1.3452,1.3914,2.3832,2.703,2.7572,1.9719,1.9218,1.7244,1.872,1.6758,1.5797,1.4848,1.4379,1.4379,1.4379,1.4379,1.3914,1.3452,1.3452,1.2539,1.2088,1.1641,1.1324,1.1009,1.1009,1.1009,1.1009,1.0383,
2008-03-01 00:00:00,2,1.6758,1.7244,1.4848,1.2539,1.1641,1.0383,1.2088,1.2993,1.3914,1.9719,3.0317,4.0669,3.2556,2.5419,2.1241,2.9763,2.4358,2.0224,1.8225,1.7244,1.5321,1.3452,1.6276,2.7572,7.465,2.0731,2.3308,2.2787,1.7733,1.6276,1.4379
2008-02-01 00:00:00,2,1.4379,1.2993,1.4848,3.7141,2.9763,1.872,2.3832,4.7321,3.0874,1.7244,1.4848,1.2993,1.1641,1.1009,1.0383,1.0072,0.9763,0.9149,2.5419,1.6276,1.1641,1.1641,1.1009,1.5797,5.7392,2.2269,1.5321,1.3452,1.2539,,
2008-01-01 00:00:00,2,0.4519,0.425,0.3983,0.3983,0.3983,0.6767,0.8543,0.6767,1.0072,0.6767,0.5625,1.5321,1.1641,0.8543,0.6767,0.5907,0.5345,0.4519,0.425,1.0383,0.8543,0.8845,1.0383,0.9149,0.8543,0.7647,0.9149,1.1641,1.1009,10.5082,2.649
2007-12-01 00:00:00,2,0.7352,0.5067,0.425,0.3983,0.3983,0.3983,0.425,0.5067,1.2539,0.6478,0.5625,0.4792,0.5067,0.7352,0.6192,0.5067,0.4792,0.425,0.3983,0.9149,2.7572,1.2993,1.1009,1.0072,0.8543,0.7647,0.6767,0.5625,0.5625,0.5067,0.5067
2007-11-01 00:00:00,2,0.3983,0.3983,0.3458,0.3719,0.5625,0.5067,0.4792,0.5067,0.5067,0.5067,0.5067,0.5067,1.3452,0.8242,0.5907,0.5067,0.3983,0.3983,0.3983,0.5067,0.5345,0.5067,0.5067,0.5067,0.5067,0.4792,0.5625,0.4519,0.3983,0.9455,
2007-10-01 00:00:00,2,0.2946,0.2946,0.2946,0.2946,0.2695,0.2448,0.2448,0.2205,0.2205,0.2205,0.2205,0.2205,0.2205,0.2205,0.2205,0.2205,0.2205,0.2205,0.5067,0.7058,0.4792,0.5067,0.8845,0.6192,0.5907,0.6192,0.5907,0.5345,0.425,0.3983,0.3983
2007-09-01 00:00:00,2,0.3983,0.3983,0.3983,0.3983,0.3458,0.3458,0.3458,0.3458,0.3458,0.3719,0.3458,0.3458,0.3458,0.3458,0.3458,0.3458,0.32,0.32,0.32,0.2946,0.2946,0.2946,0.2946,0.2695,0.2448,0.2695,0.2695,0.2946,0.2946,0.2946,
2007-08-01 00:00:00,2,0.5625,0.5625,0.5625,0.5625,0.5625,0.5625,0.5345,0.5345,0.5067,0.5067,0.5067,0.5067,0.4792,0.4792,0.4792,0.4792,0.4519,0.4519,0.4519,0.4792,0.4519,0.4519,0.425,0.425,0.425,0.425,0.3983,0.3719,0.3458,0.3983,0.3983
2007-07-01 00:00:00,2,0.6192,0.6192,0.6192,0.6478,0.6478,0.6478,0.6478,0.6192,0.6192,0.6192,0.5907,0.5625,0.5625,0.5907,0.5625,0.5625,0.5625,0.5625,0.5625,0.5625,0.5625,0.5625,0.5345,0.5345,0.5345,0.5345,0.5625,0.6478,0.5907,0.5907,0.5907
2007-06-01 00:00:00,2,0.7944,0.7944,0.7944,0.7647,0.7058,0.6767,0.7058,0.6767,0.6767,0.6767,0.6767,0.7058,0.7352,0.7058,0.7058,0.7058,0.7352,0.7058,0.6767,0.6767,0.6767,0.6767,0.6767,0.6767,0.6478,0.6192,0.6478,0.6192,0.6192,0.6478,
2007-05-01 00:00:00,2,1.0072,0.9763,0.9149,0.9149,0.9149,0.8543,0.8543,0.8543,0.8543,0.8543,0.7944,0.8242,0.8543,0.8242,0.7944,0.7647,0.7352,0.7352,0.7647,0.7944,0.7944,0.7944,0.8543,0.8845,0.8845,0.8543,0.7944,1.0383,0.8845,0.8242,0.7944
2007-04-01 00:00:00,2,0.9763,0.9763,0.9763,0.9455,0.9149,0.9149,0.9455,1.2993,1.3914,1.2993,1.1324,1.0383,1.0383,0.9763,0.9763,0.9763,0.9763,0.9763,0.9763,0.9149,0.9455,1.2993,1.2539,0.9763,0.8242,0.8543,0.8845,1.1009,1.1641,1.1324,
2007-03-01 00:00:00,2,1.5321,1.3914,1.3914,1.3914,1.3914,1.3914,1.3914,1.2993,1.2539,1.2539,1.2088,1.2088,1.1324,1.1009,1.1009,1.1009,1.0695,1.2088,2.1241,1.3914,1.3452,1.3452,1.2539,1.1324,1.1009,1.0695,1.0383,0.9763,0.9763,0.9763,0.9763
2007-02-01 00:00:00,2,3.2556,2.9212,2.7572,2.649,2.3832,3.656,2.8116,2.649,2.3832,2.2269,2.1753,2.703,2.7572,2.3308,2.2787,2.1241,1.9218,1.8225,1.872,1.8225,1.7733,1.7244,1.6758,1.6276,1.6758,1.7244,1.7244,1.6276,,,
2007-01-01 00:00:00,2,2.8116,1.8225,2.8663,8.506,6.9229,4.6094,3.2556,2.703,3.3122,2.9763,2.4358,2.1753,2.0731,1.5797,2.5954,21.0046,5.2931,3.2556,3.656,2.7572,2.9763,9.4327,4.3061,5.6109,4.246,3.8896,3.4831,3.3689,2.9212,3.3689,4.6707
2006-12-01 00:00:00,2,2.2269,1.2993,1.1324,1.0072,0.9455,1.9719,1.3452,1.6758,1.5797,1.3914,1.2539,1.2088,1.2993,1.9719,1.7733,3.7724,2.2787,1.7244,1.3914,1.3452,1.3914,1.2088,1.0695,1.0695,1.2539,1.3914,1.4848,1.3914,1.4848,1.4379,8.0163
2006-11-01 00:00:00,2,0.4792,1.1641,1.1009,0.9455,0.8242,0.6478,0.6192,0.9763,0.6478,1.2993,1.1641,0.8845,0.7944,3.3689,1.0695,1.0695,1.1324,0.7647,0.6767,1.872,0.9763,1.4848,0.9763,1.0383,0.8242,0.7352,0.8845,0.8242,3.0874,5.042,
2006-10-01 00:00:00,2,0.4519,0.3983,0.425,0.3983,0.3719,0.3458,0.5345,0.7352,0.5067,0.6478,0.5345,0.4519,0.5345,0.6192,0.5345,0.425,0.3719,0.3719,1.3914,0.8845,0.5907,0.4792,0.5907,0.6192,0.5067,0.9763,0.5625,0.5625,0.5907,0.5067,0.425
2006-09-01 00:00:00,2,0.3458,0.3983,0.6767,0.4792,0.3983,0.3983,0.3719,0.3458,0.3458,0.3458,0.32,0.32,0.2946,0.2695,0.2448,0.2448,0.2448,0.2448,0.2946,0.3458,0.6478,0.6478,0.8845,0.6192,0.5625,0.4792,0.425,0.3983,0.3719,0.3458,
2006-08-01 00:00:00,2,0.3983,0.3983,0.4519,0.425,0.3983,0.3983,0.3719,0.3983,0.3458,0.3458,0.3458,0.3458,0.3458,0.3458,0.3458,0.32,0.3458,0.3458,0.32,0.2946,0.3983,0.3458,0.3458,0.32,0.32,0.3458,0.32,0.3458,0.425,0.3983,0.3458
2006-07-01 00:00:00,2,0.5625,0.5625,0.5625,0.5625,0.5345,0.5345,0.5625,0.5625,0.5625,0.5345,0.4792,0.4519,0.4519,0.4519,0.4519,0.4519,0.4519,0.4519,0.4519,0.4519,0.4519,0.425,0.425,0.425,0.3983,0.3983,0.3983,0.3719,0.3983,0.3983,0.4519
2006-06-01 00:00:00,2,0.6192,0.6192,0.5907,0.6192,0.6192,0.6192,0.6192,0.5907,0.5625,0.5625,0.5625,0.5625,0.5625,0.5625,0.5625,0.5345,0.5625,0.5625,0.5067,0.5625,0.5625,0.5625,0.5625,0.5625,0.5625,0.5625,0.7058,0.5907,0.5625,0.5625,
2006-05-01 00:00:00,2,0.7352,0.7352,0.7352,0.7058,0.6192,0.6192,0.6767,0.6767,0.6767,0.6767,0.8845,0.7944,0.7352,0.7352,0.7352,0.7352,0.7058,0.6767,0.6192,0.6192,0.6767,0.6767,0.6767,0.6767,0.6478,0.6192,0.6192,0.6192,0.6192,0.6192,0.6192
2006-04-01 00:00:00,2,0.9455,0.9149,0.9149,0.9149,0.8845,0.9149,0.8845,0.9149,2.649,1.2539,1.0383,0.9455,1.7244,0.9763,0.9455,0.8845,0.8845,0.9763,0.9149,0.9149,0.8845,0.8543,0.7944,0.7944,0.7352,0.7352,0.7647,0.7647,0.7352,0.7352,
2006-03-01 00:00:00,2,1.1641,1.2088,1.0072,0.8845,1.3914,2.4888,3.1432,1.4848,1.1324,1.0695,1.9719,1.6758,1.3914,1.5321,2.2269,2.9763,1.6276,1.5321,3.0874,1.5321,1.5797,0.9455,1.1641,1.1009,1.1641,1.2539,1.1324,1.1641,1.0695,1.0072,0.9763
2006-02-01 00:00:00,2,1.2993,1.0695,0.9455,0.8543,0.8543,0.7647,0.7944,0.7352,0.7944,0.7944,0.7944,2.4358,2.2269,1.2088,1.0072,1.0695,0.9763,0.8845,0.8242,0.7944,0.7647,0.7352,0.7944,0.8845,0.9149,1.0383,1.5797,0.9455,,,
2006-01-01 00:00:00,2,0.9763,0.9763,1.1641,1.0695,5.8681,8.1555,2.2787,1.9218,1.5321,1.2993,1.2088,1.1324,1.0695,1.0383,1.0072,0.9455,0.9455,0.9149,0.9149,0.8543,0.8242,0.7944,0.7944,0.7647,0.7352,0.7058,0.6767,0.9149,0.8543,2.1241,1.2993
2005-12-01 00:00:00,2,0.9763,1.2993,2.3832,1.1641,1.0072,0.9149,2.4358,1.2993,1.2993,1.1324,5.2931,2.5954,2.0731,4.4268,4.4268,2.2269,1.7733,1.6758,1.4848,2.703,1.5797,1.2993,1.2088,1.1324,1.1009,1.8225,1.5321,1.2088,1.1009,1.0383,1.0072
2005-11-01 00:00:00,2,0.5907,0.7944,0.5625,0.5345,0.7647,0.5907,0.5625,0.8242,1.5321,0.7944,1.0695,0.8845,0.8845,0.6478,0.5907,0.5625,0.5345,1.2539,1.6758,9.7223,2.5419,1.2088,1.1324,3.5982,3.0874,2.7572,1.3452,1.1009,1.0383,1.0383,
2005-10-01 00:00:00,2,0.5625,0.5345,0.5067,0.5067,0.5067,0.4792,0.4792,0.3983,0.4519,0.3983,0.3458,0.3458,0.3458,0.32,0.2946,0.2946,0.2695,0.2695,0.2695,0.2946,0.2695,0.2695,0.2946,0.2946,0.2946,0.32,0.3719,0.3983,0.425,0.3719,0.425
2005-09-01 00:00:00,2,0.5067,0.4792,0.5067,0.5067,0.4792,0.4792,0.6192,0.6767,0.7058,0.6192,0.5345,0.5345,0.5067,0.4792,0.5067,0.4792,0.4519,0.6767,0.8242,0.7058,0.5907,0.5067,0.5067,0.5067,0.5067,0.9763,0.6478,0.6767,0.6192,0.5625,
2005-08-01 00:00:00,2,0.6478,0.6767,0.6767,0.6478,0.6192,0.6192,0.6192,0.6192,0.6192,0.6192,0.6478,0.6192,0.6192,0.6478,0.6478,0.5907,0.5907,0.5625,0.5625,0.5625,0.5625,0.5625,0.5625,0.5345,0.5345,0.5345,0.5345,0.5345,0.5345,0.5067,0.5067
2005-07-01 00:00:00,2,0.8543,0.8543,0.8242,0.8242,0.7944,0.8242,0.7944,0.7944,0.7647,0.7944,0.8242,0.7944,0.7647,0.7352,0.7352,0.7352,0.7352,0.7647,0.7352,0.7944,0.7944,0.7352,0.7058,0.7058,0.7352,0.6767,0.7058,0.7058,0.7058,0.6767,0.6767
2005-06-01 00:00:00,2,0.9763,0.9763,0.9455,0.9149,0.9149,0.9149,0.8845,0.8543,0.8845,0.8543,0.8242,0.8242,0.8242,0.8242,0.7944,0.7944,0.7944,0.7944,0.9455,0.9149,1.2993,1.0695,0.9763,0.9763,0.9149,0.9149,0.8845,0.8845,0.8543,0.8543,
2005-05-01 00:00:00,2,1.3914,1.2088,1.0695,1.0383,1.0072,1.0072,0.9455,0.9763,0.9455,0.9763,0.9763,0.9455,0.9149,0.9149,0.9149,0.8845,0.8845,0.8845,0.8845,0.8543,0.8242,0.8543,1.3914,1.2539,1.1641,2.649,1.2993,1.1009,1.1009,1.0072,1.0072
2005-04-01 00:00:00,2,1.6758,1.6276,1.5321,1.4848,1.4379,1.3914,1.3452,1.4379,1.3914,1.2539,1.2993,1.1641,1.1641,1.1324,1.1009,1.1009,1.1009,1.0695,1.0383,1.0695,1.0383,1.0695,1.0383,1.0383,1.0072,1.0072,1.0383,1.0383,1.7733,1.3914,
2005-03-01 00:00:00,2,2.9212,2.4888,8.506,13.256,6.259,4.1861,3.4259,3.0317,2.8663,2.649,2.3832,2.2269,2.2269,2.1241,2.1241,3.3122,2.8663,4.1264,3.2556,2.4358,2.2269,2.4358,2.2269,2.0731,2.4358,2.2269,1.9719,2.2269,2.2787,1.7733,1.872
2005-02-01 00:00:00,2,2.4888,2.2787,2.3832,3.1432,5.042,4.1264,2.2269,1.8225,1.7244,1.872,1.6276,1.4848,1.5797,1.3914,1.3452,1.3452,1.4379,1.2539,3.0317,2.4358,1.4848,1.3452,1.2539,1.1324,1.9218,5.23,2.1241,3.1432,,,
2005-01-01 00:00:00,2,2.0224,4.0669,1.4379,1.2539,4.6094,3.8309,2.5954,4.3061,3.3122,2.2269,1.9218,2.0224,2.3308,1.8225,1.5321,1.3452,2.0731,2.9763,4.6707,2.5419,2.1753,1.9218,2.1753,1.7733,1.3452,1.4379,6.259,3.1432,9.1452,4.246,3.1993
2004-12-01 00:00:00,2,0.5907,0.4519,0.3983,0.4519,0.3983,0.6767,1.4379,0.7352,0.6192,2.703,1.5321,2.649,2.1241,1.0695,0.7647,0.6767,0.6478,0.6192,0.7944,0.9149,1.7244,1.9719,3.8896,3.4831,4.9175,2.3308,1.6276,1.2539,1.1009,1.3452,1.3452
2004-11-01 00:00:00,2,0.2946,0.425,0.3719,0.3458,0.2946,0.2946,0.32,0.3458,0.2946,0.2946,0.2946,0.2695,0.2695,0.2946,0.2946,0.32,0.3458,0.5625,0.5067,1.1324,0.4792,0.3983,0.4519,0.32,0.2946,0.2946,0.2946,0.2946,0.5067,1.4379,
2004-10-01 00:00:00,2,0.32,0.32,0.3458,0.8845,0.7058,0.425,0.3983,0.3719,0.3458,0.3458,0.3458,0.425,0.4519,0.5067,0.3983,0.3983,0.3719,0.3458,0.32,0.2946,0.2946,0.2946,0.2946,0.2946,0.2946,0.4519,0.4519,0.425,0.3458,0.3458,0.32
2004-09-01 00:00:00,2,0.3983,0.3983,0.3983,0.3983,0.3983,0.3983,0.3983,0.3983,0.3458,0.3458,0.3458,0.3719,0.3983,0.3719,0.3458,0.3458,0.3458,0.3458,0.3983,0.3719,0.3458,0.3458,0.3458,0.3458,0.3458,0.3458,0.3458,0.3458,0.3458,0.3458,
2004-08-01 00:00:00,2,0.6192,0.6192,0.5907,0.5625,0.5625,0.5625,0.5625,0.5625,0.5625,0.5345,0.5067,0.5067,0.5067,0.4792,0.4792,0.5067,0.4792,0.4519,0.4519,0.4519,0.4519,0.4519,0.4519,0.4519,0.4519,0.4519,0.4519,0.4519,0.4519,0.425,0.3983
2004-07-01 00:00:00,2,0.7058,0.6192,0.6767,0.6192,0.6192,0.6192,0.6192,0.6192,0.6192,0.6192,1.3452,0.8242,0.7647,0.7058,0.6767,0.6478,0.6192,0.6192,0.6192,0.9149,0.9763,0.7352,0.6767,0.6192,0.6192,0.6192,0.6192,0.6192,0.6192,0.6192,0.6192
2004-06-01 00:00:00,2,0.9149,0.9149,1.0072,1.0072,0.9455,0.9149,0.8845,0.8242,0.7944,0.7944,0.7647,0.7352,0.7352,0.7352,0.7647,0.7647,0.7058,0.7058,0.7058,0.7058,0.7352,0.6767,0.6767,0.6767,0.6767,0.6478,0.6478,0.6767,0.6478,0.6192,
2004-05-01 00:00:00,2,0.9149,0.9149,0.9149,0.8543,0.9149,0.8845,0.8845,0.8242,0.9149,0.8543,0.8242,0.8242,0.7944,0.7944,0.7944,0.8543,0.8543,0.8242,0.8242,0.7944,0.7944,0.7647,0.7944,0.7944,0.7944,0.8543,0.9149,0.8543,0.9149,1.2539,1.0072
2004-04-01 00:00:00,2,1.7733,1.2993,1.1641,1.1641,2.2269,1.6758,1.5321,1.4379,1.2539,1.2539,1.7244,4.3061,2.0731,1.4379,1.4379,1.2539,1.2088,1.3914,1.1324,1.0695,1.0383,1.0383,1.0383,1.0383,0.9763,1.0695,1.0695,1.0383,0.9763,0.9763,
2004-03-01 00:00:00,2,2.4888,4.9796,2.8116,2.3308,3.5982,2.649,2.4358,2.2269,1.9719,1.872,1.7733,1.7244,1.872,1.7733,1.872,1.9218,1.7244,1.6276,1.5321,1.5321,1.6758,1.4379,1.3914,1.3452,1.2993,1.2993,1.2088,1.2539,1.2539,1.5321,1.2539
2004-02-01 00:00:00,2,1.1641,1.5321,2.3308,1.3914,1.2088,1.1641,1.1324,2.1753,2.3308,1.6758,4.4268,2.9763,2.0224,1.7244,4.3061,3.8309,2.7572,2.5954,2.4888,2.4358,3.3122,2.5419,2.2787,3.0874,2.4358,2.5419,2.3308,6.9229,3.0317,,
2004-01-01 00:00:00,2,1.5321,1.1009,3.8309,2.8116,1.4379,1.1641,2.2269,1.6758,7.2606,15.0171,5.4197,4.3664,4.3061,3.1432,3.1432,3.1432,2.4358,1.9719,1.8225,1.6276,1.5321,1.3914,7.7395,2.7572,2.1753,1.9218,1.7244,1.6758,1.4848,1.3452,1.2088
2003-12-01 00:00:00,2,1.4848,1.9719,1.1324,0.8543,1.1324,5.7392,3.5982,3.5406,2.2787,2.0731,1.3914,1.0695,1.2993,1.9218,1.0072,0.8845,0.7647,0.7352,0.7647,0.7352,0.6767,4.1861,1.5321,1.0072,0.8543,0.8242,0.7647,0.7647,0.7944,0.8845,1.1009
2003-11-01 00:00:00,2,0.3983,0.425,1.5797,0.7352,0.425,0.3719,0.7058,1.6758,0.8543,0.7647,0.5907,0.4519,0.425,0.425,0.3983,0.425,1.0695,0.7352,0.5907,2.8116,1.3914,0.7647,0.5907,0.4792,0.425,0.4519,0.4519,0.4519,0.8543,0.7352,
2003-10-01 00:00:00,2,0.3983,0.3458,0.2946,0.2695,0.2946,0.2695,0.2448,0.2695,0.3719,0.4519,0.3983,0.4519,0.425,0.3719,0.2695,0.2695,0.2448,0.2448,0.2448,0.2448,0.2205,0.1967,0.2448,0.3719,0.3719,0.3458,0.2946,0.2695,0.2448,0.2205,0.2448
2003-09-01 00:00:00,2,0.4792,0.425,0.425,0.4519,0.4519,0.425,0.425,0.3983,0.3719,0.425,0.3983,0.3983,0.3983,0.3983,0.3983,0.3458,0.3983,0.4519,0.425,0.3458,0.3458,0.3458,0.32,0.2946,0.2695,0.2695,0.2695,0.32,0.425,0.425,
2003-08-01 00:00:00,2,0.6192,0.6478,0.6192,0.5907,0.5907,0.5907,0.5625,0.5345,0.5067,0.5345,0.5345,0.5345,0.5345,0.5345,0.5345,0.7944,0.6767,0.6192,0.5625,0.5625,0.5067,0.4792,0.4792,0.5345,0.4792,0.5067,0.5907,0.5625,0.5345,0.5345,0.5067
2003-07-01 00:00:00,2,0.6192,0.6478,0.6478,0.6192,0.6192,0.6478,0.7352,0.6192,0.6192,0.6478,0.6192,0.6192,0.6478,0.7058,0.6478,0.6767,0.6192,0.6192,0.6192,0.6192,0.6478,0.6192,0.6192,0.6192,0.6192,0.6192,0.5907,0.5907,0.5625,0.5907,0.6192
2003-06-01 00:00:00,2,0.9149,0.8845,0.8543,0.8845,0.8543,0.8242,0.8242,0.8242,0.8242,0.7647,0.7944,0.7944,0.7647,0.7352,0.7647,0.7647,0.7352,0.7352,0.7352,0.7058,0.7352,0.7352,0.7058,0.7058,0.6767,0.6767,0.6478,0.6478,0.6767,0.6478,
2003-05-01 00:00:00,2,1.0072,0.9455,1.0383,1.0383,1.0072,2.4888,1.4848,1.2088,1.1009,1.0695,1.0695,1.0383,1.0383,1.0383,1.0072,1.0072,1.0072,0.9763,0.9763,0.9149,0.9455,0.9763,0.9455,0.9763,0.9763,0.9149,0.9149,0.9149,0.9149,0.9149,0.9149
2003-04-01 00:00:00,2,1.7733,1.7244,1.6758,1.9218,2.2787,2.1753,2.2787,1.872,1.8225,1.7244,2.0224,1.9218,1.6758,1.5797,1.4848,1.4848,1.3452,1.3452,1.2539,1.2539,1.2088,1.1641,1.1641,1.1641,1.1641,1.1324,1.1324,1.0695,1.0383,1.0383,
2003-03-01 00:00:00,2,1.3452,1.3452,1.2993,1.4848,1.5321,1.3914,1.3452,1.4848,1.7733,1.6758,2.5419,2.7572,4.5484,3.4831,2.649,7.7395,9.7223,4.0669,3.1432,2.8116,3.1993,4.4875,4.6707,2.8663,2.5954,2.2787,2.3832,2.4888,2.2269,1.9719,1.872
2003-02-01 00:00:00,2,3.656,3.3122,3.0874,2.8663,2.7572,2.4888,2.4888,2.3308,2.2787,2.1753,2.1241,2.0224,1.9218,1.9218,1.872,2.8116,2.703,2.2787,2.4888,2.3308,2.8663,2.0224,1.872,1.6758,1.5797,1.5321,1.5321,1.4848,,,
2003-01-01 00:00:00,2,1.3452,2.2787,5.23,3.2556,2.7572,2.8116,2.8663,2.7572,4.1861,2.0731,2.8663,2.3308,2.5954,2.3832,2.1753,48.596,9.2169,21.9203,10.0138,5.9329,6.1934,9.795,5.042,4.6094,4.0669,3.8309,3.5406,3.3689,4.3061,6.3905,5.4197
2002-12-01 00:00:00,2,0.5625,0.5345,0.4792,0.4519,0.425,0.3983,0.4792,0.5907,0.5345,0.5625,1.5321,1.9719,3.7141,2.4358,2.3832,3.2556,4.4268,2.2787,1.4848,1.2088,1.0383,8.2253,2.5954,1.7244,2.4888,1.8225,1.2088,1.4848,1.6276,1.5321,1.5797
2002-11-01 00:00:00,2,0.9763,2.4888,1.2088,0.6478,0.6192,1.0383,1.1641,0.7058,0.6192,0.5625,0.5345,1.872,1.1324,0.7058,0.6192,0.5907,0.5625,0.6192,0.6192,0.5345,0.6478,0.7647,0.9763,1.872,3.1993,1.1009,0.8242,0.7647,0.6478,0.6192,
2002-10-01 00:00:00,2,0.4519,0.4792,0.5067,0.4792,0.4792,0.4519,0.3983,0.4519,0.3719,0.4519,0.32,0.32,0.3458,0.32,0.32,0.2695,0.2946,0.2695,0.2946,0.2946,0.2946,0.2946,0.3458,0.3719,0.2946,0.2448,0.2946,0.4519,1.1324,0.7352,0.7352
2002-09-01 00:00:00,2,0.5907,0.8543,0.7058,0.5907,0.5067,0.5067,0.5345,0.5625,0.5345,0.5067,0.4519,0.4519,0.4519,0.3983,0.4519,0.3983,0.425,0.3983,0.3983,0.3983,0.3719,0.4792,0.5345,0.7944,1.7733,0.8543,0.6192,0.4792,0.5345,0.5067,
2002-08-01 00:00:00,2,0.5067,0.5067,0.5067,0.5067,0.5345,0.5067,0.4519,0.4792,0.4519,0.4519,0.3983,0.425,0.4519,0.425,0.425,0.425,0.425,0.425,0.4519,0.4519,0.4519,0.4519,0.425,0.4519,0.425,0.425,0.3983,0.3983,0.425,0.3983,0.3983
2002-07-01 00:00:00,2,0.5907,0.5625,0.5625,0.5625,0.5625,0.5625,0.5625,0.5625,0.5345,0.5345,0.5907,0.6192,0.6478,0.6192,0.6192,0.5907,0.6192,0.5907,0.5625,0.5625,0.5625,0.5625,0.6192,0.6192,0.5907,0.5345,0.5345,0.5067,0.5345,0.5067,0.5345
2002-06-01 00:00:00,2,0.6767,0.6767,0.6767,0.7058,0.6478,0.6767,0.6767,0.6478,0.6478,0.6478,0.6478,0.6478,0.6478,0.6192,0.6478,0.6192,0.6478,0.6192,0.6192,0.6192,0.6192,0.6192,0.6192,0.6192,0.6192,0.6192,0.6192,0.7058,0.6192,0.6192,
2002-05-01 00:00:00,2,0.7352,0.7352,0.7352,0.7352,0.7352,0.7647,0.7352,0.7647,0.7352,0.8242,0.7647,0.7352,0.7352,0.7352,0.7352,0.7352,0.7058,0.6767,0.6767,0.6767,0.7352,0.7352,0.7944,0.7352,0.7352,0.7352,0.6767,0.6767,0.6767,0.7352,0.6767
2002-04-01 00:00:00,2,1.0695,1.0072,0.9455,0.9763,0.9455,0.9763,0.9455,1.0072,0.9149,1.0072,0.9149,0.9149,1.0072,0.9763,0.8845,0.8845,0.8543,0.8242,0.8242,0.8242,0.7944,0.7944,0.7944,0.7944,0.7647,0.7647,0.7352,0.7352,0.7352,0.7352,
2002-03-01 00:00:00,2,2.2787,2.0731,1.9719,1.8225,1.7244,1.6758,1.5797,1.5797,2.703,1.7733,1.5797,1.5321,1.4379,1.4379,1.5321,2.0224,1.8225,1.5797,3.3689,1.8225,1.872,1.4848,1.3914,1.3452,1.3914,1.3452,1.8225,1.6758,1.3914,1.1009,1.1009
2002-02-01 00:00:00,2,1.7733,3.0874,2.703,1.7244,1.4848,1.3914,1.2993,2.1241,5.8681,2.8116,2.0731,1.6758,1.5321,1.3452,1.6758,1.4379,2.8116,7.3286,4.0076,3.656,3.656,4.0076,6.1934,3.2556,3.1993,4.3061,2.703,2.4888,,,
2002-01-01 00:00:00,2,4.3116,3.7063,2.9089,2.5593,2.8643,2.6451,2.1863,2.0662,1.8923,1.7259,1.6721,1.6721,1.6721,2.7758,2.3493,2.602,1.836,6.2658,6.8114,3.9042,2.8199,2.4745,2.2673,3.4643,3.4643,2.732,2.5593,8.0184,2.5419,2.1753,1.9719
2001-12-01 00:00:00,2,2.1258,2.2267,1.1363,1.0499,0.8108,0.7739,3.9042,1.4655,1.1363,0.9668,0.8871,0.9668,0.7739,0.7739,1.1808,2.8643,11.2175,3.5122,2.5593,2.1258,2.3493,1.7805,1.5671,1.5671,1.7805,1.7259,1.7805,3.9543,5.171,5.5652,4.2084
2001-11-01 00:00:00,2,0.6349,0.5396,0.6023,1.2723,1.2723,0.9668,0.6684,0.5705,1.0927,0.6349,0.4245,0.3471,1.0927,1.3672,2.6884,1.0927,0.8871,3.0444,1.5159,2.1863,1.2723,1.0079,0.9265,1.0927,0.9265,0.8871,0.7379,0.6349,0.6349,0.7027,
2001-10-01 00:00:00,2,0.3978,0.4245,1.0079,0.7027,0.5396,0.4803,0.452,1.0079,0.8871,0.8871,0.7379,0.5705,0.5396,0.5096,0.4803,0.452,0.4245,0.4245,0.3978,1.3672,0.9668,0.6684,0.7739,0.6684,0.5096,0.452,0.4245,0.3978,0.3978,0.3978,0.3978
2001-09-01 00:00:00,2,0.4803,0.4803,0.4245,0.3978,0.3978,0.3978,0.372,0.372,0.3471,0.372,0.372,0.3471,0.3471,0.3471,0.7739,0.8871,0.7027,0.5396,0.452,0.452,0.452,0.4245,0.3978,0.4245,0.4245,0.3978,0.3978,0.452,0.4245,0.3978,
2001-08-01 00:00:00,2,0.3978,0.3978,0.3978,0.3978,0.3978,0.3978,0.3978,0.372,0.3978,0.3978,0.372,0.3471,0.3471,0.372,0.372,0.3471,0.3471,0.3471,0.3471,0.3471,0.372,0.3471,0.3471,1.4159,0.8871,0.6023,0.5705,0.6684,0.6023,0.5396,0.5096
2001-07-01 00:00:00,2,0.452,0.4803,0.452,0.452,0.452,0.452,0.4245,0.4245,0.452,0.452,0.452,0.4245,0.3978,0.3978,0.3978,0.3978,0.3978,0.3978,0.4245,0.5096,0.4803,0.452,0.452,0.452,0.452,0.4803,0.4245,0.3978,0.3978,0.4245,0.3978
2001-06-01 00:00:00,2,0.6023,0.5705,0.5705,0.5705,0.5705,0.5705,0.5705,0.5705,0.5396,0.5396,0.5396,0.5396,0.5396,0.5396,0.5396,0.5396,0.5396,0.5396,0.5396,0.5396,0.5096,0.5396,0.5396,0.5396,0.5096,0.4803,0.4803,0.4803,0.452,0.452,
2001-05-01 00:00:00,2,0.5705,0.5705,0.5705,0.5705,0.5705,0.5705,0.5705,0.5396,0.5396,0.5396,0.5705,0.5705,0.5705,0.6349,0.6349,0.6023,1.9494,1.0079,0.8485,0.7027,0.7027,0.7027,0.6684,0.6684,0.7027,0.7027,0.7027,0.7027,0.7027,0.6349,0.6349
2001-04-01 00:00:00,2,1.2723,1.0499,1.0927,0.9265,0.8871,0.8108,0.7739,0.7739,0.9265,0.8485,0.7739,0.8108,0.8108,0.7739,0.7027,0.6684,0.7379,0.7379,0.6684,0.7027,0.6684,0.7027,0.6684,0.6349,0.6023,0.5705,0.6023,0.6349,0.6023,0.6023,
2001-03-01 00:00:00,2,0.9668,1.0079,1.0079,1.0079,1.0499,1.836,1.1363,1.0079,1.0499,1.1808,1.6192,1.5159,2.5167,1.4159,1.2261,1.0079,0.9668,0.9265,0.9265,0.9668,0.8871,0.8485,0.8485,0.7739,0.8485,0.8108,0.8108,1.1808,1.2723,1.6192,1.7805
2001-02-01 00:00:00,2,1.4655,1.3672,1.3672,1.3194,1.2261,2.1863,1.5159,1.5671,1.3194,1.4655,1.1808,1.1808,1.8923,1.8923,1.3194,1.1808,1.1363,1.0927,1.0499,1.0079,1.0079,0.9668,0.9265,0.9265,0.9265,0.9265,0.8871,1.0499,,,
2001-01-01 00:00:00,2,2.9538,3.7554,9.4366,3.9543,2.9538,2.5593,2.3082,2.1863,5.7953,2.9538,2.3908,2.1863,2.0662,1.8923,1.836,1.7259,1.6721,1.6721,1.6192,1.5159,2.5167,5.9701,2.4325,2.2673,1.9494,1.7805,1.5671,1.5671,1.6721,1.5671,1.4655
2000-12-01 00:00:00,2,1.836,2.2267,2.2267,1.7805,1.7805,1.5159,1.4159,1.2261,1.1363,1.1363,1.7259,1.1363,1.0079,2.1258,1.2723,1.0927,1.0927,8.2157,2.7758,2.0074,1.7259,6.75,2.2673,2.8643,3.1359,2.1258,1.7259,2.602,2.3082,2.2673,2.602
2000-11-01 00:00:00,2,0.5096,0.4245,0.3978,0.3978,0.4803,1.0079,2.5167,2.2673,1.0079,0.7379,0.7027,0.6349,0.8871,2.1863,5.8533,0.9265,1.6721,2.5593,1.5159,1.9494,1.2723,1.1808,1.0499,0.9668,0.8485,1.5159,2.5593,1.8923,1.6721,2.3082,
2000-10-01 00:00:00,2,0.5396,0.7379,0.6349,0.5396,0.5096,0.4803,0.5096,0.5705,0.5096,0.5096,0.452,0.452,0.452,0.4245,0.3978,0.3978,0.3978,0.372,0.3978,0.3978,0.372,0.372,0.4245,0.5096,0.3978,0.3978,0.372,0.3978,0.3978,0.6023,0.5096
2000-09-01 00:00:00,2,0.7027,1.1363,1.7805,1.2261,0.8871,0.8108,0.9265,0.8108,0.7739,0.7739,0.7379,0.7027,0.6684,0.7027,0.6684,0.6349,0.6684,0.6684,0.6349,0.5705,0.5705,0.5396,0.5396,0.5096,0.5096,0.5096,0.7027,0.6684,0.6023,0.5396,
2000-08-01 00:00:00,2,0.6684,0.6349,0.6349,0.6684,0.6684,0.6349,0.6349,0.6023,0.6023,0.6023,0.6023,0.6023,0.5705,0.5705,0.5705,0.5705,0.5705,0.5705,0.5396,0.5396,0.5396,0.5096,0.5396,0.5096,0.5096,0.5096,0.5096,0.5096,1.0927,0.8485,0.7027
2000-07-01 00:00:00,2,0.7379,0.7027,0.8108,0.7027,0.7027,0.7027,0.7379,0.7027,0.7027,0.7027,0.7027,0.7027,0.7379,0.7379,0.7379,0.8108,0.8871,0.7739,0.7739,0.7379,0.7027,0.7027,0.7027,0.7027,0.7027,0.7739,0.7739,0.7379,0.7027,0.7027,0.7027
2000-06-01 00:00:00,2,0.8871,0.9265,0.9265,0.9265,0.9265,0.8485,0.8871,0.8485,0.8485,0.8485,0.8485,0.8485,0.8485,0.8485,0.8485,0.8108,0.7739,0.7739,0.7739,0.7739,0.7739,0.7739,0.7739,0.7739,0.7739,0.7739,0.7739,0.7739,0.7379,0.7379,
2000-05-01 00:00:00,2,1.1363,1.0927,1.0927,1.0499,1.0499,1.0499,1.0499,1.0499,1.0079,1.0079,1.0079,1.0079,0.9265,0.9668,0.9668,0.9668,0.9668,1.0079,0.9265,0.9265,0.9265,0.9265,0.9265,0.9265,0.9265,0.9265,0.8871,0.9265,1.0079,0.9265,0.9265
2000-04-01 00:00:00,2,1.6192,1.6192,1.5671,1.4655,1.4655,1.5159,1.7259,1.4655,1.4655,1.4159,1.3672,1.4159,3.09,1.7259,1.7259,1.5671,1.5159,1.4655,1.4159,1.5159,1.4655,1.3194,1.2723,1.2261,1.2261,1.1808,1.1808,1.1363,1.0927,1.1363,
2000-03-01 00:00:00,2,2.4325,2.1258,1.9494,1.836,1.7805,1.6192,1.6192,1.8923,1.836,2.4745,4.1571,3.9543,2.7758,2.3082,2.1258,2.3082,2.3908,3.5603,2.6884,2.5167,2.4325,2.1863,2.0662,1.836,1.836,1.9494,1.8923,1.7259,2.6884,1.9494,1.7805
2000-02-01 00:00:00,2,3.5603,4.1571,4.4683,3.1821,2.9538,2.999,3.8544,3.8544,4.8962,3.7554,3.2751,3.0444,2.9538,2.6884,2.5593,2.4325,2.732,2.732,2.5593,2.3908,2.3493,2.2267,2.3493,2.1863,2.1863,2.2267,2.1863,2.0662,1.8923,,
2000-01-01 00:00:00,2,2.732,5.0055,7.5012,5.8533,3.8048,2.8643,2.6451,2.3493,2.1863,2.0662,1.836,1.7259,1.6721,1.6192,1.4159,2.0074,2.4325,2.3908,1.8923,2.0074,2.2673,1.836,1.6721,1.5159,2.6884,2.1863,5.1156,15.2178,6.0877,5.0604,4.4159
1999-12-01 00:00:00,2,0.8871,0.8485,0.7739,0.7739,1.7259,3.5603,2.0662,10.6839,2.9538,2.3493,2.2673,2.1258,2.3082,2.2673,2.4325,2.0074,1.6192,1.4159,1.2723,2.2267,1.7259,1.3194,1.3194,3.09,2.0662,1.6192,2.0074,2.4325,2.0662,2.4325,2.3082
1999-11-01 00:00:00,2,0.452,0.372,0.3471,0.3471,0.2997,0.6684,2.0074,2.602,1.2723,1.3672,1.0079,0.8485,1.1363,1.0499,0.8485,0.7379,0.6684,0.6023,0.5705,1.5671,4.0047,2.8643,1.4655,1.1808,1.9494,1.3194,2.1863,1.1808,1.0499,0.8871,
1999-10-01 00:00:00,2,0.3025,0.2514,0.2768,0.3551,0.3819,0.3286,0.3286,0.2768,0.3025,0.3471,0.3471,0.3471,0.323,0.323,0.2997,0.2997,0.2558,0.323,0.372,0.4803,0.5705,0.5396,0.4803,0.3978,0.3471,0.3978,1.1363,0.7379,0.5396,0.5096,0.452
1999-09-01 00:00:00,2,0.3286,0.3286,0.3286,0.3286,0.3286,0.3025,0.3025,0.2768,0.2768,0.3025,0.3025,0.3025,0.4364,0.4641,0.4364,0.4364,0.409,0.4364,0.3819,0.3286,0.3286,0.3025,0.4364,0.4364,0.3551,0.2768,0.3025,0.3025,0.2514,0.2768,
1999-08-01 00:00:00,2,0.4364,0.4364,0.409,0.4364,0.409,0.4364,0.4364,0.4641,0.4641,0.4364,0.4641,0.4364,0.4364,0.409,0.4364,0.4364,0.4364,0.4364,0.4364,0.409,0.3819,0.409,0.409,0.3819,0.3551,0.3819,0.3819,0.3819,0.3819,0.3551,0.3551
1999-07-01 00:00:00,2,0.5204,0.5489,0.5204,0.5489,0.5489,0.5489,0.5489,0.5489,0.5489,0.5204,0.5776,0.5489,0.5489,0.5489,0.5204,0.5204,0.4921,0.5204,0.5204,0.5204,0.4921,0.4921,0.4921,0.4641,0.4921,0.4921,0.4921,0.4641,0.4641,0.4641,0.4641
1999-06-01 00:00:00,2,0.6359,0.6359,0.6359,0.6653,0.6359,0.6359,0.6359,0.6359,0.6359,0.6359,0.6359,0.6359,0.6653,0.6359,0.7249,0.755,0.695,0.6653,0.6359,0.6653,0.6359,0.6359,0.6066,0.6066,0.5776,0.5489,0.5776,0.5489,0.5204,0.5204,
1999-05-01 00:00:00,2,0.7853,0.8158,0.8158,0.7853,0.7853,0.8773,0.8773,0.8773,0.8465,0.7853,0.7853,0.755,0.755,0.755,0.695,0.755,0.7249,0.7249,0.755,0.7249,0.6653,0.6653,0.695,0.695,0.6653,0.6653,0.695,0.6653,0.6653,0.6653,0.6653
1999-04-01 00:00:00,2,1.278,1.1995,1.1226,1.1226,1.0847,1.0847,1.0101,1.0472,1.0101,0.9734,0.9734,0.9734,0.9396,0.9396,1.0472,1.0101,0.9734,0.9396,0.9734,0.9396,0.9084,0.9084,0.9084,0.8773,0.8773,0.8773,0.8465,0.8158,0.8465,0.8158,
1999-03-01 00:00:00,2,1.8662,5.6165,3.5383,2.046,1.4804,1.4392,5.1305,8.0254,2.7619,2.9126,4.4267,2.6137,2.8119,2.046,1.8662,1.7347,1.6915,1.5638,1.4804,1.3984,1.3579,1.3177,1.2386,2.8621,1.7782,1.3984,1.278,1.2386,1.2386,1.1995,1.5638
1999-02-01 00:00:00,2,1.1226,1.0101,0.9396,0.8773,0.8158,0.8158,0.8158,1.4804,0.9396,0.8465,0.8158,0.7853,0.755,0.7853,0.755,0.695,0.8465,1.0847,0.9396,0.7853,0.7249,0.7249,0.7249,0.7249,1.1609,1.4392,1.3177,1.8662,,,
1999-01-01 00:00:00,2,3.7004,3.1171,2.3247,2.2775,2.1377,2.046,2.4199,2.2306,1.9555,1.5219,1.3579,1.278,1.278,1.2386,1.3984,1.7347,3.5921,1.3579,1.1609,1.0472,1.0472,1.0847,1.1226,1.1226,1.2386,1.0847,1.0472,1.8662,1.1609,1.2386,1.4392
1998-12-01 00:00:00,2,0.9734,0.8465,0.7853,0.7249,0.9084,1.1995,1.8662,1.0847,0.9084,0.8773,0.7853,0.755,0.7249,0.695,0.7853,1.3177,1.6486,1.4392,1.6915,1.2386,1.0472,1.0472,0.9396,0.8773,2.2775,1.0847,1.0847,1.4804,1.0472,0.9734,1.7347
1998-11-01 00:00:00,2,2.0006,1.0472,1.4392,6.5621,1.7347,1.3579,0.9396,0.9396,0.8465,1.4804,1.822,1.606,1.0847,1.0847,1.0101,0.9084,0.8465,0.8465,0.8465,0.8465,0.7853,0.9734,1.4392,0.9084,0.7853,0.7249,0.8158,1.0472,0.8465,1.3177,
1998-10-01 00:00:00,2,0.4641,0.5776,0.5204,0.4364,0.409,0.3551,0.3551,0.409,0.5204,0.4921,0.4641,0.6066,0.5489,0.5204,0.4641,0.4641,0.6653,0.695,0.5489,0.5204,0.4641,0.4641,0.4364,0.409,0.3819,0.409,0.4641,0.6066,0.5489,1.4392,1.7347
1998-09-01 00:00:00,2,0.5489,0.5204,0.4641,0.4641,0.4641,0.4641,0.4641,0.4641,0.409,0.4364,0.4364,0.409,0.3819,0.3819,0.3819,0.3286,0.3551,0.3551,0.3551,0.3551,0.3551,0.3551,0.3286,0.3551,0.3286,0.3551,0.3819,0.3551,0.3286,0.3551,
1998-08-01 00:00:00,2,0.6066,0.5776,0.6653,0.695,0.6066,0.695,0.8158,0.8158,0.7853,0.7853,0.7853,0.7249,0.6653,0.6653,0.6653,0.6066,0.6066,0.5776,0.5776,0.5489,0.5204,0.5204,0.5489,0.5204,0.5489,0.5204,0.4921,0.4921,0.4921,0.4641,0.5204
1998-07-01 00:00:00,2,0.7853,0.7853,0.7853,0.755,0.755,0.7249,0.7249,0.7249,0.7249,0.6653,0.695,0.6653,0.695,0.695,0.695,0.695,0.6653,0.6359,0.695,0.695,0.6653,0.6359,0.6653,0.6653,0.6359,0.6359,0.6359,0.6359,0.6066,0.6066,0.6066
1998-06-01 00:00:00,2,1.1226,1.0101,0.9734,1.0101,0.9734,0.9396,0.9084,0.9084,0.9084,0.9084,0.8773,0.8773,0.8465,0.8773,0.8465,0.8465,0.8465,0.8158,0.8158,0.7853,0.8158,0.8158,0.7853,0.8158,0.7853,0.8158,0.7853,0.7853,0.8158,0.7853,
1998-05-01 00:00:00,2,1.0847,0.9734,0.9734,0.9396,1.7347,1.2386,1.0847,1.0101,1.0101,0.9734,0.9734,0.9396,0.9396,0.9396,0.9084,0.9084,0.9084,0.9084,0.9084,0.9084,0.9084,0.8465,0.8773,0.8773,0.8773,0.8773,0.8465,0.9084,0.9084,2.4199,1.5219
1998-04-01 00:00:00,2,1.3579,1.3177,1.278,1.1995,1.1226,1.1609,1.1226,1.1226,1.1226,1.4392,1.1995,1.1226,1.0847,1.0472,1.0472,1.0101,0.9734,0.9734,1.0847,1.0101,1.0101,0.9396,0.9734,0.9734,0.9084,0.9734,1.0101,0.9396,1.1995,1.1609,
1998-03-01 00:00:00,2,1.822,1.7347,1.6486,1.606,1.606,1.5219,1.5219,1.4804,1.4804,1.3984,1.3984,1.3579,1.3579,1.3579,1.3984,1.3984,1.3984,1.3984,1.3579,1.3579,1.3579,1.3579,1.5219,1.3984,1.3579,1.3177,1.2386,1.1995,1.2386,1.1995,1.4392
1998-02-01 00:00:00,2,1.3579,1.3177,1.278,1.2386,1.1609,1.1226,1.1609,1.1609,2.5162,1.4804,1.5638,1.3984,1.3177,1.278,1.3984,2.5648,5.0706,3.7004,5.9894,2.7122,2.2306,3.1171,2.3247,4.0866,2.9633,2.3247,2.046,1.8662,,,
1998-01-01 00:00:00,2,1.3579,1.3177,1.278,1.3984,3.3257,1.4804,2.7619,1.8662,2.0006,3.0143,2.5162,2.0006,1.7782,3.1689,1.822,1.6486,1.6486,1.6486,5.8021,2.7122,2.184,2.046,1.822,1.7347,1.6486,1.6486,1.606,1.8662,1.7347,1.5219,1.4392
1997-12-01 00:00:00,2,3.0143,2.184,2.0917,1.4804,1.3984,1.278,1.3579,1.5219,2.046,2.8621,1.9107,1.9107,1.5219,5.8021,2.2775,2.046,2.8119,3.2209,2.184,1.9555,2.2306,1.7347,1.606,1.4804,2.6628,3.5383,1.8662,1.6486,1.606,1.4804,1.3984
1997-11-01 00:00:00,2,0.9396,0.9084,0.8773,0.8465,0.8465,0.8465,0.9084,0.8773,0.8465,0.7853,0.7853,0.755,0.755,0.7249,0.7853,0.8158,0.7249,0.7249,0.7249,0.7853,0.7853,2.046,1.4804,1.1995,1.2386,1.6915,1.5638,1.2386,3.7548,2.8119,
1997-10-01 00:00:00,2,1.3984,1.2386,1.1226,1.0101,1.0101,1.0101,0.9734,0.9734,0.9734,0.9396,0.9396,0.9084,0.8773,0.8158,0.8465,0.8158,0.8465,0.9084,0.8773,0.8465,2.5648,1.7782,1.278,1.0847,1.0101,1.3177,2.8621,1.3579,1.278,1.0847,0.9734
1997-09-01 00:00:00,2,1.0101,1.0101,0.9734,0.9734,0.9734,0.9396,1.0101,0.9734,0.9396,0.9084,0.9084,0.9084,0.8773,0.9084,0.9084,0.9084,0.9084,0.9084,0.8773,0.8465,3.1171,1.7782,1.2386,1.1226,1.278,1.9107,1.4804,1.3177,1.2386,1.822,
1997-08-01 00:00:00,2,1.2386,1.2386,1.1995,1.1995,1.1995,1.1995,1.1995,1.1609,1.1609,1.1995,1.1609,1.1609,1.1609,1.1226,1.1226,1.1226,1.1226,1.1226,1.1226,1.0847,1.0847,1.0847,1.0847,1.0472,1.0472,1.0472,1.0472,1.0101,1.0472,1.0101,0.9734
1997-07-01 00:00:00,2,1.4804,1.4804,1.4804,1.4392,1.4392,1.4392,1.4392,1.4392,1.3984,1.3984,1.3177,1.3579,1.3579,1.3177,1.3177,1.3177,1.278,1.278,1.278,1.3177,1.3177,1.278,1.3579,1.3984,1.278,1.278,1.278,1.278,1.278,1.2386,1.2386
1997-06-01 00:00:00,2,1.7347,1.6915,1.6486,1.6915,1.6915,3.0656,2.0006,1.8662,1.7347,1.6915,1.6915,1.8662,1.9107,1.7782,2.0006,1.8662,1.7782,1.6915,1.6486,1.606,1.606,1.606,1.606,1.606,1.5638,1.5638,1.5219,1.5219,1.5219,1.4804,
1997-05-01 00:00:00,2,2.0006,2.0006,1.9107,1.9107,1.8662,1.8662,1.8662,1.8662,1.8662,1.822,1.8662,1.822,1.8662,1.7347,1.7782,1.8662,1.9107,1.8662,1.822,1.7347,1.7347,1.7347,2.3247,1.8662,2.046,2.0006,1.7782,1.6915,2.6628,1.9555,1.822
1997-04-01 00:00:00,2,3.0656,16.0307,3.5921,2.8119,2.6137,2.4679,2.4679,2.3721,2.3247,2.2306,2.2306,2.184,2.184,2.0917,2.0917,2.0006,2.046,2.0006,2.0006,2.046,3.1689,2.3721,2.184,2.3247,2.1377,2.046,2.184,2.4199,2.184,2.046,
1997-03-01 00:00:00,2,5.9894,6.0523,6.4335,6.4335,4.1427,3.5921,4.3694,3.8645,3.2732,3.0656,2.9633,2.8119,2.7122,3.1171,3.0656,3.2732,2.9633,2.7122,2.6628,2.6137,2.5648,2.4199,2.4679,2.3721,2.3721,2.3247,2.2775,2.2306,2.3247,2.5648,2.4199
1997-02-01 00:00:00,2,3.5383,5.3112,4.1427,3.5383,3.1689,3.0143,2.9126,2.9126,2.9126,2.7619,2.6137,2.5162,2.5648,2.5162,2.5162,2.4679,2.4199,2.4199,2.5162,2.3721,2.2306,2.184,2.3721,2.5162,4.7747,3.2209,3.0143,4.0866,,,
1997-01-01 00:00:00,2,3.8645,7.3494,31.3258,25.4825,17.2795,10.3337,7.7528,18.1313,8.3007,6.9524,8.9301,5.6165,6.242,5.3112,4.7747,4.8335,4.2556,6.0523,9.501,4.8335,4.3694,4.0308,3.9751,3.7548,3.4316,5.74,3.9197,3.5921,3.3257,3.2732,3.3785
1996-12-01 00:00:00,2,1.3984,1.5638,2.0006,2.046,2.184,1.4392,1.278,1.1995,1.4804,1.278,1.1226,2.6628,1.5638,1.822,1.3984,2.0917,5.4327,2.4679,1.8662,1.6486,1.6486,1.7347,26.9631,12.6874,5.6781,7.8887,4.7747,3.2732,3.4316,5.6165,3.9197
1996-11-01 00:00:00,2,1.278,1.7347,3.0143,3.4316,3.4316,1.278,0.9396,0.8158,0.7249,0.6653,0.6359,0.5776,0.5489,0.5489,0.7249,0.7853,2.5648,1.278,1.0472,5.8643,11.2175,5.1305,5.6781,3.2732,2.3247,1.9107,1.7347,1.5638,1.4804,1.3984,
1996-10-01 00:00:00,2,0.409,0.3819,0.3551,0.5489,0.5489,0.5204,0.4641,0.409,0.3551,0.3819,0.3551,0.409,0.3819,0.3819,0.3819,0.3819,0.409,0.3286,0.3025,0.3025,0.3025,0.3286,0.3286,0.2768,0.2768,0.2514,0.2514,1.3177,0.8158,0.695,0.5489
1996-09-01 00:00:00,2,0.4641,0.4921,0.4641,0.7249,0.8158,0.695,1.0101,0.7249,0.6653,0.5776,0.5776,0.695,0.7249,0.8158,0.695,0.6653,0.6066,0.6066,0.6066,0.4921,0.4641,0.4641,0.4641,0.409,0.3819,0.5204,0.5204,0.4641,0.4364,0.409,
1996-08-01 00:00:00,2,0.695,0.6066,0.5776,0.5776,0.5776,0.5489,0.5204,0.4921,0.4921,0.4921,0.5776,0.6066,0.5776,0.4921,0.7249,0.755,0.6066,0.5776,0.5776,0.5204,0.5204,0.4921,0.4641,0.4641,0.4641,0.4921,0.4921,0.4641,0.4364,0.4364,0.4364
1996-07-01 00:00:00,2,0.7249,0.6653,0.6653,0.6653,0.6359,0.6359,0.6359,0.6359,0.6359,0.6066,0.6066,0.5776,0.5776,0.5776,0.5776,0.5489,0.5489,0.5776,0.5489,0.5489,0.5204,0.5489,0.5204,0.5204,0.5204,0.5489,0.5204,0.5204,0.5204,1.606,0.7853
1996-06-01 00:00:00,2,0.7853,0.7853,0.7853,0.7853,0.755,0.755,0.7853,0.755,0.7853,0.7249,0.755,0.7249,0.755,0.755,0.7853,0.7853,0.755,0.7249,0.695,0.695,0.695,0.695,0.7249,0.695,0.6653,0.6359,0.6359,0.6359,0.7249,0.755,
1996-05-01 00:00:00,2,0.9396,0.8773,1.1226,0.9734,0.9396,0.9084,0.8773,0.9084,0.8773,0.8465,0.8465,0.8465,0.8465,0.7853,0.7853,0.8465,0.8773,0.9084,1.0847,0.9396,0.9396,1.0101,1.6915,1.0847,0.9396,0.9396,0.8773,0.8773,0.8773,0.8158,0.8465
1996-04-01 00:00:00,2,1.1609,1.1609,1.1226,1.1226,1.1226,1.1226,1.2386,1.2386,1.1609,1.1226,1.0472,1.0101,1.2386,1.3177,1.1995,1.1995,1.2386,1.4392,1.1995,1.1226,1.0847,1.0472,1.0101,1.0101,1.0101,0.9734,0.9084,0.9084,0.9396,0.9084,
1996-03-01 00:00:00,2,1.3984,1.6486,1.7782,1.6915,1.822,1.822,1.5638,1.4804,1.7347,2.3247,1.7347,2.2306,2.1377,1.5219,1.5638,1.4804,1.5219,2.7122,1.606,1.4392,1.3984,2.2306,1.7782,1.7347,1.8662,1.5219,1.3984,1.3177,1.2386,1.2386,1.2386
1996-02-01 00:00:00,2,1.2386,2.9633,2.9633,2.4679,2.2306,1.9107,2.0006,1.8662,1.6486,1.5638,4.0308,1.9107,2.2775,1.9555,1.606,1.4804,1.3984,1.3984,1.3579,1.3177,1.4804,1.3984,2.1377,1.5638,1.7782,2.184,2.0917,1.6486,1.4804,,
1996-01-01 00:00:00,2,3.8645,4.6578,6.0523,4.1427,2.8621,2.4199,2.2775,2.184,2.3247,2.184,4.0866,5.9268,3.3785,2.4679,2.2306,2.046,2.0006,1.822,1.7782,3.5383,2.0006,1.9107,1.6915,1.7782,1.606,1.5219,1.4804,1.4392,1.3984,1.3177,1.2386
1995-12-01 00:00:00,2,2.0917,1.1995,1.0847,1.0847,0.9734,0.9084,0.8465,0.8158,0.755,0.7249,0.8465,0.8465,2.2306,9.7903,2.5648,1.5638,1.4392,1.8662,1.3984,1.3984,1.1609,1.606,1.1995,1.2386,2.2775,2.8621,7.1501,3.8095,3.3785,2.7122,2.4199
1995-11-01 00:00:00,2,1.822,1.4392,1.2386,2.6137,1.5638,0.9396,0.9396,0.9084,0.7249,0.695,0.6359,0.6066,1.6915,1.3579,0.9396,0.8465,0.9084,0.9084,9.8631,1.6486,1.1995,1.0472,0.9084,1.4392,1.2386,1.0101,0.8773,0.8465,1.9555,1.3177,
1995-10-01 00:00:00,2,0.4921,0.4641,0.4641,0.4364,0.409,0.409,0.6066,0.5489,0.6359,0.6653,1.6915,0.8158,0.695,1.278,1.0847,1.1226,0.8158,0.7249,0.6653,0.695,1.7782,1.1609,0.8465,0.7249,0.6653,0.5489,0.4921,0.4921,0.4921,0.5489,1.1995
1995-09-01 00:00:00,2,0.4641,0.4641,0.4641,0.409,0.4364,0.4364,0.4641,0.4364,0.4641,0.4641,0.4641,0.4641,0.4364,0.409,0.4364,0.4364,0.4364,0.7853,0.7853,0.6653,1.0472,0.755,0.6359,0.5489,0.5489,0.5489,0.4921,0.4921,0.6066,0.5489,
1995-08-01 00:00:00,2,0.6653,0.6359,0.6653,0.6066,0.5776,0.6066,0.6359,0.5776,0.6066,0.6066,0.5776,0.5489,0.5776,0.5776,0.5489,0.4921,0.4921,0.4921,0.4921,0.5204,0.4921,0.4921,0.4921,0.4921,0.4921,0.4921,0.4921,0.5204,0.4921,0.4641,0.4641
1995-07-01 00:00:00,2,0.8465,0.8773,0.9084,0.8465,0.8465,0.8158,0.8158,0.7853,0.8158,0.7853,0.7853,0.7853,0.755,0.7853,0.755,0.7853,0.755,0.755,0.755,0.755,0.7249,0.7853,0.7249,0.695,0.695,0.695,0.695,0.6653,0.7249,0.6653,0.6653
1995-06-01 00:00:00,2,0.9734,1.0101,1.0101,1.0101,1.0101,0.9734,0.9734,0.9734,0.9734,0.9734,0.9396,0.9396,0.9396,0.9396,0.9396,0.9396,0.9396,0.9084,0.9396,0.9084,0.8773,0.9084,0.9084,0.9084,0.9084,1.0101,0.9396,0.9084,0.8773,0.8158,
1995-05-01 00:00:00,2,1.1609,1.1226,1.1226,1.1226,1.1226,1.1226,1.1226,1.4804,1.3177,1.2386,1.4392,1.278,1.1995,1.1995,1.1609,1.1609,1.1226,1.0847,1.1226,1.1226,1.0847,1.1226,1.1226,1.3984,1.2386,1.1995,1.1226,1.0847,1.0472,1.0101,1.0472
1995-04-01 00:00:00,2,2.0917,1.822,1.6915,1.606,1.5219,1.5638,1.5638,1.5219,1.4392,1.4804,1.3984,1.3984,1.822,1.4804,1.3984,1.3579,1.3177,1.2386,1.278,1.0472,1.0101,1.1995,4.1427,1.606,1.4804,1.3984,1.3177,1.278,1.2386,1.1995,
1995-03-01 00:00:00,2,1.4804,1.4392,1.3984,1.4392,2.8621,1.8662,1.6486,2.3721,1.9107,1.6915,1.5638,1.5219,1.4804,2.4679,5.4937,2.5162,1.9555,1.7782,1.6915,1.6915,1.6915,1.8662,2.0917,1.822,3.3785,2.0917,1.8662,1.7347,1.606,1.5638,2.184
1995-02-01 00:00:00,2,1.3984,1.3579,2.7619,1.4804,1.4804,1.3579,1.7347,1.5638,2.5648,2.9126,2.6137,2.3721,1.822,1.7782,4.8335,6.8869,2.7619,2.6628,2.4679,3.8095,2.5648,2.046,1.9555,1.822,1.7347,1.6486,1.9107,1.6915,,,
1995-01-01 00:00:00,2,1.6486,1.7782,3.8645,3.3257,2.2775,1.9107,1.822,1.6915,1.606,1.4392,1.3984,1.3579,1.8662,1.4804,1.3177,1.1995,1.1226,1.0472,1.0472,2.3247,1.6915,1.4392,1.3984,1.278,1.4392,1.278,1.9107,1.3984,1.278,1.3177,1.4392
1994-12-01 00:00:00,2,0.755,0.6359,0.6066,0.5776,0.5204,0.4641,0.695,1.3177,1.4392,0.9084,0.695,0.5204,0.5776,0.4921,0.6653,0.9734,0.9396,1.9555,3.3785,1.5219,1.0101,4.2556,17.491,11.944,11.5786,4.7747,3.9197,2.8119,2.2775,1.9555,1.8662
1994-11-01 00:00:00,2,0.4364,0.3551,0.3819,0.3819,0.3819,0.3551,0.9084,0.6653,0.5204,0.4641,0.409,0.3819,0.4364,0.5776,0.8773,0.695,0.6066,0.5489,0.9734,1.5219,0.8465,0.695,0.6653,0.6359,0.6359,0.5776,0.6359,0.6653,1.1609,1.0847,
1994-10-01 00:00:00,2,0.4543,0.4543,0.4233,0.393,0.393,0.393,0.7249,0.6653,0.5776,0.4641,0.4364,0.409,0.409,0.3819,0.5776,0.4921,0.4921,0.4641,0.4641,0.4641,0.4364,0.409,0.3819,0.3819,0.3819,0.3551,0.409,0.409,0.4641,0.4921,0.4641
1994-09-01 00:00:00,2,0.6202,0.5856,0.5517,0.5517,0.5856,0.5856,0.5517,0.5517,0.5517,0.5185,0.5517,0.5517,0.5517,0.5185,0.5517,0.5185,0.5185,0.5517,0.5517,0.5185,0.5185,0.4861,0.4543,0.393,0.4543,0.4543,0.4543,0.5517,0.6202,0.5185,
1994-08-01 00:00:00,2,0.7651,0.7651,0.7279,0.7279,0.6914,0.6914,0.6914,0.6914,0.6555,0.6555,0.6555,0.6555,0.6914,0.6914,0.6914,0.6555,0.6555,0.5856,0.5517,0.5517,0.5517,0.5856,0.5856,0.5517,0.5185,0.5517,0.6202,0.6202,0.6555,0.6202,0.6555
1994-07-01 00:00:00,2,1.0012,1.0012,0.9604,0.9604,0.9604,0.9604,0.9604,0.9604,0.9604,0.9604,0.9201,0.8414,0.8805,0.8805,0.9201,0.8805,0.8805,0.8805,0.8805,0.803,0.803,0.8414,0.8805,0.8414,0.803,0.803,0.7651,0.7651,0.803,0.7651,0.7651
1994-06-01 00:00:00,2,1.2582,1.214,1.1703,1.1703,1.1703,1.1703,1.1703,1.1272,1.1272,1.1272,1.0846,1.0846,1.0846,1.0426,1.0846,1.0846,1.0846,1.0426,1.0426,1.0012,1.0012,1.0012,1.0846,1.0846,1.0846,1.1703,1.0426,1.0426,1.0426,1.0012,
1994-05-01 00:00:00,2,1.394,1.3029,1.3029,1.3482,1.394,1.2582,1.1703,1.214,1.1703,1.1703,1.1272,1.0846,1.1703,1.1703,1.214,4.2939,2.3577,1.7787,1.4871,1.4403,1.3029,1.4403,1.3482,1.3029,1.2582,1.2582,1.2582,1.4871,1.394,1.3029,1.2582
1994-04-01 00:00:00,2,2.0876,2.3577,1.9828,1.8798,1.7787,1.7787,1.7787,1.829,1.6795,1.6795,1.6307,1.5823,1.5823,1.5823,1.5823,1.7289,1.6307,1.6307,1.5345,2.1943,1.829,1.6307,1.4871,1.5345,1.5345,1.4403,1.4871,1.394,1.3482,1.3029,
1994-03-01 00:00:00,2,1.6307,1.829,2.0876,1.829,1.6795,4.5536,4.4881,2.4689,2.1407,1.9311,5.9297,5.8579,2.7425,2.7425,2.3028,2.0876,1.8798,1.829,1.9311,2.9651,2.5796,2.3577,1.6307,1.9828,4.7518,2.5251,2.7425,2.4689,2.1407,2.035,2.2483
1994-02-01 00:00:00,2,2.1943,2.0876,1.9311,1.9311,1.8798,1.8798,1.829,1.7787,1.7787,1.6795,1.9828,1.7289,1.5823,1.4871,1.6307,1.7289,1.5823,1.6307,1.5345,1.5345,1.4871,1.3482,1.2582,1.3029,1.3029,1.3029,1.7289,1.5823,,,
1994-01-01 00:00:00,2,2.7976,3.1938,3.1361,14.0217,14.5113,4.8856,30.0172,6.5895,4.9529,9.1258,8.1409,11.121,6.515,6.7394,8.7931,4.8856,4.1661,3.7296,3.5477,3.3691,4.6854,3.4283,3.3103,3.1361,3.8526,3.2519,2.9089,5.2257,3.1938,2.7425,2.3028
1993-12-01 00:00:00,2,0.5856,0.5517,0.803,0.6914,0.6555,0.6555,0.5856,0.5185,0.5185,1.9828,2.4689,1.4871,0.9604,0.8414,0.7279,0.803,0.803,0.8805,0.9201,1.3482,2.8531,1.214,1.1272,1.3482,1.2582,1.1272,1.0846,1.6307,1.4403,1.4871,3.9769
1993-11-01 00:00:00,2,0.5856,0.5856,0.5856,1.5345,0.8805,0.7279,0.7651,0.7651,0.803,0.7651,0.6914,0.6202,0.5856,0.5517,0.5517,0.4861,0.5185,0.5185,0.8805,0.803,0.7279,0.7279,0.6555,1.1703,0.9201,0.8414,0.8805,1.1272,0.8414,0.6914,
1993-10-01 00:00:00,2,1.0426,0.9604,1.7289,1.0426,1.0426,1.8798,1.1703,1.0012,0.9201,0.8805,0.8414,0.803,0.803,0.7651,0.7279,0.7279,0.7279,0.7279,0.7279,0.6914,0.6914,0.6555,0.803,0.7651,0.7279,0.7279,0.803,0.803,0.7279,0.6914,0.6555
1993-09-01 00:00:00,2,0.7279,0.7279,0.7279,0.6555,0.6555,0.6555,0.6555,0.6555,0.6202,0.5856,0.6555,0.8414,0.803,0.803,0.7279,0.7279,0.803,0.7279,0.6555,0.6555,0.6202,0.7279,0.7279,1.1703,0.9604,0.8414,0.803,1.0426,1.2582,1.3482,
1993-08-01 00:00:00,2,0.8805,0.8805,0.8805,0.8805,0.8805,0.8414,0.8414,0.8414,0.8414,0.8414,0.803,0.803,0.803,0.803,0.803,0.8805,0.8414,0.8414,0.803,0.9604,0.8805,0.8805,0.8414,0.8414,0.8414,0.803,0.7651,0.7651,0.7279,0.7279,0.7279
1993-07-01 00:00:00,2,1.0846,1.0846,1.0012,1.0012,1.0426,0.9604,0.9604,0.9604,0.9604,0.9604,0.9604,0.9604,0.9604,0.9604,0.9604,0.9604,0.9201,0.9604,0.9604,0.9604,0.9604,0.9201,0.8805,0.8805,0.8805,0.8805,0.8805,0.8805,0.8805,0.8805,0.8805
1993-06-01 00:00:00,2,1.4871,1.3482,1.2582,1.2582,1.214,4.4881,1.8798,1.5345,1.3482,1.3482,1.3029,1.2582,1.2582,1.214,1.1703,1.1703,1.1703,1.1703,1.2582,1.2582,1.214,1.1703,1.1703,1.1703,1.1272,1.1272,1.1272,1.0846,1.0846,1.0846,
1993-05-01 00:00:00,2,1.4403,1.4871,1.4871,1.4871,1.6307,1.5823,1.4871,1.394,1.394,1.394,1.394,1.394,1.3482,1.3482,1.394,1.394,1.394,1.394,1.3029,1.3029,1.2582,1.2582,1.3029,1.3029,1.2582,1.2582,1.2582,1.214,1.1703,1.214,1.214
1993-04-01 00:00:00,2,2.1407,2.1407,2.7976,2.1407,2.035,1.9828,2.0876,2.1943,2.4689,1.9828,1.9828,2.5796,1.9828,1.8798,1.829,2.0876,1.829,3.3103,1.9311,1.7787,1.7289,1.6307,1.6307,1.5823,1.5823,1.5345,1.4871,1.4403,1.4403,1.394,
1993-03-01 00:00:00,2,3.2519,3.1938,2.9089,2.6335,2.4131,2.3577,2.3577,2.2483,2.1943,2.0876,2.1407,2.1407,2.0876,1.9828,1.9828,2.9651,2.0876,2.0876,3.0787,2.1407,2.9089,2.1943,2.035,2.1407,1.9311,4.8856,2.3028,2.2483,2.4131,2.0876,1.9828
1993-02-01 00:00:00,2,1.9311,1.9311,1.9311,3.4878,7.3508,3.2519,2.5251,2.4131,2.4131,2.1407,3.4878,2.6335,2.8531,2.9089,5.0887,3.8526,2.8531,2.5796,2.4689,2.2483,2.1943,2.1943,2.3577,9.6329,3.1938,3.4878,13.2507,5.9297,,,
1993-01-01 00:00:00,2,3.0787,2.6335,2.5251,3.9146,3.7296,3.6686,3.0217,2.6878,2.5796,3.9146,2.6878,2.5251,2.4131,2.2483,2.1407,2.1407,2.0876,2.3577,3.608,3.3691,3.7296,3.8526,3.3103,4.6854,3.1938,2.5796,2.4131,2.2483,2.0876,1.9828,1.9828
1992-12-01 00:00:00,2,0.8414,2.035,1.3029,1.3482,1.0426,5.2947,1.7289,1.3029,2.6878,1.4871,6.7394,8.6284,13.6342,3.9769,2.9651,2.5796,2.3028,17.0689,9.2938,5.2947,5.364,3.5477,3.1361,2.7425,2.6335,2.6335,9.89,13.442,4.4881,3.9146,3.1938
1992-11-01 00:00:00,2,0.8414,0.8805,1.6795,3.0787,2.1407,1.6795,1.6307,1.3029,4.7518,2.6878,2.7425,1.7289,1.5823,1.3482,1.4403,1.214,1.1272,1.1272,1.3029,1.0846,0.9604,0.9604,1.2582,1.0846,0.9201,0.8414,0.8414,0.803,0.803,0.7651,
1992-10-01 00:00:00,2,0.7651,0.7651,0.8414,0.803,0.8414,0.7651,0.7279,0.7279,1.4403,1.394,0.8805,0.8414,0.8414,0.7651,0.803,0.6914,0.6555,0.5856,0.5856,0.5856,0.5856,0.803,1.4403,1.0012,0.9201,0.803,0.7651,0.803,1.1272,1.0012,0.8805
1992-09-01 00:00:00,2,0.6202,0.6202,0.6202,0.6202,0.8414,1.3029,1.214,1.0426,0.803,0.7279,0.6914,0.6914,0.7279,0.7279,0.6914,0.7279,1.6795,1.214,0.9604,1.0846,0.8414,0.8414,0.7651,0.6914,0.6202,0.803,0.9201,1.9828,1.0426,0.8805,
1992-08-01 00:00:00,2,0.7651,0.6914,0.6914,0.6914,0.7279,0.7279,0.7279,0.7279,0.7279,0.7279,0.7279,0.7279,0.7279,0.803,0.803,0.803,0.7651,0.7651,0.7279,0.803,0.8414,0.7651,0.7651,0.6914,0.6914,0.6914,0.6914,0.6914,0.6555,0.6555,0.6202
1992-07-01 00:00:00,2,0.9201,0.8805,0.8805,0.8805,0.8805,0.8805,0.8805,0.8805,0.8805,0.8805,0.8805,0.8805,0.8805,0.8805,0.8805,0.8805,0.8805,0.8414,0.8414,0.8414,0.8414,0.803,0.803,0.803,0.803,0.803,0.803,0.803,0.803,0.803,0.803
1992-06-01 00:00:00,2,1.1272,1.1272,1.0846,1.0846,1.0846,1.0846,1.0846,1.0846,1.0426,1.0426,1.0426,1.0426,1.0012,1.0012,1.0426,1.0012,0.9604,0.9604,0.9604,0.9604,0.9604,0.9604,0.9604,0.9604,0.9604,0.9604,0.9604,0.9604,0.9604,0.9604,
1992-05-01 00:00:00,2,1.6795,1.5345,1.4871,1.4871,1.3482,1.6795,2.9089,1.6307,1.4871,1.4403,1.3482,1.3029,1.3029,1.3029,1.2582,1.214,1.214,1.214,1.1703,1.1703,2.035,1.394,1.3482,1.3482,1.3029,1.214,1.214,1.214,1.1703,1.1272,1.1272
1992-04-01 00:00:00,2,1.829,1.7289,1.8798,1.7787,1.6795,1.6307,1.5823,1.5823,1.5345,1.6795,1.5823,1.5345,1.4871,1.394,1.829,2.4131,2.3577,2.0876,1.5823,1.5345,1.4871,1.5345,1.5823,1.4871,4.0396,1.8798,1.7787,1.6307,1.5345,2.4131,
1992-03-01 00:00:00,2,3.0787,3.7909,3.7909,3.0787,2.7425,2.5796,2.4689,2.3577,3.0787,2.4131,2.2483,2.1943,2.2483,2.3028,2.1943,2.0876,2.035,2.9651,2.9651,2.2483,2.1407,2.035,1.9311,1.8798,1.829,1.6795,1.829,1.829,1.7289,1.7289,1.6795
1992-02-01 00:00:00,2,3.2209,2.9126,6.0523,28.9856,10.5872,11.121,7.4286,6.3669,6.8148,5.7152,4.5536,4.1661,3.8526,3.5477,3.4283,5.2947,3.7296,5.0887,4.2939,3.1361,2.6878,2.5796,2.5796,2.5251,2.3028,3.7909,3.9146,3.7909,4.1661,,
1992-01-01 00:00:00,2,1.1226,1.1226,1.0101,0.9383,1.1995,2.2775,1.1609,0.9742,2.0006,1.1609,1.0101,0.9383,1.606,3.4316,1.9555,6.8216,2.8621,3.0656,2.6137,5.1905,6.4335,4.8335,13.8339,18.1313,7.8887,5.2507,5.1305,3.7548,5.1905,4.0308,3.7004
1991-12-01 00:00:00,2,0.8682,1.3984,0.9383,0.7669,0.6706,0.6092,1.2386,4.4841,1.6915,1.278,1.1609,0.9742,1.0101,1.0101,1.6486,1.278,0.9742,1.3984,1.822,1.4804,1.7782,3.5921,1.6915,1.2386,1.1226,1.0101,2.0006,1.3579,1.1609,1.1609,1.3177
1991-11-01 00:00:00,2,0.4934,0.7021,1.7782,0.8339,0.6396,0.5794,0.5794,0.6396,0.5794,0.7343,0.6396,0.6092,0.6092,0.7669,1.6486,0.9742,0.8001,0.8682,0.7343,0.6396,0.6396,0.6092,0.5794,0.5501,0.5501,0.4934,0.4659,0.7669,1.0472,1.1226,
1991-10-01 00:00:00,2,2.0917,1.2386,1.278,0.9742,0.8001,0.7669,1.4392,1.1609,0.903,0.8339,0.7669,0.6706,0.6706,0.6706,0.6092,0.5794,1.5219,1.0472,0.903,0.7343,0.6706,0.6092,0.5794,0.5501,0.5214,0.5214,0.5214,0.5214,0.5214,0.4934,0.4934
1991-09-01 00:00:00,2,0.5214,0.5214,0.5214,0.5214,0.5214,0.5214,0.4934,0.4934,0.4934,0.4934,0.5214,0.5214,0.4934,0.4934,0.4934,0.5214,0.5501,0.5794,0.5214,0.6396,0.7021,0.6396,0.6092,0.6092,0.903,1.8662,0.903,0.7343,0.903,0.8339,
1991-08-01 00:00:00,2,0.6396,0.6396,0.6396,0.6396,0.6396,0.6092,0.6092,0.6092,0.6092,0.6092,0.6396,0.6396,0.5794,0.5794,0.5794,0.5794,0.5794,0.5794,0.5794,0.5794,0.5794,0.5794,0.5794,0.5794,0.5794,0.5794,0.5794,0.5501,0.5501,0.5501,0.5214
1991-07-01 00:00:00,2,0.8001,0.8001,0.7669,0.7669,0.7669,0.7343,0.7343,0.7343,0.7343,0.7021,0.7021,0.7021,0.7021,0.6706,0.903,0.8339,0.8339,0.7669,0.7669,0.7343,0.7343,0.7343,0.7343,0.7021,0.7021,0.6706,0.6706,0.6706,0.6706,0.6706,0.6706
1991-06-01 00:00:00,2,0.9383,0.9383,0.9383,0.9383,0.903,0.903,0.903,0.903,0.903,0.903,0.903,0.8339,0.903,0.8339,0.8339,0.8339,0.8339,0.8339,0.8339,0.8339,0.8339,0.8339,0.8339,0.8339,0.8339,0.8001,0.7669,0.7669,0.7669,0.7343,
1991-05-01 00:00:00,2,1.2386,1.1609,1.1609,1.1609,1.1609,1.1609,1.1226,1.1226,1.1226,1.1226,1.1226,1.1226,1.1226,1.0847,1.0847,1.1609,1.2386,1.1226,1.1226,1.1226,1.1226,1.0847,1.0472,1.0472,1.0101,0.9742,0.9742,0.9742,0.9742,0.9742,0.9742
1991-04-01 00:00:00,2,2.046,2.184,3.2732,2.0917,1.9555,1.7782,1.6486,1.606,1.606,1.5219,1.5219,1.4804,1.3984,1.3579,1.3579,1.3579,1.3579,1.3579,1.3177,1.3177,1.3177,1.3177,1.1609,1.1609,1.1609,1.278,5.4937,3.8095,1.5638,1.3579,
1991-03-01 00:00:00,2,1.5638,1.3984,2.184,3.4848,2.046,2.6137,1.7347,1.5638,1.3984,1.3579,1.278,1.3177,1.3177,1.3579,1.3984,1.1609,1.1609,1.1609,1.1609,1.4392,1.3177,3.5383,2.9633,2.4199,3.5921,2.0917,1.822,1.6486,1.606,2.9633,3.8095
1991-02-01 00:00:00,2,3.4316,2.7619,2.5648,2.3247,2.184,3.0143,2.0917,2.184,2.0006,1.9555,2.184,1.8662,1.822,1.7347,1.9555,2.046,1.7347,2.046,7.7528,2.2775,1.9107,1.7347,1.6915,1.606,1.822,2.3721,1.5638,1.4392,,,
1991-01-01 00:00:00,2,0.5214,0.4934,0.4128,0.8001,2.2306,2.5648,12.1283,2.0917,1.606,1.4804,1.6915,6.1786,6.8869,3.9197,13.256,7.957,7.1501,4.0308,5.9268,2.5648,2.2306,5.9268,2.5648,2.7122,2.6628,2.5648,8.5787,13.6402,6.6267,4.1427,3.7548
1990-12-01 00:00:00,2,0.5501,0.4659,0.4128,0.3872,0.3872,0.3872,0.338,0.338,0.4128,0.4391,0.4659,1.606,0.903,1.0847,0.8001,0.7669,0.7343,0.6092,0.6092,0.6396,0.5794,0.6092,1.9555,0.7669,0.6396,1.822,1.278,0.7669,0.6706,0.6396,0.5501
1990-11-01 00:00:00,2,0.2913,0.338,0.3143,0.2913,0.338,0.3623,0.4128,0.3623,0.3143,0.3143,0.3143,0.3143,0.3143,0.2913,0.2913,0.2913,0.2913,0.269,0.2913,0.4128,0.4128,0.3872,0.3143,0.338,1.2386,0.5501,0.903,2.5162,0.903,0.7021,
1990-10-01 00:00:00,2,0.4128,0.4128,0.4128,0.4128,0.3872,0.3872,0.3623,0.3623,0.3623,0.3143,0.3143,0.3143,0.3872,0.4128,0.3623,0.338,0.3143,0.338,0.3143,0.3623,0.5214,0.4659,0.4391,0.3872,0.3623,0.3623,0.3143,0.3143,0.3143,0.3143,0.2913
1990-09-01 00:00:00,2,0.6092,0.9383,0.7021,0.5794,0.5794,0.5214,0.4934,0.4659,0.4659,0.4659,0.4659,0.4391,0.4391,0.4391,0.8682,0.6706,0.5501,0.4659,0.4659,0.4659,0.4391,0.4391,0.4391,0.4659,0.4659,0.4391,0.4391,0.4128,0.4128,0.4128,
1990-08-01 00:00:00,2,0.5214,0.4934,0.4659,0.4659,0.4659,0.4659,0.4659,0.4391,0.4391,0.4659,0.4391,0.4659,0.4659,0.4391,0.4391,0.4391,0.4391,0.903,0.8339,0.6092,0.6092,0.5501,0.5214,0.4659,0.4659,0.4659,0.4659,0.5214,0.6706,0.6396,0.6092
1990-07-01 00:00:00,2,0.5501,0.5501,0.5501,0.5501,0.5501,0.5501,0.7021,0.6396,0.5794,0.5794,0.5794,0.6092,0.6092,0.5794,0.5501,0.5501,0.5501,0.5501,0.5214,0.5214,0.5214,0.5214,0.5214,0.5214,0.4659,0.4659,0.4391,0.4391,0.4659,0.5794,0.5501
1990-06-01 00:00:00,2,0.6396,0.6396,0.6396,0.6396,0.6092,0.6092,0.6092,0.5794,0.5794,0.5794,0.5794,0.5794,0.5794,0.5794,0.5794,0.5794,0.5794,0.5794,0.5794,0.5794,0.5794,0.5794,0.5794,0.5794,0.5794,0.5501,0.5501,0.5501,0.5501,0.5501,
1990-05-01 00:00:00,2,0.7343,1.0847,1.3177,0.903,0.8001,0.7669,0.8001,0.7669,0.7343,0.903,0.7021,1.278,1.1226,0.8682,0.7669,0.7669,0.8001,0.8339,0.8339,0.7669,0.7021,0.7021,0.6396,0.6706,0.6706,0.6706,0.6706,0.6706,0.6706,0.6396,0.6396
1990-04-01 00:00:00,2,0.9383,0.8682,0.8339,0.8001,0.903,0.8682,1.0847,0.7669,0.8001,0.7669,1.4392,1.1226,1.0101,0.9742,0.9742,0.9383,0.9383,0.903,1.0847,1.1609,0.9742,0.903,0.8339,0.7669,0.7669,0.7669,0.7343,0.7021,0.7021,0.7343,
1990-03-01 00:00:00,2,1.1609,1.0847,1.0472,0.9742,0.9383,0.9383,0.9742,1.0101,0.9742,0.8339,0.8339,0.8001,0.8001,0.7669,1.6486,1.0101,0.9742,1.278,1.3177,1.0847,0.9742,1.4392,0.9742,1.7347,1.2386,1.1226,1.4804,1.0847,1.3177,1.0472,0.9742
1990-02-01 00:00:00,2,1.1226,1.0847,1.0472,1.0101,0.9742,0.9742,0.9742,0.9383,0.8682,1.0101,1.1609,1.1226,1.1609,1.1226,1.1995,1.6486,2.1377,1.2386,1.0847,1.0847,1.0101,0.9742,1.0101,3.3785,1.3984,1.5219,1.3984,1.278,,,
1990-01-01 00:00:00,2,16.8593,6.8869,5.8643,3.5921,2.7122,2.0917,2.1377,2.046,1.9555,2.0006,1.822,1.7347,1.7347,1.606,1.606,1.6486,1.5638,1.4804,1.4392,1.3579,1.3177,1.3177,1.3177,1.1995,1.3177,1.3177,1.1995,1.1995,1.1995,1.1226,1.0847
1989-12-01 00:00:00,2,0.5794,0.5501,0.5214,0.5214,0.5214,0.4659,0.4391,0.4128,0.3872,0.3872,0.8339,3.2732,8.2316,3.3785,3.4848,3.2732,2.2775,1.9107,2.046,6.8869,18.3467,3.8645,2.8119,2.3247,2.046,1.9555,2.0006,1.7347,1.7782,2.0917,2.4199
1989-11-01 00:00:00,2,0.4659,0.4659,0.4659,0.4934,0.6396,0.5501,0.4934,0.4659,0.4659,0.4934,0.6706,0.9383,3.5921,2.184,1.0101,0.8339,0.9383,0.903,1.1995,0.903,0.8001,3.1171,1.1609,0.8682,0.8339,0.7669,0.6706,0.6396,0.6706,0.6396,
1989-10-01 00:00:00,2,0.6396,0.5794,0.5214,0.4659,0.4659,0.4128,0.4128,0.4128,0.3872,0.3872,0.3872,1.1226,0.7343,0.5794,0.4934,0.4659,1.0472,0.8682,0.6706,0.5794,0.5501,0.4934,0.5214,0.7343,0.6092,0.4934,0.4659,0.7343,0.8682,0.6092,0.4934
1989-09-01 00:00:00,2,0.5794,0.5501,0.5214,0.4934,0.4934,0.4934,0.4659,0.4659,0.4391,0.4659,0.4659,0.4391,0.4391,0.4391,0.4391,0.4128,0.4128,0.4128,0.3872,0.3872,0.3872,0.3872,0.3872,0.3872,0.3872,0.3872,0.5794,0.6396,1.1609,0.7669,
1989-08-01 00:00:00,2,0.7343,0.6706,0.6092,0.6396,0.6092,0.6396,0.6396,0.6092,0.5794,0.5794,0.5501,0.5501,0.5501,0.5501,0.5501,0.5501,0.5501,0.5501,0.5501,0.5501,0.5501,0.4934,0.4934,0.4659,0.4659,0.5214,0.4934,1.0101,0.9383,0.6396,0.6092
1989-07-01 00:00:00,2,0.7021,0.7021,0.6706,0.6396,0.6396,0.6396,0.7343,0.903,0.7669,0.7021,0.7021,0.6706,0.6706,0.6396,0.6396,0.6092,0.6092,0.6092,0.6092,0.5794,0.5794,0.5794,0.5794,0.5794,0.5794,0.5501,0.5501,0.5501,0.8682,0.6706,0.9383
1989-06-01 00:00:00,2,0.6396,0.6396,0.6396,0.6396,0.6396,0.6396,0.6092,0.6092,0.6396,0.6396,1.0847,1.2386,0.9383,0.8001,0.7669,0.7343,0.7343,0.7669,0.7669,0.7343,0.7021,0.7343,0.7343,0.7021,0.7343,0.7669,0.7343,0.7021,0.7021,0.7021,
1989-05-01 00:00:00,2,0.7669,1.1609,0.9742,0.8682,0.8339,0.8001,0.7669,0.7669,0.7669,0.7669,0.7669,0.7669,0.7669,0.7669,0.7669,0.7343,0.7021,0.7021,0.7021,0.7021,0.6706,0.7021,0.7021,0.6706,0.7021,0.6706,0.6706,0.6396,0.6396,0.6396,0.6396
1989-04-01 00:00:00,2,1.1995,1.1995,1.1609,1.1226,1.1226,1.1226,1.1226,1.1226,1.1226,1.0847,1.0472,1.0472,1.0472,1.0472,1.0101,1.0472,0.9742,0.9742,0.9742,0.9742,0.9742,0.903,0.903,0.8682,0.8682,0.8682,0.8339,0.8339,0.8339,0.7669,
1989-03-01 00:00:00,2,1.3984,1.4392,1.5219,1.3579,2.3247,3.7548,17.491,3.9751,4.4267,2.7122,2.0917,1.9107,2.1377,3.1171,3.9197,2.3721,2.046,1.822,1.6915,1.6915,1.606,1.5638,1.4804,1.4392,1.4392,1.4392,1.3579,1.3177,1.278,1.278,1.2386
1989-02-01 00:00:00,2,0.4659,0.6092,0.7343,0.8001,1.5638,2.9126,4.5997,3.4316,2.0006,2.3721,3.1689,2.3721,1.606,2.4679,3.6461,2.184,1.8662,3.8095,1.7782,1.5638,1.4392,1.3984,2.046,1.822,1.3579,1.6915,3.1171,1.5638,,,
1989-01-01 00:00:00,2,1.4392,0.9742,0.9383,0.9742,1.1609,1.1226,1.2386,1.4804,1.3579,1.1995,1.0101,0.8682,0.8001,0.8339,1.3984,0.9383,0.8682,0.7669,0.7669,0.7343,0.7021,0.6706,0.6396,0.6092,0.5794,0.5501,0.5501,0.5501,0.5794,0.5214,0.4659
1988-12-01 00:00:00,2,0.6092,0.8682,0.9742,1.2386,0.8001,0.7021,0.6706,0.6396,0.6396,1.1609,0.9742,0.9742,1.0472,1.4804,1.5638,2.2775,1.0847,1.0101,0.9742,0.7343,1.606,2.9126,2.0917,1.3984,3.0656,1.9555,1.3984,1.1609,1.0472,0.9742,0.903
1988-11-01 00:00:00,2,1.3177,0.9742,0.8339,1.7347,1.3177,1.0847,0.9383,0.8682,0.8001,0.7669,0.6706,0.6092,0.5794,0.5794,1.3579,0.8001,0.7021,0.6396,0.6092,0.5794,0.6092,0.7669,1.1226,1.0472,0.8001,0.7021,0.7669,0.7669,0.7343,0.6706,
1988-10-01 00:00:00,2,1.0101,0.7669,0.7021,0.6706,0.6706,0.903,0.7669,0.7343,0.7021,0.6396,0.6396,0.6706,0.9742,0.8001,0.6706,0.6396,0.6092,0.6396,0.8682,0.9742,0.903,0.7343,1.5638,0.9742,0.8682,0.7669,0.7669,1.4804,0.8682,0.7669,0.7669
1988-09-01 00:00:00,2,0.6396,0.6396,0.6396,0.6396,0.6396,0.6396,0.6396,0.6396,0.6396,0.6396,0.5794,0.5794,0.5794,0.5794,0.5794,0.5794,0.5794,0.5794,0.5794,0.5794,0.5794,0.5794,0.5794,0.5214,0.4659,0.4934,0.4934,0.4659,0.4659,1.3579,
1988-08-01 00:00:00,2,0.7855,0.7855,0.8195,0.7855,0.7855,0.7855,0.7855,0.7855,0.7855,0.752,0.752,0.7669,0.7669,0.7343,0.7343,0.7343,0.7343,0.7343,0.7343,0.7343,0.7343,0.7343,0.7021,0.7021,0.7021,0.7021,0.6706,0.6706,0.6706,0.6706,0.6396
1988-07-01 00:00:00,2,0.8892,0.8541,0.8541,0.8892,0.8541,0.8541,0.8195,0.8195,0.8195,0.8541,0.8541,0.8541,0.8541,0.8195,0.8195,0.8195,0.8541,0.8541,0.8541,0.8541,0.8541,0.8195,0.8541,0.8195,0.8541,0.8195,0.8195,0.7855,0.7855,0.7855,0.7855
1988-06-01 00:00:00,2,1.1894,1.1112,1.1112,1.0729,1.2696,1.15,1.1112,1.0351,1.0351,0.9978,0.9978,0.9978,0.9978,0.9978,0.9978,0.961,0.9978,0.961,0.9978,0.961,0.961,0.9978,0.9248,0.9248,0.8892,0.8892,0.8541,0.8892,0.8892,0.8892,
1988-05-01 00:00:00,2,1.2696,1.2696,1.2293,1.2293,1.2293,1.2293,1.1894,1.2293,1.2293,1.15,1.1112,1.1112,1.1112,1.1112,1.1112,1.1112,1.0729,1.4377,1.2293,1.15,1.15,1.1112,1.1112,1.0729,1.0729,1.2293,1.2696,1.15,1.15,1.1112,1.2696
1988-04-01 00:00:00,2,1.6152,1.8004,1.8004,4.1627,2.3997,1.9441,1.8004,1.7069,1.6152,1.6152,1.5701,1.6152,1.5255,2.4525,1.8478,1.6608,1.7534,1.7534,1.5701,1.5701,1.5255,1.4377,1.3938,1.5255,1.3938,1.3105,1.3105,1.2696,1.3105,1.2696,
1988-03-01 00:00:00,2,1.8957,1.8478,5.1042,2.8341,8.7616,3.4143,2.6135,2.3997,2.1928,2.1421,2.092,1.9929,1.9441,1.8478,1.8478,1.8478,8.171,2.8903,2.5057,2.2953,2.0422,1.8957,1.8004,1.8004,1.8004,1.7534,1.7069,1.7069,1.7534,1.7534,1.6608
1988-02-01 00:00:00,2,1.9441,2.1928,2.092,3.5962,3.8441,3.8441,2.5594,2.3997,2.7229,2.4525,5.6016,3.295,2.668,5.7468,5.82,3.6576,3.1191,6.6472,3.4143,2.9469,2.7229,2.8341,2.4525,3.0039,2.3473,2.2438,2.092,2.0422,1.9929,,
1988-01-01 00:00:00,2,7.8404,2.7783,2.3473,2.2438,3.0613,2.9469,3.5351,3.4143,3.9704,8.171,5.9673,4.5574,4.1627,3.236,2.7783,2.5594,2.3473,2.1928,2.0422,1.9929,1.8957,1.8004,1.7534,1.8004,1.7069,1.6152,1.5701,1.4814,1.4377,1.3938,5.6016
1987-12-01 00:00:00,2,0.8195,0.752,0.8541,3.1774,1.9441,1.4814,1.6608,7.6771,7.1156,6.1909,9.3676,6.3416,5.1742,5.1742,3.0039,2.3473,1.9929,6.9582,13.8154,10.6245,5.7468,4.1627,3.3545,2.8341,2.668,2.5057,2.2438,2.092,1.9441,1.8957,1.8957
1987-11-01 00:00:00,2,0.6239,0.5341,0.4497,0.4497,0.4228,0.3966,0.4497,0.5634,0.4772,0.752,0.5053,0.4772,0.4497,0.4228,0.5053,1.6152,3.0039,0.9978,0.8541,0.8195,0.6551,0.5934,0.7191,0.8541,0.6868,0.8541,1.0729,1.5255,2.1421,1.0351,
1987-10-01 00:00:00,2,0.6091,0.6091,0.6091,0.6091,0.6091,0.5832,0.6091,0.5832,0.5578,0.5578,0.5578,0.5329,0.5329,0.5329,0.5329,0.5085,0.4846,0.4846,0.4612,0.4846,0.5329,0.6417,0.6091,0.5832,0.6091,0.6091,0.5832,0.752,1.0351,0.961,0.7855
1987-09-01 00:00:00,2,0.5578,0.5578,0.5578,0.5578,0.5832,0.5832,0.5832,0.6091,0.7088,0.6749,0.6091,0.5832,0.6091,0.5832,0.5329,0.5329,0.5329,0.8137,1.1578,0.8865,0.7432,0.7432,2.8531,2.3679,1.3667,0.9614,0.8498,0.7782,0.7088,0.6749,
1987-08-01 00:00:00,2,0.7432,0.7088,0.7088,0.7088,0.7088,0.7088,0.7432,0.7432,0.7088,0.7088,0.7088,0.7088,0.6749,0.6417,0.6091,0.6417,0.6417,0.6091,0.6091,0.6091,0.6417,0.5832,0.6091,0.6091,0.5832,0.6091,0.6091,0.6091,0.5832,0.5832,0.5832
1987-07-01 00:00:00,2,0.9237,0.8865,0.8865,0.8865,0.8865,0.8865,0.8865,0.8498,0.8498,0.8865,0.8498,0.8498,0.8137,0.8137,0.7782,0.7432,0.7432,0.7432,0.7432,0.7432,0.7432,0.7432,0.7432,0.7432,0.7432,0.7432,0.7432,0.7432,0.7432,0.7432,0.7432
1987-06-01 00:00:00,2,0.8865,0.8498,0.8498,0.8498,0.8498,0.8498,0.8498,1.1578,1.5423,1.1578,1.0777,0.9996,0.9614,0.9614,0.9614,0.9237,0.9614,1.0777,0.9996,0.9237,0.9237,0.9237,0.9237,1.0777,0.9996,0.9237,0.9237,0.9237,0.9237,0.8865,
1987-05-01 00:00:00,2,1.1175,1.0384,1.0384,0.9996,0.9614,0.9614,0.9614,0.9614,0.9237,0.9237,0.9614,0.9996,0.9614,0.9237,0.8865,0.9614,0.9614,1.1578,1.0777,1.0384,0.9996,0.9996,0.9996,0.9614,0.9614,0.9614,0.8865,0.8865,1.0384,1.1175,0.9996
1987-04-01 00:00:00,2,1.1986,1.1986,1.3239,1.964,1.8195,2.1627,2.013,1.8195,1.4977,1.3667,2.3679,1.4977,1.3239,1.2399,1.1986,1.1986,1.1986,1.1986,1.1986,1.1986,1.1175,1.0777,1.0777,1.1175,1.1986,1.1175,0.9996,1.0384,0.9996,1.0777,
1987-03-01 00:00:00,2,1.2399,1.1986,1.1578,1.1175,1.0777,1.0777,1.0777,1.1578,4.1027,9.0422,4.2939,2.316,3.3103,2.2645,1.964,4.1027,2.2645,1.9154,1.7722,1.6329,1.7253,1.8195,1.5874,1.4977,1.4099,1.3239,1.2817,1.2817,1.2399,1.2399,1.1986
1987-02-01 00:00:00,2,1.964,2.1124,2.1124,1.8195,1.8195,1.5423,1.4977,2.316,1.4977,1.9154,1.8195,1.6789,1.4977,1.4099,2.2134,3.3103,2.473,3.9146,2.2645,1.7722,1.5874,1.4536,1.4099,1.3239,1.2399,1.1986,1.1986,1.2817,,,
1987-01-01 00:00:00,2,4.6193,3.7296,2.9089,4.5536,2.9651,2.5796,2.2645,2.1627,2.013,2.5261,2.2645,1.964,2.0625,2.2134,2.1124,1.7722,2.013,3.3103,2.5261,3.5477,5.4336,2.316,2.0625,2.3679,2.473,2.0625,1.9154,2.5261,1.964,2.1124,2.316
1986-12-01 00:00:00,2,1.2817,1.7253,2.4202,1.0777,0.8498,0.7088,0.6749,0.6749,0.6091,0.8865,0.7432,1.6789,3.1938,4.5536,2.7425,3.9146,7.7424,1.6329,1.2399,1.3667,3.8526,1.4977,2.1124,4.4231,21.0046,11.3009,14.0217,13.7307,7.5066,5.2257,8.4648
1986-11-01 00:00:00,2,0.4846,0.5085,0.4846,0.5085,0.4846,0.7782,0.5832,0.5578,0.5832,0.5329,0.5329,1.2399,1.6329,0.9237,0.7432,0.6091,0.6091,0.5832,0.5329,0.5329,0.5329,0.5085,0.4846,0.4846,0.9614,0.5832,0.5578,0.8137,1.3239,1.1175,
1986-10-01 00:00:00,2,0.7088,0.6091,0.6091,0.5832,0.5832,0.5832,0.5578,0.5578,0.5578,0.5578,0.5329,0.5329,0.5578,0.5578,0.5578,0.5578,0.5329,0.5085,0.5085,0.5085,0.5085,0.5329,0.6749,0.6091,0.5832,0.5329,0.5329,0.5329,0.5085,0.5085,0.5085
1986-09-01 00:00:00,2,0.7782,0.7432,0.7432,0.7432,0.7432,0.7432,0.7432,0.7782,0.7432,0.7088,0.7088,0.7088,0.7088,0.6749,0.6749,0.6749,0.6417,0.6091,0.6091,0.6091,0.6091,0.6091,0.6091,0.6091,0.6091,0.6091,0.6091,0.6091,0.6417,0.7432,
1986-08-01 00:00:00,2,0.9614,0.9614,0.9237,0.8865,0.8865,0.8498,0.8498,0.7782,0.8137,0.8137,0.8137,0.8137,0.8137,0.8137,1.0777,0.9237,0.8865,0.8498,0.8137,0.7782,0.8137,1.4977,1.0384,0.9614,0.8865,0.9996,0.9614,0.8498,0.8137,0.7782,0.7782
1986-07-01 00:00:00,2,0.9237,0.9237,0.9237,0.9237,0.9237,0.9614,0.9614,0.9614,0.9237,0.9237,0.9237,0.9237,0.9237,0.9237,0.9237,0.9237,0.9614,0.9237,0.8865,0.8865,0.8865,0.8865,0.9237,1.4536,1.2399,1.0384,0.9614,0.9614,0.9237,0.9237,0.9237
1986-06-01 00:00:00,2,1.4536,1.2399,1.1986,1.1578,1.1175,1.1175,1.1175,1.1175,1.1175,1.1175,1.1175,1.1175,1.1175,1.1175,1.0777,1.0777,1.0777,1.0384,1.0384,1.0384,1.0384,0.9996,0.9996,0.9996,0.9614,0.9614,0.9237,0.9237,0.9237,0.9614,
1986-05-01 00:00:00,2,1.3239,1.2817,1.2817,1.2399,1.2399,1.1986,1.1578,1.2399,1.2817,1.2399,1.2399,1.5423,2.8531,1.8195,1.4977,1.4099,1.3667,1.3239,1.2817,1.2817,1.3667,1.3239,1.2817,1.2399,1.2399,1.2399,1.2399,1.1986,1.1578,1.1578,1.3239
1986-04-01 00:00:00,2,1.7253,1.6329,1.6329,1.6329,1.5874,1.4977,1.4977,1.4977,1.4977,1.4536,1.4099,3.1938,1.7253,1.5874,1.5423,1.5874,1.4977,1.4536,1.4099,1.3667,1.3667,1.3667,1.4536,1.5874,1.4536,1.4099,1.5874,1.4099,1.3239,1.2817,
1986-03-01 00:00:00,2,1.8748,3.4872,2.7996,2.505,2.3167,2.135,2.0466,2.0906,2.1798,1.9171,1.8329,1.7914,2.0466,1.9171,1.7503,1.7097,1.6695,3.7694,2.1627,2.013,1.964,1.8672,1.8195,1.8195,1.8195,1.7722,1.7722,2.2134,2.1124,1.8195,1.8195
1986-02-01 00:00:00,2,2.003,1.9598,2.0466,2.8501,3.5989,3.7694,3.1086,2.6016,2.1798,2.003,1.9598,1.9171,3.2148,2.9523,3.3771,2.6505,2.901,3.8849,4.1806,2.7996,2.4573,2.3167,2.135,2.0906,2.003,1.9598,1.8748,1.8748,,,
1986-01-01 00:00:00,2,5.2572,3.8849,3.5989,2.7495,3.3226,3.6553,2.6998,5.324,13.6402,4.9293,5.4585,3.5989,3.827,8.4568,6.5881,3.9433,3.5989,3.1615,2.901,2.6998,2.6016,2.505,2.3167,2.2706,2.225,2.2706,2.225,3.1086,2.2706,2.1798,2.0906
1985-12-01 00:00:00,2,1.4,1.0535,1.7503,1.4,3.0561,2.505,1.3271,1.1869,1.0535,0.9893,0.9579,0.927,0.8964,0.8664,0.8964,1.0212,0.9579,0.927,0.8664,0.9893,1.6695,3.2148,2.3632,3.3226,2.4573,3.3226,4.6737,9.5544,16.6507,8.6217,5.6631
1985-11-01 00:00:00,2,1.2213,1.7097,1.5129,2.1798,2.505,1.2914,1.0862,0.9893,0.927,0.8664,0.8664,0.8367,0.8075,0.7788,0.7505,0.7505,0.7505,0.7505,0.6952,0.6952,0.8964,0.9893,1.6297,0.927,1.7097,1.4748,1.0535,1.3271,1.0535,1.5514,
1985-10-01 00:00:00,2,1.0862,1.0212,1.5903,1.1193,1.0212,0.9893,0.9893,1.2561,1.0212,0.9893,0.9893,1.0212,0.9579,0.8964,0.8664,0.8664,0.8964,1.5514,1.0535,0.8964,0.927,0.9893,0.8964,0.8664,0.927,0.9579,0.9579,0.8964,0.8664,0.927,1.0212
1985-09-01 00:00:00,2,1.0535,1.0535,1.0212,1.0212,1.0212,1.5129,1.5129,1.1869,1.1193,1.1193,1.0862,1.0535,1.0535,0.9893,0.9893,0.9893,0.9579,0.9579,0.9893,0.9893,0.927,0.8964,0.8964,1.7914,1.2914,1.0862,1.0535,1.0212,1.1193,1.1869,
1985-08-01 00:00:00,2,1.2213,1.1869,1.1869,1.2561,1.1869,1.1869,1.1869,1.1869,1.1869,1.1869,1.1529,1.1529,1.1193,1.0862,1.0862,1.1193,1.1193,1.1193,1.1193,1.0862,1.0862,1.1193,1.2561,1.1193,1.1193,1.0862,1.0862,1.0535,1.0535,1.0862,1.0535
1985-07-01 00:00:00,2,1.4372,1.4,1.4,1.4,1.3632,1.3632,1.4,1.3632,1.3632,1.3632,1.2914,1.3271,1.2914,1.3271,1.2914,1.3271,1.3271,1.2914,1.2914,1.2914,1.2914,1.2561,1.2561,1.2561,1.2213,1.2213,1.2213,1.2914,1.2561,1.2213,1.2213
1985-06-01 00:00:00,2,1.6915,1.6486,1.6486,2.2306,1.7503,1.6695,1.6695,1.6695,1.6695,1.6297,1.5903,1.5903,1.5514,1.5514,1.5514,1.5514,1.5514,1.4748,1.4748,1.5129,1.5129,1.4372,1.4372,1.4748,1.4372,1.4372,1.4372,1.4372,1.4372,1.4748,
1985-05-01 00:00:00,2,2.1377,2.4679,2.4199,2.3247,2.2775,2.184,2.1377,2.046,2.046,2.0917,2.046,2.046,2.046,2.184,2.046,2.0006,2.046,1.9107,1.9107,1.9107,1.8662,2.1377,1.9555,1.822,1.7782,1.7347,1.7347,1.7347,1.6915,1.7347,1.6915
1985-04-01 00:00:00,2,3.7548,3.0656,3.1689,3.0143,2.9633,2.9126,2.9126,2.8119,2.8621,2.8621,2.7619,2.7122,2.6628,2.6628,2.6628,2.6628,2.7619,3.2732,2.7122,2.6137,2.5162,2.4679,2.3721,2.3721,2.3247,2.3247,2.3247,2.3247,2.2306,2.1377,
1985-03-01 00:00:00,2,12.6874,3.9751,3.2732,3.6461,3.3785,3.0656,3.7004,3.5383,9.2857,5.6165,3.7004,4.1991,3.4316,3.3257,6.7564,8.0254,4.4841,6.8216,5.555,4.3694,4.3694,3.9751,3.7004,3.8645,3.6461,3.2732,5.4937,3.8095,3.4848,3.8645,6.1153
1985-02-01 00:00:00,2,7.1501,5.8021,5.6165,5.011,4.5418,4.4267,4.3694,4.5418,4.7747,4.4841,4.3124,3.8095,3.5921,3.4316,3.3785,3.2732,3.2209,2.9633,2.8621,2.8621,2.8621,2.8119,2.9633,4.0308,4.5997,4.5418,3.5383,3.3257,,,
1985-01-01 00:00:00,2,2.046,1.9555,1.7347,1.5638,1.5219,1.6915,1.7347,2.184,8.509,4.2556,2.5648,2.0006,2.0006,7.2828,4.3694,2.7122,3.7548,7.957,4.6578,5.3112,17.0689,6.3695,4.8335,4.8335,6.5621,21.9203,33.7335,15.6223,9.0718,9.5731,7.3494
1984-12-01 00:00:00,2,1.3972,1.3133,3.9197,6.0523,1.8662,1.5638,1.4396,4.1991,9.429,3.4848,4.3124,3.2209,2.1377,2.8119,3.5921,10.6839,6.3695,3.7004,2.8621,2.4679,2.184,2.2306,1.9107,1.822,1.6915,1.5638,2.2775,1.8662,2.184,3.7548,2.6628
1984-11-01 00:00:00,2,0.5847,0.5847,0.5847,0.5847,0.5503,0.5503,0.5165,0.5165,0.5165,0.5165,0.4832,0.5165,0.5503,0.5503,0.5503,0.4832,0.4832,0.6904,0.9516,1.6915,5.8643,3.3785,2.4199,1.822,1.1898,1.1492,1.7347,2.0006,1.4392,1.1898,
1984-10-01 00:00:00,2,0.7999,0.7265,0.6904,0.6904,0.6904,0.6547,0.6547,0.6547,0.6547,0.6194,0.7265,1.2306,0.7999,0.6904,0.6904,0.7265,0.763,0.763,1.5638,2.8621,1.1492,1.0296,0.9516,0.9131,0.875,0.8373,0.7999,0.7265,0.6547,0.6194,0.6194
1984-09-01 00:00:00,2,0.9904,0.9516,0.9516,0.9131,0.7999,0.763,1.1492,1.3972,2.2775,1.1492,0.9516,0.875,0.8373,0.763,0.763,0.7999,0.9131,0.875,0.875,0.8373,2.1377,1.1898,1.1492,1.0296,0.9131,0.7999,1.3551,1.109,0.9516,0.8373,
1984-08-01 00:00:00,2,0.7999,0.763,0.763,0.763,0.763,0.763,0.763,0.763,0.7265,0.6547,0.6547,0.6547,0.6547,0.6547,0.6547,0.7265,0.8373,0.7999,0.7999,0.7999,0.7999,0.7999,0.9904,1.109,0.9904,1.5638,0.9904,0.9516,0.9516,0.875,0.9516
1984-07-01 00:00:00,2,0.875,0.8373,0.8373,0.8373,0.8373,0.7999,0.7999,0.7999,0.7999,0.7999,0.7999,0.7999,0.7999,0.7999,0.7999,0.7999,0.7999,0.7999,0.7999,0.7999,0.7999,0.7999,0.7999,0.7999,0.763,0.763,0.763,0.763,0.7999,0.875,0.7999
1984-06-01 00:00:00,2,1.0296,1.0296,0.9904,0.9904,0.9904,0.9131,0.9516,0.9516,0.9516,0.9516,0.9516,0.9516,0.9516,0.9516,0.9516,0.9516,0.9516,0.9516,0.9516,0.9131,0.9131,0.875,0.875,0.875,0.875,0.875,0.875,0.875,0.875,0.875,
1984-05-01 00:00:00,2,1.1822,1.5511,1.3789,1.2585,1.22,1.4207,1.2978,1.22,1.22,1.22,1.1822,1.1822,1.1822,1.1453,1.1091,1.1453,1.1453,1.2718,1.2306,1.1898,1.1492,1.1492,1.0691,1.0691,1.0691,1.0691,1.0691,1.0296,1.0296,1.0296,1.0296
1984-04-01 00:00:00,2,1.8858,1.6892,1.5962,3.0039,4.3584,2.0429,1.6892,1.737,1.6892,1.5962,1.5511,1.4633,1.4207,1.3789,1.3789,1.3789,1.3379,1.3379,1.2585,1.2585,1.2585,1.2585,1.2978,1.2585,1.22,1.22,1.2585,1.2585,1.2585,1.22,
1984-03-01 00:00:00,2,1.6423,1.5511,1.4633,1.5068,2.9469,2.7229,1.8858,1.8353,1.8353,1.9896,1.6892,1.737,2.0971,3.1191,1.7857,1.6423,1.5962,1.5068,1.5511,1.4633,1.4207,2.7229,1.7857,1.5962,1.5068,1.4633,1.4207,1.4207,1.3789,1.4207,4.9654
1984-02-01 00:00:00,2,2.3237,2.2656,2.2085,2.2085,2.1523,2.0971,2.0429,1.9896,1.9896,1.9896,1.9896,1.9896,1.9896,1.9373,1.9373,1.8858,1.7857,2.668,2.2085,1.8858,1.8353,1.737,1.6423,1.6423,1.5511,1.5962,1.6892,1.6423,1.5962,,
1984-01-01 00:00:00,2,3.6576,3.4143,3.295,3.1774,3.0613,3.0039,9.0195,3.7815,3.9071,3.5962,3.7815,2.9469,2.7783,2.7229,2.668,2.6135,2.5594,2.4428,2.3827,2.3827,2.9469,2.6135,2.8903,3.0613,3.6576,4.2275,3.9704,2.8903,2.9469,2.668,2.3827
1983-12-01 00:00:00,2,3.7194,3.7194,5.1042,4.0982,3.236,9.1929,10.3502,5.2446,10.7165,8.171,9.899,9.3676,8.2544,8.9332,5.5295,5.0346,4.5574,4.2928,3.9704,3.7194,4.2275,5.1042,8.8473,8.4222,5.7468,9.106,7.1949,4.7597,4.1627,3.9071,3.7194
1983-11-01 00:00:00,2,1.3789,1.3789,2.6135,1.5962,1.5511,1.4207,1.22,1.1453,1.2585,1.5511,1.5068,2.8903,3.9704,3.236,2.7783,6.5703,3.1774,2.5594,2.2085,5.2446,3.3545,3.5351,3.7194,2.5039,3.6576,2.7229,2.2656,10.1688,4.6245,4.1627,
1983-10-01 00:00:00,2,1.1091,1.0391,0.9721,0.9397,0.9721,1.0391,1.1453,1.22,1.1822,1.22,1.4207,1.3789,1.8858,4.5574,2.9469,1.5511,1.4207,1.737,1.8858,2.8903,1.3789,1.8858,3.9071,1.9373,1.5068,1.4207,1.2978,1.2585,1.22,1.6892,3.3545
1983-09-01 00:00:00,2,1.1822,1.1822,1.1822,1.1822,1.6423,1.4207,1.2978,1.2585,1.22,1.22,1.2978,1.4207,1.5068,1.5068,1.4207,1.3379,1.4207,1.3379,1.2978,1.2585,1.1822,1.1822,1.1091,1.5511,2.4428,2.0971,1.7857,1.4207,1.22,1.1453,
1983-08-01 00:00:00,2,1.5068,1.5068,1.5068,1.5068,1.4633,1.4633,1.4633,1.4633,1.4633,1.4633,1.4207,1.4207,1.4207,1.4207,1.4207,1.4207,1.3379,1.3379,1.2978,1.2978,1.2585,1.2978,1.3379,1.3379,1.3379,1.3379,1.2585,1.2585,1.2585,1.22,1.22
1983-07-01 00:00:00,2,1.9373,1.8858,1.8858,1.8858,1.8353,1.8353,1.8353,1.8353,1.7857,1.7857,1.7857,1.737,1.6892,1.6892,1.6892,1.6892,1.6892,1.6892,1.737,1.9373,2.0971,1.9373,1.8353,1.7857,1.737,1.6423,1.5962,1.5962,1.5962,1.5068,1.5068
1983-06-01 00:00:00,2,3.3545,2.8903,3.295,3.1774,2.8341,2.7229,2.5594,2.5039,2.4428,2.3827,2.3827,2.3237,2.2656,2.2085,2.2085,2.2085,2.2085,2.2085,2.2085,2.2085,2.2085,2.2085,2.0971,2.0971,2.0971,2.0971,2.0429,1.9896,1.9896,1.9896,
1983-05-01 00:00:00,2,3.1191,3.0039,3.0039,3.0039,2.9469,2.9469,2.8903,2.8903,2.8903,2.8903,2.7783,2.7229,2.668,2.668,2.5594,2.6135,2.7229,2.7783,2.7783,2.7783,2.7783,2.7783,2.7783,2.7783,2.7783,2.8341,2.7229,2.7229,4.9654,3.6576,5.5295
1983-04-01 00:00:00,2,3.4745,3.5351,3.4745,3.4143,3.3545,3.4143,13.4121,4.8965,3.7815,3.7194,9.899,10.7165,5.7468,4.4907,4.1627,4.0982,3.9704,3.8441,3.7815,3.7194,3.7194,3.6576,3.6576,3.6576,6.0415,4.4243,3.7815,3.5962,3.4143,3.1774,
1983-03-01 00:00:00,2,3.5351,22.3836,5.7468,7.0367,6.1909,6.8799,7.3543,5.7468,4.8965,4.4907,4.1627,4.2275,4.1627,3.9071,3.8441,3.8441,3.7815,3.5962,3.5351,8.0879,4.9654,9.6319,4.6245,4.4907,3.9704,3.7194,3.7194,3.9071,3.8441,3.5962,3.4745
1983-02-01 00:00:00,2,4.6245,5.9673,8.0879,4.7597,4.1627,3.6576,3.4745,3.5351,3.9071,17.491,13.4121,7.9226,6.8799,7.2744,6.0415,5.2446,4.8965,4.4243,4.2275,4.0341,3.9704,3.9704,3.7194,3.5351,3.6576,4.4243,3.7194,4.1627,,,
1983-01-01 00:00:00,2,4.4241,2.5853,7.7318,4.4859,2.5246,7.0359,3.5869,3.142,2.3439,2.1656,1.8737,2.048,2.3439,4.9941,8.4568,8.5391,3.7158,4.0412,12.2145,23.0853,17.0689,7.9703,5.2572,4.6107,24.2728,9.8097,8.5913,6.4938,4.6919,4.4243,4.7597
1982-12-01 00:00:00,2,0.5014,0.5014,0.6918,0.7409,0.7906,0.7906,0.7906,0.7906,0.8407,0.7409,0.7409,0.7409,0.6432,0.6432,0.6432,2.5853,1.259,1.3676,1.3676,1.2052,1.1519,1.8162,1.2052,1.759,2.1066,8.5391,2.8924,2.3439,1.5893,3.5869,4.1068
1982-11-01 00:00:00,2,0.9426,0.7906,0.7906,0.6918,0.6432,0.5953,0.5953,0.5953,0.9426,0.7906,0.7906,0.7906,0.6918,0.6432,1.0989,0.8914,0.8914,0.7906,0.8407,0.9426,0.7906,0.7906,0.6432,0.6432,0.6432,0.548,0.5014,0.5014,0.548,0.5014,
1982-10-01 00:00:00,2,0.7906,0.7906,0.9943,0.9426,0.9426,0.8407,0.8407,0.8914,0.8914,1.4225,1.3131,1.2052,1.8162,1.8162,1.4225,0.9426,0.8914,0.8407,0.8407,0.8407,0.8407,0.9943,0.8914,0.8914,0.7906,0.9426,0.7409,0.7409,1.2052,1.0464,1.0464
1982-09-01 00:00:00,2,0.8407,0.7906,0.9426,0.7906,0.7906,0.7906,0.7906,0.7906,0.7409,0.7409,0.7906,0.7906,0.7906,0.7906,0.7906,0.7409,0.8914,0.8407,0.7906,0.7906,0.7906,0.7906,0.8914,0.7906,0.7906,0.7906,0.7906,0.7409,0.7906,0.7906,
1982-08-01 00:00:00,2,0.9943,0.9943,0.9943,0.9943,0.9943,0.9943,0.9943,0.9943,0.9943,0.9426,0.9426,0.9426,0.9426,0.9426,0.9426,0.9426,0.9426,0.9426,0.9426,0.9426,0.9426,0.8914,0.8914,0.8914,0.8914,0.8914,0.8914,0.8914,0.8914,0.8914,0.8914
1982-07-01 00:00:00,2,1.2052,1.1519,1.1519,1.1519,1.1519,1.1519,1.1519,1.0989,1.0989,1.0989,1.0989,1.0989,1.0989,1.2052,1.2052,1.0989,1.0989,1.1519,1.1519,1.1519,1.0989,1.0989,1.0989,1.0989,0.9943,0.9943,0.9943,0.9943,0.9943,0.9943,0.9943
1982-06-01 00:00:00,2,1.4778,1.4225,1.4225,1.3676,1.3676,1.3676,1.3131,1.6455,1.5334,1.4225,1.3676,1.3131,1.3131,1.3131,1.3131,1.3131,2.2842,1.4225,1.3676,1.3131,1.3131,1.259,1.259,1.259,1.259,1.259,1.2052,1.259,1.259,1.2052,
1982-05-01 00:00:00,2,1.7021,1.6455,1.6455,1.5893,1.5334,1.5334,1.5334,1.5334,1.5334,1.5334,1.5334,1.5334,1.5334,1.5334,1.5334,1.5334,1.5334,1.4778,1.4778,1.4778,1.4778,1.4225,1.4225,1.5334,1.5893,3.395,1.5893,1.5334,1.5334,1.5334,1.5334
1982-04-01 00:00:00,2,3.0168,2.2842,2.2248,2.1656,2.1066,2.048,2.048,1.9315,1.9315,1.9315,2.1656,1.9896,2.1066,2.3439,4.4241,4.9293,2.1656,2.048,1.9315,1.8737,1.8737,1.8162,1.8162,1.759,1.759,1.7021,1.759,1.7021,1.5893,1.7021,
1982-03-01 00:00:00,2,4.4859,2.7074,5.1249,2.8305,2.8305,2.1066,2.1066,6.9603,5.1909,3.5227,3.395,3.2681,3.8454,5.1909,3.7805,3.0168,2.8305,2.6463,2.8305,2.6463,2.3439,2.4039,2.3439,3.7158,6.2969,3.205,2.4039,2.1656,2.2248,2.4641,2.2842
1982-02-01 00:00:00,2,2.5853,1.9315,2.4641,2.5853,3.205,2.9545,2.8305,2.5246,2.3439,2.2248,2.1066,2.048,2.048,1.9896,1.9896,1.9896,1.8737,1.759,1.759,1.759,1.759,1.7021,1.6455,1.6455,1.6455,1.5893,1.7021,5.1249,,,
1982-01-01 00:00:00,2,2.8305,2.9545,8.7048,6.5148,4.3016,4.1068,7.3416,4.1726,4.1726,2.7074,2.5246,3.395,3.0793,2.4039,4.4241,3.4588,2.4641,2.1656,2.1066,2.1066,5.1249,4.2385,4.4859,13.8339,6.1535,6.2969,4.8648,3.6512,2.7689,2.8305,3.0793
1981-12-01 00:00:00,2,2.8305,4.4241,4.8648,2.6463,2.4039,2.4641,2.1066,1.9896,2.2842,4.9293,3.0168,2.8305,2.9545,3.2681,2.7074,7.3416,5.5946,3.6512,2.7689,2.4641,2.1656,2.1066,1.9896,2.1066,1.5334,1.9315,6.225,4.8007,3.2681,2.4641,2.1656
1981-11-01 00:00:00,2,0.8407,0.8914,0.9426,0.9426,1.3131,0.8914,0.7906,6.5881,1.3676,2.7074,5.4585,4.9941,6.2969,7.6531,2.8305,2.048,1.759,6.0823,2.5853,2.1656,6.8104,3.8454,2.8305,4.737,2.7689,4.1068,7.811,2.7074,2.4641,6.225,
1981-10-01 00:00:00,2,0.5014,0.5014,0.5953,0.6432,0.548,0.7409,0.5953,0.5953,0.548,0.5014,0.5014,0.5953,0.5953,0.6918,0.6918,2.2842,1.3676,0.8407,0.6918,1.3131,1.1519,0.8914,0.7409,0.6918,0.6918,0.7906,1.5893,1.9896,0.9426,0.9426,0.8407
1981-09-01 00:00:00,2,0.5953,0.5953,0.5953,0.5953,0.5953,0.548,0.5953,0.548,0.5014,0.5014,0.5014,0.5014,0.5014,0.4103,0.4103,0.4103,0.4103,0.5014,0.4555,0.4103,0.4555,0.5014,0.4103,0.4103,0.4103,0.4555,0.5014,0.4103,0.4103,0.4555,
1981-08-01 00:00:00,2,0.6918,0.6918,0.6918,0.6432,0.6432,0.6432,0.6432,0.6432,0.6432,0.6432,0.6432,0.6432,0.6432,0.5953,1.0464,0.7906,0.6918,0.8914,0.9943,0.7906,0.7409,0.6918,0.6918,0.6918,0.6432,0.548,0.6432,0.5953,0.5953,0.5953,0.5953
1981-07-01 00:00:00,2,0.8407,0.8407,0.7906,0.7409,0.7906,0.7906,0.7906,0.7906,0.7906,0.7906,0.7906,0.7906,0.7906,0.7409,0.7409,0.7409,0.7409,0.7409,0.7409,0.7409,0.6918,0.6918,0.6918,0.6918,0.6918,0.6918,0.6918,0.6918,0.6918,0.6918,0.6918
1981-06-01 00:00:00,2,0.8914,0.8914,0.8914,0.8914,0.9426,0.9426,1.759,1.0464,0.9943,0.9943,0.9426,0.8914,0.8914,0.8914,0.8914,0.8914,1.1519,1.2052,1.0464,0.9943,0.9943,0.9426,0.9426,0.8914,0.8914,0.8914,0.8914,0.8914,0.8914,0.8407,
1981-05-01 00:00:00,2,0.9943,1.1519,1.0989,1.0464,1.0464,1.0464,0.9943,0.9426,0.9426,0.9943,0.9426,0.9426,0.8914,0.8914,0.8914,0.8914,0.8914,0.8914,0.8914,0.8407,0.8407,0.8914,0.8914,0.8914,0.8914,0.8914,0.8914,0.8914,1.2052,1.1519,0.9943
1981-04-01 00:00:00,2,1.3676,1.4225,1.259,1.3131,1.259,1.4225,1.259,1.4225,1.3131,1.259,1.3131,1.259,1.259,1.259,1.259,1.259,1.3131,1.3131,1.0989,1.0989,1.0989,1.0464,0.9943,0.9943,0.9943,0.9943,0.9943,1.0464,1.5893,1.259,
1981-03-01 00:00:00,2,1.3131,1.3131,1.259,1.259,1.3676,1.5893,1.9896,3.4588,1.6455,2.9545,1.6455,1.4225,1.3131,1.259,1.259,1.259,1.2052,2.2842,2.4039,1.5893,2.9545,1.8737,1.4778,1.3676,1.3676,1.3131,1.3676,1.7021,1.5893,1.5334,1.5334
1981-02-01 00:00:00,2,2.7074,2.1066,1.9315,1.9315,1.9315,2.1066,2.2842,1.8162,1.8162,1.759,1.8162,1.7021,1.6455,1.5334,1.4778,1.4778,1.4225,1.3676,1.4225,1.4225,1.4225,1.4225,1.3676,1.3676,1.3131,1.3131,1.3131,1.4225,,,
1981-01-01 00:00:00,2,2.5853,1.5893,1.759,1.5334,1.4778,1.3131,1.259,1.259,1.3676,3.205,3.3315,5.3911,4.3016,4.6737,6.3692,4.4859,3.0168,2.6463,2.4039,2.4039,2.6463,2.6463,2.5853,2.7689,2.9545,4.2385,2.6463,3.0168,2.5246,2.2248,2.1066
1980-12-01 00:00:00,2,1.8162,2.7689,3.0168,3.142,3.2681,6.8104,9.7285,10.3489,2.5246,2.3439,2.4039,1.8737,2.1066,7.1118,2.4641,2.1066,1.759,1.8162,1.5893,1.5334,1.4778,2.2842,1.4225,1.3676,1.4778,1.4778,1.3676,1.4778,1.4778,2.4039,2.4039
1980-11-01 00:00:00,2,0.5953,0.5953,0.5953,0.5953,0.5953,0.5953,0.5953,0.8407,1.759,1.759,4.2385,5.5263,3.5869,1.8162,0.9943,1.0464,1.1519,0.9943,0.9943,1.6455,1.0464,1.0464,0.9426,1.759,2.048,1.9315,1.0464,0.9943,0.9943,0.8914,
1980-10-01 00:00:00,2,0.8407,0.8407,0.8407,0.7906,0.7906,0.7906,0.7906,0.7906,0.7906,0.7409,0.7409,0.7906,1.3676,1.3131,0.8407,0.7906,0.7906,0.7906,0.7906,0.7409,0.7409,0.6918,0.6432,0.6432,0.6918,0.6918,0.6432,0.5953,0.5953,0.5953,0.5953
