DataHora,NivelConsistencia,Vazao01,Vazao02,Vazao03,Vazao04,Vazao05,Vazao06,Vazao07,Vazao08,Vazao09,Vazao10,Vazao11,Vazao12,Vazao13,Vazao14,Vazao15,Vazao16,Vazao17,Vazao18,Vazao19,Vazao20,Vazao21,Vazao22,Vazao23,Vazao24,Vazao25,Vazao26,Vazao27,Vazao28,Vazao29,Vazao30,Vazao31
2023-04-01 00:00:00,2,0.5779,0.5779,0.5779,0.552,0.552,0.5269,0.5269,0.552,0.7194,0.6894,0.5269,0.5026,,,,,,,,,,,,,,,,,,,
2023-03-01 00:00:00,2,0.6603,0.6603,0.632,0.632,0.6603,0.6894,0.7194,0.991,0.7502,0.6894,0.6603,1.7233,0.7502,0.6603,0.6603,0.6603,0.632,0.632,0.7194,0.632,0.632,0.632,0.632,0.632,0.632,0.632,0.632,0.7819,0.6045,0.6045,0.6045
2023-02-01 00:00:00,2,1.1493,1.0682,1.0291,0.991,0.9176,0.8823,1.1493,1.3236,1.6168,1.0291,1.0291,1.1082,2.2953,1.4653,0.9538,0.9176,0.8823,0.848,0.8145,0.8145,0.8145,0.7819,0.7502,0.6894,0.6603,0.6603,0.6603,0.6603,,,
2023-01-01 00:00:00,2,0.5269,2.7759,1.417,1.4653,1.5652,3.73,4.5367,3.6758,1.7783,6.6481,2.2541,1.7233,1.7233,1.7233,1.3236,1.1082,1.0291,1.0682,3.06,1.3236,1.3236,1.7233,1.2344,1.1913,1.3236,2.1332,1.5147,1.1082,1.0682,1.0291,1.1913
2022-12-01 00:00:00,2,0.9176,0.8823,1.2785,0.5026,0.5779,0.5026,0.5779,0.632,0.4342,0.5269,0.6603,0.8145,0.7819,0.9176,0.5026,0.4562,0.5026,0.479,0.5779,0.7819,2.0709,0.7194,0.5026,0.479,0.5026,0.5269,0.9538,0.7819,0.5779,0.5026,0.5026
2022-11-01 00:00:00,2,0.3497,0.33,0.3905,0.3109,0.3109,0.2922,0.2922,0.33,0.3109,0.2922,0.2922,0.479,0.3109,0.33,0.3109,0.2922,0.2922,0.2741,0.2741,0.2741,0.2564,0.2564,0.2564,0.2393,0.33,0.3497,0.3109,0.7502,0.5269,0.8145,
2022-10-01 00:00:00,2,0.3109,0.2922,0.2922,0.8823,0.3698,0.33,0.3109,0.3109,0.3109,0.3109,0.3109,0.2922,0.2922,0.2922,0.2922,0.2922,0.2741,0.2741,0.2741,0.33,0.479,0.33,0.33,0.3109,0.3497,0.3109,0.2922,0.33,0.5026,0.4116,0.4116
2022-09-01 00:00:00,2,0.2922,0.2922,0.2922,0.2922,0.2922,0.2922,0.2922,0.2922,0.2922,0.2922,0.2922,0.2922,0.2922,0.2922,0.2922,0.2922,0.3109,0.2922,0.2922,0.2922,0.3109,0.3109,0.3109,0.3109,0.3109,0.3109,0.5026,0.479,0.3497,0.33,
2022-08-01 00:00:00,2,0.33,0.33,0.33,0.3109,0.3109,0.3109,0.3109,0.3109,0.3109,0.3109,0.3497,0.3497,0.3497,0.3497,0.3497,0.33,0.33,0.33,0.33,0.33,0.33,0.33,0.33,0.33,0.33,0.33,0.33,0.3109,0.3109,0.3109,0.3109
2022-07-01 00:00:00,2,0.3698,0.3698,0.3698,0.3497,0.3497,0.3497,0.3497,0.3497,0.3698,0.3698,0.3497,0.3497,0.3497,0.3497,0.3497,0.3497,0.3497,0.3497,0.33,0.33,0.33,0.33,0.33,0.33,0.33,0.33,0.33,0.33,0.33,0.3109,0.33
2022-06-01 00:00:00,2,0.479,0.479,0.4562,0.4562,0.4562,0.4562,0.4342,0.4342,0.4342,0.4342,0.4342,0.4116,0.4116,0.4116,0.4116,0.4116,0.4116,0.4116,0.3905,0.3905,0.3905,0.3905,0.3905,0.3905,0.3698,0.3698,0.3698,0.3698,0.3698,0.3698,
2022-05-01 00:00:00,2,0.5269,0.5269,0.5269,0.5269,1.1493,0.6045,0.6045,0.5779,0.5779,0.552,0.552,0.552,0.5269,0.5269,0.5269,0.5269,0.552,0.552,0.5269,0.5269,0.5269,0.5269,0.5269,0.5026,0.5026,0.5026,0.5026,0.5026,0.5026,0.479,0.479
2022-04-01 00:00:00,2,1.6695,1.0291,1.0291,0.9538,0.8823,0.8145,0.7819,0.7502,1.5147,0.8145,0.7502,0.6894,0.6603,0.6603,0.632,0.632,0.632,0.6045,0.6045,0.6045,0.6045,0.6045,0.5779,0.5779,0.5779,0.5779,0.5779,0.552,0.552,0.552,
2022-03-01 00:00:00,2,1.8918,1.7783,1.5652,1.3698,1.2785,1.1082,1.0682,0.991,0.9538,0.9176,0.8823,0.8823,0.848,0.848,0.848,0.8145,0.8145,0.8145,0.8145,0.8145,0.8145,0.7819,0.7819,0.7819,0.7819,0.7819,0.7502,0.7502,0.7819,0.7819,0.7502
2022-02-01 00:00:00,2,2.01,1.7783,1.417,1.8918,2.1731,2.6846,2.1332,3.4115,6.8768,3.8398,3.1582,3.8398,3.06,2.6397,9.409,4.91,4.4761,4.416,3.208,2.916,3.4115,3.1089,2.6397,2.4641,2.3368,2.2134,2.0709,2.01,,,
2022-01-01 00:00:00,2,2.2953,3.4634,4.4761,1.7647,3.73,6.498,14.8925,15.9877,23.6557,14.6551,21.8373,7.0317,7.4277,4.5977,3.7847,3.6758,3.4634,3.2582,2.5951,2.2134,2.1332,2.2541,2.0709,1.8345,1.7233,1.5652,1.4653,1.3698,1.9503,2.8222,2.3788
2021-12-01 00:00:00,2,0.8483,0.7532,0.7532,0.949,0.8483,3.1582,1.6718,1.0921,0.8812,0.816,0.7532,0.816,4.18,1.4936,1.7179,1.6718,1.7647,1.1674,1.0193,0.9148,0.8812,0.816,0.949,0.949,0.8812,0.8812,0.8812,0.816,1.0921,2.551,2.6846
2021-11-01 00:00:00,2,0.816,1.2452,0.6638,0.5801,0.5274,0.4772,0.4772,0.4772,0.4772,0.4772,7.6711,2.0938,1.3255,1.1294,1.0921,1.0193,0.949,0.949,1.2059,1.2452,1.0554,0.949,0.8812,0.816,0.7532,0.7532,1.3255,1.0193,0.8483,0.816,
2021-10-01 00:00:00,2,0.3416,0.502,0.816,0.5274,0.4066,0.3627,0.5801,0.5801,0.453,0.5801,0.8483,0.9148,0.5534,0.502,0.5274,0.5274,0.502,0.5274,0.8812,1.4936,1.0921,0.6353,0.5534,0.8812,0.8812,0.5801,1.3255,0.6353,0.5274,0.4772,0.502
2021-09-01 00:00:00,2,0.3015,0.3015,0.2823,0.2823,0.2638,0.2638,0.2638,0.2638,0.2638,0.2638,0.2638,0.2638,0.2638,0.2638,0.2638,0.2638,0.2638,0.2638,0.2638,0.2638,0.2638,0.2638,0.2287,0.2287,0.2287,0.2287,0.2287,0.3843,0.3843,0.3843,
2021-08-01 00:00:00,2,0.3015,0.3015,0.3015,0.3015,0.2823,0.2823,0.2638,0.2638,0.2638,0.2638,0.2638,0.3015,0.3015,0.3015,0.3015,0.3015,0.3843,0.3627,0.3416,0.3416,0.3416,0.3416,0.3416,0.3015,0.3015,0.3015,0.3015,0.3015,0.3015,0.3015,0.3015
2021-07-01 00:00:00,2,0.3416,0.3416,0.3416,0.3416,0.3416,0.3416,0.3416,0.3212,0.3015,0.3015,0.3015,0.3015,0.3015,0.3015,0.3015,0.3015,0.3015,0.3015,0.3015,0.3015,0.3015,0.3015,0.3015,0.3015,0.3015,0.3015,0.3015,0.3015,0.3015,0.3015,0.3015
2021-06-01 00:00:00,2,0.7228,0.5801,0.5801,0.4772,0.4772,0.4772,0.4772,0.453,0.4295,0.4295,0.4295,0.4295,0.4295,0.4295,0.4295,0.4295,0.4066,0.4066,0.3843,0.3843,0.3843,0.3843,0.3843,0.3843,0.3843,0.3843,0.3843,0.3627,0.3416,0.3416,
2021-05-01 00:00:00,2,0.5534,0.5274,0.5274,0.5274,0.5274,0.502,0.4772,0.4772,0.4772,0.4772,0.4772,0.4772,0.4772,0.453,0.4295,0.4295,0.4295,0.4295,0.4295,0.4772,0.453,0.4295,0.4295,0.4295,0.4295,0.4295,0.4295,0.4295,0.4295,0.4295,0.4295
2021-04-01 00:00:00,2,0.7532,0.7532,0.7228,0.7228,0.7228,0.693,0.693,0.693,0.693,0.693,0.693,0.693,0.6638,0.6638,0.6638,0.6353,0.6353,0.6353,0.6353,0.6353,0.6353,0.6353,0.6074,0.6074,0.5801,0.5801,0.5801,0.5801,0.5801,0.5801,
2021-03-01 00:00:00,2,0.8812,0.7532,0.693,0.6353,0.6353,0.7532,1.3255,9.0453,1.7647,1.6263,1.2059,1.0921,1.0193,0.949,0.949,0.8483,0.816,0.7532,0.7532,0.7532,0.693,0.693,0.693,0.693,0.693,1.2059,1.0193,0.949,0.8812,0.7843,0.7532
2021-02-01 00:00:00,2,0.1255,0.1255,0.1034,0.1034,0.1034,0.502,2.0547,0.8483,0.453,0.3843,0.3843,1.7179,1.2452,0.8812,0.5801,0.4772,0.4066,0.453,3.2582,1.5372,0.9838,1.7647,1.9779,1.0193,0.8812,0.8812,2.5073,1.3255,,,
2021-01-01 00:00:00,2,0.2287,0.5801,1.5815,1.7647,0.6353,0.453,0.4295,1.6263,0.5801,0.4772,0.5274,0.4295,0.4066,0.4295,0.6353,0.4295,0.3416,0.2823,0.2638,0.2287,0.1961,0.1961,0.1807,0.166,0.166,0.166,0.166,0.1384,0.1384,0.1384,0.1384
2020-12-01 00:00:00,2,0,0,0,0,0.1807,0.1384,0.0331,0.0331,0.0331,0.166,0.166,0.7532,0.2638,0.0645,0.0331,0.0106,0.0106,1.1674,2.5073,1.0193,0.3627,1.86,0.5801,2.1731,1.9401,0.9838,0.5274,0.8812,0.4295,0.3212,0.246
2020-11-01 00:00:00,2,0.1034,0.0331,0.0106,0.6353,0.1384,0.0207,0.0106,0.0106,0.0207,0.0106,0.0207,0.0331,0.0207,0.0207,0.0106,0.166,0.083,0.0331,0.0478,0.0331,0.0331,0.0106,0.0106,0.0106,0.0034,0,0,0,0,0,
2020-10-01 00:00:00,2,0.0331,0.0207,0.0106,0.0106,0,0,0,0,0,0,0,0,0,0,0,0,0,0,0,0,0.0645,0.0645,0.0106,0.1034,0.1961,0.1034,0.0106,0.0034,0.0106,0.1034,0.816
2020-09-01 00:00:00,2,0.0478,0.0331,0.0331,0.0331,0.0331,0.0331,0.0331,0.0207,0.0106,0.0106,0.0034,0,0,0,0,0,0,0,0,0,0.2287,0.2287,0.2287,0.2287,0.2121,0.1384,0.083,0.0645,0.0645,0.0331,
2020-08-01 00:00:00,2,0.0331,0.0331,0.0331,0.0331,0.0331,0.0331,0.0331,0.0331,0.0331,0.0331,0.0207,0.0207,0.0106,0.0106,0.0106,0.0106,0.0106,0.0106,0.0106,0.0106,0.0106,0.0645,0.1034,0.0645,0.0645,0.0645,0.0645,0.0645,0.0645,0.0645,0.0478
2020-07-01 00:00:00,2,0.1384,0.1384,0.1384,0.1384,0.1384,0.1034,0.1034,0.1034,0.1034,0.1034,0.1034,0.1034,0.083,0.0645,0.0645,0.0645,0.0645,0.0645,0.0645,0.0645,0.0645,0.0645,0.0331,0.0331,0.0331,0.0645,0.0331,0.0331,0.0331,0.0331,0.0331
2020-06-01 00:00:00,2,0.2287,0.2287,0.2287,0.2121,0.1961,0.1961,0.1961,0.166,0.166,0.166,0.166,0.166,0.166,0.166,0.166,0.166,0.1518,0.1384,0.1384,0.166,0.1807,0.1807,0.166,0.166,0.166,0.166,0.166,0.1384,0.1384,0.1384,
2020-05-01 00:00:00,2,0.3416,0.3212,0.3015,0.2638,0.2638,0.246,0.2638,0.2638,0.246,0.2287,0.2287,0.2287,0.2287,0.2287,0.3015,0.2638,0.2638,0.246,0.246,0.2287,0.2287,0.2287,0.2287,0.2638,0.4295,0.3015,0.2638,0.2638,0.2638,0.2638,0.246
2020-04-01 00:00:00,2,0.5801,0.693,0.949,0.8483,0.6638,0.6353,0.693,0.6638,0.6074,0.5534,0.5274,0.5534,0.5274,0.4772,0.5534,0.502,0.4772,0.4772,0.453,0.4295,0.4295,0.4295,0.4295,0.4066,0.3843,0.3843,0.3843,0.3843,0.3843,0.3627,
2020-03-01 00:00:00,2,2.7759,3.3088,1.86,1.5372,2.5951,1.7647,1.2452,1.1674,1.0921,1.0193,0.949,0.8812,0.8812,0.8483,0.816,0.816,0.7843,0.816,0.8483,1.2059,1.9779,1.4936,0.7843,0.7532,0.7228,0.693,0.693,0.6638,0.6353,0.6353,0.6353
2020-02-01 00:00:00,2,0.9838,0.8812,0.8483,0.7843,2.0161,1.0921,1.0554,0.949,0.8812,0.949,1.0193,4.6592,3.7847,2.2134,1.0921,1.4936,2.7759,1.0193,0.949,0.8812,0.8483,1.0193,1.4936,1.1294,1.2059,1.0921,1.2059,1.5815,1.4936,,
2020-01-01 00:00:00,2,0.1436,0.2111,0.3957,0.2947,0.9975,0.3264,0.265,0.3957,0.6534,0.473,0.2947,0.2111,0.1644,0.1245,0.1644,0.1245,2.1676,0.5589,0.2947,1.5867,0.6534,2.5475,6.4237,3.5687,3.3599,1.3255,0.9148,0.7843,6.6481,1.3666,1.0554
2019-12-01 00:00:00,2,0.1245,0.9196,0.3264,0.1245,0.1436,0.473,1.1603,0.3957,0.1644,2.9094,0.9196,1.5492,0.9196,1.5123,0.473,0.265,0.2111,0.1644,0.2371,0.6534,0.9196,0.36,0.265,1.9058,0.9975,0.5149,0.3957,0.3264,0.2371,0.1644,0.1245
2019-11-01 00:00:00,2,0.091,0.107,0.091,0.0636,0.0521,0.033,0.0254,0.0419,0.0419,0.0254,0.0254,0.0254,0.0254,0.0521,0.091,0.107,0.0521,0.0419,0.3264,0.1436,0.1245,0.3264,0.2947,0.1644,0.107,0.0766,0.0521,0.0419,0.3264,0.1644,
2019-10-01 00:00:00,2,0.0766,0.0636,0.0636,0.0419,0.0419,0.0254,0.0254,0.0254,0.033,0.0419,0.0419,0.0419,0.0254,0.0254,0.0189,0.0135,0.0135,0.0135,0.0135,0.0135,0.0135,0.0135,0.0135,0.0135,0.0135,0.0135,0.0135,0.0135,0.033,0.1644,0.9196
2019-09-01 00:00:00,2,0.091,0.091,0.0766,0.0766,0.0636,0.0636,0.0636,0.0636,0.0636,0.0636,0.0521,0.0521,0.0419,0.0419,0.0419,0.0419,0.0419,0.0419,0.0419,0.033,0.033,0.0254,0.0254,0.0254,0.033,0.757,0.5589,0.1436,0.091,0.091,
2019-08-01 00:00:00,2,0.1245,0.1245,0.1245,0.1436,0.1245,0.1245,0.1245,0.1245,0.1245,0.1245,0.1245,0.1245,0.1245,0.1245,0.1245,0.1245,0.1245,0.1245,0.1245,0.1245,0.1245,0.1245,0.1245,0.107,0.1245,0.091,0.091,0.091,0.091,0.091,0.091
2019-07-01 00:00:00,2,0.1644,0.1644,0.1436,0.1245,0.1245,0.1245,0.1245,0.1436,0.1644,0.1436,0.1245,0.1245,0.1245,0.1245,0.1245,0.1245,0.1245,0.1436,0.1644,0.1644,0.1644,0.1644,0.1644,0.1644,0.1644,0.1644,0.1436,0.1436,0.1245,0.1245,0.1245
2019-06-01 00:00:00,2,0.1644,0.1644,0.1644,0.2947,0.2111,0.2111,0.2111,0.2111,0.2111,0.1868,0.2111,0.2111,0.1868,0.1644,0.1644,0.1644,0.1644,0.1644,0.1644,0.1868,0.1644,0.1644,0.1644,0.1436,0.1644,0.1644,0.1245,0.1245,0.1245,0.1245,
2019-05-01 00:00:00,2,0.1245,0.1245,0.1436,0.1245,0.107,0.091,0.091,0.091,0.091,0.091,0.091,0.091,0.091,0.091,5.9326,0.5149,0.3957,0.3264,0.3264,0.3264,0.265,0.265,0.265,0.265,0.2111,0.2111,0.2111,0.2111,0.2111,0.2111,0.1868
2019-04-01 00:00:00,2,0.1436,0.1644,0.1436,0.1436,0.1245,0.1245,0.1644,0.473,0.2111,0.265,0.2111,0.1644,0.1644,0.1644,0.1644,0.9975,0.8071,0.265,0.2111,0.1644,0.1644,0.1436,0.1245,0.1245,0.1245,0.1245,0.1245,0.1245,0.1245,0.1245,
2019-03-01 00:00:00,2,1.245,1.0374,0.5589,0.4333,0.36,0.2947,0.265,0.2371,0.265,0.2111,0.2111,0.2111,0.1868,0.1644,0.1644,0.1868,0.2111,0.2111,0.2111,0.265,1.7822,0.5589,0.4333,0.265,0.2111,0.2111,0.1868,0.1644,0.1644,0.1644,0.1436
2019-02-01 00:00:00,2,0.033,0.0254,0.0254,0.9196,0.5589,0.5149,0.265,0.1644,0.1436,0.1245,6.9535,0.844,0.473,0.3957,0.473,0.8815,1.742,0.844,0.9196,1.0778,0.7041,0.6534,0.5589,0.4333,0.3264,0.265,0.3957,1.0778,,,
2019-01-01 00:00:00,2,0.605,0.757,0.9583,0.3957,0.2947,0.2111,0.2111,0.1436,0.1436,0.1245,0.1245,0.107,0.091,0.091,0.091,0.0766,0.0766,0.0636,0.0636,0.0636,0.0636,0.0636,0.0521,0.0419,0.0419,0.0766,0.0636,0.0636,0.0521,0.0419,0.0419
2018-12-01 00:00:00,2,1.4211,0.5589,1.742,0.4333,0.265,0.265,0.2111,0.1644,0.1644,0.1644,0.1644,0.1245,0.1245,0.2111,0.1245,0.091,0.091,0.091,0.0636,0.2111,0.1436,0.091,0.1868,0.1436,0.1245,0.1245,0.1436,0.9975,1.0778,0.9975,0.7041
2018-11-01 00:00:00,2,0.0419,0.0419,0.0254,0.033,0.0636,0.0636,0.0521,0.2947,1.245,0.6534,0.2371,0.1644,0.1644,0.1245,0.091,0.091,0.091,0.1245,0.1868,0.605,1.9909,1.1603,0.3264,0.3264,0.3264,0.2111,0.1644,0.1245,0.1245,0.091,
2018-10-01 00:00:00,2,0.1245,0.1644,0.1644,0.1245,0.1644,0.2111,0.265,0.1644,0.1245,0.1245,0.1245,0.473,0.2111,0.1245,0.1245,0.1644,0.1245,0.1644,0.2111,0.5589,0.091,0.033,0.0254,0.033,1.0778,1.8228,0.3264,0.1245,0.0766,0.0521,0.0419
2018-09-01 00:00:00,2,0.0135,0.0135,0.0092,0.0419,0.0254,0.0254,0.0254,0.0189,0.0135,0.0135,0.0135,0.0135,0.0254,0.0254,0.1245,0.1644,0.1868,0.1644,0.1245,0.1644,0.265,0.1644,0.1436,0.107,0.091,0.0766,0.0636,0.0636,0.0766,0.091,
2018-08-01 00:00:00,2,0.0092,0.0189,0.0254,0.1644,0.1644,0.107,0.0636,0.0636,0.0521,0.0419,0.0419,0.0419,0.0419,0.0419,0.0419,0.0419,0.033,0.033,0.0254,0.0254,0.0189,0.0189,0.0189,0.0254,0.0254,0.0254,0.0254,0.0254,0.0254,0.0189,0.0135
2018-07-01 00:00:00,2,0.0521,0.0419,0.033,0.033,0.0254,0.033,0.0254,0.0135,0.0254,0.0254,0.0254,0.0189,0.0135,0.0135,0.0135,0.0135,0.0135,0.0135,0.0135,0.0189,0.0189,0.0189,0.0135,0.0135,0.0135,0.0135,0.0135,0.0092,0.0135,0.0135,0.0092
2018-06-01 00:00:00,2,0.0636,0.0636,0.0766,0.091,0.0636,0.0636,0.0636,0.0636,0.0636,0.091,0.091,0.091,0.091,0.091,0.0766,0.0636,0.091,0.0766,0.0636,0.0636,0.091,0.091,0.091,0.091,0.091,0.0766,0.0636,0.0636,0.0636,0.0636,
2018-05-01 00:00:00,2,0.0636,0.0636,0.0636,0.0636,0.0636,0.0636,0.0419,0.0419,0.0419,0.0636,0.0636,0.0521,0.0521,0.0636,0.0636,0.0521,0.0636,0.091,0.091,0.091,0.0636,0.0766,0.0636,0.0636,0.0636,0.0636,0.0636,0.0636,0.0636,0.0636,0.0766
2018-04-01 00:00:00,2,0.265,0.2111,0.2111,0.2111,0.2947,0.9196,0.265,0.2111,0.1644,0.1644,0.1245,0.1245,0.1644,0.1644,0.1644,0.1644,0.1644,0.1245,0.1245,0.1245,0.1245,0.1245,0.1245,0.091,0.091,0.091,0.091,0.0636,0.0636,0.0636,
2018-03-01 00:00:00,2,1.2882,0.5149,0.9583,0.4333,0.3957,0.265,0.2111,0.9975,0.6534,1.1187,1.4211,0.844,0.5589,0.473,0.3957,0.473,0.7041,0.5589,0.473,0.3264,0.757,0.757,0.5149,0.3957,0.3957,0.3264,0.265,0.2111,0.2111,0.2111,0.2371
2018-02-01 00:00:00,2,0.3264,0.3264,0.473,0.1644,0.265,0.605,0.1644,0.1868,0.1245,0.1644,0.1245,0.1245,0.1245,0.091,0.0766,0.0636,0.0636,0.0636,0.107,0.265,0.2111,0.1644,0.1245,0.3957,0.3957,0.2371,0.2111,0.1868,,,
2018-01-01 00:00:00,2,0.605,0.3957,0.473,0.473,1.5123,0.6534,0.8815,1.5123,0.5149,0.3264,0.265,0.265,0.265,0.2111,0.2111,0.2111,0.1644,0.1245,0.107,0.091,0.091,0.0766,0.0636,0.0636,0.0636,0.0636,0.0636,0.0636,0.0521,0.2371,0.473
2017-12-01 00:00:00,2,2.2132,1.4043,0.5834,0.4603,0.25,0.2999,0.8559,0.9291,0.9291,0.4603,0.4025,0.4025,0.2999,0.25,0.2261,0.2029,0.4603,0.25,0.2029,0.1591,0.1591,0.1591,0.1301,0.1301,0.1385,1.16,7.3149,1.0778,0.4333,0.2371,0.844
2017-11-01 00:00:00,2,0.25,0.0642,0.0348,0.0348,0.0348,0.0214,0.0348,0.0348,0.0348,0.0214,0.0348,0.0962,0.0642,0.0348,0.0214,0.0214,0.0093,0.0093,0.0214,0.9664,0.2746,0.25,0.2746,0.2029,0.1301,0.1301,0.1301,0.2029,0.1301,0.0962,
2017-10-01 00:00:00,2,0.1301,0.1301,1.2676,0.1806,0.1301,0.0962,0.0642,0.0348,0.0348,0.0348,0.0348,0.0348,0.0348,0.0348,0.0348,0.0093,0.0214,0.0214,0.0093,0.0093,0.0093,0.0093,0.0093,0.0348,0.0348,0.0093,0.0093,0.0962,0.1129,0.0962,0.2999
2017-09-01 00:00:00,2,0.0093,0.0348,0.0348,0.0348,0.0348,0.0642,0.0491,0.0491,0.0642,0.0642,0.0642,0.0642,0.0642,0.0642,0.0642,0.0642,0.0642,0.0642,0.0799,0.0642,0.0642,0.0642,0.0348,0.0093,0.0214,0.0491,0.0348,0.0348,0.0348,0.1301,
2017-08-01 00:00:00,2,0.0491,0.0491,0.0491,0.0348,0.0348,0.0348,0.0348,0.0348,0.0348,0.0348,0.0348,0.0348,0.0348,0.0348,0.0348,0.0348,0.0348,0.0348,0.0348,0.0214,0.0214,0.0214,0.0093,0.0093,0.0093,0.0093,0.0093,0.0093,0.0093,0.0348,0.0214
2017-07-01 00:00:00,2,0.0348,0.0348,0.0348,0.0348,0.0348,0.0214,0.0348,0.0214,0.0348,0.0348,0.0348,0.0348,0.0348,0.0348,0.0348,0.0491,0.0348,0.0348,0.0348,0.0491,0.0491,0.0348,0.0491,0.0491,0.0348,0.0491,0.0348,0.0348,0.0348,0.0491,0.0491
2017-06-01 00:00:00,2,0.0642,0.0642,0.0491,0.0491,0.0642,0.0642,0.0642,0.0491,0.0491,0.0348,0.0642,0.0642,0.2029,0.1301,0.1301,0.0962,0.0962,0.0962,0.0642,0.0642,0.0642,0.0642,0.0642,0.0642,0.0642,0.0642,0.0642,0.0642,0.0491,0.0348,
2017-05-01 00:00:00,2,0.0642,0.0642,0.0642,0.0642,0.0642,0.0642,0.0962,0.1129,0.0962,0.0642,0.0642,0.0962,0.0799,0.0642,0.0642,0.0642,0.0642,0.0642,0.0799,0.1385,0.1591,0.1385,0.1301,0.1301,0.0962,0.0962,0.0962,0.0962,0.0642,0.0642,0.0642
2017-04-01 00:00:00,2,0.1301,0.1301,0.1301,0.0962,0.0962,0.0962,0.0962,0.0962,0.0962,0.0962,0.0962,0.0962,0.0962,0.0962,0.0962,0.0799,0.0642,0.0642,0.0642,0.0642,0.0642,0.0642,0.0642,0.0642,0.0642,0.0642,0.0962,0.0962,0.0962,0.0962,
2017-03-01 00:00:00,2,0.4647,0.5026,0.1576,0.1215,0.0908,0.1215,0.0908,0.0908,0.1388,0.1576,0.1388,0.1215,0.0908,0.0908,0.0908,0.0775,0.0908,0.0775,0.1777,0.25,0.2261,0.2029,0.2029,0.2029,0.2029,0.1591,0.1591,0.25,0.2029,0.1591,0.1591
2017-02-01 00:00:00,2,0.0544,0.0544,0.1388,0.1576,0.2225,3.9068,0.5837,0.4286,0.2733,0.2471,0.2225,0.2225,0.1994,0.2471,0.1994,0.2471,0.2471,0.2471,0.2471,0.2471,0.3615,0.3615,0.3305,0.3011,0.3615,0.3615,0.3615,0.4286,,,
2017-01-01 00:00:00,2,0.0908,0.0775,0.0653,0.0653,0.0653,0.0653,0.0653,0.0653,0.0653,0.0653,0.0908,0.1215,0.5837,1.0778,1.0778,0.3011,0.1777,0.1215,0.1055,0.0908,0.0908,0.0653,0.0653,0.0653,0.0908,0.0908,0.0653,0.0653,0.0653,0.0653,0.0653
2016-12-01 00:00:00,2,0.3011,0.2471,0.1388,0.1215,1.7822,0.7681,0.1994,0.1388,0.1055,0.1055,0.1777,0.1777,0.3011,0.3942,0.3615,1.0778,0.3942,0.2471,0.1777,0.1576,0.1215,0.1215,0.1055,0.0908,0.0908,0.4286,0.1576,0.7681,0.2225,0.1215,0.1215
2016-11-01 00:00:00,2,0.0653,0.0653,0.0653,0.0653,0.0653,0.0775,0.0775,0.0908,0.0908,0.1994,0.1777,0.1777,0.1388,0.3942,0.5026,0.1388,0.1055,0.0775,0.0653,0.0544,0.0447,0.0298,0.0653,0.0908,0.0653,0.0447,0.0447,0.0298,0.0298,0.9583,
2016-10-01 00:00:00,2,0.0775,0.0775,0.0908,0.1388,0.1576,0.1388,0.1215,0.1055,0.1055,0.1055,0.1055,0.0908,0.0775,0.0775,0.0775,0.0775,0.0775,0.0775,0.0775,0.0908,0.1055,0.0775,0.0775,0.0908,0.0775,0.0775,0.0775,0.0653,0.0653,0.0653,0.0653
2016-09-01 00:00:00,2,0.0794,0.0794,0.0483,0.0483,0.0483,0.0483,0.0483,0.0483,0.0483,0.0483,0.0483,0.0483,0.0348,0.0483,0.0348,0.0633,0.0483,0.0483,0.0483,0.0794,0.0794,0.0968,0.0794,0.0483,0.0633,0.0794,0.0968,0.0908,0.0775,0.0775,
2016-08-01 00:00:00,2,0.0794,0.0794,0.0794,0.0794,0.0794,0.0794,0.0794,0.0794,0.0794,0.0633,0.0633,0.0633,0.0483,0.0483,0.0483,0.0483,0.0794,0.0794,0.0633,0.0483,0.0633,0.0794,0.0633,0.0483,0.0483,0.0483,0.0483,0.0483,0.0483,0.0483,0.0483
2016-07-01 00:00:00,2,0.1549,0.1549,0.1549,0.1549,0.1549,0.1549,0.1549,0.1549,0.1549,0.1151,0.1151,0.1151,0.1151,0.1151,0.1151,0.1151,0.1151,0.0968,0.0794,0.1151,0.1151,0.1151,0.1151,0.0968,0.0968,0.0794,0.0968,0.0794,0.0794,0.0794,0.0968
2016-06-01 00:00:00,2,0.1549,0.2448,0.4603,0.4902,0.2946,0.2448,0.2211,0.1982,0.1982,0.1982,0.1982,0.1982,0.1982,0.1982,0.1761,0.1549,0.1549,0.1549,0.1549,0.1549,0.1549,0.1549,0.1549,0.1549,0.1549,0.1549,0.1549,0.1549,0.1549,0.1549,
2016-05-01 00:00:00,2,0.2211,0.1982,0.1982,0.1549,0.1761,0.1549,0.1761,0.1982,0.1982,0.1982,0.1982,0.1761,0.1549,0.1761,0.1982,0.1982,0.1982,0.1982,0.1982,0.3472,0.1982,0.1982,0.1549,0.1761,0.1761,0.1549,0.1549,0.1549,0.1549,0.1549,0.1549
2016-04-01 00:00:00,2,0.2946,0.2946,0.2946,0.3472,0.2946,0.2946,0.2448,0.2448,0.2448,0.2448,0.2211,0.1982,0.2211,0.2448,0.2448,0.2211,0.1982,0.1982,0.1982,0.1982,0.1982,0.1982,0.1549,0.1761,0.1982,0.1549,0.1549,0.1982,0.2211,0.3472,
2016-03-01 00:00:00,2,0.7846,0.6483,0.5834,0.5207,0.9291,0.5207,0.5207,0.5207,0.4603,0.4603,0.5207,0.8559,0.5834,0.82,0.4902,0.5207,0.4603,0.4025,0.3472,0.3472,0.3472,0.3472,0.3205,0.3745,0.3472,0.3472,0.3472,0.3472,0.2946,0.2946,0.2946
2016-02-01 00:00:00,2,0.8559,0.8559,0.7846,0.7846,0.7154,0.7154,0.7154,0.6483,0.6483,0.6156,0.5834,0.7154,0.7846,0.7154,0.6816,0.7154,0.7154,1.4397,0.5834,0.4025,0.3472,0.3472,0.4025,0.3472,0.3472,1.9058,0.7846,0.5834,2.7509,,
2016-01-01 00:00:00,2,0.0794,0.1982,0.1982,0.6156,0.2448,0.1982,0.1549,0.1151,0.2448,0.1761,0.1549,0.1549,0.2211,0.2448,1.4397,2.6481,7.9729,1.5867,11.2047,4.5743,2.2593,1.6633,1.3693,1.2347,1.16,1.16,1.0812,1.6633,4.3,1.3693,1.0042
2015-12-01 00:00:00,2,0.4603,0.4025,0.3745,0.1982,0.1549,0.1549,0.1549,0.1345,0.1549,0.1549,0.3472,0.1761,1.0042,0.5834,0.2448,0.1549,0.1151,0.1982,0.1982,0.1549,0.1151,0.1151,0.1151,0.0968,0.0794,0.0968,0.0968,0.1151,0.1151,0.1151,0.1151
2015-11-01 00:00:00,2,0.0483,0.0794,0.0483,0.0348,0.0348,0.0348,0.0483,0.0483,0.0348,0.0348,0.0348,0.0348,0.0483,0.0633,0.0794,0.0794,0.0483,0.0483,0.0968,0.1761,0.1761,0.1549,0.1549,0.4025,0.1761,0.1549,0.1151,0.0794,0.0794,0.7846,
2015-10-01 00:00:00,2,0.0483,0.0483,0.0483,0.0483,0.0483,0.0483,0.0483,0.0483,0.0483,0.0483,0.0483,0.0348,0.0227,0.0227,0.0227,0.0227,0.0227,0.0227,0.0227,0.0227,0.0227,0.0227,0.1345,0.1151,0.0794,0.0794,0.1151,0.1982,0.1151,0.0794,0.0794
2015-09-01 00:00:00,2,0.0483,0.0227,0.0227,0.0227,0.0227,0.0227,0.1761,0.8922,1.4043,0.3472,0.1761,0.1549,0.1982,0.1982,0.1549,0.1151,0.0794,0.0794,0.0794,0.0794,0.0794,0.0633,0.0483,0.0483,0.0483,0.0483,0.0483,0.0483,0.0483,0.0633,
2015-08-01 00:00:00,2,0.0483,0.0483,0.0483,0.0483,0.0483,0.0483,0.0483,0.0483,0.0227,0.0227,0.0227,0.0227,0.0227,0.0227,0.0227,0.0348,0.0483,0.0483,0.0483,0.0348,0.0227,0.0227,0.0227,0.0227,0.0227,0.0227,0.0227,0.0227,0.0227,0.0348,0.0483
2015-07-01 00:00:00,2,0.0794,0.0794,0.0794,0.0794,0.0794,0.0794,0.0794,0.0794,0.0633,0.0633,0.0633,0.0633,0.0633,0.0633,0.0633,0.0633,0.0633,0.0633,0.0633,0.0633,0.0633,0.0633,0.0633,0.0633,0.0483,0.0483,0.0483,0.0483,0.0483,0.0483,0.0483
2015-06-01 00:00:00,2,0.1151,0.1151,0.1982,0.1982,0.1549,0.1549,0.1549,0.1151,0.1151,0.1151,0.1151,0.1151,0.1151,0.1151,0.1151,0.1151,0.1151,0.1151,0.1151,0.1151,0.1151,0.1151,0.1151,0.1151,0.1151,0.1151,0.1151,0.1151,0.0968,0.0794,
2015-05-01 00:00:00,2,0.1549,0.1549,0.1549,0.1549,0.1761,0.1982,0.1761,0.1549,0.1549,0.1549,0.2448,0.1982,0.1982,0.1549,0.1549,0.1549,0.1549,0.1549,0.1549,0.1549,0.1549,0.1549,0.1549,0.1549,0.1345,0.1151,0.1151,0.1151,0.1761,0.1549,0.1345
2015-04-01 00:00:00,2,0.2946,0.2946,0.2448,0.2448,0.2448,0.2448,0.2946,0.2448,0.2448,0.2448,0.2448,0.1982,0.1982,0.1982,0.1982,0.1982,0.1982,0.1982,0.1982,0.1982,0.2448,0.1982,0.1982,0.1761,0.1982,0.1982,0.1549,0.1549,0.1549,0.1549,
2015-03-01 00:00:00,2,0.1982,0.1982,0.1982,0.1549,0.1549,0.1549,0.1549,1.2347,0.5207,4.3676,1.0812,1.742,0.82,0.5834,0.5207,0.4603,0.4603,0.7154,0.5207,0.4603,1.16,0.5517,1.0042,1.8228,0.5834,0.4025,0.3472,0.3472,0.2946,0.2946,0.2946
2015-02-01 00:00:00,2,0.1549,0.1345,0.1151,0.0968,0.1151,0.5834,0.2211,0.2448,0.6483,0.3472,0.9664,0.3472,0.2448,0.1982,0.1982,0.7846,0.4025,0.3472,0.4311,0.2946,0.2448,0.1982,0.1982,0.1982,0.1982,0.1982,0.1982,0.2448,,,
2015-01-01 00:00:00,2,0.1549,0.1345,0.1345,0.1151,0.1345,0.1151,0.1151,0.1151,0.1151,0.0794,0.0794,0.0794,0.0794,0.0483,0.0483,0.0483,0.0483,0.0483,0.0483,0.0483,0.0483,0.0483,0.0483,0.0794,0.1151,0.1345,0.2211,0.2448,0.1982,0.1549,0.1345
2014-12-01 00:00:00,2,0.3323,0.2332,0.186,0.1565,0.2332,0.3323,0.2332,0.186,0.1565,0.1294,0.1294,0.1294,0.1294,0.359,0.3865,0.2177,0.1565,0.1565,0.1294,0.1294,0.1565,0.1565,0.186,0.186,0.1565,0.1294,0.1045,0.1045,0.0821,0.0821,0.0821
2014-11-01 00:00:00,2,0.0821,0.0621,0.0447,0.0447,0.0298,0.0298,0.2332,0.0821,0.0447,0.0621,0.0447,0.0447,0.0447,0.1294,0.7002,0.1565,0.1045,0.0821,0.0621,0.0447,0.0447,0.0447,0.1294,0.2568,0.1565,0.1294,0.2568,0.5348,0.4147,0.359,
2014-10-01 00:00:00,2,0.0298,0.0298,0.0298,0.0298,0.0447,0.0447,0.0447,0.0447,0.0447,0.0447,0.0447,0.0298,0.0447,0.0298,0.0298,0.0298,0.0447,0.0447,0.1565,0.1565,0.0447,0.0447,0.0298,0.0298,0.0298,0.1565,0.2332,0.0821,0.0447,0.1045,0.2332
2014-09-01 00:00:00,2,0.0621,0.0447,0.0621,0.0821,0.0621,0.0621,0.0621,0.0621,0.0621,0.0621,0.0447,0.0447,0.0447,0.0447,0.0447,0.0447,0.0447,0.0447,0.0447,0.0298,0.0298,0.0447,0.0447,0.0298,0.0298,0.0298,0.0298,0.0298,0.0298,0.0298,
2014-08-01 00:00:00,2,0.1294,0.1045,0.1045,0.1045,0.1045,0.1045,0.0821,0.0821,0.0821,0.0621,0.0621,0.0621,0.0621,0.0621,0.0621,0.0621,0.0621,0.0621,0.0621,0.0621,0.0621,0.0621,0.0621,0.0621,0.0621,0.0621,0.0447,0.0447,0.0447,0.0447,0.0447
2014-07-01 00:00:00,2,0.0621,0.0621,0.0621,0.0621,0.0621,0.0621,0.0621,0.0621,0.0621,0.0621,0.0621,0.0621,0.0621,0.0621,0.0621,0.0621,0.0621,0.0621,0.0621,0.0621,0.0621,0.0621,0.0621,0.0621,0.1294,0.2332,0.2568,0.2811,0.186,0.1565,0.1294
2014-06-01 00:00:00,2,0.1045,0.1565,0.1294,0.1294,0.1294,0.1294,0.1294,0.1045,0.1045,0.1045,0.1045,0.0821,0.0821,0.0821,0.0821,0.0821,0.0821,0.0821,0.0821,0.0821,0.0821,0.0821,0.0821,0.0821,0.0821,0.0621,0.0621,0.0621,0.0621,0.0621,
2014-05-01 00:00:00,2,0.1294,0.1045,0.1045,0.1294,0.1045,0.1045,0.1045,0.1045,0.1294,0.1294,0.1294,0.1045,0.1045,0.0821,0.0821,0.0821,0.0621,0.0821,0.1045,0.0821,0.0821,0.0821,0.0821,0.0821,0.0621,0.2568,0.186,0.1565,0.1294,0.1294,0.1045
2014-04-01 00:00:00,2,0.186,0.844,0.2811,0.2177,0.186,0.186,0.1565,0.1565,0.1294,0.1294,0.186,0.2177,0.2332,0.2177,0.186,0.186,0.1565,0.186,0.186,0.2177,0.2177,0.186,0.1565,0.1565,0.186,0.1565,0.1565,0.1565,0.1294,0.1294,
2014-03-01 00:00:00,2,0.1565,0.186,0.1565,0.1565,0.1294,0.1294,0.2568,0.2332,0.2332,0.2177,0.186,0.1565,0.1565,0.1294,0.1294,0.1294,0.1294,0.1045,0.1045,0.1045,0.1045,0.1294,0.2177,0.186,0.1565,0.1294,0.1294,0.1045,0.1045,0.1045,0.1294
2014-02-01 00:00:00,2,0.2177,0.2177,0.186,0.186,0.186,0.186,0.1565,0.1565,0.1565,0.1565,0.1565,0.1565,0.1294,0.1294,0.3865,0.2568,0.2332,0.359,0.2332,0.2177,0.186,0.186,0.1565,0.1565,0.1565,0.1294,0.1294,0.1294,,,
2014-01-01 00:00:00,2,0.5348,0.4147,0.359,0.3323,0.3063,0.2811,0.3063,0.2811,0.2811,0.2811,0.2811,0.2568,0.2568,0.2568,0.2332,0.2177,0.2177,0.2568,0.5037,0.3063,0.2811,0.7002,0.359,0.3063,0.3063,0.2811,0.2568,0.2332,0.2177,0.2177,0.2177
2013-12-01 00:00:00,2,0.4437,0.3063,0.2811,0.2568,0.2332,0.2332,0.2332,0.359,0.3063,0.3063,2.2593,0.844,0.4147,0.3323,0.3063,0.3323,0.3063,0.2811,0.2568,0.2332,0.2811,0.2811,0.2811,0.3323,2.9634,0.6321,0.9583,0.4734,0.4147,0.4147,0.6658
2013-11-01 00:00:00,2,0.2177,0.186,0.186,0.186,0.1565,0.2568,0.3323,0.3063,0.2568,0.2332,0.2177,0.186,0.186,0.186,0.186,0.186,0.1565,0.4734,0.2811,0.2332,0.2332,0.2177,0.3063,0.2811,0.3865,0.4147,0.3323,0.2811,0.2568,0.359,
2013-10-01 00:00:00,2,0.2568,0.2811,0.3063,0.2568,0.3063,0.2332,0.2332,0.2811,0.4147,0.2811,0.2332,0.2332,0.2177,0.2177,0.2177,0.2177,0.2568,0.3865,2.4492,0.5037,0.359,0.3063,0.2568,0.2332,0.2332,0.2332,0.2177,0.2177,0.2177,0.2177,0.2177
2013-09-01 00:00:00,2,0.2177,0.2177,0.186,0.2177,0.2811,0.2332,0.2177,0.2177,0.2177,0.2177,0.2177,0.186,0.186,0.186,0.186,0.186,0.186,0.2177,0.2177,0.2177,0.186,0.186,0.186,0.2177,0.2177,0.2177,0.186,0.186,0.2568,0.2568,
2013-08-01 00:00:00,2,0.2332,0.2332,0.2332,0.2332,0.2332,0.2332,0.2332,0.2332,0.2332,0.2332,0.2332,0.2332,0.2332,0.2332,0.2332,0.2332,0.2332,0.2177,0.2332,0.2177,0.2177,0.2177,0.2177,0.2177,0.2177,0.2177,0.2177,0.2177,0.2177,0.2177,0.2177
2013-07-01 00:00:00,2,0.2811,0.2811,0.2811,0.2811,0.2811,0.2811,0.2811,0.2811,0.2811,0.2811,0.2568,0.2568,0.2568,0.2568,0.2568,0.2568,0.2568,0.2568,0.2568,0.2568,0.2568,0.2568,0.2568,0.2568,0.3865,0.2811,0.2568,0.2568,0.2568,0.2568,0.2568
2013-06-01 00:00:00,2,0.3865,0.359,0.599,0.7002,0.4437,0.3865,0.3865,0.359,0.3865,0.359,0.359,0.3323,0.3323,0.3323,0.3323,0.3323,0.3323,0.3323,0.3323,0.3323,0.3323,0.3323,0.3323,0.3323,0.3323,0.3063,0.3063,0.3063,0.3063,0.2811,
2013-05-01 00:00:00,2,0.3865,0.3865,0.3865,0.3865,0.3865,0.3865,0.359,0.359,0.359,0.359,0.359,0.359,0.359,0.359,0.3323,0.3323,0.3323,0.3323,0.3323,0.3323,0.3323,0.3323,0.3323,0.3323,0.3323,0.3323,0.3323,0.599,1.4664,0.5348,0.4147
2013-04-01 00:00:00,2,0.5348,0.5037,0.5348,0.5037,3.2995,1.2024,0.844,0.6321,0.6321,0.599,0.599,0.5666,0.5666,0.7709,0.5666,0.5348,0.5037,0.5037,0.4734,0.4734,0.4734,0.4437,0.4734,0.4437,0.4147,0.4147,0.4147,0.4147,0.4147,0.3865,
2013-03-01 00:00:00,2,3.9068,1.0374,0.7709,0.6321,0.599,0.844,0.6658,0.599,0.5666,0.6321,0.8071,0.6658,0.599,0.599,0.599,0.599,0.5666,0.7709,0.5666,0.5348,0.5037,0.5348,0.7709,0.5666,0.5348,0.5348,0.844,1.5123,0.6321,0.5666,0.5348
2013-02-01 00:00:00,2,1.4664,0.8815,1.9058,1.1603,1.0778,3.9068,1.2024,0.9196,0.844,0.7352,0.6658,0.6321,0.599,0.599,0.5666,0.5666,0.5666,0.5037,0.4734,0.4734,0.4437,0.4437,0.4437,0.4437,0.4147,0.4147,0.4734,0.5348,,,
2013-01-01 00:00:00,2,0.2568,0.2332,0.2332,0.2177,0.2177,0.2177,0.2177,0.2332,0.2811,0.3063,1.1187,0.4734,0.7002,0.359,0.4437,0.359,0.3865,0.5348,0.3865,0.3063,0.7352,0.359,0.3063,0.2811,0.3865,0.9975,1.7822,0.9196,1.6633,1.4211,4.5048
2012-12-01 00:00:00,2,0.359,0.3323,0.3063,0.3063,0.2811,0.2811,0.2811,0.2568,0.2811,0.4437,0.4734,0.5037,0.4437,0.359,0.359,0.3323,0.2568,0.2568,0.2568,0.3865,0.3063,0.5348,0.2811,0.2568,0.2568,0.2177,0.2568,0.359,0.9196,0.3323,0.3063
2012-11-01 00:00:00,2,0.1627,0.2158,0.5957,0.4209,0.3947,0.2766,0.4479,0.4479,0.6608,1.2123,0.7002,0.5037,0.4734,0.4734,0.6658,1.4664,0.8815,0.6321,0.4734,0.3865,0.3865,0.3865,0.359,0.3323,0.4437,0.5348,0.5037,0.4437,0.3865,0.3865,
2012-10-01 00:00:00,2,0.2158,0.2158,0.2158,0.2158,0.1973,0.1973,0.1973,0.1973,0.1973,0.1796,0.1796,0.1796,0.2555,0.2158,0.2158,0.1973,0.1973,0.2158,0.1973,0.2352,0.2158,0.2158,0.2158,0.2158,0.1973,0.1973,0.1973,0.1796,0.1796,0.1796,0.1796
2012-09-01 00:00:00,2,0.2766,0.2766,0.2766,0.2555,0.2555,0.2555,0.2352,0.2352,0.2555,0.2555,0.2352,0.2352,0.2352,0.2352,0.2352,0.2352,0.2352,0.2352,0.2158,0.2158,0.2158,0.2985,0.2766,0.2555,0.2555,0.4479,0.2985,0.2555,0.2352,0.2158,
2012-08-01 00:00:00,2,0.3449,0.3449,0.3449,0.3449,0.3449,0.3449,0.3449,0.3449,0.3213,0.3213,0.3213,0.3213,0.3213,0.2985,0.3213,0.3213,0.3213,0.3213,0.3213,0.3213,0.3213,0.3213,0.3213,0.2985,0.2985,0.2766,0.2766,0.2766,0.2766,0.2766,0.2766
2012-07-01 00:00:00,2,0.4479,0.4479,0.4209,0.4479,0.4209,0.4209,0.4209,0.4209,0.4209,0.4209,0.4209,0.4209,0.3947,0.4209,0.3947,0.3947,0.3947,0.3947,0.3947,0.3947,0.3947,0.3947,0.3947,0.3694,0.3694,0.3449,0.3449,0.3449,0.3449,0.3449,0.3449
2012-06-01 00:00:00,2,0.8013,0.5957,0.534,0.5045,0.534,0.8766,0.8766,0.6278,0.5957,0.5644,0.534,0.534,0.534,0.534,0.5045,0.5045,0.5045,0.5045,0.6278,0.4757,0.5045,0.534,0.5045,0.5045,0.4757,0.4757,0.4479,0.4479,0.4479,0.4479,
2012-05-01 00:00:00,2,0.7649,0.7649,0.7293,0.7293,0.7293,0.6946,0.7293,0.7649,0.7649,0.7293,0.7293,0.6946,0.6946,0.9156,0.9961,0.8385,0.7293,0.6278,0.534,0.534,0.534,0.5045,0.5045,0.5045,0.534,0.7293,0.5957,0.5644,0.5644,0.534,0.534
2012-04-01 00:00:00,2,0.9554,0.8766,0.8766,0.8385,0.8385,0.8385,1.08,0.9156,0.8766,0.8385,0.8013,0.8013,0.8013,0.8013,0.8013,0.8013,1.3048,0.9156,0.8013,0.7649,0.7649,0.7649,0.8013,0.8013,0.7649,0.7649,0.9961,0.8013,0.7649,0.7649,
2012-03-01 00:00:00,2,0.8766,0.8766,0.8766,0.8766,0.8766,0.8766,0.9156,0.8766,0.8766,0.8385,0.9961,1.08,1.4008,1.0376,0.9961,1.45,1.5002,1.08,1.1232,1.1232,1.08,1.0376,1.08,1.08,1.0376,0.9554,0.9156,0.8766,0.9554,1.1232,1.08
2012-02-01 00:00:00,2,0.8766,0.8385,0.8013,0.7293,0.6608,0.6278,0.5957,0.534,0.5644,1.7093,4.3,1.0376,0.8766,0.8385,0.8013,0.6946,0.5957,0.5045,0.4479,0.6946,0.9961,0.9961,0.9554,0.9554,0.9961,0.9554,0.9156,0.9156,0.8766,,
2012-01-01 00:00:00,2,6.5167,13.4745,5.2279,3.4056,2.6839,10.8421,4.3,14.1663,5.38,3.2543,3.0339,2.4195,2.1084,2.0488,1.819,1.7093,1.6557,1.5002,1.4008,1.3048,1.2123,1.1232,1.0376,0.9961,0.9554,0.8766,0.8385,1.1232,0.9156,0.9961,0.9961
2011-12-01 00:00:00,2,0.6457,0.6012,0.7385,0.6012,0.558,0.5161,0.4755,0.7868,0.558,0.887,0.8363,0.6012,0.5161,0.4755,8.11,5.041,5.613,8.4632,11.9434,3.639,1.5511,1.1232,1.0376,0.6608,0.534,0.4757,0.7293,1.0376,1.45,1.8752,2.4195
2011-11-01 00:00:00,2,0.2614,0.2308,0.2308,0.2018,0.2018,0.2018,0.1744,0.2018,0.2018,0.2018,0.2018,0.1744,0.6012,0.2614,0.6457,2.9323,0.8363,0.2934,0.2614,0.2934,0.2614,0.2614,2.095,0.6012,0.2934,0.4755,3.7683,2.5896,1.4274,0.7868,
2011-10-01 00:00:00,2,0.1744,0.1486,0.2018,0.2614,0.2308,0.2018,0.2018,0.2308,0.2018,0.1744,0.1744,0.2018,0.2614,0.3985,0.2934,0.6915,0.362,0.5161,0.2934,0.2614,0.2308,0.2614,0.362,0.362,0.2934,0.2614,0.327,0.2934,0.2614,0.2934,0.3985
2011-09-01 00:00:00,2,0.1744,0.1744,0.1744,0.1744,0.2018,0.1744,0.1744,0.1744,0.1744,0.1744,0.1744,0.1744,0.1744,0.2018,0.2018,0.2308,0.2308,0.2018,0.2018,0.2018,0.1744,0.1744,0.1744,0.1486,0.1744,0.1744,0.1744,0.1744,0.1744,0.1744,
2011-08-01 00:00:00,2,0.2614,0.2614,0.2308,0.2308,0.2308,0.2308,0.2308,0.2308,0.2308,0.2308,0.2018,0.2018,0.2018,0.2018,0.2018,0.2018,0.2018,0.2018,0.2018,0.2018,0.2018,0.2018,0.2018,0.2018,0.2018,0.2018,0.2018,0.2018,0.1744,0.1744,0.1744
2011-07-01 00:00:00,2,0.327,0.327,0.327,0.2934,0.2934,0.2934,0.2934,0.2934,0.2934,0.2934,0.2934,0.2934,0.2934,0.2934,0.2934,0.2934,0.2934,0.2614,0.2614,0.2614,0.2614,0.2614,0.2614,0.2614,0.2614,0.2614,0.2614,0.2614,0.2614,0.2614,0.2614
2011-06-01 00:00:00,2,0.3985,0.3985,0.3985,0.3985,0.362,0.362,0.362,0.362,0.362,0.4755,0.3985,0.3985,0.362,0.362,0.362,0.362,0.362,0.362,0.362,0.362,0.362,0.327,0.327,0.327,0.327,0.327,0.327,0.327,0.327,0.327,
2011-05-01 00:00:00,2,0.4755,0.4755,0.4755,0.4755,0.4755,0.4755,0.4755,0.4363,0.4363,0.4363,0.4363,0.4363,0.4363,0.4363,0.4363,0.4363,0.4363,0.3985,0.3985,0.3985,0.3985,0.3985,0.3985,0.3985,0.3985,0.3985,0.3985,0.3985,0.3985,0.3985,0.3985
2011-04-01 00:00:00,2,0.6457,0.6457,0.939,0.6915,3.5245,0.939,0.7868,0.7385,0.6915,0.6457,0.6457,0.6012,0.6012,0.6012,0.6012,0.6012,0.558,0.558,0.558,0.6457,0.6012,0.558,0.5161,0.5161,0.5161,0.5161,0.6012,0.558,0.5161,0.4755,
2011-03-01 00:00:00,2,0.6012,0.6915,0.6012,0.558,0.6012,5.3055,1.7795,1.2161,1.9358,0.9921,0.7868,0.7385,1.275,1.0463,3.2846,1.1584,3.4641,1.8834,1.1584,0.939,0.887,0.8363,0.7868,0.7385,0.7385,0.6915,0.6915,0.887,0.7385,0.6915,0.6915
2011-02-01 00:00:00,2,0.5161,0.5161,0.5161,0.4755,0.4755,0.4755,0.4363,0.4363,0.4363,0.4363,0.4363,0.6457,0.4755,0.4363,0.4363,0.3985,0.4363,0.3985,0.3985,0.3985,0.3985,0.362,0.362,0.3985,0.4363,0.6012,0.5161,0.4755,,,
2011-01-01 00:00:00,2,2.3118,1.3786,2.2571,2.8169,2.3118,1.4274,0.9921,0.939,0.8363,0.7868,0.7385,0.7385,1.1584,3.8916,1.4274,1.5761,1.3786,0.9921,0.887,0.8363,0.7385,0.6915,0.6457,0.6457,0.6457,0.6457,0.6012,0.558,0.558,0.558,0.558
2010-12-01 00:00:00,2,0.7868,0.6012,0.558,0.558,0.6457,3.707,1.3303,1.9358,1.0463,0.7868,0.6915,0.6457,0.6012,0.6915,0.7868,0.887,0.7868,0.6457,0.6012,0.558,0.558,0.5161,0.4755,0.6915,0.7868,1.0463,0.7385,0.7385,0.7868,0.6457,0.7868
2010-11-01 00:00:00,2,0.4363,0.6012,0.4363,0.362,0.362,1.8834,1.275,0.6012,0.4755,0.6457,0.6457,0.558,0.4755,0.4363,0.4363,0.4363,0.939,0.5161,0.4363,0.3985,0.3985,5.439,4.7797,1.4766,0.939,1.1018,1.275,0.7868,0.6457,0.558,
2010-10-01 00:00:00,2,0.362,0.3985,0.362,0.327,0.6012,0.4363,0.362,0.5161,0.3985,0.362,0.327,0.327,0.327,0.327,0.327,0.327,0.4363,1.3303,0.6915,0.4363,0.3985,0.362,0.327,0.327,0.327,0.939,0.9921,0.4363,0.362,0.327,0.6915
2010-09-01 00:00:00,2,0.2614,0.2614,0.2614,0.2614,0.2614,0.2614,0.2614,0.5161,0.4363,0.3985,0.362,0.362,0.327,0.327,0.327,0.327,0.327,0.327,0.327,0.327,0.2934,0.2934,0.2934,0.2934,0.2934,0.2614,0.362,0.6457,0.558,0.4363,
2010-08-01 00:00:00,2,0.362,0.362,0.327,0.327,0.327,0.327,0.327,0.327,0.327,0.327,0.327,0.327,0.327,0.327,0.327,0.327,0.2934,0.2934,0.2934,0.2934,0.2934,0.2934,0.2934,0.2934,0.2934,0.2934,0.2934,0.2614,0.2614,0.2614,0.2614
2010-07-01 00:00:00,2,0.4363,0.4363,0.4363,0.4363,0.3985,0.3985,0.3985,0.3985,0.3985,0.3985,0.3985,0.3985,0.3985,0.3985,0.3985,0.3985,0.3985,0.3985,0.3985,0.362,0.362,0.362,0.362,0.362,0.362,0.362,0.362,0.362,0.362,0.362,0.362
2010-06-01 00:00:00,2,0.5161,0.5161,0.5161,0.5161,0.5161,0.558,0.5161,0.5161,0.5161,0.4755,0.4755,0.4755,0.4755,0.4755,0.4755,0.4755,0.4755,0.4755,0.4755,0.4363,0.4363,0.4363,0.4363,0.4363,0.4363,0.4363,0.4363,0.4363,0.4363,0.4363,
2010-05-01 00:00:00,2,0.6915,0.6457,0.6457,0.6012,0.6012,0.6012,0.6012,0.6012,0.6012,0.887,0.7385,0.6457,0.6457,0.6012,0.6012,0.6012,0.6012,0.6012,0.6012,0.8363,0.6457,0.6457,0.6012,0.558,0.558,0.6012,0.558,0.558,0.558,0.558,0.5161
2010-04-01 00:00:00,2,0.8347,0.8347,0.7845,1.0464,1.2752,0.939,0.887,0.8363,0.7868,0.7868,0.7868,0.7385,0.7385,0.7385,0.7385,0.7385,0.7385,0.7385,0.7385,0.7385,0.6915,0.6457,0.6457,0.6457,0.6457,0.6457,0.6457,0.6012,0.6012,0.7868,
2010-03-01 00:00:00,2,2.3846,1.6026,7.813,2.2457,1.4846,1.2165,3.8932,1.3702,1.335,1.102,0.9918,0.9383,1.0464,1.0464,0.9383,1.1587,2.5749,1.102,0.9918,0.9918,1.4079,1.0464,1.2752,0.9383,0.8347,1.2165,0.8859,0.8347,0.7845,0.7845,0.7845
2010-02-01 00:00:00,2,0.7845,0.7355,0.7355,0.6877,0.6877,0.6877,0.6877,0.6877,0.6877,0.6877,0.641,0.5956,0.5956,0.5514,0.5085,0.5085,0.5085,0.5085,0.641,0.5956,0.641,0.5514,0.5085,0.5085,0.5514,0.8859,0.7845,0.7845,,,
2010-01-01 00:00:00,2,2.0658,1.8494,1.5629,1.446,1.3702,1.6833,3.076,1.4846,1.3702,1.2752,1.2165,1.1587,1.2165,1.1587,1.102,1.0464,0.9918,0.9383,0.9383,0.9918,0.9383,1.7242,1.4846,1.446,1.2165,1.1587,0.9918,0.9383,0.8859,0.8347,0.7845
2009-12-01 00:00:00,2,0.7845,1.1587,0.8859,0.9918,2.5749,4.848,1.9781,1.8073,1.446,1.2752,1.1587,0.8859,0.7845,2.0658,1.3702,0.9918,0.8347,0.8859,0.7845,0.7355,0.6877,1.8919,1.0464,0.9383,1.1587,0.9918,0.8859,7.6627,2.973,5.2918,2.973
2009-11-01 00:00:00,2,0.5514,0.5085,0.9918,0.5514,0.5085,0.4265,0.3876,0.3876,0.3876,0.641,0.7355,0.4669,0.4669,0.3876,0.3876,0.35,0.3876,0.35,0.3139,0.3139,0.2792,0.2792,0.2792,0.2792,0.2792,0.2792,0.246,0.6877,0.5514,0.7845,
2009-10-01 00:00:00,2,0.2144,0.2144,0.35,0.4669,0.3139,0.246,0.2792,0.641,0.3876,0.3139,0.2792,0.246,0.2792,0.246,0.3139,0.246,0.3139,2.6723,0.5085,1.8073,0.5956,4.7241,1.1587,0.6877,0.5956,1.446,2.3379,0.8859,0.7355,0.5956,0.5514
2009-09-01 00:00:00,2,0.2792,0.2792,0.2792,0.246,0.3139,0.2792,0.3139,0.3139,0.2792,0.2792,0.2792,0.2792,0.2792,0.2792,0.2792,0.2792,0.246,0.246,0.246,0.246,0.246,0.4669,0.6877,0.6877,0.3876,0.2792,0.246,0.246,0.246,0.246,
2009-08-01 00:00:00,2,0.3139,0.3139,0.3139,0.3139,0.3139,0.3139,0.3139,0.3139,0.3139,0.3139,0.3139,0.3139,0.3139,0.2792,0.2792,0.2792,0.3139,0.3139,0.2792,0.2792,0.3139,0.3139,0.2792,0.4265,0.35,0.4265,0.35,0.3139,0.3139,0.3139,0.2792
2009-07-01 00:00:00,2,0.4669,0.4669,0.4669,0.4669,0.4265,0.4265,0.4265,0.4265,0.4265,0.4265,0.4265,0.4265,0.4265,0.4265,0.3876,0.3876,0.3876,0.3876,0.3876,0.3876,0.3876,0.35,0.35,0.35,0.35,0.35,0.35,0.35,0.35,0.35,0.3139
2009-06-01 00:00:00,2,0.5085,0.5085,0.5085,0.5085,0.5085,0.5085,0.5085,0.5085,0.5085,0.5085,0.5085,0.5085,0.5085,0.5085,0.4669,0.4669,0.4669,0.4669,0.4669,0.4669,0.4669,0.4669,0.4669,0.4265,0.4265,0.5085,0.7355,1.8919,0.5956,0.5085,
2009-05-01 00:00:00,2,0.641,0.7355,0.6877,0.641,0.6877,0.641,0.641,0.5956,0.5956,0.5956,0.5956,0.5956,0.5514,0.5514,0.5956,0.5514,0.5514,0.5956,0.5956,0.5956,0.5514,0.5514,0.5514,0.5514,0.5514,0.5514,0.5085,0.5085,0.5085,0.5085,0.5085
2009-04-01 00:00:00,2,1.2165,1.0464,0.9918,0.9383,0.8859,0.8859,0.9383,0.9383,0.8859,0.8347,0.8347,0.8347,0.8347,0.7845,0.8347,1.1587,0.8347,0.7845,0.7355,0.7355,0.7355,0.6877,0.7355,0.6877,0.6877,0.6877,0.6877,0.641,0.641,0.641,
2009-03-01 00:00:00,2,1.0464,0.9383,0.9383,0.9383,0.8859,0.8859,1.6427,1.446,1.0464,0.9383,0.8859,0.8859,0.8347,0.9383,0.9918,0.9383,1.2752,0.8859,0.8347,0.7845,0.7845,0.7845,0.9383,1.102,0.9383,0.9383,0.9383,1.1587,1.2165,1.2752,2.2457
2009-02-01 00:00:00,2,1.2165,1.6427,2.0658,1.335,1.2165,1.8494,1.2752,1.335,1.6026,2.0217,1.3702,1.3702,1.7242,3.076,1.6427,1.4079,1.335,1.2165,1.1587,1.102,1.102,1.1587,1.1587,1.2165,2.821,1.7656,1.1587,1.102,,,
2009-01-01 00:00:00,2,2.5749,1.5629,1.446,1.446,3.1805,2.1102,1.4846,1.335,1.2165,1.1587,1.0464,0.9918,0.9383,0.9383,1.446,1.1587,0.9918,1.3702,1.446,0.9918,1.7242,1.3702,1.5629,1.102,1.0464,1.335,2.3846,3.1805,1.7242,1.335,1.2165
2008-12-01 00:00:00,2,0.1844,0.1562,0.2144,0.2144,0.1844,0.1296,0.1296,0.1296,0.1562,0.1296,0.1296,0.1296,0.4669,0.246,0.5514,3.8932,8.1937,3.0243,1.5235,1.6427,0.9918,0.9918,1.5629,0.9383,1.0464,0.9918,8.6602,5.751,2.5749,1.8919,1.8073
2008-11-01 00:00:00,2,1.2165,0.2144,0.1562,0.1562,0.1562,0.1562,0.2792,0.5514,0.4669,1.4079,0.6877,0.3139,0.5085,0.6877,0.6877,0.35,0.2792,0.7355,0.35,0.3139,0.246,0.246,0.2144,0.2144,0.2144,0.1844,0.1844,0.2144,0.1844,0.1844,
2008-10-01 00:00:00,2,0.1844,0.35,0.2792,0.246,0.2144,0.1844,0.1844,0.1844,0.2144,0.2144,0.1844,0.1844,0.1844,0.1562,0.1296,0.1562,0.1562,0.2792,0.2792,0.3139,0.2144,0.1844,0.1844,0.1562,0.1562,0.1296,0.1296,0.1296,0.1296,0.105,0.1562
2008-09-01 00:00:00,2,0.246,0.2144,0.1844,0.1562,0.1562,0.1562,0.1562,0.1562,0.1562,0.1562,0.1562,0.1562,0.1562,0.1562,0.1562,0.5085,0.2792,0.246,0.2144,0.2144,0.246,0.7845,0.2792,0.2144,0.2144,0.2144,0.3139,0.246,0.246,0.2144,
2008-08-01 00:00:00,2,0.2144,0.2144,0.2144,0.246,0.3139,0.35,0.2792,0.246,0.246,0.2144,0.246,0.2144,0.2144,0.2144,0.2144,0.2144,0.2144,0.2144,0.1844,0.1844,0.1844,0.1844,0.1844,0.1844,0.1844,0.1844,0.1844,0.1844,0.1844,0.1844,0.3139
2008-07-01 00:00:00,2,0.3139,0.3139,0.3139,0.3139,0.3139,0.3139,0.2792,0.2792,0.2792,0.2792,0.2792,0.2792,0.2792,0.2792,0.246,0.246,0.2792,0.246,0.2792,0.2792,0.246,0.246,0.246,0.246,0.246,0.246,0.246,0.2144,0.2144,0.2144,0.2144
2008-06-01 00:00:00,2,0.35,0.35,0.35,0.35,0.35,0.35,0.35,0.35,0.35,0.35,0.35,0.3139,0.3139,0.3139,0.3139,0.3139,0.3139,0.3139,0.3139,0.3139,0.3139,0.3139,0.3139,0.35,0.35,0.35,0.35,0.3139,0.3139,0.3139,
2008-05-01 00:00:00,2,0.4669,0.4669,0.4669,0.4669,0.4669,0.4669,0.4265,0.4265,0.4265,0.4265,0.4265,0.4265,0.4265,0.4265,0.3876,0.3876,0.3876,0.3876,0.4265,0.3876,0.3876,0.3876,0.3876,0.3876,0.3876,0.3876,0.35,0.35,0.35,0.35,0.35
2008-04-01 00:00:00,2,0.6877,0.641,0.6877,0.6877,1.5235,1.9348,1.3702,0.8859,0.8347,0.7845,1.0464,0.7355,0.7355,0.6877,0.641,0.641,0.641,0.641,0.641,0.641,0.5956,0.5514,0.5514,0.5514,0.5085,0.5085,0.5085,0.5085,0.5085,0.4669,
2008-03-01 00:00:00,2,0.9383,0.8859,0.7355,0.641,0.5956,0.5514,0.5956,1.2165,0.641,0.9383,1.7656,2.6723,1.6427,1.5235,1.9348,1.8494,1.2752,1.102,0.9918,0.8859,0.8347,0.7845,1.4079,1.1587,1.6026,0.8859,0.8859,1.2752,0.8347,0.7355,0.6877
2008-02-01 00:00:00,2,1.102,0.9383,1.1587,2.7215,1.6026,1.1587,1.4846,2.821,1.2165,0.9918,0.8859,0.7845,0.7355,0.6877,0.641,0.5956,0.5956,0.5514,2.479,0.9383,0.7845,0.7355,0.641,0.9918,3.7237,1.102,0.7845,0.6877,0.641,,
2008-01-01 00:00:00,2,0.2144,0.2144,0.2144,0.2144,0.2144,0.4265,0.5085,0.3139,1.0464,0.3876,0.2792,0.4265,0.8859,0.4265,0.3139,0.2792,0.246,0.246,0.246,0.5514,0.4669,0.4669,0.5514,0.4265,0.35,0.5085,0.5956,0.8859,0.7845,5.751,2.2001
2007-12-01 00:00:00,2,0.35,0.2792,0.2144,0.1844,0.1844,0.3876,0.35,0.2792,0.4669,0.2792,0.246,0.246,0.246,0.35,0.5085,0.2792,0.2144,0.1844,0.1844,1.4079,1.8073,0.8347,0.641,1.2165,0.5085,0.4265,0.35,0.3139,0.2792,0.2792,0.246
2007-11-01 00:00:00,2,0.1479,0.1479,0.129,0.1682,0.2371,0.1898,0.2128,0.1898,0.1898,0.1898,0.1898,0.1682,1.0464,0.3876,0.2792,0.246,0.2144,0.1844,0.1844,0.4265,0.246,0.2144,0.1844,0.1844,0.1844,0.246,0.246,0.2144,0.1844,0.5956,
2007-10-01 00:00:00,2,0.1479,0.129,0.129,0.129,0.129,0.129,0.129,0.129,0.129,0.129,0.1115,0.129,0.129,0.129,0.129,0.129,0.1115,0.1115,0.4473,0.3187,0.1682,0.1898,0.3801,0.2371,0.2128,0.3187,0.2371,0.2128,0.1682,0.1479,0.1682
2007-09-01 00:00:00,2,0.2128,0.2128,0.2128,0.2128,0.1898,0.1682,0.1479,0.1479,0.1479,0.1479,0.1479,0.1479,0.1479,0.1479,0.1479,0.1479,0.1479,0.1479,0.129,0.129,0.129,0.129,0.1479,0.129,0.129,0.129,0.1479,0.129,0.129,0.1479,
2007-08-01 00:00:00,2,0.3487,0.3187,0.3187,0.3487,0.3487,0.3487,0.3187,0.3187,0.3187,0.3187,0.3187,0.3187,0.3187,0.3187,0.3187,0.3487,0.3487,0.2371,0.2371,0.2128,0.2128,0.2128,0.2128,0.2128,0.2128,0.2128,0.2128,0.1898,0.1898,0.1898,0.2128
2007-07-01 00:00:00,2,0.2901,0.2901,0.2901,0.2629,0.2629,0.2629,0.2629,0.2629,0.2629,0.2629,0.2629,0.2629,0.2629,0.2629,0.2629,0.2629,0.2629,0.2629,0.2371,0.2371,0.2371,0.2371,0.2629,0.3187,0.3187,0.2901,0.2901,0.4473,0.413,0.3487,0.3187
2007-06-01 00:00:00,2,0.3487,0.3487,0.3487,0.3801,0.3487,0.3487,0.3487,0.3187,0.3187,0.3187,0.3187,0.3187,0.3187,0.3187,0.3187,0.2901,0.3187,0.2901,0.2901,0.2901,0.2901,0.2901,0.2901,0.2901,0.2901,0.2901,0.2901,0.2901,0.2901,0.2901,
2007-05-01 00:00:00,2,0.4473,0.4473,0.413,0.3801,0.3801,0.3801,0.3801,0.3801,0.3801,0.413,0.3801,0.3801,0.3801,0.3801,0.3801,0.3801,0.3487,0.3487,0.3487,0.3487,0.3487,0.3487,0.3487,0.4473,0.3801,0.3801,0.3801,0.4839,0.413,0.3801,0.3801
2007-04-01 00:00:00,2,0.4632,0.4632,0.4632,0.4632,0.4632,0.4632,0.573,0.7262,0.6725,0.5969,0.5052,0.4839,0.4839,0.4632,0.4632,0.4632,0.4632,0.4632,0.4473,0.4473,0.4473,0.4632,0.5052,0.4632,0.4473,0.4473,0.4473,0.4632,0.5052,0.4632,
2007-03-01 00:00:00,2,0.6214,0.5969,0.5969,0.5969,0.5969,0.5969,0.573,0.573,0.5498,0.5498,0.5498,0.5272,0.5272,0.5272,0.5272,0.5272,0.5272,0.6214,1.147,0.5969,0.6214,0.5498,0.5272,0.5052,0.5052,0.5052,0.4839,0.4839,0.4839,0.4632,0.4632
2007-02-01 00:00:00,2,1.3444,1.2235,1.473,1.1848,1.11,1.4293,1.147,1.0384,0.9369,0.8731,0.8422,1.6633,1.0738,0.9046,0.8422,0.8122,0.8122,0.8122,0.7828,0.7542,0.7262,0.699,0.6725,0.6725,0.6725,0.699,0.6725,0.6466,,,
2007-01-01 00:00:00,2,0.97,0.8731,2.7509,5.457,4.0354,2.7509,1.4293,1.0738,0.9369,1.147,0.9046,0.7828,0.8422,7.1329,3.5353,10.7522,2.5475,1.6247,1.8228,1.3032,1.1848,1.8228,1.3032,1.5492,1.3032,1.9058,1.3032,1.4293,1.3444,4.0354,1.742
2006-12-01 00:00:00,2,0.7828,0.5272,0.4632,0.4473,0.413,0.699,0.5052,0.7828,0.573,0.573,0.5052,0.5052,0.5052,0.699,0.6725,1.5867,0.9046,0.6466,0.5498,0.5272,0.5498,0.5052,0.4839,0.5052,0.5969,0.9046,0.97,0.9369,0.5969,0.573,4.3
2006-11-01 00:00:00,2,0.3187,0.573,0.5969,0.4632,0.3487,0.2901,0.2901,0.4473,0.2901,0.6466,0.5498,0.413,0.3487,2.1226,0.5969,0.4632,0.3801,0.3487,0.3187,1.742,0.4632,0.5272,0.413,0.3801,0.3187,0.3187,0.3487,0.5969,3.4755,0.97,
2006-10-01 00:00:00,2,0.2371,0.2128,0.2128,0.2128,0.2128,0.2128,0.3187,0.3187,0.2629,0.2901,0.2371,0.2128,0.2371,0.2371,0.2371,0.2128,0.1898,0.2629,0.5498,0.413,0.2629,0.2371,0.3487,0.2629,0.2371,0.3187,0.2371,0.3187,0.2629,0.2128,0.1898
2006-09-01 00:00:00,2,0.2128,0.2901,0.3187,0.2371,0.2128,0.2128,0.2128,0.1898,0.1898,0.1898,0.1898,0.1898,0.1682,0.1682,0.1682,0.1682,0.1682,0.1682,0.1898,0.1898,0.5052,0.2901,0.6214,0.2901,0.2629,0.2371,0.2128,0.1898,0.1898,0.1898,
2006-08-01 00:00:00,2,0.1898,0.1898,0.1898,0.1898,0.1898,0.1898,0.1682,0.1682,0.1682,0.1682,0.1682,0.1682,0.1682,0.1682,0.1682,0.1682,0.1682,0.1682,0.1682,0.1898,0.2128,0.1898,0.1898,0.2128,0.1898,0.1898,0.1898,0.2371,0.2901,0.2371,0.2128
2006-07-01 00:00:00,2,0.2371,0.2371,0.2371,0.2371,0.2371,0.2371,0.2371,0.2371,0.2371,0.2371,0.2128,0.2128,0.2128,0.2128,0.2128,0.2128,0.2128,0.2128,0.1898,0.1898,0.1898,0.1898,0.1898,0.1898,0.1898,0.1682,0.1682,0.1682,0.1682,0.1682,0.1682
2006-06-01 00:00:00,2,0.2629,0.2629,0.2629,0.2629,0.2629,0.2629,0.2371,0.2371,0.2371,0.2371,0.2371,0.2371,0.2371,0.2371,0.2371,0.2371,0.2371,0.2371,0.2128,0.2128,0.2371,0.2371,0.2371,0.2371,0.2371,0.2371,0.2901,0.2629,0.2371,0.2371,
2006-05-01 00:00:00,2,0.3487,0.3487,0.3487,0.3487,0.3187,0.3187,0.3187,0.3187,0.3187,0.3187,0.5272,0.3801,0.3187,0.3187,0.3187,0.3187,0.3187,0.2901,0.2901,0.2901,0.2901,0.2901,0.2901,0.2901,0.2901,0.2901,0.2629,0.2629,0.2629,0.2629,0.2629
2006-04-01 00:00:00,2,0.4632,0.4632,0.4473,0.4473,0.413,0.413,0.413,0.413,1.2235,0.573,0.4839,0.4632,0.5498,0.4632,0.4473,0.4473,0.4473,0.4632,0.4473,0.413,0.413,0.3801,0.3801,0.3801,0.3487,0.3487,0.3487,0.3487,0.3487,0.3487,
2006-03-01 00:00:00,2,0.5969,0.5052,0.413,0.3801,0.3801,0.6725,0.97,0.5272,0.4839,0.4632,1.473,0.5969,0.5052,0.7828,0.9046,1.473,0.8122,0.6725,1.9481,0.699,0.6214,0.5498,0.5272,0.5272,0.5052,0.5272,0.6214,0.5052,0.4839,0.4839,0.4839
2006-02-01 00:00:00,2,0.8731,0.4632,0.4473,0.413,0.3801,0.3487,0.3487,0.3187,0.3801,0.3487,0.5272,1.6633,0.7262,0.5052,0.4632,0.4839,0.4473,0.413,0.3801,0.3487,0.3187,0.3187,0.3801,0.3801,0.4473,0.4473,0.5498,0.4473,,,
2006-01-01 00:00:00,2,0.413,0.413,0.5052,0.4632,1.473,1.6633,0.699,0.6466,0.5498,0.5052,0.4839,0.4632,0.4473,0.4473,0.4473,0.413,0.413,0.413,0.3801,0.3801,0.3487,0.3487,0.3487,0.3487,0.3187,0.3187,0.3187,0.4473,0.5052,1.0738,0.5052
2005-12-01 00:00:00,2,0.4473,0.573,0.9369,0.5052,0.4839,0.4473,1.11,0.573,0.573,0.5052,1.742,0.8422,0.6725,2.2593,1.5122,0.7542,0.6466,0.5969,0.573,0.7262,0.5498,0.5052,0.4839,0.4632,0.4473,0.699,0.5498,0.4839,0.4632,0.4473,0.4473
2005-11-01 00:00:00,2,0.3487,0.3801,0.3187,0.2629,0.413,0.3487,0.3187,0.4632,0.5272,0.3487,0.5272,0.4632,0.3801,0.3801,0.2901,0.2901,0.2901,0.6466,0.5969,1.1848,1.0738,0.5052,0.4632,1.0038,0.5498,0.6725,0.5272,0.4632,0.4632,0.4473,
2005-10-01 00:00:00,2,0.2901,0.2901,0.2901,0.2901,0.2901,0.2629,0.2629,0.2629,0.2629,0.2371,0.2128,0.2128,0.2128,0.2128,0.2128,0.2128,0.1898,0.1898,0.1898,0.1898,0.1898,0.1898,0.1898,0.1898,0.1898,0.2128,0.2371,0.2629,0.2371,0.2371,0.3487
2005-09-01 00:00:00,2,0.3187,0.3187,0.3801,0.3487,0.3487,0.3487,0.4839,0.4473,0.5052,0.3801,0.3487,0.3187,0.3187,0.3187,0.3187,0.2901,0.2901,0.7262,0.413,0.3801,0.3187,0.2901,0.2901,0.2901,0.2901,0.4839,0.413,0.3801,0.3487,0.3187,
2005-08-01 00:00:00,2,0.3801,0.3801,0.3801,0.3801,0.3801,0.3801,0.3801,0.3801,0.3801,0.3801,0.413,0.413,0.413,0.413,0.4473,0.413,0.3801,0.413,0.3801,0.3801,0.3801,0.3801,0.3801,0.3487,0.3487,0.3487,0.3801,0.3801,0.3487,0.3487,0.3487
2005-07-01 00:00:00,2,0.4839,0.4632,0.4632,0.4632,0.4632,0.4632,0.4632,0.4632,0.4632,0.4632,0.4632,0.4632,0.4473,0.4473,0.4473,0.4473,0.4473,0.4473,0.4473,0.4473,0.4473,0.4473,0.4473,0.4473,0.413,0.413,0.413,0.413,0.413,0.413,0.413
2005-06-01 00:00:00,2,0.5052,0.5052,0.4839,0.4839,0.4839,0.4839,0.4839,0.4839,0.4839,0.4632,0.4632,0.4632,0.4632,0.4632,0.4632,0.4632,0.4632,0.4632,0.5498,0.5052,0.5498,0.5272,0.5052,0.5052,0.4839,0.4839,0.4839,0.4839,0.4839,0.4839,
2005-05-01 00:00:00,2,0.573,0.5272,0.5272,0.5052,0.5052,0.5052,0.4839,0.4839,0.4839,0.4839,0.4839,0.4839,0.4632,0.4632,0.4632,0.4632,0.4632,0.4632,0.4632,0.4632,0.4632,0.4632,0.7262,0.5498,1.0038,0.9369,0.573,0.5498,0.5498,0.5272,0.5272
2005-04-01 00:00:00,2,0.6466,0.6214,0.6214,0.5969,0.573,0.573,0.573,0.573,0.573,0.5498,0.5498,0.5498,0.5498,0.5498,0.5498,0.5498,0.5498,0.5272,0.5272,0.5272,0.5272,0.5272,0.5272,0.5272,0.5272,0.5272,0.5498,0.5272,0.7262,0.573,
2005-03-01 00:00:00,2,0.9498,0.9936,6.2625,4.6444,2.0782,1.4293,1.147,1.0384,1.0038,0.9046,0.8731,0.8422,0.8122,0.7542,0.7262,1.5867,0.9046,1.0038,1.11,0.8731,0.8731,0.8122,0.7542,0.699,0.7542,0.7828,0.7262,0.7542,0.6725,0.6466,0.6466
2005-02-01 00:00:00,2,1.1191,1.0834,1.1956,1.0834,1.0381,1.9209,1.0381,0.9068,0.8645,0.8229,0.7822,0.7422,0.8229,0.7822,0.7422,0.9068,0.7822,0.7822,1.5633,0.9068,0.7422,0.703,0.6646,0.6271,0.8229,2.9876,0.9068,1.0381,,,
2005-01-01 00:00:00,2,0.8229,1.5633,0.6271,0.5903,3.6156,1.7386,1.1571,2.0621,1.0834,1.314,1.1191,1.5206,1.6941,0.9068,0.7822,0.703,1.0381,1.6064,1.5633,1.0834,0.9068,0.7822,0.8645,0.703,0.6646,0.6271,3.7948,1.1571,3.2107,1.8288,1.3544
2004-12-01 00:00:00,2,0.3212,0.2688,0.244,0.244,0.244,0.4519,0.7822,0.3879,0.3574,1.5633,0.6646,1.2346,0.7822,0.4519,0.4194,0.3574,0.3212,0.2946,0.5194,0.4194,0.9068,0.9498,1.9675,1.6064,3.4398,1.0834,0.7422,0.6646,0.5903,0.6646,2.9876
2004-11-01 00:00:00,2,0.197,0.4194,0.244,0.197,0.197,0.197,0.244,0.244,0.22,0.197,0.197,0.197,0.197,0.197,0.197,0.244,0.2688,0.4519,0.4519,0.5903,0.3212,0.2688,0.244,0.22,0.197,0.175,0.175,0.22,0.5544,0.6271,
2004-10-01 00:00:00,2,0.197,0.197,0.22,0.703,0.3574,0.2946,0.2688,0.244,0.22,0.22,0.244,0.3212,0.3212,0.2946,0.2688,0.2688,0.2688,0.22,0.197,0.197,0.197,0.197,0.197,0.197,0.197,0.3574,0.2946,0.2688,0.244,0.244,0.22
2004-09-01 00:00:00,2,0.244,0.22,0.22,0.22,0.244,0.22,0.22,0.22,0.22,0.22,0.22,0.22,0.22,0.22,0.197,0.22,0.22,0.22,0.22,0.22,0.22,0.22,0.22,0.197,0.197,0.197,0.197,0.197,0.175,0.175,
2004-08-01 00:00:00,2,0.3212,0.2946,0.2946,0.2946,0.2946,0.2946,0.2946,0.2946,0.2946,0.2946,0.2946,0.2946,0.2688,0.244,0.2688,0.244,0.244,0.244,0.244,0.2688,0.2688,0.2688,0.2688,0.2688,0.244,0.2688,0.244,0.244,0.244,0.244,0.244
2004-07-01 00:00:00,2,0.3574,0.3574,0.3574,0.3574,0.3574,0.3574,0.3212,0.3212,0.3574,0.3574,0.6646,0.4194,0.3879,0.3574,0.3574,0.3574,0.3574,0.3574,0.3574,0.6271,0.4852,0.3879,0.3574,0.3574,0.3574,0.3574,0.3212,0.3212,0.3212,0.3212,0.3212
2004-06-01 00:00:00,2,0.4852,0.4852,0.5194,0.5194,0.4852,0.4519,0.4519,0.4519,0.4194,0.4194,0.3879,0.4194,0.4194,0.4194,0.4194,0.4194,0.3879,0.3879,0.3879,0.3879,0.3879,0.3879,0.3879,0.3879,0.3879,0.3574,0.3574,0.3574,0.3574,0.3574,
2004-05-01 00:00:00,2,0.5194,0.5194,0.5194,0.5194,0.5194,0.5194,0.4852,0.4852,0.4852,0.4852,0.4852,0.4852,0.4852,0.4519,0.4519,0.5194,0.4852,0.4852,0.4852,0.4519,0.4519,0.4519,0.4519,0.4519,0.4519,0.5544,0.5194,0.4852,0.6271,0.6271,0.5194
2004-04-01 00:00:00,2,0.7822,0.6646,0.6271,0.6646,0.9068,0.7822,0.703,0.6646,0.6271,0.6271,0.7422,1.4783,0.7822,0.7422,0.703,0.6646,0.6271,0.6271,0.5903,0.5903,0.5903,0.5544,0.5544,0.5544,0.5544,0.5903,0.6271,0.5903,0.5544,0.5194,
2004-03-01 00:00:00,2,1.0834,3.7347,1.1571,1.0381,1.3544,1.1191,1.0381,0.9936,0.9068,0.8645,0.8645,0.8229,0.8229,0.8645,0.9068,0.8645,0.8229,0.8229,0.7822,0.7422,0.7822,0.703,0.703,0.6646,0.6646,0.6646,0.6646,0.6271,0.6271,0.8645,0.6646
2004-02-01 00:00:00,2,0.6646,0.7822,0.9498,0.6646,0.6271,0.6271,0.6271,0.9498,0.9498,0.7422,1.9209,1.0834,0.8229,0.703,2.5601,1.5206,1.4783,1.0381,1.0834,1.4366,1.2346,1.0834,1.0381,1.6941,1.0834,1.314,1.0381,3.675,1.274,,
2004-01-01 00:00:00,2,0.4519,0.4194,1.1191,0.9498,0.4852,0.4519,1.314,0.6646,5.4128,9.0146,2.2072,1.6941,2.1101,1.274,1.2346,1.3952,1.0381,0.8229,0.7822,0.7422,0.703,0.703,2.8784,1.1571,0.9936,0.9068,0.8645,0.7822,0.7422,0.703,0.6646
2003-12-01 00:00:00,2,0.703,0.8645,0.5194,0.5194,0.8229,4.2256,2.9328,1.8746,0.9936,0.703,0.5903,0.5194,0.4519,0.6646,0.4852,0.4194,0.3879,0.3879,0.3879,0.3879,0.3879,2.6646,0.6646,0.4519,0.4194,0.3879,0.3879,0.3879,0.3879,0.4519,0.4519
2003-11-01 00:00:00,2,0.244,0.3574,0.9068,0.3574,0.2946,0.2688,0.4852,1.1191,0.3879,0.5903,0.3574,0.2688,0.2688,0.2688,0.2688,0.3212,0.5194,0.4194,0.3212,1.65,0.5903,0.3879,0.3574,0.3212,0.2946,0.2946,0.2688,0.3212,0.4519,0.3879,
2003-10-01 00:00:00,2,0.244,0.22,0.175,0.175,0.175,0.154,0.154,0.175,0.22,0.2688,0.244,0.2688,0.244,0.22,0.175,0.154,0.154,0.154,0.154,0.154,0.134,0.134,0.154,0.22,0.22,0.22,0.175,0.154,0.154,0.134,0.154
2003-09-01 00:00:00,2,0.2946,0.2688,0.2688,0.2688,0.2688,0.2688,0.244,0.244,0.22,0.244,0.244,0.244,0.244,0.244,0.244,0.22,0.244,0.2688,0.244,0.22,0.22,0.22,0.197,0.175,0.175,0.175,0.175,0.197,0.2688,0.244,
2003-08-01 00:00:00,2,0.3879,0.3879,0.3879,0.3574,0.3574,0.3574,0.3574,0.3212,0.3212,0.3212,0.3212,0.3212,0.3212,0.3212,0.3574,0.4852,0.4194,0.3879,0.3574,0.3574,0.3212,0.2946,0.2946,0.3212,0.2946,0.3212,0.3574,0.3574,0.3212,0.3212,0.3212
2003-07-01 00:00:00,2,0.3879,0.3879,0.3879,0.3879,0.3879,0.3879,0.4519,0.3879,0.3879,0.3879,0.3879,0.3879,0.3879,0.4194,0.3879,0.4194,0.3879,0.3879,0.3879,0.3879,0.3879,0.3879,0.3879,0.3879,0.3879,0.3879,0.3574,0.3574,0.3574,0.3574,0.3879
2003-06-01 00:00:00,2,0.5544,0.5194,0.5194,0.5194,0.5194,0.4852,0.4852,0.4852,0.4852,0.4519,0.4852,0.4852,0.4519,0.4519,0.4519,0.4519,0.4519,0.4519,0.4519,0.4519,0.4519,0.4519,0.4194,0.4194,0.4194,0.4194,0.3879,0.3879,0.4194,0.3879,
2003-05-01 00:00:00,2,0.6271,0.5903,0.6271,0.6271,0.6271,1.0834,0.7422,0.6646,0.6646,0.6271,0.6271,0.6646,0.6646,0.6271,0.6271,0.6271,0.6271,0.6271,0.6271,0.5903,0.5903,0.5903,0.5903,0.6271,0.6271,0.5903,0.5544,0.5544,0.5544,0.5544,0.5544
2003-04-01 00:00:00,2,0.9498,0.9068,0.9068,0.9498,1.1571,0.9936,1.0834,0.9498,0.9068,0.9498,0.8645,0.8645,0.8229,0.8229,0.8229,0.7822,0.7822,0.7822,0.7422,0.7422,0.7422,0.703,0.703,0.703,0.703,0.6646,0.6646,0.6646,0.6646,0.6271,
2003-03-01 00:00:00,2,0.8229,0.8229,0.8229,0.8229,0.8645,0.8229,0.7822,0.7822,0.9498,0.8645,1.1571,1.0834,2.6122,1.1956,1.0834,1.6064,3.6156,1.5206,1.274,1.4366,1.1956,1.6941,1.65,1.274,1.1571,1.1191,1.1571,1.1191,1.0381,0.9936,0.9936
2003-02-01 00:00:00,2,1.6941,1.5206,1.4783,1.3952,1.3544,1.274,1.274,1.2346,1.1956,1.1956,1.1571,1.1191,1.0834,1.0834,1.0834,1.314,1.1191,1.1191,1.1956,1.1571,1.1956,1.0381,1.0381,0.9498,0.9498,0.9068,0.8645,0.8229,,,
2003-01-01 00:00:00,2,0.8229,1.5633,4.4156,1.9675,1.5206,1.65,1.7386,1.7835,1.5633,1.1571,1.5633,1.0834,1.5633,1.314,1.1571,20.8534,14.9731,4.7393,4.2256,3.0428,2.6122,4.6739,2.5085,2.1101,1.9209,1.7835,1.65,1.65,2.4573,4.2886,2.4573
2002-12-01 00:00:00,2,0.2946,0.244,0.244,0.244,0.22,0.244,0.2688,0.3574,0.3212,0.3212,0.9936,1.274,2.6122,1.1571,1.5206,1.7835,2.306,1.2346,0.8645,0.703,0.6271,5.0718,1.5206,1.1571,1.9675,1.3544,1.1956,0.8645,0.9936,0.9936,0.8645
2002-11-01 00:00:00,2,1.2346,1.0381,0.4852,0.3574,0.3574,0.7422,0.5903,0.4194,0.3574,0.3212,0.3212,1.4366,0.6646,0.4194,0.3574,0.3574,0.3212,0.3879,0.3212,0.3212,0.3212,0.3879,0.5544,0.5194,1.4783,0.5544,0.4519,0.4194,0.3574,0.2946,
2002-10-01 00:00:00,2,0.22,0.22,0.22,0.197,0.197,0.197,0.197,0.175,0.175,0.175,0.154,0.134,0.134,0.154,0.134,0.134,0.134,0.134,0.134,0.134,0.134,0.115,0.154,0.134,0.115,0.134,0.2688,0.175,1.3952,0.4519,0.3879
2002-09-01 00:00:00,2,0.2946,0.6271,0.3574,0.2688,0.244,0.244,0.2946,0.2946,0.2688,0.244,0.244,0.22,0.22,0.22,0.22,0.197,0.197,0.175,0.175,0.175,0.197,0.244,0.2688,0.4194,0.9936,0.3574,0.2688,0.244,0.244,0.22,
2002-08-01 00:00:00,2,0.244,0.244,0.2688,0.2688,0.244,0.244,0.22,0.22,0.22,0.22,0.244,0.22,0.22,0.22,0.22,0.197,0.197,0.22,0.22,0.22,0.22,0.197,0.197,0.197,0.197,0.197,0.197,0.197,0.197,0.197,0.197
2002-07-01 00:00:00,2,0.2946,0.2946,0.2946,0.2946,0.2688,0.2688,0.2946,0.2946,0.2688,0.2946,0.3879,0.3212,0.3574,0.3212,0.3212,0.2946,0.2946,0.2688,0.2946,0.2688,0.2946,0.2946,0.2946,0.3212,0.2688,0.2688,0.2688,0.2688,0.2688,0.2688,0.2688
2002-06-01 00:00:00,2,0.3879,0.3879,0.3879,0.3879,0.3574,0.3574,0.3574,0.3574,0.3574,0.3212,0.3212,0.3212,0.3212,0.3212,0.3212,0.3212,0.2946,0.2946,0.2946,0.2946,0.2946,0.2946,0.3212,0.3212,0.3212,0.3212,0.3212,0.2946,0.2946,0.2946,
2002-05-01 00:00:00,2,0.4194,0.4194,0.4194,0.4194,0.4519,0.4519,0.4519,0.4194,0.4194,0.4194,0.4194,0.4194,0.4194,0.3879,0.3879,0.3879,0.3879,0.3879,0.3879,0.3879,0.3879,0.3879,0.4194,0.3879,0.3879,0.3879,0.3574,0.3574,0.3574,0.3574,0.3879
2002-04-01 00:00:00,2,0.6646,0.6271,0.6271,0.6271,0.5903,0.6271,0.6271,0.6271,0.5903,0.5903,0.5544,0.5544,0.5903,0.5544,0.5544,0.5194,0.4852,0.4852,0.4852,0.4852,0.4852,0.4519,0.4519,0.4519,0.4194,0.4194,0.4194,0.4194,0.4519,0.4194,
2002-03-01 00:00:00,2,1.2346,1.1956,1.1191,1.0381,1.0381,1.0381,0.9936,0.9498,1.3544,0.9498,0.9498,0.8645,0.8645,0.8229,0.9498,1.2346,0.9936,0.8645,1.65,1.0381,1.0381,0.8645,0.7822,0.8229,0.8229,0.9068,0.9936,0.7822,0.7422,0.703,0.703
2002-02-01 00:00:00,2,1.0834,1.6064,1.314,0.9936,0.9068,0.8645,0.8229,1.3544,3.3245,1.4783,1.1191,0.9936,0.9068,0.8645,1.0381,0.8645,2.8243,4.3519,1.8288,2.0621,3.4981,1.9209,3.1543,1.6941,1.5206,2.1584,1.4366,1.3544,,,
2002-01-01 00:00:00,2,1.9209,1.6064,1.1191,0.8645,1.1571,0.9068,0.703,0.703,0.6271,0.5544,0.5194,0.5194,0.703,1.1956,0.9068,0.9068,0.5903,4.4156,4.9378,1.7386,1.1956,0.9936,0.8645,1.4366,1.2346,1.1571,1.0381,4.2256,1.3952,1.1956,1.0834
2001-12-01 00:00:00,2,1.7386,0.6646,0.3574,0.2946,0.2688,0.2688,1.0834,0.4194,0.3212,0.2946,0.2688,0.244,0.244,0.2688,0.4852,1.6941,6.9356,1.3952,0.8645,0.8645,0.6646,0.5544,0.5194,0.5194,0.5544,0.6271,0.5544,2.2072,3.382,2.6122,1.65
2001-11-01 00:00:00,2,0.3574,0.244,0.3879,0.4852,0.9068,0.4194,0.244,0.244,0.4852,0.244,0.22,0.2688,0.4194,0.4519,1.1956,0.3879,0.2946,1.314,1.1571,0.703,0.4519,0.3574,0.3879,0.3879,0.2946,0.2946,0.2688,0.244,0.244,0.2946,
2001-10-01 00:00:00,2,0.197,0.197,0.5194,0.2688,0.197,0.197,0.197,0.4519,0.4194,0.3212,0.2688,0.22,0.22,0.197,0.197,0.175,0.175,0.175,0.175,0.5194,0.3212,0.2946,0.3212,0.197,0.197,0.175,0.175,0.175,0.154,0.154,0.154
2001-09-01 00:00:00,2,0.175,0.175,0.175,0.154,0.154,0.154,0.154,0.154,0.154,0.134,0.134,0.134,0.154,0.154,0.5903,0.3574,0.2688,0.22,0.197,0.197,0.197,0.197,0.197,0.197,0.197,0.197,0.197,0.22,0.197,0.197,
2001-08-01 00:00:00,2,0.175,0.175,0.154,0.154,0.154,0.154,0.154,0.134,0.154,0.154,0.154,0.154,0.154,0.134,0.115,0.115,0.115,0.115,0.134,0.115,0.134,0.134,0.134,1.2346,0.3212,0.244,0.244,0.244,0.22,0.197,0.197
2001-07-01 00:00:00,2,0.197,0.197,0.197,0.197,0.197,0.197,0.197,0.197,0.197,0.197,0.197,0.197,0.197,0.175,0.197,0.175,0.175,0.175,0.22,0.197,0.197,0.175,0.175,0.197,0.197,0.197,0.197,0.197,0.175,0.175,0.175
2001-06-01 00:00:00,2,0.244,0.244,0.244,0.244,0.244,0.244,0.244,0.244,0.244,0.244,0.22,0.22,0.22,0.22,0.22,0.22,0.22,0.22,0.22,0.22,0.22,0.22,0.22,0.22,0.22,0.22,0.22,0.197,0.197,0.197,
2001-05-01 00:00:00,2,0.3069,0.3069,0.3069,0.3069,0.3069,0.3069,0.2845,0.2845,0.3069,0.3069,0.3069,0.3069,0.3304,0.3551,0.3304,0.3304,0.7422,0.3574,0.2688,0.2688,0.2688,0.244,0.2688,0.2688,0.2688,0.2688,0.2688,0.2688,0.244,0.244,0.244
2001-04-01 00:00:00,2,0.4369,0.4084,0.3811,0.3811,0.3811,0.3551,0.3551,0.3551,0.3811,0.3551,0.3551,0.3811,0.3811,0.3551,0.3304,0.3304,0.3551,0.3551,0.3551,0.3304,0.3304,0.3304,0.3304,0.3304,0.3069,0.3069,0.3069,0.3069,0.3069,0.3069,
2001-03-01 00:00:00,2,0.3811,0.3811,0.4084,0.3811,0.4084,0.5648,0.4084,0.3811,0.4084,0.4668,0.4668,0.6759,0.846,0.4981,0.4668,0.4084,0.4084,0.4084,0.3811,0.4084,0.3811,0.3811,0.3551,0.3551,0.3551,0.3551,0.3551,0.3811,0.4668,0.5307,0.5307
2001-02-01 00:00:00,2,0.6003,0.5648,0.5648,0.5307,0.5307,0.846,0.6003,0.5307,0.4981,0.4981,0.4981,0.4981,0.4981,0.6003,0.4981,0.4668,0.4668,0.4369,0.4369,0.4369,0.4369,0.4084,0.4084,0.4084,0.4084,0.4084,0.4084,0.4084,,,
2001-01-01 00:00:00,2,1.9271,2.0621,4.1007,2.0149,1.4835,1.2353,1.097,0.9411,1.6372,1.2353,0.9411,0.8927,0.846,0.801,0.716,0.6759,0.6759,0.6759,0.6373,0.6373,2.1101,2.6646,1.097,1.0432,0.801,0.6759,0.6373,0.6373,0.6759,0.6003,0.6003
2000-12-01 00:00:00,2,0.6003,1.2692,1.7581,0.7577,0.7577,0.6003,0.5648,0.4668,0.4369,0.4981,0.5307,0.4369,0.4084,0.716,0.4981,0.4668,0.4369,5.2754,1.2019,0.801,0.6373,3.0983,0.9411,1.2019,1.3385,0.8927,0.6759,1.4465,1.4465,1.1527,1.1527
2000-11-01 00:00:00,2,0.3069,0.2845,0.2845,0.2845,0.3304,1.2353,1.9271,0.9913,0.4668,0.3811,0.3811,0.3811,0.5648,0.716,4.2256,0.846,0.716,1.0432,0.6759,0.716,0.5307,0.4981,0.4668,0.4084,0.3811,2.1101,1.1691,0.716,0.6373,0.801,
2000-10-01 00:00:00,2,0.3304,0.5648,0.3811,0.3304,0.3304,0.3304,0.3551,0.3551,0.3304,0.3069,0.3069,0.2845,0.2845,0.2845,0.2632,0.2632,0.2632,0.2632,0.2632,0.2632,0.2632,0.2632,0.2632,0.2632,0.2431,0.2431,0.2431,0.2431,0.3304,0.3551,0.3304
2000-09-01 00:00:00,2,0.4084,0.846,0.8927,0.5648,0.4369,0.4668,0.4981,0.4369,0.4369,0.4369,0.4084,0.4084,0.4084,0.4084,0.4084,0.4084,0.4084,0.4084,0.3811,0.3551,0.3304,0.3304,0.3304,0.3304,0.3069,0.3069,0.4084,0.3551,0.3304,0.3304,
2000-08-01 00:00:00,2,0.4084,0.4084,0.4084,0.4084,0.4084,0.4084,0.3811,0.3811,0.3811,0.3811,0.3811,0.3811,0.3811,0.3551,0.3551,0.3811,0.3811,0.3811,0.3811,0.3811,0.3551,0.3551,0.3551,0.3304,0.3551,0.3551,0.3811,0.3811,0.716,0.4668,0.4084
2000-07-01 00:00:00,2,0.4668,0.4668,0.4668,0.4668,0.4668,0.4668,0.4668,0.4668,0.4668,0.4369,0.4369,0.4369,0.4668,0.4668,0.4369,0.5648,0.4668,0.4369,0.4369,0.4369,0.4369,0.4369,0.4369,0.4369,0.4369,0.4981,0.4668,0.4369,0.4369,0.4369,0.4084
2000-06-01 00:00:00,2,0.5307,0.5307,0.4981,0.4981,0.4981,0.4981,0.4981,0.4981,0.4981,0.4981,0.4981,0.4981,0.4981,0.4981,0.4981,0.4981,0.4981,0.4981,0.4981,0.4981,0.4981,0.4981,0.4981,0.4981,0.4981,0.4981,0.4668,0.4668,0.4668,0.4668,
2000-05-01 00:00:00,2,0.6373,0.6373,0.6373,0.6373,0.6373,0.6373,0.5648,0.6003,0.6003,0.5648,0.5648,0.5648,0.5648,0.5648,0.5307,0.5307,0.5307,0.5307,0.5307,0.5307,0.5648,0.5648,0.5307,0.5307,0.5307,0.5307,0.5307,0.4981,0.5307,0.4981,0.5307
2000-04-01 00:00:00,2,0.846,0.846,0.846,0.801,0.7577,0.7577,0.801,0.7577,0.801,0.7577,0.7577,0.7577,0.9913,0.801,0.846,0.7577,0.7577,0.7577,0.7577,0.716,0.7577,0.716,0.716,0.7577,0.716,0.6759,0.6759,0.6759,0.6759,0.6759,
2000-03-01 00:00:00,2,1.2019,1.097,1.0432,0.9913,0.9913,0.8927,0.8927,1.0432,0.9913,1.3385,2.306,1.7995,1.2692,1.1527,1.0432,1.3036,1.2353,2.6122,4.1007,1.3036,1.3385,1.2019,1.1527,1.097,1.097,0.9913,0.8927,0.846,1.2019,0.9913,0.8927
2000-02-01 00:00:00,2,1.8415,4.2256,1.884,1.6372,1.5211,1.5593,1.7995,2.7175,2.1101,1.8415,1.6372,1.4835,1.4465,1.3036,1.2353,1.2019,1.4465,1.4099,1.2692,1.2353,1.2019,1.2019,1.2019,1.1691,1.1527,1.1527,1.097,0.9913,0.9913,,
2000-01-01 00:00:00,2,1.6769,2.1584,4.0388,3.0983,1.7172,1.5593,1.374,1.2019,1.1527,1.0432,0.9411,0.8927,0.8927,0.846,0.7577,1.1527,1.1527,1.1691,1.4465,1.0432,0.9913,0.846,0.7577,0.7577,1.2019,1.7172,3.4981,5.7622,3.0983,2.356,2.0621
1999-12-01 00:00:00,2,0.3551,0.3304,0.3069,0.3551,1.374,3.0428,0.801,5.2072,1.6769,1.3385,1.1691,1.1527,1.2692,1.374,1.2353,1.097,0.8927,0.801,0.716,1.0432,0.846,0.7577,0.846,1.4835,0.9913,0.8927,0.9913,1.2692,1.2019,1.2019,2.2564
1999-11-01 00:00:00,2,0.2632,0.2632,0.2632,0.2241,0.2241,0.5307,1.9271,1.2353,0.6373,0.6759,0.4981,0.4369,0.6373,0.4981,0.3551,0.3304,0.3304,0.3069,0.3069,0.846,3.2107,1.1527,0.5648,0.4981,0.9913,0.5307,0.5648,0.4369,0.4084,0.3551,
1999-10-01 00:00:00,2,0.158,0.1438,0.158,0.206,0.206,0.1891,0.1891,0.158,0.173,0.1891,0.1891,0.1891,0.173,0.173,0.173,0.158,0.1438,0.1891,0.206,0.2845,0.3069,0.3069,0.2632,0.2241,0.206,0.2632,0.6003,0.3811,0.3069,0.2845,0.2845
1999-09-01 00:00:00,2,0.1891,0.1891,0.1891,0.1891,0.1891,0.173,0.173,0.158,0.158,0.173,0.173,0.173,0.2431,0.2632,0.2431,0.2431,0.2241,0.2431,0.206,0.1891,0.1891,0.173,0.2431,0.2431,0.1891,0.158,0.173,0.158,0.1438,0.158,
1999-08-01 00:00:00,2,0.2431,0.2632,0.2431,0.2431,0.2431,0.2431,0.2431,0.2431,0.2241,0.2241,0.2241,0.2431,0.2241,0.2241,0.2431,0.2431,0.2431,0.2241,0.2431,0.2241,0.206,0.2241,0.2241,0.206,0.206,0.206,0.206,0.206,0.206,0.206,0.206
1999-07-01 00:00:00,2,0.2845,0.2845,0.2845,0.2845,0.2845,0.2845,0.2845,0.2845,0.2845,0.3069,0.2845,0.2845,0.2845,0.2845,0.2632,0.2632,0.2632,0.2632,0.2632,0.2632,0.2632,0.2431,0.2431,0.2431,0.2632,0.2632,0.2632,0.2632,0.2431,0.2431,0.2431
1999-06-01 00:00:00,2,0.3304,0.3304,0.3551,0.3304,0.3304,0.3304,0.3551,0.3304,0.3304,0.3304,0.3304,0.3304,0.3304,0.3304,0.4084,0.3811,0.3551,0.3304,0.3304,0.3551,0.3304,0.3304,0.3069,0.3069,0.3069,0.3069,0.3069,0.2845,0.2845,0.2845,
1999-05-01 00:00:00,2,0.4084,0.4084,0.4084,0.4084,0.4084,0.4084,0.4668,0.4369,0.4369,0.4084,0.4084,0.4084,0.3811,0.3811,0.3811,0.3811,0.3811,0.3811,0.3811,0.3551,0.3551,0.3551,0.3551,0.3551,0.3551,0.3551,0.3551,0.3551,0.3304,0.3551,0.3304
1999-04-01 00:00:00,2,0.6759,0.6373,0.6003,0.6003,0.6003,0.6003,0.6003,0.5648,0.5648,0.5307,0.5307,0.4981,0.4981,0.4981,0.4981,0.4981,0.4981,0.4981,0.4668,0.4668,0.4668,0.4981,0.4668,0.4668,0.4668,0.4369,0.4369,0.4369,0.4369,0.4084,
1999-03-01 00:00:00,2,0.8927,2.7175,1.7581,0.9913,0.7577,0.6759,6.4858,2.2564,1.3036,1.5979,2.9328,1.374,1.3385,1.0432,0.9411,0.846,0.801,0.7577,0.716,0.716,0.6759,0.6373,0.6759,1.884,0.8927,0.7577,0.6759,0.6373,0.6373,0.6373,0.7577
1999-02-01 00:00:00,2,0.5307,0.4668,0.4369,0.4084,0.4084,0.4369,0.4981,0.6373,0.4369,0.4084,0.4084,0.4084,0.3811,0.3811,0.3551,0.3551,0.4084,0.4981,0.4668,0.4084,0.3811,0.3551,0.3551,0.3811,0.4668,0.6003,0.6759,0.8927,,,
1999-01-01 00:00:00,2,1.3036,1.4835,1.3385,1.1527,0.846,1.0432,1.2353,1.4465,0.9411,0.6759,0.6003,0.5307,0.4981,0.4369,0.846,1.2692,0.846,0.5307,0.5307,0.4981,0.4668,0.4981,0.5648,0.6003,0.716,0.6003,0.5648,0.5648,0.5648,0.6373,0.846
1998-12-01 00:00:00,2,0.4084,0.3551,0.3069,0.3069,0.4084,0.6373,0.846,0.4369,0.3811,0.3551,0.3304,0.3069,0.3069,0.2845,0.3811,0.6759,0.8927,0.9913,0.6759,0.4668,0.4369,0.4369,0.3551,0.3304,1.5593,0.4084,0.4084,0.5307,0.4084,0.3551,2.4573
1998-11-01 00:00:00,2,0.846,0.4084,0.801,2.9328,1.4099,0.846,0.3811,0.3551,0.3551,0.3811,0.8927,0.6003,0.4084,0.3811,0.3811,0.3811,0.3304,0.3304,0.3304,0.3069,0.3069,0.3304,0.5307,0.4084,0.3551,0.3069,0.4981,0.4369,0.3551,0.716,
1998-10-01 00:00:00,2,0.3069,0.3811,0.3069,0.2632,0.2241,0.2241,0.2241,0.3069,0.3069,0.2845,0.2632,0.3551,0.2632,0.2431,0.2241,0.2632,0.4084,0.3811,0.3069,0.2845,0.2431,0.2241,0.2241,0.206,0.2241,0.206,0.3069,0.3069,0.2845,0.5307,1.2019
1998-09-01 00:00:00,2,0.3304,0.3069,0.3069,0.3069,0.3069,0.2845,0.2845,0.2632,0.2632,0.2632,0.2632,0.2632,0.2845,0.2632,0.2632,0.2632,0.2431,0.2431,0.2431,0.2241,0.206,0.206,0.2241,0.2241,0.2241,0.2241,0.2241,0.2241,0.2241,0.2431,
1998-08-01 00:00:00,2,0.3811,0.3811,0.4369,0.4084,0.3811,0.4668,0.5307,0.4981,0.4668,0.4668,0.4369,0.4084,0.3811,0.3811,0.3811,0.3811,0.3811,0.3811,0.3551,0.3551,0.3304,0.3069,0.3304,0.3304,0.3304,0.3069,0.3069,0.3069,0.3069,0.3069,0.3304
1998-07-01 00:00:00,2,0.4369,0.4369,0.4369,0.4369,0.4369,0.4369,0.4369,0.4369,0.4084,0.4084,0.4084,0.4084,0.4084,0.4084,0.4084,0.4084,0.4369,0.4369,0.4369,0.4369,0.4084,0.4084,0.4084,0.3811,0.3811,0.3811,0.3811,0.3811,0.3811,0.3811,0.3811
1998-06-01 00:00:00,2,0.5648,0.4981,0.4981,0.5307,0.4981,0.4981,0.4981,0.4981,0.4981,0.4668,0.4668,0.4668,0.4668,0.4668,0.4981,0.4668,0.4668,0.4369,0.4369,0.4369,0.4369,0.4668,0.4369,0.4668,0.4668,0.4668,0.4668,0.4668,0.4668,0.4668,
1998-05-01 00:00:00,2,0.5648,0.5307,0.5648,0.5648,1.1527,0.6003,0.4981,0.4668,0.4369,0.4981,0.4981,0.4981,0.4981,0.4981,0.4981,0.4981,0.4981,0.4981,0.4981,0.4668,0.4668,0.4369,0.4369,0.4369,0.4369,0.4369,0.4369,0.4668,0.5648,1.1691,0.7577
1998-04-01 00:00:00,2,0.716,0.716,0.6759,0.6759,0.6759,0.6759,0.6759,0.6373,0.7577,0.716,0.716,0.6759,0.6373,0.6373,0.6003,0.6003,0.5648,0.5648,0.5648,0.5648,0.6003,0.6003,0.6003,0.5648,0.5648,0.5648,0.5648,0.5648,0.6373,0.6003,
1998-03-01 00:00:00,2,0.9913,0.9411,0.9411,0.8927,0.8927,0.846,0.846,0.846,0.846,0.846,0.846,0.846,0.846,0.846,0.846,0.846,0.801,0.801,0.801,0.7577,0.801,0.801,1.0432,0.9913,0.7577,0.7577,0.7577,0.6759,0.6759,0.716,0.846
1998-02-01 00:00:00,2,0.7577,0.716,0.716,0.716,0.716,0.716,0.6759,0.716,1.2692,0.801,0.7577,0.716,0.716,0.716,0.9411,2.5085,3.3245,2.5601,2.5085,1.8415,1.2353,1.6372,1.2353,1.5593,1.5979,1.2019,1.1527,1.097,,,
1998-01-01 00:00:00,2,0.7577,0.716,0.716,0.801,1.6372,0.846,1.2692,1.2692,1.7581,1.4099,1.2692,1.097,0.8927,1.4835,0.9913,0.8927,0.9411,0.846,1.2353,1.2692,1.097,0.9913,0.9913,0.9411,0.9411,0.9411,0.846,0.9411,0.9411,0.846,0.7577
1997-12-01 00:00:00,2,1.2692,0.9913,0.7577,0.6759,0.6373,0.5648,0.7577,0.6759,1.2353,2.9876,0.7577,0.9411,0.716,3.4398,1.1527,1.2353,1.5979,1.4835,1.2019,0.9411,1.0432,0.9411,0.7577,0.6759,1.3036,1.7995,1.0432,0.8927,0.8927,0.846,0.801
1997-11-01 00:00:00,2,0.4061,0.4061,0.4061,0.3486,0.3769,0.3769,0.4667,0.4061,0.3769,0.3486,0.3486,0.3486,0.3486,0.3486,0.3486,0.3486,0.3212,0.3212,0.3486,0.3486,0.3486,1.368,0.667,0.5305,0.5305,2.5085,0.9913,0.6759,2.5085,1.5211,
1997-10-01 00:00:00,2,0.5635,0.5305,0.4667,0.436,0.436,0.4061,0.4061,0.4061,0.4061,0.4061,0.3769,0.3769,0.3769,0.4061,0.3769,0.3769,0.3769,0.4061,0.4061,0.3769,2.2564,0.8536,0.5305,0.4061,0.4061,0.7029,1.368,0.5635,0.4982,0.436,0.4667
1997-09-01 00:00:00,2,0.5973,0.5973,0.5973,0.5973,0.5973,0.6318,0.6318,0.5635,0.5305,0.5305,0.5305,0.5305,0.5635,0.5635,0.5973,0.5973,0.5973,0.5973,0.5973,0.5973,1.6082,0.7769,0.5973,0.5973,0.7396,0.7396,0.5973,0.5973,0.5973,1.2761,
1997-08-01 00:00:00,2,0.667,0.667,0.6318,0.6318,0.6318,0.667,0.6318,0.6318,0.6318,0.6318,0.6318,0.6318,0.6318,0.5973,0.5635,0.5635,0.6318,0.6318,0.6318,0.6318,0.5973,0.5973,0.6318,0.6318,0.6318,0.6318,0.5635,0.5635,0.5635,0.5635,0.5305
1997-07-01 00:00:00,2,0.7396,0.7769,0.7769,0.8149,0.7769,0.7769,0.7769,0.7769,0.7769,0.7769,0.7769,0.7769,0.7029,0.7029,0.7029,0.7029,0.7029,0.7029,0.7029,0.7396,0.7396,0.7396,0.667,0.667,0.6318,0.6318,0.6318,0.6318,0.6318,0.6318,0.667
1997-06-01 00:00:00,2,0.8536,0.8149,0.8149,0.8149,0.7769,1.2761,0.9329,0.8536,0.8536,0.8536,0.8149,0.8536,0.8536,0.7769,0.9736,0.8536,0.8149,0.8149,0.8149,0.8536,0.8149,0.8149,0.7769,0.7769,0.8149,0.7396,0.7769,0.7769,0.7769,0.7396,
1997-05-01 00:00:00,2,0.9329,0.8929,0.8929,0.8929,0.8536,0.8536,0.8536,0.8149,0.8149,0.8149,0.8149,0.8149,0.8149,0.8149,0.8149,0.9329,0.9329,0.8536,0.8149,0.7769,0.7769,0.8149,1.0569,0.8929,1.0569,0.9329,0.8536,0.8149,1.231,0.8929,0.8536
1997-04-01 00:00:00,2,1.4623,6.8598,1.5104,1.2761,1.1865,1.1427,1.1427,1.0995,1.0569,1.0569,1.0149,1.0149,0.9736,0.9329,0.9329,0.9329,0.9329,0.9329,0.8929,0.8929,1.1427,1.0569,1.0149,1.0149,0.9736,0.9329,0.9736,1.0995,0.9736,0.9329,
1997-03-01 00:00:00,2,2.1584,2.356,2.8784,3.1543,1.8627,1.5104,1.8106,1.5104,1.4623,1.368,1.3217,1.2761,1.2761,1.368,1.5104,1.5104,1.5104,1.3217,1.231,1.231,1.231,1.1865,1.1865,1.1427,1.0995,1.0995,1.0569,1.0569,1.1427,1.1865,1.1427
1997-02-01 00:00:00,2,1.9683,3.3245,2.0621,1.9152,1.7083,1.6082,1.5104,1.4149,1.4149,1.4149,1.368,1.368,1.3217,1.3217,1.231,1.231,1.231,1.3217,1.2761,1.231,1.231,1.231,1.1865,1.3217,2.6646,1.4149,1.3217,7.1647,,,
1997-01-01 00:00:00,2,1.7083,5.8331,19.2579,12.037,9.0987,9.2677,5.6214,10.5732,5.6214,4.1007,7.0116,4.163,3.0983,2.9876,2.6122,2.5601,2.4573,2.7707,3.6156,2.6122,2.356,2.356,2.2072,2.022,1.8627,2.6646,2.1584,2.022,1.8627,1.7592,1.8627
1996-12-01 00:00:00,2,0.7396,0.9736,0.9329,0.7769,0.9329,0.7029,0.6318,0.5635,0.6318,0.5635,0.5973,0.9736,0.7029,0.8929,0.6318,0.7396,3.9773,1.0569,0.7769,0.7396,0.7769,0.7769,9.1831,10.1307,2.5601,4.2256,1.8627,1.559,1.8106,1.8106,1.559
1996-11-01 00:00:00,2,0.7709,0.4734,1.2882,1.6633,0.7352,0.3865,0.3323,0.3063,0.2811,0.2811,0.2568,0.2332,0.2105,0.2105,0.359,0.359,1.0778,0.6658,0.359,7.2235,2.5975,9.6094,2.7707,1.6082,1.2761,1.0149,0.8929,0.8149,0.8149,0.7769,
1996-10-01 00:00:00,2,0.2105,0.1887,0.1887,0.2568,0.2568,0.2332,0.2105,0.1887,0.1887,0.1887,0.1887,0.1887,0.2105,0.1887,0.1887,0.1887,0.1887,0.1887,0.1678,0.1678,0.1678,0.1678,0.1678,0.1678,0.1678,0.1678,0.1678,0.7352,0.2811,0.3323,0.2332
1996-09-01 00:00:00,2,0.2568,0.2811,0.2811,0.6321,0.359,0.4147,0.4147,0.3323,0.3063,0.2811,0.3063,0.3063,0.359,0.3063,0.3063,0.2811,0.2811,0.2811,0.2811,0.2568,0.2568,0.2332,0.2332,0.2105,0.2332,0.2811,0.2568,0.2332,0.2105,0.2105,
1996-08-01 00:00:00,2,0.3323,0.3323,0.3323,0.3063,0.2811,0.2811,0.2811,0.2811,0.2811,0.2811,0.3323,0.3323,0.3323,0.3063,0.4734,0.359,0.3323,0.3063,0.2811,0.2811,0.2811,0.2811,0.2811,0.2811,0.2811,0.2811,0.2811,0.2568,0.2568,0.2568,0.2568
1996-07-01 00:00:00,2,0.3323,0.3323,0.3323,0.3063,0.3063,0.3063,0.3063,0.3063,0.3063,0.3063,0.3063,0.3063,0.3063,0.3063,0.2811,0.2811,0.2811,0.2811,0.2811,0.2811,0.2811,0.2811,0.2811,0.2811,0.2811,0.2811,0.2811,0.2811,0.2811,0.7352,0.359
1996-06-01 00:00:00,2,0.4147,0.4147,0.3865,0.3865,0.3865,0.4147,0.3865,0.3865,0.3865,0.3865,0.3865,0.359,0.359,0.359,0.359,0.359,0.359,0.359,0.359,0.3323,0.3323,0.3323,0.3323,0.3323,0.3323,0.3323,0.3323,0.3323,0.359,0.359,
1996-05-01 00:00:00,2,0.4437,0.4437,0.5348,0.5037,0.4734,0.4734,0.4437,0.4437,0.4437,0.4437,0.4437,0.4437,0.4437,0.4437,0.4437,0.4734,0.4734,0.4734,0.5037,0.4734,0.5037,0.5666,0.6658,0.5037,0.4734,0.4734,0.4437,0.4437,0.4437,0.4437,0.4437
1996-04-01 00:00:00,2,0.5348,0.5348,0.5348,0.5348,0.5037,0.5037,0.5037,0.5348,0.5666,0.5348,0.5348,0.5037,0.5666,0.5666,0.5666,0.5666,0.599,0.6658,0.5666,0.5348,0.5348,0.5037,0.5037,0.5037,0.5037,0.4734,0.4734,0.4734,0.4734,0.4734,
1996-03-01 00:00:00,2,0.6321,0.7352,0.7709,0.8071,0.8071,0.6658,0.6321,0.6321,0.6321,0.844,0.7352,0.9583,0.844,0.7002,0.6321,0.6321,0.6321,1.2882,0.6658,0.6321,0.8071,0.8071,0.7352,0.7709,0.8071,0.6658,0.6321,0.599,0.599,0.5666,0.5666
1996-02-01 00:00:00,2,0.6658,1.332,0.9583,0.9975,0.9583,0.844,0.844,0.7709,0.7352,0.7002,1.2024,0.8071,0.844,0.8815,0.7709,0.6658,0.599,0.599,0.599,0.599,0.7002,0.7002,1.4664,0.7352,0.7002,0.7709,0.8071,0.7002,0.6321,,
1996-01-01 00:00:00,2,1.8228,1.8641,4.3676,1.742,1.3763,1.2024,1.1187,1.0778,1.1187,1.0778,2.4981,2.6992,1.4664,1.2024,1.0778,1.0374,0.9975,0.9583,0.9196,1.3763,1.0374,0.8815,0.8815,0.8071,0.7709,0.7352,0.7352,0.7352,0.7002,0.7002,0.6658
1995-12-01 00:00:00,2,0.5443,0.3564,0.2902,0.2902,0.2591,0.2591,0.2591,0.2294,0.2294,0.2294,0.3915,0.2902,1.007,5.38,1.1187,1.0778,0.8071,0.7709,0.7352,0.8071,0.7002,0.9196,0.7709,0.8071,1.7822,0.9583,2.9634,1.8641,1.4664,1.2024,1.1187
1995-11-01 00:00:00,2,0.7619,0.4278,0.4654,0.9559,0.4278,0.2591,0.2294,0.2012,0.1744,0.1744,0.1491,0.1491,0.5443,0.3564,0.2591,0.2591,0.2902,0.2902,1.6358,0.5043,0.3564,0.2591,0.2591,0.5855,0.3564,0.2591,0.2591,0.2902,0.5443,0.3915,
1995-10-01 00:00:00,2,0.1491,0.1491,0.1744,0.1744,0.1744,0.2012,0.2012,0.2012,0.2294,0.2591,0.5855,0.2591,0.2591,0.9058,0.3564,0.4654,0.2591,0.2294,0.2012,0.2012,1.007,0.3564,0.2294,0.2012,0.1744,0.1491,0.1491,0.1254,0.1254,0.1744,0.4654
1995-09-01 00:00:00,2,0.2591,0.2591,0.2012,0.2012,0.2012,0.2012,0.2012,0.2012,0.2012,0.2012,0.2012,0.2012,0.1744,0.1744,0.1744,0.1744,0.2294,0.7161,0.3915,0.2902,0.4654,0.2902,0.2294,0.2012,0.2012,0.2012,0.2012,0.2012,0.2294,0.1744,
1995-08-01 00:00:00,2,0.3227,0.3227,0.3227,0.2902,0.2591,0.2591,0.2591,0.2591,0.2902,0.2902,0.2591,0.2591,0.2591,0.2591,0.2591,0.2591,0.2591,0.2591,0.2591,0.2591,0.2591,0.2902,0.2591,0.2591,0.2591,0.2591,0.2591,0.2294,0.2294,0.2591,0.2591
1995-07-01 00:00:00,2,0.4654,0.4654,0.4654,0.4654,0.4278,0.4278,0.4278,0.4278,0.4278,0.4278,0.4278,0.4278,0.3915,0.3915,0.3915,0.3915,0.3915,0.3915,0.3915,0.3915,0.3915,0.5043,0.3915,0.3564,0.3564,0.3564,0.3564,0.3564,0.3564,0.3227,0.3227
1995-06-01 00:00:00,2,0.5043,0.4654,0.4654,0.4278,0.4278,0.4278,0.4278,0.3915,0.4654,0.4654,0.4278,0.4278,0.4278,0.4278,0.4278,0.4654,0.4654,0.4654,0.4654,0.4278,0.4278,0.4278,0.4278,0.4278,0.4278,0.5443,0.5043,0.4654,0.4654,0.4654,
1995-05-01 00:00:00,2,0.5443,0.5443,0.5443,0.5043,0.5043,0.5043,1.007,0.7161,0.6279,0.5855,0.7161,0.6279,0.5855,0.5443,0.5443,0.5443,0.5043,0.5443,0.5855,0.5443,0.5443,0.5443,0.7619,0.7619,0.5855,0.5443,0.5443,0.5443,0.5043,0.5043,0.5043
1995-04-01 00:00:00,2,1.1666,0.9058,0.8087,0.8087,0.8567,0.8087,0.8087,0.7619,0.6279,0.7161,0.6279,0.6279,0.8087,0.6279,0.5855,0.5855,0.6279,0.5855,0.5855,0.5855,0.5855,0.5855,2.0782,0.8087,0.6279,0.6279,0.6279,0.6279,0.5855,0.5855,
1995-03-01 00:00:00,2,0.8087,0.7619,0.7161,1.7626,1.6358,0.8567,1.007,1.9058,0.8087,0.8087,0.7619,0.7619,0.7161,2.1226,3.2995,1.4526,1.007,0.9058,0.8087,0.8087,0.8087,0.9559,0.9058,0.8567,2.0782,1.2219,0.9058,0.8087,0.7619,0.7619,2.0782
1995-02-01 00:00:00,2,0.6714,0.6714,2.9634,1.1124,0.8087,0.6279,1.9909,1.0592,1.8641,2.0782,1.3935,1.3353,1.007,1.007,3.0731,3.2995,1.6987,1.5738,1.2219,2.6992,1.3935,1.1666,1.007,0.9559,0.9058,0.9058,1.007,0.8567,,,
1995-01-01 00:00:00,2,0.9058,0.9058,1.3935,1.9909,1.1124,1.007,0.9559,0.8087,0.7161,0.6279,0.5443,0.8087,1.5738,0.7161,0.6279,0.5855,0.5043,0.4654,0.5443,0.9058,0.6714,0.7161,0.6714,0.5443,0.5443,0.7161,1.9909,0.6714,0.6279,0.6714,0.9559
1994-12-01 00:00:00,2,0.2393,0.2226,0.2065,0.2065,0.191,0.1759,0.2393,0.5779,0.3497,0.2393,0.2065,0.1614,0.1474,0.1474,0.1759,0.3905,0.2226,0.6894,1.1082,0.4342,0.2393,2.6846,5.4338,7.0317,3.4162,2.2593,1.5738,1.2781,1.2219,1.0592,0.9559
1994-11-01 00:00:00,2,0.2226,0.2065,0.2065,0.191,0.1759,0.1759,0.3905,0.2393,0.2065,0.2065,0.191,0.191,0.2065,0.2564,0.3109,0.2393,0.2065,0.2226,0.3698,0.4342,0.2393,0.2393,0.2226,0.2226,0.2226,0.2065,0.191,0.2393,0.3905,0.33,
1994-10-01 00:00:00,2,0.2741,0.2741,0.2564,0.2564,0.2564,0.2741,0.3905,0.2922,0.2741,0.2564,0.2393,0.2393,0.2226,0.2226,0.2393,0.2393,0.2393,0.2393,0.2393,0.2226,0.2226,0.2226,0.2065,0.2065,0.191,0.2065,0.2226,0.2226,0.2226,0.2564,0.2226
1994-09-01 00:00:00,2,0.2922,0.2741,0.2741,0.2741,0.2564,0.2564,0.2564,0.2564,0.2393,0.2564,0.2564,0.2564,0.2393,0.2564,0.2393,0.2564,0.2564,0.2564,0.2564,0.2564,0.2393,0.2393,0.2393,0.2393,0.2564,0.2564,0.2564,0.33,0.3109,0.2922,
1994-08-01 00:00:00,2,0.3698,0.3497,0.3497,0.3497,0.3497,0.3497,0.3497,0.3497,0.33,0.33,0.33,0.33,0.33,0.33,0.33,0.3109,0.3109,0.3109,0.3109,0.3109,0.33,0.3109,0.3109,0.3109,0.2922,0.2922,0.2922,0.2922,0.2922,0.2922,0.2922
1994-07-01 00:00:00,2,0.4116,0.4116,0.4116,0.4116,0.4116,0.4116,0.4116,0.4116,0.3905,0.3905,0.3905,0.3905,0.3905,0.3905,0.3905,0.4116,0.4116,0.3698,0.3905,0.3905,0.3905,0.3905,0.4116,0.3698,0.3698,0.3698,0.3698,0.3698,0.3698,0.3698,0.3698
1994-06-01 00:00:00,2,0.5026,0.5026,0.5026,0.5026,0.479,0.479,0.479,0.479,0.479,0.479,0.4562,0.479,0.479,0.479,0.479,0.479,0.479,0.479,0.4562,0.479,0.479,0.479,0.479,0.4562,0.5026,0.479,0.479,0.4562,0.4342,0.4342,
1994-05-01 00:00:00,2,0.5269,0.5269,0.5026,0.5026,0.5269,0.5026,0.5026,0.5026,0.479,0.479,0.5026,0.5026,0.5026,0.479,0.8145,1.6168,0.7819,0.6045,0.552,0.552,0.5269,0.5269,0.5269,0.5026,0.5026,0.5026,0.5026,0.5779,0.552,0.5269,0.5269
1994-04-01 00:00:00,2,0.6603,0.7194,0.6603,0.632,0.632,0.6045,0.6045,0.632,0.6045,0.6045,0.5779,0.5779,0.552,0.552,0.552,0.5779,0.5779,0.552,0.552,0.7819,0.632,0.5779,0.5779,0.5779,0.552,0.5269,0.5269,0.552,0.5026,0.5269,
1994-03-01 00:00:00,2,0.7194,0.848,0.8145,0.6894,0.6894,2.6397,1.0682,0.7819,0.6603,0.632,0.632,2.6397,1.1913,0.848,0.6894,0.632,0.632,0.6045,0.7194,0.991,0.8145,0.7502,0.6603,0.7194,1.1913,0.848,0.7194,0.7194,0.632,0.6045,0.632
1994-02-01 00:00:00,2,0.848,0.7819,0.7819,0.7502,0.7502,0.7194,0.7194,0.6894,0.6894,0.6603,0.6603,0.6603,0.632,0.7819,0.6894,0.6603,0.632,0.6045,0.632,0.6045,0.632,0.6045,0.6045,0.5779,0.6045,0.6045,0.6894,0.6603,,,
1994-01-01 00:00:00,2,0.8869,2.2953,1.3205,8.2566,7.3475,1.3236,8.1714,2.8689,3.7847,3.8398,2.2953,2.3788,1.8345,3.208,2.3788,1.5652,1.417,1.1913,1.1913,1.3236,1.3236,1.1082,1.1082,1.0682,1.6695,1.0291,1.0291,1.6695,1.0291,0.991,0.9538
1993-12-01 00:00:00,2,0.2031,0.2328,0.3803,0.2825,0.2652,0.2486,0.2328,0.2176,0.2031,0.7557,1.15,0.4486,0.3193,0.2328,0.2176,0.2031,0.1892,0.3388,0.4022,0.4984,1.422,0.4486,0.3592,0.5246,0.425,0.3388,0.3005,0.5517,0.8196,0.6951,3.5687
1993-11-01 00:00:00,2,0.1892,0.1892,0.176,0.473,0.3005,0.2652,0.2328,0.3803,0.3388,0.2825,0.2652,0.2652,0.2486,0.2176,0.1892,0.1402,0.1294,0.1192,0.8528,0.666,0.5246,0.3803,0.3005,0.8196,0.4984,0.4984,0.3803,0.473,0.2825,0.2176,
1993-10-01 00:00:00,2,0.3803,0.4022,0.5798,0.3592,0.8869,0.725,0.425,0.3388,0.3193,0.3005,0.2825,0.2652,0.2652,0.2328,0.2486,0.2486,0.2328,0.2176,0.2176,0.2176,0.2031,0.3592,0.3005,0.2486,0.2328,0.2328,0.3005,0.2486,0.2328,0.2176,0.2031
1993-09-01 00:00:00,2,0.3388,0.3193,0.3193,0.3005,0.2825,0.2825,0.2652,0.2652,0.2486,0.2486,0.2328,0.2328,0.4022,0.3803,0.3803,0.3388,0.4022,0.3592,0.3803,0.2652,0.2652,0.2486,0.6088,0.6951,0.4486,0.3803,0.3803,0.473,0.425,0.4984,
1993-08-01 00:00:00,2,0.473,0.473,0.4486,0.4486,0.4486,0.425,0.4022,0.4022,0.3592,0.3388,0.3592,0.425,0.425,0.4022,0.425,0.4022,0.4022,0.425,0.4022,0.4984,0.473,0.4486,0.425,0.425,0.4022,0.3803,0.3592,0.3388,0.3388,0.3388,0.3388
1993-07-01 00:00:00,2,0.5517,0.5246,0.5246,0.5246,0.4984,0.5246,0.4984,0.4984,0.4984,0.4984,0.5246,0.5246,0.4984,0.473,0.473,0.4984,0.473,0.5246,0.4984,0.4984,0.473,0.473,0.473,0.473,0.473,0.473,0.4486,0.4984,0.473,0.473,0.473
1993-06-01 00:00:00,2,0.9674,0.893,0.869,0.8453,0.8453,2.0161,0.8528,0.7557,0.6951,0.6377,0.6377,0.6377,0.5798,0.5798,0.5798,0.5798,0.5798,0.5798,0.6377,0.6088,0.5798,0.5517,0.5517,0.5517,0.5517,0.5517,0.5517,0.5246,0.5246,0.5517,
1993-05-01 00:00:00,2,0.9422,0.9174,0.9422,0.9674,1.0188,0.869,0.9422,0.869,0.9174,0.9174,0.893,0.893,0.893,0.8453,0.869,0.9422,0.9422,0.9174,0.869,0.8453,0.8453,0.8453,0.8453,0.8453,0.8453,0.822,0.822,0.822,0.822,0.8453,0.869
1993-04-01 00:00:00,2,1.2399,1.687,1.6183,1.2399,1.2109,1.1541,1.299,1.2399,1.6183,1.1823,1.2399,1.3597,1.2399,1.1263,1.0718,1.1823,1.0988,1.422,1.0718,1.0188,1.0188,0.9929,0.9929,1.0188,1.0188,0.9674,0.9422,0.9674,0.9422,0.9174,
1993-03-01 00:00:00,2,0.9929,0.9422,1.0988,1.0188,0.9674,0.9422,0.9422,0.9674,0.9422,0.9674,0.9422,0.9174,0.9422,0.9422,1.0451,1.3292,1.0188,1.2109,1.2109,1.0988,1.0718,1.0718,1.0188,1.0988,1.0188,2.2953,1.1823,1.0988,1.1823,1.1263,1.0451
1993-02-01 00:00:00,2,0.6899,0.6899,0.7325,1.0988,2.3368,0.9674,0.7991,0.7765,0.7325,0.7325,1.1823,0.822,0.822,0.9674,1.6524,1.1263,0.893,0.822,0.7765,0.7325,0.7543,0.7325,0.7765,0.7325,1.0718,2.1731,6.6481,1.5183,,,
1993-01-01 00:00:00,2,0.9929,0.9422,0.9174,1.0451,2.73,1.0718,0.9929,0.9174,1.0451,0.9929,0.869,0.8453,0.7991,0.7765,0.7543,0.7543,0.7543,0.869,0.9174,1.0988,1.0451,0.9929,1.0451,1.0988,0.9174,0.822,0.7765,0.7325,0.711,0.6899,0.6691
1992-12-01 00:00:00,2,0.4642,1.0188,0.7543,0.609,0.5521,1.299,0.5897,0.5338,1.0988,0.609,1.7572,3.1582,4.416,1.1541,0.9674,0.869,1.2399,7.1886,2.8689,1.6524,1.5513,1.2109,1.1263,0.9674,0.9929,1.0188,2.6397,2.4212,1.299,1.1823,1.0451
1992-11-01 00:00:00,2,0.5521,1.2109,0.7991,1.9027,1.0451,0.7991,0.7765,0.6287,1.6183,0.9929,0.7991,0.711,0.6287,0.6287,0.6899,0.5707,0.5521,0.5521,0.609,0.5338,0.5159,0.5338,0.5707,0.5338,0.4983,0.481,0.481,0.4983,0.4983,0.481,
1992-10-01 00:00:00,2,0.3387,0.3554,0.4,0.3848,0.3554,0.3387,0.3387,0.3848,0.7325,0.481,0.3848,0.3699,0.3848,0.3554,0.3387,0.2998,0.2998,0.2872,0.2998,0.3554,0.4314,0.5707,0.7543,0.6691,0.5897,0.5338,0.5159,0.6691,0.7991,0.6487,0.5707
1992-09-01 00:00:00,2,0.3554,0.3554,0.3554,0.3255,0.4642,0.6691,0.609,0.5159,0.4,0.3699,0.3554,0.3554,0.3699,0.3699,0.3554,0.4314,0.822,0.609,0.4983,0.5338,0.4314,0.4314,0.3848,0.3554,0.3255,0.3699,0.481,0.7543,0.4476,0.3848,
1992-08-01 00:00:00,2,0.4155,0.4155,0.4155,0.4155,0.4155,0.4155,0.4155,0.4155,0.4155,0.4155,0.4155,0.4155,0.4155,0.4155,0.4155,0.3848,0.3554,0.3554,0.3554,0.3554,0.3554,0.3554,0.3554,0.3554,0.3554,0.3554,0.3554,0.3554,0.3554,0.3554,0.3554
1992-07-01 00:00:00,2,0.5338,0.4983,0.4155,0.4155,0.4314,0.4155,0.4314,0.4476,0.4476,0.4476,0.4476,0.4476,0.4476,0.4476,0.4476,0.4476,0.4314,0.4155,0.4155,0.4155,0.4155,0.4155,0.4155,0.4155,0.4155,0.4155,0.4155,0.4155,0.4155,0.4155,0.4155
1992-06-01 00:00:00,2,0.5521,0.5521,0.5521,0.5338,0.5159,0.5159,0.5521,0.5338,0.5159,0.5338,0.481,0.481,0.5338,0.481,0.5338,0.4983,0.5159,0.481,0.5521,0.481,0.4983,0.5159,0.5159,0.5338,0.4983,0.481,0.5159,0.5159,0.4983,0.481,
1992-05-01 00:00:00,2,1.0718,1.0188,0.8453,0.869,0.9674,0.9674,1.2399,0.869,0.869,0.7765,0.7991,0.711,0.7325,0.6899,0.7325,0.6899,0.6487,0.609,0.6287,0.6899,0.822,0.7325,0.6287,0.6287,0.6287,0.5707,0.5707,0.5707,0.5707,0.5521,0.5521
1992-04-01 00:00:00,2,1.1541,1.1541,1.3292,1.1823,1.1823,1.1263,1.1263,1.0988,1.0988,1.1541,1.1541,1.2399,1.1263,1.0988,1.1541,2.0161,1.5183,1.2399,1.1263,1.1263,1.2399,1.1263,1.1263,1.0988,1.0718,1.1823,1.1823,1.1823,1.0988,1.0718,
1992-03-01 00:00:00,2,1.9779,2.4212,2.0547,1.9027,1.7572,1.6524,1.6524,1.5513,1.6524,1.4858,1.422,1.2399,1.5183,1.5183,1.422,1.2109,1.2109,1.7572,2.2134,1.1541,1.2692,1.2692,1.2399,1.2109,1.2399,1.2109,1.1263,1.1263,1.2399,1.2109,1.2109
1992-02-01 00:00:00,2,3.208,6.0594,2.8222,2.8689,3.73,2.6846,2.3788,2.2953,2.2953,2.0547,2.0161,1.9401,1.8291,1.7572,2.0547,3.5159,2.2134,3.3599,2.6397,1.9027,1.687,1.6524,1.6183,1.5846,1.5846,2.4212,2.2134,2.4212,1.9779,,
1992-01-01 00:00:00,2,0.5521,0.5338,0.481,0.4642,0.9674,0.822,0.5338,0.4983,1.2692,0.5707,0.481,0.4476,0.7325,1.5846,0.9422,4.91,1.5183,1.3906,1.4858,2.0547,3.8398,3.6221,8.7779,10.3539,4.6592,3.208,3.06,2.3788,2.9636,1.9027,1.3906
1991-12-01 00:00:00,2,0.869,0.7991,0.609,0.4642,0.4155,0.4,0.6691,1.6183,1.2109,0.7991,0.5707,0.4983,0.5159,0.5707,0.6487,0.5707,0.5159,0.4642,1.0718,0.7991,0.893,1.422,0.7325,0.5521,0.5338,0.481,0.9422,0.6899,0.6287,0.4476,0.4642
1991-11-01 00:00:00,2,0.3125,0.3387,0.3699,0.3387,0.3125,0.3125,0.3387,0.3699,0.3554,0.3387,0.3255,0.3255,0.3387,0.6287,0.7325,0.5338,0.4476,0.5159,0.4642,0.4155,0.4642,0.4155,0.3699,0.3554,0.3255,0.3125,0.2998,0.5338,0.893,0.9929,
1991-10-01 00:00:00,2,1.1263,0.6899,0.6899,0.5338,0.4476,0.481,0.7991,0.6287,0.4983,0.4642,0.4314,0.3699,0.3699,0.3699,0.3387,0.3848,0.822,0.5897,0.4983,0.4,0.3699,0.3387,0.3255,0.3125,0.2872,0.2872,0.2872,0.2872,0.2872,0.2749,0.2628
1991-09-01 00:00:00,2,0.2872,0.2872,0.2872,0.2872,0.2872,0.2872,0.2749,0.2749,0.2749,0.2749,0.2872,0.2872,0.2749,0.2749,0.2749,0.2872,0.3125,0.3255,0.2998,0.3255,0.3125,0.2998,0.2998,0.3554,0.5707,0.9929,0.4983,0.4155,0.4983,0.5521,
1991-08-01 00:00:00,2,0.3554,0.3554,0.3554,0.3554,0.3554,0.3387,0.3387,0.3387,0.3387,0.3387,0.3554,0.3554,0.3255,0.3255,0.3255,0.3255,0.3255,0.3255,0.3255,0.3255,0.3255,0.3255,0.3255,0.3255,0.3255,0.3255,0.3255,0.3125,0.3125,0.2998,0.2872
1991-07-01 00:00:00,2,0.4155,0.4155,0.4155,0.4155,0.4155,0.4155,0.4155,0.4,0.4155,0.4,0.4,0.4,0.4,0.3848,0.4983,0.4642,0.4642,0.4314,0.4314,0.4155,0.4155,0.4155,0.4,0.3848,0.3848,0.3699,0.3699,0.3699,0.3699,0.3699,0.3699
1991-06-01 00:00:00,2,0.5159,0.5159,0.4983,0.4983,0.4983,0.4983,0.4983,0.4983,0.481,0.481,0.481,0.4642,0.4642,0.4642,0.4642,0.4642,0.4642,0.4642,0.4476,0.4476,0.4476,0.4642,0.4642,0.4476,0.4476,0.4476,0.4314,0.4314,0.4314,0.4314,
1991-05-01 00:00:00,2,0.7991,0.7543,0.7543,0.7325,0.7325,0.7325,0.711,0.711,0.6899,0.6487,0.6287,0.609,0.609,0.5897,0.5707,0.6691,0.6287,0.609,0.5897,0.5707,0.5707,0.5521,0.5521,0.5521,0.5338,0.5338,0.5338,0.5159,0.5159,0.5159,0.4983
1991-04-01 00:00:00,2,1.0188,0.9929,1.3906,1.0718,0.9929,0.9674,0.9174,0.893,0.8453,0.7991,0.7991,0.7543,0.7325,0.7325,0.7325,0.7325,0.711,0.6691,0.6287,0.6487,0.6287,0.6287,0.5897,0.5707,0.5707,0.609,3.06,1.1823,0.869,0.8453,
1991-03-01 00:00:00,2,0.6287,0.609,0.6899,1.3597,0.9929,1.0451,0.711,0.6487,0.6487,0.6287,0.6287,0.609,0.5897,0.5897,0.5897,0.5707,0.5707,0.5707,0.5707,0.5521,0.5897,2.7759,1.422,3.7847,1.8291,0.9674,0.893,0.7991,1.4858,3.8954,1.1263
1991-02-01 00:00:00,2,1.3906,1.2109,1.0988,1.0718,1.0451,0.9929,0.9174,0.893,0.9674,0.893,0.869,0.8453,0.822,0.7991,1.3597,1.1541,1.0188,0.9674,4.0079,1.2399,0.893,0.6899,0.6899,0.6899,0.6691,0.6487,0.6487,0.6691,,,
1991-01-01 00:00:00,2,0.1947,0.1738,0.1738,0.5897,0.822,0.7991,1.7219,0.5521,0.4983,0.4983,1.3292,7.1099,3.4115,1.4858,6.6481,3.1582,2.1332,1.299,1.1541,0.893,0.7543,1.1263,0.9674,0.9929,0.822,0.893,3.3599,12.8332,3.4115,1.7219,1.5513
1990-12-01 00:00:00,2,0.2392,0.2055,0.1947,0.1841,0.1841,0.1738,0.1637,0.1637,0.3125,0.2165,0.3125,0.5338,0.4,0.3554,0.2998,0.2509,0.2277,0.1947,0.2998,0.2872,0.2055,0.1841,0.7765,0.2392,0.1947,0.609,0.3125,0.2998,0.2165,0.2055,0.1947
1990-11-01 00:00:00,2,0.1637,0.1947,0.1637,0.1637,0.1538,0.1841,0.1841,0.1538,0.1538,0.1442,0.1442,0.1442,0.1442,0.1348,0.1348,0.1348,0.1348,0.1348,0.1947,0.2055,0.1841,0.1637,0.1538,0.3387,0.2998,0.2392,1.1823,0.4476,0.3125,0.2628,
1990-10-01 00:00:00,2,0.2165,0.2165,0.2165,0.2165,0.2277,0.2165,0.2277,0.2165,0.2055,0.1947,0.1738,0.1738,0.1841,0.1841,0.1738,0.1738,0.1738,0.1738,0.1738,0.2392,0.2165,0.2165,0.2055,0.2055,0.1947,0.1841,0.1841,0.1738,0.1637,0.1738,0.1637
1990-09-01 00:00:00,2,0.2628,0.3699,0.2998,0.2628,0.2749,0.2628,0.2628,0.2509,0.2509,0.2509,0.2509,0.2509,0.2392,0.2749,0.3387,0.4983,0.3125,0.2749,0.2392,0.2277,0.2277,0.2277,0.2392,0.2277,0.2392,0.2392,0.2277,0.2277,0.2165,0.2165,
1990-08-01 00:00:00,2,0.2628,0.2509,0.2509,0.2509,0.2509,0.2628,0.2628,0.2509,0.2628,0.2628,0.2628,0.2509,0.2509,0.2509,0.2392,0.2628,0.4983,0.5338,0.3255,0.2872,0.2749,0.2509,0.2392,0.2392,0.2392,0.2392,0.2392,0.3554,0.2872,0.3255,0.2872
1990-07-01 00:00:00,2,0.2628,0.2628,0.2509,0.2509,0.2509,0.3125,0.3255,0.2998,0.2872,0.2872,0.3125,0.2872,0.2872,0.2872,0.2749,0.2749,0.2628,0.2628,0.2509,0.2509,0.2392,0.2392,0.2392,0.2392,0.2392,0.2392,0.2392,0.2509,0.2998,0.2872,0.2749
1990-06-01 00:00:00,2,0.2872,0.2872,0.2872,0.2872,0.2749,0.2749,0.2749,0.2872,0.2872,0.2998,0.2998,0.2998,0.2998,0.2998,0.2998,0.2872,0.2872,0.2872,0.2749,0.2749,0.2749,0.2628,0.2749,0.2749,0.2628,0.2392,0.2509,0.2509,0.2628,0.2509,
1990-05-01 00:00:00,2,0.2749,0.6691,0.6287,0.3387,0.3125,0.3125,0.2998,0.2998,0.2872,0.2872,0.2872,0.3554,0.3699,0.3255,0.3255,0.3255,0.3699,0.3554,0.3255,0.3255,0.3125,0.2998,0.2998,0.2998,0.2749,0.2872,0.2998,0.2998,0.2998,0.2872,0.2872
1990-04-01 00:00:00,2,0.5159,0.481,0.481,0.481,0.4314,0.4983,0.4,0.3848,0.3848,0.3848,1.3906,0.822,0.6287,0.609,0.5707,0.4155,0.3554,0.3554,0.3848,0.3554,0.3387,0.3387,0.3387,0.3125,0.3125,0.3125,0.2998,0.2998,0.2998,0.2872,
1990-03-01 00:00:00,2,0.4155,0.4155,0.3848,0.3848,0.3699,0.3699,0.3699,0.3699,0.3387,0.3387,0.3387,0.3255,0.3255,0.3554,0.3848,0.3699,0.3699,0.4476,1.1541,0.9422,0.8453,0.822,0.7543,0.7325,0.711,0.711,0.6487,0.5897,0.5707,0.5521,0.5159
1990-02-01 00:00:00,2,0.4983,0.4983,0.481,0.481,0.481,0.4642,0.4642,0.4476,0.4314,0.4155,0.9422,0.6691,0.5338,0.7325,1.1541,1.7572,0.609,0.5521,0.4983,0.4476,0.4476,0.4476,2.2134,1.0718,0.8453,0.7325,0.5159,0.4476,,,
1990-01-01 00:00:00,2,12.0789,3.6221,2.3368,1.3292,1.0188,0.822,0.8453,0.7991,0.7765,0.7991,0.7325,0.711,0.711,0.6691,0.6691,0.6487,0.6287,0.609,0.5897,0.5897,0.5707,0.5707,0.5707,0.5521,0.5707,0.5707,0.5338,0.5338,0.5338,0.5159,0.4983
1989-12-01 00:00:00,2,0.2509,0.2509,0.2509,0.2509,0.2392,0.2392,0.2392,0.2392,0.2392,0.2392,0.6691,2.1332,4.18,1.3597,1.0188,0.9174,0.869,0.822,0.7765,3.1582,9.2262,1.9779,1.0988,0.9422,0.9174,0.869,0.8453,0.7991,0.893,0.9674,0.9674
1989-11-01 00:00:00,2,0.2628,0.2509,0.2628,0.3125,0.3125,0.3125,0.2872,0.2749,0.2628,0.2749,0.3255,0.5521,3.1582,0.7543,0.4,0.3387,0.3125,0.3699,0.481,0.3848,0.3387,1.6183,0.481,0.4642,0.4,0.3255,0.3125,0.2872,0.2749,0.2509,
1989-10-01 00:00:00,2,0.2749,0.2749,0.2628,0.2509,0.2509,0.2509,0.2509,0.2628,0.2509,0.2509,0.2509,0.5338,0.2872,0.2872,0.2749,0.4155,0.3699,0.2998,0.2998,0.2872,0.2749,0.2998,0.3125,0.3125,0.2749,0.2749,0.2749,0.4476,0.3387,0.2872,0.2749
1989-09-01 00:00:00,2,0.3125,0.3125,0.2998,0.2872,0.2749,0.2749,0.2749,0.2628,0.2628,0.2628,0.2509,0.2509,0.2509,0.2392,0.2392,0.2392,0.2392,0.2392,0.2392,0.2392,0.2392,0.2277,0.2277,0.2277,0.2277,0.2392,0.3848,0.2749,0.5897,0.3125,
1989-08-01 00:00:00,2,0.3387,0.3255,0.3255,0.3255,0.3125,0.3125,0.3125,0.3125,0.2998,0.2998,0.2998,0.2998,0.2998,0.2998,0.2872,0.2998,0.2872,0.2872,0.2872,0.2872,0.2749,0.2749,0.2749,0.2749,0.2749,0.2749,0.2749,0.6287,0.3699,0.3255,0.3125
1989-07-01 00:00:00,2,0.3255,0.3125,0.3125,0.3125,0.3125,0.3125,0.4642,0.4,0.3387,0.3255,0.3255,0.3255,0.3125,0.3125,0.3125,0.3125,0.3125,0.3125,0.3125,0.3125,0.2998,0.2998,0.2998,0.2998,0.2998,0.2872,0.2872,0.3125,0.4,0.3387,0.4155
1989-06-01 00:00:00,2,0.3255,0.3255,0.3255,0.3255,0.3255,0.3125,0.3125,0.3125,0.3255,1.5183,0.7543,0.5897,0.4314,0.3848,0.3848,0.3554,0.3554,0.3554,0.3554,0.3554,0.3554,0.3387,0.3387,0.3387,0.3699,0.3554,0.3387,0.3387,0.3387,0.3255,
1989-05-01 00:00:00,2,0.3699,0.4314,0.4155,0.4155,0.4,0.3848,0.3848,0.3848,0.3699,0.3699,0.3554,0.3554,0.3554,0.3554,0.3554,0.3554,0.3554,0.3554,0.3554,0.3554,0.3554,0.3554,0.3554,0.3387,0.3554,0.3387,0.3387,0.3554,0.3387,0.3255,0.3255
1989-04-01 00:00:00,2,0.5521,0.5338,0.5338,0.5159,0.5159,0.4983,0.4983,0.481,0.481,0.4642,0.4642,0.4642,0.4642,0.481,0.481,0.481,0.4642,0.4476,0.4476,0.5159,0.481,0.481,0.4642,0.4314,0.4155,0.4155,0.4,0.3848,0.3848,0.3699,
1989-03-01 00:00:00,2,0.5338,0.5707,0.5521,0.5338,0.869,2.7759,9.9698,1.422,1.5846,0.9674,0.7991,0.8453,0.9422,1.6183,1.3292,0.9674,0.822,0.7543,0.711,0.711,0.6899,0.6899,0.6899,0.6487,0.6487,0.6287,0.609,0.5897,0.5897,0.5707,0.5521
1989-02-01 00:00:00,2,0.2872,0.3125,0.4983,0.3554,1.422,0.9674,2.2953,0.711,2.5073,0.7765,1.5513,0.6899,3.4115,0.9174,1.3597,0.7543,0.6899,1.2692,0.7325,0.5897,0.5521,0.5338,1.2692,0.6691,0.5707,0.5338,0.8453,0.6487,,,
1989-01-01 00:00:00,2,0.4642,0.4476,0.481,0.481,0.5338,0.5707,0.822,0.609,0.5338,0.4476,0.4155,0.3848,0.3699,0.4983,0.609,0.4314,0.4,0.4155,0.4,0.3699,0.3554,0.3387,0.3387,0.3255,0.3255,0.3125,0.3125,0.3125,0.2998,0.2998,0.2872
1988-12-01 00:00:00,2,0.3699,0.4155,0.481,0.5521,0.4,0.3848,0.3699,0.3387,0.3387,0.7991,0.5521,0.4983,0.7543,0.7765,0.8453,0.893,0.4983,0.4983,0.4476,0.4476,1.9027,0.9174,0.9422,0.6287,0.9174,0.711,0.5521,0.4983,0.4642,0.4314,0.4
1988-11-01 00:00:00,2,0.7765,0.481,0.4314,1.0451,0.6487,0.5521,0.481,0.4314,0.4,0.3848,0.3699,0.3554,0.3387,0.3554,0.6691,0.4314,0.4,0.3848,0.3699,0.3699,0.3848,0.4314,0.5338,0.481,0.4155,0.3699,0.4,0.4,0.3699,0.3554,
1988-10-01 00:00:00,2,0.4642,0.4155,0.3848,0.3699,0.5707,0.481,0.4,0.4476,0.4155,0.3699,0.3699,0.4,0.5707,0.4314,0.3699,0.3554,0.3848,0.3699,0.481,0.5159,0.4476,0.4,0.711,0.4983,0.4,0.3699,0.4476,0.5707,0.4476,0.4155,0.4155
1988-09-01 00:00:00,2,0.3387,0.3387,0.3387,0.3387,0.3387,0.3255,0.3255,0.3255,0.3387,0.3255,0.3255,0.3255,0.3255,0.3125,0.3125,0.3125,0.3125,0.3125,0.3125,0.3125,0.3125,0.2998,0.2998,0.2998,0.3125,0.3125,0.3125,0.3125,0.3125,0.9929,
1988-08-01 00:00:00,2,0.4,0.4155,0.4155,0.4155,0.4155,0.4155,0.4,0.4,0.4,0.4,0.4,0.4,0.4,0.4,0.3848,0.3848,0.3699,0.3699,0.3699,0.3699,0.3699,0.3699,0.3699,0.3554,0.3554,0.3554,0.3554,0.3554,0.3387,0.3387,0.3387
1988-07-01 00:00:00,2,0.481,0.4642,0.481,0.481,0.4642,0.4642,0.4642,0.4476,0.4642,0.481,0.4476,0.4476,0.4476,0.4314,0.4314,0.4314,0.4314,0.4314,0.4314,0.4314,0.4314,0.4155,0.4155,0.4155,0.4155,0.4,0.4155,0.4155,0.4155,0.4155,0.4155
1988-06-01 00:00:00,2,0.609,0.5707,0.5707,0.609,0.6287,0.5897,0.5707,0.5521,0.5338,0.5338,0.5338,0.5159,0.5159,0.4983,0.5159,0.4983,0.4983,0.481,0.4983,0.481,0.481,0.481,0.481,0.481,0.481,0.481,0.481,0.481,0.481,0.481,
1988-05-01 00:00:00,2,0.6487,0.6287,0.6287,0.609,0.6287,0.6287,0.6287,0.609,0.609,0.609,0.609,0.609,0.609,0.609,0.609,0.5897,0.5897,0.7991,0.6287,0.5897,0.5707,0.5897,0.5707,0.5707,0.5897,0.6691,0.6287,0.5897,0.5897,0.5707,0.6487
1988-04-01 00:00:00,2,0.893,1.0451,0.9422,1.4858,1.0188,0.9174,0.893,0.8453,0.822,0.822,0.822,0.7991,0.7991,0.9929,0.822,0.822,0.9174,0.8453,0.7991,0.7765,0.7325,0.7325,0.711,0.711,0.6691,0.6691,0.6487,0.6487,0.6691,0.6487,
1988-03-01 00:00:00,2,1.299,1.2692,2.2953,1.7219,2.5951,1.687,1.4537,1.3906,1.299,1.2692,1.2692,1.2399,1.2109,1.2109,1.1823,1.1541,2.6846,1.299,1.2399,1.1823,1.0988,1.0188,0.9929,0.9422,0.9674,0.9422,0.9422,0.9422,0.9174,0.9422,0.9174
1988-02-01 00:00:00,2,1.2399,1.3292,1.3292,2.2541,2.6397,2.3368,1.5846,1.4858,1.9027,1.8291,3.208,2.1731,1.6183,2.0938,2.2134,1.7219,1.6524,3.7847,1.8657,1.687,1.6183,1.6524,1.5846,1.8291,1.5183,1.5183,1.4537,1.3906,1.3292,,
1988-01-01 00:00:00,2,2.6397,1.1541,1.0451,1.1263,1.4537,1.2109,1.4537,1.8657,1.3906,7.0317,3.1089,2.5951,1.8657,1.5846,1.422,1.3292,1.299,1.2692,1.2692,1.2692,1.2109,1.1823,1.1823,1.1541,1.1263,1.1263,1.0988,1.0718,1.0718,1.0718,3.1089
1987-12-01 00:00:00,2,0.3699,0.3554,0.4,0.869,0.711,0.5897,0.6899,5.7071,2.916,1.793,4.91,2.0938,1.9027,1.793,1.1823,0.9674,0.869,6.8001,15.012,3.3088,2.1731,2.0547,1.6524,1.3906,1.3292,1.2692,1.2109,1.1541,1.0451,1.0451,1.0188
1987-11-01 00:00:00,2,0.3554,0.3255,0.2998,0.2872,0.2872,0.2749,0.4476,0.3125,0.2998,0.3699,0.2998,0.2872,0.2872,0.2872,0.3554,1.2109,0.8453,0.4155,0.3387,0.4155,0.3255,0.2998,0.3387,0.3387,0.3387,0.3554,0.869,0.6287,0.5338,0.4,
1987-10-01 00:00:00,2,0.3387,0.3387,0.3387,0.3387,0.3255,0.3387,0.3255,0.3125,0.3125,0.3125,0.2998,0.2998,0.2872,0.2998,0.2998,0.2872,0.2749,0.2628,0.2872,0.2749,0.3125,0.3554,0.3255,0.3255,0.3125,0.4155,0.3125,0.7325,0.7325,0.4,0.4155
1987-09-01 00:00:00,2,0.3699,0.3699,0.3554,0.3699,0.3554,0.3699,0.3699,0.4,0.4314,0.4,0.3848,0.3699,0.3699,0.3699,0.3387,0.3255,0.3387,0.7543,0.5897,0.4314,0.4,0.4,0.3848,0.5897,0.4983,0.4,0.3848,0.3699,0.3554,0.3554,
1987-08-01 00:00:00,2,0.4642,0.4642,0.4642,0.4476,0.4476,0.4476,0.4983,0.481,0.4476,0.4476,0.4476,0.4476,0.4476,0.4,0.3848,0.3848,0.3848,0.3848,0.3848,0.4314,0.4,0.3848,0.3848,0.3848,0.3848,0.3848,0.3699,0.3699,0.3554,0.3699,0.3699
1987-07-01 00:00:00,2,0.5521,0.5521,0.5521,0.5521,0.5521,0.5338,0.5159,0.5338,0.5159,0.5521,0.5159,0.4983,0.5159,0.4983,0.4983,0.4983,0.5159,0.4983,0.5159,0.4983,0.481,0.5159,0.481,0.481,0.481,0.481,0.4642,0.4642,0.4476,0.4642,0.4642
1987-06-01 00:00:00,2,0.6487,0.6487,0.6287,0.6287,0.6287,0.6287,0.6487,1.1823,0.7765,0.6487,0.6487,0.6287,0.609,0.609,0.6287,0.609,0.609,0.6287,0.6287,0.5897,0.5897,0.5707,0.5897,0.6487,0.609,0.5897,0.5707,0.5707,0.5707,0.5521,
1987-05-01 00:00:00,2,0.6487,0.609,0.609,0.5897,0.5707,0.5707,0.5707,0.5521,0.5338,0.5338,0.5707,0.5897,0.5521,0.5338,0.5338,0.5707,0.5707,0.6691,0.6287,0.609,0.5897,0.5897,0.5897,0.5707,0.5707,0.5521,0.5159,0.6487,0.711,0.6899,0.6691
1987-04-01 00:00:00,2,0.711,0.711,0.822,1.1263,1.0988,1.2692,1.1541,1.0451,0.869,0.869,1.3292,0.869,0.7765,0.7325,0.711,0.711,0.711,0.711,0.711,0.6899,0.6487,0.6287,0.6287,0.6691,0.6899,0.6487,0.5897,0.609,0.5897,0.6287,
1987-03-01 00:00:00,2,0.9422,0.869,0.7991,0.7991,0.7991,0.893,0.822,1.1541,3.5687,6.498,3.1089,1.8657,2.4212,1.687,1.687,2.9636,1.4858,1.0451,0.9674,0.9929,1.1823,0.9929,0.9174,0.9174,0.869,0.7991,0.7991,0.869,0.869,0.6691,0.6287
1987-02-01 00:00:00,2,1.0188,0.9929,0.893,0.7991,0.7991,0.7765,0.7765,0.7991,0.9174,1.1823,1.1823,1.0188,0.9929,1.0188,1.0451,1.0451,4.18,2.8689,1.0451,1.0451,0.9929,0.9929,0.9674,0.9422,0.9422,0.9422,0.9422,0.9422,,,
1987-01-01 00:00:00,2,1.3292,1.0451,1.7219,2.4641,1.6524,1.422,1.2692,1.2109,1.1541,1.3906,1.2399,1.0988,1.1541,1.2399,1.1541,1.0188,1.2109,1.793,1.4858,3.6221,2.9636,2.8689,1.1541,1.0188,1.0451,0.9929,1.0188,1.0451,1.0188,1.0451,1.0451
1986-12-01 00:00:00,2,2.0161,3.3599,1.1823,0.5338,0.481,0.5897,0.5897,0.5897,1.0451,1.0188,1.0451,5.7766,7.6711,1.6524,2.0161,3.6221,5.7766,0.7991,0.893,1.3292,1.6524,1.1823,1.0451,5.7766,18.4454,9.409,7.6711,10.8457,5.1029,4.3563,9.409
1986-11-01 00:00:00,2,0.2628,0.2749,0.2509,0.7765,1.0451,0.5707,0.3125,0.3255,0.3255,0.2872,0.2628,0.4155,0.4476,0.3554,0.2998,0.2749,0.2998,0.3255,0.3255,0.3255,0.3125,0.2872,0.2749,0.2749,0.2998,0.2998,0.2749,1.0451,1.0451,0.9174,
1986-10-01 00:00:00,2,0.3387,0.3387,0.3387,0.3387,0.3387,0.3387,0.3387,0.3387,0.3387,0.3387,0.3387,0.3387,0.3387,0.3255,0.3125,0.3125,0.3125,0.3125,0.3125,0.3125,0.2998,0.2998,0.2998,0.2998,0.2998,0.2998,0.2872,0.2872,0.2749,0.2749,0.2749
1986-09-01 00:00:00,2,0.4155,0.4155,0.4155,0.4155,0.4155,0.4155,0.4155,0.4,0.3848,0.3848,0.4,0.3848,0.3848,0.3848,0.3848,0.3255,0.3255,0.3255,0.2998,0.2998,0.2998,0.2998,0.2998,0.2998,0.2998,0.2998,0.3699,0.3387,0.3554,0.3554,
1986-08-01 00:00:00,2,0.4155,0.4155,0.4155,0.4155,0.4155,0.4155,0.4155,0.4155,0.4155,0.4155,0.4155,0.4155,0.4155,0.4155,0.4155,0.4155,0.4155,0.4155,0.4155,0.4155,0.4155,0.4155,0.4155,0.4155,0.4155,0.4155,0.4155,0.4155,0.4155,0.4155,0.4155
1986-07-01 00:00:00,2,0.4476,0.4314,0.4155,0.4155,0.4155,0.4155,0.4155,0.4155,0.4155,0.3848,0.4,0.4155,0.4155,0.4155,0.4155,0.4155,0.4155,0.4155,0.4155,0.4155,0.4155,0.4,0.4155,0.7991,1.0188,0.9929,0.4155,0.4155,0.4155,0.4155,0.4155
1986-06-01 00:00:00,2,0.5897,0.5707,0.5159,0.5159,0.5159,0.5159,0.5159,0.5159,0.4983,0.481,0.481,0.481,0.481,0.481,0.481,0.4476,0.4476,0.4476,0.4476,0.4476,0.4476,0.4476,0.4476,0.4476,0.4476,0.4476,0.4476,0.4476,0.4476,0.4476,
1986-05-01 00:00:00,2,0.5897,0.5897,0.5897,0.5897,0.5897,0.5897,0.5897,0.5897,0.5707,0.5521,0.5521,0.5521,1.0188,1.0188,0.5521,0.5521,0.5521,0.5521,0.5159,0.5521,0.6899,0.5521,0.5159,0.5159,0.5159,0.5159,0.5159,0.5159,0.5159,0.5521,0.5897
1986-04-01 00:00:00,2,0.711,0.711,0.6691,0.6287,0.6287,0.6287,0.6487,0.6691,0.6691,0.6691,0.6287,0.6287,0.6287,0.6287,0.6287,0.609,0.609,0.609,0.5897,0.5897,0.5897,0.5897,0.5897,0.5897,0.5897,0.5897,0.5897,0.5897,0.5897,0.5897,
1986-03-01 00:00:00,2,0.711,1.1263,1.0188,1.1263,1.0188,0.9929,0.9422,0.822,0.7991,0.7991,0.7991,0.7543,0.7991,0.7765,0.7543,0.711,0.7325,3.8954,0.7991,0.7543,0.711,0.711,0.711,0.6691,0.711,0.711,0.711,0.7543,0.7325,0.7543,0.7325
1986-02-01 00:00:00,2,1.0188,0.9929,1.0988,1.3292,1.8291,2.8689,2.4212,0.9929,0.9929,0.9174,0.8453,0.7991,1.0188,1.1823,1.3292,1.1823,1.0451,1.1823,2.2134,1.1823,1.1263,1.0451,1.0451,0.9929,0.9929,0.893,0.7543,0.7543,,,
1986-01-01 00:00:00,2,2.0161,1.4858,1.1263,2.8689,2.8689,1.8291,1.0451,2.0938,3.1582,2.3788,2.1731,1.0451,1.4537,4.18,3.6221,1.9779,1.793,1.5846,1.4537,1.3597,1.3292,1.2692,1.1823,1.1541,1.1263,1.1541,1.1823,1.5183,1.1541,1.0988,1.0451
1985-12-01 00:00:00,2,0.9929,0.6691,0.7991,0.7991,1.5183,1.2109,0.6691,0.5897,0.5338,0.4983,0.481,0.4642,0.4642,0.4476,0.4642,0.5159,0.481,0.4642,0.4476,0.5521,0.9422,1.5846,1.2692,1.8291,2.8689,1.0188,2.4212,5.4338,5.7766,2.7759,1.8291
1985-11-01 00:00:00,2,0.6287,0.6287,0.5897,1.0451,0.9174,0.6487,0.5897,0.5521,0.5521,0.5521,0.5521,0.5338,0.4155,0.4155,0.4155,0.4155,0.4155,0.4155,0.4155,0.4642,0.481,0.5897,0.5897,0.5897,0.869,1.0451,1.0451,1.0451,1.0451,1.0451,
1985-10-01 00:00:00,2,0.5521,0.5521,0.5521,0.5521,0.5707,0.5897,0.5897,0.5897,0.5897,0.5897,0.5521,0.5521,0.5521,0.5521,0.5707,0.5897,0.6287,0.609,0.5897,0.5897,0.5897,0.5897,0.5897,0.5521,0.5521,0.5521,0.5521,0.5521,0.5521,0.5521,0.5897
1985-09-01 00:00:00,2,0.5897,0.5897,0.5897,0.5897,0.6487,0.869,0.6899,0.6691,0.6287,0.6287,0.6287,0.6287,0.6287,0.6287,0.6287,0.6287,0.5521,0.5521,0.5521,0.5521,0.5521,0.5707,0.5897,0.6899,0.6287,0.6287,0.6287,0.711,0.711,0.5521,
1985-08-01 00:00:00,2,0.6287,0.6287,0.6287,0.6287,0.609,0.5897,0.5897,0.5897,0.5897,0.5897,0.5897,0.5897,0.5897,0.5897,0.5897,0.5897,0.5897,0.5897,0.5897,0.5897,0.5897,0.5521,0.5707,0.5521,0.5338,0.5521,0.5521,0.5521,0.5521,0.5521,0.5897
1985-07-01 00:00:00,2,0.6899,0.6899,0.6899,0.6899,0.6899,0.6899,0.6899,0.6691,0.711,0.711,0.711,0.6899,0.6899,0.6899,0.6899,0.6899,0.6899,0.6287,0.6691,0.6899,0.6899,0.6899,0.6899,0.6899,0.6691,0.6287,0.6287,0.6287,0.6287,0.6287,0.6287
1985-06-01 00:00:00,2,0.9929,0.9929,0.893,0.9174,0.869,0.8453,0.8453,0.822,0.7991,0.7991,0.7991,0.7991,0.7991,0.7991,0.7991,0.7991,0.7543,0.7543,0.7543,0.7543,0.7543,0.7325,0.6899,0.6899,0.6899,0.6899,0.6899,0.6899,0.6899,0.6899,
1985-05-01 00:00:00,2,1.2399,1.299,1.2399,1.2399,1.2399,1.2399,1.2109,1.1823,1.1263,1.0451,1.0451,1.0451,1.0451,1.0451,1.2399,1.0451,1.0451,1.0451,1.0451,1.0451,1.0451,1.0451,1.0451,1.0451,1.0188,0.9929,0.9929,0.9929,0.9929,0.9929,0.9929
1985-04-01 00:00:00,2,1.6524,1.6524,1.4858,1.4858,1.3292,1.5513,1.4537,1.3906,1.422,1.422,1.3292,1.3292,1.1823,1.0451,1.1541,1.3292,1.3292,1.3292,1.3292,1.3292,1.2399,1.2399,1.2399,1.2399,1.2399,1.2399,1.2399,1.2399,1.2399,1.2399,
1985-03-01 00:00:00,2,2.4212,1.4537,1.0451,1.793,1.4537,1.5846,2.0161,1.6183,2.0161,1.4537,1.4537,1.6524,1.1541,1.793,4.4761,2.4212,2.8689,3.208,2.6397,2.0161,1.8291,1.7572,1.4537,1.6524,1.4537,1.5846,2.0161,2.0161,1.6524,1.6524,1.6524
1985-02-01 00:00:00,2,3.5687,2.9636,2.8222,2.5073,2.2953,2.2541,2.2541,2.3368,2.4212,2.2541,2.1731,1.9401,1.8291,1.7572,1.7219,1.6524,1.6183,1.4858,1.4537,1.4537,1.4537,1.2109,1.422,2.8689,3.8954,1.4858,1.1823,1.0451,,,
1985-01-01 00:00:00,2,1.0451,1.0451,0.893,0.7543,0.7543,0.7991,0.893,4.7212,4.4761,1.0451,0.9174,0.6899,0.6899,1.0451,1.7572,1.0451,2.8689,3.6221,1.3292,2.4212,7.2678,4.18,1.8291,2.6397,5.7766,11.8681,30.1418,7.5895,4.6592,4.7212,3.73
1984-12-01 00:00:00,2,0.7991,0.7991,0.7991,0.7991,0.7765,0.7765,0.893,2.4641,4.4761,1.8291,0.5897,0.5897,0.6899,0.9174,1.8291,5.7766,2.2134,0.9174,0.6899,0.6899,0.7991,0.9174,0.9929,0.893,0.5897,0.5897,0.5897,0.7991,1.6524,1.3292,1.0451
1984-11-01 00:00:00,2,0.4476,0.4155,0.4,0.3848,0.3848,0.3387,0.3554,0.3848,0.3848,0.3848,0.3848,0.4,0.3848,0.3848,0.3848,0.3848,0.3848,0.4,0.7543,1.299,2.2953,2.4212,3.8954,1.6524,1.1823,1.1823,1.6524,1.1541,0.7325,0.7543,
1984-10-01 00:00:00,2,0.4476,0.4155,0.4155,0.4155,0.4476,0.4476,0.4476,0.4476,0.4476,0.4476,0.4476,0.5897,0.481,0.481,0.481,0.6487,0.6691,0.4155,0.7991,1.2109,0.6287,0.5521,0.4155,0.4476,0.4983,0.481,0.481,0.481,0.481,0.481,0.4642
1984-09-01 00:00:00,2,0.5897,0.481,0.4983,0.481,0.4476,1.0188,1.422,1.5846,1.0451,0.7325,0.481,0.4476,0.4155,0.3848,0.3848,0.4155,0.4642,0.4476,0.4476,0.4983,0.5338,0.481,0.5338,0.481,0.481,0.481,1.2399,0.7325,0.481,0.481,
1984-08-01 00:00:00,2,0.5338,0.4476,0.4314,0.4155,0.4155,0.4155,0.4155,0.4314,0.4155,0.4314,0.3848,0.4155,0.4155,0.3848,0.4,0.5897,0.5521,0.5159,0.5159,0.481,0.4476,0.4642,0.869,0.7765,0.9422,0.5707,0.5521,0.5521,0.5707,0.5707,0.609
1984-07-01 00:00:00,2,0.5159,0.5159,0.5338,0.5521,0.5159,0.4983,0.4983,0.481,0.481,0.481,0.4983,0.5159,0.481,0.481,0.5159,0.481,0.4642,0.5338,0.481,0.4476,0.4476,0.4476,0.4476,0.4476,0.4476,0.4476,0.4476,0.4476,0.5159,0.5521,0.5521
1984-06-01 00:00:00,2,0.5521,0.5159,0.5338,0.5521,0.5521,0.5521,0.5521,0.5159,0.5159,0.5159,0.5521,0.5521,0.5338,0.5159,0.5521,0.5159,0.5159,0.5159,0.5159,0.481,0.481,0.481,0.5159,0.5159,0.4983,0.481,0.481,0.481,0.5159,0.5159,
1984-05-01 00:00:00,2,0.6691,0.7543,0.711,0.6691,0.6691,0.711,0.6487,0.609,0.5897,0.5897,0.5897,0.5707,0.5521,0.5521,0.5897,0.609,0.609,0.6691,0.6287,0.6287,0.5897,0.5521,0.5707,0.5521,0.5707,0.5338,0.5897,0.5521,0.5521,0.5338,0.5338
1984-04-01 00:00:00,2,0.822,0.7765,0.7543,4.3563,1.7219,1.0451,1.0188,0.9929,0.893,0.822,0.7765,0.7765,0.7543,0.7325,0.711,0.6899,0.711,0.7325,0.7325,0.7543,0.6899,0.6691,0.6691,0.6691,0.6691,0.6487,0.6691,0.6691,0.6691,0.6691,
1984-03-01 00:00:00,2,0.894,0.7909,0.7584,0.7584,1.4858,1.3292,0.9674,0.7991,0.6691,1.1263,1.0451,1.1263,1.3292,1.1541,0.893,0.7765,0.711,0.7543,0.711,0.6899,0.711,1.5183,0.822,0.7543,0.7325,0.711,0.6691,0.6899,0.6287,0.7325,1.7572
1984-02-01 00:00:00,2,1.2679,1.1683,1.2172,1.1683,1.1683,1.1683,1.1261,1.1261,1.1683,1.1683,1.1261,1.1261,1.1261,1.0849,1.0447,1.0447,1.0849,1.2679,1.0447,1.0447,1.0447,1.0447,0.9302,0.894,0.894,0.894,1.0447,0.894,0.894,,
1984-01-01 00:00:00,2,1.7569,1.6322,1.5426,1.6938,1.6628,1.8878,2.2431,2.025,1.8215,1.9901,1.8215,1.6938,1.6322,1.5135,1.5135,1.4564,1.4284,1.4008,1.4008,1.6019,1.5721,1.4564,2.0961,1.8545,1.5721,2.025,1.7569,1.6019,1.5135,1.4284,1.4008
1983-12-01 00:00:00,2,2.0603,2.5575,1.8878,1.5135,4.2886,3.7948,5.0718,4.4156,6.1199,3.4981,5.7622,4.1007,4.4156,2.2431,2.3578,1.8545,1.4008,1.789,1.6322,1.9215,2.8784,8.8474,3.2107,6.8598,5.7622,2.9328,2.025,1.8545,1.8215,1.7569,1.6628
1983-11-01 00:00:00,2,0.6663,0.7909,1.4284,0.7268,0.7268,0.7268,0.6373,0.5819,1.32,0.7268,0.7584,1.7569,1.4564,2.1687,1.4564,3.4398,1.4284,1.2937,0.9674,4.4156,2.0603,1.3465,1.8545,1.6938,1.4008,1.2679,3.7948,4.4156,1.1683,1.0056,
1983-10-01 00:00:00,2,0.5298,0.5298,0.5555,0.5555,0.5298,0.5819,0.5555,0.5298,0.5298,0.5555,0.7584,0.6663,0.7584,0.8243,1.8215,1.0447,0.894,0.7268,1.6019,1.0447,0.7584,1.2172,1.5135,0.8243,0.6961,0.5298,0.6373,0.6373,0.9302,0.894,1.0447
1983-09-01 00:00:00,2,0.7268,0.7268,0.6961,0.6961,1.4564,0.9302,0.7268,0.9302,0.8587,0.7909,0.7268,0.7584,0.7268,0.7909,0.7584,0.8587,0.7909,0.7268,0.6961,0.6961,0.6961,0.6663,0.6373,1.32,1.5426,0.894,0.6092,0.6373,0.6092,0.5555,
1983-08-01 00:00:00,2,0.8243,0.8243,0.8243,0.8587,0.8587,0.8243,0.8243,0.8243,0.8243,0.8243,0.8243,0.8243,0.8243,0.8243,0.8587,0.8587,0.8243,0.8243,0.8243,0.8243,0.7909,0.7909,0.7909,0.7909,0.7909,0.7584,0.7584,0.7584,0.7584,0.7268,0.7268
1983-07-01 00:00:00,2,1.1683,1.1261,1.1261,1.0849,1.0849,1.0849,1.0849,1.0849,1.0849,1.1261,1.0849,1.0849,1.0849,1.0849,1.0849,1.0849,1.0447,1.0849,1.1261,1.0849,1.2679,1.32,1.2423,1.5135,0.9302,0.894,0.8587,0.8587,0.8243,0.8243,0.7584
1983-06-01 00:00:00,2,1.8215,1.4564,1.4284,1.4848,1.4284,1.4008,1.4848,1.3465,1.3465,1.3465,1.3465,1.32,1.32,1.2679,1.2423,1.2423,1.2423,1.1683,1.2172,1.1683,1.2679,1.2172,1.2172,1.1683,1.1683,1.1683,1.1683,1.1261,1.1683,1.1683,
1983-05-01 00:00:00,2,1.6322,1.6322,1.6322,1.6322,1.6019,1.5721,1.5721,1.5721,1.5426,1.5426,1.5135,1.5135,1.5426,1.4848,1.4848,1.4848,1.4848,1.4564,1.4564,1.4564,1.4564,1.4564,1.4564,1.4564,1.4564,1.4564,1.4564,1.4564,3.2107,1.8215,3.7948
1983-04-01 00:00:00,2,1.6938,1.8215,1.7251,1.7569,1.6322,7.2418,5.4128,2.2431,1.7251,1.8878,9.3527,3.382,2.9328,2.2431,2.1687,2.025,2.1687,2.025,2.025,1.9556,1.8878,1.9556,1.9556,1.8215,3.7948,1.9901,1.9215,1.8215,1.7569,1.6938,
1983-03-01 00:00:00,2,1.6938,10.9323,2.0603,3.4981,3.6156,4.6088,2.3578,1.9901,2.1687,2.1687,2.2431,1.9901,1.9215,1.8878,1.9556,1.8545,1.789,1.7569,1.8215,3.2107,1.9901,4.2256,2.8243,2.2431,1.8878,1.8215,1.8215,1.6938,1.789,1.8878,1.8215
1983-02-01 00:00:00,2,1.8545,2.1687,4.1007,2.1687,1.8878,1.7251,1.6019,1.6628,1.6938,12.8921,5.6214,3.0428,8.2714,2.6646,2.3578,1.9901,1.9556,1.8878,1.8215,1.8878,1.8545,1.9215,1.789,1.8215,1.8545,1.9215,1.8215,2.0603,,,
1983-01-01 00:00:00,2,1.6938,1.4848,4.9378,1.6019,1.32,2.3578,1.6019,1.4008,1.1683,1.2172,1.0849,1.1683,1.7569,1.9901,4.0388,1.8215,1.8215,1.3465,20.278,12.2251,12.8921,3.9773,2.9328,2.2431,5.6916,3.5567,4.4797,2.7707,2.2431,1.8878,2.6122
1982-12-01 00:00:00,2,0.2979,0.3155,0.3337,0.5555,0.3924,0.3721,0.3924,0.3525,0.3721,0.3525,0.3525,0.3337,0.3337,0.3337,0.4352,1.9901,0.6373,0.6961,0.7909,1.4848,0.7268,1.6019,0.5819,1.9901,1.0447,7.2418,1.32,0.9674,1.8215,2.2431,1.5721
1982-11-01 00:00:00,2,0.5819,0.481,0.4352,0.4352,0.4352,0.3721,0.3721,0.3721,0.8587,0.5298,0.4134,0.4577,0.3924,0.3525,1.2423,0.5298,0.4577,0.6092,0.5555,0.4577,0.4352,0.3525,0.3525,0.3525,0.3525,0.3525,0.3337,0.3155,0.3155,0.2979,
1982-10-01 00:00:00,2,0.505,0.6092,0.8243,0.6961,0.5298,0.6961,0.6092,0.6092,0.8587,1.1683,0.7909,1.0447,1.4284,1.0447,0.5819,0.5555,0.505,0.481,0.505,0.481,0.505,0.5298,0.5819,0.481,0.505,0.505,0.4577,0.8587,0.8587,0.5819,0.6092
1982-09-01 00:00:00,2,0.5555,0.5555,0.5555,0.5298,0.5298,0.5298,0.5298,0.505,0.505,0.505,0.481,0.481,0.481,0.481,0.481,0.505,0.505,0.505,0.505,0.505,0.505,0.4577,0.4577,0.4577,0.4577,0.4577,0.4577,0.6373,0.5819,0.4577,
1982-08-01 00:00:00,2,0.7268,0.7268,0.7268,0.7268,0.6961,0.6961,0.6961,0.6961,0.6663,0.6663,0.6961,0.6663,0.6961,0.6961,0.6663,0.6663,0.6663,0.6373,0.6373,0.6373,0.6092,0.6092,0.6092,0.7584,0.7584,0.5819,0.6092,0.6092,0.5819,0.6092,0.5819
1982-07-01 00:00:00,2,0.894,0.894,0.8243,0.7909,0.7584,0.7584,0.7268,0.7584,0.6961,0.6961,0.7268,0.7268,0.7909,0.7584,0.7268,0.6961,0.6961,0.6961,0.6961,0.6663,0.6663,0.6961,0.6961,0.6663,0.6373,0.6663,0.6663,0.6961,0.6961,0.7268,0.7268
1982-06-01 00:00:00,2,1.0447,1.0056,0.9674,1.0056,1.0056,0.9674,0.9674,1.0056,0.9674,1.0056,0.9302,0.9674,0.9302,0.9302,0.9674,1.0056,1.1261,1.0849,1.0056,0.9674,1.0056,0.9302,0.894,0.8243,0.8243,0.7909,0.7909,0.8243,0.8587,0.8243,
1982-05-01 00:00:00,2,1.1261,1.1683,1.1683,1.1261,1.1261,1.1261,1.1261,1.1261,1.0849,1.0849,1.1261,1.0849,1.1261,1.0849,1.0447,1.0447,1.0447,1.0849,1.1261,1.0447,1.0447,1.0447,1.0447,1.0849,2.0603,1.1683,1.1261,1.1261,1.0849,1.0849,1.0447
1982-04-01 00:00:00,2,1.6019,1.4848,1.4008,1.3735,1.3465,1.32,1.3465,1.32,1.2937,1.2679,1.3735,1.32,1.4284,1.4564,2.4364,1.6322,1.4564,1.4284,1.3735,1.32,1.2937,1.2679,1.2423,1.2172,1.2172,1.1683,1.2172,1.1683,1.1683,1.1683,
1982-03-01 00:00:00,2,1.4848,1.6019,2.1687,1.5426,1.3465,1.3465,2.1687,2.2809,4.163,2.3578,2.4763,1.8878,3.382,2.4364,1.9215,1.6938,1.7569,1.6322,1.7569,1.6019,1.5426,1.5135,1.5426,1.7569,3.0983,1.6938,1.7251,1.6628,1.6938,1.4848,1.4564
1982-02-01 00:00:00,2,1.6628,1.5721,1.4848,1.4848,2.0961,1.6628,1.4564,1.4284,1.4008,1.3465,1.2937,1.2679,1.2679,1.2679,1.2423,1.1683,1.1683,1.1683,1.1261,1.1261,1.1261,1.1261,1.0849,1.0447,1.1261,1.2172,1.2423,2.9328,,,
1982-01-01 00:00:00,2,1.8878,1.5426,3.7948,5.7622,1.7251,2.0961,3.0983,1.6019,1.5426,1.4848,1.5135,1.5426,1.4564,1.4284,1.5426,1.5721,1.4564,1.4284,1.3735,1.32,1.32,2.4763,2.1687,1.9215,2.4364,2.2809,4.7393,2.6122,2.1687,1.7251,1.7251
1981-12-01 00:00:00,2,1.5426,2.2809,2.3578,1.3465,1.2172,1.3735,1.4008,1.9901,1.5135,1.8878,2.4364,6.0477,1.6322,1.6322,1.6322,5.0718,1.8545,1.7569,1.6322,1.5721,1.4008,1.0849,1.2679,1.8878,1.2679,1.8878,1.8878,2.1687,1.5135,1.4008,1.2679
1981-11-01 00:00:00,2,0.398,0.335,0.2836,0.5115,0.398,0.434,0.398,1.7172,0.6187,1.105,2.5601,1.7172,3.2107,6.1924,1.5135,1.2679,1.1683,2.8784,1.2937,1.4008,3.3245,1.9215,1.5721,2.3191,1.4848,2.3191,3.675,1.3735,1.4848,2.9876,
1981-10-01 00:00:00,2,0.2599,0.2599,0.3216,0.2959,0.335,0.2959,0.2959,0.2836,0.2836,0.2716,0.2836,0.3216,0.434,0.4718,0.335,1.6769,0.5115,0.3488,1.2692,1.0127,0.5963,0.434,0.3086,0.335,0.3216,0.3086,0.8691,0.4527,0.434,0.4158,0.4158
1981-09-01 00:00:00,2,0.2959,0.3086,0.3086,0.3086,0.3086,0.3086,0.3086,0.3086,0.3216,0.3086,0.3086,0.2959,0.2836,0.2836,0.2836,0.2599,0.2599,0.2599,0.2599,0.2486,0.2486,0.2486,0.2599,0.2486,0.2377,0.2377,0.2377,0.227,0.2377,0.2486,
1981-08-01 00:00:00,2,0.3488,0.3488,0.335,0.335,0.335,0.335,0.3216,0.3216,0.3216,0.3216,0.335,0.3216,0.3216,0.3216,0.3806,0.335,0.335,0.6416,0.3637,0.335,0.3488,0.335,0.335,0.3216,0.3216,0.3086,0.3086,0.2959,0.2959,0.2959,0.2959
1981-07-01 00:00:00,2,0.3637,0.3488,0.3488,0.3488,0.3488,0.3488,0.335,0.3488,0.3488,0.335,0.3488,0.3488,0.3488,0.3488,0.335,0.3488,0.434,0.335,0.3488,0.3488,0.3488,0.3488,0.3488,0.3488,0.335,0.335,0.335,0.335,0.335,0.335,0.335
1981-06-01 00:00:00,2,0.5963,0.6416,0.5963,0.5963,0.5115,0.5115,0.4914,0.4914,0.434,0.398,0.398,0.398,0.434,0.434,0.4718,0.398,0.4718,0.4914,0.4718,0.4527,0.434,0.398,0.3806,0.3806,0.3806,0.3806,0.398,0.3637,0.3637,0.3806,
1981-05-01 00:00:00,2,0.5963,0.553,0.553,0.532,0.532,0.553,0.5963,0.5963,0.5963,0.5744,0.553,0.553,0.5744,0.5744,0.553,0.5744,0.5963,0.5963,0.5744,0.553,0.4914,0.434,0.434,0.434,0.4527,0.5963,0.532,0.5115,0.553,0.532,0.532
1981-04-01 00:00:00,2,0.713,0.6649,0.5963,0.5963,0.5744,0.6649,0.5963,0.5963,0.6187,0.6187,0.6416,0.5963,0.5963,0.6649,0.5963,0.6649,0.5963,0.5963,0.5963,0.5963,0.5963,0.5963,0.5963,0.553,0.532,0.532,0.532,0.5963,0.6887,0.713,
1981-03-01 00:00:00,2,0.6416,0.5963,0.5963,0.5963,0.5963,0.713,0.7888,2.1584,0.8418,1.3385,0.7631,0.5963,0.5963,0.5963,0.5963,0.5963,0.5963,1.8415,0.983,0.8691,1.1368,2.0621,1.1368,0.8151,0.8151,0.6187,0.5963,0.5963,0.6416,0.8691,0.8968
1981-02-01 00:00:00,2,1.1368,0.983,0.8968,0.8968,0.8691,1.0127,1.043,1.105,0.8968,0.925,0.8418,0.8968,0.7888,0.7888,0.7888,0.7631,0.7378,0.7378,0.7378,0.713,0.713,0.6887,0.6187,0.6187,0.6187,0.6187,0.5963,0.5963,,,
1981-01-01 00:00:00,2,1.1691,1.2692,0.8151,0.6887,0.6887,0.5963,0.5744,0.5963,0.713,1.6769,1.7995,2.5601,1.7172,2.8784,2.8243,1.7172,1.3385,1.105,1.105,1.1368,1.105,1.2692,1.7172,1.0127,0.9537,1.3385,1.5211,1.4099,1.1691,1.1368,0.925
1980-12-01 00:00:00,2,1.1691,2.0621,1.5211,2.4064,1.3385,1.6769,1.2019,1.884,1.105,1.2353,2.6646,1.105,1.2692,4.4156,1.2353,0.983,0.8151,0.8151,0.7888,0.8151,1.043,1.043,0.5744,0.7378,0.7631,0.713,0.713,1.3385,1.1691,1.2692,0.983
1980-11-01 00:00:00,2,0.398,0.398,0.3637,0.4527,0.3637,0.3637,0.3637,0.398,0.3806,0.398,0.398,0.398,0.398,0.398,1.5211,0.398,0.398,0.3637,0.3637,1.0737,0.983,1.0127,1.4835,1.5593,1.7172,1.5211,0.6649,0.6187,0.6187,0.6649,
1980-10-01 00:00:00,2,0.398,0.398,0.3806,0.398,0.398,0.4158,0.434,0.4158,0.398,0.4158,0.4527,0.4914,0.553,0.4914,0.5115,0.4527,0.4527,0.434,0.434,0.398,0.398,0.3806,0.3806,0.3806,0.3637,0.3637,0.3806,0.398,0.3806,0.3806,0.3806
