DataHora,NivelConsistencia,Vazao01,Vazao02,Vazao03,Vazao04,Vazao05,Vazao06,Vazao07,Vazao08,Vazao09,Vazao10,Vazao11,Vazao12,Vazao13,Vazao14,Vazao15,Vazao16,Vazao17,Vazao18,Vazao19,Vazao20,Vazao21,Vazao22,Vazao23,Vazao24,Vazao25,Vazao26,Vazao27,Vazao28,Vazao29,Vazao30,Vazao31
2022-04-01 00:00:00,2,3.6464,3.4729,3.2492,3.0871,2.9298,2.7274,2.5811,2.4394,2.1699,2.1699,2.2577,2.1699,2.042,2.0841,2.0003,2.0003,1.8387,0.9742,1.8784,1.4687,1.8387,1.4343,1.4343,1.0297,1.1162,1.1459,1.2068,1.3015,1.4004,1.4004,
2022-03-01 00:00:00,2,4.7234,3.6464,4.6555,7.3775,4.2603,4.1964,4.0703,3.9464,4.3248,4.0081,4.0081,4.1964,4.1964,4.1964,4.1964,4.3248,4.3248,4.1964,4.2603,4.1964,4.0703,4.0703,3.8248,3.8248,3.8248,3.8248,3.8248,3.8248,3.8248,3.8248,3.8248
2022-02-01 00:00:00,2,9.9866,10.5205,7.1156,22.3072,5.4334,16.4636,7.5552,10.1982,54.6586,15.2787,16.062,18.1366,9.1657,9.7776,73.6262,49.4291,42.9905,28.8003,35.7615,10.305,8.5767,16.062,6.2818,14.5212,10.4124,5.1425,7.1156,4.8608,,,
2022-01-01 00:00:00,2,9.4688,28.2165,42.9905,7.3775,5.8102,31.8402,26.5126,205.496,107.461,73.6262,106.053,63.1749,58.3423,19.9193,10.5205,8.4807,9.9866,8.4807,7.3775,6.5256,5.8873,5.8873,5.8873,5.2143,5.0005,4.7234,4.5882,4.5882,4.6555,4.8608,9.4688
2021-12-01 00:00:00,2,1.1162,1.1162,1.1162,1.0581,1.0581,6.1222,3.7648,2.4861,2.3024,2.1699,1.7226,1.6109,7.7354,3.3044,2.9298,3.3044,4.3248,3.0341,2.6781,2.4394,2.1699,2.1699,2.1699,2.1268,1.8784,1.8387,1.6109,1.6849,1.9592,2.4394,4.8608
2021-11-01 00:00:00,2,1.0017,2.5333,1.4004,1.4687,1.4004,1.4004,1.4004,1.3015,0.9205,0.7005,17.7082,3.9464,2.9298,1.9592,1.7226,1.5035,1.4004,1.3015,1.5746,1.6109,1.4004,1.5035,1.3015,1.2068,1.2068,1.1162,1.8784,1.4004,1.2068,1.1459,
2021-10-01 00:00:00,2,0.3457,0.6563,1.2068,0.8433,0.553,0.4958,0.5145,0.6137,0.5145,0.6137,1.367,1.6849,0.9205,0.7005,0.7464,0.7464,0.7464,0.7464,1.4687,3.4729,2.0841,1.2068,1.0017,0.9742,2.0003,1.3015,1.2068,1.0017,0.9205,0.9205,0.9205
2021-09-01 00:00:00,2,0.3025,0.3025,0.3025,0.3025,0.3025,0.3025,0.3025,0.3025,0.3025,0.3025,0.3025,0.3025,0.3025,0.2755,0.25,0.25,0.25,0.25,0.25,0.25,0.2033,0.2033,0.1718,0.1718,0.1718,0.1718,0.1718,0.3309,0.3025,0.3457,
2021-08-01 00:00:00,2,0.4086,0.4086,0.4086,0.4086,0.4086,0.4086,0.4086,0.4086,0.4086,0.4086,0.4086,0.4086,0.4086,0.4086,0.4086,0.3764,0.4423,0.4598,0.4086,0.4086,0.4086,0.4086,0.3457,0.3457,0.3457,0.3457,0.3457,0.3457,0.3457,0.3309,0.3025
2021-07-01 00:00:00,2,0.5931,0.5931,0.553,0.553,0.5145,0.5145,0.5145,0.5145,0.5145,0.5145,0.5145,0.5145,0.5145,0.5145,0.5145,0.5145,0.5145,0.5145,0.5145,0.4598,0.4598,0.4598,0.4598,0.4598,0.4598,0.4598,0.4423,0.4423,0.4423,0.4423,0.4423
2021-06-01 00:00:00,2,0.7464,0.8433,0.7464,0.7464,0.7464,0.7464,0.7464,0.7464,0.7464,0.7464,0.7464,0.7464,0.7464,0.7464,0.7005,0.7005,0.6563,0.6563,0.6563,0.6563,0.6563,0.6137,0.5931,0.5931,0.5931,0.5931,0.5931,0.5931,0.5931,0.5931,
2021-05-01 00:00:00,2,0.8433,0.8433,0.8433,0.8433,0.8433,0.8433,0.8433,0.7464,0.7464,0.7464,0.7464,0.7464,0.7464,0.7464,0.7464,0.7464,0.7464,0.7464,0.7464,0.7464,0.7464,0.7464,0.7464,0.7464,0.7464,0.7464,0.7005,0.7005,0.7005,0.7005,0.7464
2021-04-01 00:00:00,2,1.2695,1.2068,1.2068,1.2068,1.2068,1.1459,1.1459,1.1459,1.1162,1.1162,1.0581,1.0017,1.0017,0.9742,0.9742,0.9742,0.9742,0.9742,0.9742,0.9205,0.9205,0.9205,0.9205,0.9205,0.8686,0.8433,0.8433,0.8433,0.8433,0.8433,
2021-03-01 00:00:00,2,1.9845,1.7815,1.628,1.5541,1.4122,1.9019,4.0704,16.062,3.3044,2.4861,2.3024,2.1268,2.0003,1.9592,1.8784,1.7226,1.7226,1.5746,1.5035,1.5035,1.5035,1.5035,1.4004,1.2068,1.1162,1.2068,1.3015,1.2695,1.3015,1.3015,1.3015
2021-02-01 00:00:00,2,0.4656,0.4656,0.4656,0.4656,0.5427,1.0906,1.943,2.3353,1.1821,1.0031,0.8665,4.7943,2.0692,1.5179,1.3108,1.1206,1.1206,1.1821,6.6101,2.4752,1.9019,3.1896,5.5857,2.2446,1.8212,1.8212,4.4569,2.5229,,,
2021-01-01 00:00:00,2,1.3108,1.6657,1.8212,2.6197,1.3779,1.1206,1.1206,3.3001,1.943,1.4822,1.3108,1.2136,1.3779,1.7424,1.3108,1.3108,1.2136,1.0318,0.9471,0.8665,0.7653,0.7653,0.741,0.741,0.741,0.741,0.694,0.6266,0.5427,0.5427,0.5427
2020-12-01 00:00:00,2,0.3014,0.3014,0.3014,0.3014,0.3465,0.4656,0.4656,0.5838,0.4656,0.4656,0.4656,1.6657,1.1821,0.6266,0.5427,0.4295,0.4121,0.4656,2.571,1.4822,0.815,2.7187,1.4822,1.9845,3.5274,3.1352,1.4122,2.2446,1.3108,1.1821,0.9471
2020-11-01 00:00:00,2,0.741,0.6266,0.4656,1.3108,0.7653,0.5427,0.4656,0.4656,0.4295,0.4656,0.4656,0.5033,0.4656,0.4656,0.4656,0.5838,0.694,0.5427,0.6266,0.4656,0.4656,0.4656,0.4295,0.4121,0.3465,0.3465,0.3014,0.3014,0.3014,0.3014,
2020-10-01 00:00:00,2,0.3014,0.3014,0.3014,0.3014,0.3014,0.2872,0.2599,0.2599,0.2599,0.2599,0.3014,0.3014,0.3014,0.2872,0.2872,0.3014,0.3465,0.3465,0.3465,0.4121,0.5033,0.5838,0.5838,0.5427,0.6486,0.741,0.5427,0.5427,0.5427,0.6266,1.3108
2020-09-01 00:00:00,2,0.4656,0.4656,0.4121,0.4121,0.4121,0.4121,0.4121,0.4121,0.4121,0.3785,0.3465,0.3465,0.3465,0.3014,0.3014,0.3014,0.3014,0.3014,0.3014,0.3014,0.4656,0.694,0.6266,0.5427,0.5033,0.4656,0.4121,0.3785,0.3465,0.3014,
2020-08-01 00:00:00,2,0.6266,0.6266,0.6266,0.5838,0.5838,0.5838,0.5427,0.5427,0.5427,0.5427,0.5427,0.5427,0.5427,0.5427,0.5427,0.5427,0.5033,0.5033,0.4656,0.4656,0.4656,0.6266,0.741,0.694,0.6266,0.5427,0.5427,0.5033,0.4656,0.4656,0.4656
2020-07-01 00:00:00,2,0.741,0.741,0.741,0.741,0.741,0.741,0.741,0.694,0.694,0.694,0.694,0.694,0.694,0.6486,0.6486,0.6486,0.6486,0.6486,0.6486,0.6266,0.6266,0.6266,0.6266,0.6266,0.6266,0.6266,0.6266,0.6266,0.6266,0.6266,0.6266
2020-06-01 00:00:00,2,0.9471,0.9471,0.9471,0.9471,0.8929,0.8929,0.8665,0.8665,0.8665,0.8665,0.8665,0.8665,0.815,0.815,0.815,0.815,0.815,0.7653,0.7653,0.7653,0.7653,0.7653,0.7653,0.7653,0.7653,0.741,0.741,0.741,0.694,0.694,
2020-05-01 00:00:00,2,1.1206,1.1206,1.1206,1.0318,1.0318,1.0318,1.0318,1.0318,1.0318,1.0318,1.0318,1.0318,1.0318,1.0318,1.2136,1.1206,1.1206,1.0318,1.0318,1.0318,1.0031,0.9471,0.9471,1.0318,1.2779,1.1206,1.1206,1.0318,1.0031,0.9471,0.9471
2020-04-01 00:00:00,2,1.628,1.628,1.7424,1.9845,1.8212,1.628,1.628,2.0692,1.7424,1.6657,1.7424,1.6657,1.628,1.5541,1.5541,1.8212,1.628,1.5179,1.4122,1.3108,1.2136,1.2136,1.2136,1.2136,1.2136,1.1821,1.1206,1.1206,1.1206,1.1206,
2020-03-01 00:00:00,2,2.8709,5.2175,3.5274,3.0813,3.0813,2.7187,2.3353,2.2897,2.2897,2.2446,2.1559,2.0692,1.943,1.8212,1.8212,1.8212,1.7424,1.7424,1.7815,4.8634,2.7187,2.7689,2.1559,1.9845,1.7815,1.7424,1.7424,1.7424,1.943,1.628,1.628
2020-02-01 00:00:00,2,4.5902,2.8197,2.5229,2.2897,2.3353,3.2446,3.9459,3.0813,2.9227,2.9227,3.6443,8.6647,3.5274,5.3631,3.0813,2.8709,4.5233,3.0813,2.3814,2.2897,2.2897,2.2446,3.0279,2.2897,2.5229,2.5229,2.5229,2.3814,2.6197,,
2020-01-01 00:00:00,2,1.1206,0.694,1.9019,1.9845,1.0318,1.9019,2.2446,1.9845,1.7038,1.0318,0.694,0.6486,0.605,0.563,0.5838,13.0822,2.3353,2.8197,3.2446,9.4536,1.4822,7.3767,16.8717,85.171,90.1073,12.3998,8.8583,16.062,90.1073,32.4727,8.6647
2019-12-01 00:00:00,2,3.0813,3.3561,1.5179,0.563,1.5908,2.571,1.9845,0.9471,0.563,6.6929,2.3353,2.2446,1.9019,1.2455,0.8929,1.8212,1.447,2.2446,2.8197,6.2046,16.8717,2.2446,11.4213,100.545,2.1123,1.3441,0.9471,1.5908,1.5179,2.7187,2.2446
2019-11-01 00:00:00,2,0.8405,0.694,0.4121,0.3014,0.2872,0.2872,0.2733,0.2733,0.2599,0.4121,0.2872,0.2733,0.2599,0.2599,0.4843,0.3465,0.316,0.4121,0.605,1.7038,0.605,0.8405,0.9471,2.2897,2.8197,1.3441,1.447,2.571,2.1123,1.9845,
2019-10-01 00:00:00,2,0.2733,0.2599,0.2468,0.2341,0.2341,0.2218,0.2098,0.2098,0.2341,0.2733,0.4121,0.316,0.2599,0.2341,0.2341,0.2218,0.2098,0.2098,0.1982,0.1982,0.1982,0.1982,0.1982,0.2872,0.2341,0.2098,0.1982,0.316,0.4295,0.7653,1.9019
2019-09-01 00:00:00,2,0.2468,0.2468,0.2468,0.2468,0.2341,0.2341,0.2341,0.2341,0.2468,0.2468,0.2341,0.2341,0.2218,0.2218,0.2098,0.2098,0.2098,0.2098,0.2098,0.2098,0.1982,0.1982,0.1982,0.1982,0.2098,0.5427,0.7653,0.6486,0.4843,0.3623,
2019-08-01 00:00:00,2,0.3623,0.3623,0.3623,0.3623,0.3623,0.3623,0.3465,0.331,0.316,0.316,0.316,0.316,0.316,0.316,0.3014,0.3014,0.3014,0.3014,0.3014,0.2872,0.2872,0.2872,0.2872,0.2872,0.2872,0.2872,0.2872,0.2872,0.2733,0.2733,0.2733
2019-07-01 00:00:00,2,0.4295,0.4295,0.4121,0.3785,0.3785,0.3785,0.3785,0.4121,0.4121,0.3951,0.3785,0.3785,0.3785,0.3785,0.3785,0.3785,0.3785,0.3785,0.3623,0.3623,0.3623,0.3785,0.3785,0.3785,0.3785,0.3785,0.3785,0.3785,0.3623,0.3623,0.3623
2019-06-01 00:00:00,2,0.2733,0.2733,0.2599,0.2599,0.2733,0.2733,0.2872,0.2733,0.2872,0.2872,0.2733,0.2733,0.316,0.316,0.316,0.3465,0.3465,0.3465,0.3623,0.3785,0.3951,0.4121,0.4121,0.4121,0.4121,0.4295,0.4121,0.4121,0.4121,0.4295,
2019-05-01 00:00:00,2,0.694,0.7173,1.6657,1.447,1.061,0.7173,0.694,0.8405,0.7899,0.7173,0.7173,0.694,0.6711,0.6711,1.1511,1.061,0.9471,0.7653,0.741,0.7173,0.694,0.3951,0.316,0.3014,0.3014,0.3014,0.2872,0.2872,0.2872,0.2872,0.2733
2019-04-01 00:00:00,2,0.6711,0.6711,0.605,0.605,0.5838,0.7899,0.8665,1.4122,2.571,1.1821,1.0031,0.8665,0.815,0.7653,1.1511,2.4752,13.0822,1.8212,1.3779,1.1206,0.9198,0.8665,0.815,0.7899,0.6266,0.5427,0.5228,0.5228,0.7173,0.7173,
2019-03-01 00:00:00,2,2.2446,2.3353,1.2455,0.741,0.6486,1.9019,1.1206,0.4843,0.9749,0.8405,0.694,0.6486,0.6711,0.6486,0.6486,0.563,1.9845,0.9198,0.741,0.694,8.6647,5.5857,3.8236,1.7424,1.3108,1.0031,0.8929,0.8405,0.7653,0.7173,0.7173
2019-02-01 00:00:00,2,0.316,0.2872,0.2599,5.1456,1.2779,7.2023,1.9845,1.5908,1.447,1.9019,1.0318,0.6266,0.5228,0.4474,0.3785,1.8212,4.2612,2.4281,1.7038,1.1206,1.8212,1.447,0.9471,0.5228,0.4295,0.3951,0.3785,1.8212,,,
2019-01-01 00:00:00,2,1.6657,1.447,1.447,1.2455,1.061,0.7173,0.694,0.7899,0.6711,0.6486,0.6266,0.605,0.5228,0.4295,0.4121,0.3785,0.3465,0.3465,0.331,0.316,0.3465,1.0318,0.815,0.4474,0.3623,0.3623,0.3623,0.3465,0.3465,0.316,0.2872
2018-12-01 00:00:00,2,4.7257,2.9227,11.107,2.1123,1.447,1.1511,1.447,2.2897,1.3441,0.8929,0.8405,0.7899,0.8405,0.741,0.5427,0.4121,0.3785,0.3785,1.0318,1.447,0.5427,0.563,0.563,0.563,0.605,0.6486,1.2455,1.5908,13.0822,2.8197,3.3561
2018-11-01 00:00:00,2,0.316,0.3785,0.3465,0.331,0.3465,0.3465,0.316,0.741,3.9459,3.0813,1.1821,0.9471,0.694,0.4121,0.3465,0.4121,0.3785,0.3623,0.3785,1.9845,1.7038,2.571,1.2455,0.605,0.9471,0.6711,0.4843,0.4121,0.3785,0.3465,
2018-10-01 00:00:00,2,0.2218,0.2341,0.2872,0.2341,0.2468,0.2468,0.331,0.2733,0.2599,0.2599,0.2599,0.2468,0.2599,0.2341,0.316,0.5838,0.694,1.061,0.5033,0.3465,0.3014,0.2599,0.2341,0.2872,2.4281,0.8929,0.563,0.5228,0.3465,0.3465,0.3014
2018-09-01 00:00:00,2,0.1657,0.1657,0.1657,0.1657,0.1657,0.1657,0.1657,0.1657,0.1657,0.1657,0.1657,0.1657,0.1657,0.1657,2.4281,1.3441,0.4843,0.2872,0.2599,0.2599,1.5179,0.3623,0.2872,0.2599,0.2599,0.2341,0.2341,0.2341,0.2341,0.3465,
2018-08-01 00:00:00,2,0.1657,0.1657,0.1657,0.605,1.061,0.4843,0.2341,0.2341,0.2341,0.2341,0.2341,0.2341,0.2341,0.2341,0.2341,0.2341,0.2341,0.187,0.1657,0.1657,0.1657,0.1657,0.1657,0.1657,0.1657,0.1657,0.1657,0.1657,0.1657,0.1657,0.1657
2018-07-01 00:00:00,2,0.316,0.316,0.316,0.316,0.316,0.316,0.2872,0.2468,0.2341,0.2341,0.2341,0.2341,0.2341,0.2341,0.2341,0.2341,0.2341,0.2341,0.2341,0.2341,0.2341,0.2341,0.2098,0.1762,0.1657,0.1657,0.1657,0.1657,0.1657,0.1657,0.1657
2018-06-01 00:00:00,2,0.3785,0.3785,0.3785,0.3785,0.3785,0.3785,0.3785,0.3785,0.3785,0.3785,0.3785,0.3785,0.3465,0.331,0.316,0.316,0.316,0.316,0.316,0.316,0.316,0.316,0.316,0.316,0.316,0.316,0.316,0.316,0.316,0.316,
2018-05-01 00:00:00,2,0.563,0.5228,0.5228,0.5228,0.5228,0.4843,0.4474,0.4474,0.4474,0.4295,0.4121,0.4121,0.4121,0.4121,0.3951,0.3785,0.3785,0.3785,0.3785,0.4843,0.4474,0.4121,0.3785,0.3785,0.3785,0.3785,0.3785,0.3785,0.3785,0.3785,0.3785
2018-04-01 00:00:00,2,0.6486,0.6486,0.6486,0.605,0.741,0.6486,0.7899,0.7899,0.7653,0.741,0.694,0.694,0.6486,0.6486,0.6266,0.605,0.605,0.605,0.605,0.605,0.605,0.605,0.605,0.605,0.605,0.605,0.563,0.563,0.563,0.563,
2018-03-01 00:00:00,2,4.0079,2.2897,2.0692,0.9749,2.0266,1.5179,1.0318,9.4536,1.7815,1.628,5.8906,1.1206,1.1206,1.4122,1.3108,1.2455,1.2455,1.8613,1.1821,1.1511,1.1206,1.1511,1.1821,1.0906,1.0031,0.563,0.6486,0.605,0.605,0.605,0.605
2018-02-01 00:00:00,2,1.0031,1.3108,1.4122,1.5179,1.8212,2.1123,2.571,2.1123,0.8665,0.8405,2.0266,1.0318,0.694,0.605,0.5838,0.5427,0.5228,0.5033,0.4843,11.4213,1.5908,1.7424,2.9751,8.1913,3.1896,1.8613,1.8212,0.815,,,
2018-01-01 00:00:00,2,0.6486,0.5427,1.447,1.1511,3.8845,1.2136,1.061,0.9471,0.7173,0.5838,0.4843,0.4474,0.4121,0.4121,0.4121,1.0906,1.3108,0.741,0.6486,0.5838,0.5228,0.4474,0.4121,0.3951,0.3785,0.3465,0.316,0.2872,0.2872,0.5838,1.9019
2017-12-01 00:00:00,2,3.7633,3.7633,1.2455,1.7038,0.7653,0.694,1.1821,1.4822,1.2455,1.0906,0.8665,0.694,0.5427,0.563,0.4843,2.9227,0.5838,0.694,0.563,0.5228,0.563,0.4843,0.4843,0.4843,0.4843,1.7815,1.0318,1.3779,1.0318,0.8665,1.0906
2017-11-01 00:00:00,2,0.3951,0.2218,0.1104,0.1274,0.1274,0.1459,0.2218,0.1459,0.187,0.187,0.187,2.3353,0.5228,0.4474,0.2218,0.1365,0.1104,0.0947,0.1365,0.815,0.5838,0.6486,0.563,0.2872,0.1459,0.1365,0.1274,0.2599,0.2599,0.2599,
2017-10-01 00:00:00,2,0.4121,0.4121,1.4822,0.5228,0.2872,0.2098,0.1459,0.1459,0.1459,0.1459,0.1459,0.1274,0.1274,0.1274,0.1274,0.1274,0.1274,0.1274,0.1274,0.1274,0.0947,0.0947,0.0947,0.0947,0.0947,0.0947,0.0947,6.8604,0.3014,0.2872,1.0318
2017-09-01 00:00:00,2,0.1274,0.1187,0.1104,0.1104,0.1104,0.1104,0.1104,0.1104,0.1104,0.1104,0.0947,0.0803,0.0803,0.0803,0.0803,0.0803,0.0803,0.0803,0.0803,0.0803,0.0803,0.0803,0.0803,0.0803,0.0803,0.0803,0.0803,0.0803,0.0803,0.1459,
2017-08-01 00:00:00,2,0.1459,0.1459,0.1459,0.1459,0.1459,0.1459,0.1459,0.1459,0.1459,0.1459,0.1459,0.1459,0.1459,0.1459,0.1459,0.1459,0.1459,0.1459,0.1459,0.1459,0.1459,0.1459,0.1459,0.1459,0.1459,0.1459,0.1365,0.1274,0.1274,0.1274,0.1274
2017-07-01 00:00:00,2,0.2218,0.2218,0.2218,0.2098,0.2098,0.2098,0.2098,0.2098,0.1982,0.1982,0.1982,0.1982,0.1982,0.187,0.187,0.187,0.187,0.1762,0.1762,0.1762,0.1762,0.1762,0.1657,0.1657,0.1657,0.1657,0.1657,0.1556,0.1556,0.1556,0.1556
2017-06-01 00:00:00,2,0.3435,0.3435,0.3139,0.3139,0.3139,0.3139,0.3139,0.3139,0.2997,0.2858,0.2858,0.2858,1.2415,0.5228,0.5033,0.4121,0.3785,0.3465,0.331,0.316,0.3014,0.2733,0.2599,0.2599,0.2341,0.2341,0.2341,0.2341,0.2341,0.2218,
2017-05-01 00:00:00,2,0.3435,0.3435,0.3435,0.3285,0.3435,0.3139,0.3139,0.3139,0.3139,0.3139,0.3139,0.3139,0.3139,0.3139,0.3139,0.3139,0.3139,0.3139,0.3285,0.5337,0.8715,0.7022,0.4072,0.3589,0.3435,0.3435,0.3435,0.3435,0.3435,0.3435,0.3285
2017-04-01 00:00:00,2,0.4414,0.4072,0.3746,0.3435,0.3435,0.3435,0.3435,0.3435,0.3285,0.3435,0.3139,0.3139,0.3139,0.3139,0.3285,0.3435,0.3435,0.3435,0.3435,0.3435,0.3435,0.3435,0.3435,0.3435,0.3435,0.3435,0.5144,0.3435,0.3435,0.3435,
2017-03-01 00:00:00,2,0.7722,0.7964,0.7252,0.5938,0.4956,0.4414,0.4591,0.4771,0.4771,0.4414,0.4241,0.4072,0.4414,0.4414,0.4072,0.4072,0.3907,0.4591,2.0828,1.0051,0.7964,0.5938,0.4591,0.4414,0.4072,0.4072,0.4072,1.1198,0.5533,0.5533,0.4771
2017-02-01 00:00:00,2,0.4072,0.4072,0.4414,0.4414,0.5938,0.9775,0.9503,0.846,0.7722,0.7022,0.5938,0.5337,0.4591,0.5144,0.5144,0.4771,0.4591,0.4591,0.4414,0.4241,0.4072,0.3746,0.3746,0.3746,0.3746,0.4414,0.5938,0.636,,,
2017-01-01 00:00:00,2,0.5144,0.5144,0.5144,0.5144,0.4414,0.4414,0.4414,0.4414,0.4241,0.4241,0.5144,0.5938,1.9188,3.2297,4.6012,1.687,1.3051,1.0051,0.8715,0.7722,0.7485,0.6797,0.636,0.5144,0.5144,0.5144,0.5144,0.5144,0.5144,0.4591,0.4414
2016-12-01 00:00:00,2,1.6134,1.1198,1.1496,1.3375,2.8659,5.3552,0.3435,0.3746,0.7252,0.7252,0.7722,0.7252,0.7252,2.9163,1.6134,1.2731,0.7252,0.7252,0.6797,0.636,0.5938,0.5938,0.5938,0.5938,0.5938,0.5938,3.0188,3.1232,0.9775,0.9775,0.9775
2016-11-01 00:00:00,2,0.1881,0.1672,0.1672,0.1672,0.1672,0.1881,0.2104,0.3746,0.2997,0.2341,0.2104,0.3746,0.2997,1.3375,1.5065,0.7722,0.7722,0.7722,0.5533,0.3435,0.3435,0.3435,0.7722,0.3746,0.5533,0.3746,0.5533,0.3435,0.3435,1.5417,
2016-10-01 00:00:00,2,0.2104,0.2341,0.2341,0.7722,0.3746,0.4956,0.3746,0.2858,0.2858,0.2341,0.2104,0.2104,0.2104,0.2104,0.2104,0.2104,0.2104,0.2104,0.2104,0.2104,0.2104,0.2104,0.2104,0.2104,0.2104,0.2104,0.2104,0.1881,0.1881,0.1881,0.1881
2016-09-01 00:00:00,2,0.2341,0.2104,0.1881,0.1881,0.1672,0.1672,0.1672,0.1672,0.1672,0.1672,0.1672,0.1672,0.1672,0.1672,0.1672,0.2104,0.1672,0.1672,0.1672,0.2341,0.2104,0.2104,0.1672,0.1672,0.1672,0.2341,0.2104,0.2104,0.2104,0.2104,
2016-08-01 00:00:00,2,0.2104,0.2592,0.2104,0.2104,0.2104,0.199,0.199,0.2104,0.2104,0.199,0.199,0.199,0.199,0.199,0.1881,0.1881,0.1881,0.1881,0.1881,0.1881,0.1881,0.1881,0.1881,0.1881,0.1881,0.1881,0.1881,0.1881,0.1881,0.1881,0.1881
2016-07-01 00:00:00,2,0.2104,0.2104,0.2104,0.2104,0.2104,0.2104,0.2104,0.2104,0.2104,0.2104,0.2104,0.2104,0.2104,0.2104,0.2104,0.2104,0.2104,0.2104,0.2104,0.2104,0.2104,0.2104,0.2104,0.2104,0.2104,0.2104,0.2104,0.2104,0.2104,0.2104,0.2104
2016-06-01 00:00:00,2,0.2592,0.3589,2.4798,1.1798,1.0905,0.8715,0.636,0.7022,0.5938,0.4956,0.4956,0.5144,0.4771,0.4771,0.3285,0.2858,0.2858,0.2858,0.2592,0.2592,0.2592,0.2592,0.2592,0.2592,0.2341,0.2104,0.2104,0.2104,0.2104,0.2104,
2016-05-01 00:00:00,2,0.3435,0.3139,0.2592,0.2592,0.2592,0.2592,0.2592,0.2592,0.2592,0.2592,0.2592,0.2592,0.2592,0.2592,0.2592,0.2592,0.2592,0.2592,0.2592,0.2592,0.2592,0.2592,0.2592,0.2592,0.2592,0.2592,0.2592,0.2592,0.2592,0.2592,0.2592
2016-04-01 00:00:00,2,0.4241,0.4072,0.3746,0.3746,0.3746,0.3589,0.3435,0.3285,0.3139,0.2858,0.2858,0.2858,0.2858,0.2858,0.2858,0.2592,0.2592,0.2592,0.2592,0.2592,0.2592,0.2592,0.2592,0.2592,0.2592,0.2592,0.2592,0.2592,0.3746,0.3746,
2016-03-01 00:00:00,2,0.5337,0.4414,0.3746,0.3435,1.0905,0.7964,0.5938,0.5734,0.5337,0.4956,1.2415,0.8715,0.821,0.7722,0.7022,0.6797,0.5533,0.5533,0.5144,0.4956,0.4771,0.4771,0.4771,0.636,0.5533,0.5144,0.5144,0.4771,0.4771,0.4414,0.4414
2016-02-01 00:00:00,2,1.1798,1.0616,0.9775,0.9236,0.9236,0.821,0.821,0.821,0.7722,0.7252,0.6797,0.5938,0.7485,0.7252,0.6797,0.5938,0.5938,1.3375,0.9236,0.7022,0.6797,0.5938,0.5533,0.5144,0.5144,0.5533,0.5533,0.5144,0.6577,,
2016-01-01 00:00:00,2,0.447,0.447,0.4296,0.3959,0.3637,0.3637,0.3637,0.4648,0.4648,0.4648,0.447,0.447,0.3959,0.447,2.2928,2.5631,40.7283,7.4195,6.9262,70.3785,6.5685,3.3382,2.8159,2.0828,2.2108,1.879,1.5773,1.8008,3.1762,1.8008,1.3704
2015-12-01 00:00:00,2,0.483,0.3637,0.3637,0.3637,0.3637,0.3038,0.3038,0.3038,0.5597,0.4125,0.5799,1.5105,0.5206,0.8036,0.4648,0.3637,0.3038,0.3038,0.5206,0.5799,0.7556,0.6004,0.4648,0.3959,0.3637,0.3038,0.6645,0.6004,0.3637,0.3637,0.5597
2015-11-01 00:00:00,2,0.1592,0.1592,0.1592,0.1494,0.14,0.14,0.14,0.14,0.14,0.14,0.14,0.14,0.2017,0.7322,0.2628,0.2898,0.2132,0.333,0.2761,0.3481,0.3959,0.3637,0.4125,4.1101,0.6867,0.3038,0.3038,0.3038,0.3038,0.5016,
2015-10-01 00:00:00,2,0.2017,0.2017,0.3637,0.2017,0.2017,0.2017,0.2017,0.2017,0.2017,0.2017,0.1797,0.1592,0.1494,0.14,0.14,0.1275,0.1142,0.1142,0.1142,0.2761,0.2132,0.1494,0.14,0.14,0.14,0.1693,0.2373,0.6004,0.2628,0.1797,0.1592
2015-09-01 00:00:00,2,0.1797,0.1797,0.1797,0.1797,0.1797,0.1797,0.2017,0.9574,1.5454,0.9845,0.8036,0.3182,0.2132,0.2251,0.2499,0.2761,0.2761,0.2761,0.2499,0.2499,0.2017,0.2017,0.2017,0.2017,0.2017,0.2017,0.2017,0.2017,0.2017,0.1592,
2015-08-01 00:00:00,2,0.2251,0.2251,0.2017,0.2017,0.2017,0.2017,0.2017,0.1797,0.1797,0.1797,0.1797,0.1797,0.1693,0.1693,0.1797,0.1797,0.1797,0.1797,0.1797,0.1797,0.1797,0.1797,0.1797,0.1797,0.1797,0.1797,0.1797,0.1797,0.1797,0.1797,0.1797
2015-07-01 00:00:00,2,0.3182,0.3038,0.3038,0.3038,0.3038,0.3038,0.3038,0.3038,0.3038,0.3038,0.3038,0.3038,0.3038,0.3038,0.3038,0.3038,0.3038,0.3038,0.3038,0.3038,0.3038,0.2499,0.2499,0.2499,0.2499,0.2499,0.2499,0.2499,0.2499,0.2499,0.2499
2015-06-01 00:00:00,2,0.4296,0.4296,0.5799,0.54,0.5206,0.447,0.4296,0.4296,0.3959,0.3959,0.3959,0.3959,0.3959,0.3592,0.3592,0.3592,0.3592,0.3592,0.3592,0.3592,0.3592,0.3592,0.3592,0.3592,0.3592,0.3592,0.3416,0.3245,0.3245,0.308,
2015-05-01 00:00:00,2,0.5016,0.5016,0.5016,0.5016,0.7322,0.6645,0.6214,0.6004,0.5597,0.5016,0.9574,0.8282,0.6645,0.6214,0.5799,0.54,0.54,0.5016,0.5016,0.483,0.4648,0.4648,0.4648,0.4648,0.4648,0.447,0.4296,0.4648,0.447,0.4296,0.4296
2015-04-01 00:00:00,2,0.7556,0.7556,0.7322,0.7092,0.7322,0.8036,0.8036,0.7556,0.7092,0.6867,0.6427,0.6004,0.5799,0.5799,0.5799,0.5799,0.5799,0.5799,0.5597,0.54,0.54,0.54,0.54,0.54,0.54,0.54,0.54,0.5016,0.5016,0.5016,
2015-03-01 00:00:00,2,0.54,0.4648,0.4296,0.6427,0.6645,0.5799,0.54,1.4086,1.8791,9.9733,2.5631,7.1705,1.5454,1.2475,1.156,0.9845,0.9307,1.5807,1.156,0.9307,3.0511,1.7263,1.8402,3.1544,1.3755,1.186,1.0683,0.9845,0.9045,0.8036,0.7556
2015-02-01 00:00:00,2,0.3245,0.2767,0.2619,0.2619,0.2921,1.6164,0.6645,0.5016,3.9312,2.1639,5.6301,1.2475,0.8532,0.6004,0.4648,0.9574,1.012,1.3755,1.6526,1.4761,1.3755,1.186,0.9045,0.7556,0.6867,0.5799,0.8532,0.8282,,,
2015-01-01 00:00:00,2,0.1977,0.2921,0.2619,0.2619,0.2619,0.2619,0.2378,0.2378,0.2378,0.2378,0.2378,0.2378,0.2378,0.2378,0.2378,0.2378,0.2378,0.2176,0.2176,0.2176,0.2176,0.2176,0.2176,1.3755,0.3592,0.2619,1.4761,1.9582,1.0683,0.5016,0.483
2014-12-01 00:00:00,2,1.3069,0.9503,0.7016,1.1329,1.3375,1.0259,1.1608,1.0003,0.9259,0.8103,0.7016,0.5952,0.5002,1.6705,1.7803,1.1329,1.0259,0.6739,0.5704,1.0785,0.902,0.7892,0.6739,0.647,0.5952,0.5229,0.5002,0.4781,0.436,0.4159,0.3964
2014-11-01 00:00:00,2,0.3592,0.2176,0.1781,0.1781,0.1781,0.1781,0.5229,0.1878,0.1977,0.2176,0.1977,0.1781,0.1781,0.3775,1.3686,0.5952,0.2619,0.2076,0.2176,0.2176,0.2176,0.2176,0.436,0.9503,0.5229,0.7892,0.902,1.0003,1.7432,4.0071,
2014-10-01 00:00:00,2,0.1781,0.1781,0.1781,0.1781,0.1781,0.1588,0.1493,0.14,0.14,0.14,0.14,0.14,0.14,0.14,0.14,0.14,0.14,0.14,0.14,0.14,0.1781,0.1781,0.1781,0.1781,0.1781,0.3964,0.5229,0.2767,0.2176,0.2767,0.436
2014-09-01 00:00:00,2,0.2176,0.2176,0.2176,0.2619,0.2176,0.2176,0.2176,0.2176,0.2176,0.2176,0.2176,0.2176,0.2176,0.1977,0.1977,0.1977,0.1977,0.1977,0.1977,0.1977,0.1977,0.1977,0.1977,0.1977,0.1977,0.1781,0.1781,0.1781,0.1781,0.1781,
2014-08-01 00:00:00,2,0.3592,0.3245,0.2921,0.2767,0.2619,0.2619,0.2619,0.2619,0.2619,0.2619,0.2619,0.2619,0.2619,0.2619,0.2619,0.2619,0.2619,0.2619,0.2619,0.2921,0.2767,0.2619,0.2619,0.2619,0.2619,0.2176,0.2176,0.2176,0.2176,0.2176,0.2176
2014-07-01 00:00:00,2,0.3592,0.3592,0.3592,0.3592,0.3592,0.3592,0.3592,0.3592,0.3592,0.3592,0.3245,0.2767,0.2378,0.2176,0.2176,0.2176,0.2176,0.2277,0.2277,0.2176,0.2176,0.2378,0.2378,0.2378,0.4781,0.7016,0.5704,0.5952,0.5229,0.3964,0.3592
2014-06-01 00:00:00,2,0.3592,0.3592,0.3592,0.3592,0.3592,0.3592,0.3592,0.3592,0.3592,0.3592,0.3592,0.3592,0.3592,0.3592,0.3592,0.3592,0.3592,0.3592,0.3592,0.3592,0.3592,0.3592,0.3592,0.3592,0.3592,0.3592,0.3592,0.3592,0.3592,0.3592,
2014-05-01 00:00:00,2,0.3592,0.3592,0.3592,0.3592,0.3592,0.3592,0.3592,0.3592,0.3592,0.3592,0.3592,0.3592,0.3592,0.3592,0.3592,0.3592,0.3592,0.3592,0.3592,0.3592,0.3592,0.3592,0.3592,0.3592,0.3592,0.5952,0.3964,0.3775,0.3592,0.3592,0.3592
2014-04-01 00:00:00,2,0.5068,0.775,1.1159,3.3021,1.052,0.9503,0.7016,0.5704,0.5463,0.5229,0.5002,0.7016,0.5704,0.5229,0.4781,0.4781,0.4781,0.5463,0.5463,0.5463,0.5229,0.5002,0.4781,0.4781,0.5229,0.4781,0.436,0.4567,0.436,0.436,
2014-03-01 00:00:00,2,1.1159,0.8492,0.7994,0.7271,0.6351,0.6351,1.1159,1.1159,0.8745,0.8242,0.6805,0.6351,0.6129,0.5911,0.5911,0.5911,0.5911,0.5911,0.5483,0.5483,0.5274,0.5068,0.9261,0.6351,0.6129,0.5695,0.5483,0.5068,0.5068,0.5068,0.5068
2014-02-01 00:00:00,2,0.8745,0.8242,0.8242,0.8242,0.775,0.7509,0.7271,0.7037,0.6805,0.6805,0.6577,0.6129,0.5911,0.5911,0.5911,0.6129,0.775,0.8745,0.8492,0.8242,0.8242,0.775,0.7271,0.6805,0.5695,0.5483,0.5483,0.5483,,,
2014-01-01 00:00:00,2,1.8376,1.7352,1.7017,1.6353,1.6026,1.5701,1.5059,1.3809,0.9788,0.9788,0.8745,0.8492,0.8242,0.8242,0.775,0.7271,0.7271,1.0879,1.1728,1.29,1.1728,5.1013,4.8349,2.122,2.0134,1.9423,1.8376,1.5378,1.32,0.9523,0.8745
2013-12-01 00:00:00,2,1.7691,0.9788,0.8492,0.8242,0.775,0.9261,0.9523,1.5378,1.2017,1.0879,1.4428,11.5922,2.3462,1.6026,1.29,1.29,1.1159,1.0602,1.0328,0.9261,2.5007,1.4428,1.4117,1.7352,14.6567,2.1957,20.3825,3.5854,2.3462,2.0855,1.8032
2013-11-01 00:00:00,2,0.5911,0.5911,0.5911,0.5695,0.6351,1.0879,1.4428,0.8242,0.8745,0.8242,0.7271,0.6351,0.5911,0.5911,0.5911,0.5911,0.5911,0.6805,0.6351,0.5483,0.5483,0.5483,0.9001,0.775,0.8745,1.0879,0.9788,0.8745,0.7271,1.0879,
2013-10-01 00:00:00,2,0.7271,0.9788,0.8745,0.775,0.8242,0.8242,0.7271,0.7509,1.2017,0.9261,0.775,0.7509,0.7271,0.6577,0.5911,0.6129,1.0602,1.7017,5.1913,2.3082,1.2603,0.8492,0.775,0.7271,0.7271,0.6805,0.6805,0.6577,0.6351,0.6351,0.5911
2013-09-01 00:00:00,2,0.5911,0.5911,0.5911,0.5911,0.6805,0.5911,0.5911,0.5911,0.6351,0.6351,0.6351,0.6351,0.6351,0.6351,0.6351,0.5911,0.5911,0.5911,0.5911,0.5911,0.5911,0.5911,0.5911,0.5911,0.5911,0.5911,0.5911,0.5911,0.775,0.6805,
2013-08-01 00:00:00,2,0.775,0.775,0.775,0.775,0.6805,0.6805,0.6805,0.6577,0.6351,0.6351,0.6351,0.6351,0.6351,0.6351,0.6351,0.6351,0.6351,0.6351,0.6351,0.6351,0.6351,0.6351,0.6351,0.6351,0.6351,0.6351,0.6351,0.6351,0.6129,0.5911,0.5911
2013-07-01 00:00:00,2,0.9261,0.9261,0.9261,0.9261,0.8745,0.8745,0.8745,0.8745,0.8745,0.8242,0.8242,0.8242,0.8242,0.8242,0.8242,0.8242,0.8242,0.8242,0.8242,0.775,0.775,0.775,0.775,0.775,0.775,0.775,0.775,0.775,0.775,0.775,0.775
2013-06-01 00:00:00,2,1.3809,1.29,1.1159,1.9071,1.3809,1.2308,1.1442,1.1442,1.0879,1.0879,1.0879,1.0879,1.0879,1.0328,1.0328,1.0328,0.9788,0.9788,0.9788,0.9788,0.9788,0.9261,0.9261,0.9261,0.9261,0.9261,0.9261,0.9261,0.9261,0.9261,
2013-05-01 00:00:00,2,1.0879,1.0879,1.0879,1.0879,1.0879,1.0879,1.0879,1.0879,1.0879,1.0879,1.0328,1.0328,1.0328,1.0328,1.0328,1.0328,1.0328,0.9788,0.9788,0.9788,0.9788,0.9788,0.9788,0.9788,0.9788,0.9788,0.9788,1.3503,4.5739,1.7017,1.5378
2013-04-01 00:00:00,2,1.3809,1.29,1.8032,1.5059,3.824,2.8217,2.2704,1.8376,1.7691,1.7017,1.6353,1.6026,1.6353,2.7399,1.8032,1.5701,1.4742,1.4428,1.3809,1.3809,1.32,1.2603,1.2603,1.2308,1.2017,1.2017,1.2017,1.1442,1.1442,1.1442,
2013-03-01 00:00:00,2,13.3472,3.6643,2.4617,2.0493,1.4428,1.4428,1.3809,1.29,1.29,1.2603,1.4742,1.3809,1.29,1.2603,1.2603,1.2603,1.2603,1.2017,1.2603,1.2017,1.1442,1.1442,2.4617,1.5059,1.1728,1.2017,2.8217,3.5854,2.0134,1.7352,1.5059
2013-02-01 00:00:00,2,4.1511,2.3844,3.6643,2.1587,2.2329,2.5007,1.8722,2.5007,1.8722,1.8376,1.7352,1.6353,1.5059,1.32,1.29,1.2603,1.2017,1.2017,1.1728,1.1442,1.1442,1.1442,1.1159,1.0328,1.0328,1.0328,1.1159,1.1442,,,
2013-01-01 00:00:00,2,1.0328,0.9523,0.9261,0.9261,0.9001,0.8492,0.9523,1.1159,1.1159,1.1728,4.1511,2.7807,2.7399,1.7017,1.4742,1.5701,1.5378,2.9881,2.0134,1.7352,2.2704,1.8376,1.4742,1.4117,2.5794,5.9322,2.9044,5.4648,3.9863,5.4648,3.2006
2012-12-01 00:00:00,2,1.2017,1.1442,1.1159,1.0328,1.1442,1.0602,1.0328,1.0057,1.0879,2.3082,1.6353,1.4742,1.3809,1.2603,1.1728,1.1159,1.0602,0.9788,1.7352,1.2308,1.1159,4.3184,1.8376,1.4742,1.2308,1.1442,1.0879,0.9788,2.4617,1.5059,1.2017
2012-11-01 00:00:00,2,0.6805,0.6805,1.9071,1.2603,1.0328,1.0057,1.5378,2.2704,4.0684,6.2195,2.5399,1.7017,1.4117,4.9231,3.9863,2.0855,2.0493,1.6684,1.4117,1.3809,1.9423,1.4428,1.2308,1.2603,1.6353,1.5378,1.4742,1.4117,1.2603,1.2308,
2012-10-01 00:00:00,2,0.8745,0.8745,0.8745,0.8492,0.8242,0.7994,0.775,0.775,0.775,0.775,0.775,0.775,1.3503,1.0057,0.9001,0.8242,0.8242,0.8242,0.8242,1.2017,1.0057,0.9261,0.9261,0.9523,0.9261,0.9001,0.8242,0.8242,0.7994,0.775,0.7271
2012-09-01 00:00:00,2,0.9261,0.9261,0.9261,0.9261,0.9261,0.9261,0.9261,0.9261,0.8745,0.8745,0.8745,0.8745,0.8745,0.8745,0.8745,0.8745,0.8745,0.8745,0.8745,0.8745,0.8745,1.0879,1.0602,0.9788,1.2603,1.4117,0.9788,0.9788,0.9261,0.8745,
2012-08-01 00:00:00,2,1.0879,1.0879,1.1442,1.1442,1.1442,1.0879,1.0879,1.0879,1.0879,1.0879,1.0879,1.0879,1.0879,1.0879,1.0879,1.0879,1.0879,1.0879,1.0879,1.0602,1.0328,0.9788,0.9788,0.9788,1.0328,1.0328,1.0328,0.9788,0.9788,0.9523,0.9261
2012-07-01 00:00:00,2,1.2603,1.2603,1.2603,1.2603,1.2603,1.32,1.32,1.32,1.32,1.32,1.32,1.32,1.32,1.32,1.32,1.29,1.2603,1.2603,1.2603,1.2017,1.2017,1.2017,1.2017,1.2017,1.2017,1.2017,1.1442,1.1442,1.1442,1.1159,1.0879
2012-06-01 00:00:00,2,1.6353,1.7352,1.6353,1.7017,1.7352,2.9044,2.8217,2.1587,1.9071,1.8376,1.8032,1.7352,1.7017,1.6353,1.5701,1.5378,1.5059,1.5059,1.5059,1.5059,1.5059,1.5059,1.5701,1.5059,1.4742,1.4428,1.4428,1.4428,1.4117,1.3809,
2012-05-01 00:00:00,2,1.8376,1.8376,1.7691,1.7691,1.7691,1.7691,1.8376,1.8376,1.8376,1.8376,1.8376,1.7352,1.7352,2.0855,2.9881,2.122,1.8722,1.8376,1.7691,1.7017,1.7017,1.7017,1.7017,1.7352,2.122,1.9071,1.7352,1.7017,1.6684,1.6353,1.6353
2012-04-01 00:00:00,2,2.6192,2.5399,2.3462,2.4229,2.1957,2.2329,3.2762,2.4617,2.2329,2.1587,2.122,2.0855,2.0493,2.0855,2.0493,2.0493,2.0493,2.2704,2.1957,2.122,1.9423,1.9071,2.0134,1.9423,1.9071,1.9071,3.9863,2.2329,1.9423,1.8722,
2012-03-01 00:00:00,2,2.5007,2.4229,2.5794,2.2704,2.3082,2.3082,2.3082,2.2704,2.2704,2.2329,2.2329,2.1587,6.2195,2.7807,3.1154,9.2498,8.2616,3.5854,2.9044,2.8217,2.7807,2.6192,2.9461,2.8629,2.6192,2.4617,2.3844,2.3462,2.6192,2.6592,3.2762
2012-02-01 00:00:00,2,5.9322,5.0119,4.1511,3.9863,3.824,3.5854,3.5071,3.5854,5.1013,13.8655,8.5864,7.6263,5.0119,4.1511,3.5854,3.5071,3.4295,3.2762,3.0303,2.9881,2.9044,2.9044,2.8629,2.8629,2.8217,2.7399,2.5794,2.5794,2.5794,,
2012-01-01 00:00:00,2,61.2111,72.5328,46.9443,32.4727,27.6407,16.8717,34.4206,73.6262,36.4448,22.8066,18.5719,13.6054,12.2083,10.9881,9.3622,8.9158,8.3693,7.7308,7.3158,6.8092,6.4138,6.1232,5.8376,5.373,5.1013,4.9231,4.7473,9.2498,5.373,6.1232,8.1544
2011-12-01 00:00:00,2,6.0274,4.2344,3.4295,2.3462,2.3844,1.9423,2.1587,2.2704,1.9777,6.2195,6.3164,2.2329,2.2704,1.8722,37.8375,58.3423,70.3785,55.5645,53.7626,42.9905,13.8655,10.8688,14.6567,8.1544,6.6104,5.65,13.7352,26.5126,10.163,46.9443,7.2134
2011-11-01 00:00:00,2,0.8492,0.7994,0.8242,0.7037,0.6805,0.6805,0.6351,0.6351,0.5911,0.5911,0.5695,0.5483,1.1159,1.8032,1.6026,4.4029,1.7352,1.5059,1.6684,1.1442,0.9523,0.8745,2.8629,3.4295,2.5007,2.0134,21.8152,3.7438,10.8688,2.1587,
2011-10-01 00:00:00,2,0.5068,0.5068,0.5068,0.6805,0.6805,0.6577,0.6351,0.6351,0.6129,0.5483,0.5911,0.5911,0.6577,1.32,1.0328,1.5378,1.2017,0.9523,0.8492,0.7271,0.6805,0.6577,0.6805,0.9523,1.1442,0.8492,0.8242,0.7994,0.9523,0.8492,0.6577
2011-09-01 00:00:00,2,0.6351,0.5911,0.5911,0.5911,0.5911,0.5911,0.5483,0.5483,0.5068,0.5068,0.5068,0.5068,0.5068,0.5068,0.5068,0.5068,0.5483,0.5483,0.5483,0.5483,0.5483,0.5274,0.5068,0.5068,0.5068,0.5068,0.5068,0.5068,0.5068,0.5068,
2011-08-01 00:00:00,2,0.775,0.775,0.7271,0.7271,0.7271,0.7271,0.7271,0.7271,0.7271,0.7271,0.7271,0.7271,0.7271,0.6805,0.6805,0.6805,0.6805,0.6805,0.6805,0.6805,0.6805,0.6805,0.6805,0.6577,0.6351,0.6351,0.6351,0.6351,0.6351,0.6351,0.6351
2011-07-01 00:00:00,2,0.9261,0.9261,0.9261,0.9261,0.8745,0.8745,0.8745,0.8745,0.8745,0.8745,0.8492,0.8242,0.8242,0.8242,0.8242,0.8242,0.8242,0.8242,0.8242,0.8242,0.8242,0.8242,0.8242,0.8242,0.8242,0.8242,0.8242,0.8242,0.8242,0.8242,0.7994
2011-06-01 00:00:00,2,0.9788,0.9788,0.9788,0.9523,0.9261,0.9261,0.9261,0.9261,0.9261,1.29,1.2308,1.1728,1.1728,1.1442,1.1159,1.0879,1.0602,1.0328,1.0328,1.0057,0.9788,0.9788,0.9788,0.9788,0.9788,0.9261,0.9261,0.9261,0.9261,0.9261,
2011-05-01 00:00:00,2,1.1728,1.1728,1.1728,1.1159,1.1442,1.1442,1.1442,1.1159,1.1159,1.1159,1.1159,1.1159,1.0879,1.1159,1.0879,1.0879,1.1442,1.1159,1.1159,1.0879,1.0602,1.0328,1.0057,1.0057,1.0057,1.0328,0.9788,1.0328,0.9788,0.9788,0.9788
2011-04-01 00:00:00,2,1.6684,1.6353,1.6026,1.5701,2.0493,2.0134,1.8722,1.8032,1.6026,1.5059,1.4742,1.4428,1.4428,1.4117,1.4117,1.3503,1.32,1.32,1.32,1.32,1.2603,1.2017,1.2308,1.2017,1.2017,1.1728,1.2017,1.2017,1.1728,1.1442,
2011-03-01 00:00:00,2,1.4428,2.7807,1.5701,1.0879,2.9044,11.5922,68.2673,11.9604,7.2134,2.7399,2.8629,2.9461,3.0727,3.7438,3.9048,2.8629,13.7352,2.9881,2.7399,2.4617,2.2704,2.1587,2.0855,1.8722,1.7352,1.7352,1.7352,1.6353,1.6026,1.6353,1.5378
2011-02-01 00:00:00,2,1.29,1.2308,1.1442,1.1159,1.1442,1.1442,1.1442,1.1159,1.1159,1.1159,1.9071,1.5059,1.2017,1.1728,1.1159,1.1159,1.1159,1.0602,1.0328,1.0057,0.9788,0.9788,1.0057,1.0602,1.6684,1.5701,3.0727,1.6026,,,
2011-01-01 00:00:00,2,9.4751,3.3525,5.1013,5.9322,4.3184,4.8349,3.5071,2.5007,2.3462,2.0134,2.3082,1.9071,1.8376,1.9423,3.5854,3.7438,3.0303,5.5571,4.3184,2.9461,2.2329,1.8376,1.7691,1.7691,1.6353,1.6026,1.5059,1.4742,1.4742,1.3503,1.32
2010-12-01 00:00:00,2,6.7096,1.29,1.5059,1.3503,1.4742,21.8152,2.3844,2.1587,1.7352,1.6353,1.4742,1.4428,1.4742,1.9423,7.9416,2.2329,1.4117,1.3809,1.3809,1.2603,1.1442,1.2017,1.1159,1.2017,1.6026,1.4117,1.6026,2.7399,1.1159,1.32,1.9423
2010-11-01 00:00:00,2,1.0879,1.4742,1.2603,0.9523,0.8492,2.9044,2.6192,1.4742,1.2017,1.2308,1.4117,1.6353,0.9261,1.0328,1.0328,1.0602,2.3844,1.3809,1.2308,1.0602,1.7017,9.0266,5.1913,1.7017,7.6263,6.4138,2.122,1.7691,1.5701,1.5701,
2010-10-01 00:00:00,2,1.0328,0.9001,0.775,0.9261,1.29,1.0879,1.1159,1.29,1.3809,1.0328,0.8242,0.8242,0.775,0.7509,0.7994,0.7994,0.9001,1.7017,2.1587,0.8242,0.9523,0.8242,0.7994,0.7509,0.7994,0.8492,0.7994,0.775,0.7509,0.775,1.1159
2010-09-01 00:00:00,2,0.7271,0.7271,0.7271,0.7271,0.7271,0.7037,0.7037,0.7037,0.7037,0.7271,0.7271,0.7037,0.8242,0.7037,0.7037,0.6805,0.7037,0.6805,0.6805,0.6805,0.7037,0.6805,0.6805,0.6577,0.6577,0.6577,0.6351,0.6351,1.1728,1.1442,
2010-08-01 00:00:00,2,0.9001,0.9001,0.9001,0.8745,0.8492,0.8492,0.8745,0.8745,0.8492,0.8492,0.8492,0.8492,0.8242,0.8242,0.8242,0.8242,0.8242,0.8242,0.8242,0.8492,0.8242,0.7994,0.775,0.775,0.775,0.7509,0.7509,0.7509,0.7509,0.7509,0.7271
2010-07-01 00:00:00,2,1.1159,1.0602,1.0328,1.0602,1.0057,1.0057,1.0328,1.0879,1.0879,1.0602,1.0879,1.1159,1.0328,0.9788,1.0328,1.0602,1.0879,1.0602,1.0879,1.0602,1.0328,1.0057,1.0057,0.9523,0.9523,0.9261,0.9261,0.9001,0.9001,0.8745,0.9261
2010-06-01 00:00:00,2,1.1728,1.2308,1.2017,1.2308,1.1728,1.1159,1.2017,1.1442,1.0602,1.0879,1.0602,1.0328,1.0879,1.0057,1.0879,1.0879,1.1442,1.2308,1.29,1.1728,1.1442,1.2603,1.29,1.2308,1.0879,1.0057,0.9788,0.9261,1.0328,1.0602,
2010-05-01 00:00:00,2,1.7017,1.7017,1.7017,1.5701,1.5378,1.5378,1.5378,1.5378,1.5378,1.5378,1.6684,1.7017,1.7017,1.5701,1.4117,1.3809,1.3809,1.3809,1.3809,2.9461,2.3462,1.7691,1.7017,1.7017,1.4428,1.3809,1.3809,1.3809,1.3809,1.3809,1.3809
2010-04-01 00:00:00,2,2.2102,2.2102,2.2102,2.2102,3.2705,2.4223,2.2102,2.1957,2.122,1.9777,1.8722,1.8722,1.8722,1.8722,1.8722,1.7352,1.7017,1.7017,1.7017,1.7017,1.7017,1.7017,1.7017,1.7017,1.7017,1.7017,1.6353,1.5378,1.5378,1.6684,
2010-03-01 00:00:00,2,2.4773,3.1389,35.7615,23.3134,6.8414,3.0744,8.6683,4.7953,3.0108,2.7059,2.5332,2.262,2.4223,2.262,2.262,2.2102,4.1387,3.9844,2.8252,2.4223,9.4455,6.4139,5.331,4.3774,3.0744,2.5899,2.4223,2.2102,2.2102,2.2102,2.2102
2010-02-01 00:00:00,2,3.2043,3.0744,2.8862,2.7651,2.7651,2.7059,2.5899,2.4773,2.4773,2.5332,2.4773,2.368,2.4773,2.5899,2.5899,2.5332,2.4773,2.4773,2.4223,2.368,2.3146,2.3146,2.2102,2.109,2.109,2.0109,2.0596,1.9631,,,
2010-01-01 00:00:00,2,9.2877,8.1418,7.2874,5.424,4.9697,5.6131,10.3339,8.3657,4.7097,4.0611,3.0744,3.2705,3.8341,4.3774,3.6158,3.4059,3.4749,3.3377,3.2043,4.1387,6.6253,7.6344,4.4589,5.424,7.8717,6.9511,6.1053,5.2391,3.6876,3.4059,3.0744
2009-12-01 00:00:00,2,2.368,2.1592,2.7651,29.392,18.5719,14.9976,11.257,9.0533,13.0231,12.8415,8.8984,4.0611,3.6158,5.7094,11.95,4.3774,3.4059,3.2043,3.2043,3.1389,2.948,3.6876,2.6475,3.0744,3.0108,2.7059,2.7651,23.8277,14.5164,12.9322,11.775
2009-11-01 00:00:00,2,1.649,1.7791,2.4773,1.6071,1.5254,1.4856,1.3704,1.2613,1.1919,1.2263,1.5659,1.297,2.368,1.5254,1.3704,1.3334,2.1592,1.5254,1.297,1.2613,1.1919,1.1582,1.0845,1.044,1.004,1.004,0.9645,2.8862,2.0109,2.262,
2009-10-01 00:00:00,2,0.8871,0.8871,0.8492,1.0845,0.9255,0.8871,0.9255,3.1389,1.6917,1.2613,0.739,0.6684,0.7752,0.9255,0.9255,0.9645,0.9255,1.004,1.044,4.2172,2.0109,12.9322,4.9697,2.3146,1.9159,2.4223,7.8717,3.0744,2.109,1.9159,1.6917
2009-09-01 00:00:00,2,0.8871,0.8871,0.8871,0.8871,0.9255,0.8871,0.8871,0.8871,0.8871,0.8119,0.7752,0.7752,0.7752,0.7752,0.7752,0.8492,0.8119,0.739,0.739,0.6684,0.6684,2.3146,1.8696,2.1592,1.4856,1.1919,1.0845,1.004,0.9255,0.9255,
2009-08-01 00:00:00,2,0.8871,0.8871,0.8871,0.8871,0.8871,0.8871,0.8871,0.8871,0.8871,0.8871,0.8871,0.8871,0.8871,0.8871,0.8871,0.8871,0.8871,0.8871,0.8871,0.8871,0.8871,0.8871,1.0845,1.2613,1.1582,1.044,1.004,1.004,0.9255,0.8871,0.8871
2009-07-01 00:00:00,2,1.1582,1.1256,1.1256,1.1256,1.1256,1.1256,1.1256,1.1256,1.1256,1.1256,1.1256,1.1256,1.044,1.004,1.004,1.004,1.004,1.004,1.004,1.004,1.004,1.004,1.004,1.004,1.004,1.004,1.004,0.9255,0.8871,0.8871,0.8871
2009-06-01 00:00:00,2,1.2613,1.2613,1.2613,1.1582,1.2613,1.2613,1.2613,1.2263,1.1919,1.1919,1.1919,1.1919,1.1919,1.1919,1.1582,1.1256,1.1256,1.1256,1.1256,1.044,1.1256,1.1256,1.1256,1.1256,1.1256,1.4081,1.9159,2.0109,1.5254,1.297,
2009-05-01 00:00:00,2,1.4081,1.4856,1.6071,1.5254,1.4856,1.4856,1.4081,1.4081,1.4081,1.3704,1.3334,1.3334,1.3334,1.297,1.3334,1.3334,1.3334,1.297,1.2613,1.2613,1.2613,1.2613,1.2613,1.2613,1.2613,1.2613,1.3334,1.3334,1.3334,1.297,1.297
2009-04-01 00:00:00,2,2.4773,2.0596,1.9159,1.7791,1.7791,1.7791,2.109,2.109,2.0109,1.8696,1.735,1.6917,1.6917,1.6917,1.6917,1.7791,1.649,1.5659,1.4856,1.4081,1.4081,1.4081,1.4081,1.4081,1.4081,1.4081,1.4081,1.4081,1.4081,1.4081,
2009-03-01 00:00:00,2,2.3146,2.2102,2.2102,2.0596,2.109,2.0596,2.3146,2.368,2.1592,1.9631,1.9631,1.8696,1.8696,1.8696,1.8696,1.8696,1.9159,1.9631,1.8696,1.735,1.6917,1.824,1.8696,2.4223,2.2102,2.0596,1.9631,4.1387,2.948,2.5899,3.4749
2009-02-01 00:00:00,2,2.3146,7.994,6.7328,3.6876,2.7059,2.4773,2.5332,2.8862,5.331,4.7953,3.4749,3.0108,3.2043,10.9173,5.9051,3.4749,3.0108,2.7651,2.6475,2.4773,2.368,2.368,2.4223,2.368,19.014,8.5164,3.2705,2.5332,,,
2009-01-01 00:00:00,2,4.882,3.4059,2.7059,3.3377,13.8544,8.4409,4.2968,3.2043,2.6475,2.7059,2.5332,2.3146,2.2102,2.0596,5.6131,3.4059,2.368,2.948,4.4589,5.0584,5.518,11.775,6.4139,3.4059,2.948,2.8252,3.0108,3.4749,3.7604,3.2043,2.4773
2008-12-01 00:00:00,2,1.1919,0.8492,0.8492,0.7752,0.739,0.6684,0.6684,0.634,0.6684,0.6684,0.5671,1.6071,1.3704,4.7097,10.7492,16.0801,11.6012,7.7524,4.882,3.9088,2.6475,2.109,4.2172,2.8862,2.4773,2.5332,12.4815,41.4733,14.6121,5.6131,4.0611
2008-11-01 00:00:00,2,0.739,0.6684,0.6003,0.5346,0.5028,0.5346,0.7034,0.7752,0.739,1.3334,1.4081,1.004,1.004,1.3334,1.6071,1.2613,0.8492,10.4992,3.6876,1.2613,1.004,0.8492,0.8492,0.7752,2.5332,1.2263,0.9255,1.1582,0.9645,1.6917,
2008-10-01 00:00:00,2,0.634,0.739,0.7752,0.7034,0.634,0.6003,0.6684,0.6684,0.634,0.634,0.634,0.634,0.6003,0.5346,0.5671,0.5671,0.5671,0.634,0.6684,0.6684,0.634,0.634,0.6003,0.5671,0.5346,0.5346,0.5346,0.5346,0.5028,0.4716,0.6003
2008-09-01 00:00:00,2,0.8492,0.739,0.6684,0.634,0.6003,0.5671,0.5671,0.5671,0.5671,0.5671,0.5671,0.6684,0.6003,0.5346,0.6003,1.0845,1.044,1.2263,0.9255,0.739,0.739,2.948,1.4465,0.8119,0.6684,0.634,0.8871,0.9645,0.8119,0.739,
2008-08-01 00:00:00,2,0.8119,0.8119,0.7752,0.739,0.739,0.739,0.739,0.8119,0.8492,0.8492,0.8119,0.8119,0.7752,0.739,0.739,0.739,0.739,0.739,0.7034,0.7034,0.7034,0.6684,0.6684,0.6684,0.6684,0.634,0.634,0.634,0.6003,0.5671,0.7752
2008-07-01 00:00:00,2,1.1582,1.1582,1.1582,1.1582,1.0845,1.0845,1.0845,1.0845,1.0845,1.044,1.044,1.004,1.004,1.004,1.004,1.004,1.004,1.004,0.9255,0.9255,0.9255,0.9255,0.9255,0.9255,0.9255,0.8492,0.8492,0.8492,0.8492,0.8492,0.8492
2008-06-01 00:00:00,2,1.2613,1.2613,1.297,1.297,1.297,1.2613,1.2613,1.2613,1.2613,1.2613,1.2263,1.2263,1.1919,1.1919,1.1919,1.1919,1.1919,1.1919,1.1919,1.1582,1.1256,1.1256,1.1256,1.1582,1.1582,1.1582,1.1919,1.1919,1.1919,1.1919,
2008-05-01 00:00:00,2,2.0109,2.0109,1.9631,1.9631,1.9159,1.8696,1.824,1.735,1.6917,1.6917,1.6917,1.649,1.649,1.649,1.6071,1.649,1.649,1.649,1.6071,1.5254,1.5254,1.4465,1.4465,1.4081,1.4081,1.4081,1.4081,1.4081,1.3704,1.3704,1.3334
2008-04-01 00:00:00,2,2.5899,2.4773,2.368,2.3146,2.3146,2.5332,2.6475,2.4223,2.4223,2.948,3.8341,3.3377,3.3377,3.1389,3.0108,2.6475,2.5899,2.5899,2.5332,2.5332,2.5332,2.4773,2.368,2.368,2.262,2.1592,2.1592,2.109,2.109,2.0596,
2008-03-01 00:00:00,2,10.1698,2.8252,2.5899,2.5332,3.0108,3.1389,2.7651,13.9481,4.882,3.9088,4.7097,5.6131,5.6131,7.062,8.8214,10.2517,8.5164,2.7651,3.0744,3.0744,3.0108,2.8862,2.8252,2.6475,2.6475,3.4059,3.5449,3.6158,3.2705,2.6475,2.5899
2008-02-01 00:00:00,2,3.4749,2.7651,2.3146,6.0046,5.331,5.331,6.519,5.6131,3.0108,2.948,2.948,2.4223,2.3146,2.3146,2.2102,1.7791,1.6917,1.649,4.6251,5.424,2.6475,2.6475,1.6071,1.824,8.0677,8.1418,4.9697,5.424,11.8623,,
2008-01-01 00:00:00,2,0.5028,0.4716,0.4411,0.4112,0.3821,0.3821,0.4112,0.4716,0.5346,0.5671,1.6071,3.2705,6.0046,1.4465,1.2613,1.2263,1.2263,1.2263,1.3704,1.4081,1.5254,1.5659,1.8696,2.262,3.2043,3.0108,1.7791,2.262,11.0866,14.231,11.95
2007-12-01 00:00:00,2,0.5346,0.5346,0.5671,0.5671,0.5346,0.5028,0.5671,0.6003,3.4059,1.6071,0.8119,0.7034,0.6003,0.739,0.7034,0.6003,0.5346,0.4716,0.4411,0.6684,1.044,1.9159,1.824,3.1389,1.9631,1.5659,1.5254,1.3334,1.1582,1.004,0.739
2007-11-01 00:00:00,2,0.3821,0.3821,0.3537,0.3537,0.4411,0.4716,0.5028,0.5671,0.5671,0.5346,0.5028,0.5028,7.9205,5.1482,0.8119,0.8119,0.739,0.5671,0.5671,0.5346,0.8119,0.8492,0.8119,0.634,0.4411,0.6003,0.4112,0.4112,0.4716,0.634,
2007-10-01 00:00:00,2,0.3821,0.3821,0.3537,0.3537,0.3261,0.3261,0.3261,0.3261,0.3261,0.2992,0.2992,0.2992,0.2992,0.2992,0.2992,0.2731,0.2731,0.2731,0.2992,0.9255,2.8862,0.5346,0.5346,0.5671,1.735,3.6158,2.8862,0.6003,0.4716,0.4411,0.4112
2007-09-01 00:00:00,2,0.5671,0.5671,0.5671,0.5671,0.5346,0.5028,0.4716,0.4411,0.4716,0.4716,0.4716,0.4716,0.4716,0.4716,0.4716,0.4411,0.4411,0.4411,0.4411,0.3821,0.3821,0.3821,0.3821,0.3821,0.3821,0.3821,0.3821,0.3821,0.3821,0.3821,
2007-08-01 00:00:00,2,0.8119,0.8119,0.8119,0.8492,0.8492,0.8492,0.8119,0.8119,0.8119,0.7752,0.7752,0.739,0.739,0.739,0.739,0.739,0.739,0.7034,0.7034,0.7034,0.7034,0.7034,0.6684,0.6684,0.634,0.634,0.6003,0.5346,0.5346,0.5346,0.5346
2007-07-01 00:00:00,2,0.8871,0.8871,0.8871,0.8871,0.8119,0.8119,0.8119,0.7752,0.7752,0.7752,0.7752,0.7752,0.7752,0.7752,0.7752,0.7752,0.7752,0.7752,0.739,0.739,0.739,0.739,0.739,0.739,0.739,0.739,1.1256,1.1582,0.8492,0.8119,0.8119
2007-06-01 00:00:00,2,1.1919,1.2263,1.2263,1.1919,1.1919,1.1582,1.1582,1.1582,1.1582,1.1256,1.1256,1.1256,1.1256,1.1256,1.0845,1.044,1.044,1.004,1.004,0.9645,0.9255,0.9255,0.9255,0.9255,0.9255,0.9255,0.8871,0.8871,0.8871,0.8871,
2007-05-01 00:00:00,2,1.5659,1.5659,1.5254,1.4465,1.3704,1.3334,1.3334,1.3334,1.3334,1.297,1.297,1.2613,1.2613,1.2613,1.2613,1.1919,1.1919,1.1919,1.1582,1.1582,1.1582,1.1582,1.1582,1.1582,1.1582,1.1256,1.1919,1.1919,1.2263,1.2263,1.1919
2007-04-01 00:00:00,2,1.5659,1.5254,1.5254,1.5254,1.4856,1.4856,1.9631,2.368,2.2102,2.0109,1.7791,1.649,1.6071,1.5659,1.5254,1.4856,1.4465,1.4465,1.4465,1.4465,1.4465,1.4081,1.4081,1.649,1.6071,1.5659,1.6071,1.735,2.3146,1.824,
2007-03-01 00:00:00,2,2.8862,2.6475,2.5332,2.4773,2.4223,2.3146,2.3146,2.262,2.262,2.2102,2.2102,2.1592,2.0596,1.9159,1.7791,1.735,2.0109,2.262,2.2102,2.109,2.3146,2.262,2.109,2.109,1.824,1.735,1.735,1.649,1.649,1.649,1.5659
2007-02-01 00:00:00,2,7.8717,3.9088,3.0744,5.518,4.4589,5.2391,4.9697,4.4589,4.4589,4.2968,3.9844,3.8341,3.5449,3.6158,4.0611,3.8341,4.0611,3.6876,3.7604,3.7604,3.4059,3.3377,3.2705,3.3377,3.2705,3.4749,3.4749,3.3377,,,
2007-01-01 00:00:00,2,4.2968,4.3774,4.7097,8.2907,9.0533,11.3426,8.3657,6.0046,4.0611,3.6158,3.8341,3.7604,3.6876,13.4822,42.9905,67.2277,42.2274,13.4822,5.8067,4.9697,4.5415,3.9088,3.5449,3.9844,53.7626,14.6121,8.0677,5.9051,8.6683,11.8623,31.2159
2006-12-01 00:00:00,2,3.0744,1.735,1.3704,1.2613,1.1582,3.0744,1.649,11.0018,9.2093,4.3774,3.2705,3.2043,3.8341,4.2172,8.6683,17.2866,12.7511,4.3774,3.6158,3.0108,2.8862,2.6475,2.109,2.0109,1.824,1.5659,2.1592,1.7791,1.824,1.6071,11.775
2006-11-01 00:00:00,2,0.7752,0.7752,1.297,1.044,0.8871,0.739,0.7034,0.9255,0.6684,0.739,1.6917,1.044,0.739,2.262,1.7791,1.2613,0.9255,0.8492,0.9645,1.9631,1.5659,2.8862,1.5659,1.1919,0.9645,0.8492,1.044,1.4856,4.1387,2.368,
2006-10-01 00:00:00,2,0.7752,0.7752,0.7752,0.7752,0.7752,0.7752,0.8492,0.9645,0.8492,0.8119,0.8119,0.8119,0.8119,0.8119,0.8119,0.8119,0.7752,1.044,1.735,2.1592,1.3334,0.9645,1.044,1.004,0.8871,0.8492,0.8492,0.9645,1.004,0.8492,0.7752
2006-09-01 00:00:00,2,0.6003,0.7752,1.0845,0.9255,0.8119,0.7752,0.7752,0.7752,0.7034,0.7034,0.7034,0.7034,0.6684,0.6684,0.6003,0.6003,0.6003,0.6003,0.6003,1.9631,1.735,1.2613,1.8696,1.2613,0.9645,0.8492,0.8119,0.7752,0.7752,0.7752,
2006-08-01 00:00:00,2,0.5671,0.7752,0.7752,0.7752,0.7752,0.7034,0.7034,0.7034,0.6684,0.6684,0.6684,0.6684,0.6684,0.6684,0.6684,0.6003,0.5671,0.5671,0.5671,0.5671,0.5671,0.5671,0.5671,0.5028,0.5028,0.5028,0.5028,0.6003,0.6684,0.6684,0.6003
2006-07-01 00:00:00,2,0.8119,0.7752,0.7752,0.7752,0.7752,0.7752,0.7752,0.7752,0.7752,0.7752,0.7034,0.7034,0.7034,0.7034,0.7034,0.6684,0.6684,0.6684,0.6684,0.6684,0.6684,0.6684,0.6684,0.6003,0.6003,0.6003,0.6003,0.6003,0.5671,0.5671,0.5671
2006-06-01 00:00:00,2,0.8492,0.8492,0.8119,0.8119,0.8119,0.8119,0.8119,0.8119,0.7752,0.7752,0.7752,0.7752,0.7752,0.739,0.739,0.739,0.7034,0.7034,0.7034,0.7034,0.7034,0.7034,0.7034,0.7034,0.7034,0.8119,0.8492,0.8492,0.8492,0.8119,
2006-05-01 00:00:00,2,1.2613,1.2613,1.2613,1.1919,1.1582,1.1256,1.1256,1.1256,1.1256,1.1256,1.735,1.3704,1.1919,1.1919,1.1256,1.1256,1.1256,1.1256,1.0845,1.0845,1.044,1.044,1.044,1.044,1.044,1.044,1.004,0.9645,0.9255,0.8871,0.8492
2006-04-01 00:00:00,2,1.5254,1.4465,1.4465,1.4081,1.3704,1.3704,1.3704,1.3704,5.0584,2.368,1.6071,1.5659,8.8984,1.4081,1.5659,1.4856,1.4856,5.2391,1.9159,1.6917,1.9631,1.8696,1.824,1.5659,1.4081,1.3334,1.3334,1.3334,1.2613,1.297,
2006-03-01 00:00:00,2,1.4856,2.8862,5.7094,2.8252,1.6917,11.3426,4.882,2.5332,3.1389,1.8696,10.1698,7.4019,2.8252,2.7059,2.262,2.4773,2.7651,3.2043,4.3774,2.5332,2.368,1.9631,1.9159,1.7791,1.6917,1.6917,2.0109,1.9159,1.649,1.5659,1.6071
2006-02-01 00:00:00,2,1.8696,1.735,1.4081,1.2263,1.1256,1.044,1.044,1.044,1.004,1.004,1.1256,2.109,2.948,1.4856,1.2613,1.2263,1.1582,1.0845,1.044,0.9255,0.9255,0.8871,0.8871,1.0845,1.2613,1.9159,1.5254,1.2613,,,
2006-01-01 00:00:00,2,1.4081,1.3704,1.4856,1.4081,13.0231,8.6683,4.0611,2.8252,2.3146,2.0109,1.824,1.6917,1.649,1.6071,1.5254,1.4465,1.4081,1.3334,1.2613,1.1919,1.1919,1.1582,1.1582,1.0845,0.9645,0.9645,1.044,1.297,1.2613,2.7059,1.735
2005-12-01 00:00:00,2,1.3334,1.2613,2.5332,1.3704,1.1919,0.9255,6.0046,2.109,1.6917,1.649,3.2043,15.0946,6.0046,6.6253,24.3494,5.6131,3.6158,2.7651,2.8252,6.6253,2.109,1.8696,1.5659,1.4465,1.4465,3.2705,2.0109,1.735,1.5659,1.4856,1.4081
2005-11-01 00:00:00,2,0.5759,0.6525,0.6791,0.6264,0.6791,0.6791,0.7911,1.9606,1.1802,1.9606,1.9144,1.2528,1.0754,0.9119,0.8504,0.8205,0.7911,0.7911,1.6494,18.5719,3.8341,1.649,1.5254,11.688,4.6251,6.8414,1.735,1.6917,1.6917,1.649,
2005-10-01 00:00:00,2,0.734,0.6791,0.6791,0.6525,0.6525,0.6009,0.6525,0.6009,0.6009,0.6009,0.5514,0.5514,0.5275,0.5275,0.5275,0.5275,0.5042,0.4814,0.4814,0.4814,0.4814,0.4814,0.4814,0.4591,0.4374,0.4162,0.5759,0.6009,0.6009,0.5759,0.5514
2005-09-01 00:00:00,2,0.734,0.734,0.734,0.734,0.734,0.7063,0.8205,0.8809,0.9119,0.7623,0.734,0.7063,0.7063,0.6791,0.6791,0.6791,0.6525,1.1802,1.0416,0.7911,0.6791,0.6791,0.6791,0.6791,0.6791,1.3276,1.1802,0.8504,0.8205,0.7623,
2005-08-01 00:00:00,2,0.8205,0.8205,0.8205,0.8205,0.7911,0.7911,0.8205,0.8205,0.8205,0.8205,0.8205,0.8205,0.8205,0.8205,0.7911,0.7911,0.7623,0.7623,0.7623,0.7623,0.7623,0.7623,0.7623,0.7623,0.7623,0.7911,0.7911,0.7911,0.7623,0.734,0.734
2005-07-01 00:00:00,2,1.0084,1.0084,1.0084,0.9757,0.9757,0.9757,0.9757,0.9435,0.9435,0.9435,0.9435,0.9435,0.9435,0.9435,0.9435,0.9435,0.9435,0.9435,0.9435,0.9435,0.9435,0.9119,0.9119,0.9119,0.9119,0.8809,0.8809,0.8809,0.8809,0.8504,0.8205
2005-06-01 00:00:00,2,1.2528,1.2528,1.2528,1.2528,1.2899,1.2899,1.2162,1.2162,1.2162,1.2162,1.1802,1.1447,1.1098,1.1098,1.1098,1.1098,1.1098,1.1098,1.2899,1.2528,1.2899,1.2899,1.2528,1.1802,1.1447,1.1098,1.0754,1.0754,1.0416,1.0416,
2005-05-01 00:00:00,2,1.7355,1.6073,1.5246,1.4441,1.4047,1.4441,1.4441,1.4441,1.4441,1.4047,1.3659,1.3276,1.3276,1.3276,1.2899,1.2899,1.2899,1.2899,1.2899,1.2899,1.2528,1.2528,1.4841,1.7355,1.4441,6.1883,1.6494,1.3659,1.3276,1.2899,1.2899
2005-04-01 00:00:00,2,2.7208,2.8318,2.6661,2.5585,2.1998,2.1508,2.1024,2.0073,2.0073,1.8689,1.7355,1.7355,1.7355,1.7355,1.6922,1.6073,1.6494,1.6922,1.6922,1.6494,1.6073,1.6073,1.6073,1.5656,1.5656,1.5656,1.7355,1.6073,2.5055,2.1508,
2005-03-01 00:00:00,2,4.1363,8.0677,13.4822,15.7816,11.0018,5.9393,6.5284,5.6956,5.3011,4.4135,4.4843,3.9344,3.5461,3.2988,3.1194,8.2907,3.8027,3.6094,4.3434,3.1194,3.8027,4.1363,3.3598,2.9451,2.8882,3.0026,2.6661,2.612,2.5585,2.4531,2.4013
2005-02-01 00:00:00,2,4.0684,3.8682,3.8682,2.9451,2.5055,4.0011,2.5585,2.2493,2.1998,2.1508,1.8689,1.7794,1.6494,1.5656,1.4047,1.2899,1.3276,12.7511,4.9211,4.5557,2.5055,2.1508,1.7794,1.4047,1.4047,15.6826,3.8027,3.3598,,,
2005-01-01 00:00:00,2,2.0545,4.7732,1.8689,1.6073,13.1144,5.6155,4.1363,3.7377,3.6094,3.7377,2.5055,2.5055,2.5055,3.2988,4.4843,2.2994,1.2528,5.0714,4.3434,4.9959,3.0607,3.0026,3.8027,2.3501,2.2493,1.8689,10.6656,3.7377,14.9976,5.6956,5.6155
2004-12-01 00:00:00,2,0.6525,0.6009,0.6009,0.5759,0.5759,0.734,0.8809,0.9757,0.6791,1.1447,1.7355,1.6922,1.7794,1.3659,0.8809,0.7623,0.6264,0.6264,1.0084,0.7623,5.6956,5.4571,4.7001,3.6732,18.5719,3.4213,3.0607,3.3598,1.5656,1.7794,1.4841
2004-11-01 00:00:00,2,0.5042,0.5514,0.5514,0.5275,0.5042,0.4814,0.4814,0.4814,0.4814,0.4814,0.4814,0.4591,0.4591,0.4591,0.4374,0.4374,0.4374,0.7063,0.7063,0.6791,0.6525,0.6264,0.5759,0.5275,0.5042,0.4374,0.4374,0.4162,0.4162,0.6791,
2004-10-01 00:00:00,2,0.4591,0.4591,0.4591,0.8809,0.7063,0.6791,0.6009,0.5759,0.5514,0.5275,0.5275,0.6009,0.6264,0.6264,0.6009,0.5759,0.5759,0.5514,0.5042,0.4814,0.4814,0.4814,0.4814,0.4591,0.4591,0.4591,0.4814,0.6525,0.6009,0.5759,0.5042
2004-09-01 00:00:00,2,0.6009,0.6009,0.6009,0.6009,0.5759,0.5759,0.5514,0.5514,0.5514,0.5514,0.5514,0.5275,0.5275,0.5275,0.5275,0.5275,0.5275,0.5275,0.5514,0.5514,0.5514,0.5275,0.5275,0.5275,0.4814,0.4814,0.4814,0.4591,0.4591,0.4591,
2004-08-01 00:00:00,2,0.8205,0.8205,0.7911,0.7911,0.7911,0.7911,0.7911,0.7623,0.7623,0.734,0.734,0.7063,0.7063,0.7063,0.7063,0.7063,0.6791,0.6791,0.6791,0.6525,0.6525,0.6525,0.6525,0.6525,0.6525,0.6525,0.6264,0.6264,0.6264,0.6264,0.6009
2004-07-01 00:00:00,2,0.8205,0.8205,0.8205,0.8205,0.7911,0.7911,0.7911,0.7911,0.7911,0.7911,1.5656,1.1098,1.1098,0.8504,0.7911,0.7911,0.7911,0.7911,0.7911,1.3659,1.1447,1.0416,1.0754,1.1802,1.0754,0.9435,0.8504,0.8504,0.8504,0.8205,0.8205
2004-06-01 00:00:00,2,1.1447,1.0754,1.1447,1.1802,1.1447,1.0084,1.0084,1.0084,1.0084,0.9757,0.9757,0.9757,0.9435,0.9435,0.9435,0.9435,0.9435,0.9435,0.8809,0.8809,0.8809,0.8809,0.8504,0.8504,0.8504,0.8205,0.8504,0.8504,0.8205,0.8205,
2004-05-01 00:00:00,2,1.3276,1.2899,1.2528,1.2162,1.2162,1.2162,1.2162,1.1447,1.1447,1.0754,1.0754,1.0754,1.0754,1.0754,1.0754,1.0754,1.0754,1.0754,1.0754,1.0084,0.9435,0.9435,0.9757,1.0084,1.0084,1.2162,1.1802,1.0754,1.1447,1.7355,1.2528
2004-04-01 00:00:00,2,3.5461,1.9144,1.7794,1.6494,2.9451,2.1998,2.2493,2.0545,1.7355,1.7355,1.8689,1.6922,1.6922,1.6494,1.6494,1.5656,1.5246,1.4841,1.4441,1.4047,1.3659,1.3276,1.2899,1.2899,1.2899,1.6073,1.5656,1.4441,1.3659,1.3276,
2004-03-01 00:00:00,2,2.8318,10.8331,3.6732,4.3434,4.0684,3.4835,3.0026,2.776,2.6661,2.5585,2.3501,2.4013,2.1998,2.2493,2.5585,2.2493,2.2493,2.1024,2.0545,2.0545,2.1998,2.0545,1.9144,1.8689,1.6922,1.6922,1.6922,1.6494,1.6494,2.1508,1.7794
2004-02-01 00:00:00,2,1.3659,2.1508,6.1883,2.1998,1.2899,1.2899,1.2528,3.1194,3.3598,2.6661,9.845,6.0217,3.4213,2.7208,7.1463,6.6149,6.0217,5.6155,6.0217,4.0684,3.9344,4.4843,4.4135,6.4425,4.2737,3.5461,3.0026,3.5461,3.7377,,
2004-01-01 00:00:00,2,2.8318,1.6922,4.2047,1.6922,1.2162,2.8318,5.2239,5.2239,10.0881,22.3072,7.1463,8.7447,4.7732,4.3434,4.0011,3.6094,2.8882,2.1998,2.0073,1.7355,1.4441,2.7208,11.775,3.2988,2.0545,2.0545,1.8689,1.7355,1.5656,1.4841,1.4047
2003-12-01 00:00:00,2,0.6791,0.9119,0.8504,0.6791,0.6525,0.6525,8.7447,2.9451,1.9606,1.3659,1.1802,1.0084,0.8809,1.9606,0.9435,0.8205,0.6791,1.0416,0.7911,0.7063,0.6525,2.8318,1.4047,1.0416,0.8205,0.7623,0.734,0.7063,0.7063,0.7063,0.8205
2003-11-01 00:00:00,2,0.6264,0.5759,0.6525,0.6264,0.5514,0.5042,0.7623,1.7794,0.9757,0.734,0.5042,0.5042,0.5042,0.5514,0.5042,0.5042,0.9435,0.8205,0.6264,1.2162,1.0084,0.8504,0.7063,0.5514,0.5042,0.5042,0.5042,0.5759,0.6264,0.6009,
2003-10-01 00:00:00,2,0.5514,0.5042,0.5042,0.4814,0.4814,0.4814,0.4814,0.4814,0.5042,0.5275,0.5275,0.5514,0.5275,0.5042,0.5042,0.5042,0.4814,0.4814,0.4814,0.4814,0.4374,0.3956,0.3956,0.4814,0.5275,0.5042,0.4374,0.4162,0.3755,0.3755,0.3755
2003-09-01 00:00:00,2,0.6791,0.6791,0.6791,0.6791,0.6525,0.6525,0.6264,0.5759,0.5759,0.5759,0.6009,0.6009,0.6009,0.5759,0.6009,0.5759,0.6009,0.6009,0.6009,0.6009,0.5759,0.5514,0.5275,0.5275,0.5042,0.5042,0.4814,0.5275,0.5514,0.5514,
2003-08-01 00:00:00,2,0.7623,0.7623,0.7623,0.7623,0.7623,0.7623,0.7623,0.734,0.734,0.7063,0.7063,0.7063,0.7063,0.734,0.734,0.7063,0.7063,0.7063,0.7063,0.7063,0.7063,0.6791,0.7063,0.7063,0.7063,0.7063,0.7063,0.7063,0.7063,0.7063,0.7063
2003-07-01 00:00:00,2,0.8809,0.8809,0.8504,0.8504,0.8504,0.8504,0.8504,0.8504,0.8504,0.8504,0.8504,0.8504,0.8504,0.8504,0.8504,0.8809,0.8809,0.8504,0.8504,0.8504,0.8504,0.8205,0.8205,0.8205,0.8205,0.7911,0.7623,0.7623,0.7623,0.7623,0.7623
2003-06-01 00:00:00,2,1.0754,1.0754,1.0754,1.0754,1.0754,1.0754,1.0416,1.0416,1.0084,1.0084,1.0084,1.0084,0.9757,0.9757,0.9757,0.9757,0.9757,0.9757,0.9435,0.9435,0.9435,0.9435,0.9435,0.9435,0.9435,0.9435,0.9435,0.9119,0.9119,0.8809,
2003-05-01 00:00:00,2,1.2899,1.2528,1.2899,1.2899,1.2528,2.5585,1.6922,1.4047,1.4047,1.3659,1.2899,1.2899,1.2899,1.2528,1.2528,1.2528,1.2528,1.2528,1.2162,1.2162,1.2162,1.1802,1.1802,1.1802,1.1447,1.1447,1.1098,1.1098,1.1098,1.0754,1.0754
2003-04-01 00:00:00,2,1.8238,1.8238,1.7794,1.7355,2.1024,2.2994,2.9451,2.0073,1.8689,2.1508,2.612,1.8238,1.7355,1.6922,1.6922,1.6922,1.6494,1.6073,1.5656,1.5246,1.4841,1.4441,1.3659,1.4047,1.3659,1.4047,1.3276,1.3276,1.3276,1.3276,
2003-03-01 00:00:00,2,1.7794,1.6922,1.6922,1.6922,1.6494,1.6494,1.5656,1.5656,2.2493,2.5055,1.8689,2.3501,4.3434,2.6661,2.612,2.612,7.6052,5.536,3.4213,2.8318,3.2385,3.3598,3.1194,2.5585,2.1998,2.1024,2.0545,2.1024,2.0073,1.9144,1.8689
2003-02-01 00:00:00,2,4.0684,3.5461,3.3598,3.1786,3.0026,2.8882,2.776,2.7208,2.612,2.5055,2.4013,2.3501,2.2994,2.2994,2.1508,2.9451,2.4531,2.776,2.776,3.0607,2.4531,2.2994,2.1998,2.1024,1.9606,1.9144,1.8689,1.8238,,,
2003-01-01 00:00:00,2,3.5461,2.7208,6.5284,4.9211,4.4843,3.9344,5.0714,6.4425,10.7492,4.9211,8.8984,8.4409,5.6155,4.9211,4.9211,14.7081,29.392,12.2145,13.9481,10.4164,7.5122,12.6609,6.878,6.0217,4.9959,4.4135,4.0684,3.8027,3.6732,8.1418,5.6155
2002-12-01 00:00:00,2,0.7063,0.6009,0.6264,0.5759,0.5759,0.5759,0.6009,0.7063,0.7063,0.7623,1.8238,3.8682,3.8027,3.3598,3.1194,4.8469,5.6956,3.0026,2.2493,1.7355,1.5656,15.2895,4.1363,3.0026,5.0714,2.612,4.0011,2.1024,1.8689,5.536,2.776
2002-11-01 00:00:00,2,0.9435,1.8238,1.0754,0.8504,0.7623,3.2385,1.9144,1.2162,0.9757,0.8504,0.8205,6.702,2.1508,1.3659,1.1098,0.9119,0.9119,1.1802,1.0084,0.8504,0.734,0.9119,0.8504,1.1802,1.4441,1.2162,0.9119,0.8504,0.7911,0.7911,
2002-10-01 00:00:00,2,0.6009,0.6009,0.6009,0.6009,0.5759,0.5759,0.5514,0.5514,0.5514,0.5042,0.4814,0.4814,0.4814,0.4591,0.4591,0.4374,0.4374,0.4162,0.4374,0.4162,0.4162,0.3956,0.5759,0.4591,0.4814,0.4591,0.6791,0.6009,1.6922,1.2162,0.9435
2002-09-01 00:00:00,2,0.8205,1.0754,1.0084,0.734,0.6791,0.6791,0.6525,1.1098,0.7623,0.7063,0.6525,0.6525,0.6009,0.6009,0.6009,0.5759,0.5759,0.5759,0.5514,0.5514,0.5514,0.6264,0.6525,1.1447,1.9144,1.1447,0.7911,0.734,0.6791,0.6264,
2002-08-01 00:00:00,2,0.6791,0.6791,0.6791,0.7063,0.6791,0.6791,0.6525,0.6525,0.6525,0.6264,0.6264,0.6009,0.6009,0.6009,0.6009,0.6009,0.6009,0.6009,0.6009,0.6009,0.6009,0.6009,0.5759,0.5759,0.5759,0.5759,0.5514,0.5514,0.5514,0.5759,0.5514
2002-07-01 00:00:00,2,0.8205,0.7623,0.7623,0.7623,0.7623,0.7623,0.7623,0.7623,0.7623,0.734,0.7623,0.7623,0.8205,0.8205,0.7911,0.7911,0.7623,0.7623,0.734,0.734,0.734,0.734,0.734,0.734,0.734,0.734,0.7063,0.7063,0.7063,0.7063,0.7063
2002-06-01 00:00:00,2,0.9435,0.9119,0.9119,0.9119,0.9119,0.9119,0.8809,0.8809,0.8809,0.8809,0.8809,0.8504,0.8504,0.8205,0.8205,0.8205,0.8205,0.8205,0.8205,0.8205,0.8205,0.8205,0.8205,0.8205,0.8205,0.8205,0.8205,0.8205,0.8205,0.8205,
2002-05-01 00:00:00,2,1.0754,1.0416,1.0416,1.0416,1.0416,1.0416,1.5656,1.2899,1.0754,1.2162,1.1098,1.0754,1.0416,1.0416,1.0416,1.0416,1.0084,1.0084,0.9757,0.9757,0.9757,0.9757,1.0754,1.0084,0.9757,0.9435,0.9435,0.9435,0.9435,0.9435,0.9435
2002-04-01 00:00:00,2,1.6494,1.5656,1.5246,1.5246,1.4841,1.6073,1.4841,1.4441,1.5246,1.4047,1.4047,1.3659,1.4047,1.3659,1.3276,1.2528,1.2528,1.2528,1.3276,1.2162,1.2162,1.2162,1.2162,1.1802,1.1447,1.1098,1.0754,1.1098,1.0754,1.0754,
2002-03-01 00:00:00,2,3.2385,3.0026,2.8882,2.7208,3.0607,2.6661,2.5055,2.3501,2.7208,2.4013,2.2493,2.1998,2.1024,2.1024,2.1998,2.9451,2.612,2.2994,2.5585,2.1508,2.1508,2.0545,3.4213,1.9144,2.0073,2.0073,2.5055,1.8689,1.7794,1.6922,1.6922
2002-02-01 00:00:00,2,2.2994,3.4213,8.8984,2.9451,2.4013,2.1508,2.4013,2.612,10.9173,4.2047,3.2385,2.7208,2.4531,2.2493,3.8027,3.1786,8.2907,39.2652,8.2161,5.8575,6.9668,6.7897,7.5122,5.6155,4.3434,4.4843,3.7377,3.4213,,,
2002-01-01 00:00:00,2,11.0018,6.1047,3.6732,2.6661,2.4531,2.3501,2.0073,1.6494,1.4441,1.5246,1.4841,1.4047,1.4841,2.2994,1.9606,1.7794,1.4841,6.7897,10.0068,4.4843,2.6661,2.1998,1.9606,2.8318,3.1194,2.7208,3.3598,9.7645,4.0684,3.1786,2.6661
2001-12-01 00:00:00,2,1.8238,2.0073,1.1098,0.8809,0.7911,0.734,2.8318,1.1447,0.9119,0.7911,0.734,0.7063,0.6525,0.6525,2.1998,2.776,13.9481,4.2737,2.4531,2.0073,1.7355,1.6073,1.3276,1.2899,1.7355,1.7355,2.3501,2.2994,7.5122,8.2907,4.5557
2001-11-01 00:00:00,2,1.0084,0.5514,0.6264,0.734,1.0416,0.8504,0.6525,0.6009,0.6009,0.6009,0.5042,0.6264,5.3011,2.1508,2.8882,1.4841,1.2899,2.3501,1.5656,1.9144,1.4047,1.0416,0.8809,0.9435,0.8504,0.8205,0.7623,0.7063,0.8809,0.8809,
2001-10-01 00:00:00,2,0.5514,0.5275,0.9757,0.9435,0.7911,0.6264,0.5759,0.6009,0.8504,0.9757,0.734,0.6791,0.6009,0.6009,0.5759,0.5514,0.5275,0.5042,0.5275,1.4441,1.4047,0.8205,0.7063,0.6264,0.5759,0.5514,0.5275,0.5275,0.5275,0.5042,0.5042
2001-09-01 00:00:00,2,0.6264,0.6009,0.5759,0.5759,0.5759,0.5514,0.5514,0.5514,0.5275,0.5042,0.5042,0.5042,0.5042,0.5042,0.8205,0.9119,0.734,0.6791,0.6009,0.6009,0.5514,0.5514,0.5514,0.5514,0.5514,0.5514,0.5514,0.5514,0.5514,0.5514,
2001-08-01 00:00:00,2,0.5514,0.5514,0.5514,0.5514,0.5514,0.5514,0.5275,0.5275,0.5514,0.5514,0.5514,0.5514,0.5275,0.5275,0.5275,0.5275,0.5275,0.5275,0.5275,0.5275,0.5275,0.5275,0.5042,1.4441,1.1802,0.8205,0.7063,0.7063,0.6791,0.6525,0.6264
2001-07-01 00:00:00,2,0.6525,0.6264,0.6525,0.6525,0.6264,0.6264,0.6264,0.6264,0.6264,0.6264,0.6264,0.6264,0.6264,0.6264,0.6009,0.6009,0.6009,0.6009,0.6264,0.6791,0.6791,0.6525,0.6009,0.6009,0.6264,0.6525,0.6264,0.6009,0.6009,0.5759,0.5759
2001-06-01 00:00:00,2,0.8205,0.7911,0.7911,0.7623,0.7911,0.7911,0.7623,0.7623,0.734,0.734,0.7063,0.734,0.7063,0.734,0.734,0.734,0.734,0.7063,0.7063,0.7063,0.7063,0.7063,0.7063,0.7063,0.7063,0.7063,0.6791,0.6791,0.6791,0.6525,
2001-05-01 00:00:00,2,0.8205,0.7911,0.7911,0.7911,0.7623,0.7623,0.7623,0.7623,0.7623,0.7623,0.7623,0.7623,0.7623,0.7911,0.8205,0.8205,1.8689,1.2899,1.0084,0.9435,0.8809,0.8504,0.8504,0.8504,0.8504,0.8504,0.8504,0.8504,0.8504,0.8205,0.8205
2001-04-01 00:00:00,2,1.2528,1.1447,1.0754,1.0084,1.0084,1.0084,1.0084,0.9757,1.3276,1.0754,1.2162,1.2162,1.0754,1.0084,0.9435,1.0084,1.5246,1.0416,0.9435,0.9119,0.9119,0.8809,0.8809,0.8809,0.8504,0.8504,0.8205,0.8205,0.8205,0.8205,
2001-03-01 00:00:00,2,1.2528,1.2162,1.5246,1.3276,1.2899,1.8689,1.4841,1.3659,1.5246,1.5656,2.0545,1.8238,3.8027,1.7794,1.5246,1.4047,1.2899,1.2528,1.2528,1.2528,1.2162,1.1447,1.1447,1.0754,1.0754,1.0416,1.0084,1.2162,1.3276,1.7355,1.4841
2001-02-01 00:00:00,2,1.8238,1.7794,1.7355,1.6922,1.6073,4.2737,2.0073,1.7355,1.6494,1.6073,1.5246,1.5246,1.5656,3.1786,1.7794,1.5656,1.5656,1.4841,1.4047,1.3659,1.3276,1.2899,1.2528,1.2162,1.2162,1.2162,1.2162,1.2528,,,
2001-01-01 00:00:00,2,10.8331,6.1883,31.2159,8.6683,5.9393,4.7732,3.9344,3.6094,3.9344,3.8682,3.1786,2.9451,2.776,2.6661,2.4531,2.3501,2.2994,2.2493,2.1508,2.1508,3.1194,4.4843,3.2385,3.1786,2.4013,2.1508,2.0545,2.1998,2.5585,2.0545,1.9144
2000-12-01 00:00:00,2,2.612,4.3434,4.6276,2.612,2.2493,2.1024,1.9606,1.8238,1.6494,2.0073,3.2988,1.9606,1.6922,1.9606,1.7355,1.6073,1.6494,20.3825,5.9393,3.4835,2.8318,5.3011,3.0026,3.0607,4.2047,2.612,2.2493,7.6987,3.4213,3.1194,2.776
2000-11-01 00:00:00,2,0.5514,0.4814,0.5759,0.4591,0.5759,1.3276,2.7208,2.8318,1.2528,0.8504,0.6791,0.734,2.0545,3.6094,9.2877,3.1194,3.2988,6.2725,2.5585,2.3501,1.9144,1.6073,1.5246,1.4047,1.2528,2.6661,3.8682,3.1194,2.5585,3.9344,
2000-10-01 00:00:00,2,0.7063,0.8809,0.7911,0.7063,0.6791,0.6525,0.6264,0.6264,0.6264,0.6009,0.5514,0.5275,0.5042,0.5042,0.4814,0.4591,0.4591,0.4591,0.4591,0.4591,0.4591,0.4591,0.4591,0.4814,0.4591,0.4374,0.4374,0.4162,0.4374,0.7063,0.6264
2000-09-01 00:00:00,2,1.0084,1.3276,2.4013,1.7794,1.2162,1.1447,1.1802,1.0754,1.0416,1.2162,1.1098,0.9757,0.9435,0.9757,0.9119,0.8809,0.9435,0.9757,0.8809,0.8205,0.7911,0.7623,0.7063,0.7063,0.7063,0.7063,0.734,0.8205,0.7623,0.7623,
2000-08-01 00:00:00,2,0.8504,0.8809,0.8809,0.8809,0.8809,0.8809,0.8504,0.8504,0.8205,0.8205,0.8504,0.8205,0.8205,0.8205,0.7911,0.734,0.734,0.734,0.734,0.734,0.7063,0.7063,0.7063,0.7063,0.6791,0.6264,0.6264,0.6264,1.6922,1.2899,1.0416
2000-07-01 00:00:00,2,1.0084,0.9757,1.0084,1.0084,1.0084,1.0084,1.0084,1.0084,0.9757,0.9757,0.9435,0.9757,0.9757,0.9757,0.9757,0.9757,1.1098,1.0084,0.9757,0.9757,0.9757,0.9757,0.9757,0.9757,0.9757,1.0754,1.0084,0.9757,0.9435,0.9119,0.8809
2000-06-01 00:00:00,2,1.2899,1.2899,1.2528,1.2528,1.2162,1.2162,1.2162,1.2162,1.2162,1.2162,1.2162,1.2162,1.2162,1.2162,1.2162,1.1802,1.1802,1.1802,1.1447,1.1447,1.1098,1.1098,1.0754,1.0754,1.0754,1.0416,1.0084,1.0084,1.0084,1.0084,
2000-05-01 00:00:00,2,1.7355,1.7355,1.7355,1.6494,1.6494,1.6073,1.5656,1.5656,1.5656,1.5246,1.5246,1.5246,1.4841,1.4441,1.4441,1.4441,1.4047,1.4047,1.3659,1.3659,1.3659,1.3659,1.3659,1.3659,1.3276,1.3276,1.3276,1.2899,1.2899,1.2899,1.2899
2000-04-01 00:00:00,2,2.5205,2.4719,2.3765,2.2834,2.2376,2.4719,3.2033,2.3297,2.2376,2.1924,2.9292,2.2376,7.2369,2.8882,2.5055,2.3501,2.2493,2.1508,2.1508,2.2493,2.1508,2.0545,1.9606,1.9144,1.8238,1.7794,1.7794,1.7355,1.6922,1.6922,
2000-03-01 00:00:00,2,3.0371,2.6193,2.4719,2.2834,2.2376,2.1477,2.1477,2.1924,2.1477,2.9829,7.7019,11.1717,5.4686,3.6118,3.1473,3.3749,3.6118,3.8584,4.7276,3.8584,3.2033,3.0371,3.0371,2.8236,2.9292,2.5696,2.4719,2.3765,5.2396,3.1473,2.6695
2000-02-01 00:00:00,2,6.7023,5.4686,5.1645,4.5177,3.9854,4.449,5.0901,7.8473,9.0533,7.7019,5.5463,4.7989,4.449,4.0498,3.6118,3.4922,3.4922,4.3134,3.4332,3.2599,3.0919,2.9829,2.7717,2.6695,2.6193,2.6193,2.6695,2.6193,2.4719,,
2000-01-01 00:00:00,2,2.7203,5.3916,11.95,10.5822,5.4686,3.9854,3.2599,2.8236,2.5696,2.3765,2.1924,2.06,1.9325,1.8098,1.7306,1.8501,2.1477,2.1924,2.1924,1.891,4.5871,2.7203,2.1924,1.891,2.6695,2.1924,2.6695,46.9443,12.6609,10.9173,10.5822
1999-12-01 00:00:00,2,1.1101,1.0222,0.966,0.9386,2.5696,4.8707,2.3297,2.06,1.891,1.6535,1.5056,2.3297,2.2834,2.2834,2.9829,2.8761,1.6158,1.5056,1.4347,1.4,1.9325,1.4,1.3321,3.7959,2.5205,1.9744,1.9325,2.1036,3.1473,2.1924,4.1148
1999-11-01 00:00:00,2,0.5227,0.5227,0.5227,0.4852,0.5037,1.1404,1.5056,2.5696,2.2834,2.3297,2.1924,2.3297,3.9854,3.7959,1.2989,1.1101,0.8852,0.784,0.7598,3.1473,8.1418,4.8707,2.1036,1.7306,3.4922,1.6158,2.2834,1.4699,1.4699,1.2023,
1999-10-01 00:00:00,2,0.4852,0.4852,0.4852,0.5421,0.624,0.6029,0.5421,0.5421,0.5037,0.5037,0.5037,0.5037,0.4852,0.4852,0.5822,0.5037,0.5227,0.5619,0.5227,0.5421,0.9386,0.6455,0.6455,0.5619,0.6029,0.6455,1.5785,0.9939,0.7127,0.624,0.5619
1999-09-01 00:00:00,2,0.5619,0.5619,0.5421,0.5421,0.5421,0.5421,0.5421,0.5421,0.5421,0.5421,0.5421,0.5619,0.6899,0.736,0.6455,0.6029,0.6675,0.624,0.624,0.5421,0.5421,0.5421,0.5227,0.5227,0.5227,0.5037,0.5037,0.5037,0.5037,0.5037,
1999-08-01 00:00:00,2,0.6455,0.6455,0.6675,0.6455,0.6455,0.624,0.624,0.624,0.624,0.6455,0.624,0.624,0.6029,0.5822,0.6029,0.624,0.6029,0.6029,0.624,0.624,0.624,0.6029,0.6029,0.6029,0.6029,0.6029,0.5822,0.5822,0.5822,0.5822,0.5619
1999-07-01 00:00:00,2,0.7598,0.736,0.736,0.736,0.736,0.736,0.7127,0.7127,0.7127,0.7127,0.7598,0.7127,0.6899,0.6899,0.6899,0.6899,0.6899,0.6675,0.6455,0.6455,0.6455,0.624,0.624,0.624,0.624,0.6455,0.6455,0.6455,0.6455,0.6675,0.6675
1999-06-01 00:00:00,2,0.8337,0.8337,0.8337,0.8337,0.8086,0.8086,0.8086,0.8086,0.8086,0.8086,0.8086,0.8086,0.8086,0.8086,0.8852,0.9117,0.8592,0.8086,0.8086,0.8086,0.8086,0.8086,0.8086,0.8086,0.8086,0.784,0.784,0.7598,0.7598,0.7598,
1999-05-01 00:00:00,2,1.0511,1.0222,1.0222,1.0222,1.0222,1.0222,1.0511,1.1404,1.0804,1.0511,1.0222,1.0222,0.9939,0.9939,0.9386,0.9386,0.9386,0.9117,0.9386,0.9117,0.9117,0.8852,0.8852,0.8852,0.9117,0.8852,0.8852,0.8852,0.8852,0.8592,0.8592
1999-04-01 00:00:00,2,1.8189,1.6999,1.6999,1.6611,1.6611,1.6228,1.5849,1.5849,2.112,1.3658,1.2989,1.2662,1.234,1.2023,1.2023,1.2023,1.2023,1.1711,1.1711,1.1404,1.1101,1.1404,1.1404,1.1404,1.1404,1.1404,1.0804,1.0511,1.0511,1.0511,
1999-03-01 00:00:00,2,2.3803,10.7492,7.4146,3.4993,2.616,2.1556,10.1698,7.9205,5.0944,3.8998,6.2963,4.0181,3.7255,3.0159,2.7134,2.568,2.4733,2.3803,2.2891,2.1997,2.112,2.026,2.026,4.078,2.6645,2.1556,2.026,1.9419,2.2442,2.026,2.112
1999-02-01 00:00:00,2,2.112,1.7788,1.5475,1.5104,1.3668,1.332,1.4377,1.6611,1.3668,1.2977,1.2977,1.2303,1.1972,1.1647,1.1325,1.1325,1.1972,1.332,1.2303,1.1325,1.0387,1.0084,1.0696,1.0696,2.2891,1.9837,2.1997,2.6645,,,
1999-01-01 00:00:00,2,4.078,5.5043,4.7648,4.26,3.2264,3.8998,3.8413,3.0159,3.0159,2.616,2.2442,2.112,2.026,1.9419,2.026,3.1731,2.112,1.8595,1.6999,1.5849,1.5475,1.7391,1.6228,1.5849,1.5104,1.5104,1.4377,2.5204,2.1556,1.9837,3.1731
1998-12-01 00:00:00,2,1.4021,1.6611,1.332,1.1972,1.4377,1.9419,2.2442,1.6999,1.4021,1.2637,1.1647,1.1325,1.0696,1.4739,1.2637,2.7134,5.5043,2.8125,2.616,2.026,2.2442,1.8189,1.5849,1.4377,3.6683,1.8189,1.7391,5.2293,2.2891,1.9419,5.2974
1998-11-01 00:00:00,2,3.0159,1.5475,1.4739,12.9322,3.2801,1.8189,1.4377,1.2977,1.2303,1.9004,3.8998,4.0181,1.9004,1.6611,1.6228,1.2977,1.2637,1.1972,1.1647,1.1647,1.1647,1.7391,3.8998,1.6611,1.4377,1.2637,2.2442,2.4733,1.4377,1.3668,
1998-10-01 00:00:00,2,0.6787,1.4021,0.8914,0.7292,0.6787,0.6541,0.63,0.63,0.7292,0.7292,0.6541,0.949,0.8632,0.8083,0.7551,0.6787,0.7551,1.0084,0.8083,0.7551,0.7037,0.6787,0.6541,0.63,0.63,0.6063,0.7292,0.8083,0.7551,1.2977,1.4021
1998-09-01 00:00:00,2,0.6787,0.6787,0.6787,0.6787,0.6787,0.6787,0.6787,0.6787,0.7037,0.6787,0.6787,0.6541,0.6541,0.6541,0.63,0.63,0.63,0.63,0.6063,0.5831,0.5831,0.5831,0.5831,0.5831,0.5831,0.6063,0.6063,0.6063,0.5831,0.6063,
1998-08-01 00:00:00,2,0.8083,0.8083,0.8083,0.8083,0.7815,0.8914,1.5104,1.1972,1.0696,1.0084,0.9785,0.9199,0.8632,0.8355,0.8083,0.8083,0.8083,0.7551,0.7551,0.7815,0.7551,0.7551,0.7292,0.7037,0.7037,0.7037,0.7037,0.7037,0.7037,0.6787,0.6787
1998-07-01 00:00:00,2,1.0084,1.0084,0.9785,0.9785,0.949,0.949,0.949,0.9199,0.9199,0.8914,0.8914,0.8914,0.8914,0.8914,0.8632,0.8632,0.8632,0.8632,0.8632,0.8914,0.8632,0.8632,0.8632,0.8355,0.8083,0.8355,0.8355,0.8083,0.8083,0.8083,0.8083
1998-06-01 00:00:00,2,1.5475,1.4021,1.3668,1.332,1.2637,1.2303,1.2303,1.2303,1.1972,1.1972,1.1972,1.1647,1.1647,1.1647,1.1325,1.1325,1.1325,1.1008,1.0696,1.0387,1.0696,1.0696,1.0696,1.0696,1.0387,1.0696,1.0387,1.0084,1.0084,1.0084,
1998-05-01 00:00:00,2,1.5475,1.4377,1.332,1.332,3.1731,1.7788,1.5475,1.4377,1.3668,1.332,1.332,1.332,1.2637,1.2637,1.2637,1.2303,1.2303,1.2303,1.2303,1.2303,1.2303,1.2303,1.1972,1.1647,1.1972,1.1647,1.1647,1.2303,1.2303,3.4993,2.0688
1998-04-01 00:00:00,2,1.6999,2.3803,1.7391,1.6611,1.6228,1.6228,1.5849,1.5475,1.5849,3.2801,1.7788,1.6228,1.5104,1.5104,1.4739,1.4377,1.4377,1.4377,1.5104,1.4021,1.4739,1.4021,1.332,1.332,1.2977,1.2977,1.2977,1.2977,2.616,1.6611,
1998-03-01 00:00:00,2,2.568,2.4733,2.3345,2.2891,2.1997,2.112,2.0688,2.112,2.112,2.0688,1.9419,1.8595,1.8595,1.8595,1.9419,2.0688,1.9004,1.8595,1.8189,1.7788,1.7788,1.7391,2.4266,1.9419,1.7788,1.7391,1.8189,1.7391,1.6999,1.6228,2.3803
1998-02-01 00:00:00,2,2.026,1.9837,1.9419,1.8595,1.7788,1.7788,1.7788,1.6999,3.1203,1.9004,2.1997,1.7788,1.7788,2.026,2.1556,4.8953,8.0677,5.5043,3.9587,3.3889,3.0159,6.2221,3.1203,8.6683,4.7648,3.3343,3.0159,2.7627,,,
1998-01-01 00:00:00,2,2.3047,2.2188,2.1343,2.1764,2.4362,2.1764,3.2425,2.7091,3.0928,3.9824,3.0436,2.8503,3.1423,6.7504,2.8627,2.4733,2.2891,2.2891,6.0022,4.9613,3.4993,2.9644,2.7134,2.568,2.4266,2.3803,2.3345,2.3803,2.2891,2.1556,2.0688
1997-12-01 00:00:00,2,7.9722,5.3429,5.7268,2.9462,2.5257,2.2615,2.5257,2.4808,7.5261,9.7048,4.3201,3.8182,3.4989,10.8859,4.552,4.0378,4.91,5.406,3.9273,3.5513,3.8182,3.1922,2.8981,2.7558,2.6627,5.032,2.9947,2.7091,2.571,2.5257,2.4362
1997-11-01 00:00:00,2,1.3716,1.3374,1.3036,1.2702,1.2372,1.2702,1.2372,1.3374,1.2702,1.2372,1.2046,1.109,1.109,1.2702,1.2372,1.6963,1.3374,1.2046,1.1405,1.2046,1.2046,1.9297,2.2188,1.8898,1.8898,2.3482,2.2188,1.7726,8.2759,6.1897,
1997-10-01 00:00:00,2,1.9297,1.6963,1.6587,1.5482,1.5482,1.5482,1.5482,1.5846,1.5482,1.5121,1.4411,1.4411,1.4061,1.4061,1.3716,1.3374,1.4061,1.4061,1.4061,1.3716,2.0927,2.4362,1.7726,1.5846,1.4764,1.9699,2.9947,1.8504,1.6215,1.4764,1.4411
1997-09-01 00:00:00,2,1.6215,1.6215,1.6215,1.6215,1.5846,1.5846,1.6587,1.6215,1.5846,1.5482,1.5482,1.5482,1.5482,1.5482,1.5482,1.4764,1.4764,1.4764,1.4411,1.4764,5.5334,2.2615,1.8898,1.6963,1.8113,2.571,1.9297,1.8113,1.6963,2.3482,
1997-08-01 00:00:00,2,1.8113,1.7726,1.8113,1.8113,1.7726,1.7726,1.7726,1.8113,1.8113,1.8113,1.7726,1.7343,1.7726,1.7726,1.7343,1.6963,1.6587,1.6587,1.6587,1.6587,1.6587,1.6587,1.6215,1.6215,1.6587,1.6587,1.6963,1.6963,1.6963,1.6587,1.6215
1997-07-01 00:00:00,2,2.1764,2.1764,2.1764,2.1343,2.0927,2.0927,2.0514,2.0514,2.0514,2.0514,2.0104,2.0104,2.0104,2.0104,2.0104,1.9699,1.9699,1.9699,1.9699,1.9699,1.9699,1.9699,2.1343,1.9699,1.9699,1.9699,1.9297,1.8898,1.8504,1.8113,1.8113
1997-06-01 00:00:00,2,2.6167,2.5257,2.4808,2.4362,2.4362,4.8495,2.9462,2.7091,2.6167,2.5257,2.5257,2.5257,2.6167,2.6167,3.2425,2.7558,2.6167,2.5257,2.4808,2.4808,2.4808,2.392,2.3482,2.3047,2.3047,2.2615,2.2615,2.2188,2.1764,2.1764,
1997-05-01 00:00:00,2,3.0928,2.9947,2.9947,2.9462,2.8981,2.8981,2.8503,2.8029,2.7558,2.7091,2.7091,2.7091,2.7091,2.7558,2.7558,2.7558,2.8029,2.7558,2.7091,2.6627,2.6167,2.571,2.7558,2.7558,3.344,3.0928,2.7091,2.6627,4.2062,2.8503,2.7091
1997-04-01 00:00:00,2,4.3776,30.5998,5.406,4.4936,4.1497,3.9824,3.8726,3.7104,3.657,3.604,3.5513,3.4989,3.4469,3.4469,3.344,3.344,3.344,3.2931,3.2931,3.2425,3.4469,3.4469,3.2425,3.1922,3.2931,3.0928,3.1423,3.7641,3.1922,3.1423,
1997-03-01 00:00:00,2,12.3091,6.3248,41.4733,37.1368,14.273,7.5261,7.7477,6.1897,6.1897,5.28,5.0935,4.91,4.7894,4.7894,4.7295,4.7894,4.91,4.4936,4.4936,4.2062,4.1497,4.0378,3.9824,3.9273,3.9273,3.9273,3.8726,3.8182,3.8182,4.1497,3.9824
1997-02-01 00:00:00,2,5.3429,9.7048,7.0202,5.7919,4.9709,4.7894,4.67,4.4936,4.3776,4.263,4.2062,4.1497,4.263,4.0378,3.9824,3.9824,3.9273,3.9273,3.8182,3.7104,3.657,3.604,3.4989,3.3953,3.7104,3.604,5.1554,5.406,,,
1997-01-01 00:00:00,2,7.4529,9.4597,53.7626,49.4291,13.0498,37.1368,13.7137,28.2165,15.8903,10.2036,9.9528,8.1995,9.3785,7.897,6.8082,6.5301,6.3248,7.5996,11.4989,8.9777,7.0915,6.9492,7.2351,6.1897,5.662,5.4695,5.4695,5.8574,5.406,5.3429,5.28
1996-12-01 00:00:00,2,2.3482,2.9947,3.2931,2.8029,6.2571,2.7558,2.4362,2.2188,2.4362,2.6167,2.1343,5.0935,3.4989,4.3776,2.9462,2.8029,3.8726,3.2425,3.1423,3.2425,3.0928,5.28,43.7627,68.2673,8.2759,16.575,9.3785,5.1554,11.4104,10.8859,8.3526
1996-11-01 00:00:00,2,14.4599,5.8574,7.1631,4.0936,10.0361,3.1423,2.1343,1.8113,1.5846,1.4764,1.3716,1.3036,1.2372,1.1723,1.2702,1.5121,2.1343,1.8898,1.5846,10.8859,13.7137,16.575,8.8195,5.0935,3.9824,3.2931,2.9947,2.7558,2.5257,2.4362,
1996-10-01 00:00:00,2,0.685,0.685,0.685,0.7892,0.8716,0.9577,0.8716,0.7105,0.685,0.685,0.685,0.685,0.66,0.66,0.66,0.66,0.66,0.66,0.6354,0.6112,0.6354,0.66,0.685,0.6354,0.6354,0.6354,0.6354,0.8716,0.8163,0.7625,0.7892
1996-09-01 00:00:00,2,0.8163,0.8163,0.8437,1.2702,1.109,1.109,1.4764,1.078,0.8716,0.8163,0.7892,0.7625,0.8716,0.8999,0.8163,0.7892,0.7625,0.7625,0.7363,0.7363,0.7105,0.7105,0.685,0.685,0.685,0.7363,0.7363,0.7105,0.7105,0.685,
1996-08-01 00:00:00,2,0.8163,0.7892,0.7625,0.7625,0.7625,0.7625,0.7625,0.7625,0.7363,0.7105,0.8163,0.7892,0.7892,0.7625,1.0473,0.9577,0.7892,0.7892,0.7625,0.7625,0.7625,0.7625,0.7363,0.7363,0.7363,0.7363,0.7363,0.7105,0.7105,0.7105,0.7105
1996-07-01 00:00:00,2,0.9871,0.9871,0.9577,0.9577,0.8999,0.9286,0.9286,0.8999,0.8437,0.8437,0.8437,0.8163,0.8163,0.8163,0.8163,0.8163,0.8163,0.8163,0.8163,0.8163,0.7892,0.7892,0.7892,0.7892,0.7892,0.7892,0.7892,0.7625,0.7625,0.8437,0.8163
1996-06-01 00:00:00,2,1.109,1.109,1.078,1.078,1.078,1.109,1.109,1.078,1.0473,1.017,1.0473,1.0473,1.017,1.017,1.017,1.017,1.017,1.017,1.017,0.9871,0.9871,0.9871,0.9871,0.9871,0.9577,0.9286,0.9286,0.8999,0.9286,1.017,
1996-05-01 00:00:00,2,1.4061,1.3716,1.4411,1.4061,1.3716,1.3716,1.3374,1.3374,1.3036,1.2702,1.2702,1.2702,1.2372,1.1723,1.1723,1.2046,1.3036,1.3036,1.5121,1.4061,1.3374,1.3036,1.3716,1.3036,1.2702,1.2372,1.2046,1.1723,1.1723,1.1405,1.1405
1996-04-01 00:00:00,2,1.7343,1.6963,1.6963,1.6963,1.6963,1.6215,1.6215,1.5846,1.5482,1.5482,1.5482,2.0927,2.392,1.7726,1.6963,1.6963,1.7343,1.9297,1.7343,1.6215,1.5482,1.5482,1.4764,1.5121,1.5121,1.4764,1.4411,1.4411,1.4061,1.4061,
1996-03-01 00:00:00,2,1.9699,2.2615,2.4808,2.5257,3.9273,2.7558,2.392,2.1343,2.1764,2.571,2.1343,3.604,3.0436,2.3482,2.1764,2.0514,2.0514,3.8182,2.3047,2.0514,3.1423,2.2615,2.3482,2.4362,2.3047,2.0927,1.9699,1.9297,1.8504,1.8113,1.7726
1996-02-01 00:00:00,2,2.0514,2.2188,3.1423,2.7558,2.9947,2.4362,2.392,2.392,2.0927,2.0514,4.0936,2.7558,2.6167,2.0927,1.9699,1.8504,1.8504,1.8504,1.7726,1.6963,2.0104,1.8113,8.2759,2.5257,2.571,4.2062,2.9947,2.3482,2.1343,,
1996-01-01 00:00:00,2,7.1631,8.1234,8.8195,7.9722,5.1554,4.263,3.8182,3.344,4.8495,3.8182,7.38,8.9777,4.9709,3.8726,3.7641,3.4469,3.2425,2.9947,2.9462,3.4469,4.91,2.7558,2.6167,3.7104,2.6627,2.4362,2.392,2.2615,2.1764,2.1343,2.0514
1995-12-01 00:00:00,2,1.9297,1.4061,1.1723,1.1723,1.2046,1.078,1.0473,1.017,0.9286,0.8437,0.8437,0.8716,2.4362,9.5411,4.7295,2.7558,2.1764,2.3482,1.8504,1.8898,1.7343,2.571,1.8898,1.8898,5.4695,6.7382,38.5469,7.8222,6.4613,5.1554,5.032
1995-11-01 00:00:00,2,4.0378,2.0927,1.9699,5.032,2.8981,1.8113,1.5121,1.3374,1.2046,1.1405,1.078,1.017,1.6963,2.1343,1.3716,1.2046,1.1723,1.1405,2.7091,1.4411,1.1723,1.1405,1.017,1.6215,1.4411,1.2372,1.109,1.017,1.017,1.7343,
1995-10-01 00:00:00,2,0.8999,0.7363,0.7105,0.6112,0.7105,0.6112,0.685,0.66,1.3716,0.9286,1.3036,0.9577,0.7363,1.3036,1.2702,1.1405,1.109,1.017,0.9871,0.7625,1.2702,1.4061,1.0473,0.8999,0.7625,0.7105,0.685,0.66,0.7363,0.685,1.3036
1995-09-01 00:00:00,2,0.7105,0.685,0.685,0.685,0.685,0.685,0.685,0.685,0.6354,0.6354,0.5875,0.66,0.6112,0.6354,0.6354,0.6354,0.7363,1.2372,1.017,0.7363,1.1723,0.9577,0.7363,0.7105,0.7105,0.7625,0.7625,0.8716,0.8716,1.2372,
1995-08-01 00:00:00,2,0.8437,0.8163,0.8163,0.8163,0.8163,0.7892,0.7892,0.7892,0.7625,0.7625,0.7625,0.7625,0.7625,0.7625,0.7363,0.7363,0.7363,0.7363,0.7363,0.7363,0.7363,0.7363,0.7363,0.7363,0.7363,0.7105,0.7105,0.685,0.7105,0.7363,0.7363
1995-07-01 00:00:00,2,1.2046,1.2046,1.1723,1.1723,1.1723,1.1405,1.1405,1.1405,1.1405,1.109,1.078,1.078,1.0473,1.0473,1.017,1.017,0.9871,0.9577,0.9577,0.9286,0.9286,0.9286,0.9286,0.8999,0.9286,0.8999,0.8716,0.8437,0.8437,0.8437,0.8437
1995-06-01 00:00:00,2,1.3374,1.3036,1.3036,1.2702,1.2702,1.2372,1.2046,1.2046,1.1723,1.1723,1.1723,1.1723,1.1723,1.1405,1.109,1.078,1.078,1.109,1.1405,1.2046,1.2046,1.2372,1.2046,1.2046,1.2046,1.3036,1.3036,1.2372,1.2046,1.2046,
1995-05-01 00:00:00,2,1.6963,1.6963,1.6587,1.6587,1.6215,1.6215,1.8898,2.0514,1.7343,1.6587,1.6963,1.6587,1.6215,1.5846,1.5846,1.5482,1.5121,1.5121,1.5482,1.4764,1.4411,1.4764,1.4764,1.6215,1.5482,1.5121,1.4764,1.4061,1.4061,1.3716,1.3716
1995-04-01 00:00:00,2,3.4989,2.6627,2.5257,2.392,2.3047,2.2188,2.1343,2.0927,2.0514,2.0927,1.9297,1.8898,3.4469,2.0514,1.9297,1.8504,1.8504,1.7726,1.6963,1.6963,1.7726,1.7343,5.406,2.392,2.1764,2.0104,1.9297,1.8504,1.7726,1.7343,
1995-03-01 00:00:00,2,1.8504,1.7726,1.7343,2.5257,2.9947,2.2188,1.8898,2.6167,1.9699,1.8504,1.6963,1.6587,1.6215,2.4808,10.0361,3.657,2.4808,2.2188,2.0927,2.0104,1.9297,2.0514,2.0514,1.9297,8.3526,4.7295,4.9709,2.9947,2.571,2.4808,2.7558
1995-02-01 00:00:00,2,1.4764,1.4061,6.5991,2.7558,1.7726,1.7726,2.1764,1.8898,4.4936,2.6167,3.604,3.0436,2.3482,2.4362,5.4695,13.1437,3.7641,3.1423,2.8503,4.67,3.0928,2.571,2.3047,2.1764,2.0927,2.0104,1.9699,1.8898,,,
1995-01-01 00:00:00,2,1.7343,2.0514,3.7641,4.4936,3.1922,2.7091,2.0514,1.8504,1.7343,1.5482,1.5121,1.6963,2.0927,1.5121,1.3374,1.2702,1.2046,1.1405,1.109,2.8981,2.0514,1.4411,1.3036,1.2046,2.8503,1.4764,2.5257,1.5121,1.4411,1.4411,1.4411
1994-12-01 00:00:00,2,0.8437,0.7363,0.7105,0.66,0.7363,0.685,0.8716,1.5482,1.2046,0.9871,0.7892,0.7105,0.7105,0.8716,0.7105,1.3036,1.2372,2.571,2.392,1.5121,1.078,3.9824,12.7698,16.2802,24.8788,20.3825,13.5225,5.28,2.6167,2.3482,2.0514
1994-11-01 00:00:00,2,0.685,0.685,0.66,0.66,0.6354,0.6354,0.9577,0.8999,0.66,0.6354,0.5875,0.5875,0.6112,0.6112,0.7625,0.7625,0.7105,0.685,0.9871,1.078,0.8716,0.7625,0.7105,0.685,0.685,0.685,0.685,0.7625,1.9297,1.2046,
1994-10-01 00:00:00,2,0.7625,0.7105,0.685,0.685,0.7363,0.685,1.3036,0.9871,0.7892,0.7363,0.7363,0.7105,0.7105,0.7105,0.685,0.685,0.685,0.685,0.685,0.9286,0.7363,0.7105,0.7105,0.685,0.685,0.66,0.66,0.685,0.685,0.685,0.685
1994-09-01 00:00:00,2,0.8163,0.8163,0.7892,0.7892,0.7892,0.7892,0.7892,0.7625,0.7363,0.7363,0.7363,0.7363,0.7363,0.7363,0.7363,0.7363,0.7363,0.7105,0.7363,0.7363,0.7363,0.7363,0.7363,0.7363,0.7363,0.7363,0.7105,0.7892,0.7625,0.7363,
1994-08-01 00:00:00,2,0.9577,0.9286,0.8999,0.8999,0.8999,0.8999,0.8999,0.8999,0.8999,0.8999,0.8716,0.8716,0.8716,0.8716,0.8716,0.8716,0.8716,0.8716,0.8437,0.8163,0.8163,0.8437,0.8437,0.8163,0.8163,0.7892,0.8163,0.8163,0.8163,0.8163,0.8163
1994-07-01 00:00:00,2,1.2372,1.2372,1.2046,1.2046,1.2372,1.2372,1.2372,1.2046,1.1723,1.1723,1.1405,1.1405,1.1405,1.1723,1.1723,1.1723,1.1723,1.1723,1.1723,1.1405,1.0473,1.0473,1.017,1.0473,1.0473,1.017,0.9871,0.9871,0.9577,0.9577,0.9286
1994-06-01 00:00:00,2,1.5482,1.5121,1.4764,1.4411,1.4764,1.4411,1.4411,1.4061,1.3716,1.3716,1.3374,1.3374,1.3374,1.3374,1.3374,1.3036,1.3036,1.3036,1.2702,1.2702,1.2702,1.3036,1.3036,1.3036,1.3374,1.5121,1.3374,1.3036,1.2702,1.2372,
1994-05-01 00:00:00,2,1.6587,1.6215,1.6215,1.6215,1.6215,1.5846,1.5846,1.5482,1.5482,1.5121,1.5121,1.4764,1.4764,1.6587,1.8504,4.3776,2.8029,2.1764,1.8113,1.6963,1.6587,1.6587,1.5846,1.5846,1.5482,1.5482,1.5121,3.8726,1.6963,1.5482,1.5482
1994-04-01 00:00:00,2,3.0436,2.9462,2.7558,2.571,2.4808,2.392,2.3482,2.3482,2.2615,2.1764,2.1764,2.1343,2.0104,2.0104,1.9297,2.1343,2.0104,1.9297,1.8504,2.3482,2.1343,1.8898,1.8504,1.8113,1.8113,1.7726,1.7726,1.6963,1.6963,1.6587,
1994-03-01 00:00:00,2,1.8113,2.0104,1.7343,1.5482,1.7343,6.8785,5.5334,2.8029,2.3047,2.0104,5.7919,9.2978,3.657,3.2931,2.8981,2.6167,2.4362,2.3047,2.2615,3.604,3.2931,2.8981,2.571,2.6627,7.5996,3.3953,3.657,11.5877,4.0378,3.4469,3.2425
1994-02-01 00:00:00,2,2.0104,1.8898,1.8504,1.8113,1.7726,1.6963,1.6587,1.6215,1.6215,1.5846,1.8898,1.6215,1.5121,1.6215,1.5482,1.5121,1.4764,1.4411,1.4411,1.3716,1.4411,1.3716,1.3374,1.3374,1.3374,1.3374,1.3036,1.3716,,,
1994-01-01 00:00:00,2,3.3953,2.0927,5.5975,10.6277,12.3091,10.1197,8.8985,3.604,2.9947,5.7919,8.3526,11.3222,5.28,4.7295,6.8785,4.2062,3.604,3.2931,3.1423,2.8029,6.3929,3.2425,3.0436,2.8981,2.8981,2.7558,2.4362,3.4989,2.7091,2.3047,2.1343
1993-12-01 00:00:00,2,0.7363,0.7363,0.7363,0.7363,0.7363,0.7105,0.7105,0.685,0.66,2.2615,4.3776,3.1922,1.4061,1.078,0.9286,0.8716,0.8716,0.8716,1.2372,1.5846,3.2931,3.344,1.4764,1.8113,1.6587,1.5121,1.2372,1.8113,1.4764,1.7343,3.4989
1993-11-01 00:00:00,2,0.7363,0.7105,0.7105,0.8163,0.7363,0.7105,0.7625,1.109,0.8716,1.1405,0.7892,0.7363,0.7105,0.7105,0.685,0.66,0.66,0.685,0.7363,1.1405,0.9286,0.7625,0.7363,1.3374,0.8437,0.9286,1.2046,1.1405,0.9286,0.7625,
1993-10-01 00:00:00,2,0.8163,1.017,1.9297,1.1405,1.4411,1.6587,1.1405,0.9286,0.8716,0.8437,0.8163,0.7892,0.7363,0.7363,0.7363,0.7363,0.7363,0.7363,0.7363,0.7105,0.7105,0.7105,0.7625,0.7892,0.7363,0.7363,1.8898,0.9577,0.8163,0.7625,0.7363
1993-09-01 00:00:00,2,0.8163,0.7892,0.7892,0.7625,0.7625,0.7892,0.7892,0.7625,0.7363,0.7363,0.7625,0.7892,0.7892,0.7625,0.7625,0.7363,0.7892,0.7892,0.7625,0.7363,0.7363,0.7363,0.7625,1.4764,1.2046,0.8716,0.8163,0.8437,0.8437,1.017,
1993-08-01 00:00:00,2,1.0473,1.0473,1.0473,1.017,0.9871,0.9577,0.9577,0.9577,0.9577,0.9577,0.9577,0.9286,0.9286,0.9577,0.9577,1.4061,1.078,0.9871,1.109,1.078,1.109,1.078,1.017,1.017,1.078,1.017,0.9577,0.8716,0.8437,0.8437,0.8163
1993-07-01 00:00:00,2,1.2372,1.2372,1.2372,1.2046,1.2046,1.1723,1.1405,1.1405,1.1405,1.1405,1.1405,1.1405,1.1405,1.1405,1.1405,1.1405,1.109,1.078,1.078,1.078,1.0473,1.017,1.078,1.078,1.078,1.078,1.078,1.078,1.078,1.078,1.0473
1993-06-01 00:00:00,2,1.5846,1.5482,1.4411,1.4411,1.4061,4.2062,1.9699,1.6963,1.5482,1.4764,1.4411,1.4411,1.4061,1.3716,1.3716,1.3716,1.3716,1.3716,1.4411,1.4061,1.3374,1.3374,1.3374,1.3374,1.3374,1.3036,1.3036,1.2702,1.2702,1.2372,
1993-05-01 00:00:00,2,1.6215,1.6215,1.6215,1.6215,1.7343,1.6963,1.6215,1.5846,1.5846,1.5482,1.5482,1.5121,1.4764,1.4764,1.5482,1.5482,1.5121,1.5121,1.4764,1.4764,1.4061,1.4061,1.4061,1.4061,1.4061,1.4061,1.4061,1.3716,1.3716,1.3716,1.3716
1993-04-01 00:00:00,2,2.2188,2.0514,2.392,1.9699,1.8504,1.8504,1.9699,2.3482,2.571,2.0927,1.9699,2.8503,2.0927,1.9699,1.8898,2.2188,2.0927,3.0928,2.0104,1.8898,1.8504,1.8113,1.7726,1.7343,1.7343,1.6963,1.6587,1.6587,1.6215,1.6215,
1993-03-01 00:00:00,2,3.3953,3.1922,3.0436,2.7558,2.6627,2.5257,2.4362,2.392,2.3482,2.3047,2.2615,2.2615,2.2188,2.1764,2.1343,2.7558,2.1764,2.0927,2.2615,2.0927,3.604,2.2615,2.1343,2.0927,2.0104,1.9699,1.9297,2.392,1.9699,1.9297,1.8898
1993-02-01 00:00:00,2,2.1343,2.0927,2.0104,5.7268,6.3929,3.7104,2.8981,2.8029,2.7091,2.571,2.9462,2.3482,3.5513,3.3953,6.8785,4.1497,3.2931,2.8981,2.7558,2.5257,2.392,2.3047,2.3047,8.3526,5.3429,3.8726,13.7137,5.1554,,,
1993-01-01 00:00:00,2,3.1423,2.9462,2.8029,4.263,4.3776,6.6685,4.1497,3.2931,3.1922,3.5513,2.8029,2.8029,2.7091,2.4808,2.392,2.2188,2.1764,2.8029,3.4989,3.4469,3.0928,3.2931,3.344,3.9273,3.2931,2.7558,2.6627,2.4808,2.4362,2.392,2.3047
1992-12-01 00:00:00,2,0.9286,2.1764,1.4061,3.0928,1.4061,2.4362,1.8898,1.4764,2.4808,1.4764,4.4936,16.6737,12.4006,4.4354,3.3953,2.8981,3.2931,8.9777,8.6626,8.2759,7.0915,4.3201,3.5513,3.1922,2.9462,2.8029,5.7919,14.7419,4.7295,4.0378,3.4469
1992-11-01 00:00:00,2,1.078,1.3716,2.1764,2.7091,3.3953,2.392,2.3047,1.6963,5.406,2.9947,2.5257,1.8504,1.6963,1.4764,1.4411,1.3374,1.2372,1.2046,1.3036,1.2046,1.1405,1.109,1.3716,1.3036,1.078,1.017,0.9871,0.9871,0.9871,0.9871,
1992-10-01 00:00:00,2,0.9871,0.9286,0.9577,0.9286,0.8999,0.8716,0.8716,0.8999,1.6963,2.0927,1.2046,1.0473,0.9871,0.9577,0.8716,0.8163,0.8437,0.7105,0.7105,0.7625,0.7892,0.8163,2.4362,1.4411,1.2046,0.9286,0.8163,0.8163,1.2046,1.4061,1.078
1992-09-01 00:00:00,2,0.7892,0.7892,0.7625,0.8437,0.8163,1.078,1.1723,1.2046,0.9871,0.8437,0.8163,0.8999,0.9286,0.8999,0.8437,1.8898,1.3716,1.109,1.078,0.9871,0.9286,0.8716,0.8437,0.8163,0.8163,1.1405,1.1723,2.1343,1.2702,1.0473,
1992-08-01 00:00:00,2,0.8999,0.8716,0.9286,0.9286,0.8716,0.8716,0.8437,0.8437,0.8999,0.8437,0.8716,0.8999,0.7892,0.9871,0.8999,0.8716,0.8437,0.8163,0.8163,0.8437,0.9577,0.8437,0.8716,0.8163,0.7892,0.7892,0.7892,0.7892,0.7625,0.7892,0.7892
1992-07-01 00:00:00,2,1.1405,1.1405,1.1405,1.109,1.109,1.109,1.078,1.078,1.078,1.078,1.109,1.078,1.078,1.0473,1.0473,1.0473,1.0473,1.0473,1.0473,1.017,1.017,1.017,1.017,0.9577,0.9577,0.9286,0.8999,0.8999,0.8999,0.8999,0.9286
1992-06-01 00:00:00,2,1.3036,1.3036,1.3036,1.2702,1.2702,1.2372,1.2372,1.2372,1.2372,1.2372,1.2046,1.2046,1.2046,1.2046,1.1723,1.1723,1.1723,1.1723,1.1723,1.1405,1.1723,1.1723,1.2046,1.2046,1.2046,1.1405,1.1405,1.1405,1.1405,1.1405,
1992-05-01 00:00:00,2,1.7726,1.6215,1.6215,1.5846,1.6587,2.7558,3.0436,1.8898,1.6587,1.5846,1.5482,1.5482,1.5121,1.4764,1.4411,1.4061,1.4061,1.3716,1.3374,1.3374,1.7726,1.5482,1.4061,1.4411,1.4061,1.3716,1.3374,1.3374,1.3374,1.3374,1.3036
1992-04-01 00:00:00,2,1.9699,1.8504,1.7726,1.7726,1.7726,1.6963,1.6587,1.6587,1.6215,1.6587,1.6587,1.6587,1.6587,1.6587,1.8504,2.0514,1.9699,1.8504,1.6587,1.6215,1.6215,1.6587,1.6587,1.6587,2.0927,2.1764,1.8898,1.6587,1.6215,1.6963,
1992-03-01 00:00:00,2,3.1423,4.67,3.7104,3.1423,2.8503,2.6627,2.5257,2.4808,3.0436,2.5257,2.4362,2.3047,2.2615,2.5257,2.2188,2.1764,2.1764,2.4362,2.9462,2.2615,2.0927,2.0514,2.0104,1.9699,1.9297,2.2615,2.2615,1.9699,1.8898,1.8113,1.8113
1992-02-01 00:00:00,2,3.9273,3.344,8.2759,39.2652,11.6768,10.0361,9.6228,7.0202,5.8574,5.9232,4.6109,4.263,3.8726,3.604,3.3953,3.2425,3.0928,2.9462,2.8029,2.7091,2.6627,2.571,2.5257,2.4362,2.392,12.8628,3.7641,6.1226,4.0936,,
1992-01-01 00:00:00,2,1.3036,1.2702,1.2702,1.2046,2.4808,4.0378,1.5846,1.3716,1.6215,1.6215,1.3036,1.2702,1.3374,2.8029,2.0104,4.4936,2.8981,3.0436,2.6627,2.571,6.0558,8.9777,12.4006,36.4448,8.8195,5.4695,4.8495,4.67,5.3429,5.28,5.406
1991-12-01 00:00:00,2,0.8999,1.5121,1.078,0.8437,0.7363,0.685,0.7105,1.6215,1.109,1.4061,1.2372,0.9871,1.2702,0.9577,1.2702,1.0473,0.9871,0.9577,2.8029,1.4411,2.5257,5.2175,2.0927,1.4411,1.3036,1.2046,1.8113,1.8504,1.4411,1.4061,1.4764
1991-11-01 00:00:00,2,0.8163,0.9577,2.2188,1.1405,0.8163,0.8437,0.7105,0.6354,0.7363,0.8163,0.7105,0.685,0.7892,0.685,0.7363,0.8437,0.8716,1.0473,0.9577,0.8163,0.66,0.7625,0.685,0.7105,0.66,0.685,0.66,0.7892,2.6167,1.3036,
1991-10-01 00:00:00,2,1.5482,1.1723,1.2046,1.2046,1.017,0.9871,1.4061,1.3036,1.0473,1.017,0.9577,0.9286,0.8999,0.8716,0.8437,0.8437,1.2702,1.2046,1.0473,0.9286,0.8716,0.8437,0.8716,0.8437,0.8163,0.7892,0.7892,0.7625,0.7363,0.6354,0.7625
1991-09-01 00:00:00,2,0.685,0.685,0.685,0.685,0.685,0.685,0.685,0.685,0.685,0.7363,0.8437,0.685,0.8163,0.66,0.7625,0.7105,0.8163,0.685,0.685,0.8716,0.8437,0.7625,0.7105,0.685,0.9286,1.109,1.017,0.7892,1.3374,1.2046,
1991-08-01 00:00:00,2,0.8437,0.8437,0.8163,0.8163,0.7892,0.7892,0.7892,0.7625,0.7625,0.7625,0.7363,0.7363,0.7363,0.7363,0.7363,0.7363,0.7363,0.7105,0.685,0.685,0.66,0.66,0.685,0.8163,0.7363,0.7105,0.7105,0.685,0.685,0.685,0.685
1991-07-01 00:00:00,2,0.9871,0.9871,0.9871,0.9577,0.9577,0.9577,0.9577,0.9577,0.9286,0.9286,0.9286,0.9286,0.9286,0.9286,0.9286,0.9286,0.9286,0.8999,0.8999,0.8716,0.8716,0.8716,0.8716,0.8437,0.8437,0.8437,0.8437,0.8437,0.8437,0.8437,0.8437
1991-06-01 00:00:00,2,1.2372,1.2372,1.2372,1.2046,1.1723,1.1723,1.1723,1.1723,1.1723,1.1723,1.1405,1.109,1.109,1.109,1.109,1.109,1.109,1.078,1.0473,1.0473,1.0473,1.0473,1.017,1.017,1.017,1.017,0.9871,0.9871,0.9871,0.9871,
1991-05-01 00:00:00,2,1.6963,1.6587,1.6215,1.6215,1.6215,1.5482,1.5482,1.5121,1.5121,1.4764,1.4764,1.4411,1.4061,1.4061,1.4061,1.5482,1.5482,1.4411,1.4061,1.4061,1.4061,1.4061,1.3374,1.3374,1.3374,1.3036,1.3036,1.3036,1.2702,1.2372,1.2702
1991-04-01 00:00:00,2,3.3953,2.9947,4.2062,2.9947,2.6627,2.571,2.4362,2.392,2.3047,2.2188,2.1764,2.0927,2.0104,2.0104,2.1343,2.0104,1.9699,1.8898,1.8113,1.7726,1.7726,1.7343,1.6587,1.6963,1.6963,1.7726,1.8504,2.392,1.8504,1.7726,
1991-03-01 00:00:00,2,2.0514,1.9297,4.1497,6.7382,3.2425,3.0436,2.4808,2.2615,2.1343,2.0927,2.0104,1.9297,1.9297,1.9297,1.9297,1.8113,1.7343,1.6963,1.6963,2.3482,1.7726,5.9893,3.4989,4.4936,6.4613,3.2931,2.9947,2.6167,2.392,5.9232,4.8495
1991-02-01 00:00:00,2,4.1497,3.9273,3.4989,3.2425,2.9462,2.8029,2.6167,2.7091,2.7091,2.6167,2.7558,2.392,2.4808,2.2188,2.3482,2.4362,2.2188,4.0936,6.8785,2.9462,2.9462,2.3482,2.2188,2.1343,2.1343,2.571,2.0514,1.9297,,,
1991-01-01 00:00:00,2,0.6155,0.5644,0.5644,1.1876,2.246,1.9875,11.95,2.6167,1.7726,2.4808,6.5991,12.4006,9.8699,4.7894,7.3074,10.2878,7.3074,6.7382,4.552,3.0928,2.7091,6.9492,6.4613,3.8726,4.0378,3.1922,11.6768,18.1366,10.0361,5.7268,4.91
1990-12-01 00:00:00,2,0.5644,0.5151,0.4676,0.4446,0.4676,0.4676,0.4676,0.4676,0.4676,0.4676,0.4911,2.246,2.9436,1.0225,0.7512,0.6418,1.0547,0.6418,0.7232,0.6155,0.5897,0.5644,0.5644,0.5897,0.5151,1.2219,0.6956,2.3801,0.9283,0.8378,0.6956
1990-11-01 00:00:00,2,0.3784,0.4,0.4,0.4676,0.6956,0.4221,0.4221,0.4221,0.3784,0.3784,0.3573,0.3784,0.4,0.3784,0.3784,0.3573,0.3573,0.3368,0.3368,0.3368,1.5857,0.5897,0.4446,0.5395,0.8977,0.5395,1.4725,1.9456,1.2915,0.9907,
1990-10-01 00:00:00,2,0.4221,0.4221,0.4221,0.4221,0.4221,0.4221,0.4,0.4,0.4,0.4,0.4,0.4,0.4,0.4,0.4,0.4,0.4,0.4,0.4,0.5151,0.5395,0.5151,0.4911,0.4911,0.5395,0.4676,0.4221,0.4,0.4,0.3784,0.3784
1990-09-01 00:00:00,2,0.5897,0.8977,0.7232,0.5395,0.5151,0.5151,0.5151,0.5151,0.4911,0.4676,0.4676,0.4676,0.4676,0.4676,0.6956,0.6418,0.5395,0.4911,0.4911,0.4911,0.4676,0.4676,0.4676,0.4676,0.4676,0.4676,0.4676,0.4221,0.4221,0.4221,
1990-08-01 00:00:00,2,0.5151,0.4911,0.4911,0.4911,0.4911,0.4911,0.4911,0.4911,0.4676,0.4911,0.4676,0.4676,0.4676,0.4446,0.4446,0.4446,0.4446,0.8378,0.8378,0.5897,0.5395,0.4911,0.4911,0.4911,0.4911,0.4911,0.4911,0.5395,0.6685,0.6956,0.6418
1990-07-01 00:00:00,2,0.5151,0.5395,0.5395,0.5395,0.5151,0.5151,0.6155,0.5644,0.5644,0.5395,0.5395,0.5644,0.5644,0.5395,0.5395,0.5395,0.5151,0.5151,0.5151,0.4911,0.4676,0.4676,0.4676,0.4911,0.4911,0.4911,0.4676,0.4676,0.4676,0.5897,0.5644
1990-06-01 00:00:00,2,0.6155,0.6155,0.6155,0.6155,0.6155,0.6155,0.6155,0.6155,0.6155,0.5897,0.5897,0.5897,0.5897,0.5897,0.5897,0.5897,0.5897,0.5897,0.5897,0.5897,0.5897,0.5897,0.5395,0.5395,0.5151,0.5151,0.5151,0.5151,0.5151,0.5151,
1990-05-01 00:00:00,2,0.7232,1.327,1.2565,0.9283,0.8378,0.7796,0.7796,0.7512,0.7512,0.7232,0.7232,1.3628,1.0225,0.8676,0.8085,0.7512,0.7512,0.7512,0.7796,0.7232,0.7232,0.6956,0.6956,0.6956,0.6956,0.6956,0.6685,0.6418,0.6155,0.6155,0.6155
1990-04-01 00:00:00,2,1.0225,0.9907,0.9593,0.9283,0.9593,0.9593,0.9593,0.9283,0.8676,0.8977,2.1151,1.1538,0.9907,0.9283,0.8977,1.0225,0.9283,0.9283,0.9283,0.9283,0.8977,0.8977,0.8378,0.8085,0.8085,0.7796,0.7796,0.7512,0.7232,0.7512,
1990-03-01 00:00:00,2,1.327,1.2219,1.1204,1.0873,1.0547,1.1876,1.327,1.0547,0.9907,0.9593,0.9283,0.8977,0.8676,0.8977,2.0297,1.1538,1.1538,2.246,1.5099,1.2219,1.1204,1.4356,1.1538,1.8223,1.4725,1.2565,1.782,1.3628,1.1876,1.1204,1.0873
1990-02-01 00:00:00,2,1.1876,1.1538,1.1538,1.1538,1.1538,1.1204,1.0873,1.0547,1.0225,0.9907,1.742,1.8223,1.3628,1.4356,2.9436,3.4358,1.782,1.8223,1.4356,1.2915,1.2565,1.1876,2.4255,2.2903,1.7024,1.9875,1.742,1.4356,,,
1990-01-01 00:00:00,2,12.2145,9.845,9.1311,7.8473,4.3479,4.0153,3.4869,2.9436,2.5638,2.335,2.202,2.0297,1.9042,1.782,1.7024,1.6242,1.5476,1.4725,1.399,1.3628,1.327,1.2915,1.2219,1.2219,1.1538,2.2903,1.6242,1.2915,1.1876,1.1538,1.1538
1989-12-01 00:00:00,2,0.8676,0.8085,0.7796,0.6956,0.6155,0.5644,0.5395,0.5151,0.5395,0.5897,1.6631,4.0699,10.4164,4.8683,3.8534,4.4613,3.642,2.6577,2.8962,7.994,23.3134,6.3137,4.692,3.3851,2.9436,2.6577,2.4712,2.3801,2.335,2.8962,2.1584
1989-11-01 00:00:00,2,0.4911,0.4676,0.4676,0.4911,0.5644,0.5395,0.4911,0.4446,0.4221,0.6418,0.7232,0.8977,3.4869,2.1584,1.1538,0.8977,0.7232,0.8378,1.2219,0.9283,0.7796,4.5185,1.5099,1.1876,1.0873,0.9907,0.8977,0.9283,1.1538,1.0225,
1989-10-01 00:00:00,2,0.8085,0.7512,0.6956,0.6685,0.6418,0.6155,0.6155,0.6956,0.6418,0.6685,0.6155,1.2565,0.9593,0.6418,0.5395,0.5151,1.327,0.9593,0.8378,0.7232,0.6155,0.6685,0.6685,0.5897,0.6418,0.5151,0.4911,0.7512,0.8378,0.6155,0.5395
1989-09-01 00:00:00,2,0.6956,0.6155,0.5897,0.5644,0.5644,0.5395,0.5151,0.5151,0.5151,0.5151,0.5151,0.5151,0.5151,0.5151,0.4911,0.4676,0.4676,0.4676,0.4446,0.4676,0.4911,0.4676,0.4446,0.4446,0.4446,0.4676,1.327,0.9593,2.1151,0.9907,
1989-08-01 00:00:00,2,0.9283,0.8085,0.7512,0.7232,0.7232,0.7232,0.7232,0.7232,0.6685,0.6418,0.6418,0.6155,0.6155,0.6155,0.5897,0.5897,0.6155,0.5897,0.5395,0.5644,0.5644,0.5395,0.5395,0.5151,0.5151,0.5644,0.5644,2.753,1.5857,0.9283,0.7512
1989-07-01 00:00:00,2,0.7232,0.6956,0.6956,0.6685,0.6418,0.6956,1.0873,1.1876,0.9283,0.8378,0.7796,0.7232,0.7232,0.7232,0.6956,0.6685,0.6685,0.6685,0.6418,0.6685,0.6685,0.6418,0.6418,0.6418,0.6418,0.6155,0.6155,0.6418,0.8085,0.8085,1.2565
1989-06-01 00:00:00,2,0.7232,0.7232,0.7232,0.7232,0.7232,0.6956,0.6956,0.6956,0.7232,0.7796,1.1204,1.8631,1.0225,0.8676,0.8085,0.7796,0.7796,0.7796,0.7512,0.7512,0.7512,0.7512,0.7232,0.7232,0.7512,0.9593,0.8378,0.7796,0.7512,0.6956,
1989-05-01 00:00:00,2,1.1204,1.5476,1.2565,1.0225,0.9593,0.9593,0.9283,0.8977,0.8676,0.8676,0.8378,0.8378,0.8378,0.8085,0.8085,0.7796,0.7796,0.7796,0.7796,0.7512,0.7512,0.7796,0.8085,0.7796,0.7796,0.8085,0.7796,0.7512,0.7232,0.7232,0.7232
1989-04-01 00:00:00,2,1.4356,1.399,1.3628,1.3628,1.2915,1.2565,1.2565,1.2219,1.2219,1.1876,1.1538,1.1538,1.1538,1.1204,1.0873,1.0873,1.0873,1.0547,1.0547,1.1204,1.0873,1.0873,1.0225,1.0225,1.0225,0.9593,0.9593,0.9283,0.9283,0.8977,
1989-03-01 00:00:00,2,1.2915,1.8631,1.4725,1.2565,5.7924,6.0506,12.8415,5.7286,4.9278,3.0878,2.5173,2.335,2.4255,3.3851,6.9235,3.1856,2.7052,2.335,2.1584,2.0722,1.9456,1.8631,1.782,1.742,1.742,1.7024,1.6242,1.5476,1.5099,1.5476,1.5099
1989-02-01 00:00:00,2,0.5897,0.6418,0.7512,1.1538,1.4725,4.0153,1.5099,1.9456,1.399,2.0722,3.4358,2.5638,1.6242,1.4725,3.3851,1.782,1.399,2.8012,1.327,1.0873,1.0873,1.0873,2.0297,1.6631,1.2219,1.1204,1.5857,1.2565,,,
1989-01-01 00:00:00,2,1.2219,1.4725,1.2915,1.6242,1.742,2.1151,1.8223,2.1151,2.0297,1.782,1.4725,1.2565,1.1538,1.2565,1.4725,1.327,1.1876,1.1204,1.0547,0.9907,0.8977,0.8676,0.8378,0.8085,0.7512,0.7512,0.6418,0.6418,0.6685,0.6418,0.6155
1988-12-01 00:00:00,2,0.6685,1.0873,1.1876,1.5476,0.8977,0.7512,0.7232,0.6685,0.6155,0.8085,2.1584,1.5476,1.3628,1.2219,1.4725,2.4712,1.4356,1.3628,1.1538,1.1204,1.8631,3.3851,3.0878,1.8223,5.8565,7.3436,2.4255,1.8631,1.6242,1.4356,1.2915
1988-11-01 00:00:00,2,1.0225,1.0547,0.7796,3.1856,1.9456,1.327,1.0225,0.8977,0.9907,0.8977,0.8085,0.6956,0.6685,0.6418,0.8977,0.8085,0.6956,0.6685,0.6418,0.6155,0.8977,0.9283,1.399,1.782,1.0547,0.8378,0.8085,0.7796,0.7796,0.7232,
1988-10-01 00:00:00,2,1.1876,0.7796,0.6685,0.6418,0.6418,1.0225,0.8085,0.6956,0.6155,0.6155,0.5897,0.6418,1.2565,0.9593,0.7232,0.6956,0.6685,0.6956,0.6685,0.8977,0.8977,0.7232,2.202,1.327,0.9593,0.8085,0.8378,1.0873,0.8378,0.7796,0.7512
1988-09-01 00:00:00,2,0.6418,0.6155,0.6155,0.6155,0.6418,0.6418,0.6155,0.6418,0.6155,0.5897,0.5897,0.6155,0.5644,0.5644,0.5644,0.5395,0.5395,0.5644,0.5395,0.5395,0.5395,0.5395,0.5395,0.5151,0.5151,0.5151,0.4911,0.4911,0.4911,1.5099,
1988-08-01 00:00:00,2,0.8378,0.8085,0.8378,0.8378,0.8085,0.8378,0.8378,0.8378,0.8085,0.7796,0.7796,0.7796,0.7796,0.7796,0.7796,0.7796,0.7796,0.7512,0.7232,0.7512,0.7512,0.7512,0.7232,0.6685,0.6956,0.6956,0.6685,0.6685,0.6685,0.6685,0.6418
1988-07-01 00:00:00,2,0.9593,0.9593,0.9593,0.9593,0.9283,0.9283,0.9283,0.8977,0.8977,0.8977,0.8977,0.8977,0.8977,0.8676,0.8676,0.8676,0.8676,0.8977,0.8977,0.8676,0.8977,0.8676,0.8977,0.8676,0.8676,0.8378,0.8085,0.8378,0.8378,0.8378,0.8378
1988-06-01 00:00:00,2,1.327,1.2565,1.2219,1.2219,1.399,1.2565,1.2219,1.1538,1.1204,1.1204,1.0873,1.1204,1.0873,1.0873,1.1204,1.0873,1.0547,1.0547,1.0225,1.0547,1.0547,1.0225,1.0225,0.9907,0.9907,0.9907,1.0225,0.9907,0.9907,0.9593,
1988-05-01 00:00:00,2,1.4725,1.4725,1.4356,1.399,1.399,1.3628,1.3628,1.327,1.3628,1.3628,1.327,1.2915,1.2565,1.2565,1.2565,1.2565,1.2565,1.5099,1.3628,1.327,1.2915,1.2565,1.2565,1.2219,1.2219,1.6631,1.5099,1.3628,1.2915,1.2915,1.3628
1988-04-01 00:00:00,2,1.8631,1.8631,1.9042,3.6943,2.8962,2.6106,2.1584,2.0297,1.9456,1.8631,1.8631,1.8223,1.782,3.4869,2.202,1.9456,1.9875,2.1151,1.9042,1.8631,1.8223,1.742,1.7024,1.8631,1.6631,1.5857,1.5476,1.4725,1.6242,1.5099,
1988-03-01 00:00:00,2,2.202,2.1584,4.9278,3.1856,6.3802,3.1856,2.6577,2.4712,2.3801,2.2903,2.246,2.202,2.1151,2.0297,2.0297,2.0297,7.5577,3.3851,2.8492,2.5173,2.3801,2.2903,2.202,2.1584,2.1151,2.0722,2.0297,1.9875,1.9875,1.9456,1.9042
1988-02-01 00:00:00,2,2.0722,2.6577,2.7052,3.961,4.7505,4.9875,2.9913,3.961,2.8962,3.5382,7.486,4.8092,3.4358,5.1685,5.1685,3.642,3.4869,4.692,3.4358,3.0878,2.9436,2.8012,2.753,2.8962,2.5638,2.4255,2.3801,2.335,2.246,,
1988-01-01 00:00:00,2,7.7019,3.1365,3.1856,2.7052,2.8492,3.235,3.3851,2.8962,4.0153,7.7745,5.2295,3.6943,4.576,3.6943,2.9913,2.753,2.6577,2.4712,2.3801,2.246,2.202,2.246,2.246,2.202,2.1151,2.0722,2.0297,1.9875,1.9042,1.8631,3.3347
1987-12-01 00:00:00,2,0.9593,0.8378,0.9283,3.3347,1.8631,1.9875,4.576,8.2161,13.2059,22.3072,10.4164,7.2023,4.3479,6.0506,4.7505,3.1856,2.6577,4.8092,39.9923,10.4992,11.95,6.3137,4.9278,4.0699,3.6943,3.3347,3.0394,2.8012,2.5638,2.4255,2.3801
1987-11-01 00:00:00,2,0.6956,0.5897,0.5395,0.4446,0.4446,0.4446,0.5395,0.6956,0.5644,0.7796,0.6418,0.5644,0.4911,0.4911,0.7796,1.399,3.0394,1.1204,0.9907,0.9593,0.7232,0.6418,0.5897,0.5644,0.6155,0.6956,0.9283,2.753,0.9283,1.1538,
1987-10-01 00:00:00,2,0.6685,0.6418,0.6418,0.6418,0.6418,0.6155,0.6155,0.5897,0.5395,0.5151,0.4911,0.4676,0.4676,0.4446,0.4221,0.4221,0.4221,0.4221,0.4221,0.4221,0.5644,0.8378,0.7232,0.6155,0.6155,0.5897,0.5897,0.6155,0.8085,0.8977,0.8378
1987-09-01 00:00:00,2,0.5151,0.5151,0.5395,0.5395,0.5395,0.5644,0.5395,0.6155,0.7232,0.6956,0.6418,0.5897,0.5897,0.5395,0.5395,0.4911,0.4676,0.4911,0.7512,0.7232,0.6155,0.6418,1.7024,2.1584,1.1876,0.8977,0.8085,0.6956,0.7232,0.6956,
1987-08-01 00:00:00,2,0.7796,0.7796,0.7796,0.7512,0.7512,0.7512,0.7796,0.8085,0.7796,0.7512,0.7232,0.7232,0.7232,0.6956,0.6956,0.6155,0.7232,0.6155,0.6155,0.6418,0.6685,0.6418,0.6155,0.5897,0.5897,0.5644,0.5644,0.5644,0.5644,0.5395,0.5151
1987-07-01 00:00:00,2,0.9593,0.9593,0.8977,0.8977,0.8977,0.8977,0.8676,0.8676,0.8977,0.8977,0.8977,0.8676,0.8676,0.8378,0.8378,0.8378,0.8378,0.8085,0.8085,0.8085,0.8085,0.8085,0.8085,0.8085,0.8085,0.7796,0.7796,0.7796,0.7796,0.7512,0.7796
1987-06-01 00:00:00,2,1.0225,0.9283,0.9593,0.9593,0.9907,0.9907,0.9907,1.0225,1.4725,1.2219,1.0547,1.0225,0.9907,0.9907,0.9907,0.9907,0.9907,1.1538,1.0225,0.9907,0.9593,0.9593,0.9907,1.0547,1.0225,0.9907,0.9593,0.9593,0.9593,0.9593,
1987-05-01 00:00:00,2,1.2219,1.2219,1.1538,1.1538,1.1204,1.0873,1.0873,1.0873,1.0547,1.0225,1.0873,1.0873,1.0547,1.0547,1.0225,1.0547,1.0873,1.2219,1.1538,1.0873,1.0873,1.0873,1.0547,1.0547,1.0547,0.8676,1.0225,1.0225,1.2565,1.1538,1.0547
1987-04-01 00:00:00,2,1.2565,1.0873,1.0873,1.5099,1.6242,2.0297,1.742,1.5099,1.3628,1.2915,3.4869,1.7024,1.4725,1.399,1.3628,1.327,1.2915,1.2565,1.2219,1.2219,1.2219,1.1876,1.1876,1.2219,3.2847,1.3628,1.2565,1.1876,1.1876,1.0873,
1987-03-01 00:00:00,2,1.2565,1.2219,1.1876,1.1538,1.1204,1.1204,1.1204,1.1538,2.9436,6.447,8.3657,2.7052,2.8492,2.246,1.9456,2.0722,1.9456,1.782,1.742,1.7024,1.7024,1.5857,1.5476,1.4725,1.4356,1.399,1.399,1.3628,1.3628,1.2915,1.2915
1987-02-01 00:00:00,2,1.782,1.6242,1.5476,1.6242,2.4255,1.5099,1.4356,1.4356,1.3628,1.7024,1.6242,1.4725,1.3628,1.3628,3.6943,1.9456,2.0297,4.0153,2.2903,1.782,1.5857,1.5099,1.4356,1.3628,1.327,1.2915,1.2915,1.2565,,,
1987-01-01 00:00:00,2,3.5382,2.8012,2.4255,2.7052,2.4255,1.9875,1.8223,1.742,1.6242,1.7024,1.782,1.6242,1.5099,1.5476,1.4725,1.9042,1.4725,2.1151,1.742,2.6577,3.8534,1.8631,1.8631,1.7024,1.9042,1.742,1.9456,2.246,1.8223,4.8092,2.1151
1986-12-01 00:00:00,2,1.7482,1.5908,1.4774,1.2973,1.064,0.9406,0.8816,0.9708,0.9109,1.0014,0.9708,1.0014,1.9974,1.9974,2.4009,1.8708,2.4954,1.6686,1.2973,1.1613,1.9974,1.3324,2.128,8.2907,25.9603,9.0533,13.2977,8.2907,5.6651,4.4044,6.1159
1986-11-01 00:00:00,2,0.7422,0.7422,0.7157,0.7422,0.7692,0.7966,0.7966,0.7422,0.7157,0.7966,0.7966,1.6295,1.7482,1.1284,0.8245,0.6896,0.664,0.664,0.6142,0.6389,0.59,0.7422,0.5662,0.5662,0.9109,0.8528,0.8816,0.8528,1.404,1.5525,
1986-10-01 00:00:00,2,0.664,0.6389,0.6389,0.6389,0.7692,0.7966,0.7692,0.7692,0.59,0.6142,0.7157,0.7692,0.7966,0.7157,0.7157,0.7422,0.6896,0.6896,0.7157,0.7422,0.7422,0.7692,0.7966,0.8528,0.8245,0.7966,0.7966,0.7966,0.7966,0.7692,0.7422
1986-09-01 00:00:00,2,0.7966,0.7966,0.7966,0.7422,0.7422,0.7422,0.7422,0.7966,0.9708,0.7422,0.6896,0.6896,0.6896,0.6896,0.6896,0.6896,0.6896,0.664,0.8245,0.7692,0.6389,0.6389,0.6389,0.6389,0.6389,0.6142,0.6389,0.6389,0.664,0.6896,
1986-08-01 00:00:00,2,1.1284,1.1284,0.9708,0.9406,0.9406,0.9109,0.9109,0.8816,0.7966,0.9109,1.0014,1.064,0.9109,0.9109,1.404,1.0014,0.9109,0.8528,0.7966,0.7966,0.7966,1.7886,1.3324,1.064,0.9708,1.0014,1.096,0.9406,0.9406,0.7966,0.7966
1986-07-01 00:00:00,2,1.1946,1.1946,1.1613,1.1613,1.1946,1.1613,1.1613,1.1613,1.1613,1.1284,1.1284,1.1284,1.1284,1.1284,1.1284,1.1284,1.1284,1.096,1.096,1.096,1.096,1.064,1.2284,1.6295,1.368,1.2284,1.1946,1.1613,1.096,1.096,1.096
1986-06-01 00:00:00,2,1.5525,1.4405,1.4405,1.368,1.368,1.368,1.368,1.3324,1.3324,1.3324,1.3324,1.3324,1.2973,1.2973,1.2973,1.2973,1.2973,1.2626,1.2626,1.2626,1.2626,1.2284,1.2626,1.2626,1.2284,1.2284,1.2284,1.2284,1.2284,1.1946,
1986-05-01 00:00:00,2,1.5147,1.5147,1.5147,1.4774,1.4774,1.4405,1.4405,1.4405,1.4405,1.4405,1.4405,1.5908,3.7056,1.9974,1.6686,1.5908,1.5147,1.5147,1.5147,1.5147,1.5525,1.5525,1.5147,1.4405,1.4405,1.4405,1.404,1.404,1.368,1.368,1.368
1986-04-01 00:00:00,2,1.8708,1.8295,1.7886,1.7482,1.7482,1.7482,1.7081,1.6686,1.6686,1.6686,1.6686,2.2625,1.8295,1.7482,1.8295,1.8295,1.7081,1.6686,1.6295,1.6295,1.6295,1.5908,1.7081,1.9126,1.6686,1.7081,1.7482,1.6686,1.5908,1.5525,
1986-03-01 00:00:00,2,2.3544,9.3779,3.4788,3.1515,2.9419,2.6895,2.5433,2.6895,2.5433,2.4009,2.3544,2.2625,2.2625,2.2625,2.1724,2.0841,2.0841,2.448,2.2172,2.0841,2.0841,1.9974,1.9974,2.128,2.0841,2.0405,1.9974,2.0841,2.2625,1.9974,1.9126
1986-02-01 00:00:00,2,2.5916,2.448,2.448,3.9986,4.8754,6.7217,4.3023,3.205,2.9936,2.7892,2.6403,2.5433,4.81,3.3133,3.5349,3.205,3.3133,5.4135,6.5697,3.9986,3.205,2.9419,2.7391,2.6403,2.5433,2.448,2.448,2.448,,,
1986-01-01 00:00:00,2,7.0307,4.81,3.7056,3.205,6.1236,5.6221,4.9412,8.5028,16.2135,7.7501,7.8321,5.5522,5.6221,8.9352,11.7803,5.2085,4.6165,4.1795,3.8215,3.6483,3.4788,3.2589,3.1515,3.0458,2.9419,2.8396,2.8905,4.5528,3.2589,2.8396,2.5916
1985-12-01 00:00:00,2,1.6686,1.2284,1.5908,1.5147,1.7886,1.368,1.2284,1.1284,1.096,1.0325,0.9708,0.9406,0.9109,0.8528,0.7966,0.8816,0.9708,0.9708,0.8245,0.7692,2.448,3.3133,4.6806,5.8346,5.2764,4.3023,8.1641,13.9709,16.0365,8.5028,6.3448
1985-11-01 00:00:00,2,1.6295,1.5908,1.6295,2.7391,3.4232,1.5908,1.3324,1.1946,1.1284,1.064,1.0325,0.9708,0.9406,0.9109,0.8528,0.8245,0.7422,0.7157,0.6896,0.6896,1.064,1.096,2.1724,1.1946,1.5525,1.7482,1.2626,1.3324,1.2626,1.5908,
1985-10-01 00:00:00,2,1.1946,1.1613,1.5147,1.1946,1.096,1.096,1.096,1.2626,1.1613,1.096,1.096,1.0325,0.9708,0.9708,0.9708,0.9109,0.9109,0.7966,0.7966,0.7422,0.8245,1.1284,1.0014,0.9109,0.8528,0.9406,1.0325,1.064,0.9406,0.9109,1.2284
1985-09-01 00:00:00,2,1.1613,1.1613,1.1284,1.096,1.096,1.404,1.5908,1.2973,1.2284,1.1613,1.1613,1.1613,1.1284,1.096,1.096,1.096,1.064,1.0325,1.0014,1.0014,0.9708,0.9109,0.9109,1.9126,1.5525,1.2626,1.1613,1.1613,1.1946,1.2973,
1985-08-01 00:00:00,2,1.404,1.368,1.368,1.368,1.368,1.3324,1.2973,1.2973,1.3324,1.368,1.2973,1.2973,1.2973,1.2626,1.2626,1.2284,1.2284,1.2284,1.2284,1.2284,1.2284,1.2284,1.2284,1.2284,1.2284,1.2284,1.1946,1.1613,1.1613,1.1613,1.1613
1985-07-01 00:00:00,2,1.5908,1.5525,1.5525,1.5147,1.5147,1.5147,1.5147,1.5147,1.5147,1.4774,1.4774,1.4405,1.4405,1.4405,1.4405,1.4774,1.4774,1.4405,1.4405,1.4405,1.4405,1.4405,1.4405,1.404,1.368,1.368,1.368,1.368,1.368,1.368,1.368
1985-06-01 00:00:00,2,1.8295,1.8295,1.9974,1.8708,1.8295,1.7482,1.7081,1.8708,1.7482,1.7482,1.7081,1.7081,1.7081,1.7081,1.7081,1.6686,1.6686,1.6686,1.6295,1.6686,1.6295,1.6295,1.6295,1.5908,1.5908,1.5908,1.5908,1.5908,1.5908,1.5908,
1985-05-01 00:00:00,2,2.0841,2.1724,2.6895,2.5433,2.3082,2.1724,2.0841,2.0841,2.0841,2.0841,2.0841,2.0841,2.0841,2.0841,1.9974,1.9974,1.9974,1.9974,1.9548,1.9126,1.9126,1.9974,1.9126,1.8708,1.9126,1.9126,1.8708,1.8708,1.8708,1.8295,1.8295
1985-04-01 00:00:00,2,3.8801,3.5349,3.4232,3.2589,3.5349,3.205,3.0985,3.0985,3.0985,3.0985,2.9936,2.9419,2.9419,2.8396,2.7892,2.7391,2.7391,3.5914,2.8905,2.8396,2.6895,2.2625,2.2625,2.2625,2.3544,2.3082,2.2625,2.1724,2.1724,2.1724,
1985-03-01 00:00:00,2,14.3075,4.81,4.0585,5.4135,4.9412,3.9986,3.9986,4.1188,4.8754,3.9392,3.7634,4.1188,4.3023,4.0585,6.4194,4.7451,4.3643,8.0805,5.5522,4.9412,4.5528,4.4267,3.9392,3.8215,3.7056,3.5914,5.2764,3.7634,3.5349,4.0585,8.9352
1985-02-01 00:00:00,2,11.6238,8.1641,7.1877,6.3448,5.8346,5.4135,5.1411,4.9412,5.4135,4.8754,5.5522,4.4895,4.1188,3.9392,3.7634,3.8801,3.4788,3.368,3.3133,3.1515,3.0985,3.0458,3.5349,4.0585,4.8754,4.6165,3.9986,3.4788,,,
1985-01-01 00:00:00,2,2.4954,2.7892,2.2625,1.9548,1.8708,2.448,2.3082,2.6895,8.6745,6.9528,3.6483,3.0985,2.9936,10.3877,8.6745,4.0585,7.109,11.2361,5.6925,5.6925,12.4945,7.3463,5.2764,6.2707,10.7018,39.2652,41.4733,15.8602,15.2491,14.0547,11.1591
1984-12-01 00:00:00,2,1.6686,1.7482,3.7634,4.4895,3.5914,1.7482,1.6295,11.3132,2.8905,2.9936,3.5914,2.448,2.0405,2.0841,3.368,16.839,9.5579,4.2407,3.1515,2.6895,2.448,2.5433,2.128,1.9548,1.8708,1.8295,2.6403,3.0458,2.6403,7.0307,3.368
1984-11-01 00:00:00,2,0.8528,0.8245,0.7157,0.6389,0.6389,0.6389,0.6389,0.7966,0.6142,0.59,0.59,0.6142,0.6142,0.59,0.59,0.59,0.6142,0.7157,0.9708,1.0325,3.8801,2.448,2.2625,1.6295,1.2284,1.1284,1.7482,1.7886,1.2284,1.4405,
1984-10-01 00:00:00,2,1.0325,1.0325,1.0014,0.9708,0.9406,0.9406,0.9406,0.8816,0.8816,0.8816,0.9109,1.6686,1.2973,1.1613,0.9109,0.9109,0.9406,0.9109,1.2626,2.1724,1.2973,1.1613,1.1613,1.096,1.096,1.096,1.0325,0.9406,0.9109,0.8816,0.8528
1984-09-01 00:00:00,2,1.1946,1.1284,1.096,1.096,1.064,1.0325,2.448,2.128,2.448,1.4405,1.2626,1.1946,1.1284,1.1284,1.096,1.1284,1.096,1.1284,1.096,1.1284,3.4788,1.5147,1.2973,1.1946,1.1284,1.096,1.4774,1.1946,1.096,1.096,
1984-08-01 00:00:00,2,1.096,1.064,1.064,1.064,1.0325,1.0325,1.0325,0.9708,0.9406,0.9406,0.9708,0.9406,1.0014,1.1613,1.0325,0.9708,0.9708,0.9406,0.9406,0.9708,1.0014,1.0014,1.064,1.5147,1.7886,2.2172,1.368,1.2284,1.1946,1.1613,1.1946
1984-07-01 00:00:00,2,1.2973,1.2973,1.2973,1.2973,1.2626,1.2626,1.2626,1.2626,1.2626,1.2626,1.2626,1.2284,1.2284,1.2284,1.1946,1.1946,1.1946,1.1946,1.1284,1.1946,1.1284,1.1946,1.1284,1.096,1.064,1.0325,1.0325,1.0325,1.064,1.1613,1.096
1984-06-01 00:00:00,2,1.096,1.1284,1.1613,1.1946,1.368,1.3324,1.3324,1.2973,1.2973,1.2973,1.2973,1.3324,1.2626,1.3324,1.3324,1.3324,1.2973,1.3324,1.3324,1.2973,1.2973,1.2973,1.2973,1.3324,1.3324,1.2973,1.2973,1.2973,1.2626,1.2973,
1984-05-01 00:00:00,2,1.4405,1.8708,1.6295,1.4405,1.5147,1.5525,1.5525,1.4405,1.4405,1.4405,1.404,1.404,1.3324,1.3324,1.3324,1.368,1.404,1.404,1.4405,1.404,1.2973,1.2626,1.2284,1.2973,1.2626,1.3324,1.368,1.2626,1.3324,1.2626,1.1613
1984-04-01 00:00:00,2,2.9928,2.8551,2.8551,3.9392,5.074,2.5433,2.1724,1.9974,2.128,1.9126,1.8295,1.8295,1.8295,1.7886,1.7482,1.7081,1.6686,1.6686,1.5908,1.6295,1.5908,1.5908,1.5908,1.5525,1.5525,1.5525,1.5147,1.5525,1.5147,1.4774,
1984-03-01 00:00:00,2,2.123,2.0826,2.0826,2.0424,3.2278,2.9928,2.3719,2.3297,2.3297,2.2877,2.2461,2.2461,2.2877,4.6661,2.4572,2.2877,2.2048,2.1638,2.0424,2.0026,2.0424,2.5436,2.2461,2.123,2.123,2.123,2.1638,2.3719,2.6312,2.8098,4.0769
1984-02-01 00:00:00,2,3.133,3.086,2.9928,2.9466,2.9007,2.9007,2.8551,2.8098,2.7647,2.7199,2.6754,2.7199,2.6754,2.5873,2.5436,2.4572,2.4572,3.133,2.5002,2.5873,2.4572,2.4144,2.3719,2.3719,2.3297,2.3297,2.2877,2.2048,2.1638,,
1984-01-01 00:00:00,2,4.7211,4.5567,4.3945,4.2876,4.1817,4.0769,5.2854,5.1135,7.7785,4.7765,4.7211,4.4483,4.0769,3.8703,3.7181,3.7181,3.6679,3.4696,3.2757,3.2278,3.2278,3.2278,3.2757,4.0769,3.4696,4.8878,4.5024,4.0769,4.1292,3.4207,3.2757
1983-12-01 00:00:00,2,4.3409,4.7211,10.1776,5.9339,5.0002,5.8738,15.9482,6.611,13.9709,13.7204,12.4143,16.0365,10.0296,11.9376,7.6452,7.2506,6.4858,5.9943,5.5766,5.1706,5.2854,5.6948,10.7775,6.4236,6.2998,10.3263,6.4236,5.8139,5.2854,5.0002,4.832
1983-11-01 00:00:00,2,2.0026,2.0826,2.6312,2.2877,2.4572,2.2048,1.9238,1.808,2.8551,2.123,2.0026,4.6661,6.4236,5.2854,6.0549,11.0059,4.6661,4.0249,3.3237,13.3892,5.1135,5.4594,5.4594,4.2876,5.1706,4.0249,5.0567,10.401,6.0549,4.6661,
1983-10-01 00:00:00,2,1.8463,1.808,1.77,1.77,1.77,1.6949,1.6949,1.8849,2.4144,1.9238,1.8463,1.8849,4.3409,6.0549,3.7685,2.5002,2.2461,2.5436,3.4207,3.4207,2.5873,2.6754,5.1135,3.5188,2.7199,2.5002,2.3297,2.2877,2.123,2.0424,2.1638
1983-09-01 00:00:00,2,1.6949,1.6579,1.6579,1.6579,2.6312,1.9631,1.808,1.77,1.7323,1.7323,1.9238,1.9238,1.8849,1.9631,1.77,2.0826,2.0826,2.0026,2.0026,2.0026,1.9238,1.8463,1.808,2.8098,5.6948,2.6312,2.1638,2.0026,1.9631,1.8849,
1983-08-01 00:00:00,2,2.2461,2.2461,2.2048,2.1638,2.1638,2.1638,2.1638,2.123,2.123,2.0826,2.0424,2.0424,2.0424,2.0026,2.0026,1.9238,1.8849,1.8849,1.8849,1.8849,1.9238,1.9238,1.9238,1.8849,1.8463,1.8463,1.808,1.77,1.7323,1.6949,1.6949
1983-07-01 00:00:00,2,2.5873,2.5873,2.5436,2.5436,2.5002,2.4572,2.7199,2.8098,2.8098,2.8098,2.8098,2.7647,2.5873,2.5873,2.4572,2.4572,2.4572,2.4572,2.7647,2.9007,3.6679,2.6754,2.5873,2.5002,2.4572,2.4144,2.4144,2.4144,2.3297,2.2877,2.2877
1983-06-01 00:00:00,2,3.7685,3.6179,3.9216,3.6679,3.5188,3.4207,3.3237,3.3237,3.3237,3.2278,3.2278,3.133,3.086,3.0393,3.0393,2.9928,2.9466,2.9466,2.9466,2.8551,2.8098,2.7647,2.7647,2.7647,2.7647,2.7199,2.6754,2.6754,2.6312,2.5873,
1983-05-01 00:00:00,2,4.5567,4.4483,4.3945,4.3409,4.3409,4.2345,4.1817,4.1817,4.0769,4.0249,3.9731,3.9731,3.9216,3.8703,3.8193,3.7685,3.7685,3.7181,3.6179,3.6179,3.5682,3.5188,3.4696,3.4696,3.6179,3.6679,3.5682,3.5188,6.7371,3.9216,5.1706
1983-04-01 00:00:00,2,4.6113,4.6113,4.5024,4.3409,4.2876,4.2345,7.4469,5.6948,4.7211,4.4483,28.8003,13.6373,10.3263,7.5128,6.8641,6.3615,6.0549,5.8139,5.5766,5.4011,5.2854,5.2854,5.1706,5.0002,8.2521,5.4011,5.0567,5.1135,4.7765,4.6113,
1983-03-01 00:00:00,2,5.1135,12.3344,5.6356,8.2521,12.3344,9.2311,9.0887,6.8005,5.9943,5.6356,5.3431,5.1706,5.0002,5.0002,7.0564,5.2279,4.9439,4.7765,4.7765,10.8534,5.9339,10.401,5.8738,5.5766,5.2854,5.0567,4.9439,6.928,5.8139,4.8878,4.7211
1983-02-01 00:00:00,2,5.7542,6.8641,11.5458,6.928,5.8139,5.4011,5.2854,5.1706,5.2279,19.4632,15.8602,13.9709,35.0868,12.1751,9.5185,8.3894,7.7118,7.5128,6.7371,6.4236,6.1158,5.9943,5.7542,5.4594,5.3431,6.611,6.0549,5.5766,,,
1983-01-01 00:00:00,2,8.6665,6.8641,7.0564,5.4594,9.0887,8.5275,6.9921,5.6356,4.8878,4.7765,4.2876,4.2345,4.4483,9.3744,11.2361,6.4858,8.9471,14.223,34.4206,9.8093,18.1366,12.0166,9.0178,7.9802,8.1157,7.7785,7.5789,6.3615,5.6948,5.2854,7.6452
1982-12-01 00:00:00,2,0.8963,0.8963,0.8963,1.2054,1.8849,1.1408,1.0465,1.0465,1.5847,1.109,1.0158,0.9553,0.9257,0.9553,0.9553,3.1803,1.9238,2.123,2.4572,2.2877,1.6211,1.5847,1.5128,1.4773,5.4011,59.2883,7.1209,4.6113,3.3237,8.5275,8.8766
1982-11-01 00:00:00,2,1.6211,1.7323,1.5486,1.2383,1.173,1.109,1.0465,1.0465,1.0465,1.0465,1.1408,1.2054,1.2054,1.2054,1.2054,1.3387,1.5128,1.3729,1.2714,1.2383,1.109,1.0465,1.0158,0.9854,0.8963,0.8674,0.8388,0.8388,0.8963,0.8963,
1982-10-01 00:00:00,2,1.0776,1.0776,1.3387,1.3049,1.2383,1.2054,1.2054,1.2054,1.5486,2.0026,1.5847,1.4773,2.6312,1.8849,1.6211,1.4422,1.4074,1.4773,1.4773,1.5128,1.5128,1.77,1.2383,1.109,1.0465,1.1408,1.0465,1.0465,1.6211,1.6949,1.77
1982-09-01 00:00:00,2,1.2054,1.2054,1.2054,1.173,1.173,1.173,1.1408,1.1408,1.1408,1.109,1.109,1.0776,1.0776,1.0776,1.0776,1.0776,1.0776,1.0776,1.0776,1.0776,1.0776,1.0776,1.0776,1.0776,1.0465,1.0465,1.0465,1.1408,1.109,1.0776,
1982-08-01 00:00:00,2,1.5486,1.5847,1.5847,1.5486,1.5486,1.5486,1.5486,1.5486,1.4773,1.4773,1.4773,1.4422,1.4422,1.4422,1.4422,1.4422,1.4074,1.4074,1.4074,1.4074,1.3729,1.3387,1.3387,1.3387,1.3387,1.2714,1.2714,1.2714,1.2714,1.2714,1.2383
1982-07-01 00:00:00,2,1.8849,1.8849,1.8463,1.808,1.808,1.8463,1.8849,1.808,1.77,1.7323,1.77,1.7323,1.7323,2.123,1.8849,1.808,1.77,1.77,1.77,1.77,1.7323,1.6949,1.6949,1.6579,1.6579,1.6211,1.6211,1.6211,1.6211,1.6211,1.6211
1982-06-01 00:00:00,2,2.3719,2.3297,2.3297,2.3297,2.2877,2.3719,2.2877,2.2461,2.2048,2.2048,2.1638,2.123,2.0826,2.123,2.0826,2.0826,2.2461,2.123,2.0826,2.0826,2.0424,2.0424,2.0424,2.0424,2.0424,1.9631,1.8849,1.8849,1.9238,1.9238,
1982-05-01 00:00:00,2,2.7647,2.7199,2.7199,2.7199,2.7199,2.7199,2.6754,2.6312,2.6312,2.6312,2.5873,2.5873,2.5436,2.5436,2.5436,2.5436,2.5436,2.5436,2.5436,2.5436,2.5436,2.5436,2.5002,2.5002,2.5002,5.1706,2.7199,2.5002,2.5002,2.3719,2.3719
1982-04-01 00:00:00,2,4.3945,3.8193,3.6679,3.5682,3.5188,3.5188,3.4696,3.3237,3.3237,3.6179,3.4696,3.2757,3.1803,3.1803,6.4858,4.7211,3.4696,3.3237,3.1803,3.086,3.0393,2.9928,2.9466,2.9466,2.9466,2.9007,2.8551,2.8098,2.8098,2.7647,
1982-03-01 00:00:00,2,3.4207,4.8878,5.1706,3.133,2.9928,2.9928,3.0393,12.4143,4.6661,5.8139,5.1135,5.3431,4.7765,5.2279,4.832,4.1817,5.1135,3.9216,3.7181,3.7685,3.7181,4.0249,3.8703,5.0567,13.3892,5.2854,4.3945,4.7765,4.3409,4.0769,3.7181
1982-02-01 00:00:00,2,4.8878,4.7211,4.5024,4.2876,9.8093,4.9439,4.2876,4.1292,3.7685,3.6679,3.5682,3.4696,3.3721,3.3237,3.3237,3.2757,3.1803,3.086,2.9928,2.9928,2.9007,2.8098,2.7647,2.6754,2.7647,2.6754,3.8193,7.6452,,,
1982-01-01 00:00:00,2,6.611,6.2998,12.0166,7.2506,7.7118,6.8005,15.7723,6.2998,5.2854,4.7211,4.2345,4.9439,4.7211,4.2876,5.2279,3.7181,3.5188,3.3721,3.3237,3.2278,6.4858,6.0549,6.928,8.5969,27.0727,10.8534,7.7785,7.3813,5.9943,5.5179,4.832
1981-12-01 00:00:00,2,3.6179,6.1769,4.9439,4.832,3.5188,3.4207,2.8098,2.5873,2.9466,6.8641,3.8703,6.611,5.0002,3.9216,3.4696,11.5458,6.4858,5.2854,3.9731,3.5682,3.2757,3.2757,3.133,2.9466,2.7647,2.7647,6.4236,6.8005,5.6948,3.4696,3.5188
1981-11-01 00:00:00,2,1.1367,1.281,1.1723,1.2444,2.4226,1.355,1.0665,7.6674,1.5068,2.3297,13.8037,6.3615,8.5275,6.8005,4.7211,2.8551,2.4572,7.9802,2.6754,2.4144,11.9376,5.8738,3.4207,4.4483,4.4483,12.4143,7.1856,4.5024,3.6679,4.1292,
1981-10-01 00:00:00,2,0.7371,0.7684,0.9304,0.8645,0.8645,0.8645,0.8,0.8,0.7684,0.7371,0.7371,0.8972,1.5455,1.0665,0.9304,2.6482,1.9069,1.2444,1.0665,1.8246,1.9069,1.2082,1.0665,0.9639,0.9639,0.9978,1.4684,1.7435,1.2444,1.2082,1.1723
1981-09-01 00:00:00,2,0.832,0.832,0.832,0.832,0.8,0.8,0.8,0.7684,0.7684,0.7371,0.7371,0.7371,0.7062,0.7062,0.7062,0.7062,0.7062,0.6758,0.6758,0.6457,0.6457,0.6758,0.7062,0.7062,0.7062,0.7062,0.7062,0.7062,0.7062,0.7062,
1981-08-01 00:00:00,2,0.9639,0.9639,0.9639,0.9639,0.9639,0.9304,0.9304,0.9304,0.9304,0.9304,0.9304,0.9304,0.9304,0.9304,0.9304,0.9304,0.9304,2.1601,1.281,1.032,1.0665,0.9978,0.9639,0.9639,0.9639,0.9639,0.9304,0.8972,0.8972,0.8972,0.8972
1981-07-01 00:00:00,2,1.1723,1.1723,1.1723,1.1367,1.1367,1.1015,1.1015,1.1015,1.1015,1.1015,1.1015,1.1015,1.0665,1.0665,1.0665,1.0665,1.0665,1.032,1.032,1.032,1.032,0.9978,0.9978,0.9978,0.9978,0.9978,0.9978,0.9978,0.9978,0.9639,0.9639
1981-06-01 00:00:00,2,1.3178,1.281,1.281,1.355,1.6238,1.5845,2.2902,1.7839,1.4303,1.3178,1.3178,1.3178,1.3178,1.3178,1.281,1.281,1.7839,1.7033,1.5068,1.355,1.7839,1.355,1.355,1.3178,1.2444,1.2082,1.2082,1.2082,1.2082,1.2082,
1981-05-01 00:00:00,2,1.7435,1.7033,1.6634,1.5845,1.5068,1.5068,1.4684,1.4684,1.4684,1.4303,1.4303,1.4303,1.3925,1.355,1.355,1.355,1.3178,1.3178,1.3178,1.3178,1.281,1.281,1.281,1.281,1.3178,1.355,1.3178,1.3178,1.7033,1.5068,1.355
1981-04-01 00:00:00,2,2.2466,2.1601,2.1172,2.0746,1.9902,1.9484,1.9484,1.9484,1.9069,1.8656,1.8656,1.8656,1.8246,1.7435,1.7435,1.7033,1.9069,1.8246,1.7033,1.7033,1.6634,1.6634,1.6238,1.5845,1.5845,1.5845,1.5845,1.5845,2.2902,1.8656,
1981-03-01 00:00:00,2,2.2902,2.2902,2.2466,2.2466,2.1601,2.2466,2.5572,2.5572,2.5572,3.9125,2.833,2.4226,2.2466,2.0746,2.0323,1.9484,1.9484,2.2902,4.9033,2.5572,2.9226,2.9226,2.2466,2.1601,2.1172,2.0746,2.1172,2.1601,2.9652,2.7864,2.694
1981-02-01 00:00:00,2,3.2009,3.5858,3.404,3.1818,3.138,3.138,3.138,3.0511,2.9652,3.5401,3.404,3.0511,3.008,2.8798,2.833,2.7864,2.7401,2.5572,2.5121,2.4672,2.4226,2.3341,2.3782,2.2902,2.2902,2.2902,2.3782,2.2902,,,
1981-01-01 00:00:00,2,2.855,2.4323,2.474,2.3491,2.1434,1.9409,1.9008,1.9008,1.9008,11.3132,7.2668,9.6485,9.5579,9.3779,10.551,7.7501,4.5515,4.0019,4.2752,4.1838,3.5977,4.0926,3.8213,4.5515,4.5515,13.3069,4.6907,3.9566,3.5532,3.4204,3.2009
1980-12-01 00:00:00,2,2.4323,4.367,4.5052,4.7373,4.6442,13.0611,3.9114,6.2707,3.2446,3.5977,3.2446,2.5579,2.7695,6.4943,3.2009,9.7394,3.3763,2.727,2.3491,2.2665,2.1026,3.8213,2.2665,2.0215,1.9008,2.5579,1.9409,1.9409,1.9812,11.8589,3.3323
1980-11-01 00:00:00,2,0.383,0.383,0.383,0.3526,0.3526,0.3526,0.383,0.8448,1.9008,1.9008,2.0215,9.8308,3.9114,2.1843,1.5854,1.2801,1.2055,1.1317,1.0225,3.1138,1.3554,1.0951,1.2801,1.8211,4.5052,1.7419,1.4314,1.1685,1.0587,1.3933,
1980-10-01 00:00:00,2,,0.7411,0.7411,0.7411,0.6732,0.707,0.707,0.6732,0.6732,0.6732,0.6732,0.7754,1.7814,0.9508,0.81,0.7754,0.6732,0.6397,0.6065,0.5735,0.5409,0.5409,0.4767,0.4767,0.4451,0.4767,0.4451,0.4451,0.4451,0.4451,0.4451
