DataHora,NivelConsistencia,Vazao01,Vazao02,Vazao03,Vazao04,Vazao05,Vazao06,Vazao07,Vazao08,Vazao09,Vazao10,Vazao11,Vazao12,Vazao13,Vazao14,Vazao15,Vazao16,Vazao17,Vazao18,Vazao19,Vazao20,Vazao21,Vazao22,Vazao23,Vazao24,Vazao25,Vazao26,Vazao27,Vazao28,Vazao29,Vazao30,Vazao31
2023-04-01 00:00:00,2,91.801,87.4791,83.9466,81.8573,81.8573,84.6481,85.3521,87.4791,88.1932,91.0744,95.471,86.7676,83.2476,79.7908,79.107,79.7908,77.7471,78.4258,80.4771,81.8573,84.6481,81.1659,77.7471,75.7264,73.0679,70.4506,69.8027,67.8746,64.0885,60.3967,
2023-03-01 00:00:00,2,113.146,109.194,106.076,103.763,101.472,99.203,96.2124,105.302,117.969,142.493,199.447,188.391,179.548,151.409,126.2,116.352,109.979,105.302,99.203,95.471,101.472,109.979,118.781,126.2,132.103,119.596,113.146,103.763,99.203,96.2124,93.2615
2023-02-01 00:00:00,2,298.709,281.958,197.417,185.423,162.416,152.314,149.607,159.633,204.562,218.123,223.439,196.405,183.456,204.562,189.385,174.715,185.423,196.405,205.592,206.624,187.399,160.559,153.221,146.922,141.614,133.811,122.879,118.781,,,
2023-01-01 00:00:00,2,213.911,274.908,295.084,365.862,360.589,403.689,472.238,591.756,705.089,710.364,638.076,614.728,531.32,437.383,410.612,309.697,262.182,236.421,187.399,194.388,285.512,351.442,360.589,344.971,309.697,342.397,392.717,387.28,271.411,261.038,309.697
2022-12-01 00:00:00,2,201.486,171.842,157.79,147.815,122.879,132.103,135.528,134.669,182.475,163.348,123.705,116.352,109.194,140.738,152.314,127.036,120.413,116.352,113.944,117.159,192.38,334.725,416.188,265.627,220.243,158.71,138.992,148.71,148.71,168.044,178.577
2022-11-01 00:00:00,2,68.5147,74.3921,84.6481,81.8573,67.2371,66.6021,63.4666,55.3181,55.9738,65.3401,61.0054,77.7471,88.1932,77.7471,105.302,164.283,187.399,160.559,106.852,83.2476,69.8027,63.4666,55.9738,54.0135,55.9738,58.5863,71.7541,86.0586,107.63,139.863,
2022-10-01 00:00:00,2,61.0054,57.2922,54.0135,51.4322,59.1871,65.9698,73.0679,78.4258,83.9466,88.1932,84.6481,76.3974,69.8027,62.8474,54.0135,46.3836,41.4926,36.7667,33.3355,31.1041,30.5535,29.4609,28.3803,27.8445,27.3117,26.7819,26.2553,28.9191,33.3355,45.7634,61.6168
2022-09-01 00:00:00,2,37.9323,37.9323,37.3481,36.7667,35.6119,35.6119,35.6119,35.0386,35.0386,35.6119,38.5191,39.1085,36.7667,35.0386,34.4681,34.4681,33.9004,33.9004,33.3355,33.3355,34.4681,35.6119,37.3481,39.7006,42.7002,46.3836,49.5209,52.7182,59.1871,60.3967,
2022-08-01 00:00:00,2,48.2587,47.6312,47.0062,47.0062,46.3836,46.3836,46.3836,46.3836,45.7634,45.7634,45.7634,45.1458,45.1458,45.1458,45.1458,44.5306,43.918,43.918,41.4926,41.4926,40.8927,40.8927,40.2954,40.2954,39.7006,39.7006,39.1085,39.1085,38.5191,38.5191,37.9323
2022-07-01 00:00:00,2,63.4666,63.4666,63.4666,62.8474,62.8474,62.2308,62.2308,61.6168,61.6168,61.0054,61.0054,60.3967,60.3967,59.7906,59.7906,59.1871,59.1871,59.1871,58.5863,58.5863,57.9547,57.9547,57.9547,56.6319,51.4322,50.7927,49.5209,48.8886,48.2587,48.2587,48.2587
2022-06-01 00:00:00,2,78.4258,76.3974,75.7264,74.3921,73.7287,73.0679,72.4097,72.4097,72.4097,71.7541,71.7541,70.4506,70.4506,69.8027,69.1574,69.8027,73.0679,72.4097,71.1011,71.1011,70.4506,69.8027,68.5147,66.6021,66.6021,65.9698,65.3401,65.3401,64.0885,64.0885,
2022-05-01 00:00:00,2,111.558,106.076,101.472,99.203,101.472,152.314,132.956,119.596,107.63,100.713,96.9564,93.9955,91.801,90.3503,89.6288,90.3503,90.3503,96.9564,96.2124,93.2615,89.6288,86.7676,84.6481,83.2476,82.5512,81.8573,81.8573,81.1659,80.4771,79.7908,79.107
2022-04-01 00:00:00,2,135.528,131.252,127.874,126.2,124.534,123.705,128.715,130.404,132.103,132.103,138.992,148.71,155.955,159.633,160.559,156.871,155.041,150.507,147.815,144.257,140.738,138.992,136.391,133.811,129.559,125.366,120.413,117.159,115.547,114.744,
2022-03-01 00:00:00,2,270.25,256.484,230.973,218.123,213.911,206.624,201.486,195.395,190.381,183.456,178.577,173.755,169.939,166.159,165.22,170.889,187.399,183.456,180.521,178.577,176.641,174.715,168.99,168.044,172.798,168.99,161.486,156.871,150.507,146.031,140.738
2022-02-01 00:00:00,2,272.574,279.599,286.701,274.908,298.709,319.607,330.918,361.904,403.689,561.186,623.023,646.506,658.388,535.988,271.411,325.87,518.955,583.643,575.58,457.575,309.697,343.683,537.549,338.552,327.129,315.875,298.709,279.599,,,
2022-01-01 00:00:00,2,272.574,249.718,307.24,428.85,330.918,272.574,283.141,437.383,794.028,1064.68,1557.94,1985.92,1920.94,1727.69,1552.27,746.937,595.015,457.575,315.875,303.571,297.498,289.086,283.141,277.249,270.25,259.896,248.598,238.615,230.973,237.517,254.22
2021-12-01 00:00:00,2,75.7264,73.0679,67.2371,63.4666,64.0885,166.159,251.964,258.757,263.328,237.517,220.243,163.348,125.366,236.421,263.328,207.658,232.058,251.964,199.447,201.486,156.871,117.159,106.852,101.472,96.9564,88.9097,81.1659,73.0679,101.472,151.409,254.22
2021-11-01 00:00:00,2,64.0885,88.9097,168.044,154.13,120.413,86.7676,71.7541,64.0885,82.5512,142.493,113.944,158.71,93.2615,117.159,114.744,91.0744,77.071,69.8027,65.3401,63.4666,79.7908,84.6481,82.5512,75.7264,68.5147,61.6168,59.1871,99.203,92.53,95.471,
2021-10-01 00:00:00,2,28.9191,21.164,62.8474,53.3647,105.302,87.4791,77.071,65.3401,52.074,64.0885,73.7287,79.7908,155.955,225.58,141.614,88.9097,72.4097,64.0885,61.6168,92.53,241.923,228.809,186.41,123.705,93.9955,81.8573,82.5512,98.4517,132.103,90.3503,71.7541
2021-09-01 00:00:00,2,19.2208,21.6584,21.6584,22.6572,21.6584,21.6584,21.6584,20.6731,19.7014,18.7438,18.7438,18.2703,17.8004,17.8004,18.7438,19.7014,18.7438,18.7438,18.2703,17.3341,16.8715,16.4127,16.4127,14.6153,12.8812,14.1757,14.6153,14.6153,24.6941,20.1855,
2021-08-01 00:00:00,2,28.3803,27.3117,27.3117,26.7819,28.3803,28.3803,28.3803,28.3803,27.3117,27.3117,27.3117,27.3117,27.3117,28.3803,26.7819,25.7317,26.2553,42.7002,31.1041,30.5535,35.0386,30.5535,29.4609,25.7317,25.7317,23.6691,24.6941,23.6691,21.6584,20.6731,20.6731
2021-07-01 00:00:00,2,38.5191,35.6119,37.3481,37.3481,36.7667,36.7667,35.6119,34.4681,33.3355,33.3355,34.4681,34.4681,33.3355,31.6576,31.6576,29.4609,29.4609,32.2141,31.6576,28.3803,30.5535,30.5535,29.4609,28.3803,28.3803,28.3803,29.4609,29.4609,29.4609,30.5535,28.3803
2021-06-01 00:00:00,2,39.7006,44.5306,53.3647,75.7264,61.6168,54.0135,49.5209,47.0062,45.7634,43.918,45.1458,45.1458,43.918,42.7002,42.7002,43.918,42.7002,40.8927,39.7006,40.8927,39.7006,40.8927,39.7006,39.7006,38.5191,38.5191,37.3481,37.3481,37.3481,38.5191,
2021-05-01 00:00:00,2,48.2587,48.2587,48.2587,47.0062,45.7634,45.7634,45.7634,45.7634,45.7634,45.1458,43.918,42.7002,42.0951,41.4926,41.4926,42.7002,43.918,43.918,45.7634,43.918,43.918,42.0951,41.4926,40.8927,40.8927,40.8927,40.8927,41.4926,41.4926,39.7006,41.4926
2021-04-01 00:00:00,2,75.7264,75.0579,71.1011,67.2371,67.2371,69.1574,70.4506,67.2371,67.2371,70.4506,65.3401,61.6168,60.3967,59.1871,55.9738,54.6647,54.6647,54.6647,53.3647,52.7182,52.7182,52.7182,52.7182,51.4322,51.4322,50.1556,50.1556,50.1556,51.4322,49.5209,
2021-03-01 00:00:00,2,149.607,124.534,109.979,100.713,94.732,88.9097,86.0586,102.997,200.466,164.283,158.71,153.221,128.715,105.302,96.9564,103.763,90.3503,86.0586,81.1659,83.2476,84.6481,86.0586,77.071,74.3921,71.7541,69.8027,73.7287,71.1011,70.4506,81.8573,79.7908
2021-02-01 00:00:00,2,62.8474,59.1871,60.3967,59.1871,60.3967,75.0579,83.2476,203.535,245.25,138.122,156.871,143.374,186.41,155.041,244.139,230.973,199.447,146.031,149.607,250.84,227.731,159.633,266.779,238.615,193.383,161.486,136.391,127.036,,,
2021-01-01 00:00:00,2,121.232,101.472,125.366,267.934,335.999,265.627,209.734,138.122,185.423,277.249,172.798,193.383,216.012,162.416,167.101,135.528,143.374,119.596,115.547,102.233,91.0744,86.0586,82.5512,79.107,76.3974,75.0579,71.7541,70.4506,68.5147,64.0885,63.4666
2020-12-01 00:00:00,2,40.8927,38.5191,42.7002,106.076,116.352,96.9564,83.2476,79.107,87.4791,131.252,296.29,271.411,212.863,182.475,174.715,121.232,102.997,84.6481,106.076,188.391,168.044,127.036,136.391,123.705,322.106,330.918,232.058,232.058,179.548,186.41,166.159
2020-11-01 00:00:00,2,48.8886,62.8474,75.7264,60.3967,74.3921,71.7541,71.7541,52.7182,43.3078,39.1085,59.7906,94.732,71.1011,69.1574,169.939,155.955,176.641,124.534,173.755,173.755,121.232,94.732,77.7471,65.3401,59.7906,65.3401,58.5863,52.074,48.2587,43.918,
2020-10-01 00:00:00,2,22.6572,20.6731,19.7014,19.7014,18.7438,19.7014,17.3341,14.6153,19.7014,19.7014,19.7014,19.7014,18.7438,22.6572,20.6731,34.4681,30.0057,35.0386,26.2553,23.6691,22.6572,32.7733,26.2553,25.7317,25.7317,41.4926,50.7927,88.1932,83.9466,57.2922,44.5306
2020-09-01 00:00:00,2,31.6576,29.4609,29.4609,27.8445,26.7819,26.2553,26.2553,25.7317,25.7317,25.7317,24.6941,22.6572,22.6572,21.6584,21.6584,20.1855,19.7014,19.7014,19.7014,19.7014,18.7438,18.7438,20.6731,22.6572,28.9191,35.0386,32.7733,28.9191,27.3117,23.6691,
2020-08-01 00:00:00,2,45.1458,44.5306,42.7002,42.7002,41.4926,40.2954,36.7667,34.4681,33.9004,33.3355,32.7733,33.3355,33.3355,32.7733,32.2141,32.2141,32.2141,31.6576,30.5535,29.4609,29.4609,27.8445,39.7006,35.0386,40.2954,43.918,40.8927,35.6119,33.3355,33.3355,32.7733
2020-07-01 00:00:00,2,49.5209,49.5209,49.5209,48.8886,48.2587,47.6312,47.6312,47.0062,46.3836,46.3836,46.3836,45.7634,45.7634,44.5306,43.918,43.3078,42.7002,42.7002,42.7002,42.7002,42.0951,41.4926,41.4926,41.4926,40.8927,42.7002,47.0062,50.7927,49.5209,47.0062,45.7634
2020-06-01 00:00:00,2,63.4666,64.0885,64.0885,63.4666,62.8474,61.6168,61.6168,61.6168,61.6168,60.3967,60.3967,59.7906,59.7906,59.7906,59.1871,59.1871,58.5863,57.2922,56.6319,55.9738,55.3181,54.6647,54.0135,53.3647,52.7182,51.4322,50.7927,50.1556,50.1556,49.5209,
2020-05-01 00:00:00,2,79.107,77.7471,77.071,74.3921,72.4097,73.0679,74.3921,71.1011,76.3974,83.9466,83.2476,75.7264,73.0679,71.1011,70.4506,70.4506,76.3974,77.7471,75.7264,73.0679,71.1011,70.4506,69.8027,67.2371,79.7908,83.9466,83.2476,83.9466,73.7287,67.8746,64.0885
2020-04-01 00:00:00,2,135.528,155.041,209.734,211.818,200.466,175.677,144.257,144.257,159.633,173.755,185.423,175.677,159.633,149.607,135.528,129.559,144.257,137.255,117.969,108.411,102.233,99.203,96.9564,90.3503,92.53,88.9097,88.1932,84.6481,83.2476,80.4771,
2020-03-01 00:00:00,2,301.136,445.989,542.241,551.679,460.491,416.188,360.589,292.678,248.598,226.654,216.012,202.51,191.379,177.608,164.283,155.955,150.507,142.493,147.815,162.416,209.734,381.876,364.54,295.084,187.399,173.755,163.348,154.13,145.143,138.992,132.103
2020-02-01 00:00:00,2,312.162,272.574,241.923,295.084,273.74,283.141,359.276,445.989,359.276,273.74,228.809,255.351,360.589,332.185,373.832,426.022,314.635,347.553,274.908,276.077,233.145,191.379,207.658,228.809,207.658,193.383,191.379,248.598,273.74,,
2020-01-01 00:00:00,2,57.9547,60.3967,96.9564,106.076,112.351,130.404,117.159,101.472,113.944,107.63,98.4517,89.6288,74.3921,72.4097,78.4258,128.715,169.939,301.136,241.923,179.548,158.71,160.559,201.486,448.873,774.257,846.435,850.526,778.194,433.108,406.452,383.224
2019-12-01 00:00:00,2,73.7287,85.3521,153.221,156.871,95.471,109.194,143.374,137.255,133.811,103.763,112.351,114.744,146.031,285.512,241.923,191.379,144.257,102.997,92.53,86.7676,89.6288,160.559,150.507,142.493,160.559,163.348,112.351,101.472,88.1932,70.4506,67.8746
2019-11-01 00:00:00,2,46.3836,46.3836,43.918,39.1085,32.7733,27.8445,25.7317,24.6941,21.6584,23.6691,34.4681,41.4926,36.7667,37.3481,40.8927,50.1556,56.6319,73.0679,67.8746,76.3974,91.0744,77.071,65.9698,71.7541,89.6288,76.3974,59.1871,49.5209,46.3836,71.7541,
2019-10-01 00:00:00,2,45.1458,34.4681,31.6576,28.9191,24.6941,20.6731,18.7438,17.8004,16.8715,15.9576,15.9576,15.0589,15.9576,17.8004,18.7438,20.6731,19.7014,18.2703,17.8004,15.9576,15.0589,15.0589,17.3341,21.6584,21.6584,23.6691,25.7317,23.6691,22.6572,28.9191,43.918
2019-09-01 00:00:00,2,22.1561,22.1561,21.6584,21.6584,21.6584,21.164,20.6731,20.6731,20.6731,20.1855,19.7014,19.7014,19.7014,19.7014,18.7438,19.2208,19.2208,18.7438,18.7438,17.8004,17.8004,16.8715,16.8715,15.9576,15.9576,15.0589,15.9576,16.8715,22.6572,34.4681,
2019-08-01 00:00:00,2,21.6584,21.6584,21.6584,22.6572,21.6584,21.6584,21.164,20.6731,20.6731,20.6731,20.1855,21.6584,22.6572,22.1561,21.6584,21.164,21.164,21.164,21.164,20.6731,20.6731,20.6731,20.1855,20.1855,19.7014,19.7014,19.2208,19.2208,19.2208,18.7438,18.7438
2019-07-01 00:00:00,2,27.3117,26.2553,26.2553,25.7317,25.7317,25.7317,25.7317,25.7317,25.2113,24.6941,24.6941,24.18,23.6691,23.6691,23.6691,23.1615,23.1615,23.1615,22.6572,22.6572,22.6572,22.1561,22.1561,22.1561,22.1561,22.1561,22.1561,22.1561,22.1561,22.1561,22.1561
2019-06-01 00:00:00,2,36.7667,37.9323,37.9323,37.3481,36.7667,36.7667,35.6119,35.6119,34.4681,34.4681,34.4681,33.9004,33.9004,33.3355,32.7733,32.2141,31.6576,31.1041,31.1041,31.1041,30.5535,30.0057,30.0057,29.4609,28.9191,28.9191,28.9191,28.9191,27.3117,27.3117,
2019-05-01 00:00:00,2,47.6312,47.6312,57.9547,67.2371,59.1871,54.0135,49.5209,46.3836,46.3836,45.7634,44.5306,43.918,42.7002,41.4926,45.7634,56.6319,68.5147,66.6021,61.0054,57.2922,54.0135,50.7927,48.8886,47.6312,45.7634,42.7002,40.2954,39.1085,39.1085,37.9323,36.1879
2019-04-01 00:00:00,2,59.7906,56.6319,55.9738,55.9738,55.3181,55.3181,60.3967,65.3401,71.7541,75.7264,70.4506,69.8027,67.8746,64.0885,58.5863,59.1871,74.3921,132.103,141.614,107.63,89.6288,73.0679,68.5147,61.6168,57.9547,55.3181,54.0135,52.7182,50.7927,48.8886,
2019-03-01 00:00:00,2,99.203,139.863,122.879,104.531,95.471,96.2124,83.9466,83.2476,76.3974,69.8027,65.9698,74.3921,73.7287,123.705,95.471,79.7908,76.3974,94.732,122.054,109.979,105.302,151.409,232.058,155.955,120.413,97.7028,83.9466,75.0579,69.8027,65.9698,64.0885
2019-02-01 00:00:00,2,47.0062,34.4681,34.4681,34.4681,43.918,61.0054,65.3401,80.4771,73.7287,70.4506,77.071,64.0885,56.6319,59.1871,62.8474,63.4666,91.0744,113.944,164.283,160.559,110.768,118.781,169.939,155.041,107.63,86.0586,82.5512,98.4517,,,
2019-01-01 00:00:00,2,151.409,138.992,130.404,121.232,110.768,95.471,85.3521,81.1659,74.3921,64.713,59.1871,55.3181,55.9738,54.6647,50.7927,47.0062,44.5306,43.3078,43.3078,52.074,48.2587,52.074,52.7182,59.1871,54.0135,51.4322,52.7182,48.2587,43.918,47.6312,47.0062
2018-12-01 00:00:00,2,79.7908,77.071,113.944,191.379,185.423,164.283,106.076,109.194,141.614,137.255,115.547,86.7676,75.7264,69.1574,73.0679,66.6021,60.3967,55.3181,50.7927,49.5209,47.0062,47.6312,55.3181,61.0054,67.8746,98.4517,83.9466,123.705,135.528,138.992,146.922
2018-11-01 00:00:00,2,46.3836,41.4926,37.9323,35.6119,41.4926,48.8886,42.7002,47.6312,52.7182,71.7541,106.076,102.997,85.3521,79.107,73.7287,77.071,82.5512,64.0885,79.7908,72.4097,71.7541,129.559,214.96,228.809,174.715,157.79,130.404,112.351,102.997,89.6288,
2018-10-01 00:00:00,2,21.6584,28.3803,27.3117,28.9191,48.2587,39.1085,33.9004,31.1041,30.0057,28.3803,27.3117,26.2553,27.8445,26.7819,27.3117,28.3803,41.4926,37.9323,50.1556,43.3078,70.4506,67.8746,57.2922,43.3078,35.0386,65.9698,66.6021,51.4322,51.4322,59.1871,51.4322
2018-09-01 00:00:00,2,19.7014,20.1855,20.1855,20.1855,19.2208,18.7438,18.7438,18.2703,17.3341,18.2703,18.2703,17.3341,16.8715,16.8715,17.3341,42.7002,31.6576,39.7006,51.4322,47.0062,48.8886,75.7264,51.4322,50.1556,37.3481,28.9191,24.18,21.6584,20.6731,20.6731,
2018-08-01 00:00:00,2,14.1757,15.0589,18.2703,19.7014,25.2113,32.2141,41.4926,50.1556,47.6312,45.1458,42.7002,41.4926,38.5191,34.4681,30.0057,25.7317,24.6941,23.6691,23.6691,26.7819,26.7819,24.6941,23.6691,22.1561,23.1615,22.1561,20.6731,21.6584,20.1855,20.1855,20.1855
2018-07-01 00:00:00,2,26.7819,26.7819,25.7317,25.7317,25.2113,24.6941,24.6941,24.18,23.6691,23.6691,22.6572,22.6572,22.1561,21.6584,21.6584,20.6731,20.1855,19.7014,19.7014,18.7438,18.7438,17.8004,17.8004,17.3341,16.8715,16.4127,15.0589,15.0589,15.0589,14.6153,14.1757
2018-06-01 00:00:00,2,36.1879,35.6119,35.0386,34.4681,33.9004,33.3355,32.7733,32.7733,32.2141,31.6576,30.5535,30.5535,30.0057,30.0057,32.2141,33.3355,31.1041,31.1041,30.0057,30.0057,29.4609,29.4609,28.9191,28.9191,28.9191,27.8445,27.8445,27.8445,27.3117,26.7819,
2018-05-01 00:00:00,2,45.7634,44.5306,43.918,41.4926,40.2954,39.7006,39.7006,38.5191,39.7006,38.5191,37.3481,37.3481,37.3481,39.1085,39.1085,39.1085,37.9323,38.5191,40.2954,40.2954,41.4926,42.7002,43.918,40.2954,40.2954,39.1085,37.9323,37.3481,36.7667,36.7667,36.1879
2018-04-01 00:00:00,2,71.7541,70.4506,69.1574,74.3921,82.5512,82.5512,83.9466,79.7908,79.107,74.3921,67.8746,64.713,59.7906,58.5863,61.6168,57.9547,56.6319,54.0135,53.3647,52.074,50.7927,50.7927,50.7927,50.1556,50.1556,48.8886,48.8886,49.5209,47.6312,47.0062,
2018-03-01 00:00:00,2,135.528,197.417,179.548,157.79,148.71,166.159,149.607,144.257,167.101,291.479,267.934,241.923,218.123,174.715,147.815,102.997,127.036,171.842,202.51,205.592,151.409,117.969,125.366,155.041,132.103,113.146,91.0744,83.9466,80.4771,77.071,76.3974
2018-02-01 00:00:00,2,80.4771,173.755,184.438,156.871,128.715,132.956,185.423,217.067,195.395,157.79,127.036,113.146,102.997,95.471,88.1932,81.1659,74.3921,71.1011,67.8746,64.713,64.713,99.9568,209.734,191.379,187.399,187.399,138.992,117.159,,,
2018-01-01 00:00:00,2,67.8746,67.8746,69.1574,77.071,88.9097,142.493,195.395,232.058,160.559,153.221,119.596,92.53,77.071,68.5147,77.071,79.7908,76.3974,75.0579,81.8573,69.1574,59.1871,52.7182,48.8886,43.918,49.5209,48.8886,48.2587,46.3836,46.3836,43.918,50.1556
2017-12-01 00:00:00,2,45.2531,54.944,270.43,393.756,303.571,271.411,253.091,227.731,170.889,181.497,190.381,180.521,142.493,119.596,96.2124,82.5512,79.107,112.351,148.71,102.997,88.9097,77.071,66.6021,61.6168,76.3974,73.0679,67.2371,102.997,73.7287,81.1659,74.3921
2017-11-01 00:00:00,2,18.2,20.736,17.501,15.1459,13.2421,12.6315,12.033,11.7384,11.7384,11.4468,8.9629,33.5834,16.8136,29.1579,32.6774,19.2698,14.4994,11.1583,10.8729,27.4616,30.0219,105.922,105.922,77.2796,101.996,62.4273,66.0154,60.0821,37.7884,34.4999,
2017-10-01 00:00:00,2,13.552,8.9629,45.7707,21.4859,57.2038,40.2139,35.8939,27.0442,20.736,17.501,14.4994,13.2421,12.033,11.4468,10.8729,10.3114,10.0354,9.7625,9.7625,9.2263,8.7028,8.7028,8.7028,8.7028,8.7028,8.7028,8.1922,35.4266,26.6295,18.9104,30.0219
2017-09-01 00:00:00,2,10.3114,9.4928,9.4928,8.7028,9.4928,8.9629,8.9629,8.9629,8.9629,8.9629,8.7028,8.7028,8.7028,8.1922,7.6946,10.0354,7.4507,8.9629,8.7028,6.9729,6.9729,7.4507,7.4507,7.4507,7.2102,6.9729,7.6946,8.7028,9.7625,9.4928,
2017-08-01 00:00:00,2,12.033,11.7384,11.7384,11.7384,11.7384,11.7384,11.7384,11.4468,11.4468,11.4468,11.1583,11.1583,11.1583,11.1583,11.1583,11.1583,11.1583,11.1583,10.8729,10.8729,10.8729,10.8729,10.8729,10.8729,10.8729,10.8729,10.8729,10.8729,10.3114,10.0354,10.0354
2017-07-01 00:00:00,2,16.1378,15.8042,15.8042,15.8042,15.8042,15.1459,14.4994,15.1459,14.8212,14.8212,15.1459,15.8042,15.1459,14.4994,14.4994,14.4994,14.1806,13.8648,13.8648,13.8648,13.552,13.552,13.552,13.2421,13.2421,13.2421,12.6315,12.3308,12.033,12.033,12.033
2017-06-01 00:00:00,2,19.9973,18.9104,18.9104,19.6321,18.9104,18.9104,18.9104,18.5537,17.8491,17.501,17.501,18.5537,32.6774,24.5965,39.7237,37.7884,37.7884,30.0219,23.8024,21.8651,22.6317,19.6321,19.2698,17.8491,17.1559,17.1559,16.8136,16.4742,16.4742,16.1378,
2017-05-01 00:00:00,2,24.1981,23.8024,23.8024,22.6317,21.8651,21.4859,21.1096,20.736,20.736,20.3652,20.736,19.9973,18.5537,17.1559,16.8136,16.4742,16.4742,19.9973,18.9104,30.0219,27.0442,44.738,41.6994,32.6774,27.0442,26.2175,22.6317,22.6317,21.1096,20.736,19.9973
2017-04-01 00:00:00,2,36.836,35.8939,34.0404,32.2283,29.5886,27.8817,26.6295,25.4016,24.5965,23.8024,23.8024,25.4016,24.5965,24.1981,23.4094,23.4094,22.6317,22.247,21.8651,21.4859,21.4859,21.4859,20.736,20.736,20.736,20.736,22.247,23.4094,23.8024,24.5965,
2017-03-01 00:00:00,2,40.7065,44.738,44.738,44.2254,37.311,34.962,31.3379,32.2283,44.738,45.7707,40.7065,37.7884,35.4266,30.458,28.7298,27.0442,25.4016,26.2175,39.7237,64.81,69.6873,68.4541,51.6263,42.7023,36.836,32.6774,32.2283,34.4999,40.7065,39.7237,37.7884
2017-02-01 00:00:00,2,34.4999,33.1291,34.4999,36.836,41.6994,62.4273,134.293,164.494,104.245,75.9914,61.8375,57.2038,48.3957,43.2075,40.7065,37.7884,35.8939,34.0404,32.2283,32.2283,30.458,29.5886,29.5886,28.7298,27.8817,27.0442,30.8966,40.2139,,,
2017-01-01 00:00:00,2,81.8596,56.6353,51.6263,46.8133,45.7707,50.5397,55.5054,51.0818,48.928,46.8133,50.5397,50,48.928,72.1814,112.743,187.507,144.708,108.458,93.4391,73.4423,60.0821,53.2743,48.928,45.2531,44.738,42.7023,42.7023,40.7065,40.2139,37.7884,35.8939
2016-12-01 00:00:00,2,78.5768,112.743,94.1402,69.0696,66.6216,226.757,155.455,101.996,77.2796,60.6649,61.25,166.532,275.486,212.939,428.421,429.956,428.421,351.855,212.939,144.708,117.098,99.1091,89.2789,82.5229,78.5768,70.3074,83.8562,81.1985,87.2287,85.1985,76.6343
2016-11-01 00:00:00,2,15.8042,14.4994,14.1806,14.1806,15.1459,20.3652,21.4859,28.7298,30.8966,43.7152,49.4628,43.7152,38.751,37.7884,67.841,83.1884,219.801,188.584,114.476,80.5397,63.0195,55.5054,45.2531,56.6353,70.3074,75.9914,66.0154,53.2743,43.7152,43.7152,
2016-10-01 00:00:00,2,16.8136,16.8136,14.4994,23.8024,18.9104,23.0192,25.8082,22.247,20.736,21.4859,22.247,22.247,21.4859,21.4859,20.736,19.2698,18.9104,18.5537,17.1559,17.501,17.8491,17.8491,17.8491,21.4859,21.8651,22.247,21.4859,21.1096,20.736,17.1559,16.4742
2016-09-01 00:00:00,2,21.4859,16.4742,16.8136,20.736,18.2,16.4742,14.8212,14.4994,13.8648,12.9353,13.552,13.8648,13.552,12.6315,12.6315,13.8648,12.033,10.8729,11.1583,13.8648,12.9353,12.6315,12.6315,12.033,13.552,43.2075,30.0219,31.7818,24.5965,19.6321,
2016-08-01 00:00:00,2,17.8491,17.8491,17.8491,17.8491,17.8491,17.1559,17.1559,17.1559,16.8136,16.8136,16.4742,15.8042,15.4736,15.4736,14.8212,15.4736,15.4736,18.2,18.2,17.8491,16.8136,15.4736,15.4736,14.8212,14.8212,14.4994,14.4994,14.4994,14.4994,15.8042,15.4736
2016-07-01 00:00:00,2,26.6295,26.6295,26.6295,25.8082,25.8082,24.5965,24.5965,24.5965,23.8024,23.0192,23.0192,22.247,22.247,21.4859,20.736,19.6321,19.6321,19.2698,19.2698,18.9104,18.9104,19.2698,19.2698,19.6321,19.2698,19.2698,18.9104,18.9104,18.2,18.2,17.8491
2016-06-01 00:00:00,2,27.4616,32.6774,60.6649,85.1985,78.5768,71.5545,55.5054,46.8133,44.738,40.2139,40.2139,37.311,35.4266,32.6774,31.7818,30.8966,30.0219,30.0219,30.8966,30.8966,28.3044,28.3044,28.3044,25.8082,29.1579,27.4616,27.4616,26.6295,26.6295,25.8082,
2016-05-01 00:00:00,2,75.9914,63.0195,52.1732,44.2254,37.311,36.3637,35.4266,35.4266,35.4266,33.5834,31.7818,29.1579,29.1579,30.8966,30.0219,30.0219,31.7818,30.8966,32.6774,30.8966,29.1579,36.3637,31.7818,30.8966,30.8966,29.1579,30.8966,28.3044,27.4616,27.4616,27.4616
2016-04-01 00:00:00,2,60.6649,59.5017,56.0691,55.5054,50,46.8133,45.7707,43.2075,43.2075,42.1996,41.2017,40.2139,38.2685,37.311,36.3637,36.3637,39.2361,36.3637,34.4999,33.5834,32.6774,32.6774,31.7818,30.8966,30.8966,29.1579,30.0219,30.8966,38.2685,44.2254,
2016-03-01 00:00:00,2,148.577,148.577,97.6785,78.5768,131.511,280.582,153.476,122.419,131.511,90.6568,78.5768,78.5768,96.2566,104.245,111.88,99.8277,92.0435,71.5545,64.81,64.2108,61.8375,59.5017,55.5054,70.9298,126.022,118.86,96.2566,126.929,82.5229,70.9298,64.81
2016-02-01 00:00:00,2,126.022,99.8277,90.6568,78.5768,72.8107,68.4541,66.0154,61.8375,59.5017,57.2038,55.5054,55.5054,71.5545,64.81,64.2108,63.0195,103.453,95.5489,151.509,123.315,85.873,87.2287,75.3507,67.2301,63.0195,83.8562,88.5933,98.3927,129.67,,
2016-01-01 00:00:00,2,31.8726,37.4311,45.7637,65.4627,72.4542,87.3421,98.4681,107.61,92.0401,33.9708,38.3157,52.4065,67.5281,81.2435,82.7504,97.6544,453.273,598.807,546.661,370.387,410.178,210.672,164.494,135.226,115.347,171.676,244.552,168.581,324.146,206.171,181.102
2015-12-01 00:00:00,2,29.825,53.0296,85.0329,96.8436,96.8436,163.479,152.491,135.226,137.1,150.529,146.637,102.58,98.4681,95.2308,90.4623,98.4681,88.8963,81.2435,71.0315,62.7519,72.4542,73.8889,72.4542,71.0315,69.621,63.425,61.4151,33.9708,33.1255,29.825,30.638
2015-11-01 00:00:00,2,39.208,27.045,22.1581,20.7288,18.3147,18.3147,20.0277,26.6562,19.6805,48.1344,65.4627,44.5976,37.4311,30.2305,63.425,41.4724,40.108,49.3391,56.834,73.8889,111.88,107.61,127.84,100.927,121.525,112.743,103.411,79.7486,53.0296,45.179,
2015-10-01 00:00:00,2,17.6458,18.993,19.3356,21.7974,21.439,31.8726,25.885,21.439,18.993,18.6527,17.6458,16.9861,16.6599,16.0145,15.6954,14.7527,15.0645,14.1365,13.832,13.832,13.2307,12.9338,14.1365,25.5026,16.6599,16.9861,19.3356,18.993,20.3771,25.1223,50.5565
2015-09-01 00:00:00,2,18.6527,17.9791,18.3147,18.3147,17.3148,16.6599,18.6527,24.3682,42.3914,60.0906,71.0315,118.86,82.7504,79.7486,49.9462,53.6558,51.17,45.7637,36.1187,32.2883,26.6562,25.5026,22.1581,20.0277,20.3771,20.3771,20.0277,18.993,17.9791,17.9791,
2015-08-01 00:00:00,2,27.8289,27.4359,27.045,25.885,23.6227,22.886,22.886,22.886,22.5209,22.5209,22.1581,22.1581,22.1581,22.1581,21.7974,21.7974,21.439,21.439,20.7288,20.7288,20.7288,20.3771,20.3771,20.0277,20.0277,19.6805,19.3356,19.3356,18.993,18.6527,18.6527
2015-07-01 00:00:00,2,25.1223,24.7442,24.3682,24.3682,23.9944,23.9944,23.9944,23.9944,23.6227,23.6227,23.6227,23.2533,23.2533,22.886,22.886,22.886,22.886,22.1581,22.1581,22.5209,22.5209,23.2533,23.9944,24.7442,25.1223,25.885,25.885,25.885,26.6562,27.4359,28.2239
2015-06-01 00:00:00,2,33.9708,33.1255,32.7059,32.7059,32.2883,32.2883,32.2883,31.8726,31.4591,31.8726,31.8726,32.2883,32.7059,33.1255,33.1255,33.1255,32.2883,32.2883,31.4591,31.0475,31.0475,30.638,25.885,25.885,25.885,25.885,25.1223,25.1223,25.1223,25.1223,
2015-05-01 00:00:00,2,43.4446,42.873,41.4724,39.6571,46.3515,48.7351,46.9426,67.5281,88.1177,78.2657,65.4627,58.1273,53.6558,53.0296,54.9176,49.3391,45.179,42.873,41.4724,42.3914,41.4724,42.3914,41.4724,39.6571,40.5609,36.9917,37.4311,37.4311,36.5542,34.824,33.9708
2015-04-01 00:00:00,2,81.9954,100.104,105.082,94.4287,80.4946,73.17,68.2227,68.2227,68.2227,70.3247,63.425,60.0906,57.4791,55.5533,53.0296,52.4065,49.3391,45.7637,45.7637,46.9426,45.7637,44.5976,44.5976,53.6558,53.0296,49.9462,53.0296,52.4065,46.9426,44.0195,
2015-03-01 00:00:00,2,47.5369,88.1177,79.7486,58.7786,50.5565,49.9462,45.7637,56.834,62.082,86.5694,284.43,321.429,410.178,396.72,194.007,181.102,137.1,113.608,106.764,98.4681,96.8436,85.0329,98.4681,129.67,256.735,191.83,185.361,176.886,160.45,122.419,98.4681
2015-02-01 00:00:00,2,38.4177,30.638,55.5533,48.7351,55.5533,119.746,86.5694,176.886,131.511,158.444,302.686,187.507,177.936,94.4287,71.7413,58.1273,55.5533,54.2851,79.0057,86.5694,86.5694,88.1177,74.6109,59.4331,52.4065,43.4446,53.6558,46.9426,,,
2015-01-01 00:00:00,2,25.4201,24.0703,26.3376,29.1735,32.6384,30.1464,37.3369,36.2693,32.6384,27.269,23.188,21.4662,20.6268,19.3948,19.3948,17.8032,17.4145,17.4145,16.6482,15.5267,15.5267,17.4145,17.8032,15.8968,31.6314,21.4662,67.5281,64.7804,51.17,38.9631,40.0638
2014-12-01 00:00:00,2,346.235,270.43,124.215,98.4681,75.3358,79.7486,74.6109,114.476,71.0315,56.834,49.9462,46.3515,41.7395,41.7395,83.5082,98.4681,98.4681,86.5694,61.4151,53.6558,77.5287,75.3358,63.425,58.1273,51.7867,45.179,42.873,39.5118,34.693,32.6384,29.1735
2014-11-01 00:00:00,2,24.9667,21.8913,21.8913,21.8913,21.8913,19.3948,16.6482,16.6482,16.6482,16.6482,25.4201,29.1735,36.2693,35.2151,37.8756,64.7804,61.4151,51.17,38.9631,31.133,25.8771,23.188,23.188,58.1273,53.6558,36.8014,60.7513,96.0358,115.347,201.711,
2014-10-01 00:00:00,2,13.3853,14.7977,15.8968,16.6482,16.2706,15.1603,14.4389,13.7327,13.0418,12.3663,12.0343,11.7063,11.7063,11.3821,11.0619,11.0619,10.7456,10.4333,10.4333,10.4333,11.7063,15.5267,19.8019,23.6274,23.188,21.0447,19.8019,21.4662,26.3376,29.6582,28.6922
2014-09-01 00:00:00,2,17.0295,17.8032,18.1956,18.9915,18.1956,18.5917,19.8019,18.9915,17.8032,18.1956,17.4145,17.0295,16.2706,15.8968,15.8968,15.5267,15.1603,14.7977,14.4389,14.4389,14.0839,14.0839,13.7327,13.7327,13.3853,13.0418,13.0418,12.7021,12.7021,12.7021,
2014-08-01 00:00:00,2,33.147,29.1735,29.1735,27.269,25.8771,24.0703,23.6274,22.32,21.0447,20.6268,20.2125,19.3948,19.3948,18.9915,18.9915,18.5917,18.1956,18.9915,18.9915,18.9915,19.8019,21.4662,19.8019,18.9915,18.1956,18.1956,17.4145,17.0295,17.0295,17.0295,16.2706
2014-07-01 00:00:00,2,21.4662,21.4662,21.4662,21.4662,21.4662,21.4662,21.4662,21.0447,21.0447,21.0447,21.0447,21.0447,21.0447,21.0447,21.0447,21.0447,21.0447,20.6268,20.6268,20.6268,20.6268,20.6268,21.4662,19.8019,20.2125,24.9667,25.4201,32.6384,40.619,45.7637,41.1776
2014-06-01 00:00:00,2,32.6384,26.8016,25.8771,25.8771,26.8016,25.8771,25.8771,25.8771,25.4201,25.4201,23.6274,23.6274,23.6274,23.188,23.188,22.7522,22.7522,22.7522,22.7522,22.7522,22.7522,21.8913,21.8913,21.8913,21.4662,21.4662,21.4662,21.4662,21.4662,21.4662,
2014-05-01 00:00:00,2,28.2143,25.8771,25.4201,27.7399,27.7399,26.8016,25.8771,25.8771,25.8771,25.8771,25.8771,25.8771,28.2143,25.8771,25.4201,25.4201,24.5167,23.6274,23.6274,23.6274,23.6274,23.6274,23.6274,23.6274,23.6274,23.188,23.188,23.188,25.8771,26.8016,35.7405
2014-04-01 00:00:00,2,36.2693,66.1481,73.17,72.4542,81.2435,88.1177,61.4151,48.1344,42.3046,41.1776,37.8756,35.2151,43.4446,51.17,42.3046,45.179,52.4065,55.5533,53.6558,47.5369,44.5976,42.3046,41.7395,40.619,39.5118,39.5118,38.4177,37.3369,37.3369,32.1332,
2014-03-01 00:00:00,2,30.1464,38.4177,58.1273,76.0638,58.1273,48.1344,43.4446,68.2227,105.922,173.752,107.61,84.2691,70.3247,56.834,49.3391,45.7637,42.3046,40.0638,35.7405,33.659,34.693,33.659,33.659,34.1743,40.0638,46.3515,40.0638,36.8014,33.659,33.659,32.6384
2014-02-01 00:00:00,2,55.3903,47.3391,46.8145,45.7701,43.7003,42.6751,40.6443,39.639,37.6487,36.6639,36.6639,35.6861,32.6384,31.6314,30.638,31.6314,30.1464,36.8014,48.1344,46.3515,60.7513,49.9462,41.1776,38.9631,35.7405,32.6384,31.6314,30.638,,,
2014-01-01 00:00:00,2,130.125,128.75,134.273,106.644,98.2491,82.6397,71.8633,67.2057,62.6329,60.3792,57.0405,58.1477,54.2975,51.0542,47.8652,45.7701,44.732,42.1649,54.2975,120.583,108.607,99.5285,111.239,119.236,146.923,117.893,109.921,82.6397,70.6911,63.768,59.2607
2013-12-01 00:00:00,2,82.6397,84.4743,106.644,92.5469,132.195,106.644,84.4743,71.8633,94.4375,93.8061,83.8615,92.5469,161.328,247.12,159.871,104.041,84.4743,93.8061,98.2491,83.8615,71.2765,79.606,141.263,113.888,160.599,327.802,236.943,287.332,197.371,172.363,176.085
2013-11-01 00:00:00,2,31.8471,39.639,37.6487,36.6639,33.752,31.8471,33.273,37.1554,54.2975,61.5033,68.9425,54.8432,44.2153,37.6487,38.1437,32.7958,31.8471,32.3205,36.6639,35.1999,36.6639,35.6861,34.7154,34.2328,38.1437,53.2105,73.6312,88.1756,85.0882,90.0421,
2013-10-01 00:00:00,2,38.6404,46.2915,51.0542,47.8652,58.1477,94.4375,112.562,77.2012,58.1477,59.8192,50.5189,52.1294,45.7701,42.6751,40.6443,38.6404,38.6404,48.9221,61.5033,80.2103,66.0545,62.0674,51.0542,45.2502,49.4528,48.3929,40.6443,36.6639,33.752,32.7958,31.8471
2013-09-01 00:00:00,2,31.8471,30.9058,29.9722,29.9722,29.9722,31.8471,32.7958,33.752,39.639,36.6639,35.6861,33.752,31.8471,31.8471,29.9722,29.0462,29.9722,29.9722,29.9722,29.9722,29.0462,29.0462,28.1281,28.1281,27.2179,26.3158,29.9722,35.6861,54.2975,39.639,
2013-08-01 00:00:00,2,39.639,39.1388,39.1388,38.6404,38.6404,38.6404,38.1437,38.1437,37.1554,36.6639,36.6639,36.1741,36.1741,35.6861,35.1999,34.7154,34.2328,33.752,33.752,33.273,32.3205,32.3205,31.8471,31.8471,31.3755,31.3755,31.3755,31.3755,30.9058,30.9058,29.9722
2013-07-01 00:00:00,2,45.2502,44.732,44.2153,43.7003,43.7003,43.1869,43.1869,43.1869,42.6751,42.6751,42.1649,42.1649,41.6564,41.1495,41.1495,41.1495,40.6443,40.6443,40.6443,40.6443,40.6443,40.6443,40.1408,40.1408,40.1408,40.1408,39.639,39.639,39.639,39.639,39.639
2013-06-01 00:00:00,2,104.69,82.0305,71.2765,68.9425,91.2922,111.239,91.2922,76.0062,67.7833,63.1998,61.5033,59.8192,57.5934,55.9389,54.8432,53.7532,53.7532,52.6692,51.5911,51.5911,49.9851,49.4528,49.4528,48.9221,48.9221,48.3929,47.8652,47.3391,46.8145,46.2915,
2013-05-01 00:00:00,2,63.768,62.6329,61.5033,60.3792,59.2607,58.7035,55.9389,55.9389,55.9389,53.7532,53.7532,52.6692,51.5911,51.5911,51.5911,51.5911,51.5911,51.5911,51.5911,51.5911,52.6692,52.6692,51.5911,52.6692,53.7532,55.3903,59.8192,65.4808,76.603,118.564,109.921
2013-04-01 00:00:00,2,103.393,90.6665,86.9371,90.0421,110.579,104.041,131.504,154.801,138.456,142.672,173.106,164.251,120.583,108.607,116.554,125.33,109.263,96.3382,86.3196,82.0305,78.4011,77.2012,73.6312,71.8633,70.6911,68.9425,67.2057,66.6294,64.9085,63.768,
2013-03-01 00:00:00,2,67.7833,112.562,123.289,167.189,149.06,123.289,100.812,91.2922,91.2922,104.041,85.0882,79.003,83.25,109.263,105.992,98.8882,89.4188,81.4226,76.603,79.606,79.003,68.3623,71.2765,112.562,94.4375,90.0421,93.1759,103.393,167.189,167.189,134.273
2013-02-01 00:00:00,2,201.962,363.186,336.845,317.417,233.186,189.472,200.809,295.764,201.962,144.085,127.379,118.564,108.607,100.17,93.1759,88.7966,83.8615,82.0305,78.4011,74.8162,70.1069,67.7833,63.768,63.768,62.0674,60.3792,59.2607,59.8192,,,
2013-01-01 00:00:00,2,62.0674,55.9389,55.3903,53.7532,47.3391,46.8145,45.7701,49.9851,44.2153,42.6751,63.1998,116.554,107.951,151.923,119.236,105.992,95.0699,170.881,170.881,165.718,137.756,151.206,149.06,112.562,93.1759,88.7966,122.611,253.598,285.94,292.939,204.279
2012-12-01 00:00:00,2,104.69,85.0882,73.6312,71.8633,78.4011,86.3196,98.8882,73.6312,67.2057,63.1998,85.0882,115.886,111.9,96.3382,111.9,110.579,94.4375,77.2012,71.8633,71.8633,77.8005,73.0406,74.223,102.101,95.0699,70.6911,61.5033,59.8192,67.2057,76.0062,68.3623
2012-11-01 00:00:00,2,48.9221,62.0674,59.2607,95.0699,71.2765,94.4375,100.17,100.17,87.5558,80.2103,77.8005,74.223,78.4011,95.7035,79.003,77.8005,102.746,105.34,128.064,95.7035,77.2012,85.0882,86.3196,77.2012,69.5241,100.17,103.393,165.718,130.814,115.219,
2012-10-01 00:00:00,2,54.2975,51.0542,48.3929,46.2915,46.2915,45.2502,44.2153,43.1869,42.1649,41.1495,41.1495,41.6564,47.8652,51.0542,50.5189,56.489,55.9389,55.3903,52.6692,57.5934,52.1294,49.4528,58.1477,60.3792,59.8192,62.0674,55.3903,52.6692,44.2153,43.7003,39.639
2012-09-01 00:00:00,2,52.1294,52.1294,51.0542,51.0542,51.0542,51.0542,50.5189,50.5189,49.9851,49.9851,49.9851,48.9221,48.9221,47.8652,47.3391,45.7701,45.7701,45.7701,44.732,44.732,45.2502,46.8145,47.8652,48.3929,49.9851,51.0542,71.8633,64.9085,70.6911,63.1998,
2012-08-01 00:00:00,2,64.9085,64.9085,64.3376,64.3376,62.0674,62.0674,62.0674,60.9405,60.9405,60.3792,60.3792,59.2607,59.2607,58.7035,58.7035,57.5934,57.5934,56.489,56.489,55.3903,54.2975,54.2975,54.2975,53.7532,53.7532,53.7532,53.2105,53.2105,52.6692,52.6692,52.6692
2012-07-01 00:00:00,2,82.0305,76.0062,76.0062,74.8162,76.0062,74.8162,73.6312,72.4513,71.2765,71.2765,71.2765,70.1069,70.1069,70.1069,69.5241,69.5241,67.7833,67.7833,67.7833,67.2057,67.2057,67.2057,66.6294,66.6294,66.0545,66.0545,66.0545,65.4808,64.9085,64.9085,64.9085
2012-06-01 00:00:00,2,93.1759,89.4188,90.0421,95.7035,95.0699,91.2922,99.5285,130.125,155.523,132.195,109.263,101.456,96.9741,98.2491,97.611,92.5469,88.7966,91.9189,88.1756,83.8615,83.8615,85.7033,86.9371,94.4375,93.1759,89.4188,84.4743,83.25,80.8158,79.003,
2012-05-01 00:00:00,2,105.34,102.101,104.69,105.992,104.041,96.9741,95.7035,94.4375,93.1759,95.0699,98.2491,99.5285,97.611,90.6665,96.3382,153.36,139.156,126.695,115.219,102.746,100.17,96.9741,93.1759,91.9189,88.7966,90.0421,96.9741,100.812,126.012,105.34,102.101
2012-04-01 00:00:00,2,204.279,173.85,167.189,158.418,132.195,124.648,119.909,151.206,186.14,199.66,137.756,124.648,117.223,113.224,111.9,110.579,109.921,125.33,115.886,110.579,107.951,102.101,100.812,102.101,103.393,107.297,107.951,117.893,113.224,111.9,
2012-03-01 00:00:00,2,129.437,132.195,120.583,114.553,111.9,109.263,108.607,108.607,108.607,107.951,106.644,108.607,145.502,190.59,186.14,173.106,229.46,200.809,174.594,170.881,147.634,141.967,137.058,132.195,137.756,134.968,156.968,176.832,155.523,159.871,183.936
2012-02-01 00:00:00,2,455.719,311.563,257.527,234.435,216.075,198.514,188.358,172.363,189.472,181.746,183.936,196.232,222.106,253.598,242.003,205.443,175.339,164.984,163.519,151.923,149.06,145.502,144.085,142.672,143.378,151.206,141.967,137.058,134.273,,
2012-01-01 00:00:00,2,461.09,591.914,955.802,1244.55,1524.13,1185.92,971.495,761.319,835.985,863.38,674.87,650.882,571.578,455.719,379.177,323.329,321.846,324.816,302.891,285.94,269.509,248.409,244.555,226.995,214.879,207.781,199.66,198.514,260.164,330.802,392.235
2011-12-01 00:00:00,2,332.307,244.555,235.687,254.904,249.701,154.548,118.136,119.004,166.808,171.006,181.746,249.701,233.186,188.358,189.472,450.381,692.607,898.929,579.667,644.421,726.529,457.505,333.816,239.466,222.106,243.277,269.509,524.32,602.224,526.245,509.051
2011-11-01 00:00:00,2,60.1182,54.8134,51.9793,48.1465,46.0266,43.4485,38.5298,36.6506,35.7298,36.6506,36.6506,35.7298,35.7298,55.9696,80.4125,119.004,163.696,133.366,113.844,93.6529,82.5443,71.518,70.199,123.398,127.878,103.889,114.696,272.211,408.891,438.059,
2011-10-01 00:00:00,2,27.2069,27.2069,26.4226,27.6037,30.049,30.049,32.1717,33.9258,32.6056,31.741,31.741,32.6056,40.9497,34.8216,63.1788,65.6858,82.5443,99.0942,106.332,108.806,87.635,65.6858,57.1388,66.3208,63.1788,66.3208,67.6004,70.8569,65.6858,68.2452,62.5601
2011-09-01 00:00:00,2,32.1717,31.741,31.741,31.741,31.741,31.3133,31.3133,31.3133,30.8888,30.8888,30.8888,30.049,30.049,30.049,30.049,29.6337,29.6337,29.6337,29.6337,29.2215,29.2215,29.2215,28.8124,28.8124,28.8124,27.6037,27.6037,27.6037,27.6037,27.6037,
2011-08-01 00:00:00,2,43.9578,43.9578,43.9578,41.9397,40.9497,40.9497,40.9497,40.9497,40.9497,40.9497,39.9723,39.9723,39.0075,39.0075,39.0075,39.0075,38.0553,37.1157,37.1157,37.1157,36.1887,36.1887,35.2742,35.2742,35.2742,33.4826,33.4826,32.6056,32.1717,32.1717,32.1717
2011-07-01 00:00:00,2,56.5526,56.5526,56.5526,56.5526,54.8134,54.2402,52.5397,52.5397,51.4222,51.4222,50.3174,50.3174,50.3174,50.3174,49.2256,49.2256,48.1465,47.0802,47.0802,47.0802,46.0266,44.9858,44.9858,46.0266,44.9858,44.9858,44.9858,46.0266,46.0266,46.0266,46.0266
2011-06-01 00:00:00,2,63.1788,63.1788,62.5601,61.9448,59.5158,58.3208,58.3208,57.1387,57.1387,58.9167,68.8932,73.5211,80.4125,70.199,67.6004,64.4258,62.5601,61.3327,61.3327,60.1182,60.1182,57.7282,57.7282,56.5526,56.5526,56.5526,56.5526,56.5526,56.5526,56.5526,
2011-05-01 00:00:00,2,81.1198,79.7085,79.7085,78.3104,76.238,76.238,75.5539,74.873,74.873,74.1954,74.1954,72.1824,72.1824,69.5445,69.5445,69.5445,69.5445,68.8932,68.8932,68.2452,68.2452,68.2452,67.6004,67.6004,66.3208,66.3208,65.6858,65.6858,65.0542,65.0542,63.1788
2011-04-01 00:00:00,2,111.31,156.557,138.033,121.631,112.996,145.681,210.133,155.551,130.606,115.55,110.472,107.978,112.996,106.332,102.277,101.477,96.7421,94.4201,91.3711,88.3756,89.1194,86.8978,86.1639,86.8978,86.8978,82.5443,82.5443,82.5443,82.5443,81.1198,
2011-03-01 00:00:00,2,103.082,190.59,188.358,186.14,220.893,182.839,235.687,397.193,364.769,330.802,292.939,238.203,191.712,198.514,210.133,225.767,201.962,222.106,196.232,166.808,142.787,138.977,126.975,119.876,114.696,113.844,112.996,107.978,107.978,105.515,102.277
2011-02-01 00:00:00,2,119.004,121.631,115.55,112.996,110.472,103.889,100.679,98.3068,96.7421,94.4202,92.1283,89.8667,92.1283,90.6172,90.6172,88.3756,85.4333,87.635,81.8304,83.9822,77.6163,80.4125,84.7061,82.5443,83.2616,90.6172,96.7421,93.6529,,,
2011-01-01 00:00:00,2,361.607,505.271,445.078,501.507,539.83,541.786,475.577,417.358,321.846,249.701,222.106,190.59,174.191,216.075,363.186,509.051,470.116,419.063,330.802,262.816,262.816,239.466,179.57,168.9,161.639,151.561,142.787,139.924,135.222,128.784,123.398
2010-12-01 00:00:00,2,134.292,166.808,146.652,152.553,128.784,144.713,218.477,218.477,208.955,190.59,141.829,117.271,105.515,102.277,118.136,164.73,318.889,364.769,258.844,195.097,159.596,160.615,129.693,107.978,107.978,135.222,168.9,244.555,270.858,412.267,355.329
2010-11-01 00:00:00,2,65.6858,71.518,96.7421,90.6172,88.3756,80.4125,125.18,176.332,258.844,195.097,191.712,174.191,196.232,157.566,139.924,129.693,122.513,181.746,235.687,160.615,118.136,106.332,190.59,288.728,175.26,206.61,338.366,320.366,257.527,161.639,
2010-10-01 00:00:00,2,62.5601,59.5158,50.3174,47.0802,51.9793,80.4125,49.2256,51.9793,68.8932,54.8134,56.5526,51.9793,44.4702,41.9397,40.9497,39.9723,39.9723,46.5518,91.3711,133.366,128.784,77.6163,65.6858,57.7282,76.9255,47.0802,44.4702,55.3899,106.332,80.4125,60.7238
2010-09-01 00:00:00,2,33.4826,32.1717,32.6056,31.741,31.741,31.741,30.049,30.4673,33.9258,34.3722,41.4431,46.5518,40.4594,36.6506,35.7299,34.8216,33.4826,31.741,31.741,30.8888,29.2215,29.2215,30.049,30.049,30.049,29.2215,28.4064,31.741,41.9397,43.4485,
2010-08-01 00:00:00,2,44.9858,44.9858,43.9577,43.9577,41.9397,41.9397,41.9397,41.9397,40.9497,39.9723,39.9723,39.9723,39.4883,39.0075,38.5298,37.5839,37.5839,37.5839,37.5839,37.5839,36.6506,36.6506,35.7298,35.7298,35.7298,35.7298,35.7298,34.8216,34.8216,33.9258,33.0425
2010-07-01 00:00:00,2,52.5397,52.5397,52.5397,51.4222,50.3174,50.3174,50.3174,50.3174,50.3174,50.3174,50.3174,49.2256,48.1465,48.1465,50.3174,50.3174,49.2256,50.3174,50.3174,50.3174,49.2256,49.2256,48.1465,48.1465,47.0802,46.0266,46.0266,46.0266,46.0266,44.9858,44.9858
2010-06-01 00:00:00,2,63.1788,61.3327,61.3327,60.1182,60.1182,60.1182,61.3327,61.3327,61.3327,58.9167,57.1387,55.9696,55.9696,57.7282,57.1387,55.9696,59.5158,59.5158,58.3208,58.3208,57.1387,55.9696,55.9696,54.8134,54.8134,53.6701,55.9696,55.9696,53.6701,52.5397,
2010-05-01 00:00:00,2,68.8932,73.5211,79.7084,75.5539,68.8932,66.959,65.0542,65.0542,64.4258,64.4258,72.1824,76.9255,84.7061,79.0078,73.5211,70.199,66.959,65.6858,65.0542,66.3208,73.5211,79.0078,84.7061,76.238,72.8501,69.5445,68.2452,66.959,65.6858,64.4258,63.8006
2010-04-01 00:00:00,2,95.1908,89.1194,103.889,94.4202,92.8889,124.287,114.696,127.878,172.064,126.076,102.277,94.4202,87.635,86.1639,83.9822,81.8304,80.4125,78.3104,76.238,76.238,75.5539,76.238,74.1954,73.5211,71.518,71.518,71.518,69.5445,68.8932,66.9589,
2010-03-01 00:00:00,2,103.889,152.553,181.746,236.943,272.211,187.247,213.687,231.941,216.075,199.66,146.652,130.606,117.271,134.292,129.693,124.287,117.271,149.587,156.557,131.523,119.004,122.513,137.093,139.924,132.442,121.631,107.978,99.0942,95.9648,92.8889,93.6529
2010-02-01 00:00:00,2,127.878,124.287,117.271,111.31,107.978,107.153,112.996,105.515,100.679,97.5228,103.082,110.472,106.332,96.7421,89.1194,88.3756,83.9822,83.9822,83.9822,107.978,108.806,105.515,94.4202,88.3756,83.2616,83.9822,90.6172,104.7,,,
2010-01-01 00:00:00,2,379.177,333.816,273.568,214.879,180.656,180.656,195.097,212.499,231.941,218.477,165.767,144.713,134.292,136.156,141.829,136.156,143.748,169.951,149.587,135.222,130.606,154.548,205.443,233.186,283.165,287.332,239.466,225.767,179.57,151.561,136.156
2009-12-01 00:00:00,2,95.9648,110.472,133.366,191.712,197.371,272.211,405.53,380.796,382.419,366.355,330.802,327.802,230.699,182.839,180.656,207.781,257.527,189.472,162.666,160.615,167.852,158.579,164.73,160.615,138.977,132.442,140.875,168.9,262.816,301.458,443.317
2009-11-01 00:00:00,2,122.513,118.136,126.076,185.036,204.279,166.808,129.693,110.472,102.277,107.153,119.004,124.287,153.549,174.191,136.156,116.409,106.332,164.73,151.561,117.271,99.885,89.8667,83.9822,79.7084,76.238,74.1954,73.5211,78.3104,89.1194,81.8304,
2009-10-01 00:00:00,2,62.5601,63.1788,72.1824,68.8932,72.8501,74.873,66.959,65.6858,79.0078,85.4333,122.513,107.978,79.7084,68.8932,65.6858,64.4258,74.1954,110.472,128.784,173.126,165.767,176.332,333.816,274.928,254.904,167.852,197.371,279.03,207.781,156.557,138.033
2009-09-01 00:00:00,2,62.5601,57.1387,57.1387,56.5526,56.5526,56.5526,55.9696,55.3899,54.8134,54.8134,53.6701,52.5397,51.4222,50.3174,50.3174,49.7699,48.6844,48.6844,48.1465,46.0266,45.5046,51.9793,123.398,130.606,142.787,106.332,90.6172,85.4333,69.5445,62.5601,
2009-08-01 00:00:00,2,63.1788,61.9448,60.7238,60.1182,59.5158,58.3208,58.3208,57.7282,57.7282,57.1388,56.5526,55.9696,55.3899,54.8134,54.8134,54.8134,54.2402,54.2402,53.6701,52.5397,52.5397,52.5397,53.1033,53.6701,56.5526,60.7238,70.8569,69.5445,69.5445,68.2452,65.0542
2009-07-01 00:00:00,2,99.885,95.9648,92.8889,89.1194,78.3104,76.238,76.238,75.5539,75.5539,74.873,74.873,73.5211,72.1824,72.1824,70.8569,69.5445,69.5445,68.8932,68.8932,68.2452,67.6004,66.959,66.3208,66.3208,65.6858,64.4258,64.4258,64.4258,64.4258,63.1788,63.1788
2009-06-01 00:00:00,2,89.8667,89.8667,90.6172,92.1284,92.1284,93.6529,90.6172,90.6172,89.8667,88.3756,87.635,86.8978,86.1639,84.7061,83.2616,83.2616,83.2616,82.5443,82.5443,81.8304,81.8304,80.4125,79.7084,78.3104,77.6163,76.9255,76.238,82.5443,86.8978,103.082,
2009-05-01 00:00:00,2,125.18,123.398,123.398,122.513,120.752,116.409,114.696,114.696,112.996,112.151,111.31,109.637,109.637,106.332,106.332,106.332,104.7,103.082,98.3068,96.7421,96.7421,95.9648,95.1908,95.1908,94.4201,93.6529,92.1284,90.6172,90.6172,90.6172,89.8667
2009-04-01 00:00:00,2,486.599,514.748,379.177,250.996,223.323,193.965,189.472,245.836,310.108,268.163,261.489,235.687,182.839,173.126,169.951,190.59,206.61,174.191,158.579,154.548,147.627,143.748,138.977,130.606,130.606,129.693,129.693,127.878,126.975,126.975,
2009-03-01 00:00:00,2,224.543,188.358,177.408,164.73,152.553,151.561,148.605,159.596,236.943,198.514,166.808,154.548,149.587,148.605,147.627,141.829,151.561,188.358,201.962,238.203,250.996,181.746,146.652,163.696,216.075,253.598,288.728,234.435,220.893,324.816,323.329
2009-02-01 00:00:00,2,274.928,305.767,384.046,431.099,384.046,367.945,356.893,349.109,329.3,295.764,333.816,380.796,395.537,470.116,551.622,559.559,471.932,360.032,261.489,244.555,242.003,261.489,304.327,315.948,350.658,364.769,318.889,254.904,,,
2009-01-01 00:00:00,2,826.141,758.973,697.08,663.909,618.92,677.073,694.841,571.578,412.267,329.3,300.029,329.3,318.889,220.893,225.767,261.489,285.94,301.458,297.182,269.509,257.527,341.417,475.577,577.639,507.159,388.948,324.816,366.355,398.853,403.855,372.736
2008-12-01 00:00:00,2,70.6999,60.9088,55.2461,51.8472,50.5178,49.2057,53.8736,45.373,42.9042,47.9109,51.8472,51.8472,57.3372,69.1461,150.572,196.232,338.366,853.363,2045.52,2724.64,2045.52,629.478,384.046,338.366,294.35,302.891,290.128,387.311,690.376,742.656,796.982
2008-11-01 00:00:00,2,33.851,34.8226,35.3136,40.5044,39.3305,56.6359,91.579,93.3659,78.7278,75.4649,77.9056,113.17,101.62,91.579,123.27,130.606,122.241,118.166,131.523,140.875,190.59,133.366,96.0785,82.9036,75.4649,75.4649,75.4649,74.6599,76.2741,69.1461,
2008-10-01 00:00:00,2,59.4672,53.1938,48.5561,47.2699,46.6333,46.6333,44.7493,40.5044,39.9153,65.3371,74.6599,55.9388,47.2699,42.9042,41.0979,38.7499,35.8079,36.3057,44.13,58.7529,82.0599,85.4609,63.1035,53.8736,47.2699,39.9153,38.7499,35.8079,34.8226,32.8931,31.9489
2008-09-01 00:00:00,2,39.3305,47.2699,55.9388,46.6333,38.7499,36.807,35.8079,33.851,32.8931,32.8931,32.8931,32.8931,31.9489,30.5584,29.6485,30.1017,32.4193,50.5178,64.5883,58.7529,52.5183,47.2699,66.0903,61.6361,71.4832,57.3372,47.9109,55.9388,73.0629,73.8593,
2008-08-01 00:00:00,2,41.0979,40.5044,40.5044,39.3305,39.3305,41.0979,45.373,46.001,47.2699,43.5149,40.5044,40.5044,39.3305,39.3305,39.3305,38.1737,38.1737,37.6019,36.807,35.8079,35.8079,35.3136,34.8226,34.8226,34.8226,33.851,33.851,33.851,33.851,33.3703,31.482
2008-07-01 00:00:00,2,56.6359,55.9388,55.9388,55.2461,54.5577,54.5577,54.5577,54.5577,53.1938,52.5183,52.5183,51.8472,51.8472,51.8472,51.1803,51.1803,50.5178,49.8596,49.2057,48.5561,47.9109,47.9109,46.6333,46.001,46.001,42.9042,41.6957,41.6957,41.0979,41.0979,41.0979
2008-06-01 00:00:00,2,59.4672,59.4672,60.1859,60.9088,61.6361,61.6361,59.4672,59.4672,59.4672,58.0429,59.4672,58.7529,58.0429,58.0429,57.3372,56.6359,55.9388,55.9388,54.5577,54.5577,54.5577,54.5577,54.5577,55.9388,55.9388,61.6361,63.1035,60.9088,60.9088,60.1859,
2008-05-01 00:00:00,2,85.4609,83.7518,82.9036,84.6042,83.7518,82.0599,79.5544,78.7278,78.7278,77.0877,73.8593,71.4832,71.4832,71.4832,71.4832,69.9208,69.1461,69.1461,68.3757,66.0903,66.0903,66.8478,67.6095,66.0903,66.0903,63.8438,63.8438,63.1035,61.6361,61.6361,60.1859
2008-04-01 00:00:00,2,127.878,118.166,110.225,106.357,111.202,151.561,178.487,200.809,220.893,245.836,210.133,187.247,199.66,168.9,139.924,138.977,165.767,127.878,118.166,117.158,110.225,105.401,103.502,101.62,99.7559,98.8301,94.2658,91.579,89.8094,87.1874,
2008-03-01 00:00:00,2,120.195,123.27,140.875,164.73,159.596,123.27,105.401,104.45,108.282,107.318,112.184,145.681,185.036,233.186,249.701,419.063,799.39,690.376,492.161,274.928,228.226,188.358,167.852,153.549,149.587,160.615,162.666,149.587,145.681,124.287,152.553
2008-02-01 00:00:00,2,518.565,448.61,324.816,283.165,249.701,339.889,320.366,347.563,280.405,297.182,256.214,204.279,172.064,153.549,138.977,140.875,125.18,110.225,104.45,119.178,143.748,140.875,125.18,125.18,147.627,235.687,269.509,214.879,141.829,,
2008-01-01 00:00:00,2,77.9056,72.2709,66.8478,62.3676,58.0429,54.5577,64.5883,73.0629,90.6921,112.184,115.156,109.251,139.924,165.767,118.166,93.3659,77.9056,69.1461,63.8438,66.8478,92.4703,84.6042,107.318,109.251,108.282,105.401,100.686,138.977,117.158,124.287,320.366
2007-12-01 00:00:00,2,61.6361,47.9109,42.9042,42.2978,45.373,48.5561,49.8596,56.6359,63.8438,99.7559,89.8094,77.0877,55.2461,49.2057,60.9088,82.9036,133.366,155.551,96.0785,75.4649,123.27,287.332,471.932,297.182,236.943,333.816,256.214,158.579,117.158,96.9914,86.322
2007-11-01 00:00:00,2,66.0903,49.8596,42.9042,40.5044,38.7499,49.8596,45.373,50.5178,49.2057,51.1803,59.4672,51.1803,49.2057,71.4833,89.8094,89.8094,63.8438,50.5178,41.6957,39.9153,44.13,46.6333,63.1035,51.1803,45.373,41.0979,43.5149,52.5183,86.322,63.8438,
2007-10-01 00:00:00,2,25.3048,31.482,33.3703,31.482,31.482,31.0185,26.5719,24.4772,23.6634,23.6634,21.6888,21.6888,20.923,20.171,20.171,20.171,19.8001,19.0686,21.3042,45.373,52.5183,119.178,82.9036,63.8438,61.6361,60.9088,50.5178,55.9388,77.9056,73.8593,98.8301
2007-09-01 00:00:00,2,31.482,31.482,30.5584,30.5584,29.6485,30.5584,30.5584,30.5584,29.1987,27.4338,26.5719,26.5719,25.7237,25.7237,25.7237,25.7237,27.4338,26.5719,26.5719,26.5719,26.5719,27.4338,25.7237,26.5719,27.4338,26.5719,25.7237,24.4772,23.6634,22.0769,
2007-08-01 00:00:00,2,49.2057,43.5149,40.5044,38.7499,37.6019,37.6019,36.3057,36.3057,36.3057,35.3136,35.3136,35.3136,34.3351,34.8226,35.3136,33.3703,34.3351,34.3351,34.3351,33.3703,33.3703,34.3351,34.3351,33.3703,33.3703,33.3703,31.482,32.4193,31.482,31.482,31.482
2007-07-01 00:00:00,2,44.13,42.9042,42.9042,42.9042,41.6957,41.6957,41.6957,41.6957,41.0979,41.0979,41.0979,40.5044,40.5044,39.3305,39.3305,39.3305,39.3305,37.6019,37.6019,37.6019,38.7499,38.7499,37.6019,36.3057,36.807,37.6019,36.3057,36.3057,41.6957,39.9153,44.13
2007-06-01 00:00:00,2,63.1035,63.1035,62.3676,62.3676,61.6361,61.6361,61.6361,60.1859,58.7529,56.6359,54.5577,54.5577,54.5577,53.1938,53.1938,51.8472,51.8472,51.1803,51.1803,47.9109,47.9109,46.6333,46.6333,46.6333,46.001,45.373,45.373,44.7493,44.7493,44.13,
2007-05-01 00:00:00,2,93.3659,91.579,87.1874,83.7518,77.9056,75.4649,71.4832,68.3757,66.0903,64.5883,64.5883,64.5883,63.8438,63.8438,63.8438,63.8438,63.1035,62.3676,62.3676,61.6361,61.6361,61.6361,61.6361,68.3757,73.0629,77.0877,81.2204,75.4649,71.4832,67.6095,63.1035
2007-04-01 00:00:00,2,79.5544,77.0877,74.6599,69.1461,69.1461,71.4833,74.6599,82.0599,90.6921,100.686,101.62,95.17,94.2658,93.3659,92.4703,91.579,89.8094,77.0877,79.5544,91.579,92.4703,94.2658,101.62,104.45,111.202,113.17,118.166,121.215,107.318,101.62,
2007-03-01 00:00:00,2,160.615,146.652,132.442,126.076,121.215,119.178,113.17,111.202,110.225,103.502,102.559,99.7559,99.7559,96.9914,96.0785,94.2658,99.7559,111.202,118.166,123.27,126.076,131.523,130.606,127.878,123.27,123.27,120.195,111.202,108.282,99.7559,82.9036
2007-02-01 00:00:00,2,600.155,461.09,367.945,330.802,455.719,439.808,387.311,342.948,277.659,270.858,225.767,204.279,236.943,269.509,321.846,261.489,187.247,176.332,173.126,169.951,167.852,164.73,160.615,151.561,150.572,148.605,141.829,147.627,,,
2007-01-01 00:00:00,2,230.245,207.016,214.218,272.153,300.118,419.063,446.842,330.802,270.858,261.489,341.417,407.209,443.317,327.802,379.177,457.505,581.698,606.375,610.541,434.571,364.769,301.458,320.366,413.96,429.368,341.417,392.235,393.884,492.161,462.887,535.93
2006-12-01 00:00:00,2,146.719,254.707,253.389,163.194,110.223,103.379,91.1367,104.223,166.381,273.519,335.478,252.074,217.866,192.979,157.952,169.598,167.45,214.218,217.866,186.145,153.819,154.847,136.865,119.99,135.899,256.028,250.762,240.395,266.723,270.79,287.365
2006-11-01 00:00:00,2,40.4116,49.8645,55.2698,73.8596,88.002,94.3261,116.391,84.922,99.2128,100.869,80.4047,76.0105,82.648,82.648,88.002,87.2269,98.3898,89.5625,78.1922,81.8968,92.7245,89.5625,119.99,100.039,98.3898,95.9413,78.9263,73.8596,81.149,78.1922,
2006-10-01 00:00:00,2,39.3645,38.3312,35.3136,35.3136,35.8079,40.9402,40.9402,45.8522,44.184,49.2811,58.3926,60.3073,54.6555,51.6355,55.8875,66.9123,59.6657,51.6355,50.4514,48.701,58.3926,129.229,141.749,90.3479,70.3432,59.0274,51.6355,49.2811,49.8645,44.7367,42.5467
2006-09-01 00:00:00,2,38.8462,39.3645,35.8079,38.3312,44.7367,51.0417,45.2927,46.9815,43.6348,38.3312,37.3116,35.3136,35.3136,34.3351,33.3703,32.4193,31.482,29.6485,29.6485,30.1017,35.3136,45.8522,44.184,69.6502,73.1495,69.6502,54.6555,51.0417,44.7367,40.4116,
2006-08-01 00:00:00,2,40.4115,39.8863,39.8863,41.4723,46.9815,46.9815,43.6348,41.4723,39.8863,39.3645,37.3116,36.3057,35.3136,35.3136,35.3136,35.3136,35.3136,35.3136,33.3703,33.3703,33.3703,33.3703,33.851,35.3136,35.3136,34.3351,33.3703,32.4193,33.851,35.3136,34.8226
2006-07-01 00:00:00,2,50.4514,48.1244,46.9815,45.8522,45.8522,46.4151,46.9815,45.8522,45.8522,44.7367,44.184,43.6348,43.0891,42.5467,42.0078,42.5467,42.0078,42.0078,42.5467,42.0078,42.0078,42.0078,41.4723,39.8863,39.8863,39.3645,38.3312,37.3116,36.3057,36.3057,36.807
2006-06-01 00:00:00,2,54.6555,52.8332,52.8332,52.8332,51.6355,51.6355,50.4514,50.4514,49.2811,49.2811,49.2811,49.2811,49.2811,49.2811,48.1244,49.2811,49.2811,48.1244,48.1244,46.9815,46.9815,47.5512,48.1244,48.1244,46.9815,46.9815,47.5512,48.701,50.4514,52.8332,
2006-05-01 00:00:00,2,62.2529,64.2293,65.564,71.0396,77.4615,69.6502,65.564,62.9083,61.6009,60.9524,60.9524,76.7343,75.2901,68.2744,62.9083,62.9083,61.6009,61.6009,61.6009,61.6009,60.3073,57.1332,57.1332,56.5086,57.1332,56.5086,57.1332,56.5086,57.1332,55.2698,55.2698
2006-04-01 00:00:00,2,94.3261,91.9289,90.3479,90.3479,87.2269,84.922,83.4026,81.8968,80.4047,94.3261,103.379,109.355,95.132,96.754,84.922,81.149,83.4026,79.6638,79.6638,79.6638,81.8968,78.1922,75.2901,73.1495,72.4428,68.9606,67.5917,65.564,64.2293,61.6009,
2006-03-01 00:00:00,2,114.611,129.229,119.085,162.139,145.718,129.229,201.107,179.434,162.139,141.749,135.899,199.936,209.403,185.018,134.936,130.171,136.865,152.794,144.721,170.677,270.79,166.381,145.718,136.865,121.811,109.355,119.085,158.993,130.171,105.92,100.039
2006-02-01 00:00:00,2,157.952,186.145,213.009,150.755,128.289,110.223,96.754,90.3479,84.1606,81.149,95.132,100.039,155.878,262.687,256.028,188.41,172.846,164.253,134.936,113.727,103.379,92.7245,88.7805,86.4552,85.6869,90.3479,100.869,106.774,,,
2006-01-01 00:00:00,2,119.99,117.285,126.421,132.067,203.46,287.365,358.574,349.243,244.257,249.454,183.895,146.719,132.067,121.811,115.499,110.223,105.92,101.702,99.2128,102.539,98.3898,90.3479,84.922,83.4026,80.4047,78.1922,73.8596,73.1495,82.648,172.846,180.544
2005-12-01 00:00:00,2,113.727,99.2128,92.7245,117.285,137.835,103.379,93.5236,130.171,185.018,162.139,163.194,297.261,476.495,505.792,444.578,453.333,417.134,349.243,250.762,205.827,222.777,260.013,210.602,190.688,156.913,139.785,157.952,186.145,167.45,138.809,126.421
2005-11-01 00:00:00,2,69.6502,78.9263,145.718,106.774,96.754,121.811,143.727,124.567,101.702,108.491,148.73,111.968,105.07,99.2128,84.1606,78.1922,78.9263,72.4428,79.6638,92.7245,167.45,214.218,207.016,125.492,112.846,120.899,134.936,177.225,241.679,148.73,
2005-10-01 00:00:00,2,73.1495,60.9524,54.0447,49.8645,47.5512,46.4151,44.7367,46.9815,60.9524,55.2698,49.2811,42.5467,39.3645,35.3136,35.3136,34.3351,32.4193,31.482,30.5584,30.5584,29.6485,29.1987,29.6485,29.6485,29.6485,30.1017,31.0185,35.8079,40.4116,49.2811,62.9083
2005-09-01 00:00:00,2,44.7367,42.5467,42.5467,42.5467,43.6348,43.6348,42.5467,42.5467,44.7367,54.6555,54.0447,46.4151,43.6348,41.4723,40.4115,39.3645,39.3645,40.9402,55.8875,58.3926,64.8949,62.9083,55.2698,49.8645,45.8522,48.1244,84.922,113.727,100.869,82.648,
2005-08-01 00:00:00,2,60.9524,56.5086,55.2698,54.0447,53.4372,52.8332,51.0417,51.0417,51.0417,51.0417,51.0417,49.8645,49.8645,51.0417,51.0417,51.6355,56.5086,53.4372,52.2326,52.2326,52.2326,49.8645,48.701,47.5512,46.4151,44.7367,44.7367,44.7367,45.8522,46.4151,44.7367
2005-07-01 00:00:00,2,68.9606,68.2744,67.5917,64.8949,64.8949,63.567,63.567,62.9083,62.2529,62.2529,61.6009,61.6009,61.6009,60.9524,60.3073,59.6657,59.0274,58.3926,58.3926,58.3926,58.3926,58.3926,58.3926,58.3926,58.3926,58.3926,56.5086,57.7612,59.6657,64.8949,67.5917
2005-06-01 00:00:00,2,95.9413,94.3261,91.1367,86.4552,86.4552,84.1606,81.8968,80.4047,79.6638,78.9263,78.1922,76.0105,74.5732,74.5732,73.1495,73.1495,73.1495,73.1495,73.1495,73.1495,75.2901,76.7343,78.9263,80.4047,83.4026,78.1922,76.0105,71.7395,71.0396,70.3432,
2005-05-01 00:00:00,2,143.727,179.434,165.315,120.899,105.07,97.5702,93.5236,89.5625,88.002,87.2269,85.6869,84.1606,81.8968,82.648,80.4047,78.1922,78.1922,76.7343,76.7343,75.2901,74.5731,73.8596,72.4428,76.7343,107.631,156.913,176.125,203.46,147.723,122.726,100.869
2005-04-01 00:00:00,2,135.899,133.976,127.354,120.899,117.285,114.611,111.094,109.355,106.774,105.92,105.07,100.039,97.5702,95.9413,95.132,93.5236,91.9289,89.5625,91.9289,92.7245,94.3261,89.5625,88.002,88.7805,91.9289,91.9289,93.5236,106.774,141.749,134.936,
2005-03-01 00:00:00,2,183.895,284.569,301.553,320.506,494.703,693.335,563.073,330.95,254.707,224.013,199.936,188.41,197.603,179.434,166.381,154.847,169.598,181.658,198.768,227.742,208.208,188.41,196.442,190.688,181.658,183.895,198.768,269.431,204.642,162.139,143.727
2005-02-01 00:00:00,2,213.009,183.895,164.253,161.087,197.603,198.768,230.245,248.15,182.774,150.755,133.976,131.117,127.354,189.547,204.642,176.125,138.809,131.117,155.878,239.114,274.888,217.866,149.741,127.354,117.285,120.899,183.895,197.603,,,
2005-01-01 00:00:00,2,192.979,163.194,178.328,152.794,142.736,166.381,149.741,162.139,172.846,277.637,343.091,205.827,188.41,244.257,295.837,201.107,153.819,168.522,347.7,598.912,617.245,307.323,245.551,235.293,363.285,297.261,224.013,232.762,297.261,244.257,264.029
2004-12-01 00:00:00,2,60.9524,81.149,94.3261,62.2529,51.0417,49.2811,57.1332,95.132,187.276,129.229,153.819,123.645,137.835,139.785,118.184,87.2269,76.0105,67.5917,62.2529,88.7805,114.611,219.088,305.875,448.07,417.134,487.379,423.913,280.399,186.145,164.253,165.315
2004-11-01 00:00:00,2,34.3351,32.8931,36.3057,44.184,40.9402,34.3351,31.9489,33.851,38.3312,55.8875,49.2811,38.3312,33.3703,31.482,28.7523,28.7523,27.0011,28.3094,40.9402,38.8462,53.4372,67.5917,62.2529,51.0417,39.8863,34.3351,31.482,28.7523,29.1987,35.8079,
2004-10-01 00:00:00,2,26.1461,26.1461,26.5719,31.482,39.8863,43.0891,57.1332,50.4514,39.8863,35.3136,32.4193,31.0185,33.851,37.8197,50.4514,45.2927,41.4723,40.4115,38.3312,33.3703,33.3703,31.482,30.5584,29.6485,29.6485,30.1017,35.8079,37.3116,46.9815,46.9815,38.8462
2004-09-01 00:00:00,2,39.8863,37.8197,37.3116,36.807,36.807,35.8079,35.8079,35.8079,35.3136,35.3136,35.3136,34.8226,34.3351,34.3351,33.851,33.851,33.3703,33.3703,32.8931,32.8931,30.1017,30.1017,31.482,29.6485,28.7523,28.7523,27.8698,27.0011,26.1461,26.1461,
2004-08-01 00:00:00,2,54.6555,54.6555,54.0447,54.0447,53.4372,53.4372,53.4372,52.2326,52.2326,51.0417,49.8645,49.2811,46.4151,45.2927,45.2927,45.2927,44.7367,44.184,44.184,43.6348,43.6348,43.6348,43.0891,43.0891,43.0891,43.0891,43.0891,42.0078,41.4723,40.9402,40.4115
2004-07-01 00:00:00,2,53.4372,53.4372,53.4372,53.4372,53.4372,54.0447,54.6555,55.2698,57.1332,57.7612,58.3926,68.9606,71.7395,88.002,70.3432,70.3432,66.9123,64.2293,58.3926,55.8875,57.7612,58.3926,64.8949,63.567,60.9524,58.3926,58.3926,57.7612,56.5086,55.8875,55.2698
2004-06-01 00:00:00,2,93.5236,81.149,79.6638,105.07,102.539,94.3261,88.7805,77.4615,71.7395,69.6502,70.3432,69.6502,69.6502,68.9606,66.9123,64.8949,64.2293,64.2293,64.2293,63.567,63.567,61.6009,58.3926,58.3926,56.5086,56.5086,55.2698,52.2326,52.2326,51.6355,
2004-05-01 00:00:00,2,82.648,78.1922,78.1922,76.7343,74.5731,74.5731,76.7343,71.7395,71.7395,71.7395,69.6502,69.6502,68.2744,66.9123,66.9123,66.9123,67.5917,75.2901,86.4552,78.9263,76.0105,76.7343,74.5731,75.2901,71.7395,69.6502,68.2744,68.2744,68.2744,72.4428,81.8968
2004-04-01 00:00:00,2,131.117,148.73,157.952,165.315,190.688,224.013,252.074,194.13,171.76,129.229,122.726,106.774,169.598,154.847,151.773,137.835,117.285,112.846,115.499,111.968,100.039,94.3261,88.002,87.2269,85.6869,84.922,91.9289,91.9289,89.5625,85.6869,
2004-03-01 00:00:00,2,507.652,432.464,329.448,317.553,333.965,355.45,210.602,198.768,194.13,181.658,157.952,155.878,142.736,138.809,134.936,133.02,129.229,129.229,128.289,124.567,129.229,140.766,126.421,119.99,118.184,117.285,106.774,102.539,106.774,111.094,111.094
2004-02-01 00:00:00,2,129.229,124.567,111.968,117.285,131.117,144.721,157.952,168.522,161.087,154.847,165.315,227.742,220.314,202.282,216.646,236.563,283.175,360.141,344.624,338.513,327.949,283.175,274.888,231.502,211.804,269.431,310.229,338.513,425.617,,
2004-01-01 00:00:00,2,85.6869,91.1367,105.92,140.766,196.442,133.02,119.99,107.631,104.223,214.218,534.049,535.96,592.862,726.737,582.847,517.003,430.747,395.478,366.443,346.16,246.849,216.646,207.016,192.979,189.547,185.018,178.328,173.936,167.45,153.819,147.723
2003-12-01 00:00:00,2,73.1495,78.1922,109.355,168.522,155.878,131.117,260.013,412.085,474.693,301.553,197.604,163.194,160.038,117.285,115.499,111.094,88.002,84.922,84.1606,81.8968,78.9263,78.9263,117.285,122.726,117.285,105.07,90.3479,84.1606,94.3261,86.4552,84.922
2003-11-01 00:00:00,2,23.2616,28.7523,31.9489,47.5512,52.8332,62.9083,48.701,43.6348,70.3432,64.2293,101.702,66.2364,52.2326,44.184,43.0891,36.3057,35.3136,36.3057,44.184,45.2927,62.2529,97.5702,151.773,102.539,68.9606,54.0447,46.9815,52.8332,45.2927,71.7395,
2003-10-01 00:00:00,2,27.8698,30.5584,31.482,30.1017,28.3094,27.4338,25.7237,24.4772,23.6634,24.0686,26.1461,30.5584,33.3703,41.4723,38.3312,34.3351,31.482,29.1987,27.4338,26.5719,25.3048,22.8633,22.4684,21.3042,26.5719,24.8893,27.4338,37.3116,31.0185,26.1461,23.6634
2003-09-01 00:00:00,2,39.3645,38.8462,38.3312,35.8079,36.3057,34.3351,33.3703,33.3703,33.3703,31.482,31.482,31.482,30.5584,30.5584,30.5584,30.5584,30.5584,31.482,31.482,32.4193,33.3703,31.482,30.5584,29.1987,27.4338,27.4338,25.7237,27.4338,27.4338,27.4338,
2003-08-01 00:00:00,2,38.3312,37.8197,38.8462,40.4115,38.3312,37.8197,37.8197,37.3116,36.3057,35.3136,35.3136,35.3136,35.3136,35.3136,35.3136,35.3136,35.8079,40.9402,52.2326,44.7367,38.8462,38.3312,35.3136,35.3136,35.3136,35.3136,34.8226,35.8079,36.807,40.4115,39.8863
2003-07-01 00:00:00,2,45.2927,43.0891,42.5467,42.0078,43.0891,42.5467,42.0078,42.0078,43.6348,41.4723,39.8863,39.8863,39.8863,39.8863,41.4723,48.701,50.4514,46.9815,44.7367,42.5467,42.0078,41.4723,40.9402,40.9402,40.4115,38.3312,37.8197,39.8863,39.3645,38.8462,38.8462
2003-06-01 00:00:00,2,60.3073,58.3926,58.3926,58.3926,57.1332,57.1332,57.1332,57.1332,56.5086,53.4372,55.8875,53.4372,52.2326,52.2326,52.2326,52.2326,51.0417,49.8645,51.0417,51.0417,49.8645,48.701,49.8645,47.5512,48.701,48.701,47.5512,47.5512,47.5512,48.701,
2003-05-01 00:00:00,2,68.9606,68.2744,66.9123,65.564,68.2744,71.7395,84.922,88.7805,90.3479,81.8968,73.8596,70.3432,68.2744,68.2744,68.2744,68.2744,66.9123,65.564,65.564,65.564,65.564,62.9083,62.9083,61.6009,61.6009,60.9524,60.3073,59.6657,59.6657,58.3926,58.3926
2003-04-01 00:00:00,2,111.968,107.631,102.539,100.039,100.039,102.539,108.491,112.846,119.99,118.184,129.229,132.067,115.499,102.539,96.754,92.7245,91.1367,87.2269,85.6869,82.648,79.6638,78.9263,78.1922,76.7343,75.2901,74.5732,74.5732,73.1495,73.1495,70.3432,
2003-03-01 00:00:00,2,92.7245,89.5625,85.6869,85.6869,85.6869,87.2269,86.4552,82.648,84.1606,99.2128,107.631,123.645,111.094,118.184,134.936,164.253,239.114,353.893,435.908,340.036,225.253,187.276,177.225,204.642,244.257,189.547,147.723,136.865,130.171,127.354,119.085
2003-02-01 00:00:00,2,476.495,413.765,283.175,217.866,202.282,178.328,166.381,152.794,144.721,137.835,132.067,126.421,123.645,116.391,113.727,144.721,171.76,171.76,172.846,170.677,177.225,148.73,130.171,119.085,107.631,104.223,98.3898,95.9413,,,
2003-01-01 00:00:00,2,129.229,140.766,142.736,261.349,415.448,379.211,311.687,382.437,507.652,372.8,281.786,392.197,371.206,366.443,290.175,341.562,635.854,545.567,505.792,487.379,483.737,458.627,418.824,398.772,358.574,272.153,244.257,245.551,320.506,230.245,332.456
2002-12-01 00:00:00,2,80.4047,66.2364,60.3073,54.0447,49.8645,63.567,66.9123,73.8596,143.727,227.742,158.993,194.13,256.028,423.913,417.134,338.513,265.375,310.229,313.148,239.114,179.434,149.741,208.208,177.225,182.774,196.442,187.276,176.125,133.02,123.645,130.171
2002-11-01 00:00:00,2,34.3351,39.3645,64.2293,88.7805,73.8596,59.0274,71.7395,101.702,111.094,78.1922,62.2529,63.567,64.2293,50.4514,57.7612,54.6555,54.6555,45.8522,55.2698,88.7805,123.645,119.085,131.117,132.067,134.936,157.952,292.999,256.028,100.869,90.3479,
2002-10-01 00:00:00,2,40.9402,37.3116,35.8079,35.3136,35.8079,33.851,32.8931,31.9489,30.1017,28.7523,27.0011,25.7237,24.0686,23.2616,22.0769,21.3042,20.5453,20.171,18.708,18.3509,17.6469,16.9566,19.0686,25.3048,27.4338,31.0185,32.8931,31.9489,30.1017,42.5467,32.8931
2002-09-01 00:00:00,2,26.5719,33.851,44.184,48.1244,49.8645,44.184,36.807,34.3351,35.3136,36.3057,36.807,33.851,32.8931,31.0185,30.1017,28.7523,27.8698,27.8698,27.0011,26.1461,26.1461,25.3048,30.1017,31.482,60.9524,88.7805,84.922,83.4026,61.6009,48.701,
2002-08-01 00:00:00,2,35.8079,35.8079,35.8079,35.3136,35.3136,35.3136,34.8226,34.8226,34.8226,34.8226,34.8226,34.8226,34.3351,34.3351,33.851,33.851,33.3703,33.3703,33.3703,32.8931,32.8931,32.4193,29.1987,30.1017,29.1987,29.1987,28.7523,27.8698,27.8698,27.8698,27.8698
2002-07-01 00:00:00,2,43.0891,42.5467,42.5467,42.0078,42.0078,42.0078,41.4723,41.4723,40.9402,40.9402,40.9402,40.9402,40.4115,40.4115,40.4115,40.4115,40.4115,40.4115,38.8462,38.8462,36.807,36.807,36.3057,36.3057,36.3057,36.3057,35.8079,35.8079,35.8079,35.8079,35.8079
2002-06-01 00:00:00,2,51.0417,50.4514,49.8645,49.2811,48.1244,48.1244,46.4151,46.4151,45.8522,45.8522,45.2927,44.7367,44.7367,44.184,44.184,43.6348,43.6348,43.0891,43.0891,43.0891,42.5467,42.0078,40.9402,40.9402,40.9402,40.9402,40.9402,40.9402,40.9402,43.0891,
2002-05-01 00:00:00,2,57.1332,57.7612,55.8875,55.8875,55.8875,55.2698,57.7612,65.564,79.6638,84.1606,71.0396,67.5917,66.2364,62.9083,60.3073,58.3926,57.1332,55.8875,54.6555,55.8875,55.8875,55.8875,58.3926,59.0274,57.1332,57.7612,54.6555,53.4372,52.2326,51.6355,51.6355
2002-04-01 00:00:00,2,96.754,92.7245,88.7805,83.4026,81.8968,78.9263,76.0105,75.2901,76.7343,80.4047,94.3261,84.1606,78.9263,76.0105,76.0105,72.4428,72.4428,70.3432,69.6502,67.5917,64.8949,64.2293,64.2293,62.9083,62.9083,60.3073,60.3073,59.0274,58.3926,58.3926,
2002-03-01 00:00:00,2,196.442,177.225,161.087,151.773,137.835,135.899,133.02,129.229,119.085,115.499,113.727,113.727,106.774,103.379,102.539,112.846,141.749,150.755,142.736,133.976,133.976,129.229,133.976,153.819,129.229,119.99,126.421,140.766,135.899,114.611,101.702
2002-02-01 00:00:00,2,204.642,236.563,197.603,298.688,253.389,192.979,158.993,185.018,183.895,231.502,402.08,347.7,285.965,204.642,169.598,183.895,155.878,302.99,462.173,483.737,377.603,340.036,366.443,395.478,380.823,317.553,270.79,207.016,,,
2002-01-01 00:00:00,2,387.302,317.553,283.175,246.849,261.349,188.41,186.145,182.774,145.718,123.645,112.846,98.3898,88.002,84.922,111.968,141.749,232.762,226.496,245.551,344.624,301.553,265.375,183.895,143.727,130.171,146.719,202.282,270.79,253.389,252.074,196.442
2001-12-01 00:00:00,2,71.7395,166.381,316.081,250.762,136.865,93.5236,76.7343,66.9123,75.2901,94.3261,96.754,71.7395,61.6009,57.1332,56.5086,67.5917,116.391,283.175,449.821,336.993,163.194,139.785,179.434,144.721,120.899,108.491,131.117,137.835,197.603,245.551,335.478
2001-11-01 00:00:00,2,27.0011,26.1461,30.1017,54.6555,72.4428,108.491,109.355,111.968,89.5625,71.7395,66.2364,63.567,56.5086,77.4615,109.355,153.819,99.2128,112.846,145.718,122.726,96.754,80.4047,74.5731,72.4428,73.1495,76.7343,69.6502,62.2529,59.0274,68.2744,
2001-10-01 00:00:00,2,33.851,31.9489,31.9489,43.6348,44.184,74.5731,54.0447,44.184,49.2811,48.1244,37.3116,38.3312,36.807,33.851,31.0185,28.7523,27.8698,26.1461,24.8893,24.8893,36.807,64.8949,62.9083,58.3926,45.2927,38.8462,35.8079,32.8931,29.6485,27.8698,27.0011
2001-09-01 00:00:00,2,30.1017,28.7523,27.8698,27.0011,26.1461,24.8893,24.0686,23.2616,22.0769,22.0769,21.3042,21.3042,20.5453,20.171,21.6888,43.0891,39.8863,44.7367,47.5512,39.8863,32.8931,30.5584,27.8698,25.3048,26.1461,29.1987,29.1987,31.9489,31.9489,31.0185,
2001-08-01 00:00:00,2,27.0011,26.1461,26.1461,26.1461,24.8893,24.0686,24.8893,24.8893,24.0686,24.0686,24.0686,24.0686,23.2616,23.2616,23.2616,23.2616,22.0769,22.0769,22.0769,22.0769,22.0769,22.0769,21.3042,23.6634,38.3312,38.8462,34.8226,40.9402,36.807,33.851,31.9489
2001-07-01 00:00:00,2,30.1017,29.1987,29.1987,29.1987,29.1987,28.7523,27.8698,27.8698,27.8698,27.8698,27.8698,27.8698,27.8698,27.0011,27.0011,26.1461,27.0011,26.1461,26.1461,27.0011,27.0011,27.8698,27.0011,26.1461,26.1461,26.1461,27.0011,28.3094,30.1017,28.7523,27.0011
2001-06-01 00:00:00,2,43.6348,42.5467,40.4116,39.3645,38.3312,39.3645,38.3312,38.3312,38.3312,37.3116,36.3057,36.3057,36.3057,35.8079,34.8226,33.851,33.851,32.8931,32.8931,32.8931,31.9489,31.9489,31.9489,31.9489,31.9489,31.9489,31.0185,31.9489,29.1987,30.1017,
2001-05-01 00:00:00,2,36.3057,35.8079,34.8226,34.8226,33.851,33.851,32.8931,32.8931,33.851,33.851,32.8931,32.8931,31.9489,31.9489,32.4193,39.8863,44.7367,55.8875,60.3073,78.1922,59.6657,51.0417,44.7367,43.6348,41.4723,41.4723,40.9402,48.1244,47.5512,45.8522,44.7367
2001-04-01 00:00:00,2,116.391,100.039,77.4615,66.2364,60.3073,55.8875,55.2698,60.9524,54.0447,49.2811,48.1244,46.9815,48.1244,49.2811,64.8949,60.3073,57.7612,53.4372,54.0447,56.5086,48.701,46.4151,44.7367,43.6348,42.5467,41.4723,39.3645,38.3312,37.3116,36.3057,
2001-03-01 00:00:00,2,53.4372,48.701,46.9815,50.4514,51.0417,57.1332,56.5086,64.2293,67.5917,65.564,69.6502,115.499,100.039,111.094,164.253,108.491,78.9263,71.0396,66.2364,64.8949,62.2529,55.8875,55.8875,52.2326,51.6355,52.2326,48.1244,46.9815,48.1244,63.567,83.4026
2001-02-01 00:00:00,2,81.149,78.9263,83.4026,76.7343,77.4615,75.2901,76.0105,86.4552,76.0105,76.7343,91.9289,81.8968,73.8596,73.8596,76.0105,71.7395,75.2901,67.5917,63.567,66.9123,60.9524,54.0447,55.2698,51.6355,52.2326,57.7612,53.4372,51.6355,,,
2001-01-01 00:00:00,2,148.73,232.762,294.416,489.205,588.846,498.386,317.553,208.208,166.381,173.936,178.328,167.45,146.719,133.976,125.492,118.184,105.92,95.132,89.5625,85.6869,82.648,87.2269,128.289,160.038,131.117,118.184,107.631,99.2128,88.7805,85.6869,92.7245
2000-12-01 00:00:00,2,100.869,111.094,152.794,158.993,141.749,176.125,268.076,204.642,197.603,103.379,90.3479,84.922,109.355,99.2128,80.4047,69.6502,65.564,84.1606,302.99,353.893,273.519,176.125,148.73,132.067,110.223,107.631,104.223,104.223,133.976,157.952,138.809
2000-11-01 00:00:00,2,33.3703,42.5467,42.0078,37.3116,34.3351,36.807,40.9402,61.6009,81.8968,75.2901,67.5917,54.6555,48.1244,47.5512,72.4428,155.878,179.434,153.819,141.749,148.73,110.223,103.379,99.2128,88.002,84.1606,82.648,68.9606,74.5732,88.7805,119.99,
2000-10-01 00:00:00,2,44.184,41.4723,43.6348,55.8875,64.2293,50.4514,43.0891,38.3312,35.3136,36.3057,34.8226,32.4193,31.0185,29.1987,28.3094,27.4338,25.7237,24.4772,22.8633,23.2616,25.7237,25.7237,27.0011,29.6485,31.482,42.0078,32.8931,27.4338,25.7237,25.7237,26.1461
2000-09-01 00:00:00,2,49.8645,46.4151,53.4372,74.5731,90.3479,93.5236,76.0105,64.2293,63.567,66.2364,57.1332,54.6555,52.2326,47.5512,45.8522,44.7367,42.5467,42.5467,42.5467,41.4723,38.3312,37.3116,36.3057,35.3136,33.3703,32.4193,32.4193,33.3703,36.3057,46.9815,
2000-08-01 00:00:00,2,42.0078,42.0078,40.9402,40.9402,40.9402,40.9402,40.9402,40.9402,39.8863,39.8863,38.8462,37.8197,37.8197,36.807,34.8226,34.8226,34.8226,34.8226,33.851,33.851,32.8931,32.8931,32.8931,32.8931,32.8931,31.9489,31.9489,32.4193,32.8931,40.9402,44.184
2000-07-01 00:00:00,2,44.184,43.0891,40.9402,40.9402,42.0078,42.0078,40.9402,40.9402,40.9402,43.0891,44.184,45.2927,45.2927,44.7367,44.184,43.0891,43.0891,43.0891,43.0891,42.0078,42.0078,43.0891,43.0891,43.0891,44.184,44.184,43.0891,43.0891,42.0078,42.0078,42.0078
2000-06-01 00:00:00,2,59.6657,59.6657,59.0274,58.3926,58.3926,58.3926,58.3926,57.7612,57.7612,57.1332,57.1332,57.1332,55.8875,54.6555,49.8645,48.701,48.701,48.701,47.5512,47.5512,47.5512,46.4151,46.4151,46.4151,46.4151,46.4151,45.2927,45.2927,44.184,44.184,
2000-05-01 00:00:00,2,78.9263,74.5731,73.1495,71.7395,71.7395,70.3432,70.3432,68.9606,68.9606,68.9606,67.5917,67.5917,64.8949,64.8949,64.2293,64.2293,63.567,63.567,60.9524,60.9524,60.9524,60.3073,60.3073,59.6657,59.6657,58.3926,58.3926,59.6657,58.3926,58.3926,59.6657
2000-04-01 00:00:00,2,119.99,117.285,114.611,111.968,109.355,106.774,102.539,100.869,100.869,98.3898,92.7245,96.754,107.631,124.567,119.99,119.99,119.085,118.184,106.774,105.92,104.223,102.539,102.539,100.869,91.9289,88.002,85.6869,83.4026,83.4026,80.4047,
2000-03-01 00:00:00,2,132.067,124.567,116.391,110.223,106.774,100.869,97.5702,98.3898,111.094,133.976,198.768,219.088,338.513,420.517,269.431,225.253,222.777,205.827,191.832,190.688,202.282,323.473,308.774,219.088,149.741,144.721,134.936,129.229,125.492,123.645,119.99
2000-02-01 00:00:00,2,545.567,439.366,369.615,340.036,272.153,219.088,214.218,279.016,321.988,460.399,420.517,336.993,249.454,216.646,204.642,188.41,163.194,151.773,158.993,197.604,183.895,161.087,143.727,136.865,131.117,129.229,139.785,149.741,143.727,,
2000-01-01 00:00:00,2,150.755,169.598,182.774,270.79,333.965,284.569,239.114,198.768,180.544,154.847,135.899,124.567,119.085,110.223,92.7245,91.1367,84.922,95.9413,132.067,158.993,163.194,205.827,178.328,168.522,131.117,124.567,125.492,208.208,472.894,625.482,640.027
1999-12-01 00:00:00,2,131.117,98.3898,92.7245,73.1495,65.564,82.648,122.726,137.835,136.865,191.832,154.847,146.719,179.434,227.742,165.315,189.547,153.819,127.354,105.92,92.7245,92.7245,92.7245,95.132,119.99,142.736,182.774,161.087,127.354,107.631,120.899,120.899
1999-11-01 00:00:00,2,47.5512,44.184,41.4723,38.3312,36.807,31.482,35.8079,61.6009,73.8596,131.117,111.968,82.648,78.9263,91.1367,82.648,81.149,70.3432,60.3073,56.5086,54.0447,85.6869,117.285,201.107,207.016,140.766,133.02,121.811,137.835,92.7245,144.721,
1999-10-01 00:00:00,2,30.1017,29.6485,25.3048,26.5719,29.1987,28.3094,29.1987,28.3094,28.3094,28.3094,26.1461,26.1461,25.3048,23.6634,23.2616,22.4684,21.6888,20.5453,20.171,23.6634,23.6634,31.482,77.4615,85.6869,78.1922,65.564,50.4514,58.3926,62.2529,61.6009,56.5086
1999-09-01 00:00:00,2,28.3094,28.3094,27.4338,27.4338,26.5719,26.5719,26.5719,26.1461,25.7237,25.7237,25.7237,26.1461,24.8893,29.1987,29.6485,32.8931,37.3116,36.3057,34.3351,33.3703,32.8931,29.1987,28.7523,33.3703,43.6348,62.9083,48.1244,38.3312,33.3703,31.9489,
1999-08-01 00:00:00,2,34.8226,34.8226,33.851,33.851,33.3703,32.8931,32.8931,32.8931,32.4193,32.4193,31.9489,31.9489,31.9489,31.0185,31.0185,30.5584,30.1017,30.1017,30.1017,29.6485,29.1987,29.1987,29.1987,29.1987,29.1987,28.7523,28.7523,28.3094,28.3094,28.3094,28.3094
1999-07-01 00:00:00,2,42.5467,41.4723,41.4723,41.4723,40.4116,40.4116,41.4723,41.4723,40.4116,40.9402,42.5467,41.4723,41.4723,42.5467,41.4723,40.4116,41.4723,40.4116,40.4116,41.4723,40.4116,39.3645,38.3312,38.3312,39.3645,37.3116,38.3312,39.3645,38.3312,38.3312,35.3136
1999-06-01 00:00:00,2,48.1244,46.9815,46.9815,46.9815,46.9815,46.9815,46.9815,45.8522,46.9815,46.9815,46.9815,46.9815,46.9815,46.9815,46.9815,46.9815,48.1244,49.2811,49.2811,48.1244,46.9815,46.9815,45.8522,44.7367,44.7367,43.6348,43.6348,42.5467,42.5467,42.5467,
1999-05-01 00:00:00,2,71.7395,71.0396,67.5917,66.2364,64.8949,66.2364,66.9123,64.8949,64.2293,63.567,63.567,62.9083,60.3073,58.3926,55.8875,55.8875,54.6555,53.4372,52.8332,52.8332,52.8332,52.2326,51.6355,51.6355,51.6355,50.4514,50.4514,50.4514,49.2811,49.2811,49.2811
1999-04-01 00:00:00,2,119.085,113.727,115.499,111.968,100.039,96.754,91.9289,89.5625,86.4552,84.922,84.922,81.8968,78.9263,76.0105,73.8596,77.4615,82.648,84.922,91.1367,84.922,79.6638,77.4615,76.0105,76.0105,74.5732,74.5732,73.1495,73.1495,71.7395,71.7395,
1999-03-01 00:00:00,2,131.117,151.773,226.496,204.642,188.41,157.952,135.899,224.013,287.365,420.517,387.302,467.518,503.935,366.443,319.028,252.074,194.13,164.253,160.038,152.794,132.067,123.645,117.285,115.499,141.749,207.016,245.551,195.285,140.766,129.229,123.645
1999-02-01 00:00:00,2,137.835,125.492,107.631,89.5625,80.4047,71.0396,68.9606,75.2901,81.149,100.869,104.223,83.4026,73.1495,71.0396,71.0396,67.5917,70.3432,77.4615,74.5732,73.8596,78.9263,74.5732,68.2744,64.2293,63.567,84.1606,101.702,131.117,,,
1999-01-01 00:00:00,2,180.544,203.46,297.261,317.553,287.365,314.613,290.175,336.993,265.375,215.431,180.544,156.913,128.289,117.285,111.094,115.499,134.936,119.99,117.285,97.5702,91.9289,86.4552,83.4026,85.6869,83.4026,81.8968,88.7805,119.99,162.139,144.721,146.719
1998-12-01 00:00:00,2,162.139,124.567,125.492,96.754,77.4615,71.7395,78.9263,93.5236,128.289,153.819,127.354,100.869,94.3261,82.648,74.5731,84.1606,127.354,180.544,177.225,168.522,165.315,321.988,186.145,127.354,113.727,99.2128,100.869,109.355,162.139,186.145,153.819
1998-11-01 00:00:00,2,88.002,113.727,112.846,128.289,169.598,151.773,156.913,115.499,90.3479,81.8968,84.1606,99.2128,103.379,108.491,98.3898,82.648,74.5732,69.6502,65.564,62.2529,66.2364,69.6502,80.4047,78.9263,88.7805,88.7805,71.7395,84.1606,103.379,198.768,
1998-10-01 00:00:00,2,41.4723,39.3645,56.5086,64.8949,67.5917,59.6657,49.8645,49.8645,47.5512,50.4514,53.4372,57.1332,72.4428,60.3073,58.3926,55.2698,51.6355,55.8875,73.8596,93.5236,94.3261,74.5731,57.7612,52.2326,49.2811,41.4723,35.8079,48.701,51.6355,57.7612,65.564
1998-09-01 00:00:00,2,32.4193,33.3703,36.807,39.3645,38.3312,36.3057,35.3136,33.3703,33.3703,32.4193,33.3703,34.3351,34.3351,33.3703,32.4193,31.482,31.0185,28.3094,28.3094,29.1987,29.1987,28.3094,27.4338,26.5719,28.7523,31.482,31.482,31.482,32.8931,37.8197,
1998-08-01 00:00:00,2,40.9402,40.9402,39.8863,39.8863,39.8863,42.0078,44.7367,52.8332,62.9083,88.7805,84.922,73.1495,70.3432,62.9083,56.5086,53.4372,49.8645,47.5512,46.4151,44.184,42.0078,40.9402,39.3645,38.8462,38.3312,36.807,37.3116,36.3057,36.3057,34.3351,34.3351
1998-07-01 00:00:00,2,52.2326,52.2326,51.0417,51.0417,49.8645,49.8645,48.701,51.0417,49.8645,47.5512,46.4151,45.2927,45.2927,45.2927,44.184,45.2927,43.0891,43.0891,43.0891,43.0891,43.0891,42.0078,42.0078,43.0891,43.0891,40.9402,39.8863,39.3645,38.8462,39.8863,40.9402
1998-06-01 00:00:00,2,100.869,132.067,95.9413,78.1922,71.0396,66.9123,64.2293,61.6009,59.6657,59.6657,58.3926,58.3926,57.1332,55.8875,55.8875,55.8875,55.8875,55.8875,54.6555,54.6555,53.4372,54.6555,53.4372,53.4372,53.4372,53.4372,54.6555,53.4372,53.4372,53.4372,
1998-05-01 00:00:00,2,75.2901,74.5731,68.2744,62.9083,64.8949,91.1367,89.5625,97.5702,85.6869,71.7395,68.2744,65.564,63.567,62.9083,60.9524,60.9524,59.6657,58.3926,57.1332,57.1332,57.1332,57.1332,58.3926,57.1332,55.8875,54.6555,55.8875,54.6555,54.6555,56.5086,88.002
1998-04-01 00:00:00,2,109.355,98.3898,124.567,113.727,103.379,94.3261,89.5625,87.2269,84.1606,84.922,89.5625,97.5702,99.2128,92.7245,87.2269,84.1606,81.8968,78.9263,78.9263,80.4047,81.8968,81.149,76.0105,72.4428,71.0396,69.6502,68.2744,68.2744,68.9606,73.8596,
1998-03-01 00:00:00,2,164.253,149.741,137.835,129.229,121.811,116.391,112.846,108.491,105.92,101.702,100.039,96.754,96.754,107.631,110.223,118.184,120.899,118.184,113.727,104.223,114.611,109.355,112.846,141.749,172.846,160.038,122.726,110.223,106.774,100.039,102.539
1998-02-01 00:00:00,2,131.117,117.285,110.223,106.774,103.379,117.285,93.5236,96.754,105.07,110.223,110.223,108.491,105.07,95.9413,94.3261,109.355,146.719,332.456,390.562,329.448,320.506,313.148,254.707,260.013,319.028,250.762,230.245,185.018,,,
1998-01-01 00:00:00,2,108.491,98.3898,92.7245,89.5625,113.727,119.085,135.899,155.878,210.602,196.442,288.769,288.769,260.013,248.15,385.677,313.148,269.431,332.456,320.506,261.349,291.586,297.261,220.314,176.125,156.913,147.723,150.755,168.522,181.658,155.878,136.865
1997-12-01 00:00:00,2,250.762,236.563,183.895,162.139,155.878,122.726,105.07,105.92,179.434,194.13,177.225,191.832,181.658,166.381,321.988,288.769,234.026,235.293,245.551,198.768,171.76,203.46,170.677,142.736,126.421,124.567,145.718,140.766,136.865,124.567,119.085
1997-11-01 00:00:00,2,68.9606,61.6009,59.6657,57.1332,55.2698,52.2326,53.4372,54.0447,57.7612,68.2744,92.7245,76.7343,62.9083,60.3073,58.3926,59.0274,64.2293,73.1495,68.9606,57.7612,54.6555,56.5086,88.002,98.3898,106.774,93.5236,83.4026,105.92,127.354,239.114,
1997-10-01 00:00:00,2,87.2269,82.648,81.8968,80.4047,78.1922,68.9606,62.9083,58.3926,59.6657,57.7612,54.6555,54.6555,52.2326,49.8645,48.701,49.8645,52.2326,52.8332,59.0274,53.4372,52.2326,69.6502,126.421,190.688,140.766,98.3898,84.922,101.702,90.3479,94.3261,78.1922
1997-09-01 00:00:00,2,57.1332,56.5086,55.8875,56.5086,56.5086,56.5086,56.5086,56.5086,55.8875,56.5086,56.5086,55.8875,53.4372,52.2326,52.2326,51.0417,51.0417,51.6355,55.2698,59.0274,60.3073,109.355,129.229,168.522,116.391,84.1606,79.6638,89.5625,85.6869,97.5702,
1997-08-01 00:00:00,2,70.3432,71.7395,71.0396,69.6502,68.2744,68.2744,66.9123,66.2364,64.8949,64.2293,64.2293,65.564,64.8949,65.564,64.8949,63.567,63.567,62.2529,62.2529,60.3073,60.9524,60.3073,59.6657,58.3926,58.3926,57.7612,57.1332,57.7612,58.3926,58.3926,57.1332
1997-07-01 00:00:00,2,87.2269,88.002,84.922,85.6869,85.6869,85.6869,87.2269,85.6869,85.6869,81.8968,81.8968,78.9263,78.9263,76.7343,77.4615,77.4615,75.2901,76.0105,76.7343,77.4615,76.0105,75.2901,76.7343,77.4615,78.9263,77.4615,76.0105,73.8596,73.1495,71.7395,71.7395
1997-06-01 00:00:00,2,114.611,106.774,102.539,99.2128,101.702,102.539,132.067,151.773,151.773,119.99,110.223,104.223,102.539,109.355,110.223,111.968,113.727,111.968,111.094,105.92,101.702,98.3898,97.5702,96.754,94.3261,96.754,94.3261,90.3479,88.7805,87.2269,
1997-05-01 00:00:00,2,179.434,168.522,149.741,136.865,128.289,127.354,126.421,125.492,122.726,119.99,117.285,109.355,111.968,110.223,108.491,107.631,107.631,107.631,107.631,108.491,105.92,105.92,105.07,105.92,109.355,111.094,118.184,117.285,113.727,126.421,122.726
1997-04-01 00:00:00,2,156.816,173.169,223.414,278.432,329.408,220.314,186.145,168.522,164.253,158.993,162.139,157.952,152.794,148.73,137.835,138.809,139.785,136.865,133.976,130.171,128.289,127.354,128.289,136.865,137.835,133.02,139.785,152.794,163.194,177.225,
1997-03-01 00:00:00,2,353.919,380.601,351,425.136,488.443,422.004,297.333,309.734,289.174,252.265,220.969,187.84,182.143,184.413,192.446,199.434,212.494,222.191,218.535,193.604,184.413,177.634,172.059,165.46,161.115,152.56,141.092,133.975,142.121,146.262,151.504
1997-02-01 00:00:00,2,261.31,295.967,340.858,291.884,267.846,243.342,211.294,198.263,193.604,188.987,181.012,174.281,170.952,174.281,170.952,165.46,160.036,166.553,174.281,158.96,153.62,151.504,145.223,140.067,151.504,198.263,239.556,289.174,,,
1997-01-01 00:00:00,2,359.784,408.021,784.195,1166.75,1586.45,3010.98,2202.66,1535.35,1239.59,1032.44,894.467,751.061,597.345,510.117,477.804,432.554,397.271,370.136,450.759,401.865,337.982,315.307,309.734,316.707,289.174,279.766,271.797,263.917,297.333,293.242,269.161
1996-12-01 00:00:00,2,153.62,145.223,140.067,156.816,174.281,235.793,233.297,198.263,139.044,131.967,129.971,173.169,187.84,199.434,227.101,252.265,274.444,291.884,245.879,227.101,277.1,327.987,364.207,507.926,745.617,684.605,606.98,438.576,340.858,343.745,312.516
1996-11-01 00:00:00,2,79.827,152.56,133.975,193.604,185.553,258.714,244.609,158.96,127.987,86.5328,81.4839,70.9495,66.2781,59.5026,60.2415,67.0482,71.7399,102.368,111.6,141.092,346.64,587.797,864.655,756.527,494.89,385.12,271.797,252.265,194.764,168.747,
1996-10-01 00:00:00,2,46.1408,45.4741,46.1408,43.4962,48.845,50.9117,50.9117,56.582,52.3076,48.1634,46.8113,44.811,42.8444,42.1965,46.8113,49.5302,52.3076,48.845,43.4962,37.7677,38.3888,44.811,43.4962,40.2754,52.3076,49.5302,41.5523,44.1517,81.4839,120.168,106.024
1996-09-01 00:00:00,2,45.4741,46.1408,47.4855,48.1634,51.6078,54.4287,54.4287,71.7399,83.9938,93.4444,100.558,74.1311,75.742,56.582,60.2415,63.9885,61.7299,60.2415,58.0352,61.7299,52.3076,52.3076,50.2191,48.845,44.811,44.811,54.4287,47.4855,49.5302,50.2191,
1996-08-01 00:00:00,2,48.1634,46.8113,46.1408,46.1408,47.4855,47.4855,48.1634,46.1408,46.1408,44.811,42.8444,42.8444,45.4741,46.8113,48.1634,50.2191,49.5302,47.4855,45.4741,45.4741,45.4741,45.4741,45.4741,44.811,44.1517,45.4741,45.4741,45.4741,45.4741,45.4741,45.4741
1996-07-01 00:00:00,2,52.3076,52.3076,52.3076,51.6078,50.9117,50.9117,50.9117,49.5302,49.5302,49.5302,48.845,48.845,48.845,48.1634,48.1634,48.1634,48.1634,48.1634,46.8113,46.1408,46.1408,44.811,44.811,44.811,44.1517,42.8444,42.8444,42.8444,42.8444,44.811,46.1408
1996-06-01 00:00:00,2,70.1625,68.5985,68.5985,67.0482,67.0482,66.2781,66.2781,65.5115,65.5115,63.9885,62.4793,60.984,60.984,60.2415,60.2415,59.5026,59.5026,59.5026,59.5026,58.0352,58.0352,58.0352,56.582,55.1429,55.1429,55.1429,53.7181,53.7181,52.3076,52.3076,
1996-05-01 00:00:00,2,79.827,77.3661,76.5524,75.742,74.9349,74.9349,73.3307,71.7399,69.3788,68.5985,68.5985,70.1625,70.1625,69.3788,68.5985,68.5985,69.3788,67.0482,68.5985,70.9495,75.742,79.827,78.1831,78.1831,107.87,126.015,119.204,89.9632,79.827,75.742,70.9495
1996-04-01 00:00:00,2,101.461,95.204,93.4444,89.9632,86.5328,83.154,79.0034,74.9349,72.5336,75.742,78.1831,83.154,87.3856,96.9762,106.024,114.429,113.483,106.946,130.968,154.682,148.35,131.967,102.368,99.6579,95.204,93.4444,91.6974,87.3856,84.8369,81.4839,
1996-03-01 00:00:00,2,125.033,116.33,113.483,120.168,143.152,188.987,174.281,194.764,197.094,148.35,161.115,200.608,244.609,220.969,194.764,147.305,158.96,168.747,190.137,206.518,166.553,166.553,170.952,166.553,160.036,152.56,147.305,138.025,130.968,112.54,104.19
1996-02-01 00:00:00,2,134.983,147.305,155.747,166.553,176.514,183.277,188.987,191.29,185.553,174.281,174.281,191.29,212.494,228.335,194.764,185.553,162.197,152.56,144.186,134.983,141.092,152.56,157.886,155.747,152.56,131.967,135.994,132.969,129.971,,
1996-01-01 00:00:00,2,507.926,418.881,530.077,430.557,430.557,398.8,420.442,434.556,250.983,329.408,362.73,633.923,412.662,397.271,448.716,329.408,274.444,243.342,228.335,211.294,199.434,286.474,316.707,249.703,227.101,195.928,172.059,156.816,141.092,131.967,124.054
1995-12-01 00:00:00,2,96.9762,94.3226,80.6538,79.827,87.3856,119.204,150.45,125.033,96.0885,88.2416,78.1831,83.9938,86.5328,216.111,767.527,521.153,329.408,211.294,173.169,170.952,177.634,168.747,216.111,263.917,267.846,335.115,557.364,809.575,775.836,621.594,661.527
1995-11-01 00:00:00,2,73.3307,79.0034,101.461,115.378,145.223,141.092,130.968,101.461,83.9938,74.9349,67.0482,63.9885,65.5115,82.3173,103.277,137.008,123.078,102.368,101.461,152.56,132.969,124.054,96.9762,83.9938,95.204,130.968,158.96,137.008,118.243,104.19,
1995-10-01 00:00:00,2,48.845,71.7399,65.5115,61.7299,58.7671,59.5026,53.7181,64.7483,95.204,108.798,95.204,113.483,88.2416,78.1831,78.1831,92.5693,207.708,201.785,138.025,113.483,97.867,112.54,113.483,148.35,120.168,94.3226,80.6538,69.3788,58.7671,57.3068,60.2415
1995-09-01 00:00:00,2,39.6426,39.6426,39.0138,39.0138,39.0138,39.0138,38.3888,38.3888,38.3888,37.7677,37.7677,37.7677,35.3224,35.3224,35.3224,35.3224,35.3224,37.1505,43.4962,50.9117,58.0352,74.1311,61.7299,58.7671,58.7671,55.8606,55.1429,45.4741,45.4741,44.1517,
1995-08-01 00:00:00,2,46.8113,46.8113,45.4741,45.4741,44.811,44.811,43.4962,43.4962,43.4962,42.8444,42.8444,42.8444,41.5523,41.5523,41.5523,41.5523,41.5523,40.9119,40.9119,40.9119,40.2754,40.2754,40.2754,40.2754,40.2754,40.2754,39.6426,39.6426,39.6426,39.6426,39.6426
1995-07-01 00:00:00,2,65.5115,64.7483,63.9885,63.9885,63.2322,63.2322,63.2322,62.4793,62.4793,62.4793,61.7299,61.7299,60.984,60.984,60.984,60.2415,60.2415,59.5026,59.5026,58.0352,53.7181,52.3076,50.9117,50.9117,50.9117,49.5302,49.5302,49.5302,48.1634,48.1634,48.1634
1995-06-01 00:00:00,2,78.1831,78.1831,76.5524,76.5524,74.9349,73.3307,71.7399,71.7399,70.1625,70.1625,70.1625,69.3788,69.3788,68.5985,68.5985,68.5985,68.5985,68.5985,68.5985,67.0482,67.0482,67.0482,67.0482,67.0482,67.0482,67.0482,65.5115,65.5115,65.5115,65.5115,
1995-05-01 00:00:00,2,106.024,104.19,101.461,101.461,98.7609,96.9762,88.2416,93.4444,102.368,113.483,109.729,106.024,98.7609,98.7609,96.9762,95.204,92.5693,89.9632,89.9632,88.2416,88.2416,88.2416,86.5328,86.5328,84.8369,84.8369,83.9938,83.9938,83.154,81.4839,81.4839
1995-04-01 00:00:00,2,141.092,154.682,188.987,190.137,154.682,140.067,126.999,123.078,123.078,120.168,123.078,126.015,117.285,119.204,120.168,133.975,117.285,112.54,108.798,108.798,106.024,104.19,106.024,123.078,156.816,161.115,153.62,128.978,114.429,108.798,
1995-03-01 00:00:00,2,119.204,112.54,106.024,102.368,113.483,127.987,155.747,152.56,245.879,191.29,153.62,130.968,120.168,117.285,161.115,319.513,367.167,275.771,188.987,161.115,148.35,144.186,146.262,184.413,206.518,282.442,313.91,228.335,187.84,154.682,141.092
1995-02-01 00:00:00,2,148.35,172.059,187.84,197.094,176.514,164.369,145.223,137.008,143.152,175.396,266.534,271.797,277.1,232.052,202.964,222.191,252.265,356.847,309.734,233.297,222.191,206.518,190.137,183.277,163.282,153.62,149.399,123.078,,,
1995-01-01 00:00:00,2,156.816,161.115,156.816,181.012,197.094,216.111,188.987,163.282,147.305,126.999,114.429,100.558,95.204,101.461,99.6579,93.4444,86.5328,83.9938,82.3173,73.3307,82.3173,88.2416,92.5693,97.867,103.277,122.105,114.429,123.078,138.025,156.816,134.983
1994-12-01 00:00:00,2,67.0482,77.3661,84.8369,74.9349,71.7399,54.4287,103.277,163.282,162.197,149.399,113.483,79.827,65.5115,63.9885,61.7299,67.0482,79.0034,106.024,113.483,134.983,141.092,137.008,113.483,475.693,599.746,621.594,651.412,587.797,368.65,240.816,153.62
1994-11-01 00:00:00,2,54.4287,50.2191,49.5302,52.3076,59.5026,50.9117,50.2191,43.4962,45.4741,49.5302,50.9117,63.2322,58.0352,74.1311,48.1634,50.9117,67.8217,70.1625,43.4962,60.984,73.3307,71.7399,83.154,68.5985,50.9117,55.8606,53.7181,51.6078,54.4287,58.0352,
1994-10-01 00:00:00,2,37.7677,37.7677,37.7677,37.7677,36.5372,36.5372,35.3224,43.4962,46.1408,46.8113,40.2754,42.8444,43.4962,40.9119,39.6426,39.0138,39.6426,40.9119,40.9119,65.5115,51.6078,60.984,62.4793,71.7399,76.5524,63.9885,50.9117,50.2191,45.4741,50.9117,50.9117
1994-09-01 00:00:00,2,50.9117,50.2191,49.5302,47.4855,48.1634,47.4855,46.1408,46.1408,44.811,44.1517,44.1517,42.8444,42.8444,44.1517,42.8444,44.1517,42.8444,42.8444,42.8444,42.8444,42.1965,41.5523,40.9119,39.0138,40.9119,39.6426,39.6426,37.7677,37.7677,37.7677,
1994-08-01 00:00:00,2,59.5026,59.5026,59.5026,59.5026,60.2415,57.3068,57.3068,56.582,57.3068,57.3068,55.8606,55.8606,55.1429,55.8606,53.0111,53.0111,55.1429,53.7181,55.1429,54.4287,50.9117,50.9117,50.9117,50.9117,50.2191,49.5302,49.5302,49.5302,50.2191,49.5302,49.5302
1994-07-01 00:00:00,2,68.5985,69.3788,69.3788,69.3788,70.1625,70.1625,70.1625,70.1625,70.1625,67.8217,67.8217,67.0482,70.1625,68.5985,68.5985,67.8217,67.8217,67.8217,65.5115,68.5985,66.2781,66.2781,61.7299,63.9885,63.9885,64.7483,59.5026,61.7299,63.2322,61.7299,60.984
1994-06-01 00:00:00,2,119.204,113.483,95.204,91.6974,89.9632,89.9632,89.9632,89.1008,88.2416,87.3856,84.8369,84.8369,81.4839,79.827,78.1831,78.1831,78.1831,77.3661,77.3661,76.5524,76.5524,70.9495,70.1625,70.1625,70.1625,69.3788,69.3788,68.5985,68.5985,65.5115,
1994-05-01 00:00:00,2,103.277,102.368,101.461,100.558,96.9762,96.0885,96.9762,101.461,98.7609,96.9762,95.204,94.3226,89.1008,94.3226,143.152,245.879,269.161,297.333,195.928,153.62,148.35,139.044,130.968,123.078,119.204,113.483,106.946,110.663,113.483,119.204,163.282
1994-04-01 00:00:00,2,173.169,182.143,197.094,205.331,184.413,162.197,150.45,140.067,139.044,133.975,130.968,126.015,122.105,123.078,129.971,118.243,126.015,148.35,142.121,129.971,134.983,161.115,143.152,128.978,122.105,119.204,116.33,111.6,108.798,104.19,
1994-03-01 00:00:00,2,117.285,161.115,174.281,194.764,199.434,212.494,356.847,594.95,467.297,425.136,370.136,326.569,300.072,295.967,262.613,239.556,222.191,183.277,174.281,166.553,163.282,160.036,156.816,204.146,247.151,356.847,326.569,278.432,239.556,191.29,178.757
1994-02-01 00:00:00,2,173.169,156.816,151.504,149.399,143.152,138.025,133.975,128.978,127.987,125.033,122.105,122.105,117.285,112.54,118.243,166.553,233.297,184.413,126.999,115.378,107.87,101.461,98.7609,94.3226,94.3226,91.6974,92.5693,96.9762,,,
1994-01-01 00:00:00,2,170.952,172.059,188.987,204.146,355.382,516.722,471.484,386.631,414.214,401.865,380.601,428.566,497.049,592.561,724.062,653.933,557.364,545.901,440.593,289.174,291.884,336.547,362.73,392.697,473.586,414.214,370.136,322.328,304.198,277.1,222.191
1993-12-01 00:00:00,2,100.558,82.3173,92.5693,94.3226,96.9762,81.4839,88.2416,94.3226,78.1831,71.7399,88.2416,207.708,249.703,228.335,156.816,121.135,106.024,95.204,106.024,108.798,122.105,150.45,133.975,131.967,124.054,115.378,106.024,110.663,116.33,143.152,185.553
1993-11-01 00:00:00,2,79.0034,74.1311,64.7483,65.5115,85.6833,153.62,109.729,106.946,170.952,146.262,133.975,102.368,90.8287,78.1831,70.1625,68.5985,67.8217,71.7399,68.5985,63.9885,73.3307,118.243,93.4444,74.9349,67.8217,72.5336,95.204,101.461,143.152,122.105,
1993-10-01 00:00:00,2,129.971,75.742,95.204,107.87,133.975,119.204,186.695,315.307,295.967,304.198,94.3226,93.4444,83.9938,68.5985,65.5115,63.2322,61.7299,59.5026,57.3068,56.582,54.4287,53.0111,52.3076,52.3076,53.7181,63.2322,93.4444,149.399,162.197,146.262,125.033
1993-09-01 00:00:00,2,60.984,59.5026,59.5026,58.0352,54.4287,52.3076,52.3076,53.0111,60.984,50.9117,52.3076,53.7181,60.984,60.984,64.7483,64.7483,60.984,59.5026,59.5026,60.2415,54.4287,53.7181,58.7671,66.2781,97.867,116.33,86.5328,72.5336,74.1311,83.154,
1993-08-01 00:00:00,2,70.9495,70.1625,70.1625,70.1625,70.1625,70.1625,68.5985,66.2781,66.2781,65.5115,64.7483,63.2322,63.2322,62.4793,63.2322,64.7483,64.7483,67.0482,64.7483,64.7483,68.5985,70.1625,71.7399,72.5336,70.1625,69.3788,67.0482,65.5115,64.7483,64.7483,61.7299
1993-07-01 00:00:00,2,84.8369,84.8369,83.9938,83.154,82.3173,82.3173,80.6538,80.6538,80.6538,79.0034,79.0034,79.0034,79.0034,79.0034,78.1831,76.5524,76.5524,74.9349,74.9349,74.9349,74.9349,74.1311,72.5336,72.5336,72.5336,70.9495,70.1625,70.1625,71.7399,72.5336,70.9495
1993-06-01 00:00:00,2,95.204,100.558,116.33,123.078,113.483,105.105,116.33,128.978,132.969,124.054,111.6,106.946,104.19,100.558,98.7609,97.867,97.867,97.867,96.0885,94.3226,94.3226,94.3226,94.3226,94.3226,94.3226,91.6974,91.6974,90.8287,88.2416,86.5328,
1993-05-01 00:00:00,2,122.105,163.282,201.785,192.446,172.059,160.036,152.56,149.399,147.305,147.305,147.305,146.262,144.186,138.025,127.987,115.378,110.663,112.54,110.663,108.798,108.798,106.946,104.19,102.368,100.558,99.6579,98.7609,97.867,94.3226,94.3226,94.3226
1993-04-01 00:00:00,2,170.952,198.263,240.816,335.115,237.045,202.964,185.553,172.059,167.648,173.169,175.396,186.695,178.757,161.115,165.46,152.56,173.169,210.096,211.294,198.263,169.848,153.62,139.044,131.967,128.978,128.978,145.223,131.967,127.987,123.078,
1993-03-01 00:00:00,2,337.982,379.099,358.314,313.91,245.879,212.494,195.928,173.169,161.115,156.816,154.682,150.45,165.46,188.987,254.837,223.414,199.434,162.197,153.62,179.883,235.793,202.964,188.987,191.29,172.059,132.969,144.186,164.369,201.785,175.396,170.952
1993-02-01 00:00:00,2,158.96,149.399,146.262,144.186,165.46,243.342,287.823,294.604,283.783,210.096,188.987,186.695,200.608,258.714,295.967,361.256,289.174,250.983,216.111,182.143,168.747,165.46,228.335,261.31,223.414,229.572,220.969,333.685,,,
1993-01-01 00:00:00,2,265.224,190.137,160.036,170.952,266.534,527.838,594.95,450.759,322.328,329.408,282.442,263.917,257.419,291.884,253.55,218.535,187.84,177.634,194.764,227.101,205.331,244.609,312.516,351,394.22,318.109,256.127,207.708,186.695,174.281,166.553
1992-12-01 00:00:00,2,105.105,103.277,117.285,142.121,220.969,198.263,160.036,132.969,127.987,133.975,172.059,250.983,497.049,503.559,465.212,301.445,219.751,204.146,256.127,337.982,353.919,339.419,273.119,218.535,187.84,166.553,164.369,277.1,343.745,304.198,397.271
1992-11-01 00:00:00,2,118.243,217.322,248.426,365.686,337.982,315.307,380.601,391.177,267.846,260.011,398.8,389.66,274.444,208.901,173.169,153.62,141.092,125.033,125.033,156.816,179.883,174.281,190.137,175.396,161.115,151.504,146.262,132.969,121.135,108.798,
1992-10-01 00:00:00,2,161.115,108.798,94.3226,88.2416,83.154,80.6538,77.3661,74.9349,74.9349,83.9938,99.6579,97.867,83.154,77.3661,73.3307,70.1625,74.1311,72.5336,68.5985,64.7483,60.984,61.7299,100.558,222.191,137.008,172.059,156.816,104.19,92.5693,104.19,101.461
1992-09-01 00:00:00,2,62.4793,67.0482,68.5985,64.7483,65.5115,71.7399,96.0885,108.798,112.54,143.152,113.483,89.1008,79.827,74.9349,71.7399,73.3307,70.1625,83.154,89.9632,96.0885,93.4444,98.7609,105.105,94.3226,89.1008,83.9938,87.3856,85.6833,125.033,177.634,
1992-08-01 00:00:00,2,72.5336,71.7399,72.5336,68.5985,67.0482,67.0482,67.0482,67.0482,68.5985,67.0482,67.0482,67.0482,66.2781,66.2781,67.8217,70.9495,70.1625,70.1625,70.1625,70.1625,68.5985,67.8217,70.1625,73.3307,70.1625,68.5985,68.5985,67.0482,65.5115,63.2322,58.7671
1992-07-01 00:00:00,2,80.6538,79.0034,79.0034,78.1831,79.0034,78.1831,78.1831,78.1831,78.1831,81.4839,79.827,82.3173,80.6538,83.154,80.6538,78.1831,78.1831,77.3661,74.1311,73.3307,71.7399,72.5336,73.3307,70.1625,72.5336,72.5336,72.5336,72.5336,72.5336,72.5336,72.5336
1992-06-01 00:00:00,2,99.6579,98.7609,97.867,96.0885,94.3226,94.3226,92.5693,93.4444,94.3226,92.5693,90.8287,86.5328,86.5328,86.5328,83.9938,86.5328,88.2416,87.3856,89.9632,86.5328,88.2416,86.5328,86.5328,86.5328,88.2416,86.5328,84.8369,83.9938,83.154,82.3173,
1992-05-01 00:00:00,2,151.504,132.969,120.168,137.008,154.682,154.682,178.757,207.708,186.695,177.634,151.504,137.008,126.999,125.033,122.105,118.243,108.798,110.663,110.663,106.946,106.024,117.285,164.369,126.015,110.663,112.54,111.6,108.798,106.946,104.19,100.558
1992-04-01 00:00:00,2,129.971,126.999,126.999,130.968,174.281,206.518,156.816,140.067,133.975,137.008,145.223,140.067,126.999,124.054,122.105,121.135,133.975,158.96,176.514,155.747,132.969,123.078,120.168,120.168,123.078,168.747,222.191,210.096,195.928,173.169,
1992-03-01 00:00:00,2,306.961,258.714,242.078,238.299,250.983,229.572,200.608,183.277,174.281,172.059,197.094,177.634,167.648,172.059,216.111,185.553,163.282,158.96,160.036,161.115,172.059,170.952,164.369,147.305,144.186,139.044,138.025,142.121,155.747,142.121,134.983
1992-02-01 00:00:00,2,428.566,403.4,391.177,631.446,838.31,864.655,792.604,648.897,571.297,428.566,388.144,373.115,356.847,340.858,304.198,294.603,229.572,222.191,216.111,202.964,198.263,197.094,193.604,191.29,186.695,179.883,214.903,247.151,283.783,,
1992-01-01 00:00:00,2,165.412,208.429,204.799,243.484,294.359,188.188,248.662,253.883,189.356,182.388,199.998,208.429,243.484,308.36,335.651,583.056,619.145,425.136,392.697,373.115,365.686,469.388,555.061,671.729,753.791,798.239,861.705,918.726,832.518,568.961,452.808
1991-12-01 00:00:00,2,74.4921,68.8693,76.1299,72.8682,76.1299,74.4921,67.7372,64.828,106.96,103.233,157.711,181.236,149.085,162.094,165.412,149.085,126.346,105.09,100.472,104.16,139.607,174.386,201.194,176.658,165.412,125.347,109.787,97.7405,101.39,125.347,142.74
1991-11-01 00:00:00,2,44.6948,44.0763,52.385,109.787,164.303,124.351,83.6688,76.1299,70.4584,72.8682,77.7813,93.2524,90.5989,76.1299,85.3813,99.5586,127.348,170.999,106.023,86.2425,97.7405,106.96,92.3646,81.9697,73.6784,68.4725,68.8693,67.005,67.7372,95.0379,
1991-10-01 00:00:00,2,76.9539,94.1435,96.8364,131.386,124.351,119.419,87.9751,87.9751,122.369,167.638,130.372,96.8364,88.8464,79.4465,85.3813,67.005,64.828,63.3928,67.005,71.2582,68.8693,64.1088,57.7829,55.0572,51.0692,51.0692,49.1208,48.4782,46.571,44.6948,44.6948
1991-09-01 00:00:00,2,48.4782,46.571,49.1208,49.1208,49.1208,49.7669,48.4782,47.839,46.571,46.571,46.571,45.3167,44.6948,44.6948,43.4614,43.4614,43.4614,44.6948,44.6948,46.571,47.839,52.385,53.048,54.3841,54.3841,61.2645,87.1072,119.419,106.023,87.1072,
1991-08-01 00:00:00,2,59.8619,58.4726,59.1656,59.8619,59.8619,58.4726,57.7829,57.7829,56.4134,55.0572,55.0572,55.0572,54.3841,53.048,52.385,51.7254,51.0692,52.385,51.7254,49.7669,51.0692,51.0692,51.0692,51.7254,51.0692,51.0692,49.7669,49.7669,49.7669,48.4782,47.839
1991-07-01 00:00:00,2,71.2582,70.4584,69.6621,70.4584,70.4584,68.4725,68.4725,68.8693,67.7372,65.5504,67.005,64.828,63.3928,64.828,65.5504,67.005,67.005,65.5504,67.005,67.005,65.5504,67.005,64.828,64.1088,61.9706,61.9706,61.2645,61.2645,61.2645,59.8619,59.8619
1991-06-01 00:00:00,2,87.9751,87.1072,86.2425,85.3813,85.3813,83.6687,82.8175,82.8175,82.8175,81.9697,81.9697,81.9697,81.1252,80.2841,79.4465,79.4465,79.4465,79.4465,79.4465,78.6122,76.9539,76.1299,74.4921,73.6784,72.8682,72.8682,74.4921,73.6784,72.8682,72.8682,
1991-05-01 00:00:00,2,319.742,145.899,135.472,123.359,119.419,117.468,110.737,110.737,107.899,107.899,110.737,107.899,104.16,104.16,104.16,102.31,101.39,102.31,104.16,101.39,100.472,102.31,104.16,103.233,99.5586,95.9355,94.1435,91.4801,90.5989,88.8464,87.9751
1991-04-01 00:00:00,2,230.723,209.645,201.194,229.461,243.484,192.878,169.876,157.711,152.298,145.899,142.74,137.534,133.423,131.386,126.346,126.346,129.361,127.348,119.419,117.468,115.529,119.419,119.419,114.564,107.899,108.842,129.361,265.782,316.882,319.742,
1991-03-01 00:00:00,2,204.799,219.466,202.393,192.878,238.347,272.483,256.509,239.628,206.006,167.638,153.375,148.02,149.085,216.995,231.987,237.07,188.188,164.303,141.693,134.446,137.534,139.607,215.763,309.774,301.328,338.576,410.875,356.329,248.662,246.068,215.763
1991-02-01 00:00:00,2,949.566,682.019,492.736,448.716,401.228,372.909,345.931,312.61,287.452,276.535,276.535,259.145,249.963,261.792,249.963,235.795,291.589,357.824,499.214,510.117,510.117,422.622,265.782,216.995,223.194,304.133,255.195,198.804,,,
1991-01-01 00:00:00,2,105.09,89.721,79.4465,71.2582,122.369,195.24,251.267,359.322,324.051,292.972,210.863,325.493,482.044,571.297,552.763,573.638,661.527,700.239,710.772,621.594,458.987,311.191,368.359,405.072,410.875,342.981,380.542,587.797,726.737,829.63,949.566
1990-12-01 00:00:00,2,100.472,85.3813,72.0615,55.7336,52.385,50.4163,48.4782,47.2033,44.6948,50.4163,39.2552,41.6375,72.8682,83.6688,93.2524,93.2524,95.9355,121.383,112.644,97.7405,91.4801,113.602,99.5586,73.6784,72.8682,67.005,83.6688,140.648,164.303,129.361,99.5586
1990-11-01 00:00:00,2,37.5059,34.1047,32.4534,34.6624,36.9299,63.3928,64.828,62.6801,52.385,46.571,40.4393,40.4393,39.2552,36.9299,43.4614,57.0965,38.0854,34.6624,35.2239,32.4534,33.5506,44.0763,47.839,44.0763,56.4134,88.8464,182.388,142.74,91.4801,88.8464,
1990-10-01 00:00:00,2,43.4614,41.0366,36.3576,34.1047,32.4534,33.5506,33.5506,32.4534,32.4534,32.4534,32.4534,32.4534,30.3036,29.7754,31.9104,38.0854,34.1047,33.5506,42.8499,35.2239,43.4614,62.6801,87.9751,74.4921,58.4726,53.048,54.3841,61.9706,57.7829,47.839,42.242
1990-09-01 00:00:00,2,53.7144,52.385,62.6801,55.7336,61.9706,59.1656,52.385,48.4782,48.4782,47.2033,47.2033,44.6948,42.8499,42.8499,43.4614,53.7144,70.4584,115.529,77.7813,59.1656,51.0692,47.2033,43.4614,41.6375,41.6375,41.6375,41.6375,42.242,47.2033,44.6948,
1990-08-01 00:00:00,2,44.6948,45.3167,47.2033,45.9421,44.0763,44.0763,44.0763,42.8499,41.6375,37.5059,37.5059,37.5059,39.8455,40.4393,38.6685,37.5059,38.6685,38.0854,45.9421,59.1656,60.5616,58.4726,53.7144,50.4163,47.2033,45.9421,44.6948,44.0763,45.3167,48.4782,53.7144
1990-07-01 00:00:00,2,44.0763,47.2033,48.4782,51.7254,49.1208,48.4782,47.839,54.3841,78.6122,67.7372,58.4726,55.0572,55.0572,56.4134,53.7144,51.7254,50.4163,50.4163,49.1208,49.7669,50.4163,48.4782,47.2033,47.2033,45.9421,44.6948,44.6948,42.8499,42.8499,42.8499,42.8499
1990-06-01 00:00:00,2,55.0572,55.0572,54.3841,54.3841,54.3841,55.0572,55.0572,55.0572,53.7144,51.7254,51.7254,50.4163,49.7669,50.4163,49.1208,49.7669,50.4163,49.1208,49.1208,49.1208,49.1208,49.1208,47.2033,48.4782,48.4782,47.2033,47.2033,47.2033,47.2033,44.6948,
1990-05-01 00:00:00,2,64.1088,66.2761,87.1072,106.96,150.153,113.602,86.2425,77.7813,72.8682,71.2582,66.2761,62.6801,66.2761,68.4725,71.2582,76.9539,82.8175,77.7813,76.1299,75.3093,69.6621,68.8693,67.005,65.5504,65.5504,64.828,64.1088,55.7336,55.7336,55.0572,55.0572
1990-04-01 00:00:00,2,95.9355,85.3813,80.2841,76.9539,76.9539,89.721,78.6122,82.8175,91.4801,92.3646,80.2841,90.5989,116.497,116.497,87.9751,80.2841,80.2841,80.2841,109.787,132.403,114.564,122.369,99.5586,90.5989,81.1252,75.3093,71.2582,68.8693,65.5504,65.5504,
1990-03-01 00:00:00,2,149.085,123.359,103.233,98.6479,95.0379,93.2524,91.4801,89.721,86.2425,80.2841,77.7813,70.4584,67.005,61.2645,82.8175,79.4465,87.1072,105.09,112.644,133.423,140.648,106.96,117.468,156.623,143.79,132.403,139.607,131.386,136.502,135.472,114.564
1990-02-01 00:00:00,2,87.1072,86.2425,85.3813,81.9697,79.4465,77.7813,76.1299,72.8682,69.6621,64.828,68.4725,84.5233,90.5989,97.7405,106.96,170.999,188.188,143.79,124.351,120.399,104.16,98.6479,95.0379,117.468,129.361,148.02,155.537,154.455,,,
1990-01-01 00:00:00,2,176.658,238.347,315.455,426.579,442.616,401.228,281.973,234.523,198.804,181.236,168.756,160.994,156.623,142.74,133.423,125.347,120.399,110.737,106.023,103.233,100.472,95.9355,91.4801,91.4801,88.8464,88.8464,88.8464,104.16,106.96,104.16,96.8364
1989-12-01 00:00:00,2,172.125,142.74,124.351,97.7405,87.9751,81.9697,75.3093,71.2582,68.8693,64.828,63.3928,93.2524,154.455,256.509,299.929,391.71,475.693,319.742,226.946,184.699,243.484,604.563,653.933,458.987,283.339,213.307,185.859,181.236,167.638,157.711,149.085
1989-11-01 00:00:00,2,75.3093,64.828,57.7829,51.7254,81.9697,69.6621,62.6801,64.1088,55.7336,53.048,60.5616,68.8693,90.5989,178.941,253.883,175.52,134.446,112.644,107.899,93.2524,94.1435,97.7405,162.094,144.843,173.254,191.702,139.607,107.899,107.899,137.534,
1989-10-01 00:00:00,2,79.4465,85.3813,76.9539,72.0615,57.7829,55.7336,51.0692,57.0965,67.7372,74.4921,79.4465,92.3646,108.842,115.529,139.607,95.9355,82.8175,107.899,116.497,102.31,82.8175,63.3928,59.1656,62.6801,81.1252,93.2524,91.4801,74.4921,69.6621,71.2582,78.6122
1989-09-01 00:00:00,2,72.0615,67.7372,62.6801,59.1656,55.7336,54.3841,53.048,51.7254,49.1208,46.571,42.8499,39.2552,38.0854,36.9299,36.9299,41.6375,40.4393,40.4393,53.048,42.8499,42.8499,42.242,41.0366,39.8455,39.8455,39.2552,38.6685,36.9299,47.839,62.6801,
1989-08-01 00:00:00,2,59.8619,65.5504,68.4725,71.2582,64.828,56.4134,54.3841,50.4163,49.1208,47.839,46.571,46.571,45.9421,45.9421,45.9421,44.6948,44.6948,42.8499,42.8499,41.6375,41.6375,40.4393,42.8499,48.4782,54.3841,57.7829,73.6784,68.4725,65.5504,64.828,68.4725
1989-07-01 00:00:00,2,58.4726,57.7829,55.7336,53.7144,51.7254,53.048,55.7336,54.3841,54.3841,53.7144,64.828,61.2645,59.8619,59.1656,55.7336,51.7254,51.7254,50.4163,49.1208,48.4782,47.839,47.839,47.2033,47.2033,45.9421,46.571,47.2033,47.2033,47.839,49.1208,54.3841
1989-06-01 00:00:00,2,47.2033,46.571,46.571,45.9421,45.9421,46.571,47.839,49.1208,49.1208,49.7669,51.7254,54.3841,60.5616,68.4725,77.7813,76.1299,61.2645,59.8619,58.4726,57.7829,54.3841,54.3841,53.7144,53.048,51.7254,57.0965,67.005,68.8693,76.1299,68.4725,
1989-05-01 00:00:00,2,53.7144,54.3841,57.7829,64.1088,83.6687,66.2761,59.8619,57.0965,55.0572,56.4134,55.0572,53.7144,53.048,51.7254,52.385,51.0692,51.0692,50.4163,50.4163,49.7669,49.7669,49.7669,49.1208,49.1208,49.1208,48.4782,48.4782,47.839,47.839,47.839,47.839
1989-04-01 00:00:00,2,88.8464,87.9751,86.2425,84.5233,82.8175,82.8175,81.1252,81.1252,80.2841,77.7813,77.7813,76.9539,76.9539,76.1299,74.4921,72.8682,72.0615,69.6621,69.6621,65.5504,64.828,67.005,74.4921,67.7372,61.2645,59.8619,58.4726,58.4726,57.0965,56.4134,
1989-03-01 00:00:00,2,100.472,98.6479,104.16,112.644,140.648,146.958,151.224,318.311,239.628,164.303,172.125,180.087,196.426,206.006,216.995,375.955,432.554,268.455,182.388,135.472,133.423,126.346,120.399,113.602,107.899,101.39,95.0379,93.2524,91.4801,91.4801,89.721
1989-02-01 00:00:00,2,66.2761,61.2645,62.6801,76.9539,105.09,115.529,116.497,136.502,163.197,167.638,158.803,165.412,225.693,192.878,194.058,204.799,223.194,175.52,166.524,169.876,133.423,108.842,100.472,114.564,116.497,120.399,114.564,116.497,,,
1989-01-01 00:00:00,2,100.472,102.31,125.347,166.524,220.706,231.987,190.527,145.899,129.361,132.403,151.224,169.876,135.472,117.468,106.023,115.529,122.369,118.442,106.96,96.8364,91.4801,93.2524,89.721,83.6688,74.4921,72.0615,70.4584,66.2761,66.2761,75.3093,70.4584
1988-12-01 00:00:00,2,119.419,88.8464,93.2524,133.423,99.5586,87.1072,84.5233,68.8693,61.9706,59.1656,68.4725,82.8175,137.534,143.79,104.16,112.644,129.361,169.876,146.958,111.689,107.899,155.537,202.393,277.891,243.484,319.742,197.613,220.706,148.02,122.369,107.899
1988-11-01 00:00:00,2,112.644,109.787,106.023,95.9355,114.564,122.369,142.74,133.423,111.689,94.1435,78.6122,76.1299,77.7813,68.4725,59.8619,59.8619,88.8464,85.3813,69.6621,59.1656,53.7144,54.3841,60.5616,78.6122,86.2425,149.085,128.353,100.472,88.8464,107.899,
1988-10-01 00:00:00,2,68.4725,82.8175,72.0615,85.3813,66.2761,59.8619,66.2761,155.537,131.386,120.399,84.5233,71.2582,62.6801,67.005,69.6621,78.6122,72.8682,64.828,57.0965,55.0572,59.1656,67.7372,70.4584,86.2425,94.1435,85.3813,75.3093,68.8693,94.1435,104.16,95.9355
1988-09-01 00:00:00,2,42.8499,42.242,41.6375,41.6375,41.6375,41.0366,41.0366,39.8455,39.8455,36.9299,36.9299,36.9299,36.9299,36.3576,36.3576,36.3576,36.3576,35.7889,35.7889,35.7889,35.2239,35.2239,35.2239,34.6624,34.1047,33.5506,33.0001,33.0001,36.9299,46.571,
1988-08-01 00:00:00,2,50.4163,50.4163,49.1208,49.1208,49.1208,49.1208,48.4782,48.4782,47.839,47.839,47.839,47.2033,46.571,46.571,45.9421,45.9421,45.9421,45.3167,45.3167,45.3167,44.6948,44.6948,44.6948,44.0763,44.0763,44.0763,42.8499,42.8499,42.8499,42.8499,42.8499
1988-07-01 00:00:00,2,59.8619,59.1656,58.4726,58.4726,58.4726,58.4726,58.4726,58.4726,57.0965,57.0965,56.4134,55.7336,55.7336,55.7336,55.7336,55.7336,55.7336,55.7336,55.7336,55.7336,55.7336,55.0572,55.0572,54.3841,54.3841,53.048,53.048,53.048,53.048,53.048,51.7254
1988-06-01 00:00:00,2,83.6687,81.1252,78.6122,76.9539,76.1299,76.1299,76.9539,76.1299,73.6784,72.0615,70.4584,69.6621,69.6621,69.6621,68.8693,67.7372,67.7372,67.005,67.005,65.5504,64.1088,63.3928,63.3928,62.6801,62.6801,61.9706,61.2645,60.5616,60.5616,60.5616,
1988-05-01 00:00:00,2,99.5586,95.0379,88.8464,86.2425,85.3813,83.6688,82.8175,89.721,81.1252,80.2841,81.9697,79.4465,78.6122,76.9539,76.9539,76.1299,76.9539,75.3093,80.2841,95.9355,89.721,83.6688,79.4465,79.4465,76.1299,76.1299,81.9697,94.1435,87.9751,88.8464,83.6688
1988-04-01 00:00:00,2,115.529,114.564,119.419,144.843,175.52,173.254,138.569,141.693,134.446,121.383,113.602,107.899,106.96,110.737,141.693,173.254,173.254,136.502,128.353,125.347,128.353,118.442,115.529,109.787,109.787,107.899,103.233,101.39,99.5586,92.3646,
1988-03-01 00:00:00,2,148.02,139.607,141.693,220.706,318.311,422.622,450.759,305.54,220.706,184.699,167.638,158.803,152.298,146.958,141.693,136.502,142.74,234.523,204.799,209.645,181.236,163.197,149.085,136.502,128.353,125.347,123.359,120.399,117.468,119.419,123.359
1988-02-01 00:00:00,2,135.472,160.994,201.194,176.658,267.117,314.031,344.455,389.822,410.875,384.188,450.759,745.617,521.153,420.651,345.931,275.182,249.963,224.442,284.708,251.267,246.068,225.693,191.702,178.941,184.699,173.254,156.623,152.298,155.537,,
1988-01-01 00:00:00,2,144.843,287.452,324.051,242.196,214.534,176.658,173.254,204.799,194.058,202.393,213.307,291.589,382.32,314.031,276.535,234.523,178.941,163.197,148.02,157.711,129.361,123.359,118.442,114.564,118.442,111.689,103.233,103.233,98.6479,98.6479,113.602
1987-12-01 00:00:00,2,89.721,72.8682,61.9706,62.6801,67.7372,165.412,184.699,204.799,377.482,391.71,341.511,316.882,306.949,328.383,391.71,324.051,237.07,174.386,172.125,379.011,397.405,399.314,389.822,312.61,207.216,175.52,166.524,153.375,140.648,130.372,135.472
1987-11-01 00:00:00,2,87.9751,80.2841,76.1299,68.8693,58.4726,55.0572,44.6948,45.3167,45.9421,42.8499,42.8499,47.839,52.385,55.0572,59.8619,67.005,70.4584,83.6687,90.5989,104.16,97.7405,87.9751,81.1252,47.839,42.8499,51.0692,61.9706,69.6621,83.6687,104.16,
1987-10-01 00:00:00,2,53.7144,49.7669,48.4782,47.839,45.3167,44.6948,44.6948,44.6948,43.4614,43.4614,42.242,40.4393,39.2552,39.2552,38.0854,36.3576,34.6624,33.5506,35.7889,37.5059,37.5059,40.4393,61.9706,95.0379,76.1299,59.8619,52.385,52.385,58.4726,59.1656,99.5586
1987-09-01 00:00:00,2,45.3167,45.3167,43.4614,44.6948,44.6948,45.3167,45.9421,47.839,51.0692,59.1656,54.3841,53.048,51.0692,49.7669,46.571,46.571,46.571,45.3167,45.9421,64.828,76.9539,80.2841,67.005,72.8682,87.1072,86.2425,83.6688,75.3093,64.1088,55.0572,
1987-08-01 00:00:00,2,54.3841,55.0572,53.048,53.048,52.385,52.385,52.385,52.385,53.048,53.048,53.048,51.7254,51.0692,49.7669,50.4163,47.839,46.571,46.571,48.4782,47.839,47.839,47.839,49.7669,49.1208,48.4782,47.839,47.839,46.571,46.571,46.571,45.3167
1987-07-01 00:00:00,2,67.005,65.5504,67.005,65.5504,64.828,63.3928,62.6801,63.3928,61.9706,61.9706,61.9706,61.9706,61.9706,61.9706,59.8619,59.8619,58.4726,57.7829,57.7829,56.4134,56.4134,57.7829,56.4134,55.0572,55.0572,55.0572,55.0572,54.3841,54.3841,54.3841,53.048
1987-06-01 00:00:00,2,101.39,91.4801,82.8175,78.6122,75.3093,76.1299,74.4921,74.4921,76.1299,87.1072,79.4465,81.1252,77.7813,74.4921,73.6784,72.8682,72.0615,72.8682,73.6784,72.8682,71.2582,70.4584,69.6621,70.4584,71.2582,70.4584,70.4584,69.6621,69.6621,68.8693,
1987-05-01 00:00:00,2,84.5233,85.3813,87.1072,87.1072,86.2425,83.6687,81.9697,81.1252,80.2841,82.8175,79.4465,79.4465,78.6122,77.7813,78.6122,76.1299,75.3093,78.6122,82.8175,82.8175,92.3646,113.602,110.737,91.4801,83.6687,98.6479,124.351,102.31,87.9751,87.1072,95.0379
1987-04-01 00:00:00,2,100.472,95.9355,111.689,126.346,132.403,141.693,173.254,195.24,166.524,155.537,165.412,170.999,183.542,212.084,194.058,173.254,166.524,145.899,116.497,95.0379,95.0379,95.9355,91.4801,89.721,91.4801,99.5586,94.1435,92.3646,87.9751,85.3813,
1987-03-01 00:00:00,2,94.817,91.2898,89.546,87.8154,86.0982,85.2446,90.4162,93.9303,98.3966,255.195,430.557,550.47,407.001,299.929,233.254,210.863,191.702,182.388,165.412,152.298,143.79,148.02,153.375,150.153,138.569,127.348,117.468,111.689,104.16,104.16,102.31
1987-02-01 00:00:00,2,142.162,122.914,110.387,103.863,107.572,114.185,109.446,104.786,103.863,102.944,133.924,145.302,142.162,122.914,112.28,129.878,127.873,175.883,225.953,219.736,282.194,199.111,140.085,119.004,113.231,107.572,105.712,100.206,,,
1987-01-01 00:00:00,2,534.571,477.804,370.173,260.694,218.5,195.555,179.295,161.399,145.302,135.965,148.468,145.302,175.883,173.623,159.214,138.019,119.977,128.874,202.692,209.93,182.732,175.883,151.661,136.991,141.122,141.122,143.206,157.041,143.206,136.991,149.529
1986-12-01 00:00:00,2,85.2446,78.537,131.895,136.991,124.888,103.863,73.6493,64.2491,72.0477,80.1936,93.0468,101.116,119.004,138.019,131.895,121.932,121.932,129.878,113.231,95.707,76.8941,80.1936,77.7138,141.122,390.119,530.077,583.056,561.987,564.306,619.145,559.673
1986-11-01 00:00:00,2,35.4995,34.898,34.3006,33.7073,37.9456,39.1926,36.7146,39.1926,41.734,42.3791,43.0281,41.0928,56.8065,89.546,111.332,86.0982,66.5517,57.5345,52.5157,47.0031,41.734,41.734,39.8221,39.8221,40.4554,44.9983,51.8135,57.5345,64.2491,97.4968,
1986-10-01 00:00:00,2,42.3791,41.0928,41.0928,40.4555,39.8221,39.8221,39.1926,38.5672,38.5672,37.9456,37.9456,37.9456,37.9456,37.9456,37.9456,43.681,43.0281,40.4555,38.5672,37.3281,35.4995,34.3006,33.7073,37.3281,43.681,44.3377,43.0281,39.1926,37.3281,35.4995,36.7146
1986-09-01 00:00:00,2,56.0822,56.8065,56.0822,54.6446,52.5157,50.4203,50.4203,49.7294,49.7294,49.7294,49.0421,49.0421,48.3587,47.0031,47.0031,47.0031,46.331,46.331,44.3377,44.3377,43.0281,42.3791,41.0928,41.0928,39.8221,39.1926,38.5672,38.5672,39.8221,41.734,
1986-08-01 00:00:00,2,58.2661,59.0014,64.2491,69.6713,68.1045,61.2289,58.2661,56.0822,53.9313,53.9313,51.8135,51.8135,51.8135,51.8135,51.8135,51.8135,53.2216,68.8861,66.5517,60.4828,56.0822,56.8065,83.5475,122.914,110.387,85.2446,74.4554,68.1045,68.1045,64.2491,59.7403
1986-07-01 00:00:00,2,59.0014,59.0014,57.5345,60.4828,81.8638,85.2446,72.0477,69.6713,72.8468,67.3263,60.4828,59.7403,59.0014,58.2661,57.5345,56.0822,54.6446,54.6446,52.5157,51.8135,50.4203,53.9313,58.2661,57.5345,69.6713,84.3944,96.6003,81.027,71.2521,63.4887,60.4828
1986-06-01 00:00:00,2,76.8941,78.537,86.0982,82.7039,80.1936,76.8941,76.0777,69.6713,68.8861,68.8861,68.1045,67.3263,66.5517,65.0131,65.0131,64.2491,63.4887,63.4887,61.9786,61.9786,61.2289,61.2289,60.4828,60.4828,60.4828,60.4828,59.7403,59.7403,59.0014,59.0014,
1986-05-01 00:00:00,2,86.0982,82.7039,81.027,81.027,79.3636,77.7138,76.0777,74.4554,74.4554,75.2648,81.8638,87.8154,93.9303,116.103,130.885,132.908,102.944,97.4968,90.4162,83.5475,81.8638,86.0982,88.6791,89.546,86.0982,81.8638,80.1936,79.3636,77.7138,76.0777,75.2648
1986-04-01 00:00:00,2,118.034,113.231,111.332,106.64,105.712,102.028,99.2997,96.6003,97.4968,99.2997,98.3966,97.4968,115.143,112.28,119.004,109.446,105.712,102.944,103.863,101.116,96.6003,93.9303,93.9303,94.817,96.6003,93.9303,94.817,95.707,93.9303,88.6791,
1986-03-01 00:00:00,2,150.593,145.302,171.374,209.93,274.053,214.811,183.884,182.732,190.852,192.024,188.518,164.698,145.302,138.019,131.895,129.878,123.9,121.932,122.914,131.895,122.914,125.88,128.874,118.034,114.185,129.878,133.924,127.873,126.875,143.206,133.924
1986-02-01 00:00:00,2,174.751,157.041,147.409,148.468,179.295,272.705,344.715,307.176,304.359,234.772,192.024,173.623,165.803,175.883,189.684,211.146,201.496,212.365,298.756,335.901,252.806,197.923,177.017,173.623,162.496,146.354,147.409,143.206,,,
1986-01-01 00:00:00,2,358.104,322.85,301.552,278.112,245.013,251.5,291.81,301.552,421.604,525.604,461.056,432.554,421.604,492.736,557.364,585.424,482.044,371.693,356.607,294.581,238.592,216.038,202.692,195.555,179.295,169.137,161.399,168.023,218.5,203.892,194.375
1985-12-01 00:00:00,2,158.126,175.883,182.732,151.661,141.122,171.374,172.497,145.302,120.953,117.067,106.64,96.6003,92.1667,87.8154,84.3944,86.9552,126.875,124.888,144.252,121.932,88.6791,111.332,183.884,344.715,271.36,230.976,218.5,232.239,275.403,358.104,373.215
1985-11-01 00:00:00,2,125.88,130.885,138.019,187.355,230.976,401.029,335.901,196.737,149.529,129.878,106.64,95.707,93.0468,86.9552,82.7039,81.027,78.537,76.0777,72.0477,69.6713,70.4599,77.7138,81.027,102.028,100.206,123.9,123.9,121.932,150.593,208.717,
1985-10-01 00:00:00,2,81.8638,103.863,91.2898,88.6791,92.1667,90.4162,76.0777,72.0477,72.8468,71.2521,69.6713,68.1045,65.0131,64.2491,64.2491,62.7319,61.2289,59.0014,58.2661,57.5345,56.0822,57.5345,59.0014,61.9786,68.1045,114.185,168.023,161.399,145.302,121.932,114.185
1985-09-01 00:00:00,2,65.0131,65.0131,65.0131,65.0131,65.0131,65.0131,65.7807,78.537,99.2997,85.2446,75.2648,74.4554,68.8861,68.1045,66.5517,65.0131,65.0131,65.0131,65.0131,65.0131,64.2491,63.4887,64.2491,64.2491,66.5517,78.537,86.0982,80.1936,78.537,81.8638,
1985-08-01 00:00:00,2,79.3636,77.7138,76.0777,74.4554,73.6493,72.8468,72.8468,72.8468,72.0477,71.2521,71.2521,69.6713,69.6713,69.6713,66.5517,66.5517,66.5517,66.5517,66.5517,66.5517,66.5517,66.5517,66.5517,66.5517,66.5517,65.7807,65.7807,65.7807,65.7807,65.0131,65.0131
1985-07-01 00:00:00,2,93.0468,91.2898,91.2898,90.4162,89.546,89.546,89.546,89.546,89.546,89.546,87.8154,87.8154,86.0982,84.3944,82.7039,82.7039,82.7039,82.7039,82.7039,82.7039,82.7039,82.7039,81.8638,81.8638,81.027,81.027,81.027,81.027,81.027,81.027,79.3636
1985-06-01 00:00:00,2,115.143,113.231,110.387,117.067,115.143,119.977,117.067,113.231,112.28,109.446,109.446,109.446,108.507,108.507,107.572,107.572,105.712,103.863,102.028,100.206,100.206,100.206,98.3966,98.3966,98.3966,98.3966,98.3966,98.3966,95.707,94.817,
1985-05-01 00:00:00,2,166.912,169.137,169.137,171.374,169.137,162.496,149.529,148.468,147.409,147.409,146.354,149.529,145.302,142.162,139.05,139.05,136.991,134.943,132.908,130.885,128.874,128.874,128.874,128.874,128.874,130.885,128.874,124.888,119.004,117.067,115.143
1985-04-01 00:00:00,2,383.938,331.528,341.767,250.197,225.953,218.5,218.5,218.5,216.038,213.587,211.146,206.299,201.496,199.111,196.737,192.024,185.038,195.555,205.094,218.5,209.93,199.111,182.732,174.751,166.912,166.912,166.912,166.912,166.912,166.912,
1985-03-01 00:00:00,2,450.759,664.069,555.061,420.007,393.224,383.938,340.297,355.111,330.076,346.193,456.922,385.48,368.656,444.644,341.767,379.328,370.173,401.029,575.985,621.594,571.297,394.78,343.24,304.359,274.053,262.018,254.114,251.5,284.928,276.756,332.983
1985-02-01 00:00:00,2,1046.72,894.467,718.729,587.797,448.716,401.228,340.042,316.882,302.729,302.729,325.493,345.931,298.533,281.973,276.535,251.267,233.254,218.229,202.393,195.24,185.859,209.645,230.723,264.449,331.283,397.405,534.571,550.47,,,
1985-01-01 00:00:00,2,444.644,432.554,311.191,213.307,185.859,162.094,158.803,163.197,210.863,408.935,490.587,387.939,234.523,226.946,260.467,298.533,332.737,362.325,422.622,426.579,432.554,516.722,452.808,438.576,492.736,624.049,1000.1,974.651,1224.81,1377.45,1299.79
1984-12-01 00:00:00,2,187.022,148.02,150.153,175.52,242.196,209.645,183.542,157.711,173.254,267.117,287.452,389.822,268.455,234.523,244.774,304.133,414.77,543.624,422.622,279.249,226.946,198.804,177.798,166.524,148.02,137.534,136.502,158.803,195.24,243.484,299.929
1984-11-01 00:00:00,2,52.3345,47.4476,45.4104,44.739,44.739,43.4079,43.4079,42.7482,42.7482,42.0924,40.7926,42.0924,44.0715,44.739,50.9194,53.7646,59.6328,55.9376,50.2175,64.9583,88.8464,175.52,347.409,322.612,380.542,259.145,184.699,194.058,244.774,272.483,
1984-10-01 00:00:00,2,65.7334,60.3828,58.1438,54.4852,50.9194,52.3345,50.2175,48.1344,48.1344,46.0856,45.4104,48.1344,57.4047,59.6328,54.4852,50.2175,47.4476,48.8249,50.2175,55.2096,61.1364,77.7813,103.233,98.6479,87.9751,81.1252,68.8693,63.4188,61.8936,61.1364,58.8865
1984-09-01 00:00:00,2,60.3828,83.6688,100.472,81.1252,64.9583,60.3828,56.6693,65.7334,78.6122,127.348,125.347,102.31,82.8175,70.4584,64.9583,61.1364,58.1438,58.1438,56.6693,54.4852,55.2096,70.4584,77.7813,87.1072,93.2524,80.2841,65.7334,75.3093,75.3093,74.4921,
1984-08-01 00:00:00,2,49.5193,50.9194,50.2175,49.5193,49.5193,48.1344,48.1344,48.1344,47.4476,47.4476,47.4476,45.4104,45.4104,45.4104,44.0715,44.0715,44.0715,51.6251,64.9583,64.9583,61.1364,55.9376,53.7646,55.2096,60.3828,64.9583,91.4801,82.8175,70.4584,67.2943,62.6544
1984-07-01 00:00:00,2,53.7646,54.4852,55.9376,58.1438,58.8865,57.4047,57.4047,55.9376,54.4852,53.7646,53.7646,53.0477,53.0477,53.0477,53.0477,53.0477,51.6251,51.6251,51.6251,51.6251,51.6251,50.2175,50.2175,50.2175,49.5193,49.5193,49.5193,50.2175,49.5193,49.5193,49.5193
1984-06-01 00:00:00,2,61.8936,61.8936,61.1364,60.3828,61.8936,63.4188,61.1364,61.1364,61.1364,61.1364,60.3828,59.6328,58.8865,58.8865,58.8865,58.8865,58.8865,58.1438,57.4047,55.9376,55.2096,54.4852,54.4852,54.4852,55.2096,55.9376,55.9376,56.6693,57.4047,54.4852,
1984-05-01 00:00:00,2,95.0379,90.5989,81.1252,82.8175,128.353,99.5586,81.1252,82.8175,85.3813,81.9697,76.9539,75.3093,72.8682,72.8682,72.0615,72.0615,69.6621,72.0615,73.6784,74.4921,75.3093,76.1299,71.2582,68.8693,68.0801,68.0801,66.5121,65.7334,64.1868,61.8936,61.8936
1984-04-01 00:00:00,2,123.359,119.419,106.96,97.7405,136.502,264.449,220.706,158.803,131.386,122.369,111.689,102.31,98.6479,97.7405,94.1435,95.0379,94.1435,91.4801,95.0379,91.4801,91.4801,88.8464,89.721,88.8464,87.1072,88.8464,86.2425,87.1072,87.1072,87.1072,
1984-03-01 00:00:00,2,104.16,99.5586,98.6479,96.8364,97.7405,106.96,106.023,120.399,118.442,125.347,132.403,129.361,128.353,134.446,139.607,118.442,109.787,104.16,99.5586,97.7405,94.1435,95.0379,106.023,107.899,96.8364,94.1435,92.3646,91.4801,89.721,87.1072,90.5989
1984-02-01 00:00:00,2,192.878,181.236,174.386,165.412,154.455,132.403,128.353,126.346,125.347,129.361,134.446,150.153,129.361,124.351,120.399,118.442,114.564,111.689,114.564,119.419,128.353,120.399,117.468,115.529,110.737,108.842,108.842,109.787,107.899,,
1984-01-01 00:00:00,2,357.824,338.576,311.191,283.339,260.467,218.229,208.429,202.393,259.145,253.883,239.628,208.429,196.426,188.188,182.388,175.52,167.638,162.094,158.803,155.537,153.375,155.537,169.876,189.356,220.706,219.466,247.364,248.662,238.347,224.442,206.006
1983-12-01 00:00:00,2,197.613,183.542,247.364,424.598,345.931,288.829,292.972,490.587,432.554,492.735,580.694,700.239,753.791,775.836,756.527,592.561,541.353,499.214,475.693,452.808,473.586,499.214,516.722,534.571,545.901,557.364,507.926,444.644,405.072,389.822,374.431
1983-11-01 00:00:00,2,128.353,125.347,125.347,134.446,151.224,178.941,188.188,178.941,163.197,156.623,119.419,117.468,160.994,230.723,235.795,240.91,277.891,287.452,265.782,321.176,334.193,351.858,369.873,311.191,316.882,306.949,269.795,259.145,286.079,228.202,
1983-10-01 00:00:00,2,100.472,97.7405,93.2524,90.5989,87.9751,85.3813,84.5233,84.5233,84.5233,89.721,95.0379,101.39,116.497,152.298,175.52,218.229,204.799,160.994,148.02,191.702,238.347,252.574,199.998,197.613,207.216,183.542,160.994,142.74,135.472,133.423,130.372
1983-09-01 00:00:00,2,93.2524,93.2524,99.5586,108.842,111.689,113.602,109.787,106.023,101.39,99.5586,98.6479,96.8364,96.8364,95.0379,91.4801,89.721,94.1435,101.39,121.383,127.348,124.351,121.383,119.419,125.347,133.423,143.79,153.375,149.085,135.472,108.842,
1983-08-01 00:00:00,2,114.564,114.564,112.644,111.689,109.787,107.899,104.16,104.16,105.09,104.16,101.39,101.39,101.39,99.5586,99.5586,99.5586,99.5586,98.6479,98.6479,96.8364,95.9355,96.8364,96.8364,108.842,101.39,99.5586,96.8364,94.1435,94.1435,95.0379,93.2524
1983-07-01 00:00:00,2,131.386,131.386,134.446,137.534,121.383,124.351,120.399,119.419,119.419,118.442,117.468,120.399,118.442,117.468,118.442,115.529,115.529,115.529,116.497,122.369,131.386,151.224,164.303,145.899,130.372,126.346,121.383,117.468,115.529,115.529,115.529
1983-06-01 00:00:00,2,290.207,454.863,337.113,231.987,190.527,187.022,192.878,175.52,169.876,166.524,160.994,153.375,155.537,153.375,151.224,143.79,140.648,141.693,140.648,140.648,140.648,138.569,137.534,137.534,135.472,136.502,129.361,129.361,129.361,129.361,
1983-05-01 00:00:00,2,207.216,197.613,190.527,187.022,185.859,184.699,183.542,183.542,180.087,176.658,176.658,175.52,174.386,172.125,169.876,168.756,166.524,165.412,163.197,160.994,159.897,157.711,155.537,154.455,150.153,151.224,150.153,152.298,153.375,176.658,198.804
1983-04-01 00:00:00,2,273.831,246.068,226.946,235.795,220.706,209.645,214.534,335.651,619.145,539.087,309.774,286.079,298.533,328.383,326.937,301.328,252.574,243.484,231.987,226.946,219.466,212.084,210.863,213.307,224.442,276.535,257.826,234.523,220.706,249.963,
1983-03-01 00:00:00,2,428.566,416.725,510.117,530.077,471.484,397.405,397.405,353.346,375.955,309.774,265.782,246.068,239.628,249.963,287.452,280.61,247.364,235.795,224.442,237.07,422.622,494.89,467.297,384.188,288.829,255.195,240.91,261.792,454.863,477.804,382.32
1983-02-01 00:00:00,2,312.61,397.405,360.822,335.651,332.737,308.36,264.449,255.195,246.068,267.117,532.322,861.705,705.494,643.884,550.47,548.183,501.384,395.502,302.729,281.973,256.509,255.195,243.484,228.202,221.949,221.949,249.963,269.795,,,
1983-01-01 00:00:00,2,448.716,432.554,407.001,523.376,561.987,418.686,350.372,484.172,602.152,426.579,405.072,304.133,252.574,243.484,264.449,331.283,328.383,299.929,257.826,488.443,795.419,674.293,653.933,594.95,548.183,641.385,614.263,532.322,482.044,424.598,363.829
1982-12-01 00:00:00,2,73.6784,67.2943,63.4188,61.8936,73.6784,99.5586,118.442,120.399,115.529,107.899,103.233,96.8364,81.9697,74.4921,69.6621,72.8682,112.644,177.798,213.307,275.182,220.706,209.645,264.449,295.747,287.452,446.677,442.616,318.311,302.729,334.193,438.576
1982-11-01 00:00:00,2,192.878,154.455,98.6479,82.8175,76.1299,73.6784,78.6122,84.5233,77.7813,74.4921,93.2524,109.787,116.497,87.9751,84.5233,84.5233,73.6784,109.787,116.497,115.529,114.564,105.09,92.3646,86.2425,85.3813,82.8175,81.9697,80.2841,80.2841,76.9539,
1982-10-01 00:00:00,2,57.4047,55.2096,55.2096,59.6328,60.3828,58.1438,53.7646,50.9194,68.0801,101.39,86.2425,84.5233,87.1072,101.39,123.359,133.423,158.803,166.524,117.468,96.8364,80.2841,72.8682,73.6784,75.3093,78.6122,78.6122,80.2841,81.9697,94.1435,110.737,136.502
1982-09-01 00:00:00,2,65.7334,67.2943,63.4188,62.6544,62.6544,62.6544,62.6544,59.6328,59.6328,59.6328,58.8865,57.4047,55.9376,55.9376,55.9376,55.9376,55.9376,55.9376,57.4047,61.1364,57.4047,55.9376,55.2096,55.2096,55.9376,55.9376,58.1438,64.9583,58.8865,59.6328,
1982-08-01 00:00:00,2,76.1299,76.1299,80.2841,78.6122,76.9539,76.1299,76.1299,76.1299,76.1299,72.8682,72.8682,72.0615,72.0615,72.0615,72.8682,72.8682,72.8682,72.8682,72.8682,72.8682,72.0615,71.2582,68.0801,68.0801,66.5121,66.5121,64.9583,64.9583,64.1868,64.9583,64.1868
1982-07-01 00:00:00,2,94.1435,93.2524,93.2524,91.4801,89.721,89.721,89.721,88.8464,87.1072,84.5233,84.5233,84.5233,84.5233,84.5233,85.3813,91.4801,93.2524,89.721,87.1072,86.2425,86.2425,86.2425,85.3813,84.5233,81.1252,78.6122,78.6122,76.9539,76.9539,76.1299,74.4921
1982-06-01 00:00:00,2,117.468,115.529,110.737,107.899,106.96,106.96,105.09,103.233,105.09,108.842,113.602,106.023,103.233,102.31,102.31,101.39,99.5586,102.31,102.31,102.31,102.31,100.472,95.9355,95.9355,95.9355,95.9355,93.2524,93.2524,93.2524,94.1435,
1982-05-01 00:00:00,2,137.534,137.534,137.534,136.502,133.423,133.423,132.403,131.386,127.348,127.348,125.347,120.399,117.468,120.399,120.399,117.468,117.468,117.468,117.468,116.497,117.468,116.497,117.468,115.529,115.529,117.468,137.534,143.79,138.569,125.347,119.419
1982-04-01 00:00:00,2,239.628,314.031,319.742,243.484,203.595,190.527,185.859,182.388,183.542,183.542,172.125,174.386,164.303,169.876,168.756,196.426,233.254,212.084,184.699,167.638,158.803,152.298,150.153,150.153,150.153,146.958,146.958,141.693,139.607,137.534,
1982-03-01 00:00:00,2,197.613,267.117,239.628,281.973,212.084,188.188,172.125,166.524,196.426,302.729,283.339,273.831,259.145,326.937,606.98,448.716,395.502,312.61,259.145,255.195,380.542,325.493,294.359,246.068,298.533,386.061,328.383,248.662,226.946,238.347,265.782
1982-02-01 00:00:00,2,224.442,209.645,203.595,196.426,190.527,203.595,219.466,220.706,202.393,174.386,165.412,156.623,150.153,150.153,146.958,141.693,136.502,135.472,133.423,132.403,129.361,124.351,124.351,123.359,123.359,140.648,174.386,183.542,,,
1982-01-01 00:00:00,2,208.429,196.426,214.534,426.579,651.412,826.748,689.794,454.863,386.061,288.829,237.07,242.196,359.322,359.322,366.846,255.195,237.07,199.998,187.022,183.542,174.386,190.527,225.693,269.795,374.431,602.152,616.701,530.077,391.71,292.972,251.267
1981-12-01 00:00:00,2,265.782,267.117,248.662,226.946,247.364,238.347,191.702,168.756,194.058,190.527,251.267,256.509,283.339,226.946,239.628,197.613,243.484,319.742,391.71,391.71,335.651,234.523,197.613,182.388,166.524,151.224,156.623,203.595,446.677,395.502,259.145
1981-11-01 00:00:00,2,103.233,101.39,101.39,97.7405,88.8464,102.31,112.644,126.346,135.472,181.236,263.119,386.061,393.603,467.297,366.847,322.612,272.483,228.202,204.799,198.804,315.455,386.061,403.147,379.011,259.145,229.461,253.883,277.891,308.36,291.589,
1981-10-01 00:00:00,2,68.0801,55.9376,53.0477,51.6251,51.6251,50.2175,50.2175,58.1438,67.2943,68.8693,59.6328,53.7646,54.4852,58.8865,69.6621,69.6621,87.1072,113.602,101.39,91.4801,85.3813,84.5233,127.348,78.6122,75.3093,71.2582,80.2841,78.6122,95.0379,127.348,131.386
1981-09-01 00:00:00,2,47.4476,47.4476,47.4476,47.4476,47.4476,46.0856,46.0856,45.4104,44.739,44.739,44.739,44.739,43.4079,43.4079,42.0924,42.0924,42.0924,41.4405,40.7926,40.7926,40.1486,39.5086,39.5086,38.8726,38.2406,37.6126,36.9886,37.6126,40.7926,61.8936,
1981-08-01 00:00:00,2,55.9376,53.7646,53.7646,53.7646,53.7646,53.7646,53.7646,53.7646,53.0477,53.0477,51.6251,51.6251,51.6251,51.6251,51.6251,53.0477,53.7646,54.4852,60.3828,63.4188,68.0801,74.4921,62.6544,55.9376,53.7646,53.0477,52.3345,50.2175,50.2175,50.2175,48.1344
1981-07-01 00:00:00,2,68.0801,65.7334,65.7334,65.7334,65.7334,65.7334,64.1868,63.4188,63.4188,63.4188,63.4188,63.4188,63.4188,59.6328,55.9376,55.9376,55.9376,55.9376,55.2096,55.2096,55.9376,55.9376,55.2096,53.7646,53.7646,53.7646,53.7646,55.2096,55.2096,55.2096,55.9376
1981-06-01 00:00:00,2,87.9751,79.4465,76.1299,73.6784,73.6784,72.0615,73.6784,81.9697,91.4801,89.721,85.3813,77.7813,73.6784,74.4921,74.4921,74.4921,71.2582,77.7813,83.6688,91.4801,90.5989,81.9697,76.9539,78.6122,76.9539,73.6784,72.0615,72.0615,71.2582,70.4584,
1981-05-01 00:00:00,2,127.348,145.899,137.534,116.497,91.4801,84.5233,82.8175,82.8175,82.8175,81.9697,76.1299,76.1299,76.1299,76.1299,76.1299,73.6784,72.0615,71.2582,71.2582,71.2582,71.2582,71.2582,71.2582,71.2582,71.2582,70.4584,69.6621,71.2582,75.3093,84.5233,87.9751
1981-04-01 00:00:00,2,137.534,136.502,134.446,133.423,130.372,127.348,127.348,125.347,123.359,119.419,115.529,108.842,105.09,103.233,102.31,101.39,100.472,99.5586,93.2524,90.5989,85.3813,82.8175,82.8175,81.1252,80.2841,79.4465,79.4465,79.4465,79.4465,81.1252,
1981-03-01 00:00:00,2,111.689,109.787,108.842,107.899,106.96,106.023,111.689,143.79,173.254,184.699,187.022,176.658,167.638,152.298,146.958,143.79,142.74,138.569,137.534,138.569,159.897,197.613,215.763,234.523,242.196,228.202,190.527,174.386,151.224,142.74,139.607
1981-02-01 00:00:00,2,265.782,221.949,212.084,210.863,203.595,201.194,219.466,230.723,253.883,220.706,188.188,176.658,185.859,175.52,157.711,146.958,141.693,144.843,149.085,145.899,130.372,127.348,121.383,122.369,131.386,122.369,118.442,111.689,,,
1981-01-01 00:00:00,2,268.455,273.831,267.117,252.574,213.307,176.658,152.298,142.74,135.472,209.645,295.747,397.405,467.297,525.604,682.019,525.604,414.77,424.598,389.822,322.612,316.882,340.042,375.955,356.329,342.981,331.283,407.001,430.557,438.576,340.042,281.973
1980-12-01 00:00:00,2,116.497,140.648,294.359,382.32,380.542,405.072,436.563,430.557,372.909,286.079,259.145,218.229,158.803,135.472,237.07,486.305,446.677,297.139,288.829,277.891,259.145,240.91,212.084,172.125,160.994,155.537,151.224,156.623,166.524,182.388,279.249
1980-11-01 00:00:00,2,42.0924,40.1486,42.0924,42.0924,42.0924,40.7926,40.7926,40.1486,44.739,61.1364,74.4921,80.2841,120.399,219.466,249.963,152.298,106.96,89.721,91.4801,76.1299,73.6784,87.9751,106.96,100.472,133.423,167.638,165.412,148.02,139.607,110.737,
1980-10-01 00:00:00,2,53.7646,53.0477,52.3345,51.6251,50.9194,49.5193,48.8249,48.1344,48.1344,46.7647,46.0856,48.1344,54.4852,78.6122,101.39,84.5233,65.7334,62.6544,57.4047,52.3345,51.6251,48.1344,46.7647,46.0856,46.0856,49.5193,61.1364,53.7646,49.5193,46.0856,45.4104
