DataHora,NivelConsistencia,Vazao01,Vazao02,Vazao03,Vazao04,Vazao05,Vazao06,Vazao07,Vazao08,Vazao09,Vazao10,Vazao11,Vazao12,Vazao13,Vazao14,Vazao15,Vazao16,Vazao17,Vazao18,Vazao19,Vazao20,Vazao21,Vazao22,Vazao23,Vazao24,Vazao25,Vazao26,Vazao27,Vazao28,Vazao29,Vazao30,Vazao31
2023-04-01 00:00:00,2,10.245,10.245,10.245,9.9136,9.9136,9.5841,9.5841,9.2565,8.9307,12.2696,25.8451,28.9094,21.2657,17.2076,13.6517,11.5881,10.9131,10.9131,11.2497,10.9131,10.9131,10.5782,10.245,10.245,10.245,9.9136,9.5841,9.2565,9.5841,9.2565,
2023-03-01 00:00:00,2,36.0976,33.8803,31.7148,29.9503,27.5426,23.5368,20.891,38.7485,30.6517,26.5334,26.2,24.6865,22.3965,21.6416,20.891,19.4034,18.6666,17.2076,16.1266,15.0575,14.001,13.3039,12.6128,11.928,11.5881,11.5881,11.2497,11.2497,10.9131,10.5782,10.245
2023-02-01 00:00:00,2,22.7756,20.5174,17.9346,17.2076,16.846,16.4856,89.1708,36.0976,29.2549,40.2939,39.5184,89.1708,87.1003,68.3354,63.6776,58.6939,55.1634,48.7617,41.4673,39.5184,37.2253,34.9825,33.1527,33.8803,60.0384,40.2939,27.882,22.0185,,,
2023-01-01 00:00:00,2,186.856,174.749,137.188,44.6561,155.236,73.596,63.6776,121.709,107.473,101.416,193.709,178.752,166.843,131.154,93.8938,67.8642,51.7133,43.0509,40.2939,66.4579,47.9301,39.1328,32.791,30.6517,29.9503,27.882,25.4579,23.1557,21.6416,25.4579,23.919
2022-12-01 00:00:00,2,24.3022,28.5654,33.8803,29.2549,26.5334,63.2184,39.9055,29.2549,42.653,25.8451,23.1557,20.1449,16.4856,20.891,23.919,26.5334,26.5334,24.3022,238.167,130.557,88.1333,47.9301,35.3528,29.9503,26.2,71.1872,63.2184,58.2483,52.1401,41.8612,39.9055
2022-11-01 00:00:00,2,11.928,9.2565,7.3326,5.7909,5.192,4.8967,3.7464,4.3152,3.7464,9.5841,15.0575,35.7245,25.0717,21.2657,19.0344,20.1449,22.3965,28.223,25.0717,21.6416,20.1449,21.2657,126.99,29.6019,22.3965,25.8451,27.5426,24.3022,22.3965,21.6416,
2022-10-01 00:00:00,2,3.1917,3.1917,3.1917,3.1917,2.9201,2.9201,2.9201,2.9201,2.9201,2.9201,2.9201,2.9201,2.9201,2.9201,2.6527,2.6527,2.6527,2.3897,2.3897,6.0943,5.4901,4.8967,7.3326,7.0195,5.4901,4.6044,5.7909,7.9655,12.2696,16.1266,14.001
2022-09-01 00:00:00,2,2.6527,2.6527,2.6527,2.6527,2.6527,2.6527,2.6527,2.6527,2.3897,2.3897,2.3897,2.3897,2.3897,2.3897,2.3897,2.3897,2.3897,2.3897,2.3897,2.3897,2.6527,2.9201,2.9201,2.9201,2.6527,2.6527,7.0195,5.192,4.3152,3.1917,
2022-08-01 00:00:00,2,3.7464,3.7464,3.7464,3.7464,3.7464,3.7464,3.7464,3.7464,3.4672,3.4672,3.4672,3.4672,3.4672,3.4672,3.4672,3.4672,3.1917,3.1917,3.1917,3.1917,3.1917,3.1917,3.1917,3.1917,3.1917,2.9201,2.9201,2.9201,2.9201,2.6527,2.6527
2022-07-01 00:00:00,2,4.6044,4.6044,4.6044,4.6044,4.3152,4.3152,4.3152,4.3152,4.3152,4.3152,4.3152,4.3152,4.3152,4.3152,4.0291,4.0291,4.0291,4.0291,4.0291,4.0291,4.0291,4.0291,4.0291,4.0291,4.0291,4.0291,4.0291,4.0291,4.0291,3.7464,3.7464
2022-06-01 00:00:00,2,5.192,5.192,5.192,5.192,5.192,5.192,5.192,5.192,5.192,5.192,4.8967,4.8967,4.8967,4.8967,4.8967,4.8967,4.8967,4.8967,4.8967,4.6044,4.6044,4.6044,4.6044,4.6044,4.6044,4.6044,4.6044,4.6044,4.6044,4.6044,
2022-05-01 00:00:00,2,8.607,8.2852,7.9655,7.9655,7.3326,7.3326,7.3326,7.3326,7.3326,7.0195,6.7087,6.7087,6.7087,6.4003,6.4003,6.4003,6.0943,6.0943,6.0943,6.0943,5.7909,5.7909,5.7909,5.7909,5.4901,5.4901,5.4901,5.4901,5.4901,5.4901,5.4901
2022-04-01 00:00:00,2,12.9576,12.6128,12.6128,12.6128,12.2696,12.2696,12.2696,12.2696,11.928,11.928,11.928,11.5881,11.5881,11.5881,12.6128,23.1557,20.5174,20.1449,19.7736,19.0344,18.6666,17.9346,17.2076,16.846,15.7689,14.7039,13.3039,12.2696,10.245,9.2565,
2022-03-01 00:00:00,2,53.4282,40.6837,37.604,36.4721,105.808,35.3528,33.8803,32.0721,30.3002,27.5426,25.8451,25.0717,25.0717,24.3022,23.919,23.1557,22.3965,21.6416,20.891,20.5174,20.1449,19.7736,19.4034,19.4034,18.3,16.846,16.1266,15.0575,14.001,13.6517,13.3039
2022-02-01 00:00:00,2,61.8482,69.7559,82.507,87.1003,202.752,176.746,162.94,137.796,121.709,118.81,112.523,264.714,245.647,145.178,85.0476,145.178,142.702,221.285,308.458,194.4,153.966,124.633,115.937,110.268,107.473,104.153,98.7051,82.507,,,
2022-01-01 00:00:00,2,188.903,134.763,162.94,146.422,142.085,312.555,360.157,551.055,265.487,899.921,481.326,202.051,153.332,114.226,101.961,79.4955,70.2318,63.6776,60.9409,57.8038,54.7277,222.735,37.9841,34.6137,32.0721,31.0046,29.9503,29.2549,28.9094,28.5654,28.223
2021-12-01 00:00:00,2,18.3,15.4125,14.3518,12.9576,9.9136,8.2852,7.648,7.648,7.0195,14.3518,16.846,17.2076,19.7736,20.1449,18.6666,17.5705,16.4856,15.7689,15.0575,14.3518,18.3,21.6416,21.6416,20.891,19.7736,19.0344,26.2,28.9094,39.9055,159.714,181.439
2021-11-01 00:00:00,2,15.0575,50.4406,109.707,121.127,58.2483,27.5426,17.5705,14.7039,11.928,9.5841,9.5841,12.2696,10.9131,10.245,11.5881,10.9131,8.9307,8.2852,7.9655,9.9136,33.8803,66.4579,111.394,45.4666,27.5426,22.7756,32.4308,29.6019,25.4579,22.3965,
2021-10-01 00:00:00,2,3.7464,2.9201,2.3897,1.8783,1.8783,1.6307,6.0943,25.4579,43.8508,25.4579,9.9136,11.5881,10.9131,8.9307,8.607,7.648,7.0195,5.7909,4.8967,4.0291,5.192,4.0291,3.7464,3.7464,3.7464,15.0575,24.6865,14.7039,11.928,9.9136,8.9307
2021-09-01 00:00:00,2,1.3893,1.3893,1.3893,1.6307,1.8783,1.8783,1.8783,1.8783,1.6307,1.6307,1.6307,1.6307,1.3893,1.3893,1.3893,1.3893,1.3893,1.3893,1.3893,1.1547,1.1547,1.1547,1.1547,1.1547,1.1547,8.2852,5.7909,5.192,4.8967,4.6044,
2021-08-01 00:00:00,2,2.1314,2.1314,2.1314,2.1314,2.1314,2.1314,2.1314,2.1314,2.1314,2.1314,1.8783,1.8783,1.8783,1.8783,1.8783,1.8783,1.8783,1.8783,1.6307,1.6307,1.6307,1.6307,1.3893,1.3893,1.3893,1.3893,1.3893,1.3893,1.3893,1.3893,1.3893
2021-07-01 00:00:00,2,2.9201,2.9201,2.9201,2.9201,2.9201,2.9201,2.6527,2.6527,2.6527,2.6527,2.6527,2.6527,2.6527,2.6527,2.9201,2.9201,2.9201,2.9201,2.9201,2.6527,2.6527,2.6527,2.6527,2.6527,2.6527,2.6527,2.6527,2.6527,2.6527,2.6527,2.6527
2021-06-01 00:00:00,2,4.3152,4.3152,4.3152,4.0291,4.0291,4.0291,4.0291,3.7464,3.7464,3.7464,3.7464,3.4672,3.4672,3.4672,3.4672,3.4672,3.4672,3.4672,3.4672,3.1917,3.1917,3.1917,3.1917,2.9201,2.9201,2.9201,2.9201,2.9201,2.9201,2.9201,
2021-05-01 00:00:00,2,5.192,5.192,5.192,5.192,4.8967,4.8967,4.8967,4.6044,4.6044,4.6044,4.8967,4.8967,4.8967,5.192,5.192,5.192,5.192,5.192,4.8967,4.8967,4.8967,4.8967,4.8967,4.6044,4.6044,4.6044,4.6044,4.6044,4.6044,4.6044,4.6044
2021-04-01 00:00:00,2,8.2852,8.2852,7.9655,7.9655,7.648,7.3326,7.648,7.648,7.648,7.648,7.3326,7.3326,7.0195,7.0195,6.7087,6.7087,6.4003,6.4003,6.4003,6.0943,6.0943,6.0943,5.7909,5.7909,5.7909,5.4901,5.4901,5.4901,5.4901,5.4901,
2021-03-01 00:00:00,2,36.4721,25.4579,22.3965,20.1449,19.4034,18.3,17.2076,49.5986,86.0717,56.478,38.7485,20.5174,15.0575,11.5881,11.2497,11.2497,10.9131,10.9131,10.5782,10.245,10.245,9.5841,12.2696,11.2497,10.5782,9.9136,9.5841,8.9307,8.607,8.607,8.607
2021-02-01 00:00:00,2,11.928,11.5881,10.9131,10.9131,10.245,10.245,9.5841,9.5841,9.2565,9.5841,9.9136,9.9136,9.5841,9.5841,8.9307,7.9655,7.648,7.648,7.0195,6.7087,9.9136,8.9307,8.2852,8.9307,11.5881,13.3039,24.3022,82.0022,,,
2021-01-01 00:00:00,2,49.1795,44.6561,41.4673,37.9841,34.2463,31.3589,28.223,25.4579,20.5174,17.2076,15.7689,13.6517,12.6128,12.2696,12.2696,11.928,11.5881,14.3518,23.1557,21.6416,19.4034,17.5705,15.0575,13.3039,16.1266,15.0575,14.7039,14.3518,12.9576,12.6128,12.2696
2020-12-01 00:00:00,2,2.3568,2.3568,11.9548,10.6487,10.395,9.8952,11.4249,11.9548,11.4249,11.1637,13.6033,13.6033,21.726,15.6359,9.4055,5.6688,10.395,31.7488,23.8176,15.6359,35.4304,72.8246,60.8822,107.74,191.871,115.114,55.7478,51.2873,44.6562,39.7141,44.1971
2020-11-01 00:00:00,2,18.4181,14.1721,10.905,9.4055,9.4055,8.4572,7.5507,6.8988,7.1134,6.2714,5.4736,4.54,3.6949,7.9986,14.1721,10.905,8.4572,15.9357,13.3224,11.4249,14.1721,11.4249,8.4572,5.8669,4.54,3.6949,3.4196,2.88,2.88,2.3568,
2020-10-01 00:00:00,2,1.3702,1.3702,1.3702,1.3702,1.1388,1.1388,1.1388,1.1388,1.1388,1.1388,1.3702,1.3702,1.3702,1.3702,1.6083,1.6083,1.6083,2.88,2.88,2.3568,3.1479,4.1869,3.9737,3.4196,5.2811,6.2714,7.9986,10.395,13.044,22.0691,15.6359
2020-09-01 00:00:00,2,2.1021,2.1021,2.1021,2.1021,2.1021,2.1021,2.1021,2.1021,2.1021,1.8525,1.8525,1.8525,1.8525,1.8525,1.8525,1.8525,1.8525,1.6083,1.6083,1.6083,1.6083,1.6083,1.6083,1.3702,1.3702,1.3702,1.3702,1.3702,1.3702,1.3702,
2020-08-01 00:00:00,2,2.88,2.88,2.88,2.88,2.88,2.88,2.88,2.88,2.88,2.88,2.88,2.88,2.88,2.88,2.88,2.6162,2.6162,2.6162,2.6162,2.6162,2.6162,2.6162,2.3568,2.3568,2.3568,2.3568,2.3568,2.3568,2.3568,2.3568,2.1021
2020-07-01 00:00:00,2,4.362,4.1869,4.1869,4.1869,4.1869,4.1869,4.1869,3.9737,3.9737,3.9737,3.9737,3.9737,3.9737,3.9737,3.9737,3.9737,3.6949,3.6949,3.6949,3.6949,3.4196,3.4196,3.4196,3.4196,3.4196,3.1479,3.1479,3.1479,3.1479,3.1479,3.1479
2020-06-01 00:00:00,2,5.6688,5.4736,5.4736,5.4736,5.2811,5.2811,5.2811,5.0915,5.0915,5.0915,5.0915,5.0915,5.0915,4.9048,4.9048,4.9048,4.9048,4.7209,4.7209,4.7209,4.7209,4.7209,4.54,4.54,4.54,4.54,4.362,4.362,4.362,4.362,
2020-05-01 00:00:00,2,7.3307,7.3307,7.1134,7.1134,6.8988,6.8988,6.8988,6.8988,6.687,6.687,6.687,6.687,6.687,6.4778,6.2714,6.2714,6.2714,6.0678,7.1134,6.687,7.1134,7.5507,7.9986,8.4572,8.4572,8.2266,7.9986,7.9986,7.1134,6.2714,5.8669
2020-04-01 00:00:00,2,15.9357,12.7681,11.4249,11.1637,10.905,10.905,32.1496,23.4635,21.0465,19.0616,17.7836,14.1721,11.6886,9.8952,9.6491,10.395,10.395,10.6487,11.1637,11.1637,10.905,10.905,10.905,10.395,9.4055,8.4572,7.9986,7.7733,7.5507,7.5507,
2020-03-01 00:00:00,2,272.235,246.257,197.22,142.61,92.3558,68.9294,58.2917,50.8011,42.3802,39.7141,37.1197,34.5979,32.9575,30.5587,27.4774,24.1738,21.726,19.7142,43.7399,41.9309,40.5949,36.271,103.802,29.3874,15.3384,14.1721,13.6033,13.3224,13.3224,13.044,12.4945
2020-02-01 00:00:00,2,20.3759,18.4181,17.1584,15.3384,41.4836,35.4304,25.9877,129.122,101.856,84.4342,56.2528,28.2351,221.243,298.368,236.852,175.506,149.232,169.746,124.787,108.402,93.6004,71.7027,57.2685,45.1173,100.568,96.7418,111.066,176.15,277.544,,
2020-01-01 00:00:00,2,8.4572,8.2266,7.9986,7.5507,7.5507,7.3307,11.9548,14.1721,16.5424,15.9357,13.6033,11.4249,9.4055,8.9262,8.4572,7.5507,7.5507,7.3307,7.1134,9.8952,15.0433,16.5424,14.1721,55.7478,246.257,119.91,85.6339,61.9313,54.2439,50.8011,23.8176
2019-12-01 00:00:00,2,36.271,27.1018,23.1116,61.4058,72.2627,58.8061,49.3542,27.8552,23.1116,24.5323,20.3759,17.7836,13.6033,11.1637,9.8952,9.4055,14.7505,15.0433,13.044,11.4249,10.1438,9.4055,8.9262,8.4572,8.4572,15.0433,13.3224,11.9548,10.395,9.4055,8.6904
2019-11-01 00:00:00,2,6.0141,6.0141,8.7258,8.0325,8.0325,7.349,7.0112,6.676,6.3436,6.0141,7.349,8.7258,9.4285,9.4285,8.7258,8.0325,7.6895,7.349,7.0112,6.676,6.676,6.3436,6.0141,6.0141,8.7258,7.6895,6.676,6.676,70.0333,51.2873,
2019-10-01 00:00:00,2,1.0163,1.0163,1.0163,0.7776,0.7776,0.7776,0.7776,0.7776,7.349,5.6875,4.727,6.0141,8.7258,8.378,4.4137,2.9059,2.9059,2.6178,2.6178,2.6178,2.6178,4.104,3.4964,4.104,3.1988,2.9059,2.9059,4.4137,5.3641,6.676,6.0141
2019-09-01 00:00:00,2,3.4964,3.1988,2.9059,2.6178,2.6178,2.6178,2.6178,2.3349,2.3349,2.3349,2.3349,2.3349,2.3349,2.0576,2.0576,1.7864,1.7864,1.7864,1.7864,2.9059,1.5219,1.5219,1.2649,1.2649,1.2649,1.2649,1.2649,1.2649,1.0163,1.0163,
2019-08-01 00:00:00,2,5.0439,5.0439,5.0439,5.0439,5.0439,5.0439,4.727,4.727,4.727,4.727,4.727,4.727,4.727,4.4137,4.4137,4.4137,4.4137,4.4137,4.4137,4.4137,4.104,4.104,4.104,4.104,4.104,4.104,4.104,3.7981,3.7981,3.7981,3.4964
2019-07-01 00:00:00,2,6.3436,6.3436,6.0141,6.0141,6.0141,6.0141,6.0141,5.6875,5.6875,5.6875,5.6875,5.6875,5.6875,5.3641,5.3641,5.3641,5.3641,5.3641,5.3641,5.3641,5.3641,5.3641,5.3641,5.3641,5.0439,5.0439,5.0439,5.0439,5.0439,5.0439,5.0439
2019-06-01 00:00:00,2,11.2229,10.8599,10.4989,10.14,9.7831,9.7831,9.7831,9.4285,9.4285,9.076,8.7258,8.7258,8.378,8.378,8.0325,8.0325,8.0325,7.6895,7.6895,7.349,7.349,7.0112,7.0112,7.0112,6.676,6.676,6.676,6.676,6.676,6.3436,
2019-05-01 00:00:00,2,16.1074,21.2554,21.6609,20.8512,20.4483,20.0467,18.4539,17.6658,16.8836,15.3374,13.4408,11.9547,10.8599,10.14,83.6929,34.5425,58.7321,45.5152,44.7304,45.9095,48.3009,52.799,53.6324,55.3135,54.0509,34.9914,27.042,22.885,19.2475,13.0665,11.9547
2019-04-01 00:00:00,2,20.8512,19.2475,17.6658,16.8836,16.1074,29.2588,102.058,31.5568,27.5886,26.5005,25.9641,24.1201,22.4758,20.8512,23.7072,21.6609,21.2554,20.0467,19.2475,18.0591,16.4948,16.1074,15.3374,14.9547,16.8836,17.274,16.1074,16.1074,16.4948,16.1074,
2019-03-01 00:00:00,2,71.7379,145.005,92.7095,74.0749,77.8707,70.8107,63.9987,60.4693,53.6324,42.4061,33.3332,54.4706,49.5131,42.4061,37.8949,33.9353,28.1403,24.9494,105.246,58.7321,68.0558,57.8705,49.5131,39.7521,33.3332,27.042,24.9494,24.1201,23.2955,22.4758,21.6609
2019-02-01 00:00:00,2,8.378,8.0325,8.0325,7.6895,7.349,17.6658,21.2554,14.5737,12.6941,10.8599,9.4285,9.7831,10.8599,12.3235,14.5737,17.274,27.042,37.1612,35.7094,28.1403,18.85,14.5737,13.8167,35.7094,29.2588,24.9494,29.2588,39.3781,,,
2019-01-01 00:00:00,2,85.6674,65.3409,61.7842,38.2638,57.4414,52.799,36.4326,27.042,22.885,59.5984,58.7321,57.8705,57.0135,57.0135,56.1611,56.1611,51.9703,35.7094,21.2554,11.9547,11.2229,10.8599,10.14,10.14,9.7831,9.7831,9.4285,9.4285,9.076,9.076,8.7258
2018-12-01 00:00:00,2,45.5152,45.5152,42.4061,39.3781,37.8949,37.1612,50.7363,45.5152,28.1403,18.4539,14.5737,13.0665,13.0665,12.6941,11.5878,11.5878,10.8599,10.8599,10.4989,10.14,9.7831,8.7258,8.7258,8.0325,20.0467,57.0135,65.7906,101.003,58.3007,86.661,32.736
2018-11-01 00:00:00,2,8.378,9.076,10.4989,9.4285,8.7258,8.0325,8.0325,15.3374,114.473,96.824,63.1095,37.5274,28.1403,22.885,19.6464,18.0591,13.8167,11.2229,43.5626,195.878,68.9697,44.7304,35.3497,38.6339,57.8705,68.9697,57.0135,48.7038,45.9095,45.5152,
2018-10-01 00:00:00,2,1.5219,1.5219,1.5219,1.2649,1.2649,2.0576,16.1074,22.4758,16.8836,14.5737,12.6941,11.2229,9.7831,8.7258,7.349,6.0141,4.727,5.3641,5.0439,4.727,32.1439,31.5568,25.9641,21.6609,18.4539,13.8167,8.378,7.349,7.349,7.349,7.0112
2018-09-01 00:00:00,2,1.7864,1.5219,1.5219,1.5219,1.5219,1.2649,1.2649,1.2649,1.2649,1.2649,1.2649,1.2649,1.2649,2.9059,4.104,4.104,4.727,4.727,4.4137,3.7981,3.4964,3.1988,2.9059,2.6178,2.3349,2.3349,2.0576,1.7864,1.7864,1.5219,
2018-08-01 00:00:00,2,1.1884,1.1884,1.1884,1.1884,1.1884,1.1884,0.9784,0.9784,0.9784,0.9784,0.9784,0.9784,0.9784,1.1884,2.9679,3.2603,6.5097,6.0141,4.727,3.7981,2.9059,2.9059,2.3349,2.3349,2.0576,1.7864,1.7864,1.7864,1.7864,1.7864,1.7864
2018-07-01 00:00:00,2,1.8894,1.8894,1.8894,1.6446,1.6446,1.6446,1.6446,1.6446,1.6446,1.6446,1.6446,1.6446,1.6446,1.4107,1.4107,1.4107,1.4107,1.4107,1.4107,1.4107,1.4107,1.4107,1.4107,1.4107,1.4107,1.1884,1.1884,1.1884,1.1884,1.1884,1.1884
2018-06-01 00:00:00,2,2.1446,2.1446,2.9679,2.9679,2.6843,2.6843,2.6843,2.6843,2.6843,2.6843,2.4097,2.4097,2.4097,2.4097,2.4097,2.4097,2.4097,2.4097,2.4097,2.4097,2.4097,2.1446,2.1446,2.1446,2.1446,2.1446,2.1446,2.1446,1.8894,1.8894,
2018-05-01 00:00:00,2,4.1872,4.1872,3.8702,3.8702,3.8702,3.5612,3.5612,3.5612,3.2603,3.2603,3.2603,3.2603,2.9679,2.9679,2.6843,2.6843,2.6843,2.6843,2.6843,2.6843,2.6843,2.4097,2.4097,2.4097,2.4097,2.1446,2.1446,2.1446,2.1446,2.1446,2.1446
2018-04-01 00:00:00,2,8.9578,8.9578,8.3118,7.9973,7.9973,7.6884,7.6884,7.3851,7.3851,7.0876,7.0876,7.0876,6.7958,6.7958,6.5097,6.5097,6.5097,6.2293,5.8837,5.8837,5.8837,5.5301,5.1836,5.1836,5.1836,4.8441,4.5119,4.5119,4.5119,4.5119,
2018-03-01 00:00:00,2,37.8949,29.8256,17.5233,11.0301,8.9578,8.9578,8.632,14.9254,23.296,22.281,38.6339,52.799,37.5274,23.296,20.3142,19.3626,17.0769,15.7698,14.5113,12.5225,16.2001,15.7698,11.7653,15.7698,14.1026,12.9093,11.7653,11.0301,10.3171,8.9578,8.632
2018-02-01 00:00:00,2,6.2293,5.8837,14.1026,28.123,38.6339,34.9914,30.4035,27.0138,24.3321,21.7814,19.3626,16.6358,14.1026,11.7653,9.6263,8.632,8.3118,8.3118,8.3118,7.9973,7.6884,20.3142,21.287,17.9751,16.6358,15.7698,14.1026,13.3016,,,
2018-01-01 00:00:00,2,10.3171,9.6263,9.6263,25.9255,117.24,69.4283,43.9507,34.9914,32.168,27.0138,25.9255,24.3321,23.296,21.287,19.3626,19.3626,18.4323,17.5233,16.6358,16.2001,14.9254,14.1026,12.5225,12.5225,11.0301,7.6884,7.0876,7.0876,6.5097,6.5097,6.2293
2017-12-01 00:00:00,2,30.9865,58.3007,99.9524,43.9507,22.281,42.0232,35.7094,22.281,18.4323,16.6358,15.3449,16.6358,19.3626,18.4323,17.0769,17.5233,19.8357,11.7653,8.632,8.632,8.632,10.3171,10.3171,9.6263,8.9578,8.3118,8.3118,11.7653,9.9689,9.6263,10.3171
2017-11-01 00:00:00,2,0.7817,0.5995,1.6446,1.1884,1.1884,1.1884,0.9784,0.9784,0.7817,0.7817,0.7817,1.8894,1.1884,1.1884,1.1884,1.1884,0.9784,0.7817,0.7817,0.7817,0.5995,0.5995,0.5995,0.5995,0.5995,1.6446,9.6263,7.0876,7.0876,14.5113,
2017-10-01 00:00:00,2,1.6446,1.1884,1.1884,1.1884,0.9784,0.9784,0.9784,0.7817,0.7817,0.5995,0.5995,0.5995,0.4332,0.4332,0.4332,0.2849,0.2849,0.2849,0.2849,0.2849,0.2849,0.1579,0.1579,0.1579,0.0576,0.0576,0.0576,0.0576,0.0576,2.1446,0.9784
2017-09-01 00:00:00,2,1.1884,0.9784,0.9784,0.9784,0.9784,0.9784,0.9784,0.9784,0.7817,0.7817,0.7817,0.7817,0.7817,0.7817,0.7817,0.7817,0.7817,0.7817,0.7817,0.7817,0.5995,0.5995,0.5995,0.5995,0.5995,0.5995,0.4332,0.4332,0.4332,0.4332,
2017-08-01 00:00:00,2,1.6446,1.6446,1.6446,1.6446,1.6446,1.6446,1.6446,1.6446,1.6446,1.6446,1.4107,1.4107,1.4107,1.4107,1.4107,1.4107,1.4107,1.4107,1.4107,1.1884,1.1884,1.1884,1.1884,1.1884,1.1884,1.1884,1.1884,1.1884,1.1884,1.1884,1.1884
2017-07-01 00:00:00,2,2.1446,2.1446,2.1446,2.1446,2.1446,2.1446,2.1446,2.1446,2.1446,2.1446,2.1446,2.1446,2.1446,2.1446,1.8894,1.8894,1.8894,1.8894,1.8894,1.8894,1.8894,1.8894,1.6446,1.6446,1.6446,1.6446,1.6446,1.6446,1.6446,1.6446,1.6446
2017-06-01 00:00:00,2,5.8837,5.1836,4.5119,4.5119,3.8702,3.8702,3.5612,3.5612,3.2603,3.2603,2.9679,2.9679,8.3118,5.5301,5.1836,5.1836,4.5119,3.8702,3.8702,3.5612,3.5612,3.2603,3.2603,3.2603,2.9679,2.6843,2.6843,2.6843,2.4097,2.4097,
2017-05-01 00:00:00,2,5.1836,4.5119,4.5119,4.5119,4.5119,4.1872,4.1872,3.8702,3.8702,3.8702,3.8702,3.5612,3.5612,3.5612,3.5612,3.5612,3.2603,3.2603,5.8837,28.6853,18.4323,10.6708,9.2893,8.9578,8.632,8.3118,7.6884,7.6884,7.0876,6.5097,6.2293
2017-04-01 00:00:00,2,7.0876,7.0876,7.0876,6.7958,6.5097,6.5097,6.2293,5.8837,5.8837,5.5301,5.1836,5.1836,5.1836,4.8441,4.8441,4.8441,4.5119,4.5119,4.5119,4.1872,4.1872,4.1872,3.8702,3.8702,3.8702,3.5612,3.2603,2.9679,17.0769,10.3171,
2017-03-01 00:00:00,2,11.0301,8.632,8.3118,8.3118,7.9973,7.9973,7.9973,7.6884,7.6884,7.6884,7.6884,7.6884,7.3851,7.0876,7.0876,7.0876,6.7958,6.7958,8.3118,8.9578,8.632,8.3118,8.3118,8.3118,7.9973,7.9973,7.9973,7.6884,7.6884,7.3851,7.3851
2017-02-01 00:00:00,2,11.7653,14.5113,79.7944,45.5152,22.281,33.9245,24.3321,19.3626,15.7698,12.1412,12.9093,11.7653,11.7653,11.0301,10.6708,9.9689,9.6263,8.9578,8.632,8.3118,7.9973,7.6884,7.6884,7.0876,6.7958,6.5097,6.2293,37.8949,,,
2017-01-01 00:00:00,2,11.0301,9.6263,8.9578,8.632,8.632,8.3118,8.3118,7.9973,7.6884,7.6884,7.3851,7.0876,6.5097,5.8837,17.5233,40.1274,25.3891,22.281,21.287,20.3142,20.3142,18.4323,16.6358,15.7698,14.9254,13.3016,11.395,10.3171,9.2893,8.9578,10.3171
2016-12-01 00:00:00,2,8.9578,31.5747,16.6358,79.7944,48.7038,33.3701,21.287,20.3142,24.3321,77.8707,36.0703,27.0138,23.296,22.281,64.8924,93.2203,118.354,146.208,113.922,89.1631,71.7379,68.5122,64.445,60.0333,49.5131,41.261,35.7094,28.6853,21.287,17.5233,14.5113
2016-11-01 00:00:00,2,0.7817,0.5995,0.4332,0.4332,7.6884,5.8837,4.5119,3.8702,9.2893,5.1836,5.1836,4.1872,25.9255,36.7962,23.296,9.6263,6.2293,5.1836,4.5119,4.5119,4.1872,3.8702,3.8702,13.6994,12.1412,10.3171,8.9578,7.6884,5.8837,4.5119,
2016-10-01 00:00:00,2,3.2603,5.5301,8.632,11.0301,9.9689,7.6884,5.8837,4.5119,3.8702,3.5612,3.2603,3.2603,2.9679,2.6843,2.6843,2.4097,2.1446,2.1446,1.8894,1.8894,1.6446,1.6446,1.4107,1.4107,1.4107,1.1884,1.1884,1.1884,0.9784,0.7817,0.7817
2016-09-01 00:00:00,2,1.1884,1.1884,1.1884,1.1884,1.1884,1.1884,1.1884,0.9784,0.9784,0.9784,0.9784,0.9784,0.9784,0.9784,0.9784,0.9784,0.7817,0.7817,0.7817,0.7817,0.7817,0.7817,0.7817,0.7817,0.7817,0.7817,0.7817,0.7817,0.7817,0.7817,
2016-08-01 00:00:00,2,1.6446,1.6446,1.6446,1.6446,1.6446,1.6446,1.6446,1.6446,1.6446,1.4107,1.4107,1.4107,1.4107,1.4107,1.4107,1.4107,1.4107,1.4107,1.4107,1.4107,1.4107,1.4107,1.4107,1.4107,1.1884,1.1884,1.1884,1.1884,1.1884,1.1884,1.1884
2016-07-01 00:00:00,2,3.2603,3.2603,3.2603,2.9679,2.9679,2.9679,2.6843,2.6843,2.4097,2.4097,2.4097,2.4097,2.1446,2.1446,2.1446,2.1446,2.1446,2.1446,2.1446,2.1446,2.1446,2.1446,2.1446,2.1446,1.8894,1.8894,1.8894,1.8894,1.8894,1.8894,1.8894
2016-06-01 00:00:00,2,3.8702,5.8837,8.3118,6.2293,5.1836,5.1836,5.1836,5.1836,5.1836,4.8441,4.5119,4.5119,4.1872,4.1872,4.1872,4.1872,4.1872,3.8702,3.8702,3.8702,3.8702,3.5612,3.5612,3.5612,3.5612,3.5612,3.5612,3.5612,3.2603,3.2603,
2016-05-01 00:00:00,2,7.9973,6.7958,6.5097,6.5097,6.2293,5.8837,5.8837,5.5301,5.1836,5.1836,4.8441,4.8441,6.2293,7.0876,6.2293,6.2293,5.8837,5.8837,5.8837,5.5301,5.5301,5.5301,5.1836,5.1836,4.8441,4.8441,4.5119,4.5119,4.5119,4.1872,4.1872
2016-04-01 00:00:00,2,14.5113,14.1026,12.5225,11.7653,11.7653,11.7653,11.395,11.0301,10.6708,10.3171,10.3171,9.9689,9.6263,9.6263,9.2893,8.9578,8.9578,8.632,7.9973,7.6884,7.0876,7.0876,6.7958,6.7958,6.5097,6.5097,6.5097,6.2293,9.9689,7.6884,
2016-03-01 00:00:00,2,85.1722,72.2031,62.2248,53.6324,47.4988,42.4061,34.2788,22.281,17.0769,16.6358,32.7665,28.123,21.287,16.6358,13.6994,11.7653,10.6708,10.3171,9.9689,9.6263,9.6263,9.6263,24.858,51.1464,37.1612,38.6339,33.9245,26.4671,22.281,18.4323,16.2001
2016-02-01 00:00:00,2,39.3781,35.7094,29.2529,23.8114,22.281,20.0434,17.6629,16.8808,16.492,15.719,15.3348,45.9095,36.4326,24.858,17.6629,16.8808,16.1047,15.3348,14.9523,14.5713,14.192,13.8144,15.3348,11.9527,11.5859,16.1047,22.281,17.2711,57.8705,,
2016-01-01 00:00:00,2,16.1047,18.4508,22.7859,21.6574,59.5984,51.9703,40.504,29.8256,22.281,20.0434,32.168,39.3781,41.261,42.7904,51.9703,84.1849,87.6587,62.2248,67.6005,258.756,99.9524,59.5984,48.3009,43.9507,41.6415,49.9196,37.8949,40.504,59.5984,106.854,75.9641
2015-12-01 00:00:00,2,9.4269,9.0745,8.7244,8.7244,8.0312,7.6882,16.1047,21.6574,24.858,20.4449,17.2711,13.8144,11.221,10.8581,10.1383,9.4269,9.0745,8.7244,8.0312,7.3478,7.3478,9.4269,12.3215,16.1047,33.3701,32.168,37.1612,46.305,57.8705,36.4326,17.6629
2015-11-01 00:00:00,2,4.4129,3.7975,3.4958,3.4958,3.1983,2.9054,2.9054,2.9054,2.9054,2.9054,5.0431,4.4129,4.1033,4.1033,3.7975,3.4958,3.4958,3.1983,2.9054,2.9054,2.6173,2.3345,2.3345,2.0572,2.0572,5.6866,21.6574,16.1047,11.221,9.4269,
2015-10-01 00:00:00,2,2.0572,2.0572,2.0572,2.0572,1.7861,1.7861,1.7861,1.7861,1.5216,1.5216,1.5216,1.5216,1.2647,1.2647,1.2647,1.0161,1.0161,1.0161,1.0161,0.7774,0.7774,0.7774,0.7774,0.7774,2.3345,1.7861,1.5216,4.1033,4.1033,2.9054,2.6173
2015-09-01 00:00:00,2,2.6173,2.6173,2.6173,2.6173,2.6173,2.3345,2.3345,4.4129,15.3348,8.3766,7.3478,6.6749,6.0131,5.3632,4.1033,3.4958,3.1983,2.9054,2.9054,2.9054,2.6173,2.6173,2.6173,2.6173,2.3345,2.3345,2.3345,2.3345,2.3345,2.3345,
2015-08-01 00:00:00,2,4.4129,4.4129,4.1033,4.1033,4.1033,3.7975,3.4958,3.7975,3.7975,3.7975,3.7975,3.7975,3.7975,3.4958,3.4958,3.4958,3.4958,3.4958,3.4958,3.1983,3.1983,3.1983,3.1983,3.1983,3.1983,2.9054,2.9054,2.9054,2.9054,2.6173,2.6173
2015-07-01 00:00:00,2,6.0131,6.0131,6.0131,6.0131,6.0131,6.0131,6.0131,6.0131,6.0131,5.6866,5.6866,5.6866,5.6866,5.6866,5.6866,5.6866,5.6866,5.6866,5.6866,5.6866,5.6866,5.6866,5.6866,5.6866,5.6866,5.6866,5.3632,5.3632,4.7263,4.7263,4.4129
2015-06-01 00:00:00,2,8.7244,10.1383,9.7815,9.7815,9.4269,9.4269,9.4269,9.0745,9.7815,8.7244,8.3766,8.0312,8.0312,8.0312,7.6882,7.3478,7.3478,7.3478,7.01,7.01,6.6749,6.6749,6.6749,6.6749,6.6749,6.6749,6.3425,6.3425,6.3425,6.3425,
2015-05-01 00:00:00,2,14.5713,13.8144,13.8144,13.4385,13.0644,12.692,12.3215,11.5859,18.0562,18.8469,15.3348,13.4385,13.0644,13.0644,12.3215,12.3215,11.5859,11.221,10.8581,10.4972,10.1383,9.4269,9.4269,9.0745,9.0745,9.0745,9.0745,8.7244,8.7244,8.7244,8.7244
2015-04-01 00:00:00,2,89.6667,119.471,105.781,103.648,101.53,96.824,91.1835,86.1637,85.1722,82.223,76.9153,69.4283,65.3409,62.2248,55.3135,50.3274,45.9095,40.8819,36.0703,30.9865,34.2788,29.8256,26.4671,26.4671,28.6853,25.3891,21.6574,18.4508,17.6629,16.1047,
2015-03-01 00:00:00,2,94.2448,75.9641,68.9697,63.9987,38.6339,20.8478,11.9527,111.184,73.1368,205.343,129.699,114.473,106.317,95.2734,92.7095,82.7119,71.2738,63.9987,69.4283,85.6674,88.6606,57.4414,53.2151,66.2414,55.3135,50.7363,47.0996,43.1759,55.3135,77.3924,78.35
2015-02-01 00:00:00,2,4.1033,3.7975,3.4958,3.4958,9.4269,14.192,26.4671,43.9507,22.281,13.8144,16.8808,14.5713,13.0644,12.692,11.5859,9.4269,34.9914,45.5152,34.9914,57.0135,44.7304,36.4326,24.3321,20.8478,20.0434,53.6324,103.117,115.577,,,
2015-01-01 00:00:00,2,6.0131,5.6866,5.3632,5.0431,8.0312,7.6882,7.3478,6.6749,6.0131,5.6866,5.3632,5.3632,4.7263,4.1033,4.1033,3.4958,3.4958,2.9054,2.9054,2.9054,3.7975,4.7263,4.4129,4.1033,3.7975,3.4958,5.0431,4.7263,4.4129,4.1033,4.1033
2014-12-01 00:00:00,2,25.3891,40.8819,34.2788,20.798,32.168,23.296,20.3142,24.858,29.2529,32.7665,36.7962,43.1759,54.0509,34.6345,27.0138,25.3891,25.3891,24.3321,23.8114,22.281,28.123,25.3891,24.858,22.281,17.5233,13.6994,11.0301,7.6884,6.2293,5.6858,5.4228
2014-11-01 00:00:00,2,2.019,1.8579,1.8579,1.703,1.703,1.703,1.703,1.703,1.5544,1.5544,1.5544,1.5544,1.5544,6.7958,5.4228,4.195,3.3192,3.1152,3.1152,2.7253,2.3599,2.3599,4.195,9.6263,18.4323,47.8992,79.3119,62.6666,37.1611,29.2529,
2014-10-01 00:00:00,2,1.4122,1.8579,1.5544,1.5544,1.4122,1.4122,1.2763,1.2763,1.1469,1.1469,1.1469,1.1469,1.0239,1.0239,1.0239,1.0239,1.0239,1.0239,0.9074,0.9074,0.9074,1.4122,1.2763,1.1469,1.1469,4.6685,4.195,2.9172,2.3599,2.1863,2.019
2014-09-01 00:00:00,2,1.8579,1.8579,2.019,2.019,2.019,2.019,1.8579,1.8579,1.8579,2.019,1.703,1.703,1.703,1.703,1.703,1.703,1.703,1.703,1.5544,1.5544,1.5544,1.5544,1.5544,1.5544,1.5544,1.5544,1.4122,1.4122,1.4122,1.4122,
2014-08-01 00:00:00,2,4.4288,3.9672,3.7452,3.5292,3.5292,3.3192,3.1152,3.1152,2.5395,2.3599,2.3599,2.3599,2.3599,2.3599,2.1863,2.1863,2.1863,2.019,2.019,2.019,2.019,2.019,2.019,2.019,1.8579,1.8579,1.8579,1.8579,1.8579,1.8579,1.8579
2014-07-01 00:00:00,2,2.7253,2.7253,2.7253,2.7253,2.7253,2.5395,2.5395,2.5395,2.5395,2.5395,2.5395,2.5395,2.5395,2.5395,2.5395,2.5395,2.5395,2.3599,2.3599,2.3599,2.3599,2.3599,2.3599,2.3599,2.3599,6.5097,7.3851,7.0876,5.6858,5.4228,5.1655
2014-06-01 00:00:00,2,3.5292,3.5292,3.5292,3.5292,3.5292,3.3192,3.3192,3.3192,3.3192,3.1152,3.1152,2.9172,2.9172,2.9172,2.9172,2.9172,2.9172,2.9172,2.9172,2.9172,2.7253,2.7253,2.7253,2.7253,2.7253,2.7253,2.7253,2.7253,2.7253,2.7253,
2014-05-01 00:00:00,2,4.9141,4.9141,4.6685,4.4288,4.195,4.195,4.195,3.9672,3.9672,3.9672,3.7452,3.7452,3.7452,3.5292,3.5292,3.5292,3.5292,4.4288,4.195,3.9672,3.9672,3.9672,3.9672,3.9672,3.9672,3.7452,3.7452,3.7452,3.7452,3.7452,3.7452
2014-04-01 00:00:00,2,5.9547,34.2788,19.8357,16.6358,11.7653,8.9578,8.632,8.3118,7.3851,6.5097,5.4228,31.5747,7.0876,60.4693,49.5131,37.5274,22.281,15.7698,11.395,9.2893,8.3118,7.9973,11.0301,7.6884,6.5097,5.9547,5.6858,5.4228,5.4228,5.1655,
2014-03-01 00:00:00,2,19.8357,17.0769,14.1026,11.395,8.9578,7.0876,12.1412,7.6884,8.632,4.4288,4.195,4.195,3.9672,3.9672,3.5292,3.5292,3.5292,3.5292,3.3192,3.3192,3.3192,3.3192,3.3192,15.7698,9.6263,7.0876,5.1655,4.4288,3.9672,3.9672,3.7452
2014-02-01 00:00:00,2,4.195,4.195,4.195,4.195,4.195,3.9672,3.9672,3.9672,3.7452,3.7452,3.5292,3.5292,4.9141,4.4288,4.4288,3.9672,3.9672,3.9672,3.7452,3.7452,3.7452,3.5292,3.5292,3.5292,3.5292,3.5292,3.5292,26.4671,,,
2014-01-01 00:00:00,2,8.9578,10.3171,8.9578,8.9578,8.3118,7.6884,5.4228,5.9547,5.6858,5.6858,5.4228,5.1655,4.9141,4.6685,4.4288,5.1655,4.9141,4.4288,4.195,5.6858,6.7958,9.9689,9.9689,8.9578,7.6884,6.2293,5.4228,5.4228,4.9141,4.4288,4.195
2013-12-01 00:00:00,2,20.798,18.8948,11.7653,8.632,7.0876,7.0876,9.9689,19.3626,22.281,14.9254,10.6709,8.632,7.6884,12.1412,19.3626,57.4414,21.287,17.0769,16.2001,15.7698,14.5113,13.6994,13.3016,12.9093,17.0769,14.1026,13.3016,11.7653,10.6709,9.6263,9.2893
2013-11-01 00:00:00,2,5.6858,6.7958,6.5097,6.2293,7.3851,12.5225,14.5113,12.1412,7.9973,5.9547,4.195,3.7452,3.7452,3.5292,3.5292,3.3192,3.9672,4.195,4.195,3.9672,3.7452,3.3192,3.3192,5.9547,7.0876,9.9689,9.9689,8.9578,7.9973,11.7653,
2013-10-01 00:00:00,2,4.195,3.9672,3.9672,4.6685,5.6858,5.6858,7.6884,7.3851,6.2293,5.1655,5.1655,4.9141,4.9141,4.6685,4.4288,7.9973,7.0876,6.7958,6.5097,5.6858,5.6858,5.1655,4.6685,4.4288,3.9672,3.7452,3.5292,3.3192,3.9672,4.6685,4.4288
2013-09-01 00:00:00,2,3.7452,3.7452,3.7452,3.7452,3.5292,3.5292,3.5292,3.5292,3.5292,3.5292,3.5292,3.3192,3.3192,3.3192,3.3192,3.3192,3.3192,3.7452,3.5292,3.5292,3.3192,3.3192,4.4288,4.4288,3.9672,3.7452,3.5292,3.5292,4.6685,4.4288,
2013-08-01 00:00:00,2,4.4288,4.195,4.195,4.195,4.195,4.4288,4.4288,4.4288,4.4288,4.4288,4.4288,4.195,4.195,4.195,4.195,3.9672,3.9672,3.9672,3.9672,3.9672,3.9672,3.9672,3.9672,3.7452,3.7452,3.7452,3.5292,3.7452,3.7452,3.7452,3.7452
2013-07-01 00:00:00,2,6.7958,6.7958,6.5097,6.5097,6.5097,6.5097,6.2293,6.2293,5.9547,5.9547,5.9547,5.9547,5.6858,5.6858,5.6858,5.6858,5.4228,5.4228,5.4228,5.1655,5.1655,5.1655,4.9141,4.9141,4.9141,4.9141,4.6685,4.6685,4.6685,4.4288,4.4288
2013-06-01 00:00:00,2,11.395,8.9578,15.3449,13.6994,13.3016,12.5225,12.1412,11.7653,11.395,10.6709,9.9689,8.9578,8.3118,7.3851,7.3851,7.0876,7.0876,7.0876,7.0876,6.7958,6.7958,6.7958,6.5097,6.5097,6.5097,6.5097,6.5097,6.5097,6.7958,6.7958,
2013-05-01 00:00:00,2,11.7653,11.395,11.0301,10.6709,10.6709,10.6709,10.3171,10.3171,10.3171,9.9689,9.9689,9.6263,9.6263,9.2893,9.2893,9.2893,9.2893,8.9578,8.632,8.632,8.632,8.632,9.2893,8.9578,8.3118,8.3118,8.3118,7.9973,11.7653,16.6358,19.8357
2013-04-01 00:00:00,2,12.5225,20.3142,30.9865,67.6005,60.4693,67.6005,23.296,17.5233,16.2001,16.2001,15.7698,14.9254,46.7017,92.1998,81.7351,71.7379,66.2414,61.7842,57.8705,50.3274,45.9095,41.261,37.5274,34.6345,28.6853,23.296,19.8357,16.6358,13.6994,12.5225,
2013-03-01 00:00:00,2,26.4671,21.7814,21.287,20.3142,19.8357,19.3626,17.9751,16.6358,14.9254,13.3016,12.1412,11.7653,30.4035,27.5658,19.3626,15.3449,14.1026,14.1026,13.3016,12.1412,11.7653,11.395,11.0301,10.3171,16.6358,23.296,34.2788,29.2529,23.8114,17.9751,13.6994
2013-02-01 00:00:00,2,49.1078,81.7351,183.295,139.636,75.0174,201.944,142.61,129.122,121.154,112.824,98.3836,84.678,67.6005,55.3135,35.3498,24.858,20.798,20.3142,19.3626,18.8948,17.9751,17.5233,17.0769,17.0769,16.2001,15.7698,19.3626,22.7859,,,
2013-01-01 00:00:00,2,7.0876,7.0876,6.7958,6.5097,6.5097,5.9547,5.6858,5.6858,7.0876,21.287,20.798,23.296,23.8114,35.7094,32.168,42.7904,21.287,32.7665,22.7859,15.3449,34.9914,29.2529,25.3891,22.7859,38.6339,90.1712,114.473,160.302,100.477,83.2018,63.9987
2012-12-01 00:00:00,2,21.287,20.3142,18.8948,17.5233,16.6358,15.3449,13.6994,12.5225,11.7653,10.6709,10.6709,14.5113,14.5113,20.798,22.7859,27.0138,28.123,9.9689,8.9578,8.3118,8.3118,9.2893,8.632,7.9973,7.3851,7.0876,6.5097,8.3118,7.6884,7.0876,7.6884
2012-11-01 00:00:00,2,2.7253,3.1152,7.6884,16.2001,21.7814,11.0301,14.9254,15.3449,13.6994,49.5131,42.0232,35.7094,50.3274,47.4988,30.4035,17.0769,38.6339,27.5658,23.296,32.7665,23.8114,18.4323,13.6994,9.6263,7.6884,48.3009,33.9245,25.3891,27.5658,23.8114,
2012-10-01 00:00:00,2,3.7452,3.3192,3.1152,3.1152,3.1152,3.1152,2.9172,2.9172,2.9172,2.9172,2.9172,5.1655,5.6858,5.6858,3.9672,3.7452,3.3192,3.1152,3.1152,3.5292,4.4288,4.195,4.6685,5.6858,4.9141,4.6685,4.4288,4.195,3.7452,3.5292,3.1152
2012-09-01 00:00:00,2,3.7452,3.5292,3.5292,3.5292,3.5292,3.3192,3.3192,3.3192,3.1152,3.1152,3.1152,2.9172,2.9172,2.9172,2.7253,2.7253,2.7253,2.7253,3.3192,3.9672,4.4288,6.5097,6.5097,6.5097,6.2293,6.2293,5.4228,4.195,3.9672,3.9672,
2012-08-01 00:00:00,2,4.9141,4.9141,4.9141,4.9141,4.9141,4.9141,4.6685,4.6685,4.6685,4.6685,4.6685,4.6685,4.4288,4.4288,4.4288,4.4288,4.4288,4.4288,4.195,4.195,4.195,4.195,3.9672,3.9672,3.9672,3.9672,3.9672,3.9672,3.9672,3.9672,3.9672
2012-07-01 00:00:00,2,7.0876,6.7958,6.7958,6.7958,6.5097,6.5097,6.5097,6.5097,6.5097,6.5097,6.2293,6.2293,6.2293,6.2293,6.2293,6.2293,6.2293,5.9547,5.9547,5.6858,5.6858,5.6858,5.4228,5.4228,5.4228,5.4228,5.1655,5.1655,5.1655,5.1655,4.9141
2012-06-01 00:00:00,2,6.5097,6.5097,8.632,7.3851,12.1412,29.2529,28.123,24.3321,19.8357,16.2001,10.3171,8.632,7.9973,7.6884,7.6884,7.3851,7.3851,7.3851,7.0876,7.0876,6.5097,22.281,19.3626,15.3449,12.9093,12.1412,11.0301,9.2893,7.6884,7.0876,
2012-05-01 00:00:00,2,14.5113,14.1026,13.6994,12.9093,12.1412,11.0301,10.3171,9.9689,8.9578,8.632,7.9973,7.0876,6.7958,5.6858,6.2293,9.2893,8.9578,8.9578,8.632,8.3118,7.9973,7.6884,7.6884,7.3851,7.9973,7.3851,7.0876,7.0876,6.7958,6.7958,6.5097
2012-04-01 00:00:00,2,25.3891,24.3321,21.287,19.3626,21.7814,19.8357,16.2001,14.9254,12.9093,12.1412,11.7653,11.395,10.6709,9.9689,9.2893,8.9578,28.123,25.3891,23.296,21.7814,19.3626,16.6358,15.3449,17.0769,21.7814,46.7017,49.1078,27.0138,17.9751,15.3449,
2012-03-01 00:00:00,2,23.8114,21.7814,20.3142,18.8948,17.0769,15.7698,14.1026,12.5225,11.0301,9.2893,7.9973,15.3449,31.5747,27.0138,23.8114,25.3891,24.858,22.281,22.281,24.3321,21.287,17.0769,12.9093,37.8949,37.1611,35.3498,31.5747,27.0138,23.296,18.8948,14.5113
2012-02-01 00:00:00,2,34.2788,23.296,21.7814,19.8357,18.8948,17.9751,17.5233,17.0769,16.2001,17.9751,28.6853,24.3321,22.7859,21.7814,20.3142,19.3626,18.8948,17.5233,17.0769,21.7814,21.287,24.858,34.9914,39.3781,28.6853,18.4323,17.0769,16.2001,15.3449,,
2012-01-01 00:00:00,2,111.184,237.571,131.433,80.278,80.278,105.246,180.685,222.646,113.922,115.024,141.418,120.031,129.699,150.447,85.1722,62.2248,60.0333,62.6666,63.9987,59.5984,59.5984,55.3135,51.1464,46.7017,42.7904,34.9914,45.1222,35.7094,30.4035,28.123,27.0138
2011-12-01 00:00:00,2,7.6884,7.0876,6.5097,8.632,7.9973,23.296,16.6358,15.7698,34.6345,19.8357,35.7094,27.0138,27.0138,34.9914,49.9196,47.8992,54.4706,286.731,181.988,88.1592,86.661,66.2414,36.0703,34.6345,39.3781,36.4326,30.4035,29.2529,90.6768,74.5456,64.445
2011-11-01 00:00:00,2,4.4288,4.195,4.195,3.9672,3.5292,3.5292,3.3192,3.3192,3.3192,3.1152,3.1152,16.6358,5.1655,4.195,15.3449,13.3016,6.5097,6.5097,5.6858,5.4228,5.9547,6.5097,5.6858,5.1655,4.9141,4.4288,6.7958,6.5097,7.6884,7.6884,
2011-10-01 00:00:00,2,3.1152,3.1152,3.7452,4.195,3.9672,3.9672,3.7452,3.5292,3.5292,3.5292,3.5292,3.5292,4.195,4.4288,4.195,4.9141,3.9672,4.6685,4.9141,5.4228,5.1655,5.9547,5.6858,5.1655,5.1655,4.9141,4.9141,4.6685,4.6685,4.4288,4.4288
2011-09-01 00:00:00,2,3.5292,3.5292,3.3192,3.3192,3.3192,3.1152,3.1152,3.1152,2.9172,2.9172,2.9172,2.9172,2.7253,2.7253,5.4228,6.2293,5.4228,5.1655,4.6685,4.4288,4.4288,4.195,4.195,3.9672,3.7452,3.5292,3.5292,3.3192,3.1152,3.1152,
2011-08-01 00:00:00,2,5.4228,5.4228,5.4228,5.1655,5.1655,4.9141,4.9141,4.9141,4.6685,4.6685,4.6685,4.6685,4.6685,4.4288,4.4288,4.4288,4.195,4.195,4.195,4.195,4.195,4.195,4.195,4.195,4.195,4.195,3.9672,3.9672,3.7452,3.7452,3.7452
2011-07-01 00:00:00,2,6.7958,6.7958,6.7958,6.7958,6.5097,6.5097,6.5097,6.5097,6.2293,6.2293,6.2293,5.9547,5.9547,5.9547,5.6858,5.6858,5.6858,5.6858,5.6858,5.6858,5.4228,5.4228,5.4228,5.4228,5.4228,5.4228,5.4228,5.4228,5.4228,5.4228,5.4228
2011-06-01 00:00:00,2,7.0876,8.3118,7.9973,7.6884,7.6884,7.6884,7.6884,7.3851,7.3851,7.3851,7.3851,7.3851,7.3851,7.3851,7.0876,7.0876,7.9973,7.6884,7.6884,7.3851,7.3851,7.3851,7.3851,7.0876,7.0876,7.0876,7.0876,7.0876,7.0876,6.7958,
2011-05-01 00:00:00,2,18.4323,17.5233,16.6358,16.2001,16.2001,15.7698,15.7698,15.3449,14.9254,14.9254,14.5113,14.1026,13.6994,13.6994,13.3016,12.9093,12.5225,12.1412,12.1412,11.7653,11.7653,11.7653,11.395,11.395,10.6709,10.6709,9.6263,9.2893,8.632,8.3118,7.6884
2011-04-01 00:00:00,2,42.7904,42.0232,40.8819,40.504,79.3119,134.342,87.6587,38.6339,37.5274,36.7962,36.0703,34.9914,34.2788,31.5747,28.6853,27.0138,25.9255,24.858,23.8114,22.281,21.287,20.3142,20.3142,20.3142,19.3626,18.8948,36.4326,28.123,23.8114,19.3626,
2011-03-01 00:00:00,2,25.3891,34.6345,48.3009,58.3007,88.1592,138.453,229.709,126.827,300.716,142.013,134.926,122.846,102.058,79.3119,75.9642,77.3924,96.3061,91.6911,112.824,154.731,123.412,87.1593,75.4902,66.2414,54.8915,54.8915,51.5578,48.3009,47.0996,146.208,43.5626
2011-02-01 00:00:00,2,17.9751,17.0769,16.6358,16.6358,16.2001,16.2001,14.9254,14.5113,12.1412,13.6994,13.3016,12.5225,12.1412,12.1412,11.7653,11.7653,11.7653,11.7653,11.0301,11.0301,10.6709,10.6709,12.9093,15.3449,13.6994,12.5225,12.1412,34.2788,,,
2011-01-01 00:00:00,2,271.48,165.945,152.278,151.057,180.685,165.314,312.554,211.513,183.295,88.6606,113.373,112.276,100.477,90.6768,80.7626,73.6053,58.7321,48.7038,39.0053,28.6853,28.123,27.0138,26.4671,25.3891,24.858,23.8114,21.7814,21.287,20.798,19.8357,18.8948
2010-12-01 00:00:00,2,25.8728,21.7159,19.5019,27.4134,31.3277,249.178,122.846,66.6933,65.7906,43.9507,42.4061,39.3781,34.9914,29.8256,31.5747,84.1849,41.6415,39.0053,40.504,38.6339,36.7962,34.9914,33.9245,28.6853,31.5747,43.9507,75.0174,122.281,138.453,122.281,101.53
2010-11-01 00:00:00,2,4.8294,4.8294,6.0105,5.7113,3.6949,6.0105,7.5429,6.0105,5.1206,6.6165,6.923,7.5429,6.3123,6.6165,153.809,44.8036,60.3217,20.6039,12.101,21.7159,20.6039,26.6412,22.0887,19.8681,18.0485,22.4626,22.8375,38.17,27.4134,22.8375,
2010-10-01 00:00:00,2,20.2355,23.2134,19.5019,18.7729,22.0887,18.7729,16.9711,18.7729,16.9711,15.2007,12.101,10.4328,14.5019,13.1211,11.4288,8.808,7.5429,6.923,5.4146,4.5411,6.3123,7.5429,8.808,9.7774,9.7774,9.7774,7.2319,3.4196,3.6949,4.8294,5.4146
2010-09-01 00:00:00,2,2.1021,2.1021,1.8525,1.8525,1.8525,1.8525,1.8525,1.8525,1.6083,1.6083,1.6083,1.6083,1.6083,1.6083,1.6083,1.6083,1.6083,1.6083,1.6083,1.6083,1.3702,1.3702,1.1388,1.1388,1.1388,1.1388,20.9735,18.7729,24.3472,22.8375,
2010-08-01 00:00:00,2,2.88,2.88,2.88,2.88,2.88,2.88,2.88,2.88,2.6162,2.6162,2.6162,2.6162,2.6162,2.6162,2.3568,2.3568,2.3568,2.3568,2.3568,2.3568,2.3568,2.3568,2.3568,2.1021,2.1021,2.1021,2.1021,2.1021,2.1021,2.1021,2.1021
2010-07-01 00:00:00,2,4.5411,4.5411,4.2559,4.2559,4.2559,4.2559,4.2559,3.9737,3.9737,3.9737,3.9737,3.9737,3.9737,3.9737,3.9737,3.9737,3.9737,3.6949,3.6949,3.6949,3.4196,3.4196,3.4196,3.1479,3.1479,3.1479,3.1479,3.1479,2.88,2.88,2.88
2010-06-01 00:00:00,2,6.923,6.6165,6.6165,10.7631,9.4524,8.1714,6.923,6.3123,6.3123,6.0105,6.0105,5.7113,5.7113,5.7113,5.4146,5.4146,5.4146,5.4146,5.1206,5.1206,5.1206,5.1206,5.1206,4.8294,4.8294,4.8294,4.8294,4.5411,4.5411,4.5411,
2010-05-01 00:00:00,2,9.1293,8.808,8.808,10.4328,9.7774,9.1293,8.808,8.1714,10.7631,10.4328,11.0951,9.1293,9.1293,8.808,8.4887,8.1714,8.1714,7.8561,7.8561,7.5429,7.5429,8.808,8.1714,7.8561,7.5429,12.7796,8.4887,7.5429,7.5429,7.2319,6.923
2010-04-01 00:00:00,2,18.0485,17.6882,16.6145,20.9735,30.1444,66.5525,32.9172,25.1081,20.2355,20.9735,17.6882,16.9711,15.905,15.5522,14.8506,14.5019,14.1545,13.1211,12.101,11.4288,11.4288,10.7631,10.7631,10.4328,10.1042,10.1042,9.7774,9.7774,9.4524,9.1293,
2010-03-01 00:00:00,2,52.8983,62.9795,125.495,60.3217,40.2239,45.6449,30.9324,34.1178,33.3166,30.538,30.1444,28.9687,27.4134,26.6412,25.1081,23.9683,23.5903,22.8375,21.3442,20.2355,17.329,19.8681,25.1081,100.134,70.1578,29.7516,22.8375,20.6039,19.5019,18.7729,18.4101
2010-02-01 00:00:00,2,15.2007,14.5019,13.8086,13.4641,12.7796,12.4395,11.7641,11.7641,11.4288,11.0951,11.0951,10.7631,10.1042,10.1042,9.4524,8.808,8.4887,7.8561,7.5429,25.1081,10.4328,8.808,7.5429,6.923,6.3123,6.0105,5.7113,24.3472,,,
2010-01-01 00:00:00,2,20.6039,22.4626,21.7159,20.2355,18.7729,30.538,52.0358,41.4647,34.9221,26.2565,20.6039,17.6882,26.6412,23.9683,22.4626,25.1081,21.7159,20.2355,16.9711,19.1368,18.0485,17.329,16.6145,16.9711,20.6039,51.1757,125.495,51.6055,20.6039,17.6882,16.2591
2009-12-01 00:00:00,2,6.6165,11.7641,13.8086,17.6882,30.9324,20.2355,14.8506,14.1545,20.2355,19.1368,22.4626,14.1545,14.5019,51.1757,45.6449,42.2953,43.1287,15.2007,13.4641,14.5019,13.8086,30.1444,22.4626,23.2134,30.538,29.3597,22.4626,28.1893,30.538,30.1444,25.1081
2009-11-01 00:00:00,2,11.7641,11.0951,14.1545,13.4641,12.7796,12.101,11.4288,10.1042,9.1293,7.8561,46.9119,22.0887,21.3442,19.8681,19.1368,18.7729,21.7159,21.3442,19.8681,17.6882,16.6145,14.8506,13.8086,12.4395,11.4288,9.7774,8.808,8.1714,10.7631,11.4288,
2009-10-01 00:00:00,2,4.8294,4.5411,3.9737,3.9737,3.6949,3.4196,3.4196,3.1479,2.88,2.88,2.6162,2.6162,3.9737,3.4196,3.1479,2.88,3.1479,3.9737,3.6949,94.8133,41.0504,15.5522,23.9683,36.1344,38.5793,32.9172,19.8681,15.2007,15.2007,18.4101,14.8506
2009-09-01 00:00:00,2,3.9737,3.9737,3.6949,3.6949,6.0105,9.7774,7.2319,7.5429,7.5429,7.2319,6.923,6.6165,6.3123,5.7113,8.808,8.1714,7.5429,7.2319,6.6165,5.7113,4.5411,4.8294,5.7113,5.7113,6.0105,6.0105,5.7113,5.7113,5.4146,4.8294,
2009-08-01 00:00:00,2,5.4146,5.4146,5.4146,5.4146,5.4146,5.4146,5.1206,5.1206,5.1206,4.8294,4.8294,4.8294,4.8294,4.8294,4.5411,4.5411,4.5411,4.5411,4.5411,4.2559,4.2559,4.2559,4.2559,11.0951,8.808,7.5429,6.923,6.923,6.0105,4.5411,4.2559
2009-07-01 00:00:00,2,8.1714,8.1714,7.8561,7.8561,7.8561,7.5429,7.5429,7.5429,7.2319,7.2319,6.923,6.923,6.923,6.923,6.6165,6.6165,6.6165,6.6165,6.3123,6.3123,6.3123,6.3123,6.0105,6.0105,6.0105,5.7113,5.7113,5.7113,5.7113,5.4146,5.4146
2009-06-01 00:00:00,2,11.4288,11.0951,11.0951,10.7631,10.7631,10.7631,10.4328,10.1042,10.1042,10.1042,9.7774,9.7774,9.7774,9.4524,9.4524,9.4524,9.1293,9.1293,8.808,8.808,8.808,8.808,8.4887,8.4887,8.4887,8.4887,8.1714,8.808,8.4887,8.1714,
2009-05-01 00:00:00,2,20.2355,19.1368,23.5903,26.2565,23.9683,30.1444,28.1893,24.7272,21.7159,18.7729,17.6882,17.329,16.9711,16.2591,16.9711,29.7516,27.4134,20.9735,19.1368,17.6882,17.329,16.2591,15.905,14.5019,13.1211,12.101,11.7641,11.4288,11.4288,11.0951,10.7631
2009-04-01 00:00:00,2,64.3156,59.44,55.0647,45.2239,32.1208,37.3536,30.1444,52.8983,46.0666,40.6368,39.8117,36.9464,33.7168,70.6107,42.2953,42.2953,83.138,66.5525,52.0358,35.7296,29.7516,28.1893,27.4134,27.0269,26.2565,25.4899,23.5903,21.7159,20.2355,19.1368,
2009-03-01 00:00:00,2,29.7516,26.2565,25.1081,23.9683,22.4626,21.7159,20.6039,22.8375,21.3442,22.0887,20.6039,19.5019,22.4626,20.2355,21.7159,19.5019,195.488,49.0361,62.9795,33.7168,28.9687,25.4899,139.359,32.1208,55.4997,91.9404,49.0361,61.2055,48.1845,30.9324,102.562
2009-02-01 00:00:00,2,94.8133,64.7619,53.7631,46.9119,39.8117,54.1964,51.6055,106.276,87.4654,49.0361,64.3156,54.1964,110.721,154.423,239.255,131.171,80.5073,52.0358,46.4889,44.3839,42.7117,42.2953,41.0504,34.1178,75.1658,57.6832,34.1178,30.9324,,,
2009-01-01 00:00:00,2,41.8797,32.9172,34.5196,33.3166,29.7516,22.0887,20.2355,18.0485,18.4101,17.6882,16.9711,15.905,15.5522,15.2007,23.2134,18.7729,20.2355,19.5019,24.7272,37.7614,27.4134,30.1444,182.93,95.395,143.52,77.9326,132.91,139.359,100.738,78.4431,77.4609
2008-12-01 00:00:00,2,4.8294,6.0105,5.4146,4.8294,3.9737,3.4196,2.88,2.6162,2.3568,2.3568,2.88,2.3568,9.1293,18.7729,10.4328,32.5186,67.9008,110.721,40.6368,19.1368,18.4101,16.2591,13.8086,190.163,56.3714,32.9172,91.3729,293.884,179.676,157.503,56.3714
2008-11-01 00:00:00,2,2.3568,2.1021,1.8525,4.2559,4.2559,4.5411,4.8294,5.4146,4.5411,3.4196,6.0105,18.0485,24.3472,16.6145,26.6412,16.9711,5.1206,15.905,12.7796,10.7631,8.4887,4.8294,4.8294,4.8294,4.5411,4.5411,4.2559,4.8294,4.5411,6.0105,
2008-10-01 00:00:00,2,2.88,2.3568,2.1021,2.1021,2.1021,1.8525,1.8525,1.8525,1.8525,5.4146,4.5411,4.2559,3.9737,3.4196,3.1479,2.88,2.88,2.6162,2.6162,2.88,2.88,2.88,2.6162,2.3568,2.3568,2.1021,2.1021,2.1021,2.1021,1.8525,1.8525
2008-09-01 00:00:00,2,4.8294,4.8294,3.9737,3.4196,,,,,,,,,,,,,,,,,,,,,,,,,,,
2008-08-01 00:00:00,2,4.8294,4.8294,4.8294,4.8294,4.8294,4.5411,4.5411,4.5411,4.5411,4.5411,4.5411,4.5411,4.5411,4.5411,4.5411,4.5411,4.5411,4.5411,4.5411,4.5411,4.5411,4.5411,4.5411,4.5411,4.5411,4.5411,4.5411,4.5411,4.5411,4.5411,4.5411
2008-07-01 00:00:00,2,6.3123,6.3123,6.3123,6.3123,6.3123,6.3123,6.3123,6.3123,6.0105,6.0105,6.0105,5.7113,5.7113,5.7113,5.7113,5.7113,5.7113,5.7113,5.4146,5.4146,5.4146,5.4146,5.4146,5.4146,5.1206,5.1206,5.1206,5.1206,5.1206,5.1206,5.1206
2008-06-01 00:00:00,2,10.7631,10.7631,10.1042,10.1042,9.4524,9.4524,9.4524,9.1293,8.808,8.808,8.808,8.4887,8.4887,8.1714,8.1714,8.1714,8.1714,7.8561,7.8561,7.8561,7.5429,7.2319,7.2319,6.923,6.923,6.923,6.923,6.923,6.6165,6.6165,
2008-05-01 00:00:00,2,14.1545,14.1545,11.4288,12.4395,14.5019,15.2007,14.8506,14.5019,14.1545,13.8086,13.8086,13.4641,13.4641,13.1211,12.7796,12.7796,12.101,12.101,12.101,11.7641,11.4288,11.4288,11.4288,11.4288,11.4288,11.4288,11.0951,11.0951,11.0951,10.7631,10.7631
2008-04-01 00:00:00,2,22.0887,21.7159,23.2134,25.4899,23.9683,25.1081,30.9324,28.9687,27.0269,29.7516,29.3597,28.9687,23.9683,22.4626,20.2355,19.1368,19.8681,19.5019,18.0485,22.0887,24.3472,22.8375,20.2355,18.7729,17.329,15.5522,15.5522,15.2007,14.8506,14.5019,
2008-03-01 00:00:00,2,21.7159,21.3442,20.6039,19.8681,19.5019,65.6562,104.408,108.166,59,48.61,43.1287,40.6368,36.1344,35.3255,29.3597,54.6302,59,50.7466,44.8036,47.3354,46.0666,42.7117,36.9464,34.1178,30.9324,30.538,30.1444,27.4134,26.2565,25.4899,23.2134
2008-02-01 00:00:00,2,110.721,98.9351,83.671,137.001,239.255,188.841,171.316,112.013,126.9,112.013,94.8133,81.0289,54.1964,43.5464,41.8797,40.2239,36.9464,35.3255,38.17,35.3255,33.3166,33.3166,30.9324,29.3597,26.6412,24.7272,22.8375,22.4626,22.0887,,
2008-01-01 00:00:00,2,8.808,6.6165,6.0105,5.7113,10.7631,18.4101,20.9735,16.2591,14.5019,11.0951,10.7631,14.5019,45.6449,122.029,99.5335,62.0915,53.7631,54.1964,30.9324,21.7159,18.4101,18.4101,12.7796,13.8086,12.7796,39.8117,322.161,237.816,216.621,187.521,160.605
2007-12-01 00:00:00,2,8.808,8.1714,6.3123,6.3123,4.5411,3.4196,5.1206,6.3123,6.3123,5.7113,5.7113,5.4146,5.4146,5.4146,4.5411,4.5411,3.9737,3.4196,9.7774,14.1545,19.5019,24.7272,19.5019,16.2591,15.905,15.2007,14.5019,12.101,10.4328,9.4524,8.808
2007-11-01 00:00:00,2,7.5429,7.8561,8.808,8.4887,8.1714,8.1714,8.808,8.4887,8.1714,8.808,9.7774,9.4524,9.1293,8.808,8.4887,8.1714,7.8561,7.5429,7.5429,8.4887,9.4524,8.808,10.7631,13.8086,20.9735,14.8506,9.4524,9.4524,9.4524,8.808,
2007-10-01 00:00:00,2,1.8525,2.6162,2.3568,2.3568,2.3568,2.3568,2.3568,1.8525,1.8525,1.8525,1.8525,1.8525,1.8525,1.8525,1.8525,1.3702,1.3702,1.3702,2.3568,2.3568,1.6083,1.3702,1.3702,1.3702,6.923,7.8561,8.1714,7.8561,7.5429,7.5429,7.5429
2007-09-01 00:00:00,2,2.88,2.88,2.88,2.88,2.88,2.88,2.88,2.88,2.88,2.88,2.88,2.88,2.88,2.6162,2.3568,2.3568,2.3568,2.3568,2.3568,2.1021,2.1021,2.1021,2.1021,1.8525,1.8525,1.8525,1.8525,1.8525,1.8525,1.8525,
2007-08-01 00:00:00,2,4.5411,4.5411,4.5411,4.5411,4.5411,4.5411,4.5411,4.5411,4.5411,4.5411,4.5411,4.5411,4.2559,3.9737,3.6949,3.6949,3.4196,3.4196,3.4196,3.4196,3.4196,3.4196,3.4196,3.4196,3.4196,3.4196,3.4196,3.1479,3.1479,3.1479,3.1479
2007-07-01 00:00:00,2,5.4146,5.1206,5.1206,5.1206,5.1206,5.1206,5.1206,5.1206,5.1206,5.1206,5.1206,5.1206,4.5411,4.5411,4.5411,4.5411,4.5411,4.5411,4.2559,4.2559,4.2559,4.2559,4.2559,3.9737,3.9737,3.9737,3.9737,3.9737,5.1206,4.8294,5.1206
2007-06-01 00:00:00,2,7.5429,7.5429,7.5429,7.5429,7.2319,6.923,6.923,6.923,6.923,6.6165,6.6165,6.3123,6.3123,6.3123,6.3123,6.3123,6.3123,6.0105,6.0105,6.0105,5.7113,5.7113,5.7113,5.7113,5.7113,5.7113,5.7113,5.4146,5.4146,5.4146,
2007-05-01 00:00:00,2,10.7631,10.7631,10.7631,10.1042,9.4524,8.808,8.808,8.808,8.808,8.808,8.4887,8.4887,8.1714,8.1714,8.1714,8.1714,7.8561,7.8561,7.8561,7.5429,7.5429,7.5429,7.5429,7.5429,7.5429,7.5429,8.1714,8.1714,7.8561,7.5429,7.5429
2007-04-01 00:00:00,2,13.1211,12.7796,12.7796,12.7796,12.4395,13.1211,14.5019,13.4641,12.7796,12.7796,12.4395,12.101,12.101,12.101,11.4288,10.7631,10.7631,10.7631,11.0951,10.7631,10.4328,10.1042,13.8086,11.7641,11.4288,10.7631,10.7631,13.8086,11.7641,10.7631,
2007-03-01 00:00:00,2,22.4626,22.0887,22.0887,22.0887,21.3442,20.6039,19.8681,19.5019,18.7729,18.4101,18.0485,17.6882,17.329,16.9711,16.6145,16.2591,17.6882,22.8375,19.1368,18.0485,17.329,16.6145,16.2591,16.2591,15.905,15.5522,14.1545,13.8086,13.8086,13.4641,13.4641
2007-02-01 00:00:00,2,71.0641,60.7633,46.9119,50.318,55.9352,51.6055,70.1578,57.6832,51.1757,47.7597,64.3156,161.228,131.171,111.366,94.234,68.3512,66.1041,76.5414,59.8806,62.5352,54.1964,50.7466,52.8983,49.0361,49.0361,32.1208,27.0269,28.5785,,,
2007-01-01 00:00:00,2,122.029,109.439,180.325,170.679,165.614,177.734,221.502,169.408,151.365,145.917,122.029,66.1041,60.7633,117.284,109.439,98.3391,86.9165,66.1041,62.0915,51.1757,46.9119,46.4889,65.6562,111.366,147.725,122.717,255.286,168.773,159.361,107.534,70.6107
2006-12-01 00:00:00,2,20.6039,14.8506,12.101,18.4101,68.3512,27.0269,47.7597,29.7516,39.4002,90.8077,158.741,200.191,267.181,162.477,113.971,161.228,156.268,164.357,110.721,105.028,77.9326,58.5605,52.4667,45.2239,51.6055,79.9879,84.7436,194.152,112.663,123.408,109.439
2006-11-01 00:00:00,2,8.4887,9.7774,8.808,8.1714,9.1293,14.5019,12.101,11.4288,10.7631,10.4328,9.4524,9.4524,9.1293,8.808,8.808,7.8561,7.5429,7.2319,8.808,11.0951,9.1293,8.808,8.1714,8.1714,7.5429,7.5429,49.4628,46.0666,44.3839,50.7466,
2006-10-01 00:00:00,2,4.8294,4.5411,4.5411,5.1206,5.4146,8.808,7.5429,10.7631,9.4524,8.4887,10.1042,9.7774,11.7641,9.1293,9.4524,9.7774,14.5019,12.7796,18.4101,13.1211,12.7796,12.101,11.4288,10.7631,10.7631,9.7774,8.808,8.1714,7.8561,7.5429,6.923
2006-09-01 00:00:00,2,4.5411,6.0105,5.7113,5.1206,4.8294,4.5411,4.5411,4.5411,4.5411,4.2559,4.2559,3.9737,3.9737,3.9737,3.6949,3.6949,3.4196,3.4196,3.4196,3.4196,5.7113,8.4887,7.8561,8.4887,7.5429,7.2319,6.3123,5.7113,5.7113,5.4146,
2006-08-01 00:00:00,2,5.4146,5.4146,6.923,6.6165,5.7113,5.4146,5.4146,5.1206,5.1206,5.1206,5.1206,5.1206,4.8294,4.8294,4.5411,4.5411,4.5411,4.5411,4.5411,4.5411,4.5411,4.5411,4.5411,4.5411,4.5411,4.5411,4.5411,4.5411,5.1206,4.8294,4.8294
2006-07-01 00:00:00,2,9.7774,8.808,8.1714,7.5429,7.5429,7.2319,6.923,6.923,6.923,6.923,6.6165,6.3123,6.3123,6.3123,6.3123,6.3123,6.3123,6.3123,6.0105,6.0105,6.0105,6.0105,6.0105,5.7113,5.7113,5.7113,5.7113,5.7113,5.7113,5.4146,5.4146
2006-06-01 00:00:00,2,9.7774,9.4524,9.4524,9.4524,9.4524,9.4524,9.4524,9.1293,9.1293,8.808,8.808,8.808,8.4887,8.4887,8.1714,8.1714,8.1714,8.1714,8.1714,8.1714,7.8561,7.8561,7.8561,7.5429,7.5429,7.5429,7.5429,7.5429,7.5429,8.1714,
2006-05-01 00:00:00,2,20.9735,15.2007,14.8506,14.5019,13.4641,13.4641,12.7796,12.7796,19.5019,16.6145,15.5522,15.5522,13.8086,13.4641,12.4395,12.101,11.4288,11.4288,11.4288,11.4288,11.4288,11.4288,11.4288,10.7631,10.7631,10.7631,10.1042,10.1042,10.1042,10.1042,10.1042
2006-04-01 00:00:00,2,38.5793,35.3255,30.538,29.7516,28.1893,25.4899,25.1081,24.7272,23.9683,22.8375,22.0887,20.2355,19.1368,19.1368,18.7729,27.8009,25.1081,26.6412,22.4626,19.1368,18.4101,18.0485,17.6882,17.6882,17.329,16.9711,16.6145,16.2591,16.2591,16.2591,
2006-03-01 00:00:00,2,27.8009,18.7729,23.5903,18.7729,17.6882,45.6449,54.1964,32.1208,21.3442,13.1211,18.4101,35.3255,30.538,63.8697,59.8806,77.9326,97.7455,71.9722,137.589,154.423,85.8255,62.9795,68.3512,38.5793,21.7159,15.2007,22.0887,18.7729,29.7516,68.3512,52.4667
2006-02-01 00:00:00,2,30.538,24.3472,21.3442,15.905,14.5019,12.4395,13.4641,14.8506,14.8506,15.5522,15.5522,14.8506,14.8506,17.6882,19.5019,18.7729,16.9711,15.905,15.5522,14.8506,14.8506,15.5522,16.2591,16.2591,15.5522,19.1368,58.5605,52.0358,,,
2006-01-01 00:00:00,2,23.9683,24.7272,28.9687,30.9324,68.8021,55.4997,46.9119,32.1208,27.0269,25.8728,23.5903,21.7159,19.8681,18.7729,19.1368,19.1368,18.7729,18.4101,18.0485,17.6882,16.9711,16.9711,16.6145,14.8506,14.8506,15.2007,16.6145,16.6145,15.905,27.8009,54.1964
2005-12-01 00:00:00,2,31.7239,18.0485,14.5019,10.4328,7.5429,40.2239,87.4654,206.297,87.4654,95.395,125.495,129.027,161.228,198.17,142.922,58.1216,66.1041,62.5352,58.1216,48.1845,42.7117,39.4002,30.9324,24.3472,22.8375,19.8681,18.7729,16.9711,15.905,13.1211,12.4395
2005-11-01 00:00:00,2,5.4146,5.7113,6.6165,6.6165,8.1714,5.1206,4.5411,4.2559,3.9737,6.923,20.6039,15.905,13.1211,9.4524,8.1714,6.923,6.6165,38.17,27.8009,25.4899,27.4134,19.8681,16.6145,25.8728,33.7168,102.562,75.1658,45.6449,48.1845,42.2953,
2005-10-01 00:00:00,2,4.2559,4.2559,3.9737,3.6949,3.4196,3.4196,3.1479,2.88,2.88,2.88,2.88,2.88,2.88,2.88,2.88,2.6162,2.6162,2.3568,2.3568,4.2559,3.4196,2.88,2.88,3.6949,4.5411,4.5411,4.5411,4.5411,4.2559,4.5411,4.5411
2005-09-01 00:00:00,2,3.9737,3.9737,3.9737,3.9737,3.9737,4.5411,4.5411,4.5411,4.2559,3.9737,3.9737,3.9737,3.9737,3.9737,3.6949,3.6949,4.8294,4.2559,3.9737,3.9737,3.9737,4.2559,4.5411,4.5411,4.5411,4.5411,4.5411,4.5411,4.5411,4.5411,
2005-08-01 00:00:00,2,5.1206,5.1206,5.1206,5.1206,4.8294,4.8294,4.5411,4.5411,4.5411,4.5411,4.5411,4.5411,4.5411,4.5411,4.5411,4.5411,4.5411,4.5411,4.5411,4.2559,4.2559,4.2559,4.2559,4.2559,3.9737,3.9737,3.9737,3.9737,3.9737,3.9737,3.9737
2005-07-01 00:00:00,2,6.923,6.6165,6.6165,6.6165,6.3123,6.3123,6.3123,6.3123,6.3123,6.3123,6.6165,6.6165,6.3123,6.3123,6.0105,6.0105,6.0105,6.0105,5.7113,5.7113,5.7113,5.7113,5.7113,5.7113,5.4146,5.4146,5.4146,5.4146,5.4146,5.1206,5.1206
2005-06-01 00:00:00,2,10.1042,9.7774,9.4524,9.4524,9.4524,9.4524,9.1293,9.1293,9.1293,8.808,8.4887,8.1714,8.1714,8.1714,8.1714,8.1714,8.1714,8.1714,8.1714,8.1714,7.8561,7.8561,7.5429,7.5429,7.5429,7.5429,7.5429,7.5429,7.5429,6.923,
2005-05-01 00:00:00,2,12.7796,13.4641,13.4641,12.7796,12.7796,12.4395,12.101,12.101,11.7641,11.4288,11.4288,11.4288,11.0951,10.7631,10.7631,10.7631,10.1042,10.1042,10.1042,10.1042,9.7774,9.4524,9.4524,11.7641,11.4288,26.2565,13.1211,11.4288,10.7631,10.1042,10.1042
2005-04-01 00:00:00,2,20.2355,19.8681,19.1368,19.1368,18.0485,17.6882,17.329,16.6145,15.5522,15.5522,14.8506,14.5019,14.1545,14.1545,13.4641,13.1211,12.7796,12.4395,12.101,12.101,12.101,12.101,12.101,12.101,12.101,12.101,13.4641,11.4288,32.1208,18.4101,
2005-03-01 00:00:00,2,20.9735,19.8681,31.7239,33.3166,26.6412,20.9735,19.5019,19.1368,18.0485,25.1081,54.1964,39.4002,21.3442,19.8681,19.1368,18.0485,23.9683,19.8681,45.6449,41.4647,57.6832,49.0361,50.7466,40.2239,35.7296,29.3597,29.7516,25.4899,23.5903,22.4626,22.0887
2005-02-01 00:00:00,2,74.251,69.2536,59.44,47.3354,38.5793,34.1178,26.2565,21.7159,21.3442,20.2355,19.8681,19.8681,19.1368,18.4101,18.4101,18.0485,17.329,16.2591,18.4101,17.6882,16.6145,15.905,15.5522,15.5522,20.6039,19.5019,23.5903,24.3472,,,
2005-01-01 00:00:00,2,15.5522,22.0887,27.0269,22.8375,65.2088,131.75,114.629,110.079,100.134,98.3391,94.8133,90.8077,75.6239,60.3217,50.7466,41.4647,26.6412,21.3442,68.8021,41.0504,28.9687,25.8728,19.8681,16.6145,26.2565,27.0269,45.6449,189.502,187.521,110.079,95.395
2004-12-01 00:00:00,2,6.923,4.8294,4.5411,4.5411,7.8561,6.3123,5.7113,5.7113,5.7113,70.1578,41.4647,21.7159,11.7641,9.7774,8.808,6.923,6.923,9.4524,9.4524,9.7774,9.4524,36.5401,55.9352,34.9221,139.95,54.6302,49.0361,45.2239,30.538,39.8117,41.8797
2004-11-01 00:00:00,2,3.4196,5.4146,3.4196,3.4196,3.4196,3.9737,5.7113,11.0951,6.0105,5.1206,4.5411,3.6949,2.88,2.88,3.4196,5.1206,5.1206,5.1206,6.0105,5.7113,4.5411,4.5411,4.5411,3.9737,5.1206,4.5411,4.5411,4.5411,4.5411,4.5411,
2004-10-01 00:00:00,2,2.88,4.5411,5.4146,5.7113,5.7113,5.1206,5.1206,4.8294,4.5411,3.9737,3.9737,3.4196,3.9737,3.9737,3.9737,3.9737,3.9737,3.9737,3.9737,3.4196,3.9737,5.1206,4.8294,4.2559,4.5411,4.5411,5.4146,4.5411,3.9737,3.6949,3.4196
2004-09-01 00:00:00,2,4.2559,4.2559,4.2559,4.2559,4.2559,4.2559,4.2559,4.2559,4.2559,4.2559,4.2559,4.2559,4.2559,3.9737,3.9737,3.6949,3.6949,3.6949,3.6949,3.6949,3.6949,3.6949,3.6949,3.6949,3.6949,3.6949,3.6949,3.6949,3.6949,2.88,
2004-08-01 00:00:00,2,6.3123,6.0105,5.7113,5.7113,5.7113,5.7113,5.7113,5.4146,5.4146,5.4146,5.4146,5.1206,5.1206,5.1206,5.1206,5.1206,5.1206,5.1206,5.1206,5.1206,5.1206,4.8294,4.8294,4.8294,4.8294,4.8294,4.8294,4.5411,4.5411,4.2559,4.2559
2004-07-01 00:00:00,2,7.8561,7.5429,7.5429,7.5429,7.2319,7.2319,6.923,6.923,6.923,6.923,6.923,7.5429,7.2319,6.923,6.923,6.923,6.923,8.4887,8.808,9.1293,8.4887,7.8561,7.5429,6.923,6.923,6.923,6.923,6.923,6.6165,6.3123,6.3123
2004-06-01 00:00:00,2,10.7631,13.8086,12.4395,11.0951,10.7631,10.1042,10.1042,9.4524,9.4524,9.4524,9.4524,9.4524,9.4524,9.4524,9.4524,9.4524,9.1293,9.1293,8.808,8.808,8.808,8.808,8.808,8.808,8.808,8.808,8.4887,8.4887,8.1714,8.1714,
2004-05-01 00:00:00,2,16.6145,16.2591,16.2591,16.2591,15.5522,15.2007,14.8506,14.8506,14.8506,14.5019,14.1545,14.1545,13.8086,13.4641,12.7796,12.7796,12.7796,12.7796,12.7796,12.7796,12.7796,12.7796,12.101,11.7641,11.4288,11.4288,11.4288,11.4288,11.0951,10.7631,10.7631
2004-04-01 00:00:00,2,31.7239,62.9795,37.3536,32.1208,34.1178,32.5186,42.2953,40.6368,32.1208,45.2239,48.61,46.4889,52.0358,42.2953,39.8117,32.1208,29.7516,27.0269,24.3472,25.4899,24.3472,22.8375,21.7159,20.9735,20.6039,20.6039,20.2355,19.1368,17.6882,16.9711,
2004-03-01 00:00:00,2,57.2454,52.4667,56.8081,89.1261,384.466,269.434,110.721,83.138,66.5525,57.6832,52.4667,48.61,49.0361,53.3304,148.935,116.616,61.2055,46.0666,154.423,61.6482,45.6449,38.17,34.9221,34.5196,33.3166,32.1208,77.9326,77.9326,68.3512,38.17,42.7117
2004-02-01 00:00:00,2,70.6107,79.9879,77.0009,92.5103,83.671,80.5073,105.028,173.873,59,74.251,129.741,191.489,124.101,82.079,66.5525,116.616,144.118,119.98,84.7436,89.1261,143.52,301.683,155.652,96.5655,74.7081,124.797,91.9404,71.9722,63.8697,,
2004-01-01 00:00:00,2,36.5401,49.0361,52.4667,130.458,66.1041,47.3354,35.3255,29.7516,39.8117,135.828,67.0015,64.3156,53.7631,49.8901,43.9648,41.8797,29.3597,27.4134,23.5903,23.5903,23.2134,22.0887,21.7159,20.6039,19.1368,41.4647,139.359,71.0641,57.6832,54.1964,55.0647
2003-12-01 00:00:00,2,10.4328,14.5019,14.5019,11.7641,16.6145,46.0666,40.6368,23.2134,19.5019,17.6882,14.5019,13.8086,12.7796,9.7774,8.4887,8.1714,8.1714,27.8009,13.1211,11.4288,8.4887,8.808,49.4628,15.905,6.923,5.7113,8.4887,6.6165,6.6165,5.4146,5.7113
2003-11-01 00:00:00,2,1.8525,3.1479,3.4196,3.9737,3.6949,3.9737,3.9737,4.2559,3.4196,2.88,2.3568,2.3568,2.1021,1.8525,1.8525,5.1206,5.7113,4.8294,6.923,6.6165,4.8294,3.4196,2.88,2.6162,2.3568,2.3568,2.3568,11.0951,11.7641,12.4395,
2003-10-01 00:00:00,2,2.3568,2.3568,2.3568,2.3568,2.3568,2.3568,2.3568,2.3568,2.3568,2.3568,6.923,6.6165,6.0105,5.4146,4.2559,2.6162,1.8525,1.6083,1.6083,1.6083,1.3702,1.3702,1.8525,1.8525,1.8525,1.8525,1.6083,1.8525,1.8525,1.8525,1.8525
2003-09-01 00:00:00,2,9.7774,6.0105,3.9737,3.4196,2.88,2.6162,2.6162,2.6162,2.6162,2.3568,2.3568,2.3568,2.3568,4.5411,3.6949,3.1479,2.88,2.88,2.88,2.88,2.88,2.88,2.6162,2.6162,2.6162,2.3568,2.3568,2.3568,2.3568,2.3568,
2003-08-01 00:00:00,2,3.4196,3.4196,3.4196,3.4196,3.4196,3.1479,3.1479,3.1479,2.88,2.88,2.88,2.88,2.88,3.4196,3.4196,3.4196,3.1479,3.1479,3.1479,2.88,2.88,2.88,2.6162,2.6162,2.88,2.88,2.88,2.88,4.8294,4.5411,4.2559
2003-07-01 00:00:00,2,3.9737,3.9737,3.9737,3.9737,3.9737,3.9737,3.9737,3.9737,3.9737,3.6949,3.6949,3.6949,9.4524,6.0105,4.5411,4.2559,3.9737,3.6949,3.6949,3.6949,3.6949,3.4196,3.4196,3.4196,3.4196,3.4196,3.4196,3.4196,3.4196,3.4196,3.4196
2003-06-01 00:00:00,2,5.4146,5.4146,5.4146,5.4146,5.4146,5.4146,5.1206,5.1206,5.1206,5.1206,5.1206,5.1206,4.8294,4.8294,4.5411,4.5411,4.5411,4.5411,4.5411,4.5411,4.5411,4.2559,4.2559,4.2559,4.2559,4.2559,4.2559,4.2559,4.2559,4.2559,
2003-05-01 00:00:00,2,6.923,6.923,6.923,7.5429,7.2319,10.1042,8.808,8.4887,7.8561,7.8561,7.5429,7.5429,7.2319,6.923,6.923,6.6165,6.6165,6.3123,6.3123,6.3123,6.3123,6.3123,6.3123,6.3123,6.3123,6.3123,6.0105,5.7113,5.7113,5.7113,5.7113
2003-04-01 00:00:00,2,12.101,11.7641,11.4288,12.101,12.101,11.4288,11.0951,13.1211,15.905,12.7796,11.7641,11.0951,10.4328,10.1042,10.1042,9.7774,9.4524,9.4524,9.4524,8.808,8.808,8.808,8.4887,8.4887,8.1714,7.8561,7.5429,7.5429,6.923,6.923,
2003-03-01 00:00:00,2,11.0951,11.0951,10.7631,11.7641,10.7631,10.1042,8.4887,9.4524,9.4524,10.1042,11.4288,10.7631,13.4641,19.8681,13.1211,11.4288,18.4101,24.3472,19.5019,15.5522,15.5522,25.1081,21.3442,18.4101,14.1545,14.8506,15.905,14.8506,13.8086,12.7796,12.4395
2003-02-01 00:00:00,2,48.1845,36.9464,24.3472,22.4626,19.1368,17.329,16.2591,15.5522,15.2007,14.5019,13.8086,12.4395,11.7641,11.0951,11.4288,11.0951,12.4395,8.808,56.8081,21.7159,19.5019,16.2591,14.1545,13.1211,12.4395,12.101,11.7641,11.7641,,,
2003-01-01 00:00:00,2,18.0485,13.4641,19.5019,19.5019,13.8086,13.8086,11.4288,13.8086,15.2007,22.8375,26.2565,65.6562,55.4997,48.61,34.1178,30.9324,29.7516,86.3698,89.1261,58.1216,41.8797,51.1757,46.0666,40.2239,34.9221,30.1444,50.318,55.9352,57.2454,59.8806,62.9795
2002-12-01 00:00:00,2,2.6162,2.3568,2.3568,2.3568,1.8525,1.8525,1.6083,1.6083,1.3702,11.4288,17.6882,44.3839,28.5785,23.5903,20.6039,18.7729,19.8681,15.2007,9.7774,8.1714,7.5429,10.7631,8.808,13.1211,12.101,13.1211,12.101,9.1293,15.905,25.8728,21.3442
2002-11-01 00:00:00,2,6.923,7.2319,3.9737,3.1479,3.6949,9.7774,5.4146,4.8294,4.5411,4.5411,4.2559,14.1545,7.8561,4.8294,5.1206,9.1293,11.0951,6.923,4.5411,3.6949,3.4196,3.4196,8.4887,10.4328,8.808,6.3123,5.7113,4.5411,3.9737,3.4196,
2002-10-01 00:00:00,2,2.88,2.88,2.88,2.88,2.6162,2.6162,2.3568,2.3568,2.1021,1.8525,1.8525,1.8525,1.8525,1.6083,1.6083,1.6083,1.3702,1.3702,1.3702,1.3702,1.3702,1.6083,1.8525,2.3568,2.3568,2.6162,2.88,3.6949,4.8294,4.8294,5.4146
2002-09-01 00:00:00,2,3.1479,3.1479,3.1479,3.1479,3.1479,6.923,6.0105,5.1206,4.2559,3.9737,3.4196,3.4196,3.1479,2.88,2.88,2.88,2.88,2.88,2.88,2.88,2.88,2.88,3.6949,4.2559,5.7113,3.9737,2.88,2.88,2.88,2.88,
2002-08-01 00:00:00,2,3.9737,3.9737,3.9737,3.9737,3.6949,3.6949,3.6949,3.4196,3.4196,3.4196,3.4196,3.4196,3.1479,3.1479,3.1479,3.1479,3.1479,3.1479,3.1479,3.1479,3.1479,2.88,2.88,2.88,2.88,2.88,2.88,2.88,2.88,3.1479,3.1479
2002-07-01 00:00:00,2,4.5411,4.5411,4.5411,4.5411,4.5411,4.5411,4.5411,4.5411,4.5411,4.8294,4.8294,4.8294,4.8294,4.5411,4.5411,4.5411,4.5411,4.5411,4.5411,4.5411,4.5411,4.5411,4.5411,4.2559,4.2559,4.2559,4.2559,4.2559,3.9737,3.9737,3.9737
2002-06-01 00:00:00,2,6.6165,6.6165,6.3123,6.3123,6.3123,6.3123,6.3123,6.0105,6.0105,6.0105,5.7113,5.7113,5.7113,5.7113,5.7113,5.4146,5.4146,5.4146,5.4146,5.4146,5.4146,5.4146,5.4146,5.1206,5.1206,5.1206,4.8294,4.8294,4.8294,4.8294,
2002-05-01 00:00:00,2,8.808,8.808,8.808,9.1293,9.4524,9.4524,9.4524,8.808,8.1714,8.1714,8.1714,7.8561,7.8561,7.8561,7.5429,7.5429,7.5429,7.5429,7.8561,8.4887,7.5429,7.5429,7.5429,7.2319,7.2319,6.923,6.923,6.923,6.6165,6.6165,6.6165
2002-04-01 00:00:00,2,14.5019,14.1545,13.4641,12.7796,12.7796,12.4395,12.4395,12.101,12.7796,11.7641,11.4288,11.0951,11.0951,11.0951,10.7631,10.7631,10.7631,10.4328,10.4328,10.1042,10.1042,10.1042,10.1042,10.1042,9.7774,9.4524,9.4524,9.1293,9.1293,9.1293,
2002-03-01 00:00:00,2,42.7117,34.5196,30.1444,27.8009,25.4899,23.9683,23.2134,21.7159,19.5019,18.7729,17.6882,17.6882,16.6145,16.2591,15.5522,16.9711,17.329,16.9711,20.6039,22.8375,20.6039,19.5019,17.6882,16.6145,16.9711,16.2591,17.329,16.6145,15.905,15.5522,15.5522
2002-02-01 00:00:00,2,50.7466,112.013,96.5655,78.4431,110.079,73.3381,80.5073,74.7081,159.983,231.382,90.8077,78.4431,72.427,68.3512,68.8021,40.6368,49.4628,72.8823,93.0825,137.589,148.935,71.0641,66.5525,77.9326,61.2055,60.3217,57.2454,56.3714,,,
2002-01-01 00:00:00,2,75.6239,56.8081,67.9008,32.9172,23.5903,20.6039,19.5019,18.4101,17.6882,16.9711,16.2591,16.2591,15.5522,15.5522,15.5522,15.905,18.7729,108.801,124.797,75.6239,55.4997,37.7614,31.3277,24.3472,23.2134,23.5903,29.7516,46.0666,38.9894,37.7614,25.1081
2001-12-01 00:00:00,2,10.9919,7.1867,6.0757,5.5507,5.5507,5.2959,5.0463,4.1005,3.6598,3.4475,3.4475,3.2408,3.2408,6.0757,6.0757,5.8106,7.1867,28.4137,21.0628,23.4073,15.0768,16.2865,17.1153,67.9203,101.328,109.877,32.1651,50.2272,167.507,204.934,159.361
2001-11-01 00:00:00,2,2.47,3.0397,3.4475,3.0397,6.0757,6.0757,7.477,7.1867,6.0757,5.0463,3.6598,2.8441,9.6464,9.6464,7.477,9.6464,9.6464,8.0724,7.477,6.3459,5.5507,6.0757,5.5507,12.4127,7.1867,5.0463,5.5507,4.8019,4.1005,6.0757,
2001-10-01 00:00:00,2,3.2408,2.8441,9.6464,6.3459,3.8774,3.0397,4.8019,11.693,18.3918,10.6484,5.8106,4.5628,4.1005,3.6598,3.4475,3.4475,3.2408,3.2408,3.2408,3.0397,2.8441,2.8441,2.8441,2.8441,2.8441,2.8441,2.6542,2.6542,2.47,2.47,2.47
2001-09-01 00:00:00,2,5.8106,5.5507,5.0463,4.8019,4.5628,4.5628,4.5628,4.329,4.329,4.1005,3.6598,3.6598,3.6598,3.6598,5.2959,4.1005,3.6598,3.2408,3.0397,3.0397,2.8441,2.8441,2.8441,2.8441,3.2408,3.2408,3.2408,3.6598,3.4475,3.4475,
2001-08-01 00:00:00,2,3.4475,3.2408,3.2408,3.2408,3.2408,3.2408,3.2408,3.2408,3.2408,3.2408,3.0397,3.0397,3.0397,3.0397,3.0397,3.0397,2.8441,2.8441,2.8441,2.8441,4.5628,3.8774,3.6598,4.8019,4.5628,3.8774,3.6598,6.9014,5.2959,10.9919,7.7722
2001-07-01 00:00:00,2,3.8774,3.8774,3.8774,3.8774,3.8774,3.8774,3.8774,3.6598,3.6598,3.6598,3.6598,3.6598,3.6598,3.6598,3.6598,3.6598,3.6598,3.6598,3.6598,3.6598,3.6598,3.6598,3.4475,3.4475,4.329,4.1005,3.8774,3.6598,3.6598,3.4475,3.4475
2001-06-01 00:00:00,2,5.2959,5.2959,5.0463,5.0463,5.0463,5.0463,5.0463,4.8019,4.8019,4.8019,4.8019,4.5628,4.5628,4.5628,4.5628,4.5628,4.5628,4.5628,4.5628,4.5628,4.5628,4.5628,4.329,4.329,4.329,4.329,4.329,4.1005,4.1005,3.8774,
2001-05-01 00:00:00,2,6.3459,6.3459,6.0757,6.0757,6.0757,6.0757,6.0757,5.8106,5.8106,5.8106,5.8106,5.5507,5.5507,5.5507,5.5507,5.5507,11.693,9.3219,6.9014,6.0757,5.8106,5.5507,5.5507,5.5507,5.5507,6.6211,6.0757,6.0757,5.8106,5.5507,5.5507
2001-04-01 00:00:00,2,8.6874,15.8788,15.8788,14.6826,13.151,11.3401,10.3096,9.3219,8.6874,8.6874,8.3775,8.3775,8.3775,8.0724,8.0724,7.7722,7.477,7.477,7.477,7.477,7.477,7.1867,7.1867,6.9014,6.9014,6.9014,6.9014,6.6211,6.6211,6.6211,
2001-03-01 00:00:00,2,8.3775,8.0724,7.7722,7.7722,8.6874,9.0022,9.0022,9.3219,9.6464,9.9756,12.4127,81.5724,63.427,32.1651,18.3918,14.6826,15.8788,12.7796,11.3401,9.3219,7.7722,7.1867,7.1867,6.9014,6.6211,13.5271,22.4567,53.9433,13.9077,10.6484,8.6874
2001-02-01 00:00:00,2,67.0127,21.5231,15.8788,12.7796,10.9919,9.9756,10.3096,9.6464,9.3219,9.0022,8.6874,8.3775,25.3595,14.2928,9.6464,9.0022,9.0022,8.6874,9.0022,8.6874,8.3775,8.3775,8.3775,8.0724,7.7722,7.7722,7.477,8.6874,,,
2001-01-01 00:00:00,2,44.2517,46.6087,58.6152,95.5986,59.9138,34.3985,22.9299,20.1551,17.9619,16.6987,15.8788,14.6826,13.9077,12.4127,12.0505,10.9919,10.9919,10.9919,10.6484,10.3096,10.3096,10.6484,13.151,17.5364,14.2928,14.6826,15.4755,20.6068,23.889,19.7077,15.0768
2000-12-01 00:00:00,2,9.0022,8.6874,8.3775,7.477,6.9014,6.3459,6.0757,6.3459,6.0757,8.0724,9.9756,8.0724,8.0724,7.7722,7.477,9.0022,28.9372,174.514,58.1846,23.4073,15.8788,25.3595,55.2034,44.2517,29.9968,21.5231,21.0628,27.8942,30.5327,43.8632,56.4741
2000-11-01 00:00:00,2,2.47,2.8441,3.2408,3.6598,4.329,10.3096,6.6211,7.7722,9.0022,6.3459,6.0757,6.9014,9.9756,12.4127,20.1551,9.0022,6.0757,12.4127,27.3789,26.3608,20.1551,21.5231,14.6826,10.6484,8.0724,7.1867,12.7796,11.3401,10.3096,10.9919,
2000-10-01 00:00:00,2,3.8774,3.8774,4.5628,4.329,4.1005,3.6598,3.6598,3.4475,3.4475,3.2408,3.0397,3.0397,2.8441,2.8441,2.8441,2.8441,2.8441,2.6542,2.6542,2.6542,2.6542,2.6542,2.8441,2.8441,2.6542,2.6542,2.6542,2.47,2.47,2.47,2.47
2000-09-01 00:00:00,2,4.329,5.0463,8.3775,6.0757,6.3459,6.0757,5.8106,5.5507,5.5507,5.0463,4.8019,4.5628,4.5628,4.5628,4.329,4.329,4.1005,4.1005,4.1005,4.1005,3.8774,3.8774,3.6598,3.8774,4.1005,4.1005,4.1005,4.1005,3.8774,3.8774,
2000-08-01 00:00:00,2,4.8019,4.8019,4.8019,4.8019,4.8019,4.8019,4.5628,4.5628,4.5628,4.5628,4.5628,4.329,4.329,4.329,4.329,4.329,4.329,4.329,4.329,4.329,4.1005,4.1005,4.1005,4.1005,4.1005,4.1005,4.1005,4.1005,4.1005,4.1005,4.5628
2000-07-01 00:00:00,2,6.0757,5.8106,5.8106,5.8106,5.5507,5.5507,5.8106,5.8106,5.8106,5.8106,5.8106,5.8106,5.5507,5.5507,5.2959,5.2959,5.2959,5.2959,5.2959,5.2959,5.0463,5.0463,5.0463,5.0463,5.0463,7.1867,6.6211,5.5507,5.2959,5.2959,5.0463
2000-06-01 00:00:00,2,7.7722,7.7722,7.7722,7.7722,7.7722,7.477,7.477,7.477,7.477,7.477,7.1867,7.1867,7.1867,7.1867,7.1867,7.1867,7.1867,7.1867,7.1867,7.1867,6.9014,6.9014,6.6211,6.6211,6.6211,6.6211,6.6211,6.6211,6.6211,6.0757,
2000-05-01 00:00:00,2,12.4127,12.4127,12.4127,12.0505,11.3401,10.9919,10.3096,10.3096,9.9756,9.9756,9.9756,9.9756,9.9756,9.9756,9.6464,9.6464,9.6464,9.6464,9.3219,9.0022,8.6874,8.6874,8.3775,8.3775,8.3775,8.3775,8.3775,8.3775,8.3775,8.0724,7.7722
2000-04-01 00:00:00,2,31.6169,30.5327,29.4649,27.3789,25.8581,25.3595,23.889,22.4567,21.0628,20.1551,18.3918,17.9619,25.3595,22.9299,19.2647,18.3918,17.1153,24.3749,21.5231,33.8341,21.0628,19.2647,16.6987,16.2865,15.0768,13.9077,13.151,12.7796,12.4127,12.4127,
2000-03-01 00:00:00,2,41.5586,25.3595,21.5231,19.7077,18.3918,15.4755,15.8788,31.0727,40.2632,51.8669,260.466,117.562,67.466,56.4741,69.7489,76.287,89.4882,166.244,121.475,95.0838,71.5951,67.9203,58.1846,57.327,53.9433,50.2272,45.4246,43.8632,47.8039,41.1789,34.3985
2000-02-01 00:00:00,2,101.328,69.7489,56.4741,66.5606,48.2047,47.4043,96.6313,95.0838,283.858,211.092,146.519,142.326,120.352,69.7489,58.1846,53.1092,52.6939,58.6152,50.2272,51.4551,37.281,34.3985,31.0727,29.4649,27.3789,25.8581,37.281,34.967,33.2737,,
2000-01-01 00:00:00,2,129.441,108.255,79.154,66.1095,51.4551,64.3167,58.6152,57.7553,48.2047,31.0727,28.4137,25.3595,22.4567,15.4755,12.7796,12.4127,12.4127,40.8005,31.0727,36.116,24.8651,21.5231,21.0628,21.0628,24.8651,21.0628,21.0628,38.462,140.543,115.347,140.543
1999-12-01 00:00:00,2,13.151,12.4127,10.9919,9.0022,24.3749,13.151,9.9756,59.9138,67.466,17.9619,14.2928,39.0584,48.6068,68.8324,29.4649,16.2865,12.7796,27.8942,25.8581,28.9372,14.2928,12.4127,18.826,26.3608,20.6068,15.8788,15.0768,138.768,69.7489,52.2798,58.6152
1999-11-01 00:00:00,2,2.7739,2.5198,2.27,2.27,2.27,2.7739,3.5588,29.0336,43.4759,11.693,6.6211,6.3459,17.9619,9.0022,6.6211,5.2959,5.0463,5.0463,4.5628,19.2647,29.9968,12.4127,11.3401,7.477,6.6211,9.0022,6.6211,9.0022,9.9756,15.4755,
1999-10-01 00:00:00,2,2.7739,2.7739,8.1759,13.633,8.4834,3.8273,3.2936,3.0319,2.5198,2.5198,2.5198,2.27,2.27,2.27,2.27,2.27,2.27,2.27,2.27,2.27,2.27,5.2151,4.099,3.8273,3.2936,5.5008,16.3457,6.9654,4.9319,4.3738,2.7739
1999-09-01 00:00:00,2,2.27,2.27,2.27,2.27,2.27,2.27,2.27,2.27,2.27,2.27,2.27,2.27,6.3727,5.5008,4.9319,3.8273,4.6515,4.3738,4.099,3.0319,3.0319,3.5588,3.0319,3.0319,2.7739,2.7739,2.7739,2.7739,2.7739,2.7739,
1999-08-01 00:00:00,2,3.2936,3.2936,3.2936,3.2936,3.2936,3.2936,3.2936,3.2936,3.2936,3.2936,3.2936,3.2936,3.2936,3.2936,3.2936,3.2936,3.2936,3.2936,3.2936,2.7739,2.7739,2.7739,2.7739,2.7739,2.5198,2.5198,2.5198,2.5198,2.5198,2.5198,2.27
1999-07-01 00:00:00,2,4.9319,4.9319,4.9319,4.9319,4.9319,4.6515,4.6515,4.6515,4.6515,4.3738,4.3738,4.3738,4.3738,4.3738,4.3738,4.3738,4.3738,4.3738,4.099,4.099,4.099,4.099,4.099,4.099,3.8273,3.8273,3.8273,3.8273,3.5588,3.8273,3.2936
1999-06-01 00:00:00,2,6.9654,6.6679,6.3727,6.3727,6.3727,6.0797,6.0797,6.0797,6.0797,6.0797,6.0797,6.0797,6.0797,5.7891,7.2649,7.8703,8.4834,7.8703,6.9654,6.3727,6.0797,6.0797,6.0797,5.5008,5.2151,5.2151,5.2151,5.2151,4.9319,4.9319,
1999-05-01 00:00:00,2,9.7319,9.7319,9.7319,9.4171,9.1041,9.1041,9.1041,9.1041,9.1041,9.1041,9.1041,8.7928,8.4834,8.1759,7.8703,7.8703,7.8703,7.8703,7.8703,7.8703,7.8703,7.8703,7.8703,7.8703,7.8703,7.2649,7.2649,7.2649,7.2649,7.2649,7.2649
1999-04-01 00:00:00,2,22.721,21.9959,19.136,18.7833,17.7317,17.0364,16.3457,15.6599,15.6599,15.6599,14.9791,14.3034,14.3034,14.3034,14.3034,14.9791,14.9791,14.3034,13.2998,12.3086,11.9811,11.3306,11.0077,11.0077,10.6863,10.3665,10.3665,10.3665,10.3665,10.3665,
1999-03-01 00:00:00,2,80.4047,135.931,112.962,116.818,75.7301,52.1993,199.816,147.487,75.0151,48.0517,47.6401,38.3446,34.4129,31.7042,27.1505,26.4033,62.0004,35.1936,26.7764,24.5506,22.721,21.6348,21.2748,70.7492,32.0889,43.963,29.7926,25.6595,24.9194,23.816,23.45
1999-02-01 00:00:00,2,8.4834,9.4171,10.0484,7.8703,7.5666,7.2649,7.2649,7.2649,7.2649,6.9654,6.6679,6.6679,7.2649,7.2649,7.2649,6.6679,6.0797,6.0797,6.3727,6.3727,6.9654,7.2649,7.2649,7.2649,25.289,28.2778,49.7038,70.7492,,,
1999-01-01 00:00:00,2,12.3086,23.45,60.9637,35.1936,23.45,35.1936,27.1505,21.2748,16.3457,15.3189,13.633,13.2998,12.3086,12.6376,13.2998,12.3086,11.9811,10.6863,10.3665,10.0484,9.1041,9.7319,9.4171,8.7928,8.4834,7.8703,7.8703,10.6863,12.6376,10.6863,9.4171
1998-12-01 00:00:00,2,15.3189,10.3665,8.7928,7.8703,7.2649,8.4834,14.3034,13.9675,8.7928,7.8703,8.1759,7.8703,6.6679,9.7319,9.4171,23.816,26.0309,21.6348,15.3189,11.3306,10.6863,12.968,10.0484,8.7928,8.4834,8.1759,8.1759,27.1505,11.6551,14.6406,10.0484
1998-11-01 00:00:00,2,12.3086,10.3665,8.7928,22.721,13.633,7.8703,6.3727,4.9319,11.3306,10.0484,11.9811,16.0022,8.7928,10.3665,10.3665,7.5666,6.6679,6.9654,6.3727,6.0797,5.7891,5.5008,15.6599,7.8703,13.9675,12.968,10.3665,45.5912,20.2007,13.633,
1998-10-01 00:00:00,2,2.7739,3.2936,4.9319,3.8273,3.0319,2.7739,2.7739,5.5008,3.8273,4.3738,4.3738,7.2649,8.4834,4.6515,3.8273,3.5588,4.3738,3.8273,3.5588,3.2936,3.2936,3.2936,3.0319,2.7739,2.7739,2.5198,2.5198,2.7739,5.5008,6.6679,5.5008
1998-09-01 00:00:00,2,3.8273,3.8273,3.8273,3.8273,3.8273,3.8273,3.5588,3.2936,3.2936,3.2936,3.2936,3.2936,3.2936,3.2936,3.2936,3.0319,2.7739,2.7739,2.7739,2.7739,2.7739,2.7739,2.7739,2.7739,2.7739,4.6515,3.5588,3.2936,3.2936,2.7739,
1998-08-01 00:00:00,2,4.3738,4.3738,4.3738,4.3738,4.3738,4.3738,5.2151,5.5008,6.0797,7.8703,8.4834,6.3727,8.1759,5.5008,4.9319,4.9319,4.6515,4.3738,4.3738,4.3738,4.3738,4.3738,4.3738,4.3738,4.099,3.8273,3.8273,3.8273,3.8273,3.8273,3.8273
1998-07-01 00:00:00,2,6.0797,6.0797,6.0797,6.0797,6.0797,6.0797,6.0797,5.7891,5.5008,5.5008,5.5008,5.5008,5.5008,5.5008,5.5008,5.5008,5.5008,5.5008,5.5008,5.2151,4.9319,4.9319,4.9319,4.9319,4.9319,4.9319,4.9319,4.9319,4.9319,4.9319,4.9319
1998-06-01 00:00:00,2,9.1041,8.4834,8.1759,10.3665,8.4834,7.8703,7.8703,7.5666,7.2649,7.2649,7.2649,7.2649,7.2649,7.2649,7.2649,7.2649,6.9654,6.6679,6.6679,6.6679,6.6679,6.6679,6.6679,6.6679,6.6679,6.6679,6.6679,6.3727,6.0797,6.0797,
1998-05-01 00:00:00,2,10.6863,9.7319,9.4171,9.1041,11.6551,10.0484,9.1041,9.1041,9.1041,8.4834,8.4834,8.4834,8.1759,7.8703,7.8703,7.8703,7.8703,7.8703,7.8703,7.8703,7.8703,7.8703,7.2649,7.2649,7.2649,7.2649,7.2649,9.4171,7.8703,32.4744,11.6551
1998-04-01 00:00:00,2,16.0022,16.3457,12.6376,11.9811,11.6551,11.3306,11.0077,11.3306,13.9675,13.633,12.3086,11.3306,11.0077,10.6863,10.3665,10.3665,10.3665,11.0077,10.3665,10.0484,9.7319,9.7319,9.1041,9.1041,9.1041,9.1041,9.1041,10.3665,38.7416,13.633,
1998-03-01 00:00:00,2,23.45,33.6353,22.358,20.2007,18.7833,18.4316,17.3835,17.0364,16.3457,15.6599,14.9791,14.9791,14.9791,14.9791,15.3189,13.9675,14.9791,14.6406,13.633,12.968,23.816,20.9157,23.816,43.1526,17.7317,14.6406,17.3835,13.633,12.968,13.9675,19.136
1998-02-01 00:00:00,2,18.4316,17.3835,16.3457,15.6599,17.7317,27.1505,18.0811,21.2748,18.7833,15.6599,17.0364,19.4898,17.7317,16.3457,17.7317,29.7926,48.4638,39.9367,23.45,27.9012,19.4898,22.358,41.1378,39.5377,47.2291,39.5377,33.2475,25.6595,,,
1998-01-01 00:00:00,2,20.5577,19.136,18.0811,17.7317,25.6595,17.3835,21.2748,30.1733,25.6595,77.5225,62.0004,34.0237,48.4638,33.6353,28.6553,26.0309,24.5506,26.4033,37.1577,26.0309,21.6348,33.6353,20.9157,19.4898,20.2007,58.8991,41.1378,25.289,51.3652,22.721,20.2007
1997-12-01 00:00:00,2,69.7489,75.8129,46.2128,30.3826,27.6001,30.8506,22.1765,28.0607,73.4588,64.7632,66.5606,38.9796,56.0494,54.3622,46.2128,56.0494,78.194,145.917,76.7622,88.9856,65.2109,51.4551,44.2517,39.9561,34.1594,43.0899,33.6833,31.3199,47.8039,24.5506,24.5506
1997-11-01 00:00:00,2,3.6251,3.6251,3.6251,3.416,3.2151,3.2151,3.8425,7.3853,4.8826,4.3032,3.416,3.2151,3.6251,5.2292,6.2918,14.0428,5.2292,4.0685,4.0685,8.1298,5.5798,13.6328,20.4144,10.0403,48.2047,193.485,44.6414,22.1765,78.194,82.0593,
1997-10-01 00:00:00,2,4.3032,3.6251,3.6251,3.416,3.2151,3.2151,3.2151,3.2151,3.2151,2.8373,2.8373,2.8373,2.8373,2.8373,2.8373,2.8373,12.4152,4.5467,3.6251,3.2151,34.6366,20.8527,8.8859,4.8826,4.0685,23.0665,13.6328,8.1298,5.5798,4.3032,3.8425
1997-09-01 00:00:00,2,4.0685,4.0685,4.0685,4.0685,4.0685,4.0685,4.0685,3.8425,3.6251,3.6251,3.6251,3.6251,3.6251,3.6251,3.6251,3.6251,4.5467,3.6251,3.6251,3.6251,4.5467,4.5467,4.5467,6.653,4.0685,4.0685,4.0685,3.6251,3.6251,4.5467,
1997-08-01 00:00:00,2,5.934,5.934,5.2292,5.2292,5.2292,5.2292,5.2292,5.2292,5.2292,5.2292,5.2292,5.2292,5.2292,5.2292,5.2292,4.5467,4.5467,4.5467,4.5467,4.5467,4.5467,4.5467,4.5467,4.5467,4.5467,4.5467,4.5467,4.0685,4.0685,4.0685,4.0685
1997-07-01 00:00:00,2,7.3853,7.3853,7.3853,7.3853,7.3853,7.3853,7.3853,7.3853,7.0175,6.653,6.653,6.653,6.653,6.653,6.653,6.653,6.653,6.653,6.653,6.653,5.934,6.2918,6.653,6.653,6.653,5.934,5.934,5.934,5.934,5.934,5.934
1997-06-01 00:00:00,2,10.4302,9.6529,9.6529,9.2681,9.6529,30.3826,14.0428,10.8225,9.6529,9.6529,9.6529,9.6529,10.4302,9.6529,11.6143,10.8225,10.0403,9.6529,9.2681,8.8859,8.8859,8.8859,8.8859,8.1298,8.1298,8.1298,8.1298,8.1298,8.1298,7.756,
1997-05-01 00:00:00,2,14.0428,13.6328,13.2248,12.8189,12.8189,12.0136,12.0136,12.0136,12.0136,11.6143,11.2173,11.2173,11.2173,11.2173,11.2173,13.2248,11.6143,11.2173,10.8225,10.4302,10.4302,10.4302,10.4302,10.4302,12.8189,14.0428,10.8225,10.8225,19.9778,11.6143,10.4302
1997-04-01 00:00:00,2,32.7345,28.9858,23.9623,20.8527,18.6774,17.8187,32.2618,22.1765,18.6774,18.2472,16.9669,16.1221,16.1221,15.7024,15.2846,15.2846,15.2846,15.7024,15.2846,14.4548,20.8527,16.9669,15.2846,33.2083,15.7024,14.4548,13.6328,28.0607,15.7024,14.4548,
1997-03-01 00:00:00,2,44.6414,26.2259,41.9395,34.6366,46.2128,43.4759,29.9158,35.1149,30.8506,25.3164,23.9623,22.6208,23.5137,35.5942,28.5226,34.6366,26.6827,27.6001,22.6208,21.2924,20.4144,19.1092,17.8187,17.8187,16.9669,16.1221,16.1221,16.1221,16.1221,30.8506,25.7705
1997-02-01 00:00:00,2,58.1846,62.5419,85.4969,59.0469,48.6068,45.0324,41.5586,38.9796,36.5562,33.6833,31.7902,29.4502,28.0607,26.6827,25.7705,24.8636,25.3164,25.3164,26.2259,22.6208,22.6208,20.4144,19.1092,18.6774,27.1407,25.3164,30.8506,35.5942,,,
1997-01-01 00:00:00,2,65.6596,87.9837,295.438,299.336,304.037,187.521,118.118,124.866,183.583,163.102,131.171,85.0027,74.3972,161.228,85.9922,68.8324,60.3489,68.3758,72.5248,67.0127,52.2798,46.6087,48.6068,57.327,47.0059,49.8203,67.466,76.287,91.002,67.466,56.4741
1996-12-01 00:00:00,2,12.8189,14.0428,15.2846,19.9778,18.2472,17.3919,13.2248,13.2248,16.9669,21.2924,15.7024,31.7902,47.4043,19.5427,18.2472,23.9623,16.1221,45.8181,36.5562,32.7345,24.4122,22.6208,28.0607,49.4146,49.4146,35.1149,34.1594,29.4502,53.1092,36.0747,109.335
1996-11-01 00:00:00,2,4.8826,7.0175,5.934,7.3853,12.4152,5.2292,3.8425,3.416,3.0223,2.8373,2.66,2.4903,2.4903,2.4903,3.0223,8.8859,16.9669,15.7024,9.6529,26.2259,82.5473,67.466,454.837,88.9856,37.5225,26.2259,21.7337,16.9669,14.4548,13.6328,
1996-10-01 00:00:00,2,3.0223,2.8373,2.8373,5.934,3.8425,3.0223,2.8373,8.5064,4.3032,3.2151,2.8373,2.4903,3.0223,3.0223,3.6251,3.0223,2.8373,2.4903,2.4903,2.4903,2.4903,4.0685,2.8373,2.66,2.4903,2.4903,3.2151,17.8187,5.5798,9.6529,4.5467
1996-09-01 00:00:00,2,2.8373,2.8373,2.8373,3.6251,4.5467,4.0685,3.8425,3.8425,3.6251,3.416,3.416,4.3032,4.5467,4.0685,3.6251,3.2151,2.8373,3.2151,3.416,3.0223,2.8373,2.8373,2.8373,2.8373,2.66,5.2292,3.2151,2.8373,2.66,3.2151,
1996-08-01 00:00:00,2,3.2151,3.2151,3.2151,3.2151,3.2151,3.2151,3.2151,3.2151,3.2151,3.2151,3.2151,4.0685,5.934,3.8425,3.6251,3.6251,3.6251,3.6251,3.416,3.2151,3.2151,3.2151,3.2151,3.2151,3.2151,2.8373,2.8373,2.8373,2.8373,2.8373,2.8373
1996-07-01 00:00:00,2,4.0685,4.0685,4.0685,4.0685,4.0685,4.0685,4.0685,4.0685,4.0685,4.0685,3.6251,3.6251,3.6251,3.6251,3.6251,3.6251,3.6251,3.6251,3.6251,3.6251,3.6251,3.6251,3.6251,3.2151,3.2151,3.2151,3.2151,3.2151,3.2151,3.2151,3.2151
1996-06-01 00:00:00,2,5.934,5.934,5.934,5.934,5.2292,5.2292,5.2292,5.2292,5.2292,5.2292,5.2292,5.2292,5.2292,5.2292,5.2292,5.2292,4.5467,4.5467,4.5467,4.5467,4.5467,4.5467,4.5467,4.5467,4.5467,4.5467,4.3032,4.0685,4.0685,4.0685,
1996-05-01 00:00:00,2,8.8859,8.5064,8.1298,8.1298,8.1298,8.1298,7.756,7.3853,7.3853,7.3853,7.3853,7.3853,7.3853,6.653,6.653,6.653,8.5064,7.756,9.2681,7.756,6.653,6.653,7.756,7.3853,7.0175,6.2918,6.2918,6.2918,6.2918,5.934,5.934
1996-04-01 00:00:00,2,11.2173,10.8225,10.4302,9.6529,9.6529,9.6529,8.8859,8.8859,8.8859,8.8859,8.8859,8.8859,13.6328,11.6143,12.4152,11.2173,51.8669,26.6827,14.0428,12.0136,11.2173,10.4302,10.4302,9.6529,9.6529,9.6529,9.6529,8.8859,8.8859,8.8859,
1996-03-01 00:00:00,2,10.8225,12.4152,12.8189,12.4152,27.1407,18.2472,14.8687,18.2472,15.7024,47.0059,23.5137,24.8636,24.8636,17.3919,15.7024,17.8187,15.7024,28.0607,17.8187,17.3919,16.1221,19.1092,22.6208,17.3919,14.8687,14.4548,13.2248,12.4152,12.0136,11.2173,11.2173
1996-02-01 00:00:00,2,10.4302,10.4302,13.2248,11.2173,27.6001,29.4502,15.2846,25.7705,13.2248,12.0136,12.4152,11.6143,10.4302,20.8527,11.6143,10.4302,8.5064,7.3853,8.8859,8.1298,12.8189,12.8189,14.4548,10.0403,22.6208,16.1221,21.7337,12.4152,10.4302,,
1996-01-01 00:00:00,2,85.4969,81.0866,43.8632,34.1594,26.6827,22.1765,35.5942,39.4673,28.0607,73.4588,67.0127,44.2517,33.6833,28.5226,24.4122,22.1765,19.1092,18.6774,17.3919,16.9669,44.2517,36.5562,21.2924,17.3919,14.0428,13.6328,13.6328,12.4152,12.0136,11.2173,11.2173
1995-12-01 00:00:00,2,12.4152,6.2918,14.4548,8.5064,5.5798,10.4302,32.2618,9.6529,5.934,5.2292,4.8826,16.5436,42.3217,110.963,74.868,27.6001,17.8187,9.6529,22.6208,12.4152,39.4673,17.8187,13.2248,12.4152,22.1765,14.8687,43.4759,44.6414,28.0607,59.4797,31.7902
1995-11-01 00:00:00,2,10.4302,6.2918,4.8826,4.8826,3.6251,5.934,3.2151,3.2151,3.2151,3.2151,2.8373,3.0223,12.0136,23.0665,10.4302,5.934,5.934,5.934,7.756,4.8826,4.0685,4.0685,4.0685,4.0685,5.934,5.934,4.3032,4.0685,4.0685,4.0685,
1995-10-01 00:00:00,2,3.2151,3.2151,3.2151,6.2918,4.8826,3.2151,3.2151,2.66,8.8859,13.6328,7.0175,3.6251,3.6251,3.6251,3.416,4.0685,3.0223,3.2151,3.2151,3.2151,7.756,4.8826,8.5064,5.2292,3.2151,3.2151,3.2151,3.0223,2.8373,3.2151,8.5064
1995-09-01 00:00:00,2,3.2151,3.2151,3.2151,3.2151,3.2151,3.2151,3.2151,3.2151,3.2151,3.2151,3.2151,3.2151,3.2151,3.2151,3.2151,3.2151,3.2151,3.2151,3.2151,4.3032,3.6251,3.2151,3.2151,3.2151,3.2151,3.2151,3.2151,3.2151,3.2151,3.2151,
1995-08-01 00:00:00,2,4.0685,4.0685,4.0685,4.0685,4.0685,4.0685,3.8425,3.6251,3.6251,3.6251,3.6251,3.6251,3.6251,3.6251,3.6251,3.6251,3.416,3.2151,3.2151,3.2151,3.2151,3.2151,3.2151,3.2151,3.2151,3.2151,3.2151,3.2151,3.2151,3.2151,3.2151
1995-07-01 00:00:00,2,5.2292,5.2292,5.2292,5.2292,5.2292,5.2292,5.2292,4.5467,4.5467,4.5467,4.5467,4.5467,4.5467,4.5467,4.5467,4.5467,4.5467,4.5467,4.5467,4.5467,4.5467,4.5467,4.5467,4.5467,4.5467,4.5467,4.3032,4.0685,4.0685,4.0685,4.0685
1995-06-01 00:00:00,2,6.653,6.653,5.934,5.934,5.934,6.2918,6.653,6.2918,5.934,5.934,5.934,5.934,5.934,5.934,5.934,5.934,5.934,5.934,5.934,5.934,5.934,5.934,5.934,5.934,5.934,5.934,5.934,5.934,5.5798,5.2292,
1995-05-01 00:00:00,2,9.6529,9.6529,9.6529,9.6529,9.2681,8.8859,11.2173,12.4152,10.8225,9.6529,19.1092,11.2173,13.6328,9.2681,8.8859,8.8859,8.5064,8.8859,8.8859,8.1298,8.1298,8.1298,8.1298,8.1298,8.1298,8.1298,8.1298,8.1298,8.1298,8.1298,6.653
1995-04-01 00:00:00,2,22.1765,20.8527,19.5427,17.3919,16.9669,16.9669,16.1221,15.7024,14.8687,14.0428,13.6328,13.6328,14.0428,12.8189,12.8189,12.0136,12.0136,12.0136,12.0136,10.8225,10.4302,12.0136,21.2924,12.8189,12.0136,12.0136,12.0136,12.0136,10.4302,8.8859,
1995-03-01 00:00:00,2,17.8187,17.8187,17.3919,16.9669,16.1221,16.1221,16.9669,18.6774,17.8187,16.1221,14.4548,13.6328,12.8189,16.5436,42.3217,23.0665,17.3919,15.2846,13.6328,12.8189,12.8189,15.2846,54.3622,43.8632,30.8506,33.2083,37.5225,26.2259,22.6208,21.2924,27.6001
1995-02-01 00:00:00,2,18.2472,15.7024,27.6001,19.9778,17.8187,12.8189,74.3972,119.233,134.658,96.6313,50.2272,46.2128,42.3217,51.4551,39.9561,39.4673,37.0388,35.5942,38.0071,42.7052,40.4234,34.1594,26.6827,24.8636,19.5427,18.2472,17.8187,17.8187,,,
1995-01-01 00:00:00,2,12.4152,15.7024,15.2846,28.0607,25.7705,27.1407,22.6208,12.8189,12.8189,12.8189,12.0136,12.0136,17.8187,11.2173,10.4302,9.6529,9.6529,11.2173,9.2681,10.4302,10.4302,15.7024,10.8225,17.8187,12.4152,11.6143,13.6328,17.8187,15.2846,10.8225,17.3919
1994-12-01 00:00:00,2,24.4122,8.8859,7.0175,6.653,6.2918,8.8859,10.0403,29.9158,21.2924,16.5436,13.2248,10.0403,10.0403,28.0607,14.4548,19.9778,26.6827,12.4152,10.0403,9.6529,10.4302,14.4548,61.2227,55.2034,42.3217,39.4673,28.9858,25.3164,18.2472,16.1221,13.2248
1994-11-01 00:00:00,2,2.8373,2.8373,4.8826,4.5467,2.8373,2.8373,2.4903,2.4903,2.4903,2.4903,2.4903,2.4903,3.0223,3.0223,3.2151,12.4152,4.5467,4.8826,10.8225,13.6328,7.3853,9.2681,6.2918,10.0403,9.2681,11.2173,8.5064,7.756,49.4146,42.7052,
1994-10-01 00:00:00,2,2.8373,2.8373,2.8373,2.8373,3.0223,5.2292,4.0685,4.0685,4.0685,3.8425,2.66,2.4903,2.3279,2.1728,11.2173,6.653,4.8826,3.6251,3.6251,3.6251,3.6251,3.6251,3.416,2.8373,2.8373,2.8373,3.416,5.2292,8.8859,4.5467,3.416
1994-09-01 00:00:00,2,3.6251,3.6251,3.6251,3.6251,3.6251,3.6251,3.6251,3.6251,3.6251,3.6251,3.2151,3.2151,3.2151,3.2151,3.2151,3.2151,3.2151,3.2151,3.2151,3.2151,3.0223,2.8373,2.8373,2.8373,2.8373,2.8373,2.8373,2.8373,2.8373,2.8373,
1994-08-01 00:00:00,2,4.5467,4.5467,4.5467,4.5467,4.3032,4.3032,4.3032,4.3032,4.3032,4.3032,4.3032,4.0685,4.0685,4.0685,4.0685,4.0685,4.0685,4.0685,4.0685,4.0685,4.0685,4.0685,4.0685,4.0685,4.0685,4.0685,4.0685,3.8425,3.6251,3.6251,3.6251
1994-07-01 00:00:00,2,6.653,6.653,6.653,6.653,6.2918,6.2918,6.2918,6.2918,5.934,5.934,5.934,5.934,5.2292,5.2292,5.2292,5.2292,5.2292,5.2292,5.2292,5.2292,5.2292,5.2292,5.2292,5.2292,5.2292,5.2292,5.2292,5.2292,4.8826,4.8826,4.8826
1994-06-01 00:00:00,2,8.5064,8.8859,8.5064,8.5064,8.1298,8.1298,7.756,7.3853,7.3853,7.3853,7.3853,7.3853,7.3853,7.3853,7.3853,7.3853,7.0175,6.653,7.0175,7.0175,6.653,6.653,7.3853,7.0175,6.653,6.653,6.653,6.653,6.653,6.653,
1994-05-01 00:00:00,2,10.8225,10.4302,10.4302,10.0403,10.0403,9.6529,9.6529,9.6529,9.6529,9.2681,8.8859,8.8859,9.2681,8.1298,12.4152,41.1789,17.8187,16.1221,10.4302,11.6143,10.8225,13.6328,12.0136,13.2248,12.0136,11.6143,11.2173,13.2248,13.2248,10.0403,8.1298
1994-04-01 00:00:00,2,20.4144,27.1407,21.7337,19.1092,18.6774,15.2846,16.9669,16.5436,16.1221,15.7024,15.2846,15.7024,14.8687,14.4548,13.6328,19.5427,15.2846,13.6328,14.0428,22.1765,16.1221,13.2248,12.4152,12.0136,11.6143,11.6143,11.2173,10.0403,10.0403,9.6529,
1994-03-01 00:00:00,2,15.7024,17.8187,38.0071,23.0665,17.3919,20.8527,20.4144,30.3826,43.4759,30.3826,27.1407,45.0324,38.0071,32.2618,27.1407,26.2259,25.7705,40.4234,32.2618,26.6827,27.1407,25.7705,26.2259,50.6353,38.0071,28.5226,29.4502,26.2259,23.0665,22.1765,21.7337
1994-02-01 00:00:00,2,27.1407,26.6827,24.8636,23.0665,21.7337,19.5427,19.1092,18.6774,18.2472,17.3919,16.9669,16.5436,17.3919,18.2472,17.3919,16.9669,15.2846,14.0428,13.2248,12.8189,12.4152,11.2173,12.0136,12.4152,12.8189,12.4152,12.8189,13.2248,,,
1994-01-01 00:00:00,2,48.6068,48.2047,47.0059,67.9203,79.154,77.7157,75.8129,55.2034,45.0324,41.1789,54.7822,51.8669,55.6258,53.5257,68.8324,81.0866,59.9138,66.1095,53.9433,43.8632,55.6258,59.0469,48.6068,48.6068,60.7852,55.2034,36.5562,44.6414,35.5942,30.3826,29.9158
1993-12-01 00:00:00,2,8.5064,5.2292,4.0685,3.8425,7.3853,5.2292,6.653,6.653,4.5467,11.2173,12.8189,70.2088,17.8187,10.4302,8.5064,8.1298,5.934,6.2918,6.2918,4.8826,28.5226,22.1765,17.8187,30.8506,40.8005,28.0607,28.9858,22.6208,19.1092,26.2259,43.8632
1993-11-01 00:00:00,2,3.416,3.2151,3.2151,5.2292,3.6251,3.6251,3.6251,18.2472,17.8187,6.2918,4.8826,4.5467,3.8425,3.6251,3.416,3.2151,3.2151,3.2151,3.8425,7.0175,6.653,5.5798,3.8425,3.6251,8.5064,7.0175,30.3826,8.1298,5.934,4.5467,
1993-10-01 00:00:00,2,3.8425,10.8225,8.1298,8.5064,6.2918,16.1221,9.2681,4.5467,4.0685,3.6251,3.416,3.6251,3.416,3.416,3.2151,3.2151,3.6251,3.6251,3.416,4.0685,4.8826,4.3032,3.8425,5.2292,4.3032,5.2292,6.2918,4.5467,3.6251,3.6251,3.6251
1993-09-01 00:00:00,2,3.8425,3.6251,3.6251,3.6251,3.6251,3.6251,3.6251,3.416,3.416,3.6251,3.416,3.6251,3.6251,3.6251,3.416,3.416,3.416,3.6251,3.6251,3.6251,3.416,11.2173,8.8859,9.6529,10.0403,9.6529,7.756,8.8859,7.756,3.8425,
1993-08-01 00:00:00,2,5.2292,4.8826,4.8826,4.8826,4.5467,4.5467,4.5467,4.5467,4.5467,4.5467,4.3032,4.3032,4.3032,4.3032,4.3032,6.2918,5.5798,4.8826,4.5467,4.5467,4.5467,4.8826,4.5467,4.5467,4.5467,4.5467,4.3032,4.0685,4.0685,3.8425,3.8425
1993-07-01 00:00:00,2,7.0175,7.0175,6.653,6.653,6.653,6.2918,6.2918,6.2918,6.2918,6.2918,5.934,5.934,6.2918,5.934,5.934,5.934,5.934,5.5798,5.5798,5.5798,5.5798,5.5798,5.2292,5.2292,5.2292,5.2292,5.2292,5.5798,5.2292,5.2292,5.2292
1993-06-01 00:00:00,2,10.8225,10.0403,9.2681,8.8859,8.8859,13.6328,22.6208,10.4302,9.6529,9.2681,8.8859,9.2681,8.1298,8.1298,8.1298,8.1298,8.1298,8.1298,8.1298,8.1298,7.756,7.3853,7.3853,7.3853,7.3853,7.3853,7.3853,7.3853,7.0175,7.0175,
1993-05-01 00:00:00,2,14.4548,14.4548,14.4548,14.4548,14.0428,14.8687,13.6328,13.2248,12.8189,12.0136,11.6143,11.6143,11.6143,11.2173,11.6143,11.6143,11.2173,11.2173,10.4302,10.4302,10.0403,10.0403,10.0403,10.4302,9.6529,9.6529,9.6529,9.6529,9.2681,9.2681,9.2681
1993-04-01 00:00:00,2,28.5226,29.9158,28.0607,34.6366,39.9561,25.7705,23.0665,41.9395,31.3199,25.7705,39.4673,35.5942,26.6827,24.8636,23.0665,22.1765,21.7337,21.2924,20.4144,19.9778,19.1092,18.6774,18.2472,17.8187,24.4122,17.8187,16.5436,16.1221,15.2846,14.8687,
1993-03-01 00:00:00,2,77.7157,74.3972,59.9138,56.9,49.4146,44.2517,42.7052,39.4673,36.0747,35.5942,34.1594,34.6366,35.5942,36.5562,28.9858,27.1407,27.1407,29.9158,25.7705,23.0665,38.4929,23.0665,22.6208,22.1765,30.3826,25.7705,26.2259,29.4502,22.1765,21.2924,46.2128
1993-02-01 00:00:00,2,22.6208,22.1765,22.6208,35.1149,43.4759,63.427,65.6596,49.0101,53.9433,43.0899,35.1149,32.2618,73.4588,47.4043,59.9138,141.731,74.868,59.9138,56.9,51.4551,43.8632,42.7052,71.1319,120.352,98.7087,89.4882,155.652,102.383,,,
1993-01-01 00:00:00,2,22.6208,20.8527,19.9778,57.327,41.1789,35.1149,53.5257,31.7902,55.6258,43.4759,40.8005,42.7052,39.9561,35.1149,31.7902,29.4502,31.7902,41.5586,47.0059,47.0059,43.4759,43.8632,55.2034,41.1789,38.4929,35.1149,28.9858,29.4502,27.6001,25.7705,23.0665
1992-12-01 00:00:00,2,16.9669,42.7052,24.4122,37.0388,23.0665,23.0665,19.5427,18.6774,22.1765,21.7337,75.8129,55.2034,47.8039,36.5562,35.1149,34.6366,32.7345,76.287,46.6087,46.6087,37.0388,34.6366,34.6366,43.0899,29.9158,36.5562,29.4502,30.3826,26.6827,25.3164,26.6827
1992-11-01 00:00:00,2,55.6258,46.2128,51.4551,43.4358,84.0174,68.3758,72.0594,62.9839,47.4043,67.0127,65.2109,39.4673,36.5562,39.4673,29.9158,28.5226,24.8636,23.0665,22.1765,22.1765,18.6774,19.1092,22.1765,22.6208,17.3919,16.5436,27.6001,29.9158,22.6208,18.2472,
1992-10-01 00:00:00,2,7.6726,7.3117,16.8154,10.2509,12.1416,13.2931,11.7605,10.6261,12.1416,16.0245,12.5241,8.4002,8.0355,8.4002,9.8774,10.6261,9.8774,8.0355,7.6726,7.6726,8.4002,22.4662,11.0027,14.8467,15.2381,10.2509,8.4002,8.0355,12.908,14.0674,26.1919
1992-09-01 00:00:00,2,5.54,5.54,5.1929,5.1929,5.8897,20.8326,6.5962,7.3117,6.2418,6.5962,6.2418,5.1929,6.2418,6.2418,5.8897,5.8897,10.6261,9.8774,9.1353,9.8774,9.1353,5.8897,6.2418,5.54,5.54,14.0674,11.3809,18.8115,12.1416,8.4002,
1992-08-01 00:00:00,2,,,,,,,,,,,,,,,,6.2418,6.2418,6.2418,5.8897,5.8897,7.3117,6.5962,6.2418,6.2418,6.2418,6.2418,6.2418,5.8897,5.8897,5.8897,5.54
1992-07-01 00:00:00,2,,,,,,,,,,,,,,,,,,,,,,,,,,,,,,,
1992-06-01 00:00:00,2,,,,,,,,,,,,,,,,,,,,,,,,,,,,,,,
1992-05-01 00:00:00,2,24.1138,23.2883,23.2883,23.2883,33.8261,25.3583,24.5278,24.1138,18.4102,,,,,,,,,,,,,,,,,,,,,,
1992-04-01 00:00:00,2,27.0286,28.2894,33.8261,27.4481,18.0099,17.2125,16.8154,36.4188,19.2137,47.4043,29.5567,23.7006,18.8115,18.4102,29.5567,87.4842,114.795,45.8181,39.9093,39.471,42.5509,32.5383,27.4481,26.1919,36.4188,29.9806,35.5521,26.1919,24.5278,32.9669,
1992-03-01 00:00:00,2,31.2564,100.802,79.6355,52.2798,41.6682,38.1594,35.1196,32.1103,32.1103,31.2564,34.6878,31.2564,29.9806,35.1196,28.2894,28.2894,27.4481,27.0286,36.853,26.6099,25.3583,24.1138,23.2883,22.8768,22.8768,23.2883,24.9426,22.8768,20.8326,18.0099,17.6107
1992-02-01 00:00:00,2,85.9922,119.792,428.915,469.03,411.305,388.258,309.556,388.258,260.466,151.975,134.074,112.6,113.147,75.8129,65.2109,58.6152,52.6939,48.2047,43.8632,40.7876,38.1594,40.3482,37.2879,33.3962,31.2564,31.2564,34.6878,38.1594,34.6878,,
1992-01-01 00:00:00,2,17.2125,15.2381,11.7605,9.8774,17.6107,9.8774,8.4002,9.5055,8.4002,7.6726,7.6726,8.0355,12.908,39.0332,21.2396,12.908,20.4264,47.4043,56.0494,103.441,77.7157,61.6613,118.675,141.731,96.6313,113.696,64.7632,47.0059,41.6682,49.4146,75.8129
1991-12-01 00:00:00,2,4.5069,11.7605,4.1683,4.5069,4.5069,4.5069,4.8485,23.7006,15.6307,24.5278,12.1416,27.0286,30.8304,15.2381,14.8467,19.2137,11.3809,11.3809,12.1416,10.6261,8.7669,12.1416,9.1353,8.0355,6.9529,6.9529,7.6726,7.6726,12.908,11.3809,10.2509
1991-11-01 00:00:00,2,3.1725,6.5962,11.0027,5.8897,4.5069,4.1683,3.8329,7.6726,11.3809,14.4564,9.8774,5.54,5.1929,18.4102,23.7006,8.0355,6.2418,6.2418,4.8485,4.8485,7.6726,8.0355,4.5069,4.5069,4.5069,4.1683,4.1683,4.5069,5.8897,5.54,
1991-10-01 00:00:00,2,5.54,5.1929,4.8485,4.1683,4.1683,3.8329,4.5069,6.9529,6.2418,5.1929,7.3117,6.2418,5.1929,4.5069,4.1683,4.1683,6.2418,9.5055,12.5241,11.3809,5.54,4.5069,4.1683,3.5009,3.5009,3.1725,3.1725,3.1725,3.1725,2.848,2.848
1991-09-01 00:00:00,2,4.5069,4.1683,3.8329,3.8329,3.8329,3.8329,3.8329,3.8329,3.8329,3.8329,3.8329,3.8329,3.8329,3.8329,3.8329,3.8329,3.8329,3.8329,3.8329,4.5069,5.8897,4.8485,4.5069,4.1683,3.8329,4.1683,3.8329,4.1683,4.5069,6.2418,
1991-08-01 00:00:00,2,5.8897,5.8897,5.8897,5.8897,5.8897,5.54,5.54,5.54,5.1929,5.1929,5.1929,4.8485,4.8485,4.8485,4.8485,4.8485,5.1929,4.8485,4.8485,4.8485,4.8485,4.8485,5.1929,5.1929,5.1929,4.8485,4.5069,4.5069,4.5069,4.5069,4.5069
1991-07-01 00:00:00,2,7.6726,7.6726,7.6726,7.3117,7.3117,7.3117,7.3117,7.3117,6.9529,6.9529,6.9529,6.9529,6.9529,6.5962,8.4002,7.3117,6.9529,6.5962,6.5962,6.5962,6.5962,6.5962,6.2418,6.2418,6.2418,5.8897,5.8897,6.2418,6.2418,5.8897,6.2418
1991-06-01 00:00:00,2,11.0027,11.0027,11.0027,10.2509,9.8774,10.2509,10.2509,10.2509,9.5055,9.8774,9.5055,9.5055,9.5055,9.5055,9.1353,9.1353,8.7669,8.7669,8.7669,8.7669,8.4002,8.4002,8.0355,8.0355,8.0355,8.0355,8.0355,8.0355,8.0355,8.0355,
1991-05-01 00:00:00,2,20.0212,19.2137,18.4102,17.6107,17.2125,17.2125,16.8154,16.0245,16.0245,15.2381,14.4564,14.4564,14.4564,14.4564,13.6796,16.8154,18.4102,14.8467,13.6796,14.4564,14.0674,13.6796,12.908,12.5241,12.5241,12.5241,12.1416,11.7605,11.3809,11.3809,11.0027
1991-04-01 00:00:00,2,216.621,160.605,105.037,77.7157,66.1095,55.2034,50.6353,46.2128,54.7822,40.7876,38.596,34.2566,31.683,30.8304,30.4052,29.5567,28.2894,28.2894,29.9806,31.683,38.1594,27.8684,23.2883,22.0565,20.8326,21.6476,35.9851,24.5278,21.2396,20.8326,
1991-03-01 00:00:00,2,62.9839,43.4358,35.9851,67.9203,64.3167,98.1878,104.504,65.6596,51.0446,44.6414,39.471,46.2128,46.6087,38.596,37.7233,33.3962,32.9669,27.4481,26.6099,35.9851,30.4052,30.8304,119.233,73.9275,48.6068,80.6019,98.1878,62.101,51.8669,178.381,273.959
1991-02-01 00:00:00,2,82.0593,82.5473,66.1095,46.6087,39.471,38.596,35.1196,35.9851,46.6087,30.8304,34.6878,26.6099,23.7006,22.0565,76.287,113.696,99.7534,75.34,166.244,84.0174,59.9138,46.2128,57.7553,54.7822,49.4146,39.0332,35.9851,79.6355,,,
1991-01-01 00:00:00,2,6.2418,5.54,4.8485,12.5241,30.4052,59.9138,41.2276,29.9806,24.9426,29.1335,28.7111,29.9806,53.1092,75.8129,57.7553,57.7553,63.8713,64.7632,37.7233,29.9806,46.6087,34.6878,24.5278,28.7111,30.8304,22.0565,21.6476,106.106,185.549,151.975,75.34
1990-12-01 00:00:00,2,6.5962,5.1929,4.5069,4.1683,3.5009,3.5009,3.5009,4.1683,6.2418,4.8485,4.1683,4.1683,3.8329,3.5009,3.8329,3.8329,14.0674,6.9529,9.8774,9.1353,5.54,4.8485,33.3962,9.5055,5.1929,4.8485,5.54,18.8115,16.8154,31.683,8.0355
1990-11-01 00:00:00,2,1.5974,2.2123,3.8329,2.848,3.1725,9.1353,11.3809,9.8774,4.5069,3.8329,2.848,3.1725,2.848,2.2123,1.9019,1.2995,1.2995,1.2995,1.5974,1.5974,6.2418,4.5069,2.5278,2.5278,4.8485,7.6726,6.2418,23.7006,14.4564,8.4002,
1990-10-01 00:00:00,2,1.2995,1.2995,1.2995,1.9019,1.9019,1.2995,1.5974,1.0094,1.0094,0.7289,0.7289,0.7289,1.0094,1.5974,1.0094,2.5278,2.2123,4.5069,4.8485,7.6726,6.5962,11.0027,6.5962,3.8329,5.54,4.5069,3.1725,2.848,2.5278,1.5974,1.5974
1990-09-01 00:00:00,2,3.5009,4.8485,4.1683,3.5009,2.848,2.5278,2.5278,2.5278,2.2123,2.2123,1.9019,1.9019,2.2123,2.2123,8.0355,4.5069,3.1725,2.5278,2.2123,2.2123,1.9019,2.2123,2.2123,1.9019,1.9019,1.9019,1.9019,1.5974,1.2995,1.2995,
1990-08-01 00:00:00,2,2.848,2.848,2.848,2.848,2.848,2.5278,2.5278,2.5278,3.5009,4.1683,3.5009,3.1725,2.848,2.848,2.848,2.848,2.848,2.848,4.1683,3.8329,3.5009,3.5009,3.1725,2.848,2.5278,2.5278,2.5278,2.5278,2.5278,3.5009,3.5009
1990-07-01 00:00:00,2,3.8329,3.8329,3.8329,3.8329,3.8329,4.1683,7.6726,5.54,4.8485,4.1683,4.1683,4.1683,4.1683,4.5069,4.1683,4.1683,3.8329,3.8329,3.8329,3.5009,3.5009,3.5009,3.5009,3.5009,3.1725,3.1725,3.1725,3.1725,3.1725,3.1725,2.848
1990-06-01 00:00:00,2,5.54,5.54,5.1929,4.8485,4.8485,4.8485,4.8485,4.8485,4.5069,4.5069,4.5069,4.5069,4.5069,4.5069,4.5069,4.5069,4.5069,4.1683,4.1683,4.1683,4.1683,3.8329,3.8329,3.8329,3.8329,3.8329,3.8329,3.8329,3.8329,3.8329,
1990-05-01 00:00:00,2,6.9529,8.4002,8.0355,7.3117,6.9529,6.5962,12.1416,8.0355,6.9529,6.5962,6.5962,6.9529,6.5962,6.9529,6.2418,5.8897,6.5962,6.5962,6.2418,5.54,4.8485,4.8485,4.8485,5.1929,5.1929,5.1929,5.1929,5.1929,5.1929,5.1929,4.8485
1990-04-01 00:00:00,2,6.9529,6.5962,6.5962,6.2418,10.2509,7.6726,6.5962,6.2418,5.8897,9.8774,19.617,9.1353,7.6726,11.0027,10.2509,9.8774,9.5055,8.7669,17.2125,11.7605,9.5055,8.0355,7.6726,7.3117,7.3117,6.2418,6.9529,6.5962,6.2418,6.5962,
1990-03-01 00:00:00,2,11.3809,9.8774,9.1353,8.7669,8.4002,9.5055,8.7669,9.5055,9.5055,8.4002,8.0355,7.6726,7.6726,7.6726,7.6726,7.6726,8.0355,9.1353,9.8774,8.7669,8.4002,8.0355,8.0355,8.0355,7.6726,7.3117,7.3117,7.6726,8.0355,6.9529,6.9529
1990-02-01 00:00:00,2,15.2381,15.2381,14.4564,13.6796,11.3809,11.3809,10.6261,10.6261,9.8774,9.8774,10.6261,11.7605,13.6796,27.4481,22.0565,13.6796,11.0027,10.6261,11.3809,10.6261,9.8774,9.8774,12.908,11.3809,10.2509,18.4102,11.7605,12.1416,,,
1990-01-01 00:00:00,2,62.5419,55.2034,85.4969,118.675,226.423,133.492,84.5095,64.3167,52.2798,44.6414,46.6087,45.0324,33.8261,29.1335,27.0286,25.7747,24.5278,22.0565,20.8326,18.8115,18.4102,17.6107,16.8154,16.8154,16.4194,16.8154,16.4194,14.4564,12.908,12.908,12.1416
1989-12-01 00:00:00,2,11.3809,7.6726,6.5962,5.54,5.1929,4.8485,4.5069,3.8329,2.848,3.8329,6.5962,25.3583,14.8467,31.683,53.9433,64.3167,55.2034,43.4358,34.2566,174.514,240.696,83.5263,52.2798,59.9138,39.0332,35.5521,29.1335,43.4358,30.8304,33.3962,35.5521
1989-11-01 00:00:00,2,1.2995,1.0094,1.2995,1.2995,2.2123,1.5974,2.848,8.7669,2.848,10.2509,6.5962,14.0674,14.4564,6.2418,3.8329,2.5278,6.9529,15.2381,9.8774,9.5055,6.5962,18.8115,10.2509,10.6261,9.1353,5.8897,4.8485,32.5383,16.4194,14.4564,
1989-10-01 00:00:00,2,6.5962,5.1929,2.848,2.2123,2.2123,2.2123,1.9019,1.5974,1.5974,1.2995,1.2995,2.2123,2.5278,1.9019,1.2995,4.1683,3.5009,2.5278,4.1683,2.848,1.9019,9.1353,4.5069,2.848,3.1725,2.2123,1.5974,1.5974,1.9019,1.5974,1.5974
1989-09-01 00:00:00,2,2.848,2.848,2.848,2.848,3.5009,4.8485,4.8485,3.5009,3.1725,2.848,2.5278,3.1725,3.8329,4.1683,3.8329,3.1725,2.2123,2.2123,1.9019,1.9019,1.5974,1.5974,1.9019,1.5974,1.5974,1.5974,1.9019,2.5278,2.2123,3.8329,
1989-08-01 00:00:00,2,4.8485,3.8329,3.5009,3.5009,3.1725,3.1725,3.1725,2.848,2.848,2.848,2.848,2.848,2.848,2.848,2.848,2.848,2.5278,2.5278,2.5278,2.5278,2.5278,2.5278,2.5278,2.2123,3.1725,5.54,4.5069,3.8329,3.5009,3.5009,2.848
1989-07-01 00:00:00,2,3.8329,3.8329,4.1683,3.8329,3.8329,3.8329,3.5009,4.1683,4.1683,4.1683,4.1683,3.8329,3.8329,3.5009,3.5009,3.5009,3.5009,3.5009,3.5009,3.5009,3.5009,3.5009,3.5009,3.1725,3.1725,3.1725,2.848,3.1725,3.5009,3.5009,4.1683
1989-06-01 00:00:00,2,5.1929,5.1929,5.1929,5.1929,5.1929,4.8485,4.8485,4.8485,4.8485,5.54,8.7669,7.6726,6.2418,5.54,5.1929,4.8485,4.8485,4.8485,4.5069,4.5069,4.5069,4.5069,4.5069,4.5069,4.5069,4.8485,4.1683,4.1683,3.8329,3.8329,
1989-05-01 00:00:00,2,7.6726,8.7669,8.7669,8.4002,6.9529,6.9529,6.9529,6.9529,6.9529,6.5962,6.5962,6.2418,6.2418,5.8897,5.8897,5.8897,5.8897,5.8897,5.8897,5.8897,5.8897,5.8897,5.54,5.54,5.54,5.54,5.54,5.1929,5.54,5.54,5.54
1989-04-01 00:00:00,2,11.7605,11.0027,10.6261,11.0027,11.0027,10.2509,10.2509,9.8774,9.8774,9.8774,11.0027,11.0027,11.7605,12.1416,10.2509,10.2509,9.5055,9.1353,9.1353,9.8774,9.1353,9.1353,8.7669,8.4002,8.0355,7.6726,7.6726,7.6726,7.6726,7.3117,
1989-03-01 00:00:00,2,14.0674,17.6107,17.2125,14.4564,15.2381,20.8326,16.0245,19.617,22.8768,17.2125,14.4564,13.6796,29.9806,16.8154,35.1196,33.3962,38.1594,22.4662,19.617,18.8115,17.6107,16.8154,16.0245,14.8467,14.4564,13.2931,12.908,12.5241,12.1416,11.7605,12.1416
1989-02-01 00:00:00,2,11.0027,11.3809,12.908,10.6261,11.7605,18.0099,15.2381,12.1416,36.853,33.3962,19.2137,16.8154,33.3962,29.5567,42.5509,27.8684,23.2883,28.7111,22.8768,23.7006,20.8326,18.8115,22.0565,18.0099,16.8154,16.0245,16.0245,14.8467,,,
1989-01-01 00:00:00,2,31.683,20.0212,17.6107,21.6476,20.0212,18.8115,19.2137,21.2396,32.1103,40.7876,33.8261,23.2883,55.2034,29.1335,55.6258,35.9851,25.3583,33.3962,34.6878,22.4662,21.2396,20.0212,16.8154,16.0245,15.2381,14.4564,13.2931,12.1416,11.7605,11.3809,11.0027
1988-12-01 00:00:00,2,8.0355,6.9529,7.3117,7.6726,6.2418,5.1929,4.8485,4.8485,6.5962,5.54,4.8485,26.6099,11.3809,15.6307,16.4194,37.2879,18.4102,16.4194,43.8632,31.683,22.8768,79.154,40.3482,28.2894,35.9851,62.9839,34.6878,26.1919,22.4662,18.8115,17.6107
1988-11-01 00:00:00,2,9.8774,14.0674,8.0355,13.2931,11.0027,9.8774,7.6726,6.9529,11.0027,11.7605,7.6726,6.2418,4.8485,4.8485,12.1416,11.3809,5.54,5.1929,4.8485,4.1683,8.4002,8.7669,7.6726,11.0027,7.6726,6.5962,8.4002,5.8897,5.8897,6.2418,
1988-10-01 00:00:00,2,5.8897,3.8329,2.848,3.5009,4.8485,8.0355,4.5069,3.5009,2.848,2.2123,2.2123,2.5278,3.5009,4.1683,3.1725,2.2123,2.2123,3.1725,2.848,6.9529,7.6726,4.5069,6.5962,9.5055,8.4002,5.1929,15.2381,9.5055,5.8897,5.54,5.8897
1988-09-01 00:00:00,2,2.2123,2.2123,2.2123,2.2123,2.2123,2.2123,2.2123,2.2123,2.2123,1.9019,1.9019,1.5974,1.5974,1.5974,1.5974,1.5974,1.5974,1.5974,1.5974,1.5974,1.5974,1.5974,1.5974,1.5974,1.2995,1.2995,1.0094,1.0094,1.0094,9.5055,
1988-08-01 00:00:00,2,3.8329,3.8329,3.5009,3.5009,3.5009,3.5009,3.5009,3.5009,3.5009,3.5009,3.1725,3.1725,3.1725,3.1725,3.1725,3.1725,3.1725,3.1725,3.1725,3.1725,3.1725,3.1725,2.848,2.848,2.848,2.848,2.848,2.848,2.848,2.5278,2.5278
1988-07-01 00:00:00,2,4.8485,4.8485,4.8485,4.8485,4.8485,4.8485,4.8485,4.8485,4.5069,4.5069,4.5069,4.1683,4.1683,4.1683,4.1683,4.5069,4.5069,4.5069,4.5069,4.1683,4.1683,4.1683,4.1683,4.5069,4.1683,3.8329,3.8329,3.8329,3.8329,3.8329,3.8329
1988-06-01 00:00:00,2,6.9529,6.2418,6.5962,6.2418,7.6726,6.5962,6.2418,6.2418,5.8897,5.8897,6.2418,5.8897,5.8897,5.54,5.54,5.54,5.54,5.1929,5.1929,5.1929,5.1929,5.1929,4.8485,4.8485,4.8485,4.8485,4.8485,4.8485,4.8485,4.8485,
1988-05-01 00:00:00,2,9.1353,8.7669,8.4002,8.4002,8.7669,8.7669,8.4002,8.4002,8.4002,8.4002,8.4002,8.0355,7.6726,7.6726,7.6726,7.6726,7.3117,7.6726,7.6726,7.3117,7.3117,7.3117,7.3117,6.5962,6.2418,6.9529,7.3117,6.9529,6.5962,6.2418,6.2418
1988-04-01 00:00:00,2,12.5241,16.4194,12.1416,14.4564,12.5241,12.1416,13.6796,11.3809,10.6261,10.2509,10.2509,9.8774,9.8774,12.1416,10.2509,9.8774,11.7605,11.7605,53.5257,18.0099,12.908,12.5241,11.7605,10.6261,10.6261,10.2509,10.2509,9.8774,9.5055,9.5055,
1988-03-01 00:00:00,2,26.6099,24.9426,21.6476,43.4358,51.8669,67.9203,50.6353,47.0059,35.9851,32.1103,27.8684,25.3583,24.9426,23.2883,22.4662,23.2883,23.2883,19.617,18.8115,18.0099,17.2125,16.4194,15.6307,15.2381,14.4564,14.0674,13.6796,12.908,12.908,14.0674,12.1416
1988-02-01 00:00:00,2,8.7669,8.4002,8.4002,29.5567,34.2566,36.853,28.7111,35.9851,45.0324,108.255,54.7822,57.7553,56.4741,52.2798,37.7233,44.6414,46.2128,117.562,120.352,61.2227,48.6068,44.2517,35.1196,47.0059,41.2276,32.5383,28.7111,25.3583,23.7006,,
1988-01-01 00:00:00,2,15.6307,15.2381,12.1416,22.8768,13.2931,27.0286,20.4264,18.8115,24.5278,18.4102,41.6682,57.7553,35.9851,24.9426,20.8326,18.0099,16.8154,15.6307,14.4564,13.6796,12.908,12.1416,11.3809,11.0027,10.6261,10.6261,10.6261,10.2509,9.8774,9.5055,9.1353
1987-12-01 00:00:00,2,7.3117,6.2418,9.1353,7.6726,17.2125,22.4662,11.0027,10.2509,33.3962,23.2883,35.5521,44.2517,37.2879,57.7553,36.4188,23.2883,18.8115,18.8115,24.1138,34.2566,35.1196,30.4052,19.617,15.6307,16.8154,13.6796,13.6796,13.6796,12.5241,15.2381,14.8467
1987-11-01 00:00:00,2,4.8485,3.8329,2.848,2.5278,2.2123,1.5974,4.5069,4.8485,3.5009,3.1725,10.2509,6.5962,4.1683,5.8897,8.4002,11.3809,10.6261,5.8897,3.1725,4.1683,3.8329,3.5009,3.1725,3.5009,3.1725,17.2125,7.3117,9.1353,35.9851,10.2509,
1987-10-01 00:00:00,2,2.5278,2.2123,2.5278,2.848,2.5278,2.2123,2.2123,2.2123,1.9019,1.5974,1.5974,1.5974,1.5974,1.5974,1.5974,1.5974,1.2995,1.2995,1.2995,1.2995,1.9019,6.9529,5.1929,4.1683,14.0674,7.3117,4.1683,9.1353,6.5962,6.5962,7.6726
1987-09-01 00:00:00,2,2.5278,2.5278,2.5278,2.2123,2.2123,2.2123,2.2123,2.2123,3.8329,3.5009,3.1725,2.848,2.848,2.848,2.848,2.2123,2.2123,1.9019,2.2123,4.5069,5.1929,5.1929,9.1353,5.1929,6.2418,3.8329,3.1725,2.5278,2.848,2.848,
1987-08-01 00:00:00,2,4.1683,4.5069,4.1683,4.1683,4.1683,3.8329,4.1683,4.1683,3.8329,3.5009,3.5009,3.5009,3.5009,3.5009,3.5009,3.5009,3.1725,3.1725,3.1725,3.1725,3.1725,3.1725,3.1725,2.848,2.848,2.848,2.848,2.848,2.848,2.5278,2.5278
1987-07-01 00:00:00,2,5.54,5.54,5.54,5.1929,5.1929,4.8485,4.8485,4.8485,5.1929,7.3117,6.2418,5.1929,5.1929,5.1929,5.1929,4.8485,4.8485,4.8485,4.5069,4.5069,4.1683,4.1683,4.1683,4.1683,4.1683,4.1683,4.1683,3.8329,3.8329,4.1683,4.1683
1987-06-01 00:00:00,2,7.6726,7.3117,7.3117,7.3117,6.9529,6.9529,6.9529,7.3117,8.0355,7.6726,7.3117,6.9529,6.9529,6.9529,6.5962,6.5962,6.5962,6.5962,6.2418,6.2418,6.2418,6.2418,6.2418,6.5962,6.2418,6.2418,5.8897,5.54,5.54,5.54,
1987-05-01 00:00:00,2,13.2931,12.908,12.1416,12.1416,11.7605,11.7605,11.3809,11.0027,10.6261,10.2509,10.2509,9.8774,9.8774,9.5055,9.5055,9.8774,9.8774,10.6261,9.8774,9.5055,9.1353,8.7669,8.7669,8.7669,8.4002,8.4002,8.4002,8.0355,8.0355,8.0355,7.6726
1987-04-01 00:00:00,2,8.0355,8.0355,11.3809,24.5278,155.037,137.589,67.9203,47.4043,39.0332,53.1092,49.8203,35.9851,29.9806,26.1919,23.7006,22.0565,20.0212,19.2137,18.4102,17.6107,16.8154,16.8154,16.4194,17.6107,15.6307,14.4564,13.6796,13.6796,14.0674,15.2381,
1987-03-01 00:00:00,2,8.4002,8.4002,8.0355,8.0355,8.0355,7.6726,17.6107,10.6261,22.4662,18.4102,11.7605,9.8774,8.7669,15.6307,9.8774,8.4002,9.1353,8.7669,8.0355,18.0099,32.1103,16.4194,12.5241,10.6261,9.8774,9.8774,9.1353,8.7669,8.4002,8.0355,8.0355
1987-02-01 00:00:00,2,20.0212,28.7111,21.2396,18.4102,17.6107,16.8154,15.6307,18.0099,14.0674,14.4564,14.0674,13.6796,14.8467,13.6796,12.1416,22.0565,13.6796,14.8467,12.5241,11.7605,10.6261,10.2509,9.8774,9.5055,9.1353,9.1353,9.1353,8.4002,,,
1987-01-01 00:00:00,2,38.1594,27.4481,33.3962,24.5278,18.8115,16.4194,16.4194,14.0674,14.0674,15.2381,11.7605,16.8154,17.6107,16.4194,11.7605,10.6261,16.0245,22.8768,12.908,17.6107,21.6476,18.0099,13.6796,43.8632,26.6099,18.8115,33.8261,40.3482,31.2564,30.4052,20.8326
1986-12-01 00:00:00,2,19.617,8.7669,12.1416,7.3117,6.2418,4.1683,3.8329,3.8329,3.5009,15.2381,9.1353,10.2509,7.3117,6.5962,20.0212,7.3117,9.5055,8.4002,6.2418,5.1929,4.1683,8.7669,12.5241,6.5962,16.0245,28.2894,22.8768,27.4481,42.9931,58.1846,68.3758
1986-11-01 00:00:00,2,2.5278,1.9019,2.2123,3.1725,3.8329,3.5009,3.1725,3.1725,3.1725,2.848,2.2123,12.908,12.5241,6.5962,5.54,4.1683,3.8329,3.1725,2.848,2.5278,2.2123,2.5278,2.5278,2.2123,1.9019,2.2123,1.9019,2.2123,3.1725,14.8467,
1986-10-01 00:00:00,2,3.8329,3.1725,2.848,2.848,2.848,2.2123,2.2123,2.2123,2.2123,2.2123,1.9019,1.9019,2.2123,2.2123,5.54,3.1725,2.848,2.2123,1.9019,2.2123,1.9019,3.8329,6.9529,5.54,4.1683,2.848,2.5278,2.5278,2.2123,2.2123,2.2123
1986-09-01 00:00:00,2,4.1683,4.1683,4.1683,4.1683,3.8329,3.8329,3.8329,3.8329,3.5009,3.5009,3.5009,3.5009,3.5009,3.1725,3.1725,3.1725,3.1725,3.1725,3.1725,2.848,2.5278,2.5278,2.5278,2.5278,2.5278,2.5278,2.5278,2.5278,2.848,4.8485,
1986-08-01 00:00:00,2,4.5069,4.5069,4.5069,4.5069,4.1683,4.1683,4.1683,3.8329,3.8329,3.8329,3.8329,3.8329,4.5069,4.1683,9.5055,5.1929,9.5055,4.8485,4.5069,4.1683,4.5069,12.5241,8.7669,5.8897,4.8485,8.0355,7.3117,5.1929,4.8485,4.5069,4.1683
1986-07-01 00:00:00,2,5.1929,5.1929,6.2418,6.5962,5.54,5.54,5.8897,5.54,5.54,5.54,5.54,5.1929,5.1929,4.8485,4.8485,4.8485,4.8485,4.8485,4.5069,4.8485,4.8485,4.8485,5.1929,8.4002,6.2418,5.8897,4.8485,4.8485,4.8485,4.8485,4.5069
1986-06-01 00:00:00,2,6.9529,7.3117,6.9529,6.5962,6.5962,6.5962,6.2418,6.2418,6.2418,6.2418,6.2418,6.2418,5.8897,5.8897,5.8897,5.8897,5.8897,5.54,5.54,5.54,5.54,5.54,5.1929,5.1929,5.1929,5.1929,5.1929,5.1929,5.1929,5.1929,
1986-05-01 00:00:00,2,9.1353,8.7669,8.4002,8.4002,8.4002,8.0355,7.6726,8.4002,8.0355,8.4002,8.0355,8.0355,12.908,10.6261,8.0355,8.0355,7.6726,7.3117,6.9529,6.9529,7.3117,7.3117,6.9529,6.9529,7.3117,7.6726,7.6726,7.3117,6.9529,6.5962,6.9529
1986-04-01 00:00:00,2,12.1416,11.0027,10.2509,9.5055,9.1353,8.7669,8.4002,13.6796,8.4002,7.6726,7.3117,6.9529,6.5962,6.2418,6.2418,6.2418,6.9529,7.6726,8.0355,8.4002,9.5055,9.8774,9.8774,9.5055,9.1353,10.6261,12.908,10.2509,9.5055,9.1353,
1986-03-01 00:00:00,2,20.0212,34.2566,20.0212,29.9806,29.9806,22.0565,25.3583,55.2034,75.34,35.9851,26.1919,23.2883,20.8326,19.2137,16.8154,16.0245,16.0245,17.6107,19.617,27.4481,19.2137,15.6307,15.2381,14.8467,20.4264,13.6796,13.2931,12.908,16.8154,13.6796,12.908
1986-02-01 00:00:00,2,12.908,10.6261,19.2137,16.0245,14.0674,11.3809,9.8774,7.6726,7.3117,6.2418,5.1929,3.8329,19.2137,22.8768,52.6939,75.34,29.9806,30.8304,35.1196,27.4481,24.1138,20.8326,16.0245,12.5241,9.8774,9.1353,8.4002,12.1416,,,
1986-01-01 00:00:00,2,23.7006,34.2566,27.4481,18.0099,32.1103,64.7632,63.8713,119.233,77.2384,77.2384,62.101,68.8324,62.5419,62.101,56.0494,61.6613,70.2088,48.2047,39.9093,35.5521,31.683,28.2894,24.9426,21.6476,19.2137,18.0099,19.2137,19.2137,23.7006,17.6107,15.2381
1985-12-01 00:00:00,2,9.5055,7.3117,6.5962,21.2396,24.5278,10.6261,9.8774,6.5962,6.9529,5.54,4.8485,4.5069,4.5069,3.8329,3.8329,14.8467,12.908,4.1683,5.1929,6.9529,6.5962,5.1929,9.5055,9.5055,23.2883,26.1919,25.7747,22.4662,22.8768,14.8467,17.2125
1985-11-01 00:00:00,2,8.4002,6.5962,5.8897,6.5962,5.8897,4.5069,3.5009,3.1725,2.848,2.5278,2.5278,2.2123,2.2123,1.9019,1.9019,1.9019,1.9019,1.9019,1.5974,1.0094,1.0094,2.5278,3.1725,4.8485,6.5962,5.54,5.8897,38.1594,35.9851,12.5241,
1985-10-01 00:00:00,2,3.8329,3.1725,5.1929,3.8329,3.1725,2.848,2.5278,3.1725,3.5009,3.1725,3.1725,2.848,2.5278,2.5278,2.2123,1.9019,1.5974,2.2123,2.2123,1.5974,1.9019,1.5974,1.9019,1.9019,4.8485,4.5069,4.8485,3.8329,3.1725,4.8485,6.5962
1985-09-01 00:00:00,2,3.1725,3.1725,3.1725,3.1725,3.5009,3.5009,4.5069,4.5069,3.8329,3.5009,3.5009,3.1725,3.1725,3.1725,3.1725,2.848,2.848,2.5278,2.5278,2.5278,2.5278,2.5278,2.2123,7.6726,5.8897,4.5069,4.5069,3.8329,4.8485,4.5069,
1985-08-01 00:00:00,2,4.8485,4.5069,4.5069,4.5069,4.5069,4.5069,4.1683,4.1683,4.1683,4.1683,4.1683,4.1683,3.8329,3.8329,3.8329,3.8329,3.8329,3.8329,3.8329,3.8329,3.8329,3.8329,3.8329,3.5009,3.5009,3.5009,3.5009,3.5009,3.5009,3.5009,3.5009
1985-07-01 00:00:00,2,5.8897,5.54,5.54,5.54,5.54,5.54,5.54,5.54,5.54,5.54,5.54,5.54,5.1929,5.1929,5.1929,4.8485,4.8485,4.8485,4.8485,4.8485,4.8485,4.8485,4.8485,4.8485,4.8485,4.8485,4.8485,4.8485,4.8485,4.8485,4.8485
1985-06-01 00:00:00,2,7.6726,7.6726,7.3117,7.3117,7.3117,7.6726,7.3117,6.9529,6.9529,6.9529,6.9529,6.5962,6.9529,6.9529,6.9529,6.9529,6.5962,6.5962,6.5962,6.5962,6.5962,6.2418,6.2418,6.2418,6.2418,6.2418,5.8897,5.8897,5.8897,5.8897,
1985-05-01 00:00:00,2,11.3809,11.7605,11.3809,14.0674,12.1416,10.6261,10.6261,10.2509,9.5055,9.5055,9.8774,9.1353,9.1353,9.1353,9.1353,9.1353,9.1353,9.1353,8.7669,8.4002,8.4002,8.4002,8.0355,7.6726,7.6726,7.6726,7.3117,7.3117,7.3117,7.3117,8.0355
1985-04-01 00:00:00,2,21.6476,19.617,18.0099,17.6107,17.6107,16.8154,16.4194,16.0245,15.6307,16.0245,15.2381,14.8467,14.4564,14.0674,14.0674,13.6796,13.2931,16.8154,16.4194,14.4564,13.2931,12.908,12.1416,12.1416,12.1416,11.3809,11.3809,12.1416,12.1416,12.1416,
1985-03-01 00:00:00,2,27.8684,43.4358,27.0286,21.2396,23.2883,20.4264,34.2566,32.5383,51.8669,35.9851,29.1335,27.0286,26.6099,28.7111,50.6353,59.4797,47.8039,55.2034,43.8632,38.1594,33.8261,32.1103,29.5567,27.4481,25.7747,24.9426,25.3583,27.8684,24.1138,26.1919,22.0565
1985-02-01 00:00:00,2,74.868,62.5419,56.9,48.2047,40.7876,39.0332,38.596,36.4188,31.2564,41.6682,29.5567,26.6099,24.5278,23.2883,21.6476,20.8326,20.8326,19.617,18.8115,16.8154,16.4194,16.4194,18.4102,27.4481,20.8326,47.4043,29.1335,35.5521,,,
1985-01-01 00:00:00,2,16.0245,19.2137,16.4194,12.908,12.1416,13.6796,14.8467,14.0674,40.3482,49.0101,25.3583,20.8326,33.8261,99.2305,79.154,92.525,124.866,147.725,97.1491,99.7534,85.4969,105.571,71.5951,101.855,125.435,159.361,163.729,137.589,118.118,106.106,91.002
1984-12-01 00:00:00,2,11.3809,9.8774,10.6261,18.8115,11.7605,8.7669,36.853,12.908,21.6476,30.8304,19.2137,14.8467,40.7876,29.5567,19.2137,49.0101,93.0347,45.4246,29.9806,22.4662,18.4102,16.0245,14.0674,13.2931,12.5241,14.4564,19.617,16.8154,15.2381,15.2381,25.7747
1984-11-01 00:00:00,2,1.9019,2.2123,2.2123,2.2123,1.5974,1.2995,1.5974,1.2995,1.0094,1.2995,1.2995,1.5974,4.1683,4.8485,3.1725,2.5278,1.9019,1.9019,3.8329,5.1929,10.2509,9.8774,6.5962,8.4002,6.2418,5.8897,5.1929,5.1929,5.8897,6.9529,
1984-10-01 00:00:00,2,2.848,3.1725,2.848,2.848,2.5278,2.2123,2.2123,2.2123,1.9019,1.5974,2.5278,4.5069,3.5009,3.5009,2.5278,3.1725,2.848,2.848,9.8774,11.7605,6.2418,9.5055,5.54,4.8485,5.1929,2.848,3.5009,3.1725,2.848,2.5278,2.5278
1984-09-01 00:00:00,2,3.5009,3.5009,2.848,2.5278,2.848,2.5278,7.3117,20.0212,20.4264,11.0027,6.2418,4.8485,4.5069,3.8329,3.5009,3.5009,3.5009,4.8485,3.5009,3.5009,10.2509,8.4002,5.1929,4.1683,3.8329,3.5009,2.848,4.8485,3.8329,3.1725,
1984-08-01 00:00:00,2,3.5009,3.5009,3.1725,3.5009,3.1725,3.1725,3.1725,3.1725,2.848,2.848,2.848,2.848,2.848,2.848,2.5278,2.5278,2.5278,2.5278,2.5278,2.5278,2.848,3.1725,3.1725,3.5009,4.1683,7.6726,4.8485,3.8329,3.5009,3.5009,3.8329
1984-07-01 00:00:00,2,4.1683,4.8485,4.5069,4.1683,4.1683,4.5069,4.8485,4.8485,4.5069,4.1683,4.1683,4.1683,4.1683,4.1683,4.1683,3.8329,3.5009,3.5009,3.5009,3.5009,3.5009,3.5009,3.5009,3.5009,3.5009,3.5009,3.5009,3.1725,3.5009,3.5009,3.5009
1984-06-01 00:00:00,2,5.8897,6.2418,6.2418,5.8897,5.8897,5.8897,5.8897,5.54,5.54,5.54,5.1929,4.8485,4.8485,4.8485,4.8485,4.8485,4.8485,5.54,5.54,5.1929,4.8485,4.5069,4.5069,4.5069,4.5069,4.1683,4.1683,4.5069,4.5069,4.1683,
1984-05-01 00:00:00,2,9.8774,27.4481,12.5241,9.5055,8.7669,8.4002,8.4002,8.0355,7.6726,7.6726,8.0355,8.0355,7.6726,7.6726,7.3117,7.6726,7.3117,7.3117,8.0355,7.3117,7.3117,6.9529,6.9529,6.5962,6.5962,6.5962,6.5962,6.2418,5.8897,5.8897,5.8897
1984-04-01 00:00:00,2,12.1416,11.0027,10.6261,13.2931,12.1416,10.2509,13.6796,11.7605,10.2509,9.8774,9.5055,9.1353,9.1353,9.1353,8.7669,8.4002,8.4002,8.4002,8.0355,8.4002,8.4002,8.0355,7.6726,7.6726,7.3117,13.2931,9.5055,8.7669,7.6726,8.0355,
1984-03-01 00:00:00,2,12.1416,12.1416,11.7605,11.3809,11.7605,11.3809,12.908,11.7605,12.1416,14.0674,13.6796,13.2931,19.617,17.6107,12.5241,12.1416,12.1416,11.0027,10.6261,10.6261,10.2509,16.8154,14.0674,12.1416,11.3809,9.8774,9.8774,9.5055,9.5055,11.3809,21.6476
1984-02-01 00:00:00,2,29.1335,27.0286,25.7747,24.1138,22.4662,21.6476,20.8326,20.4264,19.617,18.4102,18.4102,25.3583,22.4662,16.8154,16.0245,15.2381,15.2381,17.2125,14.8467,14.4564,14.0674,14.0674,13.2931,13.6796,13.6796,14.4564,13.6796,12.908,12.1416,,
1984-01-01 00:00:00,2,34.2566,30.8304,30.8304,27.8684,26.6099,27.4481,45.8181,75.8129,33.8261,27.8684,24.5278,23.2883,21.6476,20.8326,19.617,18.4102,18.0099,16.8154,16.4194,17.2125,18.4102,35.9851,22.8768,47.4043,34.6878,36.853,46.6087,39.9093,49.8203,36.853,32.1103
1983-12-01 00:00:00,2,18.4102,27.4481,45.4246,35.9851,32.1103,45.8181,30.4052,29.1335,49.4146,39.471,49.8203,57.7553,59.4797,53.9433,51.8669,79.154,71.1319,65.2109,52.6939,47.4043,45.8181,39.9093,37.7233,41.2276,45.0324,47.4043,43.8632,73.4588,46.2128,38.1594,39.471
1983-11-01 00:00:00,2,11.3809,9.8774,29.1335,16.8154,16.0245,20.0212,14.0674,12.1416,23.2883,15.2381,17.2125,36.4188,21.6476,19.2137,25.3583,70.6698,37.2879,27.4481,24.5278,22.8768,22.0565,34.6878,26.1919,28.2894,27.0286,22.4662,24.5278,33.8261,22.0565,18.4102,
1983-10-01 00:00:00,2,4.1683,3.8329,3.8329,3.5009,3.5009,3.5009,3.5009,5.1929,6.9529,5.8897,4.8485,7.6726,17.2125,77.2384,44.2517,20.0212,13.2931,11.3809,18.8115,12.908,10.2509,10.6261,18.0099,16.8154,12.1416,11.3809,10.2509,9.1353,8.7669,8.7669,10.6261
1983-09-01 00:00:00,2,5.1929,4.8485,4.8485,4.8485,4.8485,4.8485,4.5069,4.8485,6.9529,5.54,5.54,6.2418,5.54,5.8897,5.8897,7.6726,13.2931,7.6726,6.9529,8.0355,6.9529,5.8897,4.8485,4.8485,4.8485,4.8485,4.8485,4.5069,4.5069,4.1683,
1983-08-01 00:00:00,2,6.9529,6.9529,6.9529,6.9529,6.9529,6.9529,6.9529,6.5962,6.5962,6.2418,6.2418,6.2418,6.2418,6.2418,5.8897,5.8897,5.8897,5.54,5.8897,5.8897,5.8897,6.5962,5.8897,5.54,5.54,5.54,5.54,5.54,5.1929,5.1929,5.1929
1983-07-01 00:00:00,2,9.1353,9.1353,8.7669,8.7669,8.7669,8.4002,8.4002,8.0355,8.0355,7.6726,7.6726,7.6726,7.6726,7.3117,7.3117,8.0355,8.0355,7.6726,8.4002,10.6261,12.908,9.1353,8.0355,7.6726,7.3117,8.0355,7.6726,7.6726,7.3117,7.3117,7.3117
1983-06-01 00:00:00,2,15.2381,13.6796,12.908,12.1416,13.6796,13.6796,12.5241,12.1416,12.1416,11.3809,11.7605,10.6261,10.6261,10.2509,9.8774,10.2509,9.8774,10.6261,10.6261,11.0027,10.6261,10.2509,9.8774,9.5055,9.5055,9.5055,9.1353,9.1353,9.1353,9.1353,
1983-05-01 00:00:00,2,26.6099,23.7006,23.2883,22.0565,21.6476,20.8326,20.8326,20.0212,19.617,19.2137,18.8115,18.4102,18.4102,18.0099,17.6107,16.8154,16.8154,16.0245,15.2381,14.8467,15.2381,14.4564,14.4564,15.2381,15.2381,14.4564,15.2381,14.4564,18.8115,18.8115,14.8467
1983-04-01 00:00:00,2,35.5521,28.2894,27.4481,26.1919,25.3583,23.7006,47.0059,35.5521,27.4481,29.9806,39.9093,54.3622,45.0324,46.2128,34.2566,47.8039,35.9851,31.683,29.1335,27.4481,27.4481,27.4481,24.9426,24.9426,41.6682,49.4146,52.6939,31.2564,37.2879,28.2894,
1983-03-01 00:00:00,2,33.3962,29.9806,34.6878,27.8684,53.1092,67.9203,79.6355,77.7157,55.2034,47.8039,44.6414,43.4358,44.6414,62.5419,42.9931,39.9093,39.471,40.3482,38.596,49.0101,45.8181,50.6353,42.9931,45.4246,38.1594,38.1594,35.1196,45.0324,43.4358,44.2517,33.3962
1983-02-01 00:00:00,2,70.2088,119.233,540.264,438.817,178.381,112.053,142.326,108.255,105.571,123.166,194.819,165.614,151.365,115.899,85.9922,73.4588,64.3167,54.3622,51.8669,47.0059,43.4358,38.596,37.2879,35.1196,42.9931,38.1594,39.471,44.2517,,,
1983-01-01 00:00:00,2,99.2305,48.2047,68.8324,63.427,65.6596,97.1491,82.5473,62.5419,55.6258,53.1092,42.1093,38.596,32.1103,65.2109,51.0446,39.471,34.2566,32.9669,75.8129,56.4741,46.6087,39.471,51.4551,46.6087,59.9138,127.146,67.0127,52.2798,49.0101,47.8039,51.8669
1982-12-01 00:00:00,2,3.1725,2.2123,4.1683,8.0355,11.7605,16.8154,20.0212,11.0027,9.8774,16.8154,10.2509,4.8485,4.5069,4.5069,4.5069,30.4052,27.4481,51.4551,24.5278,41.6682,18.8115,30.4052,16.0245,24.5278,20.8326,15.2381,11.7605,14.0674,15.2381,15.6307,144.118
1982-11-01 00:00:00,2,8.4002,3.8329,3.1725,3.1725,2.5278,1.9019,1.5974,1.5974,3.1725,5.1929,2.5278,2.5278,2.848,2.5278,5.54,7.3117,11.3809,7.3117,10.2509,7.3117,3.8329,3.1725,2.848,2.2123,1.5974,1.2995,1.2995,1.2995,2.5278,3.8329,
1982-10-01 00:00:00,2,2.9499,5.6379,5.6379,4.3473,4.8505,1.9019,2.2123,3.5009,5.1929,8.4002,13.2931,9.5055,6.2418,5.8897,3.8329,2.848,2.5278,3.1725,2.848,2.848,2.848,2.5278,3.8329,2.2123,3.8329,5.8897,5.1929,4.1683,4.1683,3.8329,3.5009
1982-09-01 00:00:00,2,4.8505,4.8505,4.8505,4.5966,4.5966,4.3473,4.1024,4.1024,4.1024,3.8622,3.8622,3.6268,3.6268,3.3961,3.1705,3.1705,3.3961,3.1705,3.1705,3.1705,3.1705,2.9499,2.9499,3.1705,3.1705,2.9499,2.9499,3.6268,4.3473,3.8622,
1982-08-01 00:00:00,2,5.3712,5.3712,5.3712,5.3712,5.6379,5.6379,5.3712,5.3712,5.3712,5.3712,5.3712,5.3712,5.3712,5.1087,5.1087,5.1087,5.1087,5.1087,5.1087,5.1087,5.1087,5.1087,5.1087,5.1087,5.1087,5.1087,5.1087,5.1087,5.1087,5.1087,4.8505
1982-07-01 00:00:00,2,7.323,7.323,7.0323,7.0323,7.0323,7.0323,7.0323,7.0323,6.7455,6.7455,6.7455,6.4626,6.4626,6.4626,6.4626,6.1837,6.1837,6.1837,5.9088,5.9088,5.9088,5.9088,5.9088,5.6379,5.6379,5.6379,5.6379,5.6379,5.6379,5.3712,5.3712
1982-06-01 00:00:00,2,13.5116,12.1098,11.0916,10.4291,9.7799,9.7799,9.4604,9.4604,9.1443,8.8318,8.8318,8.5227,8.5227,8.2173,8.2173,7.9155,7.9155,7.9155,7.9155,7.6174,7.6174,7.6174,7.6174,7.6174,7.323,7.323,7.323,7.323,7.323,7.323,
1982-05-01 00:00:00,2,15.3321,15.3321,14.595,13.8697,13.8697,13.1565,13.1565,12.4556,12.4556,12.4556,11.7672,12.4556,11.7672,11.7672,12.8045,11.7672,11.7672,11.7672,12.4556,11.0916,12.1098,12.8045,11.4278,12.1098,12.8045,12.1098,11.0916,10.4291,9.7799,9.1443,8.5227
1982-04-01 00:00:00,2,67.9288,65.4768,47.7665,44.1455,43.4923,40.5733,38.3269,38.6465,38.6465,37.689,36.4186,35.1556,33.9,32.779,30.897,35.1556,28.1425,26.353,23.7411,22.4687,21.633,20.8077,19.9929,19.1886,18.3952,17.6126,16.8411,16.0809,15.3321,14.595,
1982-03-01 00:00:00,2,29.9696,25.4726,19.9929,50.7638,38.3269,34.841,32.3051,43.4923,170.617,162.102,149.552,109.775,97.2766,85.1939,70.7492,67.2267,63.7346,55.1455,55.1455,77.8818,67.2267,72.5216,163.513,77.8818,94.216,74.3013,67.2267,71.8118,73.5885,71.4573,71.1031
1982-02-01 00:00:00,2,55.1455,48.4299,45.1283,43.8187,45.1283,48.4299,49.7613,49.4279,47.4354,42.8407,39.9293,37.3707,35.4706,33.2752,30.4322,30.4322,29.0514,27.243,25.4726,24.1703,23.3145,23.3145,23.3145,24.6019,25.4726,42.8407,31.3641,29.0514,,,
1982-01-01 00:00:00,2,27.6916,46.4443,43.1663,43.4923,44.4727,48.098,38.6465,52.7786,50.0951,43.1663,38.3269,43.1663,63.7346,55.1455,41.219,39.287,40.896,35.7861,33.9,35.7861,69.3366,68.9842,97.2766,149.552,154.4,91.7864,92.9991,188.722,112.962,83.3043,68.9842
1981-12-01 00:00:00,2,46.4443,48.7622,45.1283,41.219,39.6079,35.7861,50.0951,40.896,51.4339,104.101,86.9788,79.3219,67.9288,57.8713,47.4354,52.4419,53.453,52.4419,42.5155,38.0077,34.841,34.2132,31.8335,31.3641,29.0514,29.5094,19.1886,45.1283,51.7695,36.7355,33.2752
1981-11-01 00:00:00,2,10.1028,9.1443,10.7587,44.8003,32.779,17.2254,33.2752,31.3641,29.5094,38.9665,79.3219,49.7613,108.507,66.1758,45.1283,37.3707,35.1556,34.5268,55.1455,50.0951,62.3466,52.1055,37.0529,52.7786,35.4706,30.4322,67.2267,39.9293,35.7861,37.3707,
1981-10-01 00:00:00,2,3.1705,3.1705,5.6379,5.6379,5.3712,3.3961,3.3961,3.6268,4.8505,3.6268,8.5227,5.3712,28.5958,7.0323,14.9621,50.4292,35.7861,9.1443,6.4626,6.1837,6.1837,5.6379,4.5966,4.5966,4.1024,6.7455,5.3712,6.7455,52.4419,22.8903,13.1565
1981-09-01 00:00:00,2,3.6268,3.6268,3.6268,3.3961,3.1705,3.1705,3.3961,3.6268,3.6268,3.6268,3.6268,3.6268,3.6268,3.6268,3.6268,3.1705,3.1705,3.1705,2.7345,3.1705,3.1705,3.1705,3.1705,3.1705,3.1705,2.9499,2.9499,2.9499,2.9499,3.1705,
1981-08-01 00:00:00,2,5.1087,5.1087,5.1087,4.8505,4.8505,4.8505,4.5966,4.5966,4.5966,4.3473,4.3473,4.3473,4.3473,4.1024,4.1024,4.3473,4.3473,10.4291,7.0323,4.8505,4.5966,4.5966,4.3473,4.1024,4.1024,3.8622,3.6268,3.6268,3.6268,3.6268,3.6268
1981-07-01 00:00:00,2,6.1837,6.1837,6.1837,5.9088,5.9088,5.9088,5.9088,5.9088,5.9088,5.6379,5.6379,5.6379,5.6379,5.6379,5.6379,5.6379,5.6379,5.3712,5.3712,5.3712,5.3712,5.3712,5.3712,5.3712,5.3712,5.3712,5.3712,5.1087,5.1087,5.1087,5.1087
1981-06-01 00:00:00,2,,,,,,,25.036,12.1098,8.8318,7.323,7.6174,7.323,7.6174,7.0323,7.0323,7.323,7.323,7.9155,7.323,7.0323,8.8318,7.0323,6.7455,6.4626,6.7455,6.4626,6.4626,6.1837,6.4626,6.1837,
1981-05-01 00:00:00,2,,,,,,,,,,,,,,,,,,,,,,,,,,,,,,,
1981-04-01 00:00:00,2,,,,,,,,,,,,,19.9929,19.1886,18.0025,17.2254,16.4596,13.8697,11.7672,9.7799,9.1443,,,,,,,,,,
1981-03-01 00:00:00,2,9.4604,9.4604,9.1443,8.5227,7.9155,13.5116,7.9155,29.9696,24.6019,11.7672,11.7672,10.1028,9.7799,9.7799,8.8318,8.5227,21.2191,33.9,19.5894,14.9621,13.5116,16.4596,13.8697,11.4278,10.4291,14.9621,22.4687,123.977,137.952,106.613,96.0492
1981-02-01 00:00:00,2,29.5094,25.036,22.8903,22.0496,19.9929,19.9929,19.9929,19.1886,16.8411,15.3321,46.7743,38.9665,22.4687,18.7905,18.0025,14.595,7.9155,7.9155,7.323,11.7672,11.7672,11.7672,9.4604,7.323,6.7455,6.4626,6.7455,6.4626,,,
1981-01-01 00:00:00,2,23.3145,19.1886,18.7905,17.6126,16.0809,15.3321,13.8697,13.5116,16.0809,13.8697,30.897,32.9634,35.4706,39.6079,59.586,72.1665,50.7638,29.9696,21.633,36.1021,38.0077,41.219,48.4299,45.4567,39.6079,50.0951,47.4354,37.3707,33.9,30.897,30.4322
1980-12-01 00:00:00,2,13.1565,16.4596,16.4596,16.4596,18.0025,9.4604,51.7695,55.1455,51.4339,53.7908,32.3051,39.287,28.5958,22.4687,17.6126,50.7638,26.7968,38.0077,20.8077,16.8411,13.5116,12.1098,17.6126,12.1098,12.8045,13.1565,11.4278,13.1565,45.1283,46.7743,34.841
1980-11-01 00:00:00,2,1.2192,1.2192,1.2192,1.2192,1.2192,1.2192,1.2192,1.2192,7.0323,9.7799,42.8407,15.3321,5.6379,5.1087,5.1087,4.5966,4.5966,4.5966,4.5966,4.5966,4.5966,5.3712,8.2173,7.0323,6.7455,6.4626,5.9088,4.8505,6.4626,11.0916,
1980-10-01 00:00:00,2,4.5966,3.6268,3.6268,3.6268,3.6268,3.6268,3.6268,3.6268,5.9088,4.5966,4.1024,4.1024,3.6268,3.6268,3.1705,3.1705,3.1705,2.9499,2.9499,2.9499,2.9499,2.9499,2.9499,2.5245,2.1212,2.1212,1.9282,1.5606,1.5606,1.2192,1.2192
