DataHora,NivelConsistencia,Vazao01,Vazao02,Vazao03,Vazao04,Vazao05,Vazao06,Vazao07,Vazao08,Vazao09,Vazao10,Vazao11,Vazao12,Vazao13,Vazao14,Vazao15,Vazao16,Vazao17,Vazao18,Vazao19,Vazao20,Vazao21,Vazao22,Vazao23,Vazao24,Vazao25,Vazao26,Vazao27,Vazao28,Vazao29,Vazao30,Vazao31
2018-09-01 00:00:00,2,0.9321,0.9321,0.9321,0.9321,0.9321,0.8224,0.8224,0.8224,0.8224,0.8224,0.8224,0.7183,0.7183,0.7183,3.3794,1.7031,3.1913,2.3178,1.7031,3.1913,,,,,,,,,,,
2018-08-01 00:00:00,2,1.1681,1.1681,1.0474,1.0474,1.0474,1.0474,1.0474,1.0474,1.0474,1.0474,1.0474,1.0474,1.0474,1.0474,1.0474,0.9321,0.9321,0.9321,0.9321,0.9321,1.7031,1.4253,1.1681,1.1681,1.0474,1.0474,1.0474,1.0474,1.0474,0.9321,0.9321
2018-07-01 00:00:00,2,1.2941,1.2941,1.2941,1.2941,1.2941,1.2941,1.2941,1.2941,1.2941,1.2941,1.2941,1.2941,1.2941,1.2941,1.2941,1.2941,1.2941,1.2941,1.2941,1.2941,1.1681,1.1681,1.1681,1.1681,1.1681,1.1681,1.1681,1.1681,1.1681,1.1681,1.1681
2018-06-01 00:00:00,2,1.8495,1.8495,1.8495,1.7031,1.7031,1.7031,1.7031,1.5617,1.5617,1.5617,1.4253,1.4253,1.4253,1.4253,1.4253,1.4253,1.4253,1.4253,1.4253,1.4253,1.4253,1.4253,1.4253,1.4253,1.4253,1.4253,1.4253,1.4253,1.4253,1.4253,
2018-05-01 00:00:00,2,3.0075,2.8282,2.6535,2.6535,2.4833,2.3178,2.1569,2.1569,2.0008,2.0008,1.8495,1.7031,1.5617,1.4253,1.2941,1.1681,1.1681,1.1681,1.0474,8.5616,6.4557,4.599,3.1913,2.3178,2.3178,2.1569,2.1569,2.1569,2.1569,2.0008,2.0008
2018-04-01 00:00:00,2,3.7689,3.7689,4.599,5.039,16.9883,14.149,19.5594,15.5422,10.2968,8.0125,5.9676,5.7295,5.4953,5.2651,5.039,5.039,4.599,4.599,4.3852,3.7689,3.572,3.3794,3.3794,3.3794,3.1913,3.1913,3.1913,3.0075,3.0075,3.0075,
2018-03-01 00:00:00,2,14.149,12.8097,11.5253,16.9883,14.8389,13.4726,16.6219,21.3729,14.149,19.1159,303.767,113.18,29.2376,22.3031,19.5594,16.9883,15.1889,11.2129,25.1853,17.8092,18.6763,15.8988,14.149,8.5616,4.8169,4.599,4.1755,4.1755,3.9701,3.9701,3.7689
2018-02-01 00:00:00,2,15.5422,16.9883,87.8976,21.3729,19.5594,135.159,19.5594,18.2407,15.5422,14.8389,13.1395,11.8412,11.5253,10.904,6.4557,8.5616,7.217,5.9676,17.3817,60.9599,22.774,123.979,24.6955,20.4583,89.5049,25.1853,17.8092,14.8389,,,
2018-01-01 00:00:00,2,3.9701,3.7689,3.7689,3.7689,47.7025,12.1606,25.6789,32.974,19.5594,14.149,10.904,9.4129,7.4784,4.599,9.4129,4.599,3.7689,3.572,3.572,3.572,3.3794,3.3794,3.3794,6.4557,6.4557,3.7689,3.572,3.3794,3.7689,4.1755,13.4726
2017-12-01 00:00:00,2,9.704,20.4583,132.329,22.3031,18.6763,21.3729,16.9883,14.8389,15.5422,10.2968,9.1255,8.2852,8.0125,8.0125,7.7436,15.1889,17.8092,14.149,11.5253,8.0125,3.7689,3.0075,2.8282,4.1755,18.6763,13.4726,11.5253,6.7056,5.9676,3.572,12.1606
2017-11-01 00:00:00,2,4.1755,2.0008,1.8495,1.7031,1.7031,2.3178,3.7689,1.7031,3.1913,2.3178,2.0008,2.0008,2.0008,2.0008,1.8495,1.8495,1.7031,1.7031,2.8282,6.4557,62.3546,14.8389,6.4557,13.4726,51.5462,18.2407,12.4834,8.2852,6.7056,2.6535,
2017-10-01 00:00:00,2,0.7183,0.8224,0.9321,2.3178,1.4253,0.9321,0.9321,0.8224,0.7183,0.7183,0.7183,0.7183,0.6201,0.6201,0.6201,0.5279,0.5279,0.5279,0.5279,0.5279,0.5279,0.5279,0.5279,0.5279,0.5279,0.4418,0.4418,0.4418,0.9321,0.7183,13.8091
2017-09-01 00:00:00,2,0.9321,0.9321,0.9321,0.9321,0.9321,0.9321,0.9321,0.9321,0.9321,0.9321,0.9321,0.9321,0.9321,0.9321,0.9321,0.9321,0.9321,0.9321,0.9321,0.9321,0.9321,0.8224,0.8224,0.8224,0.8224,0.8224,0.8224,0.8224,0.7183,0.7183,
2017-08-01 00:00:00,2,1.1681,1.1681,1.1681,1.1681,1.1681,1.1681,1.1681,1.1681,1.1681,1.1681,1.1681,1.1681,1.1681,1.0474,1.0474,1.0474,1.0474,1.0474,1.0474,1.0474,1.0474,1.0474,1.0474,1.0474,1.0474,1.0474,1.0474,0.9321,0.9321,0.9321,0.9321
2017-07-01 00:00:00,2,1.4253,1.4253,1.4253,1.4253,1.4253,1.4253,1.4253,1.4253,1.4253,1.4253,1.4253,1.4253,1.4253,1.4253,1.4253,1.2941,1.2941,1.2941,1.2941,1.2941,1.2941,1.2941,1.2941,1.2941,1.1681,1.1681,1.1681,1.1681,1.1681,1.1681,1.1681
2017-06-01 00:00:00,2,2.1569,2.0008,2.0008,1.8495,1.8495,1.8495,1.8495,1.7031,1.7031,1.7031,1.5617,1.5617,1.5617,1.5617,1.5617,1.5617,1.5617,1.5617,1.5617,1.5617,1.5617,1.5617,1.5617,1.5617,1.5617,1.4253,1.4253,1.4253,1.4253,1.4253,
2017-05-01 00:00:00,2,2.8282,2.4833,3.0075,2.3178,2.3178,2.3178,2.1569,3.7689,2.6535,2.4833,2.3178,2.1569,2.0008,2.0008,2.0008,2.0008,1.8495,1.8495,1.8495,10.2968,3.3794,14.149,6.9594,4.1755,3.7689,3.3794,3.3794,2.6535,2.4833,2.4833,2.3178
2017-04-01 00:00:00,2,3.7689,2.6535,2.4833,2.4833,2.3178,2.3178,2.1569,2.1569,2.1569,2.1569,2.1569,2.1569,2.0008,2.0008,2.0008,2.0008,2.0008,2.0008,1.8495,1.8495,1.8495,1.8495,4.1755,2.4833,2.1569,2.0008,3.3794,13.4726,14.149,3.7689,
2017-03-01 00:00:00,2,28.2025,16.6219,11.5253,9.1255,5.9676,5.4953,4.599,3.9701,3.7689,3.7689,3.572,3.572,3.3794,3.1913,3.0075,2.4833,2.1569,2.0008,5.9676,4.8169,18.6763,10.904,6.4557,5.039,3.7689,3.572,6.4557,14.149,19.5594,9.1255,7.4784
2017-02-01 00:00:00,2,11.5253,14.149,14.149,37.4558,96.8779,135.159,17.8092,15.1889,13.4726,54.1729,17.3817,17.8092,14.149,11.5253,9.9986,8.5616,7.4784,5.4953,5.039,5.039,4.8169,4.599,4.599,4.1755,4.599,10.904,15.5422,13.4726,,,
2017-01-01 00:00:00,2,9.1255,8.5616,8.0125,7.217,6.9594,6.7056,6.2097,5.039,4.8169,4.599,4.599,5.7295,21.3729,16.2587,131.39,170.91,25.1853,17.8092,16.9883,14.149,10.5987,9.1255,8.5616,15.5422,14.149,14.149,13.4726,19.5594,13.4726,12.8097,11.5253
2016-12-01 00:00:00,2,52.8532,30.2872,13.4726,14.4923,16.6219,14.149,13.4726,24.2094,96.0475,19.5594,17.8092,47.7025,22.3031,162.684,83.9291,75.4525,20.0069,14.149,12.8097,12.1606,11.5253,11.2129,10.904,10.904,10.5987,10.2968,17.3817,16.2587,18.6763,4.1755,3.3794
2016-11-01 00:00:00,2,3.0075,2.6535,2.6535,2.1569,1.7031,3.9701,3.3794,2.6535,3.0075,6.9594,16.9883,21.8361,62.3546,42.7603,16.2587,11.8412,10.2968,27.6904,13.4726,10.2968,9.9986,69.5111,28.2025,17.8092,14.149,13.4726,11.5253,8.2852,5.4953,8.2852,
2016-10-01 00:00:00,2,1.1681,1.1681,1.1681,47.7025,50.2521,12.1606,5.7295,4.3852,3.572,3.3794,3.3794,3.0075,2.8282,2.6535,3.1913,8.5616,4.599,3.0075,2.6535,2.4833,2.3178,2.3178,2.3178,4.1755,3.1913,2.8282,2.8282,2.6535,2.6535,8.5616,7.4784
2016-09-01 00:00:00,2,1.1681,1.1681,1.4253,1.2941,1.2941,1.2941,1.1681,1.1681,1.1681,1.1681,1.0474,1.0474,1.0474,1.0474,1.0474,0.9321,0.9321,1.7031,1.4253,1.1681,1.4253,1.1681,1.1681,1.0474,1.2941,1.0474,1.4253,1.1681,1.5617,1.1681,
2016-08-01 00:00:00,2,1.4253,1.4253,1.4253,1.4253,1.4253,1.4253,1.4253,1.4253,1.4253,1.4253,1.2941,1.2941,1.2941,1.2941,1.2941,1.2941,1.2941,1.2941,2.0008,1.4253,1.4253,1.4253,1.4253,1.2941,1.2941,1.2941,1.2941,1.2941,1.2941,1.2941,1.1681
2016-07-01 00:00:00,2,2.0008,2.0008,2.0008,2.0008,1.8495,1.8495,1.8495,1.8495,1.8495,1.8495,1.8495,1.8495,1.8495,1.8495,1.8495,1.8495,1.7031,1.7031,1.7031,1.7031,1.7031,1.7031,1.7031,1.7031,1.5617,1.5617,1.5617,1.5617,1.5617,1.5617,1.4253
2016-06-01 00:00:00,2,2.1569,4.3852,7.4784,4.8169,3.572,3.572,3.572,3.572,3.572,3.1913,2.8282,2.8282,2.4833,2.4833,2.4833,2.4833,2.4833,2.1569,2.1569,2.1569,2.1569,2.0008,2.0008,2.0008,2.1569,2.0008,2.0008,2.0008,2.0008,2.0008,
2016-05-01 00:00:00,2,7.217,5.4953,5.039,5.039,4.8169,4.3852,4.3852,3.9701,3.572,3.572,3.1913,3.1913,4.8169,5.9676,4.8169,4.8169,4.3852,4.3852,4.3852,3.9701,3.9701,3.9701,3.572,3.572,3.1913,3.1913,2.8282,2.8282,2.8282,2.4833,2.4833
2016-04-01 00:00:00,2,14.4923,14.149,12.4834,11.5253,11.5253,11.5253,11.2129,10.904,10.2968,9.9986,9.9986,9.4129,9.1255,9.1255,8.8417,8.2852,8.2852,8.0125,7.217,6.7056,5.9676,5.9676,5.4953,5.4953,5.039,5.039,5.039,4.8169,9.4129,6.7056,
2016-03-01 00:00:00,2,90.3129,76.2085,64.4697,54.8375,48.3351,42.1575,31.8886,21.8361,16.9883,16.6219,30.2872,26.6773,20.9137,16.6219,13.8091,11.5253,10.2968,9.9986,9.4129,9.1255,9.1255,9.1255,24.2094,52.1981,35.7491,37.4558,31.3512,25.6789,21.8361,18.2407,16.2587
2016-02-01 00:00:00,2,40.9618,36.8835,30.2872,24.6955,23.2486,20.9137,18.2407,17.3817,16.9883,16.2587,15.8988,46.4473,34.6285,24.6955,17.3817,16.6219,15.5422,14.8389,14.4923,14.149,13.4726,13.1395,14.8389,11.2129,10.904,15.5422,22.3031,16.9883,59.5776,,
2016-01-01 00:00:00,2,16.6219,19.1159,23.7271,22.3031,61.6557,54.1729,42.1575,30.8174,23.2486,20.9137,33.522,40.9618,42.7603,44.5889,54.1729,87.0981,91.1236,64.4697,70.2434,267.704,103.621,61.6557,50.2521,45.8245,43.3665,51.5462,39.1935,42.1575,61.6557,110.54,78.4941
2015-12-01 00:00:00,2,2.0008,2.0008,44.5889,6.4557,9.4129,4.1755,11.8412,4.1755,46.4473,14.8389,15.1889,116.737,6.2097,45.2051,3.9701,2.8282,1.8495,2.0008,2.0008,2.0008,2.0008,2.0008,2.0008,2.0008,2.0008,2.1569,19.5594,3.7689,19.5594,75.4525,19.5594
2015-11-01 00:00:00,2,1.4253,1.4253,1.4253,1.2941,1.2941,1.2941,1.2941,1.2941,1.2941,1.2941,1.2941,1.2941,1.2941,1.2941,1.2941,43.3665,43.9761,43.9761,16.9883,16.2587,16.9883,14.8389,14.149,46.4473,8.8417,6.4557,5.7295,4.8169,2.3178,2.3178,
2015-10-01 00:00:00,2,2.8282,2.8282,2.6535,2.3178,2.3178,2.3178,2.3178,2.3178,2.3178,2.3178,2.3178,2.1569,2.1569,2.1569,2.1569,2.1569,2.0008,2.0008,2.0008,2.0008,2.0008,2.0008,2.0008,2.0008,2.0008,2.0008,8.8417,19.5594,12.8097,10.904,5.2651
2015-09-01 00:00:00,2,0.9321,0.9321,0.9321,1.4253,1.5617,1.5617,1.8495,2.0008,2.3178,2.4833,2.6535,3.0075,3.1913,3.3794,3.3794,3.3794,3.3794,3.3794,3.1913,3.1913,3.0075,3.0075,3.0075,3.0075,3.0075,2.8282,2.8282,2.8282,2.8282,2.8282,
2015-08-01 00:00:00,2,1.0474,1.0474,1.0474,1.0474,1.0474,1.0474,1.0474,1.0474,1.0474,1.0474,1.0474,1.0474,1.0474,1.0474,1.0474,1.0474,1.0474,1.0474,1.0474,1.0474,1.0474,1.0474,0.9321,0.9321,0.9321,0.9321,0.9321,0.9321,0.9321,0.9321,0.9321
2015-07-01 00:00:00,2,2.8282,2.3178,2.1569,1.8495,1.8495,1.8495,1.8495,1.5617,1.5617,1.5617,1.5617,1.5617,1.2941,1.2941,1.2941,1.2941,1.2941,1.2941,1.2941,1.1681,1.1681,1.1681,1.1681,1.0474,1.0474,1.0474,1.0474,1.0474,1.0474,1.0474,1.0474
2015-06-01 00:00:00,2,4.1755,4.1755,4.1755,4.1755,3.9701,3.9701,3.9701,3.9701,3.7689,3.572,3.572,3.572,3.572,3.572,3.3794,3.1913,3.1913,3.1913,3.1913,3.1913,3.1913,3.1913,3.1913,3.1913,3.1913,3.1913,3.1913,3.1913,3.1913,3.0075,
2015-05-01 00:00:00,2,14.149,13.1395,13.1395,12.8097,12.4834,12.1606,11.5253,10.904,17.8092,18.6763,14.8389,12.8097,12.4834,12.4834,11.5253,11.5253,10.904,10.2968,8.2852,6.9594,4.3852,4.3852,4.3852,4.3852,4.3852,4.1755,4.1755,4.1755,4.1755,4.1755,4.1755
2015-04-01 00:00:00,2,95.2198,127.664,112.297,110.54,107.925,102.769,96.8779,91.1236,90.3129,87.0981,80.806,73.2022,68.0556,64.4697,56.8501,51.5462,46.4473,40.3689,34.6285,29.2376,32.4295,28.7182,25.6789,25.6789,27.6904,25.1853,21.3729,18.2407,17.3817,15.5422,
2015-03-01 00:00:00,2,86.3016,172.991,87.8976,62.3546,110.54,51.5462,11.2129,118.532,76.9675,217.807,138.012,122.153,113.18,101.072,98.5471,87.8976,74.6995,66.6121,73.2022,91.1236,94.395,59.5776,54.8375,69.5111,56.8501,51.5462,47.7025,43.3665,56.8501,81.5824,82.3617
2015-02-01 00:00:00,2,9.9986,9.1255,5.9676,7.4784,26.6773,89.5049,34.6285,31.8886,89.5049,47.7025,9.4129,6.2097,6.2097,5.4953,5.039,6.7056,13.8091,63.7616,114.953,73.9494,40.9618,18.6763,18.6763,185.683,194.479,85.5079,280.84,170.91,,,
2015-01-01 00:00:00,2,15.5422,15.5422,17.3817,16.2587,12.1606,9.704,9.1255,6.4557,6.4557,6.4557,6.4557,6.4557,6.4557,4.1755,3.1913,3.1913,3.1913,3.1913,3.1913,3.1913,3.1913,3.1913,3.1913,6.4557,40.3689,12.1606,52.8532,24.2094,12.1606,12.1606,12.1606
2014-12-01 00:00:00,2,115.421,41.8933,19.5478,19.5478,19.5478,48.0526,30.6404,17.4122,17.4122,46.1684,31.7001,25.5669,21.7841,20.8776,148.991,55.8968,26.5512,31.7001,37.2189,19.1126,106.485,77.5904,46.1684,15.3794,13.4516,13.4516,13.4516,13.4516,13.4516,17.4122,17.4122
2014-11-01 00:00:00,2,7.5918,10.5253,9.9213,9.6224,8.7386,8.4484,8.1606,7.3111,6.757,9.3256,12.7105,10.5253,13.8287,19.5478,17.4122,11.7574,10.2222,10.2222,10.2222,9.9213,9.6224,9.3256,14.21,14.9854,18.2542,66.3783,33.3174,28.0564,21.3289,19.5478,
2014-10-01 00:00:00,2,1.12,1.12,1.12,1.12,1.12,1.12,1.0019,1.0019,1.0019,1.0019,1.0019,0.8902,0.8902,0.8902,0.8902,0.8902,0.8902,0.8902,0.8902,0.8902,0.8902,1.0019,1.3755,2.6509,3.2329,14.5955,8.7386,7.3111,6.757,8.1606,9.3256
2014-09-01 00:00:00,2,1.5127,1.5127,1.5127,1.5127,1.5127,1.5127,1.5127,1.5127,1.3755,1.3755,1.3755,1.3755,1.3755,1.5127,1.5127,1.5127,1.5127,1.3755,1.3755,1.3755,1.2445,1.2445,1.2445,1.2445,1.12,1.12,1.12,1.12,1.12,1.12,
2014-08-01 00:00:00,2,2.1253,2.1253,2.1253,2.1253,2.1253,2.1253,2.1253,2.1253,2.1253,2.1253,2.1253,1.9627,1.9627,1.9627,1.9627,1.9627,1.9627,1.9627,1.9627,1.9627,1.9627,1.9627,1.9627,1.9627,1.8064,1.8064,1.6564,1.6564,1.6564,1.5127,1.5127
2014-07-01 00:00:00,2,2.6509,2.6509,2.6509,2.6509,2.6509,2.4694,2.4694,2.4694,2.4694,2.4694,2.4694,2.4694,2.4694,2.4694,2.4694,2.4694,2.4694,2.4694,2.4694,2.4694,2.4694,2.4694,4.3985,11.1374,3.4394,3.9079,4.3985,13.4516,2.8387,2.8387,2.8387
2014-06-01 00:00:00,2,3.0327,3.0327,3.0327,3.0327,3.0327,3.0327,3.0327,3.0327,3.0327,3.0327,3.0327,2.8387,2.8387,2.8387,2.8387,2.8387,2.8387,2.8387,2.8387,2.8387,2.8387,2.8387,2.8387,2.6509,2.6509,2.6509,2.6509,2.6509,2.6509,2.6509,
2014-05-01 00:00:00,2,3.6521,3.4394,3.2329,3.0327,3.0327,3.0327,4.1515,4.1515,3.9079,3.9079,3.9079,3.6521,3.6521,3.6521,3.6521,3.4394,3.4394,3.4394,3.4394,3.2329,3.2329,3.0327,3.0327,3.0327,3.0327,2.8387,2.8387,2.8387,2.8387,2.8387,2.6509
2014-04-01 00:00:00,2,180.516,21.7841,44.3152,32.2355,26.5512,21.7841,16.9973,13.0789,9.9213,7.3111,4.6487,13.4516,10.2222,9.9213,8.7386,8.4484,8.1606,7.0328,6.757,6.4838,6.2132,5.9453,5.6802,5.4179,5.1585,4.9021,4.6487,4.3985,4.1515,3.9079,
2014-03-01 00:00:00,2,1.8064,1.6564,1.5127,1.3755,1.2445,1.12,,,,,,,,,,,,,,,,,,,,,,,,,148.991
2014-02-01 00:00:00,2,4.1515,3.9079,3.6521,3.4394,3.2329,3.0327,2.4694,2.1253,1.8064,1.5127,1.6564,1.8064,2.1253,2.2942,2.4694,2.6509,3.0327,3.2329,4.1515,3.6521,3.2329,3.0327,2.8387,2.6509,2.4694,2.2942,2.1253,1.9627,,,
2014-01-01 00:00:00,2,26.5512,19.1126,19.1126,13.0789,7.875,5.9453,4.3985,2.8387,2.4694,1.9627,2.4694,1.9627,1.5127,1.12,1.2445,26.5512,21.3289,20.8776,36.6507,21.3289,31.7001,31.7001,21.3289,16.5866,26.5512,23.6443,6.757,9.9213,6.2132,5.6802,5.6802
2013-12-01 00:00:00,2,16.18,14.9854,11.7574,7.875,19.5478,20.8776,23.1734,23.6443,28.0564,28.5657,52.5691,64.9381,132.246,141.996,273.763,67.8315,67.1033,54.5556,52.5691,13.4516,68.563,18.6814,26.5512,52.5691,53.2279,49.9678,21.7841,20.4303,20.8776,19.5478,21.7841
2013-11-01 00:00:00,2,17.4122,20.8776,17.8312,14.21,5.4179,8.1606,9.3256,14.5955,18.6814,11.7574,3.4394,1.3755,1.3755,13.4516,3.2329,1.8064,1.6564,1.3755,1.2445,1.8064,3.6521,1.8064,1.3755,1.2445,1.9627,83.067,26.5512,19.5478,19.5478,19.5478,
2013-10-01 00:00:00,2,3.6521,6.2132,5.6802,5.4179,5.1585,5.4179,6.757,3.2329,3.4394,10.8304,4.3985,3.0327,1.3755,2.8387,2.2942,3.4394,5.4179,7.3111,7.5918,36.6507,19.5478,9.6224,5.9453,3.2329,2.6509,1.6564,1.5127,1.2445,6.757,5.1585,19.5478
2013-09-01 00:00:00,2,,,,,,,,,,,,,,,,,,3.6521,3.6521,2.6509,1.5127,3.2329,3.9079,3.6521,1.5127,3.6521,5.4179,5.9453,2.8387,4.1515,
2013-08-01 00:00:00,2,,,,,,,,,,,,,,,,,,,,,,,,,,,,,,,
2013-07-01 00:00:00,2,,,,,,,,,,,,,,,,,,,,,,,,,,,,,,,
2013-06-01 00:00:00,2,4.1515,3.0327,3.4394,3.4394,14.9854,18.6814,14.5955,11.1374,5.9453,5.6802,5.6802,4.9021,4.9021,4.6487,4.6487,4.3985,4.3985,4.1515,4.1515,4.1515,4.1515,3.9079,3.9079,3.9079,3.9079,3.9079,3.9079,3.9079,3.9079,3.9079,
2013-05-01 00:00:00,2,14.21,13.4516,13.8287,12.3851,11.1374,10.5253,10.2222,10.2222,9.3256,9.031,8.7386,8.7386,7.875,7.3111,7.3111,7.0328,6.2132,5.4179,4.9021,4.6487,4.6487,5.6802,5.9453,6.2132,5.9453,5.9453,6.4838,5.9453,5.1585,4.9021,4.6487
2013-04-01 00:00:00,2,178.337,166.55,152.031,146.978,148.991,141.008,132.246,129.376,123.716,119.078,119.078,120,111.811,106.485,100.407,85.461,76.8206,68.563,65.6566,58.6192,50.613,43.0973,37.7907,33.8638,31.1684,26.5512,25.0804,21.7841,18.6814,16.9973,
2013-03-01 00:00:00,2,26.0571,29.5956,38.9451,44.3152,41.8933,43.7045,46.1684,47.4211,51.2617,50.613,49.326,53.2279,55.2245,52.5691,41.8933,37.7907,35.5251,38.3661,41.2966,49.9678,67.8315,100.407,134.173,156.123,172.938,179.425,181.609,191.572,208.661,216.84,212.15
2013-02-01 00:00:00,2,79.9187,70.0355,62.8023,52.5691,43.0973,37.2189,33.3174,33.3174,30.1161,25.5669,21.7841,21.7841,21.7841,21.3289,20.4303,20.4303,19.9871,15.3794,10.8304,9.9213,9.9213,10.5253,10.2222,11.1374,11.7574,14.9854,14.9854,16.5866,,,
2013-01-01 00:00:00,2,3.4394,2.8387,2.6509,2.4694,2.4694,2.4694,2.4694,41.8933,91.9813,61.3947,29.0787,21.7841,17.4122,55.8968,81.4866,93.6421,124.652,118.16,91.9813,76.054,54.5556,21.7841,24.1191,29.5956,40.1137,85.461,118.16,137.085,136.112,118.16,93.6421
2012-12-01 00:00:00,2,13.4516,11.4465,21.7841,16.5866,13.4516,12.3851,11.7574,11.4465,10.8304,11.1374,10.8304,14.9854,14.9854,13.8287,13.0789,12.7105,12.3851,11.7574,11.1374,10.5253,10.2222,9.9213,9.9213,9.3256,8.4484,7.5918,5.6802,4.6487,4.3985,4.1515,3.9079
2012-11-01 00:00:00,2,2.8387,4.1515,13.4516,13.4516,4.6487,8.7386,34.4139,44.9295,55.8968,85.461,42.4935,41.8933,43.0973,38.9451,40.1137,53.2279,51.2617,40.1137,19.5478,17.4122,38.9451,46.1684,46.1684,83.8619,73.7731,69.2976,61.3947,33.3174,19.5478,12.7105,
2012-10-01 00:00:00,2,1.9627,1.9627,1.8064,1.8064,1.8064,1.8064,1.8064,1.8064,1.8064,1.8064,1.8064,2.6509,2.6509,2.6509,2.6509,2.6509,2.6509,2.4694,2.4694,2.4694,2.4694,2.4694,2.8387,2.8387,2.8387,2.8387,2.8387,2.8387,2.6509,2.6509,2.4694
2012-09-01 00:00:00,2,2.4694,2.4694,2.4694,2.4694,2.4694,2.4694,2.2942,2.2942,2.2942,2.2942,2.2942,2.2942,2.2942,2.2942,2.2942,2.1253,2.2942,2.1253,2.1253,2.1253,2.1253,2.1253,2.1253,2.1253,2.1253,2.1253,2.1253,1.9627,1.9627,1.9627,
2012-08-01 00:00:00,2,3.4394,3.4394,3.4394,3.4394,3.4394,3.4394,3.4394,3.4394,3.4394,3.4394,3.2329,3.2329,3.2329,3.0327,3.0327,3.0327,3.0327,3.0327,2.8387,2.8387,2.8387,2.8387,2.6509,2.6509,2.6509,2.6509,2.6509,2.6509,2.4694,2.4694,2.4694
2012-07-01 00:00:00,2,4.6487,4.6487,4.6487,4.6487,4.6487,4.6487,4.6487,4.6487,4.1515,4.1515,4.1515,4.1515,4.1515,3.9079,3.9079,3.6521,3.6521,3.4394,3.4394,3.4394,3.2329,3.2329,3.0327,2.8387,3.6521,3.6521,3.2329,2.8387,2.6509,2.8387,2.6509
2012-06-01 00:00:00,2,6.2132,6.2132,5.6802,6.2132,6.2132,17.8312,11.7574,9.9213,8.1606,7.3111,6.757,5.9453,5.9453,5.9453,5.6802,5.4179,5.1585,5.6802,5.4179,5.4179,8.1606,9.9213,11.1374,9.9213,8.7386,7.0328,6.2132,5.9453,5.9453,5.1585,
2012-05-01 00:00:00,2,13.4516,11.7574,12.3851,11.4465,10.5253,10.5253,9.9213,8.1606,7.0328,6.4838,6.2132,5.9453,6.757,9.031,13.8287,12.0703,12.3851,12.3851,7.875,5.9453,5.4179,4.9021,5.9453,12.3851,9.3256,7.0328,6.757,5.9453,6.2132,5.6802,5.4179
2012-04-01 00:00:00,2,18.6814,16.18,16.9973,16.5866,16.18,19.9871,14.5955,11.4465,10.8304,10.2222,11.4465,10.8304,10.2222,12.3851,12.3851,7.5918,12.3851,11.1374,9.9213,8.4484,7.875,7.3111,7.0328,9.3256,8.7386,9.3256,20.4303,18.2542,13.4516,11.4465,
2012-03-01 00:00:00,2,17.8312,16.5866,15.3794,14.21,13.0789,12.0703,10.5253,10.5253,10.8304,12.7105,13.0789,19.5478,18.6814,16.5866,26.5512,24.1191,21.7841,16.5866,24.1191,18.2542,17.4122,17.8312,16.9973,14.9854,11.1374,17.4122,13.4516,25.0804,28.5657,17.4122,18.6814
2012-02-01 00:00:00,2,26.0571,17.8312,16.5866,14.9854,14.21,13.4516,13.0789,13.0789,12.3851,13.4516,21.7841,18.2542,17.4122,16.5866,15.3794,14.5955,14.21,13.0789,13.0789,16.5866,16.18,18.6814,26.5512,29.5956,21.7841,13.8287,13.0789,12.3851,11.7574,,
2012-01-01 00:00:00,2,83.8619,179.425,99.5509,60.6959,60.6959,79.9187,137.085,168.668,86.2652,87.0726,107.365,91.1555,97.8475,113.61,64.2229,46.793,45.5472,47.4211,48.6876,44.9295,44.9295,41.8933,38.9451,35.5251,32.2355,26.5512,34.4139,27.0492,23.1734,21.3289,20.4303
2011-12-01 00:00:00,2,42.4935,38.3661,31.7001,62.8023,44.3152,26.0571,24.1191,24.1191,17.8312,16.5866,60.6959,85.461,57.2514,181.609,67.1033,62.8023,59.3081,59.3081,57.9336,54.5556,50.613,46.1684,43.7045,42.4935,40.1137,37.2189,35.5251,32.2355,68.563,56.5724,48.6876
2011-11-01 00:00:00,2,7.0328,6.4838,6.2132,5.1585,4.1515,3.9079,3.6521,3.6521,3.9079,3.9079,3.9079,4.1515,4.1515,3.6521,3.6521,6.757,9.9213,5.4179,4.9021,4.6487,13.4516,11.1374,15.3794,27.0492,7.875,28.5657,238.464,107.365,33.3174,35.5251,
2011-10-01 00:00:00,2,2.4694,2.4694,2.2942,2.4694,2.6509,2.6509,2.8387,2.8387,3.0327,4.6487,5.6802,4.1515,3.6521,7.875,11.4465,15.3794,9.9213,7.3111,5.1585,4.3985,4.3985,5.1585,5.9453,12.0703,17.4122,5.6802,34.9677,12.0703,6.4838,13.0789,9.3256
2011-09-01 00:00:00,2,3.0327,3.0327,3.0327,3.0327,3.0327,3.0327,3.0327,3.0327,3.0327,2.8387,2.8387,2.8387,2.8387,2.8387,2.6509,2.6509,2.6509,2.6509,2.6509,2.6509,2.4694,2.4694,2.4694,2.4694,2.4694,2.4694,2.4694,2.4694,2.4694,2.4694,
2011-08-01 00:00:00,2,3.6521,3.6521,3.6521,3.6521,3.6521,3.6521,3.6521,3.6521,3.6521,3.4394,3.4394,3.4394,3.4394,3.4394,3.4394,3.4394,3.4394,3.4394,3.4394,3.4394,3.4394,3.4394,3.4394,3.2329,3.2329,3.2329,3.2329,3.0327,3.0327,3.0327,3.0327
2011-07-01 00:00:00,2,4.9021,4.9021,4.9021,4.9021,4.9021,4.9021,4.6487,4.3985,4.3985,4.3985,4.3985,4.3985,4.1515,4.1515,4.1515,4.1515,4.1515,4.1515,3.9079,3.9079,3.9079,3.9079,3.9079,3.9079,3.9079,3.6521,3.6521,3.6521,3.6521,3.6521,3.6521
2011-06-01 00:00:00,2,6.2132,5.9453,5.6802,5.6802,5.6802,5.6802,5.4179,5.4179,5.4179,7.3111,5.9453,5.6802,5.6802,5.6802,5.6802,5.4179,5.4179,5.4179,5.4179,5.1585,5.1585,5.1585,5.1585,5.1585,5.1585,5.1585,5.1585,4.9021,4.9021,4.9021,
2011-05-01 00:00:00,2,10.5253,9.9213,9.6224,9.031,9.031,9.031,8.4484,8.1606,8.1606,7.875,7.875,7.875,7.875,7.875,7.5918,7.3111,7.0328,7.0328,7.0328,7.0328,7.0328,7.0328,7.0328,6.757,6.757,6.4838,6.4838,6.4838,6.2132,6.2132,6.2132
2011-04-01 00:00:00,2,28.5657,26.0571,25.0804,24.1191,23.6443,22.2432,21.7841,21.3289,23.6443,21.3289,19.9871,18.2542,16.9973,16.18,14.9854,14.9854,14.9854,14.5955,14.5955,14.5955,14.21,13.4516,13.4516,13.4516,13.0789,13.0789,13.0789,12.7105,11.7574,17.8312,
2011-03-01 00:00:00,2,45.5472,49.326,81.4866,81.4866,101.266,129.376,190.454,169.731,159.222,68.563,85.461,53.2279,76.8206,106.485,168.668,225.149,60.0004,106.485,305.599,426.551,275.061,180.516,164.442,156.123,138.062,120.925,157.154,93.6421,77.5904,49.326,34.9677
2011-02-01 00:00:00,2,10.2222,9.9213,9.9213,9.9213,9.6224,9.3256,9.3256,9.031,11.1374,18.2542,12.3851,8.1606,7.5918,7.875,7.3111,7.875,9.9213,9.6224,7.5918,7.0328,6.757,6.2132,46.1684,14.21,9.6224,14.5955,17.8312,17.4122,,,
2011-01-01 00:00:00,2,183.804,98.6977,183.804,191.572,79.9187,64.9381,47.4211,79.1394,35.5251,36.0861,29.0787,26.0571,25.5669,25.0804,45.5472,38.9451,115.421,24.1191,19.1126,19.1126,19.1126,18.2542,17.4122,16.5866,16.5866,16.18,16.18,15.7776,14.9854,14.21,13.4516
2010-12-01 00:00:00,2,14.9854,10.2222,49.9678,16.18,13.8287,41.8933,19.9871,40.1137,52.5691,36.6507,15.3794,15.3794,12.7105,13.0789,14.5955,16.9973,16.9973,14.21,10.2222,9.031,7.5918,5.6802,11.4465,16.9973,51.2617,46.1684,21.3289,93.6421,64.2229,27.5509,91.1555
2010-11-01 00:00:00,2,15.3794,53.2279,22.2432,11.1374,30.1161,80.7011,48.6876,16.5866,9.6224,9.3256,16.9973,31.1684,22.2432,54.5556,97.8475,36.6507,62.0969,59.3081,26.5512,12.3851,12.0703,55.8968,29.0787,70.7767,27.0492,47.4211,23.6443,43.7045,16.5866,9.9213,
2010-10-01 00:00:00,2,43.7045,27.0492,14.9854,7.3111,4.1515,5.4179,4.3985,3.9079,3.6521,3.6521,3.6521,7.0328,9.6224,4.6487,3.6521,3.6521,3.6521,13.0789,20.8776,80.7011,7.5918,6.4838,4.6487,3.2329,19.9871,9.9213,25.5669,9.6224,7.5918,5.6802,5.1585
2010-09-01 00:00:00,2,2.1253,2.1253,2.1253,2.1253,2.1253,2.1253,2.1253,1.9627,1.9627,1.9627,1.9627,1.9627,1.9627,1.9627,1.9627,1.9627,1.8064,1.8064,1.8064,1.8064,1.8064,1.8064,1.8064,1.8064,1.8064,1.8064,1.8064,1.8064,1.6564,1.6564,
2010-08-01 00:00:00,2,2.6509,2.6509,2.6509,2.6509,2.6509,2.6509,2.6509,2.6509,2.6509,2.6509,2.6509,2.6509,2.4694,2.4694,2.4694,2.4694,2.4694,2.4694,2.4694,2.4694,2.4694,2.4694,2.2942,2.2942,2.2942,2.2942,2.2942,2.2942,2.2942,2.1253,2.1253
2010-07-01 00:00:00,2,3.6521,3.6521,3.6521,3.6521,3.6521,3.6521,3.6521,3.6521,3.6521,3.4394,3.4394,3.4394,3.4394,3.4394,3.2329,3.2329,3.2329,3.2329,3.2329,3.2329,3.2329,3.0327,3.0327,3.0327,2.8387,2.8387,2.8387,2.8387,2.8387,2.8387,2.6509
2010-06-01 00:00:00,2,4.6487,5.6802,9.031,7.875,6.757,5.4179,4.9021,4.6487,4.6487,4.6487,4.3985,4.3985,4.3985,4.3985,4.3985,4.3985,4.1515,4.1515,4.1515,4.1515,4.1515,4.1515,4.1515,4.1515,3.9079,3.9079,3.9079,3.6521,3.6521,3.6521,
2010-05-01 00:00:00,2,5.9453,10.2222,8.4484,8.4484,8.4484,8.4484,8.1606,8.1606,8.1606,8.4484,8.1606,6.2132,5.9453,5.9453,5.1585,4.9021,4.6487,4.6487,4.6487,32.2355,10.2222,6.4838,6.2132,5.6802,5.1585,5.1585,4.9021,4.9021,4.9021,4.9021,4.9021
2010-04-01 00:00:00,2,24.1191,21.3289,45.5472,69.2976,25.0804,17.8312,19.9871,16.5866,11.7574,9.9213,9.6224,9.6224,9.031,8.7386,8.4484,8.1606,7.875,7.5918,7.5918,7.3111,7.3111,7.0328,7.0328,6.757,6.4838,6.2132,6.2132,6.2132,6.2132,5.9453,
2010-03-01 00:00:00,2,10.1216,23.7168,21.5347,19.2529,21.5347,25.0656,46.883,85.461,23.7168,20.1839,19.2529,17.8936,15.7282,15.7282,15.7282,15.7282,14.8973,14.8973,14.8973,14.4895,14.4895,26.4436,19.2529,35.8294,17.8936,12.107,11.096,10.1216,9.4926,8.8803,47.4211
2010-02-01 00:00:00,2,9.805,9.1844,8.8803,8.5805,8.285,12.107,8.285,8.5805,17.0124,9.805,8.5805,7.9937,7.9937,8.5805,7.4241,8.5805,6.8719,7.4241,7.4241,7.1458,7.4241,6.6024,6.6024,6.3374,10.7671,12.5273,8.5805,7.9937,,,
2010-01-01 00:00:00,2,23.2738,22.3976,17.8936,17.4505,17.4505,25.0656,33.2513,26.4436,30.2587,21.1346,20.1839,19.2529,24.6128,36.8817,25.9811,36.8817,27.3784,17.4505,14.8973,14.8973,22.834,18.7948,16.5793,15.7282,30.2587,29.7708,17.8936,17.8936,14.0868,10.7671,10.4423
2009-12-01 00:00:00,2,23.2738,24.1632,19.7159,19.2529,137.085,181.609,48.6406,32.7449,35.8294,55.9232,32.7449,23.7168,20.1839,31.7411,60.0004,25.9811,22.3976,20.6568,31.7411,19.7159,16.5793,14.4895,17.8936,20.6568,17.4505,47.466,77.5904,36.8817,37.4124,49.2322,23.7168
2009-11-01 00:00:00,2,12.9094,11.096,25.0656,14.0868,18.3417,9.1844,12.9094,21.1346,11.429,11.096,138.062,52.2319,41.7644,39.0223,28.8044,21.5347,28.8044,20.1839,16.5793,14.4895,14.0868,13.6892,13.2967,13.2967,13.2967,12.9094,12.5273,11.766,11.429,11.096,
2009-10-01 00:00:00,2,14.0868,5.8209,27.3784,6.6024,6.3374,5.0804,4.8428,4.8428,12.5273,7.7067,6.0769,5.0804,4.8428,4.3818,4.3818,13.2967,7.7067,6.8719,5.3226,6.0769,8.8803,8.8803,13.6892,13.2967,28.8044,55.9232,35.8294,18.7948,17.0124,18.3417,6.6024
2009-09-01 00:00:00,2,3.94,3.94,3.94,3.94,5.5695,9.1844,17.8936,14.8973,6.0769,5.3226,5.3226,4.8428,4.6099,4.3818,4.1585,4.1585,3.94,3.94,3.94,3.94,3.94,3.94,3.94,4.6099,4.6099,4.3818,4.3818,4.3818,4.3818,7.1458,
2009-08-01 00:00:00,2,4.1585,4.1585,3.94,3.94,3.94,3.94,3.94,3.94,3.94,3.7264,3.7264,3.7264,3.7264,3.7264,3.7264,3.7264,3.7264,3.7264,3.7264,3.7264,3.7264,3.7264,3.5177,8.5805,28.3259,9.4926,5.5695,5.5695,5.3226,4.8428,4.6099
2009-07-01 00:00:00,2,6.8719,6.3374,6.0769,6.0769,5.8209,5.5695,5.5695,5.3226,5.3226,5.3226,5.3226,5.0804,5.0804,5.0804,5.0804,5.0804,5.0804,5.0804,5.0804,5.0804,5.0804,5.0804,4.8428,4.8428,4.6099,4.6099,4.6099,4.6099,4.3818,4.3818,4.1585
2009-06-01 00:00:00,2,9.1844,9.805,9.805,9.4926,9.1844,8.5805,7.9937,7.9937,7.7067,7.4241,6.8719,6.6024,7.4241,14.8973,8.8803,7.1458,6.8719,6.6024,6.3374,6.3374,6.3374,6.3374,6.3374,6.0769,6.0769,5.3226,5.3226,25.9811,19.7159,8.8803,
2009-05-01 00:00:00,2,36.3541,56.5724,27.3784,21.9645,19.2529,19.2529,18.3417,17.8936,17.8936,15.7282,13.6892,11.766,11.429,11.429,11.096,11.096,11.096,10.7671,10.1216,9.805,9.1844,9.1844,9.1844,9.1844,8.8803,8.5805,8.285,8.285,7.9937,7.9937,7.7067
2009-04-01 00:00:00,2,37.9461,51.0236,97.0004,44.5793,88.6965,68.563,37.4124,96.1562,44.5793,34.2735,38.4827,94.4771,47.466,35.8294,73.0192,37.4124,31.2439,28.8044,25.9811,23.7168,22.3976,21.5347,20.1839,18.7948,17.4505,16.5793,16.5793,16.5793,16.5793,17.0124,
2009-03-01 00:00:00,2,19.2529,17.4505,14.4895,13.6892,13.2967,12.5273,12.107,14.8973,14.8973,12.9094,12.5273,11.766,11.096,12.107,15.3102,33.7609,42.8816,30.2587,18.7948,13.6892,12.5273,11.766,43.4446,42.8816,34.2735,42.3216,41.2101,26.4436,48.6406,32.2415,75.2905
2009-02-01 00:00:00,2,24.6128,110.916,85.461,27.3784,24.1632,21.9645,36.8817,51.6264,45.7254,41.2101,30.2587,22.3976,79.9187,69.2976,56.5724,37.9461,29.7708,25.9811,23.2738,21.5347,19.7159,19.2529,20.1839,20.1839,28.8044,26.4436,22.834,20.6568,,,
2009-01-01 00:00:00,2,41.7644,51.0236,67.1033,36.8817,71.521,45.1509,30.2587,27.3784,21.5347,19.2529,17.0124,15.3102,14.4895,14.0868,21.9645,34.7891,30.7497,26.9094,23.2738,20.1839,36.3541,83.067,107.365,104.733,109.135,47.466,59.3081,70.7767,48.6406,37.4124,27.8505
2008-12-01 00:00:00,2,8.285,7.9937,7.7067,16.1512,10.7671,7.9937,7.7067,6.8719,5.5695,7.7067,7.7067,6.6024,132.246,89.5131,24.1632,72.2685,78.3633,57.9336,52.8402,35.3077,36.3541,36.8817,41.7644,32.2415,60.6959,588.273,79.9187,306.957,99.5509,61.3947,62.0969
2008-11-01 00:00:00,2,2.55,2.7332,2.7332,2.7332,2.55,2.55,4.1585,11.096,5.3226,30.2587,25.9811,27.3784,70.0355,48.0519,24.6128,14.4895,9.805,102.994,18.7948,13.6892,21.5347,14.0868,10.1216,9.1844,8.8803,8.8803,8.5805,12.107,9.4926,8.5805,
2008-10-01 00:00:00,2,6.3374,5.3226,3.94,3.7264,3.7264,3.5177,3.5177,3.314,2.9217,2.9217,2.7332,2.55,2.7332,2.7332,2.7332,2.7332,2.55,2.55,2.55,2.55,2.55,2.55,2.55,2.55,2.55,2.55,2.55,2.55,2.55,2.55,2.55
2008-09-01 00:00:00,2,2.55,2.55,2.55,2.55,2.55,2.55,2.55,2.55,2.55,2.55,2.55,2.55,2.55,2.55,2.55,2.55,2.55,5.5695,4.1585,4.3818,4.3818,4.1585,4.1585,4.1585,3.94,3.94,21.1346,7.1458,6.3374,6.3374,
2008-08-01 00:00:00,2,2.5233,2.5233,2.5233,2.5233,2.5233,7.7067,6.6024,4.6099,3.94,3.7264,3.5177,3.5177,3.5177,3.314,3.1153,3.1153,3.1153,3.1153,2.9217,2.9217,2.9217,2.7332,2.7332,2.7332,2.7332,2.7332,2.7332,2.7332,2.7332,2.7332,2.55
2008-07-01 00:00:00,2,3.4311,3.4311,3.4311,3.4311,3.4311,3.4311,3.4311,3.4311,3.4311,3.4311,3.4311,3.4311,3.4311,3.4311,3.4311,3.1982,3.1982,3.1982,3.1982,2.9692,2.9692,2.9692,2.9692,2.9692,2.9692,2.9692,2.7442,2.7442,2.5233,2.5233,2.5233
2008-06-01 00:00:00,2,4.6487,5.1585,5.1585,5.1585,5.1585,5.1585,4.9021,4.9021,4.6487,4.6487,4.3985,4.3985,4.1515,4.1515,4.1515,4.1515,4.1515,4.1515,4.1515,4.1515,3.9079,3.9079,3.9079,3.9079,3.6677,3.6677,3.6677,3.4311,3.4311,3.1982,
2008-05-01 00:00:00,2,8.1606,8.1606,8.1606,8.1606,7.875,7.875,7.5918,7.0328,7.0328,7.0328,6.757,6.4838,6.4838,6.4838,6.4838,6.4838,6.4838,6.4838,6.4838,6.2132,5.9453,5.6802,5.4179,5.4179,5.1585,5.1585,4.9021,4.6487,4.6487,4.6487,4.6487
2008-04-01 00:00:00,2,16.5866,16.5866,16.18,15.3794,76.054,109.135,74.5302,34.9677,30.1161,21.3289,20.8776,24.1191,20.8776,30.1161,18.6814,16.9973,15.3794,13.4516,12.7105,13.0789,12.3851,11.7574,11.4465,11.1374,10.8304,10.8304,9.9213,9.031,8.7386,8.4484,
2008-03-01 00:00:00,2,56.5724,45.5472,25.5669,32.7746,18.2542,14.21,63.5109,98.6977,26.0571,57.2514,34.4139,27.0492,34.4139,109.135,70.0355,133.208,55.8968,28.0564,21.7841,20.4303,19.1126,17.4122,16.9973,19.9871,32.7746,145.976,35.5251,28.5657,26.5512,22.7063,17.4122
2008-02-01 00:00:00,2,47.4211,96.1562,51.2617,71.521,127.478,89.5131,124.652,95.3151,62.8023,34.9677,30.1161,25.5669,21.7841,19.9871,18.6814,16.9973,15.7776,14.9854,39.5276,16.9973,102.994,25.0804,17.8312,14.9854,31.7001,143.981,41.2966,22.2432,19.1126,,
2008-01-01 00:00:00,2,4.9021,4.3985,3.9079,3.6677,3.6677,12.3851,40.7034,16.18,24.5979,15.3794,11.4465,12.3851,46.793,25.0804,15.3794,15.3794,9.9213,5.9453,7.875,9.031,43.7045,49.9678,39.5276,93.6421,68.563,23.1734,344.545,191.572,85.461,69.2976,46.793
2007-12-01 00:00:00,2,5.4179,4.6487,4.3985,4.1515,4.1515,4.1515,4.1515,94.4771,36.0861,33.8638,49.326,14.9854,14.5955,13.8287,26.0571,54.5556,8.4484,6.2132,5.6802,23.1734,46.793,27.0492,14.21,34.9677,67.8315,14.21,13.0789,12.3851,10.8304,5.6802,5.1585
2007-11-01 00:00:00,2,2.7442,3.1982,3.9079,3.4311,67.8315,79.9187,11.7574,8.4484,6.757,5.6802,5.4179,5.4179,7.3111,8.4484,6.2132,4.9021,4.3985,4.1515,3.9079,3.9079,3.9079,3.9079,5.6802,4.9021,4.3985,4.3985,9.031,8.7386,6.757,5.4179,
2007-10-01 00:00:00,2,2.3069,2.3069,2.3069,2.3069,2.3069,2.3069,2.3069,2.3069,2.3069,2.3069,2.3069,2.3069,2.3069,2.3069,2.3069,2.3069,2.3069,2.3069,2.3069,2.3069,2.5233,2.095,2.095,2.095,3.4311,3.1982,5.6802,4.3985,3.4311,2.9692,2.9692
2007-09-01 00:00:00,2,3.4311,3.4311,3.1982,3.1982,3.1982,3.1982,3.1982,3.1982,3.1982,3.1982,3.1982,3.1982,3.1982,3.1982,3.1982,3.1982,3.1982,2.9692,2.9692,2.9692,2.9692,2.9692,2.9692,2.9692,2.7442,2.7442,2.7442,2.5233,2.5233,2.5233,
2007-08-01 00:00:00,2,4.1515,4.1515,4.1515,4.1515,4.1515,4.1515,4.1515,4.1515,4.1515,4.1515,4.1515,4.1515,4.1515,3.9079,3.9079,3.6677,3.6677,3.6677,3.6677,3.6677,3.6677,3.6677,3.6677,3.6677,3.6677,3.6677,3.6677,3.6677,3.6677,3.6677,3.4311
2007-07-01 00:00:00,2,5.6802,5.6802,5.6802,5.4179,5.4179,5.4179,5.4179,5.4179,5.4179,5.4179,5.1585,5.1585,5.1585,5.1585,5.1585,4.9021,4.6487,4.6487,4.6487,4.6487,4.6487,4.6487,4.1515,4.1515,4.1515,4.1515,4.1515,4.1515,4.1515,4.1515,4.1515
2007-06-01 00:00:00,2,6.757,6.757,6.757,6.4838,6.4838,6.4838,6.4838,6.4838,6.4838,6.2132,6.2132,6.2132,6.2132,6.2132,6.2132,6.2132,6.2132,5.9453,5.9453,5.9453,5.9453,5.9453,5.9453,5.9453,5.6802,5.6802,5.6802,5.4179,5.4179,5.4179,
2007-05-01 00:00:00,2,9.9213,9.6224,9.031,8.7386,8.7386,8.7386,8.7386,8.7386,8.4484,8.4484,8.1606,8.1606,8.1606,8.1606,8.1606,8.1606,7.875,7.5918,7.5918,7.3111,7.3111,7.0328,7.0328,7.0328,7.0328,7.0328,7.0328,7.0328,7.0328,7.0328,6.757
2007-04-01 00:00:00,2,9.9213,9.9213,9.6224,9.3256,9.3256,9.3256,9.3256,13.4516,59.3081,40.1137,13.0789,10.5253,9.9213,9.3256,9.031,9.031,9.031,9.9213,9.3256,9.3256,9.3256,9.031,12.3851,14.9854,9.6224,10.2222,12.7105,16.18,11.4465,10.5253,
2007-03-01 00:00:00,2,24.1191,22.2432,21.7841,20.4303,19.5478,19.5478,19.1126,18.6814,18.6814,17.4122,15.7776,15.3794,14.9854,14.5955,14.5955,14.5955,14.5955,19.1126,15.3794,16.9973,42.4935,19.5478,17.4122,13.4516,12.3851,11.4465,10.8304,10.8304,10.5253,10.2222,9.9213
2007-02-01 00:00:00,2,78.3633,62.0969,145.976,49.326,95.3151,55.8968,135.141,80.7011,50.613,42.4935,32.7746,40.7034,220.385,85.461,79.9187,56.5724,46.793,41.8933,60.0004,137.085,57.9336,42.4935,36.0861,33.3174,41.8933,34.4139,31.7001,26.0571,,,
2007-01-01 00:00:00,2,110.916,91.1555,79.9187,72.2685,75.2905,80.7011,78.3633,64.9381,56.5724,67.1033,102.129,226.346,79.1394,73.7731,69.2976,76.8206,96.1562,54.5556,67.1033,48.0526,35.5251,62.8023,143.981,112.709,88.6965,55.2245,81.4866,102.994,66.3783,62.0969,91.9813
2006-12-01 00:00:00,2,139.041,347.4,97.0004,87.0726,105.608,94.4771,53.2279,54.5556,126.533,183.804,159.222,139.041,353.139,282.9,282.9,330.415,222.762,209.821,105.608,65.6566,63.5109,53.2279,43.0973,39.5276,37.2189,38.3661,57.2514,62.0969,286.853,102.994,106.485
2006-11-01 00:00:00,2,13.0789,23.6443,57.2514,48.0526,60.0004,69.2976,64.9381,99.5509,27.0492,94.4771,61.3947,25.0804,22.2432,25.5669,26.0571,19.9871,16.18,13.8287,13.4516,58.6192,22.7063,17.8312,16.9973,15.7776,13.8287,103.862,63.5109,57.9336,36.6507,36.6507,
2006-10-01 00:00:00,2,3.9079,3.9079,3.6677,3.4311,5.4179,5.1585,4.9021,9.6224,6.2132,5.1585,5.9453,8.1606,6.4838,6.2132,45.5472,39.5276,16.5866,12.3851,41.8933,42.4935,77.5904,26.0571,18.6814,16.9973,16.5866,26.0571,17.4122,14.9854,13.8287,13.0789,12.3851
2006-09-01 00:00:00,2,2.095,2.095,2.095,2.095,2.095,2.095,2.095,2.095,2.095,1.888,1.888,1.888,1.888,1.888,1.888,1.888,1.888,1.888,1.888,3.4311,3.1982,7.875,14.5955,11.7574,7.0328,6.757,4.6487,4.1515,3.9079,3.9079,
2006-08-01 00:00:00,2,7.3111,10.8304,10.2222,10.5253,6.757,4.6487,3.1982,3.1982,2.9692,2.7442,3.1982,3.1982,3.1982,3.1982,3.1982,2.9692,2.9692,2.7442,2.7442,2.5233,2.5233,2.5233,2.5233,2.5233,2.3069,2.3069,2.3069,2.095,2.095,2.095,2.095
2006-07-01 00:00:00,2,4.6487,4.6487,4.6487,4.6487,4.6487,4.3985,4.3985,4.3985,4.1515,4.1515,4.1515,3.9079,3.9079,3.9079,3.9079,3.9079,3.6677,3.6677,3.6677,3.6677,3.6677,3.4311,3.4311,3.4311,3.4311,3.4311,3.4311,3.1982,3.1982,3.4311,7.3111
2006-06-01 00:00:00,2,6.2132,6.2132,6.2132,6.2132,6.2132,6.2132,6.2132,5.9453,5.9453,5.6802,5.1585,5.1585,5.1585,5.1585,5.1585,4.9021,4.9021,4.9021,4.9021,4.9021,4.9021,4.9021,4.9021,4.9021,4.9021,4.9021,4.9021,4.9021,4.6487,4.6487,
2006-05-01 00:00:00,2,8.4484,8.4484,18.2542,13.0789,12.3851,11.4465,10.5253,10.2222,9.9213,9.9213,8.7386,7.875,7.5918,7.5918,7.3111,7.3111,7.3111,7.3111,7.3111,7.0328,6.757,6.757,6.4838,6.4838,6.4838,6.4838,6.2132,6.2132,6.2132,6.757,6.4838
2006-04-01 00:00:00,2,29.0787,23.6443,22.2432,19.9871,19.1126,18.2542,19.9871,19.9871,27.5509,19.5478,17.4122,16.9973,25.0804,21.3289,25.5669,19.9871,16.9973,89.5131,30.6404,17.4122,14.5955,16.5866,12.7105,12.7105,12.0703,11.7574,11.7574,11.7574,9.031,8.7386,
2006-03-01 00:00:00,2,20.8776,38.9451,23.1734,57.9336,16.5866,45.5472,24.5979,37.2189,35.5251,28.0564,151.015,116.331,59.3081,108.249,67.1033,115.421,55.2245,64.2229,62.8023,33.3174,52.5691,30.6404,29.0787,26.5512,25.0804,28.0564,35.5251,29.0787,17.8312,213.319,53.2279
2006-02-01 00:00:00,2,19.5478,16.9973,30.1161,15.3794,10.2222,10.2222,10.2222,8.1606,8.1606,8.4484,11.1374,106.485,100.407,52.5691,21.3289,18.6814,17.4122,17.4122,15.3794,15.3794,10.2222,33.3174,21.7841,21.3289,17.4122,15.3794,13.4516,17.4122,,,
2006-01-01 00:00:00,2,25.5669,17.4122,17.4122,25.5669,91.9813,121.852,87.883,40.1137,34.4139,24.1191,18.6814,17.4122,17.4122,17.4122,16.5866,16.18,15.7776,13.4516,13.4516,13.0789,13.0789,13.0789,12.7105,12.3851,11.7574,7.3111,7.3111,9.9213,9.6224,91.9813,53.2279
2005-12-01 00:00:00,2,23.6443,17.4122,19.5478,18.2542,26.5512,38.9451,48.6876,78.3633,82.2752,77.5904,66.3783,113.61,67.8315,53.2279,574.133,79.9187,179.425,62.8023,54.5556,38.3661,36.6507,33.8638,31.7001,30.6404,30.1161,29.0787,27.0492,26.5512,27.5509,31.7001,30.6404
2005-11-01 00:00:00,2,66.3783,68.563,64.9381,55.8968,13.4516,10.2222,9.3256,7.3111,5.9453,6.757,5.4179,7.3111,8.7386,8.4484,7.3111,8.1606,21.7841,208.661,37.2189,21.7841,14.5955,17.4122,25.0804,58.6192,33.8638,44.3152,61.3947,60.0004,37.2189,47.4211,
2005-10-01 00:00:00,2,2.3069,2.3069,2.095,2.095,2.095,2.095,2.095,1.888,1.4896,1.4896,1.4896,1.2989,1.2989,1.1145,1.1145,1.1145,0.9369,0.9369,0.9369,81.4866,18.6814,11.4465,5.9453,5.1585,7.5918,6.757,5.6802,4.3985,4.1515,13.0789,43.0973
2005-09-01 00:00:00,2,2.3069,2.3069,2.3069,20.4303,3.9079,3.1982,2.9692,2.7442,2.7442,2.7442,2.7442,2.7442,2.3069,2.3069,2.3069,1.888,1.888,1.888,1.888,1.888,1.888,1.888,1.888,1.888,1.888,5.6802,3.4311,2.9692,3.1982,2.7442,
2005-08-01 00:00:00,2,3.1982,3.1982,3.1982,3.1982,3.1982,2.9692,2.9692,2.9692,2.7442,2.7442,2.5233,2.5233,2.5233,2.5233,2.5233,2.5233,2.5233,2.5233,2.5233,2.5233,2.5233,2.5233,2.3069,2.3069,2.3069,2.3069,7.875,3.1982,2.5233,2.5233,2.3069
2005-07-01 00:00:00,2,4.1515,4.1515,4.1515,4.1515,4.1515,4.1515,4.1515,4.1515,4.1515,4.1515,4.1515,3.9079,3.9079,3.6677,3.6677,3.6677,3.6677,3.6677,3.1982,3.1982,3.1982,3.1982,3.1982,3.1982,3.1982,3.1982,3.1982,3.1982,3.1982,3.1982,3.1982
2005-06-01 00:00:00,2,8.1606,6.2132,6.2132,5.9453,5.9453,5.1585,5.1585,5.1585,5.1585,5.1585,6.757,5.1585,5.1585,5.1585,5.1585,5.1585,5.1585,4.9021,4.9021,4.9021,5.1585,4.9021,4.9021,4.9021,4.9021,4.9021,4.6487,4.3985,4.3985,4.3985,
2005-05-01 00:00:00,2,24.1191,19.5478,15.3794,15.3794,14.5955,12.3851,10.2222,9.6224,7.0328,6.757,6.757,6.757,6.757,6.4838,6.2132,5.9453,5.9453,5.9453,5.9453,5.9453,5.9453,5.9453,5.9453,5.9453,16.5866,21.7841,11.7574,10.2222,10.2222,10.2222,11.1374
2005-04-01 00:00:00,2,17.4122,16.5866,15.7776,15.3794,15.3794,15.3794,14.21,13.4516,13.0789,13.0789,12.3851,11.7574,11.7574,11.7574,11.7574,11.1374,9.3256,8.1606,7.875,7.3111,7.3111,7.3111,8.7386,9.9213,9.6224,10.2222,9.6224,9.6224,9.6224,100.407,
2005-03-01 00:00:00,2,11.1374,121.852,147.983,97.8475,154.072,38.3661,34.4139,29.5956,43.7045,28.0564,26.5512,21.3289,16.9973,16.18,17.4122,21.7841,20.4303,23.6443,26.0571,55.8968,66.3783,102.129,31.7001,18.6814,14.9854,21.3289,93.6421,31.1684,20.8776,19.1126,17.4122
2005-02-01 00:00:00,2,105.608,53.8901,39.5276,30.6404,27.0492,23.6443,21.3289,18.6814,16.5866,14.9854,13.4516,23.1734,20.4303,17.8312,14.5955,15.3794,18.6814,21.3289,19.9871,21.7841,21.3289,18.6814,16.9973,15.3794,11.4465,10.2222,12.7105,52.5691,,,
2005-01-01 00:00:00,2,16.5866,18.6814,16.18,67.1033,156.123,74.5302,43.0973,137.085,25.5669,30.1161,20.4303,18.6814,21.3289,44.9295,20.4303,19.1126,31.1684,62.0969,43.0973,25.5669,19.1126,19.1126,16.9973,20.4303,16.9973,15.3794,13.8287,74.5302,111.811,50.613,33.8638
2004-12-01 00:00:00,2,26.5512,18.6814,18.6814,9.3256,9.3256,16.9973,13.4516,8.4484,10.2222,9.9213,8.4484,20.4303,7.5918,10.8304,11.1374,20.8776,19.5478,20.8776,14.9854,9.6224,32.7746,184.906,214.49,175.089,19.5478,16.5866,16.5866,17.4122,20.8776,24.1191,17.4122
2004-11-01 00:00:00,2,2.3069,9.6224,8.4484,8.1606,7.3111,5.6802,5.6802,29.5956,17.4122,4.3985,3.1982,2.3069,1.888,1.888,1.686,5.4179,15.3794,13.4516,15.3794,12.7105,4.9021,3.4311,2.7442,2.3069,2.3069,2.3069,2.3069,4.1515,4.6487,5.9453,
2004-10-01 00:00:00,2,0.9369,0.7668,0.7668,0.7668,1.4896,1.2989,1.1145,1.1145,1.1145,1.1145,1.1145,1.2989,1.1145,1.1145,1.1145,1.2989,1.1145,1.1145,1.1145,1.2989,4.1515,2.9692,2.5233,2.5233,1.686,16.5866,18.2542,10.2222,8.7386,8.4484,7.875
2004-09-01 00:00:00,2,1.888,1.888,1.686,1.686,1.686,1.686,1.686,1.686,1.686,1.4896,1.4896,1.4896,1.4896,1.4896,1.4896,1.4896,1.4896,1.4896,1.4896,1.4896,1.4896,1.4896,1.4896,1.4896,1.2989,1.2989,1.1145,1.1145,0.9369,0.9369,
2004-08-01 00:00:00,2,3.9079,3.9079,3.6677,3.4311,3.1982,3.1982,3.1982,3.1982,3.1982,3.1982,2.9692,2.9692,2.9692,2.9692,2.9692,2.9692,2.9692,2.7442,2.7442,2.7442,2.7442,2.7442,2.5233,2.5233,2.5233,2.5233,2.3069,3.4311,2.3069,2.095,2.095
2004-07-01 00:00:00,2,3.9079,3.9079,3.9079,5.1585,4.6487,4.3985,4.1515,4.1515,3.9079,3.9079,3.9079,3.9079,3.9079,3.9079,3.6677,3.6677,3.6677,3.6677,3.6677,3.6677,4.1515,5.6802,5.4179,4.9021,4.6487,5.6802,4.3985,4.1515,4.1515,4.1515,4.1515
2004-06-01 00:00:00,2,7.3111,6.757,6.757,6.2132,6.2132,5.6802,5.1585,5.1585,5.1585,5.1585,5.1585,4.6487,4.6487,4.6487,4.6487,4.6487,4.6487,4.6487,4.3985,4.3985,4.3985,4.3985,4.3985,4.3985,4.1515,4.1515,4.1515,4.1515,3.9079,3.9079,
2004-05-01 00:00:00,2,19.1126,19.1126,18.2542,17.4122,15.3794,13.0789,11.7574,11.1374,10.5253,9.6224,9.3256,9.031,8.4484,8.4484,8.4484,8.4484,7.875,7.875,7.875,7.875,7.875,7.875,10.5253,9.031,8.4484,8.4484,8.4484,8.4484,7.875,7.875,7.875
2004-04-01 00:00:00,2,20.8776,43.7045,36.6507,40.7034,68.563,46.1684,36.6507,34.4139,71.521,91.9813,108.249,65.6566,250.84,73.7731,43.0973,31.1684,24.1191,21.7841,21.7841,20.8776,20.8776,19.9871,19.9871,19.9871,19.1126,19.1126,18.2542,24.1191,21.3289,19.9871,
2004-03-01 00:00:00,2,32.7746,77.5904,34.4139,48.0526,175.089,77.5904,48.6876,42.4935,33.3174,24.1191,23.6443,22.2432,154.072,53.2279,207.503,73.7731,40.7034,48.0526,462.956,175.089,64.2229,120,42.4935,31.1684,24.5979,22.7063,52.5691,41.2966,24.1191,41.2966,24.5979
2004-02-01 00:00:00,2,22.7063,32.7746,100.407,24.5979,20.4303,19.1126,25.0804,100.407,35.5251,83.8619,25.0804,177.252,43.7045,33.8638,208.661,77.5904,127.478,62.0969,114.514,70.0355,71.521,213.319,123.716,102.129,97.8475,55.8968,70.0355,88.6965,102.129,,
2004-01-01 00:00:00,2,14.5955,16.9973,53.8901,26.0571,78.3633,28.5657,46.793,29.5956,73.7731,91.1555,67.1033,257.125,76.8206,36.0861,28.0564,26.5512,25.5669,23.6443,22.7063,21.7841,20.8776,20.4303,19.5478,57.2514,49.326,99.5509,36.0861,28.5657,27.0492,22.2432,23.1734
2003-12-01 00:00:00,2,65.6566,49.9678,110.024,41.2966,41.8933,23.1734,81.4866,189.339,26.0571,32.2355,24.5979,22.7063,14.5955,10.2222,8.4484,7.875,7.3111,7.3111,6.757,6.757,6.757,14.9854,9.3256,8.7386,7.875,9.6224,14.21,138.062,60.6959,28.5657,17.8312
2003-11-01 00:00:00,2,14.21,9.031,17.4122,5.4179,3.1982,2.3069,1.888,1.4896,2.095,0.7668,6.757,3.4311,2.3069,1.888,1.888,16.5866,10.8304,19.5478,17.8312,15.3794,13.4516,38.9451,11.1374,5.1585,3.9079,4.6487,3.9079,13.4516,9.3256,37.7907,
2003-10-01 00:00:00,2,1.686,1.686,1.4896,1.4896,1.4896,1.2989,1.2989,1.2989,1.2989,1.2989,1.1145,1.1145,1.1145,1.1145,1.1145,0.9369,0.9369,0.9369,0.9369,0.7668,0.7668,0.7668,0.7668,6.2132,3.1982,3.1982,2.7442,2.7442,2.7442,2.3069,1.888
2003-09-01 00:00:00,2,6.757,4.3985,3.4311,2.7442,2.5233,2.5233,2.5233,2.5233,2.3069,2.3069,2.3069,2.3069,2.3069,2.3069,2.095,2.095,2.095,2.095,2.095,2.095,1.888,1.888,1.888,1.888,1.888,1.888,1.888,1.888,1.686,1.686,
2003-08-01 00:00:00,2,2.095,2.095,1.888,1.888,1.888,1.888,1.888,1.888,1.888,1.686,1.686,1.686,1.686,1.686,1.686,6.4838,3.6677,2.3069,2.3069,2.095,2.095,2.095,2.095,2.095,1.888,1.888,1.686,1.686,19.1126,15.7776,19.9871
2003-07-01 00:00:00,2,2.5233,2.5233,2.5233,2.5233,2.5233,2.5233,2.5233,2.5233,2.5233,2.5233,2.3069,2.3069,2.3069,2.3069,2.3069,2.3069,2.3069,2.3069,2.3069,2.3069,2.3069,2.3069,2.095,2.095,2.095,2.095,2.095,2.095,2.095,2.095,2.095
2003-06-01 00:00:00,2,4.1515,3.6677,3.6677,3.6677,3.1982,3.6677,3.4311,3.6677,3.6677,3.1982,3.1982,3.1982,3.1982,3.1982,3.1982,3.1982,3.1982,3.1982,3.1982,2.7442,2.7442,2.7442,2.7442,2.7442,2.7442,2.7442,2.7442,2.7442,2.7442,2.7442,
2003-05-01 00:00:00,2,4.6487,4.6487,4.6487,4.6487,4.6487,10.8304,18.6814,10.5253,8.1606,7.3111,6.757,6.2132,6.2132,5.6802,5.6802,5.1585,4.6487,4.6487,4.3985,4.1515,4.1515,4.1515,4.1515,4.1515,4.1515,4.1515,3.6677,3.6677,14.5955,5.9453,4.1515
2003-04-01 00:00:00,2,14.9854,14.21,13.4516,13.4516,13.4516,13.4516,22.2432,17.8312,15.3794,14.21,14.21,17.4122,14.9854,13.4516,12.7105,11.4465,10.8304,10.2222,8.7386,7.875,7.5918,6.757,5.9453,5.6802,5.1585,5.1585,5.1585,5.1585,5.1585,5.1585,
2003-03-01 00:00:00,2,10.2222,10.2222,9.6224,22.2432,13.8287,11.4465,12.0703,51.2617,62.8023,62.0969,27.5509,46.793,23.6443,49.9678,53.2279,23.6443,28.5657,27.5509,36.0861,30.6404,38.9451,35.5251,22.2432,32.7746,22.2432,17.8312,133.208,23.6443,19.5478,17.4122,15.7776
2003-02-01 00:00:00,2,25.5669,21.7841,19.9871,18.6814,17.8312,16.5866,15.3794,13.4516,12.7105,13.0789,11.4465,10.8304,10.2222,10.2222,10.2222,56.5724,41.8933,42.4935,57.9336,65.6566,104.733,19.5478,11.7574,11.4465,10.8304,10.8304,10.2222,10.2222,,,
2003-01-01 00:00:00,2,110.916,62.0969,28.5657,79.9187,87.0726,45.5472,50.613,58.6192,36.0861,64.9381,79.1394,56.5724,57.9336,40.7034,47.4211,86.2652,57.2514,34.4139,68.563,55.2245,63.5109,37.2189,70.0355,36.0861,24.5979,49.326,74.5302,44.3152,33.3174,27.5509,33.3174
2002-12-01 00:00:00,2,3.6348,3.6348,3.2236,3.2236,2.8345,2.8345,2.8345,4.5222,6.8271,172.938,36.0861,26.5512,187.117,75.2905,150.001,142.987,35.5251,21.7841,14.9854,12.3851,17.8312,12.0703,22.7063,36.6507,21.3289,26.0571,31.1684,16.9973,14.21,15.3794,55.8968
2002-11-01 00:00:00,2,31.2439,12.5273,7.3959,6.0122,5.4947,32.7449,11.0505,7.7281,7.109,76.8206,28.3259,17.0124,8.0362,6.0122,4.9979,4.7574,4.5222,7.3959,6.0122,5.4947,4.9979,57.9336,29.7708,31.2439,21.9645,7.7281,5.4947,4.7574,4.2923,4.0677,
2002-10-01 00:00:00,2,3.2236,3.2236,2.8345,2.8345,3.4264,9.9979,5.4947,4.5222,3.8485,3.2236,3.0263,2.8345,2.8345,2.4678,2.4678,2.4678,2.1239,2.1239,2.1239,2.1239,2.1239,2.1239,2.1239,2.1239,2.1239,2.1239,26.4436,8.993,6.5504,26.9094,11.7785
2002-09-01 00:00:00,2,2.293,2.293,2.293,2.293,2.293,10.3435,6.5504,4.2923,3.0263,2.8345,2.6484,2.4678,2.4678,2.293,2.293,2.1239,2.1239,2.1239,2.1239,2.1239,2.1239,3.8485,10.3435,29.286,8.0362,4.9979,4.5222,4.0677,4.0677,3.6348,
2002-08-01 00:00:00,2,3.8485,3.2236,3.0263,2.8345,2.8345,2.8345,2.8345,2.6484,2.6484,2.6484,2.4678,2.4678,2.4678,2.4678,2.4678,2.4678,2.4678,2.4678,2.4678,2.4678,2.4678,2.4678,2.4678,2.4678,2.4678,2.4678,2.4678,2.4678,2.4678,2.4678,2.293
2002-07-01 00:00:00,2,3.4264,3.4264,3.4264,3.2236,3.2236,3.2236,3.2236,3.2236,3.2236,3.2236,4.2923,4.0677,4.0677,3.6348,3.6348,3.6348,16.5793,7.109,6.5504,6.5504,6.0122,6.0122,6.0122,5.4947,5.4947,5.4947,5.4947,5.4947,4.9979,4.9979,4.5222
2002-06-01 00:00:00,2,4.0677,4.0677,4.0677,4.0677,4.0677,4.0677,4.0677,4.0677,4.0677,3.8485,3.8485,3.8485,3.8485,3.8485,3.8485,3.8485,3.8485,3.8485,3.8485,3.8485,3.8485,3.8485,3.6348,3.6348,3.6348,3.6348,3.6348,3.6348,3.4264,3.4264,
2002-05-01 00:00:00,2,5.4947,5.4947,5.4947,8.3498,9.9979,8.0362,6.5504,16.1512,8.0362,7.109,7.109,6.0122,5.4947,5.4947,5.4947,5.4947,5.4947,5.4947,5.4947,4.9979,4.9979,4.9979,4.9979,4.9979,4.9979,4.9979,4.9979,4.2923,4.2923,4.2923,4.0677
2002-04-01 00:00:00,2,18.3417,17.8936,17.0124,16.5793,16.1512,15.7282,14.8973,20.1839,15.7282,14.8973,13.2967,12.1503,10.6944,9.6576,8.993,8.3498,8.3498,7.7281,7.7281,7.109,7.109,6.5504,6.5504,6.5504,6.5504,6.0122,6.0122,6.0122,6.0122,6.0122,
2002-03-01 00:00:00,2,24.6128,23.2738,22.834,21.9645,21.9645,21.1346,20.1839,19.2529,18.3417,17.4505,17.4505,16.5793,15.7282,14.8973,16.5793,54.6817,90.3328,49.2322,97.0004,81.4866,35.3077,24.1632,116.331,27.8505,22.834,22.834,67.1033,24.1632,20.1839,19.2529,19.2529
2002-02-01 00:00:00,2,21.9645,172.938,50.4237,28.8044,22.3976,93.6421,46.883,28.3259,23.2738,26.4436,179.425,88.6965,52.2319,34.2735,31.7411,34.7891,26.4436,75.2905,133.208,320.67,111.811,91.9813,89.5131,63.5109,87.883,42.8816,30.7497,26.4436,,,
2002-01-01 00:00:00,2,44.0105,104.733,70.0355,35.3077,25.5217,22.3976,21.5347,60.0004,26.4436,20.6568,12.5273,11.7785,11.7785,26.4436,21.5347,27.3784,87.0726,104.733,289.501,62.0969,46.883,34.7891,32.2415,27.8505,26.4436,23.2738,21.9645,74.5302,53.4513,27.8505,22.3976
2001-12-01 00:00:00,2,73.7731,26.9094,18.7948,10.6944,8.3498,8.0362,7.7281,7.109,6.5504,6.2787,5.7508,4.9979,4.5222,4.5222,28.8044,24.1632,20.1839,18.3417,180.516,46.883,26.4436,19.7159,37.9461,72.2685,21.9645,52.8402,26.4436,21.9645,120,228.749,55.9232
2001-11-01 00:00:00,2,4.0677,3.0263,2.8345,19.2529,12.1503,6.5504,4.7574,3.2236,2.8345,2.8345,2.8345,2.8345,28.8044,23.2738,27.3784,20.6568,15.3102,25.9811,78.3633,59.3081,49.8265,24.1632,18.3417,37.4124,15.3102,12.9094,9.6576,7.109,7.109,115.421,
2001-10-01 00:00:00,2,2.4678,2.4678,73.7731,16.1512,11.7785,8.0362,4.5222,17.0124,100.407,21.5347,10.3435,6.2787,4.5222,3.2236,2.8345,2.4678,2.4678,2.8345,2.8345,19.2529,6.8271,3.2236,3.2236,3.0263,2.6484,2.293,2.1239,2.1239,2.1239,2.8345,4.9979
2001-09-01 00:00:00,2,5.2437,3.8485,3.0263,2.6484,2.6484,2.6484,2.6484,2.4678,2.4678,2.4678,2.293,2.293,2.1239,2.1239,2.4678,2.4678,2.4678,2.4678,2.4678,2.4678,2.1239,2.1239,2.1239,2.1239,2.1239,2.1239,2.4678,2.4678,2.4678,2.4678,
2001-08-01 00:00:00,2,2.6484,2.6484,2.4678,2.4678,2.4678,2.4678,2.4678,2.4678,2.4678,2.4678,2.4678,2.4678,2.4678,2.4678,2.293,2.293,2.293,2.293,2.293,2.293,2.293,2.293,2.293,2.293,10.3435,8.993,3.8485,3.6348,3.2236,3.2236,8.993
2001-07-01 00:00:00,2,3.0263,3.0263,3.0263,3.0263,2.8345,2.8345,2.8345,2.8345,2.8345,2.8345,2.8345,2.8345,2.8345,2.8345,2.8345,2.8345,2.6484,2.6484,3.2236,3.0263,2.8345,2.8345,2.8345,2.8345,2.8345,2.6484,2.6484,2.6484,2.6484,2.6484,2.6484
2001-06-01 00:00:00,2,4.2923,4.2923,4.0677,4.0677,4.0677,4.0677,4.0677,4.0677,4.0677,4.0677,4.0677,3.6348,3.6348,3.6348,3.6348,3.6348,3.6348,3.6348,3.4264,3.4264,3.4264,3.4264,3.4264,3.4264,3.4264,3.2236,3.2236,3.2236,3.2236,3.2236,
2001-05-01 00:00:00,2,4.7574,4.7574,4.5222,4.5222,4.5222,4.5222,4.5222,4.0677,4.0677,4.0677,4.0677,4.0677,4.0677,4.0677,4.0677,3.8485,17.8936,16.5793,7.7281,6.0122,4.9979,4.5222,5.4947,4.5222,4.5222,4.5222,4.5222,5.2437,4.5222,4.5222,4.5222
2001-04-01 00:00:00,2,13.2967,9.3227,7.7281,7.109,7.109,7.109,7.109,7.109,7.109,7.109,6.8271,6.8271,6.8271,6.8271,6.8271,14.0868,7.3959,7.109,6.5504,6.0122,6.0122,5.4947,5.4947,4.9979,4.9979,4.9979,4.9979,4.7574,4.7574,4.7574,
2001-03-01 00:00:00,2,5.4947,4.9979,4.9979,8.0362,16.1512,19.7159,28.8044,14.4895,8.0362,7.109,79.1394,154.072,64.2229,33.7609,25.9811,21.1346,18.7948,17.4505,16.5793,15.7282,28.3259,21.9645,17.8936,10.3435,8.3498,8.3498,11.0505,8.993,22.3976,33.2513,16.5793
2001-02-01 00:00:00,2,8.6687,8.0362,10.3435,8.993,8.0362,7.109,20.1839,15.3102,19.2529,11.7785,8.0362,7.7281,13.2967,8.3498,17.0124,8.3498,8.993,8.3498,7.7281,7.7281,8.993,7.109,6.5504,6.0122,5.4947,5.4947,5.2437,5.4947,,,
2001-01-01 00:00:00,2,44.0105,40.6587,94.4771,31.7411,24.1632,21.5347,16.5793,14.0868,14.0868,14.4895,14.4895,13.6892,13.2967,13.2967,13.2967,13.2967,13.2967,12.9094,12.9094,12.5273,12.1503,42.8816,14.8973,14.0868,79.1394,14.8973,11.0505,8.0362,7.109,40.6587,11.7785
2000-12-01 00:00:00,2,28.3259,43.4446,102.994,31.2439,31.7411,102.994,41.7644,26.4436,21.1346,19.2529,60.6959,27.3784,23.2738,22.3976,52.2319,48.0519,131.286,458.138,82.2752,52.2319,34.2735,33.7609,151.015,34.2735,26.4436,23.2738,21.9645,21.1346,21.9645,30.2587,33.2513
2000-11-01 00:00:00,2,8.3498,4.7574,4.0677,4.2923,15.3102,80.7011,28.3259,31.7411,18.3417,12.1503,11.0505,12.5273,19.2529,96.1562,128.426,34.2735,29.7708,55.9232,37.9461,45.1509,20.6568,28.3259,22.3976,14.0868,11.0505,10.3435,13.6892,33.2513,17.4505,75.2905,
2000-10-01 00:00:00,2,7.109,13.2967,6.5504,6.5504,6.2787,6.2787,7.3959,7.109,6.5504,6.2787,6.0122,5.7508,5.4947,5.2437,4.9979,4.5222,4.2923,2.6484,2.6484,2.6484,2.6484,2.4678,2.4678,2.4678,4.7574,5.2437,4.0677,3.2236,2.8345,28.3259,14.8973
2000-09-01 00:00:00,2,5.2437,8.0362,14.8973,9.3227,6.5504,17.4505,35.3077,12.9094,8.0362,7.3959,7.109,6.5504,6.5504,6.0122,6.0122,5.4947,5.4947,5.4947,4.9979,4.9979,4.5222,4.5222,4.5222,5.2437,5.2437,4.9979,33.2513,10.3435,7.7281,7.109,
2000-08-01 00:00:00,2,3.6348,3.6348,3.6348,3.4264,3.4264,3.4264,3.2236,3.2236,3.2236,3.2236,3.0263,3.0263,3.0263,3.0263,3.0263,3.0263,3.0263,3.0263,3.0263,3.0263,3.0263,2.8345,2.8345,2.8345,2.8345,2.8345,2.8345,2.8345,5.4947,6.0122,5.4947
2000-07-01 00:00:00,2,4.0677,4.0677,4.0677,4.0677,4.0677,4.0677,4.0677,4.0677,4.0677,4.0677,4.0677,3.8485,3.8485,3.8485,3.8485,3.8485,3.8485,3.8485,3.6348,3.6348,3.6348,3.6348,3.6348,3.6348,3.6348,4.9979,8.3498,6.0122,3.6348,3.6348,3.6348
2000-06-01 00:00:00,2,4.7574,4.7574,4.7574,4.7574,4.7574,4.7574,4.5222,4.5222,4.5222,4.5222,4.5222,4.5222,4.5222,4.5222,4.5222,4.5222,4.5222,4.5222,4.5222,4.5222,4.2923,4.2923,4.2923,4.2923,4.2923,4.2923,4.2923,4.2923,4.2923,4.0677,
2000-05-01 00:00:00,2,13.2967,25.5217,14.4895,14.0868,13.2967,13.2967,12.5273,12.5273,11.7785,11.7785,11.0505,11.0505,10.3435,10.3435,9.6576,8.993,8.3498,6.5504,5.2437,4.9979,4.9979,4.9979,4.9979,4.9979,4.9979,4.7574,4.7574,4.7574,4.7574,4.7574,4.7574
2000-04-01 00:00:00,2,22.834,21.9645,20.6568,19.2529,18.7948,21.1346,18.3417,17.4505,17.0124,16.5793,15.7282,15.7282,28.8044,20.6568,16.5793,16.5793,15.7282,17.8936,15.7282,15.7282,14.8973,14.8973,14.0868,14.0868,14.0868,14.0868,13.2967,13.2967,13.2967,13.2967,
2000-03-01 00:00:00,2,52.2319,34.2735,104.733,33.7609,25.5217,23.7168,20.1839,21.9645,80.7011,35.8294,22.3976,257.125,39.5648,46.883,26.9094,187.117,130.33,60.6959,104.733,68.563,52.8402,32.7449,30.7497,29.7708,28.3259,26.4436,25.9811,25.5217,25.5217,32.2415,24.6128
2000-02-01 00:00:00,2,83.8619,134.173,93.6421,74.5302,79.1394,37.9461,65.6566,130.33,263.473,102.994,94.4771,76.8206,79.9187,50.4237,34.2735,29.7708,26.9094,73.7731,31.2439,20.6568,17.8936,19.7159,18.7948,17.8936,17.0124,18.3417,19.2529,59.3081,42.3216,,
2000-01-01 00:00:00,2,93.6421,49.2322,74.5302,30.7497,24.1632,23.2738,55.9232,37.9461,24.1632,20.6568,16.1512,15.7282,14.8973,14.8973,14.0868,33.2513,14.4895,13.2967,15.3102,17.8936,15.3102,23.2738,30.7497,19.7159,22.3976,26.9094,19.7159,32.7449,23.2738,74.5302,363.276
1999-12-01 00:00:00,2,18.3417,14.8973,14.0868,13.6892,164.442,25.0656,19.2529,37.9461,21.1346,17.4505,14.8973,54.6817,28.3259,27.3784,21.5347,15.3102,14.8973,14.0868,118.16,24.6128,16.5793,14.0868,13.2967,98.6977,51.0236,24.6128,55.9232,21.5347,18.7948,17.4505,17.4505
1999-11-01 00:00:00,2,8.3498,7.3959,6.8271,6.0122,5.4947,39.0223,33.2513,143.981,57.9336,41.2101,19.2529,14.0868,102.994,29.286,25.5217,13.2967,8.993,135.141,18.3417,244.62,110.916,32.7449,16.1512,20.1839,91.1555,28.3259,28.3259,74.5302,48.0519,40.1103,
1999-10-01 00:00:00,2,1.6515,1.5058,1.5058,17.4505,11.4119,4.7574,3.2236,2.6484,2.6484,2.4678,2.293,2.1239,1.9606,1.9606,1.8031,1.8031,1.6515,0.984,1.5058,1.6515,1.8031,1.6515,1.5058,1.5058,1.5058,121.852,79.1394,46.883,15.3102,11.4119,9.9979
1999-09-01 00:00:00,2,1.5058,1.5058,1.5058,1.3662,1.3662,1.3662,1.3662,1.3662,1.3662,1.2326,1.2326,4.5222,6.2787,3.6348,2.293,34.2735,5.4947,3.0263,3.0263,2.8345,2.6484,2.6484,2.4678,2.4678,2.293,2.1239,1.9606,1.9606,1.8031,1.6515,
1999-08-01 00:00:00,2,1.9606,1.9606,1.8031,1.8031,1.8031,1.8031,1.8031,1.8031,1.8031,1.8031,1.6515,1.6515,1.6515,1.6515,1.6515,1.6515,1.6515,1.6515,1.6515,1.5058,1.5058,1.5058,1.5058,1.5058,1.5058,1.5058,1.5058,1.5058,1.5058,1.5058,1.5058
1999-07-01 00:00:00,2,2.4678,2.4678,2.4678,2.4678,2.4678,2.4678,2.4678,2.293,2.293,2.293,2.293,2.293,2.293,2.293,2.293,2.293,2.293,2.1239,2.1239,2.1239,2.1239,2.1239,2.1239,1.9606,1.9606,1.9606,1.9606,1.9606,1.9606,1.9606,1.9606
1999-06-01 00:00:00,2,3.0263,3.0263,3.0263,3.0263,3.0263,3.0263,3.0263,3.0263,3.0263,3.0263,2.8345,2.8345,2.8345,2.8345,2.8345,2.8345,2.8345,2.8345,2.8345,2.8345,2.6484,2.6484,2.6484,2.6484,2.6484,2.6484,2.4678,2.4678,2.4678,2.4678,
1999-05-01 00:00:00,2,6.0122,6.0122,6.0122,5.7508,5.4947,5.2437,4.9979,4.9979,4.7574,4.5222,4.5222,4.5222,4.2923,4.0677,4.0677,4.0677,4.0677,4.0677,4.0677,4.0677,4.0677,4.0677,4.0677,4.0677,3.6348,3.6348,3.6348,3.6348,3.6348,3.6348,3.4264
1999-04-01 00:00:00,2,14.8973,14.8973,14.0868,14.0868,13.2967,13.2967,12.5273,12.5273,11.7785,11.7785,11.0505,11.0505,10.3435,10.3435,9.6576,9.6576,8.993,8.993,8.3498,8.3498,7.7281,7.7281,7.7281,7.109,7.109,7.109,6.5504,6.5504,6.0122,6.0122,
1999-03-01 00:00:00,2,152.031,216.84,43.4446,34.7891,30.2587,28.3259,55.9232,170.798,55.3011,39.0223,40.6587,34.2735,46.883,37.4124,33.7609,51.0236,315.155,70.7767,41.2101,34.2735,27.8505,26.9094,26.4436,69.2976,82.2752,42.8816,26.4436,20.6568,17.0124,15.7282,14.8973
1999-02-01 00:00:00,2,11.7785,13.2967,14.0868,11.0505,10.6944,10.3435,10.3435,10.3435,10.3435,9.6576,9.3227,9.3227,10.3435,10.3435,10.3435,9.3227,8.6687,8.6687,8.993,8.993,9.6576,10.3435,10.3435,10.3435,35.3077,39.5648,70.0355,99.5509,,,
1999-01-01 00:00:00,2,53.8901,105.608,89.5131,43.7045,40.1137,49.2322,37.9461,29.7708,22.834,21.5347,19.2529,18.7948,17.4505,17.8936,18.7948,17.4505,17.0124,14.8973,14.4895,14.0868,12.9094,13.6892,13.2967,12.5273,11.7785,11.0505,11.0505,14.8973,17.8936,14.8973,13.2967
1998-12-01 00:00:00,2,16.9785,29.0787,13.9682,17.4274,13.5573,37.2189,18.2542,11.5767,10.0828,9.3669,51.2617,50.613,97.8475,26.0571,18.2542,13.1513,10.8196,9.7222,19.1126,25.0804,14.3839,18.2542,16.5343,12.7502,37.7907,48.6876,19.1126,13.9682,12.7502,11.5767,107.365
1998-11-01 00:00:00,2,24.5979,60.0004,16.9785,26.0571,35.5251,19.1126,25.5669,17.8312,26.5512,32.2355,22.7063,17.4274,29.0787,64.9381,40.7034,27.5509,19.1126,75.2905,46.793,30.1161,23.6443,15.2298,14.8045,24.5979,16.0948,13.5573,9.7222,8.672,15.6599,23.6443,
1998-10-01 00:00:00,2,13.1513,7.0292,3.9175,2.5363,2.13,1.7523,43.7045,36.0861,21.7841,13.9682,9.0168,7.3467,6.1102,6.1102,5.5262,5.5262,4.9657,4.9657,4.9657,4.4293,4.4293,4.4293,3.9175,3.9175,3.4309,3.4309,3.4309,2.9702,2.9702,13.5573,43.0973
1998-09-01 00:00:00,2,2.9702,2.9702,2.5363,2.5363,2.5363,2.5363,2.13,2.13,2.13,2.13,2.13,2.13,2.13,1.7523,1.7523,1.7523,1.7523,1.4045,1.4045,1.4045,1.4045,1.4045,1.0879,1.0879,1.0879,1.0879,1.0879,1.0879,1.0879,1.0879,
1998-08-01 00:00:00,2,2.5363,2.5363,2.5363,2.5363,2.5363,2.9702,2.9702,2.9702,5.243,7.6698,32.2355,15.2298,4.9657,3.9175,3.4309,3.4309,3.4309,3.4309,3.4309,2.9702,2.9702,2.9702,2.9702,2.9702,2.9702,2.9702,2.9702,2.9702,2.9702,2.9702,2.9702
1998-07-01 00:00:00,2,3.9175,3.9175,3.9175,3.9175,3.9175,3.9175,3.9175,3.9175,3.9175,3.9175,3.9175,3.9175,3.9175,3.9175,3.4309,2.9702,2.9702,2.9702,2.9702,2.9702,2.9702,2.9702,2.9702,2.9702,2.9702,2.9702,2.9702,2.9702,2.9702,2.9702,2.9702
1998-06-01 00:00:00,2,6.7172,6.1102,6.1102,6.4108,6.7172,5.5262,5.243,4.9657,4.9657,4.9657,4.9657,4.9657,4.9657,4.9657,4.4293,4.4293,4.4293,4.4293,4.4293,4.4293,4.4293,4.1703,4.1703,4.1703,4.4293,4.4293,4.4293,4.4293,4.4293,3.9175,
1998-05-01 00:00:00,2,6.7172,6.1102,6.1102,6.1102,9.7222,6.4108,6.7172,6.7172,6.7172,6.1102,6.1102,6.1102,6.1102,6.1102,5.5262,5.5262,5.5262,5.5262,5.5262,5.5262,5.5262,5.5262,4.9657,4.9657,4.9657,4.9657,4.9657,4.9657,10.8196,28.0564,8.672
1998-04-01 00:00:00,2,12.3541,12.3541,11.5767,11.5767,10.8196,10.8196,10.0828,9.3669,8.672,8.672,7.9985,7.9985,7.3467,6.7172,6.1102,6.1102,6.1102,6.7172,6.4108,6.1102,6.1102,5.5262,5.5262,5.5262,5.5262,5.5262,5.5262,5.5262,24.5979,7.0292,
1998-03-01 00:00:00,2,24.1191,19.9871,18.2542,14.3839,13.5573,12.7502,11.9629,11.5767,14.8045,14.8045,13.9682,13.1513,16.5343,13.9682,28.5657,13.9682,13.1513,78.3633,20.8776,15.2298,14.3839,64.2229,24.1191,24.1191,26.0571,17.8312,20.4303,24.5979,18.2542,16.0948,13.1513
1998-02-01 00:00:00,2,27.8505,18.3417,16.5793,15.7282,14.8973,14.8973,20.6568,44.0105,61.3947,29.7708,26.9094,208.661,75.2905,43.7045,20.4303,33.3174,50.613,131.286,130.33,227.546,44.3152,47.4211,208.661,68.563,63.5109,73.0192,71.521,36.0861,,,
1998-01-01 00:00:00,2,11.7785,11.0505,10.3435,10.3435,10.3435,10.3435,9.6576,9.6576,73.7731,244.62,58.6192,43.4446,36.3541,41.2101,35.3077,30.2587,85.461,79.9187,49.2322,26.4436,18.7948,17.4505,24.6128,27.8505,58.6192,170.798,74.5302,35.3077,65.6566,74.5302,37.4124
1997-12-01 00:00:00,2,141.996,14.4895,13.2967,12.9094,12.5273,12.1503,17.4505,19.2529,93.6421,126.533,45.7254,176.169,110.024,179.425,89.5131,160.261,180.516,112.709,79.1394,51.6264,42.8816,34.2735,28.8044,23.2738,54.6817,52.8402,25.5217,15.3102,14.0868,13.2967,12.5273
1997-11-01 00:00:00,2,4.6769,4.6769,4.2355,4.2355,3.8135,3.8135,3.411,3.411,4.4538,4.4538,3.411,3.411,3.411,3.0284,3.0284,3.0284,3.0284,3.0284,2.6659,15.3102,17.8936,23.2738,26.4436,9.3227,8.6687,34.2735,118.16,33.7609,50.4237,216.84,
1997-10-01 00:00:00,2,6.6316,6.6316,6.115,6.115,5.6169,5.6169,5.1375,5.1375,5.1375,4.6769,4.6769,4.2355,4.2355,4.2355,3.8135,3.8135,3.8135,3.411,3.411,3.411,7.1666,21.6174,16.1512,7.7197,6.6316,6.115,6.115,5.6169,5.6169,5.1375,5.1375
1997-09-01 00:00:00,2,3.0284,3.0284,3.0284,3.0284,3.411,3.411,3.0284,3.0284,3.0284,3.0284,3.0284,3.0284,2.6659,2.6659,2.6659,2.6659,9.3227,7.1666,5.3748,5.1375,4.6769,4.6769,4.6769,39.5648,18.3417,17.4505,13.2967,10.3435,7.7197,7.1666,
1997-08-01 00:00:00,2,4.6769,4.2355,4.2355,4.2355,4.2355,4.2355,4.2355,4.2355,4.2355,4.2355,4.2355,4.2355,4.2355,4.2355,4.2355,4.2355,4.2355,4.2355,4.2355,4.2355,4.2355,4.2355,4.2355,4.2355,4.2355,3.6098,3.0284,3.0284,3.0284,3.0284,3.0284
1997-07-01 00:00:00,2,5.1375,5.1375,5.1375,5.1375,5.1375,5.1375,5.1375,5.1375,4.6769,4.6769,4.6769,4.6769,4.6769,4.6769,4.6769,4.6769,4.6769,4.6769,4.6769,4.6769,4.6769,4.6769,4.6769,4.6769,4.6769,4.6769,4.6769,4.6769,4.6769,4.6769,4.6769
1997-06-01 00:00:00,2,7.1666,6.115,6.115,6.115,6.115,44.0105,25.5217,13.2967,7.4409,6.8968,6.6316,6.6316,7.4409,6.6316,24.6128,17.4505,9.3227,7.7197,7.1666,7.1666,6.8968,6.6316,6.115,5.6169,5.6169,5.6169,5.6169,5.6169,5.6169,5.1375,
1997-05-01 00:00:00,2,11.4119,10.3435,9.6576,8.993,8.3498,7.7197,7.7197,7.7197,7.1666,7.1666,7.1666,6.6316,6.371,6.115,6.115,9.9979,7.7197,7.1666,7.1666,6.6316,6.115,6.115,6.115,6.115,9.9979,19.7159,10.6944,8.993,8.3498,7.7197,7.1666
1997-04-01 00:00:00,2,51.0236,337.449,48.6406,30.2587,26.4436,23.2738,21.6174,19.7159,18.7948,17.8936,17.0124,14.8973,14.4895,14.0868,12.9094,12.5273,11.7785,11.7785,11.0505,11.0505,52.8402,28.3259,16.5793,37.9461,18.3417,17.4505,17.4505,31.2439,16.5793,12.5273,
1997-03-01 00:00:00,2,64.9381,117.244,40.1103,21.1346,40.1103,75.2905,34.7891,22.834,20.1839,16.5793,14.8973,25.5217,21.1346,17.8936,21.9645,85.461,41.2101,164.442,37.9461,28.3259,22.3976,18.3417,16.5793,15.7282,14.8973,14.0868,14.0868,14.0868,14.4895,32.7449,42.3216
1997-02-01 00:00:00,2,34.2735,30.2587,26.9094,24.1632,21.9645,19.2529,17.8936,16.5793,15.7282,14.8973,14.0868,13.2967,12.5273,11.7785,11.0505,11.0505,10.3435,14.4895,25.9811,20.1839,19.2529,14.8973,14.0868,13.6892,13.2967,16.1512,25.0656,21.9645,,,
1997-01-01 00:00:00,2,24.6128,27.3784,48.6406,67.1033,81.4866,164.442,202.898,97.8475,120,91.9813,130.33,63.5109,45.1509,164.442,51.0236,30.7497,21.6174,72.2685,192.693,56.5724,32.2415,26.9094,23.2738,19.7159,67.8315,69.2976,223.954,64.2229,83.8619,42.8816,38.4827
1996-12-01 00:00:00,2,12.1503,11.7785,59.3081,26.9094,22.3976,15.7282,11.0505,11.0505,129.376,81.4866,46.883,155.096,42.3216,26.9094,23.2738,21.9645,19.7159,19.2529,33.2513,19.7159,17.8936,85.461,85.461,93.6421,70.0355,68.563,60.0004,25.5217,20.6568,44.5793,38.4827
1996-11-01 00:00:00,2,5.8636,14.0868,7.1666,81.4866,20.6568,13.2967,6.8968,5.6169,4.4538,4.2355,3.8135,3.8135,3.8135,3.8135,3.8135,47.466,8.993,107.365,56.5724,62.8023,143.981,94.4771,184.906,59.3081,31.7411,25.0656,18.3417,15.7282,13.2967,12.5273,
1996-10-01 00:00:00,2,2.6659,2.6659,3.0284,4.4538,4.6769,5.3748,4.4538,3.8135,12.5273,8.3498,4.9048,4.6769,4.6769,4.2355,4.2355,7.1666,5.3748,4.9048,4.4538,4.2355,3.8135,4.9048,7.1666,4.6769,3.8135,3.411,3.0284,6.371,6.371,4.9048,4.0221
1996-09-01 00:00:00,2,2.3239,2.6659,2.6659,2.6659,2.6659,33.7609,12.9094,6.371,4.6769,3.8135,3.8135,3.8135,3.8135,3.411,3.411,3.411,3.0284,3.0284,3.0284,2.6659,2.6659,2.6659,2.6659,17.0124,6.371,3.8135,6.115,4.0221,3.411,3.0284,
1996-08-01 00:00:00,2,2.3239,2.3239,2.3239,2.3239,2.3239,2.3239,2.3239,2.3239,2.3239,2.3239,2.3239,12.5273,37.9461,7.1666,5.1375,4.6769,4.2355,4.2355,4.0221,3.8135,3.411,3.0284,2.6659,2.6659,2.6659,2.6659,2.6659,2.8446,2.6659,2.6659,2.8446
1996-07-01 00:00:00,2,3.2172,3.0284,3.0284,3.0284,3.0284,3.0284,3.0284,2.6659,2.6659,2.6659,2.6659,2.6659,2.6659,2.6659,2.6659,2.6659,2.6659,2.6659,2.6659,2.6659,2.6659,2.6659,2.6659,2.6659,2.6659,2.6659,2.6659,2.6659,2.4923,2.3239,2.3239
1996-06-01 00:00:00,2,3.8135,3.8135,3.8135,3.8135,3.8135,3.8135,3.8135,3.8135,3.8135,3.8135,3.8135,3.8135,3.411,3.411,3.411,3.411,3.411,3.411,3.411,3.0284,3.0284,3.0284,3.0284,3.0284,3.0284,3.0284,3.0284,3.0284,3.0284,3.0284,
1996-05-01 00:00:00,2,4.6769,4.6769,4.2355,4.2355,4.2355,4.2355,3.8135,3.8135,3.8135,3.8135,3.8135,3.8135,3.8135,3.8135,3.8135,3.8135,4.6769,4.2355,8.993,6.115,4.9048,4.2355,12.9094,19.2529,8.3498,5.1375,4.6769,4.6769,4.2355,4.0221,4.6769
1996-04-01 00:00:00,2,5.8636,5.1375,4.6769,4.6769,4.6769,4.6769,4.6769,4.6769,4.6769,4.6769,4.6769,4.6769,29.7708,12.9094,9.9979,12.5273,26.9094,28.8044,7.7197,5.6169,5.6169,5.6169,5.1375,5.1375,5.1375,4.6769,4.6769,4.6769,4.6769,4.6769,
1996-03-01 00:00:00,2,6.115,6.115,19.7159,7.4409,21.9645,33.2513,8.3498,7.4409,16.1512,30.7497,85.461,32.2415,39.0223,14.4895,12.5273,11.7785,11.0505,39.0223,20.6568,12.9094,8.6687,7.1666,23.7168,16.5793,10.3435,8.6687,7.7197,7.1666,7.1666,6.6316,6.115
1996-02-01 00:00:00,2,18.7948,5.1375,14.8973,21.6174,7.4409,23.2738,29.286,21.1346,7.1666,5.6169,5.6169,6.371,5.1375,4.6769,4.6769,4.2355,4.2355,3.8135,3.8135,3.8135,3.6098,13.2967,21.6174,7.7197,5.6169,15.3102,7.1666,6.6316,6.6316,,
1996-01-01 00:00:00,2,139.041,102.129,55.9232,41.2101,17.4505,16.5793,17.4505,16.1512,23.7168,72.2685,37.9461,29.7708,23.2738,16.1512,14.8973,14.0868,11.0505,10.3435,10.3435,10.3435,9.6576,8.993,8.3498,7.7197,7.1666,6.6316,5.6169,5.1375,5.1375,5.1375,4.2355
1995-12-01 00:00:00,2,12.1503,7.7197,12.9094,32.7449,21.6174,22.3976,14.4895,32.7449,26.4436,18.3417,29.7708,47.466,55.9232,66.3783,64.9381,25.5217,34.2735,30.7497,26.4436,24.6128,21.1346,18.3417,35.3077,23.2738,49.8265,33.7609,35.3077,115.421,66.3783,72.2685,49.2322
1995-11-01 00:00:00,2,73.7731,33.7609,91.1555,102.129,46.883,12.9094,7.1666,5.1375,5.1375,4.6769,4.6769,21.1346,38.4827,6.371,5.1375,44.5793,34.7891,70.0355,55.9232,17.4505,6.371,2.6659,6.6316,19.7159,44.0105,9.6576,8.6687,8.3498,17.8936,11.7785,
1995-10-01 00:00:00,2,4.9048,3.2172,3.0284,3.0284,3.0284,3.0284,1.85,1.85,1.85,35.3077,4.2355,3.8135,25.9811,7.1666,5.3748,5.1375,4.6769,4.0221,3.8135,3.8135,3.8135,6.371,3.8135,3.0284,3.2172,2.6659,2.6659,2.6659,3.6098,3.0284,24.1632
1995-09-01 00:00:00,2,2.3239,2.3239,2.3239,2.3239,2.3239,2.3239,2.3239,2.0027,2.0027,2.0027,2.0027,2.0027,2.0027,2.0027,2.0027,2.0027,2.0027,2.0027,9.3227,6.8968,6.115,6.115,6.115,6.115,5.6169,5.6169,4.2355,3.411,3.0284,3.0284,
1995-08-01 00:00:00,2,3.0284,3.0284,3.0284,2.6659,2.6659,2.6659,2.6659,2.6659,2.6659,2.6659,2.6659,2.6659,2.6659,2.6659,2.6659,2.6659,2.6659,2.6659,2.6659,2.6659,2.6659,2.6659,2.6659,2.3239,2.3239,2.3239,2.3239,2.3239,2.3239,2.3239,2.3239
1995-07-01 00:00:00,2,3.8135,3.8135,3.8135,3.8135,3.8135,3.8135,3.8135,3.8135,3.8135,3.8135,3.8135,3.8135,3.411,3.411,3.411,3.411,3.411,3.411,3.411,3.411,3.411,3.411,3.411,3.0284,3.0284,3.0284,3.0284,3.0284,3.0284,3.0284,3.0284
1995-06-01 00:00:00,2,5.1375,5.1375,4.6769,4.6769,4.6769,4.6769,4.6769,4.6769,4.6769,4.6769,4.2355,4.2355,4.2355,4.2355,4.2355,4.2355,4.2355,4.2355,4.2355,4.2355,4.2355,4.2355,4.2355,4.2355,4.2355,4.2355,4.2355,4.2355,4.2355,4.2355,
1995-05-01 00:00:00,2,6.115,6.115,6.115,5.6169,5.6169,5.6169,8.3498,6.115,8.993,6.6316,21.6174,15.3102,7.7197,7.1666,6.6316,6.6316,6.6316,6.115,6.115,6.115,5.6169,5.6169,5.6169,6.8968,6.115,6.115,6.115,5.6169,5.1375,5.1375,5.1375
1995-04-01 00:00:00,2,37.4124,23.7168,53.4513,14.4895,11.7785,9.6576,8.993,8.993,8.3498,8.3498,7.7197,7.7197,7.7197,7.7197,7.1666,7.1666,7.1666,6.6316,6.6316,6.6316,6.6316,6.6316,6.6316,21.1346,8.3498,7.7197,7.7197,7.1666,7.1666,6.6316,
1995-03-01 00:00:00,2,8.993,8.6687,7.7197,7.7197,7.1666,22.3976,16.5793,8.3498,7.7197,7.1666,7.1666,6.115,6.6316,7.4409,43.4446,41.7644,14.4895,14.0868,13.2967,13.2967,12.5273,35.3077,22.834,19.7159,41.2101,32.2415,24.6128,18.3417,13.6892,11.0505,57.9336
1995-02-01 00:00:00,2,37.4124,17.0124,70.0355,41.2101,26.9094,13.6892,17.4505,28.3259,50.4237,49.8265,97.8475,57.9336,28.3259,28.8044,55.9232,29.286,22.834,19.7159,16.5793,14.8973,14.4895,14.0868,12.9094,12.5273,11.7785,11.0505,10.3435,9.3227,,,
1995-01-01 00:00:00,2,13.2967,13.2967,12.5273,62.8023,43.4446,19.7159,14.4895,25.5217,30.7497,21.9645,19.2529,55.9232,28.3259,14.0868,14.0868,13.2967,14.0868,12.5273,11.7785,12.1503,8.993,8.993,8.3498,10.6944,18.7948,13.6892,11.0505,26.4436,20.6568,25.9811,27.8505
1994-12-01 00:00:00,2,12.9094,15.3102,8.993,7.7197,55.9232,37.4124,27.8505,37.4124,26.4436,14.4895,9.9979,8.3498,7.7197,6.6316,7.1666,55.9232,31.2439,48.0519,24.6128,32.2415,12.9094,54.6817,40.1103,32.7449,66.3783,85.461,35.3077,25.5217,18.3417,14.8973,14.0868
1994-11-01 00:00:00,2,4.2355,4.0221,3.8135,5.6169,3.6098,3.2172,3.0284,2.8446,2.6659,2.6659,2.6659,4.0221,4.0221,4.6769,82.2752,41.2101,16.5793,7.4409,36.8817,55.9232,26.4436,12.5273,41.7644,30.7497,22.3976,21.6174,35.8294,35.3077,60.0004,32.7449,
1994-10-01 00:00:00,2,2.3239,2.3239,2.3239,2.1607,2.3239,2.3239,14.8973,26.4436,3.8135,4.2355,3.8135,3.411,3.0284,3.0284,3.0284,6.6316,4.2355,3.411,3.411,3.0284,3.2172,3.0284,3.0284,3.0284,3.0284,2.6659,5.3748,6.371,7.1666,8.993,4.9048
1994-09-01 00:00:00,2,3.2172,3.411,3.411,3.411,3.411,3.411,3.411,3.411,3.411,3.411,3.411,3.411,3.0284,3.0284,3.0284,3.2172,3.0284,3.0284,3.0284,3.0284,2.6659,2.6659,2.6659,2.6659,2.6659,2.6659,2.6659,2.6659,2.6659,2.6659,
1994-08-01 00:00:00,2,4.6769,4.6769,4.6769,4.6769,4.6769,4.6769,4.6769,4.6769,4.6769,4.2355,4.2355,4.2355,4.2355,4.2355,4.2355,4.2355,4.2355,4.2355,4.2355,4.2355,4.2355,4.2355,4.2355,3.8135,3.8135,3.8135,3.8135,3.8135,3.8135,3.8135,3.8135
1994-07-01 00:00:00,2,5.6169,5.6169,5.6169,5.6169,5.6169,5.6169,5.6169,5.6169,5.6169,5.1375,5.1375,5.1375,5.1375,5.1375,5.1375,5.1375,5.1375,5.1375,5.1375,5.1375,5.1375,5.1375,5.1375,5.1375,5.1375,5.1375,4.6769,4.6769,4.6769,4.6769,4.6769
1994-06-01 00:00:00,2,9.9979,7.1666,6.6316,6.6316,6.6316,6.6316,6.6316,6.6316,6.6316,6.6316,6.6316,6.6316,6.6316,6.115,6.115,6.115,6.115,6.115,6.115,6.115,6.115,6.115,6.115,6.115,6.115,6.115,6.115,6.115,6.115,6.115,
1994-05-01 00:00:00,2,11.7785,11.0505,10.6944,10.3435,10.3435,9.6576,9.6576,9.6576,9.6576,9.6576,9.6576,9.6576,9.6576,9.6576,9.6576,52.8402,66.3783,23.7168,16.5793,16.5793,15.7282,15.7282,21.6174,17.0124,16.1512,14.8973,14.0868,14.0868,20.6568,13.2967,12.5273
1994-04-01 00:00:00,2,28.3259,28.3259,27.3784,27.3784,25.5217,24.6128,23.7168,28.3259,21.9645,21.1346,20.1839,19.2529,18.3417,18.3417,19.2529,20.6568,18.7948,17.4505,17.4505,35.8294,17.4505,14.8973,14.0868,14.0868,13.2967,13.2967,12.5273,12.5273,12.5273,11.7785,
1994-03-01 00:00:00,2,19.2529,13.2967,105.608,102.994,208.661,620.603,226.346,62.8023,250.84,120,77.5904,95.3151,56.5724,40.1103,37.4124,36.3541,45.1509,150.001,63.5109,48.6406,43.4446,41.2101,45.1509,44.5793,59.3081,41.7644,36.3541,32.7449,31.2439,30.2587,29.286
1994-02-01 00:00:00,2,20.1839,16.5793,14.8973,14.4895,14.0868,14.0868,14.0868,14.0868,13.2967,13.2967,13.2967,13.2967,12.5273,12.5273,12.5273,12.5273,12.5273,12.5273,11.7785,11.7785,11.0505,11.0505,11.0505,11.0505,59.3081,15.3102,13.6892,11.7785,,,
1994-01-01 00:00:00,2,24.6128,43.4446,124.652,57.9336,257.125,269.885,125.591,134.173,77.5904,55.9232,104.733,106.485,110.916,107.365,152.031,122.782,54.0651,63.5109,64.9381,77.5904,90.3328,66.3783,100.407,58.6192,50.4237,54.0651,40.6587,32.7449,24.6128,22.834,21.9645
1993-12-01 00:00:00,2,24.1632,19.7159,8.0362,89.5131,22.3976,27.3784,24.1632,10.3435,8.0362,13.6892,9.3227,27.3784,19.2529,34.7891,11.4119,9.9979,8.993,24.6128,45.1509,15.7282,74.5302,120.925,47.466,83.8619,52.8402,36.3541,59.3081,37.4124,42.3216,38.4827,28.8044
1993-11-01 00:00:00,2,4.2355,3.8135,3.8135,3.411,17.8936,5.1375,49.8265,46.883,19.2529,7.7197,5.1375,4.6769,4.6769,4.2355,4.2355,4.2355,3.8135,3.8135,11.0505,22.3976,16.1512,9.3227,7.1666,4.6769,15.7282,30.7497,35.3077,20.1839,6.371,6.115,
1993-10-01 00:00:00,2,5.3748,5.1375,6.8968,9.9979,5.1375,5.1375,5.1375,5.1375,5.1375,4.6769,4.6769,4.2355,4.2355,3.8135,3.8135,3.8135,3.8135,3.8135,6.371,4.6769,4.6769,4.2355,4.2355,4.2355,6.6316,6.115,17.0124,5.3748,5.1375,4.6769,4.2355
1993-09-01 00:00:00,2,3.1714,3.1714,3.1714,3.1714,3.1714,3.1714,3.1714,3.1714,3.1714,3.1714,3.1714,3.1714,3.1714,3.1714,3.1714,3.1714,3.1714,3.1714,3.1714,3.1714,3.1714,3.1714,3.1714,20.0723,8.2285,8.2285,5.7087,5.4528,49.8265,8.993,
1993-08-01 00:00:00,2,4.4787,4.4787,4.0221,4.0221,4.0221,4.0221,4.0221,4.0221,4.0221,4.0221,4.0221,4.0221,4.0221,4.0221,4.4787,4.4787,4.4787,4.4787,4.4787,4.4787,4.4787,4.4787,4.4787,4.4787,4.4787,4.0221,4.0221,4.0221,4.0221,4.0221,4.0221
1993-07-01 00:00:00,2,4.9557,4.9557,4.9557,4.9557,4.9557,4.9557,4.9557,4.9557,4.9557,4.9557,4.9557,4.4787,4.4787,4.4787,4.4787,4.4787,4.4787,4.4787,4.4787,4.4787,4.4787,4.4787,4.4787,4.4787,4.4787,4.9557,4.4787,4.4787,4.4787,4.4787,4.4787
1993-06-01 00:00:00,2,6.5058,6.5058,6.5058,6.5058,6.5058,13.2503,7.9297,8.2285,7.0612,7.0612,6.5058,6.5058,6.5058,6.5058,6.5058,5.9696,5.9696,5.9696,5.4528,5.4528,5.4528,5.4528,5.4528,5.4528,5.4528,5.4528,5.4528,5.4528,5.4528,5.4528,
1993-05-01 00:00:00,2,10.7829,10.1173,10.1173,10.1173,10.4479,10.1173,9.4696,9.4696,8.8399,8.8399,8.2285,8.2285,7.6355,7.6355,7.6355,7.346,7.0612,7.0612,7.0612,7.0612,7.0612,7.0612,7.0612,7.0612,7.0612,7.0612,7.0612,7.0612,6.5058,6.5058,6.5058
1993-04-01 00:00:00,2,12.1668,19.6517,42.3044,32.6646,19.6517,17.1366,15.9269,15.1412,14.3722,18.8208,169.731,85.461,31.1518,22.6668,20.0723,19.2346,18.4105,18.4105,17.548,16.7292,12.1668,12.1668,12.1668,12.1668,24.4627,18.8208,12.5237,11.4661,10.7829,10.7829,
1993-03-01 00:00:00,2,130.33,71.7232,29.1778,21.7886,20.9237,19.6517,17.9635,16.326,15.9269,15.9269,15.1412,15.1412,15.1412,22.226,15.9269,15.1412,24.0088,59.7621,17.1366,15.1412,13.994,13.62,12.8848,12.1668,12.1668,13.2503,12.5237,12.1668,12.1668,12.1668,12.1668
1993-02-01 00:00:00,2,16.7292,15.9269,15.1412,54.0991,38.4427,71.0369,107.365,45.1487,28.6921,27.2537,26.3106,24.4627,31.653,77.5904,164.442,57.8505,31.1518,35.7717,32.6646,26.3106,29.1778,23.5582,77.5904,169.731,57.8505,35.2463,63.6561,114.514,,,
1993-01-01 00:00:00,2,17.9635,17.1366,19.2346,23.1108,20.0723,24.4627,20.4963,24.0088,20.4963,32.1573,22.226,18.4105,15.9269,15.532,17.1366,14.3722,14.3722,26.7805,60.4045,59.1222,45.1487,114.514,42.8676,26.3106,31.1518,19.6517,18.4105,17.548,17.548,16.7292,16.7292
1992-12-01 00:00:00,2,17.548,19.6517,24.9198,20.0723,23.5582,20.4963,19.6517,24.0088,20.0723,24.4627,73.797,97.8475,54.7176,37.3654,20.9237,24.9198,47.4747,107.365,44.0025,25.8438,21.7886,180.516,30.1587,26.7805,24.0088,22.6668,28.6921,48.6544,26.3106,20.9237,19.2346
1992-11-01 00:00:00,2,102.129,197.202,120,202.898,124.652,169.731,330.415,134.173,51.047,36.8312,34.2046,34.2046,32.1573,29.1778,25.3802,24.0088,23.1108,22.6668,57.2186,191.572,34.2046,23.5582,20.0723,20.0723,19.2346,19.2346,17.9635,17.548,17.548,17.548,
1992-10-01 00:00:00,2,5.4528,7.0612,34.2046,51.047,8.8399,60.4045,13.994,66.9726,20.0723,77.5904,13.2503,8.8399,34.2046,20.0723,9.1525,8.8399,8.2285,7.6355,7.6355,7.6355,7.6355,10.4479,8.2285,8.2285,8.2285,13.994,15.9269,29.1778,24.4627,29.1778,57.2186
1992-09-01 00:00:00,2,4.4787,4.4787,4.4787,4.4787,4.4787,4.4787,4.4787,6.7811,5.2018,4.4787,4.0221,3.5862,3.5862,3.5862,3.5862,3.5862,10.4479,6.2353,10.1173,12.1668,6.7811,5.4528,5.4528,5.2018,4.4787,4.9557,4.9557,4.9557,7.346,5.4528,
1992-08-01 00:00:00,2,5.4528,5.4528,5.4528,5.4528,5.4528,5.4528,5.4528,5.4528,5.4528,5.4528,5.4528,5.4528,5.4528,4.9557,4.9557,4.9557,4.9557,4.9557,4.9557,4.9557,4.4787,4.4787,3.8015,3.8015,3.8015,3.8015,3.8015,3.8015,3.8015,3.8015,3.8015
1992-07-01 00:00:00,2,6.5058,6.5058,6.5058,6.5058,6.5058,6.5058,6.5058,6.5058,6.5058,6.5058,6.5058,6.5058,6.5058,6.5058,5.9696,5.9696,5.9696,5.9696,5.9696,5.9696,5.9696,5.9696,5.9696,5.9696,5.9696,5.9696,5.9696,5.9696,5.9696,5.2018,5.2018
1992-06-01 00:00:00,2,8.2285,8.2285,8.2285,8.2285,8.2285,8.2285,8.2285,7.9297,7.6355,7.6355,7.6355,7.6355,7.6355,7.6355,7.6355,7.6355,7.346,7.0612,7.0612,6.7811,6.5058,6.5058,6.5058,6.5058,6.5058,6.5058,6.5058,6.5058,6.5058,6.5058,
1992-05-01 00:00:00,2,10.7829,10.7829,10.7829,10.4479,10.1173,10.1173,10.1173,10.1173,10.1173,10.1173,10.1173,9.4696,9.4696,9.4696,9.4696,9.4696,8.8399,8.8399,8.8399,8.8399,8.8399,8.8399,8.8399,8.8399,8.8399,8.8399,8.8399,8.8399,8.8399,8.8399,8.8399
1992-04-01 00:00:00,2,14.3722,14.3722,14.3722,17.1366,15.532,14.7546,14.3722,13.62,13.62,15.1412,14.3722,14.3722,14.3722,14.3722,14.3722,22.226,34.2046,15.532,14.3722,14.3722,14.3722,14.3722,14.3722,14.3722,63.6561,31.653,15.9269,11.4661,11.1223,10.7829,
1992-03-01 00:00:00,2,276.361,148.991,38.9857,30.6537,25.8438,24.4627,23.5582,28.6921,25.3802,24.0088,23.1108,22.6668,21.3545,20.4963,20.0723,19.2346,17.548,19.2346,17.1366,15.9269,15.9269,15.9269,15.532,15.1412,15.1412,21.3545,16.7292,15.532,15.1412,14.7546,14.3722
1992-02-01 00:00:00,2,219.201,202.898,232.372,415.715,330.415,474.278,120,282.9,159.222,108.249,85.461,68.9933,70.3532,62.3477,46.3061,38.4427,32.1573,28.2095,26.7805,26.3106,25.8438,24.4627,24.4627,24.4627,24.4627,24.4627,24.4627,26.7805,41.1867,,
1992-01-01 00:00:00,2,70.3532,29.6667,20.0723,28.6921,71.0369,51.652,24.4627,32.1573,26.7805,24.4627,23.5582,44.0025,39.5316,43.4336,69.672,51.652,163.393,106.485,124.652,57.2186,36.3,72.4119,164.442,157.154,89.5131,80.7011,64.3143,35.7717,52.8701,100.407,296.165
1991-12-01 00:00:00,2,6.2353,16.7292,5.9696,6.2353,6.2353,6.2353,6.7811,33.1749,21.7886,34.724,17.1366,24.0088,43.4336,24.0088,31.653,23.5582,22.6668,23.1108,29.1778,15.532,12.5237,66.9726,26.7805,38.9857,20.4963,17.9635,15.532,13.994,12.1668,26.7805,31.653
1991-11-01 00:00:00,2,3.1714,3.1714,3.5862,23.1108,6.2353,5.9696,5.9696,7.0612,9.7912,6.7811,27.2537,20.9237,10.1173,81.4866,40.6321,22.6668,17.9635,122.782,6.7811,6.7811,10.7829,11.4661,6.2353,6.2353,6.2353,5.9696,5.9696,6.2353,8.2285,7.9297,
1991-10-01 00:00:00,2,5.9696,5.2018,40.0804,25.3802,9.7912,4.9557,10.1173,20.0723,10.1173,7.0612,5.4528,5.4528,5.4528,4.2479,5.2018,4.4787,5.7087,7.346,4.9557,4.9557,5.4528,4.4787,4.0221,4.0221,4.0221,3.8015,3.5862,3.5862,3.5862,3.3762,3.1714
1991-09-01 00:00:00,2,2.0584,2.0584,2.0584,2.0584,2.0584,2.0584,2.0584,2.0584,2.0584,2.0584,2.0584,2.0584,2.0584,2.0584,2.0584,2.0584,8.5319,3.5862,3.5862,3.5862,3.5862,3.5862,3.5862,3.5862,3.5862,3.5862,3.5862,3.5862,15.1412,17.9635,
1991-08-01 00:00:00,2,3.1714,3.1714,3.1714,3.1714,3.1714,3.1714,3.1714,3.1714,3.1714,2.7782,2.7782,2.7782,2.7782,2.7782,2.7782,2.7782,2.407,2.407,2.407,2.407,2.407,2.407,2.407,2.407,2.407,2.407,2.407,2.407,2.407,2.0584,2.0584
1991-07-01 00:00:00,2,4.0221,4.0221,4.0221,3.5862,3.5862,3.5862,3.5862,3.5862,3.5862,3.5862,3.5862,3.5862,3.5862,3.5862,3.5862,3.5862,3.5862,3.5862,3.1714,3.1714,3.1714,3.1714,3.1714,3.1714,3.1714,3.1714,3.1714,3.1714,3.1714,3.1714,3.1714
1991-06-01 00:00:00,2,5.9696,5.4528,5.4528,5.4528,5.4528,4.9557,4.9557,4.9557,4.9557,4.9557,4.9557,4.9557,4.9557,4.4787,4.4787,4.4787,4.4787,4.4787,4.4787,4.4787,4.0221,4.0221,4.0221,4.0221,4.0221,4.0221,4.0221,4.0221,4.0221,4.0221,
1991-05-01 00:00:00,2,10.7829,10.4479,10.1173,9.4696,9.1525,9.1525,9.1525,8.5319,8.5319,8.2285,7.9297,7.9297,7.9297,7.9297,7.346,9.1525,10.1173,7.9297,7.346,7.9297,7.6355,7.346,7.0612,6.7811,6.5058,6.5058,6.5058,5.9696,5.9696,5.9696,5.9696
1991-04-01 00:00:00,2,117.244,87.0726,56.5893,41.7441,35.7717,29.6667,27.2537,24.9198,29.6667,22.226,20.9237,18.4105,17.1366,16.7292,16.326,15.9269,15.1412,15.1412,16.326,17.1366,20.4963,15.1412,12.5237,11.8143,11.1223,11.8143,19.6517,13.2503,11.4661,11.1223,
1991-03-01 00:00:00,2,34.2046,23.5582,19.6517,36.8312,34.724,52.8701,56.5893,35.2463,27.73,24.0088,21.3545,24.9198,25.3802,20.9237,20.4963,17.9635,17.9635,14.7546,14.3722,19.6517,16.326,16.7292,64.3143,40.0804,26.3106,43.4336,52.8701,33.6882,28.2095,96.1562,147.983
1991-02-01 00:00:00,2,44.5742,44.5742,35.7717,25.3802,21.3545,20.9237,18.8208,19.6517,25.3802,16.7292,18.8208,14.3722,12.8848,11.8143,41.1867,61.6973,54.0991,40.6321,89.5131,45.1487,32.1573,24.9198,31.1518,29.6667,26.7805,20.9237,19.6517,42.8676,,,
1991-01-01 00:00:00,2,24.4627,24.4627,139.041,115.421,124.652,81.4866,51.047,63.6561,29.1778,51.047,24.4627,51.047,62.3477,497.26,61.0496,29.1778,35.7717,39.5316,24.4627,43.4336,24.4627,360.367,56.5893,31.653,24.4627,37.3654,29.6667,24.4627,41.7441,31.653,31.653
1990-12-01 00:00:00,2,45.1487,17.548,12.5237,13.62,8.8399,8.2285,8.2285,7.6355,66.3042,22.6668,11.4661,8.8399,8.8399,8.2285,8.2285,77.5904,29.1778,16.326,10.1173,10.1173,29.1778,20.0723,11.4661,8.8399,8.8399,8.2285,8.2285,8.2285,8.2285,97.8475,73.797
1990-11-01 00:00:00,2,31.653,19.2346,17.9635,28.6921,15.9269,13.994,12.1668,12.1668,12.1668,13.62,14.3722,12.1668,10.7829,10.7829,10.7829,10.7829,34.2046,39.5316,16.7292,15.9269,15.1412,14.7546,14.3722,14.3722,13.994,13.2503,12.1668,12.1668,8.8399,8.2285,
1990-10-01 00:00:00,2,2.9721,2.9721,28.6921,4.4787,6.5058,5.7087,3.5862,3.5862,3.1714,3.1714,3.1714,6.2353,3.3762,3.3762,3.5862,3.5862,3.5862,6.7811,3.5862,3.5862,3.5862,15.532,120,29.1778,16.7292,11.4661,22.226,10.1173,5.9696,5.4528,5.4528
1990-09-01 00:00:00,2,2.7782,7.6355,5.7087,4.0221,3.1714,3.1714,19.6517,9.4696,36.8312,15.9269,8.8399,6.5058,5.9696,11.4661,7.346,3.8015,3.5862,7.0612,4.2479,4.2479,4.2479,7.6355,3.1714,2.9721,2.9721,2.9721,2.9721,2.9721,2.9721,2.9721,
1990-08-01 00:00:00,2,3.3762,2.5899,2.5899,2.0584,3.3762,3.3762,3.3762,3.3762,3.3762,3.3762,3.3762,3.3762,3.3762,3.1714,3.1714,3.1714,3.1714,3.1714,3.1714,3.1714,3.1714,3.1714,3.1714,3.1714,3.1714,3.1714,3.1714,3.1714,2.7782,2.7782,2.7782
1990-07-01 00:00:00,2,1.7329,1.7329,1.7329,1.7329,1.7329,15.9269,7.6355,10.4479,4.4787,3.5862,17.9635,12.1668,10.1173,29.1778,16.326,12.8848,12.1668,8.8399,8.8399,7.9297,5.9696,5.9696,5.4528,5.4528,4.7147,4.4787,4.4787,4.2479,4.2479,3.5862,3.5862
1990-06-01 00:00:00,2,2.407,2.2299,2.2299,2.2299,2.2299,2.2299,2.2299,2.2299,6.2353,2.5899,2.5899,2.5899,2.407,2.407,2.407,2.407,2.2299,2.2299,2.0584,2.0584,2.0584,2.0584,1.8927,1.8927,1.7329,1.7329,1.7329,1.7329,1.7329,1.7329,
1990-05-01 00:00:00,2,10.4479,8.8399,8.2285,8.2285,7.6355,7.6355,7.346,7.346,6.5058,6.2353,5.9696,5.4528,5.4528,4.0221,3.5862,2.9721,2.5899,2.5899,2.5899,2.5899,2.5899,2.407,2.407,2.407,2.407,2.407,2.407,2.407,2.407,2.407,2.407
1990-04-01 00:00:00,2,8.2285,7.346,7.0612,5.9696,5.9696,5.9696,5.9696,5.9696,5.9696,31.653,11.4661,11.4661,8.8399,8.8399,8.8399,8.2285,7.9297,7.6355,23.5582,16.326,20.0723,12.1668,11.4661,11.4661,11.4661,11.4661,10.4479,8.8399,18.4105,15.9269,
1990-03-01 00:00:00,2,45.1487,24.4627,15.1412,13.994,68.9933,21.7886,14.7546,12.1668,11.4661,11.4661,11.1223,10.7829,10.7829,10.4479,42.3044,21.7886,12.8848,12.1668,11.4661,11.1223,10.4479,10.4479,10.4479,10.4479,10.4479,10.4479,10.1173,10.4479,13.994,8.8399,8.8399
1990-02-01 00:00:00,2,16.326,16.326,15.532,14.7546,12.1668,12.1668,11.4661,11.4661,10.7829,10.7829,11.4661,12.8848,14.7546,29.6667,24.0088,14.7546,11.8143,11.4661,12.1668,11.4661,10.7829,10.7829,29.1778,33.6882,12.1668,31.653,42.3044,106.485,,,
1990-01-01 00:00:00,2,93.6421,59.7621,92.8102,128.426,244.62,143.981,91.1555,69.672,56.5893,48.0632,50.4447,48.6544,36.8312,31.653,29.1778,27.73,26.3106,24.0088,22.6668,20.4963,20.0723,19.2346,17.9635,17.9635,17.9635,17.9635,17.9635,15.532,13.994,13.994,13.2503
1989-12-01 00:00:00,2,11.0505,11.0505,28.3259,20.1839,13.6892,35.8294,55.9232,66.3783,19.7159,23.7168,55.9232,49.2322,23.7168,49.8265,474.278,42.3044,24.4627,36.8312,31.653,34.2046,20.0723,22.226,42.3044,22.6668,20.9237,45.1487,28.2095,66.9726,54.0991,42.3044,60.4045
1989-11-01 00:00:00,2,4.9492,4.9492,4.9492,23.7168,7.4254,6.2693,35.8294,23.7168,26.4436,46.883,22.5975,16.5793,28.3259,23.7168,33.2513,17.0124,11.4119,7.7281,7.7281,31.2439,11.4119,17.0124,23.2738,12.9094,11.0505,16.5793,19.7159,12.1503,11.0505,11.0505,
1989-10-01 00:00:00,2,1.7,1.7,1.7,1.5486,1.5486,1.5486,1.5486,1.5486,2.5505,1.7,1.5486,1.7,49.8265,33.7609,15.7282,21.6174,8.993,6.2693,6.2693,5.4604,28.3259,15.7282,6.55,6.2693,17.8936,8.3498,5.9941,5.7244,5.7244,4.9492,4.9492
1989-09-01 00:00:00,2,23.7168,17.8936,8.993,4.4607,2.739,4.7021,2.1918,1.8577,1.8577,1.8577,30.7497,17.4505,23.2738,17.0124,6.55,2.9336,2.739,2.5505,2.3681,2.3681,1.8577,20.6568,13.2967,6.2693,3.7711,2.1918,2.0216,1.8577,1.8577,1.8577,
1989-08-01 00:00:00,2,2.0216,2.0216,1.8577,1.8577,1.8577,1.8577,11.0505,5.202,4.4607,4.4607,4.2251,3.9952,2.739,2.5505,2.3681,2.0216,1.7,1.5486,1.5486,1.5486,1.5486,1.5486,1.5486,1.5486,1.5486,3.5529,2.0216,2.0216,1.7,1.7,1.7
1989-07-01 00:00:00,2,2.5505,2.5505,2.5505,2.3681,2.3681,2.3681,2.3681,2.3681,2.3681,2.3681,2.3681,2.3681,2.3681,2.3681,2.3681,2.1918,2.1918,2.1918,2.1918,2.1918,2.1918,2.1918,2.0216,2.0216,2.0216,2.0216,2.0216,2.0216,2.0216,2.0216,2.0216
1989-06-01 00:00:00,2,2.1918,2.1918,2.0216,2.0216,2.0216,15.7282,7.7281,7.7281,7.1281,6.55,4.9492,4.9492,4.4607,4.4607,4.2251,3.7711,3.7711,3.5529,3.1341,3.1341,2.739,2.739,2.739,2.739,2.739,2.739,2.739,2.5505,2.5505,2.5505,
1989-05-01 00:00:00,2,4.7021,4.7021,4.7021,4.7021,4.7021,4.7021,4.4607,4.4607,4.2251,4.2251,3.9952,3.9952,3.7711,3.7711,3.7711,3.3405,3.3405,3.3405,3.1341,3.1341,2.739,2.739,2.739,2.5505,2.5505,2.5505,2.3681,2.3681,2.1918,2.1918,2.1918
1989-04-01 00:00:00,2,5.9941,5.7244,5.4604,5.7244,5.7244,5.202,5.202,5.202,5.202,5.202,5.7244,5.7244,5.9941,6.2693,5.202,5.202,4.9492,4.7021,4.7021,5.202,4.4607,4.4607,12.1503,4.9492,4.7021,4.7021,4.7021,4.7021,4.7021,4.7021,
1989-03-01 00:00:00,2,115.421,49.8265,9.3227,7.7281,7.7281,23.7168,44.0105,14.8973,13.2967,73.7731,77.5904,66.3783,23.7168,52.8402,35.8294,91.9813,180.516,23.7168,10.3435,9.6576,8.993,8.6687,8.3498,7.7281,7.4254,6.8363,6.8363,6.55,6.2693,5.9941,6.2693
1989-02-01 00:00:00,2,25.0656,25.9811,29.286,24.1632,26.9094,40.6587,34.7891,27.3784,83.8619,76.054,43.4446,37.9461,76.054,67.1033,71.521,64.2229,57.9336,60.6959,73.7731,75.2905,106.485,27.3784,17.0124,11.7785,12.5273,55.9232,19.2529,11.4119,,,
1989-01-01 00:00:00,2,64.9381,75.2905,86.2652,97.8475,45.7254,42.8816,43.4446,48.0519,73.0192,92.8102,76.8206,52.8402,125.591,66.3783,126.533,81.4866,57.2514,76.054,79.1394,51.0236,48.0519,45.7254,37.9461,36.3541,34.7891,32.7449,30.2587,27.3784,26.9094,25.9811,25.0656
1988-12-01 00:00:00,2,7.1281,6.8363,311.045,21.6174,13.2967,11.0505,9.3227,26.4436,9.6576,8.3498,33.7609,59.3081,14.8973,14.8973,11.4119,16.1512,17.4505,14.4895,9.3227,26.9094,49.8265,12.5273,16.5793,7.7281,7.7281,164.442,35.8294,52.2319,70.0355,51.6264,55.3011
1988-11-01 00:00:00,2,7.7281,7.7281,14.8973,11.0505,11.0505,9.3227,7.7281,23.7168,19.7159,20.1839,15.3102,28.3259,10.6944,5.202,4.9492,35.8294,17.4505,7.7281,23.7168,52.8402,33.2513,44.0105,14.4895,11.0505,49.8265,42.3216,19.2529,9.3227,7.1281,7.1281,
1988-10-01 00:00:00,2,17.8936,11.0505,11.0505,35.8294,18.3417,10.6944,7.7281,28.3259,13.2967,11.4119,10.3435,21.6174,13.2967,9.6576,7.7281,7.7281,7.7281,7.4254,7.4254,6.8363,6.8363,39.0223,23.7168,17.4505,14.8973,19.2529,28.3259,21.6174,12.9094,7.7281,7.7281
1988-09-01 00:00:00,2,2.3681,2.3681,2.3681,2.3681,2.3681,2.3681,2.3681,2.1918,2.1918,2.1918,2.1918,2.1918,2.1918,2.1918,2.1918,2.0216,2.0216,2.0216,2.0216,2.0216,2.0216,2.0216,2.1918,2.1918,2.1918,2.1918,2.1918,2.1918,49.8265,23.7168,
1988-08-01 00:00:00,2,2.9336,2.9336,2.739,2.739,2.739,2.739,2.5505,2.5505,2.5505,2.5505,2.5505,2.5505,2.5505,2.5505,2.5505,2.3681,2.3681,2.3681,2.3681,2.3681,2.3681,2.3681,2.3681,2.3681,2.3681,2.3681,2.3681,2.3681,2.3681,2.3681,2.3681
1988-07-01 00:00:00,2,2.1918,2.1918,2.1918,2.1918,2.0216,2.0216,2.0216,2.0216,2.0216,2.0216,2.0216,2.0216,2.0216,2.0216,2.0216,2.0216,2.0216,2.0216,2.0216,2.0216,3.5529,3.5529,3.5529,3.5529,3.3405,3.3405,3.3405,3.1341,3.1341,3.1341,3.1341
1988-06-01 00:00:00,2,2.3681,2.3681,2.3681,2.3681,2.3681,2.3681,2.3681,2.3681,2.3681,2.3681,2.3681,2.3681,2.3681,2.3681,2.3681,2.3681,2.3681,2.1918,2.1918,2.1918,2.1918,2.1918,2.1918,2.1918,2.1918,2.1918,2.1918,2.1918,2.1918,2.1918,
1988-05-01 00:00:00,2,4.9492,4.4607,4.4607,4.2251,4.2251,3.9952,3.9952,3.7711,3.5529,3.5529,3.5529,3.5529,3.3405,3.3405,3.3405,3.1341,2.9336,2.739,2.5505,2.5505,2.3681,2.3681,2.3681,2.3681,2.3681,2.3681,2.3681,2.3681,2.3681,2.3681,2.3681
1988-04-01 00:00:00,2,14.8973,19.7159,14.4895,17.0124,14.8973,14.4895,16.1512,13.6892,12.5273,12.1503,12.1503,15.3102,10.6944,11.0505,14.0868,55.3011,23.7168,19.2529,19.2529,14.8973,13.2967,11.7785,11.0505,9.3227,7.7281,6.2693,5.9941,5.7244,5.4604,5.202,
1988-03-01 00:00:00,2,31.7411,29.7708,25.9811,51.6264,61.3947,80.7011,60.0004,55.9232,42.8816,37.9461,33.2513,30.2587,29.7708,27.8505,26.9094,27.8505,27.8505,22.834,22.5975,21.6174,20.6568,19.7159,18.7948,18.3417,17.0124,16.5793,16.1512,15.3102,15.3102,16.5793,14.4895
1988-02-01 00:00:00,2,10.3435,9.9979,9.9979,97.8475,222.762,85.461,34.2735,42.8816,53.4513,128.426,64.9381,68.563,67.1033,62.0969,45.1509,52.8402,54.6817,140.023,142.987,73.0192,57.9336,52.8402,41.7644,55.9232,49.2322,38.4827,34.2735,30.2587,28.3259,,
1988-01-01 00:00:00,2,18.7948,18.3417,14.4895,27.3784,15.7282,32.2415,24.1632,22.5975,29.286,22.105,49.8265,68.563,42.8816,29.7708,24.6128,21.6174,20.1839,18.7948,17.0124,16.1512,15.3102,14.4895,13.6892,12.9094,12.5273,12.5273,12.5273,12.1503,11.7785,11.4119,11.0505
1987-12-01 00:00:00,2,22.105,19.2529,49.8265,23.7168,23.7168,21.6174,23.7168,85.461,26.9094,49.8265,154.072,180.516,73.7731,106.485,44.0105,49.8265,23.7168,35.8294,55.9232,41.2101,52.8402,36.3541,22.834,18.7948,20.1839,16.1512,16.1512,16.1512,14.8973,18.3417,17.4505
1987-11-01 00:00:00,2,8.3498,8.3498,7.1281,5.9941,5.4604,5.202,3.5529,3.5529,3.5529,59.3081,23.7168,23.7168,9.9979,49.8265,21.6174,11.0505,13.2967,8.993,17.0124,28.3259,35.8294,23.7168,23.7168,22.105,66.3783,35.8294,97.8475,21.6174,8.993,7.7281,
1987-10-01 00:00:00,2,5.9941,4.9492,4.7021,4.7021,3.9952,3.3405,2.9336,2.739,2.5505,8.993,8.6687,5.7244,2.739,2.5505,2.5505,2.5505,2.5505,2.5505,2.5505,2.3681,2.0216,32.7449,12.9094,7.7281,24.1632,20.1839,8.993,8.3498,8.3498,7.7281,8.993
1987-09-01 00:00:00,2,2.739,2.739,3.1341,3.1341,3.1341,3.3405,3.7711,4.2251,3.7711,3.7711,3.7711,3.5529,3.5529,3.3405,3.3405,3.1341,3.1341,3.1341,4.4607,5.202,28.3259,12.9094,7.7281,7.7281,7.7281,7.4254,7.1281,7.1281,6.8363,6.55,
1987-08-01 00:00:00,2,2.739,2.739,2.739,2.739,2.739,2.739,2.739,2.739,2.739,2.739,2.739,2.739,2.739,2.739,2.739,2.739,2.739,2.739,2.5505,2.3681,2.3681,2.3681,2.3681,2.3681,2.1918,2.1918,2.1918,2.739,2.739,2.739,2.739
1987-07-01 00:00:00,2,3.7711,3.7711,3.7711,3.5529,3.5529,3.5529,3.5529,3.3405,3.3405,3.3405,3.3405,3.1341,3.1341,3.1341,3.1341,3.1341,3.1341,3.1341,3.1341,2.739,2.739,4.4607,3.5529,3.1341,3.1341,3.1341,3.1341,3.1341,2.739,2.739,2.739
1987-06-01 00:00:00,2,4.4607,4.4607,4.4607,4.4607,4.4607,4.4607,4.4607,14.0868,11.4119,7.7281,7.4254,6.55,6.55,5.7244,4.9492,4.9492,20.1839,21.6174,12.9094,9.6576,5.9941,3.9952,3.7711,3.7711,3.7711,3.7711,6.8363,4.4607,3.9952,3.9952,
1987-05-01 00:00:00,2,14.0868,13.2967,13.2967,12.5273,12.5273,11.7785,11.7785,10.3435,10.3435,10.3435,9.6576,9.6576,8.993,7.7281,7.7281,7.1281,11.7785,7.1281,16.5793,11.0505,6.8363,5.4604,4.4607,4.4607,4.4607,4.4607,4.4607,4.4607,4.4607,4.4607,4.4607
1987-04-01 00:00:00,2,14.8973,23.7168,41.2101,55.9232,23.7168,19.2529,22.5975,22.5975,22.105,15.7282,15.7282,15.7282,15.7282,15.7282,20.1839,16.5793,15.7282,17.0124,14.8973,14.8973,43.4446,17.8936,41.2101,21.6174,16.5793,16.5793,15.7282,15.7282,14.4895,14.0868,
1987-03-01 00:00:00,2,5.9941,5.9941,5.9941,5.9941,5.9941,5.4604,5.4604,5.4604,5.4604,6.55,6.55,20.6568,5.9941,5.4604,5.4604,4.9492,4.9492,4.9492,11.0505,129.376,23.7168,35.8294,11.0505,4.9492,4.9492,4.9492,6.55,4.9492,4.9492,4.9492,4.9492
1987-02-01 00:00:00,2,23.7168,23.7168,30.7497,23.7168,23.7168,23.7168,41.2101,23.7168,23.7168,154.072,28.3259,23.7168,17.0124,9.3227,4.9492,4.9492,4.9492,4.9492,4.9492,4.9492,4.9492,4.4607,4.4607,4.4607,4.4607,4.4607,4.4607,3.9952,,,
1987-01-01 00:00:00,2,31.2439,25.9811,21.6174,15.7282,12.5273,10.3435,9.9979,9.6576,9.6576,9.6576,12.1503,13.2967,12.5273,19.2529,16.5793,11.0505,10.6944,14.8973,23.7168,41.2101,22.5975,17.4505,89.5131,52.2319,16.5793,70.0355,139.041,44.0105,23.7168,25.5217,23.7168
1986-12-01 00:00:00,2,108.249,20.1839,14.8973,11.4119,8.3498,7.7281,7.7281,10.3435,10.6944,75.2905,13.2967,66.3783,44.0105,17.8936,55.9232,66.3783,11.0505,6.8363,17.8936,19.7159,11.4119,21.1346,12.9094,18.3417,49.8265,63.5109,23.7168,59.3081,85.461,28.3259,34.7891
1986-11-01 00:00:00,2,5.9941,12.1503,7.1281,3.7711,7.4254,12.5273,19.2529,7.4254,5.4604,4.9492,8.0362,15.7282,12.9094,34.7891,15.7282,5.4604,4.9492,4.7021,4.4607,3.9952,3.9952,3.9952,3.5529,3.5529,3.5529,3.5529,3.1341,3.1341,3.1341,7.1281,
1986-10-01 00:00:00,2,5.7244,5.7244,5.4604,5.202,5.202,5.202,5.202,4.9492,4.9492,4.7021,4.7021,4.4607,4.2251,4.2251,4.2251,3.9952,3.7711,3.7711,3.7711,3.5529,3.5529,3.5529,3.5529,12.5273,6.55,7.1281,11.0505,4.9492,5.9941,5.202,4.9492
1986-09-01 00:00:00,2,3.9952,12.5273,10.3435,10.3435,9.6576,9.6576,8.993,8.993,8.3498,8.3498,7.7281,7.7281,7.7281,7.7281,7.7281,7.1281,7.1281,7.1281,7.1281,7.1281,7.1281,7.1281,6.8363,6.8363,6.55,6.55,6.55,6.2693,5.9941,5.7244,
1986-08-01 00:00:00,2,4.4607,4.4607,4.4607,4.4607,4.4607,4.4607,4.4607,4.2251,4.4607,4.4607,19.2529,4.9492,4.9492,4.9492,4.9492,4.4607,4.4607,3.9952,3.9952,3.9952,3.9952,3.9952,3.9952,3.9952,3.9952,3.9952,3.9952,3.9952,3.9952,3.9952,3.9952
1986-07-01 00:00:00,2,4.9492,4.9492,4.9492,4.9492,4.9492,4.9492,4.9492,4.9492,4.4607,4.4607,4.4607,4.4607,4.4607,4.4607,4.4607,4.4607,4.4607,4.4607,4.4607,4.4607,4.4607,4.4607,4.4607,17.0124,4.9492,4.9492,4.9492,4.4607,4.4607,4.4607,4.4607
1986-06-01 00:00:00,2,5.9941,5.9941,5.9941,5.9941,5.9941,5.9941,6.8363,5.9941,5.4604,5.4604,5.4604,5.4604,5.4604,5.4604,5.4604,5.4604,5.4604,5.4604,5.4604,5.4604,5.4604,5.4604,5.4604,4.9492,5.202,4.9492,4.9492,4.9492,4.9492,4.9492,
1986-05-01 00:00:00,2,8.3498,8.3498,8.3498,8.3498,8.3498,7.7281,7.7281,7.7281,12.9094,7.7281,7.1281,7.1281,6.55,6.55,6.55,23.7168,17.4505,8.0362,6.55,6.55,6.55,6.55,6.55,6.55,5.9941,5.9941,13.2967,28.3259,13.2967,8.3498,7.1281
1986-04-01 00:00:00,2,17.4505,17.4505,16.5793,16.5793,16.5793,16.5793,15.7282,15.7282,18.3417,17.4505,16.5793,16.5793,15.7282,14.4895,13.2967,10.6944,8.6687,7.1281,6.55,5.9941,5.9941,12.1503,11.0505,10.3435,9.3227,8.993,8.3498,8.3498,7.7281,7.7281,
1986-03-01 00:00:00,2,49.8265,180.516,23.7168,23.7168,23.7168,66.3783,129.376,49.8265,23.7168,22.834,22.834,21.1346,21.1346,20.6568,19.2529,18.3417,18.7948,35.8294,21.1346,19.2529,17.0124,16.5793,16.5793,28.3259,22.5975,19.2529,23.7168,23.7168,19.2529,18.3417,18.3417
1986-02-01 00:00:00,2,23.7168,43.4446,169.731,129.376,23.7168,23.7168,23.7168,23.7168,30.7497,87.883,106.485,23.7168,373.53,106.485,180.516,106.485,23.7168,23.7168,85.461,85.461,23.7168,23.7168,28.3259,28.3259,28.3259,23.7168,66.3783,23.7168,,,
1986-01-01 00:00:00,2,23.7168,23.7168,28.3259,41.2101,66.3783,25.9811,28.3259,33.2513,58.6192,25.5217,35.8294,208.661,180.516,66.3783,337.449,302.891,154.072,77.5904,23.7168,23.7168,23.7168,22.834,23.7168,23.7168,23.7168,129.376,23.7168,23.7168,23.7168,23.7168,23.7168
1985-12-01 00:00:00,2,21.1346,21.1346,45.1509,41.2101,45.7254,45.1509,39.5648,41.7644,47.466,43.4446,41.7644,36.3541,27.3784,26.9094,26.4436,25.0656,,,,,,,,,,,,,,,
1985-11-01 00:00:00,2,15.3102,11.4119,8.993,12.9094,16.5793,24.1632,8.0362,7.4254,7.1281,5.9941,5.9941,5.4604,5.4604,5.202,4.9492,4.9492,4.9492,4.9492,4.4607,4.4607,4.7021,4.4607,30.2587,11.0505,23.7168,14.8973,13.2967,99.5509,357.469,55.3011,
1985-10-01 00:00:00,2,5.4604,5.4604,5.4604,5.4604,5.4604,5.4604,5.4604,7.4254,4.9492,4.7021,4.4607,4.2251,3.9952,3.7711,3.7711,3.5529,3.5529,3.5529,3.5529,3.3405,3.3405,3.3405,3.1341,3.1341,25.9811,12.5273,7.4254,4.7021,4.4607,7.1281,13.6892
1985-09-01 00:00:00,2,2.739,2.739,2.739,2.739,2.739,2.739,23.7168,5.4604,4.4607,3.9952,3.5529,3.1341,2.739,2.5505,2.5505,2.5505,2.5505,2.3681,2.3681,2.3681,2.3681,2.3681,2.3681,52.8402,18.3417,5.9941,5.9941,5.4604,4.9492,4.9492,
1985-08-01 00:00:00,2,3.5529,3.5529,3.5529,3.5529,3.5529,3.3405,3.3405,3.3405,3.1341,3.1341,3.1341,3.1341,3.1341,3.1341,3.1341,3.1341,3.1341,3.1341,2.9336,2.9336,2.9336,2.9336,6.2693,3.5529,2.9336,2.9336,2.9336,2.9336,2.739,2.739,2.739
1985-07-01 00:00:00,2,3.9952,3.9952,3.9952,3.9952,3.9952,3.9952,3.9952,3.9952,3.9952,3.9952,3.9952,3.9952,3.9952,3.9952,3.9952,3.9952,3.9952,3.9952,3.5529,3.5529,3.5529,3.5529,3.5529,3.5529,3.5529,3.5529,3.5529,3.5529,3.5529,3.5529,3.5529
1985-06-01 00:00:00,2,5.4604,5.4604,5.4604,4.9492,4.9492,4.9492,4.9492,4.9492,4.9492,4.9492,4.9492,4.9492,4.9492,4.9492,4.9492,4.9492,4.4607,4.4607,4.4607,4.4607,4.4607,4.4607,4.4607,4.4607,4.4607,4.4607,4.4607,4.4607,4.4607,4.4607,
1985-05-01 00:00:00,2,8.993,8.3498,8.3498,11.0505,11.0505,10.3435,10.3435,9.6576,9.6576,8.6687,7.7281,9.9979,9.6576,8.993,7.7281,7.1281,7.1281,6.55,6.55,6.55,6.55,6.55,5.9941,5.9941,5.9941,5.9941,5.9941,5.9941,5.9941,5.9941,5.9941
1985-04-01 00:00:00,2,23.7168,19.2529,14.8973,14.8973,14.8973,14.8973,14.4895,14.4895,14.0868,14.0868,13.6892,14.0868,13.2967,12.5273,12.5273,12.5273,11.7785,11.7785,11.0505,11.0505,11.0505,11.0505,10.6944,10.3435,10.3435,9.9979,9.6576,9.3227,8.993,8.993,
1985-03-01 00:00:00,2,23.7168,20.6568,17.8936,19.2529,17.8936,14.8973,28.3259,18.7948,25.9811,23.7168,54.6817,114.514,110.916,37.4124,102.994,80.7011,62.8023,169.731,38.4827,28.3259,45.1509,33.2513,32.2415,28.3259,23.7168,19.2529,17.0124,40.1103,30.7497,61.3947,30.2587
1985-02-01 00:00:00,2,60.6959,50.4237,46.3028,39.0223,33.2513,31.7411,31.2439,29.7708,25.5217,33.7609,24.1632,21.6174,19.7159,18.7948,17.4505,17.0124,17.0124,15.7282,15.3102,13.6892,13.2967,13.2967,14.8973,22.105,17.0124,38.4827,57.9336,30.7497,,,
1985-01-01 00:00:00,2,22.5975,22.105,21.6174,21.1346,21.6174,22.105,26.4436,31.7411,23.2738,79.1394,25.5217,25.9811,22.834,23.7168,90.3328,70.7767,208.661,232.372,145.976,186.01,205.195,154.072,120.925,75.2905,154.072,253.346,133.208,111.811,96.1562,86.2652,73.7731
1984-12-01 00:00:00,2,35.8294,79.9187,48.6406,59.3081,64.9381,38.4827,81.4866,77.5904,113.61,81.4866,54.6817,46.883,60.0004,24.1632,23.7168,182.705,65.6566,44.0105,43.4446,37.4124,30.2587,29.286,28.8044,26.9094,23.7168,28.3259,25.0656,22.834,28.8044,24.6128,28.8044
1984-11-01 00:00:00,2,,,,,,,,,,,,,,,,,,,,,54.6817,64.2229,32.7449,,,,34.2735,54.6817,67.1033,69.2976,
1984-10-01 00:00:00,2,4.2563,5.4882,4.7336,4.7336,4.2563,4.2563,4.0255,3.8001,3.3654,3.3654,3.3654,7.4235,6.0165,5.2315,5.2315,5.2315,6.8462,10.5921,61.3947,183.804,,,,,,,,,,,
1984-09-01 00:00:00,2,14.9854,6.0165,4.7336,4.7336,4.7336,4.7336,4.7336,5.2315,53.2279,19.5478,9.9216,8.02,6.2882,5.2315,5.2315,4.2563,14.9854,10.9341,13.0789,14.21,21.7841,21.7841,8.02,6.2882,6.2882,5.7499,5.2315,4.7336,4.7336,4.2563,
1984-08-01 00:00:00,2,3.3654,3.3654,3.3654,3.3654,3.3654,3.3654,3.3654,3.3654,3.3654,3.3654,3.3654,3.3654,3.3654,3.3654,3.3654,3.3654,3.3654,3.3654,3.3654,3.3654,3.3654,4.2563,5.2315,3.8001,3.8001,4.7336,4.7336,4.7336,4.7336,27.0492,20.4303
1984-07-01 00:00:00,2,3.8001,3.8001,3.8001,3.8001,3.8001,3.8001,3.8001,3.8001,3.8001,3.8001,3.8001,3.8001,3.8001,3.8001,3.8001,4.0255,4.0255,4.0255,4.0255,4.0255,4.0255,3.8001,3.8001,3.8001,3.8001,3.8001,3.8001,3.8001,3.8001,3.8001,3.8001
1984-06-01 00:00:00,2,4.7336,4.7336,4.7336,4.7336,4.7336,4.7336,4.7336,4.7336,4.4923,4.4923,4.4923,4.4923,4.2563,4.2563,4.2563,4.2563,4.2563,4.2563,4.2563,4.2563,4.2563,4.2563,4.2563,4.2563,4.2563,4.0255,4.0255,4.0255,4.0255,4.0255,
1984-05-01 00:00:00,2,6.2882,8.3254,9.9216,11.6315,8.6354,8.02,8.02,7.4235,7.1324,6.8462,6.8462,6.8462,6.8462,6.2882,6.2882,6.2882,6.2882,5.7499,5.7499,5.7499,5.2315,5.2315,5.2315,5.2315,5.2315,5.2315,4.7336,4.7336,4.7336,4.7336,4.7336
1984-04-01 00:00:00,2,31.1684,43.0973,19.5478,56.5724,49.9678,48.0526,40.1137,17.4122,13.8287,11.9868,10.9341,9.9216,9.9216,9.9216,9.2693,9.2693,8.6354,8.02,8.02,8.02,7.4235,7.4235,7.4235,7.4235,6.8462,6.8462,6.8462,6.8462,6.2882,6.2882,
1984-03-01 00:00:00,2,6.8462,6.8462,6.2882,6.2882,6.2882,12.3464,14.21,9.9216,28.5657,37.2189,17.4122,16.5866,15.3794,16.9973,15.3794,9.9216,9.2693,9.2693,8.6354,8.6354,10.2546,9.5932,34.4139,54.5556,17.8312,11.9868,10.2546,9.2693,17.4122,31.7001,51.9137
1984-02-01 00:00:00,2,19.1126,19.1126,18.2542,18.2542,18.2542,17.4122,17.4122,16.5866,15.7776,15.7776,14.9854,19.1126,16.9973,14.9854,14.21,13.4516,12.3464,11.2806,10.9341,9.2693,9.2693,8.02,8.02,8.02,16.5866,12.7105,11.2806,8.6354,6.8462,,
1984-01-01 00:00:00,2,24.1191,29.0787,30.6404,19.9871,17.4122,15.3794,83.8619,139.041,51.9137,56.5724,32.7746,27.0492,21.7841,19.5478,19.1126,19.1126,18.2542,17.8312,17.4122,19.1126,24.1191,21.7841,27.5509,29.0787,38.3661,32.2355,21.3289,20.4303,19.9871,19.1126,19.1126
1983-12-01 00:00:00,2,19.5478,19.1126,17.4122,16.9973,31.7001,17.4122,79.9187,35.5251,24.1191,46.1684,34.4139,110.916,55.2245,37.7907,26.0571,18.2542,64.9381,42.4935,32.2355,27.5509,48.6876,33.8638,35.5251,62.8023,94.4771,66.3783,45.5472,35.5251,17.4122,13.4516,13.4516
1983-11-01 00:00:00,2,16.18,16.5866,20.4303,33.3174,19.9871,15.7776,14.9854,14.21,13.4516,18.2542,46.1684,209.821,64.9381,41.8933,77.5904,29.0787,41.8933,107.365,26.5512,21.7841,19.9871,19.9871,19.1126,19.1126,19.1126,19.1126,19.1126,19.1126,21.7841,21.3289,
1983-10-01 00:00:00,2,4.2563,4.2563,4.2563,4.2563,4.2563,4.2563,4.2563,4.2563,4.2563,4.7336,5.7499,69.2976,50.613,180.516,59.3081,32.7746,24.1191,62.8023,42.4935,36.6507,21.7841,18.2542,43.0973,55.8968,59.3081,36.0861,17.4122,15.3794,13.4516,11.2806,9.9216
1983-09-01 00:00:00,2,5.4882,5.2315,5.2315,5.2315,5.2315,5.2315,4.98,5.2315,7.4235,6.0165,6.0165,6.8462,6.0165,6.2882,6.2882,8.3254,14.21,8.3254,9.2693,8.02,7.4235,7.4235,6.2882,6.2882,5.7499,5.7499,5.4882,5.2315,5.2315,5.2315,
1983-08-01 00:00:00,2,7.4235,7.4235,7.4235,7.4235,7.4235,7.4235,7.4235,7.1324,7.1324,6.8462,6.8462,6.8462,6.8462,6.8462,6.2882,6.2882,6.2882,6.0165,6.2882,6.2882,6.2882,7.1324,6.2882,6.0165,6.0165,6.0165,6.0165,6.0165,5.4882,5.4882,5.4882
1983-07-01 00:00:00,2,9.9216,9.9216,9.5932,9.5932,9.5932,8.95,8.95,8.6354,8.6354,8.3254,8.3254,8.3254,8.3254,8.02,8.02,8.6354,8.6354,8.3254,8.95,11.6315,13.8287,9.9216,8.6354,8.3254,8.02,8.6354,8.3254,8.3254,8.02,8.02,8.02
1983-06-01 00:00:00,2,16.5866,14.9854,13.8287,13.0789,14.9854,14.9854,13.4516,13.0789,13.0789,12.3464,12.7105,11.6315,11.6315,10.9341,10.5921,10.9341,10.5921,11.6315,11.6315,11.9868,11.6315,10.9341,10.5921,10.2546,10.2546,10.2546,9.9216,9.9216,9.9216,9.9216,
1983-05-01 00:00:00,2,25.0804,24.5979,24.1191,23.6443,23.6443,23.1734,22.2432,21.7841,21.3289,20.8776,20.4303,19.9871,19.9871,19.5478,19.1126,18.2542,18.2542,17.4122,16.5866,16.18,16.5866,15.7776,15.7776,16.5866,16.5866,15.7776,16.5866,15.7776,20.4303,20.4303,16.18
1983-04-01 00:00:00,2,38.3661,30.6404,29.5956,28.5657,27.5509,25.5669,50.613,38.3661,29.5956,32.2355,43.0973,58.6192,113.61,48.0526,37.7907,32.2355,31.7001,31.7001,31.1684,30.6404,30.6404,30.1161,30.1161,29.0787,29.0787,27.5509,26.5512,26.0571,25.5669,25.0804,
1983-03-01 00:00:00,2,36.0861,32.2355,37.7907,30.1161,57.2514,73.7731,86.2652,83.8619,60.0004,51.9137,48.0526,46.793,48.0526,67.8315,46.793,43.0973,42.4935,43.7045,41.8933,53.2279,49.326,54.5556,46.793,49.326,41.2966,41.2966,37.7907,48.6876,46.793,48.0526,36.0861
1983-02-01 00:00:00,2,91.1555,164.442,772.782,474.278,192.693,120.925,154.072,117.244,114.514,172.938,868.502,597.182,163.393,125.591,92.8102,79.1394,69.2976,58.6192,55.8968,50.613,46.793,41.8933,40.1137,37.7907,46.793,41.2966,42.4935,48.0526,,,
1983-01-01 00:00:00,2,296.165,106.485,345.971,106.485,260.926,120,93.6421,81.4866,72.2685,68.563,54.5556,49.9678,41.8933,84.6599,66.3783,51.2617,44.3152,42.4935,98.6977,73.0192,60.6959,51.2617,67.1033,60.6959,77.5904,165.495,87.0726,67.8315,63.5109,62.0969,67.1033
1982-12-01 00:00:00,2,3.3654,3.3654,4.98,14.9854,17.4122,11.2806,9.2693,15.7776,22.2432,25.5669,18.2542,10.5921,6.2882,4.7336,97.0004,39.5276,35.5251,67.1033,31.7001,53.8901,24.5979,34.4139,41.2966,49.326,57.2514,51.2617,45.5472,39.5276,34.4139,89.5131,208.661
1982-11-01 00:00:00,2,4.2563,4.2563,4.2563,4.0255,3.8001,3.8001,4.2563,5.2315,5.7499,4.7336,4.7336,5.4882,6.8462,4.2563,21.7841,6.8462,14.21,34.4139,19.1126,55.8968,12.3464,9.5932,8.6354,8.02,7.4235,6.8462,4.7336,4.2563,3.3654,2.5624,
1982-10-01 00:00:00,2,3.8001,3.8001,3.8001,3.8001,3.8001,7.4235,5.4882,4.0255,3.8001,11.2806,37.2189,26.0571,8.6354,10.9341,8.02,6.0165,5.2315,4.7336,4.7336,6.8462,5.2315,8.95,18.6814,6.5647,4.98,4.7336,4.7336,4.4923,4.4923,4.4923,5.2315
1982-09-01 00:00:00,2,3.8001,3.8001,3.8001,3.8001,3.8001,3.8001,3.8001,3.8001,3.8001,3.8001,3.8001,3.8001,3.8001,3.8001,3.8001,3.8001,3.8001,3.8001,3.8001,3.8001,3.8001,3.8001,3.8001,3.8001,3.8001,3.8001,3.8001,3.8001,3.8001,3.8001,
1982-08-01 00:00:00,2,5.4882,5.4882,5.4882,5.4882,5.4882,5.2315,5.2315,5.2315,5.2315,5.2315,5.2315,5.2315,5.2315,5.2315,5.2315,5.2315,5.2315,5.2315,5.2315,5.2315,4.7336,4.7336,4.7336,4.7336,4.7336,4.7336,4.7336,4.7336,4.2563,4.2563,4.2563
1982-07-01 00:00:00,2,6.8462,6.8462,6.8462,6.8462,6.8462,6.8462,6.5647,6.5647,6.2882,6.2882,6.2882,6.2882,6.2882,6.2882,6.2882,6.2882,6.2882,6.2882,6.2882,6.2882,6.2882,6.2882,6.2882,6.2882,6.0165,6.0165,6.0165,6.0165,6.0165,5.7499,5.7499
1982-06-01 00:00:00,2,12.7105,11.6315,11.2806,10.5921,9.9216,9.2693,8.95,8.02,7.4235,7.1324,8.3254,8.02,8.02,7.4235,7.4235,7.1324,6.8462,6.8462,6.8462,6.8462,6.8462,6.8462,6.8462,6.8462,6.8462,6.8462,6.8462,6.8462,6.8462,6.8462,
1982-05-01 00:00:00,2,13.4516,13.4516,12.7105,12.3464,11.9868,11.2806,11.2806,11.2806,10.5921,10.5921,9.9216,9.9216,9.2693,9.2693,8.6354,8.02,8.02,8.02,7.4235,7.4235,13.8287,15.7776,10.2546,9.9216,13.0789,15.7776,13.4516,18.2542,15.7776,10.2546,13.8287
1982-04-01 00:00:00,2,44.3152,42.4935,31.1684,28.5657,28.0564,26.5512,23.6443,22.7063,21.7841,20.8776,20.4303,17.8312,18.6814,21.3289,21.7841,21.7841,21.7841,21.3289,20.4303,19.1126,18.6814,17.8312,16.9973,15.7776,15.7776,14.9854,14.21,14.21,14.21,14.21,
1982-03-01 00:00:00,2,22.834,20.6568,17.0124,120,39.5648,45.1509,19.2529,45.7254,87.883,105.608,97.0004,71.521,62.8023,55.2245,46.1684,43.7045,41.2966,35.5251,35.5251,50.613,43.7045,46.793,106.485,50.613,61.3947,48.0526,43.7045,46.793,48.0526,46.1684,46.1684
1982-02-01 00:00:00,2,,,,,,,,,,22.834,22.834,21.1346,20.1839,14.8973,14.8973,14.8973,14.0868,13.6892,12.9094,11.7785,11.0505,10.3435,8.993,7.7281,10.3435,31.2439,25.5217,51.0236,,,
1982-01-01 00:00:00,2,66.3783,55.9232,110.916,73.7731,46.883,81.4866,62.8023,44.0105,44.0105,44.0105,49.8265,46.883,124.652,73.7731,52.8402,48.6406,70.0355,44.0105,62.8023,73.7731,,,,,,,,,,,
1981-12-01 00:00:00,2,54.0651,54.6817,45.7254,40.6587,39.0223,35.3077,14.8973,33.2513,30.7497,238.464,55.9232,58.6192,17.4505,12.5273,35.3077,81.4866,126.533,100.407,70.0355,67.1033,62.8023,60.0004,55.9232,49.8265,46.883,42.8816,40.1103,38.4827,33.2513,33.2513,70.0355
1981-11-01 00:00:00,2,46.883,30.7497,21.5347,14.8973,57.2514,23.2738,12.5273,25.5217,59.3081,139.041,418.799,250.84,79.9187,226.346,91.9813,49.2322,42.8816,30.2587,46.883,35.8294,28.8044,23.2738,24.1632,97.0004,44.0105,65.6566,48.0519,33.2513,29.286,66.3783,
1981-10-01 00:00:00,2,3.9952,44.0105,14.8973,7.4254,5.4604,4.7021,4.4607,9.9979,6.8363,7.1281,25.5217,7.1281,60.0004,18.7948,63.5109,48.6406,34.7891,12.5273,7.7281,7.1281,5.9941,5.9941,5.4604,5.4604,6.55,5.9941,8.3498,11.0505,110.916,50.4237,22.834
1981-09-01 00:00:00,2,3.5529,3.1341,3.1341,3.1341,3.1341,3.1341,4.4607,3.9952,3.9952,3.9952,3.9952,3.5529,3.5529,3.5529,3.5529,3.5529,3.5529,3.5529,3.5529,5.9941,4.4607,3.5529,3.1341,3.1341,3.1341,3.1341,3.1341,3.1341,4.9492,3.7711,
1981-08-01 00:00:00,2,3.5529,3.5529,3.5529,3.5529,3.5529,3.5529,3.5529,3.5529,3.5529,3.5529,3.9952,3.9952,3.9952,3.9952,3.9952,3.9952,4.4607,4.9492,19.2529,8.0362,4.4607,4.2251,3.9952,3.9952,3.9952,3.9952,3.7711,3.7711,3.5529,3.5529,3.5529
1981-07-01 00:00:00,2,4.4607,4.4607,4.4607,4.4607,4.4607,4.4607,4.4607,4.4607,4.4607,4.4607,4.4607,4.4607,4.4607,4.4607,4.4607,4.4607,4.4607,4.2251,4.2251,4.2251,4.2251,3.9952,3.9952,3.9952,3.9952,3.9952,3.9952,3.9952,3.9952,3.7711,3.7711
1981-06-01 00:00:00,2,5.4604,5.4604,5.4604,4.9492,4.9492,4.9492,22.834,14.8973,8.3498,6.2693,5.9941,5.9941,5.9941,5.4604,5.4604,5.4604,5.4604,5.4604,5.4604,5.202,5.202,5.202,5.202,4.9492,4.9492,4.7021,4.7021,4.7021,4.7021,4.7021,
1981-05-01 00:00:00,2,10.3435,9.9979,8.993,8.3498,7.7281,7.1281,6.55,5.9941,5.9941,5.9941,5.9941,5.9941,5.9941,5.9941,5.9941,5.9941,5.9941,5.9941,5.9941,5.9941,5.9941,5.9941,5.9941,5.9941,5.9941,5.9941,5.9941,5.9941,6.8363,7.4254,5.9941
1981-04-01 00:00:00,2,35.8294,27.8505,22.3976,21.1346,20.6568,18.3417,18.3417,17.4505,14.8973,14.8973,13.2967,13.2967,12.9094,12.5273,11.7785,11.0505,10.6944,10.3435,9.6576,8.993,8.993,8.993,8.3498,7.7281,7.7281,7.7281,7.1281,7.1281,27.3784,11.0505,
1981-03-01 00:00:00,2,7.7281,7.7281,7.7281,7.7281,7.1281,7.1281,24.6128,106.485,27.8505,20.1839,14.0868,11.0505,8.0362,7.4254,6.55,6.55,6.55,5.9941,66.3783,225.149,57.2514,62.8023,23.7168,17.0124,11.4119,25.9811,395.898,132.246,109.135,81.4866,67.1033
1981-02-01 00:00:00,2,46.883,39.5648,28.3259,22.3976,14.4895,13.2967,12.1503,11.4119,10.6944,16.5793,33.7609,42.8816,31.7411,19.2529,16.1512,14.4895,13.2967,12.5273,11.7785,10.3435,9.6576,9.6576,9.6576,9.6576,9.6576,8.993,8.993,8.3498,,,
1981-01-01 00:00:00,2,48.0519,22.3976,30.7497,21.5347,17.8936,15.7282,13.2967,12.5273,12.1503,62.8023,45.7254,129.376,36.3541,69.2976,44.0105,30.2587,30.2587,27.3784,22.3976,17.8936,16.5793,29.7708,31.2439,49.2322,45.1509,36.3541,73.0192,24.1632,27.8505,21.1346,21.5347
1980-12-01 00:00:00,2,35.8294,134.173,55.3011,66.3783,30.7497,23.2738,17.0124,97.8475,25.9811,40.6587,25.0656,35.8294,41.7644,19.2529,17.4505,42.8816,44.0105,25.5217,23.2738,17.8936,17.0124,12.9094,11.4119,11.0505,13.2967,12.9094,23.7168,18.3417,26.4436,47.466,57.2514
1980-11-01 00:00:00,2,1.7,1.7,1.7,1.5486,1.4037,1.4037,1.4037,1.4037,34.2735,66.3783,25.0656,11.7785,77.5904,19.2529,11.7785,9.9979,8.3498,12.9094,8.993,7.7281,6.8363,77.5904,21.5347,19.2529,46.883,14.8973,66.3783,19.2529,10.6944,7.1281,
1980-10-01 00:00:00,2,2.3681,2.3681,2.3681,2.0216,2.0216,2.0216,2.0216,2.0216,2.0216,2.0216,11.0505,10.6944,21.5347,5.202,4.4607,3.9952,3.9952,3.5529,3.1341,3.1341,3.1341,2.739,2.5505,2.1918,1.8577,1.7,1.7,1.5486,1.4037,1.4037,1.4037
